Date-Time,Temperature,Electrical Conductivity,Specific Conductivity,Salinity,Total Dissolved Solids
2026-07-02 16:15:00,19.036930084228516,547.23486328125,625.57177734375,0.3016805946826935,355.70263671875
2026-07-02 16:30:00,18.379947662353516,549.9835205078125,638.78857421875,0.30783161520957947,357.4892883300781
2026-07-02 16:45:00,18.62668228149414,543.7353515625,627.753662109375,0.30251792073249817,353.427978515625
2026-07-02 17:00:00,18.662357330322266,543.7796630859375,627.2623291015625,0.3022962212562561,353.4567565917969
2026-07-02 17:15:00,18.64749526977539,543.1298828125,626.73846435546875,0.30202770233154297,353.034423828125
2026-07-02 17:30:00,18.55237197875977,543.222412109375,628.29345703125,0.3027397394180298,353.09454345703125
2026-07-02 17:45:00,18.498844146728516,543.44122314453125,629.36480712890625,0.30323731899261475,353.2367858886719
2026-07-02 18:00:00,18.45425796508789,542.774658203125,629.27520751953125,0.3031651973724365,352.80352783203125
2026-07-02 18:15:00,18.36209487915039,542.4931640625,630.36334228515625,0.3036462664604187,352.62054443359375
2026-07-02 18:30:00,18.579105377197266,542.40997314453125,626.94671630859375,0.3020891547203064,352.56646728515625
2026-07-02 18:45:00,18.41562271118164,542.19085693359375,629.19024658203125,0.30309897661209106,352.4240417480469
2026-07-02 19:00:00,18.51669692993164,542.52801513671875,628.0345458984375,0.3025895059108734,352.6431884765625
2026-07-02 19:15:00,18.51370620727539,540.29595947265625,625.49615478515625,0.30133065581321716,351.1923522949219
2026-07-02 19:30:00,18.56723403930664,539.1810302734375,623.39410400390625,0.3003227710723877,350.4676513671875
2026-07-02 19:45:00,18.56723403930664,538.90765380859375,623.07806396484375,0.3001662790775299,350.2899475097656
2026-07-02 20:00:00,18.31750869750977,538.56976318359375,626.48602294921875,0.30169835686683655,350.0703430175781
2026-07-02 20:15:00,18.38589859008789,537.6334228515625,624.35369873046875,0.3006858229637146,349.4617004394531
2026-07-02 20:30:00,18.35019302368164,536.09222412109375,623.10650634765625,0.3000461459159851,348.4599304199219
2026-07-02 20:45:00,18.21347427368164,535.80340576171875,624.8560791015625,0.3008255660533905,348.2721862792969
2026-07-02 21:00:00,18.13913345336914,536.96197509765625,627.349365234375,0.3020118176937103,349.0252685546875
2026-07-02 21:15:00,18.23132705688477,535.57037353515625,624.311279296875,0.3005673587322235,348.1207275390625
2026-07-02 21:30:00,17.913211822509766,533.6610107421875,626.968017578125,0.30167537927627563,346.879638671875
2026-07-02 21:45:00,17.996463775634766,534.0677490234375,626.15972900390625,0.3013303577899933,347.1440124511719
2026-07-02 22:00:00,17.880496978759766,533.38165283203125,627.14599609375,0.30174171924591064,346.69805908203125
2026-07-02 22:15:00,17.73483657836914,530.6923828125,626.23626708984375,0.30119410157203674,344.9500427246094
2026-07-02 22:30:00,17.69913101196289,530.50653076171875,626.57135009765625,0.3013356328010559,344.8292236328125
2026-07-02 22:45:00,17.74075698852539,531.10089111328125,626.62640380859375,0.30139103531837463,345.215576171875
2026-07-02 23:00:00,17.58615493774414,531.2589111328125,629.22308349609375,0.30256974697113037,345.3182678222656
2026-07-02 23:15:00,17.31253433227539,531.47833251953125,633.79638671875,0.30463898181915283,345.4609069824219
2026-07-02 23:30:00,17.077518463134766,530.26922607421875,636.0982666015625,0.30560630559921265,344.67498779296875
2026-07-02 23:45:00,17.125125885009766,532.00537109375,637.41644287109375,0.3062931299209595,345.803466796875
2026-07-03 00:00:00,17.041812896728516,530.5115966796875,636.9619140625,0.30600690841674805,344.83251953125
2026-07-03 00:15:00,16.863285064697266,530.96502685546875,640.388916015625,0.30756711959838867,345.12725830078125
2026-07-03 00:30:00,16.973392486572266,528.260986328125,635.35577392578125,0.30516207218170166,343.36962890625
2026-07-03 00:45:00,16.913883209228516,530.22320556640625,638.67578125,0.3067585229873657,344.64508056640625
2026-07-03 01:00:00,16.785892486572266,529.4005126953125,639.75604248046875,0.307195246219635,344.1103210449219
2026-07-03 01:15:00,16.87222671508789,528.91278076171875,637.769287109375,0.3062790036201477,343.7933044433594
2026-07-03 01:30:00,16.72043228149414,531.5911865234375,643.4722900390625,0.3089817464351654,345.5342712402344
2026-07-03 01:45:00,16.73532485961914,529.37054443359375,640.54180908203125,0.3075447678565979,344.0908508300781
2026-07-03 02:00:00,16.648990631103516,528.3123779296875,640.66693115234375,0.3075396716594696,343.4030456542969
2026-07-03 02:15:00,16.488224029541016,530.09716796875,645.473876953125,0.3097884953022003,344.5631408691406
2026-07-03 02:30:00,16.40781021118164,530.40997314453125,647.185546875,0.3105698823928833,344.7664794921875
2026-07-03 02:45:00,16.541812896728516,528.25079345703125,642.345458984375,0.30828508734703064,343.3630065917969
2026-07-03 03:00:00,16.458438873291016,529.781494140625,645.5811767578125,0.30981773138046265,344.35797119140625
2026-07-03 03:15:00,16.50906753540039,530.17498779296875,645.2247314453125,0.3096819818019867,344.6137390136719
2026-07-03 03:30:00,16.43759536743164,529.318603515625,645.361328125,0.3096923828125,344.05706787109375
2026-07-03 03:45:00,16.270816802978516,529.201904296875,647.986083984375,0.31085407733917236,343.9812316894531
2026-07-03 04:00:00,16.16055679321289,529.53955078125,650.24310302734375,0.3118780851364136,344.20068359375
2026-07-03 04:15:00,16.18143081665039,529.24505615234375,649.53179931640625,0.3115440607070923,344.00927734375
2026-07-03 04:30:00,16.09201431274414,529.6954345703125,651.58612060546875,0.31248432397842407,344.3020324707031
2026-07-03 04:45:00,16.29166030883789,528.66705322265625,646.98443603515625,0.31037622690200806,343.6335754394531
2026-07-03 05:00:00,16.136722564697266,528.39007568359375,649.2305908203125,0.31135809421539307,343.4535217285156
2026-07-03 05:15:00,16.202274322509766,527.4798583984375,647.017822265625,0.3103193938732147,342.8619079589844
2026-07-03 05:30:00,16.11587905883789,530.27099609375,651.89227294921875,0.31265559792518616,344.6761474609375
2026-07-03 05:45:00,16.03836441040039,528.3355712890625,650.8153076171875,0.31205838918685913,343.4181213378906
2026-07-03 06:00:00,16.205265045166016,527.92388916015625,647.51263427734375,0.3105662763118744,343.1505126953125
2026-07-03 06:15:00,16.136722564697266,529.18865966796875,650.2117919921875,0.31184279918670654,343.9726257324219
2026-07-03 06:30:00,15.96982192993164,526.90948486328125,650.21148681640625,0.3117021322250366,342.49114990234375
2026-07-03 06:45:00,16.00857925415039,529.025146484375,652.167236328125,0.3127009868621826,343.8663330078125
2026-07-03 07:00:00,16.264835357666016,525.27532958984375,643.27703857421875,0.3085230588912964,341.428955078125
2026-07-03 07:15:00,17.05374526977539,515.7503662109375,619.052490234375,0.2971680462360382,335.23773193359375
2026-07-03 07:30:00,17.351200103759766,510.7527465820313,608.49163818359375,0.2921658456325531,331.9892883300781
2026-07-03 07:45:00,17.922122955322266,455.38916015625,534.8931884765625,0.25631383061408997,296.0029296875
2026-07-03 08:00:00,19.10828018188477,380.2294921875,433.9162292480469,0.2076047509908676,247.1491546630859
2026-07-03 08:15:00,20.021427154541016,374.734375,418.4872131347656,0.20049694180488584,243.57733154296875
2026-07-03 08:30:00,20.655582427978516,277.0623474121094,304.8771057128906,0.14597748219966888,180.09051513671875
2026-07-03 08:45:00,20.917789459228516,297.5526123046875,325.4524841308594,0.15591201186180115,193.40919494628903
2026-07-03 09:00:00,21.04300308227539,325.2953796386719,354.77618408203125,0.1700483113527298,211.4419860839844
2026-07-03 09:15:00,21.069828033447266,347.34832763671875,378.59515380859375,0.18155325949192047,225.77639770507813
2026-07-03 09:30:00,21.00720596313477,354.6929931640625,387.1554565429687,0.1856728345155716,230.55043029785156
2026-07-03 09:45:00,20.90585708618164,349.70599365234375,382.6008605957031,0.1834338754415512,227.3088836669922
2026-07-03 10:00:00,20.82541275024414,337.8569641113281,370.32171630859375,0.17747201025485992,219.6070251464844
2026-07-03 10:15:00,20.76282119750977,325.1875915527344,356.9491882324219,0.1710004210472107,211.37193298339844
2026-07-03 10:30:00,20.730045318603516,314.0272216796875,344.9593811035156,0.1652173101902008,204.11769104003903
2026-07-03 10:45:00,20.66751480102539,304.6568298339844,335.14947509765625,0.16048164665699005,198.0269317626953
2026-07-03 11:00:00,20.581119537353516,298.6863098144531,329.2384948730469,0.1576153188943863,194.1460876464844
2026-07-03 11:15:00,20.52750015258789,295.458984375,326.08575439453125,0.1560850888490677,192.04833984375
2026-07-03 11:30:00,20.52453994750977,293.6943054199219,324.160400390625,0.15516114234924316,190.9012908935547
2026-07-03 11:45:00,20.59006118774414,295.6164245605469,325.78717041015625,0.155963197350502,192.15066528320313
2026-07-03 12:00:00,20.58707046508789,300.8917541503906,331.62384033203125,0.15876182913780212,195.5796356201172
2026-07-03 12:15:00,20.61984634399414,307.2351379394531,338.3584289550781,0.1620066612958908,199.7028350830078
2026-07-03 12:30:00,20.670475006103516,315.629638671875,347.19677734375,0.16627314686775208,205.1592559814453
2026-07-03 12:45:00,20.765811920166016,326.822021484375,358.718505859375,0.17185410857200625,212.4343109130859
2026-07-03 13:00:00,20.92074966430664,336.74609375,368.2958984375,0.17652687430381775,218.88494873046875
2026-07-03 13:15:00,20.97742080688477,348.15911865234375,380.2832336425781,0.18233780562877655,226.3034210205078
2026-07-03 13:30:00,21.08176040649414,359.73748779296875,391.9917297363281,0.1880403310060501,233.8293609619141
2026-07-03 13:45:00,21.22488784790039,370.0003662109375,401.8586730957031,0.1928723007440567,240.5002288818359
2026-07-03 14:00:00,21.12649917602539,378.4027404785156,411.9088439941406,0.1977163702249527,245.96177673339844
2026-07-03 14:15:00,21.25769424438477,389.1131591796875,422.3011474609375,0.20281322300434113,252.9235382080078
2026-07-03 14:30:00,21.356143951416016,398.7024230957031,431.7395629882813,0.2074411064386368,259.15655517578125
2026-07-03 14:45:00,21.47848892211914,407.6073913574219,440.1578369140625,0.21158555150032043,264.9447937011719
2026-07-03 15:00:00,21.53818130493164,415.27142333984375,447.8276672363281,0.21534745395183563,269.9264221191406
2026-07-03 15:15:00,21.56506729125977,422.4031372070313,455.2413330078125,0.21897642314434052,274.5620422363281
2026-07-03 15:30:00,21.65463638305664,430.63037109375,463.1692504882813,0.222881942987442,279.90972900390625
2026-07-03 15:45:00,21.693424224853516,437.2572326660156,469.8851623535156,0.22618047893047333,284.2171936035156
2026-07-03 16:00:00,21.72629165649414,442.7791442871094,475.4664611816406,0.2289239764213562,287.8064270019531
2026-07-03 16:15:00,21.74719619750977,449.1277465820313,482.0564575195313,0.23215940594673157,291.9330139160156
2026-07-03 16:30:00,21.72031021118164,454.7214050292969,488.356201171875,0.23523807525634768,295.56890869140625
2026-07-03 16:45:00,21.68747329711914,459.5216979980469,493.8773193359375,0.2379345744848251,298.6890869140625
2026-07-03 17:00:00,21.621768951416016,462.9706115722656,498.3230895996094,0.2400927692651749,300.9308776855469
2026-07-03 17:15:00,21.54117202758789,467.2869567871094,503.8869934082031,0.24279524385929108,303.73651123046875
2026-07-03 17:30:00,21.44565200805664,471.8935546875,509.9574279785156,0.2457420378923416,306.7308044433594
2026-07-03 17:45:00,21.36807632446289,474.4128112792969,513.5841064453125,0.24749520421028137,308.3683166503906
2026-07-03 18:00:00,21.20999526977539,477.7326354980469,519.0433349609375,0.25011855363845825,310.5262145996094
2026-07-03 18:15:00,21.108585357666016,481.3636169433594,524.201171875,0.25261572003364563,312.8863525390625
2026-07-03 18:30:00,20.989322662353516,484.1612548828125,528.689697265625,0.25477662682533264,314.7048034667969
2026-07-03 18:45:00,20.87903213500977,489.3013916015625,535.6573486328125,0.258161723613739,318.0458984375
2026-07-03 19:00:00,20.76282119750977,491.1634521484375,539.13616943359375,0.25982657074928284,319.2562255859375
2026-07-03 19:15:00,20.67346572875977,493.878662109375,543.23553466796875,0.2618081569671631,321.0211181640625
2026-07-03 19:30:00,20.57217788696289,496.5133056640625,547.4141845703125,0.26382365822792053,322.733642578125
2026-07-03 19:45:00,20.45303726196289,498.7388000488281,551.38885498046875,0.26573050022125244,324.1802062988281
2026-07-03 20:00:00,20.336917877197266,499.0994873046875,553.27923583984375,0.26661041378974915,324.4146423339844
2026-07-03 20:15:00,20.19699478149414,416.2371826171875,462.9297180175781,0.22221125662326813,270.5541687011719
2026-07-03 20:30:00,20.06009292602539,440.6481323242187,491.6510314941406,0.23619987070560455,286.4212646484375
2026-07-03 20:45:00,19.935123443603516,522.12982177734375,584.27471923828125,0.2817222774028778,339.3843688964844
2026-07-03 21:00:00,19.836917877197266,465.7093200683594,522.3443603515625,0.25115615129470825,302.7110595703125
2026-07-03 21:15:00,19.711978912353516,493.3393859863281,554.96771240234375,0.2671484649181366,320.67059326171875
2026-07-03 21:30:00,19.610843658447266,483.1463623046875,544.802978515625,0.2620926797389984,314.0451354980469
2026-07-03 21:45:00,19.545413970947266,505.6432800292969,571.0555419921875,0.2749984860420227,328.6681213378906
2026-07-03 22:00:00,19.45322036743164,509.9295654296875,577.1583251953125,0.27796313166618347,331.4541931152344
2026-07-03 22:15:00,19.36697769165039,511.4361267089844,580.05255126953125,0.27934694290161133,332.4334716796875
2026-07-03 22:30:00,19.26291275024414,512.0166015625,582.15380859375,0.28032928705215454,332.810791015625
2026-07-03 22:45:00,19.212345123291016,512.8482666015625,583.80426025390625,0.28111714124679565,333.3513488769531
2026-07-03 23:00:00,19.13205337524414,513.884765625,586.10919189453125,0.28221186995506287,334.02508544921875
2026-07-03 23:15:00,19.033939361572266,514.14935302734375,587.792236328125,0.2829892039299011,334.1970520019531
2026-07-03 23:30:00,18.95962905883789,515.21405029296875,590.0621337890625,0.2840689718723297,334.8891296386719
2026-07-03 23:45:00,18.89123916625977,516.22113037109375,592.1895751953125,0.28508132696151733,335.5437316894531
2026-07-04 00:00:00,18.78720474243164,516.71246337890625,594.24249267578125,0.2860361933708191,335.86309814453125
2026-07-04 00:15:00,18.727725982666016,517.33831787109375,595.818115234375,0.2867802679538727,336.2698974609375
2026-07-04 00:30:00,18.677188873291016,518.20001220703125,597.5408935546875,0.2876019775867462,336.8299865722656
2026-07-04 00:45:00,18.611820220947266,518.24981689453125,598.5457763671875,0.28806009888648987,336.86236572265625
2026-07-04 01:00:00,18.56723403930664,518.70220947265625,599.716796875,0.2886123061180115,337.15643310546875
2026-07-04 01:15:00,18.51370620727539,519.224609375,601.10205078125,0.28926482796669006,337.4959716796875
2026-07-04 01:30:00,18.427494049072266,519.4237060546875,602.59552001953125,0.2899509072303772,337.6253967285156
2026-07-04 01:45:00,18.356143951416016,519.3040771484375,603.50579833984375,0.2903572618961334,337.5476379394531
2026-07-04 02:00:00,18.287784576416016,519.87744140625,605.1817626953125,0.29114335775375366,337.9203186035156
2026-07-04 02:15:00,18.237247467041016,520.3515625,606.48291015625,0.29175499081611633,338.228515625
2026-07-04 02:30:00,18.17184829711914,520.3765869140625,607.4844970703125,0.29220902919769287,338.2447814941406
2026-07-04 02:45:00,18.11240005493164,520.52178955078125,608.5408935546875,0.292693555355072,338.3391418457031
2026-07-04 03:00:00,18.07077407836914,520.29718017578125,608.90057373046875,0.29284486174583435,338.1931457519531
2026-07-04 03:15:00,18.011295318603516,520.6015625,610.148681640625,0.2934235632419586,338.3909912109375
2026-07-04 03:30:00,17.954837799072266,520.56768798828125,610.95794677734375,0.29378706216812134,338.3689880371094
2026-07-04 03:45:00,17.91025161743164,514.971435546875,605.0548095703125,0.2908425033092499,334.7314147949219
2026-07-04 04:00:00,17.83591079711914,520.15325927734375,612.26617431640625,0.29435595870018005,338.099609375
2026-07-04 04:15:00,17.77347183227539,520.4437255859375,613.5550537109375,0.29495158791542053,338.2884216308594
2026-07-04 04:30:00,17.708072662353516,521.53594970703125,615.83978271484375,0.29603686928749084,338.99835205078125
2026-07-04 04:45:00,17.666446685791016,520.4093017578125,615.14434814453125,0.2956653833389282,338.2660217285156
2026-07-04 05:00:00,17.624820709228516,519.92401123046875,615.2064208984375,0.29566800594329834,337.9505920410156
2026-07-04 05:15:00,17.547489166259766,519.14349365234375,615.46551513671875,0.29574355483055115,337.4432678222656
2026-07-04 05:30:00,17.505863189697266,518.94317626953125,615.86627197265625,0.29591307044029236,337.31304931640625
2026-07-04 05:45:00,17.416629791259766,518.63787841796875,616.8758544921875,0.29635024070739746,337.1145935058594
2026-07-04 06:00:00,17.37796401977539,518.533447265625,617.34783935546875,0.2965565025806427,337.0467224121094
2026-07-04 06:15:00,17.33633804321289,518.5174560546875,617.971923828125,0.29683569073677063,337.0363464355469
2026-07-04 06:30:00,17.27981948852539,517.90765380859375,618.1195068359375,0.29686886072158813,336.63995361328125
2026-07-04 06:45:00,17.270877838134766,518.3616943359375,618.80010986328125,0.29719865322113037,336.9350891113281
2026-07-04 07:00:00,17.229251861572266,517.90631103515625,618.90234375,0.2972196638584137,336.63909912109375
2026-07-04 07:15:00,17.217350006103516,517.536865234375,618.6456298828125,0.2970844507217407,336.3989562988281
2026-07-04 07:30:00,17.16977310180664,517.4505615234375,619.28204345703125,0.29736483097076416,336.3428649902344
2026-07-04 07:45:00,17.148929595947266,519.16278076171875,621.6568603515625,0.29852259159088135,337.4557800292969
2026-07-04 08:00:00,17.17868423461914,517.74072265625,619.4906005859375,0.2974741458892822,336.5314636230469
2026-07-04 08:15:00,17.151920318603516,518.3955078125,620.69146728515625,0.2980479896068573,336.9570617675781
2026-07-04 08:30:00,17.148929595947266,518.83642578125,621.26611328125,0.298329621553421,337.24365234375
2026-07-04 08:45:00,17.172733306884766,519.64947509765625,621.867431640625,0.29864367842674255,337.77215576171875
2026-07-04 09:00:00,17.17868423461914,520.21185302734375,622.44732666015625,0.29893434047698975,338.1376953125
2026-07-04 09:15:00,17.23520278930664,521.2061767578125,622.752685546875,0.2991255521774292,338.78399658203125
2026-07-04 09:30:00,17.342288970947266,522.46771240234375,622.587158203125,0.29911959171295166,339.60400390625
2026-07-04 09:45:00,17.44638442993164,523.269775390625,621.9228515625,0.2988641560077667,340.1253356933594
2026-07-04 10:00:00,17.526676177978516,524.8037109375,622.49853515625,0.29920417070388794,341.1224060058594
2026-07-04 10:15:00,17.630741119384766,525.60760498046875,621.84014892578125,0.2989499866962433,341.6449279785156
2026-07-04 10:30:00,17.73483657836914,527.3443603515625,622.28546142578125,0.29924052953720093,342.7738342285156
2026-07-04 10:45:00,17.809146881103516,528.295166015625,622.2615966796875,0.29927846789360046,343.391845703125
2026-07-04 11:00:00,17.93698501586914,529.8245849609375,622.095947265625,0.29928112030029297,344.3859558105469
2026-07-04 11:15:00,18.085636138916016,531.9083251953125,622.26177978515625,0.29945993423461914,345.7403869628906
2026-07-04 11:30:00,18.23132705688477,533.11553955078125,621.44970703125,0.2991514205932617,346.52508544921875
2026-07-04 11:45:00,18.41562271118164,536.3896484375,622.4581298828125,0.29976606369018555,348.65325927734375
2026-07-04 12:00:00,18.58801651000977,538.62371826171875,622.43572998046875,0.2998609244823456,350.10540771484375
2026-07-04 12:15:00,18.76938247680664,541.41229248046875,622.91656494140625,0.300208181142807,351.91796875
2026-07-04 12:30:00,18.95962905883789,543.62261962890625,622.5977783203125,0.30016231536865234,353.35467529296875
2026-07-04 12:45:00,19.09042739868164,545.941650390625,623.29296875,0.30058225989341736,354.862060546875
2026-07-04 13:00:00,19.24209976196289,548.49114990234375,623.934814453125,0.30098649859428406,356.51922607421875
2026-07-04 13:15:00,19.414554595947266,551.07763671875,624.3050537109375,0.3012661337852478,358.200439453125
2026-07-04 13:30:00,19.56027603149414,551.17730712890625,622.2607421875,0.30033227801322937,358.2652282714844
2026-07-04 13:45:00,19.70901870727539,554.35968017578125,623.654296875,0.301102876663208,360.3337707519531
2026-07-04 14:00:00,19.87857437133789,556.0626220703125,623.07415771484375,0.3009043037891388,361.4407043457031
2026-07-04 14:15:00,20.027347564697266,558.86566162109375,624.03045654296875,0.3014552891254425,363.2626647949219
2026-07-04 14:30:00,20.155338287353516,560.03582763671875,623.4659423828125,0.3012399971485138,364.0232849121094
2026-07-04 14:45:00,20.29822158813477,561.89837646484375,623.45684814453125,0.3013065755367279,365.2339172363281
2026-07-04 15:00:00,20.348819732666016,562.41162109375,623.29150390625,0.30124935507774353,365.5675354003906
2026-07-04 15:15:00,20.42029190063477,563.215576171875,623.14593505859375,0.301211953163147,366.0901184082031
2026-07-04 15:30:00,20.500675201416016,564.5408935546875,623.4478759765625,0.3014006018638611,366.9515686035156
2026-07-04 15:45:00,20.581119537353516,566.31292724609375,624.240234375,0.3018323481082916,368.1033935546875
2026-07-04 16:00:00,20.60495376586914,566.8443603515625,624.4814453125,0.3019634187221527,368.4488220214844
2026-07-04 16:15:00,20.68240737915039,567.60675048828125,624.202880859375,0.30186164379119873,368.9443664550781
2026-07-04 16:30:00,20.736026763916016,567.00762939453125,622.7728271484375,0.3011767864227295,368.554931640625
2026-07-04 16:45:00,20.67346572875977,566.795166015625,623.4390869140625,0.3014782965183258,368.4168395996094
2026-07-04 17:00:00,20.637699127197266,566.065673828125,623.15155029296875,0.3013187050819397,367.9426879882813
2026-07-04 17:15:00,20.64368057250977,565.958984375,622.94793701171875,0.30122047662734985,367.8733215332031
2026-07-04 17:30:00,20.637699127197266,565.9765625,623.053466796875,0.3012700080871582,367.884765625
2026-07-04 17:45:00,20.581119537353516,565.83038330078125,623.70831298828125,0.30156829953193665,367.7897338867187
2026-07-04 18:00:00,20.500675201416016,565.22216796875,624.20025634765625,0.3017740249633789,367.3944091796875
2026-07-04 18:15:00,20.41135025024414,563.18096923828125,623.23712158203125,0.3012528717517853,366.067626953125
2026-07-04 18:30:00,20.31308364868164,562.5130615234375,623.92279052734375,0.301545113325119,365.6334838867187
2026-07-04 18:45:00,20.208927154541016,561.3043212890625,624.09619140625,0.3015795350074768,364.8478088378906
2026-07-04 19:00:00,20.089847564697266,560.28656005859375,624.7015380859375,0.3018200099468231,364.1862487792969
2026-07-04 19:15:00,19.99759292602539,559.5322265625,625.21099853515625,0.302025705575943,363.6959228515625
2026-07-04 19:30:00,19.87857437133789,558.47076416015625,625.77252197265625,0.3022427260875702,363.0059814453125
2026-07-04 19:45:00,19.76852798461914,557.802001953125,626.6458740234375,0.302618145942688,362.5712890625
2026-07-04 20:00:00,19.679264068603516,557.05364990234375,627.1258544921875,0.3028087019920349,362.0848693847656
2026-07-04 20:15:00,19.55136489868164,556.1177978515625,627.9710693359375,0.30315887928009033,361.4765625
2026-07-04 20:30:00,19.46512222290039,555.43682861328125,628.4874267578125,0.3033677339553833,361.033935546875
2026-07-04 20:45:00,19.34021377563477,560.29840087890625,635.875732421875,0.3069630265235901,364.1939392089844
2026-07-04 21:00:00,19.24802017211914,568.71014404296875,646.84332275390625,0.31235426664352417,369.6615905761719
2026-07-04 21:15:00,19.099369049072266,557.4954833984375,636.34735107421875,0.30705901980400085,362.3720397949219
2026-07-04 21:30:00,18.965579986572266,548.1640625,627.7091064453125,0.3026982247829437,356.306640625
2026-07-04 21:45:00,18.852603912353516,543.7420654296875,624.34161376953125,0.3009634017944336,353.4323425292969
2026-07-04 22:00:00,18.861515045166016,538.8885498046875,618.6357421875,0.2981429398059845,350.2775573730469
2026-07-04 22:15:00,18.82883071899414,535.1671142578125,614.84808349609375,0.2962488532066345,347.8586120605469
2026-07-04 22:30:00,19.13205337524414,507.43017578125,578.7474365234375,0.27857738733291626,329.82958984375
2026-07-04 22:45:00,19.84286880493164,465.9110107421875,522.497314453125,0.2512340545654297,302.8421325683594
2026-07-04 23:00:00,20.58707046508789,471.80712890625,519.9959716796875,0.25033411383628845,306.67462158203125
2026-07-04 23:15:00,21.25769424438477,421.5759582519531,457.5327453613281,0.21998649835586548,274.02435302734375
2026-07-04 23:30:00,21.588932037353516,386.1183776855469,415.9111022949219,0.19981911778450012,250.9769287109375
2026-07-04 23:45:00,21.741214752197266,388.75628662109375,417.31500244140625,0.20055201649665833,252.6915740966797
2026-07-05 00:00:00,21.78601455688477,385.6924743652344,413.6084289550781,0.19876477122306824,250.70010375976565
2026-07-05 00:15:00,21.780033111572266,365.51849365234375,392.0270690917969,0.18828895688056943,237.5870056152344
2026-07-05 00:30:00,21.705387115478516,411.423583984375,442.0044860839844,0.2125636637210846,267.4253234863281
2026-07-05 00:45:00,21.59192276000977,413.72515869140625,445.6178588867187,0.2142876833677292,268.9213562011719
2026-07-05 01:00:00,21.439701080322266,413.207763671875,446.5982666015625,0.2147132158279419,268.58502197265625
2026-07-05 01:15:00,21.27560806274414,409.8600769042969,444.6360473632813,0.21369799971580505,266.4090270996094
2026-07-05 01:30:00,21.111576080322266,403.2897033691406,439.1492614746094,0.21096408367156985,262.1383056640625
2026-07-05 01:45:00,20.941654205322266,442.4192810058594,483.6373901367187,0.2326370030641556,287.572509765625
2026-07-05 02:00:00,20.783695220947266,385.1908874511719,422.6097717285156,0.2027932107448578,250.3740692138672
2026-07-05 02:15:00,20.63174819946289,375.849853515625,413.80999755859375,0.19846107065677643,244.30239868164065
2026-07-05 02:30:00,20.488773345947266,367.1257934570313,405.5454406738281,0.19439685344696045,238.6317596435547
2026-07-05 02:45:00,20.351810455322266,361.525146484375,400.631591796875,0.19196294248104095,234.9913330078125
2026-07-05 03:00:00,20.21188735961914,349.6468505859375,388.7342224121094,0.18614894151687625,227.27044677734375
2026-07-05 03:15:00,20.101749420166016,353.16455078125,393.6574401855469,0.1884894818067551,229.55694580078125
2026-07-05 03:30:00,19.979740142822266,354.2505798339844,395.99896240234375,0.18957571685314176,230.2628631591797
2026-07-05 03:45:00,19.836917877197266,355.4831237792969,398.7135314941406,0.19083377718925476,231.06402587890625
2026-07-05 04:00:00,19.70602798461914,357.66265869140625,402.398681640625,0.19256608188152313,232.480712890625
2026-07-05 04:15:00,19.578128814697266,360.27215576171875,406.5631408691406,0.19453153014183044,234.17689514160156
2026-07-05 04:30:00,19.459171295166016,363.46783447265625,411.3290100097656,0.19679215550422668,236.25408935546875
2026-07-05 04:45:00,19.352115631103516,367.3121032714844,416.7397766113281,0.19937093555927277,238.7528533935547
2026-07-05 05:00:00,19.23910903930664,371.9059448242187,423.0909423828125,0.202404260635376,241.7388610839844
2026-07-05 05:15:00,19.12610244750977,377.8821716308594,431.0533752441406,0.20622146129608152,245.62339782714844
2026-07-05 05:30:00,19.01016616821289,382.7542114257813,437.8269348144531,0.2094612568616867,248.79022216796875
2026-07-05 05:45:00,18.90610122680664,389.466796875,446.621826171875,0.21369130909442904,253.1534118652344
2026-07-05 06:00:00,18.82583999633789,394.2464904785156,452.9784851074219,0.2167479544878006,256.2602233886719
2026-07-05 06:15:00,18.733707427978516,399.2013549804687,459.6933898925781,0.21997471153736117,259.4808654785156
2026-07-05 06:30:00,18.65341567993164,404.2911071777344,466.4600830078125,0.22323384881019592,262.7892150878906
2026-07-05 06:45:00,18.579105377197266,386.3544616699219,446.5693359375,0.21350950002670288,251.13038635253903
2026-07-05 07:00:00,18.51965713500977,392.087158203125,453.8503723144531,0.2170237302780151,254.8566436767578
2026-07-05 07:15:00,18.45129776000977,395.2092895507813,458.2257690429687,0.21912024915218353,256.8860168457031
2026-07-05 07:30:00,18.38589859008789,395.2967529296875,459.0581359863281,0.21949276328086853,256.94287109375
2026-07-05 07:45:00,18.33533096313477,400.0799255371094,465.1864929199219,0.2224527597427368,260.05194091796875
2026-07-05 08:00:00,18.30563735961914,403.1772155761719,469.1279602050781,0.2243587225675583,262.065185546875
2026-07-05 08:15:00,18.26697158813477,405.4647521972656,472.2358703613281,0.22585411369800568,263.5520935058594
2026-07-05 08:30:00,18.25210952758789,435.1604614257813,507.006103515625,0.2428347021341324,282.8542785644531
2026-07-05 08:45:00,18.25210952758789,437.8044128417969,510.0865783691406,0.24434278905391693,284.5728454589844
2026-07-05 09:00:00,18.31454849243164,441.1642761230469,513.2171630859375,0.2459101527929306,286.75677490234375
2026-07-05 09:15:00,18.379947662353516,444.6817626953125,516.48388671875,0.24754643440246585,289.0431213378906
2026-07-05 09:30:00,18.47507095336914,448.6828918457031,519.9248046875,0.2492847889661789,291.64385986328125
2026-07-05 09:45:00,18.58505630493164,451.0296936035156,521.2491455078125,0.2499934881925583,293.1692810058594
2026-07-05 10:00:00,18.683170318603516,454.2574157714844,523.7322998046875,0.25126391649246216,295.2673034667969
2026-07-05 10:15:00,18.76639175415039,457.1580505371094,526.01666259765625,0.2524290084838867,297.1527099609375
2026-07-05 10:30:00,18.81991958618164,450.2440490722656,517.39202880859375,0.24822582304477692,292.65863037109375
2026-07-05 10:45:00,18.95663833618164,426.5603332519531,488.5643310546875,0.23417769372463224,277.26422119140625
2026-07-05 11:00:00,19.096378326416016,459.9724731445313,525.06842041015625,0.25213444232940674,298.9820861816406
2026-07-05 11:15:00,19.221256256103516,481.0003051757813,547.433349609375,0.26319172978401184,312.6501770019531
2026-07-05 11:30:00,19.37887954711914,485.24798583984375,550.1949462890625,0.26463162899017334,315.41119384765625
2026-07-05 11:45:00,19.59598159790039,490.54779052734375,553.3436279296875,0.26629117131233215,318.8560485839844
2026-07-05 12:00:00,19.783390045166016,494.60455322265625,555.453857421875,0.2674228847026825,321.4929504394531
2026-07-05 12:15:00,19.98868179321289,498.87799072265625,557.55364990234375,0.2685565948486328,324.27069091796875
2026-07-05 12:30:00,20.17319107055664,503.7605590820313,560.5828857421875,0.27013736963272095,327.4443664550781
2026-07-05 12:45:00,20.39944839477539,507.6542053222656,561.944580078125,0.27091318368911743,329.9752197265625
2026-07-05 13:00:00,20.593021392822266,510.4563598632813,562.51519775390625,0.27128157019615173,331.796630859375
2026-07-05 13:15:00,20.831363677978516,514.42852783203125,563.7828369140625,0.2720114588737488,334.3785400390625
2026-07-05 13:30:00,21.04001235961914,509.4447021484375,555.65264892578125,0.2680860161781311,331.1390380859375
2026-07-05 13:45:00,21.260684967041016,513.744140625,557.5240478515625,0.269100159406662,333.9336853027344
2026-07-05 14:00:00,21.45761489868164,516.8023681640625,558.337158203125,0.2695801854133606,335.9215393066406
2026-07-05 14:15:00,21.624759674072266,518.68292236328125,558.2518310546875,0.2696032226085663,337.1438903808594
2026-07-05 14:30:00,21.64566421508789,520.07177734375,559.4822998046875,0.27021902799606323,338.046630859375
2026-07-05 14:45:00,21.675540924072266,518.77447509765625,557.710205078125,0.26935523748397827,337.2033996582031
2026-07-05 15:00:00,21.845767974853516,525.68243408203125,562.97314453125,0.2720199227333069,341.6935729980469
2026-07-05 15:15:00,21.92642593383789,529.90380859375,566.4664306640625,0.27377691864967346,344.4374694824219
2026-07-05 15:30:00,21.851749420166016,524.31982421875,561.4383544921875,0.2712637186050415,340.807861328125
2026-07-05 15:45:00,22.054935455322266,533.81719970703125,569.00830078125,0.27508145570755005,346.9811706542969
2026-07-05 16:00:00,21.94736099243164,543.41229248046875,580.63409423828125,0.2807941734790802,353.2179870605469
2026-07-05 16:15:00,21.971256256103516,548.112548828125,585.3424072265625,0.283134788274765,356.27313232421875
2026-07-05 16:30:00,21.905521392822266,555.781494140625,594.4085693359375,0.2876020073890686,361.2579650878906
2026-07-05 16:45:00,21.83383560180664,540.29705810546875,578.77978515625,0.2798331081867218,351.1930847167969
2026-07-05 17:00:00,21.80392837524414,540.42803955078125,579.30987548828125,0.2800839841365814,351.2781982421875
2026-07-05 17:15:00,21.73825454711914,537.90069580078125,577.454345703125,0.2791403532028198,349.63543701171875
2026-07-05 17:30:00,21.67251968383789,551.43780517578125,592.86553955078125,0.2867460548877716,358.4345703125
2026-07-05 17:45:00,21.60086441040039,555.4647216796875,598.16265869140625,0.28934285044670105,361.0520629882813
2026-07-05 18:00:00,21.48147964477539,560.871826171875,605.62042236328125,0.29299232363700867,364.5666809082031
2026-07-05 18:15:00,21.403873443603516,554.975830078125,600.31048583984375,0.2903269827365875,360.7342834472656
2026-07-05 18:30:00,21.31140518188477,547.01702880859375,592.947021484375,0.28663939237594604,355.5610656738281
2026-07-05 18:45:00,21.212955474853516,545.23394775390625,592.3416748046875,0.2862982153892517,354.40203857421875
2026-07-05 19:00:00,21.135440826416016,541.23895263671875,589.043212890625,0.2846319377422333,351.8052978515625
2026-07-05 19:15:00,21.07278823852539,528.583251953125,576.0946044921875,0.2781982719898224,343.5791015625
2026-07-05 19:30:00,20.974430084228516,551.3778076171875,602.2939453125,0.29112643003463745,358.39556884765625
2026-07-05 19:45:00,20.89096450805664,520.7659912109375,569.94647216796875,0.27508172392845154,338.4978942871094
2026-07-05 20:00:00,20.798587799072266,523.41351318359375,574.0628662109375,0.27707597613334656,340.2187805175781
2026-07-05 20:15:00,20.68240737915039,525.758544921875,578.1820068359375,0.2790609300136566,341.7430419921875
2026-07-05 20:30:00,20.56921768188477,525.69970703125,579.63238525390625,0.27972719073295593,341.7048034667969
2026-07-05 20:45:00,20.48581314086914,477.0693054199219,527.03076171875,0.25374993681907654,310.09503173828125
2026-07-05 21:00:00,20.366703033447266,512.21282958984375,567.422607421875,0.27360233664512634,332.9383239746094
2026-07-05 21:15:00,20.256534576416016,523.35748291015625,581.25823974609375,0.2803863286972046,340.1823425292969
2026-07-05 21:30:00,20.17618179321289,524.5755615234375,583.7049560546875,0.28155773878097534,340.9740905761719
2026-07-05 21:45:00,20.03927993774414,526.01080322265625,587.180419921875,0.283209890127182,341.9070129394531
2026-07-05 22:00:00,19.95596694946289,458.0760803222656,512.34619140625,0.2463010251522064,297.74945068359375
2026-07-05 22:15:00,19.87857437133789,525.8092041015625,589.1749267578125,0.2841167449951172,341.7759704589844
2026-07-05 22:30:00,19.77743911743164,528.2293701171875,593.2987060546875,0.28610509634017944,343.3490905761719
2026-07-05 22:45:00,19.723880767822266,523.06396484375,588.24005126953125,0.2835765779018402,339.9915771484375
2026-07-05 23:00:00,19.64950942993164,522.64715576171875,588.8055419921875,0.2838180661201477,339.72064208984375
2026-07-05 23:15:00,19.57217788696289,524.79083251953125,592.30419921875,0.2855077087879181,341.114013671875
2026-07-05 23:30:00,19.491886138916016,554.6138916015625,627.157470703125,0.30272287130355835,360.4990234375
2026-07-05 23:45:00,19.42349624633789,523.293701171875,592.703125,0.28562676906585693,340.1408996582031
2026-07-06 00:00:00,19.361026763916016,521.49127197265625,591.54058837890625,0.2850188612937927,338.96929931640625
2026-07-06 00:15:00,19.277774810791016,520.29058837890625,591.351318359375,0.284880667924881,338.1888732910156
2026-07-06 00:30:00,19.22424697875977,518.5592041015625,590.137451171875,0.2842518985271454,337.0634765625
2026-07-06 00:45:00,19.15585708618164,516.79193115234375,589.08905029296875,0.2836967408657074,335.91473388671875
2026-07-06 01:00:00,19.09042739868164,516.20758056640625,589.34600830078125,0.2837878167629242,335.534912109375
2026-07-06 01:15:00,19.02502822875977,515.54754638671875,589.51678466796875,0.2838360667228699,335.10589599609375
2026-07-06 01:30:00,18.98044204711914,515.07958984375,589.61297607421875,0.2838587462902069,334.8017272949219
2026-07-06 01:45:00,18.912052154541016,514.8255615234375,590.29266357421875,0.2841561436653137,334.6365966796875
2026-07-06 02:00:00,18.84665298461914,514.40313720703125,590.738525390625,0.28433939814567566,334.3620300292969
2026-07-06 02:15:00,18.781253814697266,513.916259765625,591.1116943359375,0.28448641300201416,334.0455627441406
2026-07-06 02:30:00,18.72180557250977,513.0531005859375,590.96746826171875,0.28438106179237366,333.4844970703125
2026-07-06 02:45:00,18.65637588500977,511.9947204589844,590.6832275390625,0.2842028737068176,332.79656982421875
2026-07-06 03:00:00,18.59695816040039,508.8816833496094,587.9381103515625,0.2828131914138794,330.7730712890625
2026-07-06 03:15:00,18.52261734008789,509.5635986328125,589.78973388671875,0.2836835980415344,331.2163391113281
2026-07-06 03:30:00,18.460208892822266,507.9862365722656,588.8572998046875,0.28318649530410767,330.1910400390625
2026-07-06 03:45:00,18.39181900024414,509.4910278320313,591.5865478515625,0.28449273109436035,331.1691589355469
2026-07-06 04:00:00,18.34128189086914,509.5987854003906,592.44171142578125,0.2848844528198242,331.23919677734375
2026-07-06 04:15:00,18.28482437133789,507.120849609375,590.37469482421875,0.2838301956653595,329.6285400390625
2026-07-06 04:30:00,18.23428726196289,507.2572326660156,591.2640380859375,0.2842382788658142,329.7171936035156
2026-07-06 04:45:00,18.186710357666016,506.98834228515625,591.63958740234375,0.2843944728374481,329.54241943359375
2026-07-06 05:00:00,18.14212417602539,504.5254211425781,589.40948486328125,0.2832667827606201,327.9414978027344
2026-07-06 05:15:00,18.10049819946289,499.4841918945313,584.1165771484375,0.2806309461593628,324.6647033691406
2026-07-06 05:30:00,18.04700088500977,503.8204345703125,589.962646484375,0.28348076343536377,327.4832763671875
2026-07-06 05:45:00,18.011295318603516,503.764892578125,590.41595458984375,0.28368210792541504,327.4471740722656
2026-07-06 06:00:00,17.97861099243164,503.5653991699219,590.6573486328125,0.28378063440322876,327.3175048828125
2026-07-06 06:15:00,17.963748931884766,503.5702209472656,590.8792724609375,0.2838807702064514,327.32061767578125
2026-07-06 06:30:00,17.93997573852539,502.2995910644531,589.73382568359375,0.28330087661743164,326.4947204589844
2026-07-06 06:45:00,17.934024810791016,500.3240051269531,587.50054931640625,0.28219589591026306,325.2106018066406
2026-07-06 07:00:00,17.91916275024414,499.6693420410156,586.94696044921875,0.2819135785102844,324.7850646972656
2026-07-06 07:15:00,17.88644790649414,499.16107177734375,586.82342529296875,0.2818320691585541,324.4546813964844
2026-07-06 07:30:00,17.862674713134766,498.0252685546875,585.83203125,0.28132832050323486,323.7164001464844
2026-07-06 07:45:00,17.841861724853516,497.3062744140625,585.28717041015625,0.2810465693473816,323.2490539550781
2026-07-06 08:00:00,17.82400894165039,498.9134521484375,587.4378662109375,0.28209537267684937,324.2937316894531
2026-07-06 08:15:00,17.82400894165039,498.86578369140625,587.38177490234375,0.2820676863193512,324.26275634765625
2026-07-06 08:30:00,17.821048736572266,498.45367431640625,586.93951416015625,0.2818478047847748,323.994873046875
2026-07-06 08:45:00,17.847782135009766,498.9031066894531,587.08056640625,0.28193435072898865,324.2870178222656
2026-07-06 09:00:00,17.93997573852539,499.7189636230469,586.7039794921875,0.2818068861961365,324.81732177734375
2026-07-06 09:15:00,18.02322769165039,500.61614990234375,586.55340576171875,0.28178465366363525,325.4004821777344
2026-07-06 09:30:00,18.16589736938477,501.8562316894531,585.949462890625,0.2815747857093811,326.20654296875
2026-07-06 09:45:00,18.287784576416016,503.5323791503906,586.1546630859375,0.28174999356269836,327.2960205078125
2026-07-06 10:00:00,18.388858795166016,504.6054382324219,585.9560546875,0.28171253204345703,327.9935302734375
2026-07-06 10:15:00,18.52560806274414,505.7268676757813,585.30645751953125,0.2814728021621704,328.7224426269531
2026-07-06 10:30:00,18.65341567993164,507.6471252441406,585.70947265625,0.281745970249176,329.9706115722656
2026-07-06 10:45:00,18.80502700805664,509.0187072753906,585.14251708984375,0.28155282139778137,330.8621520996094
2026-07-06 11:00:00,18.864505767822266,510.57318115234375,586.087890625,0.2820530831813812,331.87255859375
2026-07-06 11:15:00,19.045841217041016,510.3979187011719,583.3367919921875,0.28079578280448914,331.7586364746094
2026-07-06 11:30:00,19.11124038696289,511.0715637207031,583.1912841796875,0.2807597219944,332.1965026855469
2026-07-06 11:45:00,19.236148834228516,512.8065185546875,583.4248046875,0.28094252943992615,333.32421875
2026-07-06 12:00:00,19.459171295166016,517.42584228515625,585.56011962890625,0.28211548924446106,336.3267822265625
2026-07-06 12:15:00,19.75363540649414,521.381591796875,585.93634033203125,0.28245294094085693,338.89801025390625
2026-07-06 12:30:00,19.830997467041016,530.0404052734375,594.5816650390625,0.2867668867111206,344.5262451171875
2026-07-06 12:45:00,19.979740142822266,522.3759765625,583.9378662109375,0.2815777361392975,339.54437255859375
2026-07-06 13:00:00,20.17319107055664,524.68212890625,583.86431884765625,0.2816351056098938,341.0433654785156
2026-07-06 13:15:00,20.259525299072266,525.7239990234375,583.8458251953125,0.281667023897171,341.7205810546875
2026-07-06 13:30:00,20.53940200805664,522.119140625,576.08221435546875,0.2779587507247925,339.37744140625
2026-07-06 13:45:00,20.87903213500977,537.746337890625,588.69195556640625,0.28434717655181885,349.53509521484375
2026-07-06 14:00:00,21.108585357666016,546.3336181640625,594.9530029296875,0.2875472903251648,355.1168518066406
2026-07-06 14:15:00,21.18613052368164,550.083740234375,597.9764404296875,0.2890784740447998,357.5544128417969
2026-07-06 14:30:00,21.34421157836914,555.24700927734375,601.41888427734375,0.2908516228199005,360.9105529785156
2026-07-06 14:45:00,21.47549819946289,541.6009521484375,584.89141845703125,0.28271740674972534,352.0406188964844
2026-07-06 15:00:00,21.60983657836914,544.824462890625,586.58544921875,0.28361016511917114,354.1358947753906
2026-07-06 15:15:00,21.66955947875977,539.4732666015625,580.0408935546875,0.2803936302661896,350.6576232910156
2026-07-06 15:30:00,21.79794692993164,539.90283203125,578.8248291015625,0.2798416018486023,350.93682861328125
2026-07-06 15:45:00,21.78305435180664,544.58209228515625,584.0372314453125,0.28241628408432007,353.97833251953125
2026-07-06 16:00:00,21.884586334228516,550.206787109375,588.7232666015625,0.2847764790058136,357.6343994140625
2026-07-06 16:15:00,21.914493560791016,572.14990234375,611.79132080078125,0.29622897505760193,371.8974304199219
2026-07-06 16:30:00,21.89358901977539,569.152587890625,608.87213134765625,0.294771671295166,369.94915771484375
2026-07-06 16:45:00,21.896549224853516,554.8665771484375,593.54962158203125,0.287172794342041,360.6632690429687
2026-07-06 17:00:00,21.80691909790039,532.37347412109375,570.63739013671875,0.2757943272590637,346.0427551269531
2026-07-06 17:15:00,21.75912857055664,540.8087158203125,580.30316162109375,0.28055834770202637,351.5256652832031
2026-07-06 17:30:00,21.68448257446289,539.98443603515625,580.3948974609375,0.2805747091770172,350.9898681640625
2026-07-06 17:45:00,21.56802749633789,539.14605712890625,581.02105712890625,0.28083866834640503,350.4449157714844
2026-07-06 18:00:00,21.493412017822266,538.25115966796875,581.03778076171875,0.2808171212673187,349.8632507324219
2026-07-06 18:15:00,21.400882720947266,537.623046875,581.5797119140625,0.28104785084724426,349.4549560546875
2026-07-06 18:30:00,21.308414459228516,536.5301513671875,581.61920166015625,0.28102952241897583,348.7445983886719
2026-07-06 18:45:00,21.20999526977539,536.15008544921875,582.51226806640625,0.2814306318759918,348.4975280761719
2026-07-06 19:00:00,21.11752700805664,535.191650390625,582.7003173828125,0.28148478269577026,347.87457275390625
2026-07-06 19:15:00,21.01916885375977,533.20733642578125,581.848388671875,0.281021386384964,346.5847473144531
2026-07-06 19:30:00,20.91482925415039,532.5474853515625,582.52117919921875,0.28130918741226196,346.1558532714844
2026-07-06 19:45:00,20.80752944946289,532.181640625,583.55926513671875,0.2817758023738861,345.9180603027344
2026-07-06 20:00:00,20.70322036743164,531.36749267578125,584.0694580078125,0.28198185563087463,345.38885498046875
2026-07-06 20:15:00,20.58411026000977,528.59893798828125,582.628173828125,0.2812153100967407,343.58929443359375
2026-07-06 20:30:00,20.47391128540039,527.0233154296875,582.376953125,0.281040757894516,342.5651550292969
2026-07-06 20:45:00,20.351810455322266,534.1219482421875,591.8983154296875,0.28569379448890686,347.17926025390625
2026-07-06 21:00:00,20.22677993774414,529.975341796875,589.01702880859375,0.28420883417129517,344.48394775390625
2026-07-06 21:15:00,20.116641998291016,529.18011474609375,589.64892578125,0.2844683527946472,343.9670715332031
2026-07-06 21:30:00,19.97677993774414,528.1168212890625,590.3963623046875,0.28476953506469727,343.2759094238281
2026-07-06 21:45:00,19.85477066040039,528.58575439453125,592.61798095703125,0.2858075499534607,343.5807189941406
2026-07-06 22:00:00,19.76553726196289,531.697021484375,597.36114501953125,0.2881086766719818,345.6030578613281
2026-07-06 22:15:00,19.65250015258789,520.69873046875,586.56890869140625,0.2827141582965851,338.45416259765625
2026-07-06 22:30:00,19.563236236572266,554.3011474609375,625.74359130859375,0.30206066370010376,360.2957458496094
2026-07-06 22:45:00,19.46512222290039,501.9637756347656,567.98162841796875,0.27344098687171936,326.27642822265625
2026-07-06 23:00:00,19.393741607666016,519.07421875,588.34033203125,0.2834547460079193,337.3982238769531
2026-07-06 23:15:00,19.310489654541016,517.91693115234375,588.19415283203125,0.28333818912506104,336.64599609375
2026-07-06 23:30:00,19.245059967041016,521.0513916015625,592.6788330078125,0.2855190336704254,338.6833801269531
2026-07-06 23:45:00,19.17370986938477,521.25506591796875,593.9227294921875,0.28609493374824524,338.8157653808594
2026-07-07 00:00:00,19.084476470947266,523.96954345703125,598.2930908203125,0.28820595145225525,340.5802001953125
2026-07-07 00:15:00,19.013126373291016,520.44207763671875,595.28369140625,0.286678671836853,338.2873229980469
2026-07-07 00:30:00,18.95962905883789,519.0560302734375,594.4622802734375,0.2862427234649658,337.38641357421875
2026-07-07 00:45:00,18.90909194946289,519.60992431640625,595.82080078125,0.28688549995422363,337.7464294433594
2026-07-07 01:00:00,18.81692886352539,526.22784423828125,604.75146484375,0.2912471890449524,342.048095703125
2026-07-07 01:15:00,18.79611587524414,527.17730712890625,606.1470947265625,0.29192522168159485,342.66522216796875
2026-07-07 01:30:00,18.730716705322266,527.09869384765625,607.0152587890625,0.2923163175582886,342.6141357421875
2026-07-07 01:45:00,18.67126846313477,525.9849853515625,606.60479736328125,0.2920783460140228,341.8902282714844
2026-07-07 02:00:00,18.591007232666016,525.9029541015625,607.69140625,0.2925679683685303,341.8369140625
2026-07-07 02:15:00,18.53451919555664,524.73284912109375,607.171630859375,0.29227712750434875,341.0763244628906
2026-07-07 02:30:00,18.466129302978516,522.6202392578125,605.7337646484375,0.29152512550354004,339.7031555175781
2026-07-07 02:45:00,18.37698745727539,520.13238525390625,604.16107177734375,0.2906937599182129,338.0860290527344
2026-07-07 03:00:00,18.31750869750977,520.7911376953125,605.80517578125,0.2914697527885437,338.51422119140625
2026-07-07 03:15:00,18.28482437133789,520.84637451171875,606.35357666015625,0.29172056913375854,338.5501403808594
2026-07-07 03:30:00,18.255069732666016,531.16400146484375,618.815185546875,0.29786309599876404,345.256591796875
2026-07-07 03:45:00,18.20157241821289,518.52166748046875,604.8782958984375,0.29093998670578003,337.0390625
2026-07-07 04:00:00,18.24911880493164,511.2840881347656,595.741455078125,0.28645721077919006,332.33465576171875
2026-07-07 04:15:00,18.359134674072266,493.28424072265625,573.2252197265625,0.2754181921482086,320.6347351074219
2026-07-07 04:30:00,18.54343032836914,480.3559875488281,555.70257568359375,0.2668960690498352,312.23138427734375
2026-07-07 04:45:00,18.92099380493164,470.5606994628906,539.4229736328125,0.2590954303741455,305.86444091796875
2026-07-07 05:00:00,19.319400787353516,470.88958740234375,534.6719970703125,0.25696486234664917,306.0782165527344
2026-07-07 05:15:00,19.679264068603516,460.746337890625,518.7039794921875,0.24929459393024445,299.485107421875
2026-07-07 05:30:00,19.92618179321289,439.0231628417969,491.3797912597656,0.23600828647613523,285.36505126953125
2026-07-07 05:45:00,20.06308364868164,424.58697509765625,473.6977233886719,0.227416068315506,275.9815368652344
2026-07-07 06:00:00,20.119632720947266,414.5916748046875,461.9342346191406,0.22169308364391327,269.4845886230469
2026-07-07 06:15:00,20.15829849243164,410.1744995117187,456.5995788574219,0.21910539269447327,266.6134033203125
2026-07-07 06:30:00,20.13449478149414,410.3818359375,457.084716796875,0.2193322777748108,266.7481689453125
2026-07-07 06:45:00,20.092838287353516,415.16412353515625,462.8622741699219,0.2221349775791168,269.8566589355469
2026-07-07 07:00:00,20.030338287353516,421.7968444824219,470.9461364746094,0.2260572910308838,274.1679382324219
2026-07-07 07:15:00,19.944034576416016,427.1177062988281,477.8539733886719,0.2293970286846161,277.6264953613281
2026-07-07 07:30:00,19.86075210571289,432.8342895507813,485.1990051269531,0.23295362293720245,281.34228515625
2026-07-07 07:45:00,19.76553726196289,433.88177490234375,487.4658203125,0.23402062058448792,282.02313232421875
2026-07-07 08:00:00,19.68820571899414,433.3882141113281,487.8013000488281,0.2341499924659729,281.70233154296875
2026-07-07 08:15:00,19.622745513916016,430.7634887695313,485.5984191894531,0.23304234445095065,279.9962463378906
2026-07-07 08:30:00,19.60193252563477,426.74078369140625,481.3007507324219,0.23093079030513763,277.3815002441406
2026-07-07 08:45:00,19.578128814697266,421.4726257324219,475.6271667480469,0.2281465232372284,273.9571838378906
2026-07-07 09:00:00,19.56921768188477,416.7323303222656,470.3771667480469,0.22557763755321503,270.8760070800781
2026-07-07 09:15:00,19.57217788696289,412.1522521972656,465.1748962402344,0.2230389267206192,267.8989562988281
2026-07-07 09:30:00,19.61679458618164,408.4793395996094,460.54241943359375,0.2207981050014496,265.5115661621094
2026-07-07 09:45:00,19.66141128540039,405.6605224609375,456.8817138671875,0.21903203427791595,263.6793212890625
2026-07-07 10:00:00,19.70007705688477,402.9864501953125,453.455322265625,0.2173781096935272,261.9411926269531
2026-07-07 10:15:00,19.744693756103516,400.845458984375,450.5711059570313,0.21599145233631137,260.5495300292969
2026-07-07 10:30:00,19.792301177978516,399.5958251953125,448.6622924804687,0.2150815576314926,259.7372741699219
2026-07-07 10:45:00,19.68820571899414,398.901123046875,448.9842529296875,0.21519383788108823,259.28570556640625
2026-07-07 11:00:00,19.750675201416016,400.69232177734375,450.33538818359375,0.2158791422843933,260.45001220703125
2026-07-07 11:15:00,19.896427154541016,404.4352722167969,452.9837951660156,0.21723230183124545,262.8829040527344
2026-07-07 11:30:00,20.05118179321289,409.0923767089844,456.5381774902344,0.2190309762954712,265.9100341796875
2026-07-07 11:45:00,20.18808364868164,413.475830078125,459.954345703125,0.22075490653514865,268.75927734375
2026-07-07 12:00:00,20.34286880493164,418.4949645996094,463.86041259765625,0.22272564470767975,272.021728515625
2026-07-07 12:15:00,20.467960357666016,423.1567687988281,467.6658630371094,0.2246355563402176,275.0518798828125
2026-07-07 12:30:00,20.52453994750977,429.1673889160156,473.6866455078125,0.22760185599327087,278.95880126953125
2026-07-07 12:45:00,20.545352935791016,433.2451477050781,477.9568481445313,0.22969919443130493,281.6093444824219
2026-07-07 13:00:00,20.655582427978516,438.74456787109375,482.7908935546875,0.2321096807718277,285.1839599609375
2026-07-07 13:15:00,20.715152740478516,437.9829406738281,481.2903137207031,0.2313987612724304,284.68890380859375
2026-07-07 13:30:00,20.81943130493164,447.9070434570313,491.0141296386719,0.23620346188545227,291.1395568847656
2026-07-07 13:45:00,21.051944732666016,454.2979431152344,495.3685302734375,0.2384296357631683,295.29364013671875
2026-07-07 14:00:00,21.102603912353516,459.4270629882813,500.38092041015625,0.2409084290266037,298.6275939941406
2026-07-07 14:15:00,21.07577896118164,460.93218994140625,502.3283996582031,0.24185387790203097,299.6059265136719
2026-07-07 14:30:00,21.084720611572266,462.0406799316406,503.4334106445313,0.24239979684352875,300.326416015625
2026-07-07 14:45:00,21.05490493774414,465.2076721191406,507.2301635742187,0.24425238370895383,302.3849792480469
2026-07-07 15:00:00,21.07577896118164,470.4554138183594,512.7069091796875,0.24695102870464325,305.7960205078125
2026-07-07 15:15:00,21.153324127197266,474.4142150878906,516.10528564453125,0.24865180253982544,308.3692321777344
2026-07-07 15:30:00,21.13245010375977,479.1951599121094,521.55511474609375,0.25132349133491516,311.4768371582031
2026-07-07 15:45:00,19.301578521728516,515.63818359375,585.73077392578125,0.28211644291877747,335.164794921875
2026-07-07 16:00:00,16.937686920166016,553.27691650390625,666.0438232421875,0.32032111287117004,359.6299743652344
2026-07-07 16:15:00,17.60696792602539,521.1741943359375,616.95941162109375,0.29652196168899536,338.7632141113281
2026-07-07 16:30:00,17.78537368774414,556.7874755859375,656.20758056640625,0.31607040762901306,361.9118347167969
2026-07-07 16:45:00,17.46420669555664,557.6806640625,662.526611328125,0.31897449493408203,362.492431640625
2026-07-07 17:00:00,17.55044937133789,565.94329833984375,670.899169921875,0.32319018244743347,367.8631286621094
2026-07-07 17:15:00,17.85672378540039,549.840087890625,646.87738037109375,0.31149497628211975,357.39605712890625
2026-07-07 17:30:00,17.99350357055664,514.27410888671875,602.9969482421875,0.2898796498775482,334.2781677246094
2026-07-07 17:45:00,17.535587310791016,541.09808349609375,641.6837158203125,0.3086998164653778,351.7137451171875
2026-07-07 18:00:00,17.651554107666016,524.4891357421875,620.1961669921875,0.29815158247947693,340.9179382324219
2026-07-07 18:15:00,17.363101959228516,511.80523681640625,609.56396484375,0.2927033007144928,332.67340087890625
2026-07-07 18:30:00,17.449344635009766,540.88677978515625,642.813720703125,0.3091980516910553,351.5763854980469
2026-07-07 18:45:00,17.25601577758789,524.6597900390625,626.552001953125,0.3010174632072449,341.0288391113281
2026-07-07 19:00:00,17.29172134399414,537.0968017578125,640.83050537109375,0.3081033229827881,349.1129150390625
2026-07-07 19:15:00,18.30264663696289,510.2447814941406,593.7528076171875,0.2855081856250763,331.6590881347656
2026-07-07 19:30:00,18.39181900024414,526.140380859375,610.918701171875,0.2940429747104645,341.9912414550781
2026-07-07 19:45:00,18.53451919555664,509.7955627441406,589.8875732421875,0.2837388813495636,331.3670959472656
2026-07-07 20:00:00,18.329410552978516,523.5518798828125,608.839599609375,0.2929767370223999,340.3087158203125
2026-07-07 20:15:00,17.75564956665039,544.20123291015625,641.84619140625,0.30893340706825256,353.73077392578125
2026-07-07 20:30:00,17.67831802368164,547.66357421875,647.16925048828125,0.3115163743495941,355.9813232421875
2026-07-07 20:45:00,17.493961334228516,548.82177734375,651.51861572265625,0.3135404884815216,356.734130859375
2026-07-07 21:00:00,17.806156158447266,512.67120361328125,603.9033203125,0.2902064621448517,333.23626708984375
2026-07-07 21:15:00,17.716983795166016,512.9156494140625,605.5269775390625,0.2909495234489441,333.3951721191406
2026-07-07 21:30:00,18.145084381103516,510.1723937988281,595.96319580078125,0.28650254011154175,331.6120300292969
2026-07-07 21:45:00,18.18075942993164,525.04180908203125,612.79681396484375,0.29484012722969055,341.27716064453125
2026-07-07 22:00:00,17.386905670166016,554.247314453125,659.72003173828125,0.3175267279148102,360.2607421875
2026-07-07 22:15:00,17.951847076416016,541.9788818359375,636.13385009765625,0.3062375783920288,352.2862548828125
2026-07-07 22:30:00,17.64859390258789,541.26123046875,640.0758056640625,0.3079829216003418,351.8197937011719
2026-07-07 22:45:00,17.440433502197266,520.2021484375,618.36871337890625,0.2971041202545166,338.1313781738281
2026-07-07 23:00:00,17.49692153930664,514.24609375,610.427978515625,0.29322150349617004,334.25994873046875
2026-07-07 23:15:00,17.73776626586914,512.558837890625,604.79412841796875,0.2906014323234558,333.1632385253906
2026-07-07 23:30:00,17.41366958618164,536.43817138671875,638.09490966796875,0.30683740973472595,348.6847839355469
2026-07-07 23:45:00,17.395816802978516,519.36309814453125,618.0596923828125,0.2969205379486084,337.58599853515625
2026-07-08 00:00:00,17.34524917602539,530.49066162109375,632.1007080078125,0.303823858499527,344.81890869140625
2026-07-08 00:15:00,16.515018463134766,546.83551025390625,665.39947509765625,0.3196653425693512,355.44305419921875
2026-07-08 00:30:00,16.765079498291016,525.01171875,634.78765869140625,0.30472424626350403,341.2575988769531
2026-07-08 00:45:00,16.827579498291016,535.0267333984375,645.871826171875,0.310250848531723,347.7673645019531
2026-07-08 01:00:00,16.976383209228516,537.35357666015625,646.24285888671875,0.31054776906967163,349.2798156738281
2026-07-08 01:15:00,17.532596588134766,516.27850341796875,612.29595947265625,0.2941681146621704,335.5810241699219
2026-07-08 01:30:00,17.395816802978516,531.0206298828125,631.93255615234375,0.3037766218185425,345.16339111328125
2026-07-08 01:45:00,17.58615493774414,515.19134521484375,610.19268798828125,0.29316580295562744,334.8743591308594
2026-07-08 02:00:00,17.60397720336914,520.3585205078125,616.03961181640625,0.2960655391216278,338.2330322265625
2026-07-08 02:15:00,17.56235122680664,515.246826171875,610.61993408203125,0.2933606803417206,334.9104309082031
2026-07-08 02:30:00,17.45529556274414,525.12957763671875,623.9945068359375,0.2998940944671631,341.3341979980469
2026-07-08 02:45:00,17.51773452758789,515.61541748046875,611.73602294921875,0.29388150572776794,335.1499938964844
2026-07-08 03:00:00,17.66940689086914,514.13848876953125,607.6873779296875,0.29198455810546875,334.19000244140625
2026-07-08 03:15:00,17.841861724853516,513.9317626953125,604.85394287109375,0.2906990349292755,334.0556335449219
2026-07-08 03:30:00,17.79428482055664,512.67071533203125,604.080078125,0.29028600454330444,333.2359619140625
2026-07-08 03:45:00,17.232242584228516,514.443115234375,614.7176513671875,0.29515573382377625,334.38800048828125
2026-07-08 04:00:00,17.74075698852539,512.63055419921875,604.83392333984375,0.2906230390071869,333.2098388671875
2026-07-08 04:15:00,17.78537368774414,512.77020263671875,604.33056640625,0.2904038429260254,333.3006286621094
2026-07-08 04:30:00,17.639652252197266,512.15203857421875,605.786865234375,0.2910265624523163,332.8988037109375
2026-07-08 04:45:00,17.654544830322266,512.77288818359375,606.2969970703125,0.29128825664520264,333.3023681640625
2026-07-08 05:00:00,17.64560317993164,512.589599609375,606.21478271484375,0.29124176502227783,333.1832275390625
2026-07-08 05:15:00,17.672367095947266,491.4089660644531,580.77947998046875,0.27871742844581604,319.4158020019531
2026-07-08 05:30:00,17.651554107666016,512.16046142578125,605.6177978515625,0.29095104336738586,332.904296875
2026-07-08 05:45:00,17.71103286743164,512.9774169921875,605.689208984375,0.29102569818496704,333.435302734375
2026-07-08 06:00:00,17.806156158447266,513.017822265625,604.3116455078125,0.29040801525115967,333.4615783691406
2026-07-08 06:15:00,17.66940689086914,512.9881591796875,606.3277587890625,0.2913133502006531,333.4422912597656
2026-07-08 06:30:00,17.630741119384766,513.0394287109375,606.97088623046875,0.2916050851345062,333.4756164550781
2026-07-08 06:45:00,17.54153823852539,512.67041015625,607.8814697265625,0.29199469089508057,333.2357482910156
2026-07-08 07:00:00,17.568302154541016,512.72406005859375,607.54022216796875,0.29184427857398987,333.2706298828125
2026-07-08 07:15:00,17.55044937133789,512.86151123046875,607.97320556640625,0.2920459806919098,333.3599548339844
2026-07-08 07:30:00,17.59207534790039,513.14453125,607.67901611328125,0.291928768157959,333.5439453125
2026-07-08 07:45:00,17.51773452758789,512.4678955078125,608.001708984375,0.2920379638671875,333.1041259765625
2026-07-08 08:00:00,17.452335357666016,513.17413330078125,609.833251953125,0.2928975522518158,333.56317138671875
2026-07-08 08:15:00,17.44339370727539,512.00701904296875,608.5821533203125,0.2922738790512085,332.8045349121094
2026-07-08 08:30:00,17.476139068603516,511.8723449707031,607.9251708984375,0.29197195172309875,332.7170104980469
2026-07-08 08:45:00,17.523685455322266,512.34759521484375,607.7689208984375,0.2919270694255829,333.0259094238281
2026-07-08 09:00:00,17.99350357055664,511.4239196777344,599.655029296875,0.288229763507843,332.425537109375
2026-07-08 09:15:00,18.136173248291016,512.14208984375,598.39495849609375,0.2876974046230316,332.892333984375
2026-07-08 09:30:00,18.088626861572266,512.3270263671875,599.31024169921875,0.28811952471733093,333.0125427246094
2026-07-08 09:45:00,18.237247467041016,511.2460021972656,595.87017822265625,0.28651347756385803,332.30987548828125
2026-07-08 10:00:00,18.37399673461914,508.7138671875,590.94097900390625,0.2841634154319763,330.66400146484375
2026-07-08 10:15:00,18.66531753540039,489.0104675292969,564.04437255859375,0.2710712254047394,317.8567810058594
2026-07-08 10:30:00,18.92099380493164,494.3871765136719,566.7362060546875,0.2725389897823334,321.3516540527344
2026-07-08 10:45:00,19.33426284790039,493.9627685546875,560.6717529296875,0.2697696387767792,321.0757751464844
2026-07-08 11:00:00,19.66736221313477,487.7626953125,549.27325439453125,0.26432135701179504,317.0457458496094
2026-07-08 11:15:00,19.89346694946289,471.9931335449219,528.68817138671875,0.25429999828338623,306.7955322265625
2026-07-08 11:30:00,20.03927993774414,449.7221984863281,502.0202331542969,0.241272434592247,292.3194274902344
2026-07-08 11:45:00,20.104740142822266,434.182373046875,483.9306335449219,0.23243914544582367,282.2185363769531
2026-07-08 12:00:00,20.13449478149414,431.12744140625,480.1912536621094,0.2306220680475235,280.2328186035156
2026-07-08 12:15:00,20.182132720947266,436.0561218261719,485.1402893066406,0.23306427896022797,283.43646240234375
2026-07-08 12:30:00,20.19107437133789,445.6946716308594,495.7602233886719,0.2382698506116867,289.7015380859375
2026-07-08 12:45:00,20.22378921508789,454.2824401855469,504.92681884765625,0.2427787482738495,295.2835693359375
2026-07-08 13:00:00,20.28036880493164,461.0569458007813,511.78070068359375,0.24616703391075137,299.68701171875
2026-07-08 13:15:00,20.31308364868164,465.91156005859375,516.7752685546875,0.24863414466381073,302.8424987792969
2026-07-08 13:30:00,20.22677993774414,468.528076171875,520.7242431640625,0.2505365312099457,304.5432434082031
2026-07-08 13:45:00,20.17618179321289,471.4279479980469,524.566650390625,0.25240254402160645,306.42816162109375
2026-07-08 14:00:00,20.17319107055664,473.6012573242187,527.021728515625,0.25360822677612305,307.8408203125
2026-07-08 14:15:00,20.19107437133789,475.878173828125,529.33428955078125,0.2547534108161926,309.32080078125
2026-07-08 14:30:00,20.15829849243164,477.3800659179687,531.4117431640625,0.2557604908943176,310.2970275878906
2026-07-08 14:45:00,20.12259292602539,478.6474304199219,533.26763916015625,0.25665733218193054,311.1208190917969
2026-07-08 15:00:00,20.07199478149414,473.31353759765625,527.9500732421875,0.2540190517902374,307.6537780761719
2026-07-08 15:15:00,20.00949478149414,469.8738708496094,524.8818359375,0.2524823248386383,305.4179992675781
2026-07-08 15:30:00,19.944034576416016,465.91607666015625,521.2611083984375,0.2506732940673828,302.8454284667969
2026-07-08 15:45:00,20.14938735961914,438.2554931640625,487.9605407714844,0.23443107306957245,284.8660583496094
2026-07-08 16:00:00,20.548343658447266,395.6180114746094,436.4162902832031,0.2094225287437439,257.1517028808594
2026-07-08 16:15:00,21.780033111572266,275.2383728027344,295.1995544433594,0.14170588552951813,178.90493774414065
2026-07-08 16:30:00,23.19913101196289,260.8957824707031,271.15020751953125,0.13063685595989227,169.58224487304688
2026-07-08 16:45:00,23.346256256103516,262.98974609375,272.45159912109375,0.13129208981990814,170.94332885742188
2026-07-08 17:00:00,23.370304107666016,268.5093078613281,278.0243225097656,0.13394857943058014,174.53103637695313
2026-07-08 17:15:00,23.430362701416016,234.2332305908203,242.21730041503903,0.1169869601726532,152.2515869140625
2026-07-08 17:30:00,23.445377349853516,188.62570190429688,194.99160766601565,0.09482218325138092,122.60670471191406
2026-07-08 17:45:00,23.415348052978516,187.5738220214844,194.0307159423828,0.09436679631471634,121.92298126220705
2026-07-08 18:00:00,23.412357330322266,203.6213226318359,210.64431762695313,0.10213077068328856,132.35385131835938
2026-07-08 18:15:00,23.406314849853516,214.41505432128903,221.8394470214844,0.10738177597522736,139.36978149414065
2026-07-08 18:30:00,23.34024429321289,243.49720764160156,252.290771484375,0.1217273473739624,158.27317810058594
2026-07-08 18:45:00,23.274173736572266,280.12286376953125,290.6569519042969,0.1399438977241516,182.0798492431641
2026-07-08 19:00:00,23.205142974853516,286.3200378417969,297.53472900390625,0.14320972561836243,186.10801696777344
2026-07-08 19:15:00,23.09109878540039,334.2353515625,348.193359375,0.1674862653017044,217.2529754638672
2026-07-08 19:30:00,22.995121002197266,364.48529052734375,380.5054931640625,0.18306700885295868,236.91543579101565
2026-07-08 19:45:00,22.92313003540039,380.9742431640625,398.3479309082031,0.19169603288173676,247.6332550048828
2026-07-08 20:00:00,22.85116958618164,398.830078125,417.6780090332031,0.20106928050518036,259.2395324707031
2026-07-08 20:15:00,22.800235748291016,396.7171020507813,415.9310302734375,0.2002047449350357,257.8661193847656
2026-07-08 20:30:00,22.752262115478516,419.939208984375,440.743408203125,0.2122797667980194,272.9604797363281
2026-07-08 20:45:00,22.71033096313477,419.3154296875,440.4958190917969,0.21214650571346283,272.5550231933594
2026-07-08 21:00:00,22.69836807250977,427.4689636230469,449.17974853515625,0.2163824737071991,277.8548278808594
2026-07-08 21:15:00,22.64743423461914,407.5969848632813,428.7803955078125,0.2064155787229538,264.9380187988281
2026-07-08 21:30:00,22.60550308227539,428.7713928222656,451.4734802246094,0.21747492253780365,278.7013854980469
2026-07-08 21:45:00,22.572574615478516,418.2595825195313,440.7259826660156,0.21221747994422913,271.86871337890625
2026-07-08 22:00:00,22.551578521728516,425.6783142089844,448.7517395019531,0.21612893044948575,276.6908874511719
2026-07-08 22:15:00,22.50967788696289,424.7835998535156,448.2242431640625,0.21585848927497864,276.1093444824219
2026-07-08 22:30:00,22.488712310791016,360.0674133300781,380.1134948730469,0.18273453414440155,234.04380798339844
2026-07-08 22:45:00,22.470767974853516,419.1487731933594,442.6601867675781,0.21313023567199707,272.4466857910156
2026-07-08 23:00:00,22.44980239868164,427.9705200195313,452.18701171875,0.2177756279706955,278.1808166503906
2026-07-08 23:15:00,22.43185806274414,427.3478698730469,451.7089538574219,0.21753650903701785,277.7760925292969
2026-07-08 23:30:00,22.407901763916016,424.5955810546875,449.03857421875,0.21622467041015625,275.98712158203125
2026-07-08 23:45:00,22.389957427978516,422.89654541015625,447.4200439453125,0.21542870998382568,274.88275146484375
2026-07-09 00:00:00,22.36899185180664,381.61285400390625,403.9304809570313,0.19424547255039215,248.04833984375
2026-07-09 00:15:00,22.35403823852539,357.7471008300781,378.7948913574219,0.1820570677518845,232.53561401367188
2026-07-09 00:30:00,22.32114028930664,345.61962890625,366.2218017578125,0.1759692132472992,224.6527557373047
2026-07-09 00:45:00,22.30017471313477,393.4045104980469,417.0497131347656,0.200600266456604,255.71292114257813
2026-07-09 01:00:00,22.270267486572266,395.0046691894531,419.0250244140625,0.20155195891857147,256.7530212402344
2026-07-09 01:15:00,22.22839736938477,391.3219299316406,415.50592041015625,0.1998273730278015,254.35923767089844
2026-07-09 01:30:00,22.213443756103516,391.8595886230469,416.215576171875,0.20016786456108093,254.7087249755859
2026-07-09 01:45:00,22.186527252197266,385.3905029296875,409.5903015136719,0.19693902134895325,250.50381469726565
2026-07-09 02:00:00,22.147647857666016,391.9535217285156,416.9272155761719,0.20049349963665009,254.769775390625
2026-07-09 02:15:00,22.117740631103516,392.7890625,418.09527587890625,0.20105226337909696,255.31288146972656
2026-07-09 02:30:00,22.075870513916016,386.71441650390625,412.014892578125,0.1980828195810318,251.36436462402344
2026-07-09 02:45:00,22.04001235961914,384.233642578125,409.7005004882813,0.19694694876670835,249.75186157226565
2026-07-09 03:00:00,22.001163482666016,388.11968994140625,414.2044677734375,0.1991235315799713,252.2777862548828
2026-07-09 03:15:00,21.96530532836914,391.6306762695313,418.28753662109375,0.2010975033044815,254.5599365234375
2026-07-09 03:30:00,21.93240737915039,379.4900207519531,405.6198120117187,0.1949310004711151,246.6685028076172
2026-07-09 03:45:00,21.914493560791016,380.2007751464844,406.5429992675781,0.1953735798597336,247.1304931640625
2026-07-09 04:00:00,21.87564468383789,373.6699523925781,399.9085083007813,0.19214098155498505,242.88546752929688
2026-07-09 04:15:00,21.83679580688477,380.19091796875,407.2429809570313,0.19568867981433868,247.12408447265625
2026-07-09 04:30:00,21.800968170166016,389.9666442871094,418.0511779785156,0.2009295225143433,253.47830200195313
2026-07-09 04:45:00,21.76810073852539,384.1518859863281,412.1225891113281,0.19803687930107117,249.69871520996097
2026-07-09 05:00:00,21.75314712524414,386.4584045410156,414.7367858886719,0.19930249452590945,251.1979522705078
2026-07-09 05:15:00,21.72928237915039,395.1131896972656,424.2530212402344,0.2039230912923813,256.8235778808594
2026-07-09 05:30:00,21.69046401977539,400.0369262695313,429.9161987304687,0.2066672146320343,260.02398681640625
2026-07-09 05:45:00,21.65759658813477,406.8407287597656,437.552734375,0.21037688851356504,264.44647216796875
2026-07-09 06:00:00,21.621768951416016,394.1877136230469,424.2879333496094,0.20390428602695465,256.2220153808594
2026-07-09 06:15:00,21.59192276000977,397.2040100097656,427.8231506347656,0.20561496913433075,258.1825866699219
2026-07-09 06:30:00,21.562076568603516,396.9736633300781,427.8639221191406,0.20562472939491272,258.0328674316406
2026-07-09 06:45:00,21.532230377197266,396.2891540527344,427.4148864746094,0.20539601147174835,257.58795166015625
2026-07-09 07:00:00,21.51132583618164,406.6872253417969,438.8373718261719,0.21095317602157593,264.3466796875
2026-07-09 07:15:00,21.48743057250977,407.6704406738281,440.13665771484375,0.2115783393383026,264.98577880859375
2026-07-09 07:30:00,21.47848892211914,405.6978759765625,438.0958251953125,0.21058036386966705,263.70361328125
2026-07-09 07:45:00,21.463565826416016,408.3810119628906,441.1424865722656,0.21206048130989075,265.4476623535156
2026-07-09 08:00:00,21.469547271728516,409.6959533691406,442.5028991699219,0.2127259373664856,266.3023681640625
2026-07-09 08:15:00,21.436710357666016,410.2498168945313,443.4313659667969,0.21316730976104736,266.6623840332031
2026-07-09 08:30:00,21.439701080322266,407.6777648925781,440.6213989257813,0.21179810166358948,264.99053955078125
2026-07-09 08:45:00,21.43371963500977,408.1684265136719,441.2116088867187,0.21208378672599792,265.3094787597656
2026-07-09 09:00:00,21.439701080322266,407.4391784667969,440.3635559082031,0.2116723656654358,264.83544921875
2026-07-09 09:15:00,21.47250747680664,410.8628845214844,443.7334899902344,0.21332713961601257,267.06085205078125
2026-07-09 09:30:00,21.493412017822266,411.8443908691406,444.5827026367187,0.21374864876270297,267.6988525390625
2026-07-09 09:45:00,21.49939346313477,414.22802734375,447.0952453613281,0.21497654914855957,269.2481994628906
2026-07-09 10:00:00,21.502384185791016,415.5686645507813,448.5118408203125,0.21566888689994812,270.11962890625
2026-07-09 10:15:00,21.52920913696289,417.4470520019531,450.265380859375,0.21653413772583008,271.340576171875
2026-07-09 10:30:00,21.56506729125977,418.9803466796875,451.5524597167969,0.2171749472618103,272.33721923828125
2026-07-09 10:45:00,21.64267349243164,419.5871887207031,451.41357421875,0.21713393926620483,272.7316589355469
2026-07-09 11:00:00,21.741214752197266,421.6023559570313,452.5740051269531,0.21773426234722135,274.0415344238281
2026-07-09 11:15:00,21.86069107055664,426.0475463867187,456.1173095703125,0.21950548887252808,276.930908203125
2026-07-09 11:30:00,21.96530532836914,426.6325988769531,455.67193603515625,0.2193227857351303,277.3111877441406
2026-07-09 11:45:00,22.06393814086914,429.7057495117187,457.9411926269531,0.2204643040895462,279.3087158203125
2026-07-09 12:00:00,22.16858291625977,431.9156494140625,459.2207946777344,0.22112399339675903,280.7451477050781
2026-07-09 12:15:00,22.32114028930664,435.0688781738281,461.0030822753906,0.22204451262950897,282.7947692871094
2026-07-09 12:30:00,22.47375869750977,435.8948364257813,460.3150329589844,0.22175616025924683,283.3316345214844
2026-07-09 12:45:00,22.623477935791016,439.584228515625,462.6749267578125,0.2229568213224411,285.729736328125
2026-07-09 13:00:00,22.752262115478516,443.096923828125,465.04840087890625,0.2241574078798294,288.01300048828125
2026-07-09 13:15:00,22.911136627197266,448.21630859375,468.7798767089844,0.22603172063827515,291.340576171875
2026-07-09 13:30:00,23.025089263916016,451.4504089355469,470.9835815429687,0.22714458405971527,293.4427490234375
2026-07-09 13:45:00,23.160099029541016,453.1303405761719,471.3420104980469,0.22735941410064697,294.5346984863281
2026-07-09 14:00:00,23.256168365478516,453.88922119140625,471.1427001953125,0.2272892594337463,295.0279846191406
2026-07-09 14:15:00,23.32522964477539,458.0236206054687,474.7195739746094,0.22906146943569183,297.71533203125
2026-07-09 14:30:00,23.334232330322266,456.3162536621094,472.8573303222656,0.22815142571926117,296.6055603027344
2026-07-09 14:45:00,23.469425201416016,458.89215087890625,474.1317138671875,0.2288136929273605,298.2798767089844
2026-07-09 15:00:00,23.55960464477539,462.4686279296875,476.8938598632813,0.2301924824714661,300.6045837402344
2026-07-09 15:15:00,23.589664459228516,462.6529235839844,476.7735595703125,0.23014171421527865,300.7243957519531
2026-07-09 15:30:00,23.64978408813477,465.4215087890625,479.00341796875,0.23125146329402924,302.5239562988281
2026-07-09 15:45:00,23.71597671508789,465.5203247070313,478.4207153320313,0.23098355531692505,302.58819580078125
2026-07-09 16:00:00,23.700931549072266,468.7849731445313,481.9323120117187,0.2327018976211548,304.7102355957031
2026-07-09 16:15:00,23.66785049438477,469.9509887695313,483.4762878417969,0.23345047235488892,305.4681396484375
2026-07-09 16:30:00,23.62271499633789,470.1690368652344,484.1727600097656,0.2337799221277237,305.60986328125
2026-07-09 16:45:00,23.53854751586914,469.871826171875,484.7490234375,0.2340395599603653,305.41668701171875
2026-07-09 17:00:00,23.454410552978516,471.7368469238281,487.5618286132813,0.2353965789079666,306.6289367675781
2026-07-09 17:15:00,23.343265533447266,471.1094055175781,488.0907897949219,0.2356247901916504,306.2210998535156
2026-07-09 17:30:00,23.25918960571289,487.5530395507813,506.0528564453125,0.2444256991147995,316.9094543457031
2026-07-09 17:45:00,23.15710830688477,460.6972961425781,479.2444152832031,0.23123140633106232,299.4532165527344
2026-07-09 18:00:00,23.02811050415039,465.40570068359375,485.510498046875,0.23426687717437744,302.5137023925781
2026-07-09 18:15:00,22.94412612915039,479.3012390136719,500.9280090332031,0.24181212484836576,311.5458068847656
2026-07-09 18:30:00,22.84817886352539,481.1651306152344,503.9371337890625,0.24326170980930328,312.75732421875
2026-07-09 18:45:00,22.749271392822266,481.6455993652344,505.54010009765625,0.24401888251304624,313.06964111328125
2026-07-09 19:00:00,22.61746597290039,476.2987976074219,501.3846740722656,0.24193480610847473,309.5942077636719
2026-07-09 19:15:00,22.51266860961914,471.49566650390625,497.4810791015625,0.23998361825942993,306.47216796875
2026-07-09 19:30:00,22.44980239868164,467.4198303222656,493.8685302734375,0.23818950355052948,303.8228759765625
2026-07-09 19:45:00,22.35403823852539,474.90435791015625,502.8450317382813,0.24256692826747897,308.6878356933594
2026-07-09 20:00:00,22.246341705322266,471.6342468261719,500.5812683105469,0.2414189726114273,306.562255859375
2026-07-09 20:15:00,22.15662002563477,469.5395202636719,499.3565979003906,0.2407872974872589,305.20068359375
2026-07-09 20:30:00,22.01309585571289,469.9904479980469,501.4434509277344,0.24176324903964996,305.4937744140625
2026-07-09 20:45:00,21.93240737915039,471.2263793945313,503.6726989746094,0.24283026158809665,306.2971496582031
2026-07-09 21:00:00,21.830814361572266,472.8185729980469,506.5296020507813,0.24419811367988584,307.3320617675781
2026-07-09 21:15:00,21.711368560791016,473.07281494140625,508.1675109863281,0.2449602037668228,307.497314453125
2026-07-09 21:30:00,21.63074111938477,472.3317565917969,508.29595947265625,0.24499402940273285,307.015625
2026-07-09 21:45:00,21.490421295166016,472.2839660644531,509.861328125,0.2457115203142166,306.98455810546875
2026-07-09 22:00:00,21.388980865478516,472.3796997070313,511.14019775390625,0.24630193412303925,307.0467834472656
2026-07-09 22:15:00,21.236820220947266,471.3155822753906,511.7581787109375,0.24654757976531985,306.3551025390625
2026-07-09 22:30:00,21.108585357666016,471.4802551269531,513.43829345703125,0.24732334911823273,306.462158203125
2026-07-09 22:45:00,21.004215240478516,474.7099304199219,518.19219970703125,0.2496187835931778,308.5614318847656
2026-07-09 23:00:00,20.91183853149414,473.4788208007813,517.94512939453125,0.24946017563343048,307.76123046875
2026-07-09 23:15:00,20.780704498291016,472.8232421875,518.79083251953125,0.24982242286205292,307.3350830078125
2026-07-09 23:30:00,20.66751480102539,470.4951171875,517.58624267578125,0.24918349087238312,305.8218078613281
2026-07-09 23:45:00,20.551334381103516,471.3412780761719,519.91253662109375,0.2502780258655548,306.371826171875
2026-07-10 00:00:00,20.438175201416016,460.6031494140625,509.4031066894531,0.2450675070285797,299.39202880859375
2026-07-10 00:15:00,20.322025299072266,470.07220458984375,521.2816162109375,0.2508522570133209,305.54693603515625
2026-07-10 00:30:00,20.22378921508789,466.02740478515625,517.98114013671875,0.24918745458126068,302.9178161621094
2026-07-10 00:45:00,20.12854385375977,467.9126281738281,521.23529052734375,0.2507440149784088,304.1431884765625
2026-07-10 01:00:00,20.045230865478516,467.1322021484375,521.382080078125,0.2507787048816681,303.63592529296875
2026-07-10 01:15:00,19.95297622680664,466.3028564453125,521.584228515625,0.2508361339569092,303.0968322753906
2026-07-10 01:30:00,19.85776138305664,466.9380187988281,523.46551513671875,0.25171661376953125,303.50970458984375
2026-07-10 01:45:00,19.78934097290039,464.1237182617187,521.14990234375,0.25054731965065,301.680419921875
2026-07-10 02:00:00,19.73279190063477,441.5205993652344,496.4315490722656,0.23839597404003143,286.9883728027344
2026-07-10 02:15:00,19.655460357666016,462.1072387695313,520.52899169921875,0.2501795291900635,300.36968994140625
2026-07-10 02:30:00,19.57516860961914,432.4223327636719,488.0180969238281,0.23420457541942596,281.0744934082031
2026-07-10 02:45:00,19.524600982666016,442.7639465332031,500.2888488769531,0.2401896566152573,287.79656982421875
2026-07-10 03:00:00,19.46213150024414,429.5060424804687,486.0289001464844,0.2331792265176773,279.1789245605469
2026-07-10 03:15:00,19.39670181274414,458.4660339355469,519.60791015625,0.24960313737392423,298.0028991699219
2026-07-10 03:30:00,19.352115631103516,434.3419799804687,492.7895812988281,0.2364358901977539,282.322265625
2026-07-10 03:45:00,19.26883316040039,457.3450622558594,519.91973876953125,0.24969345331192017,297.2742919921875
2026-07-10 04:00:00,19.212345123291016,429.8569030761719,489.3304748535156,0.23467665910720825,279.406982421875
2026-07-10 04:15:00,19.149906158447266,432.9137268066406,493.54693603515625,0.23670966923236847,281.3939208984375
2026-07-10 04:30:00,19.102359771728516,413.1346435546875,471.5343933105469,0.22592726349830627,268.5375061035156
2026-07-10 04:45:00,19.033939361572266,445.3751525878906,509.1673278808594,0.24430274963378903,289.49383544921875
2026-07-10 05:00:00,18.995304107666016,460.15478515625,526.55230712890625,0.2528113126754761,299.1005859375
2026-07-10 05:15:00,18.94180679321289,466.00396728515625,533.931884765625,0.2564079165458679,302.9025573730469
2026-07-10 05:30:00,18.852603912353516,461.6123352050781,530.0377197265625,0.25444844365119934,300.0480041503906
2026-07-10 05:45:00,18.79611587524414,462.515380859375,531.79901123046875,0.25528353452682495,300.6349792480469
2026-07-10 06:00:00,18.751529693603516,460.6899108886719,530.27093505859375,0.25450950860977173,299.44842529296875
2026-07-10 06:15:00,18.70398330688477,461.9266357421875,532.30621337890625,0.255483478307724,300.2522888183594
2026-07-10 06:30:00,18.662357330322266,460.12152099609375,530.7607421875,0.25470227003097534,299.0789794921875
2026-07-10 06:45:00,18.617740631103516,460.0704040527344,531.27593994140625,0.25493115186691284,299.0457458496094
2026-07-10 07:00:00,18.579105377197266,459.78753662109375,531.447265625,0.25499430298805237,298.86187744140625
2026-07-10 07:15:00,18.51669692993164,461.7806701660156,534.560791015625,0.2564888894557953,300.15740966796875
2026-07-10 07:30:00,18.48694229125977,462.4538269042969,535.7275390625,0.2570454180240631,300.594970703125
2026-07-10 07:45:00,18.460208892822266,462.1584777832031,535.73382568359375,0.25703370571136475,300.4029846191406
2026-07-10 08:00:00,18.439395904541016,463.8310241699219,537.9451904296875,0.2581081688404083,301.4901428222656
2026-07-10 08:15:00,18.430484771728516,461.7973937988281,535.702880859375,0.2570020258426666,300.1683044433594
2026-07-10 08:30:00,18.421573638916016,461.5065307617187,535.481689453125,0.2568884789943695,299.979248046875
2026-07-10 08:45:00,18.41263198852539,460.1876525878906,534.0677490234375,0.2561892867088318,299.1219482421875
2026-07-10 09:00:00,18.448307037353516,466.6503601074219,541.0975341796875,0.2596616744995117,303.3227233886719
2026-07-10 09:15:00,18.51669692993164,466.7904968261719,540.3602294921875,0.2593374252319336,303.413818359375
2026-07-10 09:30:00,18.611820220947266,463.0309143066406,534.77142333984375,0.2566443383693695,300.9700927734375
2026-07-10 09:45:00,18.65637588500977,467.822509765625,539.72216796875,0.25910064578056335,304.0846252441406
2026-07-10 10:00:00,18.77829360961914,469.7098388671875,540.30364990234375,0.25945234298706055,305.3113708496094
2026-07-10 10:15:00,18.85556411743164,472.13092041015625,542.07684326171875,0.2603653073310852,306.8851013183594
2026-07-10 10:30:00,19.00717544555664,477.41510009765625,546.1473388671875,0.2624475359916687,310.3197937011719
2026-07-10 10:45:00,19.10828018188477,481.9480895996094,549.9970703125,0.2643949091434479,313.2662353515625
2026-07-10 11:00:00,19.23019790649414,485.0255737304687,551.8966064453125,0.26539334654808044,315.2666015625
2026-07-10 11:15:00,19.349124908447266,486.4027404785156,551.895263671875,0.2654537260532379,316.1617736816406
2026-07-10 11:30:00,19.51865005493164,487.265625,550.65008544921875,0.2649259567260742,316.72265625
2026-07-10 11:45:00,19.68225479125977,487.4939270019531,548.77734375,0.2640843987464905,316.87103271484375
2026-07-10 12:00:00,19.84585952758789,491.2224731445313,550.84417724609375,0.2651815414428711,319.2945861816406
2026-07-10 12:15:00,19.89346694946289,492.3046569824219,551.43951416015625,0.265497624874115,319.9980163574219
2026-07-10 12:30:00,19.914310455322266,493.6202392578125,552.64215087890625,0.2661001682281494,320.8531494140625
2026-07-10 12:45:00,20.01248550415039,493.97113037109375,551.76141357421875,0.2657126188278198,321.08123779296875
2026-07-10 13:00:00,20.256534576416016,497.4207153320313,552.45196533203125,0.2661660611629486,323.3234558105469
2026-07-10 13:15:00,20.48581314086914,498.74212646484375,550.9732666015625,0.26554015278816223,324.182373046875
2026-07-10 13:30:00,20.53049087524414,500.119140625,551.92242431640625,0.26602789759635925,325.0774230957031
2026-07-10 13:45:00,20.65857315063477,502.222900390625,552.603759765625,0.2664199471473694,326.44488525390625
2026-07-10 14:00:00,20.697269439697266,502.5871276855469,552.510498046875,0.26639071106910706,326.6816101074219
2026-07-10 14:15:00,20.76282119750977,502.5562438964844,551.6417236328125,0.26599040627479553,326.66156005859375
2026-07-10 14:30:00,20.92972183227539,502.3140869140625,549.2628173828125,0.2648877501487732,326.504150390625
2026-07-10 14:45:00,21.05789566040039,504.24407958984375,549.755126953125,0.2651837170124054,327.7586364746094
2026-07-10 15:00:00,21.20700454711914,507.0165710449219,550.8970947265625,0.2658078372478485,329.5607604980469
2026-07-10 15:15:00,21.31436538696289,508.748046875,551.4276123046875,0.26611265540122986,330.68621826171875
2026-07-10 15:30:00,21.442691802978516,511.1356201171875,552.4019775390625,0.2666442394256592,332.2381286621094
2026-07-10 15:45:00,21.52029800415039,510.421142578125,550.659912109375,0.26581478118896484,331.77374267578125
2026-07-10 16:00:00,21.64267349243164,511.88726806640625,550.71478271484375,0.26588889956474304,332.7267150878906
2026-07-10 16:15:00,21.702396392822266,511.4997253417969,549.55633544921875,0.26533985137939453,332.4748229980469
2026-07-10 16:30:00,21.77109146118164,474.99267578125,509.5433349609375,0.24565787613391876,308.7452392578125
2026-07-10 16:45:00,21.76211929321289,513.4317626953125,550.8897705078125,0.2660204768180847,333.7306213378906
2026-07-10 17:00:00,21.77707290649414,514.1065673828125,551.42803955078125,0.2662917673587799,334.16925048828125
2026-07-10 17:15:00,21.77707290649414,514.71875,552.08465576171875,0.26661592721939087,334.5671691894531
2026-07-10 17:30:00,21.71432876586914,484.6533508300781,520.57232666015625,0.2510612905025482,315.024658203125
2026-07-10 17:45:00,21.63968276977539,505.5679931640625,543.95294189453125,0.2625516653060913,328.6191711425781
2026-07-10 18:00:00,21.54416275024414,460.9064636230469,496.97308349609375,0.23940198123455048,299.5892028808594
2026-07-10 18:15:00,21.47549819946289,515.17633056640625,556.35467529296875,0.26860830187797546,334.8645935058594
2026-07-10 18:30:00,21.41879653930664,511.30706787109375,552.8870849609375,0.2668742835521698,332.3495788574219
2026-07-10 18:45:00,21.32629776000977,514.12725830078125,557.1068115234375,0.26892054080963135,334.1827087402344
2026-07-10 19:00:00,21.263675689697266,514.0430908203125,557.81048583984375,0.2692427635192871,334.12799072265625
2026-07-10 19:15:00,21.177188873291016,512.884033203125,557.6517333984375,0.26912927627563477,333.3746032714844
2026-07-10 19:30:00,21.13245010375977,514.31561279296875,559.7801513671875,0.2701617181301117,334.3051452636719
2026-07-10 19:45:00,21.037052154541016,508.7786560058594,554.9637451171875,0.26774486899375916,330.70611572265625
2026-07-10 20:00:00,20.980411529541016,502.37799072265625,548.6939697265625,0.2646283507347107,326.5456848144531
2026-07-10 20:15:00,20.888004302978516,496.8001403808594,543.75433349609375,0.26215460896492004,322.9200744628906
2026-07-10 20:30:00,20.837345123291016,521.94097900390625,571.937255859375,0.27604231238365173,339.2616271972656
2026-07-10 20:45:00,20.72708511352539,506.3652648925781,556.28106689453125,0.268263578414917,329.1374206542969
2026-07-10 21:00:00,20.625797271728516,503.0729370117187,553.9586181640625,0.2670738995075226,326.9974060058594
2026-07-10 21:15:00,20.55429458618164,499.7643737792969,551.226806640625,0.26569536328315735,324.8468322753906
2026-07-10 21:30:00,20.46496963500977,504.2305908203125,557.30596923828125,0.2686539888381958,327.7498779296875
2026-07-10 21:45:00,20.363712310791016,506.4310302734375,561.056640625,0.27045878767967224,329.1801452636719
2026-07-10 22:00:00,20.26547622680664,496.2117614746094,550.99432373046875,0.2654516398906708,322.5376281738281
2026-07-10 22:15:00,20.194034576416016,501.3270263671875,557.603271484375,0.26867732405662537,325.862548828125
2026-07-10 22:30:00,20.089847564697266,500.856201171875,558.4385986328125,0.2690407335758209,325.5565185546875
2026-07-10 22:45:00,20.021427154541016,499.2220764160156,557.50970458984375,0.26855045557022095,324.49432373046875
2026-07-10 23:00:00,19.947025299072266,506.6481018066406,566.791748046875,0.273093581199646,329.3212585449219
2026-07-10 23:15:00,19.86966323852539,492.0161437988281,551.425048828125,0.2654791474342346,319.81048583984375
2026-07-10 23:30:00,19.783390045166016,505.680419921875,567.892333984375,0.2735568881034851,328.6922607421875
2026-07-10 23:45:00,19.720890045166016,506.3101806640625,569.43896484375,0.2742891013622284,329.1015930175781
2026-07-11 00:00:00,19.631656646728516,507.45318603515625,571.9298095703125,0.2754736542701721,329.8445739746094
2026-07-11 00:15:00,19.56921768188477,505.9700012207031,571.1021728515625,0.2750335931777954,328.8804931640625
2026-07-11 00:30:00,19.51865005493164,505.1685485839844,570.8818359375,0.27489909529685974,328.35955810546875
2026-07-11 00:45:00,19.44131851196289,441.77496337890625,500.1597595214844,0.24008722603321075,287.1537170410156
2026-07-11 01:00:00,19.37887954711914,504.18994140625,571.672119140625,0.2752169966697693,327.72344970703125
2026-07-11 01:15:00,19.328311920166016,456.27630615234375,517.96929931640625,0.2487654685974121,296.57958984375
2026-07-11 01:30:00,19.265872955322266,502.3976135253906,571.17681884765625,0.274913489818573,326.5584411621094
2026-07-11 01:45:00,19.20047378540039,501.8900146484375,571.4920654296875,0.2750343680381775,326.2284851074219
2026-07-11 02:00:00,19.14694595336914,501.3601379394531,571.620361328125,0.27506911754608154,325.8840637207031
2026-07-11 02:15:00,19.078556060791016,493.3999328613281,563.46728515625,0.271013081073761,320.7099304199219
2026-07-11 02:30:00,19.02502822875977,506.8101806640625,579.52581787109375,0.2789033055305481,329.4266052246094
2026-07-11 02:45:00,18.95663833618164,502.0951232910156,575.0787353515625,0.27667170763015747,326.36181640625
2026-07-11 03:00:00,18.903141021728516,463.9706726074219,532.09722900390625,0.2554864287376404,301.5809326171875
2026-07-11 03:15:00,18.84665298461914,462.2607421875,530.8583984375,0.25484833121299744,300.469482421875
2026-07-11 03:30:00,18.77234268188477,498.4564208984375,573.45306396484375,0.2757677733898163,323.9966735839844
2026-07-11 03:45:00,18.70398330688477,499.9211730957031,576.089599609375,0.27702927589416504,324.9487609863281
2026-07-11 04:00:00,18.62668228149414,498.1366271972656,575.1090087890625,0.27650177478790283,323.7887878417969
2026-07-11 04:15:00,18.576114654541016,491.73870849609375,568.41937255859375,0.2731759548187256,319.6301574707031
2026-07-11 04:30:00,18.54343032836914,501.4256286621094,580.07708740234375,0.278903603553772,325.9266357421875
2026-07-11 04:45:00,18.44534683227539,482.9290161132813,560.01361083984375,0.26896196603775024,313.9038391113281
2026-07-11 05:00:00,18.409671783447266,498.2790222167969,578.31622314453125,0.27795714139938354,323.88134765625
2026-07-11 05:15:00,18.36508560180664,498.10736083984375,578.745849609375,0.27814266085624695,323.769775390625
2026-07-11 05:30:00,18.28482437133789,498.9230651855469,580.83111572265625,0.279122918844223,324.29998779296875
2026-07-11 05:45:00,18.219425201416016,498.871826171875,581.70147705078125,0.2795127034187317,324.26666259765625
2026-07-11 06:00:00,18.15994644165039,499.4537048339844,583.22943115234375,0.28022992610931396,324.6448974609375
2026-07-11 06:15:00,18.14212417602539,499.1571960449219,583.1380615234375,0.28017398715019226,324.4521789550781
2026-07-11 06:30:00,18.10348892211914,497.4472351074219,581.69171142578125,0.279437392950058,323.3406982421875
2026-07-11 06:45:00,18.04700088500977,498.0840759277344,583.2454833984375,0.2801685333251953,323.754638671875
2026-07-11 07:00:00,17.996463775634766,496.9349670410156,582.62396240234375,0.2798309028148651,323.0077209472656
2026-07-11 07:15:00,17.945926666259766,497.5667724609375,584.09149169921875,0.28052276372909546,323.41839599609375
2026-07-11 07:30:00,17.901309967041016,492.7408142089844,579.06317138671875,0.2780170440673828,320.2815246582031
2026-07-11 07:45:00,17.862674713134766,496.1550598144531,583.632080078125,0.28024402260780334,322.5007629394531
2026-07-11 08:00:00,17.829959869384766,495.4772644042969,583.30615234375,0.280062735080719,322.0602111816406
2026-07-11 08:15:00,17.78537368774414,492.3859252929687,580.30645751953125,0.27855658531188965,320.05084228515625
2026-07-11 08:30:00,17.77347183227539,491.5376892089844,579.4775390625,0.27814069390296936,319.4994812011719
2026-07-11 08:45:00,17.779422760009766,494.2514953613281,582.59100341796875,0.2796782851219177,321.2634582519531
2026-07-11 09:00:00,17.83292007446289,495.2247619628906,582.96624755859375,0.27989712357521057,321.8960876464844
2026-07-11 09:15:00,17.88943862915039,502.442138671875,590.6370849609375,0.2837143540382385,326.5873718261719
2026-07-11 09:30:00,17.975650787353516,501.13140869140625,587.84521484375,0.2823919653892517,325.73541259765625
2026-07-11 09:45:00,18.014286041259766,498.8029479980469,584.55755615234375,0.2807950973510742,324.2218933105469
2026-07-11 10:00:00,18.13025283813477,501.781005859375,586.37408447265625,0.28176236152648926,326.15765380859375
2026-07-11 10:15:00,18.28482437133789,502.4519653320313,584.9393310546875,0.281148761510849,326.5937805175781
2026-07-11 10:30:00,18.36209487915039,479.7988586425781,557.51409912109375,0.26768413186073303,311.8692321777344
2026-07-11 10:45:00,18.52261734008789,506.0526428222656,585.72601318359375,0.28167808055877686,328.9342041015625
2026-07-11 11:00:00,18.692081451416016,511.58306884765625,589.69818115234375,0.2837372124195099,332.52899169921875
2026-07-11 11:15:00,18.870426177978516,509.3573913574219,584.60882568359375,0.2813262939453125,331.0823059082031
2026-07-11 11:30:00,18.998294830322266,510.1532897949219,583.72332763671875,0.28096041083335876,331.5996398925781
2026-07-11 11:45:00,19.182621002197266,514.865234375,586.51708984375,0.28244081139564514,334.6623840332031
2026-07-11 12:00:00,19.36697769165039,515.968505859375,585.1929931640625,0.2818855941295624,335.3795166015625
2026-07-11 12:15:00,19.38479995727539,516.47589111328125,585.5198974609375,0.2820565104484558,335.7093200683594
2026-07-11 12:30:00,19.414554595947266,520.9669189453125,590.1932373046875,0.2843814194202423,338.62847900390625
2026-07-11 12:45:00,19.51865005493164,517.560302734375,584.885498046875,0.28181323409080505,336.4141845703125
2026-07-11 13:00:00,19.81015396118164,520.50054931640625,584.16705322265625,0.2816069424152374,338.3253479003906
2026-07-11 13:15:00,20.11069107055664,523.492431640625,583.39251708984375,0.2813718318939209,340.27008056640625
2026-07-11 13:30:00,20.378604888916016,528.333251953125,585.11859130859375,0.28235238790512085,343.4165954589844
2026-07-11 13:45:00,20.36075210571289,528.5709228515625,585.625,0.2825944721698761,343.5710754394531
2026-07-11 14:00:00,20.37561416625977,527.57220458984375,584.31640625,0.28195425868034363,342.9219055175781
2026-07-11 14:15:00,20.49771499633789,523.66400146484375,578.34539794921875,0.27905842661857605,340.381591796875
2026-07-11 14:30:00,20.640689849853516,529.28033447265625,582.6162109375,0.2812349498271942,344.0321960449219
2026-07-11 14:45:00,20.85818862915039,529.7552490234375,580.2218017578125,0.28014713525772095,344.3409118652344
2026-07-11 15:00:00,21.045963287353516,534.87005615234375,583.30462646484375,0.2817533612251282,347.66552734375
2026-07-11 15:15:00,21.13245010375977,533.71893310546875,580.898681640625,0.2805996537208557,346.91729736328125
2026-07-11 15:30:00,21.17419815063477,534.8883056640625,581.61639404296875,0.28097233176231384,347.6773986816406
2026-07-11 15:45:00,21.239810943603516,534.76727294921875,580.61492919921875,0.2805041968822479,347.5987243652344
2026-07-11 16:00:00,21.266666412353516,532.4161376953125,577.70849609375,0.2790774405002594,346.0704650878906
2026-07-11 16:15:00,21.29947280883789,533.09210205078125,578.0098876953125,0.27924004197120667,346.5098571777344
2026-07-11 16:30:00,21.30246353149414,527.8311767578125,572.2667236328125,0.27640095353126526,343.0902404785156
2026-07-11 16:45:00,21.382999420166016,534.15057373046875,578.05816650390625,0.2792980670928955,347.1978454589844
2026-07-11 17:00:00,21.44565200805664,537.52081298828125,580.8782958984375,0.28071892261505127,349.3885192871094
2026-07-11 17:15:00,21.40686416625977,536.27728271484375,580.04510498046875,0.2802908718585968,348.5802307128906
2026-07-11 17:30:00,21.335269927978516,533.78900146484375,578.29412841796875,0.27939534187316895,346.96282958984375
2026-07-11 17:45:00,21.26962661743164,527.994873046875,572.8724365234375,0.27668699622154236,343.1966552734375
2026-07-11 18:00:00,21.15628433227539,533.1505126953125,579.96405029296875,0.2801473140716553,346.5478210449219
2026-07-11 18:15:00,21.07278823852539,532.93145751953125,580.8336181640625,0.2805422246456146,346.4054260253906
2026-07-11 18:30:00,21.037052154541016,531.75048828125,580.02093505859375,0.2801249921321869,345.6378173828125
2026-07-11 18:45:00,20.92673110961914,523.85321044921875,572.85443115234375,0.27653414011001587,340.50457763671875
2026-07-11 19:00:00,20.82242202758789,534.4276123046875,585.8211669921875,0.28290149569511414,347.3779296875
2026-07-11 19:15:00,20.76877212524414,519.19000244140625,569.82196044921875,0.2749672532081604,337.4734802246094
2026-07-11 19:30:00,20.69430923461914,534.05389404296875,587.14306640625,0.28349852561950684,347.135009765625
2026-07-11 19:45:00,20.593021392822266,534.8001708984375,589.3416748046875,0.2845406234264374,347.6200866699219
2026-07-11 20:00:00,20.518558502197266,536.8350830078125,592.60528564453125,0.286121666431427,348.9427795410156
2026-07-11 20:15:00,20.417301177978516,536.137451171875,593.22772216796875,0.2863825559616089,348.48931884765625
2026-07-11 20:30:00,20.36075210571289,534.66278076171875,592.3743896484375,0.28593361377716064,347.5307922363281
2026-07-11 20:45:00,20.22677993774414,531.373779296875,590.57122802734375,0.2849777042865753,345.3929443359375
2026-07-11 21:00:00,20.12854385375977,534.0584716796875,594.91900634765625,0.2870815396308899,347.13800048828125
2026-07-11 21:15:00,20.00949478149414,533.2418212890625,595.668212890625,0.2873937785625458,346.607177734375
2026-07-11 21:30:00,19.89050674438477,531.70501708984375,595.614013671875,0.28730759024620056,345.6082458496094
2026-07-11 21:45:00,19.78934097290039,531.57037353515625,596.8836669921875,0.28788456320762634,345.5207214355469
2026-07-11 22:00:00,19.711978912353516,530.16278076171875,596.39111328125,0.2876012623310089,344.6058044433594
2026-07-11 22:15:00,19.66736221313477,533.250244140625,600.49713134765625,0.28960973024368286,346.6126403808594
2026-07-11 22:30:00,19.578128814697266,527.895263671875,595.72393798828125,0.2872018814086914,343.13189697265625
2026-07-11 22:45:00,19.51865005493164,528.29791259765625,597.0198974609375,0.28781160712242126,343.39361572265625
2026-07-11 23:00:00,19.444278717041016,528.75140380859375,598.5888671875,0.28854823112487793,343.6883850097656
2026-07-11 23:15:00,19.39078140258789,531.6422119140625,602.6279296875,0.290517657995224,345.5674133300781
2026-07-11 23:30:00,19.337223052978516,526.89288330078125,598.0068359375,0.2882029712200165,342.4803466796875
2026-07-11 23:45:00,19.277774810791016,527.9671630859375,600.07635498046875,0.2891942262649536,343.17864990234375
2026-07-12 00:00:00,19.182621002197266,520.8851318359375,593.374755859375,0.28582897782325745,338.5753173828125
2026-07-12 00:15:00,19.120182037353516,502.6414184570313,573.44866943359375,0.27595657110214233,326.7169189453125
2026-07-12 00:30:00,19.05179214477539,531.00531005859375,606.80242919921875,0.2923959195613861,345.1534423828125
2026-07-12 00:45:00,18.98044204711914,542.7139892578125,621.24615478515625,0.29950493574142456,352.7640686035156
2026-07-12 01:00:00,18.90610122680664,527.64447021484375,605.07733154296875,0.29145973920822144,342.9689025878906
2026-07-12 01:15:00,18.843692779541016,526.6383056640625,604.83251953125,0.29130274057388306,342.31488037109375
2026-07-12 01:30:00,18.781253814697266,526.9681396484375,606.12408447265625,0.2919051945209503,342.5292663574219
2026-07-12 01:45:00,18.709903717041016,524.895751953125,604.78277587890625,0.2912002205848694,341.1822204589844
2026-07-12 02:00:00,18.650455474853516,526.6142578125,607.63677978515625,0.29257631301879883,342.29925537109375
2026-07-12 02:15:00,18.56424331665039,527.29974365234375,609.70147705078125,0.29354581236839294,342.74481201171875
2026-07-12 02:30:00,18.528568267822266,527.4112548828125,610.35906982421875,0.29384952783584595,342.8172912597656
2026-07-12 02:45:00,18.47507095336914,529.09210205078125,613.10137939453125,0.2951732873916626,343.90985107421875
2026-07-12 03:00:00,18.430484771728516,529.385986328125,614.10821533203125,0.29564398527145386,344.10089111328125
2026-07-12 03:15:00,18.379947662353516,531.70947265625,617.5638427734375,0.297322154045105,345.61114501953125
2026-07-12 03:30:00,18.338321685791016,528.3927001953125,614.33526611328125,0.2956993877887726,343.4552307128906
2026-07-12 03:45:00,18.28183364868164,526.45452880859375,612.92718505859375,0.29496800899505615,342.1954345703125
2026-07-12 04:00:00,18.207523345947266,526.287353515625,613.84783935546875,0.29537659883499146,342.0867614746094
2026-07-12 04:15:00,18.127262115478516,527.89666748046875,616.937744140625,0.29685351252555847,343.1328125
2026-07-12 04:30:00,18.05295181274414,475.157470703125,556.3175048828125,0.26691436767578125,308.85235595703125
2026-07-12 04:45:00,18.03213882446289,519.55218505859375,608.6065673828125,0.2926749885082245,337.7088928222656
2026-07-12 05:00:00,17.984561920166016,523.17266845703125,613.5657958984375,0.29509493708610535,340.0622253417969
2026-07-12 05:15:00,17.91617202758789,527.2259521484375,619.362548828125,0.29791587591171265,342.6968688964844
2026-07-12 05:30:00,17.883487701416016,529.30450439453125,622.30609130859375,0.299349844455719,344.04791259765625
2026-07-12 05:45:00,17.874576568603516,533.67401123046875,627.58148193359375,0.3019532263278961,346.8880920410156
2026-07-12 06:00:00,17.821048736572266,533.22882080078125,627.887939453125,0.3020690679550171,346.5987243652344
2026-07-12 06:15:00,17.746707916259766,529.8023681640625,625.002197265625,0.3005917966365814,344.37152099609375
2026-07-12 06:30:00,17.716983795166016,532.60107421875,628.76678466796875,0.302433580160141,346.190673828125
2026-07-12 06:45:00,17.708072662353516,529.83978271484375,625.64508056640625,0.3008836507797241,344.3958435058594
2026-07-12 07:00:00,17.66049575805664,526.979736328125,623.00286865234375,0.2995449900627136,342.53680419921875
2026-07-12 07:15:00,17.63370132446289,525.89190673828125,622.1307373046875,0.29909566044807434,341.8297119140625
2026-07-12 07:30:00,17.612918853759766,523.39990234375,619.50250244140625,0.2977825701236725,340.2099304199219
2026-07-12 07:45:00,17.556400299072266,524.45013427734375,621.61883544921875,0.2987898588180542,340.892578125
2026-07-12 08:00:00,17.52963638305664,524.88092041015625,622.544189453125,0.2992287874221802,341.1725769042969
2026-07-12 08:15:00,17.502872467041016,524.845947265625,622.91796875,0.29939502477645874,341.14984130859375
2026-07-12 08:30:00,17.47909927368164,528.1033935546875,627.15570068359375,0.3014732301235199,343.2671813964844
2026-07-12 08:45:00,17.47311782836914,527.2059326171875,626.18328857421875,0.3009883761405945,342.683837890625
2026-07-12 09:00:00,17.51773452758789,527.56671142578125,625.91522216796875,0.3008868396282196,342.9183349609375
2026-07-12 09:15:00,17.556400299072266,529.3193359375,627.39019775390625,0.3016428053379059,344.05755615234375
2026-07-12 09:30:00,17.64859390258789,529.8125,626.53692626953125,0.30128422379493713,344.37811279296875
2026-07-12 09:45:00,17.74374771118164,532.08441162109375,627.74029541015625,0.30194398760795593,345.8548583984375
2026-07-12 10:00:00,17.82699966430664,533.779296875,628.44366455078125,0.30234798789024353,346.95654296875
2026-07-12 10:15:00,17.934024810791016,533.4735107421875,626.42608642578125,0.30142101645469666,346.7577819824219
2026-07-12 10:30:00,17.972660064697266,537.33233642578125,630.356689453125,0.3033915162086487,349.2659912109375
2026-07-12 10:45:00,18.067813873291016,539.375,631.27313232421875,0.30390772223472595,350.59375
2026-07-12 11:00:00,18.10348892211914,542.0845947265625,633.8885498046875,0.3052259683609009,352.35498046875
2026-07-12 11:15:00,18.35318374633789,542.9935302734375,631.08197021484375,0.30399656295776367,352.9457702636719
2026-07-12 11:30:00,18.472110748291016,544.9327392578125,631.502685546875,0.3042796552181244,354.2062683105469
2026-07-12 11:45:00,18.63260269165039,544.7945556640625,628.88629150390625,0.30308255553245544,354.116455078125
2026-07-12 12:00:00,18.781253814697266,546.37945556640625,628.451171875,0.30295681953430176,355.1466369628906
2026-07-12 12:15:00,18.915042877197266,548.9703369140625,629.39727783203125,0.30350518226623535,356.8307189941406
2026-07-12 12:30:00,19.066654205322266,549.53082275390625,627.74847412109375,0.3027764856815338,357.19500732421875
2026-07-12 12:45:00,19.161808013916016,552.59320068359375,629.80908203125,0.30385270714759827,359.1855773925781
2026-07-12 13:00:00,19.408634185791016,552.56463623046875,626.077880859375,0.3021417260169983,359.1669921875
2026-07-12 13:15:00,19.63760757446289,555.97833251953125,626.53228759765625,0.3024919629096985,361.3858947753906
2026-07-12 13:30:00,19.75363540649414,555.91015625,624.74005126953125,0.30166497826576233,361.3415832519531
2026-07-12 13:45:00,19.914310455322266,558.677001953125,625.4776611328125,0.3021150529384613,363.1400451660156
2026-07-12 14:00:00,20.09579849243164,560.51263427734375,624.8665771484375,0.3019048869609833,364.3331909179687
2026-07-12 14:15:00,20.25357437133789,563.11651611328125,625.4591064453125,0.3022781014442444,366.0257263183594
2026-07-12 14:30:00,20.348819732666016,564.3310546875,625.418701171875,0.30230507254600525,366.815185546875
2026-07-12 14:45:00,20.500675201416016,566.07708740234375,625.1444091796875,0.3022426664829254,367.9501037597656
2026-07-12 15:00:00,20.55429458618164,563.7890625,621.84429931640625,0.3006303906440735,366.462890625
2026-07-12 15:15:00,20.66153335571289,563.02984619140625,619.46820068359375,0.29950180649757385,365.9693908691406
2026-07-12 15:30:00,20.74792861938477,569.66375732421875,625.51849365234375,0.3025454878807068,370.2814331054687
2026-07-12 15:45:00,20.89096450805664,563.65106201171875,616.881591796875,0.2983238697052002,366.3731689453125
2026-07-12 16:00:00,20.995304107666016,569.91778564453125,622.24798583984375,0.30103471875190735,370.446533203125
2026-07-12 16:15:00,21.025089263916016,575.074951171875,627.45013427734375,0.30363181233406067,373.7987060546875
2026-07-12 16:30:00,21.13245010375977,574.956787109375,625.7818603515625,0.30285099148750305,373.7218933105469
2026-07-12 16:45:00,21.171207427978516,578.08209228515625,628.6265869140625,0.30428144335746765,375.75335693359375
2026-07-12 17:00:00,21.12051773071289,576.18280029296875,627.287353515625,0.30359357595443726,374.518798828125
2026-07-12 17:15:00,21.129459381103516,577.817138671875,628.93804931640625,0.3044177293777466,375.58111572265625
2026-07-12 17:30:00,21.144351959228516,577.84124755859375,628.75030517578125,0.3043310344219208,375.5968017578125
2026-07-12 17:45:00,21.07577896118164,574.600341796875,626.205078125,0.30303600430488586,373.4902038574219
2026-07-12 18:00:00,21.08176040649414,575.967529296875,627.60906982421875,0.3037361800670624,374.3788757324219
2026-07-12 18:15:00,20.968448638916016,574.87945556640625,628.05194091796875,0.3039051592350006,373.671630859375
2026-07-12 18:30:00,20.91183853149414,576.31884765625,630.44329833984375,0.30506736040115356,374.6072387695313
2026-07-12 18:45:00,20.816471099853516,576.438720703125,631.95892333984375,0.3057763874530792,374.6851501464844
2026-07-12 19:00:00,20.765811920166016,576.3902587890625,632.64361572265625,0.3060929477214813,374.6536560058594
2026-07-12 19:15:00,20.68835830688477,572.9393310546875,629.9805908203125,0.3047335743904114,372.4105529785156
2026-07-12 19:30:00,20.60495376586914,573.658447265625,631.9884033203125,0.30569130182266235,372.87799072265625
2026-07-12 19:45:00,20.503665924072266,570.66827392578125,630.1708984375,0.3047398626804352,370.9343566894531
2026-07-12 20:00:00,20.408390045166016,572.8909912109375,634.02618408203125,0.3066082298755646,372.3791198730469
2026-07-12 20:15:00,20.27438735961914,569.7252197265625,632.49237060546875,0.3057800531387329,370.3213806152344
2026-07-12 20:30:00,20.182132720947266,568.62701416015625,632.63385009765625,0.30580392479896545,369.6075439453125
2026-07-12 20:45:00,20.01843643188477,565.213134765625,631.25,0.3050333261489868,367.3885192871094
2026-07-12 21:00:00,19.896427154541016,564.41558837890625,632.168212890625,0.3054257035255432,366.8701171875
2026-07-12 21:15:00,19.750675201416016,567.7825927734375,638.12701416015625,0.3083065450191498,369.0586853027344
2026-07-12 21:30:00,19.598941802978516,564.86444091796875,637.1290283203125,0.30772876739501953,367.161865234375
2026-07-12 21:45:00,19.414554595947266,559.59283447265625,633.9517822265625,0.306050181388855,363.7353210449219
2026-07-12 22:00:00,19.310489654541016,560.71380615234375,636.79827880859375,0.30740395188331604,364.4639587402344
2026-07-12 22:15:00,19.20938491821289,557.92449951171875,635.16204833984375,0.3065345883369446,362.6509094238281
2026-07-12 22:30:00,19.14395523071289,551.94647216796875,629.34088134765625,0.30361035466194153,358.76519775390625
2026-07-12 22:45:00,19.048831939697266,521.50836181640625,595.9921875,0.28704875707626343,338.98040771484375
2026-07-12 23:00:00,18.965579986572266,548.81524658203125,628.454833984375,0.30306777358055115,356.7298889160156
2026-07-12 23:15:00,18.88827896118164,558.56365966796875,640.80902099609375,0.30914750695228577,363.0663757324219
2026-07-12 23:30:00,18.760440826416016,564.67620849609375,649.822998046875,0.31354251503944397,367.0395202636719
2026-07-12 23:45:00,18.67126846313477,551.53924560546875,636.07586669921875,0.30666887760162354,358.50048828125
2026-07-13 00:00:00,18.608829498291016,549.889404296875,635.13360595703125,0.306163489818573,357.4281005859375
2026-07-13 00:15:00,18.56424331665039,540.09075927734375,624.4913330078125,0.30086416006088257,351.0589904785156
2026-07-13 00:30:00,18.49289321899414,551.79437255859375,639.13116455078125,0.3080727756023407,358.66632080078125
2026-07-13 00:45:00,18.45425796508789,549.2764892578125,636.813232421875,0.30689963698387146,357.0296936035156
2026-07-13 01:00:00,18.37698745727539,547.2989501953125,635.71649169921875,0.3063074052333832,355.7442932128906
2026-07-13 01:15:00,18.26697158813477,512.4384765625,596.8258056640625,0.2870034873485565,333.0849914550781
2026-07-13 01:30:00,18.207523345947266,534.9320068359375,623.9307861328125,0.3003638684749603,347.7057800292969
2026-07-13 01:45:00,18.106449127197266,543.75408935546875,635.79461669921875,0.3061717748641968,353.4401550292969
2026-07-13 02:00:00,18.035099029541016,545.84393310546875,639.35833740234375,0.3078899085521698,354.7985534667969
2026-07-13 02:15:00,17.98160171508789,539.380126953125,632.61962890625,0.304517537355423,350.5970764160156
2026-07-13 02:30:00,17.89834976196289,539.38055419921875,633.9200439453125,0.3051058351993561,350.59735107421875
2026-07-13 02:45:00,17.859683990478516,534.154052734375,628.3770751953125,0.3023369014263153,347.20013427734375
2026-07-13 03:00:00,17.809146881103516,540.58148193359375,636.7332763671875,0.3064383566379547,351.3779602050781
2026-07-13 03:15:00,17.72293472290039,536.85382080078125,633.69384765625,0.30487531423568726,348.9549560546875
2026-07-13 03:30:00,17.69614028930664,535.43328857421875,632.4371337890625,0.30423516035079956,348.0316162109375
2026-07-13 03:45:00,17.69614028930664,537.2427978515625,634.574462890625,0.3052927851676941,349.2077941894531
2026-07-13 04:00:00,17.62778091430664,541.72943115234375,640.96075439453125,0.3084065616130829,352.1241149902344
2026-07-13 04:15:00,17.59506607055664,538.62603759765625,637.807373046875,0.30682283639907837,350.1069030761719
2026-07-13 04:30:00,17.46719741821289,531.987548828125,631.9559326171875,0.30383849143981934,345.7919006347656
2026-07-13 04:45:00,17.44638442993164,540.93121337890625,642.9140625,0.30924558639526367,351.60528564453125
2026-07-13 05:00:00,17.39877700805664,540.72589111328125,643.4345703125,0.30946919322013855,351.4718017578125
2026-07-13 05:15:00,17.363101959228516,536.176025390625,638.58978271484375,0.307046115398407,348.514404296875
2026-07-13 05:30:00,17.327396392822266,520.18243408203125,620.09503173828125,0.2978780269622803,338.1185607910156
2026-07-13 05:45:00,17.24710464477539,536.2669677734375,640.5565185546875,0.3079353868961334,348.5735168457031
2026-07-13 06:00:00,17.137027740478516,533.4075927734375,638.9051513671875,0.3070380687713623,346.7149353027344
2026-07-13 06:15:00,17.125125885009766,538.16900634765625,644.80133056640625,0.3099459111690521,349.8098449707031
2026-07-13 06:30:00,17.10727310180664,535.6678466796875,642.093017578125,0.308592826128006,348.18408203125
2026-07-13 06:45:00,17.068607330322266,514.34686279296875,617.13665771484375,0.29623308777809143,334.325439453125
2026-07-13 07:00:00,17.05374526977539,533.12255859375,639.90423583984375,0.3074705898761749,346.5296630859375
2026-07-13 07:15:00,17.012088775634766,531.9664306640625,639.18768310546875,0.307085245847702,345.7781677246094
2026-07-13 07:30:00,17.020999908447266,529.95556640625,636.62835693359375,0.3058265745639801,344.4710998535156
2026-07-13 07:45:00,17.000186920166016,533.8035888671875,641.58782958984375,0.30826321244239807,346.9723205566406
2026-07-13 08:00:00,16.96744155883789,482.0543518066406,579.8687744140625,0.27779802680015564,313.3353271484375
2026-07-13 08:15:00,16.976383209228516,486.2326049804687,584.76275634765625,0.28021207451820374,316.0511779785156
2026-07-13 08:30:00,16.95853042602539,532.74676513671875,640.9915771484375,0.3079370856285095,346.2853698730469
2026-07-13 08:45:00,16.961490631103516,530.80242919921875,638.6043701171875,0.3067590296268463,345.0215759277344
2026-07-13 09:00:00,17.023990631103516,534.026611328125,641.470458984375,0.3082229793071747,347.1172790527344
2026-07-13 09:15:00,17.077518463134766,526.4266357421875,631.48876953125,0.30332791805267334,342.17730712890625
2026-07-13 09:30:00,17.217350006103516,536.36383056640625,641.15069580078125,0.3082076609134674,348.636474609375
2026-07-13 09:45:00,17.264957427978516,531.92840576171875,635.08978271484375,0.3052443861961365,345.7534484863281
2026-07-13 10:00:00,17.333377838134766,538.40203857421875,641.71807861328125,0.3085726201534271,349.9613037109375
2026-07-13 10:15:00,17.366092681884766,538.86260986328125,641.74151611328125,0.3086077868938446,350.26068115234375
2026-07-13 10:30:00,17.568302154541016,539.547119140625,639.32354736328125,0.30755454301834106,350.70562744140625
2026-07-13 10:45:00,17.66940689086914,542.03704833984375,640.66217041015625,0.3082876205444336,352.3240661621094
2026-07-13 11:00:00,17.79129409790039,543.71636962890625,640.70867919921875,0.30839452147483826,353.4156188964844
2026-07-13 11:15:00,17.945926666259766,544.53033447265625,639.2218017578125,0.30776283144950867,353.9447021484375
2026-07-13 11:30:00,18.088626861572266,547.22039794921875,640.1278076171875,0.308306485414505,355.6932373046875
2026-07-13 11:45:00,18.275882720947266,549.2337646484375,639.54107666015625,0.3081378936767578,357.0019226074219
2026-07-13 12:00:00,18.36804580688477,546.89849853515625,635.389892578125,0.30613991618156433,355.4840087890625
2026-07-13 12:15:00,18.608829498291016,548.74688720703125,633.81396484375,0.305509477853775,356.6854553222656
2026-07-13 12:30:00,18.79312515258789,556.27655029296875,639.6514892578125,0.3085159957408905,361.5797424316406
2026-07-13 12:45:00,18.97153091430664,558.21002197265625,639.12139892578125,0.3083600103855133,362.83648681640625
2026-07-13 13:00:00,19.129093170166016,556.97442626953125,635.2999267578125,0.306556761264801,362.0333557128906
2026-07-13 13:15:00,19.34021377563477,562.573486328125,638.45770263671875,0.3082442581653595,365.6727600097656
2026-07-13 13:30:00,19.51565933227539,561.23370361328125,634.28509521484375,0.30627158284187317,364.8018798828125
2026-07-13 13:45:00,19.792301177978516,566.26873779296875,635.801025390625,0.3071739673614502,368.0746765136719
2026-07-13 14:00:00,19.90237808227539,573.90948486328125,642.71185302734375,0.3106645941734314,373.0411376953125
2026-07-13 14:15:00,20.054141998291016,571.9171142578125,638.20281982421875,0.3085041642189026,371.7461242675781
2026-07-13 14:30:00,20.18808364868164,572.7698974609375,637.154541015625,0.30805209279060364,372.3004150390625
2026-07-13 14:45:00,20.38754653930664,577.864990234375,639.8409423828125,0.309486985206604,375.61224365234375
2026-07-13 15:00:00,20.48581314086914,578.17657470703125,638.72650146484375,0.3089815676212311,375.8147583007813
2026-07-13 15:15:00,20.622806549072266,582.9300537109375,641.9376220703125,0.31064432859420776,378.9045104980469
2026-07-13 15:30:00,20.71814346313477,585.23974609375,643.0633544921875,0.3112497925758362,380.40582275390625
2026-07-13 15:45:00,20.843265533447266,585.80487060546875,641.83123779296875,0.31069621443748474,380.7731628417969
2026-07-13 16:00:00,20.96548843383789,586.253662109375,640.52166748046875,0.310101717710495,381.06488037109375
2026-07-13 16:15:00,21.129459381103516,594.049560546875,646.60662841796875,0.31320369243621826,386.1322021484375
2026-07-13 16:30:00,21.12051773071289,501.95062255859375,546.47113037109375,0.2635897397994995,326.26788330078125
2026-07-13 16:45:00,21.233829498291016,587.0052490234375,637.41839599609375,0.3086795210838318,381.5534057617187
2026-07-13 17:00:00,21.22488784790039,582.58642578125,632.7491455078125,0.30635401606559753,378.68115234375
2026-07-13 17:15:00,21.192081451416016,590.1552734375,641.4495849609375,0.3106659948825836,383.6009216308594
2026-07-13 17:30:00,21.25174331665039,586.5509033203125,636.6649169921875,0.3083127737045288,381.2580871582031
2026-07-13 17:45:00,21.192081451416016,586.63104248046875,637.61907958984375,0.30876079201698303,381.3101501464844
2026-07-13 18:00:00,21.045963287353516,590.22406005859375,643.671142578125,0.3117051124572754,383.6456298828125
2026-07-13 18:15:00,21.03406143188477,587.61041259765625,640.99554443359375,0.3103688061237335,381.9467468261719
2026-07-13 18:30:00,20.92972183227539,586.7491455078125,641.58953857421875,0.31061628460884094,381.3869323730469
2026-07-13 18:45:00,20.82541275024414,586.852783203125,643.24359130859375,0.311390221118927,381.4542846679687
2026-07-13 19:00:00,20.730045318603516,586.3648681640625,644.12274169921875,0.3117823004722595,381.13714599609375
2026-07-13 19:15:00,20.61389541625977,584.4200439453125,643.71112060546875,0.31152182817459106,379.8730163574219
2026-07-13 19:30:00,20.56619644165039,582.683349609375,642.507080078125,0.3109000325202942,378.7441711425781
2026-07-13 19:45:00,20.43222427368164,582.83636474609375,644.67578125,0.311912477016449,378.8436279296875
2026-07-13 20:00:00,20.31906509399414,582.458984375,645.95623779296875,0.3124924898147583,378.5983276367187
2026-07-13 20:15:00,20.22977066040039,577.40960693359375,641.69085693359375,0.3103271424770355,375.3162231445313
2026-07-13 20:30:00,20.12259292602539,578.17724609375,644.15521240234375,0.3114969730377197,375.815185546875
2026-07-13 20:45:00,20.05118179321289,578.27490234375,645.34222412109375,0.31204986572265625,375.878662109375
2026-07-13 21:00:00,19.92322158813477,571.7977294921875,640.033203125,0.30934497714042664,371.66851806640625
2026-07-13 21:15:00,19.792301177978516,560.1827392578125,628.96771240234375,0.30378258228302,364.1187744140625
2026-07-13 21:30:00,19.65250015258789,557.5167236328125,628.04449462890625,0.3032500445842743,362.3858642578125
2026-07-13 21:45:00,19.49783706665039,567.830810546875,642.01239013671875,0.3100973069667816,369.0900268554687
2026-07-13 22:00:00,19.42050552368164,476.3767395019531,539.60150146484375,0.25943928956985474,309.6448669433594
2026-07-13 22:15:00,19.30749893188477,544.36956787109375,618.28033447265625,0.29822131991386414,353.8402099609375
2026-07-13 22:30:00,19.182621002197266,566.99578857421875,645.9024658203125,0.3118491470813751,368.5472412109375
2026-07-13 22:45:00,19.09341812133789,566.00653076171875,646.15435791015625,0.31192198395729065,367.90423583984375
2026-07-13 23:00:00,19.02502822875977,554.818603515625,634.42236328125,0.30606094002723694,360.632080078125
2026-07-13 23:15:00,18.965579986572266,563.51995849609375,645.2933349609375,0.3114188015460968,366.2879638671875
2026-07-13 23:30:00,18.894229888916016,557.8018798828125,639.84332275390625,0.3086720407009125,362.5711975097656
2026-07-13 23:45:00,18.82583999633789,556.1121826171875,638.957763671875,0.30819171667099,361.472900390625
2026-07-14 00:00:00,18.73666763305664,550.63427734375,634.0279541015625,0.3056936264038086,357.9122619628906
2026-07-14 00:15:00,18.66531753540039,572.11663818359375,659.90234375,0.3184877038002014,371.8757934570313
2026-07-14 00:30:00,18.53451919555664,644.0379638671875,745.22027587890625,0.36091348528862,418.6246643066406
2026-07-14 00:45:00,18.439395904541016,560.60772705078125,650.185546875,0.31352075934410095,364.39501953125
2026-07-14 01:00:00,18.347232818603516,558.17474365234375,648.8201904296875,0.31278419494628906,362.8135681152344
2026-07-14 01:15:00,18.275882720947266,560.13677978515625,652.23681640625,0.3144325315952301,364.0888977050781
2026-07-14 01:30:00,18.23428726196289,559.69305419921875,652.38372802734375,0.3144780695438385,363.8004760742187
2026-07-14 01:45:00,18.15994644165039,558.61712646484375,652.316650390625,0.3143956661224365,363.1011047363281
2026-07-14 02:00:00,18.06186294555664,560.1063232421875,655.632568359375,0.31597477197647095,364.069091796875
2026-07-14 02:15:00,17.96969985961914,555.248046875,651.4215087890625,0.3138241469860077,360.9112243652344
2026-07-14 02:30:00,17.91617202758789,554.400390625,651.28594970703125,0.3137205243110657,360.3602294921875
2026-07-14 02:45:00,17.83591079711914,553.063720703125,651.00469970703125,0.31352612376213074,359.49139404296875
2026-07-14 03:00:00,17.82400894165039,550.94073486328125,648.69659423828125,0.3123740255832672,358.1114501953125
2026-07-14 03:15:00,17.749698638916016,554.96441650390625,654.63702392578125,0.315266877412796,360.7268676757813
2026-07-14 03:30:00,17.71103286743164,552.5928955078125,652.46453857421875,0.3141629695892334,359.18536376953125
2026-07-14 03:45:00,17.64859390258789,556.3465576171875,657.9151611328125,0.31682083010673523,361.625244140625
2026-07-14 04:00:00,17.609928131103516,557.74078369140625,660.1978759765625,0.3179250657558441,362.531494140625
2026-07-14 04:15:00,17.57425308227539,561.69537353515625,665.46905517578125,0.3205135464668274,365.10198974609375
2026-07-14 04:30:00,17.535587310791016,557.65191650390625,661.31475830078125,0.3184254467487335,362.4737243652344
2026-07-14 04:45:00,17.476139068603516,557.10748291015625,661.648681640625,0.31854790449142456,362.1198425292969
2026-07-14 05:00:00,17.428531646728516,549.5760498046875,653.4798583984375,0.3144649863243103,357.22442626953125
2026-07-14 05:15:00,17.416629791259766,545.91644287109375,649.3214111328125,0.3123965859413147,354.8456726074219
2026-07-14 05:30:00,17.342288970947266,545.2010498046875,649.67681884765625,0.31251874566078186,354.38067626953125
2026-07-14 05:45:00,17.294681549072266,544.73101806640625,649.8909912109375,0.3125900328159332,354.07513427734375
2026-07-14 06:00:00,17.25900650024414,544.3712158203125,650.042724609375,0.3126389980316162,353.8412780761719
2026-07-14 06:15:00,17.172733306884766,543.01556396484375,649.82977294921875,0.31246984004974365,352.9601135253906
2026-07-14 06:30:00,17.16678237915039,547.04986572265625,654.75555419921875,0.3149043023586273,355.5823974609375
2026-07-14 06:45:00,17.14297866821289,545.7093505859375,653.5421142578125,0.31428560614585876,354.7110595703125
2026-07-14 07:00:00,17.125125885009766,543.352783203125,651.01220703125,0.313019722700119,353.1792907714844
2026-07-14 07:15:00,17.113224029541016,543.69769287109375,651.62060546875,0.31331199407577515,353.4034729003906
2026-07-14 07:30:00,17.077518463134766,542.16455078125,650.36761474609375,0.3126649558544159,352.4069519042969
2026-07-14 07:45:00,17.059696197509766,540.84588623046875,649.0771484375,0.3120129108428955,351.5498046875
2026-07-14 08:00:00,17.041812896728516,542.29705810546875,651.1121826171875,0.3130066394805908,352.4930725097656
2026-07-14 08:15:00,17.020999908447266,539.97412109375,648.66351318359375,0.31177911162376404,350.983154296875
2026-07-14 08:30:00,17.023990631103516,542.44677734375,651.584716796875,0.3132270574569702,352.59039306640625
2026-07-14 08:45:00,17.056705474853516,540.58172607421875,648.80902099609375,0.311877965927124,351.37811279296875
2026-07-14 09:00:00,17.125125885009766,539.2188720703125,646.0592041015625,0.31056833267211914,350.49224853515625
2026-07-14 09:15:00,17.187625885009766,539.3131103515625,645.15753173828125,0.31016838550567627,350.5534973144531
2026-07-14 09:30:00,17.26791763305664,540.8843994140625,645.7347412109375,0.3105129599571228,351.5748596191406
2026-07-14 09:45:00,17.363101959228516,541.74090576171875,645.21759033203125,0.31032609939575195,352.1315612792969
2026-07-14 10:00:00,17.42258071899414,559.1256103515625,664.9337158203125,0.32013753056526184,363.431640625
2026-07-14 10:15:00,17.485050201416016,546.68414306640625,649.1251220703125,0.3123485743999481,355.34466552734375
2026-07-14 10:30:00,18.15994644165039,437.9844970703125,511.44970703125,0.24495933949947357,284.6899108886719
2026-07-14 10:45:00,18.014286041259766,438.5822143554687,513.98358154296875,0.24611836671829224,285.07843017578125
2026-07-14 11:00:00,18.36209487915039,439.406005859375,510.5786437988281,0.24464373290538788,285.6138916015625
2026-07-14 11:15:00,18.56125259399414,440.8737182617187,509.8065490722656,0.24437230825424192,286.5679016113281
2026-07-14 11:30:00,18.74557876586914,442.10980224609375,508.957763671875,0.24405306577682495,287.3713684082031
2026-07-14 11:45:00,18.92099380493164,444.1629638671875,509.1621398925781,0.24424321949481964,288.7059020996094
2026-07-14 12:00:00,19.10828018188477,446.0965881347656,509.08349609375,0.2442987710237503,289.9627685546875
2026-07-14 12:15:00,19.265872955322266,447.6307067871094,508.9122314453125,0.24429240822792053,290.9599609375
2026-07-14 12:30:00,19.500797271728516,449.7457580566406,508.4649658203125,0.244186133146286,292.334716796875
2026-07-14 12:45:00,19.69711685180664,451.4557495117187,508.0302734375,0.2440650016069412,293.44622802734375
2026-07-14 13:00:00,19.90237808227539,453.46588134765625,507.82904052734375,0.244060218334198,294.7528076171875
2026-07-14 13:15:00,20.15237808227539,455.9406127929687,507.615966796875,0.2440670132637024,296.36138916015625
2026-07-14 13:30:00,20.38754653930664,458.01751708984375,507.1398315429687,0.24393503367900848,297.71136474609375
2026-07-14 13:45:00,20.625797271728516,460.0028076171875,506.5319519042969,0.243736669421196,299.0018005371094
2026-07-14 14:00:00,20.82541275024414,461.59283447265625,505.9473876953125,0.2435312271118164,300.03533935546875
2026-07-14 14:15:00,20.99231338500977,462.8826293945313,505.41943359375,0.24333861470222473,300.8736877441406
2026-07-14 14:30:00,21.168216705322266,464.5303955078125,505.1809997558594,0.24329020082950592,301.9447326660156
2026-07-14 14:45:00,21.34122085571289,466.2276916503906,505.0314331054687,0.24328280985355377,303.0479736328125
2026-07-14 15:00:00,21.436710357666016,467.1164245605469,504.8974304199219,0.24325282871723175,303.62567138671875
2026-07-14 15:15:00,21.61282730102539,468.3271179199219,504.1905212402344,0.2429705560207367,304.4126281738281
2026-07-14 15:30:00,21.72031021118164,469.7135009765625,504.4572448730469,0.24314047396183017,305.3137512207031
2026-07-14 15:45:00,21.86069107055664,470.9503173828125,504.1892700195313,0.24305883049964905,306.1177062988281
2026-07-14 16:00:00,21.971256256103516,471.7215576171875,503.7626647949219,0.24288801848888397,306.6189880371094
2026-07-14 16:15:00,22.01907730102539,472.3441467285156,503.8871765136719,0.24296575784683228,307.023681640625
2026-07-14 16:30:00,22.07287979125977,472.9443054199219,503.9200134277344,0.24300043284893036,307.4137878417969
2026-07-14 16:45:00,22.10876846313477,473.17926025390625,503.7658081054687,0.24293695390224457,307.5664978027344
2026-07-14 17:00:00,22.129703521728516,473.3448181152344,503.7063293457031,0.24291487038135529,307.67413330078125
2026-07-14 17:15:00,22.07287979125977,473.0323486328125,504.0138244628906,0.24304652214050293,307.47100830078125
2026-07-14 17:30:00,22.00711441040039,472.4016723632813,504.0836181640625,0.24305814504623413,307.0610656738281
2026-07-14 17:45:00,21.95932388305664,472.19189453125,504.3999328613281,0.2431969493627548,306.9247131347656
2026-07-14 18:00:00,21.896549224853516,471.4482116699219,504.315673828125,0.24313358962535855,306.4413146972656
2026-07-14 18:15:00,21.77707290649414,470.7038879394531,504.87451171875,0.2433658093214035,305.95751953125
2026-07-14 18:30:00,21.705387115478516,470.0863037109375,505.027587890625,0.24341528117656708,305.55609130859375
2026-07-14 18:45:00,21.56506729125977,468.6883544921875,505.1248474121094,0.24341200292110443,304.6474304199219
2026-07-14 19:00:00,21.47250747680664,468.2295227050781,505.689697265625,0.2436552792787552,304.34918212890625
2026-07-14 19:15:00,21.332279205322266,467.0354614257813,506.0093994140625,0.24375972151756287,303.5730285644531
2026-07-14 19:30:00,21.239810943603516,466.2291870117187,506.2008361816406,0.24381853640079496,303.0489501953125
2026-07-14 19:45:00,21.14139175415039,464.98779296875,505.9884643554687,0.2436763197183609,302.2420654296875
2026-07-14 20:00:00,21.004215240478516,463.8198547363281,506.30462646484375,0.24377793073654175,301.4828796386719
2026-07-14 20:15:00,20.87308120727539,462.6737976074219,506.5763549804687,0.2438592165708542,300.7379455566406
2026-07-14 20:30:00,20.753910064697266,461.6208801269531,506.812255859375,0.24392685294151303,300.0535583496094
2026-07-14 20:45:00,20.637699127197266,460.4635009765625,506.8997497558594,0.2439221292734146,299.30126953125
2026-07-14 21:00:00,20.500675201416016,459.0271606445313,506.9243469238281,0.243877112865448,298.3676452636719
2026-07-14 21:15:00,20.381595611572266,458.02777099609375,507.2214050292969,0.2439725250005722,297.7180480957031
2026-07-14 21:30:00,20.22677993774414,456.3170166015625,507.1528015136719,0.2438722252845764,296.6060485839844
2026-07-14 21:45:00,20.140445709228516,454.87835693359375,506.5746154785156,0.2435508370399475,295.6709289550781
2026-07-14 22:00:00,20.06604385375977,454.1701049804687,506.6674499511719,0.24356360733509064,295.2105712890625
2026-07-14 22:15:00,19.97677993774414,452.8408508300781,506.2432556152344,0.24331578612327576,294.3465270996094
2026-07-14 22:30:00,19.92618179321289,451.588134765625,505.4432373046875,0.24290068447589871,293.53228759765625
2026-07-14 22:45:00,19.872623443603516,450.9137573242187,505.3245239257813,0.24281832575798035,293.09393310546875
2026-07-14 23:00:00,19.82504653930664,449.3658752441406,504.1543884277344,0.24222293496131897,292.0877990722656
2026-07-14 23:15:00,19.759586334228516,448.4301452636719,503.8816528320313,0.2420593798160553,291.4795837402344
2026-07-14 23:30:00,19.66736221313477,447.2458190917969,503.64691162109375,0.24190187454223633,290.70977783203125
2026-07-14 23:45:00,19.61679458618164,446.1676635742187,503.0343322753906,0.2415781468153,290.00897216796875
2026-07-15 00:00:00,19.512699127197266,440.1932678222656,497.5247192382813,0.23882995545864105,286.1256103515625
2026-07-15 00:15:00,19.47107315063477,447.7184448242187,506.5303955078125,0.24322348833084104,291.0169677734375
2026-07-15 00:30:00,19.43835830688477,446.760498046875,505.8398132324219,0.24286936223506927,290.3943176269531
2026-07-15 00:45:00,19.402652740478516,445.6244201660156,504.9822082519531,0.24243196845054624,289.6558532714844
2026-07-15 01:00:00,19.331302642822266,444.8890686035156,505.0063781738281,0.2424095720052719,289.1778869628906
2026-07-15 01:15:00,19.277774810791016,443.7073669433594,504.3084411621094,0.2420416921377182,288.4097900390625
2026-07-15 01:30:00,19.25992202758789,443.5145568847656,504.3042297363281,0.24203094840049744,288.2844543457031
2026-07-15 01:45:00,19.22720718383789,442.7983703613281,503.8834838867187,0.24180889129638672,287.8189392089844
2026-07-15 02:00:00,19.20047378540039,441.9579772949219,503.2486572265625,0.24148482084274292,287.2726745605469
2026-07-15 02:15:00,19.13205337524414,441.2545776367187,503.2711181640625,0.24146229028701785,286.8154602050781
2026-07-15 02:30:00,18.962589263916016,441.0135192871094,505.0461120605469,0.2422475218772888,286.6587829589844
2026-07-15 02:45:00,19.03097915649414,440.3534851074219,503.4621887207031,0.24150586128234863,286.2297668457031
2026-07-15 03:00:00,19.01016616821289,439.5679016113281,502.8153076171875,0.24117863178253177,285.7191162109375
2026-07-15 03:15:00,18.995304107666016,439.86187744140625,503.3312683105469,0.2414239346981049,285.91021728515625
2026-07-15 03:30:00,18.94180679321289,439.6824951171875,503.7736206054687,0.24161376059055328,285.7936096191406
2026-07-15 03:45:00,18.88528823852539,440.6734924316406,505.59661865234375,0.242478147149086,286.4377746582031
2026-07-15 04:00:00,18.82583999633789,439.2996520996094,504.7433166503906,0.24202993512153623,285.5447692871094
2026-07-15 04:15:00,18.76938247680664,437.6746826171875,503.5622863769531,0.241422638297081,284.488525390625
2026-07-15 04:30:00,18.73962783813477,437.2995300292969,503.4925842285156,0.2413732409477234,284.24468994140625
2026-07-15 04:45:00,18.617740631103516,436.6819152832031,504.2676086425781,0.2416894882917404,283.8432312011719
2026-07-15 05:00:00,18.57019424438477,436.23974609375,504.3385009765625,0.2416992783546448,283.5558166503906
2026-07-15 05:15:00,18.53750991821289,435.4655456542969,503.84326171875,0.24143964052200317,283.0525817871094
2026-07-15 05:30:00,18.448307037353516,436.7521057128906,506.4294738769531,0.24265842139720917,283.88885498046875
2026-07-15 05:45:00,18.42453384399414,435.6505126953125,505.4447326660156,0.24216361343860623,283.1728210449219
2026-07-15 06:00:00,18.36508560180664,435.2703857421875,505.7362060546875,0.24227438867092133,282.9257507324219
2026-07-15 06:15:00,18.32345962524414,434.87152099609375,505.7865295410156,0.24227651953697205,282.6664733886719
2026-07-15 06:30:00,18.287784576416016,434.447265625,505.7337036132813,0.2422313541173935,282.3907165527344
2026-07-15 06:45:00,18.237247467041016,433.9237060546875,505.7490539550781,0.24221131205558777,282.0503845214844
2026-07-15 07:00:00,18.237247467041016,433.6053161621094,505.3779602050781,0.24202969670295715,281.84344482421875
2026-07-15 07:15:00,18.21048355102539,433.24652099609375,505.2908020019531,0.2419724017381668,281.6102294921875
2026-07-15 07:30:00,18.18075942993164,432.9463195800781,505.3085632324219,0.24196477234363556,281.41510009765625
2026-07-15 07:45:00,18.15994644165039,432.8053283691406,505.4018249511719,0.24199895560741425,281.3234558105469
2026-07-15 08:00:00,18.13913345336914,399.6087646484375,466.8753051757813,0.223174050450325,259.7456970214844
2026-07-15 08:15:00,18.13913345336914,432.6345520019531,505.4603576660156,0.24201612174510956,281.21246337890625
2026-07-15 08:30:00,18.13025283813477,432.8763122558594,505.8530578613281,0.24220336973667145,281.3695983886719
2026-07-15 08:45:00,18.11832046508789,433.0887756347656,506.2495422363281,0.2423907965421677,281.5076904296875
2026-07-15 09:00:00,18.177799224853516,434.8467102050781,507.5633850097656,0.243066668510437,282.6503601074219
2026-07-15 09:15:00,18.287784576416016,435.72271728515625,507.2184448242187,0.24295809864997864,283.2197570800781
2026-07-15 09:30:00,18.40372085571289,436.52728271484375,506.7189331054687,0.24277624487876892,283.74273681640625
2026-07-15 09:45:00,18.53451919555664,437.8738098144531,506.6664733886719,0.24282030761241913,284.61798095703125
2026-07-15 10:00:00,18.65939712524414,438.1213073730469,505.4192504882813,0.24227508902549744,284.7788391113281
2026-07-15 10:15:00,18.77234268188477,439.06103515625,505.12115478515625,0.24218757450580597,285.3896484375
2026-07-15 10:30:00,18.86746597290039,440.8670959472656,506.0360107421875,0.24268433451652527,286.5635986328125
2026-07-15 10:45:00,18.947757720947266,442.3558349609375,506.76409912109375,0.2430817037820816,287.5312805175781
2026-07-15 11:00:00,19.066654205322266,443.8625793457031,507.0398864746094,0.2432764619588852,288.51068115234375
2026-07-15 11:15:00,19.18558120727539,445.1863708496094,507.1053466796875,0.24336738884449005,289.3711242675781
2026-07-15 11:30:00,19.328311920166016,446.3141479492187,506.6601257324219,0.24321870505809784,290.10418701171875
2026-07-15 11:45:00,19.47403335571289,448.0431823730469,506.8621520996094,0.24338753521442413,291.2280578613281
2026-07-15 12:00:00,19.63760757446289,449.2327270507813,506.2406005859375,0.2431597113609314,292.0012512207031
2026-07-15 12:15:00,19.84286880493164,451.01177978515625,505.7885437011719,0.24303241074085236,293.15765380859375
2026-07-15 12:30:00,20.05710220336914,453.65771484375,506.2018737792969,0.24333125352859497,294.87750244140625
2026-07-15 12:45:00,20.262516021728516,455.5691223144531,505.8996276855469,0.2432727962732315,296.1199035644531
2026-07-15 13:00:00,20.48581314086914,457.6032104492187,505.5260314941406,0.24318459630012512,297.44207763671875
2026-07-15 13:15:00,20.68240737915039,459.4821472167969,505.2971496582031,0.2431538850069046,298.66339111328125
2026-07-15 13:30:00,20.92074966430664,461.6044921875,504.852294921875,0.2430317997932434,300.04290771484375
2026-07-15 13:45:00,21.14139175415039,463.3685607910156,504.2264404296875,0.24281111359596252,301.1895446777344
2026-07-15 14:00:00,21.27261734008789,464.1861267089844,503.60589599609375,0.24255678057670593,301.7209777832031
2026-07-15 14:15:00,21.47549819946289,466.23291015625,503.4991455078125,0.24258054792881012,303.0513916015625
2026-07-15 14:30:00,21.63074111938477,467.2731323242187,502.8521728515625,0.2423197478055954,303.7275390625
2026-07-15 14:45:00,21.82187271118164,469.4181823730469,502.9879455566406,0.24245499074459076,305.1217956542969
2026-07-15 15:00:00,21.95035171508789,470.75201416015625,502.9630737304687,0.24248792231082916,305.9888000488281
2026-07-15 15:15:00,22.03104019165039,471.7692260742187,503.1389770507813,0.24260231852531433,306.6499938964844
2026-07-15 15:30:00,22.165592193603516,472.8038024902344,502.7274475097656,0.24244609475135803,307.32244873046875
2026-07-15 15:45:00,22.21643447875977,474.3446960449219,503.79388427734375,0.2429872751235962,308.32403564453125
2026-07-15 16:00:00,22.31213760375977,474.7306213378906,503.12982177734375,0.2426929771900177,308.57489013671875
2026-07-15 16:15:00,22.31515884399414,474.9781188964844,503.3582763671875,0.24280624091625216,308.73577880859375
2026-07-15 16:30:00,22.398929595947266,459.8504943847656,486.4199523925781,0.23451799154281616,298.9028015136719
2026-07-15 16:45:00,22.410892486572266,485.2618408203125,513.1632080078125,0.2476586103439331,315.4201965332031
2026-07-15 17:00:00,22.42288589477539,482.13238525390625,509.7180480957031,0.24596811830997467,313.38604736328125
2026-07-15 17:15:00,22.39294815063477,475.1438293457031,502.6636962890625,0.24249064922332764,308.8434753417969
2026-07-15 17:30:00,22.41687393188477,460.30950927734375,486.7114562988281,0.23466679453849792,299.201171875
2026-07-15 17:45:00,22.294193267822266,473.4376831054687,501.96002197265625,0.24211224913597107,307.7344970703125
2026-07-15 18:00:00,22.18051528930664,472.5755310058594,502.3173522949219,0.24224966764450073,307.174072265625
2026-07-15 18:15:00,22.06991958618164,471.4543151855469,502.36572265625,0.24223580956459043,306.4452819824219
2026-07-15 18:30:00,21.995182037353516,470.8935852050781,502.6087951660156,0.2423294633626938,306.080810546875
2026-07-15 18:45:00,21.94437026977539,471.2901916503906,503.6056823730469,0.2428015172481537,306.338623046875
2026-07-15 19:00:00,21.82785415649414,470.0846862792969,503.6343078613281,0.2427746206521988,305.5550231933594
2026-07-15 19:15:00,21.74719619750977,468.4926452636719,502.8411560058594,0.2423563152551651,304.52020263671875
2026-07-15 19:30:00,21.60385513305664,467.5315856933594,503.4361572265625,0.2425967901945114,303.8955078125
2026-07-15 19:45:00,21.52624893188477,466.4500122070313,503.1544799804687,0.24243003129959104,303.1925048828125
2026-07-15 20:00:00,21.409854888916016,463.15142822265625,500.91705322265625,0.24128834903240204,301.0484313964844
2026-07-15 20:15:00,21.305423736572266,400.25640869140625,433.92279052734375,0.20848669111728668,260.1666564941406
2026-07-15 20:30:00,21.12051773071289,465.3005676269531,506.5704345703125,0.24395401775836945,302.4453430175781
2026-07-15 20:45:00,21.051944732666016,464.4464111328125,506.4344482421875,0.24386046826839447,301.8901672363281
2026-07-15 21:00:00,20.941654205322266,462.7412109375,505.8526306152344,0.2435312420129776,300.7817687988281
2026-07-15 21:15:00,20.74496841430664,462.1246643066406,507.469970703125,0.24424612522125244,300.3810119628906
2026-07-15 21:30:00,20.61685562133789,460.9451904296875,507.6745910644531,0.2442939132452011,299.6143493652344
2026-07-15 21:45:00,20.47391128540039,459.8581848144531,508.1574401855469,0.2444711476564407,298.9078063964844
2026-07-15 22:00:00,20.35776138305664,460.3341064453125,510.05816650390625,0.2453547567129135,299.2171630859375
2026-07-15 22:15:00,20.27737808227539,459.0745544433594,509.61572265625,0.2451029270887375,298.3984375
2026-07-15 22:30:00,20.17618179321289,459.1605224609375,510.91644287109375,0.2456972897052765,298.4543151855469
2026-07-15 22:45:00,20.06009292602539,458.4804382324219,511.5473327636719,0.24595563113689425,298.01226806640625
2026-07-15 23:00:00,19.96188735961914,459.64703369140625,514.03179931640625,0.2471311092376709,298.77056884765625
2026-07-15 23:15:00,19.851810455322266,447.30621337890625,501.52734375,0.24094708263874057,290.7490234375
2026-07-15 23:30:00,19.79529190063477,455.0084838867187,510.8430480957031,0.245490163564682,295.7554931640625
2026-07-15 23:45:00,19.68820571899414,458.4650573730469,516.026611328125,0.2479844093322754,298.0022888183594
2026-07-16 00:00:00,19.631656646728516,458.94964599609375,517.263427734375,0.2485649436712265,298.3172607421875
2026-07-16 00:15:00,19.55435562133789,445.6327819824219,503.1751708984375,0.24161803722381592,289.6612854003906
2026-07-16 00:30:00,19.47403335571289,454.7220458984375,514.4178466796875,0.24709336459636688,295.5693054199219
2026-07-16 00:45:00,19.361026763916016,455.2886962890625,516.44537353515625,0.24803361296653748,295.9376525878906
2026-07-16 01:00:00,19.23910903930664,453.7471618652344,516.19586181640625,0.2478514164686203,294.9356384277344
2026-07-16 01:15:00,19.129093170166016,454.7250671386719,518.67156982421875,0.2490113228559494,295.5712890625
2026-07-16 01:30:00,19.03989028930664,455.5509033203125,520.7261962890625,0.24997442960739136,296.1080627441406
2026-07-16 01:45:00,18.944766998291016,457.1984252929687,523.80548095703125,0.25143688917160034,297.178955078125
2026-07-16 02:00:00,18.85855484008789,443.0923767089844,508.6995239257813,0.2439846992492676,288.0100402832031
2026-07-16 02:15:00,18.799076080322266,442.20263671875,508.4070739746094,0.24381090700626373,287.43170166015625
2026-07-16 02:30:00,18.77234268188477,432.516357421875,497.591796875,0.23850151896476743,281.1356201171875
2026-07-16 02:45:00,18.677188873291016,431.8370361328125,497.9549865722656,0.23863054811954496,280.6940612792969
2026-07-16 03:00:00,18.611820220947266,454.4773254394531,524.892578125,0.25179508328437805,295.4102478027344
2026-07-16 03:15:00,18.540470123291016,454.91949462890625,526.3140869140625,0.25245401263237,295.6976623535156
2026-07-16 03:30:00,18.48694229125977,455.82183837890625,528.04473876953125,0.2532740533351898,296.2841796875
2026-07-16 03:45:00,18.42453384399414,456.050537109375,529.11297607421875,0.25376397371292114,296.4328308105469
2026-07-16 04:00:00,18.371036529541016,454.5117492675781,528.015869140625,0.2531960904598236,295.4326171875
2026-07-16 04:15:00,18.30264663696289,455.78271484375,530.3773193359375,0.2543165981769562,296.2587585449219
2026-07-16 04:30:00,18.24319839477539,455.2138671875,530.48602294921875,0.25433650612831116,295.8890075683594
2026-07-16 04:45:00,18.219425201416016,455.9415283203125,531.643310546875,0.25489091873168945,296.3619689941406
2026-07-16 05:00:00,18.11832046508789,454.1027526855469,530.8133544921875,0.25442615151405334,295.1667785644531
2026-07-16 05:15:00,18.06186294555664,453.9533081054687,531.3751220703125,0.25466927886009216,295.06964111328125
2026-07-16 05:30:00,17.972660064697266,454.40826416015625,533.07659912109375,0.2554522156715393,295.3653564453125
2026-07-16 05:45:00,18.002384185791016,458.5188903808594,537.5052490234375,0.2576426565647125,298.0372619628906
2026-07-16 06:00:00,17.960758209228516,456.5153198242187,535.7054443359375,0.25673505663871765,296.7349548339844
2026-07-16 06:15:00,17.94888687133789,455.5790100097656,534.76318359375,0.2562657594680786,296.1263427734375
2026-07-16 06:30:00,17.960758209228516,455.4088439941406,534.40704345703125,0.2560979723930359,296.0157470703125
2026-07-16 06:45:00,17.934024810791016,454.6824340820313,533.90643310546875,0.2558366656303406,295.5435791015625
2026-07-16 07:00:00,17.94888687133789,455.6497497558594,534.84625244140625,0.2563064992427826,296.1723327636719
2026-07-16 07:15:00,17.960758209228516,455.6761779785156,534.72076416015625,0.25625190138816833,296.18951416015625
2026-07-16 07:30:00,17.931034088134766,455.2252197265625,534.58319091796875,0.256166934967041,295.8963928222656
2026-07-16 07:45:00,17.91025161743164,455.0113220214844,534.60595703125,0.25616592168807983,295.7573547363281
2026-07-16 08:00:00,17.90726089477539,455.3240051269531,535.01287841796875,0.25636374950408936,295.9606018066406
2026-07-16 08:15:00,17.91916275024414,455.4228210449219,534.97186279296875,0.25635063648223877,296.0248107910156
2026-07-16 08:30:00,17.960758209228516,440.1243896484375,516.47125244140625,0.24730612337589264,286.0808410644531
2026-07-16 08:45:00,17.984561920166016,457.90728759765625,537.02392578125,0.25739598274230957,297.6397399902344
2026-07-16 09:00:00,18.055912017822266,458.7386779785156,537.05517578125,0.25745299458503723,298.18011474609375
2026-07-16 09:15:00,18.12131118774414,459.1332092285156,536.65423583984375,0.25729402899742126,298.43658447265625
2026-07-16 09:30:00,18.21643447875977,459.4119873046875,535.72918701171875,0.2568944990634918,298.6177673339844
2026-07-16 09:45:00,18.35318374633789,456.94342041015625,531.0721435546875,0.25468578934669495,297.0132141113281
2026-07-16 10:00:00,18.47507095336914,459.6635437011719,532.64898681640625,0.2555273175239563,298.7812805175781
2026-07-16 10:15:00,18.58505630493164,459.3079223632813,530.816162109375,0.25468772649765015,298.5501403808594
2026-07-16 10:30:00,18.712894439697266,459.4309692382813,529.316162109375,0.25402015447616577,298.630126953125
2026-07-16 10:45:00,18.85855484008789,463.0690612792969,531.63409423828125,0.25523555278778076,300.994873046875
2026-07-16 11:00:00,19.004215240478516,462.5946960449219,529.23095703125,0.2541312277317047,300.6865539550781
2026-07-16 11:15:00,19.14395523071289,464.0425109863281,529.1109619140625,0.2541438043117523,301.62762451171875
2026-07-16 11:30:00,19.32535171508789,465.175537109375,528.1090087890625,0.25374269485473633,302.36407470703125
2026-07-16 11:45:00,19.50674819946289,468.6243591308594,529.7335205078125,0.25463002920150757,304.6058349609375
2026-07-16 12:00:00,19.53647232055664,467.5089416503906,528.10003662109375,0.25384172797203064,303.88079833984375
2026-07-16 12:15:00,19.524600982666016,469.0123291015625,529.94744873046875,0.2547438442707062,304.8580017089844
2026-07-16 12:30:00,19.61679458618164,472.282958984375,532.4781494140625,0.25603246688842773,306.9839172363281
2026-07-16 12:45:00,19.70602798461914,473.3858642578125,532.59637451171875,0.25613337755203247,307.7008056640625
2026-07-16 13:00:00,19.84585952758789,473.677001953125,531.16912841796875,0.25549760460853577,307.8900451660156
2026-07-16 13:15:00,19.830997467041016,472.3345947265625,529.8492431640625,0.254841685295105,307.0174865722656
2026-07-16 13:30:00,20.00058364868164,473.8218078613281,529.402587890625,0.2547006607055664,307.9841613769531
2026-07-16 13:45:00,20.30417251586914,475.53167724609375,527.55511474609375,0.25392869114875793,309.0955810546875
2026-07-16 14:00:00,20.42624282836914,476.9973449707031,527.68048095703125,0.25404372811317444,310.0482482910156
2026-07-16 14:15:00,20.685367584228516,478.7488403320313,526.44891357421875,0.25354865193367004,311.1867370605469
2026-07-16 14:30:00,20.91183853149414,481.8694458007813,527.12371826171875,0.25397446751594543,313.2151184082031
2026-07-16 14:45:00,21.111576080322266,485.1149597167969,528.250244140625,0.25460946559906006,315.32470703125
2026-07-16 15:00:00,21.20700454711914,486.4752502441406,528.5780029296875,0.254808634519577,316.2088928222656
2026-07-16 15:15:00,21.28158950805664,487.0088195800781,528.25872802734375,0.25468072295188904,316.55572509765625
2026-07-16 15:30:00,21.40686416625977,487.8762512207031,527.69384765625,0.25445112586021423,317.1195373535156
2026-07-16 15:45:00,21.496402740478516,488.68267822265625,527.4932861328125,0.2543865442276001,317.64373779296875
2026-07-16 16:00:00,21.57101821899414,489.8758239746094,527.8883056640625,0.25460919737815857,318.4192810058594
2026-07-16 16:15:00,21.588932037353516,491.1788024902344,529.07794189453125,0.2552017271518707,319.2662048339844
2026-07-16 16:30:00,21.57101821899414,491.8588562011719,530.02520751953125,0.2556614875793457,319.708251953125
2026-07-16 16:45:00,21.57400894165039,492.924072265625,531.13714599609375,0.2562102675437927,320.400634765625
2026-07-16 17:00:00,21.60385513305664,493.8553466796875,531.781494140625,0.25653886795043945,321.0059509277344
2026-07-16 17:15:00,21.51431655883789,493.2984924316406,532.259521484375,0.2567405104637146,320.6440124511719
2026-07-16 17:30:00,21.463565826416016,492.4381408691406,531.94293212890625,0.2565651834011078,320.08477783203125
2026-07-16 17:45:00,21.39493179321289,492.3497924804687,532.6768798828125,0.25690028071403503,320.02734375
2026-07-16 18:00:00,21.34421157836914,492.0469970703125,532.96343994140625,0.2570217549800873,319.8305358886719
2026-07-16 18:15:00,21.332279205322266,491.2613220214844,532.25689697265625,0.25666913390159607,319.3198547363281
2026-07-16 18:30:00,21.30246353149414,490.8880615234375,532.21356201171875,0.2566361427307129,319.0772399902344
2026-07-16 18:45:00,21.236820220947266,489.6876831054687,531.706787109375,0.25636082887649536,318.2969970703125
2026-07-16 19:00:00,21.150333404541016,488.36962890625,531.32342529296875,0.25613778829574585,317.44024658203125
2026-07-16 19:15:00,21.045963287353516,488.2169799804687,532.42694091796875,0.2566392719745636,317.3410339355469
2026-07-16 19:30:00,20.92374038696289,487.7648315429687,533.42694091796875,0.25708186626434326,317.047119140625
2026-07-16 19:45:00,20.83435440063477,402.083984375,440.629638671875,0.2115835547447205,261.3545837402344
2026-07-16 20:00:00,20.765811920166016,402.0008850097656,441.2345275878906,0.21185258030891416,261.3005676269531
2026-07-16 20:15:00,20.63174819946289,405.4127197265625,446.3586730957031,0.21429917216300964,263.51824951171875
2026-07-16 20:30:00,20.491764068603516,401.0895385742187,443.03277587890625,0.21262367069721225,260.70819091796875
2026-07-16 20:45:00,20.381595611572266,475.6650695800781,526.75299072265625,0.2535681426525116,309.1822814941406
2026-07-16 21:00:00,20.20297622680664,408.1273193359375,453.8467102050781,0.2177806794643402,265.2827453613281
2026-07-16 21:15:00,20.107730865478516,483.513916015625,538.8768310546875,0.2594108581542969,314.2840270996094
2026-07-16 21:30:00,19.94998550415039,482.1105346679687,539.3038330078125,0.2595481276512146,313.371826171875
2026-07-16 21:45:00,19.801212310791016,481.5411376953125,540.55609130859375,0.2600942850112915,313.0017395019531
2026-07-16 22:00:00,19.69412612915039,480.94976806640625,541.25860595703125,0.26038870215415955,312.6173400878906
2026-07-16 22:15:00,19.610843658447266,480.5132751464844,541.8338623046875,0.26063135266304016,312.3336181640625
2026-07-16 22:30:00,19.50674819946289,479.6559753417969,542.20367431640625,0.2607622444629669,311.7763671875
2026-07-16 22:45:00,19.40564346313477,479.127197265625,542.908935546875,0.2610589861869812,311.43267822265625
2026-07-16 23:00:00,19.310489654541016,478.1209716796875,542.99822998046875,0.26105502247810364,310.77862548828125
2026-07-16 23:15:00,19.233158111572266,477.1373901367187,542.8824462890625,0.2609587013721466,310.1392822265625
2026-07-16 23:30:00,19.13803482055664,476.7490539550781,543.67626953125,0.26130029559135437,309.8868713378906
2026-07-16 23:45:00,19.09042739868164,476.1761169433594,543.64276123046875,0.2612591087818146,309.51446533203125
2026-07-17 00:00:00,18.96854019165039,475.0798645019531,543.9808349609375,0.2613615393638611,308.8019104003906
2026-07-17 00:15:00,18.864505767822266,474.80230712890625,545.0264892578125,0.2618204653263092,308.6214904785156
2026-07-17 00:30:00,18.79611587524414,474.0256042480469,545.033447265625,0.26178714632987976,308.11663818359375
2026-07-17 00:45:00,18.73666763305664,475.0672302246094,547.0162353515625,0.26273003220558167,308.793701171875
2026-07-17 01:00:00,18.63855361938477,473.6123962402344,546.63800048828125,0.26249030232429504,307.8480529785156
2026-07-17 01:15:00,18.531558990478516,472.9600830078125,547.304443359375,0.26275870203971863,307.4240417480469
2026-07-17 01:30:00,18.460208892822266,472.97357177734375,548.2706298828125,0.2631937563419342,307.43280029296875
2026-07-17 01:45:00,18.36804580688477,497.8126525878906,578.36163330078125,0.27795499563217163,323.5782165527344
2026-07-17 02:00:00,18.26697158813477,472.3074340820313,550.0860595703125,0.263976126909256,306.99981689453125
2026-07-17 02:15:00,18.189701080322266,471.9789733886719,550.744384765625,0.26425492763519287,306.78631591796875
2026-07-17 02:30:00,18.11832046508789,471.98779296875,551.7197265625,0.2646925747394562,306.79205322265625
2026-07-17 02:45:00,18.06482315063477,471.9286193847656,552.37591552734375,0.26498356461524963,306.75360107421875
2026-07-17 03:00:00,18.008365631103516,471.2979431152344,552.404296875,0.2649639844894409,306.3436584472656
2026-07-17 03:15:00,17.966739654541016,471.0964660644531,552.7344970703125,0.2651013731956482,306.2126770019531
2026-07-17 03:30:00,17.892398834228516,470.48529052734375,553.0303955078125,0.2652020752429962,305.8154296875
2026-07-17 03:45:00,17.841861724853516,470.4408874511719,553.66888427734375,0.2654851973056793,305.78656005859375
2026-07-17 04:00:00,17.76156997680664,470.25628662109375,554.55206298828125,0.2658701241016388,305.66656494140625
2026-07-17 04:15:00,17.73483657836914,470.60406494140625,555.32989501953125,0.2662358582019806,305.89263916015625
2026-07-17 04:30:00,17.69614028930664,470.3019409179687,555.50604248046875,0.2662985026836395,305.6962585449219
2026-07-17 04:45:00,17.654544830322266,470.6344299316406,556.472900390625,0.26674777269363403,305.912353515625
2026-07-17 05:00:00,17.609928131103516,470.2618713378906,556.6490478515625,0.266806423664093,305.6701965332031
2026-07-17 05:15:00,17.544498443603516,470.042236328125,557.29547119140625,0.2670828700065613,305.5274353027344
2026-07-17 05:30:00,17.502872467041016,469.4832153320313,557.210205078125,0.26701459288597107,305.1640930175781
2026-07-17 05:45:00,17.49991226196289,469.72015380859375,557.53253173828125,0.26717108488082886,305.3180847167969
2026-07-17 06:00:00,17.458255767822266,469.455078125,557.797119140625,0.26727449893951416,305.1457824707031
2026-07-17 06:15:00,17.43149185180664,469.7784118652344,558.55426025390625,0.2676294147968292,305.35595703125
2026-07-17 06:30:00,17.404727935791016,469.73089599609375,558.87127685546875,0.26776793599128723,305.3250732421875
2026-07-17 06:45:00,17.386905670166016,469.8417663574219,559.252197265625,0.2679436206817627,305.3971252441406
2026-07-17 07:00:00,17.366092681884766,470.2195129394531,559.9931640625,0.26829424500465393,305.6426696777344
2026-07-17 07:15:00,17.366092681884766,470.1522521972656,559.91302490234375,0.2682548761367798,305.59893798828125
2026-07-17 07:30:00,17.30362319946289,469.4197387695313,559.9154052734375,0.26821547746658325,305.1228332519531
2026-07-17 07:45:00,17.330387115478516,469.4511413574219,559.5777587890625,0.26806700229644775,305.1432189941406
2026-07-17 08:00:00,17.333377838134766,469.7729797363281,559.91949462890625,0.26823681592941284,305.3524169921875
2026-07-17 08:15:00,17.333377838134766,469.9804382324219,560.166748046875,0.2683583199977875,305.4872741699219
2026-07-17 08:30:00,17.34524917602539,470.0340881347656,560.0643310546875,0.2683156728744507,305.52215576171875
2026-07-17 08:45:00,17.39877700805664,469.9464111328125,559.2108154296875,0.2679309546947479,305.46514892578125
2026-07-17 09:00:00,17.47909927368164,471.215087890625,559.5972900390625,0.26817238330841064,306.289794921875
2026-07-17 09:15:00,17.55344009399414,471.4461059570313,558.83551025390625,0.2678453028202057,306.4399719238281
2026-07-17 09:30:00,17.684268951416016,472.50152587890625,558.2685546875,0.2676487863063812,307.1259765625
2026-07-17 09:45:00,17.803226470947266,473.6481323242187,557.976318359375,0.26757878065109253,307.87127685546875
2026-07-17 10:00:00,17.975650787353516,475.18499755859375,557.4091796875,0.26740482449531555,308.8702392578125
2026-07-17 10:15:00,18.15103530883789,476.500244140625,556.5474853515625,0.26708561182022095,309.72515869140625
2026-07-17 10:30:00,18.21347427368164,477.0401916503906,556.326171875,0.26701343059539795,310.07611083984375
2026-07-17 10:45:00,18.31454849243164,478.9880676269531,557.218505859375,0.2675112187862396,311.34222412109375
2026-07-17 11:00:00,18.48694229125977,480.6170959472656,556.7686767578125,0.2673887312412262,312.4010925292969
2026-07-17 11:15:00,18.709903717041016,482.772216796875,556.2481689453125,0.267257422208786,313.80194091796875
2026-07-17 11:30:00,18.944766998291016,484.1004638671875,554.626708984375,0.26658713817596436,314.665283203125
2026-07-17 11:45:00,19.18857192993164,485.6713562011719,553.181640625,0.2660044729709625,315.6863708496094
2026-07-17 12:00:00,19.37289810180664,487.4041442871094,552.71844482421875,0.26587116718292236,316.81268310546875
2026-07-17 12:15:00,19.55136489868164,489.73297119140625,553.00897216796875,0.266104131937027,318.326416015625
2026-07-17 12:30:00,19.72983169555664,490.9738464355469,552.0738525390625,0.2657313048839569,319.13299560546875
2026-07-17 12:45:00,19.86075210571289,491.45306396484375,550.9095458984375,0.26522088050842285,319.4444885253906
2026-07-17 13:00:00,20.06308364868164,491.9788818359375,548.8846435546875,0.2643187344074249,319.7862548828125
2026-07-17 13:15:00,20.14938735961914,495.6452331542969,551.85919189453125,0.26582464575767517,322.1694030761719
2026-07-17 13:30:00,20.40243911743164,497.8215026855469,551.02197265625,0.26552706956863403,323.5839538574219
2026-07-17 13:45:00,20.52750015258789,499.3672790527344,551.130859375,0.26563629508018494,324.5887145996094
2026-07-17 14:00:00,20.700260162353516,501.7328186035156,551.53326416015625,0.2659100294113159,326.1263122558594
2026-07-17 14:15:00,20.885013580322266,503.9476623535156,551.61529541015625,0.2660292983055115,327.56597900390625
2026-07-17 14:30:00,20.87607192993164,504.6893005371094,552.54071044921875,0.2664819657802582,328.04803466796875
2026-07-17 14:45:00,20.998294830322266,505.9195861816406,552.3355712890625,0.2664319574832916,328.84771728515625
2026-07-17 15:00:00,20.995304107666016,506.534912109375,553.04522705078125,0.2667808532714844,329.2476806640625
2026-07-17 15:15:00,21.108585357666016,507.7248229980469,552.9083251953125,0.26676008105278015,330.0211181640625
2026-07-17 15:30:00,21.20700454711914,508.3572998046875,552.3538818359375,0.26652660965919495,330.4322204589844
2026-07-17 15:45:00,21.388980865478516,508.6906433105469,550.43060302734375,0.26565027236938477,330.6488952636719
2026-07-17 16:00:00,21.55310440063477,511.9299926757813,551.87750244140625,0.2664284110069275,332.7544860839844
2026-07-17 16:15:00,21.64267349243164,512.87359619140625,551.77593994140625,0.2664126455783844,333.3678283691406
2026-07-17 16:30:00,21.651615142822266,513.0147705078125,551.8162841796875,0.26643601059913635,333.4595947265625
2026-07-17 16:45:00,21.651615142822266,512.9588623046875,551.75616455078125,0.2664063274860382,333.4232482910156
2026-07-17 17:00:00,21.66955947875977,513.50225830078125,552.11688232421875,0.26659122109413147,333.7764587402344
2026-07-17 17:15:00,21.633731842041016,513.177001953125,552.21392822265625,0.26662543416023254,333.5650329589844
2026-07-17 17:30:00,21.532230377197266,512.678955078125,552.9462890625,0.26694780588150024,333.2413024902344
2026-07-17 17:45:00,21.54416275024414,512.83355712890625,552.96356201171875,0.2669609785079956,333.341796875
2026-07-17 18:00:00,21.48743057250977,511.7123107910156,552.4642333984375,0.26669248938560486,332.61297607421875
2026-07-17 18:15:00,21.50833511352539,513.45660400390625,554.0848388671875,0.26750054955482483,333.74676513671875
2026-07-17 18:30:00,21.29947280883789,510.690673828125,553.72088623046875,0.26723843812942505,331.94891357421875
2026-07-17 18:45:00,21.33823013305664,510.56353759765625,553.094970703125,0.2669449746608734,331.8663024902344
2026-07-17 19:00:00,21.18912124633789,509.5650329589844,553.89215087890625,0.26727843284606934,331.2172546386719
2026-07-17 19:15:00,21.05490493774414,508.3732604980469,554.294921875,0.2674221992492676,330.4425964355469
2026-07-17 19:30:00,20.92673110961914,507.2978515625,554.75048828125,0.26759350299835205,329.74359130859375
2026-07-17 19:45:00,20.816471099853516,505.9997863769531,554.735595703125,0.26753947138786316,328.89984130859375
2026-07-17 20:00:00,20.70920181274414,505.0133666992187,555.02484130859375,0.26763609051704407,328.2586669921875
2026-07-17 20:15:00,20.551334381103516,503.4543762207031,555.3348388671875,0.2677200138568878,327.2453308105469
2026-07-17 20:30:00,20.41135025024414,502.6631164550781,556.26580810546875,0.26811683177948,326.73101806640625
2026-07-17 20:45:00,20.247623443603516,501.775634765625,557.404541015625,0.268604040145874,326.1541442871094
2026-07-17 21:00:00,20.14343643188477,501.198974609375,558.1204833984375,0.26890888810157776,325.7793273925781
2026-07-17 21:15:00,19.98569107055664,499.8918762207031,558.7259521484375,0.26913323998451233,324.9297180175781
2026-07-17 21:30:00,19.872623443603516,499.8981018066406,560.2197265625,0.2698156237602234,324.9337463378906
2026-07-17 21:45:00,19.68820571899414,417.4539184570313,469.8664245605469,0.22538122534751892,271.34503173828125
2026-07-17 22:00:00,19.563236236572266,497.6550598144531,561.7965087890625,0.2704406678676605,323.47576904296875
2026-07-17 22:15:00,19.46213150024414,497.2508239746094,562.6888427734375,0.270829439163208,323.2130126953125
2026-07-17 22:30:00,19.36697769165039,497.1253051757813,563.82171630859375,0.27133914828300476,323.1314392089844
2026-07-17 22:45:00,19.27478408813477,496.6620788574219,564.53594970703125,0.27164340019226074,322.8303527832031
2026-07-17 23:00:00,19.20047378540039,492.4709167480469,560.7667236328125,0.2697468400001526,320.1060791015625
2026-07-17 23:15:00,19.084476470947266,494.9090270996094,565.1104736328125,0.27182602882385254,321.69085693359375
2026-07-17 23:30:00,19.02502822875977,488.5349731445313,558.6285400390625,0.2686006426811218,317.5477294921875
2026-07-17 23:45:00,18.95663833618164,481.3410034179687,551.30780029296875,0.2649598717689514,312.87164306640625
2026-07-18 00:00:00,18.894229888916016,482.4111633300781,553.36419677734375,0.26593849062919617,313.5672302246094
2026-07-18 00:15:00,18.82883071899414,482.3400268554687,554.15557861328125,0.26629263162612915,313.52099609375
2026-07-18 00:30:00,18.751529693603516,483.5743408203125,556.61175537109375,0.26745933294296265,314.32330322265625
2026-07-18 00:45:00,18.709903717041016,485.0066833496094,558.82275390625,0.26852476596832275,315.25433349609375
2026-07-18 01:00:00,18.68613052368164,491.8349914550781,567.016357421875,0.2725469768047333,319.6927185058594
2026-07-18 01:15:00,18.63260269165039,491.37353515625,567.219482421875,0.2726168632507324,319.3927917480469
2026-07-18 01:30:00,18.546390533447266,480.3523559570313,555.65838623046875,0.2668760120868683,312.2290344238281
2026-07-18 01:45:00,18.45425796508789,470.83941650390625,545.8758544921875,0.26201313734054565,306.0456237792969
2026-07-18 02:00:00,18.36508560180664,477.9482421875,555.32318115234375,0.26660799980163574,310.6663513183594
2026-07-18 02:15:00,18.29968643188477,455.2925720214844,529.84527587890625,0.25405389070510864,295.9401550292969
2026-07-18 02:30:00,18.23428726196289,454.4765319824219,529.7423095703125,0.2539665997028351,295.40972900390625
2026-07-18 02:45:00,18.15402603149414,454.4456176757813,530.74896240234375,0.25441494584083557,295.3896484375
2026-07-18 03:00:00,18.13913345336914,456.9771423339844,533.90057373046875,0.2559528052806854,297.0351257324219
2026-07-18 03:15:00,18.08267593383789,457.92138671875,535.745849609375,0.25682586431503296,297.6488952636719
2026-07-18 03:30:00,18.038089752197266,458.5032348632813,537.01483154296875,0.2574228048324585,298.027099609375
2026-07-18 03:45:00,17.942935943603516,456.931640625,536.42962646484375,0.2570798993110657,297.00555419921875
2026-07-18 04:00:00,17.862674713134766,459.3342590332031,540.31939697265625,0.25894132256507874,298.5672607421875
2026-07-18 04:15:00,17.797245025634766,458.3197326660156,539.99884033203125,0.2587448060512543,297.9078063964844
2026-07-18 04:30:00,17.74075698852539,461.3271484375,544.30291748046875,0.2608233094215393,299.8626403808594
2026-07-18 04:45:00,17.675357818603516,465.171875,549.72998046875,0.2634480595588684,302.3616943359375
2026-07-18 05:00:00,17.59207534790039,462.9393005371094,548.22467041015625,0.2626573145389557,300.9105224609375
2026-07-18 05:15:00,17.523685455322266,462.67730712890625,548.84783935546875,0.2629205882549286,300.740234375
2026-07-18 05:30:00,17.458255767822266,466.7542419433594,554.5880126953125,0.26569807529449463,303.3902587890625
2026-07-18 05:45:00,17.39877700805664,467.9262390136719,556.80694580078125,0.2667499780654907,304.15203857421875
2026-07-18 06:00:00,17.351200103759766,468.7052612304687,558.3978271484375,0.26750078797340393,304.6584167480469
2026-07-18 06:15:00,17.30063247680664,469.2977600097656,559.8118896484375,0.26816266775131226,305.04351806640625
2026-07-18 06:30:00,17.24411392211914,469.8902587890625,561.3133544921875,0.268863320350647,305.42864990234375
2026-07-18 06:45:00,17.19949722290039,470.3826293945313,562.53118896484375,0.2694321870803833,305.7486877441406
2026-07-18 07:00:00,17.17569351196289,469.8091125488281,562.18133544921875,0.26924458146095276,305.37591552734375
2026-07-18 07:15:00,17.12216567993164,469.2513427734375,562.270263671875,0.26925262808799744,305.01336669921875
2026-07-18 07:30:00,16.973392486572266,469.1999816894531,564.32122802734375,0.27015990018844604,304.97998046875
2026-07-18 07:45:00,17.041812896728516,477.3512268066406,573.13458251953125,0.274537593126297,310.2782897949219
2026-07-18 08:00:00,17.068607330322266,479.6195373535156,575.46923828125,0.27570390701293945,311.752685546875
2026-07-18 08:15:00,17.068607330322266,479.125732421875,574.87677001953125,0.27541252970695496,311.43170166015625
2026-07-18 08:30:00,17.08945083618164,478.9473571777344,574.361083984375,0.275173157453537,311.3157653808594
2026-07-18 08:45:00,17.11026382446289,479.3201904296875,574.507080078125,0.2752590775489807,311.55810546875
2026-07-18 09:00:00,17.17569351196289,479.7942810058594,574.1297607421875,0.27511778473854065,311.86627197265625
2026-07-18 09:15:00,17.27981948852539,480.12298583984375,573.02374267578125,0.2746434807777405,312.0799255371094
2026-07-18 09:30:00,17.395816802978516,481.2440490722656,572.69671630859375,0.27455922961235046,312.8086242675781
2026-07-18 09:45:00,17.532596588134766,481.8143005371094,571.422119140625,0.27402111887931824,313.1792907714844
2026-07-18 10:00:00,17.609928131103516,482.1020202636719,570.66424560546875,0.2736978530883789,313.3663024902344
2026-07-18 10:15:00,17.716983795166016,483.8387145996094,571.199951171875,0.2740294337272644,314.4951477050781
2026-07-18 10:30:00,17.850772857666016,484.05859375,569.5703125,0.27331116795539856,314.6380615234375
2026-07-18 10:45:00,17.93698501586914,484.8556518554687,569.29547119140625,0.27322909235954285,315.1561584472656
2026-07-18 11:00:00,18.14212417602539,486.4674072265625,568.31329345703125,0.2728700339794159,316.20379638671875
2026-07-18 11:15:00,18.296695709228516,487.3989562988281,567.25048828125,0.2724384665489197,316.8092956542969
2026-07-18 11:30:00,18.409671783447266,488.456787109375,566.916259765625,0.2723398506641388,317.49688720703125
2026-07-18 11:45:00,18.56125259399414,490.1191101074219,566.751708984375,0.2723459303379059,318.5774230957031
2026-07-18 12:00:00,18.70694351196289,491.5169067382813,566.36431884765625,0.2722373902797699,319.4859924316406
2026-07-18 12:15:00,18.90610122680664,493.608154296875,566.046142578125,0.27219077944755554,320.84527587890625
2026-07-18 12:30:00,19.063663482666016,495.2133483886719,565.740234375,0.27212533354759216,321.888671875
2026-07-18 12:45:00,19.23910903930664,496.9845275878906,565.38397216796875,0.27204278111457825,323.0399169921875
2026-07-18 13:00:00,19.37887954711914,498.5353393554687,565.2607421875,0.2720547616481781,324.0479736328125
2026-07-18 13:15:00,19.50378799438477,499.8838195800781,565.10894775390625,0.272043913602829,324.9244689941406
2026-07-18 13:30:00,19.63464736938477,501.1375122070313,564.77166748046875,0.2719435691833496,325.7393798828125
2026-07-18 13:45:00,19.82504653930664,502.8565368652344,564.16680908203125,0.27173927426338196,326.85675048828125
2026-07-18 14:00:00,19.947025299072266,503.51214599609375,563.2835693359375,0.27136263251304626,327.28289794921875
2026-07-18 14:15:00,20.05710220336914,505.1902160644531,563.70306396484375,0.2716221511363983,328.3736267089844
2026-07-18 14:30:00,20.116641998291016,505.9649658203125,563.781005859375,0.2716887295246124,328.8772277832031
2026-07-18 14:45:00,20.13748550415039,505.3923950195313,562.86846923828125,0.2712482810020447,328.5050354003906
2026-07-18 15:00:00,20.259525299072266,506.8612060546875,562.89764404296875,0.2713194787502289,329.45977783203125
2026-07-18 15:15:00,20.286319732666016,507.2747192382813,563.00506591796875,0.2713848352432251,329.7285461425781
2026-07-18 15:30:00,20.35477066040039,507.6388549804687,562.51177978515625,0.27117279171943665,329.9652404785156
2026-07-18 15:45:00,20.381595611572266,508.0318603515625,562.5960693359375,0.2712266147136688,330.220703125
2026-07-18 16:00:00,20.476871490478516,508.9893798828125,562.41033935546875,0.2711780071258545,330.84307861328125
2026-07-18 16:15:00,20.551334381103516,509.2085266113281,561.6820068359375,0.2708517909049988,330.98553466796875
2026-07-18 16:30:00,20.56921768188477,509.1643981933594,561.40069580078125,0.2707209289073944,330.95684814453125
2026-07-18 16:45:00,20.64963150024414,510.36334228515625,561.6768798828125,0.2708927094936371,331.7361755371094
2026-07-18 17:00:00,20.65857315063477,512.0064697265625,563.3687744140625,0.2717318832874298,332.80419921875
2026-07-18 17:15:00,20.593021392822266,510.9515075683594,563.06085205078125,0.2715509235858917,332.11846923828125
2026-07-18 17:30:00,20.48282241821289,510.4396057128906,563.93487548828125,0.2719331979751587,331.7857360839844
2026-07-18 17:45:00,20.39050674438477,509.3432312011719,563.931396484375,0.27188974618911743,331.0730895996094
2026-07-18 18:00:00,20.30417251586914,507.7406921386719,563.287841796875,0.2715326249599457,330.03143310546875
2026-07-18 18:15:00,20.27438735961914,507.64508056640625,563.57281494140625,0.2716595530509949,329.96929931640625
2026-07-18 18:30:00,20.17020034790039,505.2068176269531,562.23162841796875,0.2709493637084961,328.3844299316406
2026-07-18 18:45:00,20.04819107055664,504.13958740234375,562.64825439453125,0.2710975110530853,327.69073486328125
2026-07-18 19:00:00,19.98868179321289,503.93896484375,563.2098388671875,0.27134624123573303,327.560302734375
2026-07-18 19:15:00,19.92917251586914,503.5870361328125,563.603759765625,0.2715120017528534,327.3315734863281
2026-07-18 19:30:00,19.81015396118164,503.3811340332031,564.95361328125,0.2721201181411743,327.1977233886719
2026-07-18 19:45:00,19.67331314086914,503.4065246582031,566.81011962890625,0.2729683518409729,327.2142333984375
2026-07-18 20:00:00,19.557315826416016,506.537841796875,571.9044189453125,0.27542343735694885,329.24957275390625
2026-07-18 20:15:00,19.42050552368164,507.13763427734375,574.44500732421875,0.27660685777664185,329.63946533203125
2026-07-18 20:30:00,19.30749893188477,500.97796630859375,568.997314453125,0.2738603353500366,325.63568115234375
2026-07-18 20:45:00,19.18558120727539,491.17132568359375,559.48614501953125,0.2691080570220947,319.2613525390625
2026-07-18 21:00:00,19.066654205322266,482.1940307617187,550.8272705078125,0.264781653881073,313.4261169433594
2026-07-18 21:15:00,18.894229888916016,494.909912109375,567.70123291015625,0.27299994230270386,321.6914367675781
2026-07-18 21:30:00,18.75448989868164,413.3304748535156,475.7244567871094,0.22780413925647736,268.664794921875
2026-07-18 21:45:00,18.582096099853516,493.2217102050781,570.0509033203125,0.2739832401275635,320.5940856933594
2026-07-18 22:00:00,18.498844146728516,493.1858825683594,571.16357421875,0.27448374032974243,320.57080078125
2026-07-18 22:15:00,18.35019302368164,497.5089416503906,578.26068115234375,0.27789467573165894,323.38079833984375
2026-07-18 22:30:00,18.240238189697266,491.12347412109375,572.375,0.2749289572238922,319.2302551269531
2026-07-18 22:45:00,18.136173248291016,490.55029296875,573.166748046875,0.27525660395622253,318.857666015625
2026-07-18 23:00:00,18.04104995727539,490.3338317871094,574.254150390625,0.27573445439338684,318.71697998046875
2026-07-18 23:15:00,17.951847076416016,488.9988098144531,573.9498291015625,0.27552980184555054,317.8492126464844
2026-07-18 23:30:00,17.847782135009766,487.3033142089844,573.43060302734375,0.27520960569381714,316.74713134765625
2026-07-18 23:45:00,17.79428482055664,487.3905944824219,574.29254150390625,0.27560046315193176,316.8038635253906
2026-07-19 00:00:00,17.663455963134766,487.0858154296875,575.7974853515625,0.2762584686279297,316.60577392578125
2026-07-19 00:15:00,17.58316421508789,486.1375427246094,575.82421875,0.27622008323669434,315.9893798828125
2026-07-19 00:30:00,17.47909927368164,485.224365234375,576.23419189453125,0.2763543426990509,315.39581298828125
2026-07-19 00:45:00,17.36905288696289,485.1881713867187,577.77685546875,0.2770412266254425,315.372314453125
2026-07-19 01:00:00,17.31253433227539,484.3335876464844,577.5755615234375,0.2769046127796173,314.81683349609375
2026-07-19 01:15:00,17.229251861572266,483.6993713378906,578.0247802734375,0.2770698666572571,314.4045715332031
2026-07-19 01:30:00,17.20248794555664,483.0640563964844,577.65350341796875,0.27686917781829834,313.99163818359375
2026-07-19 01:45:00,17.06564712524414,482.9456787109375,579.50335693359375,0.27768608927726746,313.9146728515625
2026-07-19 02:00:00,16.97043228149414,481.740478515625,579.44744873046875,0.27759286761283875,313.13128662109375
2026-07-19 02:15:00,16.90494155883789,482.0032348632813,580.72418212890625,0.2781751751899719,313.3020935058594
2026-07-19 02:30:00,16.812686920166016,481.4768981933594,581.4471435546875,0.2784658372402191,312.9599609375
2026-07-19 02:45:00,16.753177642822266,479.6058044433594,580.06298828125,0.2777429223060608,311.7437744140625
2026-07-19 03:00:00,16.65494155883789,478.4164733886719,580.07183837890625,0.2776769995689392,310.970703125
2026-07-19 03:15:00,16.60434341430664,477.86865234375,580.15509033203125,0.2776814103126526,310.6146240234375
2026-07-19 03:30:00,16.51797866821289,477.6763610839844,581.201416015625,0.2781328856945038,310.4896240234375
2026-07-19 03:45:00,16.458438873291016,477.1156921386719,581.4036865234375,0.2781886160373688,310.12518310546875
2026-07-19 04:00:00,16.383975982666016,477.0638122558594,582.4503173828125,0.27864792943000793,310.0914611816406
2026-07-19 04:15:00,16.36014175415039,476.4192504882813,582.01904296875,0.27841824293136597,309.6725158691406
2026-07-19 04:30:00,16.30954360961914,474.6125183105469,580.56549072265625,0.27766627073287964,308.4981384277344
2026-07-19 04:45:00,16.252933502197266,474.8776550292969,581.73577880859375,0.2781987488269806,308.67047119140625
2026-07-19 05:00:00,16.21121597290039,475.880126953125,583.59014892578125,0.27907824516296387,309.32208251953125
2026-07-19 05:15:00,16.154605865478516,474.4200744628906,582.6490478515625,0.2785728871822357,308.373046875
2026-07-19 05:30:00,16.10989761352539,474.4342346191406,583.33905029296875,0.2788776457309723,308.3822326660156
2026-07-19 05:45:00,16.03244400024414,474.8865356445313,585.06524658203125,0.27966582775115967,308.6762390136719
2026-07-19 06:00:00,16.014530181884766,474.69097900390625,585.095458984375,0.27966681122779846,308.54913330078125
2026-07-19 06:15:00,15.942996978759766,474.2423095703125,585.62677001953125,0.27987197041511536,308.2574768066406
2026-07-19 06:30:00,15.90127944946289,473.62738037109375,585.5008544921875,0.2797773778438568,307.8577880859375
2026-07-19 06:45:00,15.87741470336914,473.7107238769531,585.9669189453125,0.2799874544143677,307.9119567871094
2026-07-19 07:00:00,15.85654067993164,473.8894958496094,586.506103515625,0.28023573756217957,308.0281677246094
2026-07-19 07:15:00,15.847599029541016,471.44000244140625,583.610107421875,0.2788067162036896,306.4360046386719
2026-07-19 07:30:00,15.832706451416016,476.0597839355469,589.55731201171875,0.28171536326408386,309.4388427734375
2026-07-19 07:45:00,15.829715728759766,484.0967712402344,599.5570068359375,0.28662678599357605,314.66290283203125
2026-07-19 08:00:00,15.790958404541016,488.58447265625,605.7257080078125,0.2896285057067871,317.57989501953125
2026-07-19 08:15:00,15.79391860961914,487.2586364746094,604.035400390625,0.2887996733188629,316.7181091308594
2026-07-19 08:30:00,15.787967681884766,486.2404174804687,602.86651611328125,0.28822004795074463,316.0562744140625
2026-07-19 08:45:00,15.811832427978516,486.2467346191406,602.5,0.2880592346191406,316.06036376953125
2026-07-19 09:00:00,15.85654067993164,484.9759826660156,600.2271728515625,0.2869778871536255,315.234375
2026-07-19 09:15:00,15.97879409790039,483.6814880371094,596.72900390625,0.28535565733909607,314.3929443359375
2026-07-19 09:30:00,16.02945327758789,483.05377197265625,595.1734619140625,0.28463083505630493,313.9849548339844
2026-07-19 09:45:00,16.14865493774414,486.7862854003906,597.9281005859375,0.28607869148254395,316.41107177734375
2026-07-19 10:00:00,16.252933502197266,490.8439636230469,601.29486083984375,0.28781601786613464,319.0485534667969
2026-07-19 10:15:00,16.372074127197266,490.5751647949219,599.1292724609375,0.28684163093566895,318.87384033203125
2026-07-19 10:30:00,16.50607681274414,490.980712890625,597.57080078125,0.2861757278442383,319.137451171875
2026-07-19 10:45:00,16.63113784790039,490.1135864257813,594.6148681640625,0.2848134934902191,318.5738220214844
2026-07-19 11:00:00,16.788883209228516,493.94378662109375,596.8629150390625,0.286035418510437,321.0634460449219
2026-07-19 11:15:00,16.95553970336914,496.6153869628906,597.5640869140625,0.286500483751297,322.79998779296875
2026-07-19 11:30:00,17.160831451416016,490.3195190429687,586.94366455078125,0.28141331672668457,318.7076721191406
2026-07-19 11:45:00,17.35715103149414,499.77978515625,595.3302001953125,0.28567880392074585,324.8568420410156
2026-07-19 12:00:00,17.485050201416016,490.1011962890625,581.9393310546875,0.27916690707206726,318.5657653808594
2026-07-19 12:15:00,17.64859390258789,493.1460876464844,583.17657470703125,0.27988290786743164,320.5449523925781
2026-07-19 12:30:00,17.868595123291016,485.1226501464844,570.57110595703125,0.2738147974014282,315.3297119140625
2026-07-19 12:45:00,18.038089752197266,498.53472900390625,583.901123046875,0.28048625588417053,324.0475769042969
2026-07-19 13:00:00,18.22238540649414,508.2181396484375,592.556640625,0.28486889600753784,330.3417663574219
2026-07-19 13:15:00,18.38589859008789,504.5296020507813,585.9102783203125,0.28168821334838867,327.9442443847656
2026-07-19 13:30:00,18.579105377197266,499.9914855957031,577.91717529296875,0.27785906195640564,324.99444580078125
2026-07-19 13:45:00,18.76639175415039,503.3862609863281,579.2078857421875,0.27860257029533386,327.2010498046875
2026-07-19 14:00:00,18.742618560791016,502.47943115234375,578.496826171875,0.27823832631111145,326.61163330078125
2026-07-19 14:15:00,18.67422866821289,512.38037109375,590.87261962890625,0.28430670499801636,333.0472412109375
2026-07-19 14:30:00,18.576114654541016,510.5302429199219,590.14117431640625,0.28388848900794983,331.8446350097656
2026-07-19 14:45:00,18.576114654541016,513.15740966796875,593.17803955078125,0.2853878438472748,333.55230712890625
2026-07-19 15:00:00,18.69504165649414,506.0892333984375,583.32366943359375,0.28059259057044983,328.9579772949219
2026-07-19 15:15:00,18.810977935791016,518.21514892578125,595.62872314453125,0.2867346405982971,336.83984375
2026-07-19 15:30:00,18.87936782836914,503.9207458496094,578.244384765625,0.27819058299064636,327.5484619140625
2026-07-19 15:45:00,19.01016616821289,504.9299926757813,577.58203125,0.27793601155281067,328.2044982910156
2026-07-19 16:00:00,19.11423110961914,506.3245544433594,577.73297119140625,0.27806714177131653,329.1109619140625
2026-07-19 16:15:00,19.16476821899414,525.8736572265625,599.3134765625,0.288754940032959,341.81787109375
2026-07-19 16:30:00,19.14694595336914,497.6486511230469,567.38873291015625,0.2729824483394623,323.47161865234375
2026-07-19 16:45:00,19.15881729125977,500.2620544433594,570.206298828125,0.27437806129455566,325.1703186035156
2026-07-19 17:00:00,19.170719146728516,505.7741088867187,576.3248291015625,0.27740269899368286,328.753173828125
2026-07-19 17:15:00,19.15585708618164,522.4444580078125,595.5323486328125,0.2868807315826416,339.5888977050781
2026-07-19 17:30:00,19.12610244750977,520.93121337890625,594.23065185546875,0.2862209677696228,338.60528564453125
2026-07-19 17:45:00,19.20938491821289,523.577392578125,596.05999755859375,0.2871709167957306,340.3252868652344
2026-07-19 18:00:00,19.149906158447266,519.63323974609375,592.4122314453125,0.2853354215621948,337.7615966796875
2026-07-19 18:15:00,19.11722183227539,516.3040771484375,589.0777587890625,0.28367000818252563,335.5976257324219
2026-07-19 18:30:00,19.12317276000977,520.32403564453125,593.5797119140625,0.2858976423740387,338.2106018066406
2026-07-19 18:45:00,19.087467193603516,515.11102294921875,588.1358642578125,0.28318843245506287,334.8221435546875
2026-07-19 19:00:00,19.02206802368164,510.9349060058594,584.28387451171875,0.2812502682209015,332.107666015625
2026-07-19 19:15:00,18.95962905883789,508.9252624511719,582.8597412109375,0.2805126905441284,330.8014221191406
2026-07-19 19:30:00,18.84070205688477,508.0569152832031,583.5343017578125,0.2807792127132416,330.2369689941406
2026-07-19 19:45:00,18.82583999633789,508.0993041992187,583.792236328125,0.28089815378189087,330.2645263671875
2026-07-19 20:00:00,18.75448989868164,506.8456115722656,583.3560791015625,0.28064247965812683,329.44964599609375
2026-07-19 20:15:00,18.67126846313477,506.10601806640625,583.67889404296875,0.2807542085647583,328.9689025878906
2026-07-19 20:30:00,18.579105377197266,505.2363586425781,583.97943115234375,0.28084927797317505,328.40362548828125
2026-07-19 20:45:00,18.48398208618164,504.3785400390625,584.33709716796875,0.28097015619277954,327.8460388183594
2026-07-19 21:00:00,18.40073013305664,521.63482666015625,605.5555419921875,0.2913973331451416,339.0626220703125
2026-07-19 21:15:00,18.258060455322266,501.42236328125,584.1229248046875,0.2807299792766571,325.9245300292969
2026-07-19 21:30:00,18.145084381103516,500.84039306640625,585.06195068359375,0.28112441301345825,325.5462341308594
2026-07-19 21:45:00,18.05887222290039,499.51812744140625,584.7540283203125,0.2809195816516876,324.686767578125
2026-07-19 22:00:00,17.963748931884766,498.81549072265625,585.3001708984375,0.28112971782684326,324.2300720214844
2026-07-19 22:15:00,17.871585845947266,498.2115783691406,585.92218017578125,0.2813783884048462,323.8375244140625
2026-07-19 22:30:00,17.821048736572266,497.8709411621094,586.2532958984375,0.28150954842567444,323.6160888671875
2026-07-19 22:45:00,17.770511627197266,497.356689453125,586.3804931640625,0.28154003620147705,323.2818298339844
2026-07-19 23:00:00,17.69321060180664,495.9797973632813,585.87847900390625,0.2812429368495941,322.3868713378906
2026-07-19 23:15:00,17.64560317993164,495.7182312011719,586.2618408203125,0.2814010679721832,322.2168273925781
2026-07-19 23:30:00,17.580204010009766,494.78179931640625,586.10638427734375,0.28128182888031006,321.608154296875
2026-07-19 23:45:00,17.514774322509766,494.3274841308594,586.5228271484375,0.28144407272338867,321.3128662109375
2026-07-20 00:00:00,17.452335357666016,493.8834838867187,586.90911865234375,0.28159308433532715,321.0242614746094
2026-07-20 00:15:00,17.40768814086914,493.2210083007813,586.77569580078125,0.281497597694397,320.5936584472656
2026-07-20 00:30:00,17.342288970947266,493.2684020996094,587.79241943359375,0.2819546163082123,320.62445068359375
2026-07-20 00:45:00,17.27981948852539,493.09228515625,588.5025634765625,0.2822621762752533,320.5099792480469
2026-07-20 01:00:00,17.229251861572266,492.7760009765625,588.87139892578125,0.2824094295501709,320.30438232421875
2026-07-20 01:15:00,17.17868423461914,492.5808715820313,589.3861083984375,0.2826283276081085,320.17755126953125
2026-07-20 01:30:00,17.119205474853516,492.9083557128906,590.66070556640625,0.2832150161266327,320.3904113769531
2026-07-20 01:45:00,17.068607330322266,492.95111083984375,591.465087890625,0.28357598185539246,320.418212890625
2026-07-20 02:00:00,17.00613784790039,493.0126037597656,592.471435546875,0.2840278446674347,320.45819091796875
2026-07-20 02:15:00,16.940677642822266,492.13714599609375,592.39801025390625,0.2839455008506775,319.8891296386719
2026-07-20 02:30:00,16.88412857055664,491.9729309082031,593.048095703125,0.28422537446022034,319.7823791503906
2026-07-20 02:45:00,16.82461929321289,491.6564636230469,593.560791015625,0.2844352126121521,319.5766906738281
2026-07-20 03:00:00,16.788883209228516,491.7536926269531,594.21649169921875,0.28473231196403503,319.639892578125
2026-07-20 03:15:00,16.74722671508789,491.6974792480469,594.77728271484375,0.2849782705307007,319.6033630371094
2026-07-20 03:30:00,16.68472671508789,491.9046630859375,595.97406005859375,0.285521924495697,319.7380065917969
2026-07-20 03:45:00,16.66983413696289,494.4747314453125,599.31500244140625,0.28715601563453674,321.4085693359375
2026-07-20 04:00:00,16.610294342041016,492.8914794921875,598.302734375,0.2866136133670807,320.37945556640625
2026-07-20 04:15:00,16.57455825805664,492.140625,597.93597412109375,0.286406546831131,319.8913879394531
2026-07-20 04:30:00,16.61624526977539,490.6728515625,595.519287109375,0.28524771332740784,318.9373474121094
2026-07-20 04:45:00,16.568607330322266,486.7853698730469,591.51934814453125,0.2832441031932831,316.4104919433594
2026-07-20 05:00:00,16.571598052978516,485.7714538574219,590.2421875,0.28261798620224,315.7514343261719
2026-07-20 05:15:00,16.61624526977539,487.03173828125,591.10015869140625,0.2830728590488434,316.57061767578125
2026-07-20 05:30:00,16.726383209228516,484.9748229980469,586.9560546875,0.28111395239830017,315.2336120605469
2026-07-20 05:45:00,16.96744155883789,476.64117431640625,573.357177734375,0.27459603548049927,309.8167419433594
2026-07-20 06:00:00,17.69021987915039,437.9115905761719,517.323486328125,0.2475663125514984,284.64251708984375
2026-07-20 06:15:00,18.011295318603516,444.5552062988281,521.02178955078125,0.24956423044204712,288.96087646484375
2026-07-20 06:30:00,18.84070205688477,445.2679748535156,511.4173889160156,0.24530743062496185,289.4241638183594
2026-07-20 06:45:00,19.61978530883789,387.0128173828125,436.3089599609375,0.208993136882782,251.55831909179688
2026-07-20 07:00:00,20.730045318603516,284.82708740234375,312.88299560546875,0.1498296707868576,185.13760375976565
2026-07-20 07:15:00,21.305423736572266,335.4107666015625,363.6228637695313,0.17440028488636017,218.01698303222656
2026-07-20 07:30:00,21.77707290649414,269.2612609863281,288.8082275390625,0.13865670561790466,175.01980590820313
2026-07-20 07:45:00,21.76810073852539,284.2359313964844,304.9316101074219,0.1463509052991867,184.7533416748047
2026-07-20 08:00:00,21.72928237915039,273.1265869140625,293.26983642578125,0.14077027142047882,177.5322723388672
2026-07-20 08:15:00,21.65759658813477,257.2225036621094,276.6399841308594,0.13282868266105652,167.1946258544922
2026-07-20 08:30:00,21.562076568603516,241.1957550048828,259.9642333984375,0.12488479912281036,156.77723693847656
2026-07-20 08:45:00,21.48447036743164,233.91665649414065,252.56234741210935,0.12135742604732512,152.0458221435547
2026-07-20 09:00:00,21.42178726196289,230.8410491943359,249.59632873535156,0.11993632465600967,150.0466766357422
2026-07-20 09:15:00,21.388980865478516,233.73904418945313,252.91818237304688,0.12149778008461,151.9303741455078
2026-07-20 09:30:00,21.33823013305664,242.1939392089844,262.3694152832031,0.12595884501934052,157.42605590820313
2026-07-20 09:45:00,21.308414459228516,251.11671447753903,272.2201232910156,0.13062453269958496,163.22586059570313
2026-07-20 10:00:00,21.27560806274414,261.25933837890625,283.4267883300781,0.13594381511211395,169.8185577392578
2026-07-20 10:15:00,21.32333755493164,270.09063720703125,292.6891174316406,0.1403716802597046,175.5589141845703
2026-07-20 10:30:00,21.31140518188477,277.9342041015625,301.27081298828125,0.14446380734443665,180.6572265625
2026-07-20 10:45:00,21.31735610961914,291.8135070800781,316.2726135253906,0.15164068341255188,189.67877197265625
2026-07-20 11:00:00,21.34720230102539,302.7909240722656,327.9473571777344,0.15724661946296692,196.8140869140625
2026-07-20 11:15:00,21.29648208618164,312.7813720703125,339.1590576171875,0.16261529922485352,203.30789184570313
2026-07-20 11:30:00,21.42477798461914,324.1954650878906,350.5117492675781,0.16811855137348175,210.72705078125
2026-07-20 11:45:00,21.54117202758789,335.8581848144531,362.16412353515625,0.1737724542617798,218.3078155517578
2026-07-20 12:00:00,21.64865493774414,346.455810546875,372.6847229003906,0.17888665199279785,225.19627380371097
2026-07-20 12:15:00,21.68448257446289,356.2611083984375,382.9223937988281,0.18384915590286255,231.56971740722656
2026-07-20 12:30:00,21.633731842041016,366.8304748535156,394.7349548339844,0.1895543485879898,238.43980407714844
2026-07-20 12:45:00,21.699405670166016,376.3606262207031,404.389892578125,0.19425907731056213,244.6343994140625
2026-07-20 13:00:00,21.717350006103516,383.4759216308594,411.8683166503906,0.1978967785835266,249.25933837890625
2026-07-20 13:15:00,21.77707290649414,391.1532287597656,419.54888916015625,0.20165012776851657,254.2495880126953
2026-07-20 13:30:00,21.94137954711914,399.26068115234375,426.6658935546875,0.20516693592071533,259.5194396972656
2026-07-20 13:45:00,22.19546890258789,408.0556640625,433.5921325683594,0.2086220681667328,265.2361755371094
2026-07-20 14:00:00,22.35702896118164,415.1227416992187,439.5169982910156,0.21156151592731476,269.82977294921875
2026-07-20 14:15:00,22.476749420166016,421.0496215820313,444.6086730957031,0.2140830755233765,273.6822509765625
2026-07-20 14:30:00,22.596500396728516,455.12310791015625,479.31585693359375,0.231097474694252,295.83001708984375
2026-07-20 14:45:00,22.75827407836914,461.6151123046875,484.4197692871094,0.23365023732185364,300.0498046875
2026-07-20 15:00:00,22.89615249633789,454.90472412109375,475.9317626953125,0.22953064739704132,295.68804931640625
2026-07-20 15:15:00,22.92612075805664,461.39703369140625,482.4065551757813,0.23271384835243225,299.9080505371094
2026-07-20 15:30:00,22.998111724853516,470.658203125,491.3128051757813,0.2371055781841278,305.9278259277344
2026-07-20 15:45:00,23.154117584228516,470.0650634765625,489.021240234375,0.236026868224144,305.5422668457031
2026-07-20 16:00:00,23.19913101196289,475.9102783203125,494.6158142089844,0.2387870103120804,309.3416748046875
2026-07-20 16:15:00,23.20813369750977,437.7285461425781,454.8439636230469,0.21929901838302612,284.5235595703125
2026-07-20 16:30:00,23.193119049072266,446.8453063964844,464.4693908691406,0.22400352358818057,290.4494323730469
2026-07-20 16:45:00,23.142093658447266,459.8387451171875,478.50823974609375,0.2308661192655563,298.8951721191406
2026-07-20 17:00:00,23.10611343383789,460.5161437988281,479.5902099609375,0.23138612508773804,299.3354797363281
2026-07-20 17:15:00,23.09408950805664,463.0703125,482.3770446777344,0.23274922370910645,300.9956970214844
2026-07-20 17:30:00,23.06711196899414,463.7618713378906,483.3826904296875,0.2332345545291901,301.4451904296875
2026-07-20 17:45:00,23.037113189697266,465.3561706542969,485.3631591796875,0.2341972440481186,302.48150634765625
2026-07-20 18:00:00,22.857181549072266,465.5823364257813,487.5203552246094,0.2352016270160675,302.6285095214844
2026-07-20 18:15:00,22.770267486572266,466.99847412109375,489.9395751953125,0.23636220395565033,303.54901123046875
2026-07-20 18:30:00,22.66238784790039,468.1568603515625,492.3250122070313,0.23749950528144836,304.30194091796875
2026-07-20 18:45:00,22.581546783447266,469.3061218261719,494.4163208007813,0.2385006695985794,305.0489807128906
2026-07-20 19:00:00,22.50967788696289,469.4498901367187,495.3553466796875,0.23893877863883972,305.1424255371094
2026-07-20 19:15:00,22.401920318603516,469.8213806152344,496.9339599609375,0.2396790236234665,305.3838806152344
2026-07-20 19:30:00,22.261295318603516,469.4706115722656,498.1188354492187,0.2402145266532898,305.1558837890625
2026-07-20 19:45:00,22.15958023071289,471.1619567871094,501.0489196777344,0.24161949753761292,306.2552490234375
2026-07-20 20:00:00,22.04599380493164,470.1390075683594,501.2325134277344,0.2416709661483765,305.59033203125
2026-07-20 20:15:00,21.96228408813477,470.2743835449219,502.3182678222656,0.24217534065246585,305.6783447265625
2026-07-20 20:30:00,21.84875869750977,469.6614074707031,502.9442443847656,0.2424430549144745,305.2799072265625
2026-07-20 20:45:00,21.705387115478516,469.2234191894531,504.1005554199219,0.2429599016904831,304.9952087402344
2026-07-20 21:00:00,21.588932037353516,467.7884216308594,503.88275146484375,0.2428106814622879,304.0624694824219
2026-07-20 21:15:00,21.49939346313477,467.8864135742187,505.0111999511719,0.24333198368549347,304.12615966796875
2026-07-20 21:30:00,21.39194107055664,389.5674743652344,421.5045471191406,0.2024722397327423,253.2188415527344
2026-07-20 21:45:00,21.25769424438477,467.5945739746094,507.4763488769531,0.2444518804550171,303.93646240234375
2026-07-20 22:00:00,21.14734268188477,467.0734252929687,508.1888427734375,0.24475932121276855,303.59771728515625
2026-07-20 22:15:00,21.031070709228516,466.8916015625,509.3441467285156,0.24528130888938904,303.4795227050781
2026-07-20 22:30:00,20.971439361572266,466.8343200683594,509.9783630371094,0.24556921422481537,303.4422912597656
2026-07-20 22:45:00,20.843265533447266,465.9628601074219,510.5275268554687,0.2457875460386276,302.8758544921875
2026-07-20 23:00:00,20.74197769165039,465.667236328125,511.3954162597656,0.24617259204387665,302.6836853027344
2026-07-20 23:15:00,20.63174819946289,465.1748352050781,512.1566162109375,0.24650096893310547,302.3636169433594
2026-07-20 23:30:00,20.52453994750977,465.2290344238281,513.4891357421875,0.2471105307340622,302.39886474609375
2026-07-20 23:45:00,20.42624282836914,464.8229370117187,514.2125244140625,0.24742406606674192,302.1348876953125
2026-07-21 00:00:00,20.322025299072266,464.5972595214844,515.210205078125,0.24786925315856936,301.98822021484375
2026-07-21 00:15:00,20.262516021728516,464.2201843261719,515.50640869140625,0.24798884987831116,301.74310302734375
2026-07-21 00:30:00,20.14639663696289,463.9266052246094,516.57928466796875,0.2484646588563919,301.5522766113281
2026-07-21 00:45:00,20.07498550415039,463.3274230957031,516.77508544921875,0.24852897226810455,301.1628112792969
2026-07-21 01:00:00,19.97082901000977,464.37689208984375,519.21221923828125,0.24967904388904572,301.844970703125
2026-07-21 01:15:00,19.90832901000977,417.7052001953125,467.71575927734375,0.22442682087421417,271.50836181640625
2026-07-21 01:30:00,19.783390045166016,463.1574401855469,520.13787841796875,0.2500474750995636,301.0523376464844
2026-07-21 01:45:00,19.68521499633789,463.0019836425781,521.1700439453125,0.2505083978176117,300.9512634277344
2026-07-21 02:00:00,19.62570571899414,463.2720031738281,522.20855712890625,0.25099027156829834,301.1268005371094
2026-07-21 02:15:00,19.542423248291016,463.4815368652344,523.47674560546875,0.2515733242034912,301.26300048828125
2026-07-21 02:30:00,19.45618057250977,463.5899353027344,524.67236328125,0.252118855714798,301.33343505859375
2026-07-21 02:45:00,19.39670181274414,463.1031799316406,524.86346435546875,0.2521836757659912,301.0170593261719
2026-07-21 03:00:00,19.316410064697266,462.96575927734375,525.71234130859375,0.2525610327720642,300.927734375
2026-07-21 03:15:00,19.25992202758789,462.6969604492187,526.1158447265625,0.2527310848236084,300.7530212402344
2026-07-21 03:30:00,19.18857192993164,463.1347961425781,527.51239013671875,0.25338122248649597,301.03759765625
2026-07-21 03:45:00,19.13504409790039,462.977783203125,528.00958251953125,0.25359833240509033,300.935546875
2026-07-21 04:00:00,19.09042739868164,460.8459777832031,526.14056396484375,0.25265783071517944,299.54986572265625
2026-07-21 04:15:00,19.02206802368164,460.2064208984375,526.27288818359375,0.25268790125846863,299.1341552734375
2026-07-21 04:30:00,18.95663833618164,460.1445617675781,527.0302734375,0.2530260384082794,299.0939636230469
2026-07-21 04:45:00,18.88827896118164,460.1392822265625,527.8922119140625,0.25341367721557617,299.09051513671875
2026-07-21 05:00:00,18.81692886352539,459.7862243652344,528.39544677734375,0.2536233365535736,298.86102294921875
2026-07-21 05:15:00,18.78720474243164,459.85211181640625,528.85052490234375,0.25383105874061584,298.90386962890625
2026-07-21 05:30:00,18.718814849853516,454.6017761230469,523.6773681640625,0.25125589966773987,295.49114990234375
2026-07-21 05:45:00,18.65939712524414,468.6189270019531,540.6014404296875,0.2595343589782715,304.602294921875
2026-07-21 06:00:00,18.65341567993164,467.7343444824219,539.6591796875,0.2590680718421936,304.0273132324219
2026-07-21 06:15:00,18.56424331665039,466.5825500488281,539.49591064453125,0.2589390277862549,303.2786560058594
2026-07-21 06:30:00,18.52560806274414,465.8953552246094,539.20721435546875,0.25877588987350464,302.83197021484375
2026-07-21 06:45:00,18.45425796508789,466.974365234375,541.39483642578125,0.25981101393699646,303.5333251953125
2026-07-21 07:00:00,18.37698745727539,467.4928588867187,543.01751708984375,0.260564923286438,303.870361328125
2026-07-21 07:15:00,18.37698745727539,467.66265869140625,543.21478271484375,0.2606618404388428,303.980712890625
2026-07-21 07:30:00,18.296695709228516,467.3128356933594,543.87359619140625,0.26093995571136475,303.7533264160156
2026-07-21 07:45:00,18.24319839477539,467.3063659667969,544.57806396484375,0.2612554728984833,303.7491149902344
2026-07-21 08:00:00,18.228336334228516,467.2312622070313,544.68865966796875,0.26130127906799316,303.7003173828125
2026-07-21 08:15:00,18.22238540649414,467.4641723632813,545.03961181640625,0.2614702582359314,303.8517150878906
2026-07-21 08:30:00,18.23428726196289,467.3063659667969,544.6968994140625,0.2613087296485901,303.7491149902344
2026-07-21 08:45:00,18.22238540649414,466.9374084472656,544.4254150390625,0.261168509721756,303.5093078613281
2026-07-21 09:00:00,18.228336334228516,466.5231018066406,543.86309814453125,0.26089566946029663,303.239990234375
2026-07-21 09:15:00,18.23132705688477,466.2834777832031,543.5439453125,0.26074060797691345,303.0842590332031
2026-07-21 09:30:00,18.287784576416016,467.0583190917969,543.69573974609375,0.2608475387096405,303.587890625
2026-07-21 09:45:00,18.356143951416016,467.3022766113281,543.07220458984375,0.26058003306388855,303.7464599609375
2026-07-21 10:00:00,18.36209487915039,467.5945739746094,543.33306884765625,0.26071152091026306,303.93646240234375
2026-07-21 10:15:00,18.40073013305664,467.5399475097656,542.75787353515625,0.26045072078704834,303.90093994140625
2026-07-21 10:30:00,18.427494049072266,467.6091918945313,542.48431396484375,0.2603313624858856,303.9459533691406
2026-07-21 10:45:00,18.64749526977539,479.4957275390625,553.30853271484375,0.26577624678611755,311.6722106933594
2026-07-21 11:00:00,18.82583999633789,480.09765625,551.619140625,0.2650427520275116,312.0634765625
2026-07-21 11:15:00,18.85556411743164,480.9230041503906,552.17144775390625,0.26533061265945435,312.5999450683594
2026-07-21 11:30:00,18.974491119384766,480.3357849121094,549.92034912109375,0.2642865777015686,312.21826171875
2026-07-21 11:45:00,19.102359771728516,481.8637390136719,549.9788818359375,0.26438283920288086,313.21142578125
2026-07-21 12:00:00,19.173709869384766,483.167236328125,550.525146484375,0.2646889090538025,314.0586853027344
2026-07-21 12:15:00,19.170719146728516,483.2215576171875,550.62640380859375,0.26473721861839294,314.093994140625
2026-07-21 12:30:00,19.316410064697266,484.8066711425781,550.51336669921875,0.2647566497325897,315.12432861328125
2026-07-21 12:45:00,19.57516860961914,487.4325256347656,550.100830078125,0.2646835744380951,316.83111572265625
2026-07-21 13:00:00,19.703067779541016,488.8623352050781,550.04718017578125,0.2647199332714081,317.760498046875
2026-07-21 13:15:00,19.830997467041016,490.4377136230469,550.15667724609375,0.26483574509620667,318.7845153808594
2026-07-21 13:30:00,19.920230865478516,491.662841796875,550.37408447265625,0.26498544216156006,319.5808410644531
2026-07-21 13:45:00,20.045230865478516,493.4655456542969,550.77362060546875,0.26524120569229126,320.7525939941406
2026-07-21 14:00:00,20.214847564697266,494.91326904296875,550.20208740234375,0.26503801345825195,321.693603515625
2026-07-21 14:15:00,20.298221588134766,495.8703918457031,550.1951904296875,0.2650725841522217,322.31573486328125
2026-07-21 14:30:00,20.378604888916016,496.34326171875,549.6903076171875,0.2648599445819855,322.62310791015625
2026-07-21 14:45:00,20.479862213134766,497.55902099609375,549.74212646484375,0.2649306058883667,323.4133605957031
2026-07-21 15:00:00,20.44412612915039,497.1955261230469,549.79638671875,0.2649414837360382,323.1770935058594
2026-07-21 15:15:00,20.38754653930664,497.33062744140625,550.66925048828125,0.2653465270996094,323.264892578125
2026-07-21 15:30:00,20.408390045166016,497.5632019042969,550.659912109375,0.26535123586654663,323.41607666015625
2026-07-21 15:45:00,20.49472427368164,499.11712646484375,551.27349853515625,0.26569217443466187,324.4261169433594
2026-07-21 16:00:00,20.57516860961914,501.131591796875,552.46771240234375,0.26631641387939453,325.73553466796875
2026-07-21 16:15:00,20.610904693603516,501.1487731933594,552.0299072265625,0.2661161720752716,325.7467041015625
2026-07-21 16:30:00,20.55728530883789,500.5360107421875,552.03961181640625,0.2660974860191345,325.348388671875
2026-07-21 16:45:00,20.49472427368164,500.7930908203125,553.1246337890625,0.2666049003601074,325.5155029296875
2026-07-21 17:00:00,20.45303726196289,500.430419921875,553.259033203125,0.2666526436805725,325.2797546386719
2026-07-21 17:15:00,20.40243911743164,500.4564514160156,553.93853759765625,0.2669650614261627,325.29669189453125
2026-07-21 17:30:00,20.34286880493164,500.4881286621094,554.74176025390625,0.2673342823982239,325.3172607421875
2026-07-21 17:45:00,20.22677993774414,499.7673034667969,555.44366455078125,0.26762744784355164,324.8487243652344
2026-07-21 18:00:00,20.179141998291016,500.19390869140625,556.53656005859375,0.2681443691253662,325.12603759765625
2026-07-21 18:15:00,20.06308364868164,498.5357360839844,556.199951171875,0.2679242491722107,324.0482177734375
2026-07-21 18:30:00,19.94107437133789,498.5032043457031,557.75799560546875,0.2686346769332886,324.0270690917969
2026-07-21 18:45:00,19.85776138305664,498.3735046386719,558.70654296875,0.269062340259552,323.9427795410156
2026-07-21 19:00:00,19.71493911743164,496.1058044433594,558.0406494140625,0.26866447925567627,322.46875
2026-07-21 19:15:00,19.62570571899414,497.7667541503906,561.0916748046875,0.2701244056224823,323.5483703613281
2026-07-21 19:30:00,19.51865005493164,497.49658203125,562.21185302734375,0.27062293887138367,323.3727722167969
2026-07-21 19:45:00,19.41751480102539,497.5442199707031,563.61846923828125,0.2712649405002594,323.4037170410156
2026-07-21 20:00:00,19.301578521728516,497.1674499511719,564.74920654296875,0.271762490272522,323.1588439941406
2026-07-21 20:15:00,19.14694595336914,496.8052978515625,566.42718505859375,0.2725084125995636,322.9234313964844
2026-07-21 20:30:00,19.036930084228516,496.15838623046875,567.18365478515625,0.27282240986824036,322.5029296875
2026-07-21 20:45:00,18.92990493774414,495.8872985839844,568.333984375,0.27333134412765503,322.32672119140625
2026-07-21 21:00:00,18.79611587524414,495.181884765625,569.35888671875,0.2737627625465393,321.86822509765625
2026-07-21 21:15:00,18.680179595947266,494.65362548828125,570.34808349609375,0.2741853594779968,321.52484130859375
2026-07-21 21:30:00,18.50479507446289,494.3157653808594,572.38922119140625,0.27509117126464844,321.30523681640625
2026-07-21 21:45:00,18.418582916259766,495.126220703125,574.53216552734375,0.2760971188545227,321.83203125
2026-07-21 22:00:00,18.338321685791016,494.51318359375,574.94525146484375,0.2762535512447357,321.4335632324219
2026-07-21 22:15:00,18.24319839477539,494.1885681152344,575.9053955078125,0.2766701281070709,321.2225646972656
2026-07-21 22:30:00,18.195621490478516,494.1686706542969,576.55352783203125,0.27696096897125244,321.2096252441406
2026-07-21 22:45:00,18.136173248291016,493.19549560546875,576.2574462890625,0.2767791748046875,320.5770568847656
2026-07-21 23:00:00,18.088626861572266,492.9393005371094,576.630859375,0.27693426609039307,320.4105224609375
2026-07-21 23:15:00,18.011295318603516,492.5498046875,577.27178955078125,0.27720269560813904,320.1573486328125
2026-07-21 23:30:00,17.931034088134766,492.56976318359375,578.4378662109375,0.27772751450538635,320.17034912109375
2026-07-21 23:45:00,17.841861724853516,491.7664489746094,578.76727294921875,0.2778340280056,319.648193359375
2026-07-22 00:00:00,17.746707916259766,491.3721618652344,579.66650390625,0.27821674942970276,319.39190673828125
2026-07-22 00:15:00,17.642642974853516,491.3955993652344,581.19244384765625,0.27890169620513916,319.4071350097656
2026-07-22 00:30:00,17.55344009399414,495.9555969238281,587.88818359375,0.2821422517299652,322.3711242675781
2026-07-22 00:45:00,17.493961334228516,490.9186706542969,582.780517578125,0.2795870006084442,319.0971374511719
2026-07-22 01:00:00,17.38986587524414,490.1488952636719,583.38055419921875,0.279813677072525,318.5967712402344
2026-07-22 01:15:00,17.297672271728516,489.98724365234375,584.53515625,0.2803204357624054,318.49169921875
2026-07-22 01:30:00,17.208438873291016,502.3897399902344,600.673583984375,0.28821083903312683,326.5533142089844
2026-07-22 01:45:00,17.128116607666016,496.54815673828125,594.88897705078125,0.2853040099143982,322.75628662109375
2026-07-22 02:00:00,17.03586196899414,496.0821533203125,595.71331787109375,0.28564560413360596,322.4533996582031
2026-07-22 02:15:00,16.964481353759766,495.02581787109375,595.516845703125,0.28549835085868835,321.76678466796875
2026-07-22 02:30:00,16.875186920166016,495.6915588378906,597.66595458984375,0.2864932119846344,322.1994934082031
2026-07-22 02:45:00,16.82461929321289,496.15673828125,598.9937744140625,0.2871108055114746,322.5018615722656
2026-07-22 03:00:00,16.753177642822266,494.6290283203125,598.23297119140625,0.28668421506881714,321.50885009765625
2026-07-22 03:15:00,16.65195083618164,497.6994323730469,603.49810791015625,0.28920310735702515,323.5046081542969
2026-07-22 03:30:00,16.577518463134766,493.06048583984375,599.00836181640625,0.2869367003440857,320.48931884765625
2026-07-22 03:45:00,16.49417495727539,500.42242431640625,609.24761962890625,0.2919171452522278,325.2745666503906
2026-07-22 04:00:00,16.42270278930664,492.199951171875,600.33404541015625,0.2874731123447418,319.9299621582031
2026-07-22 04:15:00,16.35123062133789,492.9616394042969,602.36578369140625,0.28841879963874817,320.425048828125
2026-07-22 04:30:00,16.25888442993164,497.9319763183594,609.88446044921875,0.2920494079589844,323.65576171875
2026-07-22 04:45:00,16.18143081665039,490.5021667480469,601.98345947265625,0.28809937834739685,318.8263854980469
2026-07-22 05:00:00,16.124820709228516,490.6818542480469,603.08392333984375,0.2885965406894684,318.9432067871094
2026-07-22 05:15:00,16.056278228759766,497.88507080078125,613.02166748046875,0.29343393445014954,323.6252746582031
2026-07-22 05:30:00,15.97281265258789,490.5198974609375,605.259521484375,0.289546400308609,318.8379211425781
2026-07-22 05:45:00,15.907230377197266,489.0891418457031,604.5213623046875,0.2891305685043335,317.9079284667969
2026-07-22 06:00:00,15.85953140258789,487.9806213378906,603.89892578125,0.288785845041275,317.1873779296875
2026-07-22 06:15:00,15.80289077758789,489.2788391113281,606.39813232421875,0.28996899724006653,318.0312194824219
2026-07-22 06:30:00,15.73727798461914,484.7478332519531,601.81024169921875,0.28765931725502014,315.0860900878906
2026-07-22 06:45:00,15.69253921508789,488.112548828125,606.6951904296875,0.2900243103504181,317.27313232421875
2026-07-22 07:00:00,15.65079116821289,487.9251403808594,607.123779296875,0.29020047187805176,317.1513366699219
2026-07-22 07:15:00,15.606021881103516,487.44427490234375,607.23583984375,0.2902182340621948,316.8387756347656
2026-07-22 07:30:00,15.558292388916016,487.68182373046875,608.29132080078125,0.2906971573829651,316.9931640625
2026-07-22 07:45:00,15.54935073852539,488.7554016113281,609.773193359375,0.29141825437545776,317.6910095214844
2026-07-22 08:00:00,15.52249526977539,489.0455627441406,610.5648193359375,0.2917848229408264,317.8796081542969
2026-07-22 08:15:00,15.504581451416016,489.68994140625,611.65655517578125,0.29230648279190063,318.2984619140625
2026-07-22 08:30:00,15.474735260009766,489.6075134277344,612.03271484375,0.29246604442596436,318.244873046875
2026-07-22 08:45:00,15.474735260009766,490.716796875,613.41937255859375,0.2931479811668396,318.9659118652344
2026-07-22 09:00:00,15.48965835571289,491.4881286621094,614.14300537109375,0.293516606092453,319.46728515625
2026-07-22 09:15:00,15.56723403930664,493.2164306640625,615.0506591796875,0.2940290868282318,320.5906677246094
2026-07-22 09:30:00,15.606021881103516,494.4468078613281,615.95928955078125,0.29450899362564087,321.3904113769531
2026-07-22 09:45:00,15.606021881103516,494.8487243652344,616.4599609375,0.29475536942481995,321.65167236328125
2026-07-22 10:00:00,15.609012603759766,496.48052978515625,618.44439697265625,0.2957344651222229,322.71234130859375
2026-07-22 10:15:00,15.68954849243164,498.1476745605469,619.216552734375,0.2961826026439667,323.7959899902344
2026-07-22 10:30:00,15.781986236572266,499.4797058105469,619.3778076171875,0.29633939266204834,324.66180419921875
2026-07-22 10:45:00,15.84164810180664,501.4701843261719,620.8814697265625,0.29712948203086853,325.9555969238281
2026-07-22 11:00:00,15.81778335571289,501.5766296386719,621.39886474609375,0.2973644435405731,326.0248107910156
2026-07-22 11:15:00,15.847599029541016,502.6805419921875,622.28369140625,0.2978250980377197,326.7423400878906
2026-07-22 11:30:00,16.050296783447266,505.6473083496094,622.67523193359375,0.2981845736503601,328.6707458496094
2026-07-22 11:45:00,16.33334732055664,508.79071044921875,621.9932861328125,0.298074871301651,330.7139587402344
2026-07-22 12:00:00,16.59244155883789,513.336181640625,623.40350341796875,0.2989717125892639,333.66851806640625
2026-07-22 12:15:00,16.744266510009766,515.998779296875,624.2200927734375,0.2994901239871979,335.3992004394531
2026-07-22 12:30:00,16.80972671508789,517.951904296875,625.54254150390625,0.3001922070980072,336.6687316894531
2026-07-22 12:45:00,16.75912857055664,517.87860107421875,626.2576904296875,0.30050715804100037,336.6210632324219
2026-07-22 13:00:00,16.69662857055664,517.31884765625,626.5753173828125,0.300616592168808,336.2572326660156
2026-07-22 13:15:00,16.744266510009766,519.4764404296875,628.4271240234375,0.3015669882297516,337.65966796875
2026-07-22 13:30:00,16.964481353759766,522.870361328125,629.013916015625,0.3020218014717102,339.86572265625
2026-07-22 13:45:00,17.25601577758789,527.30010986328125,629.705078125,0.3025757670402527,342.74505615234375
2026-07-22 14:00:00,17.39877700805664,529.4390869140625,630.00390625,0.30282506346702576,344.1354064941406
2026-07-22 14:15:00,17.351200103759766,528.5228271484375,629.6622314453125,0.3026224672794342,343.5398254394531
2026-07-22 14:30:00,17.23520278930664,533.59014892578125,637.5494384765625,0.30643928050994873,346.8335876464844
2026-07-22 14:45:00,17.157840728759766,527.29425048828125,631.25225830078125,0.3032696545124054,342.7412414550781
2026-07-22 15:00:00,17.208438873291016,528.56634521484375,631.97119140625,0.3036617040634155,343.568115234375
2026-07-22 15:15:00,17.306583404541016,530.3905029296875,632.59344482421875,0.3040398955345154,344.7538146972656
2026-07-22 15:30:00,17.354190826416016,530.47174072265625,631.936767578125,0.3037491738796234,344.8066101074219
2026-07-22 15:45:00,17.39285659790039,531.843505859375,632.95867919921875,0.30428194999694824,345.6982727050781
2026-07-22 16:00:00,17.502872467041016,533.75970458984375,633.497314453125,0.30462586879730225,346.94378662109375
2026-07-22 16:15:00,17.568302154541016,535.01361083984375,633.95166015625,0.3048963248729706,347.7588195800781
2026-07-22 16:30:00,17.55044937133789,535.2261962890625,634.4854736328125,0.3051479458808899,347.8970031738281
2026-07-22 16:45:00,17.547489166259766,534.9986572265625,634.262451171875,0.3050355613231659,347.7491149902344
2026-07-22 17:00:00,17.505863189697266,534.822021484375,634.7108154296875,0.30522826313972473,347.6343078613281
2026-07-22 17:15:00,17.46719741821289,534.34234619140625,634.75323486328125,0.3052220642566681,347.322509765625
2026-07-22 17:30:00,17.440433502197266,535.73614501953125,636.8341064453125,0.30623260140419006,348.2284851074219
2026-07-22 17:45:00,17.395816802978516,535.8529052734375,637.68310546875,0.3066209554672241,348.30438232421875
2026-07-22 18:00:00,17.29172134399414,534.121337890625,637.28033447265625,0.3063471019268036,347.1788635253906
2026-07-22 18:15:00,17.276859283447266,533.9248046875,637.283203125,0.30633777379989624,347.0511169433594
2026-07-22 18:30:00,17.232242584228516,533.04388427734375,636.944091796875,0.30613774061203003,346.478515625
2026-07-22 18:45:00,17.17868423461914,531.73162841796875,636.2310791015625,0.3057461977005005,345.62554931640625
2026-07-22 19:00:00,17.104312896728516,530.18035888671875,635.5626220703125,0.30536124110221863,344.6172180175781
2026-07-22 19:15:00,17.01504898071289,528.5423583984375,635.02606201171875,0.30503010749816895,343.5525207519531
2026-07-22 19:30:00,16.940677642822266,527.04718017578125,634.42010498046875,0.30467522144317627,342.5806579589844
2026-07-22 19:45:00,16.91684341430664,527.22613525390625,635.01806640625,0.3049529194831848,342.69696044921875
2026-07-22 20:00:00,16.93472671508789,524.068115234375,630.92901611328125,0.3029458224773407,340.6442565917969
2026-07-22 20:15:00,16.964481353759766,522.916748046875,629.0697021484375,0.3020493686199188,339.8958740234375
2026-07-22 20:30:00,16.98233413696289,518.83160400390625,623.87384033203125,0.2994963824748993,337.24053955078125
2026-07-22 20:45:00,16.99423599243164,518.4635009765625,623.24395751953125,0.2991940677165985,337.0012512207031
2026-07-22 21:00:00,17.00613784790039,516.03399658203125,620.1370849609375,0.29766887426376343,335.4220886230469
2026-07-22 21:15:00,17.00613784790039,512.58917236328125,615.997314453125,0.29562562704086304,333.1829528808594
2026-07-22 21:30:00,17.012088775634766,509.2238464355469,611.8612060546875,0.29358917474746704,330.9954833984375
2026-07-22 21:45:00,17.020999908447266,507.2186279296875,609.3148193359375,0.292339563369751,329.6921081542969
2026-07-22 22:00:00,17.029911041259766,502.42431640625,603.4197998046875,0.2894391715526581,326.5758056640625
2026-07-22 22:15:00,17.00613784790039,501.0531311035156,602.134033203125,0.28878843784332275,325.68450927734375
2026-07-22 22:30:00,16.98233413696289,498.34234619140625,599.236328125,0.28734347224235535,323.9225158691406
2026-07-22 22:45:00,16.94662857055664,495.62109375,596.501953125,0.28597092628479004,322.1536865234375
2026-07-22 23:00:00,16.901981353759766,499.7067565917969,602.09869384765625,0.28869643807411194,324.80938720703125
2026-07-22 23:15:00,16.84543228149414,496.2598876953125,598.8023681640625,0.2870315611362457,322.56890869140625
2026-07-22 23:30:00,16.78293228149414,488.35406494140625,590.1976318359375,0.2827497124671936,317.4301452636719
2026-07-22 23:45:00,16.714481353759766,493.0789489746094,596.94488525390625,0.2860216796398163,320.5013122558594
2026-07-23 00:00:00,16.65195083618164,484.88385009765625,587.958251953125,0.28155311942100525,315.17449951171875
2026-07-23 00:15:00,16.580509185791016,483.5189514160156,587.3717041015625,0.2812125086784363,314.28729248046875
2026-07-23 00:30:00,16.503116607666016,483.0212097167969,587.9278564453125,0.28142908215522766,313.9637756347656
2026-07-23 00:45:00,16.41971206665039,481.3377685546875,587.1304931640625,0.2809751033782959,312.8695373535156
2026-07-23 01:00:00,16.34823989868164,482.3218688964844,589.40997314453125,0.28204238414764404,313.50921630859375
2026-07-23 01:15:00,16.26779556274414,480.5312805175781,588.43658447265625,0.28150299191474915,312.3453063964844
2026-07-23 01:30:00,16.187381744384766,483.301025390625,593.0546875,0.2837119698524475,314.1456604003906
2026-07-23 01:45:00,16.10989761352539,478.3875732421875,588.1998291015625,0.2812657952308655,310.951904296875
2026-07-23 02:00:00,16.02646255493164,478.011962890625,589.0069580078125,0.28159767389297485,310.707763671875
2026-07-23 02:15:00,15.948978424072266,477.0921325683594,589.05462646484375,0.28156042098999023,310.10986328125
2026-07-23 02:30:00,15.86551284790039,477.22845458984375,590.5008544921875,0.28220492601394653,310.198486328125
2026-07-23 02:45:00,15.77902603149414,476.9851379394531,591.529052734375,0.2826409339904785,310.0403137207031
2026-07-23 03:00:00,15.69253921508789,476.75579833984375,592.57940673828125,0.28308695554733276,309.8912658691406
2026-07-23 03:15:00,15.61795425415039,477.0291442871094,594.07568359375,0.28376099467277527,310.0689392089844
2026-07-23 03:30:00,15.54037857055664,475.7320556640625,593.664794921875,0.28349533677101135,309.225830078125
2026-07-23 03:45:00,15.447879791259766,475.92999267578125,595.35491943359375,0.2842482924461365,309.3544921875
2026-07-23 04:00:00,15.37326431274414,474.9308166503906,595.27178955078125,0.2841448187828064,308.70501708984375
2026-07-23 04:15:00,15.304569244384766,472.56195068359375,593.37567138671875,0.28315600752830505,307.1652526855469
2026-07-23 04:30:00,15.21799087524414,475.2377014160156,598.10089111328125,0.28540128469467163,308.90447998046875
2026-07-23 04:45:00,15.13138198852539,477.93646240234375,602.87738037109375,0.28767096996307373,310.65869140625
2026-07-23 05:00:00,15.05667495727539,475.482421875,600.9710693359375,0.2866697311401367,309.0635681152344
2026-07-23 05:15:00,14.970035552978516,482.4534912109375,611.18743896484375,0.29160845279693604,313.5947570800781
2026-07-23 05:30:00,14.90127944946289,475.7568054199219,603.808349609375,0.2879241406917572,309.2419128417969
2026-07-23 05:45:00,14.826541900634766,476.776611328125,606.31036376953125,0.2890845537185669,309.90478515625
2026-07-23 06:00:00,14.751773834228516,475.05169677734375,605.325439453125,0.2885332405567169,308.7835998535156
2026-07-23 06:15:00,14.682987213134766,475.9721374511719,607.61669921875,0.28959423303604126,309.3818664550781
2026-07-23 06:30:00,14.62015151977539,475.5057373046875,608.04559326171875,0.2897464334964752,309.0787048339844
2026-07-23 06:45:00,14.566287994384766,475.9256591796875,609.46405029296875,0.29039204120635986,309.3516540527344
2026-07-23 07:00:00,14.506412506103516,476.3082580566406,610.937744140625,0.29105862975120544,309.600341796875
2026-07-23 07:15:00,14.45853042602539,476.1016540527344,611.46136474609375,0.2912701368331909,309.466064453125
2026-07-23 07:30:00,14.413639068603516,476.44769287109375,612.6475830078125,0.29180920124053955,309.69097900390625
2026-07-23 07:45:00,14.37466812133789,476.1142272949219,612.86370849609375,0.2918778955936432,309.4742431640625
2026-07-23 08:00:00,14.338748931884766,475.917236328125,613.20556640625,0.29201099276542664,309.34619140625
2026-07-23 08:15:00,14.32376480102539,476.5590515136719,614.28155517578125,0.29252421855926514,309.76336669921875
2026-07-23 08:30:00,14.308780670166016,477.175537109375,615.32574462890625,0.2930218279361725,310.1640930175781
2026-07-23 08:45:00,14.31180191040039,477.94830322265625,616.2718505859375,0.2934888005256653,310.6663818359375
2026-07-23 09:00:00,14.36270523071289,479.4978332519531,617.4188232421875,0.29410073161125183,311.673583984375
2026-07-23 09:15:00,14.45254898071289,480.65435791015625,617.40802001953125,0.2941819131374359,312.4253234863281
2026-07-23 09:30:00,14.572269439697266,482.49615478515625,617.77874755859375,0.2944778501987457,313.62249755859375
2026-07-23 09:45:00,14.706912994384766,484.6087646484375,618.2454833984375,0.29483354091644287,314.9956970214844
2026-07-23 10:00:00,14.844486236572266,487.30633544921875,619.40399169921875,0.29553017020225525,316.7491149902344
2026-07-23 10:15:00,14.97598648071289,489.28948974609375,619.74932861328125,0.2958202660083771,318.03814697265625
2026-07-23 10:30:00,15.110477447509766,491.9698486328125,620.92315673828125,0.2965187430381775,319.7803955078125
2026-07-23 10:45:00,15.241886138916016,493.8586730957031,621.1436767578125,0.29674434661865234,321.00811767578125
2026-07-23 11:00:00,15.382205963134766,496.1669006347656,621.74249267578125,0.29716232419013977,322.50848388671875
2026-07-23 11:15:00,15.537418365478516,498.45013427734375,622.0628662109375,0.2974543571472168,323.9925842285156
2026-07-23 11:30:00,15.653751373291016,500.2872314453125,622.457763671875,0.29774805903434753,325.1866760253906
2026-07-23 11:45:00,15.826725006103516,502.8692321777344,622.8553466796875,0.29808929562568665,326.864990234375
2026-07-23 12:00:00,16.03244400024414,505.3175048828125,622.5565185546875,0.29811155796051025,328.45635986328125
2026-07-23 12:15:00,16.21420669555664,507.7652282714844,622.64410400390625,0.2983012795448303,330.0473937988281
2026-07-23 12:30:00,16.366092681884766,510.14825439453125,623.12908935546875,0.29866069555282593,331.5963439941406
2026-07-23 12:45:00,16.571598052978516,512.0234375,622.1400146484375,0.2983323931694031,332.8152160644531
2026-07-23 13:00:00,16.70553970336914,514.61236572265625,623.15594482421875,0.2989356815814972,334.4980163574219
2026-07-23 13:15:00,16.89603042602539,517.0308837890625,623.06640625,0.29903408885002136,336.070068359375
2026-07-23 13:30:00,17.03586196899414,518.98492431640625,623.2158203125,0.2992106080055237,337.3401794433594
2026-07-23 13:45:00,17.06265640258789,520.3050537109375,624.379150390625,0.2998046576976776,338.1982727050781
2026-07-23 14:00:00,17.184635162353516,521.17755126953125,623.50958251953125,0.29946330189704895,338.765380859375
2026-07-23 14:15:00,17.360111236572266,523.991943359375,624.1251220703125,0.29989203810691833,340.5947570800781
2026-07-23 14:30:00,17.532596588134766,526.1082763671875,623.953857421875,0.29992759227752686,341.9703674316406
2026-07-23 14:45:00,17.71402359008789,528.29559326171875,623.72967529296875,0.2999405264854431,343.3921203613281
2026-07-23 15:00:00,17.880496978759766,530.824951171875,624.13983154296875,0.3002547323703766,345.03619384765625
2026-07-23 15:15:00,17.93698501586914,533.20587158203125,626.06610107421875,0.3012448847293854,346.58380126953125
2026-07-23 15:30:00,17.92807388305664,532.998291015625,625.9598388671875,0.3011864721775055,346.4488830566406
2026-07-23 15:45:00,17.96969985961914,534.1817626953125,626.70635986328125,0.3015832304954529,347.2181396484375
2026-07-23 16:00:00,18.07077407836914,534.5328369140625,625.56048583984375,0.3010823130607605,347.4463195800781
2026-07-23 16:15:00,18.148075103759766,537.380615234375,627.70074462890625,0.30219152569770813,349.2973937988281
2026-07-23 16:30:00,18.18075942993164,537.98602294921875,627.90447998046875,0.3023134171962738,349.6908874511719
2026-07-23 16:45:00,18.16885757446289,539.4569091796875,629.804931640625,0.30324652791023254,350.64697265625
2026-07-23 17:00:00,18.16293716430664,540.154541015625,630.7109375,0.30369123816490173,351.1004333496094
2026-07-23 17:15:00,18.13321304321289,540.18243408203125,631.20361328125,0.3039158880710602,351.1185607910156
2026-07-23 17:30:00,18.064823150634766,540.358642578125,632.47088623046875,0.30449870228767395,351.23309326171875
2026-07-23 17:45:00,17.99350357055664,540.49078369140625,633.73651123046875,0.30507832765579224,351.3190002441406
2026-07-23 18:00:00,17.91617202758789,541.40289306640625,636.01702880859375,0.3061559200286865,351.911865234375
2026-07-23 18:15:00,17.83591079711914,541.30419921875,637.1627197265625,0.30666911602020264,351.84771728515625
2026-07-23 18:30:00,17.767520904541016,540.89239501953125,637.756103515625,0.30691638588905334,351.5800476074219
2026-07-23 18:45:00,17.672367095947266,548.3685302734375,648.0980224609375,0.3119722902774811,356.4395446777344
2026-07-23 19:00:00,17.60397720336914,540.73187255859375,640.15911865234375,0.307993084192276,351.4757080078125
2026-07-23 19:15:00,17.502872467041016,539.944580078125,640.837890625,0.308258056640625,350.9639587402344
2026-07-23 19:30:00,17.360111236572266,540.07171630859375,643.2777099609375,0.3093637228012085,351.0466003417969
2026-07-23 19:45:00,17.327396392822266,539.96337890625,643.67535400390625,0.3095369338989258,350.9761962890625
2026-07-23 20:00:00,17.23520278930664,538.833984375,643.81494140625,0.30953890085220337,350.2420654296875
2026-07-23 20:15:00,17.13107681274414,537.644287109375,644.076171875,0.3095915615558624,349.4687805175781
2026-07-23 20:30:00,17.01803970336914,537.15252685546875,645.32220458984375,0.3101236820220947,349.1491394042969
2026-07-23 20:45:00,16.922794342041016,536.39837646484375,645.9683837890625,0.31037136912345886,348.658935546875
2026-07-23 21:00:00,16.791873931884766,535.28875732421875,646.77349853515625,0.31066930294036865,347.93768310546875
2026-07-23 21:15:00,16.66684341430664,535.22314453125,648.75244140625,0.3115505576133728,347.89501953125
2026-07-23 21:30:00,16.51205825805664,532.8701171875,648.45513916015625,0.3112810552120209,346.3655700683594
2026-07-23 21:45:00,16.413761138916016,532.62164306640625,649.7850341796875,0.31185945868492126,346.20404052734375
2026-07-23 22:00:00,16.34823989868164,532.3511962890625,650.547119140625,0.3121829330921173,346.02825927734375
2026-07-23 22:15:00,16.29166030883789,532.0528564453125,651.12799072265625,0.3124237060546875,345.8343505859375
2026-07-23 22:30:00,16.223148345947266,535.9697265625,657.07843017578125,0.3153083324432373,348.38031005859375
2026-07-23 22:45:00,16.12778091430664,538.05828857421875,661.262451171875,0.3172968924045563,349.7378845214844
2026-07-23 23:00:00,16.068180084228516,530.00128173828125,652.364013671875,0.3128485679626465,344.5008239746094
2026-07-23 23:15:00,16.017520904541016,528.239501953125,651.04803466796875,0.31215572357177734,343.35565185546875
2026-07-23 23:30:00,15.96982192993164,528.8802490234375,652.6434326171875,0.3129032552242279,343.77215576171875
2026-07-23 23:45:00,15.91617202758789,528.47991943359375,653.057373046875,0.31306180357933044,343.5119323730469
2026-07-24 00:00:00,15.86252212524414,534.70880126953125,661.67578125,0.31727319955825806,347.5606994628906
2026-07-24 00:15:00,15.814823150634766,527.38311767578125,653.4205322265625,0.3131537139415741,342.79901123046875
2026-07-24 00:30:00,15.80289077758789,527.534912109375,653.8116455078125,0.31333646178245544,342.8976745605469
2026-07-24 00:45:00,15.75815200805664,526.5811767578125,653.390380859375,0.3130894899368286,342.2777404785156
2026-07-24 01:00:00,15.704471588134766,526.78778076171875,654.5623779296875,0.31362104415893555,342.41204833984375
2026-07-24 01:15:00,15.656742095947266,525.82525634765625,654.18109130859375,0.3133907616138458,341.7864074707031
2026-07-24 01:30:00,15.606021881103516,525.6177978515625,654.7906494140625,0.31364670395851135,341.65155029296875
2026-07-24 01:45:00,15.57321548461914,525.4510498046875,655.14520263671875,0.31379246711730957,341.5431823730469
2026-07-24 02:00:00,15.48965835571289,524.8702392578125,655.85589599609375,0.3140682578086853,341.1656494140625
2026-07-24 02:15:00,15.441898345947266,523.85498046875,655.40869140625,0.31380438804626465,340.5057373046875
2026-07-24 02:30:00,15.415042877197266,531.439208984375,665.36700439453125,0.318695604801178,345.43548583984375
2026-07-24 02:45:00,15.355350494384766,524.2998046875,657.46026611328125,0.31473782658576965,340.79486083984375
2026-07-24 03:00:00,15.34341812133789,525.470703125,659.1356201171875,0.31555357575416565,341.5559387207031
2026-07-24 03:15:00,15.292667388916016,522.95257568359375,656.8551025390625,0.31438159942626953,339.9191589355469
2026-07-24 03:30:00,15.313541412353516,524.070068359375,657.896484375,0.31491461396217346,340.6455383300781
2026-07-24 03:45:00,15.32248306274414,523.93988037109375,657.5780029296875,0.3147657513618469,340.5609130859375
2026-07-24 04:00:00,15.30759048461914,523.58929443359375,657.3961181640625,0.31466224789619446,340.3330383300781
2026-07-24 04:15:00,15.286685943603516,523.25299072265625,657.33612060546875,0.314613401889801,340.11444091796875
2026-07-24 04:30:00,15.26279067993164,523.6502685546875,658.25018310546875,0.3150421977043152,340.3726501464844
2026-07-24 04:45:00,15.23294448852539,522.24774169921875,657.0047607421875,0.3144001364707947,339.4610290527344
2026-07-24 05:00:00,15.209049224853516,522.60443115234375,657.8687744140625,0.3148041069507599,339.69287109375
2026-07-24 05:15:00,15.17319107055664,522.0169677734375,657.75274658203125,0.31471341848373413,339.3110046386719
2026-07-24 05:30:00,15.158267974853516,521.89556884765625,657.859619140625,0.31475210189819336,339.23211669921875
2026-07-24 05:45:00,15.11941909790039,520.82135009765625,657.18133544921875,0.3143811523914337,338.53387451171875
2026-07-24 06:00:00,15.11941909790039,521.173828125,657.6260986328125,0.31460046768188477,338.7629699707031
2026-07-24 06:15:00,15.095523834228516,521.64697265625,658.64013671875,0.3150780498981476,339.0705261230469
2026-07-24 06:30:00,15.083560943603516,521.02276611328125,658.060791015625,0.3147810101509094,338.664794921875
2026-07-24 06:45:00,15.083560943603516,521.7664794921875,659.00006103515625,0.31524425745010376,339.148193359375
2026-07-24 07:00:00,15.077579498291016,521.36749267578125,658.60064697265625,0.31504160165786743,338.88885498046875
2026-07-24 07:15:00,15.06863784790039,521.70770263671875,659.186767578125,0.3153221607208252,339.1099853515625
2026-07-24 07:30:00,15.07461929321289,522.9700927734375,660.67694091796875,0.3160628080368042,339.9305419921875
2026-07-24 07:45:00,15.089542388916016,523.714111328125,661.35504150390625,0.31641143560409546,340.4141540527344
2026-07-24 08:00:00,15.104496002197266,523.06964111328125,660.27935791015625,0.3158949911594391,339.9952392578125
2026-07-24 08:15:00,15.11343765258789,523.2696533203125,660.37530517578125,0.31595078110694885,340.1252746582031
2026-07-24 08:30:00,15.110477447509766,522.93798828125,660.008544921875,0.3157670497894287,339.90966796875
2026-07-24 08:45:00,15.146305084228516,522.73291015625,659.123779296875,0.31536442041397095,339.7763671875
2026-07-24 09:00:00,15.18216323852539,523.5302734375,659.5030517578125,0.3155851364135742,340.294677734375
2026-07-24 09:15:00,15.25082778930664,523.81842041015625,658.6695556640625,0.31523799896240234,340.4819641113281
2026-07-24 09:30:00,15.352359771728516,525.27862548828125,658.73956298828125,0.31536635756492615,341.43109130859375
2026-07-24 09:45:00,15.43295669555664,525.77337646484375,657.96343994140625,0.31505700945854187,341.752685546875
2026-07-24 10:00:00,15.531436920166016,526.73492431640625,657.46514892578125,0.3149001896381378,342.377685546875
2026-07-24 10:15:00,15.62094497680664,527.89666748046875,657.3729248046875,0.31493479013442993,343.1328125
2026-07-24 10:30:00,15.790958404541016,529.74847412109375,656.759033203125,0.31478163599967957,344.33648681640625
2026-07-24 10:45:00,15.904239654541016,530.81451416015625,656.1455078125,0.3145769238471985,345.0294189453125
2026-07-24 11:00:00,16.005619049072266,532.29541015625,656.24908447265625,0.3147149980068207,345.99200439453125
2026-07-24 11:15:00,16.095035552978516,533.594970703125,656.331787109375,0.31483179330825806,346.83673095703125
2026-07-24 11:30:00,16.14865493774414,533.52996826171875,655.34417724609375,0.31438884139060974,346.7944641113281
2026-07-24 11:45:00,16.187381744384766,533.50640869140625,654.6612548828125,0.31408369541168213,346.7791442871094
2026-07-24 12:00:00,16.249942779541016,534.88885498046875,655.30120849609375,0.31445205211639404,347.677734375
2026-07-24 12:15:00,16.306522369384766,534.5877685546875,653.98040771484375,0.31384584307670593,347.4820251464844
2026-07-24 12:30:00,16.44650650024414,537.18829345703125,654.806884765625,0.3143688142299652,349.17236328125
2026-07-24 12:45:00,16.63113784790039,539.1151123046875,654.06439208984375,0.3141496181488037,350.4248046875
2026-07-24 13:00:00,16.88412857055664,542.56719970703125,654.036865234375,0.3143339157104492,352.6686706542969
2026-07-24 13:15:00,17.08346939086914,544.27166748046875,652.79736328125,0.31387221813201904,353.7765808105469
2026-07-24 13:30:00,17.080509185791016,545.237060546875,654.0040283203125,0.3144673705101013,354.4040832519531
2026-07-24 13:45:00,17.08346939086914,545.81622314453125,654.64984130859375,0.31478941440582275,354.780517578125
2026-07-24 14:00:00,17.14297866821289,546.029052734375,653.92498779296875,0.3144752085208893,354.91888427734375
2026-07-24 14:15:00,17.17868423461914,546.87384033203125,654.34912109375,0.31471189856529236,355.4679870605469
2026-07-24 14:30:00,17.26791763305664,547.22027587890625,653.298828125,0.314257949590683,355.69317626953125
2026-07-24 14:45:00,17.36905288696289,548.36236572265625,653.006591796875,0.31418731808662415,356.4355163574219
2026-07-24 15:00:00,17.452335357666016,548.93353271484375,652.328125,0.3139116168022156,356.8067932128906
2026-07-24 15:15:00,17.47909927368164,550.6029052734375,653.87530517578125,0.31469738483428955,357.8918762207031
2026-07-24 15:30:00,17.502872467041016,551.49407958984375,654.5455322265625,0.3150465786457062,358.47113037109375
2026-07-24 15:45:00,17.52072525024414,551.6080322265625,654.38958740234375,0.314982146024704,358.5451965332031
2026-07-24 16:00:00,17.523685455322266,552.55584716796875,655.4656982421875,0.31551751494407654,359.1612854003906
2026-07-24 16:15:00,17.51773452758789,552.8631591796875,655.92742919921875,0.3157420754432678,359.3610534667969
2026-07-24 16:30:00,17.50882339477539,559.93682861328125,664.46728515625,0.3199692964553833,363.95892333984375
2026-07-24 16:45:00,17.532596588134766,553.00909423828125,655.85772705078125,0.3157182037830353,359.4559020996094
2026-07-24 17:00:00,17.52963638305664,553.94110107421875,657.01153564453125,0.31628790497779846,360.06170654296875
2026-07-24 17:15:00,17.502872467041016,553.16455078125,656.52813720703125,0.31602907180786133,359.55694580078125
2026-07-24 17:30:00,17.45529556274414,553.1400146484375,657.2784423828125,0.3163665235042572,359.5409851074219
2026-07-24 17:45:00,17.440433502197266,553.928955078125,658.4600830078125,0.31694135069847107,360.0538024902344
2026-07-24 18:00:00,17.38986587524414,554.48883056640625,659.95867919921875,0.31764718890190125,360.417724609375
2026-07-24 18:15:00,17.363101959228516,553.57745361328125,659.31500244140625,0.3173085153102875,359.8253173828125
2026-07-24 18:30:00,17.32443618774414,559.67431640625,667.2216796875,0.3211994171142578,363.7882995605469
2026-07-24 18:45:00,17.264957427978516,553.36346435546875,660.68194580078125,0.31791332364082336,359.6862487792969
2026-07-24 19:00:00,17.20248794555664,552.8304443359375,661.0809326171875,0.3180643916130066,359.33978271484375
2026-07-24 19:15:00,17.151920318603516,552.5867919921875,661.62982177734375,0.3182982802391052,359.181396484375
2026-07-24 19:30:00,17.07455825805664,550.99407958984375,661.008544921875,0.3179318606853485,358.1461486816406
2026-07-24 19:45:00,17.00314712524414,550.7733154296875,661.9345703125,0.31833598017692566,358.0026550292969
2026-07-24 20:00:00,16.928775787353516,550.76971435546875,663.175048828125,0.31889301538467407,358.00030517578125
2026-07-24 20:15:00,16.854373931884766,548.87689208984375,662.1416015625,0.3183232545852661,356.76995849609375
2026-07-24 20:30:00,16.776981353759766,548.77001953125,663.313232421875,0.3188426196575165,356.70050048828125
2026-07-24 20:45:00,16.714481353759766,548.488525390625,664.0263671875,0.3191462457180023,356.51751708984375
2026-07-24 21:00:00,16.64303970336914,556.77978515625,675.29071044921875,0.3246684670448303,361.9068603515625
2026-07-24 21:15:00,16.568607330322266,546.9532470703125,664.632568359375,0.31932929158210754,355.51959228515625
2026-07-24 21:30:00,16.473331451416016,546.42901611328125,665.61383056640625,0.31973740458488464,355.1788330078125
2026-07-24 21:45:00,16.41971206665039,556.635498046875,678.977783203125,0.3263109624385834,361.81304931640625
2026-07-24 22:00:00,16.35123062133789,545.7613525390625,666.88348388671875,0.3202650249004364,354.744873046875
2026-07-24 22:15:00,16.29166030883789,550.78717041015625,674.0550537109375,0.3237650692462921,358.01165771484375
2026-07-24 22:30:00,16.190372467041016,544.15679931640625,667.6788330078125,0.3205234706401825,353.701904296875
2026-07-24 22:45:00,16.15164566040039,546.8896484375,671.7022705078125,0.3224813938140869,355.478271484375
2026-07-24 23:00:00,16.169498443603516,540.71429443359375,663.81195068359375,0.31859293580055237,351.4642639160156
2026-07-24 23:15:00,16.14865493774414,543.54229736328125,667.64251708984375,0.32047006487846375,353.302490234375
2026-07-24 23:30:00,16.11587905883789,544.7637939453125,669.7091064453125,0.321464478969574,354.0964660644531
2026-07-24 23:45:00,16.07712173461914,544.7403564453125,670.35107421875,0.3217487931251526,354.0812072753906
2026-07-25 00:00:00,16.02646255493164,542.7366943359375,668.7608642578125,0.3209184408187866,352.7788391113281
2026-07-25 00:15:00,15.928104400634766,542.34783935546875,669.98687744140625,0.32143929600715637,352.5260925292969
2026-07-25 00:30:00,15.892337799072266,540.26568603515625,668.03460693359375,0.3204425275325775,351.17266845703125
2026-07-25 00:45:00,15.925113677978516,542.64874267578125,670.41064453125,0.32164624333381653,352.7216796875
2026-07-25 01:00:00,15.945987701416016,543.15985107421875,670.67889404296875,0.3217971920967102,353.05389404296875
2026-07-25 01:15:00,15.922122955322266,543.484375,671.4951171875,0.32218000292778015,353.26483154296875
2026-07-25 01:30:00,15.89828872680664,542.96087646484375,671.263427734375,0.3220444917678833,352.924560546875
2026-07-25 01:45:00,15.904239654541016,545.01513671875,673.69903564453125,0.32325446605682373,354.25982666015625
2026-07-25 02:00:00,15.81778335571289,556.5274658203125,689.4769287109375,0.33098626136779785,361.7428283691406
2026-07-25 02:15:00,15.77902603149414,541.90081787109375,672.03369140625,0.32231977581977844,352.2355041503906
2026-07-25 02:30:00,15.79690933227539,543.1495361328125,673.268798828125,0.3229464590549469,353.04718017578125
2026-07-25 02:45:00,15.781986236572266,542.61199951171875,672.86383056640625,0.3227328956127167,352.6977844238281
2026-07-25 03:00:00,15.722354888916016,542.40252685546875,673.650146484375,0.3230683207511902,352.5616149902344
2026-07-25 03:15:00,15.74026870727539,542.7362060546875,673.749755859375,0.3231336772441864,352.7785339355469
2026-07-25 03:30:00,15.728336334228516,542.73004150390625,673.9517822265625,0.3232228457927704,352.7745056152344
2026-07-25 03:45:00,15.698490142822266,542.16162109375,673.77032470703125,0.3231062591075897,352.405029296875
2026-07-25 04:00:00,15.66568374633789,542.98419189453125,675.37078857421875,0.3238679766654968,352.939697265625
2026-07-25 04:15:00,15.66269302368164,541.627685546875,673.7362060546875,0.32305702567100525,352.0579833984375
2026-07-25 04:30:00,15.64480972290039,542.71673583984375,675.40643310546875,0.323866605758667,352.765869140625
2026-07-25 04:45:00,15.629886627197266,543.0872802734375,676.1312255859375,0.324211448431015,353.0067138671875
2026-07-25 05:00:00,15.60306167602539,542.23443603515625,675.543212890625,0.32389622926712036,352.4523620605469
2026-07-25 05:15:00,15.59708023071289,541.53424072265625,674.7764892578125,0.32351168990135193,351.99725341796875
2026-07-25 05:30:00,15.58810806274414,541.16094970703125,674.4697265625,0.32335183024406433,351.7546081542969
2026-07-25 05:45:00,15.49863052368164,539.473388671875,673.94476318359375,0.32301023602485657,350.6576843261719
2026-07-25 06:00:00,15.49863052368164,541.39813232421875,676.3492431640625,0.32419872283935547,351.9087829589844
2026-07-25 06:15:00,15.48965835571289,541.17572021484375,676.2305908203125,0.3241317570209503,351.7641906738281
2026-07-25 06:30:00,15.51053237915039,541.28228759765625,675.99346923828125,0.32403385639190674,351.8334655761719
2026-07-25 06:45:00,15.486698150634766,544.1749267578125,680.03106689453125,0.3260079324245453,353.71368408203125
2026-07-25 07:00:00,15.51651382446289,541.05230712890625,675.60028076171875,0.3238449990749359,351.6839904785156
2026-07-25 07:15:00,15.477725982666016,540.659423828125,675.7969970703125,0.32390642166137695,351.4286193847656
2026-07-25 07:30:00,15.456851959228516,539.1553955078125,674.28656005859375,0.32314053177833557,350.45098876953125
2026-07-25 07:45:00,15.474735260009766,540.60723876953125,675.78485107421875,0.3238976299762726,351.3946838378906
2026-07-25 08:00:00,15.48965835571289,542.07281494140625,677.3515625,0.3246859014034271,352.3473205566406
2026-07-25 08:15:00,15.48965835571289,540.02276611328125,674.78985595703125,0.3234196603298187,351.0147705078125
2026-07-25 08:30:00,15.49863052368164,539.16595458984375,673.5606689453125,0.32282039523124695,350.4578552246094
2026-07-25 08:45:00,15.54636001586914,540.406982421875,674.2667236328125,0.32321327924728394,351.2645263671875
2026-07-25 09:00:00,15.612003326416016,537.6995849609375,669.73681640625,0.32103416323661804,349.5047302246094
2026-07-25 09:15:00,15.65079116821289,541.647216796875,673.97003173828125,0.3231618404388428,352.0706787109375
2026-07-25 09:30:00,15.74026870727539,542.014404296875,672.85369873046875,0.32269060611724854,352.3093566894531
2026-07-25 09:45:00,15.895328521728516,544.508544921875,673.22857666015625,0.32301387190818787,353.9305419921875
2026-07-25 10:00:00,16.02646255493164,545.59423828125,672.28192138671875,0.32266029715538025,354.63623046875
2026-07-25 10:15:00,16.190372467041016,546.88555908203125,671.02703857421875,0.32218027114868164,355.4755859375
2026-07-25 10:30:00,16.375064849853516,549.56732177734375,671.1236572265625,0.32238373160362244,357.21875
2026-07-25 10:45:00,16.43759536743164,549.849365234375,670.39306640625,0.32207396626472473,357.4020690917969
2026-07-25 11:00:00,16.57455825805664,551.44610595703125,669.9903564453125,0.32198697328567505,358.43994140625
2026-07-25 11:15:00,16.69064712524414,552.51226806640625,669.30328369140625,0.3217405676841736,359.1329650878906
2026-07-25 11:30:00,16.84543228149414,559.9049072265625,675.598388671875,0.32498374581336975,363.93817138671875
2026-07-25 11:45:00,17.009098052978516,555.8760986328125,667.9669189453125,0.3213294446468353,361.3194580078125
2026-07-25 12:00:00,17.08945083618164,557.0247802734375,667.9927978515625,0.3214040994644165,362.06610107421875
2026-07-25 12:15:00,17.11026382446289,557.084716796875,667.71466064453125,0.32128217816352844,362.10504150390625
2026-07-25 12:30:00,17.157840728759766,556.1611328125,665.81036376953125,0.3203744888305664,361.5047302246094
2026-07-25 12:45:00,17.17569351196289,556.97930908203125,666.49066162109375,0.3207252621650696,362.0365295410156
2026-07-25 13:00:00,17.172733306884766,556.8037109375,666.330078125,0.32064342498779297,361.9223937988281
2026-07-25 13:15:00,17.19949722290039,556.1875,665.14532470703125,0.3200763761997223,361.5218505859375
2026-07-25 13:30:00,17.226261138916016,557.95465087890625,666.8104248046875,0.32092198729515076,362.6705017089844
2026-07-25 13:45:00,17.25900650024414,557.6490478515625,665.89801025390625,0.32049423456192017,362.47186279296875
2026-07-25 14:00:00,17.34524917602539,559.041259765625,666.119873046875,0.3206685781478882,363.3768005371094
2026-07-25 14:15:00,17.404727935791016,560.0955810546875,666.3843994140625,0.32084375619888306,364.0621032714844
2026-07-25 14:30:00,17.47311782836914,569.53350830078125,676.45745849609375,0.3258918523788452,370.19677734375
2026-07-25 14:45:00,17.55344009399414,561.23870849609375,665.27252197265625,0.32040101289749146,364.8051452636719
2026-07-25 15:00:00,17.58615493774414,561.939697265625,665.5614013671875,0.3205679655075073,365.26080322265625
2026-07-25 15:15:00,17.60397720336914,562.6812744140625,666.14447021484375,0.320870041847229,365.7428283691406
2026-07-25 15:30:00,17.609928131103516,563.1129150390625,666.556884765625,0.321078896522522,366.02337646484375
2026-07-25 15:45:00,17.62778091430664,562.22760009765625,665.21368408203125,0.320425420999527,365.44793701171875
2026-07-25 16:00:00,17.642642974853516,562.77496337890625,665.6156005859375,0.32063543796539307,365.8037109375
2026-07-25 16:15:00,17.666446685791016,562.8173828125,665.27239990234375,0.3204822242259979,365.831298828125
2026-07-25 16:30:00,17.69021987915039,564.1036376953125,666.3995361328125,0.3210584223270416,366.6673583984375
2026-07-25 16:45:00,17.71402359008789,563.69476318359375,665.5235595703125,0.3206407129764557,366.4015808105469
2026-07-25 17:00:00,17.728885650634766,564.86102294921875,666.65484619140625,0.3212125897407532,367.1596374511719
2026-07-25 17:15:00,17.73483657836914,565.652099609375,667.489990234375,0.3216312527656555,367.6738586425781
2026-07-25 17:30:00,17.73184585571289,564.43841552734375,666.10711669921875,0.3209429681301117,366.88494873046875
2026-07-25 17:45:00,17.71402359008789,564.9967041015625,667.0606689453125,0.3214034140110016,367.2478332519531
2026-07-25 18:00:00,17.69614028930664,563.9456787109375,666.1151123046875,0.32092151045799255,366.5646667480469
2026-07-25 18:15:00,17.64859390258789,563.25714111328125,666.08734130859375,0.32087376713752747,366.11712646484375
2026-07-25 18:30:00,17.621829986572266,563.5836181640625,666.916748046875,0.3212659955024719,366.329345703125
2026-07-25 18:45:00,17.61587905883789,563.48480224609375,666.89837646484375,0.32125261425971985,366.2651062011719
2026-07-25 19:00:00,17.589115142822266,563.854248046875,667.7799072265625,0.32167062163352966,366.5052490234375
2026-07-25 19:15:00,17.577213287353516,562.64349365234375,666.54327392578125,0.3210485279560089,365.71826171875
2026-07-25 19:30:00,17.56235122680664,561.2547607421875,665.14398193359375,0.3203437328338623,364.8155822753906
2026-07-25 19:45:00,17.53854751586914,560.033203125,664.0897216796875,0.3198036253452301,364.0215759277344
2026-07-25 20:00:00,17.502872467041016,563.25799560546875,668.50762939453125,0.3219689130783081,366.11767578125
2026-07-25 20:15:00,17.482059478759766,563.26568603515625,668.86370849609375,0.32213032245635986,366.1226806640625
2026-07-25 20:30:00,17.40768814086914,572.46710205078125,681.05328369140625,0.3281244933605194,372.1036071777344
2026-07-25 20:45:00,17.35715103149414,561.5911865234375,668.958984375,0.32208532094955444,365.0342712402344
2026-07-25 21:00:00,17.29172134399414,560.56573486328125,668.8321533203125,0.321973592042923,364.3677062988281
2026-07-25 21:15:00,17.238162994384766,559.250732421875,668.15985107421875,0.32159993052482605,363.5129699707031
2026-07-25 21:30:00,17.128116607666016,559.33367919921875,670.109130859375,0.3224828541278839,363.5668640136719
2026-07-25 21:45:00,17.077518463134766,560.486328125,672.345947265625,0.32355302572250366,364.31610107421875
2026-07-25 22:00:00,17.029911041259766,560.13653564453125,672.73309326171875,0.323708176612854,364.0887451171875
2026-07-25 22:15:00,16.985294342041016,569.59991455078125,684.86944580078125,0.329693078994751,370.23992919921875
2026-07-25 22:30:00,16.94662857055664,559.16302490234375,672.9775390625,0.3237643837928772,363.4559631347656
2026-07-25 22:45:00,16.89603042602539,565.39935302734375,681.35455322265625,0.32787835597991943,367.5095520019531
2026-07-25 23:00:00,16.890079498291016,559.13848876953125,673.9111328125,0.32418274879455566,363.44000244140625
2026-07-25 23:15:00,16.83353042602539,558.12841796875,673.657958984375,0.32401242852211,362.783447265625
2026-07-25 23:30:00,16.776981353759766,569.33526611328125,688.17095947265625,0.33116400241851807,370.0679016113281
2026-07-25 23:45:00,16.71744155883789,556.64532470703125,673.8507080078125,0.3240150809288025,361.8194580078125
2026-07-26 00:00:00,16.660892486572266,555.90850830078125,673.92755126953125,0.32400748133659363,361.34051513671875
2026-07-26 00:15:00,16.625186920166016,555.1387939453125,673.60675048828125,0.3238195478916168,360.8402099609375
2026-07-26 00:30:00,16.60434341430664,555.61810302734375,674.54656982421875,0.3242682218551636,361.1517639160156
2026-07-26 00:45:00,16.583499908447266,553.67169189453125,672.54095458984375,0.32325759530067444,359.8865966796875
2026-07-26 01:00:00,16.53586196899414,553.96575927734375,673.71685791015625,0.32380107045173645,360.0777282714844
2026-07-26 01:15:00,16.50607681274414,554.23199462890625,674.5537109375,0.3241910934448242,360.25079345703125
2026-07-26 01:30:00,16.458438873291016,554.00689697265625,675.101806640625,0.3244231343269348,360.1044616699219
2026-07-26 01:45:00,16.41971206665039,553.81451416015625,675.53680419921875,0.32460638880729675,359.97943115234375
2026-07-26 02:00:00,16.375064849853516,552.85760498046875,675.1417236328125,0.32437336444854736,359.357421875
2026-07-26 02:15:00,16.33334732055664,552.93212890625,675.95587158203125,0.32474151253700256,359.4058837890625
2026-07-26 02:30:00,16.306522369384766,552.83642578125,676.30462646484375,0.3248915672302246,359.3436584472656
2026-07-26 02:45:00,16.270816802978516,552.9080810546875,677.0133056640625,0.3252122402191162,359.3902282714844
2026-07-26 03:00:00,16.30356216430664,551.96624755859375,675.29150390625,0.3243873417377472,358.7780456542969
2026-07-26 03:15:00,16.30057144165039,550.9219970703125,674.065673828125,0.32377785444259644,358.0992736816406
2026-07-26 03:30:00,16.27377700805664,551.651611328125,675.42340087890625,0.32442745566368103,358.57354736328125
2026-07-26 03:45:00,16.252933502197266,548.9071044921875,672.42352294921875,0.32292458415031433,356.78961181640625
2026-07-26 04:00:00,16.238040924072266,550.70355224609375,674.88275146484375,0.3241294026374817,357.9573059082031
2026-07-26 04:15:00,16.24399185180664,561.42230224609375,687.91314697265625,0.33058908581733704,364.9244689941406
2026-07-26 04:30:00,16.22909927368164,551.24603271484375,675.7030029296875,0.32452791929244995,358.3099060058594
2026-07-26 04:45:00,16.217166900634766,549.00787353515625,673.16632080078125,0.32326191663742065,356.8551025390625
2026-07-26 05:00:00,16.190372467041016,549.76922607421875,674.56524658203125,0.32393157482147217,357.3499755859375
2026-07-26 05:15:00,16.16354751586914,547.93402099609375,672.77850341796875,0.3230242133140564,356.1571044921875
2026-07-26 05:30:00,16.095035552978516,542.08319091796875,666.7724609375,0.31999391317367554,352.35406494140625
2026-07-26 05:45:00,16.08011245727539,546.67816162109375,672.6837158203125,0.3229055404663086,355.3407897949219
2026-07-26 06:00:00,16.035404205322266,547.0938720703125,673.97381591796875,0.3235052525997162,355.6109924316406
2026-07-26 06:15:00,16.050296783447266,546.25506591796875,672.68133544921875,0.3228785991668701,355.0657653808594
2026-07-26 06:30:00,16.035404205322266,547.26800537109375,674.18829345703125,0.32361137866973877,355.72418212890625
2026-07-26 06:45:00,16.005619049072266,544.97314453125,671.8790283203125,0.32244282960891724,354.2325439453125
2026-07-26 07:00:00,15.99368667602539,546.7763671875,674.3104248046875,0.323635458946228,355.4046325683594
2026-07-26 07:15:00,15.99368667602539,547.26837158203125,674.91717529296875,0.32393568754196167,355.72442626953125
2026-07-26 07:30:00,15.996646881103516,547.73138427734375,675.4364013671875,0.3241952061653137,356.025390625
2026-07-26 07:45:00,15.99368667602539,547.1336669921875,674.75103759765625,0.3238534927368164,355.6368713378906
2026-07-26 08:00:00,16.00857925415039,548.2974853515625,675.9256591796875,0.32444775104522705,356.3933410644531
2026-07-26 08:15:00,16.02347183227539,547.58587646484375,674.78826904296875,0.3238978683948517,355.9308166503906
2026-07-26 08:30:00,16.02945327758789,547.49365234375,674.5701904296875,0.3237951695919037,355.870849609375
2026-07-26 08:45:00,16.06521987915039,547.529541015625,673.99066162109375,0.3235394358634949,355.8941955566406
2026-07-26 09:00:00,16.139713287353516,549.72900390625,675.39752197265625,0.324300080537796,357.3238525390625
2026-07-26 09:15:00,16.223148345947266,549.918212890625,674.1787109375,0.32376816868782043,357.44683837890625
2026-07-26 09:30:00,16.375064849853516,551.62750244140625,673.6395263671875,0.3236294388771057,358.557861328125
2026-07-26 09:45:00,16.52096939086914,553.2374267578125,673.08709716796875,0.3234768509864807,359.60430908203125
2026-07-26 10:00:00,16.648990631103516,553.7349853515625,671.49609375,0.322793185710907,359.927734375
2026-07-26 10:15:00,16.776981353759766,555.6494140625,671.6285400390625,0.32296162843704224,361.172119140625
2026-07-26 10:30:00,16.90793228149414,555.879150390625,669.68017578125,0.3220997452735901,361.3214416503906
2026-07-26 10:45:00,17.05075454711914,558.277587890625,670.14825439453125,0.32244279980659485,362.88043212890625
2026-07-26 11:00:00,17.172733306884766,559.38592529296875,669.4202880859375,0.32217535376548767,363.600830078125
2026-07-26 11:15:00,17.31253433227539,562.37939453125,670.64642333984375,0.32288891077041626,365.5466003417969
2026-07-26 11:30:00,17.44638442993164,562.86700439453125,668.9854736328125,0.32216450572013855,365.863525390625
2026-07-26 11:45:00,17.55044937133789,563.866943359375,668.437744140625,0.3219689428806305,366.51348876953125
2026-07-26 12:00:00,17.803226470947266,565.68707275390625,666.40185546875,0.3211396634578705,367.69659423828125
2026-07-26 12:15:00,18.055912017822266,568.75604248046875,665.8548583984375,0.3210434317588806,369.69140625
2026-07-26 12:30:00,18.26401138305664,570.6947021484375,664.72369384765625,0.3206220865249634,370.9515380859375
2026-07-26 12:45:00,18.45425796508789,572.4970703125,663.734375,0.3202558755874634,372.1230773925781
2026-07-26 13:00:00,18.71585464477539,574.57611083984375,661.92889404296875,0.31952616572380066,373.4744567871094
2026-07-26 13:15:00,18.932865142822266,576.96270751953125,661.20697021484375,0.31930193305015564,375.0257568359375
2026-07-26 13:30:00,19.120182037353516,579.89874267578125,661.58929443359375,0.31960514187812805,376.9341735839844
2026-07-26 13:45:00,19.343204498291016,582.5211181640625,661.04888916015625,0.3194679021835327,378.6387023925781
2026-07-26 14:00:00,19.393741607666016,583.43865966796875,661.293701171875,0.3196188807487488,379.235107421875
2026-07-26 14:15:00,19.48892593383789,582.7625732421875,659.03424072265625,0.3185499906539917,378.795654296875
2026-07-26 14:30:00,19.51565933227539,583.96112060546875,659.97076416015625,0.3190308213233948,379.57470703125
2026-07-26 14:45:00,19.52756118774414,599.83441162109375,677.7186279296875,0.3278696537017822,389.8923645019531
2026-07-26 15:00:00,19.60489273071289,583.9837646484375,658.60150146484375,0.3184002637863159,379.5894470214844
2026-07-26 15:15:00,19.67630386352539,584.42437744140625,657.985595703125,0.3181338310241699,379.8758239746094
2026-07-26 15:30:00,19.590030670166016,599.31512451171875,676.1297607421875,0.32711440324783325,389.5548095703125
2026-07-26 15:45:00,19.67331314086914,584.31005859375,657.90338134765625,0.3180913031101227,379.801513671875
2026-07-26 16:00:00,19.85776138305664,587.632080078125,658.770751953125,0.31862396001815796,381.9608459472656
2026-07-26 16:15:00,19.905338287353516,586.5179443359375,656.7861328125,0.31766247749328613,381.2366638183594
2026-07-26 16:30:00,19.87857437133789,586.89788818359375,657.62542724609375,0.3180655241012573,381.4836120605469
2026-07-26 16:45:00,19.95297622680664,587.254638671875,656.87518310546875,0.3177323639392853,381.71551513671875
2026-07-26 17:00:00,19.95297622680664,589.9117431640625,659.8472900390625,0.319210946559906,383.442626953125
2026-07-26 17:15:00,19.982730865478516,587.75885009765625,656.98004150390625,0.3178004026412964,382.0432434082031
2026-07-26 17:30:00,19.908329010009766,587.9129638671875,658.30194091796875,0.31841811537742615,382.1434020996094
2026-07-26 17:45:00,19.863712310791016,587.68310546875,658.7357177734375,0.31860974431037903,381.9940185546875
2026-07-26 18:00:00,19.804203033447266,586.08526611328125,657.8662109375,0.31814485788345337,380.9554138183594
2026-07-26 18:15:00,19.69711685180664,583.8687744140625,657.0367431640625,0.3176735043525696,379.5146789550781
2026-07-26 18:30:00,19.655460357666016,585.86395263671875,659.93157958984375,0.3190900385379791,380.8115539550781
2026-07-26 18:45:00,19.63760757446289,583.8848876953125,657.980224609375,0.3181096017360687,379.5251770019531
2026-07-26 19:00:00,19.60788345336914,585.17840576171875,659.90203857421875,0.3190487027168274,380.3659362792969
2026-07-26 19:15:00,19.491886138916016,584.1339111328125,660.5386962890625,0.31929972767829895,379.6870422363281
2026-07-26 19:30:00,19.349124908447266,582.98724365234375,661.4844970703125,0.31968793272972107,378.9416809082031
2026-07-26 19:45:00,19.316410064697266,584.22381591796875,663.40472412109375,0.3206236958503723,379.7454528808594
2026-07-26 20:00:00,19.29263687133789,583.1173095703125,662.52386474609375,0.3201717734336853,379.0262451171875
2026-07-26 20:15:00,19.23910903930664,580.05950927734375,659.8924560546875,0.3188321590423584,377.0386657714844
2026-07-26 20:30:00,19.158817291259766,580.88177490234375,662.097900390625,0.31988102197647095,377.5731506347656
2026-07-26 20:45:00,19.066654205322266,579.403076171875,661.87255859375,0.31971386075019836,376.61199951171875
2026-07-26 21:00:00,18.962589263916016,578.56878662109375,662.5736083984375,0.31999924778938293,376.0697021484375
2026-07-26 21:15:00,18.861515045166016,595.80126953125,683.970703125,0.3305791914463043,387.27081298828125
2026-07-26 21:30:00,18.712894439697266,577.15252685546875,664.94464111328125,0.3210226893424988,375.1491394042969
2026-07-26 21:45:00,18.579105377197266,576.08856201171875,665.874267578125,0.3213994801044464,374.4575500488281
2026-07-26 22:00:00,18.48990249633789,574.81292724609375,665.84149169921875,0.3213256597518921,373.6283874511719
2026-07-26 22:15:00,18.42453384399414,584.046142578125,677.6143798828125,0.32713383436203003,379.6299743652344
2026-07-26 22:30:00,18.296695709228516,573.25323486328125,667.17041015625,0.3218589127063751,372.6145935058594
2026-07-26 22:45:00,18.246158599853516,572.33087158203125,666.920654296875,0.32170119881629944,372.0150451660156
2026-07-26 23:00:00,18.21048355102539,587.6822509765625,685.40753173828125,0.3308647572994232,381.9934387207031
2026-07-26 23:15:00,18.12131118774414,586.6199951171875,685.6661376953125,0.33093181252479553,381.302978515625
2026-07-26 23:30:00,18.05295181274414,585.504638671875,685.5126953125,0.3308078944683075,380.5780029296875
2026-07-26 23:45:00,17.963748931884766,561.7529296875,659.14971923828125,0.3176528513431549,365.139404296875
2026-07-27 00:00:00,17.91617202758789,584.67919921875,686.856201171875,0.33137932419776917,380.0414733886719
2026-07-27 00:15:00,17.838871002197266,569.92596435546875,670.803955078125,0.3233497440814972,370.4518737792969
2026-07-27 00:30:00,17.76456069946289,568.262451171875,670.0767822265625,0.32293617725372314,369.3705749511719
2026-07-27 00:45:00,17.684268951416016,578.967529296875,684.0599365234375,0.32982245087623596,376.3288879394531
2026-07-27 01:00:00,17.64560317993164,557.61346435546875,659.46234130859375,0.317585825920105,362.44873046875
2026-07-27 01:15:00,17.61886978149414,577.91571044921875,683.92694091796875,0.3297085165977478,375.64520263671875
2026-07-27 01:30:00,17.53854751586914,580.92266845703125,688.860595703125,0.3321002423763275,377.5997314453125
2026-07-27 01:45:00,17.511783599853516,579.95556640625,688.17242431640625,0.33173832297325134,376.9710998535156
2026-07-27 02:00:00,17.46719741821289,573.9814453125,681.841064453125,0.3285602331161499,373.0879211425781
2026-07-27 02:15:00,17.416629791259766,572.77777099609375,681.27069091796875,0.3282391428947449,372.3055419921875
2026-07-27 02:30:00,17.35715103149414,569.35546875,678.20770263671875,0.3266739845275879,370.0810546875
2026-07-27 02:45:00,17.318485260009766,562.80450439453125,671.0533447265625,0.3230952322483063,365.8229064941406
2026-07-27 03:00:00,17.25900650024414,561.90582275390625,670.9810791015625,0.32301467657089233,365.23876953125
2026-07-27 03:15:00,17.193546295166016,561.73065185546875,671.874755859375,0.323408305644989,365.1249084472656
2026-07-27 03:30:00,17.16977310180664,576.57293701171875,690.03936767578125,0.3324044644832611,374.77239990234375
2026-07-27 03:45:00,17.137027740478516,557.79315185546875,668.11370849609375,0.32150042057037354,362.5655212402344
2026-07-27 04:00:00,17.11026382446289,561.49871826171875,673.0052490234375,0.32390516996383667,364.9741516113281
2026-07-27 04:15:00,17.068607330322266,574.89794921875,689.78863525390625,0.3322005867958069,373.68365478515625
2026-07-27 04:30:00,17.044803619384766,554.3377685546875,665.51873779296875,0.3201437294483185,360.3195495605469
2026-07-27 04:45:00,17.01504898071289,560.69024658203125,673.650634765625,0.32415154576301575,364.4486389160156
2026-07-27 05:00:00,16.973392486572266,566.38641357421875,681.21038818359375,0.32786816358566284,368.1511535644531
2026-07-27 05:15:00,16.91684341430664,574.7332763671875,692.23809814453125,0.3332957625389099,373.5766296386719
2026-07-27 05:30:00,16.898990631103516,561.6260986328125,676.75677490234375,0.3256005644798279,365.05694580078125
2026-07-27 05:45:00,16.85141372680664,557.28887939453125,672.33990478515625,0.32337331771850586,362.2377624511719
2026-07-27 06:00:00,16.818668365478516,545.80706787109375,659.034423828125,0.31675684452056885,354.7745666503906
2026-07-27 06:15:00,16.791873931884766,571.07464599609375,690.01251220703125,0.33208993077278137,371.1985168457031
2026-07-27 06:30:00,16.77103042602539,574.967529296875,695.0838623046875,0.3345898985862732,373.7288818359375
2026-07-27 06:45:00,16.788883209228516,571.1326904296875,690.135009765625,0.3321482837200165,371.2362365722656
2026-07-27 07:00:00,16.788883209228516,557.39398193359375,673.53369140625,0.3239153027534485,362.3060607910156
2026-07-27 07:15:00,16.80972671508789,558.45086669921875,674.4541015625,0.3243880867958069,362.9930419921875
2026-07-27 07:30:00,16.79483413696289,560.24090576171875,676.87164306640625,0.3255745470523834,364.1565856933594
2026-07-27 07:45:00,16.82162857055664,569.3172607421875,687.3702392578125,0.33080294728279114,370.05621337890625
2026-07-27 08:00:00,16.836490631103516,575.15350341796875,694.15509033203125,0.33418238162994385,373.8497619628906
2026-07-27 08:15:00,16.893070220947266,574.5025634765625,692.3765869140625,0.33334535360336304,373.4266662597656
2026-07-27 08:30:00,16.94363784790039,558.86724853515625,672.67236328125,0.323610782623291,363.2637023925781
2026-07-27 08:45:00,16.985294342041016,574.15313720703125,690.3441162109375,0.3324103355407715,373.19952392578125
2026-07-27 09:00:00,17.05374526977539,560.52679443359375,672.79742431640625,0.3237585127353668,364.3424072265625
2026-07-27 09:15:00,17.14596939086914,573.74822998046875,687.06988525390625,0.33091142773628235,372.93634033203125
2026-07-27 09:30:00,17.24411392211914,577.428466796875,689.77447509765625,0.3323306441307068,375.3284912109375
2026-07-27 09:45:00,17.34524917602539,566.2490234375,674.708251953125,0.3249284327030182,368.0618591308594
2026-07-27 10:00:00,17.461246490478516,561.84442138671875,667.5224609375,0.32144975662231445,365.1988525390625
2026-07-27 10:15:00,17.60397720336914,577.18609619140625,683.31634521484375,0.32939425110816956,375.17095947265625
2026-07-27 10:30:00,17.776432037353516,568.34344482421875,669.97528076171875,0.32289424538612366,369.4232177734375
2026-07-27 10:45:00,17.87753677368164,576.92425537109375,678.39263916015625,0.3271457552909851,375.0007629394531
2026-07-27 11:00:00,18.04996109008789,573.2357177734375,671.197509765625,0.3236922025680542,372.60321044921875
2026-07-27 11:15:00,18.23428726196289,588.96502685546875,686.50341796875,0.33142611384391785,382.8272399902344
2026-07-27 11:30:00,18.439395904541016,577.2677001953125,669.507568359375,0.32311418652534485,375.2239990234375
2026-07-27 11:45:00,18.605838775634766,588.04315185546875,679.251220703125,0.3280668258666992,382.22802734375
2026-07-27 12:00:00,18.81991958618164,587.26654052734375,674.84967041015625,0.3260144293308258,381.7232360839844
2026-07-27 12:15:00,18.98935317993164,598.79290771484375,685.2930908203125,0.3313179016113281,389.2153625488281
2026-07-27 12:30:00,19.18857192993164,585.74737548828125,667.1685791015625,0.32242006063461304,380.73577880859375
2026-07-27 12:45:00,19.37289810180664,584.5975341796875,662.9361572265625,0.32042354345321655,379.9883728027344
2026-07-27 13:00:00,19.56027603149414,602.6588134765625,680.38165283203125,0.3292149305343628,391.72821044921875
2026-07-27 13:15:00,19.771488189697266,609.60064697265625,684.7896728515625,0.3315320909023285,396.24041748046875
2026-07-27 13:30:00,19.97677993774414,598.86895751953125,669.49212646484375,0.3240244388580322,389.2648010253906
2026-07-27 13:45:00,20.22378921508789,599.37908935546875,666.19915771484375,0.3225160241127014,389.5964050292969
2026-07-27 14:00:00,20.41135025024414,609.83221435546875,674.86309814453125,0.32692959904670715,396.39093017578125
2026-07-27 14:15:00,20.533451080322266,605.3709716796875,668.03057861328125,0.3235868811607361,393.4911193847656
2026-07-27 14:30:00,20.63473892211914,595.954833984375,656.099853515625,0.3176955580711365,387.3706359863281
2026-07-27 14:45:00,20.560245513916016,617.27899169921875,680.74847412109375,0.3299400210380554,401.2313232421875
2026-07-27 15:00:00,20.563236236572266,600.345703125,662.0281982421875,0.32061198353767395,390.2247009277344
2026-07-27 15:15:00,20.301212310791016,593.80194091796875,658.8096923828125,0.31887733936309814,385.97125244140625
2026-07-27 15:30:00,20.244632720947266,600.2841796875,666.88067626953125,0.322866290807724,390.1846923828125
2026-07-27 15:45:00,20.18509292602539,606.584228515625,674.8170166015625,0.3267884850502014,394.27972412109375
2026-07-27 16:00:00,20.07199478149414,622.33392333984375,694.17254638671875,0.33637893199920654,404.51702880859375
2026-07-27 16:15:00,20.22977066040039,606.16796875,673.65081787109375,0.3262309730052948,394.0091552734375
2026-07-27 16:30:00,20.214847564697266,624.033203125,693.74652099609375,0.3362441062927246,405.62158203125
2026-07-27 16:45:00,20.417301177978516,626.06195068359375,692.727783203125,0.3358432650566101,406.94024658203125
2026-07-27 17:00:00,20.450077056884766,624.436279296875,690.4031982421875,0.33470016717910767,405.8835754394531
2026-07-27 17:15:00,20.375614166259766,610.95062255859375,676.6627197265625,0.3278081715106964,397.1178894042969
2026-07-27 17:30:00,20.375614166259766,608.44610595703125,673.88885498046875,0.32642561197280884,395.4899597167969
2026-07-27 17:45:00,20.17618179321289,625.02337646484375,695.47509765625,0.33708590269088745,406.2651672363281
2026-07-27 18:00:00,20.15237808227539,608.68121337890625,677.6678466796875,0.32819175720214844,395.64276123046875
2026-07-27 18:15:00,20.08389663696289,614.0743408203125,684.76861572265625,0.33169466257095337,399.1483154296875
2026-07-27 18:30:00,20.03628921508789,607.9952392578125,678.746337890625,0.3286667466163635,395.1968994140625
2026-07-27 18:45:00,20.018436431884766,621.2100830078125,693.78936767578125,0.33615821599960327,403.7865295410156
2026-07-27 19:00:00,19.994632720947266,604.82330322265625,675.8653564453125,0.327208548784256,393.1351318359375
2026-07-27 19:15:00,19.82504653930664,608.91180419921875,683.15277099609375,0.3307463526725769,395.79266357421875
2026-07-27 19:30:00,19.872623443603516,603.547607421875,676.37640380859375,0.3273962438106537,392.3059387207031
2026-07-27 19:45:00,19.86667251586914,610.184814453125,683.9102783203125,0.331147164106369,396.6201171875
2026-07-27 20:00:00,19.896427154541016,599.87921142578125,671.888916015625,0.3251742422580719,389.9214782714844
2026-07-27 20:15:00,19.848819732666016,614.760986328125,689.3289794921875,0.3338387608528137,399.5946350097656
2026-07-27 20:30:00,19.771488189697266,613.06842041015625,688.6851806640625,0.3334740400314331,398.49444580078125
2026-07-27 20:45:00,19.613834381103516,595.6654052734375,671.63348388671875,0.32488930225372314,387.1824951171875
2026-07-27 21:00:00,19.47403335571289,592.6246337890625,670.4241943359375,0.3242073059082031,385.20599365234375
2026-07-27 21:15:00,19.307498931884766,589.21966552734375,669.21990966796875,0.32351091504096985,382.9927673339844
2026-07-27 21:30:00,19.14395523071289,587.92584228515625,670.36529541015625,0.3239833414554596,382.15179443359375
2026-07-27 21:45:00,19.02206802368164,585.81793212890625,669.9169921875,0.32368648052215576,380.7816467285156
2026-07-27 22:00:00,18.894229888916016,600.60443115234375,688.9412841796875,0.33307474851608276,390.3928527832031
2026-07-27 22:15:00,18.781253814697266,584.0399169921875,671.76861572265625,0.3244578540325165,379.6259460449219
2026-07-27 22:30:00,18.692081451416016,599.49322509765625,691.0316162109375,0.33398568630218506,389.67059326171875
2026-07-27 22:45:00,18.528568267822266,582.31829833984375,673.90155029296875,0.3253563344478607,378.5068664550781
2026-07-27 23:00:00,18.42453384399414,593.88812255859375,689.0330810546875,0.3328137993812561,386.0272521972656
2026-07-27 23:15:00,18.32046890258789,582.17254638671875,677.15753173828125,0.32683733105659485,378.4121398925781
2026-07-27 23:30:00,18.23428726196289,592.4600830078125,690.5772705078125,0.3334527909755707,385.0990295410156
2026-07-27 23:45:00,18.106449127197266,590.70684814453125,690.6949462890625,0.33342263102531433,383.9594421386719
2026-07-28 00:00:00,18.04104995727539,577.8145751953125,676.7071533203125,0.32642295956611633,375.5794677734375
2026-07-28 00:15:00,17.90726089477539,575.5457763671875,676.27532958984375,0.3261149525642395,374.104736328125
2026-07-28 00:30:00,17.797245025634766,574.36370849609375,676.72344970703125,0.326259583234787,373.3363952636719
2026-07-28 00:45:00,17.71402359008789,590.7252197265625,697.4368896484375,0.3364941477775574,383.97137451171875
2026-07-28 01:00:00,17.64560317993164,573.0860595703125,677.76104736328125,0.32666563987731934,372.50592041015625
2026-07-28 01:15:00,17.57126235961914,572.352294921875,678.14532470703125,0.326802134513855,372.02899169921875
2026-07-28 01:30:00,17.49991226196289,583.32452392578125,692.37481689453125,0.3338176906108856,379.1609191894531
2026-07-28 01:45:00,17.43149185180664,585.24884033203125,695.8455810546875,0.33549097180366516,380.4117431640625
2026-07-28 02:00:00,17.363101959228516,569.821533203125,678.661865234375,0.32690387964248657,370.38397216796875
2026-07-28 02:15:00,17.282779693603516,569.29730224609375,679.40234375,0.3272106647491455,370.0432434082031
2026-07-28 02:30:00,17.232242584228516,569.11395263671875,680.04486083984375,0.32749101519584656,369.9240417480469
2026-07-28 02:45:00,17.16977310180664,579.06640625,693.0235595703125,0.33388659358024597,376.3931579589844
2026-07-28 03:00:00,17.10727310180664,567.28948974609375,679.9971923828125,0.3273710310459137,368.7381591796875
2026-07-28 03:15:00,17.068607330322266,566.8402099609375,680.12054443359375,0.3274022042751312,368.4461364746094
2026-07-28 03:30:00,17.000186920166016,565.9425048828125,680.21612548828125,0.32739606499671936,367.86260986328125
2026-07-28 03:45:00,16.928775787353516,565.2744140625,680.6400146484375,0.32754993438720703,367.4283447265625
2026-07-28 04:00:00,16.85733413696289,566.10870361328125,682.87811279296875,0.3286031484603882,367.97064208984375
2026-07-28 04:15:00,16.785892486572266,564.208740234375,681.8201904296875,0.32802098989486694,366.73565673828125
2026-07-28 04:30:00,16.70553970336914,563.30865478515625,682.12335205078125,0.32810622453689575,366.1506042480469
2026-07-28 04:45:00,16.64303970336914,562.8123779296875,682.6072998046875,0.3282950818538666,365.8280334472656
2026-07-28 05:00:00,16.58945083618164,562.36236572265625,682.9937744140625,0.3284425139427185,365.5355224609375
2026-07-28 05:15:00,16.515018463134766,561.92620849609375,683.7620849609375,0.32876163721084595,365.25201416015625
2026-07-28 05:30:00,16.44949722290039,561.140380859375,683.95098876953125,0.3288004398345947,364.7412414550781
2026-07-28 05:45:00,16.416751861572266,560.20526123046875,683.38397216796875,0.32849183678627014,364.1333923339844
2026-07-28 06:00:00,16.386966705322266,559.7742919921875,683.37969970703125,0.3284645676612854,363.853271484375
2026-07-28 06:15:00,16.31845474243164,558.64581298828125,683.2020263671875,0.32831838726997375,363.1197509765625
2026-07-28 06:30:00,16.29166030883789,559.026123046875,684.137939453125,0.32875925302505493,363.3669738769531
2026-07-28 06:45:00,16.232059478759766,557.994384765625,683.92291259765625,0.32860153913497925,362.69635009765625
2026-07-28 07:00:00,16.16354751586914,557.42376708984375,684.430419921875,0.3287937641143799,362.325439453125
2026-07-28 07:15:00,16.100955963134766,556.7869873046875,684.753662109375,0.3288993537425995,361.9115295410156
2026-07-28 07:30:00,16.056278228759766,557.6531982421875,686.61126708984375,0.329780250787735,362.4745788574219
2026-07-28 07:45:00,16.03836441040039,556.24517822265625,685.19500732421875,0.32906296849250793,361.5593566894531
2026-07-28 08:00:00,16.04733657836914,556.21630859375,685.00042724609375,0.32897451519966125,361.54058837890625
2026-07-28 08:15:00,16.020511627197266,555.693115234375,684.8311767578125,0.3288670778274536,361.20050048828125
2026-07-28 08:30:00,16.01156997680664,557.718017578125,687.48577880859375,0.33017393946647644,362.5166931152344
2026-07-28 08:45:00,16.002628326416016,555.64715576171875,685.09161376953125,0.3289802372455597,361.1706237792969
2026-07-28 09:00:00,16.02646255493164,556.13470458984375,685.2698974609375,0.32908958196640015,361.487548828125
2026-07-28 09:15:00,16.071170806884766,556.0216064453125,684.33880615234375,0.3286677896976471,361.4140319824219
2026-07-28 09:30:00,16.13376235961914,556.7659912109375,684.14825439453125,0.3286280632019043,361.89788818359375
2026-07-28 09:45:00,16.19632339477539,557.08758544921875,683.4400634765625,0.32833153009414673,362.1069030761719
2026-07-28 10:00:00,16.279727935791016,558.1414794921875,683.26483154296875,0.32831642031669617,362.7919616699219
2026-07-28 10:15:00,16.306522369384766,565.0361328125,691.22894287109375,0.33228668570518494,367.2734680175781
2026-07-28 10:30:00,16.383975982666016,559.166015625,682.68939208984375,0.32811999320983887,363.4578857421875
2026-07-28 10:45:00,16.497135162353516,561.6328125,683.717529296875,0.32872462272644043,365.0613098144531
2026-07-28 11:00:00,16.625186920166016,576.0479736328125,698.97796630859375,0.33640193939208984,374.4311828613281
2026-07-28 11:15:00,16.80081558227539,564.0548095703125,681.3760986328125,0.3278127908706665,366.6356201171875
2026-07-28 11:30:00,16.88711929321289,565.6539306640625,681.81512451171875,0.32809969782829285,367.675048828125
2026-07-28 11:45:00,17.06265640258789,566.36895751953125,679.65704345703125,0.3271676003932953,368.1398010253906
2026-07-28 12:00:00,17.14596939086914,568.94378662109375,681.31646728515625,0.3280556797981262,369.8134460449219
2026-07-28 12:15:00,17.285770416259766,565.33172607421875,674.6192626953125,0.3248395323753357,367.4656066894531
2026-07-28 12:30:00,17.36905288696289,571.570556640625,680.64361572265625,0.32789209485054016,371.5208435058594
2026-07-28 12:45:00,17.449344635009766,572.3994140625,680.26470947265625,0.32776421308517456,372.0596008300781
2026-07-28 13:00:00,17.69614028930664,574.31500244140625,678.363037109375,0.3270012438297272,373.30474853515625
2026-07-28 13:15:00,17.797245025634766,576.58453369140625,679.340087890625,0.3275592625141144,374.7799377441406
2026-07-28 13:30:00,17.98752212524414,579.23394775390625,679.263671875,0.32765597105026245,376.5020446777344
2026-07-28 13:45:00,17.954837799072266,594.80401611328125,698.08453369140625,0.33699172735214233,386.6225891113281
2026-07-28 14:00:00,17.853763580322266,575.2940673828125,676.87310791015625,0.3263740837574005,373.9411315917969
2026-07-28 14:15:00,17.901309967041016,575.6136474609375,676.454345703125,0.3261997103691101,374.14886474609375
2026-07-28 14:30:00,17.91025161743164,591.52313232421875,694.99761962890625,0.33542385697364807,384.4900207519531
