Date-Time,Temperature
3/12/2026 10:09,16.59967773
3/12/2026 10:14,11.66613281
3/12/2026 10:19,7.37609375
3/12/2026 10:24,5.445576172
3/12/2026 10:29,5.188173828
3/12/2026 10:34,5.145273437
3/12/2026 10:39,5.188173828
3/12/2026 10:44,5.231074219
3/12/2026 10:49,5.273974609
3/12/2026 10:54,5.273974609
3/12/2026 10:59,5.316875
3/12/2026 11:04,5.402675781
3/12/2026 11:09,5.531376953
3/12/2026 11:14,5.531376953
3/12/2026 11:19,5.574277344
3/12/2026 11:24,5.660078125
3/12/2026 11:29,5.660078125
3/12/2026 11:34,5.660078125
3/12/2026 11:39,5.660078125
3/12/2026 11:44,5.702978516
3/12/2026 11:49,5.745878906
3/12/2026 11:54,5.831679688
3/12/2026 11:59,5.831679688
3/12/2026 12:04,5.831679688
3/12/2026 12:09,5.874580078
3/12/2026 12:14,5.874580078
3/12/2026 12:19,5.917480469
3/12/2026 12:24,5.917480469
3/12/2026 12:29,5.960380859
3/12/2026 12:34,6.00328125
3/12/2026 12:39,6.089082031
3/12/2026 12:44,6.131982422
3/12/2026 12:49,6.260683594
3/12/2026 12:54,6.303583984
3/12/2026 12:59,6.303583984
3/12/2026 13:04,6.346484375
3/12/2026 13:09,6.389384766
3/12/2026 13:14,6.432285156
3/12/2026 13:19,6.475185547
3/12/2026 13:24,6.475185547
3/12/2026 13:29,6.475185547
3/12/2026 13:34,6.518085937
3/12/2026 13:39,6.560986328
3/12/2026 13:44,6.518085937
3/12/2026 13:49,6.518085937
3/12/2026 13:54,6.518085937
3/12/2026 13:59,6.518085937
3/12/2026 14:04,6.346484375
3/12/2026 14:09,6.389384766
3/12/2026 14:14,6.389384766
3/12/2026 14:19,6.389384766
3/12/2026 14:24,6.432285156
3/12/2026 14:29,6.346484375
3/12/2026 14:34,6.346484375
3/12/2026 14:39,6.303583984
3/12/2026 14:44,6.303583984
3/12/2026 14:49,6.346484375
3/12/2026 14:54,6.346484375
3/12/2026 14:59,6.346484375
3/12/2026 15:04,6.346484375
3/12/2026 15:09,6.303583984
3/12/2026 15:14,6.303583984
3/12/2026 15:19,6.260683594
3/12/2026 15:24,6.303583984
3/12/2026 15:29,6.303583984
3/12/2026 15:34,6.217783203
3/12/2026 15:39,6.260683594
3/12/2026 15:44,6.260683594
3/12/2026 15:49,6.217783203
3/12/2026 15:54,6.217783203
3/12/2026 15:59,6.217783203
3/12/2026 16:04,6.174882813
3/12/2026 16:09,6.217783203
3/12/2026 16:14,6.260683594
3/12/2026 16:19,6.217783203
3/12/2026 16:24,6.217783203
3/12/2026 16:29,6.260683594
3/12/2026 16:34,6.174882813
3/12/2026 16:39,6.217783203
3/12/2026 16:44,6.217783203
3/12/2026 16:49,6.174882813
3/12/2026 16:54,6.174882813
3/12/2026 16:59,6.174882813
3/12/2026 17:04,6.131982422
3/12/2026 17:09,6.131982422
3/12/2026 17:14,6.089082031
3/12/2026 17:19,6.131982422
3/12/2026 17:24,6.089082031
3/12/2026 17:29,6.131982422
3/12/2026 17:34,6.131982422
3/12/2026 17:39,6.00328125
3/12/2026 17:44,6.00328125
3/12/2026 17:49,5.917480469
3/12/2026 17:54,5.874580078
3/12/2026 17:59,5.874580078
3/12/2026 18:04,5.788779297
3/12/2026 18:09,5.702978516
3/12/2026 18:14,5.745878906
3/12/2026 18:19,5.702978516
3/12/2026 18:24,5.702978516
3/12/2026 18:29,5.702978516
3/12/2026 18:34,5.617177734
3/12/2026 18:39,5.660078125
3/12/2026 18:44,5.745878906
3/12/2026 18:49,5.702978516
3/12/2026 18:54,5.702978516
3/12/2026 18:59,5.702978516
3/12/2026 19:04,5.660078125
3/12/2026 19:09,5.702978516
3/12/2026 19:14,5.745878906
3/12/2026 19:19,5.702978516
3/12/2026 19:24,5.745878906
3/12/2026 19:29,5.745878906
3/12/2026 19:34,5.788779297
3/12/2026 19:39,5.745878906
3/12/2026 19:44,5.745878906
3/12/2026 19:49,5.831679688
3/12/2026 19:54,5.788779297
3/12/2026 19:59,5.788779297
3/12/2026 20:04,5.788779297
3/12/2026 20:09,5.874580078
3/12/2026 20:14,5.874580078
3/12/2026 20:19,5.831679688
3/12/2026 20:24,5.874580078
3/12/2026 20:29,5.788779297
3/12/2026 20:34,5.831679688
3/12/2026 20:39,5.745878906
3/12/2026 20:44,5.745878906
3/12/2026 20:49,5.788779297
3/12/2026 20:54,5.702978516
3/12/2026 20:59,5.702978516
3/12/2026 21:04,5.745878906
3/12/2026 21:09,5.660078125
3/12/2026 21:14,5.617177734
3/12/2026 21:19,5.617177734
3/12/2026 21:24,5.660078125
3/12/2026 21:29,5.660078125
3/12/2026 21:34,5.702978516
3/12/2026 21:39,5.617177734
3/12/2026 21:44,5.617177734
3/12/2026 21:49,5.660078125
3/12/2026 21:54,5.617177734
3/12/2026 21:59,5.574277344
3/12/2026 22:04,5.574277344
3/12/2026 22:09,5.574277344
3/12/2026 22:14,5.531376953
3/12/2026 22:19,5.531376953
3/12/2026 22:24,5.531376953
3/12/2026 22:29,5.531376953
3/12/2026 22:34,5.531376953
3/12/2026 22:39,5.574277344
3/12/2026 22:44,5.531376953
3/12/2026 22:49,5.531376953
3/12/2026 22:54,5.445576172
3/12/2026 22:59,5.531376953
3/12/2026 23:04,5.531376953
3/12/2026 23:09,5.488476562
3/12/2026 23:14,5.531376953
3/12/2026 23:19,5.531376953
3/12/2026 23:24,5.531376953
3/12/2026 23:29,5.574277344
3/12/2026 23:34,5.531376953
3/12/2026 23:39,5.574277344
3/12/2026 23:44,5.531376953
3/12/2026 23:49,5.574277344
3/12/2026 23:54,5.574277344
3/12/2026 23:59,5.617177734
3/13/2026 0:04,5.531376953
3/13/2026 0:09,5.574277344
3/13/2026 0:14,5.531376953
3/13/2026 0:19,5.488476562
3/13/2026 0:24,5.488476562
3/13/2026 0:29,5.488476562
3/13/2026 0:34,5.445576172
3/13/2026 0:39,5.488476562
3/13/2026 0:44,5.445576172
3/13/2026 0:49,5.445576172
3/13/2026 0:54,5.445576172
3/13/2026 0:59,5.488476562
3/13/2026 1:04,5.445576172
3/13/2026 1:09,5.445576172
3/13/2026 1:14,5.359775391
3/13/2026 1:19,5.316875
3/13/2026 1:24,5.273974609
3/13/2026 1:29,5.273974609
3/13/2026 1:34,5.231074219
3/13/2026 1:39,5.273974609
3/13/2026 1:44,5.231074219
3/13/2026 1:49,5.231074219
3/13/2026 1:54,5.231074219
3/13/2026 1:59,5.273974609
3/13/2026 2:04,5.231074219
3/13/2026 2:09,5.231074219
3/13/2026 2:14,5.273974609
3/13/2026 2:19,5.188173828
3/13/2026 2:24,5.188173828
3/13/2026 2:29,5.188173828
3/13/2026 2:34,5.102373047
3/13/2026 2:39,5.188173828
3/13/2026 2:44,5.188173828
3/13/2026 2:49,5.188173828
3/13/2026 2:54,5.188173828
3/13/2026 2:59,5.102373047
3/13/2026 3:04,5.102373047
3/13/2026 3:09,5.016572266
3/13/2026 3:14,4.973671875
3/13/2026 3:19,4.930771484
3/13/2026 3:24,4.973671875
3/13/2026 3:29,4.887871094
3/13/2026 3:34,4.844970703
3/13/2026 3:39,4.844970703
3/13/2026 3:44,4.802070313
3/13/2026 3:49,4.759169922
3/13/2026 3:54,4.759169922
3/13/2026 3:59,4.759169922
3/13/2026 4:04,4.63046875
3/13/2026 4:09,4.673369141
3/13/2026 4:14,4.587568359
3/13/2026 4:19,4.587568359
3/13/2026 4:24,4.544667969
3/13/2026 4:29,4.501767578
3/13/2026 4:34,4.501767578
3/13/2026 4:39,4.501767578
3/13/2026 4:44,4.501767578
3/13/2026 4:49,4.544667969
3/13/2026 4:54,4.501767578
3/13/2026 4:59,4.501767578
3/13/2026 5:04,4.458867187
3/13/2026 5:09,4.415966797
3/13/2026 5:14,4.415966797
3/13/2026 5:19,4.330166016
3/13/2026 5:24,4.330166016
3/13/2026 5:29,4.330166016
3/13/2026 5:34,4.287265625
3/13/2026 5:39,4.287265625
3/13/2026 5:44,4.244365234
3/13/2026 5:49,4.244365234
3/13/2026 5:54,4.244365234
3/13/2026 5:59,4.201464844
3/13/2026 6:04,4.158564453
3/13/2026 6:09,4.115664062
3/13/2026 6:14,4.115664062
3/13/2026 6:19,4.072763672
3/13/2026 6:24,4.029863281
3/13/2026 6:29,4.029863281
3/13/2026 6:34,4.115664062
3/13/2026 6:39,4.072763672
3/13/2026 6:44,4.029863281
3/13/2026 6:49,3.986962891
3/13/2026 6:54,3.9440625
3/13/2026 6:59,3.986962891
3/13/2026 7:04,3.986962891
3/13/2026 7:09,3.901162109
3/13/2026 7:14,3.901162109
3/13/2026 7:19,3.858261719
3/13/2026 7:24,3.815361328
3/13/2026 7:29,3.815361328
3/13/2026 7:34,3.815361328
3/13/2026 7:39,3.729560547
3/13/2026 7:44,3.815361328
3/13/2026 7:49,3.815361328
3/13/2026 7:54,3.901162109
3/13/2026 7:59,3.858261719
3/13/2026 8:04,3.858261719
3/13/2026 8:09,3.815361328
3/13/2026 8:14,3.772460938
3/13/2026 8:19,3.772460938
3/13/2026 8:24,3.815361328
3/13/2026 8:29,3.858261719
3/13/2026 8:34,3.858261719
3/13/2026 8:39,3.9440625
3/13/2026 8:44,3.986962891
3/13/2026 8:49,3.9440625
3/13/2026 8:54,3.9440625
3/13/2026 8:59,4.029863281
3/13/2026 9:04,4.115664062
3/13/2026 9:09,4.072763672
3/13/2026 9:14,4.158564453
3/13/2026 9:19,4.158564453
3/13/2026 9:24,4.115664062
3/13/2026 9:29,4.201464844
3/13/2026 9:34,4.330166016
3/13/2026 9:39,4.244365234
3/13/2026 9:44,4.330166016
3/13/2026 9:49,4.287265625
3/13/2026 9:54,4.373066406
3/13/2026 9:59,4.330166016
3/13/2026 10:04,4.373066406
3/13/2026 10:09,4.501767578
3/13/2026 10:14,4.458867187
3/13/2026 10:19,4.673369141
3/13/2026 10:24,4.802070313
3/13/2026 10:29,4.759169922
3/13/2026 10:34,4.802070313
3/13/2026 10:39,4.887871094
3/13/2026 10:44,4.973671875
3/13/2026 10:49,4.802070313
3/13/2026 10:54,4.887871094
3/13/2026 10:59,4.930771484
3/13/2026 11:04,5.102373047
3/13/2026 11:09,5.188173828
3/13/2026 11:14,5.188173828
3/13/2026 11:19,5.188173828
3/13/2026 11:24,5.273974609
3/13/2026 11:29,5.359775391
3/13/2026 11:34,5.488476562
3/13/2026 11:39,5.574277344
3/13/2026 11:44,5.660078125
3/13/2026 11:49,5.788779297
3/13/2026 11:54,5.917480469
3/13/2026 11:59,5.917480469
3/13/2026 12:04,5.960380859
3/13/2026 12:09,6.046181641
3/13/2026 12:14,6.131982422
3/13/2026 12:19,6.303583984
3/13/2026 12:24,6.389384766
3/13/2026 12:29,6.389384766
3/13/2026 12:34,6.475185547
3/13/2026 12:39,6.646787109
3/13/2026 12:44,6.6896875
3/13/2026 12:49,6.818388672
3/13/2026 12:54,6.947089844
3/13/2026 12:59,6.989990234
3/13/2026 13:04,7.204492188
3/13/2026 13:09,7.37609375
3/13/2026 13:14,7.504794922
3/13/2026 13:19,7.590595703
3/13/2026 13:24,7.633496094
3/13/2026 13:29,7.762197266
3/13/2026 13:34,7.847998047
3/13/2026 13:39,7.976699219
3/13/2026 13:44,8.0625
3/13/2026 13:49,8.148300781
3/13/2026 13:54,8.105400391
3/13/2026 13:59,8.234101563
3/13/2026 14:04,8.234101563
3/13/2026 14:09,8.362802734
3/13/2026 14:14,8.362802734
3/13/2026 14:19,8.534404297
3/13/2026 14:24,8.491503906
3/13/2026 14:29,8.534404297
3/13/2026 14:34,8.534404297
3/13/2026 14:39,8.663105469
3/13/2026 14:44,8.577304687
3/13/2026 14:49,8.663105469
3/13/2026 14:54,8.791806641
3/13/2026 14:59,8.663105469
3/13/2026 15:04,8.706005859
3/13/2026 15:09,8.620205078
3/13/2026 15:14,8.74890625
3/13/2026 15:19,8.74890625
3/13/2026 15:24,8.791806641
3/13/2026 15:29,8.74890625
3/13/2026 15:34,8.791806641
3/13/2026 15:39,8.834707031
3/13/2026 15:44,8.920507812
3/13/2026 15:49,8.920507812
3/13/2026 15:54,8.963408203
3/13/2026 15:59,8.963408203
3/13/2026 16:04,9.092109375
3/13/2026 16:09,9.049208984
3/13/2026 16:14,8.963408203
3/13/2026 16:19,9.006308594
3/13/2026 16:24,9.049208984
3/13/2026 16:29,9.092109375
3/13/2026 16:34,9.092109375
3/13/2026 16:39,9.006308594
3/13/2026 16:44,8.920507812
3/13/2026 16:49,8.963408203
3/13/2026 16:54,8.663105469
3/13/2026 16:59,8.834707031
3/13/2026 17:04,8.834707031
3/13/2026 17:09,8.877607422
3/13/2026 17:14,8.791806641
3/13/2026 17:19,8.706005859
3/13/2026 17:24,8.491503906
3/13/2026 17:29,8.319902344
3/13/2026 17:34,8.319902344
3/13/2026 17:39,8.234101563
3/13/2026 17:44,8.105400391
3/13/2026 17:49,8.105400391
3/13/2026 17:54,8.019599609
3/13/2026 17:59,7.933798828
3/13/2026 18:04,7.847998047
3/13/2026 18:09,7.805097656
3/13/2026 18:14,7.762197266
3/13/2026 18:19,7.719296875
3/13/2026 18:24,7.633496094
3/13/2026 18:29,7.633496094
3/13/2026 18:34,7.547695312
3/13/2026 18:39,7.504794922
3/13/2026 18:44,7.547695312
3/13/2026 18:49,7.504794922
3/13/2026 18:54,7.333193359
3/13/2026 18:59,7.37609375
3/13/2026 19:04,7.247392578
3/13/2026 19:09,7.290292969
3/13/2026 19:14,7.247392578
3/13/2026 19:19,7.204492188
3/13/2026 19:24,7.161591797
3/13/2026 19:29,7.118691406
3/13/2026 19:34,7.075791016
3/13/2026 19:39,6.989990234
3/13/2026 19:44,6.947089844
3/13/2026 19:49,6.947089844
3/13/2026 19:54,6.904189453
3/13/2026 19:59,6.818388672
3/13/2026 20:04,6.775488281
3/13/2026 20:09,6.732587891
3/13/2026 20:14,6.732587891
3/13/2026 20:19,6.646787109
3/13/2026 20:24,6.646787109
3/13/2026 20:29,6.603886719
3/13/2026 20:34,6.560986328
3/13/2026 20:39,6.518085937
3/13/2026 20:44,6.432285156
3/13/2026 20:49,6.432285156
3/13/2026 20:54,6.389384766
3/13/2026 20:59,6.389384766
3/13/2026 21:04,6.303583984
3/13/2026 21:09,6.260683594
3/13/2026 21:14,6.260683594
3/13/2026 21:19,6.174882813
3/13/2026 21:24,6.174882813
3/13/2026 21:29,6.131982422
3/13/2026 21:34,6.131982422
3/13/2026 21:39,6.131982422
3/13/2026 21:44,6.046181641
3/13/2026 21:49,6.046181641
3/13/2026 21:54,5.960380859
3/13/2026 21:59,5.960380859
3/13/2026 22:04,5.917480469
3/13/2026 22:09,5.831679688
3/13/2026 22:14,5.788779297
3/13/2026 22:19,5.788779297
3/13/2026 22:24,5.745878906
3/13/2026 22:29,5.660078125
3/13/2026 22:34,5.617177734
3/13/2026 22:39,5.617177734
3/13/2026 22:44,5.531376953
3/13/2026 22:49,5.531376953
3/13/2026 22:54,5.488476562
3/13/2026 22:59,5.402675781
3/13/2026 23:04,5.359775391
3/13/2026 23:09,5.273974609
3/13/2026 23:14,5.273974609
3/13/2026 23:19,5.273974609
3/13/2026 23:24,5.188173828
3/13/2026 23:29,5.188173828
3/13/2026 23:34,5.145273437
3/13/2026 23:39,5.102373047
3/13/2026 23:44,5.016572266
3/13/2026 23:49,5.016572266
3/13/2026 23:54,4.973671875
3/13/2026 23:59,4.930771484
3/14/2026 0:04,4.930771484
3/14/2026 0:09,5.016572266
3/14/2026 0:14,4.887871094
3/14/2026 0:19,4.887871094
3/14/2026 0:24,4.844970703
3/14/2026 0:29,4.802070313
3/14/2026 0:34,4.844970703
3/14/2026 0:39,4.802070313
3/14/2026 0:44,4.802070313
3/14/2026 0:49,4.802070313
3/14/2026 0:54,4.802070313
3/14/2026 0:59,4.716269531
3/14/2026 1:04,4.587568359
3/14/2026 1:09,4.501767578
3/14/2026 1:14,4.544667969
3/14/2026 1:19,4.501767578
3/14/2026 1:24,4.458867187
3/14/2026 1:29,4.501767578
3/14/2026 1:34,4.415966797
3/14/2026 1:39,4.373066406
3/14/2026 1:44,4.458867187
3/14/2026 1:49,4.415966797
3/14/2026 1:54,4.287265625
3/14/2026 1:59,4.330166016
3/14/2026 2:04,4.287265625
3/14/2026 2:09,4.287265625
3/14/2026 2:14,4.373066406
3/14/2026 2:19,4.330166016
3/14/2026 2:24,4.330166016
3/14/2026 2:29,4.330166016
3/14/2026 2:34,4.287265625
3/14/2026 2:39,4.330166016
3/14/2026 2:44,4.330166016
3/14/2026 2:49,4.373066406
3/14/2026 2:54,4.330166016
3/14/2026 2:59,4.287265625
3/14/2026 3:04,4.287265625
3/14/2026 3:09,4.330166016
3/14/2026 3:14,4.330166016
3/14/2026 3:19,4.287265625
3/14/2026 3:24,4.330166016
3/14/2026 3:29,4.244365234
3/14/2026 3:34,4.244365234
3/14/2026 3:39,4.158564453
3/14/2026 3:44,4.201464844
3/14/2026 3:49,4.287265625
3/14/2026 3:54,4.287265625
3/14/2026 3:59,4.158564453
3/14/2026 4:04,4.201464844
3/14/2026 4:09,4.201464844
3/14/2026 4:14,4.201464844
3/14/2026 4:19,4.244365234
3/14/2026 4:24,4.201464844
3/14/2026 4:29,4.158564453
3/14/2026 4:34,4.201464844
3/14/2026 4:39,4.158564453
3/14/2026 4:44,4.158564453
3/14/2026 4:49,4.201464844
3/14/2026 4:54,4.201464844
3/14/2026 4:59,4.158564453
3/14/2026 5:04,4.158564453
3/14/2026 5:09,4.158564453
3/14/2026 5:14,4.158564453
3/14/2026 5:19,4.115664062
3/14/2026 5:24,4.115664062
3/14/2026 5:29,4.072763672
3/14/2026 5:34,4.115664062
3/14/2026 5:39,4.072763672
3/14/2026 5:44,4.115664062
3/14/2026 5:49,4.072763672
3/14/2026 5:54,4.072763672
3/14/2026 5:59,4.029863281
3/14/2026 6:04,4.072763672
3/14/2026 6:09,4.029863281
3/14/2026 6:14,4.072763672
3/14/2026 6:19,4.029863281
3/14/2026 6:24,4.029863281
3/14/2026 6:29,4.029863281
3/14/2026 6:34,4.115664062
3/14/2026 6:39,3.986962891
3/14/2026 6:44,4.072763672
3/14/2026 6:49,3.986962891
3/14/2026 6:54,4.029863281
3/14/2026 6:59,4.029863281
3/14/2026 7:04,4.072763672
3/14/2026 7:09,3.986962891
3/14/2026 7:14,4.029863281
3/14/2026 7:19,4.029863281
3/14/2026 7:24,3.986962891
3/14/2026 7:29,4.072763672
3/14/2026 7:34,3.986962891
3/14/2026 7:39,4.029863281
3/14/2026 7:44,4.029863281
3/14/2026 7:49,4.029863281
3/14/2026 7:54,4.029863281
3/14/2026 7:59,3.986962891
3/14/2026 8:04,4.029863281
3/14/2026 8:09,4.072763672
3/14/2026 8:14,4.072763672
3/14/2026 8:19,4.072763672
3/14/2026 8:24,4.029863281
3/14/2026 8:29,4.029863281
3/14/2026 8:34,4.072763672
3/14/2026 8:39,4.072763672
3/14/2026 8:44,4.072763672
3/14/2026 8:49,4.072763672
3/14/2026 8:54,4.072763672
3/14/2026 8:59,4.072763672
3/14/2026 9:04,4.072763672
3/14/2026 9:09,4.115664062
3/14/2026 9:14,4.115664062
3/14/2026 9:19,4.072763672
3/14/2026 9:24,4.158564453
3/14/2026 9:29,4.158564453
3/14/2026 9:34,4.158564453
3/14/2026 9:39,4.158564453
3/14/2026 9:44,4.201464844
3/14/2026 9:49,4.201464844
3/14/2026 9:54,4.287265625
3/14/2026 9:59,4.287265625
3/14/2026 10:04,4.244365234
3/14/2026 10:09,4.330166016
3/14/2026 10:14,4.373066406
3/14/2026 10:19,4.330166016
3/14/2026 10:24,4.287265625
3/14/2026 10:29,4.244365234
3/14/2026 10:34,4.373066406
3/14/2026 10:39,4.458867187
3/14/2026 10:44,4.330166016
3/14/2026 10:49,4.415966797
3/14/2026 10:54,4.415966797
3/14/2026 10:59,4.458867187
3/14/2026 11:04,4.458867187
3/14/2026 11:09,4.501767578
3/14/2026 11:14,4.458867187
3/14/2026 11:19,4.458867187
3/14/2026 11:24,4.458867187
3/14/2026 11:29,4.458867187
3/14/2026 11:34,4.501767578
3/14/2026 11:39,4.544667969
3/14/2026 11:44,4.501767578
3/14/2026 11:49,4.587568359
3/14/2026 11:54,4.587568359
3/14/2026 11:59,4.587568359
3/14/2026 12:04,4.587568359
3/14/2026 12:09,4.63046875
3/14/2026 12:14,4.63046875
3/14/2026 12:19,4.63046875
3/14/2026 12:24,4.716269531
3/14/2026 12:29,4.673369141
3/14/2026 12:34,4.673369141
3/14/2026 12:39,4.759169922
3/14/2026 12:44,4.759169922
3/14/2026 12:49,4.802070313
3/14/2026 12:54,4.802070313
3/14/2026 12:59,4.759169922
3/14/2026 13:04,4.844970703
3/14/2026 13:09,4.759169922
3/14/2026 13:14,4.759169922
3/14/2026 13:19,4.802070313
3/14/2026 13:24,4.759169922
3/14/2026 13:29,4.844970703
3/14/2026 13:34,4.887871094
3/14/2026 13:39,4.802070313
3/14/2026 13:44,4.844970703
3/14/2026 13:49,4.930771484
3/14/2026 13:54,4.973671875
3/14/2026 13:59,4.930771484
3/14/2026 14:04,4.973671875
3/14/2026 14:09,4.973671875
3/14/2026 14:14,4.973671875
3/14/2026 14:19,5.016572266
3/14/2026 14:24,4.973671875
3/14/2026 14:29,5.016572266
3/14/2026 14:34,5.016572266
3/14/2026 14:39,5.016572266
3/14/2026 14:44,4.887871094
3/14/2026 14:49,5.016572266
3/14/2026 14:54,5.102373047
3/14/2026 14:59,4.973671875
3/14/2026 15:04,4.930771484
3/14/2026 15:09,5.016572266
3/14/2026 15:14,5.016572266
3/14/2026 15:19,5.016572266
3/14/2026 15:24,5.016572266
3/14/2026 15:29,5.102373047
3/14/2026 15:34,5.016572266
3/14/2026 15:39,5.059472656
3/14/2026 15:44,5.059472656
3/14/2026 15:49,5.016572266
3/14/2026 15:54,5.102373047
3/14/2026 15:59,5.059472656
3/14/2026 16:04,5.102373047
3/14/2026 16:09,5.145273437
3/14/2026 16:14,5.145273437
3/14/2026 16:19,5.188173828
3/14/2026 16:24,5.145273437
3/14/2026 16:29,5.188173828
3/14/2026 16:34,5.145273437
3/14/2026 16:39,5.231074219
3/14/2026 16:44,5.188173828
3/14/2026 16:49,5.273974609
3/14/2026 16:54,5.273974609
3/14/2026 16:59,5.231074219
3/14/2026 17:04,5.188173828
3/14/2026 17:09,5.231074219
3/14/2026 17:14,5.188173828
3/14/2026 17:19,5.231074219
3/14/2026 17:24,5.231074219
3/14/2026 17:29,5.188173828
3/14/2026 17:34,5.231074219
3/14/2026 17:39,5.231074219
3/14/2026 17:44,5.273974609
3/14/2026 17:49,5.231074219
3/14/2026 17:54,5.188173828
3/14/2026 17:59,5.145273437
3/14/2026 18:04,5.145273437
3/14/2026 18:09,5.102373047
3/14/2026 18:14,5.145273437
3/14/2026 18:19,5.145273437
3/14/2026 18:24,5.188173828
3/14/2026 18:29,5.145273437
3/14/2026 18:34,5.102373047
3/14/2026 18:39,5.059472656
3/14/2026 18:44,5.059472656
3/14/2026 18:49,5.016572266
3/14/2026 18:54,5.059472656
3/14/2026 18:59,5.059472656
3/14/2026 19:04,5.059472656
3/14/2026 19:09,5.016572266
3/14/2026 19:14,5.016572266
3/14/2026 19:19,5.016572266
3/14/2026 19:24,5.016572266
3/14/2026 19:29,4.887871094
3/14/2026 19:34,4.973671875
3/14/2026 19:39,4.887871094
3/14/2026 19:44,4.844970703
3/14/2026 19:49,4.844970703
3/14/2026 19:54,4.887871094
3/14/2026 19:59,4.802070313
3/14/2026 20:04,4.759169922
3/14/2026 20:09,4.587568359
3/14/2026 20:14,4.716269531
3/14/2026 20:19,4.673369141
3/14/2026 20:24,4.587568359
3/14/2026 20:29,4.587568359
3/14/2026 20:34,4.587568359
3/14/2026 20:39,4.501767578
3/14/2026 20:44,4.415966797
3/14/2026 20:49,4.373066406
3/14/2026 20:54,4.415966797
3/14/2026 20:59,4.244365234
3/14/2026 21:04,4.158564453
3/14/2026 21:09,4.201464844
3/14/2026 21:14,4.201464844
3/14/2026 21:19,4.158564453
3/14/2026 21:24,4.115664062
3/14/2026 21:29,4.029863281
3/14/2026 21:34,3.9440625
3/14/2026 21:39,4.029863281
3/14/2026 21:44,3.986962891
3/14/2026 21:49,4.029863281
3/14/2026 21:54,3.986962891
3/14/2026 21:59,3.858261719
3/14/2026 22:04,3.772460938
3/14/2026 22:09,3.686660156
3/14/2026 22:14,3.686660156
3/14/2026 22:19,3.772460938
3/14/2026 22:24,3.772460938
3/14/2026 22:29,3.729560547
3/14/2026 22:34,3.729560547
3/14/2026 22:39,3.901162109
3/14/2026 22:44,3.815361328
3/14/2026 22:49,3.772460938
3/14/2026 22:54,3.729560547
3/14/2026 22:59,3.686660156
3/14/2026 23:04,3.643759766
3/14/2026 23:09,3.643759766
3/14/2026 23:14,3.386357422
3/14/2026 23:19,3.515058594
3/14/2026 23:24,3.429257812
3/14/2026 23:29,3.429257812
3/14/2026 23:34,3.343457031
3/14/2026 23:39,3.300556641
3/14/2026 23:44,3.343457031
3/14/2026 23:49,3.25765625
3/14/2026 23:54,3.128955078
3/14/2026 23:59,3.171855469
3/15/2026 0:04,3.214755859
3/15/2026 0:09,3.25765625
3/15/2026 0:14,3.128955078
3/15/2026 0:19,3.25765625
3/15/2026 0:24,3.128955078
3/15/2026 0:29,3.128955078
3/15/2026 0:34,3.128955078
3/15/2026 0:39,3.128955078
3/15/2026 0:44,3.086054687
3/15/2026 0:49,2.957353516
3/15/2026 0:54,2.957353516
3/15/2026 0:59,2.871552734
3/15/2026 1:04,2.828652344
3/15/2026 1:09,2.742851563
3/15/2026 1:14,2.914453125
3/15/2026 1:19,2.957353516
3/15/2026 1:24,2.871552734
3/15/2026 1:29,2.785751953
3/15/2026 1:34,2.785751953
3/15/2026 1:39,2.657050781
3/15/2026 1:44,2.485449219
3/15/2026 1:49,2.657050781
3/15/2026 1:54,2.614150391
3/15/2026 1:59,2.614150391
3/15/2026 2:04,2.614150391
3/15/2026 2:09,2.528349609
3/15/2026 2:14,2.528349609
3/15/2026 2:19,2.399648437
3/15/2026 2:24,2.442548828
3/15/2026 2:29,2.485449219
3/15/2026 2:34,2.313847656
3/15/2026 2:39,2.270947266
3/15/2026 2:44,2.228046875
3/15/2026 2:49,2.185146484
3/15/2026 2:54,2.142246094
3/15/2026 2:59,2.270947266
3/15/2026 3:04,2.185146484
3/15/2026 3:09,2.142246094
3/15/2026 3:14,2.142246094
3/15/2026 3:19,2.142246094
3/15/2026 3:24,2.099345703
3/15/2026 3:29,2.099345703
3/15/2026 3:34,1.970644531
3/15/2026 3:39,1.970644531
3/15/2026 3:44,1.927744141
3/15/2026 3:49,1.88484375
3/15/2026 3:54,1.841943359
3/15/2026 3:59,1.841943359
3/15/2026 4:04,1.799042969
3/15/2026 4:09,1.756142578
3/15/2026 4:14,1.799042969
3/15/2026 4:19,1.713242188
3/15/2026 4:24,1.799042969
3/15/2026 4:29,1.756142578
3/15/2026 4:34,1.756142578
3/15/2026 4:39,1.756142578
3/15/2026 4:44,1.756142578
3/15/2026 4:49,1.756142578
3/15/2026 4:54,1.756142578
3/15/2026 4:59,1.670341797
3/15/2026 5:04,1.670341797
3/15/2026 5:09,1.584541016
3/15/2026 5:14,1.584541016
3/15/2026 5:19,1.541640625
3/15/2026 5:24,1.498740234
3/15/2026 5:29,1.498740234
3/15/2026 5:34,1.498740234
3/15/2026 5:39,1.455839844
3/15/2026 5:44,1.412939453
3/15/2026 5:49,1.412939453
3/15/2026 5:54,1.412939453
3/15/2026 5:59,1.370039062
3/15/2026 6:04,1.370039062
3/15/2026 6:09,1.327138672
3/15/2026 6:14,1.370039062
3/15/2026 6:19,1.370039062
3/15/2026 6:24,1.327138672
3/15/2026 6:29,1.370039062
3/15/2026 6:34,1.327138672
3/15/2026 6:39,1.284238281
3/15/2026 6:44,1.284238281
3/15/2026 6:49,1.241337891
3/15/2026 6:54,1.327138672
3/15/2026 6:59,1.327138672
3/15/2026 7:04,1.327138672
3/15/2026 7:09,1.284238281
3/15/2026 7:14,1.241337891
3/15/2026 7:19,1.241337891
3/15/2026 7:24,1.241337891
3/15/2026 7:29,1.284238281
3/15/2026 7:34,1.284238281
3/15/2026 7:39,1.284238281
3/15/2026 7:44,1.241337891
3/15/2026 7:49,1.241337891
3/15/2026 7:54,1.241337891
3/15/2026 7:59,1.241337891
3/15/2026 8:04,1.241337891
3/15/2026 8:09,1.241337891
3/15/2026 8:14,1.1984375
3/15/2026 8:19,1.1984375
3/15/2026 8:24,1.1984375
3/15/2026 8:29,1.155537109
3/15/2026 8:34,1.155537109
3/15/2026 8:39,1.155537109
3/15/2026 8:44,1.155537109
3/15/2026 8:49,1.069736328
3/15/2026 8:54,1.155537109
3/15/2026 8:59,1.155537109
3/15/2026 9:04,1.155537109
3/15/2026 9:09,1.155537109
3/15/2026 9:14,1.155537109
3/15/2026 9:19,1.155537109
3/15/2026 9:24,1.241337891
3/15/2026 9:29,1.241337891
3/15/2026 9:34,1.241337891
3/15/2026 9:39,1.241337891
3/15/2026 9:44,1.284238281
3/15/2026 9:49,1.241337891
3/15/2026 9:54,1.241337891
3/15/2026 9:59,1.284238281
3/15/2026 10:04,1.241337891
3/15/2026 10:09,1.327138672
3/15/2026 10:14,1.370039062
3/15/2026 10:19,1.370039062
3/15/2026 10:24,1.370039062
3/15/2026 10:29,1.412939453
3/15/2026 10:34,1.412939453
3/15/2026 10:39,1.498740234
3/15/2026 10:44,1.455839844
3/15/2026 10:49,1.498740234
3/15/2026 10:54,1.541640625
3/15/2026 10:59,1.584541016
3/15/2026 11:04,1.541640625
3/15/2026 11:09,1.584541016
3/15/2026 11:14,1.627441406
3/15/2026 11:19,1.627441406
3/15/2026 11:24,1.627441406
3/15/2026 11:29,1.670341797
3/15/2026 11:34,1.713242188
3/15/2026 11:39,1.713242188
3/15/2026 11:44,1.756142578
3/15/2026 11:49,1.756142578
3/15/2026 11:54,1.799042969
3/15/2026 11:59,1.841943359
3/15/2026 12:04,1.799042969
3/15/2026 12:09,1.841943359
3/15/2026 12:14,1.88484375
3/15/2026 12:19,1.927744141
3/15/2026 12:24,1.970644531
3/15/2026 12:29,2.013544922
3/15/2026 12:34,2.056445312
3/15/2026 12:39,2.056445312
3/15/2026 12:44,2.099345703
3/15/2026 12:49,2.142246094
3/15/2026 12:54,2.185146484
3/15/2026 12:59,2.228046875
3/15/2026 13:04,2.185146484
3/15/2026 13:09,2.228046875
3/15/2026 13:14,2.270947266
3/15/2026 13:19,2.270947266
3/15/2026 13:24,2.228046875
3/15/2026 13:29,2.270947266
3/15/2026 13:34,2.228046875
3/15/2026 13:39,2.228046875
3/15/2026 13:44,2.228046875
3/15/2026 13:49,2.313847656
3/15/2026 13:54,2.228046875
3/15/2026 13:59,2.270947266
3/15/2026 14:04,2.270947266
3/15/2026 14:09,2.228046875
3/15/2026 14:14,2.142246094
3/15/2026 14:19,2.270947266
3/15/2026 14:24,2.228046875
3/15/2026 14:29,2.313847656
3/15/2026 14:34,2.228046875
3/15/2026 14:39,2.270947266
3/15/2026 14:44,2.313847656
3/15/2026 14:49,2.228046875
3/15/2026 14:54,2.313847656
3/15/2026 14:59,2.313847656
3/15/2026 15:04,2.313847656
3/15/2026 15:09,2.399648437
3/15/2026 15:14,2.313847656
3/15/2026 15:19,2.399648437
3/15/2026 15:24,2.399648437
3/15/2026 15:29,2.442548828
3/15/2026 15:34,2.356748047
3/15/2026 15:39,2.399648437
3/15/2026 15:44,2.399648437
3/15/2026 15:49,2.356748047
3/15/2026 15:54,2.399648437
3/15/2026 15:59,2.356748047
3/15/2026 16:04,2.270947266
3/15/2026 16:09,2.485449219
3/15/2026 16:14,2.485449219
3/15/2026 16:19,2.442548828
3/15/2026 16:24,2.442548828
3/15/2026 16:29,2.485449219
3/15/2026 16:34,2.742851563
3/15/2026 16:39,2.57125
3/15/2026 16:44,2.614150391
3/15/2026 16:49,2.57125
3/15/2026 16:54,2.57125
3/15/2026 16:59,2.528349609
3/15/2026 17:04,2.528349609
3/15/2026 17:09,2.742851563
3/15/2026 17:14,2.742851563
3/15/2026 17:19,2.57125
3/15/2026 17:24,2.699951172
3/15/2026 17:29,2.657050781
3/15/2026 17:34,2.828652344
3/15/2026 17:39,2.699951172
3/15/2026 17:44,2.657050781
3/15/2026 17:49,2.657050781
3/15/2026 17:54,2.614150391
3/15/2026 17:59,2.699951172
3/15/2026 18:04,2.614150391
3/15/2026 18:09,2.614150391
3/15/2026 18:14,2.785751953
3/15/2026 18:19,2.657050781
3/15/2026 18:24,2.614150391
3/15/2026 18:29,2.657050781
3/15/2026 18:34,2.657050781
3/15/2026 18:39,2.528349609
3/15/2026 18:44,2.528349609
3/15/2026 18:49,2.442548828
3/15/2026 18:54,2.442548828
3/15/2026 18:59,2.57125
3/15/2026 19:04,2.442548828
3/15/2026 19:09,2.528349609
3/15/2026 19:14,2.442548828
3/15/2026 19:19,2.528349609
3/15/2026 19:24,2.399648437
3/15/2026 19:29,2.399648437
3/15/2026 19:34,2.313847656
3/15/2026 19:39,2.313847656
3/15/2026 19:44,2.313847656
3/15/2026 19:49,2.356748047
3/15/2026 19:54,2.356748047
3/15/2026 19:59,2.356748047
3/15/2026 20:04,2.270947266
3/15/2026 20:09,2.442548828
3/15/2026 20:14,2.313847656
3/15/2026 20:19,2.313847656
3/15/2026 20:24,2.356748047
3/15/2026 20:29,2.57125
3/15/2026 20:34,2.528349609
3/15/2026 20:39,2.485449219
3/15/2026 20:44,2.485449219
3/15/2026 20:49,2.356748047
3/15/2026 20:54,2.442548828
3/15/2026 20:59,2.485449219
3/15/2026 21:04,2.57125
3/15/2026 21:09,2.614150391
3/15/2026 21:14,2.57125
3/15/2026 21:19,2.57125
3/15/2026 21:24,2.57125
3/15/2026 21:29,2.399648437
3/15/2026 21:34,2.356748047
3/15/2026 21:39,2.442548828
3/15/2026 21:44,2.485449219
3/15/2026 21:49,2.614150391
3/15/2026 21:54,2.614150391
3/15/2026 21:59,2.528349609
3/15/2026 22:04,2.399648437
3/15/2026 22:09,2.57125
3/15/2026 22:14,2.57125
3/15/2026 22:19,2.528349609
3/15/2026 22:24,2.399648437
3/15/2026 22:29,2.528349609
3/15/2026 22:34,2.57125
3/15/2026 22:39,2.57125
3/15/2026 22:44,2.614150391
3/15/2026 22:49,2.57125
3/15/2026 22:54,2.614150391
3/15/2026 22:59,2.528349609
3/15/2026 23:04,2.528349609
3/15/2026 23:09,2.485449219
3/15/2026 23:14,2.57125
3/15/2026 23:19,2.442548828
3/15/2026 23:24,2.399648437
3/15/2026 23:29,2.485449219
3/15/2026 23:34,2.399648437
3/15/2026 23:39,2.399648437
3/15/2026 23:44,2.485449219
3/15/2026 23:49,2.442548828
3/15/2026 23:54,2.442548828
3/15/2026 23:59,2.313847656
3/16/2026 0:04,2.313847656
3/16/2026 0:09,2.356748047
3/16/2026 0:14,2.485449219
3/16/2026 0:19,2.356748047
3/16/2026 0:24,2.356748047
3/16/2026 0:29,2.442548828
3/16/2026 0:34,2.313847656
3/16/2026 0:39,2.270947266
3/16/2026 0:44,2.270947266
3/16/2026 0:49,2.228046875
3/16/2026 0:54,2.356748047
3/16/2026 0:59,2.185146484
3/16/2026 1:04,2.228046875
3/16/2026 1:09,2.270947266
3/16/2026 1:14,2.228046875
3/16/2026 1:19,2.228046875
3/16/2026 1:24,2.270947266
3/16/2026 1:29,2.185146484
3/16/2026 1:34,2.313847656
3/16/2026 1:39,2.185146484
3/16/2026 1:44,2.185146484
3/16/2026 1:49,2.185146484
3/16/2026 1:54,2.056445312
3/16/2026 1:59,2.185146484
3/16/2026 2:04,2.099345703
3/16/2026 2:09,2.013544922
3/16/2026 2:14,2.142246094
3/16/2026 2:19,2.056445312
3/16/2026 2:24,1.970644531
3/16/2026 2:29,2.099345703
3/16/2026 2:34,2.013544922
3/16/2026 2:39,1.970644531
3/16/2026 2:44,2.013544922
3/16/2026 2:49,2.056445312
3/16/2026 2:54,1.927744141
3/16/2026 2:59,2.056445312
3/16/2026 3:04,1.88484375
3/16/2026 3:09,1.841943359
3/16/2026 3:14,1.88484375
3/16/2026 3:19,1.88484375
3/16/2026 3:24,1.799042969
3/16/2026 3:29,1.799042969
3/16/2026 3:34,1.88484375
3/16/2026 3:39,1.799042969
3/16/2026 3:44,1.799042969
3/16/2026 3:49,1.713242188
3/16/2026 3:54,1.713242188
3/16/2026 3:59,1.713242188
3/16/2026 4:04,1.756142578
3/16/2026 4:09,1.756142578
3/16/2026 4:14,1.713242188
3/16/2026 4:19,1.670341797
3/16/2026 4:24,1.670341797
3/16/2026 4:29,1.756142578
3/16/2026 4:34,1.670341797
3/16/2026 4:39,1.627441406
3/16/2026 4:44,1.670341797
3/16/2026 4:49,1.670341797
3/16/2026 4:54,1.670341797
3/16/2026 4:59,1.627441406
3/16/2026 5:04,1.670341797
3/16/2026 5:09,1.584541016
3/16/2026 5:14,1.713242188
3/16/2026 5:19,1.584541016
3/16/2026 5:24,1.584541016
3/16/2026 5:29,1.670341797
3/16/2026 5:34,1.670341797
3/16/2026 5:39,1.584541016
3/16/2026 5:44,1.627441406
3/16/2026 5:49,1.584541016
3/16/2026 5:54,1.584541016
3/16/2026 5:59,1.541640625
3/16/2026 6:04,1.584541016
3/16/2026 6:09,1.541640625
3/16/2026 6:14,1.541640625
3/16/2026 6:19,1.541640625
3/16/2026 6:24,1.455839844
3/16/2026 6:29,1.498740234
3/16/2026 6:34,1.498740234
3/16/2026 6:39,1.498740234
3/16/2026 6:44,1.498740234
3/16/2026 6:49,1.412939453
3/16/2026 6:54,1.455839844
3/16/2026 6:59,1.455839844
3/16/2026 7:04,1.412939453
3/16/2026 7:09,1.412939453
3/16/2026 7:14,1.412939453
3/16/2026 7:19,1.370039062
3/16/2026 7:24,1.370039062
3/16/2026 7:29,1.455839844
3/16/2026 7:34,1.412939453
3/16/2026 7:39,1.370039062
3/16/2026 7:44,1.370039062
3/16/2026 7:49,1.412939453
3/16/2026 7:54,1.370039062
3/16/2026 7:59,1.370039062
3/16/2026 8:04,1.370039062
3/16/2026 8:09,1.370039062
3/16/2026 8:14,1.370039062
3/16/2026 8:19,1.370039062
3/16/2026 8:24,1.370039062
3/16/2026 8:29,1.327138672
3/16/2026 8:34,1.370039062
3/16/2026 8:39,1.370039062
3/16/2026 8:44,1.370039062
3/16/2026 8:49,1.327138672
3/16/2026 8:54,1.370039062
3/16/2026 8:59,1.370039062
3/16/2026 9:04,1.412939453
3/16/2026 9:09,1.412939453
3/16/2026 9:14,1.455839844
3/16/2026 9:19,1.455839844
3/16/2026 9:24,1.541640625
3/16/2026 9:29,1.627441406
3/16/2026 9:34,1.584541016
3/16/2026 9:39,1.670341797
3/16/2026 9:44,1.627441406
3/16/2026 9:49,1.670341797
3/16/2026 9:54,1.670341797
3/16/2026 9:59,1.713242188
3/16/2026 10:04,1.841943359
3/16/2026 10:09,1.927744141
3/16/2026 10:14,1.970644531
3/16/2026 10:19,1.88484375
3/16/2026 10:24,1.970644531
3/16/2026 10:29,2.013544922
3/16/2026 10:34,2.013544922
3/16/2026 10:39,2.013544922
3/16/2026 10:44,2.099345703
3/16/2026 10:49,2.142246094
3/16/2026 10:54,2.228046875
3/16/2026 10:59,2.270947266
3/16/2026 11:04,2.313847656
3/16/2026 11:09,2.399648437
3/16/2026 11:14,2.442548828
3/16/2026 11:19,2.442548828
3/16/2026 11:24,2.657050781
3/16/2026 11:29,2.785751953
3/16/2026 11:34,2.657050781
3/16/2026 11:39,2.871552734
3/16/2026 11:44,2.871552734
3/16/2026 11:49,2.914453125
3/16/2026 11:54,3.086054687
3/16/2026 11:59,3.171855469
3/16/2026 12:04,3.086054687
3/16/2026 12:09,3.25765625
3/16/2026 12:14,3.171855469
3/16/2026 12:19,3.343457031
3/16/2026 12:24,3.300556641
3/16/2026 12:29,3.343457031
3/16/2026 12:34,3.343457031
3/16/2026 12:39,3.343457031
3/16/2026 12:44,3.515058594
3/16/2026 12:49,3.515058594
3/16/2026 12:54,3.686660156
3/16/2026 12:59,3.643759766
3/16/2026 13:04,3.815361328
3/16/2026 13:09,3.9440625
3/16/2026 13:14,3.858261719
3/16/2026 13:19,3.858261719
3/16/2026 13:24,3.9440625
3/16/2026 13:29,3.9440625
3/16/2026 13:34,4.072763672
3/16/2026 13:39,3.858261719
3/16/2026 13:44,3.9440625
3/16/2026 13:49,3.858261719
3/16/2026 13:54,3.815361328
3/16/2026 13:59,3.815361328
3/16/2026 14:04,3.986962891
3/16/2026 14:09,4.115664062
3/16/2026 14:14,3.986962891
3/16/2026 14:19,4.115664062
3/16/2026 14:24,4.115664062
3/16/2026 14:29,4.072763672
3/16/2026 14:34,4.029863281
3/16/2026 14:39,4.330166016
3/16/2026 14:44,3.986962891
3/16/2026 14:49,3.986962891
3/16/2026 14:54,3.986962891
3/16/2026 14:59,3.986962891
3/16/2026 15:04,4.115664062
3/16/2026 15:09,4.373066406
3/16/2026 15:14,4.115664062
3/16/2026 15:19,4.029863281
3/16/2026 15:24,4.415966797
3/16/2026 15:29,4.201464844
3/16/2026 15:34,4.158564453
3/16/2026 15:39,4.201464844
3/16/2026 15:44,4.330166016
3/16/2026 15:49,4.544667969
3/16/2026 15:54,4.373066406
3/16/2026 15:59,4.373066406
3/16/2026 16:04,4.330166016
3/16/2026 16:09,4.330166016
3/16/2026 16:14,4.287265625
3/16/2026 16:19,4.415966797
3/16/2026 16:24,4.373066406
3/16/2026 16:29,4.287265625
3/16/2026 16:34,4.201464844
3/16/2026 16:39,4.201464844
3/16/2026 16:44,4.330166016
3/16/2026 16:49,4.072763672
3/16/2026 16:54,4.029863281
3/16/2026 16:59,4.458867187
3/16/2026 17:04,4.201464844
3/16/2026 17:09,4.244365234
3/16/2026 17:14,4.287265625
3/16/2026 17:19,4.287265625
3/16/2026 17:24,3.686660156
3/16/2026 17:29,3.772460938
3/16/2026 17:34,3.858261719
3/16/2026 17:39,3.600859375
3/16/2026 17:44,3.729560547
3/16/2026 17:49,3.772460938
3/16/2026 17:54,3.986962891
3/16/2026 17:59,3.9440625
3/16/2026 18:04,4.072763672
3/16/2026 18:09,3.729560547
3/16/2026 18:14,3.429257812
3/16/2026 18:19,3.429257812
3/16/2026 18:24,3.557958984
3/16/2026 18:29,3.429257812
3/16/2026 18:34,3.300556641
3/16/2026 18:39,3.214755859
3/16/2026 18:44,3.300556641
3/16/2026 18:49,3.386357422
3/16/2026 18:54,3.343457031
3/16/2026 18:59,3.214755859
3/16/2026 19:04,3.128955078
3/16/2026 19:09,3.043154297
3/16/2026 19:14,3.043154297
3/16/2026 19:19,3.171855469
3/16/2026 19:24,3.000253906
3/16/2026 19:29,3.000253906
3/16/2026 19:34,3.000253906
3/16/2026 19:39,3.000253906
3/16/2026 19:44,2.828652344
3/16/2026 19:49,2.828652344
3/16/2026 19:54,2.828652344
3/16/2026 19:59,2.914453125
3/16/2026 20:04,2.871552734
3/16/2026 20:09,2.957353516
3/16/2026 20:14,2.871552734
3/16/2026 20:19,2.785751953
3/16/2026 20:24,2.871552734
3/16/2026 20:29,2.785751953
3/16/2026 20:34,2.699951172
3/16/2026 20:39,2.785751953
3/16/2026 20:44,2.828652344
3/16/2026 20:49,2.871552734
3/16/2026 20:54,2.871552734
3/16/2026 20:59,2.785751953
3/16/2026 21:04,2.742851563
3/16/2026 21:09,2.785751953
3/16/2026 21:14,2.742851563
3/16/2026 21:19,2.742851563
3/16/2026 21:24,2.657050781
3/16/2026 21:29,2.657050781
3/16/2026 21:34,2.528349609
3/16/2026 21:39,2.528349609
3/16/2026 21:44,2.442548828
3/16/2026 21:49,2.442548828
3/16/2026 21:54,2.442548828
3/16/2026 21:59,2.485449219
3/16/2026 22:04,2.399648437
3/16/2026 22:09,2.399648437
3/16/2026 22:14,2.399648437
3/16/2026 22:19,2.313847656
3/16/2026 22:24,2.270947266
3/16/2026 22:29,2.356748047
3/16/2026 22:34,2.356748047
3/16/2026 22:39,2.356748047
3/16/2026 22:44,2.356748047
3/16/2026 22:49,2.313847656
3/16/2026 22:54,2.313847656
3/16/2026 22:59,2.313847656
3/16/2026 23:04,2.270947266
3/16/2026 23:09,2.228046875
3/16/2026 23:14,2.313847656
3/16/2026 23:19,2.313847656
3/16/2026 23:24,2.313847656
3/16/2026 23:29,2.185146484
3/16/2026 23:34,2.185146484
3/16/2026 23:39,2.185146484
3/16/2026 23:44,2.185146484
3/16/2026 23:49,2.185146484
3/16/2026 23:54,2.185146484
3/16/2026 23:59,2.142246094
3/17/2026 0:04,2.099345703
3/17/2026 0:09,2.013544922
3/17/2026 0:14,2.013544922
3/17/2026 0:19,2.013544922
3/17/2026 0:24,2.013544922
3/17/2026 0:29,2.013544922
3/17/2026 0:34,1.970644531
3/17/2026 0:39,1.927744141
3/17/2026 0:44,1.927744141
3/17/2026 0:49,1.88484375
3/17/2026 0:54,1.88484375
3/17/2026 0:59,1.88484375
3/17/2026 1:04,1.88484375
3/17/2026 1:09,1.88484375
3/17/2026 1:14,1.799042969
3/17/2026 1:19,1.756142578
3/17/2026 1:24,1.799042969
3/17/2026 1:29,1.841943359
3/17/2026 1:34,1.841943359
3/17/2026 1:39,1.799042969
3/17/2026 1:44,1.756142578
3/17/2026 1:49,1.756142578
3/17/2026 1:54,1.670341797
3/17/2026 1:59,1.713242188
3/17/2026 2:04,1.756142578
3/17/2026 2:09,1.756142578
3/17/2026 2:14,1.670341797
3/17/2026 2:19,1.670341797
3/17/2026 2:24,1.670341797
3/17/2026 2:29,1.713242188
3/17/2026 2:34,1.627441406
3/17/2026 2:39,1.670341797
3/17/2026 2:44,1.670341797
3/17/2026 2:49,1.670341797
3/17/2026 2:54,1.627441406
3/17/2026 2:59,1.627441406
3/17/2026 3:04,1.627441406
3/17/2026 3:09,1.627441406
3/17/2026 3:14,1.627441406
3/17/2026 3:19,1.584541016
3/17/2026 3:24,1.627441406
3/17/2026 3:29,1.584541016
3/17/2026 3:34,1.541640625
3/17/2026 3:39,1.541640625
3/17/2026 3:44,1.498740234
3/17/2026 3:49,1.498740234
3/17/2026 3:54,1.455839844
3/17/2026 3:59,1.455839844
3/17/2026 4:04,1.541640625
3/17/2026 4:09,1.455839844
3/17/2026 4:14,1.455839844
3/17/2026 4:19,1.455839844
3/17/2026 4:24,1.455839844
3/17/2026 4:29,1.498740234
3/17/2026 4:34,1.412939453
3/17/2026 4:39,1.455839844
3/17/2026 4:44,1.498740234
3/17/2026 4:49,1.498740234
3/17/2026 4:54,1.412939453
3/17/2026 4:59,1.412939453
3/17/2026 5:04,1.455839844
3/17/2026 5:09,1.412939453
3/17/2026 5:14,1.412939453
3/17/2026 5:19,1.412939453
3/17/2026 5:24,1.412939453
3/17/2026 5:29,1.370039062
3/17/2026 5:34,1.370039062
3/17/2026 5:39,1.370039062
3/17/2026 5:44,1.327138672
3/17/2026 5:49,1.412939453
3/17/2026 5:54,1.412939453
3/17/2026 5:59,1.370039062
3/17/2026 6:04,1.370039062
3/17/2026 6:09,1.370039062
3/17/2026 6:14,1.327138672
3/17/2026 6:19,1.370039062
3/17/2026 6:24,1.327138672
3/17/2026 6:29,1.370039062
3/17/2026 6:34,1.284238281
3/17/2026 6:39,1.284238281
3/17/2026 6:44,1.327138672
3/17/2026 6:49,1.370039062
3/17/2026 6:54,1.327138672
3/17/2026 6:59,1.327138672
3/17/2026 7:04,1.327138672
3/17/2026 7:09,1.370039062
3/17/2026 7:14,1.284238281
3/17/2026 7:19,1.370039062
3/17/2026 7:24,1.327138672
3/17/2026 7:29,1.284238281
3/17/2026 7:34,1.241337891
3/17/2026 7:39,1.241337891
3/17/2026 7:44,1.241337891
3/17/2026 7:49,1.241337891
3/17/2026 7:54,1.241337891
3/17/2026 7:59,1.284238281
3/17/2026 8:04,1.327138672
3/17/2026 8:09,1.327138672
3/17/2026 8:14,1.327138672
3/17/2026 8:19,1.370039062
3/17/2026 8:24,1.327138672
3/17/2026 8:29,1.370039062
3/17/2026 8:34,1.370039062
3/17/2026 8:39,1.455839844
3/17/2026 8:44,1.455839844
3/17/2026 8:49,1.498740234
3/17/2026 8:54,1.541640625
3/17/2026 8:59,1.584541016
3/17/2026 9:04,1.670341797
3/17/2026 9:09,1.713242188
3/17/2026 9:14,1.756142578
3/17/2026 9:19,1.756142578
3/17/2026 9:24,1.799042969
3/17/2026 9:29,1.88484375
3/17/2026 9:34,1.927744141
3/17/2026 9:39,1.970644531
3/17/2026 9:44,2.013544922
3/17/2026 9:49,2.056445312
3/17/2026 9:54,2.099345703
3/17/2026 9:59,2.142246094
3/17/2026 10:04,2.142246094
3/17/2026 10:09,2.228046875
3/17/2026 10:14,2.185146484
3/17/2026 10:19,2.313847656
3/17/2026 10:24,2.313847656
3/17/2026 10:29,2.356748047
3/17/2026 10:34,2.313847656
3/17/2026 10:39,2.399648437
3/17/2026 10:44,2.442548828
3/17/2026 10:49,2.485449219
3/17/2026 10:54,2.485449219
3/17/2026 10:59,2.528349609
3/17/2026 11:04,2.57125
3/17/2026 11:09,2.614150391
3/17/2026 11:14,2.699951172
3/17/2026 11:19,2.742851563
3/17/2026 11:24,2.742851563
3/17/2026 11:29,2.785751953
3/17/2026 11:34,2.828652344
3/17/2026 11:39,2.828652344
3/17/2026 11:44,2.871552734
3/17/2026 11:49,2.957353516
3/17/2026 11:54,3.000253906
3/17/2026 11:59,3.000253906
3/17/2026 12:04,3.043154297
3/17/2026 12:09,2.957353516
3/17/2026 12:14,3.086054687
3/17/2026 12:19,3.086054687
3/17/2026 12:24,3.128955078
3/17/2026 12:29,3.128955078
3/17/2026 12:34,3.128955078
3/17/2026 12:39,3.086054687
3/17/2026 12:44,3.214755859
3/17/2026 12:49,3.214755859
3/17/2026 12:54,3.25765625
3/17/2026 12:59,3.300556641
3/17/2026 13:04,3.300556641
3/17/2026 13:09,3.386357422
3/17/2026 13:14,3.472158203
3/17/2026 13:19,3.429257812
3/17/2026 13:24,3.472158203
3/17/2026 13:29,3.557958984
3/17/2026 13:34,3.600859375
3/17/2026 13:39,3.557958984
3/17/2026 13:44,3.600859375
3/17/2026 13:49,3.600859375
3/17/2026 13:54,3.557958984
3/17/2026 13:59,3.515058594
3/17/2026 14:04,3.600859375
3/17/2026 14:09,3.643759766
3/17/2026 14:14,3.600859375
3/17/2026 14:19,3.643759766
3/17/2026 14:24,3.772460938
3/17/2026 14:29,3.729560547
3/17/2026 14:34,3.729560547
3/17/2026 14:39,3.815361328
3/17/2026 14:44,3.815361328
3/17/2026 14:49,3.729560547
3/17/2026 14:54,3.858261719
3/17/2026 14:59,3.858261719
3/17/2026 15:04,3.9440625
3/17/2026 15:09,3.9440625
3/17/2026 15:14,3.901162109
3/17/2026 15:19,4.072763672
3/17/2026 15:24,3.9440625
3/17/2026 15:29,3.901162109
3/17/2026 15:34,3.858261719
3/17/2026 15:39,3.729560547
3/17/2026 15:44,3.729560547
3/17/2026 15:49,3.686660156
3/17/2026 15:54,3.729560547
3/17/2026 15:59,3.729560547
3/17/2026 16:04,3.643759766
3/17/2026 16:09,3.815361328
3/17/2026 16:14,3.815361328
3/17/2026 16:19,3.643759766
3/17/2026 16:24,3.686660156
3/17/2026 16:29,3.600859375
3/17/2026 16:34,3.643759766
3/17/2026 16:39,3.686660156
3/17/2026 16:44,3.643759766
3/17/2026 16:49,3.643759766
3/17/2026 16:54,3.557958984
3/17/2026 16:59,3.515058594
3/17/2026 17:04,3.515058594
3/17/2026 17:09,3.386357422
3/17/2026 17:14,3.472158203
3/17/2026 17:19,3.472158203
3/17/2026 17:24,3.386357422
3/17/2026 17:29,3.386357422
3/17/2026 17:34,3.343457031
3/17/2026 17:39,3.171855469
3/17/2026 17:44,3.128955078
3/17/2026 17:49,3.214755859
3/17/2026 17:54,3.214755859
3/17/2026 17:59,3.214755859
3/17/2026 18:04,3.128955078
3/17/2026 18:09,3.086054687
3/17/2026 18:14,3.086054687
3/17/2026 18:19,3.000253906
3/17/2026 18:24,2.914453125
3/17/2026 18:29,2.914453125
3/17/2026 18:34,2.871552734
3/17/2026 18:39,2.914453125
3/17/2026 18:44,2.914453125
3/17/2026 18:49,2.871552734
3/17/2026 18:54,2.871552734
3/17/2026 18:59,2.785751953
3/17/2026 19:04,2.828652344
3/17/2026 19:09,2.785751953
3/17/2026 19:14,2.742851563
3/17/2026 19:19,2.742851563
3/17/2026 19:24,2.742851563
3/17/2026 19:29,2.742851563
3/17/2026 19:34,2.742851563
3/17/2026 19:39,2.657050781
3/17/2026 19:44,2.657050781
3/17/2026 19:49,2.699951172
3/17/2026 19:54,2.657050781
3/17/2026 19:59,2.742851563
3/17/2026 20:04,2.614150391
3/17/2026 20:09,2.485449219
3/17/2026 20:14,2.57125
3/17/2026 20:19,2.57125
3/17/2026 20:24,2.614150391
3/17/2026 20:29,2.614150391
3/17/2026 20:34,2.57125
3/17/2026 20:39,2.614150391
3/17/2026 20:44,2.614150391
3/17/2026 20:49,2.57125
3/17/2026 20:54,2.528349609
3/17/2026 20:59,2.614150391
3/17/2026 21:04,2.528349609
3/17/2026 21:09,2.528349609
3/17/2026 21:14,2.485449219
3/17/2026 21:19,2.614150391
3/17/2026 21:24,2.57125
3/17/2026 21:29,2.442548828
3/17/2026 21:34,2.528349609
3/17/2026 21:39,2.528349609
3/17/2026 21:44,2.57125
3/17/2026 21:49,2.485449219
3/17/2026 21:54,2.528349609
3/17/2026 21:59,2.485449219
3/17/2026 22:04,2.442548828
3/17/2026 22:09,2.399648437
3/17/2026 22:14,2.399648437
3/17/2026 22:19,2.442548828
3/17/2026 22:24,2.614150391
3/17/2026 22:29,2.399648437
3/17/2026 22:34,2.313847656
3/17/2026 22:39,2.399648437
3/17/2026 22:44,2.399648437
3/17/2026 22:49,2.270947266
3/17/2026 22:54,2.356748047
3/17/2026 22:59,2.313847656
3/17/2026 23:04,2.442548828
3/17/2026 23:09,2.399648437
3/17/2026 23:14,2.399648437
3/17/2026 23:19,2.356748047
3/17/2026 23:24,2.313847656
3/17/2026 23:29,2.356748047
3/17/2026 23:34,2.399648437
3/17/2026 23:39,2.399648437
3/17/2026 23:44,2.442548828
3/17/2026 23:49,2.399648437
3/17/2026 23:54,2.399648437
3/17/2026 23:59,2.356748047
3/18/2026 0:04,2.399648437
3/18/2026 0:09,2.442548828
3/18/2026 0:14,2.399648437
3/18/2026 0:19,2.356748047
3/18/2026 0:24,2.399648437
3/18/2026 0:29,2.313847656
3/18/2026 0:34,2.356748047
3/18/2026 0:39,2.313847656
3/18/2026 0:44,2.356748047
3/18/2026 0:49,2.270947266
3/18/2026 0:54,2.313847656
3/18/2026 0:59,2.313847656
3/18/2026 1:04,2.228046875
3/18/2026 1:09,2.313847656
3/18/2026 1:14,2.313847656
3/18/2026 1:19,2.270947266
3/18/2026 1:24,2.270947266
3/18/2026 1:29,2.270947266
3/18/2026 1:34,2.313847656
3/18/2026 1:39,2.313847656
3/18/2026 1:44,2.399648437
3/18/2026 1:49,2.313847656
3/18/2026 1:54,2.270947266
3/18/2026 1:59,2.356748047
3/18/2026 2:04,2.356748047
3/18/2026 2:09,2.399648437
3/18/2026 2:14,2.356748047
3/18/2026 2:19,2.399648437
3/18/2026 2:24,2.399648437
3/18/2026 2:29,2.356748047
3/18/2026 2:34,2.442548828
3/18/2026 2:39,2.399648437
3/18/2026 2:44,2.356748047
3/18/2026 2:49,2.399648437
3/18/2026 2:54,2.485449219
3/18/2026 2:59,2.399648437
3/18/2026 3:04,2.399648437
3/18/2026 3:09,2.442548828
3/18/2026 3:14,2.399648437
3/18/2026 3:19,2.442548828
3/18/2026 3:24,2.442548828
3/18/2026 3:29,2.399648437
3/18/2026 3:34,2.399648437
3/18/2026 3:39,2.485449219
3/18/2026 3:44,2.442548828
3/18/2026 3:49,2.528349609
3/18/2026 3:54,2.442548828
3/18/2026 3:59,2.399648437
3/18/2026 4:04,2.442548828
3/18/2026 4:09,2.485449219
3/18/2026 4:14,2.485449219
3/18/2026 4:19,2.442548828
3/18/2026 4:24,2.442548828
3/18/2026 4:29,2.399648437
3/18/2026 4:34,2.485449219
3/18/2026 4:39,2.399648437
3/18/2026 4:44,2.442548828
3/18/2026 4:49,2.442548828
3/18/2026 4:54,2.485449219
3/18/2026 4:59,2.485449219
3/18/2026 5:04,2.528349609
3/18/2026 5:09,2.485449219
3/18/2026 5:14,2.528349609
3/18/2026 5:19,2.485449219
3/18/2026 5:24,2.528349609
3/18/2026 5:29,2.528349609
3/18/2026 5:34,2.614150391
3/18/2026 5:39,2.614150391
3/18/2026 5:44,2.528349609
3/18/2026 5:49,2.528349609
3/18/2026 5:54,2.57125
3/18/2026 5:59,2.57125
3/18/2026 6:04,2.657050781
3/18/2026 6:09,2.528349609
3/18/2026 6:14,2.528349609
3/18/2026 6:19,2.528349609
3/18/2026 6:24,2.57125
3/18/2026 6:29,2.485449219
3/18/2026 6:34,2.57125
3/18/2026 6:39,2.57125
3/18/2026 6:44,2.528349609
3/18/2026 6:49,2.528349609
3/18/2026 6:54,2.57125
3/18/2026 6:59,2.614150391
3/18/2026 7:04,2.785751953
3/18/2026 7:09,2.742851563
3/18/2026 7:14,2.742851563
3/18/2026 7:19,2.699951172
3/18/2026 7:24,2.742851563
3/18/2026 7:29,2.699951172
3/18/2026 7:34,2.699951172
3/18/2026 7:39,2.785751953
3/18/2026 7:44,2.785751953
3/18/2026 7:49,2.871552734
3/18/2026 7:54,2.871552734
3/18/2026 7:59,2.742851563
3/18/2026 8:04,2.828652344
3/18/2026 8:09,2.785751953
3/18/2026 8:14,2.828652344
3/18/2026 8:19,2.828652344
3/18/2026 8:24,2.785751953
3/18/2026 8:29,2.871552734
3/18/2026 8:34,2.828652344
3/18/2026 8:39,2.828652344
3/18/2026 8:44,2.871552734
3/18/2026 8:49,2.871552734
3/18/2026 8:54,2.871552734
3/18/2026 8:59,2.914453125
3/18/2026 9:04,2.914453125
3/18/2026 9:09,2.871552734
3/18/2026 9:14,2.914453125
3/18/2026 9:19,2.957353516
3/18/2026 9:24,3.086054687
3/18/2026 9:29,3.086054687
3/18/2026 9:34,3.043154297
3/18/2026 9:39,3.086054687
3/18/2026 9:44,3.086054687
3/18/2026 9:49,3.128955078
3/18/2026 9:54,3.214755859
3/18/2026 9:59,3.25765625
3/18/2026 10:04,3.386357422
3/18/2026 10:09,3.300556641
3/18/2026 10:14,3.386357422
3/18/2026 10:19,3.472158203
3/18/2026 10:24,3.557958984
3/18/2026 10:29,3.643759766
3/18/2026 10:34,3.643759766
3/18/2026 10:39,3.729560547
3/18/2026 10:44,3.729560547
3/18/2026 10:49,3.729560547
3/18/2026 10:54,3.815361328
3/18/2026 10:59,3.901162109
3/18/2026 11:04,4.029863281
3/18/2026 11:09,3.986962891
3/18/2026 11:14,4.115664062
3/18/2026 11:19,4.201464844
3/18/2026 11:24,4.244365234
3/18/2026 11:29,4.244365234
3/18/2026 11:34,4.330166016
3/18/2026 11:39,4.587568359
3/18/2026 11:44,4.501767578
3/18/2026 11:49,4.63046875
3/18/2026 11:54,4.544667969
3/18/2026 11:59,4.587568359
3/18/2026 12:04,4.802070313
3/18/2026 12:09,4.973671875
3/18/2026 12:14,4.973671875
3/18/2026 12:19,5.016572266
3/18/2026 12:24,5.102373047
3/18/2026 12:29,5.102373047
3/18/2026 12:34,5.231074219
3/18/2026 12:39,5.273974609
3/18/2026 12:44,5.273974609
3/18/2026 12:49,5.488476562
3/18/2026 12:54,5.574277344
3/18/2026 12:59,5.660078125
3/18/2026 13:04,5.788779297
3/18/2026 13:09,5.874580078
3/18/2026 13:14,6.217783203
3/18/2026 13:19,6.260683594
3/18/2026 13:24,6.303583984
3/18/2026 13:29,6.432285156
3/18/2026 13:34,6.560986328
3/18/2026 13:39,6.646787109
3/18/2026 13:44,6.818388672
3/18/2026 13:49,6.732587891
3/18/2026 13:54,6.732587891
3/18/2026 13:59,6.861289062
3/18/2026 14:04,6.6896875
3/18/2026 14:09,6.989990234
3/18/2026 14:14,7.118691406
3/18/2026 14:19,7.247392578
3/18/2026 14:24,7.333193359
3/18/2026 14:29,7.290292969
3/18/2026 14:34,7.37609375
3/18/2026 14:39,7.418994141
3/18/2026 14:44,7.590595703
3/18/2026 14:49,7.504794922
3/18/2026 14:54,7.633496094
3/18/2026 14:59,7.762197266
3/18/2026 15:04,7.762197266
3/18/2026 15:09,7.890898437
3/18/2026 15:14,7.847998047
3/18/2026 15:19,7.890898437
3/18/2026 15:24,7.805097656
3/18/2026 15:29,7.890898437
3/18/2026 15:34,7.976699219
3/18/2026 15:39,8.019599609
3/18/2026 15:44,7.890898437
3/18/2026 15:49,7.847998047
3/18/2026 15:54,7.847998047
3/18/2026 15:59,7.933798828
3/18/2026 16:04,8.019599609
3/18/2026 16:09,8.105400391
3/18/2026 16:14,7.933798828
3/18/2026 16:19,8.019599609
3/18/2026 16:24,7.976699219
3/18/2026 16:29,7.976699219
3/18/2026 16:34,7.976699219
3/18/2026 16:39,7.933798828
3/18/2026 16:44,7.890898437
3/18/2026 16:49,8.019599609
3/18/2026 16:54,8.019599609
3/18/2026 16:59,7.976699219
3/18/2026 17:04,7.976699219
3/18/2026 17:09,7.933798828
3/18/2026 17:14,7.976699219
3/18/2026 17:19,7.976699219
3/18/2026 17:24,8.019599609
3/18/2026 17:29,7.976699219
3/18/2026 17:34,7.933798828
3/18/2026 17:39,7.933798828
3/18/2026 17:44,8.019599609
3/18/2026 17:49,8.105400391
3/18/2026 17:54,8.0625
3/18/2026 17:59,8.0625
3/18/2026 18:04,8.019599609
3/18/2026 18:09,7.933798828
3/18/2026 18:14,7.890898437
3/18/2026 18:19,7.890898437
3/18/2026 18:24,7.890898437
3/18/2026 18:29,7.762197266
3/18/2026 18:34,7.805097656
3/18/2026 18:39,7.805097656
3/18/2026 18:44,7.762197266
3/18/2026 18:49,7.847998047
3/18/2026 18:54,7.805097656
3/18/2026 18:59,7.847998047
3/18/2026 19:04,7.847998047
3/18/2026 19:09,7.719296875
3/18/2026 19:14,7.719296875
3/18/2026 19:19,7.762197266
3/18/2026 19:24,7.762197266
3/18/2026 19:29,7.676396484
3/18/2026 19:34,7.676396484
3/18/2026 19:39,7.590595703
3/18/2026 19:44,7.461894531
3/18/2026 19:49,7.504794922
3/18/2026 19:54,7.461894531
3/18/2026 19:59,7.461894531
3/18/2026 20:04,7.333193359
3/18/2026 20:09,7.247392578
3/18/2026 20:14,7.290292969
3/18/2026 20:19,7.204492188
3/18/2026 20:24,7.161591797
3/18/2026 20:29,7.161591797
3/18/2026 20:34,7.161591797
3/18/2026 20:39,7.118691406
3/18/2026 20:44,7.118691406
3/18/2026 20:49,7.075791016
3/18/2026 20:54,7.075791016
3/18/2026 20:59,6.947089844
3/18/2026 21:04,6.947089844
3/18/2026 21:09,6.947089844
3/18/2026 21:14,6.861289062
3/18/2026 21:19,6.818388672
3/18/2026 21:24,6.775488281
3/18/2026 21:29,6.818388672
3/18/2026 21:34,6.732587891
3/18/2026 21:39,6.775488281
3/18/2026 21:44,6.646787109
3/18/2026 21:49,6.646787109
3/18/2026 21:54,6.603886719
3/18/2026 21:59,6.603886719
3/18/2026 22:04,6.560986328
3/18/2026 22:09,6.560986328
3/18/2026 22:14,6.475185547
3/18/2026 22:19,6.475185547
3/18/2026 22:24,6.475185547
3/18/2026 22:29,6.432285156
3/18/2026 22:34,6.432285156
3/18/2026 22:39,6.389384766
3/18/2026 22:44,6.303583984
3/18/2026 22:49,6.260683594
3/18/2026 22:54,6.260683594
3/18/2026 22:59,6.174882813
3/18/2026 23:04,6.131982422
3/18/2026 23:09,6.131982422
3/18/2026 23:14,6.089082031
3/18/2026 23:19,6.131982422
3/18/2026 23:24,6.089082031
3/18/2026 23:29,6.00328125
3/18/2026 23:34,5.960380859
3/18/2026 23:39,5.960380859
3/18/2026 23:44,5.874580078
3/18/2026 23:49,5.831679688
3/18/2026 23:54,5.874580078
3/18/2026 23:59,5.788779297
3/19/2026 0:04,5.745878906
3/19/2026 0:09,5.702978516
3/19/2026 0:14,5.617177734
3/19/2026 0:19,5.660078125
3/19/2026 0:24,5.617177734
3/19/2026 0:29,5.617177734
3/19/2026 0:34,5.574277344
3/19/2026 0:39,5.488476562
3/19/2026 0:44,5.445576172
3/19/2026 0:49,5.445576172
3/19/2026 0:54,5.531376953
3/19/2026 0:59,5.402675781
3/19/2026 1:04,5.359775391
3/19/2026 1:09,5.273974609
3/19/2026 1:14,5.273974609
3/19/2026 1:19,5.316875
3/19/2026 1:24,5.273974609
3/19/2026 1:29,5.273974609
3/19/2026 1:34,5.231074219
3/19/2026 1:39,5.188173828
3/19/2026 1:44,5.188173828
3/19/2026 1:49,5.059472656
3/19/2026 1:54,5.145273437
3/19/2026 1:59,5.102373047
3/19/2026 2:04,5.016572266
3/19/2026 2:09,5.016572266
3/19/2026 2:14,5.016572266
3/19/2026 2:19,5.016572266
3/19/2026 2:24,4.973671875
3/19/2026 2:29,5.016572266
3/19/2026 2:34,5.016572266
3/19/2026 2:39,4.973671875
3/19/2026 2:44,4.887871094
3/19/2026 2:49,4.930771484
3/19/2026 2:54,4.887871094
3/19/2026 2:59,4.844970703
3/19/2026 3:04,4.844970703
3/19/2026 3:09,4.844970703
3/19/2026 3:14,4.844970703
3/19/2026 3:19,4.716269531
3/19/2026 3:24,4.716269531
3/19/2026 3:29,4.759169922
3/19/2026 3:34,4.716269531
3/19/2026 3:39,4.501767578
3/19/2026 3:44,4.544667969
3/19/2026 3:49,4.673369141
3/19/2026 3:54,4.63046875
3/19/2026 3:59,4.587568359
3/19/2026 4:04,4.63046875
3/19/2026 4:09,4.544667969
3/19/2026 4:14,4.544667969
3/19/2026 4:19,4.501767578
3/19/2026 4:24,4.501767578
3/19/2026 4:29,4.501767578
3/19/2026 4:34,4.501767578
3/19/2026 4:39,4.544667969
3/19/2026 4:44,4.501767578
3/19/2026 4:49,4.501767578
3/19/2026 4:54,4.415966797
3/19/2026 4:59,4.544667969
3/19/2026 5:04,4.330166016
3/19/2026 5:09,4.287265625
3/19/2026 5:14,4.373066406
3/19/2026 5:19,4.330166016
3/19/2026 5:24,4.415966797
3/19/2026 5:29,4.201464844
3/19/2026 5:34,4.158564453
3/19/2026 5:39,4.330166016
3/19/2026 5:44,4.287265625
3/19/2026 5:49,4.287265625
3/19/2026 5:54,4.415966797
3/19/2026 5:59,4.244365234
3/19/2026 6:04,4.201464844
3/19/2026 6:09,4.244365234
3/19/2026 6:14,4.244365234
3/19/2026 6:19,4.244365234
3/19/2026 6:24,4.244365234
3/19/2026 6:29,4.201464844
3/19/2026 6:34,4.158564453
3/19/2026 6:39,4.201464844
3/19/2026 6:44,4.201464844
3/19/2026 6:49,4.158564453
3/19/2026 6:54,4.115664062
3/19/2026 6:59,4.244365234
3/19/2026 7:04,4.201464844
3/19/2026 7:09,4.072763672
3/19/2026 7:14,4.201464844
3/19/2026 7:19,4.201464844
3/19/2026 7:24,4.115664062
3/19/2026 7:29,4.201464844
3/19/2026 7:34,4.115664062
3/19/2026 7:39,4.158564453
3/19/2026 7:44,4.201464844
3/19/2026 7:49,4.201464844
3/19/2026 7:54,4.158564453
3/19/2026 7:59,4.158564453
3/19/2026 8:04,4.244365234
3/19/2026 8:09,4.287265625
3/19/2026 8:14,4.244365234
3/19/2026 8:19,4.244365234
3/19/2026 8:24,4.330166016
3/19/2026 8:29,4.373066406
3/19/2026 8:34,4.415966797
3/19/2026 8:39,4.373066406
3/19/2026 8:44,4.415966797
3/19/2026 8:49,4.373066406
3/19/2026 8:54,4.287265625
3/19/2026 8:59,4.415966797
3/19/2026 9:04,4.458867187
3/19/2026 9:09,4.501767578
3/19/2026 9:14,4.544667969
3/19/2026 9:19,4.544667969
3/19/2026 9:24,4.63046875
3/19/2026 9:29,4.501767578
3/19/2026 9:34,4.63046875
3/19/2026 9:39,4.759169922
3/19/2026 9:44,4.759169922
3/19/2026 9:49,4.887871094
3/19/2026 9:54,4.973671875
3/19/2026 9:59,5.016572266
3/19/2026 10:04,4.973671875
3/19/2026 10:09,5.102373047
3/19/2026 10:14,5.145273437
3/19/2026 10:19,5.273974609
3/19/2026 10:24,5.273974609
3/19/2026 10:29,5.359775391
3/19/2026 10:34,5.402675781
3/19/2026 10:39,5.445576172
3/19/2026 10:44,5.531376953
3/19/2026 10:49,5.617177734
3/19/2026 10:54,5.788779297
3/19/2026 10:59,5.874580078
3/19/2026 11:04,5.917480469
3/19/2026 11:09,6.089082031
3/19/2026 11:14,6.174882813
3/19/2026 11:19,6.303583984
3/19/2026 11:24,6.432285156
3/19/2026 11:29,6.518085937
3/19/2026 11:34,6.646787109
3/19/2026 11:39,6.775488281
3/19/2026 11:44,6.861289062
3/19/2026 11:49,6.947089844
3/19/2026 11:54,7.075791016
3/19/2026 11:59,7.204492188
3/19/2026 12:04,7.333193359
3/19/2026 12:09,7.547695312
3/19/2026 12:14,7.633496094
3/19/2026 12:19,7.847998047
3/19/2026 12:24,7.890898437
3/19/2026 12:29,7.847998047
3/19/2026 12:34,7.890898437
3/19/2026 12:39,7.976699219
3/19/2026 12:44,7.976699219
3/19/2026 12:49,8.0625
3/19/2026 12:54,8.191201172
3/19/2026 12:59,8.277001953
3/19/2026 13:04,8.491503906
3/19/2026 13:09,8.663105469
3/19/2026 13:14,8.706005859
3/19/2026 13:19,8.706005859
3/19/2026 13:24,8.791806641
3/19/2026 13:29,8.877607422
3/19/2026 13:34,8.963408203
3/19/2026 13:39,9.092109375
3/19/2026 13:44,9.135009766
3/19/2026 13:49,9.220810547
3/19/2026 13:54,9.263710938
3/19/2026 13:59,9.349511719
3/19/2026 14:04,9.392412109
3/19/2026 14:09,9.521113281
3/19/2026 14:14,9.521113281
3/19/2026 14:19,9.606914062
3/19/2026 14:24,9.692714844
3/19/2026 14:29,9.692714844
3/19/2026 14:34,9.821416016
3/19/2026 14:39,9.950117187
3/19/2026 14:44,9.993017578
3/19/2026 14:49,10.03591797
3/19/2026 14:54,10.07881836
3/19/2026 14:59,10.12171875
3/19/2026 15:04,10.16461914
3/19/2026 15:09,10.25041992
3/19/2026 15:14,10.16461914
3/19/2026 15:19,10.20751953
3/19/2026 15:24,10.20751953
3/19/2026 15:29,10.20751953
3/19/2026 15:34,10.37912109
3/19/2026 15:39,10.37912109
3/19/2026 15:44,10.50782227
3/19/2026 15:49,10.55072266
3/19/2026 15:54,10.46492188
3/19/2026 15:59,10.46492188
3/19/2026 16:04,10.46492188
3/19/2026 16:09,10.46492188
3/19/2026 16:14,10.55072266
3/19/2026 16:19,10.63652344
3/19/2026 16:24,10.55072266
3/19/2026 16:29,10.59362305
3/19/2026 16:34,10.50782227
3/19/2026 16:39,10.46492188
3/19/2026 16:44,10.46492188
3/19/2026 16:49,10.42202148
3/19/2026 16:54,10.50782227
3/19/2026 16:59,10.46492188
3/19/2026 17:04,10.42202148
3/19/2026 17:09,10.42202148
3/19/2026 17:14,10.3362207
3/19/2026 17:19,10.29332031
3/19/2026 17:24,10.29332031
3/19/2026 17:29,10.3362207
3/19/2026 17:34,10.3362207
3/19/2026 17:39,10.3362207
3/19/2026 17:44,10.29332031
3/19/2026 17:49,10.29332031
3/19/2026 17:54,10.25041992
3/19/2026 17:59,10.25041992
3/19/2026 18:04,10.20751953
3/19/2026 18:09,10.12171875
3/19/2026 18:14,10.03591797
3/19/2026 18:19,10.03591797
3/19/2026 18:24,9.950117187
3/19/2026 18:29,9.864316406
3/19/2026 18:34,9.864316406
3/19/2026 18:39,9.735615234
3/19/2026 18:44,9.649814453
3/19/2026 18:49,9.606914062
3/19/2026 18:54,9.521113281
3/19/2026 18:59,9.478212891
3/19/2026 19:04,9.349511719
3/19/2026 19:09,9.306611328
3/19/2026 19:14,9.220810547
3/19/2026 19:19,9.092109375
3/19/2026 19:24,9.006308594
3/19/2026 19:29,8.920507812
3/19/2026 19:34,8.877607422
3/19/2026 19:39,8.74890625
3/19/2026 19:44,8.577304687
3/19/2026 19:49,8.577304687
3/19/2026 19:54,8.405703125
3/19/2026 19:59,8.362802734
3/19/2026 20:04,8.319902344
3/19/2026 20:09,8.277001953
3/19/2026 20:14,8.105400391
3/19/2026 20:19,8.019599609
3/19/2026 20:24,7.933798828
3/19/2026 20:29,7.890898437
3/19/2026 20:34,7.847998047
3/19/2026 20:39,7.762197266
3/19/2026 20:44,7.633496094
3/19/2026 20:49,7.590595703
3/19/2026 20:54,7.547695312
3/19/2026 20:59,7.461894531
3/19/2026 21:04,7.37609375
3/19/2026 21:09,7.333193359
3/19/2026 21:14,7.247392578
3/19/2026 21:19,7.204492188
3/19/2026 21:24,7.118691406
3/19/2026 21:29,7.075791016
3/19/2026 21:34,7.075791016
3/19/2026 21:39,6.947089844
3/19/2026 21:44,6.989990234
3/19/2026 21:49,6.947089844
3/19/2026 21:54,6.904189453
3/19/2026 21:59,6.861289062
3/19/2026 22:04,6.861289062
3/19/2026 22:09,6.861289062
3/19/2026 22:14,6.818388672
3/19/2026 22:19,6.818388672
3/19/2026 22:24,6.775488281
3/19/2026 22:29,6.732587891
3/19/2026 22:34,6.6896875
3/19/2026 22:39,6.646787109
3/19/2026 22:44,6.603886719
3/19/2026 22:49,6.603886719
3/19/2026 22:54,6.603886719
3/19/2026 22:59,6.560986328
3/19/2026 23:04,6.560986328
3/19/2026 23:09,6.560986328
3/19/2026 23:14,6.518085937
3/19/2026 23:19,6.518085937
3/19/2026 23:24,6.475185547
3/19/2026 23:29,6.475185547
3/19/2026 23:34,6.518085937
3/19/2026 23:39,6.475185547
3/19/2026 23:44,6.518085937
3/19/2026 23:49,6.475185547
3/19/2026 23:54,6.475185547
3/19/2026 23:59,6.432285156
3/20/2026 0:04,6.432285156
3/20/2026 0:09,6.389384766
3/20/2026 0:14,6.346484375
3/20/2026 0:19,6.303583984
3/20/2026 0:24,6.346484375
3/20/2026 0:29,6.303583984
3/20/2026 0:34,6.260683594
3/20/2026 0:39,6.260683594
3/20/2026 0:44,6.217783203
3/20/2026 0:49,6.217783203
3/20/2026 0:54,6.174882813
3/20/2026 0:59,6.174882813
3/20/2026 1:04,6.131982422
3/20/2026 1:09,6.131982422
3/20/2026 1:14,6.131982422
3/20/2026 1:19,6.131982422
3/20/2026 1:24,6.089082031
3/20/2026 1:29,6.089082031
3/20/2026 1:34,6.089082031
3/20/2026 1:39,6.089082031
3/20/2026 1:44,6.046181641
3/20/2026 1:49,6.046181641
3/20/2026 1:54,6.046181641
3/20/2026 1:59,6.00328125
3/20/2026 2:04,6.046181641
3/20/2026 2:09,5.960380859
3/20/2026 2:14,5.960380859
3/20/2026 2:19,5.960380859
3/20/2026 2:24,5.960380859
3/20/2026 2:29,5.960380859
3/20/2026 2:34,5.917480469
3/20/2026 2:39,5.917480469
3/20/2026 2:44,5.874580078
3/20/2026 2:49,5.874580078
3/20/2026 2:54,5.831679688
3/20/2026 2:59,5.831679688
3/20/2026 3:04,5.874580078
3/20/2026 3:09,5.831679688
3/20/2026 3:14,5.874580078
3/20/2026 3:19,5.788779297
3/20/2026 3:24,5.831679688
3/20/2026 3:29,5.788779297
3/20/2026 3:34,5.831679688
3/20/2026 3:39,5.788779297
3/20/2026 3:44,5.702978516
3/20/2026 3:49,5.745878906
3/20/2026 3:54,5.745878906
3/20/2026 3:59,5.702978516
3/20/2026 4:04,5.702978516
3/20/2026 4:09,5.702978516
3/20/2026 4:14,5.660078125
3/20/2026 4:19,5.660078125
3/20/2026 4:24,5.660078125
3/20/2026 4:29,5.617177734
3/20/2026 4:34,5.574277344
3/20/2026 4:39,5.574277344
3/20/2026 4:44,5.574277344
3/20/2026 4:49,5.531376953
3/20/2026 4:54,5.488476562
3/20/2026 4:59,5.445576172
3/20/2026 5:04,5.488476562
3/20/2026 5:09,5.445576172
3/20/2026 5:14,5.402675781
3/20/2026 5:19,5.445576172
3/20/2026 5:24,5.402675781
3/20/2026 5:29,5.359775391
3/20/2026 5:34,5.359775391
3/20/2026 5:39,5.359775391
3/20/2026 5:44,5.316875
3/20/2026 5:49,5.316875
3/20/2026 5:54,5.316875
3/20/2026 5:59,5.316875
3/20/2026 6:04,5.273974609
3/20/2026 6:09,5.273974609
3/20/2026 6:14,5.231074219
3/20/2026 6:19,5.231074219
3/20/2026 6:24,5.231074219
3/20/2026 6:29,5.188173828
3/20/2026 6:34,5.231074219
3/20/2026 6:39,5.188173828
3/20/2026 6:44,5.188173828
3/20/2026 6:49,5.145273437
3/20/2026 6:54,5.145273437
3/20/2026 6:59,5.145273437
3/20/2026 7:04,5.145273437
3/20/2026 7:09,5.188173828
3/20/2026 7:14,5.102373047
3/20/2026 7:19,5.102373047
3/20/2026 7:24,5.102373047
3/20/2026 7:29,5.059472656
3/20/2026 7:34,5.059472656
3/20/2026 7:39,5.016572266
3/20/2026 7:44,5.016572266
3/20/2026 7:49,5.059472656
3/20/2026 7:54,5.016572266
3/20/2026 7:59,5.016572266
3/20/2026 8:04,5.059472656
3/20/2026 8:09,5.016572266
3/20/2026 8:14,4.973671875
3/20/2026 8:19,4.973671875
3/20/2026 8:24,5.059472656
3/20/2026 8:29,5.016572266
3/20/2026 8:34,5.016572266
3/20/2026 8:39,5.059472656
3/20/2026 8:44,5.059472656
3/20/2026 8:49,5.102373047
3/20/2026 8:54,5.102373047
3/20/2026 8:59,5.145273437
3/20/2026 9:04,5.273974609
3/20/2026 9:09,5.316875
3/20/2026 9:14,5.359775391
3/20/2026 9:19,5.359775391
3/20/2026 9:24,5.445576172
3/20/2026 9:29,5.488476562
3/20/2026 9:34,5.574277344
3/20/2026 9:39,5.617177734
3/20/2026 9:44,5.617177734
3/20/2026 9:49,5.745878906
3/20/2026 9:54,5.831679688
3/20/2026 9:59,5.874580078
3/20/2026 10:04,5.917480469
3/20/2026 10:09,6.046181641
3/20/2026 10:14,6.131982422
3/20/2026 10:19,6.174882813
3/20/2026 10:24,6.260683594
3/20/2026 10:29,6.260683594
3/20/2026 10:34,6.389384766
3/20/2026 10:39,6.475185547
3/20/2026 10:44,6.560986328
3/20/2026 10:49,6.646787109
3/20/2026 10:54,6.732587891
3/20/2026 10:59,6.818388672
3/20/2026 11:04,6.947089844
3/20/2026 11:09,6.989990234
3/20/2026 11:14,7.118691406
3/20/2026 11:19,7.247392578
3/20/2026 11:24,7.290292969
3/20/2026 11:29,7.418994141
3/20/2026 11:34,7.418994141
3/20/2026 11:39,7.633496094
3/20/2026 11:44,7.762197266
3/20/2026 11:49,7.762197266
3/20/2026 11:54,7.890898437
3/20/2026 11:59,7.976699219
3/20/2026 12:04,8.148300781
3/20/2026 12:09,8.234101563
3/20/2026 12:14,8.448603516
3/20/2026 12:19,8.491503906
3/20/2026 12:24,8.534404297
3/20/2026 12:29,8.534404297
3/20/2026 12:34,8.577304687
3/20/2026 12:39,8.620205078
3/20/2026 12:44,8.620205078
3/20/2026 12:49,8.791806641
3/20/2026 12:54,8.920507812
3/20/2026 12:59,8.920507812
3/20/2026 13:04,9.177910156
3/20/2026 13:09,9.392412109
3/20/2026 13:14,9.392412109
3/20/2026 13:19,9.4353125
3/20/2026 13:24,9.692714844
3/20/2026 13:29,9.778515625
3/20/2026 13:34,9.907216797
3/20/2026 13:39,9.993017578
3/20/2026 13:44,9.993017578
3/20/2026 13:49,10.03591797
3/20/2026 13:54,10.12171875
3/20/2026 13:59,10.20751953
3/20/2026 14:04,10.3362207
3/20/2026 14:09,10.46492188
3/20/2026 14:14,10.55072266
3/20/2026 14:19,10.67942383
3/20/2026 14:24,10.72232422
3/20/2026 14:29,10.85102539
3/20/2026 14:34,10.93682617
3/20/2026 14:39,11.02262695
3/20/2026 14:44,11.06552734
3/20/2026 14:49,11.06552734
3/20/2026 14:54,11.06552734
3/20/2026 14:59,11.10842773
3/20/2026 15:04,11.06552734
3/20/2026 15:09,11.02262695
3/20/2026 15:14,11.06552734
3/20/2026 15:19,11.10842773
3/20/2026 15:24,11.06552734
3/20/2026 15:29,11.06552734
3/20/2026 15:34,11.06552734
3/20/2026 15:39,11.06552734
3/20/2026 15:44,11.06552734
3/20/2026 15:49,11.06552734
3/20/2026 15:54,11.06552734
3/20/2026 15:59,10.97972656
3/20/2026 16:04,10.89392578
3/20/2026 16:09,10.89392578
3/20/2026 16:14,10.85102539
3/20/2026 16:19,10.808125
3/20/2026 16:24,10.76522461
3/20/2026 16:29,10.72232422
3/20/2026 16:34,10.67942383
3/20/2026 16:39,10.59362305
3/20/2026 16:44,10.55072266
3/20/2026 16:49,10.50782227
3/20/2026 16:54,10.37912109
3/20/2026 16:59,10.3362207
3/20/2026 17:04,10.3362207
3/20/2026 17:09,10.25041992
3/20/2026 17:14,10.16461914
3/20/2026 17:19,10.07881836
3/20/2026 17:24,9.950117187
3/20/2026 17:29,9.907216797
3/20/2026 17:34,9.821416016
3/20/2026 17:39,9.735615234
3/20/2026 17:44,9.692714844
3/20/2026 17:49,9.606914062
3/20/2026 17:54,9.521113281
3/20/2026 17:59,9.4353125
3/20/2026 18:04,9.349511719
3/20/2026 18:09,9.306611328
3/20/2026 18:14,9.177910156
3/20/2026 18:19,9.135009766
3/20/2026 18:24,9.049208984
3/20/2026 18:29,9.006308594
3/20/2026 18:34,8.920507812
3/20/2026 18:39,8.834707031
3/20/2026 18:44,8.834707031
3/20/2026 18:49,8.706005859
3/20/2026 18:54,8.620205078
3/20/2026 18:59,8.534404297
3/20/2026 19:04,8.491503906
3/20/2026 19:09,8.448603516
3/20/2026 19:14,8.362802734
3/20/2026 19:19,8.277001953
3/20/2026 19:24,8.234101563
3/20/2026 19:29,8.148300781
3/20/2026 19:34,8.105400391
3/20/2026 19:39,8.105400391
3/20/2026 19:44,8.0625
3/20/2026 19:49,7.933798828
3/20/2026 19:54,7.847998047
3/20/2026 19:59,7.805097656
3/20/2026 20:04,7.805097656
3/20/2026 20:09,7.719296875
3/20/2026 20:14,7.633496094
3/20/2026 20:19,7.590595703
3/20/2026 20:24,7.547695312
3/20/2026 20:29,7.504794922
3/20/2026 20:34,7.461894531
3/20/2026 20:39,7.37609375
3/20/2026 20:44,7.333193359
3/20/2026 20:49,7.247392578
3/20/2026 20:54,7.247392578
3/20/2026 20:59,7.161591797
3/20/2026 21:04,7.118691406
3/20/2026 21:09,7.032890625
3/20/2026 21:14,7.075791016
3/20/2026 21:19,6.989990234
3/20/2026 21:24,6.947089844
3/20/2026 21:29,6.861289062
3/20/2026 21:34,6.818388672
3/20/2026 21:39,6.818388672
3/20/2026 21:44,6.732587891
3/20/2026 21:49,6.732587891
3/20/2026 21:54,6.603886719
3/20/2026 21:59,6.560986328
3/20/2026 22:04,6.560986328
3/20/2026 22:09,6.518085937
3/20/2026 22:14,6.475185547
3/20/2026 22:19,6.432285156
3/20/2026 22:24,6.432285156
3/20/2026 22:29,6.346484375
3/20/2026 22:34,6.303583984
3/20/2026 22:39,6.303583984
3/20/2026 22:44,6.260683594
3/20/2026 22:49,6.260683594
3/20/2026 22:54,6.174882813
3/20/2026 22:59,6.217783203
3/20/2026 23:04,6.174882813
3/20/2026 23:09,6.131982422
3/20/2026 23:14,6.131982422
3/20/2026 23:19,6.131982422
3/20/2026 23:24,6.046181641
3/20/2026 23:29,6.089082031
3/20/2026 23:34,6.046181641
3/20/2026 23:39,6.00328125
3/20/2026 23:44,6.00328125
3/20/2026 23:49,5.960380859
3/20/2026 23:54,6.00328125
3/20/2026 23:59,5.960380859
3/21/2026 0:04,5.917480469
3/21/2026 0:09,5.960380859
3/21/2026 0:14,5.917480469
3/21/2026 0:19,5.917480469
3/21/2026 0:24,5.917480469
3/21/2026 0:29,5.874580078
3/21/2026 0:34,5.831679688
3/21/2026 0:39,5.831679688
3/21/2026 0:44,5.831679688
3/21/2026 0:49,5.788779297
3/21/2026 0:54,5.788779297
3/21/2026 0:59,5.788779297
3/21/2026 1:04,5.831679688
3/21/2026 1:09,5.745878906
3/21/2026 1:14,5.745878906
3/21/2026 1:19,5.745878906
3/21/2026 1:24,5.745878906
3/21/2026 1:29,5.660078125
3/21/2026 1:34,5.745878906
3/21/2026 1:39,5.660078125
3/21/2026 1:44,5.660078125
3/21/2026 1:49,5.660078125
3/21/2026 1:54,5.617177734
3/21/2026 1:59,5.574277344
3/21/2026 2:04,5.660078125
3/21/2026 2:09,5.617177734
3/21/2026 2:14,5.574277344
3/21/2026 2:19,5.617177734
3/21/2026 2:24,5.617177734
3/21/2026 2:29,5.617177734
3/21/2026 2:34,5.574277344
3/21/2026 2:39,5.574277344
3/21/2026 2:44,5.617177734
3/21/2026 2:49,5.574277344
3/21/2026 2:54,5.574277344
3/21/2026 2:59,5.617177734
3/21/2026 3:04,5.574277344
3/21/2026 3:09,5.574277344
3/21/2026 3:14,5.574277344
3/21/2026 3:19,5.488476562
3/21/2026 3:24,5.531376953
3/21/2026 3:29,5.531376953
3/21/2026 3:34,5.574277344
3/21/2026 3:39,5.488476562
3/21/2026 3:44,5.531376953
3/21/2026 3:49,5.531376953
3/21/2026 3:54,5.574277344
3/21/2026 3:59,5.574277344
3/21/2026 4:04,5.531376953
3/21/2026 4:09,5.488476562
3/21/2026 4:14,5.531376953
3/21/2026 4:19,5.574277344
3/21/2026 4:24,5.531376953
3/21/2026 4:29,5.488476562
3/21/2026 4:34,5.574277344
3/21/2026 4:39,5.531376953
3/21/2026 4:44,5.531376953
3/21/2026 4:49,5.531376953
3/21/2026 4:54,5.531376953
3/21/2026 4:59,5.531376953
3/21/2026 5:04,5.488476562
3/21/2026 5:09,5.488476562
3/21/2026 5:14,5.531376953
3/21/2026 5:19,5.531376953
3/21/2026 5:24,5.531376953
3/21/2026 5:29,5.574277344
3/21/2026 5:34,5.574277344
3/21/2026 5:39,5.574277344
3/21/2026 5:44,5.617177734
3/21/2026 5:49,5.574277344
3/21/2026 5:54,5.531376953
3/21/2026 5:59,5.574277344
3/21/2026 6:04,5.574277344
3/21/2026 6:09,5.617177734
3/21/2026 6:14,5.574277344
3/21/2026 6:19,5.488476562
3/21/2026 6:24,5.531376953
3/21/2026 6:29,5.531376953
3/21/2026 6:34,5.531376953
3/21/2026 6:39,5.488476562
3/21/2026 6:44,5.488476562
3/21/2026 6:49,5.488476562
3/21/2026 6:54,5.445576172
3/21/2026 6:59,5.445576172
3/21/2026 7:04,5.445576172
3/21/2026 7:09,5.445576172
3/21/2026 7:14,5.445576172
3/21/2026 7:19,5.445576172
3/21/2026 7:24,5.402675781
3/21/2026 7:29,5.445576172
3/21/2026 7:34,5.402675781
3/21/2026 7:39,5.445576172
3/21/2026 7:44,5.445576172
3/21/2026 7:49,5.445576172
3/21/2026 7:54,5.445576172
3/21/2026 7:59,5.488476562
3/21/2026 8:04,5.488476562
3/21/2026 8:09,5.488476562
3/21/2026 8:14,5.488476562
3/21/2026 8:19,5.531376953
3/21/2026 8:24,5.531376953
3/21/2026 8:29,5.531376953
3/21/2026 8:34,5.574277344
3/21/2026 8:39,5.617177734
3/21/2026 8:44,5.660078125
3/21/2026 8:49,5.660078125
3/21/2026 8:54,5.660078125
3/21/2026 8:59,5.788779297
3/21/2026 9:04,5.831679688
3/21/2026 9:09,5.874580078
3/21/2026 9:14,5.917480469
3/21/2026 9:19,5.960380859
3/21/2026 9:24,6.046181641
3/21/2026 9:29,6.089082031
3/21/2026 9:34,6.131982422
3/21/2026 9:39,6.174882813
3/21/2026 9:44,6.217783203
3/21/2026 9:49,6.303583984
3/21/2026 9:54,6.303583984
3/21/2026 9:59,6.389384766
3/21/2026 10:04,6.475185547
3/21/2026 10:09,6.560986328
3/21/2026 10:14,6.646787109
3/21/2026 10:19,6.6896875
3/21/2026 10:24,6.732587891
3/21/2026 10:29,6.904189453
3/21/2026 10:34,6.947089844
3/21/2026 10:39,7.075791016
3/21/2026 10:44,7.118691406
3/21/2026 10:49,7.247392578
3/21/2026 10:54,7.333193359
3/21/2026 10:59,7.37609375
3/21/2026 11:04,7.504794922
3/21/2026 11:09,7.633496094
3/21/2026 11:14,7.719296875
3/21/2026 11:19,7.805097656
3/21/2026 11:24,7.976699219
3/21/2026 11:29,7.976699219
3/21/2026 11:34,8.0625
3/21/2026 11:39,8.191201172
3/21/2026 11:44,8.277001953
3/21/2026 11:49,8.405703125
3/21/2026 11:54,8.491503906
3/21/2026 11:59,8.74890625
3/21/2026 12:04,8.834707031
3/21/2026 12:09,9.006308594
3/21/2026 12:14,9.049208984
3/21/2026 12:19,9.177910156
3/21/2026 12:24,9.177910156
3/21/2026 12:29,9.349511719
3/21/2026 12:34,9.349511719
3/21/2026 12:39,9.478212891
3/21/2026 12:44,9.564013672
3/21/2026 12:49,9.649814453
3/21/2026 12:54,9.735615234
3/21/2026 12:59,9.907216797
3/21/2026 13:04,10.03591797
3/21/2026 13:09,10.16461914
3/21/2026 13:14,10.25041992
3/21/2026 13:19,10.50782227
3/21/2026 13:24,10.50782227
3/21/2026 13:29,10.59362305
3/21/2026 13:34,10.76522461
3/21/2026 13:39,10.85102539
3/21/2026 13:44,11.06552734
3/21/2026 13:49,11.10842773
3/21/2026 13:54,11.2800293
3/21/2026 13:59,11.36583008
3/21/2026 14:04,11.45163086
3/21/2026 14:09,11.62323242
3/21/2026 14:14,11.83773437
3/21/2026 14:19,11.83773437
3/21/2026 14:24,11.88063477
3/21/2026 14:29,11.92353516
3/21/2026 14:34,12.09513672
3/21/2026 14:39,12.13803711
3/21/2026 14:44,12.13803711
3/21/2026 14:49,12.22383789
3/21/2026 14:54,12.22383789
3/21/2026 14:59,12.26673828
3/21/2026 15:04,12.35253906
3/21/2026 15:09,12.39543945
3/21/2026 15:14,12.43833984
3/21/2026 15:19,12.48124023
3/21/2026 15:24,12.48124023
3/21/2026 15:29,12.48124023
3/21/2026 15:34,12.48124023
3/21/2026 15:39,12.60994141
3/21/2026 15:44,12.56704102
3/21/2026 15:49,12.56704102
3/21/2026 15:54,12.60994141
3/21/2026 15:59,12.6528418
3/21/2026 16:04,12.73864258
3/21/2026 16:09,12.60994141
3/21/2026 16:14,12.6528418
3/21/2026 16:19,12.6528418
3/21/2026 16:24,12.69574219
3/21/2026 16:29,12.69574219
3/21/2026 16:34,12.69574219
3/21/2026 16:39,12.6528418
3/21/2026 16:44,12.6528418
3/21/2026 16:49,12.6528418
3/21/2026 16:54,12.73864258
3/21/2026 16:59,12.73864258
3/21/2026 17:04,12.60994141
3/21/2026 17:09,12.60994141
3/21/2026 17:14,12.60994141
3/21/2026 17:19,12.56704102
3/21/2026 17:24,12.52414063
3/21/2026 17:29,12.43833984
3/21/2026 17:34,12.48124023
3/21/2026 17:39,12.43833984
3/21/2026 17:44,12.35253906
3/21/2026 17:49,12.35253906
3/21/2026 17:54,12.30963867
3/21/2026 17:59,12.26673828
3/21/2026 18:04,12.1809375
3/21/2026 18:09,12.13803711
3/21/2026 18:14,12.00933594
3/21/2026 18:19,11.96643555
3/21/2026 18:24,11.92353516
3/21/2026 18:29,11.83773437
3/21/2026 18:34,11.79483398
3/21/2026 18:39,11.7090332
3/21/2026 18:44,11.7090332
3/21/2026 18:49,11.53743164
3/21/2026 18:54,11.53743164
3/21/2026 18:59,11.40873047
3/21/2026 19:04,11.36583008
3/21/2026 19:09,11.23712891
3/21/2026 19:14,11.15132813
3/21/2026 19:19,11.06552734
3/21/2026 19:24,11.06552734
3/21/2026 19:29,10.93682617
3/21/2026 19:34,10.85102539
3/21/2026 19:39,10.72232422
3/21/2026 19:44,10.67942383
3/21/2026 19:49,10.59362305
3/21/2026 19:54,10.50782227
3/21/2026 19:59,10.42202148
3/21/2026 20:04,10.3362207
3/21/2026 20:09,10.25041992
3/21/2026 20:14,10.20751953
3/21/2026 20:19,10.20751953
3/21/2026 20:24,10.07881836
3/21/2026 20:29,10.03591797
3/21/2026 20:34,9.950117187
3/21/2026 20:39,9.950117187
3/21/2026 20:44,9.821416016
3/21/2026 20:49,9.735615234
3/21/2026 20:54,9.692714844
3/21/2026 20:59,9.649814453
3/21/2026 21:04,9.521113281
3/21/2026 21:09,9.564013672
3/21/2026 21:14,9.478212891
3/21/2026 21:19,9.392412109
3/21/2026 21:24,9.349511719
3/21/2026 21:29,9.263710938
3/21/2026 21:34,9.306611328
3/21/2026 21:39,9.220810547
3/21/2026 21:44,9.177910156
3/21/2026 21:49,9.092109375
3/21/2026 21:54,9.049208984
3/21/2026 21:59,9.049208984
3/21/2026 22:04,9.006308594
3/21/2026 22:09,8.963408203
3/21/2026 22:14,8.877607422
3/21/2026 22:19,8.877607422
3/21/2026 22:24,8.791806641
3/21/2026 22:29,8.74890625
3/21/2026 22:34,8.74890625
3/21/2026 22:39,8.706005859
3/21/2026 22:44,8.706005859
3/21/2026 22:49,8.663105469
3/21/2026 22:54,8.577304687
3/21/2026 22:59,8.577304687
3/21/2026 23:04,8.534404297
3/21/2026 23:09,8.534404297
3/21/2026 23:14,8.534404297
3/21/2026 23:19,8.405703125
3/21/2026 23:24,8.448603516
3/21/2026 23:29,8.491503906
3/21/2026 23:34,8.448603516
3/21/2026 23:39,8.405703125
3/21/2026 23:44,8.405703125
3/21/2026 23:49,8.362802734
3/21/2026 23:54,8.319902344
3/21/2026 23:59,8.319902344
3/22/2026 0:04,8.191201172
3/22/2026 0:09,8.234101563
3/22/2026 0:14,8.191201172
3/22/2026 0:19,8.191201172
3/22/2026 0:24,8.148300781
3/22/2026 0:29,8.148300781
3/22/2026 0:34,8.0625
3/22/2026 0:39,8.0625
3/22/2026 0:44,8.0625
3/22/2026 0:49,8.019599609
3/22/2026 0:54,7.976699219
3/22/2026 0:59,8.019599609
3/22/2026 1:04,7.976699219
3/22/2026 1:09,7.890898437
3/22/2026 1:14,7.890898437
3/22/2026 1:19,7.847998047
3/22/2026 1:24,7.847998047
3/22/2026 1:29,7.847998047
3/22/2026 1:34,7.847998047
3/22/2026 1:39,7.762197266
3/22/2026 1:44,7.805097656
3/22/2026 1:49,7.762197266
3/22/2026 1:54,7.762197266
3/22/2026 1:59,7.762197266
3/22/2026 2:04,7.719296875
3/22/2026 2:09,7.676396484
3/22/2026 2:14,7.676396484
3/22/2026 2:19,7.633496094
3/22/2026 2:24,7.633496094
3/22/2026 2:29,7.633496094
3/22/2026 2:34,7.590595703
3/22/2026 2:39,7.590595703
3/22/2026 2:44,7.547695312
3/22/2026 2:49,7.590595703
3/22/2026 2:54,7.590595703
3/22/2026 2:59,7.590595703
3/22/2026 3:04,7.547695312
3/22/2026 3:09,7.547695312
3/22/2026 3:14,7.504794922
3/22/2026 3:19,7.504794922
3/22/2026 3:24,7.504794922
3/22/2026 3:29,7.461894531
3/22/2026 3:34,7.461894531
3/22/2026 3:39,7.418994141
3/22/2026 3:44,7.418994141
3/22/2026 3:49,7.37609375
3/22/2026 3:54,7.418994141
3/22/2026 3:59,7.418994141
3/22/2026 4:04,7.37609375
3/22/2026 4:09,7.333193359
3/22/2026 4:14,7.37609375
3/22/2026 4:19,7.37609375
3/22/2026 4:24,7.290292969
3/22/2026 4:29,7.204492188
3/22/2026 4:34,7.247392578
3/22/2026 4:39,7.290292969
3/22/2026 4:44,7.247392578
3/22/2026 4:49,7.204492188
3/22/2026 4:54,7.247392578
3/22/2026 4:59,7.204492188
3/22/2026 5:04,7.204492188
3/22/2026 5:09,7.161591797
3/22/2026 5:14,7.118691406
3/22/2026 5:19,7.118691406
3/22/2026 5:24,7.161591797
3/22/2026 5:29,7.118691406
3/22/2026 5:34,7.118691406
3/22/2026 5:39,7.075791016
3/22/2026 5:44,7.075791016
3/22/2026 5:49,7.075791016
3/22/2026 5:54,7.032890625
3/22/2026 5:59,6.989990234
3/22/2026 6:04,7.075791016
3/22/2026 6:09,7.032890625
3/22/2026 6:14,7.032890625
3/22/2026 6:19,7.032890625
3/22/2026 6:24,7.032890625
3/22/2026 6:29,6.989990234
3/22/2026 6:34,6.989990234
3/22/2026 6:39,6.989990234
3/22/2026 6:44,6.989990234
3/22/2026 6:49,6.947089844
3/22/2026 6:54,6.947089844
3/22/2026 6:59,6.904189453
3/22/2026 7:04,6.904189453
3/22/2026 7:09,6.947089844
3/22/2026 7:14,6.947089844
3/22/2026 7:19,6.904189453
3/22/2026 7:24,6.904189453
3/22/2026 7:29,6.861289062
3/22/2026 7:34,6.861289062
3/22/2026 7:39,6.861289062
3/22/2026 7:44,6.861289062
3/22/2026 7:49,6.818388672
3/22/2026 7:54,6.818388672
3/22/2026 7:59,6.818388672
3/22/2026 8:04,6.818388672
3/22/2026 8:09,6.775488281
3/22/2026 8:14,6.818388672
3/22/2026 8:19,6.732587891
3/22/2026 8:24,6.775488281
3/22/2026 8:29,6.775488281
3/22/2026 8:34,6.775488281
3/22/2026 8:39,6.818388672
3/22/2026 8:44,6.732587891
3/22/2026 8:49,6.775488281
3/22/2026 8:54,6.775488281
3/22/2026 8:59,6.775488281
3/22/2026 9:04,6.775488281
3/22/2026 9:09,6.775488281
3/22/2026 9:14,6.732587891
3/22/2026 9:19,6.732587891
3/22/2026 9:24,6.732587891
3/22/2026 9:29,6.775488281
3/22/2026 9:34,6.732587891
3/22/2026 9:39,6.775488281
3/22/2026 9:44,6.818388672
3/22/2026 9:49,6.818388672
3/22/2026 9:54,6.818388672
3/22/2026 9:59,6.818388672
3/22/2026 10:04,6.861289062
3/22/2026 10:09,6.861289062
3/22/2026 10:14,6.904189453
3/22/2026 10:19,6.947089844
3/22/2026 10:24,6.947089844
3/22/2026 10:29,6.947089844
3/22/2026 10:34,6.947089844
3/22/2026 10:39,6.904189453
3/22/2026 10:44,6.947089844
3/22/2026 10:49,6.947089844
3/22/2026 10:54,6.947089844
3/22/2026 10:59,6.904189453
3/22/2026 11:04,6.947089844
3/22/2026 11:09,6.947089844
3/22/2026 11:14,6.904189453
3/22/2026 11:19,6.904189453
3/22/2026 11:24,6.989990234
3/22/2026 11:29,6.947089844
3/22/2026 11:34,6.947089844
3/22/2026 11:39,6.947089844
3/22/2026 11:44,6.947089844
3/22/2026 11:49,6.947089844
3/22/2026 11:54,6.947089844
3/22/2026 11:59,6.947089844
3/22/2026 12:04,6.989990234
3/22/2026 12:09,6.947089844
3/22/2026 12:14,6.989990234
3/22/2026 12:19,6.947089844
3/22/2026 12:24,7.032890625
3/22/2026 12:29,7.032890625
3/22/2026 12:34,7.075791016
3/22/2026 12:39,7.118691406
3/22/2026 12:44,7.118691406
3/22/2026 12:49,7.161591797
3/22/2026 12:54,7.247392578
3/22/2026 12:59,7.290292969
3/22/2026 13:04,7.290292969
3/22/2026 13:09,7.290292969
3/22/2026 13:14,7.333193359
3/22/2026 13:19,7.333193359
3/22/2026 13:24,7.333193359
3/22/2026 13:29,7.418994141
3/22/2026 13:34,7.418994141
3/22/2026 13:39,7.461894531
3/22/2026 13:44,7.547695312
3/22/2026 13:49,7.547695312
3/22/2026 13:54,7.504794922
3/22/2026 13:59,7.547695312
3/22/2026 14:04,7.547695312
3/22/2026 14:09,7.547695312
3/22/2026 14:14,7.547695312
3/22/2026 14:19,7.590595703
3/22/2026 14:24,7.590595703
3/22/2026 14:29,7.590595703
3/22/2026 14:34,7.676396484
3/22/2026 14:39,7.676396484
3/22/2026 14:44,7.676396484
3/22/2026 14:49,7.719296875
3/22/2026 14:54,7.719296875
3/22/2026 14:59,7.676396484
3/22/2026 15:04,7.676396484
3/22/2026 15:09,7.719296875
3/22/2026 15:14,7.719296875
3/22/2026 15:19,7.719296875
3/22/2026 15:24,7.719296875
3/22/2026 15:29,7.676396484
3/22/2026 15:34,7.719296875
3/22/2026 15:39,7.719296875
3/22/2026 15:44,7.719296875
3/22/2026 15:49,7.676396484
3/22/2026 15:54,7.719296875
3/22/2026 15:59,7.633496094
3/22/2026 16:04,7.676396484
3/22/2026 16:09,7.676396484
3/22/2026 16:14,7.633496094
3/22/2026 16:19,7.676396484
3/22/2026 16:24,7.633496094
3/22/2026 16:29,7.633496094
3/22/2026 16:34,7.633496094
3/22/2026 16:39,7.633496094
3/22/2026 16:44,7.633496094
3/22/2026 16:49,7.633496094
3/22/2026 16:54,7.633496094
3/22/2026 16:59,7.547695312
3/22/2026 17:04,7.590595703
3/22/2026 17:09,7.590595703
3/22/2026 17:14,7.590595703
3/22/2026 17:19,7.504794922
3/22/2026 17:24,7.547695312
3/22/2026 17:29,7.461894531
3/22/2026 17:34,7.461894531
3/22/2026 17:39,7.504794922
3/22/2026 17:44,7.461894531
3/22/2026 17:49,7.418994141
3/22/2026 17:54,7.37609375
3/22/2026 17:59,7.418994141
3/22/2026 18:04,7.290292969
3/22/2026 18:09,7.247392578
3/22/2026 18:14,7.247392578
3/22/2026 18:19,7.247392578
3/22/2026 18:24,7.247392578
3/22/2026 18:29,7.204492188
3/22/2026 18:34,7.118691406
3/22/2026 18:39,7.161591797
3/22/2026 18:44,7.118691406
3/22/2026 18:49,7.118691406
3/22/2026 18:54,7.118691406
3/22/2026 18:59,7.032890625
3/22/2026 19:04,7.032890625
3/22/2026 19:09,7.032890625
3/22/2026 19:14,6.989990234
3/22/2026 19:19,6.989990234
3/22/2026 19:24,6.947089844
3/22/2026 19:29,6.947089844
3/22/2026 19:34,6.904189453
3/22/2026 19:39,6.861289062
3/22/2026 19:44,6.904189453
3/22/2026 19:49,6.861289062
3/22/2026 19:54,6.861289062
3/22/2026 19:59,6.861289062
3/22/2026 20:04,6.818388672
3/22/2026 20:09,6.775488281
3/22/2026 20:14,6.732587891
3/22/2026 20:19,6.775488281
3/22/2026 20:24,6.818388672
3/22/2026 20:29,6.6896875
3/22/2026 20:34,6.6896875
3/22/2026 20:39,6.603886719
3/22/2026 20:44,6.646787109
3/22/2026 20:49,6.603886719
3/22/2026 20:54,6.560986328
3/22/2026 20:59,6.603886719
3/22/2026 21:04,6.603886719
3/22/2026 21:09,6.560986328
3/22/2026 21:14,6.560986328
3/22/2026 21:19,6.603886719
3/22/2026 21:24,6.560986328
3/22/2026 21:29,6.518085937
3/22/2026 21:34,6.560986328
3/22/2026 21:39,6.518085937
3/22/2026 21:44,6.475185547
3/22/2026 21:49,6.432285156
3/22/2026 21:54,6.346484375
3/22/2026 21:59,6.389384766
3/22/2026 22:04,6.346484375
3/22/2026 22:09,6.346484375
3/22/2026 22:14,6.303583984
3/22/2026 22:19,6.346484375
3/22/2026 22:24,6.303583984
3/22/2026 22:29,6.217783203
3/22/2026 22:34,6.260683594
3/22/2026 22:39,6.174882813
3/22/2026 22:44,6.217783203
3/22/2026 22:49,6.174882813
3/22/2026 22:54,6.174882813
3/22/2026 22:59,6.174882813
3/22/2026 23:04,6.174882813
3/22/2026 23:09,6.131982422
3/22/2026 23:14,6.131982422
3/22/2026 23:19,6.089082031
3/22/2026 23:24,6.089082031
3/22/2026 23:29,6.046181641
3/22/2026 23:34,6.046181641
3/22/2026 23:39,6.089082031
3/22/2026 23:44,6.00328125
3/22/2026 23:49,6.046181641
3/22/2026 23:54,6.00328125
3/22/2026 23:59,6.00328125
3/23/2026 0:04,6.00328125
3/23/2026 0:09,5.960380859
3/23/2026 0:14,5.960380859
3/23/2026 0:19,5.917480469
3/23/2026 0:24,5.917480469
3/23/2026 0:29,5.917480469
3/23/2026 0:34,5.874580078
3/23/2026 0:39,5.874580078
3/23/2026 0:44,5.874580078
3/23/2026 0:49,5.874580078
3/23/2026 0:54,5.831679688
3/23/2026 0:59,5.745878906
3/23/2026 1:04,5.745878906
3/23/2026 1:09,5.745878906
3/23/2026 1:14,5.745878906
3/23/2026 1:19,5.702978516
3/23/2026 1:24,5.660078125
3/23/2026 1:29,5.574277344
3/23/2026 1:34,5.617177734
3/23/2026 1:39,5.574277344
3/23/2026 1:44,5.531376953
3/23/2026 1:49,5.488476562
3/23/2026 1:54,5.445576172
3/23/2026 1:59,5.445576172
3/23/2026 2:04,5.445576172
3/23/2026 2:09,5.402675781
3/23/2026 2:14,5.402675781
3/23/2026 2:19,5.402675781
3/23/2026 2:24,5.359775391
3/23/2026 2:29,5.316875
3/23/2026 2:34,5.359775391
3/23/2026 2:39,5.316875
3/23/2026 2:44,5.231074219
3/23/2026 2:49,5.273974609
3/23/2026 2:54,5.231074219
3/23/2026 2:59,5.273974609
3/23/2026 3:04,5.231074219
3/23/2026 3:09,5.188173828
3/23/2026 3:14,5.188173828
3/23/2026 3:19,5.188173828
3/23/2026 3:24,5.145273437
3/23/2026 3:29,5.102373047
3/23/2026 3:34,5.145273437
3/23/2026 3:39,5.059472656
3/23/2026 3:44,5.016572266
3/23/2026 3:49,5.016572266
3/23/2026 3:54,5.059472656
3/23/2026 3:59,5.016572266
3/23/2026 4:04,4.973671875
3/23/2026 4:09,4.930771484
3/23/2026 4:14,4.930771484
3/23/2026 4:19,4.930771484
3/23/2026 4:24,4.973671875
3/23/2026 4:29,4.887871094
3/23/2026 4:34,4.802070313
3/23/2026 4:39,4.844970703
3/23/2026 4:44,4.844970703
3/23/2026 4:49,4.759169922
3/23/2026 4:54,4.759169922
3/23/2026 4:59,4.759169922
3/23/2026 5:04,4.802070313
3/23/2026 5:09,4.759169922
3/23/2026 5:14,4.716269531
3/23/2026 5:19,4.759169922
3/23/2026 5:24,4.673369141
3/23/2026 5:29,4.673369141
3/23/2026 5:34,4.673369141
3/23/2026 5:39,4.63046875
3/23/2026 5:44,4.544667969
3/23/2026 5:49,4.544667969
3/23/2026 5:54,4.373066406
3/23/2026 5:59,4.458867187
3/23/2026 6:04,4.544667969
3/23/2026 6:09,4.544667969
3/23/2026 6:14,4.373066406
3/23/2026 6:19,4.501767578
3/23/2026 6:24,4.501767578
3/23/2026 6:29,4.415966797
3/23/2026 6:34,4.458867187
3/23/2026 6:39,4.458867187
3/23/2026 6:44,4.458867187
3/23/2026 6:49,4.373066406
3/23/2026 6:54,4.330166016
3/23/2026 6:59,4.201464844
3/23/2026 7:04,4.201464844
3/23/2026 7:09,4.287265625
3/23/2026 7:14,4.330166016
3/23/2026 7:19,4.287265625
3/23/2026 7:24,4.244365234
3/23/2026 7:29,4.244365234
3/23/2026 7:34,4.244365234
3/23/2026 7:39,4.244365234
3/23/2026 7:44,4.201464844
3/23/2026 7:49,4.201464844
3/23/2026 7:54,4.201464844
3/23/2026 7:59,4.158564453
3/23/2026 8:04,4.201464844
3/23/2026 8:09,4.201464844
3/23/2026 8:14,4.201464844
3/23/2026 8:19,4.201464844
3/23/2026 8:24,4.115664062
3/23/2026 8:29,4.158564453
3/23/2026 8:34,4.158564453
3/23/2026 8:39,4.158564453
3/23/2026 8:44,4.158564453
3/23/2026 8:49,4.330166016
3/23/2026 8:54,4.330166016
3/23/2026 8:59,4.330166016
3/23/2026 9:04,4.415966797
3/23/2026 9:09,4.415966797
3/23/2026 9:14,4.458867187
3/23/2026 9:19,4.587568359
3/23/2026 9:24,4.587568359
3/23/2026 9:29,4.673369141
3/23/2026 9:34,4.63046875
3/23/2026 9:39,4.673369141
3/23/2026 9:44,4.759169922
3/23/2026 9:49,4.844970703
3/23/2026 9:54,5.016572266
3/23/2026 9:59,5.059472656
3/23/2026 10:04,5.102373047
3/23/2026 10:09,5.188173828
3/23/2026 10:14,5.273974609
3/23/2026 10:19,5.316875
3/23/2026 10:24,5.359775391
3/23/2026 10:29,5.531376953
3/23/2026 10:34,5.574277344
3/23/2026 10:39,5.660078125
3/23/2026 10:44,5.660078125
3/23/2026 10:49,5.745878906
3/23/2026 10:54,5.917480469
3/23/2026 10:59,5.917480469
3/23/2026 11:04,6.089082031
3/23/2026 11:09,6.131982422
3/23/2026 11:14,6.260683594
3/23/2026 11:19,6.389384766
3/23/2026 11:24,6.475185547
3/23/2026 11:29,6.603886719
3/23/2026 11:34,6.6896875
3/23/2026 11:39,6.775488281
3/23/2026 11:44,6.904189453
3/23/2026 11:49,7.032890625
3/23/2026 11:54,7.204492188
3/23/2026 11:59,7.37609375
3/23/2026 12:04,7.547695312
3/23/2026 12:09,7.590595703
3/23/2026 12:14,7.676396484
3/23/2026 12:19,7.719296875
3/23/2026 12:24,7.805097656
3/23/2026 12:29,7.847998047
3/23/2026 12:34,7.976699219
3/23/2026 12:39,8.0625
3/23/2026 12:44,8.105400391
3/23/2026 12:49,8.148300781
3/23/2026 12:54,8.277001953
3/23/2026 12:59,8.448603516
3/23/2026 13:04,8.534404297
3/23/2026 13:09,8.706005859
3/23/2026 13:14,8.791806641
3/23/2026 13:19,8.920507812
3/23/2026 13:24,8.963408203
3/23/2026 13:29,9.092109375
3/23/2026 13:34,9.092109375
3/23/2026 13:39,9.220810547
3/23/2026 13:44,9.306611328
3/23/2026 13:49,9.306611328
3/23/2026 13:54,9.478212891
3/23/2026 13:59,9.564013672
3/23/2026 14:04,9.692714844
3/23/2026 14:09,9.821416016
3/23/2026 14:14,9.950117187
3/23/2026 14:19,9.950117187
3/23/2026 14:24,10.03591797
3/23/2026 14:29,10.16461914
3/23/2026 14:34,10.12171875
3/23/2026 14:39,10.20751953
3/23/2026 14:44,10.16461914
3/23/2026 14:49,10.16461914
3/23/2026 14:54,10.16461914
3/23/2026 14:59,10.20751953
3/23/2026 15:04,10.20751953
3/23/2026 15:09,10.16461914
3/23/2026 15:14,10.16461914
3/23/2026 15:19,10.20751953
3/23/2026 15:24,10.25041992
3/23/2026 15:29,10.20751953
3/23/2026 15:34,10.29332031
3/23/2026 15:39,10.29332031
3/23/2026 15:44,10.3362207
3/23/2026 15:49,10.3362207
3/23/2026 15:54,10.29332031
3/23/2026 15:59,10.25041992
3/23/2026 16:04,10.25041992
3/23/2026 16:09,10.3362207
3/23/2026 16:14,10.3362207
3/23/2026 16:19,10.37912109
3/23/2026 16:24,10.3362207
3/23/2026 16:29,10.3362207
3/23/2026 16:34,10.29332031
3/23/2026 16:39,10.3362207
3/23/2026 16:44,10.29332031
3/23/2026 16:49,10.3362207
3/23/2026 16:54,10.29332031
3/23/2026 16:59,10.25041992
3/23/2026 17:04,10.20751953
3/23/2026 17:09,10.16461914
3/23/2026 17:14,10.16461914
3/23/2026 17:19,10.12171875
3/23/2026 17:24,10.03591797
3/23/2026 17:29,10.07881836
3/23/2026 17:34,9.993017578
3/23/2026 17:39,9.907216797
3/23/2026 17:44,9.864316406
3/23/2026 17:49,9.778515625
3/23/2026 17:54,9.778515625
3/23/2026 17:59,9.735615234
3/23/2026 18:04,9.735615234
3/23/2026 18:09,9.692714844
3/23/2026 18:14,9.649814453
3/23/2026 18:19,9.478212891
3/23/2026 18:24,9.478212891
3/23/2026 18:29,9.4353125
3/23/2026 18:34,9.4353125
3/23/2026 18:39,9.349511719
3/23/2026 18:44,9.349511719
3/23/2026 18:49,9.349511719
3/23/2026 18:54,9.306611328
3/23/2026 18:59,9.263710938
3/23/2026 19:04,9.177910156
3/23/2026 19:09,9.135009766
3/23/2026 19:14,9.135009766
3/23/2026 19:19,9.135009766
3/23/2026 19:24,9.092109375
3/23/2026 19:29,9.006308594
3/23/2026 19:34,9.006308594
3/23/2026 19:39,9.006308594
3/23/2026 19:44,9.092109375
3/23/2026 19:49,8.963408203
3/23/2026 19:54,8.963408203
3/23/2026 19:59,8.963408203
3/23/2026 20:04,8.920507812
3/23/2026 20:09,8.963408203
3/23/2026 20:14,8.920507812
3/23/2026 20:19,8.834707031
3/23/2026 20:24,8.791806641
3/23/2026 20:29,8.74890625
3/23/2026 20:34,8.663105469
3/23/2026 20:39,8.74890625
3/23/2026 20:44,8.706005859
3/23/2026 20:49,8.620205078
3/23/2026 20:54,8.534404297
3/23/2026 20:59,8.534404297
3/23/2026 21:04,8.491503906
3/23/2026 21:09,8.491503906
3/23/2026 21:14,8.448603516
3/23/2026 21:19,8.362802734
3/23/2026 21:24,8.362802734
3/23/2026 21:29,8.319902344
3/23/2026 21:34,8.319902344
3/23/2026 21:39,8.277001953
3/23/2026 21:44,8.191201172
3/23/2026 21:49,8.191201172
3/23/2026 21:54,8.148300781
3/23/2026 21:59,8.0625
3/23/2026 22:04,8.019599609
3/23/2026 22:09,8.019599609
3/23/2026 22:14,8.019599609
3/23/2026 22:19,7.976699219
3/23/2026 22:24,7.976699219
3/23/2026 22:29,7.933798828
3/23/2026 22:34,7.933798828
3/23/2026 22:39,7.890898437
3/23/2026 22:44,7.805097656
3/23/2026 22:49,7.805097656
3/23/2026 22:54,7.805097656
3/23/2026 22:59,7.719296875
3/23/2026 23:04,7.719296875
3/23/2026 23:09,7.676396484
3/23/2026 23:14,7.633496094
3/23/2026 23:19,7.590595703
3/23/2026 23:24,7.547695312
3/23/2026 23:29,7.547695312
3/23/2026 23:34,7.547695312
3/23/2026 23:39,7.504794922
3/23/2026 23:44,7.547695312
3/23/2026 23:49,7.461894531
3/23/2026 23:54,7.418994141
3/23/2026 23:59,7.418994141
3/24/2026 0:04,7.37609375
3/24/2026 0:09,7.37609375
3/24/2026 0:14,7.333193359
3/24/2026 0:19,7.333193359
3/24/2026 0:24,7.290292969
3/24/2026 0:29,7.247392578
3/24/2026 0:34,7.290292969
3/24/2026 0:39,7.247392578
3/24/2026 0:44,7.204492188
3/24/2026 0:49,7.204492188
3/24/2026 0:54,7.118691406
3/24/2026 0:59,7.161591797
3/24/2026 1:04,7.161591797
3/24/2026 1:09,7.161591797
3/24/2026 1:14,7.118691406
3/24/2026 1:19,7.118691406
3/24/2026 1:24,7.075791016
3/24/2026 1:29,7.118691406
3/24/2026 1:34,7.075791016
3/24/2026 1:39,7.075791016
3/24/2026 1:44,7.032890625
3/24/2026 1:49,7.032890625
3/24/2026 1:54,7.032890625
3/24/2026 1:59,6.947089844
3/24/2026 2:04,6.989990234
3/24/2026 2:09,6.947089844
3/24/2026 2:14,6.947089844
3/24/2026 2:19,6.947089844
3/24/2026 2:24,6.904189453
3/24/2026 2:29,6.947089844
3/24/2026 2:34,6.904189453
3/24/2026 2:39,6.861289062
3/24/2026 2:44,6.818388672
3/24/2026 2:49,6.775488281
3/24/2026 2:54,6.775488281
3/24/2026 2:59,6.775488281
3/24/2026 3:04,6.732587891
3/24/2026 3:09,6.6896875
3/24/2026 3:14,6.646787109
3/24/2026 3:19,6.6896875
3/24/2026 3:24,6.732587891
3/24/2026 3:29,6.646787109
3/24/2026 3:34,6.6896875
3/24/2026 3:39,6.560986328
3/24/2026 3:44,6.603886719
3/24/2026 3:49,6.560986328
3/24/2026 3:54,6.560986328
3/24/2026 3:59,6.518085937
3/24/2026 4:04,6.603886719
3/24/2026 4:09,6.518085937
3/24/2026 4:14,6.518085937
3/24/2026 4:19,6.475185547
3/24/2026 4:24,6.475185547
3/24/2026 4:29,6.432285156
3/24/2026 4:34,6.432285156
3/24/2026 4:39,6.432285156
3/24/2026 4:44,6.389384766
3/24/2026 4:49,6.346484375
3/24/2026 4:54,6.346484375
3/24/2026 4:59,6.303583984
3/24/2026 5:04,6.260683594
3/24/2026 5:09,6.260683594
3/24/2026 5:14,6.174882813
3/24/2026 5:19,6.303583984
3/24/2026 5:24,6.260683594
3/24/2026 5:29,6.217783203
3/24/2026 5:34,6.174882813
3/24/2026 5:39,6.217783203
3/24/2026 5:44,6.217783203
3/24/2026 5:49,6.131982422
3/24/2026 5:54,6.131982422
3/24/2026 5:59,6.089082031
3/24/2026 6:04,6.174882813
3/24/2026 6:09,6.217783203
3/24/2026 6:14,6.174882813
3/24/2026 6:19,6.131982422
3/24/2026 6:24,6.131982422
3/24/2026 6:29,6.131982422
3/24/2026 6:34,6.089082031
3/24/2026 6:39,6.089082031
3/24/2026 6:44,6.131982422
3/24/2026 6:49,6.131982422
3/24/2026 6:54,6.089082031
3/24/2026 6:59,6.089082031
3/24/2026 7:04,6.046181641
3/24/2026 7:09,6.046181641
3/24/2026 7:14,6.089082031
3/24/2026 7:19,6.00328125
3/24/2026 7:24,6.089082031
3/24/2026 7:29,6.046181641
3/24/2026 7:34,6.046181641
3/24/2026 7:39,6.00328125
3/24/2026 7:44,6.00328125
3/24/2026 7:49,6.046181641
3/24/2026 7:54,6.089082031
3/24/2026 7:59,6.131982422
3/24/2026 8:04,6.089082031
3/24/2026 8:09,6.089082031
3/24/2026 8:14,6.089082031
3/24/2026 8:19,6.131982422
3/24/2026 8:24,6.131982422
3/24/2026 8:29,6.131982422
3/24/2026 8:34,6.131982422
3/24/2026 8:39,6.131982422
3/24/2026 8:44,6.217783203
3/24/2026 8:49,6.217783203
3/24/2026 8:54,6.217783203
3/24/2026 8:59,6.260683594
3/24/2026 9:04,6.303583984
3/24/2026 9:09,6.303583984
3/24/2026 9:14,6.260683594
3/24/2026 9:19,6.389384766
3/24/2026 9:24,6.475185547
3/24/2026 9:29,6.518085937
3/24/2026 9:34,6.518085937
3/24/2026 9:39,6.518085937
3/24/2026 9:44,6.560986328
3/24/2026 9:49,6.560986328
3/24/2026 9:54,6.603886719
3/24/2026 9:59,6.646787109
3/24/2026 10:04,6.6896875
3/24/2026 10:09,6.732587891
3/24/2026 10:14,6.818388672
3/24/2026 10:19,6.861289062
3/24/2026 10:24,6.861289062
3/24/2026 10:29,6.904189453
3/24/2026 10:34,6.947089844
3/24/2026 10:39,6.947089844
3/24/2026 10:44,6.947089844
3/24/2026 10:49,7.032890625
3/24/2026 10:54,7.075791016
3/24/2026 10:59,7.161591797
3/24/2026 11:04,7.161591797
3/24/2026 11:09,7.247392578
3/24/2026 11:14,7.247392578
3/24/2026 11:19,7.290292969
3/24/2026 11:24,7.418994141
3/24/2026 11:29,7.461894531
3/24/2026 11:34,7.590595703
3/24/2026 11:39,7.633496094
3/24/2026 11:44,7.676396484
3/24/2026 11:49,7.719296875
3/24/2026 11:54,7.762197266
3/24/2026 11:59,7.805097656
3/24/2026 12:04,7.847998047
3/24/2026 12:09,7.933798828
3/24/2026 12:14,7.976699219
3/24/2026 12:19,8.234101563
3/24/2026 12:24,8.362802734
3/24/2026 12:29,8.491503906
3/24/2026 12:34,8.491503906
3/24/2026 12:39,8.663105469
3/24/2026 12:44,8.834707031
3/24/2026 12:49,8.920507812
3/24/2026 12:54,9.006308594
3/24/2026 12:59,9.135009766
3/24/2026 13:04,9.349511719
3/24/2026 13:09,9.478212891
3/24/2026 13:14,9.564013672
3/24/2026 13:19,9.606914062
3/24/2026 13:24,9.649814453
3/24/2026 13:29,9.606914062
3/24/2026 13:34,9.606914062
3/24/2026 13:39,9.606914062
3/24/2026 13:44,9.606914062
3/24/2026 13:49,9.564013672
3/24/2026 13:54,9.564013672
3/24/2026 13:59,9.478212891
3/24/2026 14:04,9.478212891
3/24/2026 14:09,9.4353125
3/24/2026 14:14,9.478212891
3/24/2026 14:19,9.478212891
3/24/2026 14:24,9.4353125
3/24/2026 14:29,9.521113281
3/24/2026 14:34,9.564013672
3/24/2026 14:39,9.606914062
3/24/2026 14:44,9.606914062
3/24/2026 14:49,9.649814453
3/24/2026 14:54,9.606914062
3/24/2026 14:59,9.649814453
3/24/2026 15:04,9.692714844
3/24/2026 15:09,9.649814453
3/24/2026 15:14,9.692714844
3/24/2026 15:19,9.735615234
3/24/2026 15:24,9.692714844
3/24/2026 15:29,9.735615234
3/24/2026 15:34,9.735615234
3/24/2026 15:39,9.735615234
3/24/2026 15:44,9.821416016
3/24/2026 15:49,9.821416016
3/24/2026 15:54,9.864316406
3/24/2026 15:59,9.907216797
3/24/2026 16:04,9.950117187
3/24/2026 16:09,9.993017578
3/24/2026 16:14,9.907216797
3/24/2026 16:19,9.950117187
3/24/2026 16:24,9.993017578
3/24/2026 16:29,9.993017578
3/24/2026 16:34,9.950117187
3/24/2026 16:39,9.950117187
3/24/2026 16:44,10.03591797
3/24/2026 16:49,9.907216797
3/24/2026 16:54,9.993017578
3/24/2026 16:59,9.821416016
3/24/2026 17:04,9.821416016
3/24/2026 17:09,9.821416016
3/24/2026 17:14,9.778515625
3/24/2026 17:19,9.735615234
3/24/2026 17:24,9.735615234
3/24/2026 17:29,9.735615234
3/24/2026 17:34,9.606914062
3/24/2026 17:39,9.649814453
3/24/2026 17:44,9.649814453
3/24/2026 17:49,9.649814453
3/24/2026 17:54,9.692714844
3/24/2026 17:59,9.649814453
3/24/2026 18:04,9.692714844
3/24/2026 18:09,9.649814453
3/24/2026 18:14,9.606914062
3/24/2026 18:19,9.564013672
3/24/2026 18:24,9.564013672
3/24/2026 18:29,9.521113281
3/24/2026 18:34,9.478212891
3/24/2026 18:39,9.4353125
3/24/2026 18:44,9.392412109
3/24/2026 18:49,9.349511719
3/24/2026 18:54,9.349511719
3/24/2026 18:59,9.306611328
3/24/2026 19:04,9.263710938
3/24/2026 19:09,9.306611328
3/24/2026 19:14,9.220810547
3/24/2026 19:19,9.177910156
3/24/2026 19:24,9.177910156
3/24/2026 19:29,9.177910156
3/24/2026 19:34,9.177910156
3/24/2026 19:39,9.135009766
3/24/2026 19:44,9.092109375
3/24/2026 19:49,9.092109375
3/24/2026 19:54,9.092109375
3/24/2026 19:59,9.092109375
3/24/2026 20:04,9.092109375
3/24/2026 20:09,9.006308594
3/24/2026 20:14,9.006308594
3/24/2026 20:19,9.006308594
3/24/2026 20:24,8.963408203
3/24/2026 20:29,8.963408203
3/24/2026 20:34,8.920507812
3/24/2026 20:39,8.877607422
3/24/2026 20:44,8.834707031
3/24/2026 20:49,8.834707031
3/24/2026 20:54,8.74890625
3/24/2026 20:59,8.834707031
3/24/2026 21:04,8.791806641
3/24/2026 21:09,8.74890625
3/24/2026 21:14,8.74890625
3/24/2026 21:19,8.74890625
3/24/2026 21:24,8.663105469
3/24/2026 21:29,8.663105469
3/24/2026 21:34,8.620205078
3/24/2026 21:39,8.577304687
3/24/2026 21:44,8.491503906
3/24/2026 21:49,8.534404297
3/24/2026 21:54,8.491503906
3/24/2026 21:59,8.491503906
3/24/2026 22:04,8.491503906
3/24/2026 22:09,8.448603516
3/24/2026 22:14,8.448603516
3/24/2026 22:19,8.362802734
3/24/2026 22:24,8.405703125
3/24/2026 22:29,8.362802734
3/24/2026 22:34,8.362802734
3/24/2026 22:39,8.319902344
3/24/2026 22:44,8.277001953
3/24/2026 22:49,8.319902344
3/24/2026 22:54,8.319902344
3/24/2026 22:59,8.234101563
3/24/2026 23:04,8.191201172
3/24/2026 23:09,8.234101563
3/24/2026 23:14,8.191201172
3/24/2026 23:19,8.148300781
3/24/2026 23:24,8.105400391
3/24/2026 23:29,8.105400391
3/24/2026 23:34,8.105400391
3/24/2026 23:39,8.105400391
3/24/2026 23:44,8.0625
3/24/2026 23:49,8.019599609
3/24/2026 23:54,8.019599609
3/24/2026 23:59,8.019599609
3/25/2026 0:04,7.933798828
3/25/2026 0:09,7.933798828
3/25/2026 0:14,7.890898437
3/25/2026 0:19,7.890898437
3/25/2026 0:24,7.805097656
3/25/2026 0:29,7.805097656
3/25/2026 0:34,7.805097656
3/25/2026 0:39,7.762197266
3/25/2026 0:44,7.762197266
3/25/2026 0:49,7.762197266
3/25/2026 0:54,7.847998047
3/25/2026 0:59,7.719296875
3/25/2026 1:04,7.719296875
3/25/2026 1:09,7.719296875
3/25/2026 1:14,7.719296875
3/25/2026 1:19,7.762197266
3/25/2026 1:24,7.676396484
3/25/2026 1:29,7.676396484
3/25/2026 1:34,7.719296875
3/25/2026 1:39,7.676396484
3/25/2026 1:44,7.547695312
3/25/2026 1:49,7.633496094
3/25/2026 1:54,7.547695312
3/25/2026 1:59,7.547695312
3/25/2026 2:04,7.504794922
3/25/2026 2:09,7.461894531
3/25/2026 2:14,7.504794922
3/25/2026 2:19,7.461894531
3/25/2026 2:24,7.461894531
3/25/2026 2:29,7.37609375
3/25/2026 2:34,7.290292969
3/25/2026 2:39,7.333193359
3/25/2026 2:44,7.247392578
3/25/2026 2:49,7.247392578
3/25/2026 2:54,7.290292969
3/25/2026 2:59,7.290292969
3/25/2026 3:04,7.290292969
3/25/2026 3:09,7.204492188
3/25/2026 3:14,7.161591797
3/25/2026 3:19,7.075791016
3/25/2026 3:24,7.075791016
3/25/2026 3:29,7.075791016
3/25/2026 3:34,7.075791016
3/25/2026 3:39,7.032890625
3/25/2026 3:44,7.032890625
3/25/2026 3:49,7.032890625
3/25/2026 3:54,7.032890625
3/25/2026 3:59,6.989990234
3/25/2026 4:04,7.075791016
3/25/2026 4:09,7.032890625
3/25/2026 4:14,6.989990234
3/25/2026 4:19,7.032890625
3/25/2026 4:24,7.032890625
3/25/2026 4:29,6.989990234
3/25/2026 4:34,7.032890625
3/25/2026 4:39,7.032890625
3/25/2026 4:44,7.032890625
3/25/2026 4:49,7.032890625
3/25/2026 4:54,6.947089844
3/25/2026 4:59,6.947089844
3/25/2026 5:04,6.947089844
3/25/2026 5:09,6.989990234
3/25/2026 5:14,6.947089844
3/25/2026 5:19,6.989990234
3/25/2026 5:24,6.904189453
3/25/2026 5:29,6.861289062
3/25/2026 5:34,6.904189453
3/25/2026 5:39,6.904189453
3/25/2026 5:44,6.904189453
3/25/2026 5:49,6.904189453
3/25/2026 5:54,6.861289062
3/25/2026 5:59,6.904189453
3/25/2026 6:04,6.904189453
3/25/2026 6:09,6.947089844
3/25/2026 6:14,6.947089844
3/25/2026 6:19,6.861289062
3/25/2026 6:24,6.861289062
3/25/2026 6:29,6.861289062
3/25/2026 6:34,6.904189453
3/25/2026 6:39,6.904189453
3/25/2026 6:44,6.818388672
3/25/2026 6:49,6.818388672
3/25/2026 6:54,6.818388672
3/25/2026 6:59,6.775488281
3/25/2026 7:04,6.775488281
3/25/2026 7:09,6.775488281
3/25/2026 7:14,6.732587891
3/25/2026 7:19,6.732587891
3/25/2026 7:24,6.775488281
3/25/2026 7:29,6.775488281
3/25/2026 7:34,6.775488281
3/25/2026 7:39,6.775488281
3/25/2026 7:44,6.818388672
3/25/2026 7:49,6.861289062
3/25/2026 7:54,6.861289062
3/25/2026 7:59,6.861289062
3/25/2026 8:04,6.818388672
3/25/2026 8:09,6.818388672
3/25/2026 8:14,6.775488281
3/25/2026 8:19,6.818388672
3/25/2026 8:24,6.818388672
3/25/2026 8:29,6.861289062
3/25/2026 8:34,6.904189453
3/25/2026 8:39,6.861289062
3/25/2026 8:44,6.904189453
3/25/2026 8:49,6.904189453
3/25/2026 8:54,6.947089844
3/25/2026 8:59,6.947089844
3/25/2026 9:04,6.989990234
3/25/2026 9:09,6.989990234
3/25/2026 9:14,7.075791016
3/25/2026 9:19,7.118691406
3/25/2026 9:24,7.161591797
3/25/2026 9:29,7.247392578
3/25/2026 9:34,7.333193359
3/25/2026 9:39,7.333193359
3/25/2026 9:44,7.418994141
3/25/2026 9:49,7.504794922
3/25/2026 9:54,7.633496094
3/25/2026 9:59,7.633496094
3/25/2026 10:04,7.762197266
3/25/2026 10:09,7.805097656
3/25/2026 10:14,7.890898437
3/25/2026 10:19,7.933798828
3/25/2026 10:24,8.019599609
3/25/2026 10:29,8.148300781
3/25/2026 10:34,8.234101563
3/25/2026 10:39,8.362802734
3/25/2026 10:44,8.362802734
3/25/2026 10:49,8.448603516
3/25/2026 10:54,8.577304687
3/25/2026 10:59,8.663105469
3/25/2026 11:04,8.74890625
3/25/2026 11:09,8.877607422
3/25/2026 11:14,9.006308594
3/25/2026 11:19,9.092109375
3/25/2026 11:24,9.177910156
3/25/2026 11:29,9.349511719
3/25/2026 11:34,9.392412109
3/25/2026 11:39,9.478212891
3/25/2026 11:44,9.606914062
3/25/2026 11:49,9.649814453
3/25/2026 11:54,9.821416016
3/25/2026 11:59,9.950117187
3/25/2026 12:04,10.03591797
3/25/2026 12:09,10.25041992
3/25/2026 12:14,10.29332031
3/25/2026 12:19,10.37912109
3/25/2026 12:24,10.50782227
3/25/2026 12:29,10.50782227
3/25/2026 12:34,10.59362305
3/25/2026 12:39,10.63652344
3/25/2026 12:44,10.76522461
3/25/2026 12:49,10.89392578
3/25/2026 12:54,11.02262695
3/25/2026 12:59,11.32292969
3/25/2026 13:04,11.40873047
3/25/2026 13:09,11.49453125
3/25/2026 13:14,11.58033203
3/25/2026 13:19,11.62323242
3/25/2026 13:24,11.62323242
3/25/2026 13:29,11.66613281
3/25/2026 13:34,11.79483398
3/25/2026 13:39,12.13803711
3/25/2026 13:44,12.13803711
3/25/2026 13:49,12.09513672
3/25/2026 13:54,12.22383789
3/25/2026 13:59,12.1809375
3/25/2026 14:04,12.22383789
3/25/2026 14:09,12.26673828
3/25/2026 14:14,12.48124023
3/25/2026 14:19,12.60994141
3/25/2026 14:24,12.43833984
3/25/2026 14:29,12.6528418
3/25/2026 14:34,12.78154297
3/25/2026 14:39,12.86734375
3/25/2026 14:44,12.86734375
3/25/2026 14:49,12.91024414
3/25/2026 14:54,12.86734375
3/25/2026 14:59,12.86734375
3/25/2026 15:04,12.95314453
3/25/2026 15:09,12.99604492
3/25/2026 15:14,12.99604492
3/25/2026 15:19,13.03894531
3/25/2026 15:24,13.03894531
3/25/2026 15:29,13.21054687
3/25/2026 15:34,13.21054687
3/25/2026 15:39,13.25344727
3/25/2026 15:44,13.25344727
3/25/2026 15:49,13.38214844
3/25/2026 15:54,13.29634766
3/25/2026 15:59,13.33924805
3/25/2026 16:04,13.33924805
3/25/2026 16:09,13.42504883
3/25/2026 16:14,13.42504883
3/25/2026 16:19,13.51084961
3/25/2026 16:24,13.55375
3/25/2026 16:29,13.51084961
3/25/2026 16:34,13.46794922
3/25/2026 16:39,13.46794922
3/25/2026 16:44,13.42504883
3/25/2026 16:49,13.46794922
3/25/2026 16:54,13.46794922
3/25/2026 16:59,13.46794922
3/25/2026 17:04,13.42504883
3/25/2026 17:09,13.42504883
3/25/2026 17:14,13.46794922
3/25/2026 17:19,13.46794922
3/25/2026 17:24,13.42504883
3/25/2026 17:29,13.42504883
3/25/2026 17:34,13.42504883
3/25/2026 17:39,13.42504883
3/25/2026 17:44,13.38214844
3/25/2026 17:49,13.38214844
3/25/2026 17:54,13.38214844
3/25/2026 17:59,13.33924805
3/25/2026 18:04,13.33924805
3/25/2026 18:09,13.29634766
3/25/2026 18:14,13.25344727
3/25/2026 18:19,13.21054687
3/25/2026 18:24,13.21054687
3/25/2026 18:29,13.16764648
3/25/2026 18:34,13.0818457
3/25/2026 18:39,13.03894531
3/25/2026 18:44,13.03894531
3/25/2026 18:49,12.99604492
3/25/2026 18:54,12.91024414
3/25/2026 18:59,12.91024414
3/25/2026 19:04,12.82444336
3/25/2026 19:09,12.82444336
3/25/2026 19:14,12.73864258
3/25/2026 19:19,12.69574219
3/25/2026 19:24,12.6528418
3/25/2026 19:29,12.60994141
3/25/2026 19:34,12.56704102
3/25/2026 19:39,12.52414063
3/25/2026 19:44,12.48124023
3/25/2026 19:49,12.39543945
3/25/2026 19:54,12.35253906
3/25/2026 19:59,12.30963867
3/25/2026 20:04,12.30963867
3/25/2026 20:09,12.1809375
3/25/2026 20:14,12.22383789
3/25/2026 20:19,12.13803711
3/25/2026 20:24,12.13803711
3/25/2026 20:29,12.05223633
3/25/2026 20:34,11.92353516
3/25/2026 20:39,11.92353516
3/25/2026 20:44,11.83773437
3/25/2026 20:49,11.75193359
3/25/2026 20:54,11.7090332
3/25/2026 20:59,11.58033203
3/25/2026 21:04,11.58033203
3/25/2026 21:09,11.45163086
3/25/2026 21:14,11.45163086
3/25/2026 21:19,11.36583008
3/25/2026 21:24,11.2800293
3/25/2026 21:29,11.23712891
3/25/2026 21:34,11.19422852
3/25/2026 21:39,11.10842773
3/25/2026 21:44,11.10842773
3/25/2026 21:49,11.02262695
3/25/2026 21:54,10.97972656
3/25/2026 21:59,10.93682617
3/25/2026 22:04,10.85102539
3/25/2026 22:09,10.808125
3/25/2026 22:14,10.76522461
3/25/2026 22:19,10.72232422
3/25/2026 22:24,10.72232422
3/25/2026 22:29,10.63652344
3/25/2026 22:34,10.63652344
3/25/2026 22:39,10.55072266
3/25/2026 22:44,10.50782227
3/25/2026 22:49,10.50782227
3/25/2026 22:54,10.46492188
3/25/2026 22:59,10.46492188
3/25/2026 23:04,10.42202148
3/25/2026 23:09,10.3362207
3/25/2026 23:14,10.3362207
3/25/2026 23:19,10.25041992
3/25/2026 23:24,10.25041992
3/25/2026 23:29,10.20751953
3/25/2026 23:34,10.20751953
3/25/2026 23:39,10.12171875
3/25/2026 23:44,10.03591797
3/25/2026 23:49,9.993017578
3/25/2026 23:54,9.993017578
3/25/2026 23:59,9.950117187
3/26/2026 0:04,9.993017578
3/26/2026 0:09,9.950117187
3/26/2026 0:14,9.821416016
3/26/2026 0:19,9.735615234
3/26/2026 0:24,9.735615234
3/26/2026 0:29,9.778515625
3/26/2026 0:34,9.649814453
3/26/2026 0:39,9.692714844
3/26/2026 0:44,9.692714844
3/26/2026 0:49,9.606914062
3/26/2026 0:54,9.606914062
3/26/2026 0:59,9.521113281
3/26/2026 1:04,9.521113281
3/26/2026 1:09,9.478212891
3/26/2026 1:14,9.478212891
3/26/2026 1:19,9.392412109
3/26/2026 1:24,9.349511719
3/26/2026 1:29,9.349511719
3/26/2026 1:34,9.306611328
3/26/2026 1:39,9.263710938
3/26/2026 1:44,9.220810547
3/26/2026 1:49,9.220810547
3/26/2026 1:54,9.135009766
3/26/2026 1:59,9.177910156
3/26/2026 2:04,9.135009766
3/26/2026 2:09,9.092109375
3/26/2026 2:14,9.135009766
3/26/2026 2:19,9.177910156
3/26/2026 2:24,9.092109375
3/26/2026 2:29,9.049208984
3/26/2026 2:34,9.049208984
3/26/2026 2:39,9.092109375
3/26/2026 2:44,9.092109375
3/26/2026 2:49,9.177910156
3/26/2026 2:54,9.135009766
3/26/2026 2:59,9.135009766
3/26/2026 3:04,9.135009766
3/26/2026 3:09,9.092109375
3/26/2026 3:14,9.092109375
3/26/2026 3:19,9.049208984
3/26/2026 3:24,9.135009766
3/26/2026 3:29,9.049208984
3/26/2026 3:34,9.049208984
3/26/2026 3:39,9.049208984
3/26/2026 3:44,9.049208984
3/26/2026 3:49,9.092109375
3/26/2026 3:54,9.049208984
3/26/2026 3:59,9.006308594
3/26/2026 4:04,9.006308594
3/26/2026 4:09,9.049208984
3/26/2026 4:14,9.006308594
3/26/2026 4:19,9.006308594
3/26/2026 4:24,9.049208984
3/26/2026 4:29,9.006308594
3/26/2026 4:34,9.006308594
3/26/2026 4:39,9.006308594
3/26/2026 4:44,8.963408203
3/26/2026 4:49,8.920507812
3/26/2026 4:54,8.963408203
3/26/2026 4:59,9.006308594
3/26/2026 5:04,8.920507812
3/26/2026 5:09,8.920507812
3/26/2026 5:14,8.920507812
3/26/2026 5:19,8.920507812
3/26/2026 5:24,8.920507812
3/26/2026 5:29,8.920507812
3/26/2026 5:34,8.877607422
3/26/2026 5:39,8.920507812
3/26/2026 5:44,8.920507812
3/26/2026 5:49,8.920507812
3/26/2026 5:54,8.877607422
3/26/2026 5:59,8.920507812
3/26/2026 6:04,8.877607422
3/26/2026 6:09,8.877607422
3/26/2026 6:14,8.877607422
3/26/2026 6:19,8.877607422
3/26/2026 6:24,8.791806641
3/26/2026 6:29,8.791806641
3/26/2026 6:34,8.74890625
3/26/2026 6:39,8.74890625
3/26/2026 6:44,8.706005859
3/26/2026 6:49,8.74890625
3/26/2026 6:54,8.663105469
3/26/2026 6:59,8.663105469
3/26/2026 7:04,8.663105469
3/26/2026 7:09,8.663105469
3/26/2026 7:14,8.577304687
3/26/2026 7:19,8.534404297
3/26/2026 7:24,8.534404297
3/26/2026 7:29,8.577304687
3/26/2026 7:34,8.534404297
3/26/2026 7:39,8.534404297
3/26/2026 7:44,8.577304687
3/26/2026 7:49,8.577304687
3/26/2026 7:54,8.534404297
3/26/2026 7:59,8.534404297
3/26/2026 8:04,8.620205078
3/26/2026 8:09,8.620205078
3/26/2026 8:14,8.620205078
3/26/2026 8:19,8.620205078
3/26/2026 8:24,8.620205078
3/26/2026 8:29,8.620205078
3/26/2026 8:34,8.663105469
3/26/2026 8:39,8.620205078
3/26/2026 8:44,8.663105469
3/26/2026 8:49,8.706005859
3/26/2026 8:54,8.74890625
3/26/2026 8:59,8.74890625
3/26/2026 9:04,8.791806641
3/26/2026 9:09,8.834707031
3/26/2026 9:14,8.920507812
3/26/2026 9:19,8.963408203
3/26/2026 9:24,9.049208984
3/26/2026 9:29,9.006308594
3/26/2026 9:34,9.135009766
3/26/2026 9:39,9.135009766
3/26/2026 9:44,9.263710938
3/26/2026 9:49,9.349511719
3/26/2026 9:54,9.349511719
3/26/2026 9:59,9.349511719
3/26/2026 10:04,9.349511719
3/26/2026 10:09,9.392412109
3/26/2026 10:14,9.4353125
3/26/2026 10:19,9.4353125
3/26/2026 10:24,9.478212891
3/26/2026 10:29,9.521113281
3/26/2026 10:34,9.521113281
3/26/2026 10:39,9.521113281
3/26/2026 10:44,9.478212891
3/26/2026 10:49,9.606914062
3/26/2026 10:54,9.606914062
3/26/2026 10:59,9.649814453
3/26/2026 11:04,9.649814453
3/26/2026 11:09,9.692714844
3/26/2026 11:14,9.692714844
3/26/2026 11:19,9.692714844
3/26/2026 11:24,9.735615234
3/26/2026 11:29,9.778515625
3/26/2026 11:34,9.821416016
3/26/2026 11:39,9.864316406
3/26/2026 11:44,9.864316406
3/26/2026 11:49,9.864316406
3/26/2026 11:54,9.993017578
3/26/2026 11:59,9.950117187
3/26/2026 12:04,9.993017578
3/26/2026 12:09,9.950117187
3/26/2026 12:14,9.993017578
3/26/2026 12:19,9.993017578
3/26/2026 12:24,9.993017578
3/26/2026 12:29,9.950117187
3/26/2026 12:34,9.950117187
3/26/2026 12:39,9.950117187
3/26/2026 12:44,9.993017578
3/26/2026 12:49,9.993017578
3/26/2026 12:54,9.950117187
3/26/2026 12:59,10.03591797
3/26/2026 13:04,10.12171875
3/26/2026 13:09,10.03591797
3/26/2026 13:14,10.16461914
3/26/2026 13:19,10.20751953
3/26/2026 13:24,10.16461914
3/26/2026 13:29,10.20751953
3/26/2026 13:34,10.29332031
3/26/2026 13:39,10.29332031
3/26/2026 13:44,10.29332031
3/26/2026 13:49,10.3362207
3/26/2026 13:54,10.25041992
3/26/2026 13:59,10.29332031
3/26/2026 14:04,10.20751953
3/26/2026 14:09,10.20751953
3/26/2026 14:14,10.20751953
3/26/2026 14:19,10.16461914
3/26/2026 14:24,10.12171875
3/26/2026 14:29,10.16461914
3/26/2026 14:34,10.16461914
3/26/2026 14:39,10.12171875
3/26/2026 14:44,10.12171875
3/26/2026 14:49,10.12171875
3/26/2026 14:54,10.20751953
3/26/2026 14:59,10.12171875
3/26/2026 15:04,10.07881836
3/26/2026 15:09,10.03591797
3/26/2026 15:14,10.03591797
3/26/2026 15:19,10.03591797
3/26/2026 15:24,9.993017578
3/26/2026 15:29,9.993017578
3/26/2026 15:34,9.907216797
3/26/2026 15:39,9.907216797
3/26/2026 15:44,9.864316406
3/26/2026 15:49,9.821416016
3/26/2026 15:54,9.821416016
3/26/2026 15:59,9.778515625
3/26/2026 16:04,9.778515625
3/26/2026 16:09,9.778515625
3/26/2026 16:14,9.821416016
3/26/2026 16:19,9.735615234
3/26/2026 16:24,9.735615234
3/26/2026 16:29,9.778515625
3/26/2026 16:34,9.735615234
3/26/2026 16:39,9.692714844
3/26/2026 16:44,9.649814453
3/26/2026 16:49,9.692714844
3/26/2026 16:54,9.649814453
3/26/2026 16:59,9.649814453
3/26/2026 17:04,9.606914062
3/26/2026 17:09,9.564013672
3/26/2026 17:14,9.606914062
3/26/2026 17:19,9.564013672
3/26/2026 17:24,9.521113281
3/26/2026 17:29,9.564013672
3/26/2026 17:34,9.564013672
3/26/2026 17:39,9.478212891
3/26/2026 17:44,9.478212891
3/26/2026 17:49,9.4353125
3/26/2026 17:54,9.392412109
3/26/2026 17:59,9.392412109
3/26/2026 18:04,9.392412109
3/26/2026 18:09,9.349511719
3/26/2026 18:14,9.349511719
3/26/2026 18:19,9.263710938
3/26/2026 18:24,9.263710938
3/26/2026 18:29,9.220810547
3/26/2026 18:34,9.220810547
3/26/2026 18:39,9.177910156
3/26/2026 18:44,9.177910156
3/26/2026 18:49,9.135009766
3/26/2026 18:54,9.092109375
3/26/2026 18:59,9.006308594
3/26/2026 19:04,9.049208984
3/26/2026 19:09,8.920507812
3/26/2026 19:14,8.920507812
3/26/2026 19:19,8.920507812
3/26/2026 19:24,8.834707031
3/26/2026 19:29,8.74890625
3/26/2026 19:34,8.74890625
3/26/2026 19:39,8.706005859
3/26/2026 19:44,8.663105469
3/26/2026 19:49,8.577304687
3/26/2026 19:54,8.620205078
3/26/2026 19:59,8.577304687
3/26/2026 20:04,8.534404297
3/26/2026 20:09,8.491503906
3/26/2026 20:14,8.448603516
3/26/2026 20:19,8.448603516
3/26/2026 20:24,8.448603516
3/26/2026 20:29,8.319902344
3/26/2026 20:34,8.319902344
3/26/2026 20:39,8.277001953
3/26/2026 20:44,8.277001953
3/26/2026 20:49,8.234101563
3/26/2026 20:54,8.191201172
3/26/2026 20:59,8.148300781
3/26/2026 21:04,8.148300781
3/26/2026 21:09,8.105400391
3/26/2026 21:14,8.0625
3/26/2026 21:19,8.019599609
3/26/2026 21:24,8.019599609
3/26/2026 21:29,7.976699219
3/26/2026 21:34,7.933798828
3/26/2026 21:39,7.933798828
3/26/2026 21:44,7.933798828
3/26/2026 21:49,7.890898437
3/26/2026 21:54,7.933798828
3/26/2026 21:59,7.890898437
3/26/2026 22:04,7.847998047
3/26/2026 22:09,7.805097656
3/26/2026 22:14,7.805097656
3/26/2026 22:19,7.805097656
3/26/2026 22:24,7.762197266
3/26/2026 22:29,7.762197266
3/26/2026 22:34,7.676396484
3/26/2026 22:39,7.633496094
3/26/2026 22:44,7.547695312
3/26/2026 22:49,7.547695312
3/26/2026 22:54,7.461894531
3/26/2026 22:59,7.461894531
3/26/2026 23:04,7.418994141
3/26/2026 23:09,7.37609375
3/26/2026 23:14,7.290292969
3/26/2026 23:19,7.247392578
3/26/2026 23:24,7.247392578
3/26/2026 23:29,7.161591797
3/26/2026 23:34,7.118691406
3/26/2026 23:39,7.118691406
3/26/2026 23:44,7.075791016
3/26/2026 23:49,6.989990234
3/26/2026 23:54,6.947089844
3/26/2026 23:59,6.947089844
3/27/2026 0:04,6.904189453
3/27/2026 0:09,6.904189453
3/27/2026 0:14,6.818388672
3/27/2026 0:19,6.775488281
3/27/2026 0:24,6.6896875
3/27/2026 0:29,6.732587891
3/27/2026 0:34,6.603886719
3/27/2026 0:39,6.560986328
3/27/2026 0:44,6.560986328
3/27/2026 0:49,6.646787109
3/27/2026 0:54,6.560986328
3/27/2026 0:59,6.475185547
3/27/2026 1:04,6.518085937
3/27/2026 1:09,6.475185547
3/27/2026 1:14,6.389384766
3/27/2026 1:19,6.389384766
3/27/2026 1:24,6.346484375
3/27/2026 1:29,6.303583984
3/27/2026 1:34,6.303583984
3/27/2026 1:39,6.346484375
3/27/2026 1:44,6.260683594
3/27/2026 1:49,6.303583984
3/27/2026 1:54,6.174882813
3/27/2026 1:59,6.131982422
3/27/2026 2:04,6.131982422
3/27/2026 2:09,6.046181641
3/27/2026 2:14,6.131982422
3/27/2026 2:19,6.046181641
3/27/2026 2:24,6.00328125
3/27/2026 2:29,6.00328125
3/27/2026 2:34,6.00328125
3/27/2026 2:39,5.960380859
3/27/2026 2:44,5.874580078
3/27/2026 2:49,5.874580078
3/27/2026 2:54,5.874580078
3/27/2026 2:59,5.788779297
3/27/2026 3:04,5.745878906
3/27/2026 3:09,5.788779297
3/27/2026 3:14,5.702978516
3/27/2026 3:19,5.745878906
3/27/2026 3:24,5.660078125
3/27/2026 3:29,5.617177734
3/27/2026 3:34,5.617177734
3/27/2026 3:39,5.617177734
3/27/2026 3:44,5.574277344
3/27/2026 3:49,5.531376953
3/27/2026 3:54,5.531376953
3/27/2026 3:59,5.531376953
3/27/2026 4:04,5.531376953
3/27/2026 4:09,5.488476562
3/27/2026 4:14,5.445576172
3/27/2026 4:19,5.445576172
3/27/2026 4:24,5.402675781
3/27/2026 4:29,5.402675781
3/27/2026 4:34,5.316875
3/27/2026 4:39,5.316875
3/27/2026 4:44,5.359775391
3/27/2026 4:49,5.359775391
3/27/2026 4:54,5.273974609
3/27/2026 4:59,5.316875
3/27/2026 5:04,5.231074219
3/27/2026 5:09,5.231074219
3/27/2026 5:14,5.188173828
3/27/2026 5:19,5.188173828
3/27/2026 5:24,5.102373047
3/27/2026 5:29,5.102373047
3/27/2026 5:34,5.059472656
3/27/2026 5:39,5.102373047
3/27/2026 5:44,5.145273437
3/27/2026 5:49,5.145273437
3/27/2026 5:54,5.188173828
3/27/2026 5:59,5.145273437
3/27/2026 6:04,5.059472656
3/27/2026 6:09,5.145273437
3/27/2026 6:14,5.145273437
3/27/2026 6:19,5.231074219
3/27/2026 6:24,5.231074219
3/27/2026 6:29,5.231074219
3/27/2026 6:34,5.145273437
3/27/2026 6:39,5.188173828
3/27/2026 6:44,5.145273437
3/27/2026 6:49,5.231074219
3/27/2026 6:54,5.231074219
3/27/2026 6:59,5.231074219
3/27/2026 7:04,5.188173828
3/27/2026 7:09,5.102373047
3/27/2026 7:14,5.102373047
3/27/2026 7:19,5.145273437
3/27/2026 7:24,5.145273437
3/27/2026 7:29,5.231074219
3/27/2026 7:34,5.188173828
3/27/2026 7:39,5.188173828
3/27/2026 7:44,5.188173828
3/27/2026 7:49,5.145273437
3/27/2026 7:54,5.231074219
3/27/2026 7:59,5.145273437
3/27/2026 8:04,5.188173828
3/27/2026 8:09,5.188173828
3/27/2026 8:14,5.102373047
3/27/2026 8:19,5.188173828
3/27/2026 8:24,5.188173828
3/27/2026 8:29,5.145273437
3/27/2026 8:34,5.231074219
3/27/2026 8:39,5.188173828
3/27/2026 8:44,5.273974609
3/27/2026 8:49,5.316875
3/27/2026 8:54,5.316875
3/27/2026 8:59,5.316875
3/27/2026 9:04,5.359775391
3/27/2026 9:09,5.402675781
3/27/2026 9:14,5.445576172
3/27/2026 9:19,5.402675781
3/27/2026 9:24,5.445576172
3/27/2026 9:29,5.445576172
3/27/2026 9:34,5.445576172
3/27/2026 9:39,5.445576172
3/27/2026 9:44,5.574277344
3/27/2026 9:49,5.574277344
3/27/2026 9:54,5.617177734
3/27/2026 9:59,5.660078125
3/27/2026 10:04,5.660078125
3/27/2026 10:09,5.831679688
3/27/2026 10:14,5.874580078
3/27/2026 10:19,5.917480469
3/27/2026 10:24,5.960380859
3/27/2026 10:29,6.046181641
3/27/2026 10:34,6.217783203
3/27/2026 10:39,6.303583984
3/27/2026 10:44,6.432285156
3/27/2026 10:49,6.518085937
3/27/2026 10:54,6.560986328
3/27/2026 10:59,6.646787109
3/27/2026 11:04,6.6896875
3/27/2026 11:09,6.818388672
3/27/2026 11:14,6.904189453
3/27/2026 11:19,6.947089844
3/27/2026 11:24,6.989990234
3/27/2026 11:29,7.161591797
3/27/2026 11:34,7.204492188
3/27/2026 11:39,7.290292969
3/27/2026 11:44,7.290292969
3/27/2026 11:49,7.504794922
3/27/2026 11:54,7.504794922
3/27/2026 11:59,7.633496094
3/27/2026 12:04,7.719296875
3/27/2026 12:09,7.805097656
3/27/2026 12:14,7.847998047
3/27/2026 12:19,7.976699219
3/27/2026 12:24,8.0625
3/27/2026 12:29,8.191201172
3/27/2026 12:34,8.191201172
3/27/2026 12:39,8.319902344
3/27/2026 12:44,8.405703125
3/27/2026 12:49,8.448603516
3/27/2026 12:54,8.491503906
3/27/2026 12:59,8.663105469
3/27/2026 13:04,8.877607422
3/27/2026 13:09,9.049208984
3/27/2026 13:14,9.220810547
3/27/2026 13:19,9.349511719
3/27/2026 13:24,9.392412109
3/27/2026 13:29,9.521113281
3/27/2026 13:34,9.478212891
3/27/2026 13:39,9.606914062
3/27/2026 13:44,9.692714844
3/27/2026 13:49,9.735615234
3/27/2026 13:54,9.778515625
3/27/2026 13:59,9.864316406
3/27/2026 14:04,9.950117187
3/27/2026 14:09,9.950117187
3/27/2026 14:14,10.03591797
3/27/2026 14:19,10.03591797
3/27/2026 14:24,10.12171875
3/27/2026 14:29,10.03591797
3/27/2026 14:34,10.07881836
3/27/2026 14:39,10.20751953
3/27/2026 14:44,10.29332031
3/27/2026 14:49,10.20751953
3/27/2026 14:54,10.3362207
3/27/2026 14:59,10.29332031
3/27/2026 15:04,10.29332031
3/27/2026 15:09,10.20751953
3/27/2026 15:14,10.20751953
3/27/2026 15:19,9.993017578
3/27/2026 15:24,10.03591797
3/27/2026 15:29,9.950117187
3/27/2026 15:34,9.864316406
3/27/2026 15:39,9.907216797
3/27/2026 15:44,9.907216797
3/27/2026 15:49,9.864316406
3/27/2026 15:54,9.821416016
3/27/2026 15:59,9.821416016
3/27/2026 16:04,9.864316406
3/27/2026 16:09,9.864316406
3/27/2026 16:14,9.821416016
3/27/2026 16:19,9.821416016
3/27/2026 16:24,9.821416016
3/27/2026 16:29,9.735615234
3/27/2026 16:34,9.735615234
3/27/2026 16:39,9.692714844
3/27/2026 16:44,9.692714844
3/27/2026 16:49,9.649814453
3/27/2026 16:54,9.606914062
3/27/2026 16:59,9.564013672
3/27/2026 17:04,9.521113281
3/27/2026 17:09,9.478212891
3/27/2026 17:14,9.478212891
3/27/2026 17:19,9.392412109
3/27/2026 17:24,9.4353125
3/27/2026 17:29,9.392412109
3/27/2026 17:34,9.349511719
3/27/2026 17:39,9.263710938
3/27/2026 17:44,9.177910156
3/27/2026 17:49,9.135009766
3/27/2026 17:54,9.092109375
3/27/2026 17:59,9.006308594
3/27/2026 18:04,8.920507812
3/27/2026 18:09,8.834707031
3/27/2026 18:14,8.74890625
3/27/2026 18:19,8.706005859
3/27/2026 18:24,8.577304687
3/27/2026 18:29,8.491503906
3/27/2026 18:34,8.491503906
3/27/2026 18:39,8.405703125
3/27/2026 18:44,8.319902344
3/27/2026 18:49,8.234101563
3/27/2026 18:54,8.148300781
3/27/2026 18:59,8.148300781
3/27/2026 19:04,8.105400391
3/27/2026 19:09,7.890898437
3/27/2026 19:14,7.933798828
3/27/2026 19:19,7.805097656
3/27/2026 19:24,7.847998047
3/27/2026 19:29,7.805097656
3/27/2026 19:34,7.676396484
3/27/2026 19:39,7.590595703
3/27/2026 19:44,7.504794922
3/27/2026 19:49,7.418994141
3/27/2026 19:54,7.333193359
3/27/2026 19:59,7.290292969
3/27/2026 20:04,7.161591797
3/27/2026 20:09,7.118691406
3/27/2026 20:14,7.032890625
3/27/2026 20:19,6.989990234
3/27/2026 20:24,6.947089844
3/27/2026 20:29,6.904189453
3/27/2026 20:34,6.904189453
3/27/2026 20:39,6.861289062
3/27/2026 20:44,6.775488281
3/27/2026 20:49,6.775488281
3/27/2026 20:54,6.732587891
3/27/2026 20:59,6.646787109
3/27/2026 21:04,6.603886719
3/27/2026 21:09,6.518085937
3/27/2026 21:14,6.475185547
3/27/2026 21:19,6.432285156
3/27/2026 21:24,6.475185547
3/27/2026 21:29,6.389384766
3/27/2026 21:34,6.303583984
3/27/2026 21:39,6.260683594
3/27/2026 21:44,6.217783203
3/27/2026 21:49,6.174882813
3/27/2026 21:54,6.174882813
3/27/2026 21:59,6.089082031
3/27/2026 22:04,6.131982422
3/27/2026 22:09,6.046181641
3/27/2026 22:14,6.046181641
3/27/2026 22:19,6.00328125
3/27/2026 22:24,5.917480469
3/27/2026 22:29,5.917480469
3/27/2026 22:34,5.874580078
3/27/2026 22:39,5.917480469
3/27/2026 22:44,5.831679688
3/27/2026 22:49,5.745878906
3/27/2026 22:54,5.788779297
3/27/2026 22:59,5.745878906
3/27/2026 23:04,5.745878906
3/27/2026 23:09,5.660078125
3/27/2026 23:14,5.617177734
3/27/2026 23:19,5.617177734
3/27/2026 23:24,5.531376953
3/27/2026 23:29,5.531376953
3/27/2026 23:34,5.445576172
3/27/2026 23:39,5.488476562
3/27/2026 23:44,5.445576172
3/27/2026 23:49,5.402675781
3/27/2026 23:54,5.402675781
3/27/2026 23:59,5.402675781
3/28/2026 0:04,5.359775391
3/28/2026 0:09,5.316875
3/28/2026 0:14,5.316875
3/28/2026 0:19,5.273974609
3/28/2026 0:24,5.273974609
3/28/2026 0:29,5.231074219
3/28/2026 0:34,5.188173828
3/28/2026 0:39,5.188173828
3/28/2026 0:44,5.145273437
3/28/2026 0:49,5.145273437
3/28/2026 0:54,5.059472656
3/28/2026 0:59,5.059472656
3/28/2026 1:04,5.059472656
3/28/2026 1:09,5.016572266
3/28/2026 1:14,4.973671875
3/28/2026 1:19,4.973671875
3/28/2026 1:24,4.973671875
3/28/2026 1:29,4.887871094
3/28/2026 1:34,4.887871094
3/28/2026 1:39,4.844970703
3/28/2026 1:44,4.844970703
3/28/2026 1:49,4.802070313
3/28/2026 1:54,4.802070313
3/28/2026 1:59,4.759169922
3/28/2026 2:04,4.759169922
3/28/2026 2:09,4.716269531
3/28/2026 2:14,4.759169922
3/28/2026 2:19,4.759169922
3/28/2026 2:24,4.716269531
3/28/2026 2:29,4.716269531
3/28/2026 2:34,4.63046875
3/28/2026 2:39,4.63046875
3/28/2026 2:44,4.501767578
3/28/2026 2:49,4.544667969
3/28/2026 2:54,4.458867187
3/28/2026 2:59,4.501767578
3/28/2026 3:04,4.415966797
3/28/2026 3:09,4.373066406
3/28/2026 3:14,4.458867187
3/28/2026 3:19,4.415966797
3/28/2026 3:24,4.415966797
3/28/2026 3:29,4.330166016
3/28/2026 3:34,4.287265625
3/28/2026 3:39,4.373066406
3/28/2026 3:44,4.330166016
3/28/2026 3:49,4.330166016
3/28/2026 3:54,4.287265625
3/28/2026 3:59,4.373066406
3/28/2026 4:04,4.287265625
3/28/2026 4:09,4.287265625
3/28/2026 4:14,4.244365234
3/28/2026 4:19,4.115664062
3/28/2026 4:24,4.158564453
3/28/2026 4:29,4.158564453
3/28/2026 4:34,4.158564453
3/28/2026 4:39,4.115664062
3/28/2026 4:44,4.072763672
3/28/2026 4:49,4.158564453
3/28/2026 4:54,4.115664062
3/28/2026 4:59,4.115664062
3/28/2026 5:04,4.072763672
3/28/2026 5:09,4.029863281
3/28/2026 5:14,4.029863281
3/28/2026 5:19,3.901162109
3/28/2026 5:24,3.901162109
3/28/2026 5:29,3.858261719
3/28/2026 5:34,3.901162109
3/28/2026 5:39,3.901162109
3/28/2026 5:44,3.858261719
3/28/2026 5:49,3.815361328
3/28/2026 5:54,3.901162109
3/28/2026 5:59,3.858261719
3/28/2026 6:04,3.772460938
3/28/2026 6:09,3.815361328
3/28/2026 6:14,3.815361328
3/28/2026 6:19,3.815361328
3/28/2026 6:24,3.729560547
3/28/2026 6:29,3.772460938
3/28/2026 6:34,3.815361328
3/28/2026 6:39,3.772460938
3/28/2026 6:44,3.729560547
3/28/2026 6:49,3.729560547
3/28/2026 6:54,3.686660156
3/28/2026 6:59,3.686660156
3/28/2026 7:04,3.729560547
3/28/2026 7:09,3.729560547
3/28/2026 7:14,3.772460938
3/28/2026 7:19,3.815361328
3/28/2026 7:24,3.815361328
3/28/2026 7:29,3.815361328
3/28/2026 7:34,3.858261719
3/28/2026 7:39,3.815361328
3/28/2026 7:44,3.815361328
3/28/2026 7:49,3.772460938
3/28/2026 7:54,3.858261719
3/28/2026 7:59,3.815361328
3/28/2026 8:04,3.858261719
3/28/2026 8:09,3.901162109
3/28/2026 8:14,3.901162109
3/28/2026 8:19,3.9440625
3/28/2026 8:24,4.029863281
3/28/2026 8:29,4.115664062
3/28/2026 8:34,4.158564453
3/28/2026 8:39,4.115664062
3/28/2026 8:44,4.201464844
3/28/2026 8:49,4.244365234
3/28/2026 8:54,4.201464844
3/28/2026 8:59,4.201464844
3/28/2026 9:04,4.287265625
3/28/2026 9:09,4.330166016
3/28/2026 9:14,4.330166016
3/28/2026 9:19,4.330166016
3/28/2026 9:24,4.373066406
3/28/2026 9:29,4.458867187
3/28/2026 9:34,4.458867187
3/28/2026 9:39,4.544667969
3/28/2026 9:44,4.544667969
3/28/2026 9:49,4.63046875
3/28/2026 9:54,4.673369141
3/28/2026 9:59,4.759169922
3/28/2026 10:04,4.844970703
3/28/2026 10:09,4.887871094
3/28/2026 10:14,4.930771484
3/28/2026 10:19,4.973671875
3/28/2026 10:24,5.059472656
3/28/2026 10:29,5.102373047
3/28/2026 10:34,5.188173828
3/28/2026 10:39,5.273974609
3/28/2026 10:44,5.316875
3/28/2026 10:49,5.359775391
3/28/2026 10:54,5.359775391
3/28/2026 10:59,5.488476562
3/28/2026 11:04,5.531376953
3/28/2026 11:09,5.660078125
3/28/2026 11:14,5.660078125
3/28/2026 11:19,5.702978516
3/28/2026 11:24,5.788779297
3/28/2026 11:29,5.831679688
3/28/2026 11:34,5.874580078
3/28/2026 11:39,5.960380859
3/28/2026 11:44,6.046181641
3/28/2026 11:49,6.089082031
3/28/2026 11:54,6.131982422
3/28/2026 11:59,6.174882813
3/28/2026 12:04,6.346484375
3/28/2026 12:09,6.346484375
3/28/2026 12:14,6.475185547
3/28/2026 12:19,6.518085937
3/28/2026 12:24,6.603886719
3/28/2026 12:29,6.732587891
3/28/2026 12:34,6.818388672
3/28/2026 12:39,6.989990234
3/28/2026 12:44,6.947089844
3/28/2026 12:49,6.989990234
3/28/2026 12:54,7.118691406
3/28/2026 12:59,7.161591797
3/28/2026 13:04,7.333193359
3/28/2026 13:09,7.418994141
3/28/2026 13:14,7.633496094
3/28/2026 13:19,7.805097656
3/28/2026 13:24,7.976699219
3/28/2026 13:29,8.0625
3/28/2026 13:34,8.191201172
3/28/2026 13:39,8.319902344
3/28/2026 13:44,8.448603516
3/28/2026 13:49,8.620205078
3/28/2026 13:54,8.663105469
3/28/2026 13:59,8.74890625
3/28/2026 14:04,8.834707031
3/28/2026 14:09,9.006308594
3/28/2026 14:14,9.092109375
3/28/2026 14:19,9.177910156
3/28/2026 14:24,9.220810547
3/28/2026 14:29,9.263710938
3/28/2026 14:34,9.349511719
3/28/2026 14:39,9.478212891
3/28/2026 14:44,9.478212891
3/28/2026 14:49,9.478212891
3/28/2026 14:54,9.564013672
3/28/2026 14:59,9.692714844
3/28/2026 15:04,9.778515625
3/28/2026 15:09,9.864316406
3/28/2026 15:14,9.864316406
3/28/2026 15:19,9.907216797
3/28/2026 15:24,9.950117187
3/28/2026 15:29,9.993017578
3/28/2026 15:34,10.07881836
3/28/2026 15:39,10.16461914
3/28/2026 15:44,10.12171875
3/28/2026 15:49,10.16461914
3/28/2026 15:54,10.12171875
3/28/2026 15:59,10.12171875
3/28/2026 16:04,10.12171875
3/28/2026 16:09,10.12171875
3/28/2026 16:14,10.12171875
3/28/2026 16:19,10.20751953
3/28/2026 16:24,10.16461914
3/28/2026 16:29,10.12171875
3/28/2026 16:34,10.07881836
3/28/2026 16:39,10.16461914
3/28/2026 16:44,10.16461914
3/28/2026 16:49,10.16461914
3/28/2026 16:54,10.16461914
3/28/2026 16:59,10.16461914
3/28/2026 17:04,10.12171875
3/28/2026 17:09,10.16461914
3/28/2026 17:14,10.20751953
3/28/2026 17:19,10.12171875
3/28/2026 17:24,10.07881836
3/28/2026 17:29,10.07881836
3/28/2026 17:34,10.07881836
3/28/2026 17:39,10.12171875
3/28/2026 17:44,10.03591797
3/28/2026 17:49,10.03591797
3/28/2026 17:54,9.907216797
3/28/2026 17:59,9.950117187
3/28/2026 18:04,9.950117187
3/28/2026 18:09,9.864316406
3/28/2026 18:14,9.778515625
3/28/2026 18:19,9.692714844
3/28/2026 18:24,9.649814453
3/28/2026 18:29,9.564013672
3/28/2026 18:34,9.564013672
3/28/2026 18:39,9.521113281
3/28/2026 18:44,9.478212891
3/28/2026 18:49,9.392412109
3/28/2026 18:54,9.349511719
3/28/2026 18:59,9.263710938
3/28/2026 19:04,9.263710938
3/28/2026 19:09,9.306611328
3/28/2026 19:14,9.220810547
3/28/2026 19:19,9.049208984
3/28/2026 19:24,9.092109375
3/28/2026 19:29,9.006308594
3/28/2026 19:34,8.963408203
3/28/2026 19:39,9.006308594
3/28/2026 19:44,8.920507812
3/28/2026 19:49,8.834707031
3/28/2026 19:54,8.74890625
3/28/2026 19:59,8.706005859
3/28/2026 20:04,8.663105469
3/28/2026 20:09,8.577304687
3/28/2026 20:14,8.577304687
3/28/2026 20:19,8.491503906
3/28/2026 20:24,8.448603516
3/28/2026 20:29,8.405703125
3/28/2026 20:34,8.405703125
3/28/2026 20:39,8.277001953
3/28/2026 20:44,8.277001953
3/28/2026 20:49,8.191201172
3/28/2026 20:54,8.105400391
3/28/2026 20:59,8.105400391
3/28/2026 21:04,8.148300781
3/28/2026 21:09,8.019599609
3/28/2026 21:14,7.976699219
3/28/2026 21:19,7.933798828
3/28/2026 21:24,7.933798828
3/28/2026 21:29,7.890898437
3/28/2026 21:34,7.805097656
3/28/2026 21:39,7.805097656
3/28/2026 21:44,7.762197266
3/28/2026 21:49,7.805097656
3/28/2026 21:54,7.719296875
3/28/2026 21:59,7.633496094
3/28/2026 22:04,7.590595703
3/28/2026 22:09,7.504794922
3/28/2026 22:14,7.633496094
3/28/2026 22:19,7.547695312
3/28/2026 22:24,7.547695312
3/28/2026 22:29,7.461894531
3/28/2026 22:34,7.504794922
3/28/2026 22:39,7.418994141
3/28/2026 22:44,7.37609375
3/28/2026 22:49,7.37609375
3/28/2026 22:54,7.333193359
3/28/2026 22:59,7.333193359
3/28/2026 23:04,7.290292969
3/28/2026 23:09,7.161591797
3/28/2026 23:14,7.118691406
3/28/2026 23:19,7.118691406
3/28/2026 23:24,7.118691406
3/28/2026 23:29,7.118691406
3/28/2026 23:34,7.075791016
3/28/2026 23:39,7.075791016
3/28/2026 23:44,7.075791016
3/28/2026 23:49,7.032890625
3/28/2026 23:54,7.118691406
3/28/2026 23:59,7.161591797
3/29/2026 0:04,7.118691406
3/29/2026 0:09,7.032890625
3/29/2026 0:14,7.032890625
3/29/2026 0:19,6.989990234
3/29/2026 0:24,7.032890625
3/29/2026 0:29,7.075791016
3/29/2026 0:34,6.989990234
3/29/2026 0:39,6.989990234
3/29/2026 0:44,6.989990234
3/29/2026 0:49,7.075791016
3/29/2026 0:54,6.947089844
3/29/2026 0:59,6.904189453
3/29/2026 1:04,6.861289062
3/29/2026 1:09,6.818388672
3/29/2026 1:14,6.732587891
3/29/2026 1:19,6.818388672
3/29/2026 1:24,6.732587891
3/29/2026 1:29,6.6896875
3/29/2026 1:34,6.646787109
3/29/2026 1:39,6.646787109
3/29/2026 1:44,6.646787109
3/29/2026 1:49,6.732587891
3/29/2026 1:54,6.560986328
3/29/2026 1:59,6.560986328
3/29/2026 2:04,6.560986328
3/29/2026 2:09,6.518085937
3/29/2026 2:14,6.560986328
3/29/2026 2:19,6.475185547
3/29/2026 2:24,6.432285156
3/29/2026 2:29,6.518085937
3/29/2026 2:34,6.518085937
3/29/2026 2:39,6.432285156
3/29/2026 2:44,6.432285156
3/29/2026 2:49,6.389384766
3/29/2026 2:54,6.389384766
3/29/2026 2:59,6.303583984
3/29/2026 3:04,6.346484375
3/29/2026 3:09,6.346484375
3/29/2026 3:14,6.346484375
3/29/2026 3:19,6.303583984
3/29/2026 3:24,6.432285156
3/29/2026 3:29,6.389384766
3/29/2026 3:34,6.303583984
3/29/2026 3:39,6.260683594
3/29/2026 3:44,6.174882813
3/29/2026 3:49,6.217783203
3/29/2026 3:54,6.174882813
3/29/2026 3:59,6.174882813
3/29/2026 4:04,6.174882813
3/29/2026 4:09,6.131982422
3/29/2026 4:14,6.217783203
3/29/2026 4:19,6.131982422
3/29/2026 4:24,6.131982422
3/29/2026 4:29,6.131982422
3/29/2026 4:34,6.089082031
3/29/2026 4:39,6.089082031
3/29/2026 4:44,6.046181641
3/29/2026 4:49,6.089082031
3/29/2026 4:54,6.131982422
3/29/2026 4:59,6.046181641
3/29/2026 5:04,6.089082031
3/29/2026 5:09,5.960380859
3/29/2026 5:14,6.00328125
3/29/2026 5:19,5.960380859
3/29/2026 5:24,6.00328125
3/29/2026 5:29,6.00328125
3/29/2026 5:34,5.960380859
3/29/2026 5:39,5.960380859
3/29/2026 5:44,5.960380859
3/29/2026 5:49,5.917480469
3/29/2026 5:54,5.960380859
3/29/2026 5:59,5.917480469
3/29/2026 6:04,5.960380859
3/29/2026 6:09,5.960380859
3/29/2026 6:14,6.00328125
3/29/2026 6:19,5.960380859
3/29/2026 6:24,5.960380859
3/29/2026 6:29,5.960380859
3/29/2026 6:34,6.00328125
3/29/2026 6:39,5.917480469
3/29/2026 6:44,5.960380859
3/29/2026 6:49,5.874580078
3/29/2026 6:54,5.917480469
3/29/2026 6:59,5.874580078
3/29/2026 7:04,5.874580078
3/29/2026 7:09,5.831679688
3/29/2026 7:14,5.874580078
3/29/2026 7:19,5.874580078
3/29/2026 7:24,5.917480469
3/29/2026 7:29,5.874580078
3/29/2026 7:34,5.917480469
3/29/2026 7:39,5.917480469
3/29/2026 7:44,5.917480469
3/29/2026 7:49,5.874580078
3/29/2026 7:54,5.874580078
3/29/2026 7:59,5.917480469
3/29/2026 8:04,5.874580078
3/29/2026 8:09,5.960380859
3/29/2026 8:14,6.00328125
3/29/2026 8:19,5.960380859
3/29/2026 8:24,5.960380859
3/29/2026 8:29,6.00328125
3/29/2026 8:34,6.046181641
3/29/2026 8:39,5.960380859
3/29/2026 8:44,5.960380859
3/29/2026 8:49,6.046181641
3/29/2026 8:54,6.089082031
3/29/2026 8:59,6.131982422
3/29/2026 9:04,6.217783203
3/29/2026 9:09,6.260683594
3/29/2026 9:14,6.260683594
3/29/2026 9:19,6.303583984
3/29/2026 9:24,6.346484375
3/29/2026 9:29,6.389384766
3/29/2026 9:34,6.475185547
3/29/2026 9:39,6.560986328
3/29/2026 9:44,6.646787109
3/29/2026 9:49,6.775488281
3/29/2026 9:54,6.861289062
3/29/2026 9:59,6.947089844
3/29/2026 10:04,6.989990234
3/29/2026 10:09,7.118691406
3/29/2026 10:14,7.204492188
3/29/2026 10:19,7.333193359
3/29/2026 10:24,7.37609375
3/29/2026 10:29,7.418994141
3/29/2026 10:34,7.547695312
3/29/2026 10:39,7.719296875
3/29/2026 10:44,7.847998047
3/29/2026 10:49,7.847998047
3/29/2026 10:54,7.890898437
3/29/2026 10:59,7.933798828
3/29/2026 11:04,7.976699219
3/29/2026 11:09,8.105400391
3/29/2026 11:14,8.191201172
3/29/2026 11:19,8.362802734
3/29/2026 11:24,8.491503906
3/29/2026 11:29,8.577304687
3/29/2026 11:34,8.620205078
3/29/2026 11:39,8.834707031
3/29/2026 11:44,8.963408203
3/29/2026 11:49,9.049208984
3/29/2026 11:54,9.177910156
3/29/2026 11:59,9.349511719
3/29/2026 12:04,9.521113281
3/29/2026 12:09,9.606914062
3/29/2026 12:14,9.778515625
3/29/2026 12:19,9.735615234
3/29/2026 12:24,9.821416016
3/29/2026 12:29,9.950117187
3/29/2026 12:34,9.950117187
3/29/2026 12:39,10.03591797
3/29/2026 12:44,10.20751953
3/29/2026 12:49,10.46492188
3/29/2026 12:54,10.37912109
3/29/2026 12:59,10.50782227
3/29/2026 13:04,10.50782227
3/29/2026 13:09,10.67942383
3/29/2026 13:14,10.67942383
3/29/2026 13:19,10.808125
3/29/2026 13:24,10.93682617
3/29/2026 13:29,10.93682617
3/29/2026 13:34,10.85102539
3/29/2026 13:39,10.97972656
3/29/2026 13:44,10.97972656
3/29/2026 13:49,11.10842773
3/29/2026 13:54,11.15132813
3/29/2026 13:59,11.32292969
3/29/2026 14:04,11.23712891
3/29/2026 14:09,11.45163086
3/29/2026 14:14,11.58033203
3/29/2026 14:19,11.62323242
3/29/2026 14:24,11.79483398
3/29/2026 14:29,11.92353516
3/29/2026 14:34,11.92353516
3/29/2026 14:39,11.96643555
3/29/2026 14:44,12.09513672
3/29/2026 14:49,12.22383789
3/29/2026 14:54,12.26673828
3/29/2026 14:59,12.30963867
3/29/2026 15:04,12.39543945
3/29/2026 15:09,12.56704102
3/29/2026 15:14,12.56704102
3/29/2026 15:19,12.60994141
3/29/2026 15:24,12.69574219
3/29/2026 15:29,12.73864258
3/29/2026 15:34,12.78154297
3/29/2026 15:39,12.82444336
3/29/2026 15:44,12.91024414
3/29/2026 15:49,12.95314453
3/29/2026 15:54,12.95314453
3/29/2026 15:59,12.99604492
3/29/2026 16:04,12.99604492
3/29/2026 16:09,13.0818457
3/29/2026 16:14,12.99604492
3/29/2026 16:19,12.99604492
3/29/2026 16:24,12.99604492
3/29/2026 16:29,12.99604492
3/29/2026 16:34,13.03894531
3/29/2026 16:39,13.03894531
3/29/2026 16:44,13.0818457
3/29/2026 16:49,13.12474609
3/29/2026 16:54,13.21054687
3/29/2026 16:59,13.12474609
3/29/2026 17:04,13.0818457
3/29/2026 17:09,13.12474609
3/29/2026 17:14,13.0818457
3/29/2026 17:19,13.03894531
3/29/2026 17:24,13.03894531
3/29/2026 17:29,13.0818457
3/29/2026 17:34,13.0818457
3/29/2026 17:39,12.99604492
3/29/2026 17:44,13.03894531
3/29/2026 17:49,12.99604492
3/29/2026 17:54,12.99604492
3/29/2026 17:59,12.95314453
3/29/2026 18:04,12.95314453
3/29/2026 18:09,12.91024414
3/29/2026 18:14,12.91024414
3/29/2026 18:19,12.82444336
3/29/2026 18:24,12.78154297
3/29/2026 18:29,12.69574219
3/29/2026 18:34,12.6528418
3/29/2026 18:39,12.60994141
3/29/2026 18:44,12.56704102
3/29/2026 18:49,12.52414063
3/29/2026 18:54,12.52414063
3/29/2026 18:59,12.43833984
3/29/2026 19:04,12.39543945
3/29/2026 19:09,12.39543945
3/29/2026 19:14,12.35253906
3/29/2026 19:19,12.30963867
3/29/2026 19:24,12.22383789
3/29/2026 19:29,12.22383789
3/29/2026 19:34,12.1809375
3/29/2026 19:39,12.05223633
3/29/2026 19:44,11.96643555
3/29/2026 19:49,11.92353516
3/29/2026 19:54,11.83773437
3/29/2026 19:59,11.83773437
3/29/2026 20:04,11.75193359
3/29/2026 20:09,11.7090332
3/29/2026 20:14,11.62323242
3/29/2026 20:19,11.58033203
3/29/2026 20:24,11.53743164
3/29/2026 20:29,11.40873047
3/29/2026 20:34,11.32292969
3/29/2026 20:39,11.32292969
3/29/2026 20:44,11.2800293
3/29/2026 20:49,11.19422852
3/29/2026 20:54,11.15132813
3/29/2026 20:59,11.06552734
3/29/2026 21:04,11.06552734
3/29/2026 21:09,11.02262695
3/29/2026 21:14,10.89392578
3/29/2026 21:19,10.89392578
3/29/2026 21:24,10.808125
3/29/2026 21:29,10.808125
3/29/2026 21:34,10.76522461
3/29/2026 21:39,10.67942383
3/29/2026 21:44,10.63652344
3/29/2026 21:49,10.59362305
3/29/2026 21:54,10.50782227
3/29/2026 21:59,10.46492188
3/29/2026 22:04,10.42202148
3/29/2026 22:09,10.3362207
3/29/2026 22:14,10.29332031
3/29/2026 22:19,10.25041992
3/29/2026 22:24,10.16461914
3/29/2026 22:29,10.12171875
3/29/2026 22:34,10.12171875
3/29/2026 22:39,10.03591797
3/29/2026 22:44,9.993017578
3/29/2026 22:49,9.993017578
3/29/2026 22:54,9.950117187
3/29/2026 22:59,9.864316406
3/29/2026 23:04,9.864316406
3/29/2026 23:09,9.821416016
3/29/2026 23:14,9.821416016
3/29/2026 23:19,9.735615234
3/29/2026 23:24,9.778515625
3/29/2026 23:29,9.692714844
3/29/2026 23:34,9.735615234
3/29/2026 23:39,9.692714844
3/29/2026 23:44,9.649814453
3/29/2026 23:49,9.649814453
3/29/2026 23:54,9.649814453
3/29/2026 23:59,9.564013672
3/30/2026 0:04,9.521113281
3/30/2026 0:09,9.521113281
3/30/2026 0:14,9.521113281
3/30/2026 0:19,9.521113281
3/30/2026 0:24,9.4353125
3/30/2026 0:29,9.4353125
3/30/2026 0:34,9.349511719
3/30/2026 0:39,9.392412109
3/30/2026 0:44,9.306611328
3/30/2026 0:49,9.306611328
3/30/2026 0:54,9.306611328
3/30/2026 0:59,9.263710938
3/30/2026 1:04,9.220810547
3/30/2026 1:09,9.177910156
3/30/2026 1:14,9.135009766
3/30/2026 1:19,9.135009766
3/30/2026 1:24,9.092109375
3/30/2026 1:29,9.006308594
3/30/2026 1:34,9.049208984
3/30/2026 1:39,9.006308594
3/30/2026 1:44,8.963408203
3/30/2026 1:49,8.963408203
3/30/2026 1:54,8.920507812
3/30/2026 1:59,8.963408203
3/30/2026 2:04,8.920507812
3/30/2026 2:09,8.877607422
3/30/2026 2:14,8.834707031
3/30/2026 2:19,8.791806641
3/30/2026 2:24,8.791806641
3/30/2026 2:29,8.791806641
3/30/2026 2:34,8.663105469
3/30/2026 2:39,8.706005859
3/30/2026 2:44,8.620205078
3/30/2026 2:49,8.577304687
3/30/2026 2:54,8.577304687
3/30/2026 2:59,8.534404297
3/30/2026 3:04,8.534404297
3/30/2026 3:09,8.491503906
3/30/2026 3:14,8.491503906
3/30/2026 3:19,8.448603516
3/30/2026 3:24,8.362802734
3/30/2026 3:29,8.319902344
3/30/2026 3:34,8.277001953
3/30/2026 3:39,8.319902344
3/30/2026 3:44,8.319902344
3/30/2026 3:49,8.277001953
3/30/2026 3:54,8.234101563
3/30/2026 3:59,8.191201172
3/30/2026 4:04,8.191201172
3/30/2026 4:09,8.148300781
3/30/2026 4:14,8.148300781
3/30/2026 4:19,8.105400391
3/30/2026 4:24,8.105400391
3/30/2026 4:29,8.105400391
3/30/2026 4:34,8.105400391
3/30/2026 4:39,7.976699219
3/30/2026 4:44,7.976699219
3/30/2026 4:49,7.933798828
3/30/2026 4:54,7.933798828
3/30/2026 4:59,7.890898437
3/30/2026 5:04,7.847998047
3/30/2026 5:09,7.805097656
3/30/2026 5:14,7.847998047
3/30/2026 5:19,7.762197266
3/30/2026 5:24,7.805097656
3/30/2026 5:29,7.762197266
3/30/2026 5:34,7.676396484
3/30/2026 5:39,7.719296875
3/30/2026 5:44,7.676396484
3/30/2026 5:49,7.676396484
3/30/2026 5:54,7.590595703
3/30/2026 5:59,7.590595703
3/30/2026 6:04,7.590595703
3/30/2026 6:09,7.590595703
3/30/2026 6:14,7.547695312
3/30/2026 6:19,7.547695312
3/30/2026 6:24,7.504794922
3/30/2026 6:29,7.504794922
3/30/2026 6:34,7.461894531
3/30/2026 6:39,7.504794922
3/30/2026 6:44,7.418994141
3/30/2026 6:49,7.418994141
3/30/2026 6:54,7.37609375
3/30/2026 6:59,7.461894531
3/30/2026 7:04,7.418994141
3/30/2026 7:09,7.418994141
3/30/2026 7:14,7.333193359
3/30/2026 7:19,7.333193359
3/30/2026 7:24,7.333193359
3/30/2026 7:29,7.333193359
3/30/2026 7:34,7.37609375
3/30/2026 7:39,7.37609375
3/30/2026 7:44,7.37609375
3/30/2026 7:49,7.333193359
3/30/2026 7:54,7.333193359
3/30/2026 7:59,7.333193359
3/30/2026 8:04,7.290292969
3/30/2026 8:09,7.333193359
3/30/2026 8:14,7.333193359
3/30/2026 8:19,7.333193359
3/30/2026 8:24,7.418994141
3/30/2026 8:29,7.333193359
3/30/2026 8:34,7.418994141
3/30/2026 8:39,7.418994141
3/30/2026 8:44,7.504794922
3/30/2026 8:49,7.547695312
3/30/2026 8:54,7.590595703
3/30/2026 8:59,7.676396484
3/30/2026 9:04,7.719296875
3/30/2026 9:09,7.762197266
3/30/2026 9:14,7.762197266
3/30/2026 9:19,7.847998047
3/30/2026 9:24,7.890898437
3/30/2026 9:29,7.933798828
3/30/2026 9:34,8.019599609
3/30/2026 9:39,8.0625
3/30/2026 9:44,8.148300781
3/30/2026 9:49,8.191201172
3/30/2026 9:54,8.234101563
3/30/2026 9:59,8.405703125
3/30/2026 10:04,8.448603516
3/30/2026 10:09,8.534404297
3/30/2026 10:14,8.577304687
3/30/2026 10:19,8.791806641
3/30/2026 10:24,8.877607422
3/30/2026 10:29,9.006308594
3/30/2026 10:34,9.092109375
3/30/2026 10:39,9.135009766
3/30/2026 10:44,9.263710938
3/30/2026 10:49,9.349511719
3/30/2026 10:54,9.478212891
3/30/2026 10:59,9.521113281
3/30/2026 11:04,9.649814453
3/30/2026 11:09,9.821416016
3/30/2026 11:14,9.950117187
3/30/2026 11:19,9.993017578
3/30/2026 11:24,10.16461914
3/30/2026 11:29,10.29332031
3/30/2026 11:34,10.37912109
3/30/2026 11:39,10.42202148
3/30/2026 11:44,10.50782227
3/30/2026 11:49,10.59362305
3/30/2026 11:54,10.76522461
3/30/2026 11:59,10.89392578
3/30/2026 12:04,10.93682617
3/30/2026 12:09,11.02262695
3/30/2026 12:14,11.10842773
3/30/2026 12:19,11.23712891
3/30/2026 12:24,11.23712891
3/30/2026 12:29,11.49453125
3/30/2026 12:34,11.53743164
3/30/2026 12:39,11.53743164
3/30/2026 12:44,11.75193359
3/30/2026 12:49,11.75193359
3/30/2026 12:54,11.83773437
3/30/2026 12:59,11.92353516
3/30/2026 13:04,12.00933594
3/30/2026 13:09,12.22383789
3/30/2026 13:14,12.30963867
3/30/2026 13:19,12.43833984
3/30/2026 13:24,12.52414063
3/30/2026 13:29,12.60994141
3/30/2026 13:34,12.82444336
3/30/2026 13:39,12.91024414
3/30/2026 13:44,13.12474609
3/30/2026 13:49,13.21054687
3/30/2026 13:54,13.38214844
3/30/2026 13:59,13.46794922
3/30/2026 14:04,13.42504883
3/30/2026 14:09,13.51084961
3/30/2026 14:14,13.55375
3/30/2026 14:19,13.72535156
3/30/2026 14:24,13.76825195
3/30/2026 14:29,13.85405273
3/30/2026 14:34,13.89695312
3/30/2026 14:39,14.11145508
3/30/2026 14:44,14.0256543
3/30/2026 14:49,14.0256543
3/30/2026 14:54,13.93985352
3/30/2026 14:59,13.85405273
3/30/2026 15:04,13.85405273
3/30/2026 15:09,14.15435547
3/30/2026 15:14,14.06855469
3/30/2026 15:19,14.15435547
3/30/2026 15:24,14.32595703
3/30/2026 15:29,14.4546582
3/30/2026 15:34,14.49755859
3/30/2026 15:39,14.54045898
3/30/2026 15:44,14.49755859
3/30/2026 15:49,14.36885742
3/30/2026 15:54,14.32595703
3/30/2026 15:59,14.36885742
3/30/2026 16:04,14.36885742
3/30/2026 16:09,14.4546582
3/30/2026 16:14,14.49755859
3/30/2026 16:19,14.49755859
3/30/2026 16:24,14.4546582
3/30/2026 16:29,14.4546582
3/30/2026 16:34,14.41175781
3/30/2026 16:39,14.41175781
3/30/2026 16:44,14.41175781
3/30/2026 16:49,14.36885742
3/30/2026 16:54,14.4546582
3/30/2026 16:59,14.41175781
3/30/2026 17:04,14.41175781
3/30/2026 17:09,14.4546582
3/30/2026 17:14,14.41175781
3/30/2026 17:19,14.41175781
3/30/2026 17:24,14.4546582
3/30/2026 17:29,14.4546582
3/30/2026 17:34,14.41175781
3/30/2026 17:39,14.41175781
3/30/2026 17:44,14.4546582
3/30/2026 17:49,14.4546582
3/30/2026 17:54,14.4546582
3/30/2026 17:59,14.4546582
3/30/2026 18:04,14.41175781
3/30/2026 18:09,14.41175781
3/30/2026 18:14,14.41175781
3/30/2026 18:19,14.36885742
3/30/2026 18:24,14.41175781
3/30/2026 18:29,14.32595703
3/30/2026 18:34,14.32595703
3/30/2026 18:39,14.32595703
3/30/2026 18:44,14.24015625
3/30/2026 18:49,14.24015625
3/30/2026 18:54,14.24015625
3/30/2026 18:59,14.24015625
3/30/2026 19:04,14.15435547
3/30/2026 19:09,14.11145508
3/30/2026 19:14,14.11145508
3/30/2026 19:19,14.0256543
3/30/2026 19:24,14.0256543
3/30/2026 19:29,14.0256543
3/30/2026 19:34,13.98275391
3/30/2026 19:39,13.93985352
3/30/2026 19:44,13.89695312
3/30/2026 19:49,13.81115234
3/30/2026 19:54,13.72535156
3/30/2026 19:59,13.72535156
3/30/2026 20:04,13.59665039
3/30/2026 20:09,13.63955078
3/30/2026 20:14,13.55375
3/30/2026 20:19,13.55375
3/30/2026 20:24,13.46794922
3/30/2026 20:29,13.42504883
3/30/2026 20:34,13.38214844
3/30/2026 20:39,13.33924805
3/30/2026 20:44,13.25344727
3/30/2026 20:49,13.21054687
3/30/2026 20:54,13.12474609
3/30/2026 20:59,13.0818457
3/30/2026 21:04,13.03894531
3/30/2026 21:09,12.95314453
3/30/2026 21:14,12.95314453
3/30/2026 21:19,12.86734375
3/30/2026 21:24,12.86734375
3/30/2026 21:29,12.78154297
3/30/2026 21:34,12.73864258
3/30/2026 21:39,12.69574219
3/30/2026 21:44,12.6528418
3/30/2026 21:49,12.56704102
3/30/2026 21:54,12.56704102
3/30/2026 21:59,12.48124023
3/30/2026 22:04,12.39543945
3/30/2026 22:09,12.39543945
3/30/2026 22:14,12.35253906
3/30/2026 22:19,12.26673828
3/30/2026 22:24,12.22383789
3/30/2026 22:29,12.09513672
3/30/2026 22:34,12.09513672
3/30/2026 22:39,12.00933594
3/30/2026 22:44,11.96643555
3/30/2026 22:49,11.96643555
3/30/2026 22:54,11.88063477
3/30/2026 22:59,11.83773437
3/30/2026 23:04,11.79483398
3/30/2026 23:09,11.7090332
3/30/2026 23:14,11.66613281
3/30/2026 23:19,11.62323242
3/30/2026 23:24,11.53743164
3/30/2026 23:29,11.45163086
3/30/2026 23:34,11.45163086
3/30/2026 23:39,11.45163086
3/30/2026 23:44,11.32292969
3/30/2026 23:49,11.2800293
3/30/2026 23:54,11.19422852
3/30/2026 23:59,11.15132813
3/31/2026 0:04,11.10842773
3/31/2026 0:09,11.06552734
3/31/2026 0:14,11.06552734
3/31/2026 0:19,10.97972656
3/31/2026 0:24,10.93682617
3/31/2026 0:29,10.89392578
3/31/2026 0:34,10.808125
3/31/2026 0:39,10.808125
3/31/2026 0:44,10.76522461
3/31/2026 0:49,10.72232422
3/31/2026 0:54,10.63652344
3/31/2026 0:59,10.55072266
3/31/2026 1:04,10.55072266
3/31/2026 1:09,10.55072266
3/31/2026 1:14,10.50782227
3/31/2026 1:19,10.46492188
3/31/2026 1:24,10.42202148
3/31/2026 1:29,10.42202148
3/31/2026 1:34,10.37912109
3/31/2026 1:39,10.3362207
3/31/2026 1:44,10.3362207
3/31/2026 1:49,10.25041992
3/31/2026 1:54,10.20751953
3/31/2026 1:59,10.20751953
3/31/2026 2:04,10.20751953
3/31/2026 2:09,10.20751953
3/31/2026 2:14,10.12171875
3/31/2026 2:19,10.12171875
3/31/2026 2:24,10.03591797
3/31/2026 2:29,10.03591797
3/31/2026 2:34,9.993017578
3/31/2026 2:39,9.907216797
3/31/2026 2:44,9.907216797
3/31/2026 2:49,9.864316406
3/31/2026 2:54,9.821416016
3/31/2026 2:59,9.778515625
3/31/2026 3:04,9.735615234
3/31/2026 3:09,9.692714844
3/31/2026 3:14,9.735615234
3/31/2026 3:19,9.649814453
3/31/2026 3:24,9.606914062
3/31/2026 3:29,9.564013672
3/31/2026 3:34,9.564013672
3/31/2026 3:39,9.478212891
3/31/2026 3:44,9.4353125
3/31/2026 3:49,9.4353125
3/31/2026 3:54,9.349511719
3/31/2026 3:59,9.349511719
3/31/2026 4:04,9.349511719
3/31/2026 4:09,9.263710938
3/31/2026 4:14,9.263710938
3/31/2026 4:19,9.220810547
3/31/2026 4:24,9.220810547
3/31/2026 4:29,9.049208984
3/31/2026 4:34,9.049208984
3/31/2026 4:39,9.049208984
3/31/2026 4:44,9.049208984
3/31/2026 4:49,8.963408203
3/31/2026 4:54,8.963408203
3/31/2026 4:59,8.920507812
3/31/2026 5:04,8.834707031
3/31/2026 5:09,8.834707031
3/31/2026 5:14,8.74890625
3/31/2026 5:19,8.706005859
3/31/2026 5:24,8.706005859
3/31/2026 5:29,8.620205078
3/31/2026 5:34,8.577304687
3/31/2026 5:39,8.577304687
3/31/2026 5:44,8.491503906
3/31/2026 5:49,8.534404297
3/31/2026 5:54,8.448603516
3/31/2026 5:59,8.491503906
3/31/2026 6:04,8.491503906
3/31/2026 6:09,8.405703125
3/31/2026 6:14,8.405703125
3/31/2026 6:19,8.362802734
3/31/2026 6:24,8.362802734
3/31/2026 6:29,8.277001953
3/31/2026 6:34,8.362802734
3/31/2026 6:39,8.277001953
3/31/2026 6:44,8.277001953
3/31/2026 6:49,8.191201172
3/31/2026 6:54,8.191201172
3/31/2026 6:59,8.191201172
3/31/2026 7:04,8.191201172
3/31/2026 7:09,8.191201172
3/31/2026 7:14,8.148300781
3/31/2026 7:19,8.148300781
3/31/2026 7:24,8.105400391
3/31/2026 7:29,8.105400391
3/31/2026 7:34,8.0625
3/31/2026 7:39,8.105400391
3/31/2026 7:44,8.019599609
3/31/2026 7:49,8.0625
3/31/2026 7:54,8.019599609
3/31/2026 7:59,8.019599609
3/31/2026 8:04,8.019599609
3/31/2026 8:09,8.019599609
3/31/2026 8:14,8.019599609
3/31/2026 8:19,8.019599609
3/31/2026 8:24,8.019599609
3/31/2026 8:29,8.019599609
3/31/2026 8:34,7.976699219
3/31/2026 8:39,8.0625
3/31/2026 8:44,8.019599609
3/31/2026 8:49,8.019599609
3/31/2026 8:54,8.019599609
3/31/2026 8:59,8.0625
3/31/2026 9:04,8.019599609
3/31/2026 9:09,8.019599609
3/31/2026 9:14,8.0625
3/31/2026 9:19,8.019599609
3/31/2026 9:24,8.019599609
3/31/2026 9:29,8.0625
3/31/2026 9:34,8.0625
3/31/2026 9:39,8.0625
3/31/2026 9:44,8.105400391
3/31/2026 9:49,8.148300781
3/31/2026 9:54,8.148300781
3/31/2026 9:59,8.234101563
3/31/2026 10:04,8.234101563
3/31/2026 10:09,8.319902344
3/31/2026 10:14,8.405703125
3/31/2026 10:19,8.405703125
3/31/2026 10:24,8.405703125
3/31/2026 10:29,8.448603516
3/31/2026 10:34,8.491503906
3/31/2026 10:39,8.491503906
3/31/2026 10:44,8.534404297
3/31/2026 10:49,8.534404297
3/31/2026 10:54,8.534404297
3/31/2026 10:59,8.620205078
3/31/2026 11:04,8.663105469
3/31/2026 11:09,8.706005859
3/31/2026 11:14,8.791806641
3/31/2026 11:19,8.920507812
3/31/2026 11:24,9.049208984
3/31/2026 11:29,9.263710938
3/31/2026 11:34,9.392412109
3/31/2026 11:39,9.564013672
3/31/2026 11:44,9.692714844
3/31/2026 11:49,9.864316406
3/31/2026 11:54,10.07881836
3/31/2026 11:59,10.12171875
3/31/2026 12:04,10.16461914
3/31/2026 12:09,10.25041992
3/31/2026 12:14,10.29332031
3/31/2026 12:19,10.37912109
3/31/2026 12:24,10.46492188
3/31/2026 12:29,10.59362305
3/31/2026 12:34,10.67942383
3/31/2026 12:39,10.76522461
3/31/2026 12:44,10.85102539
3/31/2026 12:49,10.89392578
3/31/2026 12:54,10.97972656
3/31/2026 12:59,10.97972656
3/31/2026 13:04,11.06552734
3/31/2026 13:09,11.19422852
3/31/2026 13:14,11.32292969
3/31/2026 13:19,11.49453125
3/31/2026 13:24,11.58033203
3/31/2026 13:29,11.7090332
3/31/2026 13:34,11.79483398
3/31/2026 13:39,11.92353516
3/31/2026 13:44,12.00933594
3/31/2026 13:49,12.09513672
3/31/2026 13:54,12.1809375
3/31/2026 13:59,12.26673828
3/31/2026 14:04,12.39543945
3/31/2026 14:09,12.43833984
3/31/2026 14:14,12.56704102
3/31/2026 14:19,12.56704102
3/31/2026 14:24,12.6528418
3/31/2026 14:29,12.69574219
3/31/2026 14:34,12.78154297
3/31/2026 14:39,12.86734375
3/31/2026 14:44,12.91024414
3/31/2026 14:49,12.95314453
3/31/2026 14:54,12.95314453
3/31/2026 14:59,12.99604492
3/31/2026 15:04,13.0818457
3/31/2026 15:09,13.12474609
3/31/2026 15:14,13.16764648
3/31/2026 15:19,13.16764648
3/31/2026 15:24,13.16764648
3/31/2026 15:29,13.21054687
3/31/2026 15:34,13.25344727
3/31/2026 15:39,13.33924805
3/31/2026 15:44,13.29634766
3/31/2026 15:49,13.38214844
3/31/2026 15:54,13.38214844
3/31/2026 15:59,13.33924805
3/31/2026 16:04,13.33924805
3/31/2026 16:09,13.29634766
3/31/2026 16:14,13.29634766
3/31/2026 16:19,13.38214844
3/31/2026 16:24,13.33924805
3/31/2026 16:29,13.29634766
3/31/2026 16:34,13.25344727
3/31/2026 16:39,13.21054687
3/31/2026 16:44,12.56704102
3/31/2026 16:49,13.0818457
3/31/2026 16:54,12.99604492
3/31/2026 16:59,13.03894531
3/31/2026 17:04,13.03894531
3/31/2026 17:09,12.91024414
3/31/2026 17:14,12.91024414
3/31/2026 17:19,12.86734375
3/31/2026 17:24,12.86734375
3/31/2026 17:29,12.73864258
3/31/2026 17:34,12.69574219
3/31/2026 17:39,12.6528418
3/31/2026 17:44,12.60994141
3/31/2026 17:49,12.60994141
3/31/2026 17:54,12.52414063
3/31/2026 17:59,12.43833984
3/31/2026 18:04,12.30963867
3/31/2026 18:09,12.26673828
3/31/2026 18:14,12.22383789
3/31/2026 18:19,12.13803711
3/31/2026 18:24,12.09513672
3/31/2026 18:29,12.09513672
3/31/2026 18:34,11.96643555
3/31/2026 18:39,11.92353516
3/31/2026 18:44,11.83773437
3/31/2026 18:49,11.83773437
3/31/2026 18:54,11.79483398
3/31/2026 18:59,11.7090332
3/31/2026 19:04,11.66613281
3/31/2026 19:09,11.62323242
3/31/2026 19:14,11.58033203
3/31/2026 19:19,11.53743164
3/31/2026 19:24,11.49453125
3/31/2026 19:29,11.40873047
3/31/2026 19:34,11.40873047
3/31/2026 19:39,11.36583008
3/31/2026 19:44,11.32292969
3/31/2026 19:49,11.23712891
3/31/2026 19:54,11.23712891
3/31/2026 19:59,11.15132813
3/31/2026 20:04,11.06552734
3/31/2026 20:09,11.06552734
3/31/2026 20:14,11.02262695
3/31/2026 20:19,10.93682617
3/31/2026 20:24,10.89392578
3/31/2026 20:29,10.89392578
3/31/2026 20:34,10.808125
3/31/2026 20:39,10.72232422
3/31/2026 20:44,10.67942383
3/31/2026 20:49,10.63652344
3/31/2026 20:54,10.59362305
3/31/2026 20:59,10.55072266
3/31/2026 21:04,10.46492188
3/31/2026 21:09,10.42202148
3/31/2026 21:14,10.37912109
3/31/2026 21:19,10.29332031
3/31/2026 21:24,10.25041992
3/31/2026 21:29,10.20751953
3/31/2026 21:34,10.16461914
3/31/2026 21:39,10.07881836
3/31/2026 21:44,10.03591797
3/31/2026 21:49,9.993017578
3/31/2026 21:54,9.907216797
3/31/2026 21:59,9.950117187
3/31/2026 22:04,9.864316406
3/31/2026 22:09,9.778515625
3/31/2026 22:14,9.735615234
3/31/2026 22:19,9.692714844
3/31/2026 22:24,9.649814453
3/31/2026 22:29,9.606914062
3/31/2026 22:34,9.521113281
3/31/2026 22:39,9.4353125
3/31/2026 22:44,9.392412109
3/31/2026 22:49,9.349511719
3/31/2026 22:54,9.263710938
3/31/2026 22:59,9.220810547
3/31/2026 23:04,9.220810547
3/31/2026 23:09,9.135009766
3/31/2026 23:14,9.092109375
3/31/2026 23:19,9.049208984
3/31/2026 23:24,9.006308594
3/31/2026 23:29,8.920507812
3/31/2026 23:34,8.920507812
3/31/2026 23:39,8.834707031
3/31/2026 23:44,8.74890625
3/31/2026 23:49,8.791806641
3/31/2026 23:54,8.706005859
3/31/2026 23:59,8.706005859
4/1/2026 0:04,8.620205078
4/1/2026 0:09,8.577304687
4/1/2026 0:14,8.534404297
4/1/2026 0:19,8.448603516
4/1/2026 0:24,8.448603516
4/1/2026 0:29,8.405703125
4/1/2026 0:34,8.405703125
4/1/2026 0:39,8.362802734
4/1/2026 0:44,8.319902344
4/1/2026 0:49,8.277001953
4/1/2026 0:54,8.234101563
4/1/2026 0:59,8.191201172
4/1/2026 1:04,8.191201172
4/1/2026 1:09,8.148300781
4/1/2026 1:14,8.105400391
4/1/2026 1:19,8.105400391
4/1/2026 1:24,8.0625
4/1/2026 1:29,7.976699219
4/1/2026 1:34,7.933798828
4/1/2026 1:39,8.019599609
4/1/2026 1:44,7.976699219
4/1/2026 1:49,7.933798828
4/1/2026 1:54,7.847998047
4/1/2026 1:59,7.805097656
4/1/2026 2:04,7.805097656
4/1/2026 2:09,7.805097656
4/1/2026 2:14,7.719296875
4/1/2026 2:19,7.719296875
4/1/2026 2:24,7.676396484
4/1/2026 2:29,7.676396484
4/1/2026 2:34,7.633496094
4/1/2026 2:39,7.547695312
4/1/2026 2:44,7.547695312
4/1/2026 2:49,7.547695312
4/1/2026 2:54,7.504794922
4/1/2026 2:59,7.461894531
4/1/2026 3:04,7.37609375
4/1/2026 3:09,7.37609375
4/1/2026 3:14,7.37609375
4/1/2026 3:19,7.333193359
4/1/2026 3:24,7.290292969
4/1/2026 3:29,7.290292969
4/1/2026 3:34,7.204492188
4/1/2026 3:39,7.204492188
4/1/2026 3:44,7.204492188
4/1/2026 3:49,7.118691406
4/1/2026 3:54,7.118691406
4/1/2026 3:59,7.075791016
4/1/2026 4:04,7.032890625
4/1/2026 4:09,7.032890625
4/1/2026 4:14,7.075791016
4/1/2026 4:19,6.989990234
4/1/2026 4:24,6.989990234
4/1/2026 4:29,6.947089844
4/1/2026 4:34,6.947089844
4/1/2026 4:39,6.947089844
4/1/2026 4:44,6.904189453
4/1/2026 4:49,6.818388672
4/1/2026 4:54,6.818388672
4/1/2026 4:59,6.818388672
4/1/2026 5:04,6.775488281
4/1/2026 5:09,6.775488281
4/1/2026 5:14,6.732587891
4/1/2026 5:19,6.646787109
4/1/2026 5:24,6.646787109
4/1/2026 5:29,6.6896875
4/1/2026 5:34,6.646787109
4/1/2026 5:39,6.6896875
4/1/2026 5:44,6.646787109
4/1/2026 5:49,6.6896875
4/1/2026 5:54,6.6896875
4/1/2026 5:59,6.6896875
4/1/2026 6:04,6.6896875
4/1/2026 6:09,6.6896875
4/1/2026 6:14,6.732587891
4/1/2026 6:19,6.732587891
4/1/2026 6:24,6.6896875
4/1/2026 6:29,6.646787109
4/1/2026 6:34,6.6896875
4/1/2026 6:39,6.646787109
4/1/2026 6:44,6.646787109
4/1/2026 6:49,6.646787109
4/1/2026 6:54,6.646787109
4/1/2026 6:59,6.646787109
4/1/2026 7:04,6.646787109
4/1/2026 7:09,6.6896875
4/1/2026 7:14,6.646787109
4/1/2026 7:19,6.646787109
4/1/2026 7:24,6.646787109
4/1/2026 7:29,6.603886719
4/1/2026 7:34,6.646787109
4/1/2026 7:39,6.646787109
4/1/2026 7:44,6.646787109
4/1/2026 7:49,6.6896875
4/1/2026 7:54,6.646787109
4/1/2026 7:59,6.6896875
4/1/2026 8:04,6.732587891
4/1/2026 8:09,6.646787109
4/1/2026 8:14,6.6896875
4/1/2026 8:19,6.6896875
4/1/2026 8:24,6.732587891
4/1/2026 8:29,6.646787109
4/1/2026 8:34,6.732587891
4/1/2026 8:39,6.818388672
4/1/2026 8:44,6.861289062
4/1/2026 8:49,6.818388672
4/1/2026 8:54,6.861289062
4/1/2026 8:59,6.904189453
4/1/2026 9:04,6.861289062
4/1/2026 9:09,6.989990234
4/1/2026 9:14,6.947089844
4/1/2026 9:19,6.904189453
4/1/2026 9:24,6.947089844
4/1/2026 9:29,7.075791016
4/1/2026 9:34,7.075791016
4/1/2026 9:39,7.204492188
4/1/2026 9:44,7.290292969
4/1/2026 9:49,7.333193359
4/1/2026 9:54,7.37609375
4/1/2026 9:59,7.418994141
4/1/2026 10:04,7.461894531
4/1/2026 10:09,7.547695312
4/1/2026 10:14,7.676396484
4/1/2026 10:19,7.805097656
4/1/2026 10:24,7.890898437
4/1/2026 10:29,7.976699219
4/1/2026 10:34,8.148300781
4/1/2026 10:39,8.148300781
4/1/2026 10:44,8.148300781
4/1/2026 10:49,8.319902344
4/1/2026 10:54,8.319902344
4/1/2026 10:59,8.362802734
4/1/2026 11:04,8.405703125
4/1/2026 11:09,8.405703125
4/1/2026 11:14,8.448603516
4/1/2026 11:19,8.491503906
4/1/2026 11:24,8.491503906
4/1/2026 11:29,8.491503906
4/1/2026 11:34,8.491503906
4/1/2026 11:39,8.448603516
4/1/2026 11:44,8.448603516
4/1/2026 11:49,8.448603516
4/1/2026 11:54,8.491503906
4/1/2026 11:59,8.491503906
4/1/2026 12:04,8.448603516
4/1/2026 12:09,8.491503906
4/1/2026 12:14,8.448603516
4/1/2026 12:19,8.448603516
4/1/2026 12:24,8.448603516
4/1/2026 12:29,8.491503906
4/1/2026 12:34,8.491503906
4/1/2026 12:39,8.448603516
4/1/2026 12:44,8.491503906
4/1/2026 12:49,8.534404297
4/1/2026 12:54,8.577304687
4/1/2026 12:59,8.534404297
4/1/2026 13:04,8.491503906
4/1/2026 13:09,8.491503906
4/1/2026 13:14,8.534404297
4/1/2026 13:19,8.534404297
4/1/2026 13:24,8.491503906
4/1/2026 13:29,8.577304687
4/1/2026 13:34,8.534404297
4/1/2026 13:39,8.620205078
4/1/2026 13:44,8.663105469
4/1/2026 13:49,8.877607422
4/1/2026 13:54,8.920507812
4/1/2026 13:59,9.006308594
4/1/2026 14:04,9.006308594
4/1/2026 14:09,9.049208984
4/1/2026 14:14,9.177910156
4/1/2026 14:19,9.135009766
4/1/2026 14:24,9.177910156
4/1/2026 14:29,9.263710938
4/1/2026 14:34,9.220810547
4/1/2026 14:39,9.263710938
4/1/2026 14:44,9.263710938
4/1/2026 14:49,9.263710938
4/1/2026 14:54,9.263710938
4/1/2026 14:59,9.263710938
4/1/2026 15:04,9.135009766
4/1/2026 15:09,9.135009766
4/1/2026 15:14,9.135009766
4/1/2026 15:19,9.135009766
4/1/2026 15:24,9.092109375
4/1/2026 15:29,9.049208984
4/1/2026 15:34,8.920507812
4/1/2026 15:39,8.963408203
4/1/2026 15:44,8.920507812
4/1/2026 15:49,8.920507812
4/1/2026 15:54,8.877607422
4/1/2026 15:59,8.877607422
4/1/2026 16:04,8.834707031
4/1/2026 16:09,8.791806641
4/1/2026 16:14,8.706005859
4/1/2026 16:19,8.706005859
4/1/2026 16:24,8.663105469
4/1/2026 16:29,8.663105469
4/1/2026 16:34,8.577304687
4/1/2026 16:39,8.620205078
4/1/2026 16:44,8.620205078
4/1/2026 16:49,8.577304687
4/1/2026 16:54,8.577304687
4/1/2026 16:59,8.577304687
4/1/2026 17:04,8.534404297
4/1/2026 17:09,8.534404297
4/1/2026 17:14,8.577304687
4/1/2026 17:19,8.534404297
4/1/2026 17:24,8.491503906
4/1/2026 17:29,8.534404297
4/1/2026 17:34,8.534404297
4/1/2026 17:39,8.491503906
4/1/2026 17:44,8.448603516
4/1/2026 17:49,8.491503906
4/1/2026 17:54,8.448603516
4/1/2026 17:59,8.448603516
4/1/2026 18:04,8.448603516
4/1/2026 18:09,8.448603516
4/1/2026 18:14,8.448603516
4/1/2026 18:19,8.491503906
4/1/2026 18:24,8.448603516
4/1/2026 18:29,8.491503906
4/1/2026 18:34,8.448603516
4/1/2026 18:39,8.534404297
4/1/2026 18:44,8.448603516
4/1/2026 18:49,8.448603516
4/1/2026 18:54,8.448603516
4/1/2026 18:59,8.448603516
4/1/2026 19:04,8.362802734
4/1/2026 19:09,8.319902344
4/1/2026 19:14,8.405703125
4/1/2026 19:19,8.319902344
4/1/2026 19:24,8.362802734
4/1/2026 19:29,8.319902344
4/1/2026 19:34,8.277001953
4/1/2026 19:39,8.319902344
4/1/2026 19:44,8.277001953
4/1/2026 19:49,8.234101563
4/1/2026 19:54,8.234101563
4/1/2026 19:59,8.105400391
4/1/2026 20:04,8.105400391
4/1/2026 20:09,8.105400391
4/1/2026 20:14,8.0625
4/1/2026 20:19,8.0625
4/1/2026 20:24,8.105400391
4/1/2026 20:29,8.019599609
4/1/2026 20:34,8.019599609
4/1/2026 20:39,8.019599609
4/1/2026 20:44,8.019599609
4/1/2026 20:49,7.933798828
4/1/2026 20:54,7.976699219
4/1/2026 20:59,7.976699219
4/1/2026 21:04,7.933798828
4/1/2026 21:09,7.933798828
4/1/2026 21:14,7.890898437
4/1/2026 21:19,7.805097656
4/1/2026 21:24,7.847998047
4/1/2026 21:29,7.890898437
4/1/2026 21:34,7.805097656
4/1/2026 21:39,7.805097656
4/1/2026 21:44,7.762197266
4/1/2026 21:49,7.762197266
4/1/2026 21:54,7.762197266
4/1/2026 21:59,7.762197266
4/1/2026 22:04,7.762197266
4/1/2026 22:09,7.719296875
4/1/2026 22:14,7.719296875
4/1/2026 22:19,7.762197266
4/1/2026 22:24,7.719296875
4/1/2026 22:29,7.719296875
4/1/2026 22:34,7.676396484
4/1/2026 22:39,7.676396484
4/1/2026 22:44,7.676396484
4/1/2026 22:49,7.676396484
4/1/2026 22:54,7.633496094
4/1/2026 22:59,7.547695312
4/1/2026 23:04,7.590595703
4/1/2026 23:09,7.590595703
4/1/2026 23:14,7.547695312
4/1/2026 23:19,7.504794922
4/1/2026 23:24,7.418994141
4/1/2026 23:29,7.37609375
4/1/2026 23:34,7.37609375
4/1/2026 23:39,7.333193359
4/1/2026 23:44,7.37609375
4/1/2026 23:49,7.333193359
4/1/2026 23:54,7.37609375
4/1/2026 23:59,7.333193359
4/2/2026 0:04,7.333193359
4/2/2026 0:09,7.37609375
4/2/2026 0:14,7.290292969
4/2/2026 0:19,7.37609375
4/2/2026 0:24,7.247392578
4/2/2026 0:29,7.247392578
4/2/2026 0:34,7.247392578
4/2/2026 0:39,7.290292969
4/2/2026 0:44,7.204492188
4/2/2026 0:49,7.204492188
4/2/2026 0:54,7.204492188
4/2/2026 0:59,7.161591797
4/2/2026 1:04,7.118691406
4/2/2026 1:09,6.989990234
4/2/2026 1:14,7.075791016
4/2/2026 1:19,6.989990234
4/2/2026 1:24,6.989990234
4/2/2026 1:29,7.032890625
4/2/2026 1:34,6.989990234
4/2/2026 1:39,6.947089844
4/2/2026 1:44,6.904189453
4/2/2026 1:49,6.947089844
4/2/2026 1:54,6.904189453
4/2/2026 1:59,6.947089844
4/2/2026 2:04,6.904189453
4/2/2026 2:09,6.947089844
4/2/2026 2:14,6.947089844
4/2/2026 2:19,6.904189453
4/2/2026 2:24,6.947089844
4/2/2026 2:29,6.947089844
4/2/2026 2:34,6.947089844
4/2/2026 2:39,6.904189453
4/2/2026 2:44,6.904189453
4/2/2026 2:49,6.904189453
4/2/2026 2:54,6.861289062
4/2/2026 2:59,6.775488281
4/2/2026 3:04,6.818388672
4/2/2026 3:09,6.775488281
4/2/2026 3:14,6.775488281
4/2/2026 3:19,6.732587891
4/2/2026 3:24,6.732587891
4/2/2026 3:29,6.6896875
4/2/2026 3:34,6.6896875
4/2/2026 3:39,6.646787109
4/2/2026 3:44,6.6896875
4/2/2026 3:49,6.646787109
4/2/2026 3:54,6.646787109
4/2/2026 3:59,6.603886719
4/2/2026 4:04,6.603886719
4/2/2026 4:09,6.603886719
4/2/2026 4:14,6.518085937
4/2/2026 4:19,6.518085937
4/2/2026 4:24,6.518085937
4/2/2026 4:29,6.475185547
4/2/2026 4:34,6.475185547
4/2/2026 4:39,6.475185547
4/2/2026 4:44,6.475185547
4/2/2026 4:49,6.475185547
4/2/2026 4:54,6.389384766
4/2/2026 4:59,6.432285156
4/2/2026 5:04,6.389384766
4/2/2026 5:09,6.389384766
4/2/2026 5:14,6.389384766
4/2/2026 5:19,6.432285156
4/2/2026 5:24,6.389384766
4/2/2026 5:29,6.389384766
4/2/2026 5:34,6.346484375
4/2/2026 5:39,6.432285156
4/2/2026 5:44,6.303583984
4/2/2026 5:49,6.346484375
4/2/2026 5:54,6.346484375
4/2/2026 5:59,6.346484375
4/2/2026 6:04,6.346484375
4/2/2026 6:09,6.389384766
4/2/2026 6:14,6.389384766
4/2/2026 6:19,6.432285156
4/2/2026 6:24,6.346484375
4/2/2026 6:29,6.389384766
4/2/2026 6:34,6.303583984
4/2/2026 6:39,6.346484375
4/2/2026 6:44,6.389384766
4/2/2026 6:49,6.389384766
4/2/2026 6:54,6.432285156
4/2/2026 6:59,6.346484375
4/2/2026 7:04,6.346484375
4/2/2026 7:09,6.303583984
4/2/2026 7:14,6.303583984
4/2/2026 7:19,6.303583984
4/2/2026 7:24,6.303583984
4/2/2026 7:29,6.346484375
4/2/2026 7:34,6.260683594
4/2/2026 7:39,6.217783203
4/2/2026 7:44,6.217783203
4/2/2026 7:49,6.260683594
4/2/2026 7:54,6.260683594
4/2/2026 7:59,6.260683594
4/2/2026 8:04,6.303583984
4/2/2026 8:09,6.260683594
4/2/2026 8:14,6.260683594
4/2/2026 8:19,6.174882813
4/2/2026 8:24,6.217783203
4/2/2026 8:29,6.174882813
4/2/2026 8:34,6.131982422
4/2/2026 8:39,6.174882813
4/2/2026 8:44,6.131982422
4/2/2026 8:49,6.174882813
4/2/2026 8:54,6.131982422
4/2/2026 8:59,6.131982422
4/2/2026 9:04,6.131982422
4/2/2026 9:09,6.131982422
4/2/2026 9:14,6.131982422
4/2/2026 9:19,6.131982422
4/2/2026 9:24,6.089082031
4/2/2026 9:29,6.089082031
4/2/2026 9:34,6.131982422
4/2/2026 9:39,6.131982422
4/2/2026 9:44,6.089082031
4/2/2026 9:49,6.131982422
4/2/2026 9:54,6.131982422
4/2/2026 9:59,6.131982422
4/2/2026 10:04,6.131982422
4/2/2026 10:09,6.131982422
4/2/2026 10:14,6.131982422
4/2/2026 10:19,6.131982422
4/2/2026 10:24,6.174882813
4/2/2026 10:29,6.131982422
4/2/2026 10:34,6.089082031
4/2/2026 10:39,6.089082031
4/2/2026 10:44,6.089082031
4/2/2026 10:49,6.131982422
4/2/2026 10:54,6.131982422
4/2/2026 10:59,6.131982422
4/2/2026 11:04,6.131982422
4/2/2026 11:09,6.131982422
4/2/2026 11:14,6.174882813
4/2/2026 11:19,6.131982422
4/2/2026 11:24,6.174882813
4/2/2026 11:29,6.217783203
4/2/2026 11:34,6.174882813
4/2/2026 11:39,6.217783203
4/2/2026 11:44,6.174882813
4/2/2026 11:49,6.217783203
4/2/2026 11:54,6.174882813
4/2/2026 11:59,6.131982422
4/2/2026 12:04,6.174882813
4/2/2026 12:09,6.217783203
4/2/2026 12:14,6.174882813
4/2/2026 12:19,6.131982422
4/2/2026 12:24,6.131982422
4/2/2026 12:29,6.174882813
4/2/2026 12:34,6.174882813
4/2/2026 12:39,6.174882813
4/2/2026 12:44,6.131982422
4/2/2026 12:49,6.131982422
4/2/2026 12:54,6.131982422
4/2/2026 12:59,6.131982422
4/2/2026 13:04,6.131982422
4/2/2026 13:09,6.131982422
4/2/2026 13:14,6.174882813
4/2/2026 13:19,6.131982422
4/2/2026 13:24,6.174882813
4/2/2026 13:29,6.174882813
4/2/2026 13:34,6.174882813
4/2/2026 13:39,6.131982422
4/2/2026 13:44,6.131982422
4/2/2026 13:49,6.174882813
4/2/2026 13:54,6.174882813
4/2/2026 13:59,6.174882813
4/2/2026 14:04,6.131982422
4/2/2026 14:09,6.131982422
4/2/2026 14:14,6.174882813
4/2/2026 14:19,6.131982422
4/2/2026 14:24,6.131982422
4/2/2026 14:29,6.131982422
4/2/2026 14:34,6.089082031
4/2/2026 14:39,6.046181641
4/2/2026 14:44,6.089082031
4/2/2026 14:49,6.046181641
4/2/2026 14:54,6.046181641
4/2/2026 14:59,6.046181641
4/2/2026 15:04,6.046181641
4/2/2026 15:09,6.046181641
4/2/2026 15:14,6.089082031
4/2/2026 15:19,6.089082031
4/2/2026 15:24,6.089082031
4/2/2026 15:29,6.131982422
4/2/2026 15:34,6.174882813
4/2/2026 15:39,6.217783203
4/2/2026 15:44,6.174882813
4/2/2026 15:49,6.217783203
4/2/2026 15:54,6.217783203
4/2/2026 15:59,6.217783203
4/2/2026 16:04,6.217783203
4/2/2026 16:09,6.260683594
4/2/2026 16:14,6.303583984
4/2/2026 16:19,6.303583984
4/2/2026 16:24,6.346484375
4/2/2026 16:29,6.346484375
4/2/2026 16:34,6.389384766
4/2/2026 16:39,6.432285156
4/2/2026 16:44,6.432285156
4/2/2026 16:49,6.432285156
4/2/2026 16:54,6.432285156
4/2/2026 16:59,6.432285156
4/2/2026 17:04,6.475185547
4/2/2026 17:09,6.560986328
4/2/2026 17:14,6.560986328
4/2/2026 17:19,6.560986328
4/2/2026 17:24,6.560986328
4/2/2026 17:29,6.603886719
4/2/2026 17:34,6.518085937
4/2/2026 17:39,6.560986328
4/2/2026 17:44,6.603886719
4/2/2026 17:49,6.646787109
4/2/2026 17:54,6.646787109
4/2/2026 17:59,6.646787109
4/2/2026 18:04,6.646787109
4/2/2026 18:09,6.6896875
4/2/2026 18:14,6.646787109
4/2/2026 18:19,6.6896875
4/2/2026 18:24,6.6896875
4/2/2026 18:29,6.732587891
4/2/2026 18:34,6.732587891
4/2/2026 18:39,6.775488281
4/2/2026 18:44,6.732587891
4/2/2026 18:49,6.775488281
4/2/2026 18:54,6.775488281
4/2/2026 18:59,6.775488281
4/2/2026 19:04,6.732587891
4/2/2026 19:09,6.775488281
4/2/2026 19:14,6.818388672
4/2/2026 19:19,6.775488281
4/2/2026 19:24,6.775488281
4/2/2026 19:29,6.775488281
4/2/2026 19:34,6.732587891
4/2/2026 19:39,6.775488281
4/2/2026 19:44,6.775488281
4/2/2026 19:49,6.775488281
4/2/2026 19:54,6.775488281
4/2/2026 19:59,6.732587891
4/2/2026 20:04,6.732587891
4/2/2026 20:09,6.775488281
4/2/2026 20:14,6.775488281
4/2/2026 20:19,6.732587891
4/2/2026 20:24,6.775488281
4/2/2026 20:29,6.6896875
4/2/2026 20:34,6.732587891
4/2/2026 20:39,6.732587891
4/2/2026 20:44,6.732587891
4/2/2026 20:49,6.6896875
4/2/2026 20:54,6.732587891
4/2/2026 20:59,6.732587891
4/2/2026 21:04,6.6896875
4/2/2026 21:09,6.6896875
4/2/2026 21:14,6.732587891
4/2/2026 21:19,6.6896875
4/2/2026 21:24,6.646787109
4/2/2026 21:29,6.732587891
4/2/2026 21:34,6.6896875
4/2/2026 21:39,6.6896875
4/2/2026 21:44,6.732587891
4/2/2026 21:49,6.6896875
4/2/2026 21:54,6.646787109
4/2/2026 21:59,6.6896875
4/2/2026 22:04,6.6896875
4/2/2026 22:09,6.646787109
4/2/2026 22:14,6.603886719
4/2/2026 22:19,6.646787109
4/2/2026 22:24,6.603886719
4/2/2026 22:29,6.603886719
4/2/2026 22:34,6.560986328
4/2/2026 22:39,6.560986328
4/2/2026 22:44,6.560986328
4/2/2026 22:49,6.560986328
4/2/2026 22:54,6.518085937
4/2/2026 22:59,6.518085937
4/2/2026 23:04,6.560986328
4/2/2026 23:09,6.518085937
4/2/2026 23:14,6.518085937
4/2/2026 23:19,6.475185547
4/2/2026 23:24,6.475185547
4/2/2026 23:29,6.432285156
4/2/2026 23:34,6.475185547
4/2/2026 23:39,6.432285156
4/2/2026 23:44,6.475185547
4/2/2026 23:49,6.389384766
4/2/2026 23:54,6.389384766
4/2/2026 23:59,6.389384766
4/3/2026 0:04,6.389384766
4/3/2026 0:09,6.346484375
4/3/2026 0:14,6.346484375
4/3/2026 0:19,6.389384766
4/3/2026 0:24,6.389384766
4/3/2026 0:29,6.303583984
4/3/2026 0:34,6.303583984
4/3/2026 0:39,6.346484375
4/3/2026 0:44,6.260683594
4/3/2026 0:49,6.346484375
4/3/2026 0:54,6.303583984
4/3/2026 0:59,6.346484375
4/3/2026 1:04,6.303583984
4/3/2026 1:09,6.260683594
4/3/2026 1:14,6.260683594
4/3/2026 1:19,6.260683594
4/3/2026 1:24,6.217783203
4/3/2026 1:29,6.217783203
4/3/2026 1:34,6.260683594
4/3/2026 1:39,6.260683594
4/3/2026 1:44,6.303583984
4/3/2026 1:49,6.217783203
4/3/2026 1:54,6.217783203
4/3/2026 1:59,6.217783203
4/3/2026 2:04,6.174882813
4/3/2026 2:09,6.217783203
4/3/2026 2:14,6.217783203
4/3/2026 2:19,6.174882813
4/3/2026 2:24,6.217783203
4/3/2026 2:29,6.174882813
4/3/2026 2:34,6.174882813
4/3/2026 2:39,6.217783203
4/3/2026 2:44,6.174882813
4/3/2026 2:49,6.217783203
4/3/2026 2:54,6.174882813
4/3/2026 2:59,6.174882813
4/3/2026 3:04,6.174882813
4/3/2026 3:09,6.131982422
4/3/2026 3:14,6.131982422
4/3/2026 3:19,6.131982422
4/3/2026 3:24,6.089082031
4/3/2026 3:29,6.131982422
4/3/2026 3:34,6.089082031
4/3/2026 3:39,6.131982422
4/3/2026 3:44,6.089082031
4/3/2026 3:49,6.131982422
4/3/2026 3:54,6.089082031
4/3/2026 3:59,6.046181641
4/3/2026 4:04,6.131982422
4/3/2026 4:09,6.089082031
4/3/2026 4:14,6.046181641
4/3/2026 4:19,6.131982422
4/3/2026 4:24,6.089082031
4/3/2026 4:29,6.046181641
4/3/2026 4:34,6.089082031
4/3/2026 4:39,6.089082031
4/3/2026 4:44,6.00328125
4/3/2026 4:49,6.046181641
4/3/2026 4:54,6.00328125
4/3/2026 4:59,6.046181641
4/3/2026 5:04,6.00328125
4/3/2026 5:09,5.960380859
4/3/2026 5:14,5.960380859
4/3/2026 5:19,5.960380859
4/3/2026 5:24,5.960380859
4/3/2026 5:29,5.960380859
4/3/2026 5:34,6.00328125
4/3/2026 5:39,6.00328125
4/3/2026 5:44,5.960380859
4/3/2026 5:49,5.960380859
4/3/2026 5:54,5.960380859
4/3/2026 5:59,5.917480469
4/3/2026 6:04,5.960380859
4/3/2026 6:09,5.960380859
4/3/2026 6:14,5.917480469
4/3/2026 6:19,6.00328125
4/3/2026 6:24,5.960380859
4/3/2026 6:29,6.00328125
4/3/2026 6:34,5.960380859
4/3/2026 6:39,5.960380859
4/3/2026 6:44,5.960380859
4/3/2026 6:49,5.917480469
4/3/2026 6:54,5.874580078
4/3/2026 6:59,5.917480469
4/3/2026 7:04,5.874580078
4/3/2026 7:09,5.917480469
4/3/2026 7:14,5.960380859
4/3/2026 7:19,5.960380859
4/3/2026 7:24,5.917480469
4/3/2026 7:29,5.917480469
4/3/2026 7:34,5.874580078
4/3/2026 7:39,5.960380859
4/3/2026 7:44,5.960380859
4/3/2026 7:49,5.917480469
4/3/2026 7:54,5.917480469
4/3/2026 7:59,6.00328125
4/3/2026 8:04,5.960380859
4/3/2026 8:09,5.960380859
4/3/2026 8:14,6.00328125
4/3/2026 8:19,6.00328125
4/3/2026 8:24,5.960380859
4/3/2026 8:29,5.960380859
4/3/2026 8:34,6.00328125
4/3/2026 8:39,5.960380859
4/3/2026 8:44,5.960380859
4/3/2026 8:49,6.00328125
4/3/2026 8:54,5.960380859
4/3/2026 8:59,6.00328125
4/3/2026 9:04,6.046181641
4/3/2026 9:09,6.089082031
4/3/2026 9:14,6.089082031
4/3/2026 9:19,6.131982422
4/3/2026 9:24,6.174882813
4/3/2026 9:29,6.217783203
4/3/2026 9:34,6.217783203
4/3/2026 9:39,6.346484375
4/3/2026 9:44,6.303583984
4/3/2026 9:49,6.303583984
4/3/2026 9:54,6.346484375
4/3/2026 9:59,6.475185547
4/3/2026 10:04,6.432285156
4/3/2026 10:09,6.475185547
4/3/2026 10:14,6.518085937
4/3/2026 10:19,6.518085937
4/3/2026 10:24,6.560986328
4/3/2026 10:29,6.6896875
4/3/2026 10:34,6.904189453
4/3/2026 10:39,7.075791016
4/3/2026 10:44,7.204492188
4/3/2026 10:49,7.118691406
4/3/2026 10:54,7.161591797
4/3/2026 10:59,7.204492188
4/3/2026 11:04,7.161591797
4/3/2026 11:09,7.161591797
4/3/2026 11:14,7.204492188
4/3/2026 11:19,7.161591797
4/3/2026 11:24,7.118691406
4/3/2026 11:29,7.118691406
4/3/2026 11:34,7.118691406
4/3/2026 11:39,7.161591797
4/3/2026 11:44,7.118691406
4/3/2026 11:49,7.161591797
4/3/2026 11:54,7.161591797
4/3/2026 11:59,7.161591797
4/3/2026 12:04,7.118691406
4/3/2026 12:09,7.118691406
4/3/2026 12:14,7.204492188
4/3/2026 12:19,7.204492188
4/3/2026 12:24,7.204492188
4/3/2026 12:29,7.204492188
4/3/2026 12:34,7.161591797
4/3/2026 12:39,7.161591797
4/3/2026 12:44,7.204492188
4/3/2026 12:49,7.204492188
4/3/2026 12:54,7.247392578
4/3/2026 12:59,7.247392578
4/3/2026 13:04,7.247392578
4/3/2026 13:09,7.247392578
4/3/2026 13:14,7.333193359
4/3/2026 13:19,7.333193359
4/3/2026 13:24,7.333193359
4/3/2026 13:29,7.37609375
4/3/2026 13:34,7.418994141
4/3/2026 13:39,7.418994141
4/3/2026 13:44,7.461894531
4/3/2026 13:49,7.461894531
4/3/2026 13:54,7.547695312
4/3/2026 13:59,7.676396484
4/3/2026 14:04,7.633496094
4/3/2026 14:09,7.719296875
4/3/2026 14:14,7.676396484
4/3/2026 14:19,7.676396484
4/3/2026 14:24,7.676396484
4/3/2026 14:29,7.762197266
4/3/2026 14:34,7.762197266
4/3/2026 14:39,7.762197266
4/3/2026 14:44,7.762197266
4/3/2026 14:49,7.762197266
4/3/2026 14:54,7.805097656
4/3/2026 14:59,7.805097656
4/3/2026 15:04,7.805097656
4/3/2026 15:09,7.805097656
4/3/2026 15:14,7.805097656
4/3/2026 15:19,7.762197266
4/3/2026 15:24,7.762197266
4/3/2026 15:29,7.676396484
4/3/2026 15:34,7.719296875
4/3/2026 15:39,7.633496094
4/3/2026 15:44,7.676396484
4/3/2026 15:49,7.590595703
4/3/2026 15:54,7.547695312
4/3/2026 15:59,7.590595703
4/3/2026 16:04,7.547695312
4/3/2026 16:09,7.504794922
4/3/2026 16:14,7.504794922
4/3/2026 16:19,7.504794922
4/3/2026 16:24,7.461894531
4/3/2026 16:29,7.504794922
4/3/2026 16:34,7.461894531
4/3/2026 16:39,7.461894531
4/3/2026 16:44,7.461894531
4/3/2026 16:49,7.418994141
4/3/2026 16:54,7.418994141
4/3/2026 16:59,7.418994141
4/3/2026 17:04,7.418994141
4/3/2026 17:09,7.37609375
4/3/2026 17:14,7.37609375
4/3/2026 17:19,7.333193359
4/3/2026 17:24,7.333193359
4/3/2026 17:29,7.290292969
4/3/2026 17:34,7.290292969
4/3/2026 17:39,7.247392578
4/3/2026 17:44,7.290292969
4/3/2026 17:49,7.247392578
4/3/2026 17:54,7.290292969
4/3/2026 17:59,7.290292969
4/3/2026 18:04,7.204492188
4/3/2026 18:09,7.204492188
4/3/2026 18:14,7.161591797
4/3/2026 18:19,7.161591797
4/3/2026 18:24,7.161591797
4/3/2026 18:29,7.118691406
4/3/2026 18:34,7.075791016
4/3/2026 18:39,7.118691406
4/3/2026 18:44,7.118691406
4/3/2026 18:49,7.118691406
4/3/2026 18:54,7.032890625
4/3/2026 18:59,7.032890625
4/3/2026 19:04,7.075791016
4/3/2026 19:09,6.989990234
4/3/2026 19:14,6.989990234
4/3/2026 19:19,6.989990234
4/3/2026 19:24,6.904189453
4/3/2026 19:29,6.904189453
4/3/2026 19:34,6.904189453
4/3/2026 19:39,6.861289062
4/3/2026 19:44,6.861289062
4/3/2026 19:49,6.818388672
4/3/2026 19:54,6.775488281
4/3/2026 19:59,6.775488281
4/3/2026 20:04,6.775488281
4/3/2026 20:09,6.732587891
4/3/2026 20:14,6.6896875
4/3/2026 20:19,6.6896875
4/3/2026 20:24,6.6896875
4/3/2026 20:29,6.6896875
4/3/2026 20:34,6.6896875
4/3/2026 20:39,6.6896875
4/3/2026 20:44,6.6896875
4/3/2026 20:49,6.646787109
4/3/2026 20:54,6.6896875
4/3/2026 20:59,6.603886719
4/3/2026 21:04,6.603886719
4/3/2026 21:09,6.603886719
4/3/2026 21:14,6.518085937
4/3/2026 21:19,6.560986328
4/3/2026 21:24,6.560986328
4/3/2026 21:29,6.475185547
4/3/2026 21:34,6.475185547
4/3/2026 21:39,6.475185547
4/3/2026 21:44,6.475185547
4/3/2026 21:49,6.432285156
4/3/2026 21:54,6.475185547
4/3/2026 21:59,6.432285156
4/3/2026 22:04,6.389384766
4/3/2026 22:09,6.346484375
4/3/2026 22:14,6.346484375
4/3/2026 22:19,6.346484375
4/3/2026 22:24,6.303583984
4/3/2026 22:29,6.346484375
4/3/2026 22:34,6.217783203
4/3/2026 22:39,6.260683594
4/3/2026 22:44,6.260683594
4/3/2026 22:49,6.217783203
4/3/2026 22:54,6.217783203
4/3/2026 22:59,6.174882813
4/3/2026 23:04,6.131982422
4/3/2026 23:09,6.131982422
4/3/2026 23:14,6.174882813
4/3/2026 23:19,6.089082031
4/3/2026 23:24,6.046181641
4/3/2026 23:29,6.089082031
4/3/2026 23:34,6.046181641
4/3/2026 23:39,6.046181641
4/3/2026 23:44,6.046181641
4/3/2026 23:49,6.089082031
4/3/2026 23:54,6.046181641
4/3/2026 23:59,6.00328125
4/4/2026 0:04,5.960380859
4/4/2026 0:09,5.960380859
4/4/2026 0:14,5.917480469
4/4/2026 0:19,5.960380859
4/4/2026 0:24,6.00328125
4/4/2026 0:29,5.917480469
4/4/2026 0:34,5.917480469
4/4/2026 0:39,5.917480469
4/4/2026 0:44,5.917480469
4/4/2026 0:49,5.874580078
4/4/2026 0:54,5.917480469
4/4/2026 0:59,5.874580078
4/4/2026 1:04,5.874580078
4/4/2026 1:09,5.874580078
4/4/2026 1:14,5.831679688
4/4/2026 1:19,5.831679688
4/4/2026 1:24,5.874580078
4/4/2026 1:29,5.917480469
4/4/2026 1:34,5.831679688
4/4/2026 1:39,5.831679688
4/4/2026 1:44,5.831679688
4/4/2026 1:49,5.831679688
4/4/2026 1:54,5.874580078
4/4/2026 1:59,5.874580078
4/4/2026 2:04,5.874580078
4/4/2026 2:09,5.788779297
4/4/2026 2:14,5.874580078
4/4/2026 2:19,5.831679688
4/4/2026 2:24,5.831679688
4/4/2026 2:29,5.874580078
4/4/2026 2:34,5.831679688
4/4/2026 2:39,5.874580078
4/4/2026 2:44,5.874580078
4/4/2026 2:49,5.831679688
4/4/2026 2:54,5.831679688
4/4/2026 2:59,5.788779297
4/4/2026 3:04,5.831679688
4/4/2026 3:09,5.831679688
4/4/2026 3:14,5.788779297
4/4/2026 3:19,5.831679688
4/4/2026 3:24,5.831679688
4/4/2026 3:29,5.788779297
4/4/2026 3:34,5.874580078
4/4/2026 3:39,5.831679688
4/4/2026 3:44,5.788779297
4/4/2026 3:49,5.874580078
4/4/2026 3:54,5.745878906
4/4/2026 3:59,5.874580078
4/4/2026 4:04,5.831679688
4/4/2026 4:09,5.788779297
4/4/2026 4:14,5.788779297
4/4/2026 4:19,5.831679688
4/4/2026 4:24,5.788779297
4/4/2026 4:29,5.831679688
4/4/2026 4:34,5.831679688
4/4/2026 4:39,5.831679688
4/4/2026 4:44,5.831679688
4/4/2026 4:49,5.788779297
4/4/2026 4:54,5.788779297
4/4/2026 4:59,5.831679688
4/4/2026 5:04,5.831679688
4/4/2026 5:09,5.831679688
4/4/2026 5:14,5.831679688
4/4/2026 5:19,5.831679688
4/4/2026 5:24,5.831679688
4/4/2026 5:29,5.831679688
4/4/2026 5:34,5.788779297
4/4/2026 5:39,5.831679688
4/4/2026 5:44,5.788779297
4/4/2026 5:49,5.831679688
4/4/2026 5:54,5.874580078
4/4/2026 5:59,5.831679688
4/4/2026 6:04,5.788779297
4/4/2026 6:09,5.788779297
4/4/2026 6:14,5.788779297
4/4/2026 6:19,5.831679688
4/4/2026 6:24,5.788779297
4/4/2026 6:29,5.831679688
4/4/2026 6:34,5.831679688
4/4/2026 6:39,5.831679688
4/4/2026 6:44,5.745878906
4/4/2026 6:49,5.745878906
4/4/2026 6:54,5.788779297
4/4/2026 6:59,5.831679688
4/4/2026 7:04,5.788779297
4/4/2026 7:09,5.788779297
4/4/2026 7:14,5.788779297
4/4/2026 7:19,5.788779297
4/4/2026 7:24,5.831679688
4/4/2026 7:29,5.831679688
4/4/2026 7:34,5.831679688
4/4/2026 7:39,5.788779297
4/4/2026 7:44,5.831679688
4/4/2026 7:49,5.788779297
4/4/2026 7:54,5.745878906
4/4/2026 7:59,5.788779297
4/4/2026 8:04,5.831679688
4/4/2026 8:09,5.831679688
4/4/2026 8:14,5.831679688
4/4/2026 8:19,5.874580078
4/4/2026 8:24,5.831679688
4/4/2026 8:29,5.874580078
4/4/2026 8:34,5.917480469
4/4/2026 8:39,5.874580078
4/4/2026 8:44,5.874580078
4/4/2026 8:49,5.917480469
4/4/2026 8:54,5.917480469
4/4/2026 8:59,5.917480469
4/4/2026 9:04,5.917480469
4/4/2026 9:09,5.917480469
4/4/2026 9:14,5.960380859
4/4/2026 9:19,5.960380859
4/4/2026 9:24,6.046181641
4/4/2026 9:29,6.046181641
4/4/2026 9:34,6.046181641
4/4/2026 9:39,6.089082031
4/4/2026 9:44,6.131982422
4/4/2026 9:49,6.174882813
4/4/2026 9:54,6.174882813
4/4/2026 9:59,6.217783203
4/4/2026 10:04,6.217783203
4/4/2026 10:09,6.217783203
4/4/2026 10:14,6.260683594
4/4/2026 10:19,6.260683594
4/4/2026 10:24,6.303583984
4/4/2026 10:29,6.303583984
4/4/2026 10:34,6.346484375
4/4/2026 10:39,6.303583984
4/4/2026 10:44,6.346484375
4/4/2026 10:49,6.346484375
4/4/2026 10:54,6.303583984
4/4/2026 10:59,6.260683594
4/4/2026 11:04,6.389384766
4/4/2026 11:09,6.475185547
4/4/2026 11:14,6.475185547
4/4/2026 11:19,6.518085937
4/4/2026 11:24,6.518085937
4/4/2026 11:29,6.560986328
4/4/2026 11:34,6.560986328
4/4/2026 11:39,6.603886719
4/4/2026 11:44,6.646787109
4/4/2026 11:49,6.646787109
4/4/2026 11:54,6.603886719
4/4/2026 11:59,6.646787109
4/4/2026 12:04,6.603886719
4/4/2026 12:09,6.603886719
4/4/2026 12:14,6.603886719
4/4/2026 12:19,6.646787109
4/4/2026 12:24,6.646787109
4/4/2026 12:29,6.732587891
4/4/2026 12:34,6.818388672
4/4/2026 12:39,6.818388672
4/4/2026 12:44,6.904189453
4/4/2026 12:49,6.904189453
4/4/2026 12:54,6.947089844
4/4/2026 12:59,6.904189453
4/4/2026 13:04,6.904189453
4/4/2026 13:09,6.904189453
4/4/2026 13:14,6.861289062
4/4/2026 13:19,6.861289062
4/4/2026 13:24,6.818388672
4/4/2026 13:29,6.861289062
4/4/2026 13:34,6.818388672
4/4/2026 13:39,6.861289062
4/4/2026 13:44,6.775488281
4/4/2026 13:49,6.861289062
4/4/2026 13:54,6.904189453
4/4/2026 13:59,6.947089844
4/4/2026 14:04,6.947089844
4/4/2026 14:09,6.947089844
4/4/2026 14:14,6.989990234
4/4/2026 14:19,7.075791016
4/4/2026 14:24,7.075791016
4/4/2026 14:29,7.118691406
4/4/2026 14:34,7.118691406
4/4/2026 14:39,7.032890625
4/4/2026 14:44,7.075791016
4/4/2026 14:49,7.032890625
4/4/2026 14:54,7.032890625
4/4/2026 14:59,6.989990234
4/4/2026 15:04,6.989990234
4/4/2026 15:09,6.989990234
4/4/2026 15:14,6.989990234
4/4/2026 15:19,6.989990234
4/4/2026 15:24,7.204492188
4/4/2026 15:29,7.247392578
4/4/2026 15:34,7.161591797
4/4/2026 15:39,7.204492188
4/4/2026 15:44,7.204492188
4/4/2026 15:49,7.118691406
4/4/2026 15:54,7.161591797
4/4/2026 15:59,7.461894531
4/4/2026 16:04,7.504794922
4/4/2026 16:09,7.418994141
4/4/2026 16:14,7.461894531
4/4/2026 16:19,7.333193359
4/4/2026 16:24,7.547695312
4/4/2026 16:29,7.590595703
4/4/2026 16:34,7.676396484
4/4/2026 16:39,7.633496094
4/4/2026 16:44,7.590595703
4/4/2026 16:49,7.590595703
4/4/2026 16:54,7.547695312
4/4/2026 16:59,7.590595703
4/4/2026 17:04,7.676396484
4/4/2026 17:09,7.547695312
4/4/2026 17:14,7.590595703
4/4/2026 17:19,7.633496094
4/4/2026 17:24,7.719296875
4/4/2026 17:29,7.590595703
4/4/2026 17:34,7.547695312
4/4/2026 17:39,7.504794922
4/4/2026 17:44,7.461894531
4/4/2026 17:49,7.37609375
4/4/2026 17:54,7.333193359
4/4/2026 17:59,7.333193359
4/4/2026 18:04,7.247392578
4/4/2026 18:09,7.290292969
4/4/2026 18:14,7.247392578
4/4/2026 18:19,7.290292969
4/4/2026 18:24,7.247392578
4/4/2026 18:29,7.204492188
4/4/2026 18:34,7.118691406
4/4/2026 18:39,7.161591797
4/4/2026 18:44,7.118691406
4/4/2026 18:49,7.118691406
4/4/2026 18:54,7.032890625
4/4/2026 18:59,6.947089844
4/4/2026 19:04,6.947089844
4/4/2026 19:09,6.947089844
4/4/2026 19:14,6.861289062
4/4/2026 19:19,6.861289062
4/4/2026 19:24,6.861289062
4/4/2026 19:29,6.818388672
4/4/2026 19:34,6.775488281
4/4/2026 19:39,6.732587891
4/4/2026 19:44,6.6896875
4/4/2026 19:49,6.6896875
4/4/2026 19:54,6.603886719
4/4/2026 19:59,6.603886719
4/4/2026 20:04,6.560986328
4/4/2026 20:09,6.560986328
4/4/2026 20:14,6.603886719
4/4/2026 20:19,6.518085937
4/4/2026 20:24,6.475185547
4/4/2026 20:29,6.475185547
4/4/2026 20:34,6.432285156
4/4/2026 20:39,6.346484375
4/4/2026 20:44,6.389384766
4/4/2026 20:49,6.346484375
4/4/2026 20:54,6.303583984
4/4/2026 20:59,6.260683594
4/4/2026 21:04,6.260683594
4/4/2026 21:09,6.217783203
4/4/2026 21:14,6.174882813
4/4/2026 21:19,6.174882813
4/4/2026 21:24,6.089082031
4/4/2026 21:29,6.089082031
4/4/2026 21:34,6.046181641
4/4/2026 21:39,6.046181641
4/4/2026 21:44,6.00328125
4/4/2026 21:49,6.00328125
4/4/2026 21:54,6.00328125
4/4/2026 21:59,5.917480469
4/4/2026 22:04,5.917480469
4/4/2026 22:09,5.874580078
4/4/2026 22:14,5.788779297
4/4/2026 22:19,5.788779297
4/4/2026 22:24,5.788779297
4/4/2026 22:29,5.745878906
4/4/2026 22:34,5.660078125
4/4/2026 22:39,5.660078125
4/4/2026 22:44,5.660078125
4/4/2026 22:49,5.660078125
4/4/2026 22:54,5.617177734
4/4/2026 22:59,5.574277344
4/4/2026 23:04,5.574277344
4/4/2026 23:09,5.531376953
4/4/2026 23:14,5.531376953
4/4/2026 23:19,5.531376953
4/4/2026 23:24,5.531376953
4/4/2026 23:29,5.531376953
4/4/2026 23:34,5.445576172
4/4/2026 23:39,5.488476562
4/4/2026 23:44,5.445576172
4/4/2026 23:49,5.445576172
4/4/2026 23:54,5.359775391
4/4/2026 23:59,5.402675781
4/5/2026 0:04,5.359775391
4/5/2026 0:09,5.359775391
4/5/2026 0:14,5.273974609
4/5/2026 0:19,5.231074219
4/5/2026 0:24,5.231074219
4/5/2026 0:29,5.188173828
4/5/2026 0:34,5.231074219
4/5/2026 0:39,5.188173828
4/5/2026 0:44,5.188173828
4/5/2026 0:49,5.102373047
4/5/2026 0:54,5.102373047
4/5/2026 0:59,5.102373047
4/5/2026 1:04,5.059472656
4/5/2026 1:09,5.102373047
4/5/2026 1:14,5.059472656
4/5/2026 1:19,5.059472656
4/5/2026 1:24,5.016572266
4/5/2026 1:29,5.016572266
4/5/2026 1:34,4.930771484
4/5/2026 1:39,4.973671875
4/5/2026 1:44,4.973671875
4/5/2026 1:49,4.930771484
4/5/2026 1:54,4.973671875
4/5/2026 1:59,4.930771484
4/5/2026 2:04,4.887871094
4/5/2026 2:09,4.887871094
4/5/2026 2:14,4.844970703
4/5/2026 2:19,4.844970703
4/5/2026 2:24,4.844970703
4/5/2026 2:29,4.802070313
4/5/2026 2:34,4.844970703
4/5/2026 2:39,4.802070313
4/5/2026 2:44,4.802070313
4/5/2026 2:49,4.802070313
4/5/2026 2:54,4.802070313
4/5/2026 2:59,4.759169922
4/5/2026 3:04,4.759169922
4/5/2026 3:09,4.802070313
4/5/2026 3:14,4.716269531
4/5/2026 3:19,4.673369141
4/5/2026 3:24,4.673369141
4/5/2026 3:29,4.716269531
4/5/2026 3:34,4.716269531
4/5/2026 3:39,4.673369141
4/5/2026 3:44,4.673369141
4/5/2026 3:49,4.716269531
4/5/2026 3:54,4.716269531
4/5/2026 3:59,4.63046875
4/5/2026 4:04,4.673369141
4/5/2026 4:09,4.63046875
4/5/2026 4:14,4.63046875
4/5/2026 4:19,4.63046875
4/5/2026 4:24,4.587568359
4/5/2026 4:29,4.587568359
4/5/2026 4:34,4.587568359
4/5/2026 4:39,4.587568359
4/5/2026 4:44,4.63046875
4/5/2026 4:49,4.587568359
4/5/2026 4:54,4.587568359
4/5/2026 4:59,4.587568359
4/5/2026 5:04,4.587568359
4/5/2026 5:09,4.544667969
4/5/2026 5:14,4.587568359
4/5/2026 5:19,4.587568359
4/5/2026 5:24,4.544667969
4/5/2026 5:29,4.544667969
4/5/2026 5:34,4.544667969
4/5/2026 5:39,4.544667969
4/5/2026 5:44,4.544667969
4/5/2026 5:49,4.544667969
4/5/2026 5:54,4.544667969
4/5/2026 5:59,4.501767578
4/5/2026 6:04,4.501767578
4/5/2026 6:09,4.501767578
4/5/2026 6:14,4.501767578
4/5/2026 6:19,4.501767578
4/5/2026 6:24,4.501767578
4/5/2026 6:29,4.458867187
4/5/2026 6:34,4.458867187
4/5/2026 6:39,4.458867187
4/5/2026 6:44,4.501767578
4/5/2026 6:49,4.501767578
4/5/2026 6:54,4.501767578
4/5/2026 6:59,4.458867187
4/5/2026 7:04,4.458867187
4/5/2026 7:09,4.501767578
4/5/2026 7:14,4.458867187
4/5/2026 7:19,4.458867187
4/5/2026 7:24,4.458867187
4/5/2026 7:29,4.501767578
4/5/2026 7:34,4.458867187
4/5/2026 7:39,4.458867187
4/5/2026 7:44,4.458867187
4/5/2026 7:49,4.458867187
4/5/2026 7:54,4.415966797
4/5/2026 7:59,4.501767578
4/5/2026 8:04,4.501767578
4/5/2026 8:09,4.501767578
4/5/2026 8:14,4.501767578
4/5/2026 8:19,4.544667969
4/5/2026 8:24,4.587568359
4/5/2026 8:29,4.501767578
4/5/2026 8:34,4.501767578
4/5/2026 8:39,4.587568359
4/5/2026 8:44,4.63046875
4/5/2026 8:49,4.673369141
4/5/2026 8:54,4.716269531
4/5/2026 8:59,4.802070313
4/5/2026 9:04,4.802070313
4/5/2026 9:09,4.887871094
4/5/2026 9:14,4.844970703
4/5/2026 9:19,5.059472656
4/5/2026 9:24,5.102373047
4/5/2026 9:29,5.273974609
4/5/2026 9:34,5.273974609
4/5/2026 9:39,5.359775391
4/5/2026 9:44,5.402675781
4/5/2026 9:49,5.531376953
4/5/2026 9:54,5.617177734
4/5/2026 9:59,5.702978516
4/5/2026 10:04,5.745878906
4/5/2026 10:09,5.874580078
4/5/2026 10:14,6.00328125
4/5/2026 10:19,6.089082031
4/5/2026 10:24,6.089082031
4/5/2026 10:29,6.174882813
4/5/2026 10:34,6.303583984
4/5/2026 10:39,6.389384766
4/5/2026 10:44,6.560986328
4/5/2026 10:49,6.603886719
4/5/2026 10:54,6.646787109
4/5/2026 10:59,6.818388672
4/5/2026 11:04,6.861289062
4/5/2026 11:09,6.947089844
4/5/2026 11:14,7.161591797
4/5/2026 11:19,7.247392578
4/5/2026 11:24,7.37609375
4/5/2026 11:29,7.461894531
4/5/2026 11:34,7.547695312
4/5/2026 11:39,7.676396484
4/5/2026 11:44,7.762197266
4/5/2026 11:49,7.847998047
4/5/2026 11:54,8.019599609
4/5/2026 11:59,8.148300781
4/5/2026 12:04,8.277001953
4/5/2026 12:09,8.362802734
4/5/2026 12:14,8.534404297
4/5/2026 12:19,8.534404297
4/5/2026 12:24,8.620205078
4/5/2026 12:29,8.620205078
4/5/2026 12:34,8.706005859
4/5/2026 12:39,8.74890625
4/5/2026 12:44,8.920507812
4/5/2026 12:49,9.006308594
4/5/2026 12:54,9.092109375
4/5/2026 12:59,9.177910156
4/5/2026 13:04,9.306611328
4/5/2026 13:09,9.564013672
4/5/2026 13:14,9.692714844
4/5/2026 13:19,9.821416016
4/5/2026 13:24,9.907216797
4/5/2026 13:29,10.03591797
4/5/2026 13:34,10.20751953
4/5/2026 13:39,10.3362207
4/5/2026 13:44,10.3362207
4/5/2026 13:49,10.37912109
4/5/2026 13:54,10.50782227
4/5/2026 13:59,10.63652344
4/5/2026 14:04,10.808125
4/5/2026 14:09,10.89392578
4/5/2026 14:14,11.02262695
4/5/2026 14:19,11.15132813
4/5/2026 14:24,11.23712891
4/5/2026 14:29,11.2800293
4/5/2026 14:34,11.36583008
4/5/2026 14:39,11.40873047
4/5/2026 14:44,11.49453125
4/5/2026 14:49,11.58033203
4/5/2026 14:54,11.66613281
4/5/2026 14:59,11.83773437
4/5/2026 15:04,11.75193359
4/5/2026 15:09,11.88063477
4/5/2026 15:14,12.05223633
4/5/2026 15:19,12.1809375
4/5/2026 15:24,12.13803711
4/5/2026 15:29,12.13803711
4/5/2026 15:34,12.00933594
4/5/2026 15:39,11.96643555
4/5/2026 15:44,11.96643555
4/5/2026 15:49,11.92353516
4/5/2026 15:54,11.92353516
4/5/2026 15:59,11.92353516
4/5/2026 16:04,11.92353516
4/5/2026 16:09,12.00933594
4/5/2026 16:14,11.88063477
4/5/2026 16:19,11.83773437
4/5/2026 16:24,11.88063477
4/5/2026 16:29,11.92353516
4/5/2026 16:34,11.79483398
4/5/2026 16:39,11.7090332
4/5/2026 16:44,11.66613281
4/5/2026 16:49,11.53743164
4/5/2026 16:54,11.49453125
4/5/2026 16:59,11.45163086
4/5/2026 17:04,11.45163086
4/5/2026 17:09,11.36583008
4/5/2026 17:14,11.32292969
4/5/2026 17:19,11.19422852
4/5/2026 17:24,11.15132813
4/5/2026 17:29,11.19422852
4/5/2026 17:34,11.23712891
4/5/2026 17:39,11.23712891
4/5/2026 17:44,11.19422852
4/5/2026 17:49,11.10842773
4/5/2026 17:54,11.15132813
4/5/2026 17:59,11.06552734
4/5/2026 18:04,11.02262695
4/5/2026 18:09,11.02262695
4/5/2026 18:14,10.93682617
4/5/2026 18:19,10.93682617
4/5/2026 18:24,10.89392578
4/5/2026 18:29,10.89392578
4/5/2026 18:34,10.89392578
4/5/2026 18:39,10.85102539
4/5/2026 18:44,10.808125
4/5/2026 18:49,10.76522461
4/5/2026 18:54,10.67942383
4/5/2026 18:59,10.63652344
4/5/2026 19:04,10.55072266
4/5/2026 19:09,10.42202148
4/5/2026 19:14,10.3362207
4/5/2026 19:19,10.3362207
4/5/2026 19:24,10.25041992
4/5/2026 19:29,10.16461914
4/5/2026 19:34,10.07881836
4/5/2026 19:39,10.07881836
4/5/2026 19:44,9.993017578
4/5/2026 19:49,9.907216797
4/5/2026 19:54,9.864316406
4/5/2026 19:59,9.778515625
4/5/2026 20:04,9.649814453
4/5/2026 20:09,9.564013672
4/5/2026 20:14,9.521113281
4/5/2026 20:19,9.392412109
4/5/2026 20:24,9.349511719
4/5/2026 20:29,9.177910156
4/5/2026 20:34,9.263710938
4/5/2026 20:39,9.177910156
4/5/2026 20:44,9.135009766
4/5/2026 20:49,9.006308594
4/5/2026 20:54,8.877607422
4/5/2026 20:59,8.834707031
4/5/2026 21:04,8.791806641
4/5/2026 21:09,8.74890625
4/5/2026 21:14,8.663105469
4/5/2026 21:19,8.577304687
4/5/2026 21:24,8.577304687
4/5/2026 21:29,8.534404297
4/5/2026 21:34,8.491503906
4/5/2026 21:39,8.491503906
4/5/2026 21:44,8.491503906
4/5/2026 21:49,8.362802734
4/5/2026 21:54,8.319902344
4/5/2026 21:59,8.277001953
4/5/2026 22:04,8.277001953
4/5/2026 22:09,8.234101563
4/5/2026 22:14,8.234101563
4/5/2026 22:19,8.148300781
4/5/2026 22:24,8.105400391
4/5/2026 22:29,8.105400391
4/5/2026 22:34,7.976699219
4/5/2026 22:39,8.019599609
4/5/2026 22:44,7.933798828
4/5/2026 22:49,8.019599609
4/5/2026 22:54,7.976699219
4/5/2026 22:59,7.933798828
4/5/2026 23:04,7.890898437
4/5/2026 23:09,7.847998047
4/5/2026 23:14,7.805097656
4/5/2026 23:19,7.762197266
4/5/2026 23:24,7.762197266
4/5/2026 23:29,7.762197266
4/5/2026 23:34,7.719296875
4/5/2026 23:39,7.762197266
4/5/2026 23:44,7.719296875
4/5/2026 23:49,7.676396484
4/5/2026 23:54,7.719296875
4/5/2026 23:59,7.633496094
4/6/2026 0:04,7.590595703
4/6/2026 0:09,7.547695312
4/6/2026 0:14,7.590595703
4/6/2026 0:19,7.547695312
4/6/2026 0:24,7.547695312
4/6/2026 0:29,7.547695312
4/6/2026 0:34,7.547695312
4/6/2026 0:39,7.461894531
4/6/2026 0:44,7.504794922
4/6/2026 0:49,7.461894531
4/6/2026 0:54,7.37609375
4/6/2026 0:59,7.418994141
4/6/2026 1:04,7.461894531
4/6/2026 1:09,7.418994141
4/6/2026 1:14,7.290292969
4/6/2026 1:19,7.37609375
4/6/2026 1:24,7.247392578
4/6/2026 1:29,7.247392578
4/6/2026 1:34,7.204492188
4/6/2026 1:39,7.204492188
4/6/2026 1:44,7.204492188
4/6/2026 1:49,7.161591797
4/6/2026 1:54,7.118691406
4/6/2026 1:59,7.075791016
4/6/2026 2:04,7.075791016
4/6/2026 2:09,7.075791016
4/6/2026 2:14,7.032890625
4/6/2026 2:19,6.989990234
4/6/2026 2:24,6.904189453
4/6/2026 2:29,6.947089844
4/6/2026 2:34,6.947089844
4/6/2026 2:39,6.904189453
4/6/2026 2:44,6.904189453
4/6/2026 2:49,6.861289062
4/6/2026 2:54,6.861289062
4/6/2026 2:59,6.818388672
4/6/2026 3:04,6.818388672
4/6/2026 3:09,6.775488281
4/6/2026 3:14,6.732587891
4/6/2026 3:19,6.6896875
4/6/2026 3:24,6.646787109
4/6/2026 3:29,6.646787109
4/6/2026 3:34,6.603886719
4/6/2026 3:39,6.603886719
4/6/2026 3:44,6.560986328
4/6/2026 3:49,6.518085937
4/6/2026 3:54,6.560986328
4/6/2026 3:59,6.560986328
4/6/2026 4:04,6.560986328
4/6/2026 4:09,6.560986328
4/6/2026 4:14,6.560986328
4/6/2026 4:19,6.518085937
4/6/2026 4:24,6.432285156
4/6/2026 4:29,6.518085937
4/6/2026 4:34,6.432285156
4/6/2026 4:39,6.560986328
4/6/2026 4:44,6.475185547
4/6/2026 4:49,6.389384766
4/6/2026 4:54,6.389384766
4/6/2026 4:59,6.389384766
4/6/2026 5:04,6.389384766
4/6/2026 5:09,6.389384766
4/6/2026 5:14,6.346484375
4/6/2026 5:19,6.303583984
4/6/2026 5:24,6.432285156
4/6/2026 5:29,6.346484375
4/6/2026 5:34,6.217783203
4/6/2026 5:39,6.260683594
4/6/2026 5:44,6.303583984
4/6/2026 5:49,6.303583984
4/6/2026 5:54,6.217783203
4/6/2026 5:59,6.260683594
4/6/2026 6:04,6.260683594
4/6/2026 6:09,6.174882813
4/6/2026 6:14,6.131982422
4/6/2026 6:19,6.174882813
4/6/2026 6:24,6.174882813
4/6/2026 6:29,6.131982422
4/6/2026 6:34,6.131982422
4/6/2026 6:39,6.131982422
4/6/2026 6:44,6.131982422
4/6/2026 6:49,6.089082031
4/6/2026 6:54,6.089082031
4/6/2026 6:59,6.046181641
4/6/2026 7:04,6.089082031
4/6/2026 7:09,6.046181641
4/6/2026 7:14,6.046181641
4/6/2026 7:19,6.046181641
4/6/2026 7:24,6.046181641
4/6/2026 7:29,6.00328125
4/6/2026 7:34,6.046181641
4/6/2026 7:39,6.089082031
4/6/2026 7:44,6.089082031
4/6/2026 7:49,6.046181641
4/6/2026 7:54,6.00328125
4/6/2026 7:59,6.00328125
4/6/2026 8:04,6.00328125
4/6/2026 8:09,6.089082031
4/6/2026 8:14,6.046181641
4/6/2026 8:19,6.046181641
4/6/2026 8:24,6.046181641
4/6/2026 8:29,6.046181641
4/6/2026 8:34,6.046181641
4/6/2026 8:39,6.046181641
4/6/2026 8:44,6.089082031
4/6/2026 8:49,6.131982422
4/6/2026 8:54,6.089082031
4/6/2026 8:59,6.131982422
4/6/2026 9:04,6.174882813
4/6/2026 9:09,6.174882813
4/6/2026 9:14,6.174882813
4/6/2026 9:19,6.174882813
4/6/2026 9:24,6.260683594
4/6/2026 9:29,6.260683594
4/6/2026 9:34,6.303583984
4/6/2026 9:39,6.303583984
4/6/2026 9:44,6.346484375
4/6/2026 9:49,6.389384766
4/6/2026 9:54,6.432285156
4/6/2026 9:59,6.432285156
4/6/2026 10:04,6.475185547
4/6/2026 10:09,6.432285156
4/6/2026 10:14,6.603886719
4/6/2026 10:19,6.603886719
4/6/2026 10:24,6.603886719
4/6/2026 10:29,6.646787109
4/6/2026 10:34,6.6896875
4/6/2026 10:39,6.818388672
4/6/2026 10:44,6.861289062
4/6/2026 10:49,6.904189453
4/6/2026 10:54,6.989990234
4/6/2026 10:59,7.032890625
4/6/2026 11:04,7.161591797
4/6/2026 11:09,7.333193359
4/6/2026 11:14,7.461894531
4/6/2026 11:19,7.633496094
4/6/2026 11:24,7.719296875
4/6/2026 11:29,7.847998047
4/6/2026 11:34,7.976699219
4/6/2026 11:39,8.019599609
4/6/2026 11:44,8.148300781
4/6/2026 11:49,8.234101563
4/6/2026 11:54,8.448603516
4/6/2026 11:59,8.577304687
4/6/2026 12:04,8.577304687
4/6/2026 12:09,8.74890625
4/6/2026 12:14,8.877607422
4/6/2026 12:19,9.006308594
4/6/2026 12:24,9.049208984
4/6/2026 12:29,9.049208984
4/6/2026 12:34,9.092109375
4/6/2026 12:39,9.092109375
4/6/2026 12:44,9.135009766
4/6/2026 12:49,9.263710938
4/6/2026 12:54,9.306611328
4/6/2026 12:59,9.392412109
4/6/2026 13:04,9.478212891
4/6/2026 13:09,9.735615234
4/6/2026 13:14,9.864316406
4/6/2026 13:19,9.993017578
4/6/2026 13:24,9.864316406
4/6/2026 13:29,10.07881836
4/6/2026 13:34,10.03591797
4/6/2026 13:39,10.16461914
4/6/2026 13:44,10.20751953
4/6/2026 13:49,10.3362207
4/6/2026 13:54,10.37912109
4/6/2026 13:59,10.46492188
4/6/2026 14:04,10.55072266
4/6/2026 14:09,10.63652344
4/6/2026 14:14,10.76522461
4/6/2026 14:19,10.808125
4/6/2026 14:24,10.85102539
4/6/2026 14:29,10.97972656
4/6/2026 14:34,11.02262695
4/6/2026 14:39,11.02262695
4/6/2026 14:44,11.19422852
4/6/2026 14:49,11.15132813
4/6/2026 14:54,11.23712891
4/6/2026 14:59,11.2800293
4/6/2026 15:04,11.40873047
4/6/2026 15:09,11.40873047
4/6/2026 15:14,11.45163086
4/6/2026 15:19,11.45163086
4/6/2026 15:24,11.53743164
4/6/2026 15:29,11.58033203
4/6/2026 15:34,11.58033203
4/6/2026 15:39,11.58033203
4/6/2026 15:44,11.58033203
4/6/2026 15:49,11.66613281
4/6/2026 15:54,11.66613281
4/6/2026 15:59,11.7090332
4/6/2026 16:04,11.62323242
4/6/2026 16:09,11.7090332
4/6/2026 16:14,11.7090332
4/6/2026 16:19,11.40873047
4/6/2026 16:24,11.49453125
4/6/2026 16:29,11.53743164
4/6/2026 16:34,11.49453125
4/6/2026 16:39,11.40873047
4/6/2026 16:44,11.40873047
4/6/2026 16:49,11.36583008
4/6/2026 16:54,11.2800293
4/6/2026 16:59,11.23712891
4/6/2026 17:04,11.06552734
4/6/2026 17:09,11.06552734
4/6/2026 17:14,11.06552734
4/6/2026 17:19,10.97972656
4/6/2026 17:24,10.93682617
4/6/2026 17:29,10.93682617
4/6/2026 17:34,10.89392578
4/6/2026 17:39,10.808125
4/6/2026 17:44,10.72232422
4/6/2026 17:49,10.63652344
4/6/2026 17:54,10.59362305
4/6/2026 17:59,10.59362305
4/6/2026 18:04,10.59362305
4/6/2026 18:09,10.50782227
4/6/2026 18:14,10.42202148
4/6/2026 18:19,10.37912109
4/6/2026 18:24,10.3362207
4/6/2026 18:29,10.25041992
4/6/2026 18:34,10.16461914
4/6/2026 18:39,10.07881836
4/6/2026 18:44,10.07881836
4/6/2026 18:49,9.950117187
4/6/2026 18:54,9.907216797
4/6/2026 18:59,9.821416016
4/6/2026 19:04,9.692714844
4/6/2026 19:09,9.649814453
4/6/2026 19:14,9.564013672
4/6/2026 19:19,9.478212891
4/6/2026 19:24,9.4353125
4/6/2026 19:29,9.349511719
4/6/2026 19:34,9.306611328
4/6/2026 19:39,9.263710938
4/6/2026 19:44,9.135009766
4/6/2026 19:49,9.049208984
4/6/2026 19:54,8.963408203
4/6/2026 19:59,8.920507812
4/6/2026 20:04,8.877607422
4/6/2026 20:09,8.791806641
4/6/2026 20:14,8.74890625
4/6/2026 20:19,8.663105469
4/6/2026 20:24,8.534404297
4/6/2026 20:29,8.491503906
4/6/2026 20:34,8.405703125
4/6/2026 20:39,8.319902344
4/6/2026 20:44,8.277001953
4/6/2026 20:49,8.234101563
4/6/2026 20:54,8.148300781
4/6/2026 20:59,8.0625
4/6/2026 21:04,7.976699219
4/6/2026 21:09,7.976699219
4/6/2026 21:14,7.847998047
4/6/2026 21:19,7.847998047
4/6/2026 21:24,7.676396484
4/6/2026 21:29,7.590595703
4/6/2026 21:34,7.547695312
4/6/2026 21:39,7.504794922
4/6/2026 21:44,7.418994141
4/6/2026 21:49,7.290292969
4/6/2026 21:54,7.290292969
4/6/2026 21:59,7.204492188
4/6/2026 22:04,7.118691406
4/6/2026 22:09,7.075791016
4/6/2026 22:14,6.989990234
4/6/2026 22:19,6.947089844
4/6/2026 22:24,6.861289062
4/6/2026 22:29,6.818388672
4/6/2026 22:34,6.818388672
4/6/2026 22:39,6.732587891
4/6/2026 22:44,6.6896875
4/6/2026 22:49,6.646787109
4/6/2026 22:54,6.646787109
4/6/2026 22:59,6.518085937
4/6/2026 23:04,6.518085937
4/6/2026 23:09,6.475185547
4/6/2026 23:14,6.389384766
4/6/2026 23:19,6.303583984
4/6/2026 23:24,6.260683594
4/6/2026 23:29,6.260683594
4/6/2026 23:34,6.217783203
4/6/2026 23:39,6.217783203
4/6/2026 23:44,6.174882813
4/6/2026 23:49,6.131982422
4/6/2026 23:54,6.046181641
4/6/2026 23:59,6.046181641
4/7/2026 0:04,6.00328125
4/7/2026 0:09,5.917480469
4/7/2026 0:14,5.917480469
4/7/2026 0:19,5.874580078
4/7/2026 0:24,5.874580078
4/7/2026 0:29,5.831679688
4/7/2026 0:34,5.660078125
4/7/2026 0:39,5.745878906
4/7/2026 0:44,5.745878906
4/7/2026 0:49,5.660078125
4/7/2026 0:54,5.617177734
4/7/2026 0:59,5.574277344
4/7/2026 1:04,5.531376953
4/7/2026 1:09,5.488476562
4/7/2026 1:14,5.488476562
4/7/2026 1:19,5.488476562
4/7/2026 1:24,5.445576172
4/7/2026 1:29,5.402675781
4/7/2026 1:34,5.402675781
4/7/2026 1:39,5.316875
4/7/2026 1:44,5.273974609
4/7/2026 1:49,5.316875
4/7/2026 1:54,5.231074219
4/7/2026 1:59,5.145273437
4/7/2026 2:04,5.188173828
4/7/2026 2:09,5.145273437
4/7/2026 2:14,5.145273437
4/7/2026 2:19,5.102373047
4/7/2026 2:24,5.059472656
4/7/2026 2:29,4.973671875
4/7/2026 2:34,4.973671875
4/7/2026 2:39,5.016572266
4/7/2026 2:44,5.016572266
4/7/2026 2:49,4.930771484
4/7/2026 2:54,4.930771484
4/7/2026 2:59,4.887871094
4/7/2026 3:04,4.802070313
4/7/2026 3:09,4.844970703
4/7/2026 3:14,4.844970703
4/7/2026 3:19,4.802070313
4/7/2026 3:24,4.802070313
4/7/2026 3:29,4.759169922
4/7/2026 3:34,4.716269531
4/7/2026 3:39,4.716269531
4/7/2026 3:44,4.63046875
4/7/2026 3:49,4.587568359
4/7/2026 3:54,4.673369141
4/7/2026 3:59,4.544667969
4/7/2026 4:04,4.587568359
4/7/2026 4:09,4.544667969
4/7/2026 4:14,4.544667969
4/7/2026 4:19,4.501767578
4/7/2026 4:24,4.501767578
4/7/2026 4:29,4.501767578
4/7/2026 4:34,4.458867187
4/7/2026 4:39,4.501767578
4/7/2026 4:44,4.458867187
4/7/2026 4:49,4.415966797
4/7/2026 4:54,4.373066406
4/7/2026 4:59,4.287265625
4/7/2026 5:04,4.330166016
4/7/2026 5:09,4.287265625
4/7/2026 5:14,4.244365234
4/7/2026 5:19,4.244365234
4/7/2026 5:24,4.244365234
4/7/2026 5:29,4.158564453
4/7/2026 5:34,4.158564453
4/7/2026 5:39,4.115664062
4/7/2026 5:44,4.072763672
4/7/2026 5:49,4.072763672
4/7/2026 5:54,4.029863281
4/7/2026 5:59,4.029863281
4/7/2026 6:04,3.986962891
4/7/2026 6:09,4.029863281
4/7/2026 6:14,4.029863281
4/7/2026 6:19,4.029863281
4/7/2026 6:24,3.986962891
4/7/2026 6:29,3.986962891
4/7/2026 6:34,3.9440625
4/7/2026 6:39,3.9440625
4/7/2026 6:44,3.9440625
4/7/2026 6:49,3.901162109
4/7/2026 6:54,3.901162109
4/7/2026 6:59,3.901162109
4/7/2026 7:04,3.858261719
4/7/2026 7:09,3.9440625
4/7/2026 7:14,3.815361328
4/7/2026 7:19,3.858261719
4/7/2026 7:24,3.901162109
4/7/2026 7:29,3.901162109
4/7/2026 7:34,3.858261719
4/7/2026 7:39,3.815361328
4/7/2026 7:44,3.772460938
4/7/2026 7:49,3.858261719
4/7/2026 7:54,3.858261719
4/7/2026 7:59,3.901162109
4/7/2026 8:04,3.901162109
4/7/2026 8:09,3.9440625
4/7/2026 8:14,4.072763672
4/7/2026 8:19,4.029863281
4/7/2026 8:24,4.029863281
4/7/2026 8:29,4.029863281
4/7/2026 8:34,4.115664062
4/7/2026 8:39,4.115664062
4/7/2026 8:44,4.158564453
4/7/2026 8:49,4.244365234
4/7/2026 8:54,4.330166016
4/7/2026 8:59,4.458867187
4/7/2026 9:04,4.544667969
4/7/2026 9:09,4.63046875
4/7/2026 9:14,4.587568359
4/7/2026 9:19,4.544667969
4/7/2026 9:24,4.802070313
4/7/2026 9:29,4.973671875
4/7/2026 9:34,5.059472656
4/7/2026 9:39,5.016572266
4/7/2026 9:44,5.145273437
4/7/2026 9:49,5.273974609
4/7/2026 9:54,5.316875
4/7/2026 9:59,5.359775391
4/7/2026 10:04,5.488476562
4/7/2026 10:09,5.574277344
4/7/2026 10:14,5.617177734
4/7/2026 10:19,5.660078125
4/7/2026 10:24,5.660078125
4/7/2026 10:29,5.702978516
4/7/2026 10:34,5.831679688
4/7/2026 10:39,6.00328125
4/7/2026 10:44,6.131982422
4/7/2026 10:49,6.217783203
4/7/2026 10:54,6.303583984
4/7/2026 10:59,6.389384766
4/7/2026 11:04,6.475185547
4/7/2026 11:09,6.518085937
4/7/2026 11:14,6.646787109
4/7/2026 11:19,6.646787109
4/7/2026 11:24,6.861289062
4/7/2026 11:29,6.904189453
4/7/2026 11:34,6.947089844
4/7/2026 11:39,7.075791016
4/7/2026 11:44,7.118691406
4/7/2026 11:49,7.247392578
4/7/2026 11:54,7.290292969
4/7/2026 11:59,7.37609375
4/7/2026 12:04,7.504794922
4/7/2026 12:09,7.633496094
4/7/2026 12:14,7.676396484
4/7/2026 12:19,7.847998047
4/7/2026 12:24,7.847998047
4/7/2026 12:29,7.847998047
4/7/2026 12:34,7.933798828
4/7/2026 12:39,7.976699219
4/7/2026 12:44,8.0625
4/7/2026 12:49,8.105400391
4/7/2026 12:54,8.234101563
4/7/2026 12:59,8.319902344
4/7/2026 13:04,8.491503906
4/7/2026 13:09,8.620205078
4/7/2026 13:14,8.74890625
4/7/2026 13:19,8.834707031
4/7/2026 13:24,8.834707031
4/7/2026 13:29,8.920507812
4/7/2026 13:34,9.006308594
4/7/2026 13:39,9.092109375
4/7/2026 13:44,9.135009766
4/7/2026 13:49,9.220810547
4/7/2026 13:54,9.306611328
4/7/2026 13:59,9.220810547
4/7/2026 14:04,9.306611328
4/7/2026 14:09,9.4353125
4/7/2026 14:14,9.521113281
4/7/2026 14:19,9.521113281
4/7/2026 14:24,9.521113281
4/7/2026 14:29,9.478212891
4/7/2026 14:34,9.521113281
4/7/2026 14:39,9.606914062
4/7/2026 14:44,9.649814453
4/7/2026 14:49,9.735615234
4/7/2026 14:54,9.735615234
4/7/2026 14:59,9.821416016
4/7/2026 15:04,9.821416016
4/7/2026 15:09,9.907216797
4/7/2026 15:14,9.993017578
4/7/2026 15:19,9.993017578
4/7/2026 15:24,10.12171875
4/7/2026 15:29,10.07881836
4/7/2026 15:34,10.12171875
4/7/2026 15:39,10.07881836
4/7/2026 15:44,10.16461914
4/7/2026 15:49,10.16461914
4/7/2026 15:54,10.20751953
4/7/2026 15:59,10.20751953
4/7/2026 16:04,10.25041992
4/7/2026 16:09,10.25041992
4/7/2026 16:14,10.29332031
4/7/2026 16:19,9.907216797
4/7/2026 16:24,10.03591797
4/7/2026 16:29,10.12171875
4/7/2026 16:34,10.07881836
4/7/2026 16:39,9.993017578
4/7/2026 16:44,9.950117187
4/7/2026 16:49,9.907216797
4/7/2026 16:54,9.821416016
4/7/2026 16:59,9.778515625
4/7/2026 17:04,9.692714844
4/7/2026 17:09,9.649814453
4/7/2026 17:14,9.564013672
4/7/2026 17:19,9.521113281
4/7/2026 17:24,9.392412109
4/7/2026 17:29,9.349511719
4/7/2026 17:34,9.220810547
4/7/2026 17:39,9.220810547
4/7/2026 17:44,9.135009766
4/7/2026 17:49,9.092109375
4/7/2026 17:54,9.049208984
4/7/2026 17:59,8.963408203
4/7/2026 18:04,8.963408203
4/7/2026 18:09,8.877607422
4/7/2026 18:14,8.834707031
4/7/2026 18:19,8.791806641
4/7/2026 18:24,8.74890625
4/7/2026 18:29,8.791806641
4/7/2026 18:34,8.706005859
4/7/2026 18:39,8.706005859
4/7/2026 18:44,8.620205078
4/7/2026 18:49,8.620205078
4/7/2026 18:54,8.491503906
4/7/2026 18:59,8.491503906
4/7/2026 19:04,8.448603516
4/7/2026 19:09,8.448603516
4/7/2026 19:14,8.319902344
4/7/2026 19:19,8.277001953
4/7/2026 19:24,8.234101563
4/7/2026 19:29,8.234101563
4/7/2026 19:34,8.148300781
4/7/2026 19:39,8.105400391
4/7/2026 19:44,7.976699219
4/7/2026 19:49,7.976699219
4/7/2026 19:54,7.933798828
4/7/2026 19:59,7.933798828
4/7/2026 20:04,7.933798828
4/7/2026 20:09,7.890898437
4/7/2026 20:14,7.890898437
4/7/2026 20:19,7.847998047
4/7/2026 20:24,7.805097656
4/7/2026 20:29,7.805097656
4/7/2026 20:34,7.762197266
4/7/2026 20:39,7.762197266
4/7/2026 20:44,7.719296875
4/7/2026 20:49,7.762197266
4/7/2026 20:54,7.719296875
4/7/2026 20:59,7.676396484
4/7/2026 21:04,7.633496094
4/7/2026 21:09,7.547695312
4/7/2026 21:14,7.633496094
4/7/2026 21:19,7.504794922
4/7/2026 21:24,7.504794922
4/7/2026 21:29,7.504794922
4/7/2026 21:34,7.418994141
4/7/2026 21:39,7.461894531
4/7/2026 21:44,7.418994141
4/7/2026 21:49,7.418994141
4/7/2026 21:54,7.333193359
4/7/2026 21:59,7.333193359
4/7/2026 22:04,7.247392578
4/7/2026 22:09,7.247392578
4/7/2026 22:14,7.118691406
4/7/2026 22:19,7.161591797
4/7/2026 22:24,7.204492188
4/7/2026 22:29,7.075791016
4/7/2026 22:34,7.118691406
4/7/2026 22:39,7.032890625
4/7/2026 22:44,7.032890625
4/7/2026 22:49,6.989990234
4/7/2026 22:54,6.947089844
4/7/2026 22:59,6.904189453
4/7/2026 23:04,6.861289062
4/7/2026 23:09,6.818388672
4/7/2026 23:14,6.732587891
4/7/2026 23:19,6.6896875
4/7/2026 23:24,6.6896875
4/7/2026 23:29,6.646787109
4/7/2026 23:34,6.603886719
4/7/2026 23:39,6.518085937
4/7/2026 23:44,6.518085937
4/7/2026 23:49,6.475185547
4/7/2026 23:54,6.389384766
4/7/2026 23:59,6.475185547
4/8/2026 0:04,6.518085937
4/8/2026 0:09,6.432285156
4/8/2026 0:14,6.432285156
4/8/2026 0:19,6.432285156
4/8/2026 0:24,6.432285156
4/8/2026 0:29,6.475185547
4/8/2026 0:34,6.432285156
4/8/2026 0:39,6.432285156
4/8/2026 0:44,6.432285156
4/8/2026 0:49,6.346484375
4/8/2026 0:54,6.346484375
4/8/2026 0:59,6.346484375
4/8/2026 1:04,6.346484375
4/8/2026 1:09,6.346484375
4/8/2026 1:14,6.260683594
4/8/2026 1:19,6.303583984
4/8/2026 1:24,6.346484375
4/8/2026 1:29,6.174882813
4/8/2026 1:34,6.174882813
4/8/2026 1:39,6.174882813
4/8/2026 1:44,6.217783203
4/8/2026 1:49,6.174882813
4/8/2026 1:54,6.174882813
4/8/2026 1:59,6.174882813
4/8/2026 2:04,6.217783203
4/8/2026 2:09,6.131982422
4/8/2026 2:14,6.217783203
4/8/2026 2:19,6.217783203
4/8/2026 2:24,6.131982422
4/8/2026 2:29,6.217783203
4/8/2026 2:34,6.174882813
4/8/2026 2:39,6.131982422
4/8/2026 2:44,6.046181641
4/8/2026 2:49,6.00328125
4/8/2026 2:54,6.00328125
4/8/2026 2:59,5.960380859
4/8/2026 3:04,5.960380859
4/8/2026 3:09,6.00328125
4/8/2026 3:14,6.00328125
4/8/2026 3:19,6.046181641
4/8/2026 3:24,6.00328125
4/8/2026 3:29,6.00328125
4/8/2026 3:34,5.960380859
4/8/2026 3:39,5.960380859
4/8/2026 3:44,5.960380859
4/8/2026 3:49,5.960380859
4/8/2026 3:54,5.917480469
4/8/2026 3:59,5.874580078
4/8/2026 4:04,5.917480469
4/8/2026 4:09,5.917480469
4/8/2026 4:14,5.960380859
4/8/2026 4:19,5.917480469
4/8/2026 4:24,5.917480469
4/8/2026 4:29,5.960380859
4/8/2026 4:34,5.917480469
4/8/2026 4:39,5.874580078
4/8/2026 4:44,5.874580078
4/8/2026 4:49,5.917480469
4/8/2026 4:54,5.788779297
4/8/2026 4:59,5.745878906
4/8/2026 5:04,5.745878906
4/8/2026 5:09,5.788779297
4/8/2026 5:14,5.788779297
4/8/2026 5:19,5.788779297
4/8/2026 5:24,5.702978516
4/8/2026 5:29,5.745878906
4/8/2026 5:34,5.702978516
4/8/2026 5:39,5.702978516
4/8/2026 5:44,5.574277344
4/8/2026 5:49,5.574277344
4/8/2026 5:54,5.574277344
4/8/2026 5:59,5.574277344
4/8/2026 6:04,5.531376953
4/8/2026 6:09,5.531376953
4/8/2026 6:14,5.574277344
4/8/2026 6:19,5.574277344
4/8/2026 6:24,5.574277344
4/8/2026 6:29,5.531376953
4/8/2026 6:34,5.574277344
4/8/2026 6:39,5.574277344
4/8/2026 6:44,5.574277344
4/8/2026 6:49,5.531376953
4/8/2026 6:54,5.531376953
4/8/2026 6:59,5.617177734
4/8/2026 7:04,5.531376953
4/8/2026 7:09,5.574277344
4/8/2026 7:14,5.617177734
4/8/2026 7:19,5.574277344
4/8/2026 7:24,5.574277344
4/8/2026 7:29,5.660078125
4/8/2026 7:34,5.702978516
4/8/2026 7:39,5.660078125
4/8/2026 7:44,5.702978516
4/8/2026 7:49,5.702978516
4/8/2026 7:54,5.788779297
4/8/2026 7:59,5.831679688
4/8/2026 8:04,5.874580078
4/8/2026 8:09,5.917480469
4/8/2026 8:14,6.00328125
4/8/2026 8:19,6.089082031
4/8/2026 8:24,6.089082031
4/8/2026 8:29,6.131982422
4/8/2026 8:34,6.217783203
4/8/2026 8:39,6.303583984
4/8/2026 8:44,6.303583984
4/8/2026 8:49,6.432285156
4/8/2026 8:54,6.518085937
4/8/2026 8:59,6.560986328
4/8/2026 9:04,6.603886719
4/8/2026 9:09,6.603886719
4/8/2026 9:14,6.732587891
4/8/2026 9:19,6.818388672
4/8/2026 9:24,6.904189453
4/8/2026 9:29,6.989990234
4/8/2026 9:34,6.947089844
4/8/2026 9:39,7.032890625
4/8/2026 9:44,7.161591797
4/8/2026 9:49,7.247392578
4/8/2026 9:54,7.37609375
4/8/2026 9:59,7.333193359
4/8/2026 10:04,7.418994141
4/8/2026 10:09,7.504794922
4/8/2026 10:14,7.633496094
4/8/2026 10:19,7.719296875
4/8/2026 10:24,7.676396484
4/8/2026 10:29,7.847998047
4/8/2026 10:34,7.890898437
4/8/2026 10:39,8.0625
4/8/2026 10:44,8.019599609
4/8/2026 10:49,8.105400391
4/8/2026 10:54,8.105400391
4/8/2026 10:59,8.234101563
4/8/2026 11:04,8.319902344
4/8/2026 11:09,8.491503906
4/8/2026 11:14,8.663105469
4/8/2026 11:19,8.920507812
4/8/2026 11:24,9.135009766
4/8/2026 11:29,9.349511719
4/8/2026 11:34,9.478212891
4/8/2026 11:39,9.606914062
4/8/2026 11:44,9.778515625
4/8/2026 11:49,9.864316406
4/8/2026 11:54,10.03591797
4/8/2026 11:59,10.07881836
4/8/2026 12:04,10.3362207
4/8/2026 12:09,10.3362207
4/8/2026 12:14,10.37912109
4/8/2026 12:19,10.3362207
4/8/2026 12:24,10.3362207
4/8/2026 12:29,10.46492188
4/8/2026 12:34,10.37912109
4/8/2026 12:39,10.50782227
4/8/2026 12:44,10.59362305
4/8/2026 12:49,10.72232422
4/8/2026 12:54,10.808125
4/8/2026 12:59,10.93682617
4/8/2026 13:04,11.02262695
4/8/2026 13:09,11.06552734
4/8/2026 13:14,11.02262695
4/8/2026 13:19,11.06552734
4/8/2026 13:24,11.10842773
4/8/2026 13:29,11.19422852
4/8/2026 13:34,11.15132813
4/8/2026 13:39,11.23712891
4/8/2026 13:44,11.40873047
4/8/2026 13:49,11.45163086
4/8/2026 13:54,11.49453125
4/8/2026 13:59,11.83773437
4/8/2026 14:04,11.92353516
4/8/2026 14:09,12.00933594
4/8/2026 14:14,12.00933594
4/8/2026 14:19,12.05223633
4/8/2026 14:24,12.26673828
4/8/2026 14:29,12.22383789
4/8/2026 14:34,12.30963867
4/8/2026 14:39,12.35253906
4/8/2026 14:44,12.22383789
4/8/2026 14:49,12.35253906
4/8/2026 14:54,12.39543945
4/8/2026 14:59,12.56704102
4/8/2026 15:04,12.60994141
4/8/2026 15:09,12.6528418
4/8/2026 15:14,12.6528418
4/8/2026 15:19,12.60994141
4/8/2026 15:24,12.69574219
4/8/2026 15:29,12.73864258
4/8/2026 15:34,12.78154297
4/8/2026 15:39,12.73864258
4/8/2026 15:44,12.73864258
4/8/2026 15:49,12.6528418
4/8/2026 15:54,12.52414063
4/8/2026 15:59,12.48124023
4/8/2026 16:04,12.39543945
4/8/2026 16:09,12.39543945
4/8/2026 16:14,12.30963867
4/8/2026 16:19,12.26673828
4/8/2026 16:24,12.1809375
4/8/2026 16:29,12.1809375
4/8/2026 16:34,12.05223633
4/8/2026 16:39,12.09513672
4/8/2026 16:44,12.00933594
4/8/2026 16:49,12.00933594
4/8/2026 16:54,11.92353516
4/8/2026 16:59,11.88063477
4/8/2026 17:04,11.88063477
4/8/2026 17:09,11.83773437
4/8/2026 17:14,11.92353516
4/8/2026 17:19,11.88063477
4/8/2026 17:24,11.75193359
4/8/2026 17:29,11.7090332
4/8/2026 17:34,11.62323242
4/8/2026 17:39,11.53743164
4/8/2026 17:44,11.49453125
4/8/2026 17:49,11.53743164
4/8/2026 17:54,11.7090332
4/8/2026 17:59,11.62323242
4/8/2026 18:04,11.49453125
4/8/2026 18:09,11.53743164
4/8/2026 18:14,11.36583008
4/8/2026 18:19,11.32292969
4/8/2026 18:24,11.2800293
4/8/2026 18:29,11.2800293
4/8/2026 18:34,11.19422852
4/8/2026 18:39,11.15132813
4/8/2026 18:44,11.06552734
4/8/2026 18:49,11.06552734
4/8/2026 18:54,11.06552734
4/8/2026 18:59,10.97972656
4/8/2026 19:04,10.93682617
4/8/2026 19:09,10.85102539
4/8/2026 19:14,10.76522461
4/8/2026 19:19,10.76522461
4/8/2026 19:24,10.72232422
4/8/2026 19:29,10.67942383
4/8/2026 19:34,10.59362305
4/8/2026 19:39,10.59362305
4/8/2026 19:44,10.46492188
4/8/2026 19:49,10.42202148
4/8/2026 19:54,10.3362207
4/8/2026 19:59,10.29332031
4/8/2026 20:04,10.25041992
4/8/2026 20:09,10.20751953
4/8/2026 20:14,10.16461914
4/8/2026 20:19,10.07881836
4/8/2026 20:24,9.993017578
4/8/2026 20:29,9.950117187
4/8/2026 20:34,9.864316406
4/8/2026 20:39,9.778515625
4/8/2026 20:44,9.692714844
4/8/2026 20:49,9.649814453
4/8/2026 20:54,9.606914062
4/8/2026 20:59,9.478212891
4/8/2026 21:04,9.478212891
4/8/2026 21:09,9.349511719
4/8/2026 21:14,9.306611328
4/8/2026 21:19,9.220810547
4/8/2026 21:24,9.177910156
4/8/2026 21:29,9.135009766
4/8/2026 21:34,9.049208984
4/8/2026 21:39,9.006308594
4/8/2026 21:44,8.920507812
4/8/2026 21:49,8.877607422
4/8/2026 21:54,8.877607422
4/8/2026 21:59,8.877607422
4/8/2026 22:04,8.877607422
4/8/2026 22:09,8.791806641
4/8/2026 22:14,8.706005859
4/8/2026 22:19,8.706005859
4/8/2026 22:24,8.663105469
4/8/2026 22:29,8.663105469
4/8/2026 22:34,8.620205078
4/8/2026 22:39,8.534404297
4/8/2026 22:44,8.448603516
4/8/2026 22:49,8.448603516
4/8/2026 22:54,8.448603516
4/8/2026 22:59,8.405703125
4/8/2026 23:04,8.319902344
4/8/2026 23:09,8.277001953
4/8/2026 23:14,8.277001953
4/8/2026 23:19,8.234101563
4/8/2026 23:24,8.191201172
4/8/2026 23:29,8.148300781
4/8/2026 23:34,8.019599609
4/8/2026 23:39,7.976699219
4/8/2026 23:44,7.890898437
4/8/2026 23:49,7.933798828
4/8/2026 23:54,7.890898437
4/8/2026 23:59,7.805097656
4/9/2026 0:04,7.762197266
4/9/2026 0:09,7.762197266
4/9/2026 0:14,7.719296875
4/9/2026 0:19,7.676396484
4/9/2026 0:24,7.676396484
4/9/2026 0:29,7.633496094
4/9/2026 0:34,7.590595703
4/9/2026 0:39,7.590595703
4/9/2026 0:44,7.504794922
4/9/2026 0:49,7.504794922
4/9/2026 0:54,7.418994141
4/9/2026 0:59,7.37609375
4/9/2026 1:04,7.333193359
4/9/2026 1:09,7.290292969
4/9/2026 1:14,7.247392578
4/9/2026 1:19,7.204492188
4/9/2026 1:24,7.204492188
4/9/2026 1:29,7.118691406
4/9/2026 1:34,7.118691406
4/9/2026 1:39,7.118691406
4/9/2026 1:44,7.032890625
4/9/2026 1:49,7.032890625
4/9/2026 1:54,7.032890625
4/9/2026 1:59,6.947089844
4/9/2026 2:04,6.989990234
4/9/2026 2:09,6.904189453
4/9/2026 2:14,6.904189453
4/9/2026 2:19,6.861289062
4/9/2026 2:24,6.818388672
4/9/2026 2:29,6.818388672
4/9/2026 2:34,6.775488281
4/9/2026 2:39,6.775488281
4/9/2026 2:44,6.732587891
4/9/2026 2:49,6.732587891
4/9/2026 2:54,6.646787109
4/9/2026 2:59,6.646787109
4/9/2026 3:04,6.560986328
4/9/2026 3:09,6.518085937
4/9/2026 3:14,6.518085937
4/9/2026 3:19,6.389384766
4/9/2026 3:24,6.475185547
4/9/2026 3:29,6.346484375
4/9/2026 3:34,6.260683594
4/9/2026 3:39,6.260683594
4/9/2026 3:44,6.303583984
4/9/2026 3:49,6.260683594
4/9/2026 3:54,6.260683594
4/9/2026 3:59,6.260683594
4/9/2026 4:04,6.217783203
4/9/2026 4:09,6.217783203
4/9/2026 4:14,6.131982422
4/9/2026 4:19,6.131982422
4/9/2026 4:24,6.131982422
4/9/2026 4:29,6.131982422
4/9/2026 4:34,6.089082031
4/9/2026 4:39,6.131982422
4/9/2026 4:44,6.131982422
4/9/2026 4:49,6.046181641
4/9/2026 4:54,6.174882813
4/9/2026 4:59,6.131982422
4/9/2026 5:04,6.131982422
4/9/2026 5:09,6.089082031
4/9/2026 5:14,6.046181641
4/9/2026 5:19,5.960380859
4/9/2026 5:24,5.960380859
4/9/2026 5:29,6.00328125
4/9/2026 5:34,5.960380859
4/9/2026 5:39,5.917480469
4/9/2026 5:44,5.960380859
4/9/2026 5:49,5.874580078
4/9/2026 5:54,5.917480469
4/9/2026 5:59,5.917480469
4/9/2026 6:04,5.917480469
4/9/2026 6:09,5.874580078
4/9/2026 6:14,5.874580078
4/9/2026 6:19,5.831679688
4/9/2026 6:24,5.788779297
4/9/2026 6:29,5.788779297
4/9/2026 6:34,5.745878906
4/9/2026 6:39,5.745878906
4/9/2026 6:44,5.745878906
4/9/2026 6:49,5.745878906
4/9/2026 6:54,5.831679688
4/9/2026 6:59,5.831679688
4/9/2026 7:04,5.831679688
4/9/2026 7:09,5.831679688
4/9/2026 7:14,5.788779297
4/9/2026 7:19,5.831679688
4/9/2026 7:24,5.831679688
4/9/2026 7:29,5.788779297
4/9/2026 7:34,5.788779297
4/9/2026 7:39,5.788779297
4/9/2026 7:44,5.402675781
4/9/2026 7:49,4.029863281
4/9/2026 7:54,3.171855469
4/9/2026 7:59,2.528349609
4/9/2026 8:04,2.356748047
4/9/2026 8:09,2.185146484
4/9/2026 8:14,2.099345703
4/9/2026 8:19,2.013544922
4/9/2026 8:24,1.927744141
4/9/2026 8:29,2.142246094
4/9/2026 8:34,2.399648437
4/9/2026 8:39,2.614150391
4/9/2026 8:44,2.614150391
4/9/2026 8:49,2.742851563
4/9/2026 8:54,2.742851563
4/9/2026 8:59,2.699951172
4/9/2026 9:04,2.871552734
4/9/2026 9:09,3.429257812
4/9/2026 9:14,3.472158203
4/9/2026 9:19,3.214755859
4/9/2026 9:24,3.815361328
4/9/2026 9:29,4.373066406
4/9/2026 9:34,4.587568359
4/9/2026 9:39,5.188173828
4/9/2026 9:44,5.188173828
4/9/2026 9:49,5.660078125
4/9/2026 9:54,5.831679688
4/9/2026 9:59,6.303583984
4/9/2026 10:04,6.603886719
4/9/2026 10:09,7.633496094
4/9/2026 10:14,8.534404297
4/9/2026 10:19,8.534404297
4/9/2026 10:24,8.74890625
4/9/2026 10:29,8.019599609
4/9/2026 10:34,7.847998047
4/9/2026 10:39,7.719296875
4/9/2026 10:44,7.075791016
4/9/2026 10:49,7.547695312
4/9/2026 10:54,7.633496094
4/9/2026 10:59,7.805097656
4/9/2026 11:04,8.019599609
4/9/2026 11:09,8.706005859
4/9/2026 11:14,9.735615234
4/9/2026 11:19,10.42202148
4/9/2026 11:24,11.23712891
4/9/2026 11:29,11.7090332
4/9/2026 11:34,10.72232422
4/9/2026 11:39,11.40873047
4/9/2026 11:44,12.73864258
4/9/2026 11:49,12.6528418
4/9/2026 11:54,12.48124023
4/9/2026 11:59,12.6528418
4/9/2026 12:04,13.59665039
4/9/2026 12:09,13.93985352
4/9/2026 12:14,13.21054687
4/9/2026 12:19,11.02262695
4/9/2026 12:24,9.606914062
4/9/2026 12:29,8.963408203
4/9/2026 12:34,8.491503906
4/9/2026 12:39,8.277001953
4/9/2026 12:44,8.148300781
4/9/2026 12:49,8.234101563
4/9/2026 12:54,8.191201172
4/9/2026 12:59,8.148300781
4/9/2026 13:04,9.177910156
4/9/2026 13:09,12.39543945
4/9/2026 13:14,13.63955078
4/9/2026 13:19,14.96946289
4/9/2026 13:24,15.69876953
4/9/2026 13:29,16.98578125
4/9/2026 13:34,17.71508789
4/9/2026 13:39,17.54348633
4/9/2026 13:44,16.59967773
4/9/2026 13:49,15.05526367
4/9/2026 13:54,14.28305664
4/9/2026 13:59,14.0256543
4/9/2026 14:04,13.55375
4/9/2026 14:09,13.38214844
4/9/2026 14:14,13.81115234
4/9/2026 14:19,14.32595703
4/9/2026 14:24,14.62625977
4/9/2026 14:29,15.09816406
4/9/2026 14:34,14.49755859
4/9/2026 14:39,13.33924805
4/9/2026 14:44,12.6528418
4/9/2026 14:49,12.35253906
4/9/2026 14:54,12.1809375
4/9/2026 14:59,12.05223633
4/9/2026 15:04,12.05223633
4/9/2026 15:09,11.66613281
4/9/2026 15:14,11.32292969
4/9/2026 15:19,11.02262695
4/9/2026 15:24,10.59362305
4/9/2026 15:29,10.12171875
4/9/2026 15:34,9.606914062
4/9/2026 15:39,9.306611328
4/9/2026 15:44,9.135009766
4/9/2026 15:49,9.049208984
4/9/2026 15:54,8.877607422
4/9/2026 15:59,8.706005859
4/9/2026 16:04,8.577304687
4/9/2026 16:09,8.362802734
4/9/2026 16:14,8.405703125
4/9/2026 16:19,8.277001953
4/9/2026 16:24,8.234101563
4/9/2026 16:29,8.191201172
4/9/2026 16:34,8.234101563
4/9/2026 16:39,8.277001953
4/9/2026 16:44,8.319902344
4/9/2026 16:49,8.277001953
4/9/2026 16:54,8.148300781
4/9/2026 16:59,8.0625
4/9/2026 17:04,8.105400391
4/9/2026 17:09,8.0625
4/9/2026 17:14,8.019599609
4/9/2026 17:19,8.019599609
4/9/2026 17:24,7.933798828
4/9/2026 17:29,7.847998047
4/9/2026 17:34,7.805097656
4/9/2026 17:39,7.762197266
4/9/2026 17:44,7.762197266
4/9/2026 17:49,7.633496094
4/9/2026 17:54,7.590595703
4/9/2026 17:59,7.461894531
4/9/2026 18:04,7.333193359
4/9/2026 18:09,7.247392578
4/9/2026 18:14,7.204492188
4/9/2026 18:19,7.075791016
4/9/2026 18:24,7.032890625
4/9/2026 18:29,6.947089844
4/9/2026 18:34,6.947089844
4/9/2026 18:39,6.861289062
4/9/2026 18:44,6.818388672
4/9/2026 18:49,6.775488281
4/9/2026 18:54,6.732587891
4/9/2026 18:59,6.732587891
4/9/2026 19:04,6.646787109
4/9/2026 19:09,6.732587891
4/9/2026 19:14,6.646787109
4/9/2026 19:19,6.646787109
4/9/2026 19:24,6.6896875
4/9/2026 19:29,6.518085937
4/9/2026 19:34,6.475185547
4/9/2026 19:39,6.389384766
4/9/2026 19:44,6.303583984
4/9/2026 19:49,6.174882813
4/9/2026 19:54,6.089082031
4/9/2026 19:59,6.00328125
4/9/2026 20:04,5.745878906
4/9/2026 20:09,5.831679688
4/9/2026 20:14,5.788779297
4/9/2026 20:19,5.745878906
4/9/2026 20:24,5.702978516
4/9/2026 20:29,5.488476562
4/9/2026 20:34,5.188173828
4/9/2026 20:39,5.231074219
4/9/2026 20:44,5.359775391
4/9/2026 20:49,5.531376953
4/9/2026 20:54,5.574277344
4/9/2026 20:59,5.617177734
4/9/2026 21:04,5.660078125
4/9/2026 21:09,5.702978516
4/9/2026 21:14,5.702978516
4/9/2026 21:19,5.702978516
4/9/2026 21:24,5.531376953
4/9/2026 21:29,5.188173828
4/9/2026 21:34,4.716269531
4/9/2026 21:39,4.759169922
4/9/2026 21:44,4.759169922
4/9/2026 21:49,4.930771484
4/9/2026 21:54,5.016572266
4/9/2026 21:59,5.059472656
4/9/2026 22:04,5.145273437
4/9/2026 22:09,5.145273437
4/9/2026 22:14,5.188173828
4/9/2026 22:19,5.102373047
4/9/2026 22:24,4.973671875
4/9/2026 22:29,4.844970703
4/9/2026 22:34,4.759169922
4/9/2026 22:39,4.673369141
4/9/2026 22:44,4.716269531
4/9/2026 22:49,4.673369141
4/9/2026 22:54,4.716269531
4/9/2026 22:59,4.673369141
4/9/2026 23:04,4.716269531
4/9/2026 23:09,4.759169922
4/9/2026 23:14,4.759169922
4/9/2026 23:19,4.759169922
4/9/2026 23:24,4.673369141
4/9/2026 23:29,4.587568359
4/9/2026 23:34,4.587568359
4/9/2026 23:39,4.587568359
4/9/2026 23:44,4.63046875
4/9/2026 23:49,4.63046875
4/9/2026 23:54,4.63046875
4/9/2026 23:59,4.587568359
4/10/2026 0:04,4.544667969
4/10/2026 0:09,4.501767578
4/10/2026 0:14,4.458867187
4/10/2026 0:19,4.501767578
4/10/2026 0:24,4.501767578
4/10/2026 0:29,4.458867187
4/10/2026 0:34,4.501767578
4/10/2026 0:39,4.501767578
4/10/2026 0:44,4.415966797
4/10/2026 0:49,4.415966797
4/10/2026 0:54,4.373066406
4/10/2026 0:59,4.330166016
4/10/2026 1:04,4.330166016
4/10/2026 1:09,4.201464844
4/10/2026 1:14,4.244365234
4/10/2026 1:19,4.201464844
4/10/2026 1:24,4.201464844
4/10/2026 1:29,4.158564453
4/10/2026 1:34,4.158564453
4/10/2026 1:39,4.115664062
4/10/2026 1:44,4.072763672
4/10/2026 1:49,4.115664062
4/10/2026 1:54,4.115664062
4/10/2026 1:59,4.029863281
4/10/2026 2:04,3.986962891
4/10/2026 2:09,4.029863281
4/10/2026 2:14,4.029863281
4/10/2026 2:19,4.029863281
4/10/2026 2:24,4.072763672
4/10/2026 2:29,4.029863281
4/10/2026 2:34,3.986962891
4/10/2026 2:39,3.901162109
4/10/2026 2:44,3.9440625
4/10/2026 2:49,3.858261719
4/10/2026 2:54,3.858261719
4/10/2026 2:59,3.815361328
4/10/2026 3:04,3.772460938
4/10/2026 3:09,3.729560547
4/10/2026 3:14,3.729560547
4/10/2026 3:19,3.643759766
4/10/2026 3:24,3.643759766
4/10/2026 3:29,3.686660156
4/10/2026 3:34,3.643759766
4/10/2026 3:39,3.557958984
4/10/2026 3:44,3.557958984
4/10/2026 3:49,3.557958984
4/10/2026 3:54,3.472158203
4/10/2026 3:59,3.429257812
4/10/2026 4:04,3.429257812
4/10/2026 4:09,3.386357422
4/10/2026 4:14,3.386357422
4/10/2026 4:19,3.343457031
4/10/2026 4:24,3.386357422
4/10/2026 4:29,3.386357422
4/10/2026 4:34,3.300556641
4/10/2026 4:39,3.214755859
4/10/2026 4:44,3.214755859
4/10/2026 4:49,3.171855469
4/10/2026 4:54,3.086054687
4/10/2026 4:59,3.128955078
4/10/2026 5:04,3.043154297
4/10/2026 5:09,3.043154297
4/10/2026 5:14,3.086054687
4/10/2026 5:19,3.043154297
4/10/2026 5:24,3.000253906
4/10/2026 5:29,3.043154297
4/10/2026 5:34,3.043154297
4/10/2026 5:39,3.000253906
4/10/2026 5:44,3.043154297
4/10/2026 5:49,2.957353516
4/10/2026 5:54,3.000253906
4/10/2026 5:59,2.957353516
4/10/2026 6:04,2.957353516
4/10/2026 6:09,2.957353516
4/10/2026 6:14,2.871552734
4/10/2026 6:19,2.871552734
4/10/2026 6:24,2.828652344
4/10/2026 6:29,2.785751953
4/10/2026 6:34,2.828652344
4/10/2026 6:39,2.828652344
4/10/2026 6:44,2.871552734
4/10/2026 6:49,2.871552734
4/10/2026 6:54,2.828652344
4/10/2026 6:59,2.828652344
4/10/2026 7:04,2.914453125
4/10/2026 7:09,2.871552734
4/10/2026 7:14,2.914453125
4/10/2026 7:19,2.957353516
4/10/2026 7:24,3.043154297
4/10/2026 7:29,3.043154297
4/10/2026 7:34,3.000253906
4/10/2026 7:39,3.043154297
4/10/2026 7:44,3.086054687
4/10/2026 7:49,3.086054687
4/10/2026 7:54,3.086054687
4/10/2026 7:59,3.214755859
4/10/2026 8:04,3.171855469
4/10/2026 8:09,3.343457031
4/10/2026 8:14,3.429257812
4/10/2026 8:19,3.472158203
4/10/2026 8:24,3.643759766
4/10/2026 8:29,3.686660156
4/10/2026 8:34,3.557958984
4/10/2026 8:39,3.557958984
4/10/2026 8:44,3.643759766
4/10/2026 8:49,3.729560547
4/10/2026 8:54,3.9440625
4/10/2026 8:59,3.9440625
4/10/2026 9:04,3.729560547
4/10/2026 9:09,3.600859375
4/10/2026 9:14,3.772460938
4/10/2026 9:19,3.686660156
4/10/2026 9:24,3.686660156
4/10/2026 9:29,4.287265625
4/10/2026 9:34,5.102373047
4/10/2026 9:39,5.874580078
4/10/2026 9:44,5.702978516
4/10/2026 9:49,6.303583984
4/10/2026 9:54,6.6896875
4/10/2026 9:59,7.204492188
4/10/2026 10:04,7.762197266
4/10/2026 10:09,8.405703125
4/10/2026 10:14,8.448603516
4/10/2026 10:19,8.963408203
4/10/2026 10:24,9.049208984
4/10/2026 10:29,8.791806641
4/10/2026 10:34,8.362802734
4/10/2026 10:39,8.148300781
4/10/2026 10:44,7.847998047
4/10/2026 10:49,7.976699219
4/10/2026 10:54,8.448603516
4/10/2026 10:59,8.491503906
4/10/2026 11:04,8.791806641
4/10/2026 11:09,9.4353125
4/10/2026 11:14,10.89392578
4/10/2026 11:19,11.23712891
4/10/2026 11:24,11.62323242
4/10/2026 11:29,11.40873047
4/10/2026 11:34,11.19422852
4/10/2026 11:39,12.1809375
4/10/2026 11:44,12.52414063
4/10/2026 11:49,12.86734375
4/10/2026 11:54,12.69574219
4/10/2026 11:59,13.29634766
4/10/2026 12:04,13.85405273
4/10/2026 12:09,14.79786133
4/10/2026 12:14,14.54045898
4/10/2026 12:19,12.05223633
4/10/2026 12:24,10.37912109
4/10/2026 12:29,9.649814453
4/10/2026 12:34,9.135009766
4/10/2026 12:39,8.834707031
4/10/2026 12:44,8.663105469
4/10/2026 12:49,8.663105469
4/10/2026 12:54,8.663105469
4/10/2026 12:59,8.791806641
4/10/2026 13:04,10.07881836
4/10/2026 13:09,13.46794922
4/10/2026 13:14,15.78457031
4/10/2026 13:19,16.72837891
4/10/2026 13:24,17.50058594
4/10/2026 13:29,18.05829102
4/10/2026 13:34,18.61599609
4/10/2026 13:39,19.13080078
4/10/2026 13:44,18.35859375
4/10/2026 13:49,17.80088867
4/10/2026 13:54,17.97249023
4/10/2026 13:59,17.54348633
4/10/2026 14:04,17.88668945
4/10/2026 14:09,19.13080078
4/10/2026 14:14,19.73140625
4/10/2026 14:19,19.77430664
4/10/2026 14:24,19.81720703
4/10/2026 14:29,19.045
4/10/2026 14:34,18.78759766
4/10/2026 14:39,18.83049805
4/10/2026 14:44,19.30240234
4/10/2026 14:49,18.65889648
4/10/2026 14:54,18.83049805
4/10/2026 14:59,18.44439453
4/10/2026 15:04,18.91629883
4/10/2026 15:09,19.21660156
4/10/2026 15:14,18.48729492
4/10/2026 15:19,17.45768555
4/10/2026 15:24,18.10119141
4/10/2026 15:29,17.92958984
4/10/2026 15:34,18.10119141
4/10/2026 15:39,17.02868164
4/10/2026 15:44,15.91327148
4/10/2026 15:49,15.31266602
4/10/2026 15:54,15.3984668
4/10/2026 15:59,15.52716797
4/10/2026 16:04,15.35556641
4/10/2026 16:09,14.84076172
4/10/2026 16:14,14.54045898
4/10/2026 16:19,13.98275391
4/10/2026 16:24,13.81115234
4/10/2026 16:29,13.81115234
4/10/2026 16:34,13.98275391
4/10/2026 16:39,13.0818457
4/10/2026 16:44,12.91024414
4/10/2026 16:49,13.29634766
4/10/2026 16:54,13.12474609
4/10/2026 16:59,13.21054687
4/10/2026 17:04,13.12474609
4/10/2026 17:09,12.82444336
4/10/2026 17:14,12.56704102
4/10/2026 17:19,12.26673828
4/10/2026 17:24,12.00933594
4/10/2026 17:29,12.09513672
4/10/2026 17:34,12.39543945
4/10/2026 17:39,12.39543945
4/10/2026 17:44,12.30963867
4/10/2026 17:49,12.13803711
4/10/2026 17:54,11.75193359
4/10/2026 17:59,11.45163086
4/10/2026 18:04,11.19422852
4/10/2026 18:09,11.15132813
4/10/2026 18:14,11.06552734
4/10/2026 18:19,11.02262695
4/10/2026 18:24,10.85102539
4/10/2026 18:29,10.67942383
4/10/2026 18:34,10.42202148
4/10/2026 18:39,10.25041992
4/10/2026 18:44,10.07881836
4/10/2026 18:49,9.993017578
4/10/2026 18:54,9.864316406
4/10/2026 18:59,9.735615234
4/10/2026 19:04,9.564013672
4/10/2026 19:09,9.521113281
4/10/2026 19:14,9.478212891
4/10/2026 19:19,9.306611328
4/10/2026 19:24,9.092109375
4/10/2026 19:29,8.920507812
4/10/2026 19:34,8.620205078
4/10/2026 19:39,8.319902344
4/10/2026 19:44,7.976699219
4/10/2026 19:49,7.676396484
4/10/2026 19:54,7.461894531
4/10/2026 19:59,7.290292969
4/10/2026 20:04,6.947089844
4/10/2026 20:09,6.6896875
4/10/2026 20:14,6.389384766
4/10/2026 20:19,6.260683594
4/10/2026 20:24,6.046181641
4/10/2026 20:29,5.874580078
4/10/2026 20:34,5.702978516
4/10/2026 20:39,5.574277344
4/10/2026 20:44,5.574277344
4/10/2026 20:49,5.445576172
4/10/2026 20:54,5.359775391
4/10/2026 20:59,5.273974609
4/10/2026 21:04,5.231074219
4/10/2026 21:09,5.145273437
4/10/2026 21:14,5.059472656
4/10/2026 21:19,4.973671875
4/10/2026 21:24,4.973671875
4/10/2026 21:29,4.844970703
4/10/2026 21:34,4.716269531
4/10/2026 21:39,4.63046875
4/10/2026 21:44,4.63046875
4/10/2026 21:49,4.501767578
4/10/2026 21:54,4.501767578
4/10/2026 21:59,4.501767578
4/10/2026 22:04,4.330166016
4/10/2026 22:09,4.373066406
4/10/2026 22:14,4.330166016
4/10/2026 22:19,4.415966797
4/10/2026 22:24,4.501767578
4/10/2026 22:29,4.415966797
4/10/2026 22:34,4.587568359
4/10/2026 22:39,4.673369141
4/10/2026 22:44,4.759169922
4/10/2026 22:49,4.844970703
4/10/2026 22:54,4.759169922
4/10/2026 22:59,4.544667969
4/10/2026 23:04,4.330166016
4/10/2026 23:09,4.458867187
4/10/2026 23:14,4.63046875
4/10/2026 23:19,4.716269531
4/10/2026 23:24,4.544667969
4/10/2026 23:29,4.544667969
4/10/2026 23:34,4.501767578
4/10/2026 23:39,4.673369141
4/10/2026 23:44,4.63046875
4/10/2026 23:49,4.63046875
4/10/2026 23:54,4.587568359
4/10/2026 23:59,4.673369141
4/11/2026 0:04,4.415966797
4/11/2026 0:09,4.458867187
4/11/2026 0:14,4.458867187
4/11/2026 0:19,4.373066406
4/11/2026 0:24,4.287265625
4/11/2026 0:29,4.330166016
4/11/2026 0:34,4.158564453
4/11/2026 0:39,4.029863281
4/11/2026 0:44,3.986962891
4/11/2026 0:49,3.9440625
4/11/2026 0:54,4.029863281
4/11/2026 0:59,3.9440625
4/11/2026 1:04,3.815361328
4/11/2026 1:09,3.901162109
4/11/2026 1:14,3.901162109
4/11/2026 1:19,3.858261719
4/11/2026 1:24,3.772460938
4/11/2026 1:29,3.643759766
4/11/2026 1:34,3.600859375
4/11/2026 1:39,3.557958984
4/11/2026 1:44,3.429257812
4/11/2026 1:49,3.429257812
4/11/2026 1:54,3.386357422
4/11/2026 1:59,3.300556641
4/11/2026 2:04,3.300556641
4/11/2026 2:09,3.171855469
4/11/2026 2:14,3.171855469
4/11/2026 2:19,3.214755859
4/11/2026 2:24,3.128955078
4/11/2026 2:29,3.128955078
4/11/2026 2:34,3.128955078
4/11/2026 2:39,3.128955078
4/11/2026 2:44,3.214755859
4/11/2026 2:49,3.343457031
4/11/2026 2:54,3.429257812
4/11/2026 2:59,3.386357422
4/11/2026 3:04,3.300556641
4/11/2026 3:09,3.171855469
4/11/2026 3:14,3.25765625
4/11/2026 3:19,3.214755859
4/11/2026 3:24,3.300556641
4/11/2026 3:29,3.386357422
4/11/2026 3:34,3.429257812
4/11/2026 3:39,3.429257812
4/11/2026 3:44,3.429257812
4/11/2026 3:49,3.557958984
4/11/2026 3:54,3.600859375
4/11/2026 3:59,3.472158203
4/11/2026 4:04,3.472158203
4/11/2026 4:09,3.386357422
4/11/2026 4:14,3.171855469
4/11/2026 4:19,3.171855469
4/11/2026 4:24,3.128955078
4/11/2026 4:29,3.043154297
4/11/2026 4:34,2.957353516
4/11/2026 4:39,3.000253906
4/11/2026 4:44,3.000253906
4/11/2026 4:49,3.000253906
4/11/2026 4:54,2.828652344
4/11/2026 4:59,2.699951172
4/11/2026 5:04,2.614150391
4/11/2026 5:09,2.442548828
4/11/2026 5:14,2.399648437
4/11/2026 5:19,2.399648437
4/11/2026 5:24,2.485449219
4/11/2026 5:29,2.528349609
4/11/2026 5:34,2.614150391
4/11/2026 5:39,2.657050781
4/11/2026 5:44,2.657050781
4/11/2026 5:49,2.657050781
4/11/2026 5:54,2.57125
4/11/2026 5:59,2.485449219
4/11/2026 6:04,2.442548828
4/11/2026 6:09,2.614150391
4/11/2026 6:14,2.785751953
4/11/2026 6:19,2.871552734
4/11/2026 6:24,3.086054687
4/11/2026 6:29,3.25765625
4/11/2026 6:34,3.300556641
4/11/2026 6:39,3.429257812
4/11/2026 6:44,3.557958984
4/11/2026 6:49,3.643759766
4/11/2026 6:54,3.643759766
4/11/2026 6:59,3.815361328
4/11/2026 7:04,3.815361328
4/11/2026 7:09,3.9440625
4/11/2026 7:14,3.986962891
4/11/2026 7:19,4.072763672
4/11/2026 7:24,4.201464844
4/11/2026 7:29,4.330166016
4/11/2026 7:34,4.544667969
4/11/2026 7:39,4.63046875
4/11/2026 7:44,4.759169922
4/11/2026 7:49,4.802070313
4/11/2026 7:54,4.930771484
4/11/2026 7:59,5.016572266
4/11/2026 8:04,5.231074219
4/11/2026 8:09,5.445576172
4/11/2026 8:14,5.402675781
4/11/2026 8:19,5.402675781
4/11/2026 8:24,5.531376953
4/11/2026 8:29,5.402675781
4/11/2026 8:34,5.402675781
4/11/2026 8:39,5.402675781
4/11/2026 8:44,5.488476562
4/11/2026 8:49,5.445576172
4/11/2026 8:54,5.617177734
4/11/2026 8:59,5.660078125
4/11/2026 9:04,5.788779297
4/11/2026 9:09,5.917480469
4/11/2026 9:14,5.917480469
4/11/2026 9:19,5.874580078
4/11/2026 9:24,5.702978516
4/11/2026 9:29,5.617177734
4/11/2026 9:34,5.617177734
4/11/2026 9:39,5.745878906
4/11/2026 9:44,5.831679688
4/11/2026 9:49,5.745878906
4/11/2026 9:54,5.831679688
4/11/2026 9:59,6.00328125
4/11/2026 10:04,6.346484375
4/11/2026 10:09,6.6896875
4/11/2026 10:14,6.861289062
4/11/2026 10:19,6.904189453
4/11/2026 10:24,6.861289062
4/11/2026 10:29,6.861289062
4/11/2026 10:34,6.560986328
4/11/2026 10:39,6.389384766
4/11/2026 10:44,6.217783203
4/11/2026 10:49,6.217783203
4/11/2026 10:54,6.260683594
4/11/2026 10:59,6.217783203
4/11/2026 11:04,6.217783203
4/11/2026 11:09,6.303583984
4/11/2026 11:14,6.475185547
4/11/2026 11:19,6.603886719
4/11/2026 11:24,6.518085937
4/11/2026 11:29,6.560986328
4/11/2026 11:34,6.603886719
4/11/2026 11:39,6.6896875
4/11/2026 11:44,6.732587891
4/11/2026 11:49,6.6896875
4/11/2026 11:54,6.646787109
4/11/2026 11:59,6.560986328
4/11/2026 12:04,6.603886719
4/11/2026 12:09,6.732587891
4/11/2026 12:14,6.775488281
4/11/2026 12:19,6.861289062
4/11/2026 12:24,6.904189453
4/11/2026 12:29,6.904189453
4/11/2026 12:34,7.032890625
4/11/2026 12:39,7.118691406
4/11/2026 12:44,7.290292969
4/11/2026 12:49,7.37609375
4/11/2026 12:54,7.461894531
4/11/2026 12:59,7.547695312
4/11/2026 13:04,7.547695312
4/11/2026 13:09,7.504794922
4/11/2026 13:14,7.547695312
4/11/2026 13:19,7.37609375
4/11/2026 13:24,7.418994141
4/11/2026 13:29,7.461894531
4/11/2026 13:34,7.547695312
4/11/2026 13:39,7.676396484
4/11/2026 13:44,7.590595703
4/11/2026 13:49,7.547695312
4/11/2026 13:54,7.719296875
4/11/2026 13:59,7.847998047
4/11/2026 14:04,7.890898437
4/11/2026 14:09,7.805097656
4/11/2026 14:14,7.805097656
4/11/2026 14:19,7.762197266
4/11/2026 14:24,7.762197266
4/11/2026 14:29,7.890898437
4/11/2026 14:34,7.933798828
4/11/2026 14:39,7.890898437
4/11/2026 14:44,7.847998047
4/11/2026 14:49,7.762197266
4/11/2026 14:54,7.719296875
4/11/2026 14:59,7.719296875
4/11/2026 15:04,7.805097656
4/11/2026 15:09,7.890898437
4/11/2026 15:14,7.890898437
4/11/2026 15:19,7.805097656
4/11/2026 15:24,7.890898437
4/11/2026 15:29,7.890898437
4/11/2026 15:34,7.890898437
4/11/2026 15:39,7.890898437
4/11/2026 15:44,7.847998047
4/11/2026 15:49,7.890898437
4/11/2026 15:54,7.933798828
4/11/2026 15:59,7.805097656
4/11/2026 16:04,7.847998047
4/11/2026 16:09,7.847998047
4/11/2026 16:14,7.890898437
4/11/2026 16:19,7.976699219
4/11/2026 16:24,8.0625
4/11/2026 16:29,8.105400391
4/11/2026 16:34,8.0625
4/11/2026 16:39,8.0625
4/11/2026 16:44,8.105400391
4/11/2026 16:49,8.105400391
4/11/2026 16:54,8.191201172
4/11/2026 16:59,8.234101563
4/11/2026 17:04,8.234101563
4/11/2026 17:09,8.234101563
4/11/2026 17:14,8.277001953
4/11/2026 17:19,8.277001953
4/11/2026 17:24,8.319902344
4/11/2026 17:29,8.234101563
4/11/2026 17:34,8.277001953
4/11/2026 17:39,8.362802734
4/11/2026 17:44,8.405703125
4/11/2026 17:49,8.362802734
4/11/2026 17:54,8.448603516
4/11/2026 17:59,8.405703125
4/11/2026 18:04,8.534404297
4/11/2026 18:09,8.534404297
4/11/2026 18:14,8.577304687
4/11/2026 18:19,8.620205078
4/11/2026 18:24,8.577304687
4/11/2026 18:29,8.620205078
4/11/2026 18:34,8.620205078
4/11/2026 18:39,8.620205078
4/11/2026 18:44,8.577304687
4/11/2026 18:49,8.620205078
4/11/2026 18:54,8.620205078
4/11/2026 18:59,8.620205078
4/11/2026 19:04,8.663105469
4/11/2026 19:09,8.620205078
4/11/2026 19:14,8.620205078
4/11/2026 19:19,8.620205078
4/11/2026 19:24,8.663105469
4/11/2026 19:29,8.663105469
4/11/2026 19:34,8.620205078
4/11/2026 19:39,8.620205078
4/11/2026 19:44,8.663105469
4/11/2026 19:49,8.706005859
4/11/2026 19:54,8.74890625
4/11/2026 19:59,8.791806641
4/11/2026 20:04,8.791806641
4/11/2026 20:09,8.791806641
4/11/2026 20:14,8.791806641
4/11/2026 20:19,8.791806641
4/11/2026 20:24,8.791806641
4/11/2026 20:29,8.834707031
4/11/2026 20:34,8.791806641
4/11/2026 20:39,8.74890625
4/11/2026 20:44,8.74890625
4/11/2026 20:49,8.791806641
4/11/2026 20:54,8.834707031
4/11/2026 20:59,8.834707031
4/11/2026 21:04,8.74890625
4/11/2026 21:09,8.791806641
4/11/2026 21:14,8.791806641
4/11/2026 21:19,8.74890625
4/11/2026 21:24,8.706005859
4/11/2026 21:29,8.74890625
4/11/2026 21:34,8.74890625
4/11/2026 21:39,8.706005859
4/11/2026 21:44,8.74890625
4/11/2026 21:49,8.74890625
4/11/2026 21:54,8.791806641
4/11/2026 21:59,8.791806641
4/11/2026 22:04,8.834707031
4/11/2026 22:09,8.834707031
4/11/2026 22:14,8.834707031
4/11/2026 22:19,8.877607422
4/11/2026 22:24,8.834707031
4/11/2026 22:29,8.877607422
4/11/2026 22:34,8.834707031
4/11/2026 22:39,8.834707031
4/11/2026 22:44,8.834707031
4/11/2026 22:49,8.920507812
4/11/2026 22:54,8.920507812
4/11/2026 22:59,8.920507812
4/11/2026 23:04,8.920507812
4/11/2026 23:09,8.920507812
4/11/2026 23:14,8.920507812
4/11/2026 23:19,8.963408203
4/11/2026 23:24,9.006308594
4/11/2026 23:29,9.006308594
4/11/2026 23:34,9.006308594
4/11/2026 23:39,9.092109375
4/11/2026 23:44,9.092109375
4/11/2026 23:49,9.135009766
4/11/2026 23:54,9.092109375
4/11/2026 23:59,9.049208984
4/12/2026 0:04,9.135009766
4/12/2026 0:09,9.220810547
4/12/2026 0:14,9.263710938
4/12/2026 0:19,9.220810547
4/12/2026 0:24,9.263710938
4/12/2026 0:29,9.306611328
4/12/2026 0:34,9.349511719
4/12/2026 0:39,9.349511719
4/12/2026 0:44,9.4353125
4/12/2026 0:49,9.521113281
4/12/2026 0:54,9.564013672
4/12/2026 0:59,9.649814453
4/12/2026 1:04,9.649814453
4/12/2026 1:09,9.692714844
4/12/2026 1:14,9.821416016
4/12/2026 1:19,9.821416016
4/12/2026 1:24,9.950117187
4/12/2026 1:29,9.950117187
4/12/2026 1:34,9.993017578
4/12/2026 1:39,10.07881836
4/12/2026 1:44,10.12171875
4/12/2026 1:49,10.12171875
4/12/2026 1:54,10.25041992
4/12/2026 1:59,10.29332031
4/12/2026 2:04,10.29332031
4/12/2026 2:09,10.42202148
4/12/2026 2:14,10.3362207
4/12/2026 2:19,10.3362207
4/12/2026 2:24,10.3362207
4/12/2026 2:29,10.37912109
4/12/2026 2:34,10.46492188
4/12/2026 2:39,10.46492188
4/12/2026 2:44,10.46492188
4/12/2026 2:49,10.50782227
4/12/2026 2:54,10.46492188
4/12/2026 2:59,10.46492188
4/12/2026 3:04,10.59362305
4/12/2026 3:09,10.55072266
4/12/2026 3:14,10.59362305
4/12/2026 3:19,10.67942383
4/12/2026 3:24,10.63652344
4/12/2026 3:29,10.76522461
4/12/2026 3:34,10.76522461
4/12/2026 3:39,10.85102539
4/12/2026 3:44,10.89392578
4/12/2026 3:49,10.97972656
4/12/2026 3:54,10.89392578
4/12/2026 3:59,10.85102539
4/12/2026 4:04,10.808125
4/12/2026 4:09,10.808125
4/12/2026 4:14,10.85102539
4/12/2026 4:19,10.808125
4/12/2026 4:24,10.76522461
4/12/2026 4:29,10.76522461
4/12/2026 4:34,10.76522461
4/12/2026 4:39,10.76522461
4/12/2026 4:44,10.72232422
4/12/2026 4:49,10.85102539
4/12/2026 4:54,10.85102539
4/12/2026 4:59,10.808125
4/12/2026 5:04,10.72232422
4/12/2026 5:09,10.72232422
4/12/2026 5:14,10.89392578
4/12/2026 5:19,11.06552734
4/12/2026 5:24,11.15132813
4/12/2026 5:29,11.49453125
4/12/2026 5:34,11.7090332
4/12/2026 5:39,11.75193359
4/12/2026 5:44,11.62323242
4/12/2026 5:49,11.62323242
4/12/2026 5:54,11.75193359
4/12/2026 5:59,11.79483398
4/12/2026 6:04,11.92353516
4/12/2026 6:09,11.88063477
4/12/2026 6:14,11.92353516
4/12/2026 6:19,11.92353516
4/12/2026 6:24,11.92353516
4/12/2026 6:29,12.00933594
4/12/2026 6:34,11.83773437
4/12/2026 6:39,11.66613281
4/12/2026 6:44,11.53743164
4/12/2026 6:49,11.45163086
4/12/2026 6:54,11.36583008
4/12/2026 6:59,11.40873047
4/12/2026 7:04,11.36583008
4/12/2026 7:09,11.32292969
4/12/2026 7:14,11.40873047
4/12/2026 7:19,11.36583008
4/12/2026 7:24,11.53743164
4/12/2026 7:29,11.53743164
4/12/2026 7:34,11.58033203
4/12/2026 7:39,11.62323242
4/12/2026 7:44,11.66613281
4/12/2026 7:49,11.66613281
4/12/2026 7:54,11.75193359
4/12/2026 7:59,11.88063477
4/12/2026 8:04,11.92353516
4/12/2026 8:09,12.13803711
4/12/2026 8:14,12.26673828
4/12/2026 8:19,12.35253906
4/12/2026 8:24,12.52414063
4/12/2026 8:29,12.6528418
4/12/2026 8:34,12.91024414
4/12/2026 8:39,13.0818457
4/12/2026 8:44,13.16764648
4/12/2026 8:49,13.38214844
4/12/2026 8:54,13.42504883
4/12/2026 8:59,13.51084961
4/12/2026 9:04,13.63955078
4/12/2026 9:09,13.63955078
4/12/2026 9:14,13.63955078
4/12/2026 9:19,13.85405273
4/12/2026 9:24,14.0256543
4/12/2026 9:29,14.0256543
4/12/2026 9:34,14.15435547
4/12/2026 9:39,14.32595703
4/12/2026 9:44,14.4546582
4/12/2026 9:49,14.62625977
4/12/2026 9:54,14.88366211
4/12/2026 9:59,15.18396484
4/12/2026 10:04,15.35556641
4/12/2026 10:09,15.65586914
4/12/2026 10:14,15.78457031
4/12/2026 10:19,15.8274707
4/12/2026 10:24,15.95617187
4/12/2026 10:29,16.25647461
4/12/2026 10:34,16.25647461
4/12/2026 10:39,16.25647461
4/12/2026 10:44,16.17067383
4/12/2026 10:49,16.21357422
4/12/2026 10:54,16.38517578
4/12/2026 10:59,16.38517578
4/12/2026 11:04,16.38517578
4/12/2026 11:09,16.47097656
4/12/2026 11:14,16.51387695
4/12/2026 11:19,16.51387695
4/12/2026 11:24,16.64257813
4/12/2026 11:29,16.72837891
4/12/2026 11:34,17.2002832
4/12/2026 11:39,17.45768555
4/12/2026 11:44,18.01539063
4/12/2026 11:49,18.22989258
4/12/2026 11:54,18.18699219
4/12/2026 11:59,18.31569336
4/12/2026 12:04,19.08790039
4/12/2026 12:09,19.17370117
4/12/2026 12:14,18.83049805
4/12/2026 12:19,18.22989258
4/12/2026 12:24,18.05829102
4/12/2026 12:29,17.80088867
4/12/2026 12:34,18.05829102
4/12/2026 12:39,18.01539063
4/12/2026 12:44,17.97249023
4/12/2026 12:49,18.18699219
4/12/2026 12:54,18.10119141
4/12/2026 12:59,18.48729492
4/12/2026 13:04,18.95919922
4/12/2026 13:09,19.73140625
4/12/2026 13:14,19.86010742
4/12/2026 13:19,19.68850586
4/12/2026 13:24,20.07460938
4/12/2026 13:29,20.07460938
4/12/2026 13:34,20.11750977
4/12/2026 13:39,20.20331055
4/12/2026 13:44,20.20331055
4/12/2026 13:49,20.16041016
4/12/2026 13:54,20.03170898
4/12/2026 13:59,19.64560547
4/12/2026 14:04,19.77430664
4/12/2026 14:09,20.33201172
4/12/2026 14:14,20.54651367
4/12/2026 14:19,20.63231445
4/12/2026 14:24,20.67521484
4/12/2026 14:29,21.10421875
4/12/2026 14:34,21.36162109
4/12/2026 14:39,21.19001953
4/12/2026 14:44,20.8897168
4/12/2026 14:49,20.76101562
4/12/2026 14:54,20.63231445
4/12/2026 14:59,20.80391602
4/12/2026 15:04,20.71811523
4/12/2026 15:09,20.20331055
4/12/2026 15:14,20.4178125
4/12/2026 15:19,20.50361328
4/12/2026 15:24,20.46071289
4/12/2026 15:29,20.37491211
4/12/2026 15:34,20.54651367
4/12/2026 15:39,20.37491211
4/12/2026 15:44,19.98880859
4/12/2026 15:49,19.81720703
4/12/2026 15:54,19.86010742
4/12/2026 15:59,20.07460938
4/12/2026 16:04,20.50361328
4/12/2026 16:09,20.46071289
4/12/2026 16:14,20.03170898
4/12/2026 16:19,19.90300781
4/12/2026 16:24,19.77430664
4/12/2026 16:29,19.90300781
4/12/2026 16:34,19.81720703
4/12/2026 16:39,19.60270508
4/12/2026 16:44,19.5169043
4/12/2026 16:49,19.30240234
4/12/2026 16:54,19.34530273
4/12/2026 16:59,19.25950195
4/12/2026 17:04,19.17370117
4/12/2026 17:09,19.30240234
4/12/2026 17:14,19.30240234
4/12/2026 17:19,19.21660156
4/12/2026 17:24,19.21660156
4/12/2026 17:29,19.045
4/12/2026 17:34,19.045
4/12/2026 17:39,19.00209961
4/12/2026 17:44,18.87339844
4/12/2026 17:49,18.78759766
4/12/2026 17:54,18.61599609
4/12/2026 17:59,18.53019531
4/12/2026 18:04,18.44439453
4/12/2026 18:09,18.35859375
4/12/2026 18:14,18.22989258
4/12/2026 18:19,18.10119141
4/12/2026 18:24,18.05829102
4/12/2026 18:29,17.92958984
4/12/2026 18:34,17.88668945
4/12/2026 18:39,17.84378906
4/12/2026 18:44,17.71508789
4/12/2026 18:49,17.62928711
4/12/2026 18:54,17.50058594
4/12/2026 18:59,17.45768555
4/12/2026 19:04,17.45768555
4/12/2026 19:09,17.37188477
4/12/2026 19:14,17.28608398
4/12/2026 19:19,17.15738281
4/12/2026 19:24,17.02868164
4/12/2026 19:29,16.94288086
4/12/2026 19:34,16.89998047
4/12/2026 19:39,16.7712793
4/12/2026 19:44,16.72837891
4/12/2026 19:49,16.59967773
4/12/2026 19:54,16.55677734
4/12/2026 19:59,16.55677734
4/12/2026 20:04,16.42807617
4/12/2026 20:09,16.299375
4/12/2026 20:14,16.17067383
4/12/2026 20:19,16.21357422
4/12/2026 20:24,16.08487305
4/12/2026 20:29,16.08487305
4/12/2026 20:34,15.99907227
4/12/2026 20:39,15.91327148
4/12/2026 20:44,15.87037109
4/12/2026 20:49,15.8274707
4/12/2026 20:54,15.74166992
4/12/2026 20:59,15.74166992
4/12/2026 21:04,15.69876953
4/12/2026 21:09,15.65586914
4/12/2026 21:14,15.61296875
4/12/2026 21:19,15.61296875
4/12/2026 21:24,15.52716797
4/12/2026 21:29,15.52716797
4/12/2026 21:34,15.52716797
4/12/2026 21:39,15.48426758
4/12/2026 21:44,15.35556641
4/12/2026 21:49,15.3984668
4/12/2026 21:54,15.35556641
4/12/2026 21:59,15.31266602
4/12/2026 22:04,15.22686523
4/12/2026 22:09,15.14106445
4/12/2026 22:14,15.14106445
4/12/2026 22:19,15.05526367
4/12/2026 22:24,15.01236328
4/12/2026 22:29,14.96946289
4/12/2026 22:34,14.79786133
4/12/2026 22:39,14.79786133
4/12/2026 22:44,14.75496094
4/12/2026 22:49,14.71206055
4/12/2026 22:54,14.62625977
4/12/2026 22:59,14.58335938
4/12/2026 23:04,14.54045898
4/12/2026 23:09,14.4546582
4/12/2026 23:14,14.32595703
4/12/2026 23:19,14.19725586
4/12/2026 23:24,14.15435547
4/12/2026 23:29,14.11145508
4/12/2026 23:34,13.98275391
4/12/2026 23:39,13.89695312
4/12/2026 23:44,13.81115234
4/12/2026 23:49,13.68245117
4/12/2026 23:54,13.72535156
4/12/2026 23:59,13.63955078
4/13/2026 0:04,13.59665039
4/13/2026 0:09,13.55375
4/13/2026 0:14,13.33924805
4/13/2026 0:19,13.12474609
4/13/2026 0:24,12.91024414
4/13/2026 0:29,12.69574219
4/13/2026 0:34,12.60994141
4/13/2026 0:39,12.52414063
4/13/2026 0:44,12.43833984
4/13/2026 0:49,12.35253906
4/13/2026 0:54,12.26673828
4/13/2026 0:59,12.22383789
4/13/2026 1:04,12.13803711
4/13/2026 1:09,12.00933594
4/13/2026 1:14,11.92353516
4/13/2026 1:19,11.83773437
4/13/2026 1:24,11.75193359
4/13/2026 1:29,11.66613281
4/13/2026 1:34,11.62323242
4/13/2026 1:39,11.58033203
4/13/2026 1:44,11.45163086
4/13/2026 1:49,11.36583008
4/13/2026 1:54,11.23712891
4/13/2026 1:59,11.15132813
4/13/2026 2:04,11.10842773
4/13/2026 2:09,11.02262695
4/13/2026 2:14,10.93682617
4/13/2026 2:19,10.93682617
4/13/2026 2:24,10.85102539
4/13/2026 2:29,10.76522461
4/13/2026 2:34,10.72232422
4/13/2026 2:39,10.67942383
4/13/2026 2:44,10.55072266
4/13/2026 2:49,10.55072266
4/13/2026 2:54,10.55072266
4/13/2026 2:59,10.46492188
4/13/2026 3:04,10.37912109
4/13/2026 3:09,10.37912109
4/13/2026 3:14,10.3362207
4/13/2026 3:19,10.29332031
4/13/2026 3:24,10.25041992
4/13/2026 3:29,10.25041992
4/13/2026 3:34,10.20751953
4/13/2026 3:39,10.29332031
4/13/2026 3:44,10.29332031
4/13/2026 3:49,10.3362207
4/13/2026 3:54,10.3362207
4/13/2026 3:59,10.3362207
4/13/2026 4:04,10.29332031
4/13/2026 4:09,10.20751953
4/13/2026 4:14,10.20751953
4/13/2026 4:19,10.12171875
4/13/2026 4:24,10.07881836
4/13/2026 4:29,10.07881836
4/13/2026 4:34,10.07881836
4/13/2026 4:39,10.07881836
4/13/2026 4:44,10.07881836
4/13/2026 4:49,9.907216797
4/13/2026 4:54,9.821416016
4/13/2026 4:59,9.778515625
4/13/2026 5:04,9.821416016
4/13/2026 5:09,9.735615234
4/13/2026 5:14,9.649814453
4/13/2026 5:19,9.606914062
4/13/2026 5:24,9.478212891
4/13/2026 5:29,9.478212891
4/13/2026 5:34,9.521113281
4/13/2026 5:39,9.4353125
4/13/2026 5:44,9.478212891
4/13/2026 5:49,9.349511719
4/13/2026 5:54,9.263710938
4/13/2026 5:59,9.135009766
4/13/2026 6:04,9.177910156
4/13/2026 6:09,9.092109375
4/13/2026 6:14,9.135009766
4/13/2026 6:19,9.049208984
4/13/2026 6:24,8.963408203
4/13/2026 6:29,8.920507812
4/13/2026 6:34,8.920507812
4/13/2026 6:39,8.791806641
4/13/2026 6:44,8.834707031
4/13/2026 6:49,8.834707031
4/13/2026 6:54,8.791806641
4/13/2026 6:59,8.877607422
4/13/2026 7:04,8.920507812
4/13/2026 7:09,8.963408203
4/13/2026 7:14,9.049208984
4/13/2026 7:19,9.177910156
4/13/2026 7:24,9.263710938
4/13/2026 7:29,9.349511719
4/13/2026 7:34,9.478212891
4/13/2026 7:39,9.606914062
4/13/2026 7:44,9.735615234
4/13/2026 7:49,9.907216797
4/13/2026 7:54,10.03591797
4/13/2026 7:59,10.16461914
4/13/2026 8:04,10.37912109
4/13/2026 8:09,10.59362305
4/13/2026 8:14,10.67942383
4/13/2026 8:19,10.72232422
4/13/2026 8:24,10.93682617
4/13/2026 8:29,11.2800293
4/13/2026 8:34,11.40873047
4/13/2026 8:39,11.75193359
4/13/2026 8:44,11.88063477
4/13/2026 8:49,12.22383789
4/13/2026 8:54,12.91024414
4/13/2026 8:59,13.68245117
4/13/2026 9:04,13.46794922
4/13/2026 9:09,14.32595703
4/13/2026 9:14,14.32595703
4/13/2026 9:19,14.19725586
4/13/2026 9:24,14.62625977
4/13/2026 9:29,15.99907227
4/13/2026 9:34,16.64257813
4/13/2026 9:39,16.38517578
4/13/2026 9:44,16.47097656
4/13/2026 9:49,16.17067383
4/13/2026 9:54,15.65586914
4/13/2026 9:59,15.61296875
4/13/2026 10:04,15.91327148
4/13/2026 10:09,15.65586914
4/13/2026 10:14,15.3984668
4/13/2026 10:19,15.26976562
4/13/2026 10:24,15.35556641
4/13/2026 10:29,15.48426758
4/13/2026 10:34,15.52716797
4/13/2026 10:39,15.65586914
4/13/2026 10:44,15.74166992
4/13/2026 10:49,15.65586914
4/13/2026 10:54,15.69876953
4/13/2026 10:59,15.74166992
4/13/2026 11:04,16.81417969
4/13/2026 11:09,17.24318359
4/13/2026 11:14,17.37188477
4/13/2026 11:19,18.01539063
4/13/2026 11:24,18.53019531
4/13/2026 11:29,18.01539063
4/13/2026 11:34,18.40149414
4/13/2026 11:39,19.00209961
4/13/2026 11:44,18.40149414
4/13/2026 11:49,17.88668945
4/13/2026 11:54,17.71508789
4/13/2026 11:59,17.6721875
4/13/2026 12:04,17.92958984
4/13/2026 12:09,18.1440918
4/13/2026 12:14,18.78759766
4/13/2026 12:19,18.83049805
4/13/2026 12:24,19.00209961
4/13/2026 12:29,19.21660156
4/13/2026 12:34,19.08790039
4/13/2026 12:39,19.17370117
4/13/2026 12:44,19.38820312
4/13/2026 12:49,19.60270508
4/13/2026 12:54,19.47400391
4/13/2026 12:59,19.47400391
4/13/2026 13:04,20.24621094
4/13/2026 13:09,21.53322266
4/13/2026 13:14,22.82023437
4/13/2026 13:19,22.73443359
4/13/2026 13:24,23.54954102
4/13/2026 13:29,24.27884766
4/13/2026 13:34,24.75075195
4/13/2026 13:39,24.87945313
4/13/2026 13:44,24.70785156
4/13/2026 13:49,23.50664062
4/13/2026 13:54,23.37793945
4/13/2026 13:59,22.82023437
4/13/2026 14:04,22.00512695
4/13/2026 14:09,21.91932617
4/13/2026 14:14,21.790625
4/13/2026 14:19,21.91932617
4/13/2026 14:24,21.49032227
4/13/2026 14:29,21.96222656
4/13/2026 14:34,22.86313477
4/13/2026 14:39,22.43413086
4/13/2026 14:44,22.64863281
4/13/2026 14:49,22.6915332
4/13/2026 14:54,21.70482422
4/13/2026 14:59,20.93261719
4/13/2026 15:04,20.4178125
4/13/2026 15:09,19.90300781
4/13/2026 15:14,19.60270508
4/13/2026 15:19,19.38820312
4/13/2026 15:24,19.34530273
4/13/2026 15:29,19.045
4/13/2026 15:34,19.81720703
4/13/2026 15:39,20.84681641
4/13/2026 15:44,21.19001953
4/13/2026 15:49,21.14711914
4/13/2026 15:54,20.58941406
4/13/2026 15:59,20.24621094
4/13/2026 16:04,20.11750977
4/13/2026 16:09,19.98880859
4/13/2026 16:14,19.38820312
4/13/2026 16:19,18.87339844
4/13/2026 16:24,18.74469727
4/13/2026 16:29,18.44439453
4/13/2026 16:34,18.1440918
4/13/2026 16:39,17.88668945
4/13/2026 16:44,17.71508789
4/13/2026 16:49,17.62928711
4/13/2026 16:54,17.41478516
4/13/2026 16:59,17.32898437
4/13/2026 17:04,17.07158203
4/13/2026 17:09,16.94288086
4/13/2026 17:14,16.85708008
4/13/2026 17:19,16.72837891
4/13/2026 17:24,16.64257813
4/13/2026 17:29,16.59967773
4/13/2026 17:34,16.55677734
4/13/2026 17:39,16.47097656
4/13/2026 17:44,16.299375
4/13/2026 17:49,16.17067383
4/13/2026 17:54,16.04197266
4/13/2026 17:59,15.87037109
4/13/2026 18:04,15.8274707
4/13/2026 18:09,15.69876953
4/13/2026 18:14,15.65586914
4/13/2026 18:19,15.65586914
4/13/2026 18:24,15.65586914
4/13/2026 18:29,15.57006836
4/13/2026 18:34,15.48426758
4/13/2026 18:39,15.44136719
4/13/2026 18:44,15.35556641
4/13/2026 18:49,15.35556641
4/13/2026 18:54,15.31266602
4/13/2026 18:59,15.31266602
4/13/2026 19:04,15.22686523
4/13/2026 19:09,15.31266602
4/13/2026 19:14,15.48426758
4/13/2026 19:19,15.65586914
4/13/2026 19:24,15.78457031
4/13/2026 19:29,15.91327148
4/13/2026 19:34,15.95617187
4/13/2026 19:39,16.04197266
4/13/2026 19:44,16.04197266
4/13/2026 19:49,16.04197266
4/13/2026 19:54,15.99907227
4/13/2026 19:59,15.99907227
4/13/2026 20:04,15.91327148
4/13/2026 20:09,15.87037109
4/13/2026 20:14,15.87037109
4/13/2026 20:19,15.78457031
4/13/2026 20:24,15.78457031
4/13/2026 20:29,15.78457031
4/13/2026 20:34,15.74166992
4/13/2026 20:39,15.74166992
4/13/2026 20:44,15.69876953
4/13/2026 20:49,15.61296875
4/13/2026 20:54,15.61296875
4/13/2026 20:59,15.57006836
4/13/2026 21:04,15.48426758
4/13/2026 21:09,15.48426758
4/13/2026 21:14,15.48426758
4/13/2026 21:19,15.48426758
4/13/2026 21:24,15.35556641
4/13/2026 21:29,15.31266602
4/13/2026 21:34,15.26976562
4/13/2026 21:39,15.18396484
4/13/2026 21:44,15.09816406
4/13/2026 21:49,15.14106445
4/13/2026 21:54,15.09816406
4/13/2026 21:59,15.01236328
4/13/2026 22:04,14.96946289
4/13/2026 22:09,14.96946289
4/13/2026 22:14,14.88366211
4/13/2026 22:19,14.84076172
4/13/2026 22:24,14.88366211
4/13/2026 22:29,14.79786133
4/13/2026 22:34,14.75496094
4/13/2026 22:39,14.71206055
4/13/2026 22:44,14.66916016
4/13/2026 22:49,14.62625977
4/13/2026 22:54,14.58335938
4/13/2026 22:59,14.58335938
4/13/2026 23:04,14.54045898
4/13/2026 23:09,14.49755859
4/13/2026 23:14,14.4546582
4/13/2026 23:19,14.4546582
4/13/2026 23:24,14.36885742
4/13/2026 23:29,14.32595703
4/13/2026 23:34,14.32595703
4/13/2026 23:39,14.28305664
4/13/2026 23:44,14.28305664
4/13/2026 23:49,14.24015625
4/13/2026 23:54,14.19725586
4/13/2026 23:59,14.19725586
4/14/2026 0:04,14.15435547
4/14/2026 0:09,14.15435547
4/14/2026 0:14,14.15435547
4/14/2026 0:19,14.11145508
4/14/2026 0:24,14.11145508
4/14/2026 0:29,14.06855469
4/14/2026 0:34,13.98275391
4/14/2026 0:39,13.98275391
4/14/2026 0:44,13.98275391
4/14/2026 0:49,13.98275391
4/14/2026 0:54,13.98275391
4/14/2026 0:59,13.93985352
4/14/2026 1:04,13.93985352
4/14/2026 1:09,13.93985352
4/14/2026 1:14,13.85405273
4/14/2026 1:19,13.85405273
4/14/2026 1:24,13.85405273
4/14/2026 1:29,13.81115234
4/14/2026 1:34,13.85405273
4/14/2026 1:39,13.72535156
4/14/2026 1:44,13.81115234
4/14/2026 1:49,13.68245117
4/14/2026 1:54,13.68245117
4/14/2026 1:59,13.72535156
4/14/2026 2:04,13.63955078
4/14/2026 2:09,13.63955078
4/14/2026 2:14,13.59665039
4/14/2026 2:19,13.59665039
4/14/2026 2:24,13.55375
4/14/2026 2:29,13.55375
4/14/2026 2:34,13.55375
4/14/2026 2:39,13.51084961
4/14/2026 2:44,13.55375
4/14/2026 2:49,13.46794922
4/14/2026 2:54,13.42504883
4/14/2026 2:59,13.42504883
4/14/2026 3:04,13.42504883
4/14/2026 3:09,13.38214844
4/14/2026 3:14,13.33924805
4/14/2026 3:19,13.29634766
4/14/2026 3:24,13.25344727
4/14/2026 3:29,13.25344727
4/14/2026 3:34,13.25344727
4/14/2026 3:39,13.21054687
4/14/2026 3:44,13.12474609
4/14/2026 3:49,13.21054687
4/14/2026 3:54,13.16764648
4/14/2026 3:59,13.21054687
4/14/2026 4:04,13.21054687
4/14/2026 4:09,13.21054687
4/14/2026 4:14,13.25344727
4/14/2026 4:19,13.25344727
4/14/2026 4:24,13.25344727
4/14/2026 4:29,13.25344727
4/14/2026 4:34,13.25344727
4/14/2026 4:39,13.25344727
4/14/2026 4:44,13.25344727
4/14/2026 4:49,13.21054687
4/14/2026 4:54,13.21054687
4/14/2026 4:59,13.25344727
4/14/2026 5:04,13.25344727
4/14/2026 5:09,13.21054687
4/14/2026 5:14,13.21054687
4/14/2026 5:19,13.21054687
4/14/2026 5:24,13.16764648
4/14/2026 5:29,13.16764648
4/14/2026 5:34,13.16764648
4/14/2026 5:39,13.12474609
4/14/2026 5:44,13.12474609
4/14/2026 5:49,13.12474609
4/14/2026 5:54,13.12474609
4/14/2026 5:59,13.0818457
4/14/2026 6:04,13.12474609
4/14/2026 6:09,13.0818457
4/14/2026 6:14,13.0818457
4/14/2026 6:19,13.03894531
4/14/2026 6:24,13.03894531
4/14/2026 6:29,13.03894531
4/14/2026 6:34,13.03894531
4/14/2026 6:39,13.03894531
4/14/2026 6:44,13.0818457
4/14/2026 6:49,13.03894531
4/14/2026 6:54,13.03894531
4/14/2026 6:59,13.03894531
4/14/2026 7:04,12.99604492
4/14/2026 7:09,12.99604492
4/14/2026 7:14,13.03894531
4/14/2026 7:19,13.03894531
4/14/2026 7:24,12.99604492
4/14/2026 7:29,13.03894531
4/14/2026 7:34,13.03894531
4/14/2026 7:39,13.0818457
4/14/2026 7:44,13.03894531
4/14/2026 7:49,13.0818457
4/14/2026 7:54,13.0818457
4/14/2026 7:59,13.03894531
4/14/2026 8:04,13.0818457
4/14/2026 8:09,13.12474609
4/14/2026 8:14,13.12474609
4/14/2026 8:19,13.12474609
4/14/2026 8:24,13.16764648
4/14/2026 8:29,13.12474609
4/14/2026 8:34,13.12474609
4/14/2026 8:39,13.12474609
4/14/2026 8:44,13.16764648
4/14/2026 8:49,13.16764648
4/14/2026 8:54,13.21054687
4/14/2026 8:59,13.16764648
4/14/2026 9:04,13.16764648
4/14/2026 9:09,13.21054687
4/14/2026 9:14,13.21054687
4/14/2026 9:19,13.16764648
4/14/2026 9:24,13.16764648
4/14/2026 9:29,13.16764648
4/14/2026 9:34,13.16764648
4/14/2026 9:39,13.16764648
4/14/2026 9:44,13.25344727
4/14/2026 9:49,13.29634766
4/14/2026 9:54,13.25344727
4/14/2026 9:59,13.29634766
4/14/2026 10:04,13.33924805
4/14/2026 10:09,13.25344727
4/14/2026 10:14,13.25344727
4/14/2026 10:19,13.33924805
4/14/2026 10:24,13.33924805
4/14/2026 10:29,13.42504883
4/14/2026 10:34,13.55375
4/14/2026 10:39,13.42504883
4/14/2026 10:44,13.46794922
4/14/2026 10:49,13.46794922
4/14/2026 10:54,13.55375
4/14/2026 10:59,13.63955078
4/14/2026 11:04,13.81115234
4/14/2026 11:09,14.11145508
4/14/2026 11:14,14.32595703
4/14/2026 11:19,14.58335938
4/14/2026 11:24,14.75496094
4/14/2026 11:29,14.9265625
4/14/2026 11:34,15.18396484
4/14/2026 11:39,15.48426758
4/14/2026 11:44,15.69876953
4/14/2026 11:49,16.17067383
4/14/2026 11:54,16.55677734
4/14/2026 11:59,17.02868164
4/14/2026 12:04,17.2002832
4/14/2026 12:09,17.11448242
4/14/2026 12:14,16.85708008
4/14/2026 12:19,16.59967773
4/14/2026 12:24,16.42807617
4/14/2026 12:29,16.34227539
4/14/2026 12:34,16.12777344
4/14/2026 12:39,15.99907227
4/14/2026 12:44,15.91327148
4/14/2026 12:49,15.8274707
4/14/2026 12:54,15.91327148
4/14/2026 12:59,16.25647461
4/14/2026 13:04,16.64257813
4/14/2026 13:09,16.98578125
4/14/2026 13:14,17.37188477
4/14/2026 13:19,17.15738281
4/14/2026 13:24,18.01539063
4/14/2026 13:29,18.10119141
4/14/2026 13:34,17.6721875
4/14/2026 13:39,17.6721875
4/14/2026 13:44,17.84378906
4/14/2026 13:49,17.84378906
4/14/2026 13:54,17.92958984
4/14/2026 13:59,18.53019531
4/14/2026 14:04,18.83049805
4/14/2026 14:09,18.83049805
4/14/2026 14:14,19.21660156
4/14/2026 14:19,19.21660156
4/14/2026 14:24,18.87339844
4/14/2026 14:29,18.65889648
4/14/2026 14:34,18.74469727
4/14/2026 14:39,18.22989258
4/14/2026 14:44,17.84378906
4/14/2026 14:49,17.71508789
4/14/2026 14:54,17.84378906
4/14/2026 14:59,17.84378906
4/14/2026 15:04,17.88668945
4/14/2026 15:09,17.75798828
4/14/2026 15:14,17.71508789
4/14/2026 15:19,17.71508789
4/14/2026 15:24,17.62928711
4/14/2026 15:29,17.58638672
4/14/2026 15:34,17.50058594
4/14/2026 15:39,17.6721875
4/14/2026 15:44,18.31569336
4/14/2026 15:49,18.53019531
4/14/2026 15:54,18.70179687
4/14/2026 15:59,18.5730957
4/14/2026 16:04,18.83049805
4/14/2026 16:09,19.045
4/14/2026 16:14,19.17370117
4/14/2026 16:19,19.13080078
4/14/2026 16:24,19.08790039
4/14/2026 16:29,19.08790039
4/14/2026 16:34,18.53019531
4/14/2026 16:39,18.70179687
4/14/2026 16:44,17.32898437
4/14/2026 16:49,17.02868164
4/14/2026 16:54,16.98578125
4/14/2026 16:59,17.11448242
4/14/2026 17:04,17.02868164
4/14/2026 17:09,16.89998047
4/14/2026 17:14,16.89998047
4/14/2026 17:19,16.98578125
4/14/2026 17:24,16.85708008
4/14/2026 17:29,16.7712793
4/14/2026 17:34,16.68547852
4/14/2026 17:39,16.64257813
4/14/2026 17:44,16.55677734
4/14/2026 17:49,16.59967773
4/14/2026 17:54,16.51387695
4/14/2026 17:59,16.55677734
4/14/2026 18:04,16.47097656
4/14/2026 18:09,16.47097656
4/14/2026 18:14,16.38517578
4/14/2026 18:19,16.38517578
4/14/2026 18:24,16.34227539
4/14/2026 18:29,16.34227539
4/14/2026 18:34,16.25647461
4/14/2026 18:39,16.17067383
4/14/2026 18:44,16.17067383
4/14/2026 18:49,16.08487305
4/14/2026 18:54,16.04197266
4/14/2026 18:59,16.04197266
4/14/2026 19:04,15.91327148
4/14/2026 19:09,15.87037109
4/14/2026 19:14,15.8274707
4/14/2026 19:19,15.74166992
4/14/2026 19:24,15.69876953
4/14/2026 19:29,15.65586914
4/14/2026 19:34,15.57006836
4/14/2026 19:39,15.48426758
4/14/2026 19:44,15.44136719
4/14/2026 19:49,15.3984668
4/14/2026 19:54,15.31266602
4/14/2026 19:59,15.26976562
4/14/2026 20:04,15.14106445
4/14/2026 20:09,15.09816406
4/14/2026 20:14,15.09816406
4/14/2026 20:19,14.96946289
4/14/2026 20:24,14.9265625
4/14/2026 20:29,14.84076172
4/14/2026 20:34,14.75496094
4/14/2026 20:39,14.71206055
4/14/2026 20:44,14.66916016
4/14/2026 20:49,14.62625977
4/14/2026 20:54,14.58335938
4/14/2026 20:59,14.54045898
4/14/2026 21:04,14.54045898
4/14/2026 21:09,14.49755859
4/14/2026 21:14,14.4546582
4/14/2026 21:19,14.41175781
4/14/2026 21:24,14.36885742
4/14/2026 21:29,14.36885742
4/14/2026 21:34,14.32595703
4/14/2026 21:39,14.32595703
4/14/2026 21:44,14.24015625
4/14/2026 21:49,14.28305664
4/14/2026 21:54,14.15435547
4/14/2026 21:59,14.19725586
4/14/2026 22:04,14.15435547
4/14/2026 22:09,14.11145508
4/14/2026 22:14,14.0256543
4/14/2026 22:19,14.0256543
4/14/2026 22:24,14.0256543
4/14/2026 22:29,13.98275391
4/14/2026 22:34,13.93985352
4/14/2026 22:39,13.93985352
4/14/2026 22:44,13.89695312
4/14/2026 22:49,13.81115234
4/14/2026 22:54,13.76825195
4/14/2026 22:59,13.76825195
4/14/2026 23:04,13.68245117
4/14/2026 23:09,13.63955078
4/14/2026 23:14,13.63955078
4/14/2026 23:19,13.59665039
4/14/2026 23:24,13.59665039
4/14/2026 23:29,13.59665039
4/14/2026 23:34,13.51084961
4/14/2026 23:39,13.46794922
4/14/2026 23:44,13.46794922
4/14/2026 23:49,13.51084961
4/14/2026 23:54,13.42504883
4/14/2026 23:59,13.42504883
4/15/2026 0:04,13.38214844
4/15/2026 0:09,13.38214844
4/15/2026 0:14,13.29634766
4/15/2026 0:19,13.29634766
4/15/2026 0:24,13.25344727
4/15/2026 0:29,13.21054687
4/15/2026 0:34,13.16764648
4/15/2026 0:39,13.21054687
4/15/2026 0:44,13.16764648
4/15/2026 0:49,13.16764648
4/15/2026 0:54,13.12474609
4/15/2026 0:59,13.0818457
4/15/2026 1:04,13.03894531
4/15/2026 1:09,12.99604492
4/15/2026 1:14,12.95314453
4/15/2026 1:19,12.95314453
4/15/2026 1:24,12.91024414
4/15/2026 1:29,12.86734375
4/15/2026 1:34,12.91024414
4/15/2026 1:39,12.82444336
4/15/2026 1:44,12.82444336
4/15/2026 1:49,12.78154297
4/15/2026 1:54,12.73864258
4/15/2026 1:59,12.78154297
4/15/2026 2:04,12.73864258
4/15/2026 2:09,12.6528418
4/15/2026 2:14,12.6528418
4/15/2026 2:19,12.6528418
4/15/2026 2:24,12.69574219
4/15/2026 2:29,12.6528418
4/15/2026 2:34,12.69574219
4/15/2026 2:39,12.60994141
4/15/2026 2:44,12.60994141
4/15/2026 2:49,12.60994141
4/15/2026 2:54,12.52414063
4/15/2026 2:59,12.52414063
4/15/2026 3:04,12.48124023
4/15/2026 3:09,12.52414063
4/15/2026 3:14,12.43833984
4/15/2026 3:19,12.43833984
4/15/2026 3:24,12.39543945
4/15/2026 3:29,12.39543945
4/15/2026 3:34,12.39543945
4/15/2026 3:39,12.35253906
4/15/2026 3:44,12.39543945
4/15/2026 3:49,12.30963867
4/15/2026 3:54,12.30963867
4/15/2026 3:59,12.30963867
4/15/2026 4:04,12.35253906
4/15/2026 4:09,12.26673828
4/15/2026 4:14,12.26673828
4/15/2026 4:19,12.22383789
4/15/2026 4:24,12.22383789
4/15/2026 4:29,12.22383789
4/15/2026 4:34,12.22383789
4/15/2026 4:39,12.1809375
4/15/2026 4:44,12.1809375
4/15/2026 4:49,12.13803711
4/15/2026 4:54,12.1809375
4/15/2026 4:59,12.13803711
4/15/2026 5:04,12.09513672
4/15/2026 5:09,12.09513672
4/15/2026 5:14,12.00933594
4/15/2026 5:19,12.00933594
4/15/2026 5:24,11.96643555
4/15/2026 5:29,11.96643555
4/15/2026 5:34,11.92353516
4/15/2026 5:39,11.96643555
4/15/2026 5:44,11.83773437
4/15/2026 5:49,11.88063477
4/15/2026 5:54,11.83773437
4/15/2026 5:59,11.83773437
4/15/2026 6:04,11.79483398
4/15/2026 6:09,11.7090332
4/15/2026 6:14,11.7090332
4/15/2026 6:19,11.75193359
4/15/2026 6:24,11.7090332
4/15/2026 6:29,11.62323242
4/15/2026 6:34,11.66613281
4/15/2026 6:39,11.66613281
4/15/2026 6:44,11.66613281
4/15/2026 6:49,11.62323242
4/15/2026 6:54,11.62323242
4/15/2026 6:59,11.62323242
4/15/2026 7:04,11.53743164
4/15/2026 7:09,11.58033203
4/15/2026 7:14,11.53743164
4/15/2026 7:19,11.53743164
4/15/2026 7:24,11.53743164
4/15/2026 7:29,11.49453125
4/15/2026 7:34,11.49453125
4/15/2026 7:39,11.53743164
4/15/2026 7:44,11.53743164
4/15/2026 7:49,11.49453125
4/15/2026 7:54,11.53743164
4/15/2026 7:59,11.53743164
4/15/2026 8:04,11.53743164
4/15/2026 8:09,11.53743164
4/15/2026 8:14,11.53743164
4/15/2026 8:19,11.62323242
4/15/2026 8:24,11.62323242
4/15/2026 8:29,11.66613281
4/15/2026 8:34,11.62323242
4/15/2026 8:39,11.7090332
4/15/2026 8:44,11.75193359
4/15/2026 8:49,11.75193359
4/15/2026 8:54,11.83773437
4/15/2026 8:59,11.88063477
4/15/2026 9:04,11.92353516
4/15/2026 9:09,12.00933594
4/15/2026 9:14,12.05223633
4/15/2026 9:19,12.09513672
4/15/2026 9:24,12.13803711
4/15/2026 9:29,12.30963867
4/15/2026 9:34,12.30963867
4/15/2026 9:39,12.39543945
4/15/2026 9:44,12.43833984
4/15/2026 9:49,12.52414063
4/15/2026 9:54,12.56704102
4/15/2026 9:59,12.56704102
4/15/2026 10:04,12.52414063
4/15/2026 10:09,12.6528418
4/15/2026 10:14,12.73864258
4/15/2026 10:19,12.73864258
4/15/2026 10:24,12.82444336
4/15/2026 10:29,12.91024414
4/15/2026 10:34,12.91024414
4/15/2026 10:39,12.95314453
4/15/2026 10:44,12.99604492
4/15/2026 10:49,13.16764648
4/15/2026 10:54,13.25344727
4/15/2026 10:59,13.33924805
4/15/2026 11:04,13.42504883
4/15/2026 11:09,13.46794922
4/15/2026 11:14,13.55375
4/15/2026 11:19,13.68245117
4/15/2026 11:24,13.81115234
4/15/2026 11:29,13.85405273
4/15/2026 11:34,13.93985352
4/15/2026 11:39,14.11145508
4/15/2026 11:44,14.19725586
4/15/2026 11:49,14.32595703
4/15/2026 11:54,14.36885742
4/15/2026 11:59,14.49755859
4/15/2026 12:04,14.66916016
4/15/2026 12:09,14.75496094
4/15/2026 12:14,14.84076172
4/15/2026 12:19,14.9265625
4/15/2026 12:24,15.01236328
4/15/2026 12:29,15.14106445
4/15/2026 12:34,15.18396484
4/15/2026 12:39,15.35556641
4/15/2026 12:44,15.35556641
4/15/2026 12:49,15.3984668
4/15/2026 12:54,15.44136719
4/15/2026 12:59,15.48426758
4/15/2026 13:04,15.44136719
4/15/2026 13:09,15.44136719
4/15/2026 13:14,15.48426758
4/15/2026 13:19,15.48426758
4/15/2026 13:24,15.52716797
4/15/2026 13:29,15.48426758
4/15/2026 13:34,15.48426758
4/15/2026 13:39,15.48426758
4/15/2026 13:44,15.48426758
4/15/2026 13:49,15.44136719
4/15/2026 13:54,15.44136719
4/15/2026 13:59,15.3984668
4/15/2026 14:04,15.31266602
4/15/2026 14:09,15.35556641
4/15/2026 14:14,15.31266602
4/15/2026 14:19,15.35556641
4/15/2026 14:24,15.35556641
4/15/2026 14:29,15.31266602
4/15/2026 14:34,15.3984668
4/15/2026 14:39,15.3984668
4/15/2026 14:44,15.3984668
4/15/2026 14:49,15.44136719
4/15/2026 14:54,15.48426758
4/15/2026 14:59,15.52716797
4/15/2026 15:04,15.61296875
4/15/2026 15:09,15.65586914
4/15/2026 15:14,15.65586914
4/15/2026 15:19,15.74166992
4/15/2026 15:24,15.78457031
4/15/2026 15:29,15.87037109
4/15/2026 15:34,16.04197266
4/15/2026 15:39,16.08487305
4/15/2026 15:44,16.12777344
4/15/2026 15:49,16.25647461
4/15/2026 15:54,16.25647461
4/15/2026 15:59,16.34227539
4/15/2026 16:04,16.34227539
4/15/2026 16:09,16.42807617
4/15/2026 16:14,16.47097656
4/15/2026 16:19,16.55677734
4/15/2026 16:24,16.59967773
4/15/2026 16:29,16.59967773
4/15/2026 16:34,16.59967773
4/15/2026 16:39,16.68547852
4/15/2026 16:44,16.72837891
4/15/2026 16:49,16.68547852
4/15/2026 16:54,16.64257813
4/15/2026 16:59,16.68547852
4/15/2026 17:04,16.64257813
4/15/2026 17:09,16.68547852
4/15/2026 17:14,16.59967773
4/15/2026 17:19,16.68547852
4/15/2026 17:24,16.59967773
4/15/2026 17:29,16.68547852
4/15/2026 17:34,16.59967773
4/15/2026 17:39,16.51387695
4/15/2026 17:44,16.47097656
4/15/2026 17:49,16.47097656
4/15/2026 17:54,16.42807617
4/15/2026 17:59,16.51387695
4/15/2026 18:04,16.42807617
4/15/2026 18:09,16.42807617
4/15/2026 18:14,16.38517578
4/15/2026 18:19,16.34227539
4/15/2026 18:24,16.25647461
4/15/2026 18:29,16.21357422
4/15/2026 18:34,16.12777344
4/15/2026 18:39,16.12777344
4/15/2026 18:44,16.04197266
4/15/2026 18:49,15.99907227
4/15/2026 18:54,15.95617187
4/15/2026 18:59,15.87037109
4/15/2026 19:04,15.78457031
4/15/2026 19:09,15.74166992
4/15/2026 19:14,15.69876953
4/15/2026 19:19,15.65586914
4/15/2026 19:24,15.57006836
4/15/2026 19:29,15.48426758
4/15/2026 19:34,15.44136719
4/15/2026 19:39,15.31266602
4/15/2026 19:44,15.31266602
4/15/2026 19:49,15.22686523
4/15/2026 19:54,15.14106445
4/15/2026 19:59,15.14106445
4/15/2026 20:04,15.01236328
4/15/2026 20:09,14.96946289
4/15/2026 20:14,14.9265625
4/15/2026 20:19,14.84076172
4/15/2026 20:24,14.79786133
4/15/2026 20:29,14.71206055
4/15/2026 20:34,14.62625977
4/15/2026 20:39,14.54045898
4/15/2026 20:44,14.49755859
4/15/2026 20:49,14.4546582
4/15/2026 20:54,14.36885742
4/15/2026 20:59,14.32595703
4/15/2026 21:04,14.19725586
4/15/2026 21:09,14.15435547
4/15/2026 21:14,14.11145508
4/15/2026 21:19,14.06855469
4/15/2026 21:24,14.0256543
4/15/2026 21:29,13.98275391
4/15/2026 21:34,13.93985352
4/15/2026 21:39,13.89695312
4/15/2026 21:44,13.85405273
4/15/2026 21:49,13.76825195
4/15/2026 21:54,13.76825195
4/15/2026 21:59,13.68245117
4/15/2026 22:04,13.72535156
4/15/2026 22:09,13.68245117
4/15/2026 22:14,13.63955078
4/15/2026 22:19,13.59665039
4/15/2026 22:24,13.59665039
4/15/2026 22:29,13.55375
4/15/2026 22:34,13.55375
4/15/2026 22:39,13.55375
4/15/2026 22:44,13.46794922
4/15/2026 22:49,13.51084961
4/15/2026 22:54,13.46794922
4/15/2026 22:59,13.46794922
4/15/2026 23:04,13.42504883
4/15/2026 23:09,13.38214844
4/15/2026 23:14,13.33924805
4/15/2026 23:19,13.38214844
4/15/2026 23:24,13.38214844
4/15/2026 23:29,13.29634766
4/15/2026 23:34,13.29634766
4/15/2026 23:39,13.25344727
4/15/2026 23:44,13.25344727
4/15/2026 23:49,13.21054687
4/15/2026 23:54,13.16764648
4/15/2026 23:59,13.16764648
4/16/2026 0:04,13.0818457
4/16/2026 0:09,13.03894531
4/16/2026 0:14,13.03894531
4/16/2026 0:19,12.99604492
4/16/2026 0:24,12.99604492
4/16/2026 0:29,12.91024414
4/16/2026 0:34,12.86734375
4/16/2026 0:39,12.86734375
4/16/2026 0:44,12.82444336
4/16/2026 0:49,12.78154297
4/16/2026 0:54,12.73864258
4/16/2026 0:59,12.69574219
4/16/2026 1:04,12.6528418
4/16/2026 1:09,12.60994141
4/16/2026 1:14,12.60994141
4/16/2026 1:19,12.56704102
4/16/2026 1:24,12.52414063
4/16/2026 1:29,12.52414063
4/16/2026 1:34,12.48124023
4/16/2026 1:39,12.48124023
4/16/2026 1:44,12.43833984
4/16/2026 1:49,12.43833984
4/16/2026 1:54,12.35253906
4/16/2026 1:59,12.35253906
4/16/2026 2:04,12.35253906
4/16/2026 2:09,12.35253906
4/16/2026 2:14,12.26673828
4/16/2026 2:19,12.22383789
4/16/2026 2:24,12.22383789
4/16/2026 2:29,12.22383789
4/16/2026 2:34,12.1809375
4/16/2026 2:39,12.13803711
4/16/2026 2:44,12.13803711
4/16/2026 2:49,12.09513672
4/16/2026 2:54,12.05223633
4/16/2026 2:59,12.05223633
4/16/2026 3:04,12.00933594
4/16/2026 3:09,11.96643555
4/16/2026 3:14,12.00933594
4/16/2026 3:19,11.96643555
4/16/2026 3:24,11.92353516
4/16/2026 3:29,11.92353516
4/16/2026 3:34,11.88063477
4/16/2026 3:39,11.88063477
4/16/2026 3:44,11.83773437
4/16/2026 3:49,11.88063477
4/16/2026 3:54,11.79483398
4/16/2026 3:59,11.7090332
4/16/2026 4:04,11.79483398
4/16/2026 4:09,11.7090332
4/16/2026 4:14,11.7090332
4/16/2026 4:19,11.66613281
4/16/2026 4:24,11.58033203
4/16/2026 4:29,11.66613281
4/16/2026 4:34,11.58033203
4/16/2026 4:39,11.58033203
4/16/2026 4:44,11.53743164
4/16/2026 4:49,11.53743164
4/16/2026 4:54,11.53743164
4/16/2026 4:59,11.45163086
4/16/2026 5:04,11.45163086
4/16/2026 5:09,11.45163086
4/16/2026 5:14,11.45163086
4/16/2026 5:19,11.36583008
4/16/2026 5:24,11.36583008
4/16/2026 5:29,11.32292969
4/16/2026 5:34,11.32292969
4/16/2026 5:39,11.2800293
4/16/2026 5:44,11.23712891
4/16/2026 5:49,11.19422852
4/16/2026 5:54,11.19422852
4/16/2026 5:59,11.19422852
4/16/2026 6:04,11.15132813
4/16/2026 6:09,11.10842773
4/16/2026 6:14,11.06552734
4/16/2026 6:19,11.02262695
4/16/2026 6:24,11.06552734
4/16/2026 6:29,11.06552734
4/16/2026 6:34,11.02262695
4/16/2026 6:39,10.93682617
4/16/2026 6:44,10.89392578
4/16/2026 6:49,10.89392578
4/16/2026 6:54,10.85102539
4/16/2026 6:59,10.808125
4/16/2026 7:04,10.85102539
4/16/2026 7:09,10.85102539
4/16/2026 7:14,10.808125
4/16/2026 7:19,10.808125
4/16/2026 7:24,10.85102539
4/16/2026 7:29,10.808125
4/16/2026 7:34,10.808125
4/16/2026 7:39,10.76522461
4/16/2026 7:44,10.85102539
4/16/2026 7:49,10.85102539
4/16/2026 7:54,10.808125
4/16/2026 7:59,10.808125
4/16/2026 8:04,10.85102539
4/16/2026 8:09,10.85102539
4/16/2026 8:14,10.89392578
4/16/2026 8:19,10.93682617
4/16/2026 8:24,10.97972656
4/16/2026 8:29,11.02262695
4/16/2026 8:34,11.06552734
4/16/2026 8:39,11.06552734
4/16/2026 8:44,11.06552734
4/16/2026 8:49,11.19422852
4/16/2026 8:54,11.23712891
4/16/2026 8:59,11.32292969
4/16/2026 9:04,11.36583008
4/16/2026 9:09,11.49453125
4/16/2026 9:14,11.49453125
4/16/2026 9:19,11.62323242
4/16/2026 9:24,11.66613281
4/16/2026 9:29,11.75193359
4/16/2026 9:34,11.88063477
4/16/2026 9:39,11.88063477
4/16/2026 9:44,12.05223633
4/16/2026 9:49,12.00933594
4/16/2026 9:54,12.13803711
4/16/2026 9:59,12.22383789
4/16/2026 10:04,12.35253906
4/16/2026 10:09,12.43833984
4/16/2026 10:14,12.52414063
4/16/2026 10:19,12.60994141
4/16/2026 10:24,12.73864258
4/16/2026 10:29,12.86734375
4/16/2026 10:34,12.86734375
4/16/2026 10:39,13.03894531
4/16/2026 10:44,13.21054687
4/16/2026 10:49,13.29634766
4/16/2026 10:54,13.29634766
4/16/2026 10:59,13.42504883
4/16/2026 11:04,13.46794922
4/16/2026 11:09,13.55375
4/16/2026 11:14,13.72535156
4/16/2026 11:19,13.85405273
4/16/2026 11:24,13.85405273
4/16/2026 11:29,13.93985352
4/16/2026 11:34,13.98275391
4/16/2026 11:39,14.15435547
4/16/2026 11:44,14.32595703
4/16/2026 11:49,14.41175781
4/16/2026 11:54,14.49755859
4/16/2026 11:59,14.71206055
4/16/2026 12:04,14.79786133
4/16/2026 12:09,14.96946289
4/16/2026 12:14,14.9265625
4/16/2026 12:19,14.9265625
4/16/2026 12:24,15.01236328
4/16/2026 12:29,15.22686523
4/16/2026 12:34,15.26976562
4/16/2026 12:39,15.44136719
4/16/2026 12:44,15.52716797
4/16/2026 12:49,15.65586914
4/16/2026 12:54,15.95617187
4/16/2026 12:59,15.99907227
4/16/2026 13:04,16.17067383
4/16/2026 13:09,16.25647461
4/16/2026 13:14,16.34227539
4/16/2026 13:19,16.47097656
4/16/2026 13:24,16.47097656
4/16/2026 13:29,16.64257813
4/16/2026 13:34,16.68547852
4/16/2026 13:39,16.81417969
4/16/2026 13:44,16.89998047
4/16/2026 13:49,16.89998047
4/16/2026 13:54,17.07158203
4/16/2026 13:59,17.11448242
4/16/2026 14:04,17.2002832
4/16/2026 14:09,17.24318359
4/16/2026 14:14,17.32898437
4/16/2026 14:19,17.45768555
4/16/2026 14:24,17.50058594
4/16/2026 14:29,17.62928711
4/16/2026 14:34,17.71508789
4/16/2026 14:39,17.80088867
4/16/2026 14:44,17.88668945
4/16/2026 14:49,17.97249023
4/16/2026 14:54,17.97249023
4/16/2026 14:59,18.10119141
4/16/2026 15:04,18.18699219
4/16/2026 15:09,18.22989258
4/16/2026 15:14,18.31569336
4/16/2026 15:19,18.40149414
4/16/2026 15:24,18.44439453
4/16/2026 15:29,18.53019531
4/16/2026 15:34,18.53019531
4/16/2026 15:39,18.5730957
4/16/2026 15:44,18.53019531
4/16/2026 15:49,18.61599609
4/16/2026 15:54,18.65889648
4/16/2026 15:59,18.74469727
4/16/2026 16:04,18.74469727
4/16/2026 16:09,18.78759766
4/16/2026 16:14,18.83049805
4/16/2026 16:19,18.83049805
4/16/2026 16:24,18.87339844
4/16/2026 16:29,18.91629883
4/16/2026 16:34,18.91629883
4/16/2026 16:39,18.95919922
4/16/2026 16:44,18.87339844
4/16/2026 16:49,18.83049805
4/16/2026 16:54,18.78759766
4/16/2026 16:59,18.91629883
4/16/2026 17:04,18.95919922
4/16/2026 17:09,18.87339844
4/16/2026 17:14,18.78759766
4/16/2026 17:19,18.78759766
4/16/2026 17:24,18.78759766
4/16/2026 17:29,18.78759766
4/16/2026 17:34,18.83049805
4/16/2026 17:39,18.70179687
4/16/2026 17:44,18.65889648
4/16/2026 17:49,18.65889648
4/16/2026 17:54,18.5730957
4/16/2026 17:59,18.61599609
4/16/2026 18:04,18.53019531
4/16/2026 18:09,18.48729492
4/16/2026 18:14,18.40149414
4/16/2026 18:19,18.35859375
4/16/2026 18:24,18.31569336
4/16/2026 18:29,18.18699219
4/16/2026 18:34,18.1440918
4/16/2026 18:39,18.05829102
4/16/2026 18:44,18.01539063
4/16/2026 18:49,18.01539063
4/16/2026 18:54,17.88668945
4/16/2026 18:59,17.80088867
4/16/2026 19:04,17.75798828
4/16/2026 19:09,17.71508789
4/16/2026 19:14,17.54348633
4/16/2026 19:19,17.50058594
4/16/2026 19:24,17.37188477
4/16/2026 19:29,17.32898437
4/16/2026 19:34,17.2002832
4/16/2026 19:39,17.11448242
4/16/2026 19:44,17.02868164
4/16/2026 19:49,16.94288086
4/16/2026 19:54,16.81417969
4/16/2026 19:59,16.7712793
4/16/2026 20:04,16.64257813
4/16/2026 20:09,16.55677734
4/16/2026 20:14,16.51387695
4/16/2026 20:19,16.42807617
4/16/2026 20:24,16.38517578
4/16/2026 20:29,16.299375
4/16/2026 20:34,16.25647461
4/16/2026 20:39,16.17067383
4/16/2026 20:44,16.12777344
4/16/2026 20:49,16.04197266
4/16/2026 20:54,15.95617187
4/16/2026 20:59,15.87037109
4/16/2026 21:04,15.8274707
4/16/2026 21:09,15.74166992
4/16/2026 21:14,15.69876953
4/16/2026 21:19,15.61296875
4/16/2026 21:24,15.48426758
4/16/2026 21:29,15.48426758
4/16/2026 21:34,15.3984668
4/16/2026 21:39,15.35556641
4/16/2026 21:44,15.22686523
4/16/2026 21:49,15.18396484
4/16/2026 21:54,15.09816406
4/16/2026 21:59,15.09816406
4/16/2026 22:04,14.96946289
4/16/2026 22:09,14.88366211
4/16/2026 22:14,14.88366211
4/16/2026 22:19,14.79786133
4/16/2026 22:24,14.75496094
4/16/2026 22:29,14.71206055
4/16/2026 22:34,14.62625977
4/16/2026 22:39,14.58335938
4/16/2026 22:44,14.54045898
4/16/2026 22:49,14.49755859
4/16/2026 22:54,14.4546582
4/16/2026 22:59,14.41175781
4/16/2026 23:04,14.32595703
4/16/2026 23:09,14.36885742
4/16/2026 23:14,14.28305664
4/16/2026 23:19,14.19725586
4/16/2026 23:24,14.19725586
4/16/2026 23:29,14.06855469
4/16/2026 23:34,14.06855469
4/16/2026 23:39,14.11145508
4/16/2026 23:44,14.0256543
4/16/2026 23:49,13.98275391
4/16/2026 23:54,13.93985352
4/16/2026 23:59,13.89695312
4/17/2026 0:04,13.89695312
4/17/2026 0:09,13.89695312
4/17/2026 0:14,13.85405273
4/17/2026 0:19,13.76825195
4/17/2026 0:24,13.76825195
4/17/2026 0:29,13.68245117
4/17/2026 0:34,13.72535156
4/17/2026 0:39,13.68245117
4/17/2026 0:44,13.63955078
4/17/2026 0:49,13.59665039
4/17/2026 0:54,13.59665039
4/17/2026 0:59,13.63955078
4/17/2026 1:04,13.55375
4/17/2026 1:09,13.51084961
4/17/2026 1:14,13.46794922
4/17/2026 1:19,13.51084961
4/17/2026 1:24,13.42504883
4/17/2026 1:29,13.42504883
4/17/2026 1:34,13.38214844
4/17/2026 1:39,13.33924805
4/17/2026 1:44,13.38214844
4/17/2026 1:49,13.29634766
4/17/2026 1:54,13.29634766
4/17/2026 1:59,13.25344727
4/17/2026 2:04,13.25344727
4/17/2026 2:09,13.21054687
4/17/2026 2:14,13.21054687
4/17/2026 2:19,13.12474609
4/17/2026 2:24,13.12474609
4/17/2026 2:29,13.12474609
4/17/2026 2:34,13.0818457
4/17/2026 2:39,13.03894531
4/17/2026 2:44,13.03894531
4/17/2026 2:49,13.03894531
4/17/2026 2:54,12.99604492
4/17/2026 2:59,12.95314453
4/17/2026 3:04,12.99604492
4/17/2026 3:09,12.95314453
4/17/2026 3:14,12.95314453
4/17/2026 3:19,12.91024414
4/17/2026 3:24,12.82444336
4/17/2026 3:29,12.86734375
4/17/2026 3:34,12.82444336
4/17/2026 3:39,12.82444336
4/17/2026 3:44,12.78154297
4/17/2026 3:49,12.78154297
4/17/2026 3:54,12.69574219
4/17/2026 3:59,12.73864258
4/17/2026 4:04,12.73864258
4/17/2026 4:09,12.69574219
4/17/2026 4:14,12.69574219
4/17/2026 4:19,12.6528418
4/17/2026 4:24,12.60994141
4/17/2026 4:29,12.6528418
4/17/2026 4:34,12.6528418
4/17/2026 4:39,12.56704102
4/17/2026 4:44,12.60994141
4/17/2026 4:49,12.60994141
4/17/2026 4:54,12.56704102
4/17/2026 4:59,12.52414063
4/17/2026 5:04,12.56704102
4/17/2026 5:09,12.52414063
4/17/2026 5:14,12.52414063
4/17/2026 5:19,12.52414063
4/17/2026 5:24,12.52414063
4/17/2026 5:29,12.43833984
4/17/2026 5:34,12.43833984
4/17/2026 5:39,12.43833984
4/17/2026 5:44,12.43833984
4/17/2026 5:49,12.39543945
4/17/2026 5:54,12.39543945
4/17/2026 5:59,12.39543945
4/17/2026 6:04,12.39543945
4/17/2026 6:09,12.39543945
4/17/2026 6:14,12.39543945
4/17/2026 6:19,12.39543945
4/17/2026 6:24,12.30963867
4/17/2026 6:29,12.35253906
4/17/2026 6:34,12.35253906
4/17/2026 6:39,12.35253906
4/17/2026 6:44,12.30963867
4/17/2026 6:49,12.30963867
4/17/2026 6:54,12.30963867
4/17/2026 6:59,12.30963867
4/17/2026 7:04,12.35253906
4/17/2026 7:09,12.35253906
4/17/2026 7:14,12.30963867
4/17/2026 7:19,12.35253906
4/17/2026 7:24,12.35253906
4/17/2026 7:29,12.35253906
4/17/2026 7:34,12.35253906
4/17/2026 7:39,12.35253906
4/17/2026 7:44,12.43833984
4/17/2026 7:49,12.39543945
4/17/2026 7:54,12.43833984
4/17/2026 7:59,12.43833984
4/17/2026 8:04,12.52414063
4/17/2026 8:09,12.60994141
4/17/2026 8:14,12.60994141
4/17/2026 8:19,12.6528418
4/17/2026 8:24,12.73864258
4/17/2026 8:29,12.73864258
4/17/2026 8:34,12.73864258
4/17/2026 8:39,12.82444336
4/17/2026 8:44,12.86734375
4/17/2026 8:49,12.86734375
4/17/2026 8:54,12.86734375
4/17/2026 8:59,12.86734375
4/17/2026 9:04,12.86734375
4/17/2026 9:09,12.82444336
4/17/2026 9:14,12.91024414
4/17/2026 9:19,12.91024414
4/17/2026 9:24,12.86734375
4/17/2026 9:29,12.86734375
4/17/2026 9:34,12.86734375
4/17/2026 9:39,12.91024414
4/17/2026 9:44,12.82444336
4/17/2026 9:49,12.82444336
4/17/2026 9:54,12.73864258
4/17/2026 9:59,12.78154297
4/17/2026 10:04,12.73864258
4/17/2026 10:09,12.78154297
4/17/2026 10:14,12.78154297
4/17/2026 10:19,12.86734375
4/17/2026 10:24,13.0818457
4/17/2026 10:29,13.16764648
4/17/2026 10:34,13.42504883
4/17/2026 10:39,13.63955078
4/17/2026 10:44,13.59665039
4/17/2026 10:49,13.55375
4/17/2026 10:54,13.55375
4/17/2026 10:59,13.51084961
4/17/2026 11:04,13.51084961
4/17/2026 11:09,13.59665039
4/17/2026 11:14,13.59665039
4/17/2026 11:19,13.68245117
4/17/2026 11:24,13.81115234
4/17/2026 11:29,13.85405273
4/17/2026 11:34,13.89695312
4/17/2026 11:39,13.89695312
4/17/2026 11:44,13.93985352
4/17/2026 11:49,13.93985352
4/17/2026 11:54,13.85405273
4/17/2026 11:59,13.76825195
4/17/2026 12:04,13.76825195
4/17/2026 12:09,13.72535156
4/17/2026 12:14,13.72535156
4/17/2026 12:19,13.63955078
4/17/2026 12:24,13.68245117
4/17/2026 12:29,13.76825195
4/17/2026 12:34,13.76825195
4/17/2026 12:39,13.81115234
4/17/2026 12:44,13.89695312
4/17/2026 12:49,14.0256543
4/17/2026 12:54,14.0256543
4/17/2026 12:59,14.06855469
4/17/2026 13:04,14.0256543
4/17/2026 13:09,14.06855469
4/17/2026 13:14,14.06855469
4/17/2026 13:19,14.11145508
4/17/2026 13:24,14.15435547
4/17/2026 13:29,14.19725586
4/17/2026 13:34,14.19725586
4/17/2026 13:39,14.19725586
4/17/2026 13:44,14.19725586
4/17/2026 13:49,14.24015625
4/17/2026 13:54,14.15435547
4/17/2026 13:59,14.15435547
4/17/2026 14:04,14.11145508
4/17/2026 14:09,14.06855469
4/17/2026 14:14,14.0256543
4/17/2026 14:19,14.06855469
4/17/2026 14:24,13.98275391
4/17/2026 14:29,13.98275391
4/17/2026 14:34,13.89695312
4/17/2026 14:39,13.93985352
4/17/2026 14:44,13.85405273
4/17/2026 14:49,13.81115234
4/17/2026 14:54,13.81115234
4/17/2026 14:59,13.81115234
4/17/2026 15:04,13.76825195
4/17/2026 15:09,13.76825195
4/17/2026 15:14,13.68245117
4/17/2026 15:19,13.68245117
4/17/2026 15:24,13.59665039
4/17/2026 15:29,13.55375
4/17/2026 15:34,13.55375
4/17/2026 15:39,13.55375
4/17/2026 15:44,13.46794922
4/17/2026 15:49,13.46794922
4/17/2026 15:54,13.51084961
4/17/2026 15:59,13.55375
4/17/2026 16:04,13.46794922
4/17/2026 16:09,13.51084961
4/17/2026 16:14,13.38214844
4/17/2026 16:19,13.42504883
4/17/2026 16:24,13.38214844
4/17/2026 16:29,13.29634766
4/17/2026 16:34,13.29634766
4/17/2026 16:39,13.16764648
4/17/2026 16:44,13.12474609
4/17/2026 16:49,13.12474609
4/17/2026 16:54,13.03894531
4/17/2026 16:59,13.0818457
4/17/2026 17:04,13.0818457
4/17/2026 17:09,13.0818457
4/17/2026 17:14,13.03894531
4/17/2026 17:19,12.99604492
4/17/2026 17:24,12.95314453
4/17/2026 17:29,12.99604492
4/17/2026 17:34,12.95314453
4/17/2026 17:39,12.91024414
4/17/2026 17:44,12.91024414
4/17/2026 17:49,12.91024414
4/17/2026 17:54,12.86734375
4/17/2026 17:59,12.82444336
4/17/2026 18:04,12.82444336
4/17/2026 18:09,12.78154297
4/17/2026 18:14,12.69574219
4/17/2026 18:19,12.69574219
4/17/2026 18:24,12.69574219
4/17/2026 18:29,12.6528418
4/17/2026 18:34,12.60994141
4/17/2026 18:39,12.60994141
4/17/2026 18:44,12.60994141
4/17/2026 18:49,12.56704102
4/17/2026 18:54,12.52414063
4/17/2026 18:59,12.43833984
4/17/2026 19:04,12.43833984
4/17/2026 19:09,12.43833984
4/17/2026 19:14,12.35253906
4/17/2026 19:19,12.35253906
4/17/2026 19:24,12.26673828
4/17/2026 19:29,12.22383789
4/17/2026 19:34,12.22383789
4/17/2026 19:39,12.1809375
4/17/2026 19:44,12.13803711
4/17/2026 19:49,12.13803711
4/17/2026 19:54,12.13803711
4/17/2026 19:59,12.05223633
4/17/2026 20:04,12.00933594
4/17/2026 20:09,12.05223633
4/17/2026 20:14,12.00933594
4/17/2026 20:19,11.96643555
4/17/2026 20:24,11.96643555
4/17/2026 20:29,11.96643555
4/17/2026 20:34,11.96643555
4/17/2026 20:39,11.88063477
4/17/2026 20:44,11.83773437
4/17/2026 20:49,11.83773437
4/17/2026 20:54,11.75193359
4/17/2026 20:59,11.75193359
4/17/2026 21:04,11.62323242
4/17/2026 21:09,11.66613281
4/17/2026 21:14,11.66613281
4/17/2026 21:19,11.58033203
4/17/2026 21:24,11.62323242
4/17/2026 21:29,11.58033203
4/17/2026 21:34,11.45163086
4/17/2026 21:39,11.45163086
4/17/2026 21:44,11.40873047
4/17/2026 21:49,11.40873047
4/17/2026 21:54,11.36583008
4/17/2026 21:59,11.32292969
4/17/2026 22:04,11.2800293
4/17/2026 22:09,11.2800293
4/17/2026 22:14,11.2800293
4/17/2026 22:19,11.23712891
4/17/2026 22:24,11.19422852
4/17/2026 22:29,11.06552734
4/17/2026 22:34,11.06552734
4/17/2026 22:39,10.97972656
4/17/2026 22:44,11.02262695
4/17/2026 22:49,10.97972656
4/17/2026 22:54,10.93682617
4/17/2026 22:59,10.89392578
4/17/2026 23:04,10.93682617
4/17/2026 23:09,10.85102539
4/17/2026 23:14,10.85102539
4/17/2026 23:19,10.808125
4/17/2026 23:24,10.72232422
4/17/2026 23:29,10.72232422
4/17/2026 23:34,10.67942383
4/17/2026 23:39,10.67942383
4/17/2026 23:44,10.63652344
4/17/2026 23:49,10.63652344
4/17/2026 23:54,10.59362305
4/17/2026 23:59,10.55072266
4/18/2026 0:04,10.50782227
4/18/2026 0:09,10.42202148
4/18/2026 0:14,10.37912109
4/18/2026 0:19,10.3362207
4/18/2026 0:24,10.3362207
4/18/2026 0:29,10.3362207
4/18/2026 0:34,10.20751953
4/18/2026 0:39,10.20751953
4/18/2026 0:44,10.16461914
4/18/2026 0:49,10.12171875
4/18/2026 0:54,10.07881836
4/18/2026 0:59,10.03591797
4/18/2026 1:04,10.07881836
4/18/2026 1:09,9.993017578
4/18/2026 1:14,10.03591797
4/18/2026 1:19,10.03591797
4/18/2026 1:24,9.993017578
4/18/2026 1:29,9.950117187
4/18/2026 1:34,9.864316406
4/18/2026 1:39,9.907216797
4/18/2026 1:44,9.778515625
4/18/2026 1:49,9.778515625
4/18/2026 1:54,9.778515625
4/18/2026 1:59,9.692714844
4/18/2026 2:04,9.692714844
4/18/2026 2:09,9.735615234
4/18/2026 2:14,9.692714844
4/18/2026 2:19,9.606914062
4/18/2026 2:24,9.521113281
4/18/2026 2:29,9.521113281
4/18/2026 2:34,9.564013672
4/18/2026 2:39,9.478212891
4/18/2026 2:44,9.4353125
4/18/2026 2:49,9.392412109
4/18/2026 2:54,9.392412109
4/18/2026 2:59,9.392412109
4/18/2026 3:04,9.392412109
4/18/2026 3:09,9.349511719
4/18/2026 3:14,9.306611328
4/18/2026 3:19,9.306611328
4/18/2026 3:24,9.263710938
4/18/2026 3:29,9.306611328
4/18/2026 3:34,9.220810547
4/18/2026 3:39,9.135009766
4/18/2026 3:44,9.092109375
4/18/2026 3:49,9.092109375
4/18/2026 3:54,9.006308594
4/18/2026 3:59,9.006308594
4/18/2026 4:04,9.006308594
4/18/2026 4:09,8.920507812
4/18/2026 4:14,8.920507812
4/18/2026 4:19,8.920507812
4/18/2026 4:24,8.791806641
4/18/2026 4:29,8.791806641
4/18/2026 4:34,8.74890625
4/18/2026 4:39,8.706005859
4/18/2026 4:44,8.620205078
4/18/2026 4:49,8.663105469
4/18/2026 4:54,8.663105469
4/18/2026 4:59,8.663105469
4/18/2026 5:04,8.577304687
4/18/2026 5:09,8.534404297
4/18/2026 5:14,8.491503906
4/18/2026 5:19,8.534404297
4/18/2026 5:24,8.405703125
4/18/2026 5:29,8.362802734
4/18/2026 5:34,8.362802734
4/18/2026 5:39,8.319902344
4/18/2026 5:44,8.277001953
4/18/2026 5:49,8.234101563
4/18/2026 5:54,8.234101563
4/18/2026 5:59,8.191201172
4/18/2026 6:04,8.148300781
4/18/2026 6:09,8.148300781
4/18/2026 6:14,7.976699219
4/18/2026 6:19,8.0625
4/18/2026 6:24,8.019599609
4/18/2026 6:29,7.976699219
4/18/2026 6:34,7.890898437
4/18/2026 6:39,7.890898437
4/18/2026 6:44,7.890898437
4/18/2026 6:49,7.805097656
4/18/2026 6:54,7.847998047
4/18/2026 6:59,7.847998047
4/18/2026 7:04,7.805097656
4/18/2026 7:09,7.847998047
4/18/2026 7:14,7.762197266
4/18/2026 7:19,7.762197266
4/18/2026 7:24,7.805097656
4/18/2026 7:29,7.805097656
4/18/2026 7:34,7.805097656
4/18/2026 7:39,7.805097656
4/18/2026 7:44,7.762197266
4/18/2026 7:49,7.762197266
4/18/2026 7:54,7.762197266
4/18/2026 7:59,7.805097656
4/18/2026 8:04,7.762197266
4/18/2026 8:09,7.762197266
4/18/2026 8:14,7.805097656
4/18/2026 8:19,7.805097656
4/18/2026 8:24,7.805097656
4/18/2026 8:29,7.805097656
4/18/2026 8:34,7.890898437
4/18/2026 8:39,7.762197266
4/18/2026 8:44,7.847998047
4/18/2026 8:49,7.847998047
4/18/2026 8:54,7.847998047
4/18/2026 8:59,7.890898437
4/18/2026 9:04,7.890898437
4/18/2026 9:09,7.890898437
4/18/2026 9:14,7.933798828
4/18/2026 9:19,7.933798828
4/18/2026 9:24,7.890898437
4/18/2026 9:29,7.890898437
4/18/2026 9:34,7.976699219
4/18/2026 9:39,7.933798828
4/18/2026 9:44,7.933798828
4/18/2026 9:49,7.976699219
4/18/2026 9:54,7.976699219
4/18/2026 9:59,7.976699219
4/18/2026 10:04,7.976699219
4/18/2026 10:09,7.976699219
4/18/2026 10:14,8.0625
4/18/2026 10:19,8.0625
4/18/2026 10:24,8.019599609
4/18/2026 10:29,8.0625
4/18/2026 10:34,8.148300781
4/18/2026 10:39,8.105400391
4/18/2026 10:44,8.191201172
4/18/2026 10:49,8.234101563
4/18/2026 10:54,8.319902344
4/18/2026 10:59,8.319902344
4/18/2026 11:04,8.405703125
4/18/2026 11:09,8.491503906
4/18/2026 11:14,8.577304687
4/18/2026 11:19,8.620205078
4/18/2026 11:24,8.706005859
4/18/2026 11:29,8.877607422
4/18/2026 11:34,8.963408203
4/18/2026 11:39,9.006308594
4/18/2026 11:44,9.092109375
4/18/2026 11:49,9.220810547
4/18/2026 11:54,9.306611328
4/18/2026 11:59,9.263710938
4/18/2026 12:04,9.392412109
4/18/2026 12:09,9.478212891
4/18/2026 12:14,9.564013672
4/18/2026 12:19,9.692714844
4/18/2026 12:24,9.735615234
4/18/2026 12:29,9.821416016
4/18/2026 12:34,9.950117187
4/18/2026 12:39,9.993017578
4/18/2026 12:44,10.03591797
4/18/2026 12:49,10.12171875
4/18/2026 12:54,10.20751953
4/18/2026 12:59,10.25041992
4/18/2026 13:04,10.29332031
4/18/2026 13:09,10.37912109
4/18/2026 13:14,10.37912109
4/18/2026 13:19,10.42202148
4/18/2026 13:24,10.46492188
4/18/2026 13:29,10.59362305
4/18/2026 13:34,10.59362305
4/18/2026 13:39,10.59362305
4/18/2026 13:44,10.59362305
4/18/2026 13:49,10.72232422
4/18/2026 13:54,10.808125
4/18/2026 13:59,10.93682617
4/18/2026 14:04,11.06552734
4/18/2026 14:09,11.15132813
4/18/2026 14:14,11.19422852
4/18/2026 14:19,11.32292969
4/18/2026 14:24,11.36583008
4/18/2026 14:29,11.45163086
4/18/2026 14:34,11.53743164
4/18/2026 14:39,11.58033203
4/18/2026 14:44,11.66613281
4/18/2026 14:49,11.7090332
4/18/2026 14:54,11.83773437
4/18/2026 14:59,11.83773437
4/18/2026 15:04,11.88063477
4/18/2026 15:09,11.96643555
4/18/2026 15:14,12.05223633
4/18/2026 15:19,12.05223633
4/18/2026 15:24,12.09513672
4/18/2026 15:29,12.13803711
4/18/2026 15:34,12.22383789
4/18/2026 15:39,12.22383789
4/18/2026 15:44,12.26673828
4/18/2026 15:49,12.26673828
4/18/2026 15:54,12.26673828
4/18/2026 15:59,12.30963867
4/18/2026 16:04,12.35253906
4/18/2026 16:09,12.39543945
4/18/2026 16:14,12.35253906
4/18/2026 16:19,12.39543945
4/18/2026 16:24,12.39543945
4/18/2026 16:29,12.39543945
4/18/2026 16:34,12.43833984
4/18/2026 16:39,12.43833984
4/18/2026 16:44,12.39543945
4/18/2026 16:49,12.39543945
4/18/2026 16:54,12.39543945
4/18/2026 16:59,12.43833984
4/18/2026 17:04,12.39543945
4/18/2026 17:09,12.30963867
4/18/2026 17:14,12.30963867
4/18/2026 17:19,12.30963867
4/18/2026 17:24,12.30963867
4/18/2026 17:29,12.35253906
4/18/2026 17:34,12.30963867
4/18/2026 17:39,12.26673828
4/18/2026 17:44,12.22383789
4/18/2026 17:49,12.1809375
4/18/2026 17:54,12.1809375
4/18/2026 17:59,12.22383789
4/18/2026 18:04,12.09513672
4/18/2026 18:09,12.09513672
4/18/2026 18:14,12.05223633
4/18/2026 18:19,11.96643555
4/18/2026 18:24,11.92353516
4/18/2026 18:29,11.92353516
4/18/2026 18:34,11.79483398
4/18/2026 18:39,11.75193359
4/18/2026 18:44,11.62323242
4/18/2026 18:49,11.62323242
4/18/2026 18:54,11.53743164
4/18/2026 18:59,11.49453125
4/18/2026 19:04,11.36583008
4/18/2026 19:09,11.23712891
4/18/2026 19:14,11.15132813
4/18/2026 19:19,11.06552734
4/18/2026 19:24,10.97972656
4/18/2026 19:29,10.85102539
4/18/2026 19:34,10.76522461
4/18/2026 19:39,10.72232422
4/18/2026 19:44,10.63652344
4/18/2026 19:49,10.50782227
4/18/2026 19:54,10.42202148
4/18/2026 19:59,10.37912109
4/18/2026 20:04,10.3362207
4/18/2026 20:09,10.25041992
4/18/2026 20:14,10.20751953
4/18/2026 20:19,10.12171875
4/18/2026 20:24,10.07881836
4/18/2026 20:29,9.993017578
4/18/2026 20:34,9.907216797
4/18/2026 20:39,9.907216797
4/18/2026 20:44,9.864316406
4/18/2026 20:49,9.778515625
4/18/2026 20:54,9.649814453
4/18/2026 20:59,9.649814453
4/18/2026 21:04,9.564013672
4/18/2026 21:09,9.521113281
4/18/2026 21:14,9.478212891
4/18/2026 21:19,9.349511719
4/18/2026 21:24,9.392412109
4/18/2026 21:29,9.349511719
4/18/2026 21:34,9.263710938
4/18/2026 21:39,9.306611328
4/18/2026 21:44,9.177910156
4/18/2026 21:49,9.135009766
4/18/2026 21:54,9.135009766
4/18/2026 21:59,9.049208984
4/18/2026 22:04,9.049208984
4/18/2026 22:09,9.006308594
4/18/2026 22:14,8.963408203
4/18/2026 22:19,8.920507812
4/18/2026 22:24,8.877607422
4/18/2026 22:29,8.791806641
4/18/2026 22:34,8.791806641
4/18/2026 22:39,8.791806641
4/18/2026 22:44,8.74890625
4/18/2026 22:49,8.706005859
4/18/2026 22:54,8.706005859
4/18/2026 22:59,8.663105469
4/18/2026 23:04,8.663105469
4/18/2026 23:09,8.620205078
4/18/2026 23:14,8.620205078
4/18/2026 23:19,8.534404297
4/18/2026 23:24,8.491503906
4/18/2026 23:29,8.491503906
4/18/2026 23:34,8.448603516
4/18/2026 23:39,8.405703125
4/18/2026 23:44,8.362802734
4/18/2026 23:49,8.319902344
4/18/2026 23:54,8.319902344
4/18/2026 23:59,8.362802734
4/19/2026 0:04,8.319902344
4/19/2026 0:09,8.234101563
4/19/2026 0:14,8.191201172
4/19/2026 0:19,8.191201172
4/19/2026 0:24,8.148300781
4/19/2026 0:29,8.191201172
4/19/2026 0:34,8.148300781
4/19/2026 0:39,8.105400391
4/19/2026 0:44,8.0625
4/19/2026 0:49,8.0625
4/19/2026 0:54,8.019599609
4/19/2026 0:59,8.0625
4/19/2026 1:04,8.019599609
4/19/2026 1:09,8.019599609
4/19/2026 1:14,8.0625
4/19/2026 1:19,7.976699219
4/19/2026 1:24,7.976699219
4/19/2026 1:29,7.933798828
4/19/2026 1:34,7.976699219
4/19/2026 1:39,7.933798828
4/19/2026 1:44,7.890898437
4/19/2026 1:49,7.847998047
4/19/2026 1:54,7.890898437
4/19/2026 1:59,7.805097656
4/19/2026 2:04,7.847998047
4/19/2026 2:09,7.805097656
4/19/2026 2:14,7.805097656
4/19/2026 2:19,7.762197266
4/19/2026 2:24,7.762197266
4/19/2026 2:29,7.762197266
4/19/2026 2:34,7.762197266
4/19/2026 2:39,7.719296875
4/19/2026 2:44,7.719296875
4/19/2026 2:49,7.719296875
4/19/2026 2:54,7.719296875
4/19/2026 2:59,7.676396484
4/19/2026 3:04,7.676396484
4/19/2026 3:09,7.676396484
4/19/2026 3:14,7.633496094
4/19/2026 3:19,7.633496094
4/19/2026 3:24,7.633496094
4/19/2026 3:29,7.633496094
4/19/2026 3:34,7.633496094
4/19/2026 3:39,7.590595703
4/19/2026 3:44,7.590595703
4/19/2026 3:49,7.504794922
4/19/2026 3:54,7.504794922
4/19/2026 3:59,7.418994141
4/19/2026 4:04,7.418994141
4/19/2026 4:09,7.418994141
4/19/2026 4:14,7.333193359
4/19/2026 4:19,7.37609375
4/19/2026 4:24,7.333193359
4/19/2026 4:29,7.290292969
4/19/2026 4:34,7.290292969
4/19/2026 4:39,7.290292969
4/19/2026 4:44,7.247392578
4/19/2026 4:49,7.247392578
4/19/2026 4:54,7.247392578
4/19/2026 4:59,7.247392578
4/19/2026 5:04,7.204492188
4/19/2026 5:09,7.161591797
4/19/2026 5:14,7.204492188
4/19/2026 5:19,7.161591797
4/19/2026 5:24,7.161591797
4/19/2026 5:29,7.161591797
4/19/2026 5:34,7.161591797
4/19/2026 5:39,7.161591797
4/19/2026 5:44,7.204492188
4/19/2026 5:49,7.161591797
4/19/2026 5:54,7.204492188
4/19/2026 5:59,7.161591797
4/19/2026 6:04,7.204492188
4/19/2026 6:09,7.161591797
4/19/2026 6:14,7.161591797
4/19/2026 6:19,7.161591797
4/19/2026 6:24,7.161591797
4/19/2026 6:29,7.118691406
4/19/2026 6:34,7.118691406
4/19/2026 6:39,7.161591797
4/19/2026 6:44,7.161591797
4/19/2026 6:49,7.118691406
4/19/2026 6:54,7.161591797
4/19/2026 6:59,7.118691406
4/19/2026 7:04,7.161591797
4/19/2026 7:09,7.161591797
4/19/2026 7:14,7.161591797
4/19/2026 7:19,7.161591797
4/19/2026 7:24,7.204492188
4/19/2026 7:29,7.247392578
4/19/2026 7:34,7.161591797
4/19/2026 7:39,7.204492188
4/19/2026 7:44,7.247392578
4/19/2026 7:49,7.290292969
4/19/2026 7:54,7.247392578
4/19/2026 7:59,7.247392578
4/19/2026 8:04,7.247392578
4/19/2026 8:09,7.247392578
4/19/2026 8:14,7.290292969
4/19/2026 8:19,7.333193359
4/19/2026 8:24,7.247392578
4/19/2026 8:29,7.290292969
4/19/2026 8:34,7.333193359
4/19/2026 8:39,7.37609375
4/19/2026 8:44,7.37609375
4/19/2026 8:49,7.504794922
4/19/2026 8:54,7.504794922
4/19/2026 8:59,7.590595703
4/19/2026 9:04,7.633496094
4/19/2026 9:09,7.719296875
4/19/2026 9:14,7.719296875
4/19/2026 9:19,7.719296875
4/19/2026 9:24,7.805097656
4/19/2026 9:29,7.762197266
4/19/2026 9:34,7.805097656
4/19/2026 9:39,7.847998047
4/19/2026 9:44,7.933798828
4/19/2026 9:49,7.976699219
4/19/2026 9:54,8.105400391
4/19/2026 9:59,8.148300781
4/19/2026 10:04,8.277001953
4/19/2026 10:09,8.362802734
4/19/2026 10:14,8.448603516
4/19/2026 10:19,8.534404297
4/19/2026 10:24,8.663105469
4/19/2026 10:29,8.791806641
4/19/2026 10:34,8.877607422
4/19/2026 10:39,9.006308594
4/19/2026 10:44,9.177910156
4/19/2026 10:49,9.177910156
4/19/2026 10:54,9.349511719
4/19/2026 10:59,9.392412109
4/19/2026 11:04,9.521113281
4/19/2026 11:09,9.606914062
4/19/2026 11:14,9.692714844
4/19/2026 11:19,9.778515625
4/19/2026 11:24,9.907216797
4/19/2026 11:29,9.993017578
4/19/2026 11:34,10.07881836
4/19/2026 11:39,10.20751953
4/19/2026 11:44,10.29332031
4/19/2026 11:49,10.37912109
4/19/2026 11:54,10.46492188
4/19/2026 11:59,10.55072266
4/19/2026 12:04,10.63652344
4/19/2026 12:09,10.72232422
4/19/2026 12:14,10.808125
4/19/2026 12:19,10.85102539
4/19/2026 12:24,10.89392578
4/19/2026 12:29,10.97972656
4/19/2026 12:34,11.02262695
4/19/2026 12:39,11.06552734
4/19/2026 12:44,11.23712891
4/19/2026 12:49,11.32292969
4/19/2026 12:54,11.40873047
4/19/2026 12:59,11.53743164
4/19/2026 13:04,11.58033203
4/19/2026 13:09,11.66613281
4/19/2026 13:14,11.75193359
4/19/2026 13:19,11.88063477
4/19/2026 13:24,11.96643555
4/19/2026 13:29,12.05223633
4/19/2026 13:34,12.09513672
4/19/2026 13:39,12.1809375
4/19/2026 13:44,12.26673828
4/19/2026 13:49,12.39543945
4/19/2026 13:54,12.48124023
4/19/2026 13:59,12.52414063
4/19/2026 14:04,12.60994141
4/19/2026 14:09,12.69574219
4/19/2026 14:14,12.78154297
4/19/2026 14:19,12.82444336
4/19/2026 14:24,12.91024414
4/19/2026 14:29,12.95314453
4/19/2026 14:34,13.03894531
4/19/2026 14:39,13.03894531
4/19/2026 14:44,13.16764648
4/19/2026 14:49,13.21054687
4/19/2026 14:54,13.25344727
4/19/2026 14:59,13.38214844
4/19/2026 15:04,13.38214844
4/19/2026 15:09,13.42504883
4/19/2026 15:14,13.46794922
4/19/2026 15:19,13.46794922
4/19/2026 15:24,13.55375
4/19/2026 15:29,13.63955078
4/19/2026 15:34,13.68245117
4/19/2026 15:39,13.63955078
4/19/2026 15:44,13.72535156
4/19/2026 15:49,13.81115234
4/19/2026 15:54,13.81115234
4/19/2026 15:59,13.85405273
4/19/2026 16:04,13.85405273
4/19/2026 16:09,13.85405273
4/19/2026 16:14,13.85405273
4/19/2026 16:19,13.89695312
4/19/2026 16:24,13.89695312
4/19/2026 16:29,13.89695312
4/19/2026 16:34,13.89695312
4/19/2026 16:39,13.81115234
4/19/2026 16:44,13.81115234
4/19/2026 16:49,13.85405273
4/19/2026 16:54,13.81115234
4/19/2026 16:59,13.81115234
4/19/2026 17:04,13.81115234
4/19/2026 17:09,13.76825195
4/19/2026 17:14,13.72535156
4/19/2026 17:19,13.72535156
4/19/2026 17:24,13.68245117
4/19/2026 17:29,13.63955078
4/19/2026 17:34,13.63955078
4/19/2026 17:39,13.59665039
4/19/2026 17:44,13.63955078
4/19/2026 17:49,13.55375
4/19/2026 17:54,13.55375
4/19/2026 17:59,13.51084961
4/19/2026 18:04,13.46794922
4/19/2026 18:09,13.42504883
4/19/2026 18:14,13.33924805
4/19/2026 18:19,13.33924805
4/19/2026 18:24,13.25344727
4/19/2026 18:29,13.16764648
4/19/2026 18:34,13.0818457
4/19/2026 18:39,12.95314453
4/19/2026 18:44,12.91024414
4/19/2026 18:49,12.82444336
4/19/2026 18:54,12.73864258
4/19/2026 18:59,12.6528418
4/19/2026 19:04,12.56704102
4/19/2026 19:09,12.39543945
4/19/2026 19:14,12.22383789
4/19/2026 19:19,12.1809375
4/19/2026 19:24,12.05223633
4/19/2026 19:29,11.92353516
4/19/2026 19:34,11.79483398
4/19/2026 19:39,11.7090332
4/19/2026 19:44,11.62323242
4/19/2026 19:49,11.53743164
4/19/2026 19:54,11.45163086
4/19/2026 19:59,11.40873047
4/19/2026 20:04,11.2800293
4/19/2026 20:09,11.23712891
4/19/2026 20:14,11.10842773
4/19/2026 20:19,11.06552734
4/19/2026 20:24,10.89392578
4/19/2026 20:29,10.89392578
4/19/2026 20:34,10.76522461
4/19/2026 20:39,10.67942383
4/19/2026 20:44,10.55072266
4/19/2026 20:49,10.50782227
4/19/2026 20:54,10.42202148
4/19/2026 20:59,10.3362207
4/19/2026 21:04,10.20751953
4/19/2026 21:09,10.20751953
4/19/2026 21:14,10.16461914
4/19/2026 21:19,10.12171875
4/19/2026 21:24,9.950117187
4/19/2026 21:29,9.907216797
4/19/2026 21:34,9.821416016
4/19/2026 21:39,9.778515625
4/19/2026 21:44,9.649814453
4/19/2026 21:49,9.649814453
4/19/2026 21:54,9.521113281
4/19/2026 21:59,9.478212891
4/19/2026 22:04,9.478212891
4/19/2026 22:09,9.349511719
4/19/2026 22:14,9.349511719
4/19/2026 22:19,9.263710938
4/19/2026 22:24,9.220810547
4/19/2026 22:29,9.177910156
4/19/2026 22:34,9.135009766
4/19/2026 22:39,9.092109375
4/19/2026 22:44,9.049208984
4/19/2026 22:49,9.006308594
4/19/2026 22:54,8.920507812
4/19/2026 22:59,8.877607422
4/19/2026 23:04,8.877607422
4/19/2026 23:09,8.791806641
4/19/2026 23:14,8.74890625
4/19/2026 23:19,8.706005859
4/19/2026 23:24,8.663105469
4/19/2026 23:29,8.620205078
4/19/2026 23:34,8.534404297
4/19/2026 23:39,8.534404297
4/19/2026 23:44,8.448603516
4/19/2026 23:49,8.448603516
4/19/2026 23:54,8.405703125
4/19/2026 23:59,8.362802734
4/20/2026 0:04,8.319902344
4/20/2026 0:09,8.277001953
4/20/2026 0:14,8.319902344
4/20/2026 0:19,8.191201172
4/20/2026 0:24,8.148300781
4/20/2026 0:29,8.105400391
4/20/2026 0:34,8.0625
4/20/2026 0:39,8.0625
4/20/2026 0:44,8.0625
4/20/2026 0:49,7.976699219
4/20/2026 0:54,7.976699219
4/20/2026 0:59,7.933798828
4/20/2026 1:04,7.933798828
4/20/2026 1:09,7.890898437
4/20/2026 1:14,7.805097656
4/20/2026 1:19,7.805097656
4/20/2026 1:24,7.762197266
4/20/2026 1:29,7.762197266
4/20/2026 1:34,7.676396484
4/20/2026 1:39,7.676396484
4/20/2026 1:44,7.633496094
4/20/2026 1:49,7.633496094
4/20/2026 1:54,7.590595703
4/20/2026 1:59,7.547695312
4/20/2026 2:04,7.547695312
4/20/2026 2:09,7.504794922
4/20/2026 2:14,7.461894531
4/20/2026 2:19,7.418994141
4/20/2026 2:24,7.37609375
4/20/2026 2:29,7.333193359
4/20/2026 2:34,7.290292969
4/20/2026 2:39,7.247392578
4/20/2026 2:44,7.247392578
4/20/2026 2:49,7.204492188
4/20/2026 2:54,7.204492188
4/20/2026 2:59,7.161591797
4/20/2026 3:04,7.118691406
4/20/2026 3:09,7.075791016
4/20/2026 3:14,7.075791016
4/20/2026 3:19,6.989990234
4/20/2026 3:24,6.989990234
4/20/2026 3:29,6.989990234
4/20/2026 3:34,6.947089844
4/20/2026 3:39,6.904189453
4/20/2026 3:44,6.904189453
4/20/2026 3:49,6.947089844
4/20/2026 3:54,6.861289062
4/20/2026 3:59,6.818388672
4/20/2026 4:04,6.732587891
4/20/2026 4:09,6.775488281
4/20/2026 4:14,6.732587891
4/20/2026 4:19,6.732587891
4/20/2026 4:24,6.732587891
4/20/2026 4:29,6.646787109
4/20/2026 4:34,6.6896875
4/20/2026 4:39,6.603886719
4/20/2026 4:44,6.603886719
4/20/2026 4:49,6.560986328
4/20/2026 4:54,6.560986328
4/20/2026 4:59,6.518085937
4/20/2026 5:04,6.518085937
4/20/2026 5:09,6.518085937
4/20/2026 5:14,6.475185547
4/20/2026 5:19,6.475185547
4/20/2026 5:24,6.475185547
4/20/2026 5:29,6.432285156
4/20/2026 5:34,6.432285156
4/20/2026 5:39,6.432285156
4/20/2026 5:44,6.389384766
4/20/2026 5:49,6.389384766
4/20/2026 5:54,6.389384766
4/20/2026 5:59,6.303583984
4/20/2026 6:04,6.303583984
4/20/2026 6:09,6.260683594
4/20/2026 6:14,6.260683594
4/20/2026 6:19,6.260683594
4/20/2026 6:24,6.303583984
4/20/2026 6:29,6.260683594
4/20/2026 6:34,6.217783203
4/20/2026 6:39,6.260683594
4/20/2026 6:44,6.217783203
4/20/2026 6:49,6.174882813
4/20/2026 6:54,6.217783203
4/20/2026 6:59,6.174882813
4/20/2026 7:04,6.217783203
4/20/2026 7:09,6.131982422
4/20/2026 7:14,6.174882813
4/20/2026 7:19,6.131982422
4/20/2026 7:24,6.131982422
4/20/2026 7:29,6.174882813
4/20/2026 7:34,6.174882813
4/20/2026 7:39,6.174882813
4/20/2026 7:44,6.217783203
4/20/2026 7:49,6.260683594
4/20/2026 7:54,6.303583984
4/20/2026 7:59,6.260683594
4/20/2026 8:04,6.303583984
4/20/2026 8:09,6.346484375
4/20/2026 8:14,6.346484375
4/20/2026 8:19,6.389384766
4/20/2026 8:24,6.389384766
4/20/2026 8:29,6.432285156
4/20/2026 8:34,6.475185547
4/20/2026 8:39,6.475185547
4/20/2026 8:44,6.518085937
4/20/2026 8:49,6.603886719
4/20/2026 8:54,6.646787109
4/20/2026 8:59,6.6896875
4/20/2026 9:04,6.775488281
4/20/2026 9:09,6.904189453
4/20/2026 9:14,6.947089844
4/20/2026 9:19,7.075791016
4/20/2026 9:24,7.161591797
4/20/2026 9:29,7.204492188
4/20/2026 9:34,7.290292969
4/20/2026 9:39,7.418994141
4/20/2026 9:44,7.461894531
4/20/2026 9:49,7.633496094
4/20/2026 9:54,7.676396484
4/20/2026 9:59,7.805097656
4/20/2026 10:04,7.890898437
4/20/2026 10:09,8.019599609
4/20/2026 10:14,8.105400391
4/20/2026 10:19,8.148300781
4/20/2026 10:24,8.277001953
4/20/2026 10:29,8.405703125
4/20/2026 10:34,8.448603516
4/20/2026 10:39,8.534404297
4/20/2026 10:44,8.620205078
4/20/2026 10:49,8.74890625
4/20/2026 10:54,8.834707031
4/20/2026 10:59,8.877607422
4/20/2026 11:04,9.006308594
4/20/2026 11:09,9.092109375
4/20/2026 11:14,9.220810547
4/20/2026 11:19,9.349511719
4/20/2026 11:24,9.4353125
4/20/2026 11:29,9.478212891
4/20/2026 11:34,9.649814453
4/20/2026 11:39,9.692714844
4/20/2026 11:44,9.907216797
4/20/2026 11:49,9.950117187
4/20/2026 11:54,10.12171875
4/20/2026 11:59,10.20751953
4/20/2026 12:04,10.3362207
4/20/2026 12:09,10.50782227
4/20/2026 12:14,10.50782227
4/20/2026 12:19,10.50782227
4/20/2026 12:24,10.63652344
4/20/2026 12:29,10.72232422
4/20/2026 12:34,10.89392578
4/20/2026 12:39,10.97972656
4/20/2026 12:44,11.06552734
4/20/2026 12:49,11.15132813
4/20/2026 12:54,11.2800293
4/20/2026 12:59,11.45163086
4/20/2026 13:04,11.53743164
4/20/2026 13:09,11.62323242
4/20/2026 13:14,11.7090332
4/20/2026 13:19,11.83773437
4/20/2026 13:24,11.96643555
4/20/2026 13:29,12.09513672
4/20/2026 13:34,12.09513672
4/20/2026 13:39,12.1809375
4/20/2026 13:44,12.39543945
4/20/2026 13:49,12.39543945
4/20/2026 13:54,12.48124023
4/20/2026 13:59,12.56704102
4/20/2026 14:04,12.69574219
4/20/2026 14:09,12.82444336
4/20/2026 14:14,12.95314453
4/20/2026 14:19,12.99604492
4/20/2026 14:24,13.03894531
4/20/2026 14:29,13.0818457
4/20/2026 14:34,13.16764648
4/20/2026 14:39,13.21054687
4/20/2026 14:44,13.29634766
4/20/2026 14:49,13.33924805
4/20/2026 14:54,13.29634766
4/20/2026 14:59,13.38214844
4/20/2026 15:04,13.42504883
4/20/2026 15:09,13.46794922
4/20/2026 15:14,13.51084961
4/20/2026 15:19,13.59665039
4/20/2026 15:24,13.59665039
4/20/2026 15:29,13.63955078
4/20/2026 15:34,13.59665039
4/20/2026 15:39,13.63955078
4/20/2026 15:44,13.68245117
4/20/2026 15:49,13.68245117
4/20/2026 15:54,13.72535156
4/20/2026 15:59,13.68245117
4/20/2026 16:04,13.68245117
4/20/2026 16:09,13.72535156
4/20/2026 16:14,13.68245117
4/20/2026 16:19,13.68245117
4/20/2026 16:24,13.63955078
4/20/2026 16:29,13.63955078
4/20/2026 16:34,13.68245117
4/20/2026 16:39,13.68245117
4/20/2026 16:44,13.81115234
4/20/2026 16:49,13.76825195
4/20/2026 16:54,13.76825195
4/20/2026 16:59,13.81115234
4/20/2026 17:04,13.85405273
4/20/2026 17:09,13.89695312
4/20/2026 17:14,13.85405273
4/20/2026 17:19,13.85405273
4/20/2026 17:24,13.85405273
4/20/2026 17:29,13.85405273
4/20/2026 17:34,13.81115234
4/20/2026 17:39,13.81115234
4/20/2026 17:44,13.81115234
4/20/2026 17:49,13.81115234
4/20/2026 17:54,13.85405273
4/20/2026 17:59,13.81115234
4/20/2026 18:04,13.81115234
4/20/2026 18:09,13.76825195
4/20/2026 18:14,13.68245117
4/20/2026 18:19,13.68245117
4/20/2026 18:24,13.63955078
4/20/2026 18:29,13.59665039
4/20/2026 18:34,13.55375
4/20/2026 18:39,13.51084961
4/20/2026 18:44,13.46794922
4/20/2026 18:49,13.38214844
4/20/2026 18:54,13.33924805
4/20/2026 18:59,13.25344727
4/20/2026 19:04,13.12474609
4/20/2026 19:09,13.0818457
4/20/2026 19:14,12.99604492
4/20/2026 19:19,12.95314453
4/20/2026 19:24,12.86734375
4/20/2026 19:29,12.82444336
4/20/2026 19:34,12.78154297
4/20/2026 19:39,12.69574219
4/20/2026 19:44,12.56704102
4/20/2026 19:49,12.43833984
4/20/2026 19:54,12.43833984
4/20/2026 19:59,12.39543945
4/20/2026 20:04,12.30963867
4/20/2026 20:09,12.22383789
4/20/2026 20:14,12.1809375
4/20/2026 20:19,12.13803711
4/20/2026 20:24,12.13803711
4/20/2026 20:29,12.00933594
4/20/2026 20:34,11.96643555
4/20/2026 20:39,11.92353516
4/20/2026 20:44,11.88063477
4/20/2026 20:49,11.83773437
4/20/2026 20:54,11.79483398
4/20/2026 20:59,11.75193359
4/20/2026 21:04,11.7090332
4/20/2026 21:09,11.66613281
4/20/2026 21:14,11.53743164
4/20/2026 21:19,11.49453125
4/20/2026 21:24,11.45163086
4/20/2026 21:29,11.36583008
4/20/2026 21:34,11.36583008
4/20/2026 21:39,11.32292969
4/20/2026 21:44,11.2800293
4/20/2026 21:49,11.19422852
4/20/2026 21:54,11.10842773
4/20/2026 21:59,11.10842773
4/20/2026 22:04,11.02262695
4/20/2026 22:09,10.97972656
4/20/2026 22:14,10.93682617
4/20/2026 22:19,10.89392578
4/20/2026 22:24,10.85102539
4/20/2026 22:29,10.808125
4/20/2026 22:34,10.808125
4/20/2026 22:39,10.72232422
4/20/2026 22:44,10.67942383
4/20/2026 22:49,10.67942383
4/20/2026 22:54,10.63652344
4/20/2026 22:59,10.59362305
4/20/2026 23:04,10.55072266
4/20/2026 23:09,10.46492188
4/20/2026 23:14,10.46492188
4/20/2026 23:19,10.46492188
4/20/2026 23:24,10.42202148
4/20/2026 23:29,10.42202148
4/20/2026 23:34,10.37912109
4/20/2026 23:39,10.3362207
4/20/2026 23:44,10.29332031
4/20/2026 23:49,10.29332031
4/20/2026 23:54,10.25041992
4/20/2026 23:59,10.29332031
4/21/2026 0:04,10.20751953
4/21/2026 0:09,10.16461914
4/21/2026 0:14,10.20751953
4/21/2026 0:19,10.16461914
4/21/2026 0:24,10.12171875
4/21/2026 0:29,10.07881836
4/21/2026 0:34,10.03591797
4/21/2026 0:39,10.07881836
4/21/2026 0:44,10.03591797
4/21/2026 0:49,9.993017578
4/21/2026 0:54,9.993017578
4/21/2026 0:59,9.993017578
4/21/2026 1:04,9.993017578
4/21/2026 1:09,9.950117187
4/21/2026 1:14,9.950117187
4/21/2026 1:19,9.950117187
4/21/2026 1:24,9.907216797
4/21/2026 1:29,9.907216797
4/21/2026 1:34,9.864316406
4/21/2026 1:39,9.864316406
4/21/2026 1:44,9.864316406
4/21/2026 1:49,9.864316406
4/21/2026 1:54,9.821416016
4/21/2026 1:59,9.778515625
4/21/2026 2:04,9.778515625
4/21/2026 2:09,9.778515625
4/21/2026 2:14,9.735615234
4/21/2026 2:19,9.692714844
4/21/2026 2:24,9.735615234
4/21/2026 2:29,9.649814453
4/21/2026 2:34,9.606914062
4/21/2026 2:39,9.606914062
4/21/2026 2:44,9.649814453
4/21/2026 2:49,9.564013672
4/21/2026 2:54,9.564013672
4/21/2026 2:59,9.478212891
4/21/2026 3:04,9.521113281
4/21/2026 3:09,9.478212891
4/21/2026 3:14,9.392412109
4/21/2026 3:19,9.4353125
4/21/2026 3:24,9.4353125
4/21/2026 3:29,9.392412109
4/21/2026 3:34,9.349511719
4/21/2026 3:39,9.349511719
4/21/2026 3:44,9.306611328
4/21/2026 3:49,9.306611328
4/21/2026 3:54,9.263710938
4/21/2026 3:59,9.263710938
4/21/2026 4:04,9.306611328
4/21/2026 4:09,9.263710938
4/21/2026 4:14,9.177910156
4/21/2026 4:19,9.135009766
4/21/2026 4:24,9.135009766
4/21/2026 4:29,9.092109375
4/21/2026 4:34,9.135009766
4/21/2026 4:39,9.092109375
4/21/2026 4:44,9.049208984
4/21/2026 4:49,9.092109375
4/21/2026 4:54,9.006308594
4/21/2026 4:59,8.963408203
4/21/2026 5:04,8.963408203
4/21/2026 5:09,9.006308594
4/21/2026 5:14,8.963408203
4/21/2026 5:19,8.877607422
4/21/2026 5:24,8.877607422
4/21/2026 5:29,8.834707031
4/21/2026 5:34,8.834707031
4/21/2026 5:39,8.834707031
4/21/2026 5:44,8.834707031
4/21/2026 5:49,8.791806641
4/21/2026 5:54,8.791806641
4/21/2026 5:59,8.74890625
4/21/2026 6:04,8.706005859
4/21/2026 6:09,8.706005859
4/21/2026 6:14,8.706005859
4/21/2026 6:19,8.620205078
4/21/2026 6:24,8.577304687
4/21/2026 6:29,8.620205078
4/21/2026 6:34,8.577304687
4/21/2026 6:39,8.577304687
4/21/2026 6:44,8.534404297
4/21/2026 6:49,8.534404297
4/21/2026 6:54,8.534404297
4/21/2026 6:59,8.534404297
4/21/2026 7:04,8.491503906
4/21/2026 7:09,8.534404297
4/21/2026 7:14,8.534404297
4/21/2026 7:19,8.491503906
4/21/2026 7:24,8.491503906
4/21/2026 7:29,8.491503906
4/21/2026 7:34,8.491503906
4/21/2026 7:39,8.491503906
4/21/2026 7:44,8.491503906
4/21/2026 7:49,8.491503906
4/21/2026 7:54,8.491503906
4/21/2026 7:59,8.577304687
4/21/2026 8:04,8.534404297
4/21/2026 8:09,8.577304687
4/21/2026 8:14,8.663105469
4/21/2026 8:19,8.663105469
4/21/2026 8:24,8.706005859
4/21/2026 8:29,8.74890625
4/21/2026 8:34,8.791806641
4/21/2026 8:39,8.877607422
4/21/2026 8:44,8.920507812
4/21/2026 8:49,9.006308594
4/21/2026 8:54,9.049208984
4/21/2026 8:59,9.177910156
4/21/2026 9:04,9.220810547
4/21/2026 9:09,9.263710938
4/21/2026 9:14,9.392412109
4/21/2026 9:19,9.521113281
4/21/2026 9:24,9.478212891
4/21/2026 9:29,9.692714844
4/21/2026 9:34,9.692714844
4/21/2026 9:39,9.821416016
4/21/2026 9:44,9.864316406
4/21/2026 9:49,9.993017578
4/21/2026 9:54,10.12171875
4/21/2026 9:59,10.20751953
4/21/2026 10:04,10.3362207
4/21/2026 10:09,10.42202148
4/21/2026 10:14,10.50782227
4/21/2026 10:19,10.63652344
4/21/2026 10:24,10.72232422
4/21/2026 10:29,10.89392578
4/21/2026 10:34,10.97972656
4/21/2026 10:39,11.06552734
4/21/2026 10:44,11.23712891
4/21/2026 10:49,11.2800293
4/21/2026 10:54,11.40873047
4/21/2026 10:59,11.53743164
4/21/2026 11:04,11.66613281
4/21/2026 11:09,11.79483398
4/21/2026 11:14,11.88063477
4/21/2026 11:19,12.09513672
4/21/2026 11:24,12.13803711
4/21/2026 11:29,12.26673828
4/21/2026 11:34,12.39543945
4/21/2026 11:39,12.56704102
4/21/2026 11:44,12.69574219
4/21/2026 11:49,12.78154297
4/21/2026 11:54,12.78154297
4/21/2026 11:59,12.86734375
4/21/2026 12:04,12.95314453
4/21/2026 12:09,13.21054687
4/21/2026 12:14,13.25344727
4/21/2026 12:19,13.33924805
4/21/2026 12:24,13.38214844
4/21/2026 12:29,13.42504883
4/21/2026 12:34,13.51084961
4/21/2026 12:39,13.59665039
4/21/2026 12:44,13.76825195
4/21/2026 12:49,13.93985352
4/21/2026 12:54,14.06855469
4/21/2026 12:59,14.15435547
4/21/2026 13:04,14.24015625
4/21/2026 13:09,14.32595703
4/21/2026 13:14,14.49755859
4/21/2026 13:19,14.58335938
4/21/2026 13:24,14.66916016
4/21/2026 13:29,14.75496094
4/21/2026 13:34,14.84076172
4/21/2026 13:39,14.96946289
4/21/2026 13:44,15.05526367
4/21/2026 13:49,15.14106445
4/21/2026 13:54,15.18396484
4/21/2026 13:59,15.35556641
4/21/2026 14:04,15.48426758
4/21/2026 14:09,15.61296875
4/21/2026 14:14,15.69876953
4/21/2026 14:19,15.78457031
4/21/2026 14:24,15.8274707
4/21/2026 14:29,15.91327148
4/21/2026 14:34,15.95617187
4/21/2026 14:39,16.08487305
4/21/2026 14:44,16.12777344
4/21/2026 14:49,16.21357422
4/21/2026 14:54,16.25647461
4/21/2026 14:59,16.34227539
4/21/2026 15:04,16.42807617
4/21/2026 15:09,16.47097656
4/21/2026 15:14,16.47097656
4/21/2026 15:19,16.64257813
4/21/2026 15:24,16.64257813
4/21/2026 15:29,16.72837891
4/21/2026 15:34,16.7712793
4/21/2026 15:39,16.81417969
4/21/2026 15:44,16.89998047
4/21/2026 15:49,16.94288086
4/21/2026 15:54,17.02868164
4/21/2026 15:59,17.02868164
4/21/2026 16:04,17.11448242
4/21/2026 16:09,17.15738281
4/21/2026 16:14,17.2002832
4/21/2026 16:19,17.24318359
4/21/2026 16:24,17.28608398
4/21/2026 16:29,17.32898437
4/21/2026 16:34,17.32898437
4/21/2026 16:39,17.41478516
4/21/2026 16:44,17.45768555
4/21/2026 16:49,17.45768555
4/21/2026 16:54,17.45768555
4/21/2026 16:59,17.41478516
4/21/2026 17:04,17.45768555
4/21/2026 17:09,17.45768555
4/21/2026 17:14,17.41478516
4/21/2026 17:19,17.45768555
4/21/2026 17:24,17.41478516
4/21/2026 17:29,17.41478516
4/21/2026 17:34,17.41478516
4/21/2026 17:39,17.45768555
4/21/2026 17:44,17.45768555
4/21/2026 17:49,17.41478516
4/21/2026 17:54,17.45768555
4/21/2026 17:59,17.41478516
4/21/2026 18:04,17.41478516
4/21/2026 18:09,17.41478516
4/21/2026 18:14,17.37188477
4/21/2026 18:19,17.28608398
4/21/2026 18:24,17.28608398
4/21/2026 18:29,17.28608398
4/21/2026 18:34,17.24318359
4/21/2026 18:39,17.2002832
4/21/2026 18:44,17.11448242
4/21/2026 18:49,17.02868164
4/21/2026 18:54,16.98578125
4/21/2026 18:59,16.89998047
4/21/2026 19:04,16.85708008
4/21/2026 19:09,16.72837891
4/21/2026 19:14,16.68547852
4/21/2026 19:19,16.59967773
4/21/2026 19:24,16.51387695
4/21/2026 19:29,16.42807617
4/21/2026 19:34,16.34227539
4/21/2026 19:39,16.21357422
4/21/2026 19:44,16.12777344
4/21/2026 19:49,15.99907227
4/21/2026 19:54,15.91327148
4/21/2026 19:59,15.8274707
4/21/2026 20:04,15.69876953
4/21/2026 20:09,15.61296875
4/21/2026 20:14,15.48426758
4/21/2026 20:19,15.3984668
4/21/2026 20:24,15.22686523
4/21/2026 20:29,15.14106445
4/21/2026 20:34,15.05526367
4/21/2026 20:39,14.9265625
4/21/2026 20:44,14.84076172
4/21/2026 20:49,14.75496094
4/21/2026 20:54,14.66916016
4/21/2026 20:59,14.58335938
4/21/2026 21:04,14.49755859
4/21/2026 21:09,14.41175781
4/21/2026 21:14,14.32595703
4/21/2026 21:19,14.24015625
4/21/2026 21:24,14.24015625
4/21/2026 21:29,14.06855469
4/21/2026 21:34,14.0256543
4/21/2026 21:39,13.93985352
4/21/2026 21:44,13.85405273
4/21/2026 21:49,13.81115234
4/21/2026 21:54,13.72535156
4/21/2026 21:59,13.63955078
4/21/2026 22:04,13.55375
4/21/2026 22:09,13.55375
4/21/2026 22:14,13.42504883
4/21/2026 22:19,13.42504883
4/21/2026 22:24,13.33924805
4/21/2026 22:29,13.25344727
4/21/2026 22:34,13.16764648
4/21/2026 22:39,13.16764648
4/21/2026 22:44,13.0818457
4/21/2026 22:49,12.99604492
4/21/2026 22:54,12.91024414
4/21/2026 22:59,12.91024414
4/21/2026 23:04,12.82444336
4/21/2026 23:09,12.73864258
4/21/2026 23:14,12.6528418
4/21/2026 23:19,12.60994141
4/21/2026 23:24,12.56704102
4/21/2026 23:29,12.52414063
4/21/2026 23:34,12.39543945
4/21/2026 23:39,12.39543945
4/21/2026 23:44,12.26673828
4/21/2026 23:49,12.22383789
4/21/2026 23:54,12.1809375
4/21/2026 23:59,12.13803711
4/22/2026 0:04,12.09513672
4/22/2026 0:09,12.05223633
4/22/2026 0:14,11.96643555
4/22/2026 0:19,11.92353516
4/22/2026 0:24,11.83773437
4/22/2026 0:29,11.79483398
4/22/2026 0:34,11.75193359
4/22/2026 0:39,11.62323242
4/22/2026 0:44,11.58033203
4/22/2026 0:49,11.58033203
4/22/2026 0:54,11.53743164
4/22/2026 0:59,11.45163086
4/22/2026 1:04,11.45163086
4/22/2026 1:09,11.40873047
4/22/2026 1:14,11.36583008
4/22/2026 1:19,11.32292969
4/22/2026 1:24,11.2800293
4/22/2026 1:29,11.23712891
4/22/2026 1:34,11.23712891
4/22/2026 1:39,11.15132813
4/22/2026 1:44,11.10842773
4/22/2026 1:49,11.10842773
4/22/2026 1:54,11.06552734
4/22/2026 1:59,10.97972656
4/22/2026 2:04,10.97972656
4/22/2026 2:09,10.93682617
4/22/2026 2:14,10.89392578
4/22/2026 2:19,10.85102539
4/22/2026 2:24,10.808125
4/22/2026 2:29,10.76522461
4/22/2026 2:34,10.76522461
4/22/2026 2:39,10.72232422
4/22/2026 2:44,10.67942383
4/22/2026 2:49,10.63652344
4/22/2026 2:54,10.63652344
4/22/2026 2:59,10.55072266
4/22/2026 3:04,10.59362305
4/22/2026 3:09,10.50782227
4/22/2026 3:14,10.46492188
4/22/2026 3:19,10.46492188
4/22/2026 3:24,10.42202148
4/22/2026 3:29,10.37912109
4/22/2026 3:34,10.3362207
4/22/2026 3:39,10.3362207
4/22/2026 3:44,10.3362207
4/22/2026 3:49,10.25041992
4/22/2026 3:54,10.25041992
4/22/2026 3:59,10.20751953
4/22/2026 4:04,10.25041992
4/22/2026 4:09,10.20751953
4/22/2026 4:14,10.12171875
4/22/2026 4:19,10.12171875
4/22/2026 4:24,10.03591797
4/22/2026 4:29,10.03591797
4/22/2026 4:34,10.07881836
4/22/2026 4:39,10.03591797
4/22/2026 4:44,9.993017578
4/22/2026 4:49,9.993017578
4/22/2026 4:54,9.907216797
4/22/2026 4:59,9.907216797
4/22/2026 5:04,9.907216797
4/22/2026 5:09,9.864316406
4/22/2026 5:14,9.778515625
4/22/2026 5:19,9.778515625
4/22/2026 5:24,9.821416016
4/22/2026 5:29,9.735615234
4/22/2026 5:34,9.735615234
4/22/2026 5:39,9.735615234
4/22/2026 5:44,9.649814453
4/22/2026 5:49,9.649814453
4/22/2026 5:54,9.649814453
4/22/2026 5:59,9.606914062
4/22/2026 6:04,9.649814453
4/22/2026 6:09,9.564013672
4/22/2026 6:14,9.521113281
4/22/2026 6:19,9.521113281
4/22/2026 6:24,9.478212891
4/22/2026 6:29,9.4353125
4/22/2026 6:34,9.4353125
4/22/2026 6:39,9.4353125
4/22/2026 6:44,9.392412109
4/22/2026 6:49,9.392412109
4/22/2026 6:54,9.4353125
4/22/2026 6:59,9.349511719
4/22/2026 7:04,9.349511719
4/22/2026 7:09,9.349511719
4/22/2026 7:14,9.349511719
4/22/2026 7:19,9.349511719
4/22/2026 7:24,9.349511719
4/22/2026 7:29,9.349511719
4/22/2026 7:34,9.349511719
4/22/2026 7:39,9.349511719
4/22/2026 7:44,9.349511719
4/22/2026 7:49,9.349511719
4/22/2026 7:54,9.392412109
4/22/2026 7:59,9.349511719
4/22/2026 8:04,9.392412109
4/22/2026 8:09,9.521113281
4/22/2026 8:14,9.521113281
4/22/2026 8:19,9.564013672
4/22/2026 8:24,9.564013672
4/22/2026 8:29,9.564013672
4/22/2026 8:34,9.649814453
4/22/2026 8:39,9.692714844
4/22/2026 8:44,9.778515625
4/22/2026 8:49,9.864316406
4/22/2026 8:54,9.907216797
4/22/2026 8:59,9.993017578
4/22/2026 9:04,10.07881836
4/22/2026 9:09,10.20751953
4/22/2026 9:14,10.29332031
4/22/2026 9:19,10.3362207
4/22/2026 9:24,10.46492188
4/22/2026 9:29,10.50782227
4/22/2026 9:34,10.63652344
4/22/2026 9:39,10.76522461
4/22/2026 9:44,10.85102539
4/22/2026 9:49,10.93682617
4/22/2026 9:54,11.06552734
4/22/2026 9:59,11.15132813
4/22/2026 10:04,11.2800293
4/22/2026 10:09,11.40873047
4/22/2026 10:14,11.53743164
4/22/2026 10:19,11.62323242
4/22/2026 10:24,11.79483398
4/22/2026 10:29,11.88063477
4/22/2026 10:34,11.96643555
4/22/2026 10:39,12.13803711
4/22/2026 10:44,12.26673828
4/22/2026 10:49,12.30963867
4/22/2026 10:54,12.43833984
4/22/2026 10:59,12.43833984
4/22/2026 11:04,12.69574219
4/22/2026 11:09,12.78154297
4/22/2026 11:14,12.78154297
4/22/2026 11:19,12.82444336
4/22/2026 11:24,12.91024414
4/22/2026 11:29,12.91024414
4/22/2026 11:34,12.95314453
4/22/2026 11:39,12.95314453
4/22/2026 11:44,13.0818457
4/22/2026 11:49,13.21054687
4/22/2026 11:54,13.25344727
4/22/2026 11:59,13.33924805
4/22/2026 12:04,13.55375
4/22/2026 12:09,13.59665039
4/22/2026 12:14,13.68245117
4/22/2026 12:19,13.89695312
4/22/2026 12:24,13.93985352
4/22/2026 12:29,14.06855469
4/22/2026 12:34,14.15435547
4/22/2026 12:39,14.28305664
4/22/2026 12:44,14.41175781
4/22/2026 12:49,14.49755859
4/22/2026 12:54,14.58335938
4/22/2026 12:59,14.66916016
4/22/2026 13:04,14.75496094
4/22/2026 13:09,14.84076172
4/22/2026 13:14,14.9265625
4/22/2026 13:19,15.05526367
4/22/2026 13:24,15.18396484
4/22/2026 13:29,15.35556641
4/22/2026 13:34,15.48426758
4/22/2026 13:39,15.57006836
4/22/2026 13:44,15.65586914
4/22/2026 13:49,15.78457031
4/22/2026 13:54,15.87037109
4/22/2026 13:59,15.91327148
4/22/2026 14:04,16.04197266
4/22/2026 14:09,16.21357422
4/22/2026 14:14,16.21357422
4/22/2026 14:19,16.34227539
4/22/2026 14:24,16.34227539
4/22/2026 14:29,16.55677734
4/22/2026 14:34,16.72837891
4/22/2026 14:39,16.72837891
4/22/2026 14:44,16.7712793
4/22/2026 14:49,16.81417969
4/22/2026 14:54,16.98578125
4/22/2026 14:59,16.98578125
4/22/2026 15:04,17.02868164
4/22/2026 15:09,17.07158203
4/22/2026 15:14,17.07158203
4/22/2026 15:19,17.15738281
4/22/2026 15:24,17.15738281
4/22/2026 15:29,17.24318359
4/22/2026 15:34,17.28608398
4/22/2026 15:39,17.32898437
4/22/2026 15:44,17.41478516
4/22/2026 15:49,17.50058594
4/22/2026 15:54,17.54348633
4/22/2026 15:59,17.58638672
4/22/2026 16:04,17.6721875
4/22/2026 16:09,17.71508789
4/22/2026 16:14,17.80088867
4/22/2026 16:19,17.84378906
4/22/2026 16:24,17.88668945
4/22/2026 16:29,17.88668945
4/22/2026 16:34,17.92958984
4/22/2026 16:39,17.97249023
4/22/2026 16:44,18.01539063
4/22/2026 16:49,18.01539063
4/22/2026 16:54,18.05829102
4/22/2026 16:59,18.01539063
4/22/2026 17:04,18.05829102
4/22/2026 17:09,18.05829102
4/22/2026 17:14,18.05829102
4/22/2026 17:19,18.05829102
4/22/2026 17:24,18.05829102
4/22/2026 17:29,18.05829102
4/22/2026 17:34,18.10119141
4/22/2026 17:39,18.10119141
4/22/2026 17:44,18.1440918
4/22/2026 17:49,18.1440918
4/22/2026 17:54,18.10119141
4/22/2026 17:59,18.10119141
4/22/2026 18:04,18.05829102
4/22/2026 18:09,18.05829102
4/22/2026 18:14,18.01539063
4/22/2026 18:19,18.05829102
4/22/2026 18:24,18.01539063
4/22/2026 18:29,18.01539063
4/22/2026 18:34,17.92958984
4/22/2026 18:39,17.84378906
4/22/2026 18:44,17.84378906
4/22/2026 18:49,17.80088867
4/22/2026 18:54,17.75798828
4/22/2026 18:59,17.6721875
4/22/2026 19:04,17.62928711
4/22/2026 19:09,17.54348633
4/22/2026 19:14,17.50058594
4/22/2026 19:19,17.37188477
4/22/2026 19:24,17.32898437
4/22/2026 19:29,17.24318359
4/22/2026 19:34,17.2002832
4/22/2026 19:39,17.07158203
4/22/2026 19:44,17.02868164
4/22/2026 19:49,16.94288086
4/22/2026 19:54,16.89998047
4/22/2026 19:59,16.81417969
4/22/2026 20:04,16.72837891
4/22/2026 20:09,16.72837891
4/22/2026 20:14,16.64257813
4/22/2026 20:19,16.59967773
4/22/2026 20:24,16.51387695
4/22/2026 20:29,16.47097656
4/22/2026 20:34,16.42807617
4/22/2026 20:39,16.299375
4/22/2026 20:44,16.25647461
4/22/2026 20:49,16.21357422
4/22/2026 20:54,16.12777344
4/22/2026 20:59,16.08487305
4/22/2026 21:04,16.04197266
4/22/2026 21:09,15.99907227
4/22/2026 21:14,15.87037109
4/22/2026 21:19,15.8274707
4/22/2026 21:24,15.78457031
4/22/2026 21:29,15.74166992
4/22/2026 21:34,15.69876953
4/22/2026 21:39,15.61296875
4/22/2026 21:44,15.48426758
4/22/2026 21:49,15.48426758
4/22/2026 21:54,15.48426758
4/22/2026 21:59,15.44136719
4/22/2026 22:04,15.31266602
4/22/2026 22:09,15.26976562
4/22/2026 22:14,15.22686523
4/22/2026 22:19,15.14106445
4/22/2026 22:24,15.05526367
4/22/2026 22:29,15.05526367
4/22/2026 22:34,14.96946289
4/22/2026 22:39,14.88366211
4/22/2026 22:44,14.88366211
4/22/2026 22:49,14.84076172
4/22/2026 22:54,14.75496094
4/22/2026 22:59,14.66916016
4/22/2026 23:04,14.62625977
4/22/2026 23:09,14.58335938
4/22/2026 23:14,14.54045898
4/22/2026 23:19,14.4546582
4/22/2026 23:24,14.36885742
4/22/2026 23:29,14.32595703
4/22/2026 23:34,14.28305664
4/22/2026 23:39,14.24015625
4/22/2026 23:44,14.19725586
4/22/2026 23:49,14.15435547
4/22/2026 23:54,14.11145508
4/22/2026 23:59,14.06855469
4/23/2026 0:04,14.0256543
4/23/2026 0:09,14.0256543
4/23/2026 0:14,13.98275391
4/23/2026 0:19,13.93985352
4/23/2026 0:24,13.93985352
4/23/2026 0:29,13.89695312
4/23/2026 0:34,13.85405273
4/23/2026 0:39,13.85405273
4/23/2026 0:44,13.81115234
4/23/2026 0:49,13.76825195
4/23/2026 0:54,13.72535156
4/23/2026 0:59,13.68245117
4/23/2026 1:04,13.63955078
4/23/2026 1:09,13.63955078
4/23/2026 1:14,13.59665039
4/23/2026 1:19,13.59665039
4/23/2026 1:24,13.59665039
4/23/2026 1:29,13.55375
4/23/2026 1:34,13.46794922
4/23/2026 1:39,13.46794922
4/23/2026 1:44,13.46794922
4/23/2026 1:49,13.42504883
4/23/2026 1:54,13.42504883
4/23/2026 1:59,13.33924805
4/23/2026 2:04,13.38214844
4/23/2026 2:09,13.29634766
4/23/2026 2:14,13.29634766
4/23/2026 2:19,13.25344727
4/23/2026 2:24,13.21054687
4/23/2026 2:29,13.21054687
4/23/2026 2:34,13.16764648
4/23/2026 2:39,13.12474609
4/23/2026 2:44,13.12474609
4/23/2026 2:49,13.03894531
4/23/2026 2:54,13.03894531
4/23/2026 2:59,13.03894531
4/23/2026 3:04,12.99604492
4/23/2026 3:09,13.03894531
4/23/2026 3:14,12.99604492
4/23/2026 3:19,12.95314453
4/23/2026 3:24,12.95314453
4/23/2026 3:29,12.91024414
4/23/2026 3:34,12.91024414
4/23/2026 3:39,12.91024414
4/23/2026 3:44,12.86734375
4/23/2026 3:49,12.86734375
4/23/2026 3:54,12.82444336
4/23/2026 3:59,12.82444336
4/23/2026 4:04,12.82444336
4/23/2026 4:09,12.78154297
4/23/2026 4:14,12.73864258
4/23/2026 4:19,12.73864258
4/23/2026 4:24,12.78154297
4/23/2026 4:29,12.78154297
4/23/2026 4:34,12.73864258
4/23/2026 4:39,12.69574219
4/23/2026 4:44,12.6528418
4/23/2026 4:49,12.6528418
4/23/2026 4:54,12.69574219
4/23/2026 4:59,12.6528418
4/23/2026 5:04,12.6528418
4/23/2026 5:09,12.6528418
4/23/2026 5:14,12.60994141
4/23/2026 5:19,12.6528418
4/23/2026 5:24,12.60994141
4/23/2026 5:29,12.56704102
4/23/2026 5:34,12.60994141
4/23/2026 5:39,12.52414063
4/23/2026 5:44,12.56704102
4/23/2026 5:49,12.56704102
4/23/2026 5:54,12.56704102
4/23/2026 5:59,12.56704102
4/23/2026 6:04,12.56704102
4/23/2026 6:09,12.60994141
4/23/2026 6:14,12.60994141
4/23/2026 6:19,12.56704102
4/23/2026 6:24,12.60994141
4/23/2026 6:29,12.56704102
4/23/2026 6:34,12.56704102
4/23/2026 6:39,12.56704102
4/23/2026 6:44,12.56704102
4/23/2026 6:49,12.52414063
4/23/2026 6:54,12.56704102
4/23/2026 6:59,12.60994141
4/23/2026 7:04,12.60994141
4/23/2026 7:09,12.56704102
4/23/2026 7:14,12.56704102
4/23/2026 7:19,12.56704102
4/23/2026 7:24,12.60994141
4/23/2026 7:29,12.6528418
4/23/2026 7:34,12.69574219
4/23/2026 7:39,12.60994141
4/23/2026 7:44,12.6528418
4/23/2026 7:49,12.73864258
4/23/2026 7:54,12.73864258
4/23/2026 7:59,12.73864258
4/23/2026 8:04,12.78154297
4/23/2026 8:09,12.82444336
4/23/2026 8:14,12.91024414
4/23/2026 8:19,12.91024414
4/23/2026 8:24,12.99604492
4/23/2026 8:29,12.99604492
4/23/2026 8:34,13.0818457
4/23/2026 8:39,13.16764648
4/23/2026 8:44,13.12474609
4/23/2026 8:49,13.21054687
4/23/2026 8:54,13.25344727
4/23/2026 8:59,13.33924805
4/23/2026 9:04,13.29634766
4/23/2026 9:09,13.38214844
4/23/2026 9:14,13.42504883
4/23/2026 9:19,13.46794922
4/23/2026 9:24,13.55375
4/23/2026 9:29,13.59665039
4/23/2026 9:34,13.59665039
4/23/2026 9:39,13.76825195
4/23/2026 9:44,13.68245117
4/23/2026 9:49,13.68245117
4/23/2026 9:54,13.81115234
4/23/2026 9:59,13.89695312
4/23/2026 10:04,13.98275391
4/23/2026 10:09,14.11145508
4/23/2026 10:14,14.11145508
4/23/2026 10:19,14.15435547
4/23/2026 10:24,14.19725586
4/23/2026 10:29,14.24015625
4/23/2026 10:34,14.32595703
4/23/2026 10:39,14.41175781
4/23/2026 10:44,14.58335938
4/23/2026 10:49,14.54045898
4/23/2026 10:54,14.54045898
4/23/2026 10:59,14.54045898
4/23/2026 11:04,14.54045898
4/23/2026 11:09,14.58335938
4/23/2026 11:14,14.62625977
4/23/2026 11:19,14.66916016
4/23/2026 11:24,14.84076172
4/23/2026 11:29,14.79786133
4/23/2026 11:34,14.79786133
4/23/2026 11:39,14.75496094
4/23/2026 11:44,14.75496094
4/23/2026 11:49,14.79786133
4/23/2026 11:54,14.75496094
4/23/2026 11:59,14.75496094
4/23/2026 12:04,14.66916016
4/23/2026 12:09,14.71206055
4/23/2026 12:14,14.71206055
4/23/2026 12:19,14.71206055
4/23/2026 12:24,14.66916016
4/23/2026 12:29,14.66916016
4/23/2026 12:34,14.66916016
4/23/2026 12:39,14.66916016
4/23/2026 12:44,14.62625977
4/23/2026 12:49,14.62625977
4/23/2026 12:54,14.62625977
4/23/2026 12:59,14.62625977
4/23/2026 13:04,14.62625977
4/23/2026 13:09,14.58335938
4/23/2026 13:14,14.62625977
4/23/2026 13:19,14.54045898
4/23/2026 13:24,14.62625977
4/23/2026 13:29,14.58335938
4/23/2026 13:34,14.54045898
4/23/2026 13:39,14.54045898
4/23/2026 13:44,14.54045898
4/23/2026 13:49,14.49755859
4/23/2026 13:54,14.54045898
4/23/2026 13:59,14.58335938
4/23/2026 14:04,14.54045898
4/23/2026 14:09,14.58335938
4/23/2026 14:14,14.62625977
4/23/2026 14:19,14.66916016
4/23/2026 14:24,14.62625977
4/23/2026 14:29,14.71206055
4/23/2026 14:34,14.71206055
4/23/2026 14:39,14.71206055
4/23/2026 14:44,14.75496094
4/23/2026 14:49,14.75496094
4/23/2026 14:54,14.79786133
4/23/2026 14:59,14.84076172
4/23/2026 15:04,14.84076172
4/23/2026 15:09,14.9265625
4/23/2026 15:14,14.9265625
4/23/2026 15:19,15.01236328
4/23/2026 15:24,15.01236328
4/23/2026 15:29,15.05526367
4/23/2026 15:34,15.05526367
4/23/2026 15:39,15.09816406
4/23/2026 15:44,15.05526367
4/23/2026 15:49,15.09816406
4/23/2026 15:54,15.14106445
4/23/2026 15:59,15.09816406
4/23/2026 16:04,15.14106445
4/23/2026 16:09,15.14106445
4/23/2026 16:14,15.22686523
4/23/2026 16:19,15.26976562
4/23/2026 16:24,15.35556641
4/23/2026 16:29,15.35556641
4/23/2026 16:34,15.3984668
4/23/2026 16:39,15.35556641
4/23/2026 16:44,15.3984668
4/23/2026 16:49,15.35556641
4/23/2026 16:54,15.3984668
4/23/2026 16:59,15.3984668
4/23/2026 17:04,15.35556641
4/23/2026 17:09,15.3984668
4/23/2026 17:14,15.3984668
4/23/2026 17:19,15.3984668
4/23/2026 17:24,15.3984668
4/23/2026 17:29,15.3984668
4/23/2026 17:34,15.3984668
4/23/2026 17:39,15.3984668
4/23/2026 17:44,15.3984668
4/23/2026 17:49,15.3984668
4/23/2026 17:54,15.3984668
4/23/2026 17:59,15.35556641
4/23/2026 18:04,15.3984668
4/23/2026 18:09,15.35556641
4/23/2026 18:14,15.35556641
4/23/2026 18:19,15.31266602
4/23/2026 18:24,15.35556641
4/23/2026 18:29,15.31266602
4/23/2026 18:34,15.26976562
4/23/2026 18:39,15.18396484
4/23/2026 18:44,15.22686523
4/23/2026 18:49,15.18396484
4/23/2026 18:54,15.18396484
4/23/2026 18:59,15.14106445
4/23/2026 19:04,15.05526367
4/23/2026 19:09,15.01236328
4/23/2026 19:14,15.01236328
4/23/2026 19:19,14.96946289
4/23/2026 19:24,14.96946289
4/23/2026 19:29,14.88366211
4/23/2026 19:34,14.9265625
4/23/2026 19:39,14.88366211
4/23/2026 19:44,14.84076172
4/23/2026 19:49,14.79786133
4/23/2026 19:54,14.79786133
4/23/2026 19:59,14.75496094
4/23/2026 20:04,14.75496094
4/23/2026 20:09,14.75496094
4/23/2026 20:14,14.75496094
4/23/2026 20:19,14.71206055
4/23/2026 20:24,14.66916016
4/23/2026 20:29,14.66916016
4/23/2026 20:34,14.62625977
4/23/2026 20:39,14.62625977
4/23/2026 20:44,14.62625977
4/23/2026 20:49,14.62625977
4/23/2026 20:54,14.49755859
4/23/2026 20:59,14.54045898
4/23/2026 21:04,14.49755859
4/23/2026 21:09,14.49755859
4/23/2026 21:14,14.4546582
4/23/2026 21:19,14.4546582
4/23/2026 21:24,14.36885742
4/23/2026 21:29,14.41175781
4/23/2026 21:34,14.36885742
4/23/2026 21:39,14.32595703
4/23/2026 21:44,14.36885742
4/23/2026 21:49,14.32595703
4/23/2026 21:54,14.32595703
4/23/2026 21:59,14.32595703
4/23/2026 22:04,14.32595703
4/23/2026 22:09,14.36885742
4/23/2026 22:14,14.36885742
4/23/2026 22:19,14.36885742
4/23/2026 22:24,14.41175781
4/23/2026 22:29,14.41175781
4/23/2026 22:34,14.41175781
4/23/2026 22:39,14.41175781
4/23/2026 22:44,14.4546582
4/23/2026 22:49,14.41175781
4/23/2026 22:54,14.4546582
4/23/2026 22:59,14.4546582
4/23/2026 23:04,14.4546582
4/23/2026 23:09,14.4546582
4/23/2026 23:14,14.4546582
4/23/2026 23:19,14.41175781
4/23/2026 23:24,14.41175781
4/23/2026 23:29,14.4546582
4/23/2026 23:34,14.41175781
4/23/2026 23:39,14.36885742
4/23/2026 23:44,14.36885742
4/23/2026 23:49,14.32595703
4/23/2026 23:54,14.28305664
4/23/2026 23:59,14.24015625
4/24/2026 0:04,14.28305664
4/24/2026 0:09,14.19725586
4/24/2026 0:14,14.15435547
4/24/2026 0:19,14.11145508
4/24/2026 0:24,14.06855469
4/24/2026 0:29,14.06855469
4/24/2026 0:34,13.98275391
4/24/2026 0:39,13.98275391
4/24/2026 0:44,13.93985352
4/24/2026 0:49,13.93985352
4/24/2026 0:54,13.89695312
4/24/2026 0:59,13.89695312
4/24/2026 1:04,13.85405273
4/24/2026 1:09,13.81115234
4/24/2026 1:14,13.76825195
4/24/2026 1:19,13.76825195
4/24/2026 1:24,13.76825195
4/24/2026 1:29,13.72535156
4/24/2026 1:34,13.68245117
4/24/2026 1:39,13.63955078
4/24/2026 1:44,13.63955078
4/24/2026 1:49,13.59665039
4/24/2026 1:54,13.59665039
4/24/2026 1:59,13.55375
4/24/2026 2:04,13.51084961
4/24/2026 2:09,13.55375
4/24/2026 2:14,13.51084961
4/24/2026 2:19,13.42504883
4/24/2026 2:24,13.38214844
4/24/2026 2:29,13.38214844
4/24/2026 2:34,13.38214844
4/24/2026 2:39,13.29634766
4/24/2026 2:44,13.33924805
4/24/2026 2:49,13.25344727
4/24/2026 2:54,13.21054687
4/24/2026 2:59,13.16764648
4/24/2026 3:04,13.12474609
4/24/2026 3:09,13.0818457
4/24/2026 3:14,13.03894531
4/24/2026 3:19,12.99604492
4/24/2026 3:24,12.95314453
4/24/2026 3:29,12.91024414
4/24/2026 3:34,12.86734375
4/24/2026 3:39,12.82444336
4/24/2026 3:44,12.78154297
4/24/2026 3:49,12.73864258
4/24/2026 3:54,12.6528418
4/24/2026 3:59,12.6528418
4/24/2026 4:04,12.60994141
4/24/2026 4:09,12.56704102
4/24/2026 4:14,12.52414063
4/24/2026 4:19,12.56704102
4/24/2026 4:24,12.48124023
4/24/2026 4:29,12.43833984
4/24/2026 4:34,12.39543945
4/24/2026 4:39,12.35253906
4/24/2026 4:44,12.35253906
4/24/2026 4:49,12.22383789
4/24/2026 4:54,12.22383789
4/24/2026 4:59,12.13803711
4/24/2026 5:04,12.13803711
4/24/2026 5:09,12.13803711
4/24/2026 5:14,12.00933594
4/24/2026 5:19,12.00933594
4/24/2026 5:24,12.05223633
4/24/2026 5:29,11.96643555
4/24/2026 5:34,12.00933594
4/24/2026 5:39,11.92353516
4/24/2026 5:44,11.83773437
4/24/2026 5:49,11.75193359
4/24/2026 5:54,11.79483398
4/24/2026 5:59,11.7090332
4/24/2026 6:04,11.7090332
4/24/2026 6:09,11.66613281
4/24/2026 6:14,11.62323242
4/24/2026 6:19,11.58033203
4/24/2026 6:24,11.53743164
4/24/2026 6:29,11.49453125
4/24/2026 6:34,11.49453125
4/24/2026 6:39,11.45163086
4/24/2026 6:44,11.36583008
4/24/2026 6:49,11.40873047
4/24/2026 6:54,11.40873047
4/24/2026 6:59,11.36583008
4/24/2026 7:04,11.32292969
4/24/2026 7:09,11.2800293
4/24/2026 7:14,11.32292969
4/24/2026 7:19,11.23712891
4/24/2026 7:24,11.23712891
4/24/2026 7:29,11.19422852
4/24/2026 7:34,11.15132813
4/24/2026 7:39,11.15132813
4/24/2026 7:44,11.19422852
4/24/2026 7:49,11.19422852
4/24/2026 7:54,11.10842773
4/24/2026 7:59,11.15132813
4/24/2026 8:04,11.15132813
4/24/2026 8:09,11.10842773
4/24/2026 8:14,11.15132813
4/24/2026 8:19,11.15132813
4/24/2026 8:24,11.19422852
4/24/2026 8:29,11.19422852
4/24/2026 8:34,11.2800293
4/24/2026 8:39,11.19422852
4/24/2026 8:44,11.2800293
4/24/2026 8:49,11.32292969
4/24/2026 8:54,11.40873047
4/24/2026 8:59,11.45163086
4/24/2026 9:04,11.49453125
4/24/2026 9:09,11.49453125
4/24/2026 9:14,11.53743164
4/24/2026 9:19,11.62323242
4/24/2026 9:24,11.66613281
4/24/2026 9:29,11.7090332
4/24/2026 9:34,11.7090332
4/24/2026 9:39,11.88063477
4/24/2026 9:44,11.88063477
4/24/2026 9:49,11.92353516
4/24/2026 9:54,11.92353516
4/24/2026 9:59,12.05223633
4/24/2026 10:04,12.13803711
4/24/2026 10:09,12.26673828
4/24/2026 10:14,12.30963867
4/24/2026 10:19,12.43833984
4/24/2026 10:24,12.43833984
4/24/2026 10:29,12.60994141
4/24/2026 10:34,12.60994141
4/24/2026 10:39,12.73864258
4/24/2026 10:44,12.86734375
4/24/2026 10:49,12.91024414
4/24/2026 10:54,12.99604492
4/24/2026 10:59,13.03894531
4/24/2026 11:04,13.0818457
4/24/2026 11:09,13.16764648
4/24/2026 11:14,13.25344727
4/24/2026 11:19,13.33924805
4/24/2026 11:24,13.46794922
4/24/2026 11:29,13.55375
4/24/2026 11:34,13.63955078
4/24/2026 11:39,13.68245117
4/24/2026 11:44,13.76825195
4/24/2026 11:49,13.76825195
4/24/2026 11:54,13.93985352
4/24/2026 11:59,14.06855469
4/24/2026 12:04,14.24015625
4/24/2026 12:09,14.24015625
4/24/2026 12:14,14.24015625
4/24/2026 12:19,14.36885742
4/24/2026 12:24,14.41175781
4/24/2026 12:29,14.49755859
4/24/2026 12:34,14.62625977
4/24/2026 12:39,14.79786133
4/24/2026 12:44,14.88366211
4/24/2026 12:49,15.01236328
4/24/2026 12:54,15.09816406
4/24/2026 12:59,15.18396484
4/24/2026 13:04,15.26976562
4/24/2026 13:09,15.3984668
4/24/2026 13:14,15.44136719
4/24/2026 13:19,15.52716797
4/24/2026 13:24,15.61296875
4/24/2026 13:29,15.65586914
4/24/2026 13:34,15.65586914
4/24/2026 13:39,15.78457031
4/24/2026 13:44,15.87037109
4/24/2026 13:49,15.91327148
4/24/2026 13:54,16.04197266
4/24/2026 13:59,16.17067383
4/24/2026 14:04,16.21357422
4/24/2026 14:09,16.299375
4/24/2026 14:14,16.34227539
4/24/2026 14:19,16.38517578
4/24/2026 14:24,16.51387695
4/24/2026 14:29,16.55677734
4/24/2026 14:34,16.64257813
4/24/2026 14:39,16.7712793
4/24/2026 14:44,16.85708008
4/24/2026 14:49,16.85708008
4/24/2026 14:54,16.98578125
4/24/2026 14:59,17.02868164
4/24/2026 15:04,17.15738281
4/24/2026 15:09,17.2002832
4/24/2026 15:14,17.28608398
4/24/2026 15:19,17.32898437
4/24/2026 15:24,17.37188477
4/24/2026 15:29,17.41478516
4/24/2026 15:34,17.45768555
4/24/2026 15:39,17.54348633
4/24/2026 15:44,17.58638672
4/24/2026 15:49,17.58638672
4/24/2026 15:54,17.6721875
4/24/2026 15:59,17.71508789
4/24/2026 16:04,17.80088867
4/24/2026 16:09,17.80088867
4/24/2026 16:14,17.80088867
4/24/2026 16:19,17.88668945
4/24/2026 16:24,17.84378906
4/24/2026 16:29,17.88668945
4/24/2026 16:34,17.88668945
4/24/2026 16:39,17.88668945
4/24/2026 16:44,17.88668945
4/24/2026 16:49,17.84378906
4/24/2026 16:54,17.84378906
4/24/2026 16:59,17.88668945
4/24/2026 17:04,17.80088867
4/24/2026 17:09,17.80088867
4/24/2026 17:14,17.75798828
4/24/2026 17:19,17.75798828
4/24/2026 17:24,17.71508789
4/24/2026 17:29,17.6721875
4/24/2026 17:34,17.62928711
4/24/2026 17:39,17.58638672
4/24/2026 17:44,17.50058594
4/24/2026 17:49,17.50058594
4/24/2026 17:54,17.41478516
4/24/2026 17:59,17.41478516
4/24/2026 18:04,17.32898437
4/24/2026 18:09,17.24318359
4/24/2026 18:14,17.2002832
4/24/2026 18:19,17.15738281
4/24/2026 18:24,17.07158203
4/24/2026 18:29,17.02868164
4/24/2026 18:34,16.94288086
4/24/2026 18:39,16.85708008
4/24/2026 18:44,16.7712793
4/24/2026 18:49,16.64257813
4/24/2026 18:54,16.55677734
4/24/2026 18:59,16.42807617
4/24/2026 19:04,16.42807617
4/24/2026 19:09,16.25647461
4/24/2026 19:14,16.21357422
4/24/2026 19:19,16.12777344
4/24/2026 19:24,16.04197266
4/24/2026 19:29,15.91327148
4/24/2026 19:34,15.87037109
4/24/2026 19:39,15.74166992
4/24/2026 19:44,15.65586914
4/24/2026 19:49,15.61296875
4/24/2026 19:54,15.44136719
4/24/2026 19:59,15.35556641
4/24/2026 20:04,15.22686523
4/24/2026 20:09,15.14106445
4/24/2026 20:14,15.01236328
4/24/2026 20:19,14.9265625
4/24/2026 20:24,14.84076172
4/24/2026 20:29,14.71206055
4/24/2026 20:34,14.62625977
4/24/2026 20:39,14.54045898
4/24/2026 20:44,14.4546582
4/24/2026 20:49,14.36885742
4/24/2026 20:54,14.32595703
4/24/2026 20:59,14.19725586
4/24/2026 21:04,14.15435547
4/24/2026 21:09,14.06855469
4/24/2026 21:14,14.0256543
4/24/2026 21:19,13.93985352
4/24/2026 21:24,13.89695312
4/24/2026 21:29,13.76825195
4/24/2026 21:34,13.76825195
4/24/2026 21:39,13.63955078
4/24/2026 21:44,13.59665039
4/24/2026 21:49,13.55375
4/24/2026 21:54,13.51084961
4/24/2026 21:59,13.46794922
4/24/2026 22:04,13.38214844
4/24/2026 22:09,13.33924805
4/24/2026 22:14,13.25344727
4/24/2026 22:19,13.25344727
4/24/2026 22:24,13.16764648
4/24/2026 22:29,13.12474609
4/24/2026 22:34,13.0818457
4/24/2026 22:39,13.03894531
4/24/2026 22:44,12.99604492
4/24/2026 22:49,12.95314453
4/24/2026 22:54,12.91024414
4/24/2026 22:59,12.86734375
4/24/2026 23:04,12.78154297
4/24/2026 23:09,12.6528418
4/24/2026 23:14,12.6528418
4/24/2026 23:19,12.60994141
4/24/2026 23:24,12.52414063
4/24/2026 23:29,12.52414063
4/24/2026 23:34,12.48124023
4/24/2026 23:39,12.39543945
4/24/2026 23:44,12.39543945
4/24/2026 23:49,12.35253906
4/24/2026 23:54,12.39543945
4/24/2026 23:59,12.35253906
4/25/2026 0:04,12.26673828
4/25/2026 0:09,12.26673828
4/25/2026 0:14,12.22383789
4/25/2026 0:19,12.22383789
4/25/2026 0:24,12.13803711
4/25/2026 0:29,12.09513672
4/25/2026 0:34,12.00933594
4/25/2026 0:39,12.05223633
4/25/2026 0:44,12.00933594
4/25/2026 0:49,11.92353516
4/25/2026 0:54,11.96643555
4/25/2026 0:59,11.88063477
4/25/2026 1:04,11.79483398
4/25/2026 1:09,11.79483398
4/25/2026 1:14,11.75193359
4/25/2026 1:19,11.75193359
4/25/2026 1:24,11.66613281
4/25/2026 1:29,11.7090332
4/25/2026 1:34,11.62323242
4/25/2026 1:39,11.58033203
4/25/2026 1:44,11.53743164
4/25/2026 1:49,11.49453125
4/25/2026 1:54,11.45163086
4/25/2026 1:59,11.45163086
4/25/2026 2:04,11.36583008
4/25/2026 2:09,11.40873047
4/25/2026 2:14,11.36583008
4/25/2026 2:19,11.32292969
4/25/2026 2:24,11.36583008
4/25/2026 2:29,11.2800293
4/25/2026 2:34,11.23712891
4/25/2026 2:39,11.19422852
4/25/2026 2:44,11.15132813
4/25/2026 2:49,11.10842773
4/25/2026 2:54,11.15132813
4/25/2026 2:59,11.06552734
4/25/2026 3:04,11.06552734
4/25/2026 3:09,11.02262695
4/25/2026 3:14,11.06552734
4/25/2026 3:19,11.02262695
4/25/2026 3:24,10.97972656
4/25/2026 3:29,10.93682617
4/25/2026 3:34,10.89392578
4/25/2026 3:39,10.89392578
4/25/2026 3:44,10.85102539
4/25/2026 3:49,10.72232422
4/25/2026 3:54,10.72232422
4/25/2026 3:59,10.67942383
4/25/2026 4:04,10.63652344
4/25/2026 4:09,10.63652344
4/25/2026 4:14,10.63652344
4/25/2026 4:19,10.63652344
4/25/2026 4:24,10.59362305
4/25/2026 4:29,10.55072266
4/25/2026 4:34,10.63652344
4/25/2026 4:39,10.55072266
4/25/2026 4:44,10.50782227
4/25/2026 4:49,10.55072266
4/25/2026 4:54,10.46492188
4/25/2026 4:59,10.46492188
4/25/2026 5:04,10.50782227
4/25/2026 5:09,10.46492188
4/25/2026 5:14,10.42202148
4/25/2026 5:19,10.42202148
4/25/2026 5:24,10.46492188
4/25/2026 5:29,10.42202148
4/25/2026 5:34,10.37912109
4/25/2026 5:39,10.42202148
4/25/2026 5:44,10.42202148
4/25/2026 5:49,10.42202148
4/25/2026 5:54,10.42202148
4/25/2026 5:59,10.37912109
4/25/2026 6:04,10.37912109
4/25/2026 6:09,10.3362207
4/25/2026 6:14,10.37912109
4/25/2026 6:19,10.3362207
4/25/2026 6:24,10.3362207
4/25/2026 6:29,10.3362207
4/25/2026 6:34,10.3362207
4/25/2026 6:39,10.3362207
4/25/2026 6:44,10.3362207
4/25/2026 6:49,10.29332031
4/25/2026 6:54,10.3362207
4/25/2026 6:59,10.37912109
4/25/2026 7:04,10.37912109
4/25/2026 7:09,10.3362207
4/25/2026 7:14,10.37912109
4/25/2026 7:19,10.37912109
4/25/2026 7:24,10.37912109
4/25/2026 7:29,10.3362207
4/25/2026 7:34,10.37912109
4/25/2026 7:39,10.3362207
4/25/2026 7:44,10.37912109
4/25/2026 7:49,10.37912109
4/25/2026 7:54,10.37912109
4/25/2026 7:59,10.42202148
4/25/2026 8:04,10.42202148
4/25/2026 8:09,10.46492188
4/25/2026 8:14,10.46492188
4/25/2026 8:19,10.50782227
4/25/2026 8:24,10.55072266
4/25/2026 8:29,10.50782227
4/25/2026 8:34,10.55072266
4/25/2026 8:39,10.55072266
4/25/2026 8:44,10.55072266
4/25/2026 8:49,10.55072266
4/25/2026 8:54,10.59362305
4/25/2026 8:59,10.59362305
4/25/2026 9:04,10.59362305
4/25/2026 9:09,10.63652344
4/25/2026 9:14,10.63652344
4/25/2026 9:19,10.67942383
4/25/2026 9:24,10.67942383
4/25/2026 9:29,10.67942383
4/25/2026 9:34,10.67942383
4/25/2026 9:39,10.67942383
4/25/2026 9:44,10.72232422
4/25/2026 9:49,10.76522461
4/25/2026 9:54,10.808125
4/25/2026 9:59,10.85102539
4/25/2026 10:04,10.808125
4/25/2026 10:09,10.85102539
4/25/2026 10:14,10.89392578
4/25/2026 10:19,10.89392578
4/25/2026 10:24,10.93682617
4/25/2026 10:29,10.89392578
4/25/2026 10:34,10.93682617
4/25/2026 10:39,11.02262695
4/25/2026 10:44,10.97972656
4/25/2026 10:49,11.02262695
4/25/2026 10:54,11.02262695
4/25/2026 10:59,11.02262695
4/25/2026 11:04,11.06552734
4/25/2026 11:09,11.02262695
4/25/2026 11:14,11.06552734
4/25/2026 11:19,11.10842773
4/25/2026 11:24,11.06552734
4/25/2026 11:29,11.06552734
4/25/2026 11:34,11.10842773
4/25/2026 11:39,11.06552734
4/25/2026 11:44,11.02262695
4/25/2026 11:49,11.06552734
4/25/2026 11:54,11.02262695
4/25/2026 11:59,11.06552734
4/25/2026 12:04,11.02262695
4/25/2026 12:09,11.02262695
4/25/2026 12:14,11.06552734
4/25/2026 12:19,11.02262695
4/25/2026 12:24,10.97972656
4/25/2026 12:29,11.02262695
4/25/2026 12:34,11.02262695
4/25/2026 12:39,11.06552734
4/25/2026 12:44,11.06552734
4/25/2026 12:49,11.15132813
4/25/2026 12:54,11.15132813
4/25/2026 12:59,11.15132813
4/25/2026 13:04,11.19422852
4/25/2026 13:09,11.19422852
4/25/2026 13:14,11.19422852
4/25/2026 13:19,11.23712891
4/25/2026 13:24,11.19422852
4/25/2026 13:29,11.23712891
4/25/2026 13:34,11.23712891
4/25/2026 13:39,11.2800293
4/25/2026 13:44,11.2800293
4/25/2026 13:49,11.2800293
4/25/2026 13:54,11.32292969
4/25/2026 13:59,11.32292969
4/25/2026 14:04,11.36583008
4/25/2026 14:09,11.45163086
4/25/2026 14:14,11.49453125
4/25/2026 14:19,11.53743164
4/25/2026 14:24,11.53743164
4/25/2026 14:29,11.58033203
4/25/2026 14:34,11.58033203
4/25/2026 14:39,11.7090332
4/25/2026 14:44,11.66613281
4/25/2026 14:49,11.75193359
4/25/2026 14:54,11.75193359
4/25/2026 14:59,11.7090332
4/25/2026 15:04,11.83773437
4/25/2026 15:09,11.79483398
4/25/2026 15:14,11.88063477
4/25/2026 15:19,11.92353516
4/25/2026 15:24,11.96643555
4/25/2026 15:29,12.00933594
4/25/2026 15:34,12.00933594
4/25/2026 15:39,12.00933594
4/25/2026 15:44,12.09513672
4/25/2026 15:49,12.09513672
4/25/2026 15:54,12.09513672
4/25/2026 15:59,12.05223633
4/25/2026 16:04,12.09513672
4/25/2026 16:09,12.13803711
4/25/2026 16:14,12.13803711
4/25/2026 16:19,12.13803711
4/25/2026 16:24,12.1809375
4/25/2026 16:29,12.1809375
4/25/2026 16:34,12.26673828
4/25/2026 16:39,12.26673828
4/25/2026 16:44,12.26673828
4/25/2026 16:49,12.26673828
4/25/2026 16:54,12.22383789
4/25/2026 16:59,12.22383789
4/25/2026 17:04,12.26673828
4/25/2026 17:09,12.26673828
4/25/2026 17:14,12.26673828
4/25/2026 17:19,12.22383789
4/25/2026 17:24,12.22383789
4/25/2026 17:29,12.26673828
4/25/2026 17:34,12.1809375
4/25/2026 17:39,12.22383789
4/25/2026 17:44,12.22383789
4/25/2026 17:49,12.1809375
4/25/2026 17:54,12.1809375
4/25/2026 17:59,12.1809375
4/25/2026 18:04,12.13803711
4/25/2026 18:09,12.13803711
4/25/2026 18:14,12.13803711
4/25/2026 18:19,12.09513672
4/25/2026 18:24,12.09513672
4/25/2026 18:29,12.05223633
4/25/2026 18:34,12.00933594
4/25/2026 18:39,12.00933594
4/25/2026 18:44,12.00933594
4/25/2026 18:49,11.92353516
4/25/2026 18:54,11.92353516
4/25/2026 18:59,11.92353516
4/25/2026 19:04,11.92353516
4/25/2026 19:09,11.88063477
4/25/2026 19:14,11.88063477
4/25/2026 19:19,11.83773437
4/25/2026 19:24,11.79483398
4/25/2026 19:29,11.75193359
4/25/2026 19:34,11.7090332
4/25/2026 19:39,11.7090332
4/25/2026 19:44,11.7090332
4/25/2026 19:49,11.66613281
4/25/2026 19:54,11.66613281
4/25/2026 19:59,11.66613281
4/25/2026 20:04,11.62323242
4/25/2026 20:09,11.62323242
4/25/2026 20:14,11.53743164
4/25/2026 20:19,11.53743164
4/25/2026 20:24,11.58033203
4/25/2026 20:29,11.49453125
4/25/2026 20:34,11.49453125
4/25/2026 20:39,11.49453125
4/25/2026 20:44,11.49453125
4/25/2026 20:49,11.40873047
4/25/2026 20:54,11.40873047
4/25/2026 20:59,11.36583008
4/25/2026 21:04,11.40873047
4/25/2026 21:09,11.36583008
4/25/2026 21:14,11.36583008
4/25/2026 21:19,11.32292969
4/25/2026 21:24,11.32292969
4/25/2026 21:29,11.32292969
4/25/2026 21:34,11.23712891
4/25/2026 21:39,11.23712891
4/25/2026 21:44,11.23712891
4/25/2026 21:49,11.23712891
4/25/2026 21:54,11.19422852
4/25/2026 21:59,11.19422852
4/25/2026 22:04,11.19422852
4/25/2026 22:09,11.19422852
4/25/2026 22:14,11.15132813
4/25/2026 22:19,11.15132813
4/25/2026 22:24,11.15132813
4/25/2026 22:29,11.10842773
4/25/2026 22:34,11.10842773
4/25/2026 22:39,11.06552734
4/25/2026 22:44,11.06552734
4/25/2026 22:49,11.06552734
4/25/2026 22:54,11.06552734
4/25/2026 22:59,11.06552734
4/25/2026 23:04,11.06552734
4/25/2026 23:09,11.06552734
4/25/2026 23:14,11.02262695
4/25/2026 23:19,11.06552734
4/25/2026 23:24,11.02262695
4/25/2026 23:29,11.02262695
4/25/2026 23:34,10.97972656
4/25/2026 23:39,10.97972656
4/25/2026 23:44,10.97972656
4/25/2026 23:49,10.97972656
4/25/2026 23:54,10.93682617
4/25/2026 23:59,10.93682617
4/26/2026 0:04,10.93682617
4/26/2026 0:09,10.93682617
4/26/2026 0:14,10.89392578
4/26/2026 0:19,10.85102539
4/26/2026 0:24,10.89392578
4/26/2026 0:29,10.85102539
4/26/2026 0:34,10.85102539
4/26/2026 0:39,10.85102539
4/26/2026 0:44,10.808125
4/26/2026 0:49,10.808125
4/26/2026 0:54,10.808125
4/26/2026 0:59,10.808125
4/26/2026 1:04,10.72232422
4/26/2026 1:09,10.72232422
4/26/2026 1:14,10.72232422
4/26/2026 1:19,10.72232422
4/26/2026 1:24,10.67942383
4/26/2026 1:29,10.67942383
4/26/2026 1:34,10.63652344
4/26/2026 1:39,10.63652344
4/26/2026 1:44,10.59362305
4/26/2026 1:49,10.59362305
4/26/2026 1:54,10.55072266
4/26/2026 1:59,10.55072266
4/26/2026 2:04,10.55072266
4/26/2026 2:09,10.55072266
4/26/2026 2:14,10.59362305
4/26/2026 2:19,10.50782227
4/26/2026 2:24,10.55072266
4/26/2026 2:29,10.55072266
4/26/2026 2:34,10.50782227
4/26/2026 2:39,10.55072266
4/26/2026 2:44,10.50782227
4/26/2026 2:49,10.55072266
4/26/2026 2:54,10.50782227
4/26/2026 2:59,10.55072266
4/26/2026 3:04,10.46492188
4/26/2026 3:09,10.46492188
4/26/2026 3:14,10.50782227
4/26/2026 3:19,10.50782227
4/26/2026 3:24,10.46492188
4/26/2026 3:29,10.46492188
4/26/2026 3:34,10.50782227
4/26/2026 3:39,10.46492188
4/26/2026 3:44,10.37912109
4/26/2026 3:49,10.46492188
4/26/2026 3:54,10.42202148
4/26/2026 3:59,10.46492188
4/26/2026 4:04,10.42202148
4/26/2026 4:09,10.42202148
4/26/2026 4:14,10.42202148
4/26/2026 4:19,10.42202148
4/26/2026 4:24,10.37912109
4/26/2026 4:29,10.37912109
4/26/2026 4:34,10.42202148
4/26/2026 4:39,10.37912109
4/26/2026 4:44,10.3362207
4/26/2026 4:49,10.3362207
4/26/2026 4:54,10.3362207
4/26/2026 4:59,10.3362207
4/26/2026 5:04,10.29332031
4/26/2026 5:09,10.3362207
4/26/2026 5:14,10.3362207
4/26/2026 5:19,10.29332031
4/26/2026 5:24,10.3362207
4/26/2026 5:29,10.29332031
4/26/2026 5:34,10.29332031
4/26/2026 5:39,10.29332031
4/26/2026 5:44,10.29332031
4/26/2026 5:49,10.25041992
4/26/2026 5:54,10.29332031
4/26/2026 5:59,10.25041992
4/26/2026 6:04,10.20751953
4/26/2026 6:09,10.25041992
4/26/2026 6:14,10.25041992
4/26/2026 6:19,10.20751953
4/26/2026 6:24,10.25041992
4/26/2026 6:29,10.20751953
4/26/2026 6:34,10.20751953
4/26/2026 6:39,10.20751953
4/26/2026 6:44,10.20751953
4/26/2026 6:49,10.20751953
4/26/2026 6:54,10.20751953
4/26/2026 6:59,10.20751953
4/26/2026 7:04,10.20751953
4/26/2026 7:09,10.20751953
4/26/2026 7:14,10.20751953
4/26/2026 7:19,10.25041992
4/26/2026 7:24,10.20751953
4/26/2026 7:29,10.20751953
4/26/2026 7:34,10.25041992
4/26/2026 7:39,10.25041992
4/26/2026 7:44,10.20751953
4/26/2026 7:49,10.25041992
4/26/2026 7:54,10.25041992
4/26/2026 7:59,10.29332031
4/26/2026 8:04,10.25041992
4/26/2026 8:09,10.25041992
4/26/2026 8:14,10.25041992
4/26/2026 8:19,10.29332031
4/26/2026 8:24,10.3362207
4/26/2026 8:29,10.29332031
4/26/2026 8:34,10.3362207
4/26/2026 8:39,10.37912109
4/26/2026 8:44,10.37912109
4/26/2026 8:49,10.37912109
4/26/2026 8:54,10.42202148
4/26/2026 8:59,10.42202148
4/26/2026 9:04,10.46492188
4/26/2026 9:09,10.46492188
4/26/2026 9:14,10.46492188
4/26/2026 9:19,10.50782227
4/26/2026 9:24,10.50782227
4/26/2026 9:29,10.50782227
4/26/2026 9:34,10.59362305
4/26/2026 9:39,10.59362305
4/26/2026 9:44,10.63652344
4/26/2026 9:49,10.72232422
4/26/2026 9:54,10.72232422
4/26/2026 9:59,10.76522461
4/26/2026 10:04,10.808125
4/26/2026 10:09,10.93682617
4/26/2026 10:14,11.02262695
4/26/2026 10:19,11.06552734
4/26/2026 10:24,11.19422852
4/26/2026 10:29,11.23712891
4/26/2026 10:34,11.32292969
4/26/2026 10:39,11.36583008
4/26/2026 10:44,11.49453125
4/26/2026 10:49,11.66613281
4/26/2026 10:54,11.7090332
4/26/2026 10:59,11.83773437
4/26/2026 11:04,11.92353516
4/26/2026 11:09,12.05223633
4/26/2026 11:14,12.22383789
4/26/2026 11:19,12.30963867
4/26/2026 11:24,12.43833984
4/26/2026 11:29,12.60994141
4/26/2026 11:34,12.73864258
4/26/2026 11:39,12.78154297
4/26/2026 11:44,12.91024414
4/26/2026 11:49,12.99604492
4/26/2026 11:54,13.16764648
4/26/2026 11:59,13.29634766
4/26/2026 12:04,13.33924805
4/26/2026 12:09,13.42504883
4/26/2026 12:14,13.46794922
4/26/2026 12:19,13.55375
4/26/2026 12:24,13.68245117
4/26/2026 12:29,13.81115234
4/26/2026 12:34,13.93985352
4/26/2026 12:39,14.06855469
4/26/2026 12:44,14.19725586
4/26/2026 12:49,14.36885742
4/26/2026 12:54,14.49755859
4/26/2026 12:59,14.58335938
4/26/2026 13:04,14.66916016
4/26/2026 13:09,14.79786133
4/26/2026 13:14,14.88366211
4/26/2026 13:19,14.96946289
4/26/2026 13:24,15.01236328
4/26/2026 13:29,15.01236328
4/26/2026 13:34,15.05526367
4/26/2026 13:39,15.09816406
4/26/2026 13:44,15.05526367
4/26/2026 13:49,15.01236328
4/26/2026 13:54,15.05526367
4/26/2026 13:59,15.05526367
4/26/2026 14:04,15.14106445
4/26/2026 14:09,15.14106445
4/26/2026 14:14,15.14106445
4/26/2026 14:19,15.14106445
4/26/2026 14:24,15.18396484
4/26/2026 14:29,15.14106445
4/26/2026 14:34,15.14106445
4/26/2026 14:39,15.18396484
4/26/2026 14:44,15.18396484
4/26/2026 14:49,15.18396484
4/26/2026 14:54,15.18396484
4/26/2026 14:59,15.18396484
4/26/2026 15:04,15.18396484
4/26/2026 15:09,15.18396484
4/26/2026 15:14,15.22686523
4/26/2026 15:19,15.22686523
4/26/2026 15:24,15.22686523
4/26/2026 15:29,15.18396484
4/26/2026 15:34,15.18396484
4/26/2026 15:39,15.14106445
4/26/2026 15:44,15.14106445
4/26/2026 15:49,15.14106445
4/26/2026 15:54,15.09816406
4/26/2026 15:59,15.09816406
4/26/2026 16:04,15.05526367
4/26/2026 16:09,15.01236328
4/26/2026 16:14,14.96946289
4/26/2026 16:19,14.88366211
4/26/2026 16:24,14.88366211
4/26/2026 16:29,14.88366211
4/26/2026 16:34,14.88366211
4/26/2026 16:39,14.84076172
4/26/2026 16:44,14.84076172
4/26/2026 16:49,14.84076172
4/26/2026 16:54,14.84076172
4/26/2026 16:59,14.79786133
4/26/2026 17:04,14.75496094
4/26/2026 17:09,14.75496094
4/26/2026 17:14,14.71206055
4/26/2026 17:19,14.71206055
4/26/2026 17:24,14.71206055
4/26/2026 17:29,14.66916016
4/26/2026 17:34,14.62625977
4/26/2026 17:39,14.58335938
4/26/2026 17:44,14.58335938
4/26/2026 17:49,14.54045898
4/26/2026 17:54,14.54045898
4/26/2026 17:59,14.4546582
4/26/2026 18:04,14.4546582
4/26/2026 18:09,14.4546582
4/26/2026 18:14,14.41175781
4/26/2026 18:19,14.41175781
4/26/2026 18:24,14.36885742
4/26/2026 18:29,14.32595703
4/26/2026 18:34,14.32595703
4/26/2026 18:39,14.28305664
4/26/2026 18:44,14.32595703
4/26/2026 18:49,14.32595703
4/26/2026 18:54,14.19725586
4/26/2026 18:59,14.15435547
4/26/2026 19:04,14.15435547
4/26/2026 19:09,14.11145508
4/26/2026 19:14,14.06855469
4/26/2026 19:19,14.0256543
4/26/2026 19:24,13.98275391
4/26/2026 19:29,13.98275391
4/26/2026 19:34,13.93985352
4/26/2026 19:39,13.89695312
4/26/2026 19:44,13.93985352
4/26/2026 19:49,13.89695312
4/26/2026 19:54,13.85405273
4/26/2026 19:59,13.76825195
4/26/2026 20:04,13.72535156
4/26/2026 20:09,13.63955078
4/26/2026 20:14,13.63955078
4/26/2026 20:19,13.68245117
4/26/2026 20:24,13.63955078
4/26/2026 20:29,13.55375
4/26/2026 20:34,13.55375
4/26/2026 20:39,13.55375
4/26/2026 20:44,13.46794922
4/26/2026 20:49,13.46794922
4/26/2026 20:54,13.38214844
4/26/2026 20:59,13.42504883
4/26/2026 21:04,13.33924805
4/26/2026 21:09,13.33924805
4/26/2026 21:14,13.29634766
4/26/2026 21:19,13.25344727
4/26/2026 21:24,13.21054687
4/26/2026 21:29,13.21054687
4/26/2026 21:34,13.16764648
4/26/2026 21:39,13.16764648
4/26/2026 21:44,13.12474609
4/26/2026 21:49,13.0818457
4/26/2026 21:54,13.03894531
4/26/2026 21:59,13.03894531
4/26/2026 22:04,12.99604492
4/26/2026 22:09,12.95314453
4/26/2026 22:14,12.91024414
4/26/2026 22:19,12.91024414
4/26/2026 22:24,12.86734375
4/26/2026 22:29,12.91024414
4/26/2026 22:34,12.86734375
4/26/2026 22:39,12.78154297
4/26/2026 22:44,12.82444336
4/26/2026 22:49,12.73864258
4/26/2026 22:54,12.78154297
4/26/2026 22:59,12.69574219
4/26/2026 23:04,12.6528418
4/26/2026 23:09,12.6528418
4/26/2026 23:14,12.60994141
4/26/2026 23:19,12.60994141
4/26/2026 23:24,12.60994141
4/26/2026 23:29,12.60994141
4/26/2026 23:34,12.52414063
4/26/2026 23:39,12.52414063
4/26/2026 23:44,12.48124023
4/26/2026 23:49,12.43833984
4/26/2026 23:54,12.43833984
4/26/2026 23:59,12.43833984
4/27/2026 0:04,12.43833984
4/27/2026 0:09,12.43833984
4/27/2026 0:14,12.43833984
4/27/2026 0:19,12.39543945
4/27/2026 0:24,12.35253906
4/27/2026 0:29,12.35253906
4/27/2026 0:34,12.35253906
4/27/2026 0:39,12.35253906
4/27/2026 0:44,12.35253906
4/27/2026 0:49,12.30963867
4/27/2026 0:54,12.35253906
4/27/2026 0:59,12.30963867
4/27/2026 1:04,12.26673828
4/27/2026 1:09,12.26673828
4/27/2026 1:14,12.26673828
4/27/2026 1:19,12.26673828
4/27/2026 1:24,12.22383789
4/27/2026 1:29,12.22383789
4/27/2026 1:34,12.1809375
4/27/2026 1:39,12.22383789
4/27/2026 1:44,12.22383789
4/27/2026 1:49,12.13803711
4/27/2026 1:54,12.1809375
4/27/2026 1:59,12.13803711
4/27/2026 2:04,12.13803711
4/27/2026 2:09,12.13803711
4/27/2026 2:14,12.13803711
4/27/2026 2:19,12.13803711
4/27/2026 2:24,12.09513672
4/27/2026 2:29,12.09513672
4/27/2026 2:34,12.05223633
4/27/2026 2:39,12.05223633
4/27/2026 2:44,12.05223633
4/27/2026 2:49,12.05223633
4/27/2026 2:54,12.05223633
4/27/2026 2:59,12.00933594
4/27/2026 3:04,12.00933594
4/27/2026 3:09,12.00933594
4/27/2026 3:14,11.96643555
4/27/2026 3:19,11.96643555
4/27/2026 3:24,11.96643555
4/27/2026 3:29,11.96643555
4/27/2026 3:34,11.96643555
4/27/2026 3:39,12.00933594
4/27/2026 3:44,11.92353516
4/27/2026 3:49,11.92353516
4/27/2026 3:54,11.96643555
4/27/2026 3:59,11.92353516
4/27/2026 4:04,11.92353516
4/27/2026 4:09,11.92353516
4/27/2026 4:14,11.92353516
4/27/2026 4:19,11.92353516
4/27/2026 4:24,11.92353516
4/27/2026 4:29,11.88063477
4/27/2026 4:34,11.88063477
4/27/2026 4:39,11.83773437
4/27/2026 4:44,11.83773437
4/27/2026 4:49,11.88063477
4/27/2026 4:54,11.92353516
4/27/2026 4:59,11.79483398
4/27/2026 5:04,11.88063477
4/27/2026 5:09,11.83773437
4/27/2026 5:14,11.83773437
4/27/2026 5:19,11.83773437
4/27/2026 5:24,11.88063477
4/27/2026 5:29,11.83773437
4/27/2026 5:34,11.83773437
4/27/2026 5:39,11.79483398
4/27/2026 5:44,11.79483398
4/27/2026 5:49,11.79483398
4/27/2026 5:54,11.75193359
4/27/2026 5:59,11.75193359
4/27/2026 6:04,11.79483398
4/27/2026 6:09,11.79483398
4/27/2026 6:14,11.75193359
4/27/2026 6:19,11.75193359
4/27/2026 6:24,11.75193359
4/27/2026 6:29,11.75193359
4/27/2026 6:34,11.75193359
4/27/2026 6:39,11.75193359
4/27/2026 6:44,11.7090332
4/27/2026 6:49,11.75193359
4/27/2026 6:54,11.75193359
4/27/2026 6:59,11.75193359
4/27/2026 7:04,11.75193359
4/27/2026 7:09,11.75193359
4/27/2026 7:14,11.7090332
4/27/2026 7:19,11.75193359
4/27/2026 7:24,11.79483398
4/27/2026 7:29,11.75193359
4/27/2026 7:34,11.75193359
4/27/2026 7:39,11.75193359
4/27/2026 7:44,11.7090332
4/27/2026 7:49,11.75193359
4/27/2026 7:54,11.75193359
4/27/2026 7:59,11.79483398
4/27/2026 8:04,11.79483398
4/27/2026 8:09,11.75193359
4/27/2026 8:14,11.79483398
4/27/2026 8:19,11.79483398
4/27/2026 8:24,11.75193359
4/27/2026 8:29,11.79483398
4/27/2026 8:34,11.83773437
4/27/2026 8:39,11.83773437
4/27/2026 8:44,11.83773437
4/27/2026 8:49,11.79483398
4/27/2026 8:54,11.79483398
4/27/2026 8:59,11.88063477
4/27/2026 9:04,11.88063477
4/27/2026 9:09,11.79483398
4/27/2026 9:14,11.83773437
4/27/2026 9:19,11.88063477
4/27/2026 9:24,11.92353516
4/27/2026 9:29,11.92353516
4/27/2026 9:34,11.92353516
4/27/2026 9:39,11.96643555
4/27/2026 9:44,11.92353516
4/27/2026 9:49,11.96643555
4/27/2026 9:54,11.96643555
4/27/2026 9:59,12.00933594
4/27/2026 10:04,12.05223633
4/27/2026 10:09,12.00933594
4/27/2026 10:14,12.00933594
4/27/2026 10:19,12.05223633
4/27/2026 10:24,12.00933594
4/27/2026 10:29,12.05223633
4/27/2026 10:34,12.00933594
4/27/2026 10:39,12.00933594
4/27/2026 10:44,11.96643555
4/27/2026 10:49,12.05223633
4/27/2026 10:54,12.00933594
4/27/2026 10:59,12.00933594
4/27/2026 11:04,12.00933594
4/27/2026 11:09,12.00933594
4/27/2026 11:14,12.00933594
4/27/2026 11:19,12.00933594
4/27/2026 11:24,12.00933594
4/27/2026 11:29,12.05223633
4/27/2026 11:34,12.00933594
4/27/2026 11:39,12.00933594
4/27/2026 11:44,12.05223633
4/27/2026 11:49,12.05223633
4/27/2026 11:54,12.05223633
4/27/2026 11:59,12.05223633
4/27/2026 12:04,12.05223633
4/27/2026 12:09,12.05223633
4/27/2026 12:14,12.05223633
4/27/2026 12:19,12.05223633
4/27/2026 12:24,12.09513672
4/27/2026 12:29,12.09513672
4/27/2026 12:34,12.09513672
4/27/2026 12:39,12.13803711
4/27/2026 12:44,12.1809375
4/27/2026 12:49,12.22383789
4/27/2026 12:54,12.1809375
4/27/2026 12:59,12.22383789
4/27/2026 13:04,12.26673828
4/27/2026 13:09,12.30963867
4/27/2026 13:14,12.35253906
4/27/2026 13:19,12.39543945
4/27/2026 13:24,12.43833984
4/27/2026 13:29,12.52414063
4/27/2026 13:34,12.56704102
4/27/2026 13:39,12.6528418
4/27/2026 13:44,12.69574219
4/27/2026 13:49,12.73864258
4/27/2026 13:54,12.78154297
4/27/2026 13:59,12.82444336
4/27/2026 14:04,12.82444336
4/27/2026 14:09,12.86734375
4/27/2026 14:14,12.86734375
4/27/2026 14:19,12.86734375
4/27/2026 14:24,12.91024414
4/27/2026 14:29,12.95314453
4/27/2026 14:34,12.95314453
4/27/2026 14:39,13.0818457
4/27/2026 14:44,13.0818457
4/27/2026 14:49,13.21054687
4/27/2026 14:54,13.21054687
4/27/2026 14:59,13.25344727
4/27/2026 15:04,13.33924805
4/27/2026 15:09,13.33924805
4/27/2026 15:14,13.38214844
4/27/2026 15:19,13.46794922
4/27/2026 15:24,13.59665039
4/27/2026 15:29,13.63955078
4/27/2026 15:34,13.72535156
4/27/2026 15:39,13.76825195
4/27/2026 15:44,13.81115234
4/27/2026 15:49,13.89695312
4/27/2026 15:54,13.98275391
4/27/2026 15:59,14.06855469
4/27/2026 16:04,14.15435547
4/27/2026 16:09,14.19725586
4/27/2026 16:14,14.28305664
4/27/2026 16:19,14.32595703
4/27/2026 16:24,14.36885742
4/27/2026 16:29,14.36885742
4/27/2026 16:34,14.41175781
4/27/2026 16:39,14.41175781
4/27/2026 16:44,14.41175781
4/27/2026 16:49,14.41175781
4/27/2026 16:54,14.41175781
4/27/2026 16:59,14.36885742
4/27/2026 17:04,14.49755859
4/27/2026 17:09,14.49755859
4/27/2026 17:14,14.4546582
4/27/2026 17:19,14.49755859
4/27/2026 17:24,14.49755859
4/27/2026 17:29,14.49755859
4/27/2026 17:34,14.54045898
4/27/2026 17:39,14.4546582
4/27/2026 17:44,14.49755859
4/27/2026 17:49,14.49755859
4/27/2026 17:54,14.54045898
4/27/2026 17:59,14.54045898
4/27/2026 18:04,14.41175781
4/27/2026 18:09,14.41175781
4/27/2026 18:14,14.36885742
4/27/2026 18:19,14.41175781
4/27/2026 18:24,14.32595703
4/27/2026 18:29,14.28305664
4/27/2026 18:34,14.24015625
4/27/2026 18:39,14.19725586
4/27/2026 18:44,14.19725586
4/27/2026 18:49,14.11145508
4/27/2026 18:54,14.11145508
4/27/2026 18:59,14.0256543
4/27/2026 19:04,14.0256543
4/27/2026 19:09,13.98275391
4/27/2026 19:14,13.89695312
4/27/2026 19:19,13.85405273
4/27/2026 19:24,13.85405273
4/27/2026 19:29,13.81115234
4/27/2026 19:34,13.72535156
4/27/2026 19:39,13.63955078
4/27/2026 19:44,13.63955078
4/27/2026 19:49,13.59665039
4/27/2026 19:54,13.55375
4/27/2026 19:59,13.51084961
4/27/2026 20:04,13.51084961
4/27/2026 20:09,13.42504883
4/27/2026 20:14,13.38214844
4/27/2026 20:19,13.38214844
4/27/2026 20:24,13.33924805
4/27/2026 20:29,13.25344727
4/27/2026 20:34,13.29634766
4/27/2026 20:39,13.25344727
4/27/2026 20:44,13.16764648
4/27/2026 20:49,13.12474609
4/27/2026 20:54,13.12474609
4/27/2026 20:59,13.0818457
4/27/2026 21:04,13.03894531
4/27/2026 21:09,12.95314453
4/27/2026 21:14,12.95314453
4/27/2026 21:19,12.91024414
4/27/2026 21:24,12.91024414
4/27/2026 21:29,12.82444336
4/27/2026 21:34,12.82444336
4/27/2026 21:39,12.78154297
4/27/2026 21:44,12.69574219
4/27/2026 21:49,12.73864258
4/27/2026 21:54,12.60994141
4/27/2026 21:59,12.60994141
4/27/2026 22:04,12.60994141
4/27/2026 22:09,12.52414063
4/27/2026 22:14,12.48124023
4/27/2026 22:19,12.52414063
4/27/2026 22:24,12.43833984
4/27/2026 22:29,12.43833984
4/27/2026 22:34,12.39543945
4/27/2026 22:39,12.39543945
4/27/2026 22:44,12.35253906
4/27/2026 22:49,12.30963867
4/27/2026 22:54,12.30963867
4/27/2026 22:59,12.26673828
4/27/2026 23:04,12.26673828
4/27/2026 23:09,12.1809375
4/27/2026 23:14,12.1809375
4/27/2026 23:19,12.1809375
4/27/2026 23:24,12.09513672
4/27/2026 23:29,12.09513672
4/27/2026 23:34,12.00933594
4/27/2026 23:39,12.00933594
4/27/2026 23:44,12.00933594
4/27/2026 23:49,11.96643555
4/27/2026 23:54,11.96643555
4/27/2026 23:59,11.92353516
4/28/2026 0:04,11.92353516
4/28/2026 0:09,11.88063477
4/28/2026 0:14,11.88063477
4/28/2026 0:19,11.88063477
4/28/2026 0:24,11.88063477
4/28/2026 0:29,11.79483398
4/28/2026 0:34,11.83773437
4/28/2026 0:39,11.75193359
4/28/2026 0:44,11.7090332
4/28/2026 0:49,11.66613281
4/28/2026 0:54,11.66613281
4/28/2026 0:59,11.66613281
4/28/2026 1:04,11.62323242
4/28/2026 1:09,11.62323242
4/28/2026 1:14,11.62323242
4/28/2026 1:19,11.58033203
4/28/2026 1:24,11.53743164
4/28/2026 1:29,11.58033203
4/28/2026 1:34,11.53743164
4/28/2026 1:39,11.49453125
4/28/2026 1:44,11.49453125
4/28/2026 1:49,11.49453125
4/28/2026 1:54,11.49453125
4/28/2026 1:59,11.45163086
4/28/2026 2:04,11.45163086
4/28/2026 2:09,11.45163086
4/28/2026 2:14,11.36583008
4/28/2026 2:19,11.40873047
4/28/2026 2:24,11.40873047
4/28/2026 2:29,11.36583008
4/28/2026 2:34,11.40873047
4/28/2026 2:39,11.32292969
4/28/2026 2:44,11.32292969
4/28/2026 2:49,11.32292969
4/28/2026 2:54,11.2800293
4/28/2026 2:59,11.2800293
4/28/2026 3:04,11.2800293
4/28/2026 3:09,11.23712891
4/28/2026 3:14,11.23712891
4/28/2026 3:19,11.19422852
4/28/2026 3:24,11.19422852
4/28/2026 3:29,11.19422852
4/28/2026 3:34,11.19422852
4/28/2026 3:39,11.15132813
4/28/2026 3:44,11.06552734
4/28/2026 3:49,11.06552734
4/28/2026 3:54,11.06552734
4/28/2026 3:59,11.06552734
4/28/2026 4:04,11.02262695
4/28/2026 4:09,10.97972656
4/28/2026 4:14,10.93682617
4/28/2026 4:19,10.93682617
4/28/2026 4:24,10.85102539
4/28/2026 4:29,10.89392578
4/28/2026 4:34,10.93682617
4/28/2026 4:39,10.808125
4/28/2026 4:44,10.808125
4/28/2026 4:49,10.808125
4/28/2026 4:54,10.76522461
4/28/2026 4:59,10.72232422
4/28/2026 5:04,10.72232422
4/28/2026 5:09,10.72232422
4/28/2026 5:14,10.67942383
4/28/2026 5:19,10.67942383
4/28/2026 5:24,10.63652344
4/28/2026 5:29,10.63652344
4/28/2026 5:34,10.59362305
4/28/2026 5:39,10.55072266
4/28/2026 5:44,10.55072266
4/28/2026 5:49,10.55072266
4/28/2026 5:54,10.50782227
4/28/2026 5:59,10.46492188
4/28/2026 6:04,10.46492188
4/28/2026 6:09,10.37912109
4/28/2026 6:14,10.37912109
4/28/2026 6:19,10.3362207
4/28/2026 6:24,10.3362207
4/28/2026 6:29,10.29332031
4/28/2026 6:34,10.25041992
4/28/2026 6:39,10.20751953
4/28/2026 6:44,10.25041992
4/28/2026 6:49,10.20751953
4/28/2026 6:54,10.16461914
4/28/2026 6:59,10.16461914
4/28/2026 7:04,10.16461914
4/28/2026 7:09,10.12171875
4/28/2026 7:14,10.07881836
4/28/2026 7:19,10.12171875
4/28/2026 7:24,10.07881836
4/28/2026 7:29,10.03591797
4/28/2026 7:34,10.07881836
4/28/2026 7:39,10.07881836
4/28/2026 7:44,10.07881836
4/28/2026 7:49,10.07881836
4/28/2026 7:54,10.07881836
4/28/2026 7:59,10.03591797
4/28/2026 8:04,10.03591797
4/28/2026 8:09,10.12171875
4/28/2026 8:14,10.07881836
4/28/2026 8:19,10.12171875
4/28/2026 8:24,10.12171875
4/28/2026 8:29,10.16461914
4/28/2026 8:34,10.16461914
4/28/2026 8:39,10.25041992
4/28/2026 8:44,10.25041992
4/28/2026 8:49,10.29332031
4/28/2026 8:54,10.3362207
4/28/2026 8:59,10.42202148
4/28/2026 9:04,10.42202148
4/28/2026 9:09,10.46492188
4/28/2026 9:14,10.55072266
4/28/2026 9:19,10.59362305
4/28/2026 9:24,10.67942383
4/28/2026 9:29,10.67942383
4/28/2026 9:34,10.76522461
4/28/2026 9:39,10.808125
4/28/2026 9:44,10.89392578
4/28/2026 9:49,10.97972656
4/28/2026 9:54,11.06552734
4/28/2026 9:59,11.10842773
4/28/2026 10:04,11.19422852
4/28/2026 10:09,11.2800293
4/28/2026 10:14,11.36583008
4/28/2026 10:19,11.49453125
4/28/2026 10:24,11.49453125
4/28/2026 10:29,11.58033203
4/28/2026 10:34,11.66613281
4/28/2026 10:39,11.75193359
4/28/2026 10:44,11.79483398
4/28/2026 10:49,11.88063477
4/28/2026 10:54,11.96643555
4/28/2026 10:59,12.05223633
4/28/2026 11:04,12.13803711
4/28/2026 11:09,12.1809375
4/28/2026 11:14,12.22383789
4/28/2026 11:19,12.26673828
4/28/2026 11:24,12.30963867
4/28/2026 11:29,12.39543945
4/28/2026 11:34,12.48124023
4/28/2026 11:39,12.60994141
4/28/2026 11:44,12.6528418
4/28/2026 11:49,12.69574219
4/28/2026 11:54,12.82444336
4/28/2026 11:59,12.91024414
4/28/2026 12:04,13.03894531
4/28/2026 12:09,13.16764648
4/28/2026 12:14,13.21054687
4/28/2026 12:19,13.25344727
4/28/2026 12:24,13.33924805
4/28/2026 12:29,13.42504883
4/28/2026 12:34,13.59665039
4/28/2026 12:39,13.68245117
4/28/2026 12:44,13.76825195
4/28/2026 12:49,13.89695312
4/28/2026 12:54,13.98275391
4/28/2026 12:59,14.06855469
4/28/2026 13:04,14.19725586
4/28/2026 13:09,14.32595703
4/28/2026 13:14,14.41175781
4/28/2026 13:19,14.54045898
4/28/2026 13:24,14.58335938
4/28/2026 13:29,14.66916016
4/28/2026 13:34,14.66916016
4/28/2026 13:39,14.79786133
4/28/2026 13:44,14.84076172
4/28/2026 13:49,14.96946289
4/28/2026 13:54,15.01236328
4/28/2026 13:59,15.05526367
4/28/2026 14:04,15.22686523
4/28/2026 14:09,15.22686523
4/28/2026 14:14,15.31266602
4/28/2026 14:19,15.3984668
4/28/2026 14:24,15.44136719
4/28/2026 14:29,15.48426758
4/28/2026 14:34,15.52716797
4/28/2026 14:39,15.61296875
4/28/2026 14:44,15.61296875
4/28/2026 14:49,15.74166992
4/28/2026 14:54,15.78457031
4/28/2026 14:59,15.8274707
4/28/2026 15:04,15.8274707
4/28/2026 15:09,15.87037109
4/28/2026 15:14,15.91327148
4/28/2026 15:19,15.91327148
4/28/2026 15:24,15.95617187
4/28/2026 15:29,15.87037109
4/28/2026 15:34,15.65586914
4/28/2026 15:39,15.91327148
4/28/2026 15:44,15.99907227
4/28/2026 15:49,16.12777344
4/28/2026 15:54,16.04197266
4/28/2026 15:59,16.17067383
4/28/2026 16:04,16.25647461
4/28/2026 16:09,16.25647461
4/28/2026 16:14,16.21357422
4/28/2026 16:19,16.17067383
4/28/2026 16:24,16.17067383
4/28/2026 16:29,16.08487305
4/28/2026 16:34,16.08487305
4/28/2026 16:39,15.99907227
4/28/2026 16:44,15.91327148
4/28/2026 16:49,15.87037109
4/28/2026 16:54,15.8274707
4/28/2026 16:59,15.78457031
4/28/2026 17:04,15.74166992
4/28/2026 17:09,15.61296875
4/28/2026 17:14,15.57006836
4/28/2026 17:19,15.48426758
4/28/2026 17:24,15.44136719
4/28/2026 17:29,15.3984668
4/28/2026 17:34,15.31266602
4/28/2026 17:39,15.26976562
4/28/2026 17:44,15.22686523
4/28/2026 17:49,15.18396484
4/28/2026 17:54,15.09816406
4/28/2026 17:59,15.01236328
4/28/2026 18:04,14.88366211
4/28/2026 18:09,14.84076172
4/28/2026 18:14,14.79786133
4/28/2026 18:19,14.75496094
4/28/2026 18:24,14.71206055
4/28/2026 18:29,14.71206055
4/28/2026 18:34,14.62625977
4/28/2026 18:39,14.62625977
4/28/2026 18:44,14.58335938
4/28/2026 18:49,14.62625977
4/28/2026 18:54,14.54045898
4/28/2026 18:59,14.41175781
4/28/2026 19:04,14.36885742
4/28/2026 19:09,14.28305664
4/28/2026 19:14,14.15435547
4/28/2026 19:19,14.06855469
4/28/2026 19:24,14.0256543
4/28/2026 19:29,13.93985352
4/28/2026 19:34,13.85405273
4/28/2026 19:39,13.72535156
4/28/2026 19:44,13.63955078
4/28/2026 19:49,13.55375
4/28/2026 19:54,13.42504883
4/28/2026 19:59,13.33924805
4/28/2026 20:04,13.29634766
4/28/2026 20:09,13.16764648
4/28/2026 20:14,13.0818457
4/28/2026 20:19,12.95314453
4/28/2026 20:24,12.95314453
4/28/2026 20:29,12.82444336
4/28/2026 20:34,12.78154297
4/28/2026 20:39,12.69574219
4/28/2026 20:44,12.6528418
4/28/2026 20:49,12.6528418
4/28/2026 20:54,12.52414063
4/28/2026 20:59,12.52414063
4/28/2026 21:04,12.43833984
4/28/2026 21:09,12.35253906
4/28/2026 21:14,12.35253906
4/28/2026 21:19,12.30963867
4/28/2026 21:24,12.22383789
4/28/2026 21:29,12.13803711
4/28/2026 21:34,12.09513672
4/28/2026 21:39,12.05223633
4/28/2026 21:44,12.05223633
4/28/2026 21:49,12.00933594
4/28/2026 21:54,11.96643555
4/28/2026 21:59,11.92353516
4/28/2026 22:04,11.88063477
4/28/2026 22:09,11.83773437
4/28/2026 22:14,11.79483398
4/28/2026 22:19,11.75193359
4/28/2026 22:24,11.7090332
4/28/2026 22:29,11.66613281
4/28/2026 22:34,11.62323242
4/28/2026 22:39,11.58033203
4/28/2026 22:44,11.53743164
4/28/2026 22:49,11.49453125
4/28/2026 22:54,11.45163086
4/28/2026 22:59,11.40873047
4/28/2026 23:04,11.36583008
4/28/2026 23:09,11.32292969
4/28/2026 23:14,11.32292969
4/28/2026 23:19,11.2800293
4/28/2026 23:24,11.23712891
4/28/2026 23:29,11.23712891
4/28/2026 23:34,11.15132813
4/28/2026 23:39,11.10842773
4/28/2026 23:44,11.10842773
4/28/2026 23:49,11.02262695
4/28/2026 23:54,10.97972656
4/28/2026 23:59,10.97972656
4/29/2026 0:04,10.97972656
4/29/2026 0:09,10.93682617
4/29/2026 0:14,10.89392578
4/29/2026 0:19,10.85102539
4/29/2026 0:24,10.85102539
4/29/2026 0:29,10.76522461
4/29/2026 0:34,10.808125
4/29/2026 0:39,10.76522461
4/29/2026 0:44,10.76522461
4/29/2026 0:49,10.72232422
4/29/2026 0:54,10.67942383
4/29/2026 0:59,10.67942383
4/29/2026 1:04,10.63652344
4/29/2026 1:09,10.59362305
4/29/2026 1:14,10.55072266
4/29/2026 1:19,10.50782227
4/29/2026 1:24,10.55072266
4/29/2026 1:29,10.50782227
4/29/2026 1:34,10.46492188
4/29/2026 1:39,10.46492188
4/29/2026 1:44,10.46492188
4/29/2026 1:49,10.42202148
4/29/2026 1:54,10.3362207
4/29/2026 1:59,10.37912109
4/29/2026 2:04,10.3362207
4/29/2026 2:09,10.29332031
4/29/2026 2:14,10.3362207
4/29/2026 2:19,10.29332031
4/29/2026 2:24,10.20751953
4/29/2026 2:29,10.25041992
4/29/2026 2:34,10.20751953
4/29/2026 2:39,10.20751953
4/29/2026 2:44,10.16461914
4/29/2026 2:49,10.12171875
4/29/2026 2:54,10.07881836
4/29/2026 2:59,10.07881836
4/29/2026 3:04,10.03591797
4/29/2026 3:09,10.07881836
4/29/2026 3:14,9.993017578
4/29/2026 3:19,9.993017578
4/29/2026 3:24,9.950117187
4/29/2026 3:29,9.950117187
4/29/2026 3:34,9.821416016
4/29/2026 3:39,9.821416016
4/29/2026 3:44,9.778515625
4/29/2026 3:49,9.735615234
4/29/2026 3:54,9.692714844
4/29/2026 3:59,9.649814453
4/29/2026 4:04,9.649814453
4/29/2026 4:09,9.649814453
4/29/2026 4:14,9.606914062
4/29/2026 4:19,9.606914062
4/29/2026 4:24,9.521113281
4/29/2026 4:29,9.478212891
4/29/2026 4:34,9.478212891
4/29/2026 4:39,9.392412109
4/29/2026 4:44,9.349511719
4/29/2026 4:49,9.392412109
4/29/2026 4:54,9.306611328
4/29/2026 4:59,9.306611328
4/29/2026 5:04,9.349511719
4/29/2026 5:09,9.263710938
4/29/2026 5:14,9.263710938
4/29/2026 5:19,9.220810547
4/29/2026 5:24,9.220810547
4/29/2026 5:29,9.135009766
4/29/2026 5:34,9.135009766
4/29/2026 5:39,9.092109375
4/29/2026 5:44,9.135009766
4/29/2026 5:49,9.049208984
4/29/2026 5:54,9.049208984
4/29/2026 5:59,9.049208984
4/29/2026 6:04,8.963408203
4/29/2026 6:09,8.963408203
4/29/2026 6:14,8.963408203
4/29/2026 6:19,8.963408203
4/29/2026 6:24,8.877607422
4/29/2026 6:29,8.877607422
4/29/2026 6:34,8.834707031
4/29/2026 6:39,8.791806641
4/29/2026 6:44,8.834707031
4/29/2026 6:49,8.74890625
4/29/2026 6:54,8.791806641
4/29/2026 6:59,8.74890625
4/29/2026 7:04,8.706005859
4/29/2026 7:09,8.706005859
4/29/2026 7:14,8.706005859
4/29/2026 7:19,8.706005859
4/29/2026 7:24,8.663105469
4/29/2026 7:29,8.706005859
4/29/2026 7:34,8.620205078
4/29/2026 7:39,8.663105469
4/29/2026 7:44,8.663105469
4/29/2026 7:49,8.706005859
4/29/2026 7:54,8.706005859
4/29/2026 7:59,8.74890625
4/29/2026 8:04,8.74890625
4/29/2026 8:09,8.74890625
4/29/2026 8:14,8.74890625
4/29/2026 8:19,8.877607422
4/29/2026 8:24,8.877607422
4/29/2026 8:29,8.877607422
4/29/2026 8:34,8.920507812
4/29/2026 8:39,9.006308594
4/29/2026 8:44,9.006308594
4/29/2026 8:49,9.092109375
4/29/2026 8:54,9.135009766
4/29/2026 8:59,9.306611328
4/29/2026 9:04,9.349511719
4/29/2026 9:09,9.4353125
4/29/2026 9:14,9.521113281
4/29/2026 9:19,9.606914062
4/29/2026 9:24,9.692714844
4/29/2026 9:29,9.778515625
4/29/2026 9:34,9.950117187
4/29/2026 9:39,10.03591797
4/29/2026 9:44,10.12171875
4/29/2026 9:49,10.20751953
4/29/2026 9:54,10.20751953
4/29/2026 9:59,10.3362207
4/29/2026 10:04,10.46492188
4/29/2026 10:09,10.50782227
4/29/2026 10:14,10.63652344
4/29/2026 10:19,10.76522461
4/29/2026 10:24,10.89392578
4/29/2026 10:29,11.02262695
4/29/2026 10:34,11.15132813
4/29/2026 10:39,11.15132813
4/29/2026 10:44,11.23712891
4/29/2026 10:49,11.36583008
4/29/2026 10:54,11.40873047
4/29/2026 10:59,11.53743164
4/29/2026 11:04,11.75193359
4/29/2026 11:09,11.79483398
4/29/2026 11:14,11.83773437
4/29/2026 11:19,11.96643555
4/29/2026 11:24,12.05223633
4/29/2026 11:29,12.1809375
4/29/2026 11:34,12.26673828
4/29/2026 11:39,12.35253906
4/29/2026 11:44,12.43833984
4/29/2026 11:49,12.56704102
4/29/2026 11:54,12.6528418
4/29/2026 11:59,12.73864258
4/29/2026 12:04,12.82444336
4/29/2026 12:09,12.82444336
4/29/2026 12:14,12.86734375
4/29/2026 12:19,12.91024414
4/29/2026 12:24,13.03894531
4/29/2026 12:29,13.0818457
4/29/2026 12:34,13.16764648
4/29/2026 12:39,13.21054687
4/29/2026 12:44,13.38214844
4/29/2026 12:49,13.42504883
4/29/2026 12:54,13.46794922
4/29/2026 12:59,13.33924805
4/29/2026 13:04,13.42504883
4/29/2026 13:09,13.46794922
4/29/2026 13:14,13.55375
4/29/2026 13:19,13.59665039
4/29/2026 13:24,13.59665039
4/29/2026 13:29,13.55375
4/29/2026 13:34,13.59665039
4/29/2026 13:39,13.59665039
4/29/2026 13:44,13.63955078
4/29/2026 13:49,13.72535156
4/29/2026 13:54,13.76825195
4/29/2026 13:59,13.72535156
4/29/2026 14:04,13.85405273
4/29/2026 14:09,13.85405273
4/29/2026 14:14,13.89695312
4/29/2026 14:19,13.93985352
4/29/2026 14:24,13.89695312
4/29/2026 14:29,13.85405273
4/29/2026 14:34,13.85405273
4/29/2026 14:39,13.85405273
4/29/2026 14:44,13.81115234
4/29/2026 14:49,13.81115234
4/29/2026 14:54,13.76825195
4/29/2026 14:59,13.72535156
4/29/2026 15:04,13.76825195
4/29/2026 15:09,13.81115234
4/29/2026 15:14,13.85405273
4/29/2026 15:19,13.85405273
4/29/2026 15:24,13.81115234
4/29/2026 15:29,13.81115234
4/29/2026 15:34,13.81115234
4/29/2026 15:39,13.81115234
4/29/2026 15:44,13.76825195
4/29/2026 15:49,13.76825195
4/29/2026 15:54,13.85405273
4/29/2026 15:59,13.85405273
4/29/2026 16:04,13.93985352
4/29/2026 16:09,14.0256543
4/29/2026 16:14,14.06855469
4/29/2026 16:19,14.11145508
4/29/2026 16:24,14.15435547
4/29/2026 16:29,14.06855469
4/29/2026 16:34,14.06855469
4/29/2026 16:39,14.0256543
4/29/2026 16:44,14.0256543
4/29/2026 16:49,14.0256543
4/29/2026 16:54,14.0256543
4/29/2026 16:59,14.0256543
4/29/2026 17:04,13.89695312
4/29/2026 17:09,13.85405273
4/29/2026 17:14,13.81115234
4/29/2026 17:19,13.76825195
4/29/2026 17:24,13.68245117
4/29/2026 17:29,13.59665039
4/29/2026 17:34,13.59665039
4/29/2026 17:39,13.51084961
4/29/2026 17:44,13.51084961
4/29/2026 17:49,13.51084961
4/29/2026 17:54,13.46794922
4/29/2026 17:59,13.42504883
4/29/2026 18:04,13.42504883
4/29/2026 18:09,13.29634766
4/29/2026 18:14,13.29634766
4/29/2026 18:19,13.29634766
4/29/2026 18:24,13.25344727
4/29/2026 18:29,13.21054687
4/29/2026 18:34,13.16764648
4/29/2026 18:39,13.0818457
4/29/2026 18:44,13.0818457
4/29/2026 18:49,12.99604492
4/29/2026 18:54,12.99604492
4/29/2026 18:59,12.91024414
4/29/2026 19:04,12.86734375
4/29/2026 19:09,12.86734375
4/29/2026 19:14,12.86734375
4/29/2026 19:19,12.78154297
4/29/2026 19:24,12.78154297
4/29/2026 19:29,12.73864258
4/29/2026 19:34,12.60994141
4/29/2026 19:39,12.56704102
4/29/2026 19:44,12.48124023
4/29/2026 19:49,12.43833984
4/29/2026 19:54,12.35253906
4/29/2026 19:59,12.26673828
4/29/2026 20:04,12.26673828
4/29/2026 20:09,12.1809375
4/29/2026 20:14,12.13803711
4/29/2026 20:19,12.09513672
4/29/2026 20:24,12.00933594
4/29/2026 20:29,11.96643555
4/29/2026 20:34,11.92353516
4/29/2026 20:39,11.79483398
4/29/2026 20:44,11.75193359
4/29/2026 20:49,11.66613281
4/29/2026 20:54,11.62323242
4/29/2026 20:59,11.58033203
4/29/2026 21:04,11.49453125
4/29/2026 21:09,11.40873047
4/29/2026 21:14,11.36583008
4/29/2026 21:19,11.32292969
4/29/2026 21:24,11.2800293
4/29/2026 21:29,11.15132813
4/29/2026 21:34,11.15132813
4/29/2026 21:39,11.15132813
4/29/2026 21:44,11.02262695
4/29/2026 21:49,11.02262695
4/29/2026 21:54,10.93682617
4/29/2026 21:59,10.93682617
4/29/2026 22:04,10.85102539
4/29/2026 22:09,10.85102539
4/29/2026 22:14,10.808125
4/29/2026 22:19,10.72232422
4/29/2026 22:24,10.76522461
4/29/2026 22:29,10.67942383
4/29/2026 22:34,10.63652344
4/29/2026 22:39,10.63652344
4/29/2026 22:44,10.59362305
4/29/2026 22:49,10.59362305
4/29/2026 22:54,10.50782227
4/29/2026 22:59,10.50782227
4/29/2026 23:04,10.50782227
4/29/2026 23:09,10.50782227
4/29/2026 23:14,10.46492188
4/29/2026 23:19,10.37912109
4/29/2026 23:24,10.37912109
4/29/2026 23:29,10.37912109
4/29/2026 23:34,10.37912109
4/29/2026 23:39,10.3362207
4/29/2026 23:44,10.3362207
4/29/2026 23:49,10.3362207
4/29/2026 23:54,10.20751953
4/29/2026 23:59,10.20751953
4/30/2026 0:04,10.20751953
4/30/2026 0:09,10.16461914
4/30/2026 0:14,10.16461914
4/30/2026 0:19,10.03591797
4/30/2026 0:24,10.03591797
4/30/2026 0:29,9.993017578
4/30/2026 0:34,9.993017578
4/30/2026 0:39,9.907216797
4/30/2026 0:44,9.864316406
4/30/2026 0:49,9.864316406
4/30/2026 0:54,9.864316406
4/30/2026 0:59,9.735615234
4/30/2026 1:04,9.735615234
4/30/2026 1:09,9.692714844
4/30/2026 1:14,9.649814453
4/30/2026 1:19,9.649814453
4/30/2026 1:24,9.564013672
4/30/2026 1:29,9.564013672
4/30/2026 1:34,9.564013672
4/30/2026 1:39,9.478212891
4/30/2026 1:44,9.4353125
4/30/2026 1:49,9.4353125
4/30/2026 1:54,9.392412109
4/30/2026 1:59,9.349511719
4/30/2026 2:04,9.349511719
4/30/2026 2:09,9.306611328
4/30/2026 2:14,9.306611328
4/30/2026 2:19,9.306611328
4/30/2026 2:24,9.220810547
4/30/2026 2:29,9.220810547
4/30/2026 2:34,9.177910156
4/30/2026 2:39,9.135009766
4/30/2026 2:44,9.135009766
4/30/2026 2:49,9.177910156
4/30/2026 2:54,9.092109375
4/30/2026 2:59,9.135009766
4/30/2026 3:04,9.135009766
4/30/2026 3:09,9.177910156
4/30/2026 3:14,9.135009766
4/30/2026 3:19,9.177910156
4/30/2026 3:24,9.220810547
4/30/2026 3:29,9.220810547
4/30/2026 3:34,9.177910156
4/30/2026 3:39,9.220810547
4/30/2026 3:44,9.220810547
4/30/2026 3:49,9.177910156
4/30/2026 3:54,9.135009766
4/30/2026 3:59,9.135009766
4/30/2026 4:04,9.092109375
4/30/2026 4:09,9.049208984
4/30/2026 4:14,9.006308594
4/30/2026 4:19,9.049208984
4/30/2026 4:24,9.049208984
4/30/2026 4:29,9.006308594
4/30/2026 4:34,9.006308594
4/30/2026 4:39,8.963408203
4/30/2026 4:44,8.920507812
4/30/2026 4:49,8.963408203
4/30/2026 4:54,8.963408203
4/30/2026 4:59,8.920507812
4/30/2026 5:04,8.920507812
4/30/2026 5:09,8.920507812
4/30/2026 5:14,8.834707031
4/30/2026 5:19,8.877607422
4/30/2026 5:24,8.834707031
4/30/2026 5:29,8.74890625
4/30/2026 5:34,8.74890625
4/30/2026 5:39,8.706005859
4/30/2026 5:44,8.706005859
4/30/2026 5:49,8.663105469
4/30/2026 5:54,8.620205078
4/30/2026 5:59,8.620205078
4/30/2026 6:04,8.534404297
4/30/2026 6:09,8.491503906
4/30/2026 6:14,8.491503906
4/30/2026 6:19,8.448603516
4/30/2026 6:24,8.448603516
4/30/2026 6:29,8.448603516
4/30/2026 6:34,8.362802734
4/30/2026 6:39,8.405703125
4/30/2026 6:44,8.405703125
4/30/2026 6:49,8.405703125
4/30/2026 6:54,8.319902344
4/30/2026 6:59,8.362802734
4/30/2026 7:04,8.319902344
4/30/2026 7:09,8.319902344
4/30/2026 7:14,8.362802734
4/30/2026 7:19,8.277001953
4/30/2026 7:24,8.319902344
4/30/2026 7:29,8.319902344
4/30/2026 7:34,8.277001953
4/30/2026 7:39,8.234101563
4/30/2026 7:44,8.277001953
4/30/2026 7:49,8.277001953
4/30/2026 7:54,8.277001953
4/30/2026 7:59,8.277001953
4/30/2026 8:04,8.319902344
4/30/2026 8:09,8.277001953
4/30/2026 8:14,8.362802734
4/30/2026 8:19,8.362802734
4/30/2026 8:24,8.448603516
4/30/2026 8:29,8.448603516
4/30/2026 8:34,8.448603516
4/30/2026 8:39,8.491503906
4/30/2026 8:44,8.534404297
4/30/2026 8:49,8.620205078
4/30/2026 8:54,8.706005859
4/30/2026 8:59,8.791806641
4/30/2026 9:04,8.877607422
4/30/2026 9:09,8.963408203
4/30/2026 9:14,9.135009766
4/30/2026 9:19,9.177910156
4/30/2026 9:24,9.220810547
4/30/2026 9:29,9.349511719
4/30/2026 9:34,9.392412109
4/30/2026 9:39,9.564013672
4/30/2026 9:44,9.692714844
4/30/2026 9:49,9.735615234
4/30/2026 9:54,9.735615234
4/30/2026 9:59,9.864316406
4/30/2026 10:04,10.03591797
4/30/2026 10:09,10.07881836
4/30/2026 10:14,10.20751953
4/30/2026 10:19,10.3362207
4/30/2026 10:24,10.37912109
4/30/2026 10:29,10.42202148
4/30/2026 10:34,10.42202148
4/30/2026 10:39,10.50782227
4/30/2026 10:44,10.55072266
4/30/2026 10:49,10.59362305
4/30/2026 10:54,10.63652344
4/30/2026 10:59,10.76522461
4/30/2026 11:04,10.85102539
4/30/2026 11:09,10.93682617
4/30/2026 11:14,11.06552734
4/30/2026 11:19,11.15132813
4/30/2026 11:24,11.2800293
4/30/2026 11:29,11.32292969
4/30/2026 11:34,11.36583008
4/30/2026 11:39,11.40873047
4/30/2026 11:44,11.62323242
4/30/2026 11:49,11.62323242
4/30/2026 11:54,11.53743164
4/30/2026 11:59,11.53743164
4/30/2026 12:04,11.58033203
4/30/2026 12:09,11.58033203
4/30/2026 12:14,11.58033203
4/30/2026 12:19,11.66613281
4/30/2026 12:24,11.75193359
4/30/2026 12:29,11.83773437
4/30/2026 12:34,11.88063477
4/30/2026 12:39,11.96643555
4/30/2026 12:44,12.09513672
4/30/2026 12:49,12.13803711
4/30/2026 12:54,12.22383789
4/30/2026 12:59,12.39543945
4/30/2026 13:04,12.60994141
4/30/2026 13:09,12.6528418
4/30/2026 13:14,12.69574219
4/30/2026 13:19,12.82444336
4/30/2026 13:24,12.91024414
4/30/2026 13:29,12.99604492
4/30/2026 13:34,12.99604492
4/30/2026 13:39,12.99604492
4/30/2026 13:44,13.0818457
4/30/2026 13:49,13.03894531
4/30/2026 13:54,13.03894531
4/30/2026 13:59,13.12474609
4/30/2026 14:04,13.16764648
4/30/2026 14:09,13.21054687
4/30/2026 14:14,13.33924805
4/30/2026 14:19,13.46794922
4/30/2026 14:24,13.51084961
4/30/2026 14:29,13.55375
4/30/2026 14:34,13.59665039
4/30/2026 14:39,13.68245117
4/30/2026 14:44,13.76825195
4/30/2026 14:49,13.76825195
4/30/2026 14:54,13.85405273
4/30/2026 14:59,13.89695312
4/30/2026 15:04,13.89695312
4/30/2026 15:09,13.89695312
4/30/2026 15:14,13.81115234
4/30/2026 15:19,13.72535156
4/30/2026 15:24,13.76825195
4/30/2026 15:29,13.76825195
4/30/2026 15:34,13.76825195
4/30/2026 15:39,13.72535156
4/30/2026 15:44,13.76825195
4/30/2026 15:49,13.81115234
4/30/2026 15:54,13.72535156
4/30/2026 15:59,13.76825195
4/30/2026 16:04,13.76825195
4/30/2026 16:09,13.89695312
4/30/2026 16:14,14.0256543
4/30/2026 16:19,14.06855469
4/30/2026 16:24,14.15435547
4/30/2026 16:29,14.15435547
4/30/2026 16:34,14.15435547
4/30/2026 16:39,14.06855469
4/30/2026 16:44,14.11145508
4/30/2026 16:49,14.15435547
4/30/2026 16:54,14.15435547
4/30/2026 16:59,14.24015625
4/30/2026 17:04,14.19725586
4/30/2026 17:09,14.11145508
4/30/2026 17:14,13.98275391
4/30/2026 17:19,13.89695312
4/30/2026 17:24,13.81115234
4/30/2026 17:29,13.76825195
4/30/2026 17:34,13.68245117
4/30/2026 17:39,13.68245117
4/30/2026 17:44,13.72535156
4/30/2026 17:49,13.72535156
4/30/2026 17:54,13.76825195
4/30/2026 17:59,13.81115234
4/30/2026 18:04,13.85405273
4/30/2026 18:09,13.89695312
4/30/2026 18:14,13.89695312
4/30/2026 18:19,13.85405273
4/30/2026 18:24,13.89695312
4/30/2026 18:29,13.89695312
4/30/2026 18:34,13.85405273
4/30/2026 18:39,13.81115234
4/30/2026 18:44,13.72535156
4/30/2026 18:49,13.68245117
4/30/2026 18:54,13.59665039
4/30/2026 18:59,13.55375
4/30/2026 19:04,13.46794922
4/30/2026 19:09,13.33924805
4/30/2026 19:14,13.25344727
4/30/2026 19:19,13.16764648
4/30/2026 19:24,13.03894531
4/30/2026 19:29,12.99604492
4/30/2026 19:34,12.91024414
4/30/2026 19:39,12.86734375
4/30/2026 19:44,12.73864258
4/30/2026 19:49,12.6528418
4/30/2026 19:54,12.6528418
4/30/2026 19:59,12.52414063
4/30/2026 20:04,12.48124023
4/30/2026 20:09,12.35253906
4/30/2026 20:14,12.26673828
4/30/2026 20:19,12.22383789
4/30/2026 20:24,12.1809375
4/30/2026 20:29,12.05223633
4/30/2026 20:34,12.00933594
4/30/2026 20:39,11.92353516
4/30/2026 20:44,11.79483398
4/30/2026 20:49,11.75193359
4/30/2026 20:54,11.7090332
4/30/2026 20:59,11.66613281
4/30/2026 21:04,11.53743164
4/30/2026 21:09,11.49453125
4/30/2026 21:14,11.40873047
4/30/2026 21:19,11.36583008
4/30/2026 21:24,11.36583008
4/30/2026 21:29,11.2800293
4/30/2026 21:34,11.19422852
4/30/2026 21:39,11.19422852
4/30/2026 21:44,11.10842773
4/30/2026 21:49,11.02262695
4/30/2026 21:54,10.97972656
4/30/2026 21:59,11.02262695
4/30/2026 22:04,10.93682617
4/30/2026 22:09,10.85102539
4/30/2026 22:14,10.808125
4/30/2026 22:19,10.76522461
4/30/2026 22:24,10.72232422
4/30/2026 22:29,10.67942383
4/30/2026 22:34,10.72232422
4/30/2026 22:39,10.63652344
4/30/2026 22:44,10.59362305
4/30/2026 22:49,10.59362305
4/30/2026 22:54,10.55072266
4/30/2026 22:59,10.50782227
4/30/2026 23:04,10.46492188
4/30/2026 23:09,10.42202148
4/30/2026 23:14,10.3362207
4/30/2026 23:19,10.37912109
4/30/2026 23:24,10.29332031
4/30/2026 23:29,10.25041992
4/30/2026 23:34,10.25041992
4/30/2026 23:39,10.25041992
4/30/2026 23:44,10.20751953
4/30/2026 23:49,10.20751953
4/30/2026 23:54,10.20751953
4/30/2026 23:59,10.16461914
5/1/2026 0:04,10.12171875
5/1/2026 0:09,10.07881836
5/1/2026 0:14,10.12171875
5/1/2026 0:19,10.07881836
5/1/2026 0:24,10.07881836
5/1/2026 0:29,10.07881836
5/1/2026 0:34,10.07881836
5/1/2026 0:39,10.03591797
5/1/2026 0:44,10.03591797
5/1/2026 0:49,10.07881836
5/1/2026 0:54,9.950117187
5/1/2026 0:59,10.03591797
5/1/2026 1:04,9.993017578
5/1/2026 1:09,9.907216797
5/1/2026 1:14,9.864316406
5/1/2026 1:19,9.907216797
5/1/2026 1:24,9.864316406
5/1/2026 1:29,9.907216797
5/1/2026 1:34,9.864316406
5/1/2026 1:39,9.907216797
5/1/2026 1:44,9.864316406
5/1/2026 1:49,9.864316406
5/1/2026 1:54,9.821416016
5/1/2026 1:59,9.821416016
5/1/2026 2:04,9.778515625
5/1/2026 2:09,9.778515625
5/1/2026 2:14,9.821416016
5/1/2026 2:19,9.735615234
5/1/2026 2:24,9.778515625
5/1/2026 2:29,9.735615234
5/1/2026 2:34,9.692714844
5/1/2026 2:39,9.735615234
5/1/2026 2:44,9.692714844
5/1/2026 2:49,9.649814453
5/1/2026 2:54,9.649814453
5/1/2026 2:59,9.606914062
5/1/2026 3:04,9.649814453
5/1/2026 3:09,9.649814453
5/1/2026 3:14,9.606914062
5/1/2026 3:19,9.606914062
5/1/2026 3:24,9.564013672
5/1/2026 3:29,9.606914062
5/1/2026 3:34,9.564013672
5/1/2026 3:39,9.564013672
5/1/2026 3:44,9.564013672
5/1/2026 3:49,9.521113281
5/1/2026 3:54,9.521113281
5/1/2026 3:59,9.521113281
5/1/2026 4:04,9.521113281
5/1/2026 4:09,9.478212891
5/1/2026 4:14,9.4353125
5/1/2026 4:19,9.4353125
5/1/2026 4:24,9.349511719
5/1/2026 4:29,9.349511719
5/1/2026 4:34,9.306611328
5/1/2026 4:39,9.263710938
5/1/2026 4:44,9.263710938
5/1/2026 4:49,9.220810547
5/1/2026 4:54,9.220810547
5/1/2026 4:59,9.135009766
5/1/2026 5:04,9.092109375
5/1/2026 5:09,9.006308594
5/1/2026 5:14,9.006308594
5/1/2026 5:19,8.963408203
5/1/2026 5:24,8.920507812
5/1/2026 5:29,8.877607422
5/1/2026 5:34,8.834707031
5/1/2026 5:39,8.834707031
5/1/2026 5:44,8.791806641
5/1/2026 5:49,8.663105469
5/1/2026 5:54,8.706005859
5/1/2026 5:59,8.620205078
5/1/2026 6:04,8.663105469
5/1/2026 6:09,8.620205078
5/1/2026 6:14,8.620205078
5/1/2026 6:19,8.534404297
5/1/2026 6:24,8.577304687
5/1/2026 6:29,8.534404297
5/1/2026 6:34,8.491503906
5/1/2026 6:39,8.577304687
5/1/2026 6:44,8.620205078
5/1/2026 6:49,8.534404297
5/1/2026 6:54,8.577304687
5/1/2026 6:59,8.577304687
5/1/2026 7:04,8.577304687
5/1/2026 7:09,8.577304687
5/1/2026 7:14,8.620205078
5/1/2026 7:19,8.620205078
5/1/2026 7:24,8.620205078
5/1/2026 7:29,8.663105469
5/1/2026 7:34,8.620205078
5/1/2026 7:39,8.663105469
5/1/2026 7:44,8.663105469
5/1/2026 7:49,8.663105469
5/1/2026 7:54,8.620205078
5/1/2026 7:59,8.663105469
5/1/2026 8:04,8.663105469
5/1/2026 8:09,8.706005859
5/1/2026 8:14,8.706005859
5/1/2026 8:19,8.706005859
5/1/2026 8:24,8.791806641
5/1/2026 8:29,8.877607422
5/1/2026 8:34,8.877607422
5/1/2026 8:39,8.920507812
5/1/2026 8:44,8.963408203
5/1/2026 8:49,9.006308594
5/1/2026 8:54,9.177910156
5/1/2026 8:59,9.220810547
5/1/2026 9:04,9.263710938
5/1/2026 9:09,9.349511719
5/1/2026 9:14,9.478212891
5/1/2026 9:19,9.564013672
5/1/2026 9:24,9.606914062
5/1/2026 9:29,9.606914062
5/1/2026 9:34,9.735615234
5/1/2026 9:39,9.821416016
5/1/2026 9:44,9.993017578
5/1/2026 9:49,9.993017578
5/1/2026 9:54,10.07881836
5/1/2026 9:59,10.16461914
5/1/2026 10:04,10.25041992
5/1/2026 10:09,10.37912109
5/1/2026 10:14,10.46492188
5/1/2026 10:19,10.55072266
5/1/2026 10:24,10.67942383
5/1/2026 10:29,10.76522461
5/1/2026 10:34,10.89392578
5/1/2026 10:39,10.97972656
5/1/2026 10:44,11.06552734
5/1/2026 10:49,11.19422852
5/1/2026 10:54,11.2800293
5/1/2026 10:59,11.40873047
5/1/2026 11:04,11.53743164
5/1/2026 11:09,11.62323242
5/1/2026 11:14,11.7090332
5/1/2026 11:19,11.75193359
5/1/2026 11:24,11.79483398
5/1/2026 11:29,11.83773437
5/1/2026 11:34,11.83773437
5/1/2026 11:39,11.88063477
5/1/2026 11:44,11.96643555
5/1/2026 11:49,12.09513672
5/1/2026 11:54,12.22383789
5/1/2026 11:59,12.30963867
5/1/2026 12:04,12.30963867
5/1/2026 12:09,12.43833984
5/1/2026 12:14,12.60994141
5/1/2026 12:19,12.56704102
5/1/2026 12:24,12.69574219
5/1/2026 12:29,12.73864258
5/1/2026 12:34,12.82444336
5/1/2026 12:39,12.82444336
5/1/2026 12:44,12.91024414
5/1/2026 12:49,13.03894531
5/1/2026 12:54,13.12474609
5/1/2026 12:59,13.29634766
5/1/2026 13:04,13.46794922
5/1/2026 13:09,13.68245117
5/1/2026 13:14,13.76825195
5/1/2026 13:19,13.81115234
5/1/2026 13:24,13.89695312
5/1/2026 13:29,13.93985352
5/1/2026 13:34,13.93985352
5/1/2026 13:39,14.0256543
5/1/2026 13:44,14.15435547
5/1/2026 13:49,14.24015625
5/1/2026 13:54,14.32595703
5/1/2026 13:59,14.41175781
5/1/2026 14:04,14.41175781
5/1/2026 14:09,14.54045898
5/1/2026 14:14,14.62625977
5/1/2026 14:19,14.71206055
5/1/2026 14:24,14.79786133
5/1/2026 14:29,14.84076172
5/1/2026 14:34,14.88366211
5/1/2026 14:39,14.84076172
5/1/2026 14:44,14.79786133
5/1/2026 14:49,14.84076172
5/1/2026 14:54,14.84076172
5/1/2026 14:59,14.96946289
5/1/2026 15:04,15.05526367
5/1/2026 15:09,15.14106445
5/1/2026 15:14,15.22686523
5/1/2026 15:19,15.26976562
5/1/2026 15:24,15.31266602
5/1/2026 15:29,15.35556641
5/1/2026 15:34,15.35556641
5/1/2026 15:39,15.31266602
5/1/2026 15:44,15.31266602
5/1/2026 15:49,15.31266602
5/1/2026 15:54,15.22686523
5/1/2026 15:59,15.31266602
5/1/2026 16:04,15.3984668
5/1/2026 16:09,15.52716797
5/1/2026 16:14,15.61296875
5/1/2026 16:19,15.69876953
5/1/2026 16:24,15.69876953
5/1/2026 16:29,15.74166992
5/1/2026 16:34,15.69876953
5/1/2026 16:39,15.61296875
5/1/2026 16:44,15.52716797
5/1/2026 16:49,15.48426758
5/1/2026 16:54,15.35556641
5/1/2026 16:59,15.18396484
5/1/2026 17:04,15.09816406
5/1/2026 17:09,15.01236328
5/1/2026 17:14,14.9265625
5/1/2026 17:19,14.75496094
5/1/2026 17:24,14.71206055
5/1/2026 17:29,14.62625977
5/1/2026 17:34,14.58335938
5/1/2026 17:39,14.4546582
5/1/2026 17:44,14.4546582
5/1/2026 17:49,14.41175781
5/1/2026 17:54,14.36885742
5/1/2026 17:59,14.36885742
5/1/2026 18:04,14.41175781
5/1/2026 18:09,14.41175781
5/1/2026 18:14,14.36885742
5/1/2026 18:19,14.24015625
5/1/2026 18:24,14.15435547
5/1/2026 18:29,14.11145508
5/1/2026 18:34,14.0256543
5/1/2026 18:39,13.93985352
5/1/2026 18:44,13.81115234
5/1/2026 18:49,13.76825195
5/1/2026 18:54,13.72535156
5/1/2026 18:59,13.63955078
5/1/2026 19:04,13.59665039
5/1/2026 19:09,13.51084961
5/1/2026 19:14,13.46794922
5/1/2026 19:19,13.33924805
5/1/2026 19:24,13.29634766
5/1/2026 19:29,13.25344727
5/1/2026 19:34,13.25344727
5/1/2026 19:39,13.16764648
5/1/2026 19:44,13.12474609
5/1/2026 19:49,13.03894531
5/1/2026 19:54,12.99604492
5/1/2026 19:59,12.95314453
5/1/2026 20:04,12.86734375
5/1/2026 20:09,12.86734375
5/1/2026 20:14,12.82444336
5/1/2026 20:19,12.73864258
5/1/2026 20:24,12.69574219
5/1/2026 20:29,12.6528418
5/1/2026 20:34,12.60994141
5/1/2026 20:39,12.52414063
5/1/2026 20:44,12.48124023
5/1/2026 20:49,12.43833984
5/1/2026 20:54,12.43833984
5/1/2026 20:59,12.30963867
5/1/2026 21:04,12.22383789
5/1/2026 21:09,12.13803711
5/1/2026 21:14,12.13803711
5/1/2026 21:19,12.05223633
5/1/2026 21:24,12.00933594
5/1/2026 21:29,11.96643555
5/1/2026 21:34,11.88063477
5/1/2026 21:39,11.83773437
5/1/2026 21:44,11.79483398
5/1/2026 21:49,11.7090332
5/1/2026 21:54,11.7090332
5/1/2026 21:59,11.66613281
5/1/2026 22:04,11.58033203
5/1/2026 22:09,11.58033203
5/1/2026 22:14,11.53743164
5/1/2026 22:19,11.45163086
5/1/2026 22:24,11.45163086
5/1/2026 22:29,11.40873047
5/1/2026 22:34,11.36583008
5/1/2026 22:39,11.2800293
5/1/2026 22:44,11.2800293
5/1/2026 22:49,11.19422852
5/1/2026 22:54,11.15132813
5/1/2026 22:59,11.15132813
5/1/2026 23:04,11.15132813
5/1/2026 23:09,11.10842773
5/1/2026 23:14,11.06552734
5/1/2026 23:19,11.02262695
5/1/2026 23:24,11.02262695
5/1/2026 23:29,10.93682617
5/1/2026 23:34,10.89392578
5/1/2026 23:39,10.85102539
5/1/2026 23:44,10.85102539
5/1/2026 23:49,10.808125
5/1/2026 23:54,10.808125
5/1/2026 23:59,10.72232422
5/2/2026 0:04,10.72232422
5/2/2026 0:09,10.67942383
5/2/2026 0:14,10.67942383
5/2/2026 0:19,10.59362305
5/2/2026 0:24,10.59362305
5/2/2026 0:29,10.63652344
5/2/2026 0:34,10.50782227
5/2/2026 0:39,10.50782227
5/2/2026 0:44,10.50782227
5/2/2026 0:49,10.42202148
5/2/2026 0:54,10.37912109
5/2/2026 0:59,10.42202148
5/2/2026 1:04,10.37912109
5/2/2026 1:09,10.3362207
5/2/2026 1:14,10.3362207
5/2/2026 1:19,10.29332031
5/2/2026 1:24,10.29332031
5/2/2026 1:29,10.25041992
5/2/2026 1:34,10.29332031
5/2/2026 1:39,10.20751953
5/2/2026 1:44,10.20751953
5/2/2026 1:49,10.20751953
5/2/2026 1:54,10.20751953
5/2/2026 1:59,10.12171875
5/2/2026 2:04,10.12171875
5/2/2026 2:09,10.07881836
5/2/2026 2:14,10.07881836
5/2/2026 2:19,10.12171875
5/2/2026 2:24,10.07881836
5/2/2026 2:29,10.03591797
5/2/2026 2:34,10.03591797
5/2/2026 2:39,10.03591797
5/2/2026 2:44,9.993017578
5/2/2026 2:49,9.950117187
5/2/2026 2:54,9.950117187
5/2/2026 2:59,9.907216797
5/2/2026 3:04,9.907216797
5/2/2026 3:09,9.907216797
5/2/2026 3:14,9.821416016
5/2/2026 3:19,9.821416016
5/2/2026 3:24,9.907216797
5/2/2026 3:29,9.821416016
5/2/2026 3:34,9.778515625
5/2/2026 3:39,9.821416016
5/2/2026 3:44,9.778515625
5/2/2026 3:49,9.778515625
5/2/2026 3:54,9.735615234
5/2/2026 3:59,9.735615234
5/2/2026 4:04,9.735615234
5/2/2026 4:09,9.735615234
5/2/2026 4:14,9.692714844
5/2/2026 4:19,9.692714844
5/2/2026 4:24,9.649814453
5/2/2026 4:29,9.649814453
5/2/2026 4:34,9.649814453
5/2/2026 4:39,9.606914062
5/2/2026 4:44,9.649814453
5/2/2026 4:49,9.564013672
5/2/2026 4:54,9.606914062
5/2/2026 4:59,9.564013672
5/2/2026 5:04,9.478212891
5/2/2026 5:09,9.521113281
5/2/2026 5:14,9.521113281
5/2/2026 5:19,9.478212891
5/2/2026 5:24,9.521113281
5/2/2026 5:29,9.478212891
5/2/2026 5:34,9.478212891
5/2/2026 5:39,9.4353125
5/2/2026 5:44,9.4353125
5/2/2026 5:49,9.4353125
5/2/2026 5:54,9.392412109
5/2/2026 5:59,9.392412109
5/2/2026 6:04,9.392412109
5/2/2026 6:09,9.392412109
5/2/2026 6:14,9.392412109
5/2/2026 6:19,9.392412109
5/2/2026 6:24,9.349511719
5/2/2026 6:29,9.392412109
5/2/2026 6:34,9.392412109
5/2/2026 6:39,9.349511719
5/2/2026 6:44,9.392412109
5/2/2026 6:49,9.392412109
5/2/2026 6:54,9.349511719
5/2/2026 6:59,9.392412109
5/2/2026 7:04,9.392412109
5/2/2026 7:09,9.306611328
5/2/2026 7:14,9.392412109
5/2/2026 7:19,9.4353125
5/2/2026 7:24,9.349511719
5/2/2026 7:29,9.392412109
5/2/2026 7:34,9.392412109
5/2/2026 7:39,9.392412109
5/2/2026 7:44,9.392412109
5/2/2026 7:49,9.4353125
5/2/2026 7:54,9.478212891
5/2/2026 7:59,9.478212891
5/2/2026 8:04,9.4353125
5/2/2026 8:09,9.521113281
5/2/2026 8:14,9.521113281
5/2/2026 8:19,9.564013672
5/2/2026 8:24,9.606914062
5/2/2026 8:29,9.692714844
5/2/2026 8:34,9.735615234
5/2/2026 8:39,9.778515625
5/2/2026 8:44,9.821416016
5/2/2026 8:49,9.907216797
5/2/2026 8:54,9.993017578
5/2/2026 8:59,10.03591797
5/2/2026 9:04,10.12171875
5/2/2026 9:09,10.20751953
5/2/2026 9:14,10.29332031
5/2/2026 9:19,10.3362207
5/2/2026 9:24,10.42202148
5/2/2026 9:29,10.55072266
5/2/2026 9:34,10.63652344
5/2/2026 9:39,10.67942383
5/2/2026 9:44,10.808125
5/2/2026 9:49,10.89392578
5/2/2026 9:54,10.97972656
5/2/2026 9:59,11.10842773
5/2/2026 10:04,11.19422852
5/2/2026 10:09,11.23712891
5/2/2026 10:14,11.2800293
5/2/2026 10:19,11.36583008
5/2/2026 10:24,11.49453125
5/2/2026 10:29,11.53743164
5/2/2026 10:34,11.58033203
5/2/2026 10:39,11.75193359
5/2/2026 10:44,11.79483398
5/2/2026 10:49,11.88063477
5/2/2026 10:54,11.92353516
5/2/2026 10:59,12.00933594
5/2/2026 11:04,12.13803711
5/2/2026 11:09,12.22383789
5/2/2026 11:14,12.26673828
5/2/2026 11:19,12.43833984
5/2/2026 11:24,12.56704102
5/2/2026 11:29,12.6528418
5/2/2026 11:34,12.78154297
5/2/2026 11:39,12.91024414
5/2/2026 11:44,12.99604492
5/2/2026 11:49,13.12474609
5/2/2026 11:54,13.25344727
5/2/2026 11:59,13.33924805
5/2/2026 12:04,13.46794922
5/2/2026 12:09,13.51084961
5/2/2026 12:14,13.63955078
5/2/2026 12:19,13.76825195
5/2/2026 12:24,13.85405273
5/2/2026 12:29,13.98275391
5/2/2026 12:34,14.06855469
5/2/2026 12:39,14.19725586
5/2/2026 12:44,14.32595703
5/2/2026 12:49,14.4546582
5/2/2026 12:54,14.58335938
5/2/2026 12:59,14.62625977
5/2/2026 13:04,14.71206055
5/2/2026 13:09,14.88366211
5/2/2026 13:14,14.9265625
5/2/2026 13:19,15.01236328
5/2/2026 13:24,15.09816406
5/2/2026 13:29,15.22686523
5/2/2026 13:34,15.31266602
5/2/2026 13:39,15.44136719
5/2/2026 13:44,15.48426758
5/2/2026 13:49,15.52716797
5/2/2026 13:54,15.57006836
5/2/2026 13:59,15.61296875
5/2/2026 14:04,15.74166992
5/2/2026 14:09,15.78457031
5/2/2026 14:14,15.87037109
5/2/2026 14:19,15.95617187
5/2/2026 14:24,15.99907227
5/2/2026 14:29,16.12777344
5/2/2026 14:34,16.17067383
5/2/2026 14:39,16.21357422
5/2/2026 14:44,16.25647461
5/2/2026 14:49,16.38517578
5/2/2026 14:54,16.42807617
5/2/2026 14:59,16.47097656
5/2/2026 15:04,16.51387695
5/2/2026 15:09,16.51387695
5/2/2026 15:14,16.64257813
5/2/2026 15:19,16.64257813
5/2/2026 15:24,16.68547852
5/2/2026 15:29,16.68547852
5/2/2026 15:34,16.68547852
5/2/2026 15:39,16.72837891
5/2/2026 15:44,16.7712793
5/2/2026 15:49,16.81417969
5/2/2026 15:54,16.7712793
5/2/2026 15:59,16.85708008
5/2/2026 16:04,16.85708008
5/2/2026 16:09,16.89998047
5/2/2026 16:14,16.94288086
5/2/2026 16:19,16.89998047
5/2/2026 16:24,16.89998047
5/2/2026 16:29,16.89998047
5/2/2026 16:34,16.94288086
5/2/2026 16:39,16.89998047
5/2/2026 16:44,16.98578125
5/2/2026 16:49,16.89998047
5/2/2026 16:54,16.94288086
5/2/2026 16:59,16.85708008
5/2/2026 17:04,16.85708008
5/2/2026 17:09,16.89998047
5/2/2026 17:14,16.85708008
5/2/2026 17:19,16.7712793
5/2/2026 17:24,16.72837891
5/2/2026 17:29,16.72837891
5/2/2026 17:34,16.55677734
5/2/2026 17:39,16.51387695
5/2/2026 17:44,16.47097656
5/2/2026 17:49,16.38517578
5/2/2026 17:54,16.34227539
5/2/2026 17:59,16.21357422
5/2/2026 18:04,16.17067383
5/2/2026 18:09,16.08487305
5/2/2026 18:14,15.99907227
5/2/2026 18:19,15.87037109
5/2/2026 18:24,15.8274707
5/2/2026 18:29,15.74166992
5/2/2026 18:34,15.69876953
5/2/2026 18:39,15.61296875
5/2/2026 18:44,15.52716797
5/2/2026 18:49,15.52716797
5/2/2026 18:54,15.3984668
5/2/2026 18:59,15.35556641
5/2/2026 19:04,15.31266602
5/2/2026 19:09,15.26976562
5/2/2026 19:14,15.18396484
5/2/2026 19:19,15.09816406
5/2/2026 19:24,15.05526367
5/2/2026 19:29,14.96946289
5/2/2026 19:34,14.9265625
5/2/2026 19:39,14.84076172
5/2/2026 19:44,14.75496094
5/2/2026 19:49,14.66916016
5/2/2026 19:54,14.62625977
5/2/2026 19:59,14.58335938
5/2/2026 20:04,14.49755859
5/2/2026 20:09,14.41175781
5/2/2026 20:14,14.41175781
5/2/2026 20:19,14.32595703
5/2/2026 20:24,14.28305664
5/2/2026 20:29,14.24015625
5/2/2026 20:34,14.15435547
5/2/2026 20:39,14.11145508
5/2/2026 20:44,14.0256543
5/2/2026 20:49,13.98275391
5/2/2026 20:54,13.89695312
5/2/2026 20:59,13.85405273
5/2/2026 21:04,13.81115234
5/2/2026 21:09,13.72535156
5/2/2026 21:14,13.68245117
5/2/2026 21:19,13.59665039
5/2/2026 21:24,13.59665039
5/2/2026 21:29,13.51084961
5/2/2026 21:34,13.51084961
5/2/2026 21:39,13.42504883
5/2/2026 21:44,13.38214844
5/2/2026 21:49,13.29634766
5/2/2026 21:54,13.25344727
5/2/2026 21:59,13.21054687
5/2/2026 22:04,13.21054687
5/2/2026 22:09,13.16764648
5/2/2026 22:14,13.16764648
5/2/2026 22:19,13.16764648
5/2/2026 22:24,13.12474609
5/2/2026 22:29,13.03894531
5/2/2026 22:34,12.91024414
5/2/2026 22:39,12.91024414
5/2/2026 22:44,12.91024414
5/2/2026 22:49,12.78154297
5/2/2026 22:54,12.78154297
5/2/2026 22:59,12.73864258
5/2/2026 23:04,12.60994141
5/2/2026 23:09,12.6528418
5/2/2026 23:14,12.56704102
5/2/2026 23:19,12.43833984
5/2/2026 23:24,12.43833984
5/2/2026 23:29,12.43833984
5/2/2026 23:34,12.39543945
5/2/2026 23:39,12.30963867
5/2/2026 23:44,12.30963867
5/2/2026 23:49,12.30963867
5/2/2026 23:54,12.26673828
5/2/2026 23:59,12.22383789
5/3/2026 0:04,12.13803711
5/3/2026 0:09,12.13803711
5/3/2026 0:14,12.09513672
5/3/2026 0:19,12.09513672
5/3/2026 0:24,12.05223633
5/3/2026 0:29,12.00933594
5/3/2026 0:34,12.00933594
5/3/2026 0:39,11.96643555
5/3/2026 0:44,11.92353516
5/3/2026 0:49,11.88063477
5/3/2026 0:54,11.88063477
5/3/2026 0:59,11.83773437
5/3/2026 1:04,11.83773437
5/3/2026 1:09,11.79483398
5/3/2026 1:14,11.83773437
5/3/2026 1:19,11.79483398
5/3/2026 1:24,11.79483398
5/3/2026 1:29,11.75193359
5/3/2026 1:34,11.75193359
5/3/2026 1:39,11.75193359
5/3/2026 1:44,11.75193359
5/3/2026 1:49,11.7090332
5/3/2026 1:54,11.75193359
5/3/2026 1:59,11.66613281
5/3/2026 2:04,11.62323242
5/3/2026 2:09,11.62323242
5/3/2026 2:14,11.62323242
5/3/2026 2:19,11.58033203
5/3/2026 2:24,11.53743164
5/3/2026 2:29,11.49453125
5/3/2026 2:34,11.45163086
5/3/2026 2:39,11.45163086
5/3/2026 2:44,11.36583008
5/3/2026 2:49,11.36583008
5/3/2026 2:54,11.32292969
5/3/2026 2:59,11.2800293
5/3/2026 3:04,11.2800293
5/3/2026 3:09,11.19422852
5/3/2026 3:14,11.15132813
5/3/2026 3:19,11.10842773
5/3/2026 3:24,11.10842773
5/3/2026 3:29,11.06552734
5/3/2026 3:34,11.02262695
5/3/2026 3:39,10.97972656
5/3/2026 3:44,10.93682617
5/3/2026 3:49,10.93682617
5/3/2026 3:54,10.89392578
5/3/2026 3:59,10.85102539
5/3/2026 4:04,10.85102539
5/3/2026 4:09,10.76522461
5/3/2026 4:14,10.76522461
5/3/2026 4:19,10.76522461
5/3/2026 4:24,10.76522461
5/3/2026 4:29,10.72232422
5/3/2026 4:34,10.67942383
5/3/2026 4:39,10.67942383
5/3/2026 4:44,10.67942383
5/3/2026 4:49,10.67942383
5/3/2026 4:54,10.63652344
5/3/2026 4:59,10.59362305
5/3/2026 5:04,10.59362305
5/3/2026 5:09,10.55072266
5/3/2026 5:14,10.55072266
5/3/2026 5:19,10.50782227
5/3/2026 5:24,10.46492188
5/3/2026 5:29,10.46492188
5/3/2026 5:34,10.46492188
5/3/2026 5:39,10.37912109
5/3/2026 5:44,10.42202148
5/3/2026 5:49,10.42202148
5/3/2026 5:54,10.37912109
5/3/2026 5:59,10.37912109
5/3/2026 6:04,10.3362207
5/3/2026 6:09,10.3362207
5/3/2026 6:14,10.25041992
5/3/2026 6:19,10.29332031
5/3/2026 6:24,10.29332031
5/3/2026 6:29,10.25041992
5/3/2026 6:34,10.25041992
5/3/2026 6:39,10.25041992
5/3/2026 6:44,10.25041992
5/3/2026 6:49,10.20751953
5/3/2026 6:54,10.16461914
5/3/2026 6:59,10.20751953
5/3/2026 7:04,10.20751953
5/3/2026 7:09,10.16461914
5/3/2026 7:14,10.12171875
5/3/2026 7:19,10.12171875
5/3/2026 7:24,10.16461914
5/3/2026 7:29,10.16461914
5/3/2026 7:34,10.12171875
5/3/2026 7:39,10.12171875
5/3/2026 7:44,10.20751953
5/3/2026 7:49,10.20751953
5/3/2026 7:54,10.20751953
5/3/2026 7:59,10.20751953
5/3/2026 8:04,10.25041992
5/3/2026 8:09,10.29332031
5/3/2026 8:14,10.25041992
5/3/2026 8:19,10.3362207
5/3/2026 8:24,10.3362207
5/3/2026 8:29,10.37912109
5/3/2026 8:34,10.42202148
5/3/2026 8:39,10.50782227
5/3/2026 8:44,10.55072266
5/3/2026 8:49,10.59362305
5/3/2026 8:54,10.63652344
5/3/2026 8:59,10.72232422
5/3/2026 9:04,10.808125
5/3/2026 9:09,10.89392578
5/3/2026 9:14,11.02262695
5/3/2026 9:19,11.15132813
5/3/2026 9:24,11.15132813
5/3/2026 9:29,11.32292969
5/3/2026 9:34,11.40873047
5/3/2026 9:39,11.53743164
5/3/2026 9:44,11.7090332
5/3/2026 9:49,11.75193359
5/3/2026 9:54,11.83773437
5/3/2026 9:59,11.92353516
5/3/2026 10:04,12.09513672
5/3/2026 10:09,12.22383789
5/3/2026 10:14,12.35253906
5/3/2026 10:19,12.48124023
5/3/2026 10:24,12.56704102
5/3/2026 10:29,12.6528418
5/3/2026 10:34,12.82444336
5/3/2026 10:39,12.91024414
5/3/2026 10:44,12.99604492
5/3/2026 10:49,13.16764648
5/3/2026 10:54,13.25344727
5/3/2026 10:59,13.42504883
5/3/2026 11:04,13.51084961
5/3/2026 11:09,13.63955078
5/3/2026 11:14,13.76825195
5/3/2026 11:19,13.89695312
5/3/2026 11:24,14.06855469
5/3/2026 11:29,14.15435547
5/3/2026 11:34,14.24015625
5/3/2026 11:39,14.32595703
5/3/2026 11:44,14.49755859
5/3/2026 11:49,14.58335938
5/3/2026 11:54,14.62625977
5/3/2026 11:59,14.75496094
5/3/2026 12:04,14.84076172
5/3/2026 12:09,14.84076172
5/3/2026 12:14,14.96946289
5/3/2026 12:19,15.01236328
5/3/2026 12:24,15.09816406
5/3/2026 12:29,15.18396484
5/3/2026 12:34,15.26976562
5/3/2026 12:39,15.35556641
5/3/2026 12:44,15.44136719
5/3/2026 12:49,15.48426758
5/3/2026 12:54,15.57006836
5/3/2026 12:59,15.61296875
5/3/2026 13:04,15.69876953
5/3/2026 13:09,15.87037109
5/3/2026 13:14,15.91327148
5/3/2026 13:19,15.91327148
5/3/2026 13:24,16.04197266
5/3/2026 13:29,16.08487305
5/3/2026 13:34,16.17067383
5/3/2026 13:39,16.21357422
5/3/2026 13:44,16.25647461
5/3/2026 13:49,16.299375
5/3/2026 13:54,16.38517578
5/3/2026 13:59,16.42807617
5/3/2026 14:04,16.38517578
5/3/2026 14:09,16.51387695
5/3/2026 14:14,16.59967773
5/3/2026 14:19,16.59967773
5/3/2026 14:24,16.68547852
5/3/2026 14:29,16.72837891
5/3/2026 14:34,16.7712793
5/3/2026 14:39,16.81417969
5/3/2026 14:44,16.85708008
5/3/2026 14:49,16.89998047
5/3/2026 14:54,16.98578125
5/3/2026 14:59,16.98578125
5/3/2026 15:04,17.02868164
5/3/2026 15:09,17.11448242
5/3/2026 15:14,17.11448242
5/3/2026 15:19,17.15738281
5/3/2026 15:24,17.15738281
5/3/2026 15:29,17.24318359
5/3/2026 15:34,17.24318359
5/3/2026 15:39,17.28608398
5/3/2026 15:44,17.32898437
5/3/2026 15:49,17.37188477
5/3/2026 15:54,17.37188477
5/3/2026 15:59,17.41478516
5/3/2026 16:04,17.37188477
5/3/2026 16:09,17.50058594
5/3/2026 16:14,17.45768555
5/3/2026 16:19,17.50058594
5/3/2026 16:24,17.54348633
5/3/2026 16:29,17.58638672
5/3/2026 16:34,17.62928711
5/3/2026 16:39,17.58638672
5/3/2026 16:44,17.6721875
5/3/2026 16:49,17.62928711
5/3/2026 16:54,17.62928711
5/3/2026 16:59,17.62928711
5/3/2026 17:04,17.58638672
5/3/2026 17:09,17.62928711
5/3/2026 17:14,17.62928711
5/3/2026 17:19,17.58638672
5/3/2026 17:24,17.58638672
5/3/2026 17:29,17.50058594
5/3/2026 17:34,17.54348633
5/3/2026 17:39,17.50058594
5/3/2026 17:44,17.50058594
5/3/2026 17:49,17.45768555
5/3/2026 17:54,17.45768555
5/3/2026 17:59,17.45768555
5/3/2026 18:04,17.41478516
5/3/2026 18:09,17.37188477
5/3/2026 18:14,17.28608398
5/3/2026 18:19,17.32898437
5/3/2026 18:24,17.28608398
5/3/2026 18:29,17.24318359
5/3/2026 18:34,17.15738281
5/3/2026 18:39,17.11448242
5/3/2026 18:44,17.02868164
5/3/2026 18:49,16.98578125
5/3/2026 18:54,16.89998047
5/3/2026 18:59,16.7712793
5/3/2026 19:04,16.72837891
5/3/2026 19:09,16.59967773
5/3/2026 19:14,16.47097656
5/3/2026 19:19,16.38517578
5/3/2026 19:24,16.299375
5/3/2026 19:29,16.21357422
5/3/2026 19:34,16.12777344
5/3/2026 19:39,15.99907227
5/3/2026 19:44,15.87037109
5/3/2026 19:49,15.8274707
5/3/2026 19:54,15.74166992
5/3/2026 19:59,15.61296875
5/3/2026 20:04,15.57006836
5/3/2026 20:09,15.44136719
5/3/2026 20:14,15.3984668
5/3/2026 20:19,15.26976562
5/3/2026 20:24,15.22686523
5/3/2026 20:29,15.09816406
5/3/2026 20:34,15.01236328
5/3/2026 20:39,14.88366211
5/3/2026 20:44,14.84076172
5/3/2026 20:49,14.75496094
5/3/2026 20:54,14.62625977
5/3/2026 20:59,14.62625977
5/3/2026 21:04,14.4546582
5/3/2026 21:09,14.41175781
5/3/2026 21:14,14.28305664
5/3/2026 21:19,14.28305664
5/3/2026 21:24,14.15435547
5/3/2026 21:29,14.0256543
5/3/2026 21:34,13.98275391
5/3/2026 21:39,13.85405273
5/3/2026 21:44,13.81115234
5/3/2026 21:49,13.76825195
5/3/2026 21:54,13.63955078
5/3/2026 21:59,13.59665039
5/3/2026 22:04,13.55375
5/3/2026 22:09,13.51084961
5/3/2026 22:14,13.38214844
5/3/2026 22:19,13.33924805
5/3/2026 22:24,13.29634766
5/3/2026 22:29,13.16764648
5/3/2026 22:34,13.0818457
5/3/2026 22:39,13.0818457
5/3/2026 22:44,12.99604492
5/3/2026 22:49,12.86734375
5/3/2026 22:54,12.86734375
5/3/2026 22:59,12.82444336
5/3/2026 23:04,12.73864258
5/3/2026 23:09,12.69574219
5/3/2026 23:14,12.60994141
5/3/2026 23:19,12.56704102
5/3/2026 23:24,12.48124023
5/3/2026 23:29,12.43833984
5/3/2026 23:34,12.35253906
5/3/2026 23:39,12.35253906
5/3/2026 23:44,12.30963867
5/3/2026 23:49,12.1809375
5/3/2026 23:54,12.1809375
5/3/2026 23:59,12.13803711
5/4/2026 0:04,12.09513672
5/4/2026 0:09,12.05223633
5/4/2026 0:14,12.00933594
5/4/2026 0:19,11.96643555
5/4/2026 0:24,11.92353516
5/4/2026 0:29,11.88063477
5/4/2026 0:34,11.88063477
5/4/2026 0:39,11.83773437
5/4/2026 0:44,11.75193359
5/4/2026 0:49,11.7090332
5/4/2026 0:54,11.66613281
5/4/2026 0:59,11.62323242
5/4/2026 1:04,11.62323242
5/4/2026 1:09,11.53743164
5/4/2026 1:14,11.53743164
5/4/2026 1:19,11.45163086
5/4/2026 1:24,11.45163086
5/4/2026 1:29,11.40873047
5/4/2026 1:34,11.40873047
5/4/2026 1:39,11.36583008
5/4/2026 1:44,11.32292969
5/4/2026 1:49,11.2800293
5/4/2026 1:54,11.32292969
5/4/2026 1:59,11.23712891
5/4/2026 2:04,11.23712891
5/4/2026 2:09,11.23712891
5/4/2026 2:14,11.23712891
5/4/2026 2:19,11.19422852
5/4/2026 2:24,11.19422852
5/4/2026 2:29,11.19422852
5/4/2026 2:34,11.10842773
5/4/2026 2:39,11.15132813
5/4/2026 2:44,11.10842773
5/4/2026 2:49,11.06552734
5/4/2026 2:54,11.10842773
5/4/2026 2:59,11.06552734
5/4/2026 3:04,11.02262695
5/4/2026 3:09,11.02262695
5/4/2026 3:14,10.97972656
5/4/2026 3:19,10.97972656
5/4/2026 3:24,10.97972656
5/4/2026 3:29,10.97972656
5/4/2026 3:34,10.93682617
5/4/2026 3:39,10.93682617
5/4/2026 3:44,10.93682617
5/4/2026 3:49,10.85102539
5/4/2026 3:54,10.89392578
5/4/2026 3:59,10.89392578
5/4/2026 4:04,10.85102539
5/4/2026 4:09,10.808125
5/4/2026 4:14,10.76522461
5/4/2026 4:19,10.76522461
5/4/2026 4:24,10.72232422
5/4/2026 4:29,10.76522461
5/4/2026 4:34,10.72232422
5/4/2026 4:39,10.72232422
5/4/2026 4:44,10.67942383
5/4/2026 4:49,10.63652344
5/4/2026 4:54,10.63652344
5/4/2026 4:59,10.59362305
5/4/2026 5:04,10.59362305
5/4/2026 5:09,10.55072266
5/4/2026 5:14,10.55072266
5/4/2026 5:19,10.55072266
5/4/2026 5:24,10.55072266
5/4/2026 5:29,10.50782227
5/4/2026 5:34,10.50782227
5/4/2026 5:39,10.50782227
5/4/2026 5:44,10.42202148
5/4/2026 5:49,10.46492188
5/4/2026 5:54,10.46492188
5/4/2026 5:59,10.42202148
5/4/2026 6:04,10.42202148
5/4/2026 6:09,10.37912109
5/4/2026 6:14,10.42202148
5/4/2026 6:19,10.37912109
5/4/2026 6:24,10.42202148
5/4/2026 6:29,10.37912109
5/4/2026 6:34,10.37912109
5/4/2026 6:39,10.42202148
5/4/2026 6:44,10.37912109
5/4/2026 6:49,10.37912109
5/4/2026 6:54,10.42202148
5/4/2026 6:59,10.37912109
5/4/2026 7:04,10.42202148
5/4/2026 7:09,10.42202148
5/4/2026 7:14,10.46492188
5/4/2026 7:19,10.46492188
5/4/2026 7:24,10.50782227
5/4/2026 7:29,10.50782227
5/4/2026 7:34,10.50782227
5/4/2026 7:39,10.55072266
5/4/2026 7:44,10.55072266
5/4/2026 7:49,10.59362305
5/4/2026 7:54,10.59362305
5/4/2026 7:59,10.63652344
5/4/2026 8:04,10.63652344
5/4/2026 8:09,10.67942383
5/4/2026 8:14,10.72232422
5/4/2026 8:19,10.72232422
5/4/2026 8:24,10.808125
5/4/2026 8:29,10.89392578
5/4/2026 8:34,10.85102539
5/4/2026 8:39,10.93682617
5/4/2026 8:44,10.93682617
5/4/2026 8:49,11.02262695
5/4/2026 8:54,11.02262695
5/4/2026 8:59,11.10842773
5/4/2026 9:04,11.19422852
5/4/2026 9:09,11.2800293
5/4/2026 9:14,11.36583008
5/4/2026 9:19,11.40873047
5/4/2026 9:24,11.45163086
5/4/2026 9:29,11.58033203
5/4/2026 9:34,11.66613281
5/4/2026 9:39,11.7090332
5/4/2026 9:44,11.79483398
5/4/2026 9:49,11.83773437
5/4/2026 9:54,11.88063477
5/4/2026 9:59,11.92353516
5/4/2026 10:04,11.96643555
5/4/2026 10:09,12.09513672
5/4/2026 10:14,12.1809375
5/4/2026 10:19,12.35253906
5/4/2026 10:24,12.35253906
5/4/2026 10:29,12.43833984
5/4/2026 10:34,12.48124023
5/4/2026 10:39,12.52414063
5/4/2026 10:44,12.60994141
5/4/2026 10:49,12.60994141
5/4/2026 10:54,12.6528418
5/4/2026 10:59,12.73864258
5/4/2026 11:04,12.86734375
5/4/2026 11:09,12.91024414
5/4/2026 11:14,12.95314453
5/4/2026 11:19,13.0818457
5/4/2026 11:24,13.03894531
5/4/2026 11:29,13.12474609
5/4/2026 11:34,13.25344727
5/4/2026 11:39,13.38214844
5/4/2026 11:44,13.42504883
5/4/2026 11:49,13.51084961
5/4/2026 11:54,13.59665039
5/4/2026 11:59,13.72535156
5/4/2026 12:04,13.85405273
5/4/2026 12:09,13.93985352
5/4/2026 12:14,13.93985352
5/4/2026 12:19,13.98275391
5/4/2026 12:24,14.0256543
5/4/2026 12:29,14.06855469
5/4/2026 12:34,14.15435547
5/4/2026 12:39,14.19725586
5/4/2026 12:44,14.24015625
5/4/2026 12:49,14.32595703
5/4/2026 12:54,14.41175781
5/4/2026 12:59,14.41175781
5/4/2026 13:04,14.54045898
5/4/2026 13:09,14.66916016
5/4/2026 13:14,14.66916016
5/4/2026 13:19,14.71206055
5/4/2026 13:24,14.79786133
5/4/2026 13:29,14.84076172
5/4/2026 13:34,14.9265625
5/4/2026 13:39,14.9265625
5/4/2026 13:44,14.96946289
5/4/2026 13:49,15.01236328
5/4/2026 13:54,15.01236328
5/4/2026 13:59,14.96946289
5/4/2026 14:04,14.9265625
5/4/2026 14:09,14.84076172
5/4/2026 14:14,14.75496094
5/4/2026 14:19,14.71206055
5/4/2026 14:24,14.66916016
5/4/2026 14:29,14.54045898
5/4/2026 14:34,14.4546582
5/4/2026 14:39,14.41175781
5/4/2026 14:44,14.36885742
5/4/2026 14:49,14.32595703
5/4/2026 14:54,14.32595703
5/4/2026 14:59,14.36885742
5/4/2026 15:04,14.41175781
5/4/2026 15:09,14.41175781
5/4/2026 15:14,14.54045898
5/4/2026 15:19,14.54045898
5/4/2026 15:24,14.58335938
5/4/2026 15:29,14.71206055
5/4/2026 15:34,14.75496094
5/4/2026 15:39,14.71206055
5/4/2026 15:44,14.75496094
5/4/2026 15:49,14.75496094
5/4/2026 15:54,14.75496094
5/4/2026 15:59,14.79786133
5/4/2026 16:04,14.88366211
5/4/2026 16:09,14.96946289
5/4/2026 16:14,15.05526367
5/4/2026 16:19,15.05526367
5/4/2026 16:24,15.09816406
5/4/2026 16:29,15.18396484
5/4/2026 16:34,15.31266602
5/4/2026 16:39,15.3984668
5/4/2026 16:44,15.22686523
5/4/2026 16:49,15.26976562
5/4/2026 16:54,15.31266602
5/4/2026 16:59,15.18396484
5/4/2026 17:04,15.18396484
5/4/2026 17:09,15.18396484
5/4/2026 17:14,15.18396484
5/4/2026 17:19,15.09816406
5/4/2026 17:24,15.05526367
5/4/2026 17:29,15.01236328
5/4/2026 17:34,15.01236328
5/4/2026 17:39,14.96946289
5/4/2026 17:44,14.96946289
5/4/2026 17:49,14.96946289
5/4/2026 17:54,14.9265625
5/4/2026 17:59,14.9265625
5/4/2026 18:04,14.75496094
5/4/2026 18:09,14.79786133
5/4/2026 18:14,14.71206055
5/4/2026 18:19,14.71206055
5/4/2026 18:24,14.62625977
5/4/2026 18:29,14.58335938
5/4/2026 18:34,14.54045898
5/4/2026 18:39,14.4546582
5/4/2026 18:44,14.32595703
5/4/2026 18:49,14.24015625
5/4/2026 18:54,14.19725586
5/4/2026 18:59,14.06855469
5/4/2026 19:04,13.98275391
5/4/2026 19:09,13.93985352
5/4/2026 19:14,13.81115234
5/4/2026 19:19,13.76825195
5/4/2026 19:24,13.68245117
5/4/2026 19:29,13.68245117
5/4/2026 19:34,13.59665039
5/4/2026 19:39,13.46794922
5/4/2026 19:44,13.46794922
5/4/2026 19:49,13.42504883
5/4/2026 19:54,13.33924805
5/4/2026 19:59,13.33924805
5/4/2026 20:04,13.25344727
5/4/2026 20:09,13.16764648
5/4/2026 20:14,13.03894531
5/4/2026 20:19,12.99604492
5/4/2026 20:24,12.95314453
5/4/2026 20:29,12.86734375
5/4/2026 20:34,12.78154297
5/4/2026 20:39,12.73864258
5/4/2026 20:44,12.69574219
5/4/2026 20:49,12.60994141
5/4/2026 20:54,12.56704102
5/4/2026 20:59,12.48124023
5/4/2026 21:04,12.43833984
5/4/2026 21:09,12.35253906
5/4/2026 21:14,12.30963867
5/4/2026 21:19,12.26673828
5/4/2026 21:24,12.22383789
5/4/2026 21:29,12.13803711
5/4/2026 21:34,12.1809375
5/4/2026 21:39,12.09513672
5/4/2026 21:44,12.00933594
5/4/2026 21:49,11.96643555
5/4/2026 21:54,12.00933594
5/4/2026 21:59,11.92353516
5/4/2026 22:04,11.88063477
5/4/2026 22:09,11.88063477
5/4/2026 22:14,11.83773437
5/4/2026 22:19,11.83773437
5/4/2026 22:24,11.79483398
5/4/2026 22:29,11.7090332
5/4/2026 22:34,11.7090332
5/4/2026 22:39,11.7090332
5/4/2026 22:44,11.66613281
5/4/2026 22:49,11.58033203
5/4/2026 22:54,11.53743164
5/4/2026 22:59,11.49453125
5/4/2026 23:04,11.45163086
5/4/2026 23:09,11.40873047
5/4/2026 23:14,11.40873047
5/4/2026 23:19,11.45163086
5/4/2026 23:24,11.32292969
5/4/2026 23:29,11.36583008
5/4/2026 23:34,11.32292969
5/4/2026 23:39,11.2800293
5/4/2026 23:44,11.23712891
5/4/2026 23:49,11.23712891
5/4/2026 23:54,11.19422852
5/4/2026 23:59,11.19422852
5/5/2026 0:04,11.19422852
5/5/2026 0:09,11.15132813
5/5/2026 0:14,11.10842773
5/5/2026 0:19,11.06552734
5/5/2026 0:24,11.06552734
5/5/2026 0:29,11.06552734
5/5/2026 0:34,11.02262695
5/5/2026 0:39,10.97972656
5/5/2026 0:44,10.97972656
5/5/2026 0:49,10.93682617
5/5/2026 0:54,10.89392578
5/5/2026 0:59,10.85102539
5/5/2026 1:04,10.808125
5/5/2026 1:09,10.85102539
5/5/2026 1:14,10.808125
5/5/2026 1:19,10.76522461
5/5/2026 1:24,10.76522461
5/5/2026 1:29,10.72232422
5/5/2026 1:34,10.67942383
5/5/2026 1:39,10.67942383
5/5/2026 1:44,10.63652344
5/5/2026 1:49,10.63652344
5/5/2026 1:54,10.55072266
5/5/2026 1:59,10.55072266
5/5/2026 2:04,10.46492188
5/5/2026 2:09,10.50782227
5/5/2026 2:14,10.42202148
5/5/2026 2:19,10.42202148
5/5/2026 2:24,10.37912109
5/5/2026 2:29,10.37912109
5/5/2026 2:34,10.37912109
5/5/2026 2:39,10.3362207
5/5/2026 2:44,10.29332031
5/5/2026 2:49,10.29332031
5/5/2026 2:54,10.29332031
5/5/2026 2:59,10.20751953
5/5/2026 3:04,10.16461914
5/5/2026 3:09,10.20751953
5/5/2026 3:14,10.16461914
5/5/2026 3:19,10.12171875
5/5/2026 3:24,10.12171875
5/5/2026 3:29,10.07881836
5/5/2026 3:34,10.07881836
5/5/2026 3:39,10.03591797
5/5/2026 3:44,10.03591797
5/5/2026 3:49,10.03591797
5/5/2026 3:54,10.03591797
5/5/2026 3:59,9.950117187
5/5/2026 4:04,9.950117187
5/5/2026 4:09,9.950117187
5/5/2026 4:14,9.907216797
5/5/2026 4:19,9.864316406
5/5/2026 4:24,9.864316406
5/5/2026 4:29,9.864316406
5/5/2026 4:34,9.778515625
5/5/2026 4:39,9.735615234
5/5/2026 4:44,9.778515625
5/5/2026 4:49,9.778515625
5/5/2026 4:54,9.735615234
5/5/2026 4:59,9.735615234
5/5/2026 5:04,9.692714844
5/5/2026 5:09,9.692714844
5/5/2026 5:14,9.649814453
5/5/2026 5:19,9.692714844
5/5/2026 5:24,9.649814453
5/5/2026 5:29,9.649814453
5/5/2026 5:34,9.649814453
5/5/2026 5:39,9.564013672
5/5/2026 5:44,9.564013672
5/5/2026 5:49,9.521113281
5/5/2026 5:54,9.606914062
5/5/2026 5:59,9.606914062
5/5/2026 6:04,9.521113281
5/5/2026 6:09,9.521113281
5/5/2026 6:14,9.478212891
5/5/2026 6:19,9.478212891
5/5/2026 6:24,9.4353125
5/5/2026 6:29,9.392412109
5/5/2026 6:34,9.4353125
5/5/2026 6:39,9.4353125
5/5/2026 6:44,9.392412109
5/5/2026 6:49,9.392412109
5/5/2026 6:54,9.4353125
5/5/2026 6:59,9.4353125
5/5/2026 7:04,9.4353125
5/5/2026 7:09,9.4353125
5/5/2026 7:14,9.392412109
5/5/2026 7:19,9.392412109
5/5/2026 7:24,9.4353125
5/5/2026 7:29,9.4353125
5/5/2026 7:34,9.4353125
5/5/2026 7:39,9.478212891
5/5/2026 7:44,9.4353125
5/5/2026 7:49,9.4353125
5/5/2026 7:54,9.478212891
5/5/2026 7:59,9.478212891
5/5/2026 8:04,9.478212891
5/5/2026 8:09,9.521113281
5/5/2026 8:14,9.564013672
5/5/2026 8:19,9.521113281
5/5/2026 8:24,9.606914062
5/5/2026 8:29,9.606914062
5/5/2026 8:34,9.692714844
5/5/2026 8:39,9.649814453
5/5/2026 8:44,9.692714844
5/5/2026 8:49,9.778515625
5/5/2026 8:54,9.864316406
5/5/2026 8:59,9.950117187
5/5/2026 9:04,9.950117187
5/5/2026 9:09,9.993017578
5/5/2026 9:14,10.07881836
5/5/2026 9:19,10.16461914
5/5/2026 9:24,10.29332031
5/5/2026 9:29,10.3362207
5/5/2026 9:34,10.37912109
5/5/2026 9:39,10.50782227
5/5/2026 9:44,10.59362305
5/5/2026 9:49,10.67942383
5/5/2026 9:54,10.76522461
5/5/2026 9:59,10.85102539
5/5/2026 10:04,10.93682617
5/5/2026 10:09,11.06552734
5/5/2026 10:14,11.06552734
5/5/2026 10:19,11.10842773
5/5/2026 10:24,11.2800293
5/5/2026 10:29,11.32292969
5/5/2026 10:34,11.40873047
5/5/2026 10:39,11.53743164
5/5/2026 10:44,11.53743164
5/5/2026 10:49,11.58033203
5/5/2026 10:54,11.66613281
5/5/2026 10:59,11.66613281
5/5/2026 11:04,11.79483398
5/5/2026 11:09,11.83773437
5/5/2026 11:14,11.88063477
5/5/2026 11:19,11.88063477
5/5/2026 11:24,11.88063477
5/5/2026 11:29,11.92353516
5/5/2026 11:34,11.92353516
5/5/2026 11:39,11.96643555
5/5/2026 11:44,12.00933594
5/5/2026 11:49,12.13803711
5/5/2026 11:54,12.09513672
5/5/2026 11:59,12.09513672
5/5/2026 12:04,12.05223633
5/5/2026 12:09,12.13803711
5/5/2026 12:14,12.35253906
5/5/2026 12:19,12.48124023
5/5/2026 12:24,12.48124023
5/5/2026 12:29,12.48124023
5/5/2026 12:34,12.52414063
5/5/2026 12:39,12.56704102
5/5/2026 12:44,12.73864258
5/5/2026 12:49,12.73864258
5/5/2026 12:54,12.78154297
5/5/2026 12:59,12.82444336
5/5/2026 13:04,12.91024414
5/5/2026 13:09,12.91024414
5/5/2026 13:14,12.91024414
5/5/2026 13:19,12.91024414
5/5/2026 13:24,12.91024414
5/5/2026 13:29,12.91024414
5/5/2026 13:34,12.86734375
5/5/2026 13:39,12.91024414
5/5/2026 13:44,12.86734375
5/5/2026 13:49,12.86734375
5/5/2026 13:54,12.91024414
5/5/2026 13:59,12.95314453
5/5/2026 14:04,12.99604492
5/5/2026 14:09,13.12474609
5/5/2026 14:14,13.21054687
5/5/2026 14:19,13.16764648
5/5/2026 14:24,13.21054687
5/5/2026 14:29,13.21054687
5/5/2026 14:34,13.25344727
5/5/2026 14:39,13.25344727
5/5/2026 14:44,13.29634766
5/5/2026 14:49,13.29634766
5/5/2026 14:54,13.25344727
5/5/2026 14:59,13.21054687
5/5/2026 15:04,13.16764648
5/5/2026 15:09,13.16764648
5/5/2026 15:14,13.16764648
5/5/2026 15:19,13.03894531
5/5/2026 15:24,13.0818457
5/5/2026 15:29,13.0818457
5/5/2026 15:34,13.12474609
5/5/2026 15:39,13.0818457
5/5/2026 15:44,13.0818457
5/5/2026 15:49,13.12474609
5/5/2026 15:54,13.12474609
5/5/2026 15:59,13.16764648
5/5/2026 16:04,13.21054687
5/5/2026 16:09,13.25344727
5/5/2026 16:14,13.42504883
5/5/2026 16:19,13.46794922
5/5/2026 16:24,13.42504883
5/5/2026 16:29,13.42504883
5/5/2026 16:34,13.42504883
5/5/2026 16:39,13.33924805
5/5/2026 16:44,13.33924805
5/5/2026 16:49,13.29634766
5/5/2026 16:54,13.29634766
5/5/2026 16:59,13.25344727
5/5/2026 17:04,13.25344727
5/5/2026 17:09,13.16764648
5/5/2026 17:14,13.0818457
5/5/2026 17:19,13.16764648
5/5/2026 17:24,13.21054687
5/5/2026 17:29,13.21054687
5/5/2026 17:34,13.16764648
5/5/2026 17:39,13.16764648
5/5/2026 17:44,13.12474609
5/5/2026 17:49,12.99604492
5/5/2026 17:54,13.03894531
5/5/2026 17:59,12.91024414
5/5/2026 18:04,12.95314453
5/5/2026 18:09,12.86734375
5/5/2026 18:14,12.86734375
5/5/2026 18:19,12.78154297
5/5/2026 18:24,12.73864258
5/5/2026 18:29,12.73864258
5/5/2026 18:34,12.6528418
5/5/2026 18:39,12.60994141
5/5/2026 18:44,12.56704102
5/5/2026 18:49,12.52414063
5/5/2026 18:54,12.43833984
5/5/2026 18:59,12.39543945
5/5/2026 19:04,12.30963867
5/5/2026 19:09,12.30963867
5/5/2026 19:14,12.26673828
5/5/2026 19:19,12.1809375
5/5/2026 19:24,12.13803711
5/5/2026 19:29,12.05223633
5/5/2026 19:34,11.96643555
5/5/2026 19:39,11.92353516
5/5/2026 19:44,11.92353516
5/5/2026 19:49,11.88063477
5/5/2026 19:54,11.79483398
5/5/2026 19:59,11.75193359
5/5/2026 20:04,11.7090332
5/5/2026 20:09,11.7090332
5/5/2026 20:14,11.62323242
5/5/2026 20:19,11.58033203
5/5/2026 20:24,11.53743164
5/5/2026 20:29,11.49453125
5/5/2026 20:34,11.40873047
5/5/2026 20:39,11.45163086
5/5/2026 20:44,11.32292969
5/5/2026 20:49,11.2800293
5/5/2026 20:54,11.2800293
5/5/2026 20:59,11.15132813
5/5/2026 21:04,11.10842773
5/5/2026 21:09,11.06552734
5/5/2026 21:14,11.02262695
5/5/2026 21:19,10.97972656
5/5/2026 21:24,10.97972656
5/5/2026 21:29,10.89392578
5/5/2026 21:34,10.808125
5/5/2026 21:39,10.76522461
5/5/2026 21:44,10.67942383
5/5/2026 21:49,10.63652344
5/5/2026 21:54,10.59362305
5/5/2026 21:59,10.55072266
5/5/2026 22:04,10.46492188
5/5/2026 22:09,10.46492188
5/5/2026 22:14,10.42202148
5/5/2026 22:19,10.37912109
5/5/2026 22:24,10.3362207
5/5/2026 22:29,10.25041992
5/5/2026 22:34,10.20751953
5/5/2026 22:39,10.20751953
5/5/2026 22:44,10.16461914
5/5/2026 22:49,10.12171875
5/5/2026 22:54,10.12171875
5/5/2026 22:59,10.03591797
5/5/2026 23:04,9.993017578
5/5/2026 23:09,9.993017578
5/5/2026 23:14,9.907216797
5/5/2026 23:19,9.864316406
5/5/2026 23:24,9.821416016
5/5/2026 23:29,9.778515625
5/5/2026 23:34,9.778515625
5/5/2026 23:39,9.735615234
5/5/2026 23:44,9.692714844
5/5/2026 23:49,9.649814453
5/5/2026 23:54,9.649814453
5/5/2026 23:59,9.606914062
5/6/2026 0:04,9.521113281
5/6/2026 0:09,9.521113281
5/6/2026 0:14,9.4353125
5/6/2026 0:19,9.392412109
5/6/2026 0:24,9.4353125
5/6/2026 0:29,9.349511719
5/6/2026 0:34,9.349511719
5/6/2026 0:39,9.349511719
5/6/2026 0:44,9.263710938
5/6/2026 0:49,9.220810547
5/6/2026 0:54,9.220810547
5/6/2026 0:59,9.177910156
5/6/2026 1:04,9.092109375
5/6/2026 1:09,9.049208984
5/6/2026 1:14,9.049208984
5/6/2026 1:19,9.006308594
5/6/2026 1:24,8.920507812
5/6/2026 1:29,8.920507812
5/6/2026 1:34,8.877607422
5/6/2026 1:39,8.834707031
5/6/2026 1:44,8.791806641
5/6/2026 1:49,8.834707031
5/6/2026 1:54,8.791806641
5/6/2026 1:59,8.74890625
5/6/2026 2:04,8.706005859
5/6/2026 2:09,8.706005859
5/6/2026 2:14,8.663105469
5/6/2026 2:19,8.620205078
5/6/2026 2:24,8.577304687
5/6/2026 2:29,8.491503906
5/6/2026 2:34,8.491503906
5/6/2026 2:39,8.405703125
5/6/2026 2:44,8.405703125
5/6/2026 2:49,8.362802734
5/6/2026 2:54,8.362802734
5/6/2026 2:59,8.319902344
5/6/2026 3:04,8.319902344
5/6/2026 3:09,8.234101563
5/6/2026 3:14,8.234101563
5/6/2026 3:19,8.148300781
5/6/2026 3:24,8.105400391
5/6/2026 3:29,8.105400391
5/6/2026 3:34,8.148300781
5/6/2026 3:39,8.0625
5/6/2026 3:44,8.0625
5/6/2026 3:49,7.976699219
5/6/2026 3:54,8.019599609
5/6/2026 3:59,7.976699219
5/6/2026 4:04,7.890898437
5/6/2026 4:09,7.933798828
5/6/2026 4:14,7.847998047
5/6/2026 4:19,7.805097656
5/6/2026 4:24,7.805097656
5/6/2026 4:29,7.762197266
5/6/2026 4:34,7.762197266
5/6/2026 4:39,7.676396484
5/6/2026 4:44,7.762197266
5/6/2026 4:49,7.676396484
5/6/2026 4:54,7.633496094
5/6/2026 4:59,7.633496094
5/6/2026 5:04,7.590595703
5/6/2026 5:09,7.590595703
5/6/2026 5:14,7.504794922
5/6/2026 5:19,7.504794922
5/6/2026 5:24,7.504794922
5/6/2026 5:29,7.547695312
5/6/2026 5:34,7.504794922
5/6/2026 5:39,7.504794922
5/6/2026 5:44,7.461894531
5/6/2026 5:49,7.418994141
5/6/2026 5:54,7.418994141
5/6/2026 5:59,7.37609375
5/6/2026 6:04,7.418994141
5/6/2026 6:09,7.418994141
5/6/2026 6:14,7.418994141
5/6/2026 6:19,7.333193359
5/6/2026 6:24,7.333193359
5/6/2026 6:29,7.333193359
5/6/2026 6:34,7.290292969
5/6/2026 6:39,7.290292969
5/6/2026 6:44,7.204492188
5/6/2026 6:49,7.247392578
5/6/2026 6:54,7.247392578
5/6/2026 6:59,7.247392578
5/6/2026 7:04,7.333193359
5/6/2026 7:09,7.290292969
5/6/2026 7:14,7.37609375
5/6/2026 7:19,7.37609375
5/6/2026 7:24,7.418994141
5/6/2026 7:29,7.418994141
5/6/2026 7:34,7.461894531
5/6/2026 7:39,7.461894531
5/6/2026 7:44,7.504794922
5/6/2026 7:49,7.547695312
5/6/2026 7:54,7.633496094
5/6/2026 7:59,7.676396484
5/6/2026 8:04,7.676396484
5/6/2026 8:09,7.676396484
5/6/2026 8:14,7.719296875
5/6/2026 8:19,7.762197266
5/6/2026 8:24,7.762197266
5/6/2026 8:29,7.762197266
5/6/2026 8:34,7.805097656
5/6/2026 8:39,7.847998047
5/6/2026 8:44,7.805097656
5/6/2026 8:49,7.890898437
5/6/2026 8:54,7.890898437
5/6/2026 8:59,7.890898437
5/6/2026 9:04,7.890898437
5/6/2026 9:09,7.890898437
5/6/2026 9:14,7.847998047
5/6/2026 9:19,7.890898437
5/6/2026 9:24,7.890898437
5/6/2026 9:29,7.890898437
5/6/2026 9:34,7.847998047
5/6/2026 9:39,7.933798828
5/6/2026 9:44,7.890898437
5/6/2026 9:49,7.976699219
5/6/2026 9:54,7.890898437
5/6/2026 9:59,7.933798828
5/6/2026 10:04,7.976699219
5/6/2026 10:09,7.976699219
5/6/2026 10:14,8.019599609
5/6/2026 10:19,8.019599609
5/6/2026 10:24,8.0625
5/6/2026 10:29,8.0625
5/6/2026 10:34,8.105400391
5/6/2026 10:39,8.105400391
5/6/2026 10:44,8.105400391
5/6/2026 10:49,8.148300781
5/6/2026 10:54,8.234101563
5/6/2026 10:59,8.277001953
5/6/2026 11:04,8.277001953
5/6/2026 11:09,8.319902344
5/6/2026 11:14,8.405703125
5/6/2026 11:19,8.491503906
5/6/2026 11:24,8.491503906
5/6/2026 11:29,8.491503906
5/6/2026 11:34,8.534404297
5/6/2026 11:39,8.577304687
5/6/2026 11:44,8.577304687
5/6/2026 11:49,8.663105469
5/6/2026 11:54,8.663105469
5/6/2026 11:59,8.706005859
5/6/2026 12:04,8.706005859
5/6/2026 12:09,8.706005859
5/6/2026 12:14,8.74890625
5/6/2026 12:19,8.791806641
5/6/2026 12:24,8.791806641
5/6/2026 12:29,8.834707031
5/6/2026 12:34,8.834707031
5/6/2026 12:39,8.834707031
5/6/2026 12:44,8.834707031
5/6/2026 12:49,8.877607422
5/6/2026 12:54,8.920507812
5/6/2026 12:59,8.920507812
5/6/2026 13:04,9.006308594
5/6/2026 13:09,9.049208984
5/6/2026 13:14,9.135009766
5/6/2026 13:19,9.220810547
5/6/2026 13:24,9.306611328
5/6/2026 13:29,9.306611328
5/6/2026 13:34,9.392412109
5/6/2026 13:39,9.4353125
5/6/2026 13:44,9.4353125
5/6/2026 13:49,9.4353125
5/6/2026 13:54,9.521113281
5/6/2026 13:59,9.564013672
5/6/2026 14:04,9.564013672
5/6/2026 14:09,9.564013672
5/6/2026 14:14,9.606914062
5/6/2026 14:19,9.606914062
5/6/2026 14:24,9.606914062
5/6/2026 14:29,9.649814453
5/6/2026 14:34,9.649814453
5/6/2026 14:39,9.692714844
5/6/2026 14:44,9.692714844
5/6/2026 14:49,9.735615234
5/6/2026 14:54,9.778515625
5/6/2026 14:59,9.778515625
5/6/2026 15:04,9.821416016
5/6/2026 15:09,9.821416016
5/6/2026 15:14,9.864316406
5/6/2026 15:19,9.907216797
5/6/2026 15:24,9.950117187
5/6/2026 15:29,10.03591797
5/6/2026 15:34,9.993017578
5/6/2026 15:39,10.03591797
5/6/2026 15:44,10.07881836
5/6/2026 15:49,10.12171875
5/6/2026 15:54,10.12171875
5/6/2026 15:59,10.07881836
5/6/2026 16:04,10.16461914
5/6/2026 16:09,10.20751953
5/6/2026 16:14,10.3362207
5/6/2026 16:19,10.3362207
5/6/2026 16:24,10.42202148
5/6/2026 16:29,10.42202148
5/6/2026 16:34,10.42202148
5/6/2026 16:39,10.55072266
5/6/2026 16:44,10.59362305
5/6/2026 16:49,10.55072266
5/6/2026 16:54,10.59362305
5/6/2026 16:59,10.59362305
5/6/2026 17:04,10.72232422
5/6/2026 17:09,10.808125
5/6/2026 17:14,10.808125
5/6/2026 17:19,10.76522461
5/6/2026 17:24,10.72232422
5/6/2026 17:29,10.85102539
5/6/2026 17:34,10.85102539
5/6/2026 17:39,10.85102539
5/6/2026 17:44,10.93682617
5/6/2026 17:49,10.89392578
5/6/2026 17:54,10.89392578
5/6/2026 17:59,10.808125
5/6/2026 18:04,10.85102539
5/6/2026 18:09,10.76522461
5/6/2026 18:14,10.72232422
5/6/2026 18:19,10.67942383
5/6/2026 18:24,10.63652344
5/6/2026 18:29,10.59362305
5/6/2026 18:34,10.42202148
5/6/2026 18:39,10.42202148
5/6/2026 18:44,10.37912109
5/6/2026 18:49,10.37912109
5/6/2026 18:54,10.25041992
5/6/2026 18:59,10.20751953
5/6/2026 19:04,10.12171875
5/6/2026 19:09,10.07881836
5/6/2026 19:14,10.07881836
5/6/2026 19:19,10.07881836
5/6/2026 19:24,9.993017578
5/6/2026 19:29,9.950117187
5/6/2026 19:34,10.03591797
5/6/2026 19:39,9.950117187
5/6/2026 19:44,9.821416016
5/6/2026 19:49,9.778515625
5/6/2026 19:54,9.778515625
5/6/2026 19:59,9.692714844
5/6/2026 20:04,9.692714844
5/6/2026 20:09,9.649814453
5/6/2026 20:14,9.606914062
5/6/2026 20:19,9.564013672
5/6/2026 20:24,9.478212891
5/6/2026 20:29,9.392412109
5/6/2026 20:34,9.349511719
5/6/2026 20:39,9.349511719
5/6/2026 20:44,9.263710938
5/6/2026 20:49,9.177910156
5/6/2026 20:54,9.177910156
5/6/2026 20:59,9.177910156
5/6/2026 21:04,9.220810547
5/6/2026 21:09,9.135009766
5/6/2026 21:14,9.177910156
5/6/2026 21:19,9.135009766
5/6/2026 21:24,9.049208984
5/6/2026 21:29,8.963408203
5/6/2026 21:34,9.006308594
5/6/2026 21:39,8.920507812
5/6/2026 21:44,8.963408203
5/6/2026 21:49,8.920507812
5/6/2026 21:54,8.877607422
5/6/2026 21:59,8.877607422
5/6/2026 22:04,8.74890625
5/6/2026 22:09,8.834707031
5/6/2026 22:14,8.74890625
5/6/2026 22:19,8.74890625
5/6/2026 22:24,8.706005859
5/6/2026 22:29,8.620205078
5/6/2026 22:34,8.577304687
5/6/2026 22:39,8.577304687
5/6/2026 22:44,8.491503906
5/6/2026 22:49,8.491503906
5/6/2026 22:54,8.491503906
5/6/2026 22:59,8.448603516
5/6/2026 23:04,8.405703125
5/6/2026 23:09,8.405703125
5/6/2026 23:14,8.405703125
5/6/2026 23:19,8.448603516
5/6/2026 23:24,8.405703125
5/6/2026 23:29,8.405703125
5/6/2026 23:34,8.405703125
5/6/2026 23:39,8.362802734
5/6/2026 23:44,8.362802734
5/6/2026 23:49,8.362802734
5/6/2026 23:54,8.362802734
5/6/2026 23:59,8.362802734
5/7/2026 0:04,8.277001953
5/7/2026 0:09,8.277001953
5/7/2026 0:14,8.277001953
5/7/2026 0:19,8.277001953
5/7/2026 0:24,8.234101563
5/7/2026 0:29,8.234101563
5/7/2026 0:34,8.191201172
5/7/2026 0:39,8.234101563
5/7/2026 0:44,8.234101563
5/7/2026 0:49,8.191201172
5/7/2026 0:54,8.148300781
5/7/2026 0:59,8.148300781
5/7/2026 1:04,8.105400391
5/7/2026 1:09,8.105400391
5/7/2026 1:14,8.105400391
5/7/2026 1:19,8.0625
5/7/2026 1:24,7.976699219
5/7/2026 1:29,7.976699219
5/7/2026 1:34,7.976699219
5/7/2026 1:39,7.890898437
5/7/2026 1:44,7.890898437
5/7/2026 1:49,7.805097656
5/7/2026 1:54,7.805097656
5/7/2026 1:59,7.762197266
5/7/2026 2:04,7.719296875
5/7/2026 2:09,7.676396484
5/7/2026 2:14,7.676396484
5/7/2026 2:19,7.633496094
5/7/2026 2:24,7.633496094
5/7/2026 2:29,7.590595703
5/7/2026 2:34,7.590595703
5/7/2026 2:39,7.547695312
5/7/2026 2:44,7.547695312
5/7/2026 2:49,7.504794922
5/7/2026 2:54,7.418994141
5/7/2026 2:59,7.461894531
5/7/2026 3:04,7.418994141
5/7/2026 3:09,7.37609375
5/7/2026 3:14,7.37609375
5/7/2026 3:19,7.333193359
5/7/2026 3:24,7.333193359
5/7/2026 3:29,7.290292969
5/7/2026 3:34,7.333193359
5/7/2026 3:39,7.247392578
5/7/2026 3:44,7.247392578
5/7/2026 3:49,7.204492188
5/7/2026 3:54,7.161591797
5/7/2026 3:59,7.204492188
5/7/2026 4:04,7.118691406
5/7/2026 4:09,7.161591797
5/7/2026 4:14,7.075791016
5/7/2026 4:19,7.075791016
5/7/2026 4:24,7.075791016
5/7/2026 4:29,7.032890625
5/7/2026 4:34,6.989990234
5/7/2026 4:39,6.989990234
5/7/2026 4:44,6.989990234
5/7/2026 4:49,6.989990234
5/7/2026 4:54,6.989990234
5/7/2026 4:59,6.947089844
5/7/2026 5:04,6.947089844
5/7/2026 5:09,6.904189453
5/7/2026 5:14,6.947089844
5/7/2026 5:19,6.861289062
5/7/2026 5:24,6.861289062
5/7/2026 5:29,6.861289062
5/7/2026 5:34,6.818388672
5/7/2026 5:39,6.818388672
5/7/2026 5:44,6.861289062
5/7/2026 5:49,6.861289062
5/7/2026 5:54,6.818388672
5/7/2026 5:59,6.775488281
5/7/2026 6:04,6.775488281
5/7/2026 6:09,6.775488281
5/7/2026 6:14,6.732587891
5/7/2026 6:19,6.732587891
5/7/2026 6:24,6.6896875
5/7/2026 6:29,6.6896875
5/7/2026 6:34,6.6896875
5/7/2026 6:39,6.732587891
5/7/2026 6:44,6.6896875
5/7/2026 6:49,6.646787109
5/7/2026 6:54,6.603886719
5/7/2026 6:59,6.646787109
5/7/2026 7:04,6.6896875
5/7/2026 7:09,6.6896875
5/7/2026 7:14,6.6896875
5/7/2026 7:19,6.732587891
5/7/2026 7:24,6.6896875
5/7/2026 7:29,6.6896875
5/7/2026 7:34,6.775488281
5/7/2026 7:39,6.732587891
5/7/2026 7:44,6.775488281
5/7/2026 7:49,6.818388672
5/7/2026 7:54,6.861289062
5/7/2026 7:59,6.861289062
5/7/2026 8:04,6.904189453
5/7/2026 8:09,6.947089844
5/7/2026 8:14,6.989990234
5/7/2026 8:19,7.075791016
5/7/2026 8:24,7.075791016
5/7/2026 8:29,7.075791016
5/7/2026 8:34,7.161591797
5/7/2026 8:39,7.161591797
5/7/2026 8:44,7.290292969
5/7/2026 8:49,7.333193359
5/7/2026 8:54,7.461894531
5/7/2026 8:59,7.547695312
5/7/2026 9:04,7.633496094
5/7/2026 9:09,7.676396484
5/7/2026 9:14,7.805097656
5/7/2026 9:19,7.890898437
5/7/2026 9:24,8.019599609
5/7/2026 9:29,8.148300781
5/7/2026 9:34,8.277001953
5/7/2026 9:39,8.362802734
5/7/2026 9:44,8.448603516
5/7/2026 9:49,8.620205078
5/7/2026 9:54,8.74890625
5/7/2026 9:59,8.877607422
5/7/2026 10:04,9.049208984
5/7/2026 10:09,9.177910156
5/7/2026 10:14,9.263710938
5/7/2026 10:19,9.392412109
5/7/2026 10:24,9.521113281
5/7/2026 10:29,9.692714844
5/7/2026 10:34,9.821416016
5/7/2026 10:39,9.950117187
5/7/2026 10:44,10.12171875
5/7/2026 10:49,10.25041992
5/7/2026 10:54,10.37912109
5/7/2026 10:59,10.55072266
5/7/2026 11:04,10.63652344
5/7/2026 11:09,10.76522461
5/7/2026 11:14,10.93682617
5/7/2026 11:19,11.02262695
5/7/2026 11:24,11.15132813
5/7/2026 11:29,11.2800293
5/7/2026 11:34,11.40873047
5/7/2026 11:39,11.58033203
5/7/2026 11:44,11.66613281
5/7/2026 11:49,11.75193359
5/7/2026 11:54,11.83773437
5/7/2026 11:59,11.92353516
5/7/2026 12:04,12.05223633
5/7/2026 12:09,12.13803711
5/7/2026 12:14,12.22383789
5/7/2026 12:19,12.35253906
5/7/2026 12:24,12.35253906
5/7/2026 12:29,12.43833984
5/7/2026 12:34,12.56704102
5/7/2026 12:39,12.56704102
5/7/2026 12:44,12.60994141
5/7/2026 12:49,12.69574219
5/7/2026 12:54,12.78154297
5/7/2026 12:59,12.95314453
5/7/2026 13:04,12.99604492
5/7/2026 13:09,13.0818457
5/7/2026 13:14,13.12474609
5/7/2026 13:19,13.25344727
5/7/2026 13:24,13.38214844
5/7/2026 13:29,13.42504883
5/7/2026 13:34,13.46794922
5/7/2026 13:39,13.55375
5/7/2026 13:44,13.59665039
5/7/2026 13:49,13.63955078
5/7/2026 13:54,13.68245117
5/7/2026 13:59,13.76825195
5/7/2026 14:04,13.81115234
5/7/2026 14:09,13.85405273
5/7/2026 14:14,13.93985352
5/7/2026 14:19,13.93985352
5/7/2026 14:24,14.0256543
5/7/2026 14:29,14.06855469
5/7/2026 14:34,14.06855469
5/7/2026 14:39,14.15435547
5/7/2026 14:44,14.15435547
5/7/2026 14:49,14.24015625
5/7/2026 14:54,14.24015625
5/7/2026 14:59,14.32595703
5/7/2026 15:04,14.36885742
5/7/2026 15:09,14.41175781
5/7/2026 15:14,14.49755859
5/7/2026 15:19,14.4546582
5/7/2026 15:24,14.58335938
5/7/2026 15:29,14.62625977
5/7/2026 15:34,14.66916016
5/7/2026 15:39,14.71206055
5/7/2026 15:44,14.71206055
5/7/2026 15:49,14.71206055
5/7/2026 15:54,14.75496094
5/7/2026 15:59,14.84076172
5/7/2026 16:04,14.9265625
5/7/2026 16:09,14.88366211
5/7/2026 16:14,14.9265625
5/7/2026 16:19,14.96946289
5/7/2026 16:24,15.01236328
5/7/2026 16:29,15.01236328
5/7/2026 16:34,15.05526367
5/7/2026 16:39,15.05526367
5/7/2026 16:44,15.09816406
5/7/2026 16:49,15.09816406
5/7/2026 16:54,15.14106445
5/7/2026 16:59,15.14106445
5/7/2026 17:04,15.18396484
5/7/2026 17:09,15.14106445
5/7/2026 17:14,15.18396484
5/7/2026 17:19,15.22686523
5/7/2026 17:24,15.22686523
5/7/2026 17:29,15.26976562
5/7/2026 17:34,15.22686523
5/7/2026 17:39,15.18396484
5/7/2026 17:44,15.26976562
5/7/2026 17:49,15.18396484
5/7/2026 17:54,15.22686523
5/7/2026 17:59,15.18396484
5/7/2026 18:04,15.18396484
5/7/2026 18:09,15.09816406
5/7/2026 18:14,15.09816406
5/7/2026 18:19,15.05526367
5/7/2026 18:24,15.01236328
5/7/2026 18:29,14.96946289
5/7/2026 18:34,14.9265625
5/7/2026 18:39,14.84076172
5/7/2026 18:44,14.79786133
5/7/2026 18:49,14.66916016
5/7/2026 18:54,14.62625977
5/7/2026 18:59,14.58335938
5/7/2026 19:04,14.41175781
5/7/2026 19:09,14.41175781
5/7/2026 19:14,14.28305664
5/7/2026 19:19,14.15435547
5/7/2026 19:24,14.06855469
5/7/2026 19:29,13.98275391
5/7/2026 19:34,13.89695312
5/7/2026 19:39,13.76825195
5/7/2026 19:44,13.68245117
5/7/2026 19:49,13.59665039
5/7/2026 19:54,13.46794922
5/7/2026 19:59,13.38214844
5/7/2026 20:04,13.25344727
5/7/2026 20:09,13.21054687
5/7/2026 20:14,13.0818457
5/7/2026 20:19,12.95314453
5/7/2026 20:24,12.86734375
5/7/2026 20:29,12.78154297
5/7/2026 20:34,12.60994141
5/7/2026 20:39,12.56704102
5/7/2026 20:44,12.48124023
5/7/2026 20:49,12.39543945
5/7/2026 20:54,12.30963867
5/7/2026 20:59,12.26673828
5/7/2026 21:04,12.13803711
5/7/2026 21:09,12.09513672
5/7/2026 21:14,12.00933594
5/7/2026 21:19,11.92353516
5/7/2026 21:24,11.88063477
5/7/2026 21:29,11.79483398
5/7/2026 21:34,11.7090332
5/7/2026 21:39,11.66613281
5/7/2026 21:44,11.58033203
5/7/2026 21:49,11.53743164
5/7/2026 21:54,11.40873047
5/7/2026 21:59,11.40873047
5/7/2026 22:04,11.36583008
5/7/2026 22:09,11.32292969
5/7/2026 22:14,11.19422852
5/7/2026 22:19,11.15132813
5/7/2026 22:24,11.06552734
5/7/2026 22:29,11.02262695
5/7/2026 22:34,10.93682617
5/7/2026 22:39,10.89392578
5/7/2026 22:44,10.808125
5/7/2026 22:49,10.76522461
5/7/2026 22:54,10.67942383
5/7/2026 22:59,10.63652344
5/7/2026 23:04,10.59362305
5/7/2026 23:09,10.55072266
5/7/2026 23:14,10.46492188
5/7/2026 23:19,10.42202148
5/7/2026 23:24,10.3362207
5/7/2026 23:29,10.29332031
5/7/2026 23:34,10.29332031
5/7/2026 23:39,10.20751953
5/7/2026 23:44,10.12171875
5/7/2026 23:49,10.07881836
5/7/2026 23:54,10.03591797
5/7/2026 23:59,9.993017578
5/8/2026 0:04,9.950117187
5/8/2026 0:09,9.864316406
5/8/2026 0:14,9.821416016
5/8/2026 0:19,9.821416016
5/8/2026 0:24,9.735615234
5/8/2026 0:29,9.692714844
5/8/2026 0:34,9.649814453
5/8/2026 0:39,9.606914062
5/8/2026 0:44,9.606914062
5/8/2026 0:49,9.521113281
5/8/2026 0:54,9.478212891
5/8/2026 0:59,9.478212891
5/8/2026 1:04,9.349511719
5/8/2026 1:09,9.349511719
5/8/2026 1:14,9.349511719
5/8/2026 1:19,9.263710938
5/8/2026 1:24,9.263710938
5/8/2026 1:29,9.220810547
5/8/2026 1:34,9.220810547
5/8/2026 1:39,9.177910156
5/8/2026 1:44,9.177910156
5/8/2026 1:49,9.135009766
5/8/2026 1:54,9.049208984
5/8/2026 1:59,9.092109375
5/8/2026 2:04,9.049208984
5/8/2026 2:09,9.006308594
5/8/2026 2:14,9.006308594
5/8/2026 2:19,8.963408203
5/8/2026 2:24,8.963408203
5/8/2026 2:29,8.963408203
5/8/2026 2:34,8.877607422
5/8/2026 2:39,8.877607422
5/8/2026 2:44,8.834707031
5/8/2026 2:49,8.877607422
5/8/2026 2:54,8.834707031
5/8/2026 2:59,8.834707031
5/8/2026 3:04,8.74890625
5/8/2026 3:09,8.791806641
5/8/2026 3:14,8.791806641
5/8/2026 3:19,8.74890625
5/8/2026 3:24,8.791806641
5/8/2026 3:29,8.663105469
5/8/2026 3:34,8.706005859
5/8/2026 3:39,8.663105469
5/8/2026 3:44,8.663105469
5/8/2026 3:49,8.663105469
5/8/2026 3:54,8.577304687
5/8/2026 3:59,8.620205078
5/8/2026 4:04,8.534404297
5/8/2026 4:09,8.534404297
5/8/2026 4:14,8.534404297
5/8/2026 4:19,8.491503906
5/8/2026 4:24,8.491503906
5/8/2026 4:29,8.448603516
5/8/2026 4:34,8.448603516
5/8/2026 4:39,8.448603516
5/8/2026 4:44,8.362802734
5/8/2026 4:49,8.448603516
5/8/2026 4:54,8.405703125
5/8/2026 4:59,8.319902344
5/8/2026 5:04,8.319902344
5/8/2026 5:09,8.277001953
5/8/2026 5:14,8.234101563
5/8/2026 5:19,8.234101563
5/8/2026 5:24,8.234101563
5/8/2026 5:29,8.191201172
5/8/2026 5:34,8.148300781
5/8/2026 5:39,8.191201172
5/8/2026 5:44,8.105400391
5/8/2026 5:49,8.148300781
5/8/2026 5:54,8.0625
5/8/2026 5:59,8.105400391
5/8/2026 6:04,8.105400391
5/8/2026 6:09,8.0625
5/8/2026 6:14,8.0625
5/8/2026 6:19,8.0625
5/8/2026 6:24,8.0625
5/8/2026 6:29,8.019599609
5/8/2026 6:34,8.105400391
5/8/2026 6:39,8.019599609
5/8/2026 6:44,8.0625
5/8/2026 6:49,8.0625
5/8/2026 6:54,8.0625
5/8/2026 6:59,8.0625
5/8/2026 7:04,8.0625
5/8/2026 7:09,8.0625
5/8/2026 7:14,8.105400391
5/8/2026 7:19,8.105400391
5/8/2026 7:24,8.0625
5/8/2026 7:29,8.0625
5/8/2026 7:34,8.105400391
5/8/2026 7:39,8.105400391
5/8/2026 7:44,8.105400391
5/8/2026 7:49,8.191201172
5/8/2026 7:54,8.234101563
5/8/2026 7:59,8.234101563
5/8/2026 8:04,8.319902344
5/8/2026 8:09,8.362802734
5/8/2026 8:14,8.362802734
5/8/2026 8:19,8.448603516
5/8/2026 8:24,8.448603516
5/8/2026 8:29,8.405703125
5/8/2026 8:34,8.491503906
5/8/2026 8:39,8.577304687
5/8/2026 8:44,8.663105469
5/8/2026 8:49,8.706005859
5/8/2026 8:54,8.834707031
5/8/2026 8:59,8.920507812
5/8/2026 9:04,8.963408203
5/8/2026 9:09,9.049208984
5/8/2026 9:14,9.135009766
5/8/2026 9:19,9.220810547
5/8/2026 9:24,9.306611328
5/8/2026 9:29,9.349511719
5/8/2026 9:34,9.349511719
5/8/2026 9:39,9.478212891
5/8/2026 9:44,9.564013672
5/8/2026 9:49,9.606914062
5/8/2026 9:54,9.649814453
5/8/2026 9:59,9.821416016
5/8/2026 10:04,9.950117187
5/8/2026 10:09,10.03591797
5/8/2026 10:14,10.16461914
5/8/2026 10:19,10.20751953
5/8/2026 10:24,10.3362207
5/8/2026 10:29,10.3362207
5/8/2026 10:34,10.46492188
5/8/2026 10:39,10.63652344
5/8/2026 10:44,10.808125
5/8/2026 10:49,10.93682617
5/8/2026 10:54,11.06552734
5/8/2026 10:59,11.15132813
5/8/2026 11:04,11.2800293
5/8/2026 11:09,11.40873047
5/8/2026 11:14,11.53743164
5/8/2026 11:19,11.62323242
5/8/2026 11:24,11.62323242
5/8/2026 11:29,11.7090332
5/8/2026 11:34,11.79483398
5/8/2026 11:39,11.96643555
5/8/2026 11:44,12.13803711
5/8/2026 11:49,12.35253906
5/8/2026 11:54,12.35253906
5/8/2026 11:59,12.43833984
5/8/2026 12:04,12.48124023
5/8/2026 12:09,12.69574219
5/8/2026 12:14,12.82444336
5/8/2026 12:19,12.95314453
5/8/2026 12:24,13.0818457
5/8/2026 12:29,13.21054687
5/8/2026 12:34,13.25344727
5/8/2026 12:39,13.42504883
5/8/2026 12:44,13.55375
5/8/2026 12:49,13.63955078
5/8/2026 12:54,13.72535156
5/8/2026 12:59,13.85405273
5/8/2026 13:04,13.98275391
5/8/2026 13:09,14.0256543
5/8/2026 13:14,14.15435547
5/8/2026 13:19,14.28305664
5/8/2026 13:24,14.41175781
5/8/2026 13:29,14.4546582
5/8/2026 13:34,14.62625977
5/8/2026 13:39,14.62625977
5/8/2026 13:44,14.75496094
5/8/2026 13:49,14.84076172
5/8/2026 13:54,14.96946289
5/8/2026 13:59,15.05526367
5/8/2026 14:04,15.05526367
5/8/2026 14:09,15.09816406
5/8/2026 14:14,15.18396484
5/8/2026 14:19,15.14106445
5/8/2026 14:24,15.14106445
5/8/2026 14:29,15.14106445
5/8/2026 14:34,15.05526367
5/8/2026 14:39,15.09816406
5/8/2026 14:44,15.14106445
5/8/2026 14:49,15.09816406
5/8/2026 14:54,15.05526367
5/8/2026 14:59,15.05526367
5/8/2026 15:04,15.09816406
5/8/2026 15:09,15.09816406
5/8/2026 15:14,15.09816406
5/8/2026 15:19,15.05526367
5/8/2026 15:24,15.01236328
5/8/2026 15:29,14.96946289
5/8/2026 15:34,14.96946289
5/8/2026 15:39,14.96946289
5/8/2026 15:44,15.01236328
5/8/2026 15:49,15.09816406
5/8/2026 15:54,15.18396484
5/8/2026 15:59,15.22686523
5/8/2026 16:04,15.22686523
5/8/2026 16:09,15.22686523
5/8/2026 16:14,15.26976562
5/8/2026 16:19,15.22686523
5/8/2026 16:24,15.26976562
5/8/2026 16:29,15.26976562
5/8/2026 16:34,15.26976562
5/8/2026 16:39,15.22686523
5/8/2026 16:44,15.22686523
5/8/2026 16:49,15.14106445
5/8/2026 16:54,15.05526367
5/8/2026 16:59,15.01236328
5/8/2026 17:04,15.01236328
5/8/2026 17:09,14.96946289
5/8/2026 17:14,14.9265625
5/8/2026 17:19,14.88366211
5/8/2026 17:24,15.01236328
5/8/2026 17:29,14.9265625
5/8/2026 17:34,14.9265625
5/8/2026 17:39,14.96946289
5/8/2026 17:44,14.96946289
5/8/2026 17:49,14.96946289
5/8/2026 17:54,14.96946289
5/8/2026 17:59,14.9265625
5/8/2026 18:04,14.88366211
5/8/2026 18:09,14.9265625
5/8/2026 18:14,14.88366211
5/8/2026 18:19,14.96946289
5/8/2026 18:24,14.9265625
5/8/2026 18:29,14.96946289
5/8/2026 18:34,14.9265625
5/8/2026 18:39,14.88366211
5/8/2026 18:44,14.79786133
5/8/2026 18:49,14.79786133
5/8/2026 18:54,14.75496094
5/8/2026 18:59,14.71206055
5/8/2026 19:04,14.62625977
5/8/2026 19:09,14.54045898
5/8/2026 19:14,14.4546582
5/8/2026 19:19,14.36885742
5/8/2026 19:24,14.28305664
5/8/2026 19:29,14.24015625
5/8/2026 19:34,14.15435547
5/8/2026 19:39,14.11145508
5/8/2026 19:44,13.98275391
5/8/2026 19:49,13.93985352
5/8/2026 19:54,13.81115234
5/8/2026 19:59,13.76825195
5/8/2026 20:04,13.72535156
5/8/2026 20:09,13.63955078
5/8/2026 20:14,13.55375
5/8/2026 20:19,13.55375
5/8/2026 20:24,13.42504883
5/8/2026 20:29,13.38214844
5/8/2026 20:34,13.29634766
5/8/2026 20:39,13.21054687
5/8/2026 20:44,13.16764648
5/8/2026 20:49,13.12474609
5/8/2026 20:54,12.99604492
5/8/2026 20:59,12.99604492
5/8/2026 21:04,12.95314453
5/8/2026 21:09,12.86734375
5/8/2026 21:14,12.78154297
5/8/2026 21:19,12.78154297
5/8/2026 21:24,12.69574219
5/8/2026 21:29,12.6528418
5/8/2026 21:34,12.60994141
5/8/2026 21:39,12.56704102
5/8/2026 21:44,12.56704102
5/8/2026 21:49,12.48124023
5/8/2026 21:54,12.48124023
5/8/2026 21:59,12.43833984
5/8/2026 22:04,12.39543945
5/8/2026 22:09,12.35253906
5/8/2026 22:14,12.26673828
5/8/2026 22:19,12.26673828
5/8/2026 22:24,12.22383789
5/8/2026 22:29,12.13803711
5/8/2026 22:34,12.1809375
5/8/2026 22:39,12.13803711
5/8/2026 22:44,12.09513672
5/8/2026 22:49,12.05223633
5/8/2026 22:54,12.00933594
5/8/2026 22:59,11.96643555
5/8/2026 23:04,11.92353516
5/8/2026 23:09,11.92353516
5/8/2026 23:14,11.83773437
5/8/2026 23:19,11.83773437
5/8/2026 23:24,11.79483398
5/8/2026 23:29,11.79483398
5/8/2026 23:34,11.75193359
5/8/2026 23:39,11.7090332
5/8/2026 23:44,11.66613281
5/8/2026 23:49,11.58033203
5/8/2026 23:54,11.62323242
5/8/2026 23:59,11.58033203
5/9/2026 0:04,11.49453125
5/9/2026 0:09,11.49453125
5/9/2026 0:14,11.45163086
5/9/2026 0:19,11.36583008
5/9/2026 0:24,11.32292969
5/9/2026 0:29,11.32292969
5/9/2026 0:34,11.2800293
5/9/2026 0:39,11.19422852
5/9/2026 0:44,11.10842773
5/9/2026 0:49,11.15132813
5/9/2026 0:54,11.10842773
5/9/2026 0:59,11.06552734
5/9/2026 1:04,10.97972656
5/9/2026 1:09,11.02262695
5/9/2026 1:14,10.97972656
5/9/2026 1:19,10.93682617
5/9/2026 1:24,10.89392578
5/9/2026 1:29,10.89392578
5/9/2026 1:34,10.808125
5/9/2026 1:39,10.76522461
5/9/2026 1:44,10.76522461
5/9/2026 1:49,10.808125
5/9/2026 1:54,10.72232422
5/9/2026 1:59,10.67942383
5/9/2026 2:04,10.67942383
5/9/2026 2:09,10.59362305
5/9/2026 2:14,10.63652344
5/9/2026 2:19,10.59362305
5/9/2026 2:24,10.55072266
5/9/2026 2:29,10.55072266
5/9/2026 2:34,10.50782227
5/9/2026 2:39,10.50782227
5/9/2026 2:44,10.46492188
5/9/2026 2:49,10.50782227
5/9/2026 2:54,10.46492188
5/9/2026 2:59,10.42202148
5/9/2026 3:04,10.3362207
5/9/2026 3:09,10.29332031
5/9/2026 3:14,10.3362207
5/9/2026 3:19,10.3362207
5/9/2026 3:24,10.3362207
5/9/2026 3:29,10.3362207
5/9/2026 3:34,10.25041992
5/9/2026 3:39,10.20751953
5/9/2026 3:44,10.20751953
5/9/2026 3:49,10.29332031
5/9/2026 3:54,10.20751953
5/9/2026 3:59,10.16461914
5/9/2026 4:04,10.20751953
5/9/2026 4:09,10.20751953
5/9/2026 4:14,10.16461914
5/9/2026 4:19,10.16461914
5/9/2026 4:24,10.20751953
5/9/2026 4:29,10.16461914
5/9/2026 4:34,10.20751953
5/9/2026 4:39,10.20751953
5/9/2026 4:44,10.20751953
5/9/2026 4:49,10.20751953
5/9/2026 4:54,10.16461914
5/9/2026 4:59,10.12171875
5/9/2026 5:04,10.16461914
5/9/2026 5:09,10.12171875
5/9/2026 5:14,10.12171875
5/9/2026 5:19,10.12171875
5/9/2026 5:24,10.12171875
5/9/2026 5:29,10.12171875
5/9/2026 5:34,10.07881836
5/9/2026 5:39,10.07881836
5/9/2026 5:44,10.03591797
5/9/2026 5:49,10.07881836
5/9/2026 5:54,10.12171875
5/9/2026 5:59,10.07881836
5/9/2026 6:04,10.07881836
5/9/2026 6:09,10.03591797
5/9/2026 6:14,10.07881836
5/9/2026 6:19,10.03591797
5/9/2026 6:24,10.03591797
5/9/2026 6:29,10.03591797
5/9/2026 6:34,10.03591797
5/9/2026 6:39,10.03591797
5/9/2026 6:44,9.993017578
5/9/2026 6:49,10.03591797
5/9/2026 6:54,9.993017578
5/9/2026 6:59,10.03591797
5/9/2026 7:04,9.993017578
5/9/2026 7:09,10.07881836
5/9/2026 7:14,9.993017578
5/9/2026 7:19,10.03591797
5/9/2026 7:24,9.993017578
5/9/2026 7:29,9.993017578
5/9/2026 7:34,10.03591797
5/9/2026 7:39,10.03591797
5/9/2026 7:44,10.03591797
5/9/2026 7:49,10.03591797
5/9/2026 7:54,10.12171875
5/9/2026 7:59,10.12171875
5/9/2026 8:04,10.03591797
5/9/2026 8:09,10.07881836
5/9/2026 8:14,10.12171875
5/9/2026 8:19,10.16461914
5/9/2026 8:24,10.20751953
5/9/2026 8:29,10.29332031
5/9/2026 8:34,10.29332031
5/9/2026 8:39,10.3362207
5/9/2026 8:44,10.3362207
5/9/2026 8:49,10.37912109
5/9/2026 8:54,10.37912109
5/9/2026 8:59,10.37912109
5/9/2026 9:04,10.46492188
5/9/2026 9:09,10.46492188
5/9/2026 9:14,10.55072266
5/9/2026 9:19,10.59362305
5/9/2026 9:24,10.67942383
5/9/2026 9:29,10.72232422
5/9/2026 9:34,10.72232422
5/9/2026 9:39,10.808125
5/9/2026 9:44,10.85102539
5/9/2026 9:49,10.89392578
5/9/2026 9:54,11.02262695
5/9/2026 9:59,11.10842773
5/9/2026 10:04,11.23712891
5/9/2026 10:09,11.2800293
5/9/2026 10:14,11.45163086
5/9/2026 10:19,11.58033203
5/9/2026 10:24,11.7090332
5/9/2026 10:29,11.88063477
5/9/2026 10:34,11.92353516
5/9/2026 10:39,11.96643555
5/9/2026 10:44,12.09513672
5/9/2026 10:49,12.26673828
5/9/2026 10:54,12.43833984
5/9/2026 10:59,12.60994141
5/9/2026 11:04,12.73864258
5/9/2026 11:09,12.82444336
5/9/2026 11:14,12.91024414
5/9/2026 11:19,13.03894531
5/9/2026 11:24,13.16764648
5/9/2026 11:29,13.29634766
5/9/2026 11:34,13.38214844
5/9/2026 11:39,13.46794922
5/9/2026 11:44,13.59665039
5/9/2026 11:49,13.72535156
5/9/2026 11:54,13.81115234
5/9/2026 11:59,13.93985352
5/9/2026 12:04,14.0256543
5/9/2026 12:09,14.11145508
5/9/2026 12:14,14.24015625
5/9/2026 12:19,14.32595703
5/9/2026 12:24,14.41175781
5/9/2026 12:29,14.41175781
5/9/2026 12:34,14.54045898
5/9/2026 12:39,14.62625977
5/9/2026 12:44,14.66916016
5/9/2026 12:49,14.79786133
5/9/2026 12:54,14.84076172
5/9/2026 12:59,14.9265625
5/9/2026 13:04,15.01236328
5/9/2026 13:09,15.18396484
5/9/2026 13:14,15.18396484
5/9/2026 13:19,15.26976562
5/9/2026 13:24,15.3984668
5/9/2026 13:29,15.44136719
5/9/2026 13:34,15.52716797
5/9/2026 13:39,15.61296875
5/9/2026 13:44,15.61296875
5/9/2026 13:49,15.69876953
5/9/2026 13:54,15.69876953
5/9/2026 13:59,15.78457031
5/9/2026 14:04,15.78457031
5/9/2026 14:09,15.8274707
5/9/2026 14:14,15.91327148
5/9/2026 14:19,15.95617187
5/9/2026 14:24,15.95617187
5/9/2026 14:29,15.99907227
5/9/2026 14:34,16.04197266
5/9/2026 14:39,16.08487305
5/9/2026 14:44,16.08487305
5/9/2026 14:49,16.17067383
5/9/2026 14:54,16.21357422
5/9/2026 14:59,16.17067383
5/9/2026 15:04,16.25647461
5/9/2026 15:09,16.21357422
5/9/2026 15:14,16.25647461
5/9/2026 15:19,16.25647461
5/9/2026 15:24,16.34227539
5/9/2026 15:29,16.299375
5/9/2026 15:34,16.38517578
5/9/2026 15:39,16.38517578
5/9/2026 15:44,16.42807617
5/9/2026 15:49,16.47097656
5/9/2026 15:54,16.42807617
5/9/2026 15:59,16.51387695
5/9/2026 16:04,16.55677734
5/9/2026 16:09,16.55677734
5/9/2026 16:14,16.55677734
5/9/2026 16:19,16.59967773
5/9/2026 16:24,16.59967773
5/9/2026 16:29,16.64257813
5/9/2026 16:34,16.68547852
5/9/2026 16:39,16.59967773
5/9/2026 16:44,16.64257813
5/9/2026 16:49,16.68547852
5/9/2026 16:54,16.68547852
5/9/2026 16:59,16.59967773
5/9/2026 17:04,16.59967773
5/9/2026 17:09,16.55677734
5/9/2026 17:14,16.59967773
5/9/2026 17:19,16.55677734
5/9/2026 17:24,16.55677734
5/9/2026 17:29,16.59967773
5/9/2026 17:34,16.55677734
5/9/2026 17:39,16.51387695
5/9/2026 17:44,16.51387695
5/9/2026 17:49,16.42807617
5/9/2026 17:54,16.51387695
5/9/2026 17:59,16.47097656
5/9/2026 18:04,16.42807617
5/9/2026 18:09,16.42807617
5/9/2026 18:14,16.38517578
5/9/2026 18:19,16.34227539
5/9/2026 18:24,16.299375
5/9/2026 18:29,16.299375
5/9/2026 18:34,16.21357422
5/9/2026 18:39,16.17067383
5/9/2026 18:44,16.08487305
5/9/2026 18:49,15.91327148
5/9/2026 18:54,15.91327148
5/9/2026 18:59,15.74166992
5/9/2026 19:04,15.65586914
5/9/2026 19:09,15.57006836
5/9/2026 19:14,15.44136719
5/9/2026 19:19,15.26976562
5/9/2026 19:24,15.09816406
5/9/2026 19:29,15.05526367
5/9/2026 19:34,14.96946289
5/9/2026 19:39,14.84076172
5/9/2026 19:44,14.71206055
5/9/2026 19:49,14.62625977
5/9/2026 19:54,14.54045898
5/9/2026 19:59,14.41175781
5/9/2026 20:04,14.28305664
5/9/2026 20:09,14.19725586
5/9/2026 20:14,14.11145508
5/9/2026 20:19,14.06855469
5/9/2026 20:24,13.93985352
5/9/2026 20:29,13.81115234
5/9/2026 20:34,13.81115234
5/9/2026 20:39,13.63955078
5/9/2026 20:44,13.59665039
5/9/2026 20:49,13.51084961
5/9/2026 20:54,13.42504883
5/9/2026 20:59,13.29634766
5/9/2026 21:04,13.25344727
5/9/2026 21:09,13.16764648
5/9/2026 21:14,13.0818457
5/9/2026 21:19,13.0818457
5/9/2026 21:24,12.95314453
5/9/2026 21:29,12.86734375
5/9/2026 21:34,12.82444336
5/9/2026 21:39,12.78154297
5/9/2026 21:44,12.69574219
5/9/2026 21:49,12.6528418
5/9/2026 21:54,12.56704102
5/9/2026 21:59,12.52414063
5/9/2026 22:04,12.48124023
5/9/2026 22:09,12.39543945
5/9/2026 22:14,12.35253906
5/9/2026 22:19,12.22383789
5/9/2026 22:24,12.1809375
5/9/2026 22:29,12.13803711
5/9/2026 22:34,12.05223633
5/9/2026 22:39,11.96643555
5/9/2026 22:44,11.92353516
5/9/2026 22:49,11.88063477
5/9/2026 22:54,11.75193359
5/9/2026 22:59,11.7090332
5/9/2026 23:04,11.66613281
5/9/2026 23:09,11.62323242
5/9/2026 23:14,11.53743164
5/9/2026 23:19,11.49453125
5/9/2026 23:24,11.36583008
5/9/2026 23:29,11.36583008
5/9/2026 23:34,11.32292969
5/9/2026 23:39,11.19422852
5/9/2026 23:44,11.19422852
5/9/2026 23:49,11.15132813
5/9/2026 23:54,11.06552734
5/9/2026 23:59,11.02262695
5/10/2026 0:04,10.97972656
5/10/2026 0:09,10.93682617
5/10/2026 0:14,10.89392578
5/10/2026 0:19,10.85102539
5/10/2026 0:24,10.808125
5/10/2026 0:29,10.72232422
5/10/2026 0:34,10.63652344
5/10/2026 0:39,10.59362305
5/10/2026 0:44,10.59362305
5/10/2026 0:49,10.50782227
5/10/2026 0:54,10.46492188
5/10/2026 0:59,10.42202148
5/10/2026 1:04,10.37912109
5/10/2026 1:09,10.3362207
5/10/2026 1:14,10.29332031
5/10/2026 1:19,10.25041992
5/10/2026 1:24,10.20751953
5/10/2026 1:29,10.16461914
5/10/2026 1:34,10.07881836
5/10/2026 1:39,10.03591797
5/10/2026 1:44,10.03591797
5/10/2026 1:49,9.993017578
5/10/2026 1:54,9.950117187
5/10/2026 1:59,9.907216797
5/10/2026 2:04,9.864316406
5/10/2026 2:09,9.778515625
5/10/2026 2:14,9.778515625
5/10/2026 2:19,9.735615234
5/10/2026 2:24,9.649814453
5/10/2026 2:29,9.692714844
5/10/2026 2:34,9.692714844
5/10/2026 2:39,9.564013672
5/10/2026 2:44,9.521113281
5/10/2026 2:49,9.521113281
5/10/2026 2:54,9.478212891
5/10/2026 2:59,9.478212891
5/10/2026 3:04,9.392412109
5/10/2026 3:09,9.349511719
5/10/2026 3:14,9.349511719
5/10/2026 3:19,9.306611328
5/10/2026 3:24,9.306611328
5/10/2026 3:29,9.263710938
5/10/2026 3:34,9.220810547
5/10/2026 3:39,9.177910156
5/10/2026 3:44,9.177910156
5/10/2026 3:49,9.135009766
5/10/2026 3:54,9.135009766
5/10/2026 3:59,9.092109375
5/10/2026 4:04,9.092109375
5/10/2026 4:09,8.963408203
5/10/2026 4:14,9.006308594
5/10/2026 4:19,8.920507812
5/10/2026 4:24,8.963408203
5/10/2026 4:29,8.963408203
5/10/2026 4:34,8.920507812
5/10/2026 4:39,8.877607422
5/10/2026 4:44,8.920507812
5/10/2026 4:49,8.834707031
5/10/2026 4:54,8.834707031
5/10/2026 4:59,8.791806641
5/10/2026 5:04,8.74890625
5/10/2026 5:09,8.706005859
5/10/2026 5:14,8.706005859
5/10/2026 5:19,8.706005859
5/10/2026 5:24,8.663105469
5/10/2026 5:29,8.663105469
5/10/2026 5:34,8.620205078
5/10/2026 5:39,8.620205078
5/10/2026 5:44,8.620205078
5/10/2026 5:49,8.534404297
5/10/2026 5:54,8.577304687
5/10/2026 5:59,8.577304687
5/10/2026 6:04,8.577304687
5/10/2026 6:09,8.491503906
5/10/2026 6:14,8.534404297
5/10/2026 6:19,8.534404297
5/10/2026 6:24,8.534404297
5/10/2026 6:29,8.534404297
5/10/2026 6:34,8.534404297
5/10/2026 6:39,8.534404297
5/10/2026 6:44,8.534404297
5/10/2026 6:49,8.534404297
5/10/2026 6:54,8.620205078
5/10/2026 6:59,8.620205078
5/10/2026 7:04,8.577304687
5/10/2026 7:09,8.663105469
5/10/2026 7:14,8.663105469
5/10/2026 7:19,8.663105469
5/10/2026 7:24,8.663105469
5/10/2026 7:29,8.706005859
5/10/2026 7:34,8.74890625
5/10/2026 7:39,8.74890625
5/10/2026 7:44,8.791806641
5/10/2026 7:49,8.834707031
5/10/2026 7:54,8.920507812
5/10/2026 7:59,8.963408203
5/10/2026 8:04,8.963408203
5/10/2026 8:09,9.006308594
5/10/2026 8:14,9.092109375
5/10/2026 8:19,9.092109375
5/10/2026 8:24,9.135009766
5/10/2026 8:29,9.220810547
5/10/2026 8:34,9.220810547
5/10/2026 8:39,9.306611328
5/10/2026 8:44,9.349511719
5/10/2026 8:49,9.349511719
5/10/2026 8:54,9.392412109
5/10/2026 8:59,9.478212891
5/10/2026 9:04,9.521113281
5/10/2026 9:09,9.606914062
5/10/2026 9:14,9.692714844
5/10/2026 9:19,9.778515625
5/10/2026 9:24,9.907216797
5/10/2026 9:29,9.907216797
5/10/2026 9:34,9.993017578
5/10/2026 9:39,10.07881836
5/10/2026 9:44,10.16461914
5/10/2026 9:49,10.29332031
5/10/2026 9:54,10.46492188
5/10/2026 9:59,10.46492188
5/10/2026 10:04,10.59362305
5/10/2026 10:09,10.72232422
5/10/2026 10:14,10.808125
5/10/2026 10:19,10.93682617
5/10/2026 10:24,11.06552734
5/10/2026 10:29,11.23712891
5/10/2026 10:34,11.32292969
5/10/2026 10:39,11.49453125
5/10/2026 10:44,11.62323242
5/10/2026 10:49,11.7090332
5/10/2026 10:54,11.88063477
5/10/2026 10:59,12.05223633
5/10/2026 11:04,12.22383789
5/10/2026 11:09,12.30963867
5/10/2026 11:14,12.48124023
5/10/2026 11:19,12.56704102
5/10/2026 11:24,12.69574219
5/10/2026 11:29,12.82444336
5/10/2026 11:34,12.95314453
5/10/2026 11:39,13.03894531
5/10/2026 11:44,13.21054687
5/10/2026 11:49,13.29634766
5/10/2026 11:54,13.38214844
5/10/2026 11:59,13.51084961
5/10/2026 12:04,13.46794922
5/10/2026 12:09,13.59665039
5/10/2026 12:14,13.72535156
5/10/2026 12:19,13.72535156
5/10/2026 12:24,13.85405273
5/10/2026 12:29,13.93985352
5/10/2026 12:34,14.06855469
5/10/2026 12:39,14.11145508
5/10/2026 12:44,14.11145508
5/10/2026 12:49,14.24015625
5/10/2026 12:54,14.32595703
5/10/2026 12:59,14.4546582
5/10/2026 13:04,14.41175781
5/10/2026 13:09,14.4546582
5/10/2026 13:14,14.54045898
5/10/2026 13:19,14.66916016
5/10/2026 13:24,14.66916016
5/10/2026 13:29,14.79786133
5/10/2026 13:34,14.84076172
5/10/2026 13:39,14.9265625
5/10/2026 13:44,14.96946289
5/10/2026 13:49,15.05526367
5/10/2026 13:54,15.14106445
5/10/2026 13:59,15.26976562
5/10/2026 14:04,15.31266602
5/10/2026 14:09,15.35556641
5/10/2026 14:14,15.31266602
5/10/2026 14:19,15.26976562
5/10/2026 14:24,15.22686523
5/10/2026 14:29,15.18396484
5/10/2026 14:34,15.14106445
5/10/2026 14:39,15.05526367
5/10/2026 14:44,15.09816406
5/10/2026 14:49,15.14106445
5/10/2026 14:54,15.14106445
5/10/2026 14:59,15.22686523
5/10/2026 15:04,15.26976562
5/10/2026 15:09,15.35556641
5/10/2026 15:14,15.3984668
5/10/2026 15:19,15.3984668
5/10/2026 15:24,15.48426758
5/10/2026 15:29,15.48426758
5/10/2026 15:34,15.52716797
5/10/2026 15:39,15.65586914
5/10/2026 15:44,15.74166992
5/10/2026 15:49,15.8274707
5/10/2026 15:54,15.8274707
5/10/2026 15:59,15.91327148
5/10/2026 16:04,15.87037109
5/10/2026 16:09,15.91327148
5/10/2026 16:14,15.95617187
5/10/2026 16:19,15.95617187
5/10/2026 16:24,15.99907227
5/10/2026 16:29,15.99907227
5/10/2026 16:34,15.99907227
5/10/2026 16:39,16.04197266
5/10/2026 16:44,16.04197266
5/10/2026 16:49,16.08487305
5/10/2026 16:54,16.12777344
5/10/2026 16:59,16.08487305
5/10/2026 17:04,16.12777344
5/10/2026 17:09,16.08487305
5/10/2026 17:14,16.17067383
5/10/2026 17:19,16.08487305
5/10/2026 17:24,16.17067383
5/10/2026 17:29,16.21357422
5/10/2026 17:34,16.21357422
5/10/2026 17:39,16.12777344
5/10/2026 17:44,16.12777344
5/10/2026 17:49,16.12777344
5/10/2026 17:54,16.12777344
5/10/2026 17:59,16.12777344
5/10/2026 18:04,16.04197266
5/10/2026 18:09,16.04197266
5/10/2026 18:14,16.04197266
5/10/2026 18:19,15.99907227
5/10/2026 18:24,15.91327148
5/10/2026 18:29,15.87037109
5/10/2026 18:34,15.8274707
5/10/2026 18:39,15.78457031
5/10/2026 18:44,15.65586914
5/10/2026 18:49,15.61296875
5/10/2026 18:54,15.48426758
5/10/2026 18:59,15.44136719
5/10/2026 19:04,15.31266602
5/10/2026 19:09,15.26976562
5/10/2026 19:14,15.14106445
5/10/2026 19:19,15.01236328
5/10/2026 19:24,14.9265625
5/10/2026 19:29,14.79786133
5/10/2026 19:34,14.66916016
5/10/2026 19:39,14.62625977
5/10/2026 19:44,14.49755859
5/10/2026 19:49,14.41175781
5/10/2026 19:54,14.32595703
5/10/2026 19:59,14.19725586
5/10/2026 20:04,14.06855469
5/10/2026 20:09,13.98275391
5/10/2026 20:14,13.85405273
5/10/2026 20:19,13.76825195
5/10/2026 20:24,13.68245117
5/10/2026 20:29,13.55375
5/10/2026 20:34,13.46794922
5/10/2026 20:39,13.38214844
5/10/2026 20:44,13.29634766
5/10/2026 20:49,13.21054687
5/10/2026 20:54,13.16764648
5/10/2026 20:59,13.0818457
5/10/2026 21:04,12.95314453
5/10/2026 21:09,12.91024414
5/10/2026 21:14,12.86734375
5/10/2026 21:19,12.82444336
5/10/2026 21:24,12.69574219
5/10/2026 21:29,12.60994141
5/10/2026 21:34,12.56704102
5/10/2026 21:39,12.52414063
5/10/2026 21:44,12.48124023
5/10/2026 21:49,12.35253906
5/10/2026 21:54,12.30963867
5/10/2026 21:59,12.22383789
5/10/2026 22:04,12.1809375
5/10/2026 22:09,12.13803711
5/10/2026 22:14,12.09513672
5/10/2026 22:19,11.96643555
5/10/2026 22:24,11.92353516
5/10/2026 22:29,11.88063477
5/10/2026 22:34,11.79483398
5/10/2026 22:39,11.66613281
5/10/2026 22:44,11.62323242
5/10/2026 22:49,11.53743164
5/10/2026 22:54,11.45163086
5/10/2026 22:59,11.36583008
5/10/2026 23:04,11.32292969
5/10/2026 23:09,11.2800293
5/10/2026 23:14,11.23712891
5/10/2026 23:19,11.15132813
5/10/2026 23:24,11.10842773
5/10/2026 23:29,11.06552734
5/10/2026 23:34,10.97972656
5/10/2026 23:39,10.93682617
5/10/2026 23:44,10.89392578
5/10/2026 23:49,10.85102539
5/10/2026 23:54,10.72232422
5/10/2026 23:59,10.72232422
5/11/2026 0:04,10.63652344
5/11/2026 0:09,10.59362305
5/11/2026 0:14,10.50782227
5/11/2026 0:19,10.50782227
5/11/2026 0:24,10.46492188
5/11/2026 0:29,10.37912109
5/11/2026 0:34,10.3362207
5/11/2026 0:39,10.29332031
5/11/2026 0:44,10.25041992
5/11/2026 0:49,10.20751953
5/11/2026 0:54,10.16461914
5/11/2026 0:59,10.16461914
5/11/2026 1:04,10.07881836
5/11/2026 1:09,10.03591797
5/11/2026 1:14,10.03591797
5/11/2026 1:19,9.950117187
5/11/2026 1:24,9.907216797
5/11/2026 1:29,9.864316406
5/11/2026 1:34,9.864316406
5/11/2026 1:39,9.735615234
5/11/2026 1:44,9.735615234
5/11/2026 1:49,9.735615234
5/11/2026 1:54,9.649814453
5/11/2026 1:59,9.649814453
5/11/2026 2:04,9.606914062
5/11/2026 2:09,9.564013672
5/11/2026 2:14,9.478212891
5/11/2026 2:19,9.478212891
5/11/2026 2:24,9.4353125
5/11/2026 2:29,9.392412109
5/11/2026 2:34,9.392412109
5/11/2026 2:39,9.306611328
5/11/2026 2:44,9.263710938
5/11/2026 2:49,9.220810547
5/11/2026 2:54,9.177910156
5/11/2026 2:59,9.177910156
5/11/2026 3:04,9.177910156
5/11/2026 3:09,9.092109375
5/11/2026 3:14,9.092109375
5/11/2026 3:19,9.049208984
5/11/2026 3:24,9.006308594
5/11/2026 3:29,8.963408203
5/11/2026 3:34,8.920507812
5/11/2026 3:39,8.834707031
5/11/2026 3:44,8.834707031
5/11/2026 3:49,8.834707031
5/11/2026 3:54,8.791806641
5/11/2026 3:59,8.74890625
5/11/2026 4:04,8.74890625
5/11/2026 4:09,8.620205078
5/11/2026 4:14,8.620205078
5/11/2026 4:19,8.577304687
5/11/2026 4:24,8.577304687
5/11/2026 4:29,8.577304687
5/11/2026 4:34,8.534404297
5/11/2026 4:39,8.491503906
5/11/2026 4:44,8.448603516
5/11/2026 4:49,8.405703125
5/11/2026 4:54,8.405703125
5/11/2026 4:59,8.362802734
5/11/2026 5:04,8.362802734
5/11/2026 5:09,8.319902344
5/11/2026 5:14,8.319902344
5/11/2026 5:19,8.319902344
5/11/2026 5:24,8.234101563
5/11/2026 5:29,8.191201172
5/11/2026 5:34,8.234101563
5/11/2026 5:39,8.148300781
5/11/2026 5:44,8.148300781
5/11/2026 5:49,8.105400391
5/11/2026 5:54,8.105400391
5/11/2026 5:59,8.019599609
5/11/2026 6:04,8.0625
5/11/2026 6:09,8.019599609
5/11/2026 6:14,8.019599609
5/11/2026 6:19,7.976699219
5/11/2026 6:24,7.976699219
5/11/2026 6:29,7.890898437
5/11/2026 6:34,7.933798828
5/11/2026 6:39,7.933798828
5/11/2026 6:44,7.890898437
5/11/2026 6:49,7.890898437
5/11/2026 6:54,7.933798828
5/11/2026 6:59,7.890898437
5/11/2026 7:04,7.805097656
5/11/2026 7:09,7.890898437
5/11/2026 7:14,7.847998047
5/11/2026 7:19,7.847998047
5/11/2026 7:24,7.847998047
5/11/2026 7:29,7.890898437
5/11/2026 7:34,7.890898437
5/11/2026 7:39,7.933798828
5/11/2026 7:44,7.976699219
5/11/2026 7:49,8.0625
5/11/2026 7:54,8.0625
5/11/2026 7:59,8.105400391
5/11/2026 8:04,8.148300781
5/11/2026 8:09,8.191201172
5/11/2026 8:14,8.234101563
5/11/2026 8:19,8.277001953
5/11/2026 8:24,8.319902344
5/11/2026 8:29,8.362802734
5/11/2026 8:34,8.448603516
5/11/2026 8:39,8.491503906
5/11/2026 8:44,8.577304687
5/11/2026 8:49,8.663105469
5/11/2026 8:54,8.706005859
5/11/2026 8:59,8.834707031
5/11/2026 9:04,8.920507812
5/11/2026 9:09,9.006308594
5/11/2026 9:14,9.135009766
5/11/2026 9:19,9.220810547
5/11/2026 9:24,9.349511719
5/11/2026 9:29,9.4353125
5/11/2026 9:34,9.606914062
5/11/2026 9:39,9.735615234
5/11/2026 9:44,9.821416016
5/11/2026 9:49,9.950117187
5/11/2026 9:54,10.07881836
5/11/2026 9:59,10.20751953
5/11/2026 10:04,10.29332031
5/11/2026 10:09,10.42202148
5/11/2026 10:14,10.55072266
5/11/2026 10:19,10.67942383
5/11/2026 10:24,10.89392578
5/11/2026 10:29,11.02262695
5/11/2026 10:34,11.15132813
5/11/2026 10:39,11.2800293
5/11/2026 10:44,11.45163086
5/11/2026 10:49,11.58033203
5/11/2026 10:54,11.7090332
5/11/2026 10:59,11.83773437
5/11/2026 11:04,12.00933594
5/11/2026 11:09,12.09513672
5/11/2026 11:14,12.26673828
5/11/2026 11:19,12.39543945
5/11/2026 11:24,12.52414063
5/11/2026 11:29,12.60994141
5/11/2026 11:34,12.73864258
5/11/2026 11:39,12.82444336
5/11/2026 11:44,12.91024414
5/11/2026 11:49,13.0818457
5/11/2026 11:54,13.21054687
5/11/2026 11:59,13.33924805
5/11/2026 12:04,13.42504883
5/11/2026 12:09,13.46794922
5/11/2026 12:14,13.59665039
5/11/2026 12:19,13.63955078
5/11/2026 12:24,13.72535156
5/11/2026 12:29,13.81115234
5/11/2026 12:34,14.0256543
5/11/2026 12:39,14.0256543
5/11/2026 12:44,14.06855469
5/11/2026 12:49,14.06855469
5/11/2026 12:54,14.06855469
5/11/2026 12:59,14.11145508
5/11/2026 13:04,14.24015625
5/11/2026 13:09,14.24015625
5/11/2026 13:14,14.28305664
5/11/2026 13:19,14.28305664
5/11/2026 13:24,14.36885742
5/11/2026 13:29,14.41175781
5/11/2026 13:34,14.54045898
5/11/2026 13:39,14.58335938
5/11/2026 13:44,14.62625977
5/11/2026 13:49,14.66916016
5/11/2026 13:54,14.75496094
5/11/2026 13:59,14.79786133
5/11/2026 14:04,14.84076172
5/11/2026 14:09,14.96946289
5/11/2026 14:14,14.96946289
5/11/2026 14:19,15.05526367
5/11/2026 14:24,15.09816406
5/11/2026 14:29,15.18396484
5/11/2026 14:34,15.26976562
5/11/2026 14:39,15.26976562
5/11/2026 14:44,15.26976562
5/11/2026 14:49,15.26976562
5/11/2026 14:54,15.26976562
5/11/2026 14:59,15.31266602
5/11/2026 15:04,15.31266602
5/11/2026 15:09,15.31266602
5/11/2026 15:14,15.3984668
5/11/2026 15:19,15.44136719
5/11/2026 15:24,15.48426758
5/11/2026 15:29,15.52716797
5/11/2026 15:34,15.65586914
5/11/2026 15:39,15.69876953
5/11/2026 15:44,15.8274707
5/11/2026 15:49,15.8274707
5/11/2026 15:54,15.91327148
5/11/2026 15:59,15.99907227
5/11/2026 16:04,16.04197266
5/11/2026 16:09,15.99907227
5/11/2026 16:14,16.12777344
5/11/2026 16:19,16.17067383
5/11/2026 16:24,16.08487305
5/11/2026 16:29,16.12777344
5/11/2026 16:34,16.08487305
5/11/2026 16:39,16.04197266
5/11/2026 16:44,16.04197266
5/11/2026 16:49,16.08487305
5/11/2026 16:54,16.08487305
5/11/2026 16:59,16.12777344
5/11/2026 17:04,16.12777344
5/11/2026 17:09,16.12777344
5/11/2026 17:14,16.08487305
5/11/2026 17:19,15.99907227
5/11/2026 17:24,15.99907227
5/11/2026 17:29,16.04197266
5/11/2026 17:34,15.99907227
5/11/2026 17:39,16.04197266
5/11/2026 17:44,16.04197266
5/11/2026 17:49,16.04197266
5/11/2026 17:54,16.04197266
5/11/2026 17:59,16.04197266
5/11/2026 18:04,15.99907227
5/11/2026 18:09,16.04197266
5/11/2026 18:14,16.04197266
5/11/2026 18:19,15.91327148
5/11/2026 18:24,15.91327148
5/11/2026 18:29,15.87037109
5/11/2026 18:34,15.78457031
5/11/2026 18:39,15.74166992
5/11/2026 18:44,15.8274707
5/11/2026 18:49,15.74166992
5/11/2026 18:54,15.61296875
5/11/2026 18:59,15.57006836
5/11/2026 19:04,15.44136719
5/11/2026 19:09,15.44136719
5/11/2026 19:14,15.31266602
5/11/2026 19:19,15.22686523
5/11/2026 19:24,15.14106445
5/11/2026 19:29,15.01236328
5/11/2026 19:34,14.96946289
5/11/2026 19:39,14.9265625
5/11/2026 19:44,14.79786133
5/11/2026 19:49,14.71206055
5/11/2026 19:54,14.66916016
5/11/2026 19:59,14.58335938
5/11/2026 20:04,14.49755859
5/11/2026 20:09,14.41175781
5/11/2026 20:14,14.36885742
5/11/2026 20:19,14.24015625
5/11/2026 20:24,14.19725586
5/11/2026 20:29,14.11145508
5/11/2026 20:34,14.11145508
5/11/2026 20:39,13.98275391
5/11/2026 20:44,13.89695312
5/11/2026 20:49,13.85405273
5/11/2026 20:54,13.81115234
5/11/2026 20:59,13.76825195
5/11/2026 21:04,13.72535156
5/11/2026 21:09,13.68245117
5/11/2026 21:14,13.59665039
5/11/2026 21:19,13.55375
5/11/2026 21:24,13.55375
5/11/2026 21:29,13.46794922
5/11/2026 21:34,13.46794922
5/11/2026 21:39,13.38214844
5/11/2026 21:44,13.38214844
5/11/2026 21:49,13.29634766
5/11/2026 21:54,13.29634766
5/11/2026 21:59,13.21054687
5/11/2026 22:04,13.21054687
5/11/2026 22:09,13.0818457
5/11/2026 22:14,13.0818457
5/11/2026 22:19,12.99604492
5/11/2026 22:24,12.95314453
5/11/2026 22:29,12.91024414
5/11/2026 22:34,12.86734375
5/11/2026 22:39,12.82444336
5/11/2026 22:44,12.73864258
5/11/2026 22:49,12.6528418
5/11/2026 22:54,12.60994141
5/11/2026 22:59,12.60994141
5/11/2026 23:04,12.52414063
5/11/2026 23:09,12.48124023
5/11/2026 23:14,12.43833984
5/11/2026 23:19,12.39543945
5/11/2026 23:24,12.30963867
5/11/2026 23:29,12.26673828
5/11/2026 23:34,12.1809375
5/11/2026 23:39,12.13803711
5/11/2026 23:44,12.13803711
5/11/2026 23:49,12.13803711
5/11/2026 23:54,12.05223633
5/11/2026 23:59,12.00933594
5/12/2026 0:04,11.92353516
5/12/2026 0:09,11.96643555
5/12/2026 0:14,11.88063477
5/12/2026 0:19,11.83773437
5/12/2026 0:24,11.83773437
5/12/2026 0:29,11.75193359
5/12/2026 0:34,11.75193359
5/12/2026 0:39,11.7090332
5/12/2026 0:44,11.66613281
5/12/2026 0:49,11.53743164
5/12/2026 0:54,11.53743164
5/12/2026 0:59,11.45163086
5/12/2026 1:04,11.49453125
5/12/2026 1:09,11.40873047
5/12/2026 1:14,11.40873047
5/12/2026 1:19,11.32292969
5/12/2026 1:24,11.2800293
5/12/2026 1:29,11.2800293
5/12/2026 1:34,11.2800293
5/12/2026 1:39,11.23712891
5/12/2026 1:44,11.15132813
5/12/2026 1:49,11.19422852
5/12/2026 1:54,11.10842773
5/12/2026 1:59,11.19422852
5/12/2026 2:04,11.10842773
5/12/2026 2:09,11.06552734
5/12/2026 2:14,11.06552734
5/12/2026 2:19,11.02262695
5/12/2026 2:24,10.97972656
5/12/2026 2:29,10.97972656
5/12/2026 2:34,10.97972656
5/12/2026 2:39,10.97972656
5/12/2026 2:44,10.97972656
5/12/2026 2:49,10.93682617
5/12/2026 2:54,10.93682617
5/12/2026 2:59,10.85102539
5/12/2026 3:04,10.85102539
5/12/2026 3:09,10.85102539
5/12/2026 3:14,10.808125
5/12/2026 3:19,10.808125
5/12/2026 3:24,10.85102539
5/12/2026 3:29,10.76522461
5/12/2026 3:34,10.76522461
5/12/2026 3:39,10.72232422
5/12/2026 3:44,10.76522461
5/12/2026 3:49,10.76522461
5/12/2026 3:54,10.76522461
5/12/2026 3:59,10.67942383
5/12/2026 4:04,10.67942383
5/12/2026 4:09,10.72232422
5/12/2026 4:14,10.72232422
5/12/2026 4:19,10.67942383
5/12/2026 4:24,10.67942383
5/12/2026 4:29,10.67942383
5/12/2026 4:34,10.72232422
5/12/2026 4:39,10.67942383
5/12/2026 4:44,10.72232422
5/12/2026 4:49,10.67942383
5/12/2026 4:54,10.72232422
5/12/2026 4:59,10.72232422
5/12/2026 5:04,10.72232422
5/12/2026 5:09,10.76522461
5/12/2026 5:14,10.72232422
5/12/2026 5:19,10.72232422
5/12/2026 5:24,10.72232422
5/12/2026 5:29,10.72232422
5/12/2026 5:34,10.72232422
5/12/2026 5:39,10.72232422
5/12/2026 5:44,10.67942383
5/12/2026 5:49,10.72232422
5/12/2026 5:54,10.72232422
5/12/2026 5:59,10.67942383
5/12/2026 6:04,10.72232422
5/12/2026 6:09,10.72232422
5/12/2026 6:14,10.72232422
5/12/2026 6:19,10.72232422
5/12/2026 6:24,10.67942383
5/12/2026 6:29,10.67942383
5/12/2026 6:34,10.72232422
5/12/2026 6:39,10.76522461
5/12/2026 6:44,10.72232422
5/12/2026 6:49,10.76522461
5/12/2026 6:54,10.808125
5/12/2026 6:59,10.76522461
5/12/2026 7:04,10.76522461
5/12/2026 7:09,10.808125
5/12/2026 7:14,10.85102539
5/12/2026 7:19,10.85102539
5/12/2026 7:24,10.89392578
5/12/2026 7:29,10.89392578
5/12/2026 7:34,10.93682617
5/12/2026 7:39,10.97972656
5/12/2026 7:44,10.97972656
5/12/2026 7:49,11.02262695
5/12/2026 7:54,11.06552734
5/12/2026 7:59,11.10842773
5/12/2026 8:04,11.06552734
5/12/2026 8:09,11.10842773
5/12/2026 8:14,11.15132813
5/12/2026 8:19,11.15132813
5/12/2026 8:24,11.23712891
5/12/2026 8:29,11.23712891
5/12/2026 8:34,11.2800293
5/12/2026 8:39,11.32292969
5/12/2026 8:44,11.36583008
5/12/2026 8:49,11.40873047
5/12/2026 8:54,11.45163086
5/12/2026 8:59,11.53743164
5/12/2026 9:04,11.62323242
5/12/2026 9:09,11.66613281
5/12/2026 9:14,11.79483398
5/12/2026 9:19,11.83773437
5/12/2026 9:24,11.92353516
5/12/2026 9:29,12.05223633
5/12/2026 9:34,12.22383789
5/12/2026 9:39,12.26673828
5/12/2026 9:44,12.43833984
5/12/2026 9:49,12.43833984
5/12/2026 9:54,12.60994141
5/12/2026 9:59,12.6528418
5/12/2026 10:04,12.78154297
5/12/2026 10:09,12.91024414
5/12/2026 10:14,12.95314453
5/12/2026 10:19,13.12474609
5/12/2026 10:24,13.25344727
5/12/2026 10:29,13.42504883
5/12/2026 10:34,13.55375
5/12/2026 10:39,13.63955078
5/12/2026 10:44,13.76825195
5/12/2026 10:49,13.85405273
5/12/2026 10:54,13.93985352
5/12/2026 10:59,14.06855469
5/12/2026 11:04,14.15435547
5/12/2026 11:09,14.19725586
5/12/2026 11:14,14.28305664
5/12/2026 11:19,14.4546582
5/12/2026 11:24,14.54045898
5/12/2026 11:29,14.49755859
5/12/2026 11:34,14.58335938
5/12/2026 11:39,14.66916016
5/12/2026 11:44,14.75496094
5/12/2026 11:49,14.71206055
5/12/2026 11:54,14.84076172
5/12/2026 11:59,15.05526367
5/12/2026 12:04,15.09816406
5/12/2026 12:09,15.05526367
5/12/2026 12:14,15.09816406
5/12/2026 12:19,15.18396484
5/12/2026 12:24,15.31266602
5/12/2026 12:29,15.48426758
5/12/2026 12:34,15.48426758
5/12/2026 12:39,15.52716797
5/12/2026 12:44,15.61296875
5/12/2026 12:49,15.65586914
5/12/2026 12:54,15.78457031
5/12/2026 12:59,15.95617187
5/12/2026 13:04,16.17067383
5/12/2026 13:09,16.21357422
5/12/2026 13:14,16.34227539
5/12/2026 13:19,16.42807617
5/12/2026 13:24,16.51387695
5/12/2026 13:29,16.64257813
5/12/2026 13:34,16.68547852
5/12/2026 13:39,16.68547852
5/12/2026 13:44,16.72837891
5/12/2026 13:49,16.72837891
5/12/2026 13:54,16.94288086
5/12/2026 13:59,16.98578125
5/12/2026 14:04,17.02868164
5/12/2026 14:09,17.11448242
5/12/2026 14:14,17.2002832
5/12/2026 14:19,17.32898437
5/12/2026 14:24,17.37188477
5/12/2026 14:29,17.50058594
5/12/2026 14:34,17.62928711
5/12/2026 14:39,17.6721875
5/12/2026 14:44,17.71508789
5/12/2026 14:49,17.84378906
5/12/2026 14:54,17.92958984
5/12/2026 14:59,17.97249023
5/12/2026 15:04,18.01539063
5/12/2026 15:09,18.05829102
5/12/2026 15:14,18.10119141
5/12/2026 15:19,18.18699219
5/12/2026 15:24,18.18699219
5/12/2026 15:29,18.31569336
5/12/2026 15:34,18.40149414
5/12/2026 15:39,18.5730957
5/12/2026 15:44,18.40149414
5/12/2026 15:49,18.48729492
5/12/2026 15:54,18.40149414
5/12/2026 15:59,18.40149414
5/12/2026 16:04,18.53019531
5/12/2026 16:09,18.40149414
5/12/2026 16:14,18.44439453
5/12/2026 16:19,18.44439453
5/12/2026 16:24,18.5730957
5/12/2026 16:29,18.61599609
5/12/2026 16:34,18.5730957
5/12/2026 16:39,18.44439453
5/12/2026 16:44,18.48729492
5/12/2026 16:49,18.44439453
5/12/2026 16:54,18.44439453
5/12/2026 16:59,18.44439453
5/12/2026 17:04,18.31569336
5/12/2026 17:09,18.31569336
5/12/2026 17:14,18.27279297
5/12/2026 17:19,18.31569336
5/12/2026 17:24,18.31569336
5/12/2026 17:29,18.31569336
5/12/2026 17:34,18.27279297
5/12/2026 17:39,18.35859375
5/12/2026 17:44,18.35859375
5/12/2026 17:49,18.40149414
5/12/2026 17:54,18.31569336
5/12/2026 17:59,18.27279297
5/12/2026 18:04,18.18699219
5/12/2026 18:09,18.10119141
5/12/2026 18:14,18.05829102
5/12/2026 18:19,17.97249023
5/12/2026 18:24,17.92958984
5/12/2026 18:29,17.80088867
5/12/2026 18:34,17.71508789
5/12/2026 18:39,17.58638672
5/12/2026 18:44,17.50058594
5/12/2026 18:49,17.50058594
5/12/2026 18:54,17.28608398
5/12/2026 18:59,17.24318359
5/12/2026 19:04,17.15738281
5/12/2026 19:09,17.07158203
5/12/2026 19:14,16.94288086
5/12/2026 19:19,16.89998047
5/12/2026 19:24,16.81417969
5/12/2026 19:29,16.68547852
5/12/2026 19:34,16.64257813
5/12/2026 19:39,16.51387695
5/12/2026 19:44,16.42807617
5/12/2026 19:49,16.38517578
5/12/2026 19:54,16.299375
5/12/2026 19:59,16.25647461
5/12/2026 20:04,16.17067383
5/12/2026 20:09,16.08487305
5/12/2026 20:14,15.99907227
5/12/2026 20:19,15.95617187
5/12/2026 20:24,15.87037109
5/12/2026 20:29,15.8274707
5/12/2026 20:34,15.78457031
5/12/2026 20:39,15.65586914
5/12/2026 20:44,15.61296875
5/12/2026 20:49,15.57006836
5/12/2026 20:54,15.52716797
5/12/2026 20:59,15.44136719
5/12/2026 21:04,15.35556641
5/12/2026 21:09,15.26976562
5/12/2026 21:14,15.22686523
5/12/2026 21:19,15.18396484
5/12/2026 21:24,15.18396484
5/12/2026 21:29,15.05526367
5/12/2026 21:34,15.01236328
5/12/2026 21:39,14.9265625
5/12/2026 21:44,14.88366211
5/12/2026 21:49,14.84076172
5/12/2026 21:54,14.75496094
5/12/2026 21:59,14.75496094
5/12/2026 22:04,14.66916016
5/12/2026 22:09,14.62625977
5/12/2026 22:14,14.54045898
5/12/2026 22:19,14.54045898
5/12/2026 22:24,14.4546582
5/12/2026 22:29,14.4546582
5/12/2026 22:34,14.36885742
5/12/2026 22:39,14.32595703
5/12/2026 22:44,14.28305664
5/12/2026 22:49,14.28305664
5/12/2026 22:54,14.24015625
5/12/2026 22:59,14.19725586
5/12/2026 23:04,14.15435547
5/12/2026 23:09,14.11145508
5/12/2026 23:14,14.06855469
5/12/2026 23:19,14.0256543
5/12/2026 23:24,13.98275391
5/12/2026 23:29,13.89695312
5/12/2026 23:34,13.89695312
5/12/2026 23:39,13.85405273
5/12/2026 23:44,13.76825195
5/12/2026 23:49,13.72535156
5/12/2026 23:54,13.68245117
5/12/2026 23:59,13.59665039
5/13/2026 0:04,13.59665039
5/13/2026 0:09,13.59665039
5/13/2026 0:14,13.55375
5/13/2026 0:19,13.51084961
5/13/2026 0:24,13.46794922
5/13/2026 0:29,13.42504883
5/13/2026 0:34,13.38214844
5/13/2026 0:39,13.38214844
5/13/2026 0:44,13.29634766
5/13/2026 0:49,13.29634766
5/13/2026 0:54,13.29634766
5/13/2026 0:59,13.21054687
5/13/2026 1:04,13.21054687
5/13/2026 1:09,13.21054687
5/13/2026 1:14,13.16764648
5/13/2026 1:19,13.12474609
5/13/2026 1:24,13.0818457
5/13/2026 1:29,13.0818457
5/13/2026 1:34,12.99604492
5/13/2026 1:39,12.99604492
5/13/2026 1:44,12.91024414
5/13/2026 1:49,12.95314453
5/13/2026 1:54,12.91024414
5/13/2026 1:59,12.91024414
5/13/2026 2:04,12.91024414
5/13/2026 2:09,12.82444336
5/13/2026 2:14,12.86734375
5/13/2026 2:19,12.78154297
5/13/2026 2:24,12.73864258
5/13/2026 2:29,12.69574219
5/13/2026 2:34,12.69574219
5/13/2026 2:39,12.69574219
5/13/2026 2:44,12.56704102
5/13/2026 2:49,12.56704102
5/13/2026 2:54,12.56704102
5/13/2026 2:59,12.48124023
5/13/2026 3:04,12.48124023
5/13/2026 3:09,12.43833984
5/13/2026 3:14,12.43833984
5/13/2026 3:19,12.39543945
5/13/2026 3:24,12.39543945
5/13/2026 3:29,12.30963867
5/13/2026 3:34,12.30963867
5/13/2026 3:39,12.26673828
5/13/2026 3:44,12.22383789
5/13/2026 3:49,12.22383789
5/13/2026 3:54,12.1809375
5/13/2026 3:59,12.13803711
5/13/2026 4:04,12.09513672
5/13/2026 4:09,12.13803711
5/13/2026 4:14,12.05223633
5/13/2026 4:19,11.96643555
5/13/2026 4:24,11.96643555
5/13/2026 4:29,11.88063477
5/13/2026 4:34,11.88063477
5/13/2026 4:39,11.88063477
5/13/2026 4:44,11.83773437
5/13/2026 4:49,11.79483398
5/13/2026 4:54,11.79483398
5/13/2026 4:59,11.75193359
5/13/2026 5:04,11.7090332
5/13/2026 5:09,11.66613281
5/13/2026 5:14,11.62323242
5/13/2026 5:19,11.66613281
5/13/2026 5:24,11.58033203
5/13/2026 5:29,11.58033203
5/13/2026 5:34,11.58033203
5/13/2026 5:39,11.53743164
5/13/2026 5:44,11.53743164
5/13/2026 5:49,11.49453125
5/13/2026 5:54,11.49453125
5/13/2026 5:59,11.40873047
5/13/2026 6:04,11.40873047
5/13/2026 6:09,11.36583008
5/13/2026 6:14,11.40873047
5/13/2026 6:19,11.32292969
5/13/2026 6:24,11.32292969
5/13/2026 6:29,11.32292969
5/13/2026 6:34,11.2800293
5/13/2026 6:39,11.2800293
5/13/2026 6:44,11.2800293
5/13/2026 6:49,11.2800293
5/13/2026 6:54,11.2800293
5/13/2026 6:59,11.32292969
5/13/2026 7:04,11.2800293
5/13/2026 7:09,11.2800293
5/13/2026 7:14,11.2800293
5/13/2026 7:19,11.23712891
5/13/2026 7:24,11.23712891
5/13/2026 7:29,11.23712891
5/13/2026 7:34,11.23712891
5/13/2026 7:39,11.2800293
5/13/2026 7:44,11.2800293
5/13/2026 7:49,11.36583008
5/13/2026 7:54,11.32292969
5/13/2026 7:59,11.36583008
5/13/2026 8:04,11.40873047
5/13/2026 8:09,11.45163086
5/13/2026 8:14,11.45163086
5/13/2026 8:19,11.49453125
5/13/2026 8:24,11.58033203
5/13/2026 8:29,11.66613281
5/13/2026 8:34,11.7090332
5/13/2026 8:39,11.75193359
5/13/2026 8:44,11.83773437
5/13/2026 8:49,11.88063477
5/13/2026 8:54,11.83773437
5/13/2026 8:59,11.83773437
5/13/2026 9:04,11.96643555
5/13/2026 9:09,12.05223633
5/13/2026 9:14,12.09513672
5/13/2026 9:19,12.22383789
5/13/2026 9:24,12.30963867
5/13/2026 9:29,12.48124023
5/13/2026 9:34,12.56704102
5/13/2026 9:39,12.6528418
5/13/2026 9:44,12.6528418
5/13/2026 9:49,12.78154297
5/13/2026 9:54,12.91024414
5/13/2026 9:59,12.91024414
5/13/2026 10:04,12.99604492
5/13/2026 10:09,13.0818457
5/13/2026 10:14,13.21054687
5/13/2026 10:19,13.21054687
5/13/2026 10:24,13.33924805
5/13/2026 10:29,13.42504883
5/13/2026 10:34,13.46794922
5/13/2026 10:39,13.59665039
5/13/2026 10:44,13.72535156
5/13/2026 10:49,13.89695312
5/13/2026 10:54,13.98275391
5/13/2026 10:59,13.98275391
5/13/2026 11:04,14.06855469
5/13/2026 11:09,14.19725586
5/13/2026 11:14,14.36885742
5/13/2026 11:19,14.36885742
5/13/2026 11:24,14.4546582
5/13/2026 11:29,14.49755859
5/13/2026 11:34,14.62625977
5/13/2026 11:39,14.75496094
5/13/2026 11:44,14.75496094
5/13/2026 11:49,14.71206055
5/13/2026 11:54,14.79786133
5/13/2026 11:59,14.96946289
5/13/2026 12:04,15.09816406
5/13/2026 12:09,15.22686523
5/13/2026 12:14,15.35556641
5/13/2026 12:19,15.48426758
5/13/2026 12:24,15.3984668
5/13/2026 12:29,15.48426758
5/13/2026 12:34,15.57006836
5/13/2026 12:39,15.69876953
5/13/2026 12:44,15.74166992
5/13/2026 12:49,15.91327148
5/13/2026 12:54,16.08487305
5/13/2026 12:59,16.08487305
5/13/2026 13:04,16.17067383
5/13/2026 13:09,16.25647461
5/13/2026 13:14,16.42807617
5/13/2026 13:19,16.59967773
5/13/2026 13:24,16.64257813
5/13/2026 13:29,16.81417969
5/13/2026 13:34,16.98578125
5/13/2026 13:39,17.11448242
5/13/2026 13:44,17.2002832
5/13/2026 13:49,17.32898437
5/13/2026 13:54,17.37188477
5/13/2026 13:59,17.54348633
5/13/2026 14:04,17.54348633
5/13/2026 14:09,17.6721875
5/13/2026 14:14,17.80088867
5/13/2026 14:19,17.92958984
5/13/2026 14:24,17.97249023
5/13/2026 14:29,18.05829102
5/13/2026 14:34,18.18699219
5/13/2026 14:39,18.27279297
5/13/2026 14:44,18.40149414
5/13/2026 14:49,18.44439453
5/13/2026 14:54,18.53019531
5/13/2026 14:59,18.53019531
5/13/2026 15:04,18.5730957
5/13/2026 15:09,18.65889648
5/13/2026 15:14,18.65889648
5/13/2026 15:19,18.78759766
5/13/2026 15:24,18.78759766
5/13/2026 15:29,18.74469727
5/13/2026 15:34,18.87339844
5/13/2026 15:39,18.91629883
5/13/2026 15:44,18.87339844
5/13/2026 15:49,19.00209961
5/13/2026 15:54,19.045
5/13/2026 15:59,19.08790039
5/13/2026 16:04,19.13080078
5/13/2026 16:09,19.17370117
5/13/2026 16:14,19.08790039
5/13/2026 16:19,19.13080078
5/13/2026 16:24,19.21660156
5/13/2026 16:29,19.21660156
5/13/2026 16:34,19.25950195
5/13/2026 16:39,19.21660156
5/13/2026 16:44,19.25950195
5/13/2026 16:49,19.21660156
5/13/2026 16:54,19.21660156
5/13/2026 16:59,19.21660156
5/13/2026 17:04,19.21660156
5/13/2026 17:09,19.30240234
5/13/2026 17:14,19.21660156
5/13/2026 17:19,19.21660156
5/13/2026 17:24,19.25950195
5/13/2026 17:29,19.13080078
5/13/2026 17:34,19.08790039
5/13/2026 17:39,19.13080078
5/13/2026 17:44,19.08790039
5/13/2026 17:49,19.08790039
5/13/2026 17:54,19.00209961
5/13/2026 17:59,18.95919922
5/13/2026 18:04,18.95919922
5/13/2026 18:09,18.83049805
5/13/2026 18:14,18.78759766
5/13/2026 18:19,18.74469727
5/13/2026 18:24,18.61599609
5/13/2026 18:29,18.5730957
5/13/2026 18:34,18.48729492
5/13/2026 18:39,18.35859375
5/13/2026 18:44,18.22989258
5/13/2026 18:49,18.1440918
5/13/2026 18:54,18.05829102
5/13/2026 18:59,17.97249023
5/13/2026 19:04,17.88668945
5/13/2026 19:09,17.75798828
5/13/2026 19:14,17.71508789
5/13/2026 19:19,17.54348633
5/13/2026 19:24,17.45768555
5/13/2026 19:29,17.37188477
5/13/2026 19:34,17.32898437
5/13/2026 19:39,17.24318359
5/13/2026 19:44,17.11448242
5/13/2026 19:49,17.07158203
5/13/2026 19:54,16.94288086
5/13/2026 19:59,16.85708008
5/13/2026 20:04,16.7712793
5/13/2026 20:09,16.64257813
5/13/2026 20:14,16.59967773
5/13/2026 20:19,16.51387695
5/13/2026 20:24,16.38517578
5/13/2026 20:29,16.34227539
5/13/2026 20:34,16.25647461
5/13/2026 20:39,16.17067383
5/13/2026 20:44,16.08487305
5/13/2026 20:49,15.99907227
5/13/2026 20:54,15.91327148
5/13/2026 20:59,15.95617187
5/13/2026 21:04,15.8274707
5/13/2026 21:09,15.74166992
5/13/2026 21:14,15.65586914
5/13/2026 21:19,15.57006836
5/13/2026 21:24,15.52716797
5/13/2026 21:29,15.44136719
5/13/2026 21:34,15.3984668
5/13/2026 21:39,15.35556641
5/13/2026 21:44,15.31266602
5/13/2026 21:49,15.22686523
5/13/2026 21:54,15.18396484
5/13/2026 21:59,15.14106445
5/13/2026 22:04,15.05526367
5/13/2026 22:09,15.01236328
5/13/2026 22:14,15.01236328
5/13/2026 22:19,14.9265625
5/13/2026 22:24,14.88366211
5/13/2026 22:29,14.75496094
5/13/2026 22:34,14.79786133
5/13/2026 22:39,14.75496094
5/13/2026 22:44,14.66916016
5/13/2026 22:49,14.62625977
5/13/2026 22:54,14.62625977
5/13/2026 22:59,14.54045898
5/13/2026 23:04,14.49755859
5/13/2026 23:09,14.4546582
5/13/2026 23:14,14.36885742
5/13/2026 23:19,14.36885742
5/13/2026 23:24,14.36885742
5/13/2026 23:29,14.28305664
5/13/2026 23:34,14.24015625
5/13/2026 23:39,14.15435547
5/13/2026 23:44,14.15435547
5/13/2026 23:49,14.06855469
5/13/2026 23:54,14.06855469
5/13/2026 23:59,14.0256543
5/14/2026 0:04,13.89695312
5/14/2026 0:09,13.89695312
5/14/2026 0:14,13.85405273
5/14/2026 0:19,13.81115234
5/14/2026 0:24,13.76825195
5/14/2026 0:29,13.76825195
5/14/2026 0:34,13.68245117
5/14/2026 0:39,13.68245117
5/14/2026 0:44,13.59665039
5/14/2026 0:49,13.55375
5/14/2026 0:54,13.55375
5/14/2026 0:59,13.51084961
5/14/2026 1:04,13.46794922
5/14/2026 1:09,13.46794922
5/14/2026 1:14,13.38214844
5/14/2026 1:19,13.29634766
5/14/2026 1:24,13.29634766
5/14/2026 1:29,13.29634766
5/14/2026 1:34,13.21054687
5/14/2026 1:39,13.21054687
5/14/2026 1:44,13.12474609
5/14/2026 1:49,13.0818457
5/14/2026 1:54,13.03894531
5/14/2026 1:59,12.99604492
5/14/2026 2:04,13.03894531
5/14/2026 2:09,12.95314453
5/14/2026 2:14,12.91024414
5/14/2026 2:19,12.91024414
5/14/2026 2:24,12.82444336
5/14/2026 2:29,12.82444336
5/14/2026 2:34,12.78154297
5/14/2026 2:39,12.78154297
5/14/2026 2:44,12.73864258
5/14/2026 2:49,12.69574219
5/14/2026 2:54,12.6528418
5/14/2026 2:59,12.56704102
5/14/2026 3:04,12.60994141
5/14/2026 3:09,12.56704102
5/14/2026 3:14,12.48124023
5/14/2026 3:19,12.48124023
5/14/2026 3:24,12.43833984
5/14/2026 3:29,12.39543945
5/14/2026 3:34,12.35253906
5/14/2026 3:39,12.30963867
5/14/2026 3:44,12.26673828
5/14/2026 3:49,12.30963867
5/14/2026 3:54,12.22383789
5/14/2026 3:59,12.22383789
5/14/2026 4:04,12.1809375
5/14/2026 4:09,12.1809375
5/14/2026 4:14,12.13803711
5/14/2026 4:19,12.13803711
5/14/2026 4:24,12.05223633
5/14/2026 4:29,12.00933594
5/14/2026 4:34,12.00933594
5/14/2026 4:39,11.92353516
5/14/2026 4:44,11.88063477
5/14/2026 4:49,11.88063477
5/14/2026 4:54,11.88063477
5/14/2026 4:59,11.83773437
5/14/2026 5:04,11.79483398
5/14/2026 5:09,11.79483398
5/14/2026 5:14,11.75193359
5/14/2026 5:19,11.75193359
5/14/2026 5:24,11.66613281
5/14/2026 5:29,11.66613281
5/14/2026 5:34,11.66613281
5/14/2026 5:39,11.62323242
5/14/2026 5:44,11.58033203
5/14/2026 5:49,11.53743164
5/14/2026 5:54,11.49453125
5/14/2026 5:59,11.49453125
5/14/2026 6:04,11.45163086
5/14/2026 6:09,11.45163086
5/14/2026 6:14,11.45163086
5/14/2026 6:19,11.45163086
5/14/2026 6:24,11.40873047
5/14/2026 6:29,11.36583008
5/14/2026 6:34,11.40873047
5/14/2026 6:39,11.40873047
5/14/2026 6:44,11.36583008
5/14/2026 6:49,11.36583008
5/14/2026 6:54,11.32292969
5/14/2026 6:59,11.32292969
5/14/2026 7:04,11.2800293
5/14/2026 7:09,11.2800293
5/14/2026 7:14,11.36583008
5/14/2026 7:19,11.2800293
5/14/2026 7:24,11.2800293
5/14/2026 7:29,11.2800293
5/14/2026 7:34,11.2800293
5/14/2026 7:39,11.32292969
5/14/2026 7:44,11.36583008
5/14/2026 7:49,11.36583008
5/14/2026 7:54,11.45163086
5/14/2026 7:59,11.45163086
5/14/2026 8:04,11.45163086
5/14/2026 8:09,11.53743164
5/14/2026 8:14,11.62323242
5/14/2026 8:19,11.58033203
5/14/2026 8:24,11.62323242
5/14/2026 8:29,11.7090332
5/14/2026 8:34,11.75193359
5/14/2026 8:39,11.83773437
5/14/2026 8:44,11.92353516
5/14/2026 8:49,11.92353516
5/14/2026 8:54,11.96643555
5/14/2026 8:59,12.00933594
5/14/2026 9:04,12.05223633
5/14/2026 9:09,12.13803711
5/14/2026 9:14,12.26673828
5/14/2026 9:19,12.35253906
5/14/2026 9:24,12.43833984
5/14/2026 9:29,12.60994141
5/14/2026 9:34,12.6528418
5/14/2026 9:39,12.78154297
5/14/2026 9:44,12.82444336
5/14/2026 9:49,12.91024414
5/14/2026 9:54,13.03894531
5/14/2026 9:59,13.03894531
5/14/2026 10:04,13.12474609
5/14/2026 10:09,13.25344727
5/14/2026 10:14,13.33924805
5/14/2026 10:19,13.42504883
5/14/2026 10:24,13.59665039
5/14/2026 10:29,13.63955078
5/14/2026 10:34,13.68245117
5/14/2026 10:39,13.85405273
5/14/2026 10:44,14.06855469
5/14/2026 10:49,14.15435547
5/14/2026 10:54,14.36885742
5/14/2026 10:59,14.41175781
5/14/2026 11:04,14.4546582
5/14/2026 11:09,14.54045898
5/14/2026 11:14,14.62625977
5/14/2026 11:19,14.71206055
5/14/2026 11:24,14.84076172
5/14/2026 11:29,14.96946289
5/14/2026 11:34,15.05526367
5/14/2026 11:39,15.22686523
5/14/2026 11:44,15.22686523
5/14/2026 11:49,15.22686523
5/14/2026 11:54,15.31266602
5/14/2026 11:59,15.48426758
5/14/2026 12:04,15.61296875
5/14/2026 12:09,15.69876953
5/14/2026 12:14,15.8274707
5/14/2026 12:19,15.87037109
5/14/2026 12:24,15.87037109
5/14/2026 12:29,15.87037109
5/14/2026 12:34,15.95617187
5/14/2026 12:39,16.04197266
5/14/2026 12:44,16.12777344
5/14/2026 12:49,16.17067383
5/14/2026 12:54,16.299375
5/14/2026 12:59,16.34227539
5/14/2026 13:04,16.42807617
5/14/2026 13:09,16.51387695
5/14/2026 13:14,16.64257813
5/14/2026 13:19,16.7712793
5/14/2026 13:24,16.85708008
5/14/2026 13:29,17.02868164
5/14/2026 13:34,17.15738281
5/14/2026 13:39,17.2002832
5/14/2026 13:44,17.24318359
5/14/2026 13:49,17.37188477
5/14/2026 13:54,17.41478516
5/14/2026 13:59,17.50058594
5/14/2026 14:04,17.50058594
5/14/2026 14:09,17.62928711
5/14/2026 14:14,17.6721875
5/14/2026 14:19,17.71508789
5/14/2026 14:24,17.75798828
5/14/2026 14:29,17.80088867
5/14/2026 14:34,17.88668945
5/14/2026 14:39,17.80088867
5/14/2026 14:44,17.88668945
5/14/2026 14:49,17.88668945
5/14/2026 14:54,17.97249023
5/14/2026 14:59,17.97249023
5/14/2026 15:04,18.01539063
5/14/2026 15:09,18.01539063
5/14/2026 15:14,17.88668945
5/14/2026 15:19,17.97249023
5/14/2026 15:24,17.97249023
5/14/2026 15:29,17.88668945
5/14/2026 15:34,17.97249023
5/14/2026 15:39,17.97249023
5/14/2026 15:44,17.92958984
5/14/2026 15:49,17.88668945
5/14/2026 15:54,17.97249023
5/14/2026 15:59,17.97249023
5/14/2026 16:04,17.88668945
5/14/2026 16:09,18.01539063
5/14/2026 16:14,17.97249023
5/14/2026 16:19,17.97249023
5/14/2026 16:24,17.97249023
5/14/2026 16:29,18.01539063
5/14/2026 16:34,18.05829102
5/14/2026 16:39,18.01539063
5/14/2026 16:44,18.05829102
5/14/2026 16:49,18.05829102
5/14/2026 16:54,18.01539063
5/14/2026 16:59,17.97249023
5/14/2026 17:04,17.92958984
5/14/2026 17:09,17.84378906
5/14/2026 17:14,17.75798828
5/14/2026 17:19,17.6721875
5/14/2026 17:24,17.54348633
5/14/2026 17:29,17.41478516
5/14/2026 17:34,17.28608398
5/14/2026 17:39,17.15738281
5/14/2026 17:44,17.02868164
5/14/2026 17:49,16.94288086
5/14/2026 17:54,16.81417969
5/14/2026 17:59,16.72837891
5/14/2026 18:04,16.59967773
5/14/2026 18:09,16.59967773
5/14/2026 18:14,16.55677734
5/14/2026 18:19,16.47097656
5/14/2026 18:24,16.42807617
5/14/2026 18:29,16.38517578
5/14/2026 18:34,16.34227539
5/14/2026 18:39,16.34227539
5/14/2026 18:44,16.34227539
5/14/2026 18:49,16.25647461
5/14/2026 18:54,16.25647461
5/14/2026 18:59,16.21357422
5/14/2026 19:04,16.21357422
5/14/2026 19:09,16.21357422
5/14/2026 19:14,16.17067383
5/14/2026 19:19,16.08487305
5/14/2026 19:24,16.04197266
5/14/2026 19:29,15.95617187
5/14/2026 19:34,15.91327148
5/14/2026 19:39,15.91327148
5/14/2026 19:44,15.8274707
5/14/2026 19:49,15.74166992
5/14/2026 19:54,15.65586914
5/14/2026 19:59,15.65586914
5/14/2026 20:04,15.61296875
5/14/2026 20:09,15.61296875
5/14/2026 20:14,15.61296875
5/14/2026 20:19,15.52716797
5/14/2026 20:24,15.57006836
5/14/2026 20:29,15.48426758
5/14/2026 20:34,15.48426758
5/14/2026 20:39,15.48426758
5/14/2026 20:44,15.48426758
5/14/2026 20:49,15.44136719
5/14/2026 20:54,15.3984668
5/14/2026 20:59,15.26976562
5/14/2026 21:04,15.22686523
5/14/2026 21:09,15.22686523
5/14/2026 21:14,15.14106445
5/14/2026 21:19,15.14106445
5/14/2026 21:24,15.09816406
5/14/2026 21:29,15.01236328
5/14/2026 21:34,15.01236328
5/14/2026 21:39,14.96946289
5/14/2026 21:44,14.9265625
5/14/2026 21:49,14.84076172
5/14/2026 21:54,14.79786133
5/14/2026 21:59,14.75496094
5/14/2026 22:04,14.66916016
5/14/2026 22:09,14.58335938
5/14/2026 22:14,14.58335938
5/14/2026 22:19,14.54045898
5/14/2026 22:24,14.4546582
5/14/2026 22:29,14.41175781
5/14/2026 22:34,14.28305664
5/14/2026 22:39,14.19725586
5/14/2026 22:44,14.15435547
5/14/2026 22:49,14.06855469
5/14/2026 22:54,14.0256543
5/14/2026 22:59,13.98275391
5/14/2026 23:04,13.89695312
5/14/2026 23:09,13.89695312
5/14/2026 23:14,13.81115234
5/14/2026 23:19,13.72535156
5/14/2026 23:24,13.72535156
5/14/2026 23:29,13.59665039
5/14/2026 23:34,13.59665039
5/14/2026 23:39,13.59665039
5/14/2026 23:44,13.55375
5/14/2026 23:49,13.46794922
5/14/2026 23:54,13.42504883
5/14/2026 23:59,13.42504883
5/15/2026 0:04,13.38214844
5/15/2026 0:09,13.33924805
5/15/2026 0:14,13.29634766
5/15/2026 0:19,13.29634766
5/15/2026 0:24,13.25344727
5/15/2026 0:29,13.25344727
5/15/2026 0:34,13.21054687
5/15/2026 0:39,13.21054687
5/15/2026 0:44,13.16764648
5/15/2026 0:49,13.16764648
5/15/2026 0:54,13.12474609
5/15/2026 0:59,13.0818457
5/15/2026 1:04,13.0818457
5/15/2026 1:09,13.0818457
5/15/2026 1:14,13.03894531
5/15/2026 1:19,12.99604492
5/15/2026 1:24,13.03894531
5/15/2026 1:29,12.95314453
5/15/2026 1:34,12.91024414
5/15/2026 1:39,12.91024414
5/15/2026 1:44,12.91024414
5/15/2026 1:49,12.86734375
5/15/2026 1:54,12.82444336
5/15/2026 1:59,12.86734375
5/15/2026 2:04,12.82444336
5/15/2026 2:09,12.78154297
5/15/2026 2:14,12.78154297
5/15/2026 2:19,12.69574219
5/15/2026 2:24,12.6528418
5/15/2026 2:29,12.60994141
5/15/2026 2:34,12.56704102
5/15/2026 2:39,12.52414063
5/15/2026 2:44,12.52414063
5/15/2026 2:49,12.48124023
5/15/2026 2:54,12.43833984
5/15/2026 2:59,12.43833984
5/15/2026 3:04,12.39543945
5/15/2026 3:09,12.35253906
5/15/2026 3:14,12.30963867
5/15/2026 3:19,12.30963867
5/15/2026 3:24,12.22383789
5/15/2026 3:29,12.1809375
5/15/2026 3:34,12.1809375
5/15/2026 3:39,12.1809375
5/15/2026 3:44,12.13803711
5/15/2026 3:49,12.13803711
5/15/2026 3:54,12.09513672
5/15/2026 3:59,12.09513672
5/15/2026 4:04,12.05223633
5/15/2026 4:09,12.00933594
5/15/2026 4:14,11.96643555
5/15/2026 4:19,11.96643555
5/15/2026 4:24,11.96643555
5/15/2026 4:29,11.96643555
5/15/2026 4:34,11.92353516
5/15/2026 4:39,11.92353516
5/15/2026 4:44,11.88063477
5/15/2026 4:49,11.92353516
5/15/2026 4:54,11.83773437
5/15/2026 4:59,11.88063477
5/15/2026 5:04,11.83773437
5/15/2026 5:09,11.83773437
5/15/2026 5:14,11.83773437
5/15/2026 5:19,11.79483398
5/15/2026 5:24,11.79483398
5/15/2026 5:29,11.75193359
5/15/2026 5:34,11.75193359
5/15/2026 5:39,11.75193359
5/15/2026 5:44,11.7090332
5/15/2026 5:49,11.7090332
5/15/2026 5:54,11.66613281
5/15/2026 5:59,11.66613281
5/15/2026 6:04,11.66613281
5/15/2026 6:09,11.66613281
5/15/2026 6:14,11.66613281
5/15/2026 6:19,11.62323242
5/15/2026 6:24,11.62323242
5/15/2026 6:29,11.62323242
5/15/2026 6:34,11.62323242
5/15/2026 6:39,11.58033203
5/15/2026 6:44,11.58033203
5/15/2026 6:49,11.58033203
5/15/2026 6:54,11.58033203
5/15/2026 6:59,11.58033203
5/15/2026 7:04,11.53743164
5/15/2026 7:09,11.53743164
5/15/2026 7:14,11.53743164
5/15/2026 7:19,11.58033203
5/15/2026 7:24,11.53743164
5/15/2026 7:29,11.58033203
5/15/2026 7:34,11.58033203
5/15/2026 7:39,11.49453125
5/15/2026 7:44,11.58033203
5/15/2026 7:49,11.62323242
5/15/2026 7:54,11.62323242
5/15/2026 7:59,11.7090332
5/15/2026 8:04,11.7090332
5/15/2026 8:09,11.79483398
5/15/2026 8:14,11.79483398
5/15/2026 8:19,11.83773437
5/15/2026 8:24,11.92353516
5/15/2026 8:29,11.96643555
5/15/2026 8:34,11.96643555
5/15/2026 8:39,12.13803711
5/15/2026 8:44,12.1809375
5/15/2026 8:49,12.26673828
5/15/2026 8:54,12.30963867
5/15/2026 8:59,12.26673828
5/15/2026 9:04,12.39543945
5/15/2026 9:09,12.48124023
5/15/2026 9:14,12.52414063
5/15/2026 9:19,12.60994141
5/15/2026 9:24,12.78154297
5/15/2026 9:29,12.95314453
5/15/2026 9:34,12.99604492
5/15/2026 9:39,13.12474609
5/15/2026 9:44,13.12474609
5/15/2026 9:49,13.25344727
5/15/2026 9:54,13.42504883
5/15/2026 9:59,13.42504883
5/15/2026 10:04,13.46794922
5/15/2026 10:09,13.59665039
5/15/2026 10:14,13.72535156
5/15/2026 10:19,13.72535156
5/15/2026 10:24,13.81115234
5/15/2026 10:29,13.89695312
5/15/2026 10:34,13.98275391
5/15/2026 10:39,14.19725586
5/15/2026 10:44,14.41175781
5/15/2026 10:49,14.58335938
5/15/2026 10:54,14.62625977
5/15/2026 10:59,14.75496094
5/15/2026 11:04,14.88366211
5/15/2026 11:09,15.01236328
5/15/2026 11:14,15.14106445
5/15/2026 11:19,15.26976562
5/15/2026 11:24,15.35556641
5/15/2026 11:29,15.48426758
5/15/2026 11:34,15.57006836
5/15/2026 11:39,15.78457031
5/15/2026 11:44,15.91327148
5/15/2026 11:49,15.8274707
5/15/2026 11:54,15.95617187
5/15/2026 11:59,16.08487305
5/15/2026 12:04,16.25647461
5/15/2026 12:09,16.42807617
5/15/2026 12:14,16.59967773
5/15/2026 12:19,16.68547852
5/15/2026 12:24,16.64257813
5/15/2026 12:29,16.68547852
5/15/2026 12:34,16.81417969
5/15/2026 12:39,16.85708008
5/15/2026 12:44,16.94288086
5/15/2026 12:49,16.98578125
5/15/2026 12:54,17.11448242
5/15/2026 12:59,17.2002832
5/15/2026 13:04,17.28608398
5/15/2026 13:09,17.37188477
5/15/2026 13:14,17.45768555
5/15/2026 13:19,17.58638672
5/15/2026 13:24,17.71508789
5/15/2026 13:29,17.84378906
5/15/2026 13:34,18.01539063
5/15/2026 13:39,18.10119141
5/15/2026 13:44,18.18699219
5/15/2026 13:49,18.31569336
5/15/2026 13:54,18.40149414
5/15/2026 13:59,18.44439453
5/15/2026 14:04,18.40149414
5/15/2026 14:09,18.44439453
5/15/2026 14:14,18.5730957
5/15/2026 14:19,18.65889648
5/15/2026 14:24,18.74469727
5/15/2026 14:29,18.78759766
5/15/2026 14:34,18.87339844
5/15/2026 14:39,18.91629883
5/15/2026 14:44,19.00209961
5/15/2026 14:49,19.045
5/15/2026 14:54,19.17370117
5/15/2026 14:59,19.13080078
5/15/2026 15:04,19.25950195
5/15/2026 15:09,19.17370117
5/15/2026 15:14,19.17370117
5/15/2026 15:19,19.25950195
5/15/2026 15:24,19.21660156
5/15/2026 15:29,19.21660156
5/15/2026 15:34,19.25950195
5/15/2026 15:39,19.34530273
5/15/2026 15:44,19.38820312
5/15/2026 15:49,19.47400391
5/15/2026 15:54,19.47400391
5/15/2026 15:59,19.5169043
5/15/2026 16:04,19.43110352
5/15/2026 16:09,19.38820312
5/15/2026 16:14,19.43110352
5/15/2026 16:19,19.5169043
5/15/2026 16:24,19.55980469
5/15/2026 16:29,19.64560547
5/15/2026 16:34,19.68850586
5/15/2026 16:39,19.55980469
5/15/2026 16:44,19.64560547
5/15/2026 16:49,19.64560547
5/15/2026 16:54,19.68850586
5/15/2026 16:59,19.68850586
5/15/2026 17:04,19.68850586
5/15/2026 17:09,19.73140625
5/15/2026 17:14,19.55980469
5/15/2026 17:19,19.38820312
5/15/2026 17:24,19.25950195
5/15/2026 17:29,19.17370117
5/15/2026 17:34,19.08790039
5/15/2026 17:39,18.95919922
5/15/2026 17:44,18.91629883
5/15/2026 17:49,18.87339844
5/15/2026 17:54,18.83049805
5/15/2026 17:59,18.78759766
5/15/2026 18:04,18.74469727
5/15/2026 18:09,18.65889648
5/15/2026 18:14,18.61599609
5/15/2026 18:19,18.65889648
5/15/2026 18:24,18.61599609
5/15/2026 18:29,18.61599609
5/15/2026 18:34,18.61599609
5/15/2026 18:39,18.53019531
5/15/2026 18:44,18.53019531
5/15/2026 18:49,18.5730957
5/15/2026 18:54,18.44439453
5/15/2026 18:59,18.44439453
5/15/2026 19:04,18.44439453
5/15/2026 19:09,18.40149414
5/15/2026 19:14,18.35859375
5/15/2026 19:19,18.35859375
5/15/2026 19:24,18.31569336
5/15/2026 19:29,18.27279297
5/15/2026 19:34,18.22989258
5/15/2026 19:39,18.10119141
5/15/2026 19:44,18.05829102
5/15/2026 19:49,17.97249023
5/15/2026 19:54,17.88668945
5/15/2026 19:59,17.88668945
5/15/2026 20:04,17.75798828
5/15/2026 20:09,17.6721875
5/15/2026 20:14,17.58638672
5/15/2026 20:19,17.54348633
5/15/2026 20:24,17.37188477
5/15/2026 20:29,17.32898437
5/15/2026 20:34,17.28608398
5/15/2026 20:39,17.2002832
5/15/2026 20:44,17.2002832
5/15/2026 20:49,17.11448242
5/15/2026 20:54,17.02868164
5/15/2026 20:59,17.02868164
5/15/2026 21:04,16.94288086
5/15/2026 21:09,16.85708008
5/15/2026 21:14,16.81417969
5/15/2026 21:19,16.7712793
5/15/2026 21:24,16.7712793
5/15/2026 21:29,16.64257813
5/15/2026 21:34,16.59967773
5/15/2026 21:39,16.55677734
5/15/2026 21:44,16.55677734
5/15/2026 21:49,16.47097656
5/15/2026 21:54,16.42807617
5/15/2026 21:59,16.38517578
5/15/2026 22:04,16.34227539
5/15/2026 22:09,16.299375
5/15/2026 22:14,16.21357422
5/15/2026 22:19,16.21357422
5/15/2026 22:24,16.12777344
5/15/2026 22:29,16.04197266
5/15/2026 22:34,15.99907227
5/15/2026 22:39,15.99907227
5/15/2026 22:44,15.95617187
5/15/2026 22:49,15.87037109
5/15/2026 22:54,15.8274707
5/15/2026 22:59,15.74166992
5/15/2026 23:04,15.69876953
5/15/2026 23:09,15.61296875
5/15/2026 23:14,15.52716797
5/15/2026 23:19,15.48426758
5/15/2026 23:24,15.44136719
5/15/2026 23:29,15.44136719
5/15/2026 23:34,15.35556641
5/15/2026 23:39,15.31266602
5/15/2026 23:44,15.26976562
5/15/2026 23:49,15.22686523
5/15/2026 23:54,15.09816406
5/15/2026 23:59,15.14106445
5/16/2026 0:04,15.01236328
5/16/2026 0:09,15.01236328
5/16/2026 0:14,14.96946289
5/16/2026 0:19,14.9265625
5/16/2026 0:24,14.9265625
5/16/2026 0:29,14.84076172
5/16/2026 0:34,14.75496094
5/16/2026 0:39,14.75496094
5/16/2026 0:44,14.66916016
5/16/2026 0:49,14.66916016
5/16/2026 0:54,14.62625977
5/16/2026 0:59,14.58335938
5/16/2026 1:04,14.54045898
5/16/2026 1:09,14.41175781
5/16/2026 1:14,14.36885742
5/16/2026 1:19,14.32595703
5/16/2026 1:24,14.32595703
5/16/2026 1:29,14.24015625
5/16/2026 1:34,14.19725586
5/16/2026 1:39,14.15435547
5/16/2026 1:44,14.0256543
5/16/2026 1:49,14.0256543
5/16/2026 1:54,13.93985352
5/16/2026 1:59,13.85405273
5/16/2026 2:04,13.76825195
5/16/2026 2:09,13.72535156
5/16/2026 2:14,13.68245117
5/16/2026 2:19,13.63955078
5/16/2026 2:24,13.59665039
5/16/2026 2:29,13.51084961
5/16/2026 2:34,13.42504883
5/16/2026 2:39,13.33924805
5/16/2026 2:44,13.33924805
5/16/2026 2:49,13.25344727
5/16/2026 2:54,13.21054687
5/16/2026 2:59,13.0818457
5/16/2026 3:04,13.0818457
5/16/2026 3:09,13.03894531
5/16/2026 3:14,12.95314453
5/16/2026 3:19,12.91024414
5/16/2026 3:24,12.86734375
5/16/2026 3:29,12.82444336
5/16/2026 3:34,12.82444336
5/16/2026 3:39,12.69574219
5/16/2026 3:44,12.69574219
5/16/2026 3:49,12.60994141
5/16/2026 3:54,12.56704102
5/16/2026 3:59,12.48124023
5/16/2026 4:04,12.43833984
5/16/2026 4:09,12.39543945
5/16/2026 4:14,12.35253906
5/16/2026 4:19,12.30963867
5/16/2026 4:24,12.26673828
5/16/2026 4:29,12.26673828
5/16/2026 4:34,12.1809375
5/16/2026 4:39,12.13803711
5/16/2026 4:44,12.05223633
5/16/2026 4:49,12.05223633
5/16/2026 4:54,12.00933594
5/16/2026 4:59,11.96643555
5/16/2026 5:04,11.92353516
5/16/2026 5:09,11.88063477
5/16/2026 5:14,11.83773437
5/16/2026 5:19,11.83773437
5/16/2026 5:24,11.79483398
5/16/2026 5:29,11.75193359
5/16/2026 5:34,11.7090332
5/16/2026 5:39,11.66613281
5/16/2026 5:44,11.66613281
5/16/2026 5:49,11.58033203
5/16/2026 5:54,11.62323242
5/16/2026 5:59,11.49453125
5/16/2026 6:04,11.53743164
5/16/2026 6:09,11.49453125
5/16/2026 6:14,11.45163086
5/16/2026 6:19,11.40873047
5/16/2026 6:24,11.36583008
5/16/2026 6:29,11.36583008
5/16/2026 6:34,11.32292969
5/16/2026 6:39,11.32292969
5/16/2026 6:44,11.32292969
5/16/2026 6:49,11.23712891
5/16/2026 6:54,11.19422852
5/16/2026 6:59,11.19422852
5/16/2026 7:04,11.19422852
5/16/2026 7:09,11.15132813
5/16/2026 7:14,11.19422852
5/16/2026 7:19,11.19422852
5/16/2026 7:24,11.15132813
5/16/2026 7:29,11.15132813
5/16/2026 7:34,11.23712891
5/16/2026 7:39,11.15132813
5/16/2026 7:44,11.15132813
5/16/2026 7:49,11.23712891
5/16/2026 7:54,11.2800293
5/16/2026 7:59,11.2800293
5/16/2026 8:04,11.23712891
5/16/2026 8:09,11.36583008
5/16/2026 8:14,11.40873047
5/16/2026 8:19,11.45163086
5/16/2026 8:24,11.53743164
5/16/2026 8:29,11.49453125
5/16/2026 8:34,11.58033203
5/16/2026 8:39,11.62323242
5/16/2026 8:44,11.7090332
5/16/2026 8:49,11.79483398
5/16/2026 8:54,11.83773437
5/16/2026 8:59,11.79483398
5/16/2026 9:04,11.83773437
5/16/2026 9:09,11.88063477
5/16/2026 9:14,11.96643555
5/16/2026 9:19,11.96643555
5/16/2026 9:24,12.13803711
5/16/2026 9:29,12.26673828
5/16/2026 9:34,12.35253906
5/16/2026 9:39,12.48124023
5/16/2026 9:44,12.60994141
5/16/2026 9:49,12.60994141
5/16/2026 9:54,12.78154297
5/16/2026 9:59,12.91024414
5/16/2026 10:04,12.91024414
5/16/2026 10:09,12.99604492
5/16/2026 10:14,13.0818457
5/16/2026 10:19,13.12474609
5/16/2026 10:24,13.21054687
5/16/2026 10:29,13.21054687
5/16/2026 10:34,13.33924805
5/16/2026 10:39,13.51084961
5/16/2026 10:44,13.72535156
5/16/2026 10:49,13.89695312
5/16/2026 10:54,13.98275391
5/16/2026 10:59,14.11145508
5/16/2026 11:04,14.19725586
5/16/2026 11:09,14.32595703
5/16/2026 11:14,14.41175781
5/16/2026 11:19,14.58335938
5/16/2026 11:24,14.62625977
5/16/2026 11:29,14.75496094
5/16/2026 11:34,14.84076172
5/16/2026 11:39,14.9265625
5/16/2026 11:44,14.96946289
5/16/2026 11:49,15.05526367
5/16/2026 11:54,15.14106445
5/16/2026 11:59,15.26976562
5/16/2026 12:04,15.31266602
5/16/2026 12:09,15.44136719
5/16/2026 12:14,15.3984668
5/16/2026 12:19,15.57006836
5/16/2026 12:24,15.52716797
5/16/2026 12:29,15.57006836
5/16/2026 12:34,15.65586914
5/16/2026 12:39,15.69876953
5/16/2026 12:44,15.69876953
5/16/2026 12:49,15.78457031
5/16/2026 12:54,15.91327148
5/16/2026 12:59,15.99907227
5/16/2026 13:04,16.08487305
5/16/2026 13:09,16.17067383
5/16/2026 13:14,16.25647461
5/16/2026 13:19,16.299375
5/16/2026 13:24,16.42807617
5/16/2026 13:29,16.55677734
5/16/2026 13:34,16.64257813
5/16/2026 13:39,16.7712793
5/16/2026 13:44,16.94288086
5/16/2026 13:49,17.07158203
5/16/2026 13:54,17.15738281
5/16/2026 13:59,17.2002832
5/16/2026 14:04,17.28608398
5/16/2026 14:09,17.41478516
5/16/2026 14:14,17.50058594
5/16/2026 14:19,17.54348633
5/16/2026 14:24,17.54348633
5/16/2026 14:29,17.58638672
5/16/2026 14:34,17.75798828
5/16/2026 14:39,17.80088867
5/16/2026 14:44,17.84378906
5/16/2026 14:49,17.88668945
5/16/2026 14:54,17.97249023
5/16/2026 14:59,17.97249023
5/16/2026 15:04,17.97249023
5/16/2026 15:09,17.92958984
5/16/2026 15:14,18.01539063
5/16/2026 15:19,18.01539063
5/16/2026 15:24,18.01539063
5/16/2026 15:29,18.01539063
5/16/2026 15:34,18.10119141
5/16/2026 15:39,18.1440918
5/16/2026 15:44,18.22989258
5/16/2026 15:49,18.18699219
5/16/2026 15:54,18.31569336
5/16/2026 15:59,18.35859375
5/16/2026 16:04,18.40149414
5/16/2026 16:09,18.44439453
5/16/2026 16:14,18.35859375
5/16/2026 16:19,18.40149414
5/16/2026 16:24,18.44439453
5/16/2026 16:29,18.53019531
5/16/2026 16:34,18.48729492
5/16/2026 16:39,18.53019531
5/16/2026 16:44,18.44439453
5/16/2026 16:49,18.40149414
5/16/2026 16:54,18.44439453
5/16/2026 16:59,18.48729492
5/16/2026 17:04,18.53019531
5/16/2026 17:09,18.61599609
5/16/2026 17:14,18.53019531
5/16/2026 17:19,18.5730957
5/16/2026 17:24,18.53019531
5/16/2026 17:29,18.53019531
5/16/2026 17:34,18.44439453
5/16/2026 17:39,18.44439453
5/16/2026 17:44,18.40149414
5/16/2026 17:49,18.35859375
5/16/2026 17:54,18.40149414
5/16/2026 17:59,18.40149414
5/16/2026 18:04,18.40149414
5/16/2026 18:09,18.31569336
5/16/2026 18:14,18.18699219
5/16/2026 18:19,18.10119141
5/16/2026 18:24,18.05829102
5/16/2026 18:29,18.01539063
5/16/2026 18:34,17.88668945
5/16/2026 18:39,17.88668945
5/16/2026 18:44,17.80088867
5/16/2026 18:49,17.71508789
5/16/2026 18:54,17.58638672
5/16/2026 18:59,17.50058594
5/16/2026 19:04,17.41478516
5/16/2026 19:09,17.32898437
5/16/2026 19:14,17.28608398
5/16/2026 19:19,17.2002832
5/16/2026 19:24,17.2002832
5/16/2026 19:29,17.11448242
5/16/2026 19:34,17.02868164
5/16/2026 19:39,16.98578125
5/16/2026 19:44,16.89998047
5/16/2026 19:49,16.85708008
5/16/2026 19:54,16.72837891
5/16/2026 19:59,16.68547852
5/16/2026 20:04,16.64257813
5/16/2026 20:09,16.55677734
5/16/2026 20:14,16.47097656
5/16/2026 20:19,16.47097656
5/16/2026 20:24,16.34227539
5/16/2026 20:29,16.25647461
5/16/2026 20:34,16.21357422
5/16/2026 20:39,16.17067383
5/16/2026 20:44,16.12777344
5/16/2026 20:49,16.04197266
5/16/2026 20:54,16.04197266
5/16/2026 20:59,15.99907227
5/16/2026 21:04,15.91327148
5/16/2026 21:09,15.87037109
5/16/2026 21:14,15.8274707
5/16/2026 21:19,15.74166992
5/16/2026 21:24,15.69876953
5/16/2026 21:29,15.65586914
5/16/2026 21:34,15.69876953
5/16/2026 21:39,15.61296875
5/16/2026 21:44,15.57006836
5/16/2026 21:49,15.57006836
5/16/2026 21:54,15.52716797
5/16/2026 21:59,15.48426758
5/16/2026 22:04,15.48426758
5/16/2026 22:09,15.48426758
5/16/2026 22:14,15.44136719
5/16/2026 22:19,15.35556641
5/16/2026 22:24,15.26976562
5/16/2026 22:29,15.22686523
5/16/2026 22:34,15.22686523
5/16/2026 22:39,15.09816406
5/16/2026 22:44,15.01236328
5/16/2026 22:49,14.96946289
5/16/2026 22:54,14.88366211
5/16/2026 22:59,14.84076172
5/16/2026 23:04,14.79786133
5/16/2026 23:09,14.71206055
5/16/2026 23:14,14.66916016
5/16/2026 23:19,14.62625977
5/16/2026 23:24,14.58335938
5/16/2026 23:29,14.54045898
5/16/2026 23:34,14.49755859
5/16/2026 23:39,14.41175781
5/16/2026 23:44,14.41175781
5/16/2026 23:49,14.32595703
5/16/2026 23:54,14.32595703
5/16/2026 23:59,14.28305664
5/17/2026 0:04,14.24015625
5/17/2026 0:09,14.15435547
5/17/2026 0:14,14.11145508
5/17/2026 0:19,14.06855469
5/17/2026 0:24,14.06855469
5/17/2026 0:29,13.98275391
5/17/2026 0:34,13.93985352
5/17/2026 0:39,13.93985352
5/17/2026 0:44,13.89695312
5/17/2026 0:49,13.85405273
5/17/2026 0:54,13.81115234
5/17/2026 0:59,13.76825195
5/17/2026 1:04,13.72535156
5/17/2026 1:09,13.68245117
5/17/2026 1:14,13.59665039
5/17/2026 1:19,13.59665039
5/17/2026 1:24,13.59665039
5/17/2026 1:29,13.51084961
5/17/2026 1:34,13.51084961
5/17/2026 1:39,13.46794922
5/17/2026 1:44,13.38214844
5/17/2026 1:49,13.46794922
5/17/2026 1:54,13.38214844
5/17/2026 1:59,13.33924805
5/17/2026 2:04,13.29634766
5/17/2026 2:09,13.29634766
5/17/2026 2:14,13.21054687
5/17/2026 2:19,13.21054687
5/17/2026 2:24,13.16764648
5/17/2026 2:29,13.0818457
5/17/2026 2:34,13.12474609
5/17/2026 2:39,13.0818457
5/17/2026 2:44,13.03894531
5/17/2026 2:49,12.95314453
5/17/2026 2:54,12.95314453
5/17/2026 2:59,12.91024414
5/17/2026 3:04,12.91024414
5/17/2026 3:09,12.82444336
5/17/2026 3:14,12.82444336
5/17/2026 3:19,12.73864258
5/17/2026 3:24,12.78154297
5/17/2026 3:29,12.69574219
5/17/2026 3:34,12.69574219
5/17/2026 3:39,12.6528418
5/17/2026 3:44,12.60994141
5/17/2026 3:49,12.60994141
5/17/2026 3:54,12.56704102
5/17/2026 3:59,12.48124023
5/17/2026 4:04,12.43833984
5/17/2026 4:09,12.43833984
5/17/2026 4:14,12.43833984
5/17/2026 4:19,12.39543945
5/17/2026 4:24,12.35253906
5/17/2026 4:29,12.30963867
5/17/2026 4:34,12.26673828
5/17/2026 4:39,12.26673828
5/17/2026 4:44,12.22383789
5/17/2026 4:49,12.1809375
5/17/2026 4:54,12.1809375
5/17/2026 4:59,12.13803711
5/17/2026 5:04,12.09513672
5/17/2026 5:09,12.09513672
5/17/2026 5:14,12.05223633
5/17/2026 5:19,12.00933594
5/17/2026 5:24,12.00933594
5/17/2026 5:29,11.96643555
5/17/2026 5:34,11.96643555
5/17/2026 5:39,11.92353516
5/17/2026 5:44,11.88063477
5/17/2026 5:49,11.83773437
5/17/2026 5:54,11.88063477
5/17/2026 5:59,11.79483398
5/17/2026 6:04,11.79483398
5/17/2026 6:09,11.79483398
5/17/2026 6:14,11.75193359
5/17/2026 6:19,11.7090332
5/17/2026 6:24,11.66613281
5/17/2026 6:29,11.58033203
5/17/2026 6:34,11.66613281
5/17/2026 6:39,11.58033203
5/17/2026 6:44,11.62323242
5/17/2026 6:49,11.53743164
5/17/2026 6:54,11.58033203
5/17/2026 6:59,11.58033203
5/17/2026 7:04,11.53743164
5/17/2026 7:09,11.53743164
5/17/2026 7:14,11.53743164
5/17/2026 7:19,11.53743164
5/17/2026 7:24,11.53743164
5/17/2026 7:29,11.53743164
5/17/2026 7:34,11.58033203
5/17/2026 7:39,11.53743164
5/17/2026 7:44,11.53743164
5/17/2026 7:49,11.53743164
5/17/2026 7:54,11.53743164
5/17/2026 7:59,11.58033203
5/17/2026 8:04,11.53743164
5/17/2026 8:09,11.58033203
5/17/2026 8:14,11.62323242
5/17/2026 8:19,11.58033203
5/17/2026 8:24,11.62323242
5/17/2026 8:29,11.62323242
5/17/2026 8:34,11.62323242
5/17/2026 8:39,11.66613281
5/17/2026 8:44,11.62323242
5/17/2026 8:49,11.66613281
5/17/2026 8:54,11.62323242
5/17/2026 8:59,11.62323242
5/17/2026 9:04,11.66613281
5/17/2026 9:09,11.75193359
5/17/2026 9:14,11.7090332
5/17/2026 9:19,11.75193359
5/17/2026 9:24,11.79483398
5/17/2026 9:29,11.79483398
5/17/2026 9:34,11.83773437
5/17/2026 9:39,11.92353516
5/17/2026 9:44,12.05223633
5/17/2026 9:49,12.09513672
5/17/2026 9:54,12.13803711
5/17/2026 9:59,12.09513672
5/17/2026 10:04,12.1809375
5/17/2026 10:09,12.1809375
5/17/2026 10:14,12.26673828
5/17/2026 10:19,12.30963867
5/17/2026 10:24,12.35253906
5/17/2026 10:29,12.48124023
5/17/2026 10:34,12.52414063
5/17/2026 10:39,12.60994141
5/17/2026 10:44,12.60994141
5/17/2026 10:49,12.60994141
5/17/2026 10:54,12.60994141
5/17/2026 10:59,12.6528418
5/17/2026 11:04,12.69574219
5/17/2026 11:09,12.73864258
5/17/2026 11:14,12.82444336
5/17/2026 11:19,13.03894531
5/17/2026 11:24,13.25344727
5/17/2026 11:29,13.42504883
5/17/2026 11:34,13.46794922
5/17/2026 11:39,13.51084961
5/17/2026 11:44,13.55375
5/17/2026 11:49,13.63955078
5/17/2026 11:54,13.72535156
5/17/2026 11:59,13.85405273
5/17/2026 12:04,14.11145508
5/17/2026 12:09,14.24015625
5/17/2026 12:14,14.36885742
5/17/2026 12:19,14.36885742
5/17/2026 12:24,14.4546582
5/17/2026 12:29,14.49755859
5/17/2026 12:34,14.4546582
5/17/2026 12:39,14.49755859
5/17/2026 12:44,14.4546582
5/17/2026 12:49,14.41175781
5/17/2026 12:54,14.4546582
5/17/2026 12:59,14.41175781
5/17/2026 13:04,14.41175781
5/17/2026 13:09,14.36885742
5/17/2026 13:14,14.32595703
5/17/2026 13:19,14.36885742
5/17/2026 13:24,14.4546582
5/17/2026 13:29,14.54045898
5/17/2026 13:34,14.49755859
5/17/2026 13:39,14.49755859
5/17/2026 13:44,14.4546582
5/17/2026 13:49,14.49755859
5/17/2026 13:54,14.54045898
5/17/2026 13:59,14.62625977
5/17/2026 14:04,14.75496094
5/17/2026 14:09,14.88366211
5/17/2026 14:14,15.01236328
5/17/2026 14:19,15.01236328
5/17/2026 14:24,15.14106445
5/17/2026 14:29,15.26976562
5/17/2026 14:34,15.44136719
5/17/2026 14:39,15.48426758
5/17/2026 14:44,15.65586914
5/17/2026 14:49,15.78457031
5/17/2026 14:54,15.91327148
5/17/2026 14:59,16.04197266
5/17/2026 15:04,16.17067383
5/17/2026 15:09,16.21357422
5/17/2026 15:14,16.34227539
5/17/2026 15:19,16.47097656
5/17/2026 15:24,16.51387695
5/17/2026 15:29,16.47097656
5/17/2026 15:34,16.55677734
5/17/2026 15:39,16.64257813
5/17/2026 15:44,16.64257813
5/17/2026 15:49,16.72837891
5/17/2026 15:54,16.72837891
5/17/2026 15:59,16.81417969
5/17/2026 16:04,16.85708008
5/17/2026 16:09,16.68547852
5/17/2026 16:14,16.7712793
5/17/2026 16:19,16.68547852
5/17/2026 16:24,16.72837891
5/17/2026 16:29,16.81417969
5/17/2026 16:34,16.81417969
5/17/2026 16:39,16.7712793
5/17/2026 16:44,16.64257813
5/17/2026 16:49,16.59967773
5/17/2026 16:54,16.55677734
5/17/2026 16:59,16.51387695
5/17/2026 17:04,16.47097656
5/17/2026 17:09,16.55677734
5/17/2026 17:14,16.55677734
5/17/2026 17:19,16.59967773
5/17/2026 17:24,16.55677734
5/17/2026 17:29,16.51387695
5/17/2026 17:34,16.47097656
5/17/2026 17:39,16.51387695
5/17/2026 17:44,16.55677734
5/17/2026 17:49,16.51387695
5/17/2026 17:54,16.42807617
5/17/2026 17:59,16.38517578
5/17/2026 18:04,16.25647461
5/17/2026 18:09,16.21357422
5/17/2026 18:14,16.08487305
5/17/2026 18:19,16.12777344
5/17/2026 18:24,16.04197266
5/17/2026 18:29,15.87037109
5/17/2026 18:34,15.87037109
5/17/2026 18:39,15.78457031
5/17/2026 18:44,15.74166992
5/17/2026 18:49,15.65586914
5/17/2026 18:54,15.57006836
5/17/2026 18:59,15.48426758
5/17/2026 19:04,15.48426758
5/17/2026 19:09,15.44136719
5/17/2026 19:14,15.35556641
5/17/2026 19:19,15.31266602
5/17/2026 19:24,15.26976562
5/17/2026 19:29,15.18396484
5/17/2026 19:34,15.18396484
5/17/2026 19:39,15.18396484
5/17/2026 19:44,15.05526367
5/17/2026 19:49,15.01236328
5/17/2026 19:54,15.01236328
5/17/2026 19:59,14.96946289
5/17/2026 20:04,14.84076172
5/17/2026 20:09,14.88366211
5/17/2026 20:14,14.79786133
5/17/2026 20:19,14.75496094
5/17/2026 20:24,14.79786133
5/17/2026 20:29,14.66916016
5/17/2026 20:34,14.66916016
5/17/2026 20:39,14.62625977
5/17/2026 20:44,14.62625977
5/17/2026 20:49,14.58335938
5/17/2026 20:54,14.58335938
5/17/2026 20:59,14.49755859
5/17/2026 21:04,14.4546582
5/17/2026 21:09,14.4546582
5/17/2026 21:14,14.4546582
5/17/2026 21:19,14.41175781
5/17/2026 21:24,14.32595703
5/17/2026 21:29,14.36885742
5/17/2026 21:34,14.36885742
5/17/2026 21:39,14.32595703
5/17/2026 21:44,14.28305664
5/17/2026 21:49,14.28305664
5/17/2026 21:54,14.32595703
5/17/2026 21:59,14.15435547
5/17/2026 22:04,14.24015625
5/17/2026 22:09,14.19725586
5/17/2026 22:14,14.11145508
5/17/2026 22:19,14.11145508
5/17/2026 22:24,14.06855469
5/17/2026 22:29,14.06855469
5/17/2026 22:34,14.0256543
5/17/2026 22:39,13.98275391
5/17/2026 22:44,13.98275391
5/17/2026 22:49,13.93985352
5/17/2026 22:54,13.89695312
5/17/2026 22:59,13.81115234
5/17/2026 23:04,13.72535156
5/17/2026 23:09,13.68245117
5/17/2026 23:14,13.59665039
5/17/2026 23:19,13.51084961
5/17/2026 23:24,13.42504883
5/17/2026 23:29,13.33924805
5/17/2026 23:34,13.25344727
5/17/2026 23:39,13.16764648
5/17/2026 23:44,13.0818457
5/17/2026 23:49,13.03894531
5/17/2026 23:54,12.95314453
5/17/2026 23:59,12.91024414
5/18/2026 0:04,12.78154297
5/18/2026 0:09,12.56704102
5/18/2026 0:14,12.48124023
5/18/2026 0:19,12.60994141
5/18/2026 0:24,13.03894531
5/18/2026 0:29,13.33924805
5/18/2026 0:34,13.63955078
5/18/2026 0:39,14.0256543
5/18/2026 0:44,14.4546582
5/18/2026 0:49,14.62625977
5/18/2026 0:54,14.79786133
5/18/2026 0:59,14.88366211
5/18/2026 1:04,14.96946289
5/18/2026 1:09,15.09816406
5/18/2026 1:14,15.18396484
5/18/2026 1:19,15.31266602
5/18/2026 1:24,15.31266602
5/18/2026 1:29,15.3984668
5/18/2026 1:34,15.3984668
5/18/2026 1:39,15.48426758
5/18/2026 1:44,15.52716797
5/18/2026 1:49,15.48426758
5/18/2026 1:54,15.48426758
5/18/2026 1:59,15.48426758
5/18/2026 2:04,15.44136719
5/18/2026 2:09,15.3984668
5/18/2026 2:14,15.35556641
5/18/2026 2:19,15.31266602
5/18/2026 2:24,15.26976562
5/18/2026 2:29,15.18396484
5/18/2026 2:34,15.18396484
5/18/2026 2:39,15.09816406
5/18/2026 2:44,15.09816406
5/18/2026 2:49,15.01236328
5/18/2026 2:54,14.96946289
5/18/2026 2:59,14.96946289
5/18/2026 3:04,14.9265625
5/18/2026 3:09,14.9265625
5/18/2026 3:14,14.88366211
5/18/2026 3:19,14.88366211
5/18/2026 3:24,14.84076172
5/18/2026 3:29,14.88366211
5/18/2026 3:34,14.88366211
5/18/2026 3:39,14.84076172
5/18/2026 3:44,14.79786133
5/18/2026 3:49,14.84076172
5/18/2026 3:54,14.79786133
5/18/2026 3:59,14.75496094
5/18/2026 4:04,14.75496094
5/18/2026 4:09,14.84076172
5/18/2026 4:14,14.79786133
5/18/2026 4:19,14.84076172
5/18/2026 4:24,14.88366211
5/18/2026 4:29,14.9265625
5/18/2026 4:34,14.96946289
5/18/2026 4:39,15.05526367
5/18/2026 4:44,15.09816406
5/18/2026 4:49,15.14106445
5/18/2026 4:54,15.18396484
5/18/2026 4:59,15.26976562
5/18/2026 5:04,15.35556641
5/18/2026 5:09,15.35556641
5/18/2026 5:14,15.3984668
5/18/2026 5:19,15.3984668
5/18/2026 5:24,15.3984668
5/18/2026 5:29,15.48426758
5/18/2026 5:34,15.48426758
5/18/2026 5:39,15.52716797
5/18/2026 5:44,15.57006836
5/18/2026 5:49,15.57006836
5/18/2026 5:54,15.57006836
5/18/2026 5:59,15.61296875
5/18/2026 6:04,15.57006836
5/18/2026 6:09,15.61296875
5/18/2026 6:14,15.61296875
5/18/2026 6:19,15.61296875
5/18/2026 6:24,15.61296875
5/18/2026 6:29,15.65586914
5/18/2026 6:34,15.65586914
5/18/2026 6:39,15.61296875
5/18/2026 6:44,15.61296875
5/18/2026 6:49,15.61296875
5/18/2026 6:54,15.57006836
5/18/2026 6:59,15.57006836
5/18/2026 7:04,15.57006836
5/18/2026 7:09,15.52716797
5/18/2026 7:14,15.57006836
5/18/2026 7:19,15.52716797
5/18/2026 7:24,15.52716797
5/18/2026 7:29,15.52716797
5/18/2026 7:34,15.52716797
5/18/2026 7:39,15.52716797
5/18/2026 7:44,15.52716797
5/18/2026 7:49,15.57006836
5/18/2026 7:54,15.61296875
5/18/2026 7:59,15.61296875
5/18/2026 8:04,15.57006836
5/18/2026 8:09,15.61296875
5/18/2026 8:14,15.65586914
5/18/2026 8:19,15.65586914
5/18/2026 8:24,15.69876953
5/18/2026 8:29,15.78457031
5/18/2026 8:34,15.78457031
5/18/2026 8:39,15.8274707
5/18/2026 8:44,15.8274707
5/18/2026 8:49,15.87037109
5/18/2026 8:54,15.91327148
5/18/2026 8:59,15.99907227
5/18/2026 9:04,16.04197266
5/18/2026 9:09,16.08487305
5/18/2026 9:14,16.12777344
5/18/2026 9:19,16.17067383
5/18/2026 9:24,16.12777344
5/18/2026 9:29,16.12777344
5/18/2026 9:34,16.08487305
5/18/2026 9:39,16.17067383
5/18/2026 9:44,16.08487305
5/18/2026 9:49,16.08487305
5/18/2026 9:54,16.04197266
5/18/2026 9:59,16.08487305
5/18/2026 10:04,16.08487305
5/18/2026 10:09,16.04197266
5/18/2026 10:14,16.04197266
5/18/2026 10:19,16.04197266
5/18/2026 10:24,16.04197266
5/18/2026 10:29,16.04197266
5/18/2026 10:34,15.99907227
5/18/2026 10:39,16.04197266
5/18/2026 10:44,16.04197266
5/18/2026 10:49,16.04197266
5/18/2026 10:54,16.04197266
5/18/2026 10:59,16.12777344
5/18/2026 11:04,16.12777344
5/18/2026 11:09,16.08487305
5/18/2026 11:14,16.12777344
5/18/2026 11:19,16.21357422
5/18/2026 11:24,16.299375
5/18/2026 11:29,16.299375
5/18/2026 11:34,16.34227539
5/18/2026 11:39,16.38517578
5/18/2026 11:44,16.42807617
5/18/2026 11:49,16.51387695
5/18/2026 11:54,16.51387695
5/18/2026 11:59,16.64257813
5/18/2026 12:04,16.81417969
5/18/2026 12:09,16.89998047
5/18/2026 12:14,17.07158203
5/18/2026 12:19,17.11448242
5/18/2026 12:24,17.15738281
5/18/2026 12:29,17.2002832
5/18/2026 12:34,17.2002832
5/18/2026 12:39,17.2002832
5/18/2026 12:44,17.2002832
5/18/2026 12:49,17.24318359
5/18/2026 12:54,17.24318359
5/18/2026 12:59,17.32898437
5/18/2026 13:04,17.37188477
5/18/2026 13:09,17.41478516
5/18/2026 13:14,17.45768555
5/18/2026 13:19,17.45768555
5/18/2026 13:24,17.50058594
5/18/2026 13:29,17.45768555
5/18/2026 13:34,17.41478516
5/18/2026 13:39,17.45768555
5/18/2026 13:44,17.37188477
5/18/2026 13:49,17.37188477
5/18/2026 13:54,17.37188477
5/18/2026 13:59,17.32898437
5/18/2026 14:04,17.32898437
5/18/2026 14:09,17.28608398
5/18/2026 14:14,17.28608398
5/18/2026 14:19,17.28608398
5/18/2026 14:24,17.2002832
5/18/2026 14:29,17.24318359
5/18/2026 14:34,17.2002832
5/18/2026 14:39,17.2002832
5/18/2026 14:44,17.15738281
5/18/2026 14:49,17.15738281
5/18/2026 14:54,17.15738281
5/18/2026 14:59,17.11448242
5/18/2026 15:04,17.07158203
5/18/2026 15:09,17.07158203
5/18/2026 15:14,17.07158203
5/18/2026 15:19,17.02868164
5/18/2026 15:24,17.02868164
5/18/2026 15:29,16.98578125
5/18/2026 15:34,17.02868164
5/18/2026 15:39,16.98578125
5/18/2026 15:44,16.98578125
5/18/2026 15:49,16.94288086
5/18/2026 15:54,16.94288086
5/18/2026 15:59,16.94288086
5/18/2026 16:04,16.85708008
5/18/2026 16:09,16.89998047
5/18/2026 16:14,16.89998047
5/18/2026 16:19,16.85708008
5/18/2026 16:24,16.85708008
5/18/2026 16:29,16.81417969
5/18/2026 16:34,16.81417969
5/18/2026 16:39,16.81417969
5/18/2026 16:44,16.81417969
5/18/2026 16:49,16.81417969
5/18/2026 16:54,16.7712793
5/18/2026 16:59,16.81417969
5/18/2026 17:04,16.85708008
5/18/2026 17:09,16.81417969
5/18/2026 17:14,16.81417969
5/18/2026 17:19,16.81417969
5/18/2026 17:24,16.85708008
5/18/2026 17:29,16.85708008
5/18/2026 17:34,16.89998047
5/18/2026 17:39,16.85708008
5/18/2026 17:44,16.81417969
5/18/2026 17:49,16.85708008
5/18/2026 17:54,16.7712793
5/18/2026 17:59,16.72837891
5/18/2026 18:04,16.72837891
5/18/2026 18:09,16.64257813
5/18/2026 18:14,16.68547852
5/18/2026 18:19,16.64257813
5/18/2026 18:24,16.64257813
5/18/2026 18:29,16.59967773
5/18/2026 18:34,16.59967773
5/18/2026 18:39,16.59967773
5/18/2026 18:44,16.64257813
5/18/2026 18:49,16.55677734
5/18/2026 18:54,16.55677734
5/18/2026 18:59,16.51387695
5/18/2026 19:04,16.42807617
5/18/2026 19:09,16.47097656
5/18/2026 19:14,16.47097656
5/18/2026 19:19,16.42807617
5/18/2026 19:24,16.38517578
5/18/2026 19:29,16.38517578
5/18/2026 19:34,16.34227539
5/18/2026 19:39,16.34227539
5/18/2026 19:44,16.34227539
5/18/2026 19:49,16.299375
5/18/2026 19:54,16.299375
5/18/2026 19:59,16.34227539
5/18/2026 20:04,16.21357422
5/18/2026 20:09,16.21357422
5/18/2026 20:14,16.21357422
5/18/2026 20:19,16.12777344
5/18/2026 20:24,16.12777344
5/18/2026 20:29,16.08487305
5/18/2026 20:34,16.12777344
5/18/2026 20:39,16.08487305
5/18/2026 20:44,16.08487305
5/18/2026 20:49,16.12777344
5/18/2026 20:54,16.04197266
5/18/2026 20:59,16.12777344
5/18/2026 21:04,16.12777344
5/18/2026 21:09,16.12777344
5/18/2026 21:14,16.299375
5/18/2026 21:19,16.47097656
5/18/2026 21:24,16.64257813
5/18/2026 21:29,16.7712793
5/18/2026 21:34,16.94288086
5/18/2026 21:39,17.02868164
5/18/2026 21:44,17.15738281
5/18/2026 21:49,17.2002832
5/18/2026 21:54,17.2002832
5/18/2026 21:59,17.2002832
5/18/2026 22:04,17.2002832
5/18/2026 22:09,17.24318359
5/18/2026 22:14,17.2002832
5/18/2026 22:19,17.2002832
5/18/2026 22:24,17.2002832
5/18/2026 22:29,17.2002832
5/18/2026 22:34,17.2002832
5/18/2026 22:39,17.2002832
5/18/2026 22:44,17.2002832
5/18/2026 22:49,17.15738281
5/18/2026 22:54,17.15738281
5/18/2026 22:59,17.11448242
5/18/2026 23:04,17.11448242
5/18/2026 23:09,17.02868164
5/18/2026 23:14,17.02868164
5/18/2026 23:19,17.02868164
5/18/2026 23:24,16.94288086
5/18/2026 23:29,16.94288086
5/18/2026 23:34,16.89998047
5/18/2026 23:39,16.85708008
5/18/2026 23:44,16.81417969
5/18/2026 23:49,16.81417969
5/18/2026 23:54,16.7712793
5/18/2026 23:59,16.81417969
5/19/2026 0:04,16.72837891
5/19/2026 0:09,16.72837891
5/19/2026 0:14,16.68547852
5/19/2026 0:19,16.68547852
5/19/2026 0:24,16.64257813
5/19/2026 0:29,16.64257813
5/19/2026 0:34,16.59967773
5/19/2026 0:39,16.55677734
5/19/2026 0:44,16.42807617
5/19/2026 0:49,16.47097656
5/19/2026 0:54,16.42807617
5/19/2026 0:59,16.42807617
5/19/2026 1:04,16.38517578
5/19/2026 1:09,16.34227539
5/19/2026 1:14,16.299375
5/19/2026 1:19,16.25647461
5/19/2026 1:24,16.25647461
5/19/2026 1:29,16.21357422
5/19/2026 1:34,16.12777344
5/19/2026 1:39,16.08487305
5/19/2026 1:44,16.08487305
5/19/2026 1:49,15.99907227
5/19/2026 1:54,15.99907227
5/19/2026 1:59,15.87037109
5/19/2026 2:04,15.87037109
5/19/2026 2:09,15.8274707
5/19/2026 2:14,15.78457031
5/19/2026 2:19,15.78457031
5/19/2026 2:24,15.8274707
5/19/2026 2:29,15.74166992
5/19/2026 2:34,15.78457031
5/19/2026 2:39,15.78457031
5/19/2026 2:44,15.74166992
5/19/2026 2:49,15.74166992
5/19/2026 2:54,15.65586914
5/19/2026 2:59,15.69876953
5/19/2026 3:04,15.69876953
5/19/2026 3:09,15.69876953
5/19/2026 3:14,15.61296875
5/19/2026 3:19,15.65586914
5/19/2026 3:24,15.61296875
5/19/2026 3:29,15.57006836
5/19/2026 3:34,15.52716797
5/19/2026 3:39,15.57006836
5/19/2026 3:44,15.52716797
5/19/2026 3:49,15.48426758
5/19/2026 3:54,15.48426758
5/19/2026 3:59,15.44136719
5/19/2026 4:04,15.44136719
5/19/2026 4:09,15.3984668
5/19/2026 4:14,15.3984668
5/19/2026 4:19,15.3984668
5/19/2026 4:24,15.31266602
5/19/2026 4:29,15.31266602
5/19/2026 4:34,15.31266602
5/19/2026 4:39,15.22686523
5/19/2026 4:44,15.26976562
5/19/2026 4:49,15.22686523
5/19/2026 4:54,15.18396484
5/19/2026 4:59,15.22686523
5/19/2026 5:04,15.22686523
5/19/2026 5:09,15.18396484
5/19/2026 5:14,15.09816406
5/19/2026 5:19,15.14106445
5/19/2026 5:24,15.05526367
5/19/2026 5:29,15.05526367
5/19/2026 5:34,15.01236328
5/19/2026 5:39,14.96946289
5/19/2026 5:44,15.01236328
5/19/2026 5:49,14.96946289
5/19/2026 5:54,14.9265625
5/19/2026 5:59,14.9265625
5/19/2026 6:04,14.9265625
5/19/2026 6:09,14.9265625
5/19/2026 6:14,14.84076172
5/19/2026 6:19,14.84076172
5/19/2026 6:24,14.75496094
5/19/2026 6:29,14.75496094
5/19/2026 6:34,14.79786133
5/19/2026 6:39,14.71206055
5/19/2026 6:44,14.66916016
5/19/2026 6:49,14.71206055
5/19/2026 6:54,14.62625977
5/19/2026 6:59,14.58335938
5/19/2026 7:04,14.62625977
5/19/2026 7:09,14.62625977
5/19/2026 7:14,14.54045898
5/19/2026 7:19,14.54045898
5/19/2026 7:24,14.58335938
5/19/2026 7:29,14.54045898
5/19/2026 7:34,14.58335938
5/19/2026 7:39,14.58335938
5/19/2026 7:44,14.54045898
5/19/2026 7:49,14.49755859
5/19/2026 7:54,14.54045898
5/19/2026 7:59,14.4546582
5/19/2026 8:04,14.4546582
5/19/2026 8:09,14.41175781
5/19/2026 8:14,14.41175781
5/19/2026 8:19,14.4546582
5/19/2026 8:24,14.36885742
5/19/2026 8:29,14.36885742
5/19/2026 8:34,14.32595703
5/19/2026 8:39,14.28305664
5/19/2026 8:44,14.28305664
5/19/2026 8:49,14.28305664
5/19/2026 8:54,14.28305664
5/19/2026 8:59,14.24015625
5/19/2026 9:04,14.24015625
5/19/2026 9:09,14.24015625
5/19/2026 9:14,14.19725586
5/19/2026 9:19,14.19725586
5/19/2026 9:24,14.19725586
5/19/2026 9:29,14.15435547
5/19/2026 9:34,14.19725586
5/19/2026 9:39,14.11145508
5/19/2026 9:44,14.19725586
5/19/2026 9:49,14.15435547
5/19/2026 9:54,14.11145508
5/19/2026 9:59,14.15435547
5/19/2026 10:04,14.15435547
5/19/2026 10:09,14.19725586
5/19/2026 10:14,14.24015625
5/19/2026 10:19,14.24015625
5/19/2026 10:24,14.24015625
5/19/2026 10:29,14.28305664
5/19/2026 10:34,14.28305664
5/19/2026 10:39,14.28305664
5/19/2026 10:44,14.28305664
5/19/2026 10:49,14.28305664
5/19/2026 10:54,14.24015625
5/19/2026 10:59,14.24015625
5/19/2026 11:04,14.28305664
5/19/2026 11:09,14.24015625
5/19/2026 11:14,14.28305664
5/19/2026 11:19,14.28305664
5/19/2026 11:24,14.32595703
5/19/2026 11:29,14.36885742
5/19/2026 11:34,14.32595703
5/19/2026 11:39,14.36885742
5/19/2026 11:44,14.36885742
5/19/2026 11:49,14.32595703
5/19/2026 11:54,14.41175781
5/19/2026 11:59,14.41175781
5/19/2026 12:04,14.4546582
5/19/2026 12:09,14.4546582
5/19/2026 12:14,14.49755859
5/19/2026 12:19,14.58335938
5/19/2026 12:24,14.58335938
5/19/2026 12:29,14.62625977
5/19/2026 12:34,14.58335938
5/19/2026 12:39,14.54045898
5/19/2026 12:44,14.58335938
5/19/2026 12:49,14.54045898
5/19/2026 12:54,14.49755859
5/19/2026 12:59,14.49755859
5/19/2026 13:04,14.54045898
5/19/2026 13:09,14.49755859
5/19/2026 13:14,14.4546582
5/19/2026 13:19,14.49755859
5/19/2026 13:24,14.4546582
5/19/2026 13:29,14.54045898
5/19/2026 13:34,14.54045898
5/19/2026 13:39,14.58335938
5/19/2026 13:44,14.54045898
5/19/2026 13:49,14.54045898
5/19/2026 13:54,14.58335938
5/19/2026 13:59,14.54045898
5/19/2026 14:04,14.58335938
5/19/2026 14:09,14.62625977
5/19/2026 14:14,14.62625977
5/19/2026 14:19,14.62625977
5/19/2026 14:24,14.62625977
5/19/2026 14:29,14.62625977
5/19/2026 14:34,14.62625977
5/19/2026 14:39,14.58335938
5/19/2026 14:44,14.66916016
5/19/2026 14:49,14.62625977
5/19/2026 14:54,14.62625977
5/19/2026 14:59,14.66916016
5/19/2026 15:04,14.66916016
5/19/2026 15:09,14.71206055
5/19/2026 15:14,14.71206055
5/19/2026 15:19,14.71206055
5/19/2026 15:24,14.62625977
5/19/2026 15:29,14.66916016
5/19/2026 15:34,14.62625977
5/19/2026 15:39,14.58335938
5/19/2026 15:44,14.62625977
5/19/2026 15:49,14.58335938
5/19/2026 15:54,14.62625977
5/19/2026 15:59,14.54045898
5/19/2026 16:04,14.62625977
5/19/2026 16:09,14.58335938
5/19/2026 16:14,14.54045898
5/19/2026 16:19,14.4546582
5/19/2026 16:24,14.41175781
5/19/2026 16:29,14.41175781
5/19/2026 16:34,14.36885742
5/19/2026 16:39,14.19725586
5/19/2026 16:44,14.32595703
5/19/2026 16:49,14.24015625
5/19/2026 16:54,14.24015625
5/19/2026 16:59,14.19725586
5/19/2026 17:04,14.24015625
5/19/2026 17:09,14.19725586
5/19/2026 17:14,14.19725586
5/19/2026 17:19,14.11145508
5/19/2026 17:24,14.15435547
5/19/2026 17:29,14.06855469
5/19/2026 17:34,14.06855469
5/19/2026 17:39,14.11145508
5/19/2026 17:44,14.06855469
5/19/2026 17:49,14.06855469
5/19/2026 17:54,14.0256543
5/19/2026 17:59,14.0256543
5/19/2026 18:04,13.98275391
5/19/2026 18:09,13.93985352
5/19/2026 18:14,13.89695312
5/19/2026 18:19,13.89695312
5/19/2026 18:24,13.89695312
5/19/2026 18:29,13.89695312
5/19/2026 18:34,13.81115234
5/19/2026 18:39,13.76825195
5/19/2026 18:44,13.76825195
5/19/2026 18:49,13.76825195
5/19/2026 18:54,13.76825195
5/19/2026 18:59,13.68245117
5/19/2026 19:04,13.68245117
5/19/2026 19:09,13.63955078
5/19/2026 19:14,13.63955078
5/19/2026 19:19,13.59665039
5/19/2026 19:24,13.59665039
5/19/2026 19:29,13.59665039
5/19/2026 19:34,13.59665039
5/19/2026 19:39,13.59665039
5/19/2026 19:44,13.55375
5/19/2026 19:49,13.51084961
5/19/2026 19:54,13.51084961
5/19/2026 19:59,13.46794922
5/19/2026 20:04,13.42504883
5/19/2026 20:09,13.42504883
5/19/2026 20:14,13.38214844
5/19/2026 20:19,13.33924805
5/19/2026 20:24,13.33924805
5/19/2026 20:29,13.33924805
5/19/2026 20:34,13.21054687
5/19/2026 20:39,13.25344727
5/19/2026 20:44,13.25344727
5/19/2026 20:49,13.21054687
5/19/2026 20:54,13.21054687
5/19/2026 20:59,13.16764648
5/19/2026 21:04,13.0818457
5/19/2026 21:09,13.12474609
5/19/2026 21:14,13.0818457
5/19/2026 21:19,13.0818457
5/19/2026 21:24,13.0818457
5/19/2026 21:29,13.0818457
5/19/2026 21:34,12.99604492
5/19/2026 21:39,12.99604492
5/19/2026 21:44,12.95314453
5/19/2026 21:49,12.95314453
5/19/2026 21:54,12.91024414
5/19/2026 21:59,12.91024414
5/19/2026 22:04,12.82444336
5/19/2026 22:09,12.82444336
5/19/2026 22:14,12.73864258
5/19/2026 22:19,12.78154297
5/19/2026 22:24,12.69574219
5/19/2026 22:29,12.69574219
5/19/2026 22:34,12.6528418
5/19/2026 22:39,12.60994141
5/19/2026 22:44,12.56704102
5/19/2026 22:49,12.56704102
5/19/2026 22:54,12.52414063
5/19/2026 22:59,12.52414063
5/19/2026 23:04,12.43833984
5/19/2026 23:09,12.39543945
5/19/2026 23:14,12.43833984
5/19/2026 23:19,12.35253906
5/19/2026 23:24,12.39543945
5/19/2026 23:29,12.35253906
5/19/2026 23:34,12.30963867
5/19/2026 23:39,12.30963867
5/19/2026 23:44,12.26673828
5/19/2026 23:49,12.22383789
5/19/2026 23:54,12.1809375
5/19/2026 23:59,12.22383789
5/20/2026 0:04,12.22383789
5/20/2026 0:09,12.09513672
5/20/2026 0:14,12.13803711
5/20/2026 0:19,12.00933594
5/20/2026 0:24,12.09513672
5/20/2026 0:29,12.09513672
5/20/2026 0:34,11.96643555
5/20/2026 0:39,11.96643555
5/20/2026 0:44,11.92353516
5/20/2026 0:49,11.96643555
5/20/2026 0:54,11.96643555
5/20/2026 0:59,11.92353516
5/20/2026 1:04,11.88063477
5/20/2026 1:09,11.88063477
5/20/2026 1:14,11.83773437
5/20/2026 1:19,11.83773437
5/20/2026 1:24,11.79483398
5/20/2026 1:29,11.75193359
5/20/2026 1:34,11.7090332
5/20/2026 1:39,11.66613281
5/20/2026 1:44,11.66613281
5/20/2026 1:49,11.62323242
5/20/2026 1:54,11.62323242
5/20/2026 1:59,11.58033203
5/20/2026 2:04,11.53743164
5/20/2026 2:09,11.53743164
5/20/2026 2:14,11.45163086
5/20/2026 2:19,11.45163086
5/20/2026 2:24,11.45163086
5/20/2026 2:29,11.45163086
5/20/2026 2:34,11.40873047
5/20/2026 2:39,11.40873047
5/20/2026 2:44,11.40873047
5/20/2026 2:49,11.40873047
5/20/2026 2:54,11.32292969
5/20/2026 2:59,11.2800293
5/20/2026 3:04,11.32292969
5/20/2026 3:09,11.32292969
5/20/2026 3:14,11.23712891
5/20/2026 3:19,11.23712891
5/20/2026 3:24,11.19422852
5/20/2026 3:29,11.15132813
5/20/2026 3:34,11.19422852
5/20/2026 3:39,11.10842773
5/20/2026 3:44,11.06552734
5/20/2026 3:49,11.06552734
5/20/2026 3:54,11.06552734
5/20/2026 3:59,11.02262695
5/20/2026 4:04,10.97972656
5/20/2026 4:09,11.02262695
5/20/2026 4:14,10.97972656
5/20/2026 4:19,10.89392578
5/20/2026 4:24,10.93682617
5/20/2026 4:29,10.89392578
5/20/2026 4:34,10.76522461
5/20/2026 4:39,10.808125
5/20/2026 4:44,10.76522461
5/20/2026 4:49,10.72232422
5/20/2026 4:54,10.67942383
5/20/2026 4:59,10.67942383
5/20/2026 5:04,10.72232422
5/20/2026 5:09,10.67942383
5/20/2026 5:14,10.63652344
5/20/2026 5:19,10.63652344
5/20/2026 5:24,10.55072266
5/20/2026 5:29,10.55072266
5/20/2026 5:34,10.55072266
5/20/2026 5:39,10.55072266
5/20/2026 5:44,10.55072266
5/20/2026 5:49,10.50782227
5/20/2026 5:54,10.46492188
5/20/2026 5:59,10.42202148
5/20/2026 6:04,10.42202148
5/20/2026 6:09,10.37912109
5/20/2026 6:14,10.37912109
5/20/2026 6:19,10.37912109
5/20/2026 6:24,10.37912109
5/20/2026 6:29,10.29332031
5/20/2026 6:34,10.29332031
5/20/2026 6:39,10.29332031
5/20/2026 6:44,10.3362207
5/20/2026 6:49,10.29332031
5/20/2026 6:54,10.29332031
5/20/2026 6:59,10.20751953
5/20/2026 7:04,10.29332031
5/20/2026 7:09,10.25041992
5/20/2026 7:14,10.25041992
5/20/2026 7:19,10.25041992
5/20/2026 7:24,10.20751953
5/20/2026 7:29,10.25041992
5/20/2026 7:34,10.29332031
5/20/2026 7:39,10.25041992
5/20/2026 7:44,10.3362207
5/20/2026 7:49,10.3362207
5/20/2026 7:54,10.3362207
5/20/2026 7:59,10.37912109
5/20/2026 8:04,10.46492188
5/20/2026 8:09,10.46492188
5/20/2026 8:14,10.50782227
5/20/2026 8:19,10.50782227
5/20/2026 8:24,10.67942383
5/20/2026 8:29,10.63652344
5/20/2026 8:34,10.76522461
5/20/2026 8:39,10.808125
5/20/2026 8:44,10.89392578
5/20/2026 8:49,10.85102539
5/20/2026 8:54,10.89392578
5/20/2026 8:59,10.93682617
5/20/2026 9:04,11.02262695
5/20/2026 9:09,11.10842773
5/20/2026 9:14,11.10842773
5/20/2026 9:19,11.19422852
5/20/2026 9:24,11.2800293
5/20/2026 9:29,11.32292969
5/20/2026 9:34,11.36583008
5/20/2026 9:39,11.49453125
5/20/2026 9:44,11.53743164
5/20/2026 9:49,11.62323242
5/20/2026 9:54,11.7090332
5/20/2026 9:59,11.7090332
5/20/2026 10:04,11.79483398
5/20/2026 10:09,11.92353516
5/20/2026 10:14,12.00933594
5/20/2026 10:19,11.96643555
5/20/2026 10:24,12.00933594
5/20/2026 10:29,12.05223633
5/20/2026 10:34,12.09513672
5/20/2026 10:39,12.30963867
5/20/2026 10:44,12.39543945
5/20/2026 10:49,12.43833984
5/20/2026 10:54,12.52414063
5/20/2026 10:59,12.6528418
5/20/2026 11:04,12.73864258
5/20/2026 11:09,12.82444336
5/20/2026 11:14,12.91024414
5/20/2026 11:19,12.91024414
5/20/2026 11:24,12.91024414
5/20/2026 11:29,13.03894531
5/20/2026 11:34,13.0818457
5/20/2026 11:39,13.12474609
5/20/2026 11:44,13.16764648
5/20/2026 11:49,13.16764648
5/20/2026 11:54,13.0818457
5/20/2026 11:59,13.0818457
5/20/2026 12:04,13.25344727
5/20/2026 12:09,13.33924805
5/20/2026 12:14,13.46794922
5/20/2026 12:19,13.59665039
5/20/2026 12:24,13.55375
5/20/2026 12:29,13.55375
5/20/2026 12:34,13.46794922
5/20/2026 12:39,13.46794922
5/20/2026 12:44,13.55375
5/20/2026 12:49,13.68245117
5/20/2026 12:54,13.72535156
5/20/2026 12:59,13.81115234
5/20/2026 13:04,13.85405273
5/20/2026 13:09,13.85405273
5/20/2026 13:14,14.06855469
5/20/2026 13:19,14.24015625
5/20/2026 13:24,14.41175781
5/20/2026 13:29,14.36885742
5/20/2026 13:34,14.54045898
5/20/2026 13:39,14.66916016
5/20/2026 13:44,14.96946289
5/20/2026 13:49,15.01236328
5/20/2026 13:54,15.18396484
5/20/2026 13:59,15.26976562
5/20/2026 14:04,15.22686523
5/20/2026 14:09,15.3984668
5/20/2026 14:14,15.52716797
5/20/2026 14:19,15.52716797
5/20/2026 14:24,15.69876953
5/20/2026 14:29,15.74166992
5/20/2026 14:34,15.78457031
5/20/2026 14:39,15.87037109
5/20/2026 14:44,15.8274707
5/20/2026 14:49,15.87037109
5/20/2026 14:54,15.99907227
5/20/2026 14:59,15.91327148
5/20/2026 15:04,16.04197266
5/20/2026 15:09,16.08487305
5/20/2026 15:14,16.12777344
5/20/2026 15:19,16.17067383
5/20/2026 15:24,16.299375
5/20/2026 15:29,16.34227539
5/20/2026 15:34,16.38517578
5/20/2026 15:39,16.38517578
5/20/2026 15:44,16.51387695
5/20/2026 15:49,16.59967773
5/20/2026 15:54,16.59967773
5/20/2026 15:59,16.64257813
5/20/2026 16:04,16.72837891
5/20/2026 16:09,16.7712793
5/20/2026 16:14,16.89998047
5/20/2026 16:19,16.81417969
5/20/2026 16:24,16.89998047
5/20/2026 16:29,16.85708008
5/20/2026 16:34,16.7712793
5/20/2026 16:39,16.81417969
5/20/2026 16:44,16.81417969
5/20/2026 16:49,16.85708008
5/20/2026 16:54,16.89998047
5/20/2026 16:59,16.89998047
5/20/2026 17:04,16.89998047
5/20/2026 17:09,16.89998047
5/20/2026 17:14,16.94288086
5/20/2026 17:19,16.89998047
5/20/2026 17:24,16.89998047
5/20/2026 17:29,16.85708008
5/20/2026 17:34,16.89998047
5/20/2026 17:39,16.89998047
5/20/2026 17:44,16.85708008
5/20/2026 17:49,16.72837891
5/20/2026 17:54,16.64257813
5/20/2026 17:59,16.59967773
5/20/2026 18:04,16.47097656
5/20/2026 18:09,16.51387695
5/20/2026 18:14,16.51387695
5/20/2026 18:19,16.47097656
5/20/2026 18:24,16.42807617
5/20/2026 18:29,16.299375
5/20/2026 18:34,16.25647461
5/20/2026 18:39,16.25647461
5/20/2026 18:44,16.21357422
5/20/2026 18:49,16.12777344
5/20/2026 18:54,16.12777344
5/20/2026 18:59,16.04197266
5/20/2026 19:04,15.95617187
5/20/2026 19:09,15.74166992
5/20/2026 19:14,15.69876953
5/20/2026 19:19,15.57006836
5/20/2026 19:24,15.52716797
5/20/2026 19:29,15.3984668
5/20/2026 19:34,15.31266602
5/20/2026 19:39,15.22686523
5/20/2026 19:44,15.14106445
5/20/2026 19:49,15.05526367
5/20/2026 19:54,14.88366211
5/20/2026 19:59,14.84076172
5/20/2026 20:04,14.75496094
5/20/2026 20:09,14.66916016
5/20/2026 20:14,14.62625977
5/20/2026 20:19,14.54045898
5/20/2026 20:24,14.49755859
5/20/2026 20:29,14.41175781
5/20/2026 20:34,14.32595703
5/20/2026 20:39,14.24015625
5/20/2026 20:44,14.19725586
5/20/2026 20:49,14.11145508
5/20/2026 20:54,14.06855469
5/20/2026 20:59,13.98275391
5/20/2026 21:04,13.93985352
5/20/2026 21:09,13.89695312
5/20/2026 21:14,13.81115234
5/20/2026 21:19,13.76825195
5/20/2026 21:24,13.68245117
5/20/2026 21:29,13.59665039
5/20/2026 21:34,13.59665039
5/20/2026 21:39,13.55375
5/20/2026 21:44,13.46794922
5/20/2026 21:49,13.46794922
5/20/2026 21:54,13.38214844
5/20/2026 21:59,13.33924805
5/20/2026 22:04,13.33924805
5/20/2026 22:09,13.29634766
5/20/2026 22:14,13.25344727
5/20/2026 22:19,13.21054687
5/20/2026 22:24,13.12474609
5/20/2026 22:29,13.12474609
5/20/2026 22:34,13.0818457
5/20/2026 22:39,13.03894531
5/20/2026 22:44,13.03894531
5/20/2026 22:49,12.95314453
5/20/2026 22:54,12.95314453
5/20/2026 22:59,12.95314453
5/20/2026 23:04,12.86734375
5/20/2026 23:09,12.86734375
5/20/2026 23:14,12.82444336
5/20/2026 23:19,12.78154297
5/20/2026 23:24,12.78154297
5/20/2026 23:29,12.69574219
5/20/2026 23:34,12.6528418
5/20/2026 23:39,12.6528418
5/20/2026 23:44,12.60994141
5/20/2026 23:49,12.56704102
5/20/2026 23:54,12.52414063
5/20/2026 23:59,12.48124023
5/21/2026 0:04,12.43833984
5/21/2026 0:09,12.43833984
5/21/2026 0:14,12.39543945
5/21/2026 0:19,12.35253906
5/21/2026 0:24,12.30963867
5/21/2026 0:29,12.35253906
5/21/2026 0:34,12.26673828
5/21/2026 0:39,12.26673828
5/21/2026 0:44,12.1809375
5/21/2026 0:49,12.13803711
5/21/2026 0:54,12.13803711
5/21/2026 0:59,12.09513672
5/21/2026 1:04,12.09513672
5/21/2026 1:09,12.00933594
5/21/2026 1:14,12.05223633
5/21/2026 1:19,12.00933594
5/21/2026 1:24,11.92353516
5/21/2026 1:29,11.92353516
5/21/2026 1:34,11.92353516
5/21/2026 1:39,11.88063477
5/21/2026 1:44,11.83773437
5/21/2026 1:49,11.79483398
5/21/2026 1:54,11.79483398
5/21/2026 1:59,11.79483398
5/21/2026 2:04,11.7090332
5/21/2026 2:09,11.66613281
5/21/2026 2:14,11.62323242
5/21/2026 2:19,11.62323242
5/21/2026 2:24,11.58033203
5/21/2026 2:29,11.62323242
5/21/2026 2:34,11.58033203
5/21/2026 2:39,11.58033203
5/21/2026 2:44,11.49453125
5/21/2026 2:49,11.45163086
5/21/2026 2:54,11.45163086
5/21/2026 2:59,11.45163086
5/21/2026 3:04,11.40873047
5/21/2026 3:09,11.45163086
5/21/2026 3:14,11.40873047
5/21/2026 3:19,11.36583008
5/21/2026 3:24,11.36583008
5/21/2026 3:29,11.36583008
5/21/2026 3:34,11.32292969
5/21/2026 3:39,11.36583008
5/21/2026 3:44,11.32292969
5/21/2026 3:49,11.36583008
5/21/2026 3:54,11.32292969
5/21/2026 3:59,11.2800293
5/21/2026 4:04,11.23712891
5/21/2026 4:09,11.2800293
5/21/2026 4:14,11.23712891
5/21/2026 4:19,11.2800293
5/21/2026 4:24,11.23712891
5/21/2026 4:29,11.19422852
5/21/2026 4:34,11.19422852
5/21/2026 4:39,11.23712891
5/21/2026 4:44,11.23712891
5/21/2026 4:49,11.19422852
5/21/2026 4:54,11.23712891
5/21/2026 4:59,11.15132813
5/21/2026 5:04,11.15132813
5/21/2026 5:09,11.15132813
5/21/2026 5:14,11.15132813
5/21/2026 5:19,11.10842773
5/21/2026 5:24,11.10842773
5/21/2026 5:29,11.10842773
5/21/2026 5:34,11.06552734
5/21/2026 5:39,11.06552734
5/21/2026 5:44,11.06552734
5/21/2026 5:49,11.06552734
5/21/2026 5:54,11.02262695
5/21/2026 5:59,10.93682617
5/21/2026 6:04,11.02262695
5/21/2026 6:09,10.89392578
5/21/2026 6:14,10.97972656
5/21/2026 6:19,10.93682617
5/21/2026 6:24,10.93682617
5/21/2026 6:29,10.89392578
5/21/2026 6:34,10.93682617
5/21/2026 6:39,10.97972656
5/21/2026 6:44,10.89392578
5/21/2026 6:49,10.93682617
5/21/2026 6:54,10.97972656
5/21/2026 6:59,11.02262695
5/21/2026 7:04,11.02262695
5/21/2026 7:09,11.06552734
5/21/2026 7:14,11.06552734
5/21/2026 7:19,11.06552734
5/21/2026 7:24,11.06552734
5/21/2026 7:29,11.15132813
5/21/2026 7:34,11.15132813
5/21/2026 7:39,11.15132813
5/21/2026 7:44,11.19422852
5/21/2026 7:49,11.23712891
5/21/2026 7:54,11.23712891
5/21/2026 7:59,11.23712891
5/21/2026 8:04,11.2800293
5/21/2026 8:09,11.2800293
5/21/2026 8:14,11.2800293
5/21/2026 8:19,11.36583008
5/21/2026 8:24,11.32292969
5/21/2026 8:29,11.32292969
5/21/2026 8:34,11.36583008
5/21/2026 8:39,11.36583008
5/21/2026 8:44,11.40873047
5/21/2026 8:49,11.36583008
5/21/2026 8:54,11.45163086
5/21/2026 8:59,11.40873047
5/21/2026 9:04,11.45163086
5/21/2026 9:09,11.49453125
5/21/2026 9:14,11.53743164
5/21/2026 9:19,11.53743164
5/21/2026 9:24,11.58033203
5/21/2026 9:29,11.58033203
5/21/2026 9:34,11.62323242
5/21/2026 9:39,11.66613281
5/21/2026 9:44,11.7090332
5/21/2026 9:49,11.7090332
5/21/2026 9:54,11.7090332
5/21/2026 9:59,11.75193359
5/21/2026 10:04,11.75193359
5/21/2026 10:09,11.79483398
5/21/2026 10:14,11.83773437
5/21/2026 10:19,11.83773437
5/21/2026 10:24,11.79483398
5/21/2026 10:29,11.83773437
5/21/2026 10:34,11.92353516
5/21/2026 10:39,12.00933594
5/21/2026 10:44,12.05223633
5/21/2026 10:49,12.1809375
5/21/2026 10:54,12.26673828
5/21/2026 10:59,12.30963867
5/21/2026 11:04,12.48124023
5/21/2026 11:09,12.52414063
5/21/2026 11:14,12.60994141
5/21/2026 11:19,12.69574219
5/21/2026 11:24,12.82444336
5/21/2026 11:29,12.95314453
5/21/2026 11:34,13.03894531
5/21/2026 11:39,13.16764648
5/21/2026 11:44,13.33924805
5/21/2026 11:49,13.38214844
5/21/2026 11:54,13.46794922
5/21/2026 11:59,13.55375
5/21/2026 12:04,13.63955078
5/21/2026 12:09,13.68245117
5/21/2026 12:14,13.72535156
5/21/2026 12:19,13.93985352
5/21/2026 12:24,14.06855469
5/21/2026 12:29,14.15435547
5/21/2026 12:34,14.24015625
5/21/2026 12:39,14.32595703
5/21/2026 12:44,14.28305664
5/21/2026 12:49,14.36885742
5/21/2026 12:54,14.4546582
5/21/2026 12:59,14.49755859
5/21/2026 13:04,14.58335938
5/21/2026 13:09,14.66916016
5/21/2026 13:14,14.79786133
5/21/2026 13:19,14.79786133
5/21/2026 13:24,14.84076172
5/21/2026 13:29,14.9265625
5/21/2026 13:34,15.01236328
5/21/2026 13:39,15.18396484
5/21/2026 13:44,15.22686523
5/21/2026 13:49,15.31266602
5/21/2026 13:54,15.35556641
5/21/2026 13:59,15.26976562
5/21/2026 14:04,15.31266602
5/21/2026 14:09,15.35556641
5/21/2026 14:14,15.52716797
5/21/2026 14:19,15.52716797
5/21/2026 14:24,15.48426758
5/21/2026 14:29,15.52716797
5/21/2026 14:34,15.44136719
5/21/2026 14:39,15.52716797
5/21/2026 14:44,15.57006836
5/21/2026 14:49,15.61296875
5/21/2026 14:54,15.91327148
5/21/2026 14:59,15.87037109
5/21/2026 15:04,15.87037109
5/21/2026 15:09,15.78457031
5/21/2026 15:14,15.69876953
5/21/2026 15:19,15.74166992
5/21/2026 15:24,15.8274707
5/21/2026 15:29,15.78457031
5/21/2026 15:34,15.74166992
5/21/2026 15:39,15.78457031
5/21/2026 15:44,15.78457031
5/21/2026 15:49,15.91327148
5/21/2026 15:54,15.91327148
5/21/2026 15:59,15.87037109
5/21/2026 16:04,15.78457031
5/21/2026 16:09,15.91327148
5/21/2026 16:14,15.87037109
5/21/2026 16:19,15.91327148
5/21/2026 16:24,15.91327148
5/21/2026 16:29,15.91327148
5/21/2026 16:34,15.87037109
5/21/2026 16:39,15.78457031
5/21/2026 16:44,15.78457031
5/21/2026 16:49,15.74166992
5/21/2026 16:54,15.65586914
5/21/2026 16:59,15.69876953
5/21/2026 17:04,15.61296875
5/21/2026 17:09,15.61296875
5/21/2026 17:14,15.57006836
5/21/2026 17:19,15.52716797
5/21/2026 17:24,15.57006836
5/21/2026 17:29,15.52716797
5/21/2026 17:34,15.52716797
5/21/2026 17:39,15.57006836
5/21/2026 17:44,15.48426758
5/21/2026 17:49,15.57006836
5/21/2026 17:54,15.57006836
5/21/2026 17:59,15.57006836
5/21/2026 18:04,15.65586914
5/21/2026 18:09,15.74166992
5/21/2026 18:14,15.74166992
5/21/2026 18:19,15.78457031
5/21/2026 18:24,15.69876953
5/21/2026 18:29,15.74166992
5/21/2026 18:34,15.74166992
5/21/2026 18:39,15.57006836
5/21/2026 18:44,15.52716797
5/21/2026 18:49,15.52716797
5/21/2026 18:54,15.48426758
5/21/2026 18:59,15.3984668
5/21/2026 19:04,15.31266602
5/21/2026 19:09,15.22686523
5/21/2026 19:14,15.09816406
5/21/2026 19:19,14.96946289
5/21/2026 19:24,14.88366211
5/21/2026 19:29,14.71206055
5/21/2026 19:34,14.71206055
5/21/2026 19:39,14.66916016
5/21/2026 19:44,14.54045898
5/21/2026 19:49,14.4546582
5/21/2026 19:54,14.36885742
5/21/2026 19:59,14.32595703
5/21/2026 20:04,14.19725586
5/21/2026 20:09,14.06855469
5/21/2026 20:14,14.0256543
5/21/2026 20:19,13.93985352
5/21/2026 20:24,13.85405273
5/21/2026 20:29,13.76825195
5/21/2026 20:34,13.72535156
5/21/2026 20:39,13.63955078
5/21/2026 20:44,13.59665039
5/21/2026 20:49,13.51084961
5/21/2026 20:54,13.46794922
5/21/2026 20:59,13.42504883
5/21/2026 21:04,13.42504883
5/21/2026 21:09,13.33924805
5/21/2026 21:14,13.33924805
5/21/2026 21:19,13.29634766
5/21/2026 21:24,13.25344727
5/21/2026 21:29,13.21054687
5/21/2026 21:34,13.12474609
5/21/2026 21:39,13.0818457
5/21/2026 21:44,13.0818457
5/21/2026 21:49,13.03894531
5/21/2026 21:54,12.99604492
5/21/2026 21:59,12.91024414
5/21/2026 22:04,12.91024414
5/21/2026 22:09,12.86734375
5/21/2026 22:14,12.82444336
5/21/2026 22:19,12.73864258
5/21/2026 22:24,12.78154297
5/21/2026 22:29,12.69574219
5/21/2026 22:34,12.6528418
5/21/2026 22:39,12.60994141
5/21/2026 22:44,12.60994141
5/21/2026 22:49,12.52414063
5/21/2026 22:54,12.52414063
5/21/2026 22:59,12.48124023
5/21/2026 23:04,12.43833984
5/21/2026 23:09,12.35253906
5/21/2026 23:14,12.35253906
5/21/2026 23:19,12.35253906
5/21/2026 23:24,12.26673828
5/21/2026 23:29,12.30963867
5/21/2026 23:34,12.26673828
5/21/2026 23:39,12.22383789
5/21/2026 23:44,12.1809375
5/21/2026 23:49,12.09513672
5/21/2026 23:54,12.09513672
5/21/2026 23:59,12.05223633
5/22/2026 0:04,12.00933594
5/22/2026 0:09,11.96643555
5/22/2026 0:14,11.92353516
5/22/2026 0:19,11.92353516
5/22/2026 0:24,11.83773437
5/22/2026 0:29,11.83773437
5/22/2026 0:34,11.88063477
5/22/2026 0:39,11.83773437
5/22/2026 0:44,11.79483398
5/22/2026 0:49,11.75193359
5/22/2026 0:54,11.75193359
5/22/2026 0:59,11.62323242
5/22/2026 1:04,11.7090332
5/22/2026 1:09,11.66613281
5/22/2026 1:14,11.62323242
5/22/2026 1:19,11.62323242
5/22/2026 1:24,11.62323242
5/22/2026 1:29,11.62323242
5/22/2026 1:34,11.58033203
5/22/2026 1:39,11.58033203
5/22/2026 1:44,11.58033203
5/22/2026 1:49,11.53743164
5/22/2026 1:54,11.49453125
5/22/2026 1:59,11.49453125
5/22/2026 2:04,11.49453125
5/22/2026 2:09,11.49453125
5/22/2026 2:14,11.49453125
5/22/2026 2:19,11.49453125
5/22/2026 2:24,11.45163086
5/22/2026 2:29,11.49453125
5/22/2026 2:34,11.45163086
5/22/2026 2:39,11.49453125
5/22/2026 2:44,11.49453125
5/22/2026 2:49,11.49453125
5/22/2026 2:54,11.40873047
5/22/2026 2:59,11.45163086
5/22/2026 3:04,11.40873047
5/22/2026 3:09,11.40873047
5/22/2026 3:14,11.36583008
5/22/2026 3:19,11.36583008
5/22/2026 3:24,11.36583008
5/22/2026 3:29,11.36583008
5/22/2026 3:34,11.32292969
5/22/2026 3:39,11.36583008
5/22/2026 3:44,11.40873047
5/22/2026 3:49,11.32292969
5/22/2026 3:54,11.2800293
5/22/2026 3:59,11.2800293
5/22/2026 4:04,11.2800293
5/22/2026 4:09,11.2800293
5/22/2026 4:14,11.23712891
5/22/2026 4:19,11.2800293
5/22/2026 4:24,11.32292969
5/22/2026 4:29,11.23712891
5/22/2026 4:34,11.23712891
5/22/2026 4:39,11.2800293
5/22/2026 4:44,11.23712891
5/22/2026 4:49,11.23712891
5/22/2026 4:54,11.23712891
5/22/2026 4:59,11.2800293
5/22/2026 5:04,11.23712891
5/22/2026 5:09,11.19422852
5/22/2026 5:14,11.23712891
5/22/2026 5:19,11.23712891
5/22/2026 5:24,11.23712891
5/22/2026 5:29,11.19422852
5/22/2026 5:34,11.19422852
5/22/2026 5:39,11.19422852
5/22/2026 5:44,11.19422852
5/22/2026 5:49,11.10842773
5/22/2026 5:54,11.15132813
5/22/2026 5:59,11.15132813
5/22/2026 6:04,11.15132813
5/22/2026 6:09,11.10842773
5/22/2026 6:14,11.15132813
5/22/2026 6:19,11.15132813
5/22/2026 6:24,11.10842773
5/22/2026 6:29,11.15132813
5/22/2026 6:34,11.06552734
5/22/2026 6:39,11.10842773
5/22/2026 6:44,11.06552734
5/22/2026 6:49,11.06552734
5/22/2026 6:54,11.06552734
5/22/2026 6:59,11.06552734
5/22/2026 7:04,11.06552734
5/22/2026 7:09,11.06552734
5/22/2026 7:14,11.10842773
5/22/2026 7:19,11.06552734
5/22/2026 7:24,11.06552734
5/22/2026 7:29,11.10842773
5/22/2026 7:34,11.06552734
5/22/2026 7:39,11.06552734
5/22/2026 7:44,11.06552734
5/22/2026 7:49,11.10842773
5/22/2026 7:54,11.10842773
5/22/2026 7:59,11.10842773
5/22/2026 8:04,11.15132813
5/22/2026 8:09,11.15132813
5/22/2026 8:14,11.15132813
5/22/2026 8:19,11.10842773
5/22/2026 8:24,11.15132813
5/22/2026 8:29,11.15132813
5/22/2026 8:34,11.10842773
5/22/2026 8:39,11.15132813
5/22/2026 8:44,11.19422852
5/22/2026 8:49,11.10842773
5/22/2026 8:54,11.10842773
5/22/2026 8:59,11.10842773
5/22/2026 9:04,11.15132813
5/22/2026 9:09,11.19422852
5/22/2026 9:14,11.19422852
5/22/2026 9:19,11.23712891
5/22/2026 9:24,11.2800293
5/22/2026 9:29,11.32292969
5/22/2026 9:34,11.36583008
5/22/2026 9:39,11.45163086
5/22/2026 9:44,11.53743164
5/22/2026 9:49,11.58033203
5/22/2026 9:54,11.58033203
5/22/2026 9:59,11.62323242
5/22/2026 10:04,11.62323242
5/22/2026 10:09,11.7090332
5/22/2026 10:14,11.7090332
5/22/2026 10:19,11.75193359
5/22/2026 10:24,11.75193359
5/22/2026 10:29,11.79483398
5/22/2026 10:34,11.83773437
5/22/2026 10:39,11.88063477
5/22/2026 10:44,11.88063477
5/22/2026 10:49,11.92353516
5/22/2026 10:54,11.96643555
5/22/2026 10:59,11.92353516
5/22/2026 11:04,12.00933594
5/22/2026 11:09,11.96643555
5/22/2026 11:14,12.05223633
5/22/2026 11:19,12.09513672
5/22/2026 11:24,12.1809375
5/22/2026 11:29,12.1809375
5/22/2026 11:34,12.13803711
5/22/2026 11:39,12.22383789
5/22/2026 11:44,12.22383789
5/22/2026 11:49,12.22383789
5/22/2026 11:54,12.26673828
5/22/2026 11:59,12.22383789
5/22/2026 12:04,12.1809375
5/22/2026 12:09,12.1809375
5/22/2026 12:14,12.22383789
5/22/2026 12:19,12.22383789
5/22/2026 12:24,12.22383789
5/22/2026 12:29,12.26673828
5/22/2026 12:34,12.35253906
5/22/2026 12:39,12.35253906
5/22/2026 12:44,12.48124023
5/22/2026 12:49,12.52414063
5/22/2026 12:54,12.6528418
5/22/2026 12:59,12.78154297
5/22/2026 13:04,12.91024414
5/22/2026 13:09,12.99604492
5/22/2026 13:14,13.16764648
5/22/2026 13:19,13.12474609
5/22/2026 13:24,13.38214844
5/22/2026 13:29,13.59665039
5/22/2026 13:34,13.68245117
5/22/2026 13:39,13.63955078
5/22/2026 13:44,13.76825195
5/22/2026 13:49,13.81115234
5/22/2026 13:54,13.85405273
5/22/2026 13:59,13.81115234
5/22/2026 14:04,13.89695312
5/22/2026 14:09,13.85405273
5/22/2026 14:14,13.72535156
5/22/2026 14:19,13.72535156
5/22/2026 14:24,13.68245117
5/22/2026 14:29,13.59665039
5/22/2026 14:34,13.55375
5/22/2026 14:39,13.59665039
5/22/2026 14:44,13.59665039
5/22/2026 14:49,13.59665039
5/22/2026 14:54,13.51084961
5/22/2026 14:59,13.51084961
5/22/2026 15:04,13.46794922
5/22/2026 15:09,13.33924805
5/22/2026 15:14,13.38214844
5/22/2026 15:19,13.33924805
5/22/2026 15:24,13.29634766
5/22/2026 15:29,13.29634766
5/22/2026 15:34,13.25344727
5/22/2026 15:39,13.25344727
5/22/2026 15:44,13.21054687
5/22/2026 15:49,13.12474609
5/22/2026 15:54,13.12474609
5/22/2026 15:59,13.03894531
5/22/2026 16:04,12.95314453
5/22/2026 16:09,12.95314453
5/22/2026 16:14,12.95314453
5/22/2026 16:19,12.99604492
5/22/2026 16:24,12.95314453
5/22/2026 16:29,12.86734375
5/22/2026 16:34,12.86734375
5/22/2026 16:39,12.86734375
5/22/2026 16:44,12.82444336
5/22/2026 16:49,12.86734375
5/22/2026 16:54,12.82444336
5/22/2026 16:59,12.86734375
5/22/2026 17:04,12.82444336
5/22/2026 17:09,12.78154297
5/22/2026 17:14,12.82444336
5/22/2026 17:19,12.82444336
5/22/2026 17:24,12.82444336
5/22/2026 17:29,12.82444336
5/22/2026 17:34,12.82444336
5/22/2026 17:39,12.86734375
5/22/2026 17:44,12.91024414
5/22/2026 17:49,12.91024414
5/22/2026 17:54,12.86734375
5/22/2026 17:59,12.91024414
5/22/2026 18:04,12.86734375
5/22/2026 18:09,12.82444336
5/22/2026 18:14,12.86734375
5/22/2026 18:19,12.78154297
5/22/2026 18:24,12.82444336
5/22/2026 18:29,12.78154297
5/22/2026 18:34,12.78154297
5/22/2026 18:39,12.73864258
5/22/2026 18:44,12.78154297
5/22/2026 18:49,12.73864258
5/22/2026 18:54,12.69574219
5/22/2026 18:59,12.69574219
5/22/2026 19:04,12.69574219
5/22/2026 19:09,12.69574219
5/22/2026 19:14,12.6528418
5/22/2026 19:19,12.60994141
5/22/2026 19:24,12.60994141
5/22/2026 19:29,12.6528418
5/22/2026 19:34,12.60994141
5/22/2026 19:39,12.60994141
5/22/2026 19:44,12.60994141
5/22/2026 19:49,12.60994141
5/22/2026 19:54,12.60994141
5/22/2026 19:59,12.56704102
5/22/2026 20:04,12.60994141
5/22/2026 20:09,12.56704102
5/22/2026 20:14,12.52414063
5/22/2026 20:19,12.52414063
5/22/2026 20:24,12.56704102
5/22/2026 20:29,12.52414063
5/22/2026 20:34,12.52414063
5/22/2026 20:39,12.52414063
5/22/2026 20:44,12.48124023
5/22/2026 20:49,12.52414063
5/22/2026 20:54,12.52414063
5/22/2026 20:59,12.43833984
5/22/2026 21:04,12.43833984
5/22/2026 21:09,12.48124023
5/22/2026 21:14,12.48124023
5/22/2026 21:19,12.39543945
5/22/2026 21:24,12.39543945
5/22/2026 21:29,12.43833984
5/22/2026 21:34,12.43833984
5/22/2026 21:39,12.43833984
5/22/2026 21:44,12.43833984
5/22/2026 21:49,12.39543945
5/22/2026 21:54,12.39543945
5/22/2026 21:59,12.39543945
5/22/2026 22:04,12.35253906
5/22/2026 22:09,12.39543945
5/22/2026 22:14,12.35253906
5/22/2026 22:19,12.30963867
5/22/2026 22:24,12.35253906
5/22/2026 22:29,12.30963867
5/22/2026 22:34,12.35253906
5/22/2026 22:39,12.35253906
5/22/2026 22:44,12.30963867
5/22/2026 22:49,12.30963867
5/22/2026 22:54,12.30963867
5/22/2026 22:59,12.26673828
5/22/2026 23:04,12.26673828
5/22/2026 23:09,12.26673828
5/22/2026 23:14,12.26673828
5/22/2026 23:19,12.22383789
5/22/2026 23:24,12.26673828
5/22/2026 23:29,12.22383789
5/22/2026 23:34,12.22383789
5/22/2026 23:39,12.1809375
5/22/2026 23:44,12.22383789
5/22/2026 23:49,12.1809375
5/22/2026 23:54,12.1809375
5/22/2026 23:59,12.1809375
5/23/2026 0:04,12.22383789
5/23/2026 0:09,12.1809375
5/23/2026 0:14,12.13803711
5/23/2026 0:19,12.13803711
5/23/2026 0:24,12.13803711
5/23/2026 0:29,12.13803711
5/23/2026 0:34,12.13803711
5/23/2026 0:39,12.09513672
5/23/2026 0:44,12.09513672
5/23/2026 0:49,12.09513672
5/23/2026 0:54,12.09513672
5/23/2026 0:59,12.13803711
5/23/2026 1:04,12.05223633
5/23/2026 1:09,12.09513672
5/23/2026 1:14,12.00933594
5/23/2026 1:19,12.09513672
5/23/2026 1:24,12.05223633
5/23/2026 1:29,12.00933594
5/23/2026 1:34,11.96643555
5/23/2026 1:39,12.00933594
5/23/2026 1:44,11.96643555
5/23/2026 1:49,11.96643555
5/23/2026 1:54,11.96643555
5/23/2026 1:59,11.96643555
5/23/2026 2:04,11.96643555
5/23/2026 2:09,11.92353516
5/23/2026 2:14,11.88063477
5/23/2026 2:19,11.96643555
5/23/2026 2:24,11.92353516
5/23/2026 2:29,11.92353516
5/23/2026 2:34,11.92353516
5/23/2026 2:39,11.88063477
5/23/2026 2:44,11.92353516
5/23/2026 2:49,11.88063477
5/23/2026 2:54,11.88063477
5/23/2026 2:59,11.88063477
5/23/2026 3:04,11.88063477
5/23/2026 3:09,11.92353516
5/23/2026 3:14,11.92353516
5/23/2026 3:19,11.92353516
5/23/2026 3:24,11.88063477
5/23/2026 3:29,11.88063477
5/23/2026 3:34,11.88063477
5/23/2026 3:39,11.88063477
5/23/2026 3:44,11.88063477
5/23/2026 3:49,11.83773437
5/23/2026 3:54,11.83773437
5/23/2026 3:59,11.88063477
5/23/2026 4:04,11.88063477
5/23/2026 4:09,11.83773437
5/23/2026 4:14,11.83773437
5/23/2026 4:19,11.88063477
5/23/2026 4:24,11.83773437
5/23/2026 4:29,11.88063477
5/23/2026 4:34,11.79483398
5/23/2026 4:39,11.83773437
5/23/2026 4:44,11.83773437
5/23/2026 4:49,11.83773437
5/23/2026 4:54,11.83773437
5/23/2026 4:59,11.79483398
5/23/2026 5:04,11.83773437
5/23/2026 5:09,11.83773437
5/23/2026 5:14,11.83773437
5/23/2026 5:19,11.83773437
5/23/2026 5:24,11.79483398
5/23/2026 5:29,11.79483398
5/23/2026 5:34,11.83773437
5/23/2026 5:39,11.75193359
5/23/2026 5:44,11.75193359
5/23/2026 5:49,11.75193359
5/23/2026 5:54,11.83773437
5/23/2026 5:59,11.79483398
5/23/2026 6:04,11.83773437
5/23/2026 6:09,11.79483398
5/23/2026 6:14,11.83773437
5/23/2026 6:19,11.79483398
5/23/2026 6:24,11.79483398
5/23/2026 6:29,11.79483398
5/23/2026 6:34,11.79483398
5/23/2026 6:39,11.79483398
5/23/2026 6:44,11.79483398
5/23/2026 6:49,11.83773437
5/23/2026 6:54,11.83773437
5/23/2026 6:59,11.83773437
5/23/2026 7:04,11.83773437
5/23/2026 7:09,11.83773437
5/23/2026 7:14,11.88063477
5/23/2026 7:19,11.88063477
5/23/2026 7:24,11.92353516
5/23/2026 7:29,11.88063477
5/23/2026 7:34,11.92353516
5/23/2026 7:39,11.88063477
5/23/2026 7:44,11.92353516
5/23/2026 7:49,11.96643555
5/23/2026 7:54,12.00933594
5/23/2026 7:59,12.00933594
5/23/2026 8:04,12.00933594
5/23/2026 8:09,12.00933594
5/23/2026 8:14,12.05223633
5/23/2026 8:19,12.05223633
5/23/2026 8:24,12.13803711
5/23/2026 8:29,12.13803711
5/23/2026 8:34,12.13803711
5/23/2026 8:39,12.22383789
5/23/2026 8:44,12.1809375
5/23/2026 8:49,12.26673828
5/23/2026 8:54,12.26673828
5/23/2026 8:59,12.39543945
5/23/2026 9:04,12.43833984
5/23/2026 9:09,12.48124023
5/23/2026 9:14,12.52414063
5/23/2026 9:19,12.60994141
5/23/2026 9:24,12.73864258
5/23/2026 9:29,12.78154297
5/23/2026 9:34,12.86734375
5/23/2026 9:39,12.99604492
5/23/2026 9:44,12.95314453
5/23/2026 9:49,12.99604492
5/23/2026 9:54,13.03894531
5/23/2026 9:59,13.12474609
5/23/2026 10:04,13.21054687
5/23/2026 10:09,13.29634766
5/23/2026 10:14,13.29634766
5/23/2026 10:19,13.51084961
5/23/2026 10:24,13.59665039
5/23/2026 10:29,13.63955078
5/23/2026 10:34,13.72535156
5/23/2026 10:39,13.76825195
5/23/2026 10:44,13.98275391
5/23/2026 10:49,14.06855469
5/23/2026 10:54,14.15435547
5/23/2026 10:59,14.28305664
5/23/2026 11:04,14.36885742
5/23/2026 11:09,14.54045898
5/23/2026 11:14,14.58335938
5/23/2026 11:19,14.84076172
5/23/2026 11:24,14.88366211
5/23/2026 11:29,14.88366211
5/23/2026 11:34,15.09816406
5/23/2026 11:39,15.22686523
5/23/2026 11:44,15.35556641
5/23/2026 11:49,15.44136719
5/23/2026 11:54,15.44136719
5/23/2026 11:59,15.44136719
5/23/2026 12:04,15.3984668
5/23/2026 12:09,15.52716797
5/23/2026 12:14,15.48426758
5/23/2026 12:19,15.57006836
5/23/2026 12:24,15.61296875
5/23/2026 12:29,15.61296875
5/23/2026 12:34,15.61296875
5/23/2026 12:39,15.69876953
5/23/2026 12:44,15.99907227
5/23/2026 12:49,16.04197266
5/23/2026 12:54,15.91327148
5/23/2026 12:59,16.04197266
5/23/2026 13:04,16.299375
5/23/2026 13:09,16.34227539
5/23/2026 13:14,16.59967773
5/23/2026 13:19,16.55677734
5/23/2026 13:24,16.59967773
5/23/2026 13:29,16.81417969
5/23/2026 13:34,16.85708008
5/23/2026 13:39,16.85708008
5/23/2026 13:44,16.98578125
5/23/2026 13:49,16.94288086
5/23/2026 13:54,16.81417969
5/23/2026 13:59,16.94288086
5/23/2026 14:04,17.24318359
5/23/2026 14:09,17.2002832
5/23/2026 14:14,16.94288086
5/23/2026 14:19,17.2002832
5/23/2026 14:24,17.2002832
5/23/2026 14:29,17.28608398
5/23/2026 14:34,17.28608398
5/23/2026 14:39,17.24318359
5/23/2026 14:44,17.37188477
5/23/2026 14:49,17.37188477
5/23/2026 14:54,17.50058594
5/23/2026 14:59,17.45768555
5/23/2026 15:04,17.41478516
5/23/2026 15:09,17.58638672
5/23/2026 15:14,17.54348633
5/23/2026 15:19,17.50058594
5/23/2026 15:24,17.50058594
5/23/2026 15:29,17.54348633
5/23/2026 15:34,17.50058594
5/23/2026 15:39,17.54348633
5/23/2026 15:44,17.45768555
5/23/2026 15:49,17.58638672
5/23/2026 15:54,17.6721875
5/23/2026 15:59,17.71508789
5/23/2026 16:04,17.75798828
5/23/2026 16:09,17.84378906
5/23/2026 16:14,17.84378906
5/23/2026 16:19,17.88668945
5/23/2026 16:24,17.92958984
5/23/2026 16:29,17.92958984
5/23/2026 16:34,17.97249023
5/23/2026 16:39,18.01539063
5/23/2026 16:44,18.05829102
5/23/2026 16:49,18.1440918
5/23/2026 16:54,18.1440918
5/23/2026 16:59,18.18699219
5/23/2026 17:04,18.1440918
5/23/2026 17:09,18.1440918
5/23/2026 17:14,18.22989258
5/23/2026 17:19,18.27279297
5/23/2026 17:24,18.18699219
5/23/2026 17:29,18.31569336
5/23/2026 17:34,18.27279297
5/23/2026 17:39,18.1440918
5/23/2026 17:44,18.1440918
5/23/2026 17:49,18.1440918
5/23/2026 17:54,18.22989258
5/23/2026 17:59,18.27279297
5/23/2026 18:04,18.18699219
5/23/2026 18:09,18.22989258
5/23/2026 18:14,18.1440918
5/23/2026 18:19,18.05829102
5/23/2026 18:24,18.05829102
5/23/2026 18:29,18.05829102
5/23/2026 18:34,17.92958984
5/23/2026 18:39,17.92958984
5/23/2026 18:44,17.75798828
5/23/2026 18:49,17.62928711
5/23/2026 18:54,17.54348633
5/23/2026 18:59,17.54348633
5/23/2026 19:04,17.45768555
5/23/2026 19:09,17.37188477
5/23/2026 19:14,17.32898437
5/23/2026 19:19,17.24318359
5/23/2026 19:24,17.2002832
5/23/2026 19:29,17.07158203
5/23/2026 19:34,17.02868164
5/23/2026 19:39,16.98578125
5/23/2026 19:44,16.89998047
5/23/2026 19:49,16.81417969
5/23/2026 19:54,16.68547852
5/23/2026 19:59,16.64257813
5/23/2026 20:04,16.51387695
5/23/2026 20:09,16.38517578
5/23/2026 20:14,16.299375
5/23/2026 20:19,16.25647461
5/23/2026 20:24,16.08487305
5/23/2026 20:29,15.99907227
5/23/2026 20:34,15.91327148
5/23/2026 20:39,15.87037109
5/23/2026 20:44,15.74166992
5/23/2026 20:49,15.65586914
5/23/2026 20:54,15.57006836
5/23/2026 20:59,15.48426758
5/23/2026 21:04,15.44136719
5/23/2026 21:09,15.35556641
5/23/2026 21:14,15.26976562
5/23/2026 21:19,15.22686523
5/23/2026 21:24,15.14106445
5/23/2026 21:29,15.09816406
5/23/2026 21:34,15.01236328
5/23/2026 21:39,14.96946289
5/23/2026 21:44,14.9265625
5/23/2026 21:49,14.88366211
5/23/2026 21:54,14.75496094
5/23/2026 21:59,14.71206055
5/23/2026 22:04,14.66916016
5/23/2026 22:09,14.62625977
5/23/2026 22:14,14.54045898
5/23/2026 22:19,14.4546582
5/23/2026 22:24,14.41175781
5/23/2026 22:29,14.36885742
5/23/2026 22:34,14.32595703
5/23/2026 22:39,14.28305664
5/23/2026 22:44,14.24015625
5/23/2026 22:49,14.19725586
5/23/2026 22:54,14.15435547
5/23/2026 22:59,14.06855469
5/23/2026 23:04,14.0256543
5/23/2026 23:09,13.93985352
5/23/2026 23:14,13.93985352
5/23/2026 23:19,13.93985352
5/23/2026 23:24,13.85405273
5/23/2026 23:29,13.81115234
5/23/2026 23:34,13.76825195
5/23/2026 23:39,13.72535156
5/23/2026 23:44,13.68245117
5/23/2026 23:49,13.63955078
5/23/2026 23:54,13.59665039
5/23/2026 23:59,13.59665039
5/24/2026 0:04,13.51084961
5/24/2026 0:09,13.51084961
5/24/2026 0:14,13.46794922
5/24/2026 0:19,13.42504883
5/24/2026 0:24,13.33924805
5/24/2026 0:29,13.33924805
5/24/2026 0:34,13.33924805
5/24/2026 0:39,13.29634766
5/24/2026 0:44,13.21054687
5/24/2026 0:49,13.16764648
5/24/2026 0:54,13.16764648
5/24/2026 0:59,13.12474609
5/24/2026 1:04,13.0818457
5/24/2026 1:09,13.0818457
5/24/2026 1:14,13.03894531
5/24/2026 1:19,12.95314453
5/24/2026 1:24,12.95314453
5/24/2026 1:29,12.91024414
5/24/2026 1:34,12.91024414
5/24/2026 1:39,12.91024414
5/24/2026 1:44,12.91024414
5/24/2026 1:49,12.86734375
5/24/2026 1:54,12.78154297
5/24/2026 1:59,12.78154297
5/24/2026 2:04,12.73864258
5/24/2026 2:09,12.6528418
5/24/2026 2:14,12.6528418
5/24/2026 2:19,12.6528418
5/24/2026 2:24,12.6528418
5/24/2026 2:29,12.60994141
5/24/2026 2:34,12.56704102
5/24/2026 2:39,12.52414063
5/24/2026 2:44,12.52414063
5/24/2026 2:49,12.48124023
5/24/2026 2:54,12.48124023
5/24/2026 2:59,12.43833984
5/24/2026 3:04,12.43833984
5/24/2026 3:09,12.35253906
5/24/2026 3:14,12.35253906
5/24/2026 3:19,12.35253906
5/24/2026 3:24,12.30963867
5/24/2026 3:29,12.30963867
5/24/2026 3:34,12.22383789
5/24/2026 3:39,12.22383789
5/24/2026 3:44,12.1809375
5/24/2026 3:49,12.1809375
5/24/2026 3:54,12.1809375
5/24/2026 3:59,12.13803711
5/24/2026 4:04,12.13803711
5/24/2026 4:09,12.09513672
5/24/2026 4:14,12.05223633
5/24/2026 4:19,12.00933594
5/24/2026 4:24,12.00933594
5/24/2026 4:29,11.96643555
5/24/2026 4:34,12.00933594
5/24/2026 4:39,12.00933594
5/24/2026 4:44,11.96643555
5/24/2026 4:49,11.96643555
5/24/2026 4:54,11.96643555
5/24/2026 4:59,12.00933594
5/24/2026 5:04,12.00933594
5/24/2026 5:09,11.96643555
5/24/2026 5:14,11.96643555
5/24/2026 5:19,11.92353516
5/24/2026 5:24,11.96643555
5/24/2026 5:29,11.96643555
5/24/2026 5:34,11.92353516
5/24/2026 5:39,11.96643555
5/24/2026 5:44,11.92353516
5/24/2026 5:49,11.92353516
5/24/2026 5:54,11.92353516
5/24/2026 5:59,11.92353516
5/24/2026 6:04,11.92353516
5/24/2026 6:09,11.92353516
5/24/2026 6:14,11.96643555
5/24/2026 6:19,11.96643555
5/24/2026 6:24,11.92353516
5/24/2026 6:29,11.92353516
5/24/2026 6:34,11.96643555
5/24/2026 6:39,11.96643555
5/24/2026 6:44,11.96643555
5/24/2026 6:49,11.92353516
5/24/2026 6:54,12.00933594
5/24/2026 6:59,11.96643555
5/24/2026 7:04,12.00933594
5/24/2026 7:09,11.96643555
5/24/2026 7:14,12.00933594
5/24/2026 7:19,12.00933594
5/24/2026 7:24,11.96643555
5/24/2026 7:29,12.05223633
5/24/2026 7:34,12.00933594
5/24/2026 7:39,12.00933594
5/24/2026 7:44,12.00933594
5/24/2026 7:49,12.05223633
5/24/2026 7:54,12.09513672
5/24/2026 7:59,12.05223633
5/24/2026 8:04,12.05223633
5/24/2026 8:09,12.05223633
5/24/2026 8:14,12.13803711
5/24/2026 8:19,12.22383789
5/24/2026 8:24,12.22383789
5/24/2026 8:29,12.39543945
5/24/2026 8:34,12.43833984
5/24/2026 8:39,12.48124023
5/24/2026 8:44,12.69574219
5/24/2026 8:49,12.69574219
5/24/2026 8:54,12.6528418
5/24/2026 8:59,12.82444336
5/24/2026 9:04,12.78154297
5/24/2026 9:09,12.82444336
5/24/2026 9:14,12.95314453
5/24/2026 9:19,12.91024414
5/24/2026 9:24,13.0818457
5/24/2026 9:29,13.12474609
5/24/2026 9:34,13.21054687
5/24/2026 9:39,13.25344727
5/24/2026 9:44,13.38214844
5/24/2026 9:49,13.46794922
5/24/2026 9:54,13.59665039
5/24/2026 9:59,13.63955078
5/24/2026 10:04,13.72535156
5/24/2026 10:09,13.81115234
5/24/2026 10:14,13.93985352
5/24/2026 10:19,14.06855469
5/24/2026 10:24,14.15435547
5/24/2026 10:29,14.28305664
5/24/2026 10:34,14.36885742
5/24/2026 10:39,14.41175781
5/24/2026 10:44,14.54045898
5/24/2026 10:49,14.66916016
5/24/2026 10:54,14.84076172
5/24/2026 10:59,14.96946289
5/24/2026 11:04,15.05526367
5/24/2026 11:09,15.18396484
5/24/2026 11:14,15.18396484
5/24/2026 11:19,15.3984668
5/24/2026 11:24,15.44136719
5/24/2026 11:29,15.3984668
5/24/2026 11:34,15.48426758
5/24/2026 11:39,15.69876953
5/24/2026 11:44,15.74166992
5/24/2026 11:49,15.74166992
5/24/2026 11:54,15.8274707
5/24/2026 11:59,16.08487305
5/24/2026 12:04,16.08487305
5/24/2026 12:09,16.34227539
5/24/2026 12:14,16.299375
5/24/2026 12:19,16.17067383
5/24/2026 12:24,16.25647461
5/24/2026 12:29,16.47097656
5/24/2026 12:34,16.64257813
5/24/2026 12:39,16.55677734
5/24/2026 12:44,16.85708008
5/24/2026 12:49,17.2002832
5/24/2026 12:54,17.15738281
5/24/2026 12:59,16.89998047
5/24/2026 13:04,17.07158203
5/24/2026 13:09,17.11448242
5/24/2026 13:14,17.62928711
5/24/2026 13:19,17.62928711
5/24/2026 13:24,17.62928711
5/24/2026 13:29,17.54348633
5/24/2026 13:34,18.18699219
5/24/2026 13:39,18.10119141
5/24/2026 13:44,18.05829102
5/24/2026 13:49,17.84378906
5/24/2026 13:54,18.18699219
5/24/2026 13:59,18.1440918
5/24/2026 14:04,18.53019531
5/24/2026 14:09,18.74469727
5/24/2026 14:14,18.5730957
5/24/2026 14:19,18.83049805
5/24/2026 14:24,18.95919922
5/24/2026 14:29,18.95919922
5/24/2026 14:34,18.91629883
5/24/2026 14:39,18.70179687
5/24/2026 14:44,18.95919922
5/24/2026 14:49,19.045
5/24/2026 14:54,19.045
5/24/2026 14:59,19.30240234
5/24/2026 15:04,19.38820312
5/24/2026 15:09,19.55980469
5/24/2026 15:14,19.5169043
5/24/2026 15:19,19.68850586
5/24/2026 15:24,19.64560547
5/24/2026 15:29,19.73140625
5/24/2026 15:34,19.68850586
5/24/2026 15:39,19.60270508
5/24/2026 15:44,19.81720703
5/24/2026 15:49,19.98880859
5/24/2026 15:54,20.07460938
5/24/2026 15:59,19.98880859
5/24/2026 16:04,19.90300781
5/24/2026 16:09,20.07460938
5/24/2026 16:14,20.11750977
5/24/2026 16:19,20.24621094
5/24/2026 16:24,20.16041016
5/24/2026 16:29,20.24621094
5/24/2026 16:34,20.16041016
5/24/2026 16:39,20.11750977
5/24/2026 16:44,20.16041016
5/24/2026 16:49,20.20331055
5/24/2026 16:54,20.28911133
5/24/2026 16:59,20.37491211
5/24/2026 17:04,20.33201172
5/24/2026 17:09,20.20331055
5/24/2026 17:14,20.33201172
5/24/2026 17:19,20.37491211
5/24/2026 17:24,20.54651367
5/24/2026 17:29,20.4178125
5/24/2026 17:34,20.46071289
5/24/2026 17:39,20.33201172
5/24/2026 17:44,20.4178125
5/24/2026 17:49,20.16041016
5/24/2026 17:54,20.16041016
5/24/2026 17:59,19.90300781
5/24/2026 18:04,19.81720703
5/24/2026 18:09,19.77430664
5/24/2026 18:14,19.64560547
5/24/2026 18:19,19.60270508
5/24/2026 18:24,19.5169043
5/24/2026 18:29,19.38820312
5/24/2026 18:34,19.25950195
5/24/2026 18:39,19.17370117
5/24/2026 18:44,19.13080078
5/24/2026 18:49,18.91629883
5/24/2026 18:54,18.87339844
5/24/2026 18:59,18.83049805
5/24/2026 19:04,18.74469727
5/24/2026 19:09,18.65889648
5/24/2026 19:14,18.61599609
5/24/2026 19:19,18.44439453
5/24/2026 19:24,18.40149414
5/24/2026 19:29,18.31569336
5/24/2026 19:34,18.27279297
5/24/2026 19:39,18.1440918
5/24/2026 19:44,18.01539063
5/24/2026 19:49,17.97249023
5/24/2026 19:54,17.88668945
5/24/2026 19:59,17.84378906
5/24/2026 20:04,17.75798828
5/24/2026 20:09,17.71508789
5/24/2026 20:14,17.54348633
5/24/2026 20:19,17.41478516
5/24/2026 20:24,17.37188477
5/24/2026 20:29,17.28608398
5/24/2026 20:34,17.2002832
5/24/2026 20:39,17.11448242
5/24/2026 20:44,17.07158203
5/24/2026 20:49,16.98578125
5/24/2026 20:54,16.89998047
5/24/2026 20:59,16.85708008
5/24/2026 21:04,16.7712793
5/24/2026 21:09,16.72837891
5/24/2026 21:14,16.64257813
5/24/2026 21:19,16.55677734
5/24/2026 21:24,16.47097656
5/24/2026 21:29,16.299375
5/24/2026 21:34,16.21357422
5/24/2026 21:39,16.17067383
5/24/2026 21:44,16.08487305
5/24/2026 21:49,15.95617187
5/24/2026 21:54,15.87037109
5/24/2026 21:59,15.8274707
5/24/2026 22:04,15.8274707
5/24/2026 22:09,15.78457031
5/24/2026 22:14,15.74166992
5/24/2026 22:19,15.69876953
5/24/2026 22:24,15.65586914
5/24/2026 22:29,15.69876953
5/24/2026 22:34,15.69876953
5/24/2026 22:39,15.78457031
5/24/2026 22:44,15.87037109
5/24/2026 22:49,15.91327148
5/24/2026 22:54,15.99907227
5/24/2026 22:59,15.99907227
5/24/2026 23:04,16.12777344
5/24/2026 23:09,16.17067383
5/24/2026 23:14,16.25647461
5/24/2026 23:19,16.34227539
5/24/2026 23:24,16.42807617
5/24/2026 23:29,16.51387695
5/24/2026 23:34,16.64257813
5/24/2026 23:39,16.7712793
5/24/2026 23:44,16.81417969
5/24/2026 23:49,16.85708008
5/24/2026 23:54,16.94288086
5/24/2026 23:59,16.98578125
5/25/2026 0:04,16.94288086
5/25/2026 0:09,16.98578125
5/25/2026 0:14,16.98578125
5/25/2026 0:19,17.02868164
5/25/2026 0:24,16.98578125
5/25/2026 0:29,16.98578125
5/25/2026 0:34,16.98578125
5/25/2026 0:39,16.98578125
5/25/2026 0:44,16.94288086
5/25/2026 0:49,16.89998047
5/25/2026 0:54,16.89998047
5/25/2026 0:59,16.89998047
5/25/2026 1:04,16.89998047
5/25/2026 1:09,16.89998047
5/25/2026 1:14,16.94288086
5/25/2026 1:19,16.89998047
5/25/2026 1:24,16.85708008
5/25/2026 1:29,16.85708008
5/25/2026 1:34,16.81417969
5/25/2026 1:39,16.81417969
5/25/2026 1:44,16.7712793
5/25/2026 1:49,16.7712793
5/25/2026 1:54,16.68547852
5/25/2026 1:59,16.72837891
5/25/2026 2:04,16.68547852
5/25/2026 2:09,16.64257813
5/25/2026 2:14,16.59967773
5/25/2026 2:19,16.59967773
5/25/2026 2:24,16.55677734
5/25/2026 2:29,16.47097656
5/25/2026 2:34,16.47097656
5/25/2026 2:39,16.42807617
5/25/2026 2:44,16.47097656
5/25/2026 2:49,16.299375
5/25/2026 2:54,16.299375
5/25/2026 2:59,16.34227539
5/25/2026 3:04,16.25647461
5/25/2026 3:09,16.21357422
5/25/2026 3:14,16.21357422
5/25/2026 3:19,16.21357422
5/25/2026 3:24,16.12777344
5/25/2026 3:29,16.12777344
5/25/2026 3:34,16.04197266
5/25/2026 3:39,15.99907227
5/25/2026 3:44,15.99907227
5/25/2026 3:49,15.99907227
5/25/2026 3:54,15.95617187
5/25/2026 3:59,15.87037109
5/25/2026 4:04,15.91327148
5/25/2026 4:09,15.91327148
5/25/2026 4:14,15.8274707
5/25/2026 4:19,15.78457031
5/25/2026 4:24,15.78457031
5/25/2026 4:29,15.74166992
5/25/2026 4:34,15.74166992
5/25/2026 4:39,15.74166992
5/25/2026 4:44,15.61296875
5/25/2026 4:49,15.57006836
5/25/2026 4:54,15.57006836
5/25/2026 4:59,15.57006836
5/25/2026 5:04,15.52716797
5/25/2026 5:09,15.57006836
5/25/2026 5:14,15.48426758
5/25/2026 5:19,15.3984668
5/25/2026 5:24,15.3984668
5/25/2026 5:29,15.3984668
5/25/2026 5:34,15.3984668
5/25/2026 5:39,15.35556641
5/25/2026 5:44,15.35556641
5/25/2026 5:49,15.31266602
5/25/2026 5:54,15.22686523
5/25/2026 5:59,15.26976562
5/25/2026 6:04,15.26976562
5/25/2026 6:09,15.22686523
5/25/2026 6:14,15.22686523
5/25/2026 6:19,15.18396484
5/25/2026 6:24,15.14106445
5/25/2026 6:29,15.09816406
5/25/2026 6:34,15.14106445
5/25/2026 6:39,15.09816406
5/25/2026 6:44,15.09816406
5/25/2026 6:49,15.05526367
5/25/2026 6:54,15.01236328
5/25/2026 6:59,15.01236328
5/25/2026 7:04,15.05526367
5/25/2026 7:09,15.01236328
5/25/2026 7:14,15.01236328
5/25/2026 7:19,15.01236328
5/25/2026 7:24,15.01236328
5/25/2026 7:29,14.96946289
5/25/2026 7:34,14.96946289
5/25/2026 7:39,14.9265625
5/25/2026 7:44,15.01236328
5/25/2026 7:49,14.96946289
5/25/2026 7:54,14.96946289
5/25/2026 7:59,15.01236328
5/25/2026 8:04,14.96946289
5/25/2026 8:09,15.01236328
5/25/2026 8:14,15.05526367
5/25/2026 8:19,15.14106445
5/25/2026 8:24,15.14106445
5/25/2026 8:29,15.26976562
5/25/2026 8:34,15.26976562
5/25/2026 8:39,15.35556641
5/25/2026 8:44,15.3984668
5/25/2026 8:49,15.48426758
5/25/2026 8:54,15.52716797
5/25/2026 8:59,15.52716797
5/25/2026 9:04,15.61296875
5/25/2026 9:09,15.61296875
5/25/2026 9:14,15.65586914
5/25/2026 9:19,15.69876953
5/25/2026 9:24,15.74166992
5/25/2026 9:29,15.91327148
5/25/2026 9:34,15.87037109
5/25/2026 9:39,15.99907227
5/25/2026 9:44,16.12777344
5/25/2026 9:49,16.12777344
5/25/2026 9:54,16.21357422
5/25/2026 9:59,16.25647461
5/25/2026 10:04,16.38517578
5/25/2026 10:09,16.51387695
5/25/2026 10:14,16.59967773
5/25/2026 10:19,16.64257813
5/25/2026 10:24,16.72837891
5/25/2026 10:29,16.7712793
5/25/2026 10:34,16.89998047
5/25/2026 10:39,17.02868164
5/25/2026 10:44,17.11448242
5/25/2026 10:49,17.2002832
5/25/2026 10:54,17.32898437
5/25/2026 10:59,17.37188477
5/25/2026 11:04,17.41478516
5/25/2026 11:09,17.50058594
5/25/2026 11:14,17.62928711
5/25/2026 11:19,17.71508789
5/25/2026 11:24,17.88668945
5/25/2026 11:29,18.01539063
5/25/2026 11:34,18.01539063
5/25/2026 11:39,18.05829102
5/25/2026 11:44,18.18699219
5/25/2026 11:49,18.27279297
5/25/2026 11:54,18.18699219
5/25/2026 11:59,18.40149414
5/25/2026 12:04,18.5730957
5/25/2026 12:09,18.65889648
5/25/2026 12:14,18.78759766
5/25/2026 12:19,18.70179687
5/25/2026 12:24,18.65889648
5/25/2026 12:29,18.74469727
5/25/2026 12:34,18.70179687
5/25/2026 12:39,18.87339844
5/25/2026 12:44,19.21660156
5/25/2026 12:49,19.34530273
5/25/2026 12:54,19.30240234
5/25/2026 12:59,19.30240234
5/25/2026 13:04,19.34530273
5/25/2026 13:09,19.5169043
5/25/2026 13:14,19.68850586
5/25/2026 13:19,19.73140625
5/25/2026 13:24,20.07460938
5/25/2026 13:29,20.07460938
5/25/2026 13:34,20.33201172
5/25/2026 13:39,20.24621094
5/25/2026 13:44,20.28911133
5/25/2026 13:49,20.20331055
5/25/2026 13:54,20.58941406
5/25/2026 13:59,20.4178125
5/25/2026 14:04,20.58941406
5/25/2026 14:09,20.76101562
5/25/2026 14:14,20.97551758
5/25/2026 14:19,21.19001953
5/25/2026 14:24,21.23291992
5/25/2026 14:29,21.27582031
5/25/2026 14:34,21.3187207
5/25/2026 14:39,21.14711914
5/25/2026 14:44,21.3187207
5/25/2026 14:49,21.40452148
5/25/2026 14:54,21.53322266
5/25/2026 14:59,21.61902344
5/25/2026 15:04,21.61902344
5/25/2026 15:09,21.66192383
5/25/2026 15:14,21.66192383
5/25/2026 15:19,21.70482422
5/25/2026 15:24,21.87642578
5/25/2026 15:29,21.91932617
5/25/2026 15:34,21.87642578
5/25/2026 15:39,21.83352539
5/25/2026 15:44,21.83352539
5/25/2026 15:49,21.91932617
5/25/2026 15:54,22.04802734
5/25/2026 15:59,22.09092773
5/25/2026 16:04,22.13382813
5/25/2026 16:09,22.34833008
5/25/2026 16:14,22.34833008
5/25/2026 16:19,22.21962891
5/25/2026 16:24,22.30542969
5/25/2026 16:29,22.30542969
5/25/2026 16:34,22.17672852
5/25/2026 16:39,22.17672852
5/25/2026 16:44,22.04802734
5/25/2026 16:49,22.17672852
5/25/2026 16:54,22.34833008
5/25/2026 16:59,22.30542969
5/25/2026 17:04,22.2625293
5/25/2026 17:09,22.13382813
5/25/2026 17:14,22.30542969
5/25/2026 17:19,22.34833008
5/25/2026 17:24,22.34833008
5/25/2026 17:29,22.30542969
5/25/2026 17:34,22.34833008
5/25/2026 17:39,22.34833008
5/25/2026 17:44,22.43413086
5/25/2026 17:49,22.34833008
5/25/2026 17:54,22.39123047
5/25/2026 17:59,22.39123047
5/25/2026 18:04,22.39123047
5/25/2026 18:09,22.39123047
5/25/2026 18:14,22.43413086
5/25/2026 18:19,22.39123047
5/25/2026 18:24,22.39123047
5/25/2026 18:29,21.96222656
5/25/2026 18:34,22.00512695
5/25/2026 18:39,21.96222656
5/25/2026 18:44,21.96222656
5/25/2026 18:49,21.83352539
5/25/2026 18:54,21.61902344
5/25/2026 18:59,21.40452148
5/25/2026 19:04,21.3187207
5/25/2026 19:09,21.23291992
5/25/2026 19:14,21.10421875
5/25/2026 19:19,20.97551758
5/25/2026 19:24,20.8897168
5/25/2026 19:29,20.76101562
5/25/2026 19:34,20.67521484
5/25/2026 19:39,20.58941406
5/25/2026 19:44,20.54651367
5/25/2026 19:49,20.50361328
5/25/2026 19:54,20.37491211
5/25/2026 19:59,20.28911133
5/25/2026 20:04,20.20331055
5/25/2026 20:09,20.07460938
5/25/2026 20:14,19.98880859
5/25/2026 20:19,19.86010742
5/25/2026 20:24,19.77430664
5/25/2026 20:29,19.73140625
5/25/2026 20:34,19.64560547
5/25/2026 20:39,19.5169043
5/25/2026 20:44,19.43110352
5/25/2026 20:49,19.38820312
5/25/2026 20:54,19.30240234
5/25/2026 20:59,19.30240234
5/25/2026 21:04,19.17370117
5/25/2026 21:09,19.08790039
5/25/2026 21:14,19.045
5/25/2026 21:19,19.045
5/25/2026 21:24,18.87339844
5/25/2026 21:29,18.83049805
5/25/2026 21:34,18.83049805
5/25/2026 21:39,18.74469727
5/25/2026 21:44,18.70179687
5/25/2026 21:49,18.61599609
5/25/2026 21:54,18.5730957
5/25/2026 21:59,18.5730957
5/25/2026 22:04,18.53019531
5/25/2026 22:09,18.48729492
5/25/2026 22:14,18.40149414
5/25/2026 22:19,18.40149414
5/25/2026 22:24,18.35859375
5/25/2026 22:29,18.27279297
5/25/2026 22:34,18.22989258
5/25/2026 22:39,18.18699219
5/25/2026 22:44,18.1440918
5/25/2026 22:49,18.05829102
5/25/2026 22:54,18.05829102
5/25/2026 22:59,18.05829102
5/25/2026 23:04,18.01539063
5/25/2026 23:09,17.97249023
5/25/2026 23:14,17.92958984
5/25/2026 23:19,17.92958984
5/25/2026 23:24,17.88668945
5/25/2026 23:29,17.84378906
5/25/2026 23:34,17.84378906
5/25/2026 23:39,17.75798828
5/25/2026 23:44,17.75798828
5/25/2026 23:49,17.71508789
5/25/2026 23:54,17.71508789
5/25/2026 23:59,17.6721875
5/26/2026 0:04,17.62928711
5/26/2026 0:09,17.62928711
5/26/2026 0:14,17.58638672
5/26/2026 0:19,17.54348633
5/26/2026 0:24,17.54348633
5/26/2026 0:29,17.54348633
5/26/2026 0:34,17.50058594
5/26/2026 0:39,17.41478516
5/26/2026 0:44,17.41478516
5/26/2026 0:49,17.37188477
5/26/2026 0:54,17.32898437
5/26/2026 0:59,17.37188477
5/26/2026 1:04,17.32898437
5/26/2026 1:09,17.24318359
5/26/2026 1:14,17.28608398
5/26/2026 1:19,17.24318359
5/26/2026 1:24,17.2002832
5/26/2026 1:29,17.2002832
5/26/2026 1:34,17.15738281
5/26/2026 1:39,17.15738281
5/26/2026 1:44,17.11448242
5/26/2026 1:49,17.07158203
5/26/2026 1:54,17.11448242
5/26/2026 1:59,17.02868164
5/26/2026 2:04,17.02868164
5/26/2026 2:09,17.02868164
5/26/2026 2:14,17.02868164
5/26/2026 2:19,16.98578125
5/26/2026 2:24,16.98578125
5/26/2026 2:29,16.94288086
5/26/2026 2:34,16.94288086
5/26/2026 2:39,16.89998047
5/26/2026 2:44,16.85708008
5/26/2026 2:49,16.81417969
5/26/2026 2:54,16.81417969
5/26/2026 2:59,16.7712793
5/26/2026 3:04,16.7712793
5/26/2026 3:09,16.72837891
5/26/2026 3:14,16.68547852
5/26/2026 3:19,16.72837891
5/26/2026 3:24,16.64257813
5/26/2026 3:29,16.64257813
5/26/2026 3:34,16.64257813
5/26/2026 3:39,16.59967773
5/26/2026 3:44,16.59967773
5/26/2026 3:49,16.55677734
5/26/2026 3:54,16.51387695
5/26/2026 3:59,16.55677734
5/26/2026 4:04,16.51387695
5/26/2026 4:09,16.47097656
5/26/2026 4:14,16.47097656
5/26/2026 4:19,16.47097656
5/26/2026 4:24,16.47097656
5/26/2026 4:29,16.42807617
5/26/2026 4:34,16.42807617
5/26/2026 4:39,16.42807617
5/26/2026 4:44,16.38517578
5/26/2026 4:49,16.34227539
5/26/2026 4:54,16.38517578
5/26/2026 4:59,16.34227539
5/26/2026 5:04,16.34227539
5/26/2026 5:09,16.34227539
5/26/2026 5:14,16.299375
5/26/2026 5:19,16.299375
5/26/2026 5:24,16.25647461
5/26/2026 5:29,16.25647461
5/26/2026 5:34,16.25647461
5/26/2026 5:39,16.21357422
5/26/2026 5:44,16.25647461
5/26/2026 5:49,16.21357422
5/26/2026 5:54,16.21357422
5/26/2026 5:59,16.25647461
5/26/2026 6:04,16.21357422
5/26/2026 6:09,16.21357422
5/26/2026 6:14,16.21357422
5/26/2026 6:19,16.21357422
5/26/2026 6:24,16.21357422
5/26/2026 6:29,16.21357422
5/26/2026 6:34,16.21357422
5/26/2026 6:39,16.21357422
5/26/2026 6:44,16.21357422
5/26/2026 6:49,16.21357422
5/26/2026 6:54,16.17067383
5/26/2026 6:59,16.17067383
5/26/2026 7:04,16.21357422
5/26/2026 7:09,16.21357422
5/26/2026 7:14,16.21357422
5/26/2026 7:19,16.17067383
5/26/2026 7:24,16.21357422
5/26/2026 7:29,16.21357422
5/26/2026 7:34,16.25647461
5/26/2026 7:39,16.21357422
5/26/2026 7:44,16.25647461
5/26/2026 7:49,16.25647461
5/26/2026 7:54,16.21357422
5/26/2026 7:59,16.25647461
5/26/2026 8:04,16.21357422
5/26/2026 8:09,16.17067383
5/26/2026 8:14,16.21357422
5/26/2026 8:19,16.21357422
5/26/2026 8:24,16.21357422
5/26/2026 8:29,16.21357422
5/26/2026 8:34,16.21357422
5/26/2026 8:39,16.299375
5/26/2026 8:44,16.34227539
5/26/2026 8:49,16.42807617
5/26/2026 8:54,16.51387695
5/26/2026 8:59,16.64257813
5/26/2026 9:04,16.64257813
5/26/2026 9:09,16.64257813
5/26/2026 9:14,16.72837891
5/26/2026 9:19,16.7712793
5/26/2026 9:24,16.85708008
5/26/2026 9:29,16.94288086
5/26/2026 9:34,17.07158203
5/26/2026 9:39,17.11448242
5/26/2026 9:44,17.11448242
5/26/2026 9:49,17.15738281
5/26/2026 9:54,17.24318359
5/26/2026 9:59,17.28608398
5/26/2026 10:04,17.28608398
5/26/2026 10:09,17.41478516
5/26/2026 10:14,17.32898437
5/26/2026 10:19,17.45768555
5/26/2026 10:24,17.54348633
5/26/2026 10:29,17.6721875
5/26/2026 10:34,17.58638672
5/26/2026 10:39,17.58638672
5/26/2026 10:44,17.84378906
5/26/2026 10:49,18.10119141
5/26/2026 10:54,18.10119141
5/26/2026 10:59,18.31569336
5/26/2026 11:04,18.18699219
5/26/2026 11:09,18.22989258
5/26/2026 11:14,18.1440918
5/26/2026 11:19,18.53019531
5/26/2026 11:24,18.87339844
5/26/2026 11:29,18.74469727
5/26/2026 11:34,19.17370117
5/26/2026 11:39,19.25950195
5/26/2026 11:44,19.25950195
5/26/2026 11:49,19.13080078
5/26/2026 11:54,18.95919922
5/26/2026 11:59,19.08790039
5/26/2026 12:04,19.34530273
5/26/2026 12:09,19.64560547
5/26/2026 12:14,19.68850586
5/26/2026 12:19,19.64560547
5/26/2026 12:24,19.60270508
5/26/2026 12:29,19.60270508
5/26/2026 12:34,19.68850586
5/26/2026 12:39,19.77430664
5/26/2026 12:44,19.73140625
5/26/2026 12:49,19.55980469
5/26/2026 12:54,19.64560547
5/26/2026 12:59,19.90300781
5/26/2026 13:04,19.73140625
5/26/2026 13:09,19.90300781
5/26/2026 13:14,20.03170898
5/26/2026 13:19,20.03170898
5/26/2026 13:24,20.07460938
5/26/2026 13:29,20.24621094
5/26/2026 13:34,20.07460938
5/26/2026 13:39,20.07460938
5/26/2026 13:44,19.98880859
5/26/2026 13:49,19.73140625
5/26/2026 13:54,19.77430664
5/26/2026 13:59,20.03170898
5/26/2026 14:04,20.07460938
5/26/2026 14:09,20.11750977
5/26/2026 14:14,20.11750977
5/26/2026 14:19,19.86010742
5/26/2026 14:24,19.9459082
5/26/2026 14:29,20.03170898
5/26/2026 14:34,20.11750977
5/26/2026 14:39,20.37491211
5/26/2026 14:44,20.28911133
5/26/2026 14:49,20.11750977
5/26/2026 14:54,20.16041016
5/26/2026 14:59,20.33201172
5/26/2026 15:04,20.63231445
5/26/2026 15:09,20.76101562
5/26/2026 15:14,20.33201172
5/26/2026 15:19,20.46071289
5/26/2026 15:24,20.63231445
5/26/2026 15:29,20.54651367
5/26/2026 15:34,20.63231445
5/26/2026 15:39,20.67521484
5/26/2026 15:44,20.93261719
5/26/2026 15:49,20.8897168
5/26/2026 15:54,21.01841797
5/26/2026 15:59,20.97551758
5/26/2026 16:04,21.14711914
5/26/2026 16:09,21.3187207
5/26/2026 16:14,21.40452148
5/26/2026 16:19,21.3187207
5/26/2026 16:24,21.53322266
5/26/2026 16:29,21.53322266
5/26/2026 16:34,21.49032227
5/26/2026 16:39,21.57612305
5/26/2026 16:44,21.70482422
5/26/2026 16:49,21.61902344
5/26/2026 16:54,21.53322266
5/26/2026 16:59,21.49032227
5/26/2026 17:04,21.44742187
5/26/2026 17:09,21.40452148
5/26/2026 17:14,21.53322266
5/26/2026 17:19,21.70482422
5/26/2026 17:24,21.61902344
5/26/2026 17:29,21.61902344
5/26/2026 17:34,21.57612305
5/26/2026 17:39,21.49032227
5/26/2026 17:44,21.57612305
5/26/2026 17:49,21.57612305
5/26/2026 17:54,21.49032227
5/26/2026 17:59,21.61902344
5/26/2026 18:04,21.70482422
5/26/2026 18:09,21.83352539
5/26/2026 18:14,21.74772461
5/26/2026 18:19,21.57612305
5/26/2026 18:24,21.53322266
5/26/2026 18:29,21.44742187
5/26/2026 18:34,21.36162109
5/26/2026 18:39,21.27582031
5/26/2026 18:44,21.06131836
5/26/2026 18:49,21.06131836
5/26/2026 18:54,20.93261719
5/26/2026 18:59,20.80391602
5/26/2026 19:04,20.71811523
5/26/2026 19:09,20.58941406
5/26/2026 19:14,20.46071289
5/26/2026 19:19,20.50361328
5/26/2026 19:24,20.4178125
5/26/2026 19:29,20.33201172
5/26/2026 19:34,20.28911133
5/26/2026 19:39,20.24621094
5/26/2026 19:44,20.11750977
5/26/2026 19:49,19.98880859
5/26/2026 19:54,19.90300781
5/26/2026 19:59,19.86010742
5/26/2026 20:04,19.81720703
5/26/2026 20:09,19.77430664
5/26/2026 20:14,19.73140625
5/26/2026 20:19,19.73140625
5/26/2026 20:24,19.68850586
5/26/2026 20:29,19.64560547
5/26/2026 20:34,19.60270508
5/26/2026 20:39,19.55980469
5/26/2026 20:44,19.43110352
5/26/2026 20:49,19.43110352
5/26/2026 20:54,19.30240234
5/26/2026 20:59,19.25950195
5/26/2026 21:04,19.30240234
5/26/2026 21:09,19.21660156
5/26/2026 21:14,19.17370117
5/26/2026 21:19,19.17370117
5/26/2026 21:24,19.045
5/26/2026 21:29,19.00209961
5/26/2026 21:34,18.95919922
5/26/2026 21:39,18.91629883
5/26/2026 21:44,18.87339844
5/26/2026 21:49,18.87339844
5/26/2026 21:54,18.83049805
5/26/2026 21:59,18.74469727
5/26/2026 22:04,18.74469727
5/26/2026 22:09,18.65889648
5/26/2026 22:14,18.70179687
5/26/2026 22:19,18.61599609
5/26/2026 22:24,18.53019531
5/26/2026 22:29,18.48729492
5/26/2026 22:34,18.44439453
5/26/2026 22:39,18.40149414
5/26/2026 22:44,18.35859375
5/26/2026 22:49,18.31569336
5/26/2026 22:54,18.22989258
5/26/2026 22:59,18.22989258
5/26/2026 23:04,18.18699219
5/26/2026 23:09,18.10119141
5/26/2026 23:14,18.1440918
5/26/2026 23:19,18.1440918
5/26/2026 23:24,18.05829102
5/26/2026 23:29,18.01539063
5/26/2026 23:34,17.97249023
5/26/2026 23:39,17.92958984
5/26/2026 23:44,17.84378906
5/26/2026 23:49,17.88668945
5/26/2026 23:54,17.88668945
5/26/2026 23:59,17.88668945
5/27/2026 0:04,17.84378906
5/27/2026 0:09,17.80088867
5/27/2026 0:14,17.75798828
5/27/2026 0:19,17.71508789
5/27/2026 0:24,17.6721875
5/27/2026 0:29,17.6721875
5/27/2026 0:34,17.58638672
5/27/2026 0:39,17.54348633
5/27/2026 0:44,17.54348633
5/27/2026 0:49,17.50058594
5/27/2026 0:54,17.50058594
5/27/2026 0:59,17.45768555
5/27/2026 1:04,17.45768555
5/27/2026 1:09,17.45768555
5/27/2026 1:14,17.37188477
5/27/2026 1:19,17.41478516
5/27/2026 1:24,17.37188477
5/27/2026 1:29,17.32898437
5/27/2026 1:34,17.32898437
5/27/2026 1:39,17.32898437
5/27/2026 1:44,17.28608398
5/27/2026 1:49,17.24318359
5/27/2026 1:54,17.24318359
5/27/2026 1:59,17.15738281
5/27/2026 2:04,17.2002832
5/27/2026 2:09,17.15738281
5/27/2026 2:14,17.15738281
5/27/2026 2:19,17.15738281
5/27/2026 2:24,17.11448242
5/27/2026 2:29,17.07158203
5/27/2026 2:34,17.07158203
5/27/2026 2:39,17.02868164
5/27/2026 2:44,16.98578125
5/27/2026 2:49,16.94288086
5/27/2026 2:54,16.94288086
5/27/2026 2:59,16.94288086
5/27/2026 3:04,16.89998047
5/27/2026 3:09,16.89998047
5/27/2026 3:14,16.85708008
5/27/2026 3:19,16.81417969
5/27/2026 3:24,16.81417969
5/27/2026 3:29,16.7712793
5/27/2026 3:34,16.7712793
5/27/2026 3:39,16.7712793
5/27/2026 3:44,16.72837891
5/27/2026 3:49,16.72837891
5/27/2026 3:54,16.72837891
5/27/2026 3:59,16.68547852
5/27/2026 4:04,16.64257813
5/27/2026 4:09,16.64257813
5/27/2026 4:14,16.64257813
5/27/2026 4:19,16.64257813
5/27/2026 4:24,16.59967773
5/27/2026 4:29,16.55677734
5/27/2026 4:34,16.51387695
5/27/2026 4:39,16.47097656
5/27/2026 4:44,16.42807617
5/27/2026 4:49,16.47097656
5/27/2026 4:54,16.38517578
5/27/2026 4:59,16.38517578
5/27/2026 5:04,16.38517578
5/27/2026 5:09,16.38517578
5/27/2026 5:14,16.34227539
5/27/2026 5:19,16.34227539
5/27/2026 5:24,16.299375
5/27/2026 5:29,16.25647461
5/27/2026 5:34,16.21357422
5/27/2026 5:39,16.21357422
5/27/2026 5:44,16.17067383
5/27/2026 5:49,16.12777344
5/27/2026 5:54,16.17067383
5/27/2026 5:59,16.08487305
5/27/2026 6:04,16.12777344
5/27/2026 6:09,16.08487305
5/27/2026 6:14,16.04197266
5/27/2026 6:19,16.04197266
5/27/2026 6:24,15.99907227
5/27/2026 6:29,15.99907227
5/27/2026 6:34,15.99907227
5/27/2026 6:39,15.95617187
5/27/2026 6:44,15.91327148
5/27/2026 6:49,15.95617187
5/27/2026 6:54,15.95617187
5/27/2026 6:59,15.99907227
5/27/2026 7:04,15.95617187
5/27/2026 7:09,15.99907227
5/27/2026 7:14,15.99907227
5/27/2026 7:19,15.99907227
5/27/2026 7:24,16.04197266
5/27/2026 7:29,15.99907227
5/27/2026 7:34,15.99907227
5/27/2026 7:39,15.99907227
5/27/2026 7:44,16.04197266
5/27/2026 7:49,15.99907227
5/27/2026 7:54,16.04197266
5/27/2026 7:59,16.08487305
5/27/2026 8:04,16.04197266
5/27/2026 8:09,16.12777344
5/27/2026 8:14,16.17067383
5/27/2026 8:19,16.17067383
5/27/2026 8:24,16.21357422
5/27/2026 8:29,16.21357422
5/27/2026 8:34,16.25647461
5/27/2026 8:39,16.299375
5/27/2026 8:44,16.34227539
5/27/2026 8:49,16.299375
5/27/2026 8:54,16.42807617
5/27/2026 8:59,16.42807617
5/27/2026 9:04,16.47097656
5/27/2026 9:09,16.47097656
5/27/2026 9:14,16.51387695
5/27/2026 9:19,16.42807617
5/27/2026 9:24,16.47097656
5/27/2026 9:29,16.59967773
5/27/2026 9:34,16.59967773
5/27/2026 9:39,16.64257813
5/27/2026 9:44,16.7712793
5/27/2026 9:49,16.85708008
5/27/2026 9:54,16.85708008
5/27/2026 9:59,16.89998047
5/27/2026 10:04,16.98578125
5/27/2026 10:09,17.02868164
5/27/2026 10:14,17.11448242
5/27/2026 10:19,17.2002832
5/27/2026 10:24,17.24318359
5/27/2026 10:29,17.28608398
5/27/2026 10:34,17.37188477
5/27/2026 10:39,17.45768555
5/27/2026 10:44,17.62928711
5/27/2026 10:49,17.62928711
5/27/2026 10:54,17.80088867
5/27/2026 10:59,17.88668945
5/27/2026 11:04,18.01539063
5/27/2026 11:09,18.1440918
5/27/2026 11:14,18.35859375
5/27/2026 11:19,18.44439453
5/27/2026 11:24,18.48729492
5/27/2026 11:29,18.53019531
5/27/2026 11:34,18.61599609
5/27/2026 11:39,18.65889648
5/27/2026 11:44,18.78759766
5/27/2026 11:49,18.87339844
5/27/2026 11:54,18.95919922
5/27/2026 11:59,19.13080078
5/27/2026 12:04,19.43110352
5/27/2026 12:09,19.5169043
5/27/2026 12:14,19.47400391
5/27/2026 12:19,19.47400391
5/27/2026 12:24,19.60270508
5/27/2026 12:29,19.64560547
5/27/2026 12:34,19.73140625
5/27/2026 12:39,19.90300781
5/27/2026 12:44,20.07460938
5/27/2026 12:49,19.98880859
5/27/2026 12:54,20.11750977
5/27/2026 12:59,20.28911133
5/27/2026 13:04,20.16041016
5/27/2026 13:09,20.24621094
5/27/2026 13:14,20.46071289
5/27/2026 13:19,20.63231445
5/27/2026 13:24,20.50361328
5/27/2026 13:29,20.67521484
5/27/2026 13:34,20.76101562
5/27/2026 13:39,21.01841797
5/27/2026 13:44,20.97551758
5/27/2026 13:49,20.8897168
5/27/2026 13:54,21.01841797
5/27/2026 13:59,21.3187207
5/27/2026 14:04,21.19001953
5/27/2026 14:09,21.27582031
5/27/2026 14:14,21.23291992
5/27/2026 14:19,21.53322266
5/27/2026 14:24,21.66192383
5/27/2026 14:29,21.61902344
5/27/2026 14:34,21.70482422
5/27/2026 14:39,21.790625
5/27/2026 14:44,21.83352539
5/27/2026 14:49,21.87642578
5/27/2026 14:54,22.09092773
5/27/2026 14:59,21.96222656
5/27/2026 15:04,22.2625293
5/27/2026 15:09,22.2625293
5/27/2026 15:14,22.04802734
5/27/2026 15:19,22.2625293
5/27/2026 15:24,22.2625293
5/27/2026 15:29,22.51993164
5/27/2026 15:34,22.56283203
5/27/2026 15:39,22.43413086
5/27/2026 15:44,22.51993164
5/27/2026 15:49,22.77733398
5/27/2026 15:54,22.77733398
5/27/2026 15:59,22.64863281
5/27/2026 16:04,22.86313477
5/27/2026 16:09,22.86313477
5/27/2026 16:14,23.03473633
5/27/2026 16:19,22.99183594
5/27/2026 16:24,22.90603516
5/27/2026 16:29,23.03473633
5/27/2026 16:34,22.90603516
5/27/2026 16:39,23.03473633
5/27/2026 16:44,23.07763672
5/27/2026 16:49,23.1634375
5/27/2026 16:54,23.20633789
5/27/2026 16:59,23.24923828
5/27/2026 17:04,23.20633789
5/27/2026 17:09,23.03473633
5/27/2026 17:14,23.20633789
5/27/2026 17:19,23.29213867
5/27/2026 17:24,23.29213867
5/27/2026 17:29,23.37793945
5/27/2026 17:34,23.1634375
5/27/2026 17:39,23.33503906
5/27/2026 17:44,23.1634375
5/27/2026 17:49,23.20633789
5/27/2026 17:54,23.12053711
5/27/2026 17:59,23.07763672
5/27/2026 18:04,23.29213867
5/27/2026 18:09,23.20633789
5/27/2026 18:14,23.37793945
5/27/2026 18:19,23.1634375
5/27/2026 18:24,23.03473633
5/27/2026 18:29,22.90603516
5/27/2026 18:34,22.90603516
5/27/2026 18:39,22.90603516
5/27/2026 18:44,22.73443359
5/27/2026 18:49,22.64863281
5/27/2026 18:54,22.47703125
5/27/2026 18:59,22.39123047
5/27/2026 19:04,22.17672852
5/27/2026 19:09,22.04802734
5/27/2026 19:14,21.91932617
5/27/2026 19:19,21.83352539
5/27/2026 19:24,21.74772461
5/27/2026 19:29,21.66192383
5/27/2026 19:34,21.57612305
5/27/2026 19:39,21.44742187
5/27/2026 19:44,21.23291992
5/27/2026 19:49,21.14711914
5/27/2026 19:54,21.10421875
5/27/2026 19:59,20.97551758
5/27/2026 20:04,20.8897168
5/27/2026 20:09,20.84681641
5/27/2026 20:14,20.76101562
5/27/2026 20:19,20.71811523
5/27/2026 20:24,20.63231445
5/27/2026 20:29,20.54651367
5/27/2026 20:34,20.46071289
5/27/2026 20:39,20.28911133
5/27/2026 20:44,20.20331055
5/27/2026 20:49,20.20331055
5/27/2026 20:54,20.16041016
5/27/2026 20:59,20.11750977
5/27/2026 21:04,20.07460938
5/27/2026 21:09,19.9459082
5/27/2026 21:14,19.86010742
5/27/2026 21:19,19.81720703
5/27/2026 21:24,19.81720703
5/27/2026 21:29,19.73140625
5/27/2026 21:34,19.73140625
5/27/2026 21:39,19.60270508
5/27/2026 21:44,19.55980469
5/27/2026 21:49,19.5169043
5/27/2026 21:54,19.43110352
5/27/2026 21:59,19.38820312
5/27/2026 22:04,19.25950195
5/27/2026 22:09,19.21660156
5/27/2026 22:14,19.21660156
5/27/2026 22:19,19.21660156
5/27/2026 22:24,19.08790039
5/27/2026 22:29,19.08790039
5/27/2026 22:34,19.00209961
5/27/2026 22:39,18.91629883
5/27/2026 22:44,18.87339844
5/27/2026 22:49,18.83049805
5/27/2026 22:54,18.83049805
5/27/2026 22:59,18.78759766
5/27/2026 23:04,18.74469727
5/27/2026 23:09,18.61599609
5/27/2026 23:14,18.61599609
5/27/2026 23:19,18.5730957
5/27/2026 23:24,18.48729492
5/27/2026 23:29,18.48729492
5/27/2026 23:34,18.44439453
5/27/2026 23:39,18.40149414
5/27/2026 23:44,18.35859375
5/27/2026 23:49,18.31569336
5/27/2026 23:54,18.22989258
5/27/2026 23:59,18.22989258
5/28/2026 0:04,18.1440918
5/28/2026 0:09,18.05829102
5/28/2026 0:14,18.01539063
5/28/2026 0:19,18.01539063
5/28/2026 0:24,17.97249023
5/28/2026 0:29,17.92958984
5/28/2026 0:34,17.88668945
5/28/2026 0:39,17.88668945
5/28/2026 0:44,17.75798828
5/28/2026 0:49,17.71508789
5/28/2026 0:54,17.75798828
5/28/2026 0:59,17.6721875
5/28/2026 1:04,17.58638672
5/28/2026 1:09,17.62928711
5/28/2026 1:14,17.62928711
5/28/2026 1:19,17.54348633
5/28/2026 1:24,17.45768555
5/28/2026 1:29,17.50058594
5/28/2026 1:34,17.41478516
5/28/2026 1:39,17.37188477
5/28/2026 1:44,17.32898437
5/28/2026 1:49,17.28608398
5/28/2026 1:54,17.24318359
5/28/2026 1:59,17.28608398
5/28/2026 2:04,17.24318359
5/28/2026 2:09,17.2002832
5/28/2026 2:14,17.2002832
5/28/2026 2:19,17.2002832
5/28/2026 2:24,17.11448242
5/28/2026 2:29,17.07158203
5/28/2026 2:34,17.07158203
5/28/2026 2:39,17.02868164
5/28/2026 2:44,17.02868164
5/28/2026 2:49,16.98578125
5/28/2026 2:54,16.89998047
5/28/2026 2:59,16.89998047
5/28/2026 3:04,16.85708008
5/28/2026 3:09,16.85708008
5/28/2026 3:14,16.81417969
5/28/2026 3:19,16.68547852
5/28/2026 3:24,16.72837891
5/28/2026 3:29,16.68547852
5/28/2026 3:34,16.64257813
5/28/2026 3:39,16.59967773
5/28/2026 3:44,16.64257813
5/28/2026 3:49,16.59967773
5/28/2026 3:54,16.55677734
5/28/2026 3:59,16.51387695
5/28/2026 4:04,16.47097656
5/28/2026 4:09,16.47097656
5/28/2026 4:14,16.42807617
5/28/2026 4:19,16.47097656
5/28/2026 4:24,16.38517578
5/28/2026 4:29,16.38517578
5/28/2026 4:34,16.38517578
5/28/2026 4:39,16.38517578
5/28/2026 4:44,16.299375
5/28/2026 4:49,16.25647461
5/28/2026 4:54,16.21357422
5/28/2026 4:59,16.25647461
5/28/2026 5:04,16.21357422
5/28/2026 5:09,16.17067383
5/28/2026 5:14,16.17067383
5/28/2026 5:19,16.17067383
5/28/2026 5:24,16.12777344
5/28/2026 5:29,16.08487305
5/28/2026 5:34,16.08487305
5/28/2026 5:39,16.08487305
5/28/2026 5:44,15.99907227
5/28/2026 5:49,15.99907227
5/28/2026 5:54,15.99907227
5/28/2026 5:59,15.95617187
5/28/2026 6:04,15.99907227
5/28/2026 6:09,15.91327148
5/28/2026 6:14,15.91327148
5/28/2026 6:19,15.87037109
5/28/2026 6:24,15.91327148
5/28/2026 6:29,15.87037109
5/28/2026 6:34,15.8274707
5/28/2026 6:39,15.87037109
5/28/2026 6:44,15.8274707
5/28/2026 6:49,15.8274707
5/28/2026 6:54,15.8274707
5/28/2026 6:59,15.78457031
5/28/2026 7:04,15.74166992
5/28/2026 7:09,15.74166992
5/28/2026 7:14,15.74166992
5/28/2026 7:19,15.78457031
5/28/2026 7:24,15.74166992
5/28/2026 7:29,15.74166992
5/28/2026 7:34,15.74166992
5/28/2026 7:39,15.69876953
5/28/2026 7:44,15.65586914
5/28/2026 7:49,15.69876953
5/28/2026 7:54,15.69876953
5/28/2026 7:59,15.61296875
5/28/2026 8:04,15.65586914
5/28/2026 8:09,15.69876953
5/28/2026 8:14,15.69876953
5/28/2026 8:19,15.69876953
5/28/2026 8:24,15.74166992
5/28/2026 8:29,15.69876953
5/28/2026 8:34,15.74166992
5/28/2026 8:39,15.78457031
5/28/2026 8:44,15.87037109
5/28/2026 8:49,15.91327148
5/28/2026 8:54,15.95617187
5/28/2026 8:59,15.95617187
5/28/2026 9:04,16.04197266
5/28/2026 9:09,16.08487305
5/28/2026 9:14,16.17067383
5/28/2026 9:19,16.17067383
5/28/2026 9:24,16.17067383
5/28/2026 9:29,16.21357422
5/28/2026 9:34,16.299375
5/28/2026 9:39,16.38517578
5/28/2026 9:44,16.42807617
5/28/2026 9:49,16.51387695
5/28/2026 9:54,16.55677734
5/28/2026 9:59,16.64257813
5/28/2026 10:04,16.64257813
5/28/2026 10:09,16.72837891
5/28/2026 10:14,16.7712793
5/28/2026 10:19,16.85708008
5/28/2026 10:24,16.94288086
5/28/2026 10:29,17.07158203
5/28/2026 10:34,17.07158203
5/28/2026 10:39,17.15738281
5/28/2026 10:44,17.2002832
5/28/2026 10:49,17.24318359
5/28/2026 10:54,17.45768555
5/28/2026 10:59,17.50058594
5/28/2026 11:04,17.58638672
5/28/2026 11:09,17.62928711
5/28/2026 11:14,17.80088867
5/28/2026 11:19,17.92958984
5/28/2026 11:24,17.97249023
5/28/2026 11:29,18.10119141
5/28/2026 11:34,18.18699219
5/28/2026 11:39,18.18699219
5/28/2026 11:44,18.35859375
5/28/2026 11:49,18.27279297
5/28/2026 11:54,18.27279297
5/28/2026 11:59,18.40149414
5/28/2026 12:04,18.53019531
5/28/2026 12:09,18.74469727
5/28/2026 12:14,18.83049805
5/28/2026 12:19,18.78759766
5/28/2026 12:24,18.91629883
5/28/2026 12:29,19.08790039
5/28/2026 12:34,19.25950195
5/28/2026 12:39,19.34530273
5/28/2026 12:44,19.17370117
5/28/2026 12:49,19.21660156
5/28/2026 12:54,19.47400391
5/28/2026 12:59,19.47400391
5/28/2026 13:04,19.38820312
5/28/2026 13:09,19.47400391
5/28/2026 13:14,19.64560547
5/28/2026 13:19,19.73140625
5/28/2026 13:24,19.64560547
5/28/2026 13:29,19.86010742
5/28/2026 13:34,19.77430664
5/28/2026 13:39,19.90300781
5/28/2026 13:44,19.98880859
5/28/2026 13:49,20.16041016
5/28/2026 13:54,20.11750977
5/28/2026 13:59,20.07460938
5/28/2026 14:04,20.16041016
5/28/2026 14:09,20.28911133
5/28/2026 14:14,20.4178125
5/28/2026 14:19,20.58941406
5/28/2026 14:24,20.58941406
5/28/2026 14:29,20.54651367
5/28/2026 14:34,20.67521484
5/28/2026 14:39,20.76101562
5/28/2026 14:44,20.67521484
5/28/2026 14:49,20.71811523
5/28/2026 14:54,20.84681641
5/28/2026 14:59,20.84681641
5/28/2026 15:04,20.8897168
5/28/2026 15:09,21.01841797
5/28/2026 15:14,21.06131836
5/28/2026 15:19,21.06131836
5/28/2026 15:24,21.19001953
5/28/2026 15:29,21.10421875
5/28/2026 15:34,21.06131836
5/28/2026 15:39,21.14711914
5/28/2026 15:44,21.27582031
5/28/2026 15:49,21.27582031
5/28/2026 15:54,21.3187207
5/28/2026 15:59,21.3187207
5/28/2026 16:04,21.36162109
5/28/2026 16:09,21.40452148
5/28/2026 16:14,21.49032227
5/28/2026 16:19,21.49032227
5/28/2026 16:24,21.44742187
5/28/2026 16:29,21.44742187
5/28/2026 16:34,21.49032227
5/28/2026 16:39,21.53322266
5/28/2026 16:44,21.49032227
5/28/2026 16:49,21.44742187
5/28/2026 16:54,21.3187207
5/28/2026 16:59,21.23291992
5/28/2026 17:04,21.23291992
5/28/2026 17:09,21.23291992
5/28/2026 17:14,21.19001953
5/28/2026 17:19,21.27582031
5/28/2026 17:24,21.19001953
5/28/2026 17:29,21.23291992
5/28/2026 17:34,21.14711914
5/28/2026 17:39,21.19001953
5/28/2026 17:44,21.14711914
5/28/2026 17:49,21.14711914
5/28/2026 17:54,21.14711914
5/28/2026 17:59,21.19001953
5/28/2026 18:04,21.19001953
5/28/2026 18:09,21.19001953
5/28/2026 18:14,21.14711914
5/28/2026 18:19,21.14711914
5/28/2026 18:24,21.06131836
5/28/2026 18:29,20.93261719
5/28/2026 18:34,20.80391602
5/28/2026 18:39,20.71811523
5/28/2026 18:44,20.63231445
5/28/2026 18:49,20.54651367
5/28/2026 18:54,20.50361328
5/28/2026 18:59,20.37491211
5/28/2026 19:04,20.33201172
5/28/2026 19:09,20.24621094
5/28/2026 19:14,20.28911133
5/28/2026 19:19,20.20331055
5/28/2026 19:24,20.07460938
5/28/2026 19:29,20.07460938
5/28/2026 19:34,19.98880859
5/28/2026 19:39,19.9459082
5/28/2026 19:44,19.81720703
5/28/2026 19:49,19.86010742
5/28/2026 19:54,19.73140625
5/28/2026 19:59,19.68850586
5/28/2026 20:04,19.68850586
5/28/2026 20:09,19.68850586
5/28/2026 20:14,19.55980469
5/28/2026 20:19,19.47400391
5/28/2026 20:24,19.47400391
5/28/2026 20:29,19.38820312
5/28/2026 20:34,19.34530273
5/28/2026 20:39,19.30240234
5/28/2026 20:44,19.30240234
5/28/2026 20:49,19.17370117
5/28/2026 20:54,19.08790039
5/28/2026 20:59,19.00209961
5/28/2026 21:04,19.00209961
5/28/2026 21:09,18.95919922
5/28/2026 21:14,18.87339844
5/28/2026 21:19,18.78759766
5/28/2026 21:24,18.78759766
5/28/2026 21:29,18.74469727
5/28/2026 21:34,18.65889648
5/28/2026 21:39,18.65889648
5/28/2026 21:44,18.61599609
5/28/2026 21:49,18.53019531
5/28/2026 21:54,18.44439453
5/28/2026 21:59,18.40149414
5/28/2026 22:04,18.40149414
5/28/2026 22:09,18.35859375
5/28/2026 22:14,18.27279297
5/28/2026 22:19,18.27279297
5/28/2026 22:24,18.22989258
5/28/2026 22:29,18.1440918
5/28/2026 22:34,18.10119141
5/28/2026 22:39,18.01539063
5/28/2026 22:44,17.97249023
5/28/2026 22:49,17.97249023
5/28/2026 22:54,17.92958984
5/28/2026 22:59,17.97249023
5/28/2026 23:04,17.88668945
5/28/2026 23:09,17.84378906
5/28/2026 23:14,17.80088867
5/28/2026 23:19,17.75798828
5/28/2026 23:24,17.75798828
5/28/2026 23:29,17.71508789
5/28/2026 23:34,17.62928711
5/28/2026 23:39,17.62928711
5/28/2026 23:44,17.62928711
5/28/2026 23:49,17.54348633
5/28/2026 23:54,17.54348633
5/28/2026 23:59,17.45768555
5/29/2026 0:04,17.50058594
5/29/2026 0:09,17.45768555
5/29/2026 0:14,17.41478516
5/29/2026 0:19,17.32898437
5/29/2026 0:24,17.37188477
5/29/2026 0:29,17.32898437
5/29/2026 0:34,17.28608398
5/29/2026 0:39,17.24318359
5/29/2026 0:44,17.28608398
5/29/2026 0:49,17.2002832
5/29/2026 0:54,17.2002832
5/29/2026 0:59,17.15738281
5/29/2026 1:04,17.11448242
5/29/2026 1:09,17.15738281
5/29/2026 1:14,17.11448242
5/29/2026 1:19,17.07158203
5/29/2026 1:24,17.02868164
5/29/2026 1:29,16.98578125
5/29/2026 1:34,16.98578125
5/29/2026 1:39,16.94288086
5/29/2026 1:44,16.94288086
5/29/2026 1:49,16.94288086
5/29/2026 1:54,16.85708008
5/29/2026 1:59,16.89998047
5/29/2026 2:04,16.85708008
5/29/2026 2:09,16.81417969
5/29/2026 2:14,16.7712793
5/29/2026 2:19,16.81417969
5/29/2026 2:24,16.72837891
5/29/2026 2:29,16.72837891
5/29/2026 2:34,16.72837891
5/29/2026 2:39,16.68547852
5/29/2026 2:44,16.64257813
5/29/2026 2:49,16.64257813
5/29/2026 2:54,16.55677734
5/29/2026 2:59,16.59967773
5/29/2026 3:04,16.55677734
5/29/2026 3:09,16.51387695
5/29/2026 3:14,16.51387695
5/29/2026 3:19,16.51387695
5/29/2026 3:24,16.42807617
5/29/2026 3:29,16.42807617
5/29/2026 3:34,16.42807617
5/29/2026 3:39,16.38517578
5/29/2026 3:44,16.38517578
5/29/2026 3:49,16.34227539
5/29/2026 3:54,16.299375
5/29/2026 3:59,16.299375
5/29/2026 4:04,16.299375
5/29/2026 4:09,16.299375
5/29/2026 4:14,16.21357422
5/29/2026 4:19,16.21357422
5/29/2026 4:24,16.25647461
5/29/2026 4:29,16.21357422
5/29/2026 4:34,16.17067383
5/29/2026 4:39,16.21357422
5/29/2026 4:44,16.12777344
5/29/2026 4:49,16.12777344
5/29/2026 4:54,16.04197266
5/29/2026 4:59,16.08487305
5/29/2026 5:04,15.99907227
5/29/2026 5:09,15.99907227
5/29/2026 5:14,15.99907227
5/29/2026 5:19,15.99907227
5/29/2026 5:24,15.95617187
5/29/2026 5:29,15.91327148
5/29/2026 5:34,15.87037109
5/29/2026 5:39,15.91327148
5/29/2026 5:44,15.87037109
5/29/2026 5:49,15.8274707
5/29/2026 5:54,15.78457031
5/29/2026 5:59,15.78457031
5/29/2026 6:04,15.78457031
5/29/2026 6:09,15.74166992
5/29/2026 6:14,15.74166992
5/29/2026 6:19,15.69876953
5/29/2026 6:24,15.74166992
5/29/2026 6:29,15.69876953
5/29/2026 6:34,15.69876953
5/29/2026 6:39,15.69876953
5/29/2026 6:44,15.69876953
5/29/2026 6:49,15.69876953
5/29/2026 6:54,15.61296875
5/29/2026 6:59,15.65586914
5/29/2026 7:04,15.65586914
5/29/2026 7:09,15.69876953
5/29/2026 7:14,15.57006836
5/29/2026 7:19,15.61296875
5/29/2026 7:24,15.61296875
5/29/2026 7:29,15.61296875
5/29/2026 7:34,15.61296875
5/29/2026 7:39,15.61296875
5/29/2026 7:44,15.57006836
5/29/2026 7:49,15.61296875
5/29/2026 7:54,15.61296875
5/29/2026 7:59,15.65586914
5/29/2026 8:04,15.65586914
5/29/2026 8:09,15.61296875
5/29/2026 8:14,15.65586914
5/29/2026 8:19,15.65586914
5/29/2026 8:24,15.65586914
5/29/2026 8:29,15.69876953
5/29/2026 8:34,15.74166992
5/29/2026 8:39,15.78457031
5/29/2026 8:44,15.87037109
5/29/2026 8:49,15.91327148
5/29/2026 8:54,15.99907227
5/29/2026 8:59,16.04197266
5/29/2026 9:04,16.12777344
5/29/2026 9:09,16.17067383
5/29/2026 9:14,16.21357422
5/29/2026 9:19,16.25647461
5/29/2026 9:24,16.38517578
5/29/2026 9:29,16.38517578
5/29/2026 9:34,16.42807617
5/29/2026 9:39,16.51387695
5/29/2026 9:44,16.55677734
5/29/2026 9:49,16.64257813
5/29/2026 9:54,16.68547852
5/29/2026 9:59,16.81417969
5/29/2026 10:04,16.85708008
5/29/2026 10:09,16.94288086
5/29/2026 10:14,16.98578125
5/29/2026 10:19,17.02868164
5/29/2026 10:24,17.15738281
5/29/2026 10:29,17.24318359
5/29/2026 10:34,17.32898437
5/29/2026 10:39,17.41478516
5/29/2026 10:44,17.41478516
5/29/2026 10:49,17.58638672
5/29/2026 10:54,17.75798828
5/29/2026 10:59,17.80088867
5/29/2026 11:04,17.80088867
5/29/2026 11:09,18.01539063
5/29/2026 11:14,18.05829102
5/29/2026 11:19,18.22989258
5/29/2026 11:24,18.18699219
5/29/2026 11:29,18.31569336
5/29/2026 11:34,18.48729492
5/29/2026 11:39,18.48729492
5/29/2026 11:44,18.61599609
5/29/2026 11:49,18.83049805
5/29/2026 11:54,18.87339844
5/29/2026 11:59,19.08790039
5/29/2026 12:04,19.045
5/29/2026 12:09,19.045
5/29/2026 12:14,19.21660156
5/29/2026 12:19,19.25950195
5/29/2026 12:24,19.38820312
5/29/2026 12:29,19.47400391
5/29/2026 12:34,19.5169043
5/29/2026 12:39,19.5169043
5/29/2026 12:44,19.60270508
5/29/2026 12:49,19.68850586
5/29/2026 12:54,19.73140625
5/29/2026 12:59,19.73140625
5/29/2026 13:04,19.90300781
5/29/2026 13:09,19.9459082
5/29/2026 13:14,19.90300781
5/29/2026 13:19,19.9459082
5/29/2026 13:24,20.20331055
5/29/2026 13:29,20.11750977
5/29/2026 13:34,20.20331055
5/29/2026 13:39,20.16041016
5/29/2026 13:44,20.33201172
5/29/2026 13:49,20.37491211
5/29/2026 13:54,20.46071289
5/29/2026 13:59,20.50361328
5/29/2026 14:04,20.54651367
5/29/2026 14:09,20.71811523
5/29/2026 14:14,20.80391602
5/29/2026 14:19,20.80391602
5/29/2026 14:24,20.84681641
5/29/2026 14:29,20.93261719
5/29/2026 14:34,20.97551758
5/29/2026 14:39,20.97551758
5/29/2026 14:44,20.97551758
5/29/2026 14:49,21.06131836
5/29/2026 14:54,21.19001953
5/29/2026 14:59,21.23291992
5/29/2026 15:04,21.23291992
5/29/2026 15:09,21.23291992
5/29/2026 15:14,21.40452148
5/29/2026 15:19,21.40452148
5/29/2026 15:24,21.36162109
5/29/2026 15:29,21.23291992
5/29/2026 15:34,21.23291992
5/29/2026 15:39,21.27582031
5/29/2026 15:44,21.3187207
5/29/2026 15:49,21.40452148
5/29/2026 15:54,21.40452148
5/29/2026 15:59,21.49032227
5/29/2026 16:04,21.44742187
5/29/2026 16:09,21.57612305
5/29/2026 16:14,21.61902344
5/29/2026 16:19,21.87642578
5/29/2026 16:24,21.74772461
5/29/2026 16:29,21.74772461
5/29/2026 16:34,21.57612305
5/29/2026 16:39,21.53322266
5/29/2026 16:44,21.57612305
5/29/2026 16:49,21.74772461
5/29/2026 16:54,21.74772461
5/29/2026 16:59,21.70482422
5/29/2026 17:04,21.57612305
5/29/2026 17:09,21.70482422
5/29/2026 17:14,21.74772461
5/29/2026 17:19,21.87642578
5/29/2026 17:24,21.96222656
5/29/2026 17:29,21.91932617
5/29/2026 17:34,21.790625
5/29/2026 17:39,21.83352539
5/29/2026 17:44,21.790625
5/29/2026 17:49,21.74772461
5/29/2026 17:54,21.61902344
5/29/2026 17:59,21.49032227
5/29/2026 18:04,21.44742187
5/29/2026 18:09,21.44742187
5/29/2026 18:14,21.40452148
5/29/2026 18:19,21.3187207
5/29/2026 18:24,21.27582031
5/29/2026 18:29,21.06131836
5/29/2026 18:34,20.97551758
5/29/2026 18:39,20.8897168
5/29/2026 18:44,20.76101562
5/29/2026 18:49,20.76101562
5/29/2026 18:54,20.63231445
5/29/2026 18:59,20.58941406
5/29/2026 19:04,20.50361328
5/29/2026 19:09,20.4178125
5/29/2026 19:14,20.28911133
5/29/2026 19:19,20.28911133
5/29/2026 19:24,20.16041016
5/29/2026 19:29,20.11750977
5/29/2026 19:34,20.03170898
5/29/2026 19:39,20.03170898
5/29/2026 19:44,19.98880859
5/29/2026 19:49,19.90300781
5/29/2026 19:54,19.81720703
5/29/2026 19:59,19.77430664
5/29/2026 20:04,19.68850586
5/29/2026 20:09,19.68850586
5/29/2026 20:14,19.64560547
5/29/2026 20:19,19.60270508
5/29/2026 20:24,19.5169043
5/29/2026 20:29,19.47400391
5/29/2026 20:34,19.43110352
5/29/2026 20:39,19.38820312
5/29/2026 20:44,19.30240234
5/29/2026 20:49,19.21660156
5/29/2026 20:54,19.17370117
5/29/2026 20:59,19.13080078
5/29/2026 21:04,19.08790039
5/29/2026 21:09,19.00209961
5/29/2026 21:14,18.95919922
5/29/2026 21:19,18.87339844
5/29/2026 21:24,18.83049805
5/29/2026 21:29,18.83049805
5/29/2026 21:34,18.70179687
5/29/2026 21:39,18.65889648
5/29/2026 21:44,18.5730957
5/29/2026 21:49,18.5730957
5/29/2026 21:54,18.48729492
5/29/2026 21:59,18.44439453
5/29/2026 22:04,18.35859375
5/29/2026 22:09,18.31569336
5/29/2026 22:14,18.27279297
5/29/2026 22:19,18.22989258
5/29/2026 22:24,18.18699219
5/29/2026 22:29,18.1440918
5/29/2026 22:34,18.05829102
5/29/2026 22:39,18.01539063
5/29/2026 22:44,17.97249023
5/29/2026 22:49,17.88668945
5/29/2026 22:54,17.88668945
5/29/2026 22:59,17.84378906
5/29/2026 23:04,17.88668945
5/29/2026 23:09,17.84378906
5/29/2026 23:14,17.75798828
5/29/2026 23:19,17.71508789
5/29/2026 23:24,17.6721875
5/29/2026 23:29,17.62928711
5/29/2026 23:34,17.6721875
5/29/2026 23:39,17.58638672
5/29/2026 23:44,17.54348633
5/29/2026 23:49,17.54348633
5/29/2026 23:54,17.50058594
5/29/2026 23:59,17.50058594
5/30/2026 0:04,17.45768555
5/30/2026 0:09,17.41478516
5/30/2026 0:14,17.37188477
5/30/2026 0:19,17.32898437
5/30/2026 0:24,17.32898437
5/30/2026 0:29,17.32898437
5/30/2026 0:34,17.24318359
5/30/2026 0:39,17.24318359
5/30/2026 0:44,17.2002832
5/30/2026 0:49,17.2002832
5/30/2026 0:54,17.15738281
5/30/2026 0:59,17.11448242
5/30/2026 1:04,17.07158203
5/30/2026 1:09,17.02868164
5/30/2026 1:14,17.02868164
5/30/2026 1:19,16.98578125
5/30/2026 1:24,16.98578125
5/30/2026 1:29,16.89998047
5/30/2026 1:34,16.85708008
5/30/2026 1:39,16.85708008
5/30/2026 1:44,16.89998047
5/30/2026 1:49,16.81417969
5/30/2026 1:54,16.7712793
5/30/2026 1:59,16.72837891
5/30/2026 2:04,16.72837891
5/30/2026 2:09,16.68547852
5/30/2026 2:14,16.59967773
5/30/2026 2:19,16.59967773
5/30/2026 2:24,16.59967773
5/30/2026 2:29,16.59967773
5/30/2026 2:34,16.55677734
5/30/2026 2:39,16.51387695
5/30/2026 2:44,16.51387695
5/30/2026 2:49,16.42807617
5/30/2026 2:54,16.47097656
5/30/2026 2:59,16.42807617
5/30/2026 3:04,16.34227539
5/30/2026 3:09,16.34227539
5/30/2026 3:14,16.34227539
5/30/2026 3:19,16.299375
5/30/2026 3:24,16.299375
5/30/2026 3:29,16.25647461
5/30/2026 3:34,16.25647461
5/30/2026 3:39,16.21357422
5/30/2026 3:44,16.21357422
5/30/2026 3:49,16.12777344
5/30/2026 3:54,16.12777344
5/30/2026 3:59,16.17067383
5/30/2026 4:04,16.17067383
5/30/2026 4:09,16.12777344
5/30/2026 4:14,16.12777344
5/30/2026 4:19,16.08487305
5/30/2026 4:24,16.04197266
5/30/2026 4:29,16.04197266
5/30/2026 4:34,15.99907227
5/30/2026 4:39,16.04197266
5/30/2026 4:44,15.91327148
5/30/2026 4:49,15.91327148
5/30/2026 4:54,15.87037109
5/30/2026 4:59,15.87037109
5/30/2026 5:04,15.8274707
5/30/2026 5:09,15.78457031
5/30/2026 5:14,15.74166992
5/30/2026 5:19,15.74166992
5/30/2026 5:24,15.74166992
5/30/2026 5:29,15.69876953
5/30/2026 5:34,15.65586914
5/30/2026 5:39,15.69876953
5/30/2026 5:44,15.61296875
5/30/2026 5:49,15.61296875
5/30/2026 5:54,15.61296875
5/30/2026 5:59,15.57006836
5/30/2026 6:04,15.52716797
5/30/2026 6:09,15.52716797
5/30/2026 6:14,15.52716797
5/30/2026 6:19,15.57006836
5/30/2026 6:24,15.52716797
5/30/2026 6:29,15.52716797
5/30/2026 6:34,15.48426758
5/30/2026 6:39,15.44136719
5/30/2026 6:44,15.48426758
5/30/2026 6:49,15.44136719
5/30/2026 6:54,15.48426758
5/30/2026 6:59,15.48426758
5/30/2026 7:04,15.48426758
5/30/2026 7:09,15.52716797
5/30/2026 7:14,15.44136719
5/30/2026 7:19,15.48426758
5/30/2026 7:24,15.48426758
5/30/2026 7:29,15.48426758
5/30/2026 7:34,15.48426758
5/30/2026 7:39,15.44136719
5/30/2026 7:44,15.48426758
5/30/2026 7:49,15.48426758
5/30/2026 7:54,15.52716797
5/30/2026 7:59,15.61296875
5/30/2026 8:04,15.52716797
5/30/2026 8:09,15.57006836
5/30/2026 8:14,15.57006836
5/30/2026 8:19,15.57006836
5/30/2026 8:24,15.61296875
5/30/2026 8:29,15.69876953
5/30/2026 8:34,15.65586914
5/30/2026 8:39,15.69876953
5/30/2026 8:44,15.69876953
5/30/2026 8:49,15.74166992
5/30/2026 8:54,15.78457031
5/30/2026 8:59,15.8274707
5/30/2026 9:04,15.87037109
5/30/2026 9:09,15.87037109
5/30/2026 9:14,15.91327148
5/30/2026 9:19,15.95617187
5/30/2026 9:24,15.95617187
5/30/2026 9:29,15.99907227
5/30/2026 9:34,16.04197266
5/30/2026 9:39,16.08487305
5/30/2026 9:44,16.08487305
5/30/2026 9:49,16.17067383
5/30/2026 9:54,16.21357422
5/30/2026 9:59,16.17067383
5/30/2026 10:04,16.21357422
5/30/2026 10:09,16.34227539
5/30/2026 10:14,16.38517578
5/30/2026 10:19,16.38517578
5/30/2026 10:24,16.42807617
5/30/2026 10:29,16.51387695
5/30/2026 10:34,16.51387695
5/30/2026 10:39,16.51387695
5/30/2026 10:44,16.64257813
5/30/2026 10:49,16.72837891
5/30/2026 10:54,16.81417969
5/30/2026 10:59,16.72837891
5/30/2026 11:04,16.81417969
5/30/2026 11:09,16.85708008
5/30/2026 11:14,16.81417969
5/30/2026 11:19,16.94288086
5/30/2026 11:24,16.98578125
5/30/2026 11:29,17.07158203
5/30/2026 11:34,17.2002832
5/30/2026 11:39,17.24318359
5/30/2026 11:44,17.45768555
5/30/2026 11:49,17.71508789
5/30/2026 11:54,17.84378906
5/30/2026 11:59,17.75798828
5/30/2026 12:04,17.88668945
5/30/2026 12:09,17.84378906
5/30/2026 12:14,17.92958984
5/30/2026 12:19,18.05829102
5/30/2026 12:24,18.22989258
5/30/2026 12:29,18.18699219
5/30/2026 12:34,18.22989258
5/30/2026 12:39,18.18699219
5/30/2026 12:44,18.18699219
5/30/2026 12:49,18.44439453
5/30/2026 12:54,18.48729492
5/30/2026 12:59,18.65889648
5/30/2026 13:04,18.48729492
5/30/2026 13:09,18.65889648
5/30/2026 13:14,18.74469727
5/30/2026 13:19,18.5730957
5/30/2026 13:24,18.35859375
5/30/2026 13:29,18.48729492
5/30/2026 13:34,18.5730957
5/30/2026 13:39,18.61599609
5/30/2026 13:44,18.78759766
5/30/2026 13:49,18.83049805
5/30/2026 13:54,18.91629883
5/30/2026 13:59,18.70179687
5/30/2026 14:04,18.87339844
5/30/2026 14:09,19.045
5/30/2026 14:14,18.91629883
5/30/2026 14:19,18.91629883
5/30/2026 14:24,18.91629883
5/30/2026 14:29,18.95919922
5/30/2026 14:34,19.21660156
5/30/2026 14:39,19.55980469
5/30/2026 14:44,19.68850586
5/30/2026 14:49,19.55980469
5/30/2026 14:54,19.73140625
5/30/2026 14:59,19.73140625
5/30/2026 15:04,19.73140625
5/30/2026 15:09,19.68850586
5/30/2026 15:14,19.5169043
5/30/2026 15:19,19.34530273
5/30/2026 15:24,19.38820312
5/30/2026 15:29,19.38820312
5/30/2026 15:34,19.47400391
5/30/2026 15:39,19.5169043
5/30/2026 15:44,19.43110352
5/30/2026 15:49,19.47400391
5/30/2026 15:54,19.47400391
5/30/2026 15:59,19.47400391
5/30/2026 16:04,19.47400391
5/30/2026 16:09,19.38820312
5/30/2026 16:14,19.38820312
5/30/2026 16:19,19.47400391
5/30/2026 16:24,19.43110352
5/30/2026 16:29,19.43110352
5/30/2026 16:34,19.5169043
5/30/2026 16:39,19.38820312
5/30/2026 16:44,19.25950195
5/30/2026 16:49,19.34530273
5/30/2026 16:54,19.43110352
5/30/2026 16:59,19.47400391
5/30/2026 17:04,19.47400391
5/30/2026 17:09,19.47400391
5/30/2026 17:14,19.34530273
5/30/2026 17:19,19.25950195
5/30/2026 17:24,19.30240234
5/30/2026 17:29,19.25950195
5/30/2026 17:34,19.25950195
5/30/2026 17:39,19.25950195
5/30/2026 17:44,19.25950195
5/30/2026 17:49,19.21660156
5/30/2026 17:54,19.13080078
5/30/2026 17:59,19.08790039
5/30/2026 18:04,19.08790039
5/30/2026 18:09,19.08790039
5/30/2026 18:14,19.30240234
5/30/2026 18:19,19.47400391
5/30/2026 18:24,19.5169043
5/30/2026 18:29,19.47400391
5/30/2026 18:34,19.34530273
5/30/2026 18:39,19.25950195
5/30/2026 18:44,19.25950195
5/30/2026 18:49,19.21660156
5/30/2026 18:54,19.045
5/30/2026 18:59,18.91629883
5/30/2026 19:04,18.91629883
5/30/2026 19:09,18.78759766
5/30/2026 19:14,18.70179687
5/30/2026 19:19,18.61599609
5/30/2026 19:24,18.5730957
5/30/2026 19:29,18.44439453
5/30/2026 19:34,18.35859375
5/30/2026 19:39,18.31569336
5/30/2026 19:44,18.27279297
5/30/2026 19:49,18.1440918
5/30/2026 19:54,18.1440918
5/30/2026 19:59,18.10119141
5/30/2026 20:04,18.01539063
5/30/2026 20:09,17.97249023
5/30/2026 20:14,17.88668945
5/30/2026 20:19,17.80088867
5/30/2026 20:24,17.75798828
5/30/2026 20:29,17.80088867
5/30/2026 20:34,17.6721875
5/30/2026 20:39,17.62928711
5/30/2026 20:44,17.58638672
5/30/2026 20:49,17.54348633
5/30/2026 20:54,17.58638672
5/30/2026 20:59,17.50058594
5/30/2026 21:04,17.45768555
5/30/2026 21:09,17.45768555
5/30/2026 21:14,17.37188477
5/30/2026 21:19,17.32898437
5/30/2026 21:24,17.28608398
5/30/2026 21:29,17.24318359
5/30/2026 21:34,17.24318359
5/30/2026 21:39,17.2002832
5/30/2026 21:44,17.15738281
5/30/2026 21:49,17.15738281
5/30/2026 21:54,17.11448242
5/30/2026 21:59,17.02868164
5/30/2026 22:04,16.98578125
5/30/2026 22:09,16.98578125
5/30/2026 22:14,16.94288086
5/30/2026 22:19,16.89998047
5/30/2026 22:24,16.85708008
5/30/2026 22:29,16.85708008
5/30/2026 22:34,16.81417969
5/30/2026 22:39,16.68547852
5/30/2026 22:44,16.72837891
5/30/2026 22:49,16.68547852
5/30/2026 22:54,16.68547852
5/30/2026 22:59,16.55677734
5/30/2026 23:04,16.59967773
5/30/2026 23:09,16.55677734
5/30/2026 23:14,16.55677734
5/30/2026 23:19,16.47097656
5/30/2026 23:24,16.42807617
5/30/2026 23:29,16.42807617
5/30/2026 23:34,16.42807617
5/30/2026 23:39,16.38517578
5/30/2026 23:44,16.299375
5/30/2026 23:49,16.299375
5/30/2026 23:54,16.25647461
5/30/2026 23:59,16.21357422
5/31/2026 0:04,16.21357422
5/31/2026 0:09,16.12777344
5/31/2026 0:14,16.12777344
5/31/2026 0:19,16.04197266
5/31/2026 0:24,15.99907227
5/31/2026 0:29,15.99907227
5/31/2026 0:34,15.95617187
5/31/2026 0:39,15.91327148
5/31/2026 0:44,15.87037109
5/31/2026 0:49,15.87037109
5/31/2026 0:54,15.8274707
5/31/2026 0:59,15.87037109
5/31/2026 1:04,15.74166992
5/31/2026 1:09,15.78457031
5/31/2026 1:14,15.74166992
5/31/2026 1:19,15.65586914
5/31/2026 1:24,15.61296875
5/31/2026 1:29,15.61296875
5/31/2026 1:34,15.61296875
5/31/2026 1:39,15.57006836
5/31/2026 1:44,15.57006836
5/31/2026 1:49,15.52716797
5/31/2026 1:54,15.52716797
5/31/2026 1:59,15.48426758
5/31/2026 2:04,15.48426758
5/31/2026 2:09,15.3984668
5/31/2026 2:14,15.44136719
5/31/2026 2:19,15.3984668
5/31/2026 2:24,15.35556641
5/31/2026 2:29,15.31266602
5/31/2026 2:34,15.31266602
5/31/2026 2:39,15.31266602
5/31/2026 2:44,15.26976562
5/31/2026 2:49,15.26976562
5/31/2026 2:54,15.22686523
5/31/2026 2:59,15.14106445
5/31/2026 3:04,15.18396484
5/31/2026 3:09,15.09816406
5/31/2026 3:14,15.18396484
5/31/2026 3:19,15.09816406
5/31/2026 3:24,15.05526367
5/31/2026 3:29,15.05526367
5/31/2026 3:34,15.05526367
5/31/2026 3:39,15.05526367
5/31/2026 3:44,15.01236328
5/31/2026 3:49,15.01236328
5/31/2026 3:54,14.96946289
5/31/2026 3:59,14.9265625
5/31/2026 4:04,14.9265625
5/31/2026 4:09,14.88366211
5/31/2026 4:14,14.84076172
5/31/2026 4:19,14.84076172
5/31/2026 4:24,14.79786133
5/31/2026 4:29,14.79786133
5/31/2026 4:34,14.75496094
5/31/2026 4:39,14.75496094
5/31/2026 4:44,14.71206055
5/31/2026 4:49,14.71206055
5/31/2026 4:54,14.66916016
5/31/2026 4:59,14.66916016
5/31/2026 5:04,14.62625977
5/31/2026 5:09,14.62625977
5/31/2026 5:14,14.58335938
5/31/2026 5:19,14.58335938
5/31/2026 5:24,14.54045898
5/31/2026 5:29,14.58335938
5/31/2026 5:34,14.58335938
5/31/2026 5:39,14.58335938
5/31/2026 5:44,14.58335938
5/31/2026 5:49,14.49755859
5/31/2026 5:54,14.4546582
5/31/2026 5:59,14.49755859
5/31/2026 6:04,14.4546582
5/31/2026 6:09,14.4546582
5/31/2026 6:14,14.41175781
5/31/2026 6:19,14.41175781
5/31/2026 6:24,14.41175781
5/31/2026 6:29,14.41175781
5/31/2026 6:34,14.36885742
5/31/2026 6:39,14.36885742
5/31/2026 6:44,14.36885742
5/31/2026 6:49,14.36885742
5/31/2026 6:54,14.36885742
5/31/2026 6:59,14.36885742
5/31/2026 7:04,14.36885742
5/31/2026 7:09,14.36885742
5/31/2026 7:14,14.36885742
5/31/2026 7:19,14.41175781
5/31/2026 7:24,14.36885742
5/31/2026 7:29,14.41175781
5/31/2026 7:34,14.4546582
5/31/2026 7:39,14.32595703
5/31/2026 7:44,14.4546582
5/31/2026 7:49,14.41175781
5/31/2026 7:54,14.4546582
5/31/2026 7:59,14.4546582
5/31/2026 8:04,14.49755859
5/31/2026 8:09,14.49755859
5/31/2026 8:14,14.49755859
5/31/2026 8:19,14.49755859
5/31/2026 8:24,14.49755859
5/31/2026 8:29,14.4546582
5/31/2026 8:34,14.4546582
5/31/2026 8:39,14.54045898
5/31/2026 8:44,14.54045898
5/31/2026 8:49,14.54045898
5/31/2026 8:54,14.58335938
5/31/2026 8:59,14.66916016
5/31/2026 9:04,14.62625977
5/31/2026 9:09,14.62625977
5/31/2026 9:14,14.62625977
5/31/2026 9:19,14.62625977
5/31/2026 9:24,14.62625977
5/31/2026 9:29,14.62625977
5/31/2026 9:34,14.58335938
5/31/2026 9:39,14.62625977
5/31/2026 9:44,14.62625977
5/31/2026 9:49,14.58335938
5/31/2026 9:54,14.54045898
5/31/2026 9:59,14.49755859
5/31/2026 10:04,14.4546582
5/31/2026 10:09,14.4546582
5/31/2026 10:14,14.41175781
5/31/2026 10:19,14.41175781
5/31/2026 10:24,14.36885742
5/31/2026 10:29,14.36885742
5/31/2026 10:34,14.36885742
5/31/2026 10:39,14.28305664
5/31/2026 10:44,14.32595703
5/31/2026 10:49,14.32595703
5/31/2026 10:54,14.41175781
5/31/2026 10:59,14.41175781
5/31/2026 11:04,14.4546582
5/31/2026 11:09,14.4546582
5/31/2026 11:14,14.54045898
5/31/2026 11:19,14.62625977
5/31/2026 11:24,14.66916016
5/31/2026 11:29,14.75496094
5/31/2026 11:34,14.79786133
5/31/2026 11:39,14.84076172
5/31/2026 11:44,14.88366211
5/31/2026 11:49,14.88366211
5/31/2026 11:54,14.96946289
5/31/2026 11:59,15.01236328
5/31/2026 12:04,15.01236328
5/31/2026 12:09,15.01236328
5/31/2026 12:14,15.01236328
5/31/2026 12:19,15.05526367
5/31/2026 12:24,15.05526367
5/31/2026 12:29,15.05526367
5/31/2026 12:34,15.01236328
5/31/2026 12:39,15.09816406
5/31/2026 12:44,15.14106445
5/31/2026 12:49,15.18396484
5/31/2026 12:54,15.18396484
5/31/2026 12:59,15.22686523
5/31/2026 13:04,15.22686523
5/31/2026 13:09,15.26976562
5/31/2026 13:14,15.31266602
5/31/2026 13:19,15.35556641
5/31/2026 13:24,15.35556641
5/31/2026 13:29,15.3984668
5/31/2026 13:34,15.44136719
5/31/2026 13:39,15.48426758
5/31/2026 13:44,15.48426758
5/31/2026 13:49,15.48426758
5/31/2026 13:54,15.48426758
5/31/2026 13:59,15.52716797
5/31/2026 14:04,15.61296875
5/31/2026 14:09,15.65586914
5/31/2026 14:14,15.69876953
5/31/2026 14:19,15.69876953
5/31/2026 14:24,15.74166992
5/31/2026 14:29,15.74166992
5/31/2026 14:34,15.74166992
5/31/2026 14:39,15.74166992
5/31/2026 14:44,15.78457031
5/31/2026 14:49,15.74166992
5/31/2026 14:54,15.87037109
5/31/2026 14:59,15.78457031
5/31/2026 15:04,15.87037109
5/31/2026 15:09,15.99907227
5/31/2026 15:14,15.95617187
5/31/2026 15:19,16.12777344
5/31/2026 15:24,16.17067383
5/31/2026 15:29,16.04197266
5/31/2026 15:34,15.99907227
5/31/2026 15:39,16.12777344
5/31/2026 15:44,16.17067383
5/31/2026 15:49,16.21357422
5/31/2026 15:54,16.25647461
5/31/2026 15:59,16.25647461
5/31/2026 16:04,16.25647461
5/31/2026 16:09,16.25647461
5/31/2026 16:14,16.17067383
5/31/2026 16:19,16.21357422
5/31/2026 16:24,16.21357422
5/31/2026 16:29,16.17067383
5/31/2026 16:34,16.12777344
5/31/2026 16:39,16.17067383
5/31/2026 16:44,16.17067383
5/31/2026 16:49,16.08487305
5/31/2026 16:54,16.17067383
5/31/2026 16:59,16.12777344
5/31/2026 17:04,16.12777344
5/31/2026 17:09,16.08487305
5/31/2026 17:14,16.08487305
5/31/2026 17:19,16.04197266
5/31/2026 17:24,16.04197266
5/31/2026 17:29,15.99907227
5/31/2026 17:34,16.04197266
5/31/2026 17:39,15.99907227
5/31/2026 17:44,15.95617187
5/31/2026 17:49,15.95617187
5/31/2026 17:54,15.91327148
5/31/2026 17:59,15.8274707
5/31/2026 18:04,15.87037109
5/31/2026 18:09,15.8274707
5/31/2026 18:14,15.78457031
5/31/2026 18:19,15.78457031
5/31/2026 18:24,15.74166992
5/31/2026 18:29,15.69876953
5/31/2026 18:34,15.69876953
5/31/2026 18:39,15.65586914
5/31/2026 18:44,15.65586914
5/31/2026 18:49,15.61296875
5/31/2026 18:54,15.65586914
5/31/2026 18:59,15.57006836
5/31/2026 19:04,15.61296875
5/31/2026 19:09,15.57006836
5/31/2026 19:14,15.52716797
5/31/2026 19:19,15.52716797
5/31/2026 19:24,15.48426758
5/31/2026 19:29,15.48426758
5/31/2026 19:34,15.48426758
5/31/2026 19:39,15.44136719
5/31/2026 19:44,15.44136719
5/31/2026 19:49,15.35556641
5/31/2026 19:54,15.3984668
5/31/2026 19:59,15.35556641
5/31/2026 20:04,15.35556641
5/31/2026 20:09,15.35556641
5/31/2026 20:14,15.26976562
5/31/2026 20:19,15.26976562
5/31/2026 20:24,15.26976562
5/31/2026 20:29,15.22686523
5/31/2026 20:34,15.31266602
5/31/2026 20:39,15.22686523
5/31/2026 20:44,15.26976562
5/31/2026 20:49,15.31266602
5/31/2026 20:54,15.35556641
5/31/2026 20:59,15.44136719
5/31/2026 21:04,15.57006836
5/31/2026 21:09,15.61296875
5/31/2026 21:14,15.74166992
5/31/2026 21:19,15.87037109
5/31/2026 21:24,15.95617187
5/31/2026 21:29,16.08487305
5/31/2026 21:34,16.17067383
5/31/2026 21:39,16.25647461
5/31/2026 21:44,16.34227539
5/31/2026 21:49,16.51387695
5/31/2026 21:54,16.55677734
5/31/2026 21:59,16.68547852
5/31/2026 22:04,16.72837891
5/31/2026 22:09,16.81417969
5/31/2026 22:14,16.85708008
5/31/2026 22:19,16.89998047
5/31/2026 22:24,16.89998047
5/31/2026 22:29,16.94288086
5/31/2026 22:34,16.94288086
5/31/2026 22:39,16.98578125
5/31/2026 22:44,17.07158203
5/31/2026 22:49,17.02868164
5/31/2026 22:54,17.02868164
5/31/2026 22:59,17.07158203
5/31/2026 23:04,17.02868164
5/31/2026 23:09,17.02868164
5/31/2026 23:14,17.07158203
5/31/2026 23:19,17.07158203
5/31/2026 23:24,17.07158203
5/31/2026 23:29,17.11448242
5/31/2026 23:34,17.07158203
5/31/2026 23:39,17.07158203
5/31/2026 23:44,17.11448242
5/31/2026 23:49,17.07158203
5/31/2026 23:54,17.07158203
5/31/2026 23:59,17.07158203
6/1/2026 0:04,17.02868164
6/1/2026 0:09,17.11448242
6/1/2026 0:14,17.07158203
6/1/2026 0:19,17.07158203
6/1/2026 0:24,17.02868164
6/1/2026 0:29,17.02868164
6/1/2026 0:34,16.98578125
6/1/2026 0:39,17.07158203
6/1/2026 0:44,17.02868164
6/1/2026 0:49,16.94288086
6/1/2026 0:54,16.94288086
6/1/2026 0:59,16.94288086
6/1/2026 1:04,16.89998047
6/1/2026 1:09,16.85708008
6/1/2026 1:14,16.85708008
6/1/2026 1:19,16.85708008
6/1/2026 1:24,16.85708008
6/1/2026 1:29,16.7712793
6/1/2026 1:34,16.68547852
6/1/2026 1:39,16.68547852
6/1/2026 1:44,16.64257813
6/1/2026 1:49,16.64257813
6/1/2026 1:54,16.64257813
6/1/2026 1:59,16.59967773
6/1/2026 2:04,16.51387695
6/1/2026 2:09,16.51387695
6/1/2026 2:14,16.55677734
6/1/2026 2:19,16.51387695
6/1/2026 2:24,16.47097656
6/1/2026 2:29,16.47097656
6/1/2026 2:34,16.42807617
6/1/2026 2:39,16.42807617
6/1/2026 2:44,16.42807617
6/1/2026 2:49,16.34227539
6/1/2026 2:54,16.299375
6/1/2026 2:59,16.21357422
6/1/2026 3:04,16.25647461
6/1/2026 3:09,16.17067383
6/1/2026 3:14,16.17067383
6/1/2026 3:19,16.12777344
6/1/2026 3:24,16.17067383
6/1/2026 3:29,16.08487305
6/1/2026 3:34,16.04197266
6/1/2026 3:39,16.04197266
6/1/2026 3:44,15.99907227
6/1/2026 3:49,15.99907227
6/1/2026 3:54,15.99907227
6/1/2026 3:59,15.95617187
6/1/2026 4:04,15.99907227
6/1/2026 4:09,15.99907227
6/1/2026 4:14,15.91327148
6/1/2026 4:19,15.87037109
6/1/2026 4:24,15.91327148
6/1/2026 4:29,15.87037109
6/1/2026 4:34,15.8274707
6/1/2026 4:39,15.78457031
6/1/2026 4:44,15.78457031
6/1/2026 4:49,15.74166992
6/1/2026 4:54,15.78457031
6/1/2026 4:59,15.69876953
6/1/2026 5:04,15.65586914
6/1/2026 5:09,15.61296875
6/1/2026 5:14,15.65586914
6/1/2026 5:19,15.61296875
6/1/2026 5:24,15.57006836
6/1/2026 5:29,15.52716797
6/1/2026 5:34,15.52716797
6/1/2026 5:39,15.52716797
6/1/2026 5:44,15.48426758
6/1/2026 5:49,15.48426758
6/1/2026 5:54,15.3984668
6/1/2026 5:59,15.3984668
6/1/2026 6:04,15.35556641
6/1/2026 6:09,15.3984668
6/1/2026 6:14,15.35556641
6/1/2026 6:19,15.35556641
6/1/2026 6:24,15.26976562
6/1/2026 6:29,15.26976562
6/1/2026 6:34,15.26976562
6/1/2026 6:39,15.31266602
6/1/2026 6:44,15.31266602
6/1/2026 6:49,15.22686523
6/1/2026 6:54,15.22686523
6/1/2026 6:59,15.18396484
6/1/2026 7:04,15.26976562
6/1/2026 7:09,15.18396484
6/1/2026 7:14,15.22686523
6/1/2026 7:19,15.18396484
6/1/2026 7:24,15.18396484
6/1/2026 7:29,15.22686523
6/1/2026 7:34,15.18396484
6/1/2026 7:39,15.18396484
6/1/2026 7:44,15.22686523
6/1/2026 7:49,15.18396484
6/1/2026 7:54,15.18396484
6/1/2026 7:59,15.22686523
6/1/2026 8:04,15.14106445
6/1/2026 8:09,15.18396484
6/1/2026 8:14,15.22686523
6/1/2026 8:19,15.31266602
6/1/2026 8:24,15.22686523
6/1/2026 8:29,15.31266602
6/1/2026 8:34,15.31266602
6/1/2026 8:39,15.31266602
6/1/2026 8:44,15.3984668
6/1/2026 8:49,15.3984668
6/1/2026 8:54,15.48426758
6/1/2026 8:59,15.52716797
6/1/2026 9:04,15.61296875
6/1/2026 9:09,15.61296875
6/1/2026 9:14,15.65586914
6/1/2026 9:19,15.69876953
6/1/2026 9:24,15.74166992
6/1/2026 9:29,15.8274707
6/1/2026 9:34,15.87037109
6/1/2026 9:39,15.91327148
6/1/2026 9:44,15.95617187
6/1/2026 9:49,16.04197266
6/1/2026 9:54,16.08487305
6/1/2026 9:59,16.17067383
6/1/2026 10:04,16.21357422
6/1/2026 10:09,16.34227539
6/1/2026 10:14,16.34227539
6/1/2026 10:19,16.38517578
6/1/2026 10:24,16.38517578
6/1/2026 10:29,16.38517578
6/1/2026 10:34,16.55677734
6/1/2026 10:39,16.55677734
6/1/2026 10:44,16.55677734
6/1/2026 10:49,16.59967773
6/1/2026 10:54,16.68547852
6/1/2026 10:59,16.7712793
6/1/2026 11:04,16.85708008
6/1/2026 11:09,16.94288086
6/1/2026 11:14,16.98578125
6/1/2026 11:19,17.11448242
6/1/2026 11:24,17.2002832
6/1/2026 11:29,17.24318359
6/1/2026 11:34,17.28608398
6/1/2026 11:39,17.32898437
6/1/2026 11:44,17.45768555
6/1/2026 11:49,17.50058594
6/1/2026 11:54,17.62928711
6/1/2026 11:59,17.58638672
6/1/2026 12:04,17.71508789
6/1/2026 12:09,17.58638672
6/1/2026 12:14,17.6721875
6/1/2026 12:19,17.88668945
6/1/2026 12:24,17.88668945
6/1/2026 12:29,17.92958984
6/1/2026 12:34,18.01539063
6/1/2026 12:39,18.10119141
6/1/2026 12:44,18.18699219
6/1/2026 12:49,18.31569336
6/1/2026 12:54,18.48729492
6/1/2026 12:59,18.53019531
6/1/2026 13:04,18.5730957
6/1/2026 13:09,18.70179687
6/1/2026 13:14,18.70179687
6/1/2026 13:19,18.83049805
6/1/2026 13:24,18.95919922
6/1/2026 13:29,18.95919922
6/1/2026 13:34,19.00209961
6/1/2026 13:39,19.25950195
6/1/2026 13:44,19.30240234
6/1/2026 13:49,19.68850586
6/1/2026 13:54,19.5169043
6/1/2026 13:59,19.47400391
6/1/2026 14:04,19.64560547
6/1/2026 14:09,19.47400391
6/1/2026 14:14,19.64560547
6/1/2026 14:19,19.60270508
6/1/2026 14:24,19.47400391
6/1/2026 14:29,19.38820312
6/1/2026 14:34,19.43110352
6/1/2026 14:39,19.47400391
6/1/2026 14:44,19.55980469
6/1/2026 14:49,19.5169043
6/1/2026 14:54,19.64560547
6/1/2026 14:59,19.60270508
6/1/2026 15:04,19.60270508
6/1/2026 15:09,19.68850586
6/1/2026 15:14,19.81720703
6/1/2026 15:19,19.77430664
6/1/2026 15:24,19.68850586
6/1/2026 15:29,19.77430664
6/1/2026 15:34,19.98880859
6/1/2026 15:39,19.86010742
6/1/2026 15:44,19.81720703
6/1/2026 15:49,19.9459082
6/1/2026 15:54,20.07460938
6/1/2026 15:59,19.9459082
6/1/2026 16:04,19.9459082
6/1/2026 16:09,20.20331055
6/1/2026 16:14,20.33201172
6/1/2026 16:19,20.24621094
6/1/2026 16:24,20.16041016
6/1/2026 16:29,20.20331055
6/1/2026 16:34,20.24621094
6/1/2026 16:39,20.24621094
6/1/2026 16:44,20.33201172
6/1/2026 16:49,20.4178125
6/1/2026 16:54,20.50361328
6/1/2026 16:59,20.54651367
6/1/2026 17:04,20.4178125
6/1/2026 17:09,20.54651367
6/1/2026 17:14,20.54651367
6/1/2026 17:19,20.50361328
6/1/2026 17:24,20.67521484
6/1/2026 17:29,20.67521484
6/1/2026 17:34,20.50361328
6/1/2026 17:39,20.54651367
6/1/2026 17:44,20.63231445
6/1/2026 17:49,20.50361328
6/1/2026 17:54,20.58941406
6/1/2026 17:59,20.63231445
6/1/2026 18:04,20.58941406
6/1/2026 18:09,20.46071289
6/1/2026 18:14,20.50361328
6/1/2026 18:19,20.46071289
6/1/2026 18:24,20.58941406
6/1/2026 18:29,20.58941406
6/1/2026 18:34,20.50361328
6/1/2026 18:39,20.46071289
6/1/2026 18:44,20.24621094
6/1/2026 18:49,19.9459082
6/1/2026 18:54,19.9459082
6/1/2026 18:59,19.90300781
6/1/2026 19:04,19.73140625
6/1/2026 19:09,19.60270508
6/1/2026 19:14,19.60270508
6/1/2026 19:19,19.47400391
6/1/2026 19:24,19.34530273
6/1/2026 19:29,19.25950195
6/1/2026 19:34,19.13080078
6/1/2026 19:39,18.91629883
6/1/2026 19:44,18.87339844
6/1/2026 19:49,18.83049805
6/1/2026 19:54,18.78759766
6/1/2026 19:59,18.65889648
6/1/2026 20:04,18.5730957
6/1/2026 20:09,18.48729492
6/1/2026 20:14,18.35859375
6/1/2026 20:19,18.35859375
6/1/2026 20:24,18.27279297
6/1/2026 20:29,18.22989258
6/1/2026 20:34,18.1440918
6/1/2026 20:39,18.10119141
6/1/2026 20:44,18.01539063
6/1/2026 20:49,17.97249023
6/1/2026 20:54,17.88668945
6/1/2026 20:59,17.84378906
6/1/2026 21:04,17.84378906
6/1/2026 21:09,17.71508789
6/1/2026 21:14,17.71508789
6/1/2026 21:19,17.62928711
6/1/2026 21:24,17.58638672
6/1/2026 21:29,17.54348633
6/1/2026 21:34,17.45768555
6/1/2026 21:39,17.41478516
6/1/2026 21:44,17.37188477
6/1/2026 21:49,17.28608398
6/1/2026 21:54,17.24318359
6/1/2026 21:59,17.2002832
6/1/2026 22:04,17.15738281
6/1/2026 22:09,17.11448242
6/1/2026 22:14,17.11448242
6/1/2026 22:19,17.02868164
6/1/2026 22:24,16.98578125
6/1/2026 22:29,16.94288086
6/1/2026 22:34,16.89998047
6/1/2026 22:39,16.85708008
6/1/2026 22:44,16.81417969
6/1/2026 22:49,16.7712793
6/1/2026 22:54,16.72837891
6/1/2026 22:59,16.68547852
6/1/2026 23:04,16.59967773
6/1/2026 23:09,16.55677734
6/1/2026 23:14,16.51387695
6/1/2026 23:19,16.47097656
6/1/2026 23:24,16.42807617
6/1/2026 23:29,16.38517578
6/1/2026 23:34,16.38517578
6/1/2026 23:39,16.299375
6/1/2026 23:44,16.25647461
6/1/2026 23:49,16.21357422
6/1/2026 23:54,16.21357422
6/1/2026 23:59,16.17067383
6/2/2026 0:04,16.12777344
6/2/2026 0:09,16.12777344
6/2/2026 0:14,16.08487305
6/2/2026 0:19,16.08487305
6/2/2026 0:24,15.99907227
6/2/2026 0:29,15.99907227
6/2/2026 0:34,15.91327148
6/2/2026 0:39,15.87037109
6/2/2026 0:44,15.87037109
6/2/2026 0:49,15.78457031
6/2/2026 0:54,15.8274707
6/2/2026 0:59,15.74166992
6/2/2026 1:04,15.69876953
6/2/2026 1:09,15.69876953
6/2/2026 1:14,15.69876953
6/2/2026 1:19,15.61296875
6/2/2026 1:24,15.57006836
6/2/2026 1:29,15.57006836
6/2/2026 1:34,15.52716797
6/2/2026 1:39,15.48426758
6/2/2026 1:44,15.48426758
6/2/2026 1:49,15.48426758
6/2/2026 1:54,15.44136719
6/2/2026 1:59,15.44136719
6/2/2026 2:04,15.3984668
6/2/2026 2:09,15.3984668
6/2/2026 2:14,15.31266602
6/2/2026 2:19,15.35556641
6/2/2026 2:24,15.31266602
6/2/2026 2:29,15.26976562
6/2/2026 2:34,15.22686523
6/2/2026 2:39,15.18396484
6/2/2026 2:44,15.22686523
6/2/2026 2:49,15.14106445
6/2/2026 2:54,15.09816406
6/2/2026 2:59,15.09816406
6/2/2026 3:04,15.05526367
6/2/2026 3:09,15.05526367
6/2/2026 3:14,15.01236328
6/2/2026 3:19,15.01236328
6/2/2026 3:24,14.96946289
6/2/2026 3:29,14.96946289
6/2/2026 3:34,14.9265625
6/2/2026 3:39,14.9265625
6/2/2026 3:44,14.88366211
6/2/2026 3:49,14.84076172
6/2/2026 3:54,14.79786133
6/2/2026 3:59,14.79786133
6/2/2026 4:04,14.79786133
6/2/2026 4:09,14.75496094
6/2/2026 4:14,14.71206055
6/2/2026 4:19,14.71206055
6/2/2026 4:24,14.71206055
6/2/2026 4:29,14.71206055
6/2/2026 4:34,14.66916016
6/2/2026 4:39,14.62625977
6/2/2026 4:44,14.62625977
6/2/2026 4:49,14.62625977
6/2/2026 4:54,14.62625977
6/2/2026 4:59,14.54045898
6/2/2026 5:04,14.49755859
6/2/2026 5:09,14.4546582
6/2/2026 5:14,14.54045898
6/2/2026 5:19,14.4546582
6/2/2026 5:24,14.4546582
6/2/2026 5:29,14.4546582
6/2/2026 5:34,14.41175781
6/2/2026 5:39,14.36885742
6/2/2026 5:44,14.36885742
6/2/2026 5:49,14.36885742
6/2/2026 5:54,14.32595703
6/2/2026 5:59,14.28305664
6/2/2026 6:04,14.28305664
6/2/2026 6:09,14.24015625
6/2/2026 6:14,14.24015625
6/2/2026 6:19,14.28305664
6/2/2026 6:24,14.19725586
6/2/2026 6:29,14.19725586
6/2/2026 6:34,14.15435547
6/2/2026 6:39,14.19725586
6/2/2026 6:44,14.19725586
6/2/2026 6:49,14.19725586
6/2/2026 6:54,14.15435547
6/2/2026 6:59,14.19725586
6/2/2026 7:04,14.19725586
6/2/2026 7:09,14.19725586
6/2/2026 7:14,14.19725586
6/2/2026 7:19,14.15435547
6/2/2026 7:24,14.19725586
6/2/2026 7:29,14.15435547
6/2/2026 7:34,14.19725586
6/2/2026 7:39,14.15435547
6/2/2026 7:44,14.15435547
6/2/2026 7:49,14.19725586
6/2/2026 7:54,14.24015625
6/2/2026 7:59,14.19725586
6/2/2026 8:04,14.19725586
6/2/2026 8:09,14.24015625
6/2/2026 8:14,14.28305664
6/2/2026 8:19,14.32595703
6/2/2026 8:24,14.36885742
6/2/2026 8:29,14.36885742
6/2/2026 8:34,14.41175781
6/2/2026 8:39,14.49755859
6/2/2026 8:44,14.54045898
6/2/2026 8:49,14.62625977
6/2/2026 8:54,14.62625977
6/2/2026 8:59,14.71206055
6/2/2026 9:04,14.84076172
6/2/2026 9:09,14.84076172
6/2/2026 9:14,14.96946289
6/2/2026 9:19,15.01236328
6/2/2026 9:24,15.14106445
6/2/2026 9:29,15.14106445
6/2/2026 9:34,15.26976562
6/2/2026 9:39,15.35556641
6/2/2026 9:44,15.3984668
6/2/2026 9:49,15.44136719
6/2/2026 9:54,15.57006836
6/2/2026 9:59,15.69876953
6/2/2026 10:04,15.74166992
6/2/2026 10:09,15.8274707
6/2/2026 10:14,15.95617187
6/2/2026 10:19,15.99907227
6/2/2026 10:24,16.04197266
6/2/2026 10:29,15.99907227
6/2/2026 10:34,16.17067383
6/2/2026 10:39,16.25647461
6/2/2026 10:44,16.21357422
6/2/2026 10:49,16.299375
6/2/2026 10:54,16.55677734
6/2/2026 10:59,16.64257813
6/2/2026 11:04,16.59967773
6/2/2026 11:09,16.59967773
6/2/2026 11:14,16.68547852
6/2/2026 11:19,16.85708008
6/2/2026 11:24,16.94288086
6/2/2026 11:29,16.94288086
6/2/2026 11:34,16.98578125
6/2/2026 11:39,17.15738281
6/2/2026 11:44,17.2002832
6/2/2026 11:49,17.32898437
6/2/2026 11:54,17.45768555
6/2/2026 11:59,17.54348633
6/2/2026 12:04,17.54348633
6/2/2026 12:09,17.62928711
6/2/2026 12:14,17.75798828
6/2/2026 12:19,17.75798828
6/2/2026 12:24,17.88668945
6/2/2026 12:29,18.01539063
6/2/2026 12:34,18.1440918
6/2/2026 12:39,18.05829102
6/2/2026 12:44,18.1440918
6/2/2026 12:49,18.18699219
6/2/2026 12:54,18.22989258
6/2/2026 12:59,18.22989258
6/2/2026 13:04,18.40149414
6/2/2026 13:09,18.31569336
6/2/2026 13:14,18.44439453
6/2/2026 13:19,18.48729492
6/2/2026 13:24,18.44439453
6/2/2026 13:29,18.48729492
6/2/2026 13:34,18.53019531
6/2/2026 13:39,18.65889648
6/2/2026 13:44,18.83049805
6/2/2026 13:49,18.91629883
6/2/2026 13:54,18.87339844
6/2/2026 13:59,18.91629883
6/2/2026 14:04,19.00209961
6/2/2026 14:09,19.21660156
6/2/2026 14:14,19.17370117
6/2/2026 14:19,19.045
6/2/2026 14:24,19.13080078
6/2/2026 14:29,19.21660156
6/2/2026 14:34,19.25950195
6/2/2026 14:39,19.30240234
6/2/2026 14:44,19.21660156
6/2/2026 14:49,19.47400391
6/2/2026 14:54,19.47400391
6/2/2026 14:59,19.43110352
6/2/2026 15:04,19.55980469
6/2/2026 15:09,19.60270508
6/2/2026 15:14,19.60270508
6/2/2026 15:19,19.55980469
6/2/2026 15:24,19.64560547
6/2/2026 15:29,19.81720703
6/2/2026 15:34,19.77430664
6/2/2026 15:39,19.77430664
6/2/2026 15:44,19.90300781
6/2/2026 15:49,19.77430664
6/2/2026 15:54,19.98880859
6/2/2026 15:59,19.9459082
6/2/2026 16:04,20.07460938
6/2/2026 16:09,20.20331055
6/2/2026 16:14,20.24621094
6/2/2026 16:19,20.33201172
6/2/2026 16:24,20.46071289
6/2/2026 16:29,20.33201172
6/2/2026 16:34,20.46071289
6/2/2026 16:39,20.4178125
6/2/2026 16:44,20.50361328
6/2/2026 16:49,20.71811523
6/2/2026 16:54,20.67521484
6/2/2026 16:59,20.50361328
6/2/2026 17:04,20.63231445
6/2/2026 17:09,20.63231445
6/2/2026 17:14,20.67521484
6/2/2026 17:19,20.58941406
6/2/2026 17:24,20.84681641
6/2/2026 17:29,20.8897168
6/2/2026 17:34,20.8897168
6/2/2026 17:39,20.76101562
6/2/2026 17:44,20.67521484
6/2/2026 17:49,20.67521484
6/2/2026 17:54,20.63231445
6/2/2026 17:59,20.63231445
6/2/2026 18:04,20.63231445
6/2/2026 18:09,20.76101562
6/2/2026 18:14,20.67521484
6/2/2026 18:19,20.67521484
6/2/2026 18:24,20.67521484
6/2/2026 18:29,20.67521484
6/2/2026 18:34,20.54651367
6/2/2026 18:39,20.37491211
6/2/2026 18:44,20.16041016
6/2/2026 18:49,19.98880859
6/2/2026 18:54,19.81720703
6/2/2026 18:59,19.68850586
6/2/2026 19:04,19.47400391
6/2/2026 19:09,19.30240234
6/2/2026 19:14,19.21660156
6/2/2026 19:19,19.08790039
6/2/2026 19:24,19.045
6/2/2026 19:29,18.87339844
6/2/2026 19:34,18.87339844
6/2/2026 19:39,18.78759766
6/2/2026 19:44,18.74469727
6/2/2026 19:49,18.74469727
6/2/2026 19:54,18.70179687
6/2/2026 19:59,18.61599609
6/2/2026 20:04,18.5730957
6/2/2026 20:09,18.53019531
6/2/2026 20:14,18.44439453
6/2/2026 20:19,18.44439453
6/2/2026 20:24,18.40149414
6/2/2026 20:29,18.35859375
6/2/2026 20:34,18.27279297
6/2/2026 20:39,18.22989258
6/2/2026 20:44,18.1440918
6/2/2026 20:49,18.1440918
6/2/2026 20:54,18.1440918
6/2/2026 20:59,18.10119141
6/2/2026 21:04,18.01539063
6/2/2026 21:09,18.01539063
6/2/2026 21:14,17.92958984
6/2/2026 21:19,17.88668945
6/2/2026 21:24,17.84378906
6/2/2026 21:29,17.80088867
6/2/2026 21:34,17.75798828
6/2/2026 21:39,17.71508789
6/2/2026 21:44,17.58638672
6/2/2026 21:49,17.54348633
6/2/2026 21:54,17.50058594
6/2/2026 21:59,17.45768555
6/2/2026 22:04,17.41478516
6/2/2026 22:09,17.32898437
6/2/2026 22:14,17.28608398
6/2/2026 22:19,17.24318359
6/2/2026 22:24,17.24318359
6/2/2026 22:29,17.15738281
6/2/2026 22:34,17.11448242
6/2/2026 22:39,17.11448242
6/2/2026 22:44,17.02868164
6/2/2026 22:49,16.98578125
6/2/2026 22:54,16.89998047
6/2/2026 22:59,16.85708008
6/2/2026 23:04,16.85708008
6/2/2026 23:09,16.7712793
6/2/2026 23:14,16.72837891
6/2/2026 23:19,16.72837891
6/2/2026 23:24,16.68547852
6/2/2026 23:29,16.64257813
6/2/2026 23:34,16.55677734
6/2/2026 23:39,16.51387695
6/2/2026 23:44,16.51387695
6/2/2026 23:49,16.47097656
6/2/2026 23:54,16.38517578
6/2/2026 23:59,16.34227539
6/3/2026 0:04,16.299375
6/3/2026 0:09,16.25647461
6/3/2026 0:14,16.25647461
6/3/2026 0:19,16.21357422
6/3/2026 0:24,16.21357422
6/3/2026 0:29,16.17067383
6/3/2026 0:34,16.12777344
6/3/2026 0:39,16.12777344
6/3/2026 0:44,16.08487305
6/3/2026 0:49,16.08487305
6/3/2026 0:54,16.04197266
6/3/2026 0:59,15.99907227
6/3/2026 1:04,15.91327148
6/3/2026 1:09,15.87037109
6/3/2026 1:14,15.91327148
6/3/2026 1:19,15.8274707
6/3/2026 1:24,15.78457031
6/3/2026 1:29,15.74166992
6/3/2026 1:34,15.74166992
6/3/2026 1:39,15.69876953
6/3/2026 1:44,15.69876953
6/3/2026 1:49,15.69876953
6/3/2026 1:54,15.61296875
6/3/2026 1:59,15.57006836
6/3/2026 2:04,15.61296875
6/3/2026 2:09,15.57006836
6/3/2026 2:14,15.57006836
6/3/2026 2:19,15.48426758
6/3/2026 2:24,15.52716797
6/3/2026 2:29,15.48426758
6/3/2026 2:34,15.44136719
6/3/2026 2:39,15.44136719
6/3/2026 2:44,15.44136719
6/3/2026 2:49,15.3984668
6/3/2026 2:54,15.3984668
6/3/2026 2:59,15.35556641
6/3/2026 3:04,15.31266602
6/3/2026 3:09,15.31266602
6/3/2026 3:14,15.26976562
6/3/2026 3:19,15.26976562
6/3/2026 3:24,15.22686523
6/3/2026 3:29,15.18396484
6/3/2026 3:34,15.14106445
6/3/2026 3:39,15.18396484
6/3/2026 3:44,15.09816406
6/3/2026 3:49,15.14106445
6/3/2026 3:54,15.09816406
6/3/2026 3:59,15.05526367
6/3/2026 4:04,15.05526367
6/3/2026 4:09,15.01236328
6/3/2026 4:14,14.96946289
6/3/2026 4:19,15.01236328
6/3/2026 4:24,14.9265625
6/3/2026 4:29,14.9265625
6/3/2026 4:34,14.9265625
6/3/2026 4:39,14.88366211
6/3/2026 4:44,14.9265625
6/3/2026 4:49,14.88366211
6/3/2026 4:54,14.84076172
6/3/2026 4:59,14.79786133
6/3/2026 5:04,14.84076172
6/3/2026 5:09,14.84076172
6/3/2026 5:14,14.79786133
6/3/2026 5:19,14.79786133
6/3/2026 5:24,14.75496094
6/3/2026 5:29,14.71206055
6/3/2026 5:34,14.71206055
6/3/2026 5:39,14.66916016
6/3/2026 5:44,14.66916016
6/3/2026 5:49,14.62625977
6/3/2026 5:54,14.58335938
6/3/2026 5:59,14.62625977
6/3/2026 6:04,14.58335938
6/3/2026 6:09,14.58335938
6/3/2026 6:14,14.58335938
6/3/2026 6:19,14.49755859
6/3/2026 6:24,14.49755859
6/3/2026 6:29,14.54045898
6/3/2026 6:34,14.49755859
6/3/2026 6:39,14.4546582
6/3/2026 6:44,14.4546582
6/3/2026 6:49,14.4546582
6/3/2026 6:54,14.4546582
6/3/2026 6:59,14.41175781
6/3/2026 7:04,14.4546582
6/3/2026 7:09,14.41175781
6/3/2026 7:14,14.4546582
6/3/2026 7:19,14.4546582
6/3/2026 7:24,14.41175781
6/3/2026 7:29,14.41175781
6/3/2026 7:34,14.41175781
6/3/2026 7:39,14.41175781
6/3/2026 7:44,14.41175781
6/3/2026 7:49,14.36885742
6/3/2026 7:54,14.41175781
6/3/2026 7:59,14.4546582
6/3/2026 8:04,14.41175781
6/3/2026 8:09,14.4546582
6/3/2026 8:14,14.4546582
6/3/2026 8:19,14.41175781
6/3/2026 8:24,14.4546582
6/3/2026 8:29,14.4546582
6/3/2026 8:34,14.4546582
6/3/2026 8:39,14.58335938
6/3/2026 8:44,14.58335938
6/3/2026 8:49,14.58335938
6/3/2026 8:54,14.62625977
6/3/2026 8:59,14.71206055
6/3/2026 9:04,14.71206055
6/3/2026 9:09,14.75496094
6/3/2026 9:14,14.75496094
6/3/2026 9:19,14.9265625
6/3/2026 9:24,15.05526367
6/3/2026 9:29,15.09816406
6/3/2026 9:34,15.14106445
6/3/2026 9:39,15.22686523
6/3/2026 9:44,15.26976562
6/3/2026 9:49,15.3984668
6/3/2026 9:54,15.52716797
6/3/2026 9:59,15.61296875
6/3/2026 10:04,15.74166992
6/3/2026 10:09,15.78457031
6/3/2026 10:14,15.74166992
6/3/2026 10:19,15.91327148
6/3/2026 10:24,15.95617187
6/3/2026 10:29,15.95617187
6/3/2026 10:34,16.04197266
6/3/2026 10:39,16.08487305
6/3/2026 10:44,16.21357422
6/3/2026 10:49,16.25647461
6/3/2026 10:54,16.42807617
6/3/2026 10:59,16.42807617
6/3/2026 11:04,16.55677734
6/3/2026 11:09,16.55677734
6/3/2026 11:14,16.64257813
6/3/2026 11:19,16.85708008
6/3/2026 11:24,16.94288086
6/3/2026 11:29,17.07158203
6/3/2026 11:34,17.15738281
6/3/2026 11:39,17.2002832
6/3/2026 11:44,17.32898437
6/3/2026 11:49,17.32898437
6/3/2026 11:54,17.41478516
6/3/2026 11:59,17.58638672
6/3/2026 12:04,17.6721875
6/3/2026 12:09,17.71508789
6/3/2026 12:14,17.71508789
6/3/2026 12:19,17.84378906
6/3/2026 12:24,17.88668945
6/3/2026 12:29,18.01539063
6/3/2026 12:34,18.1440918
6/3/2026 12:39,18.10119141
6/3/2026 12:44,18.05829102
6/3/2026 12:49,18.10119141
6/3/2026 12:54,18.18699219
6/3/2026 12:59,18.22989258
6/3/2026 13:04,18.27279297
6/3/2026 13:09,18.35859375
6/3/2026 13:14,18.44439453
6/3/2026 13:19,18.48729492
6/3/2026 13:24,18.48729492
6/3/2026 13:29,18.65889648
6/3/2026 13:34,18.70179687
6/3/2026 13:39,18.78759766
6/3/2026 13:44,18.87339844
6/3/2026 13:49,18.87339844
6/3/2026 13:54,18.95919922
6/3/2026 13:59,18.91629883
6/3/2026 14:04,18.91629883
6/3/2026 14:09,18.95919922
6/3/2026 14:14,19.00209961
6/3/2026 14:19,19.17370117
6/3/2026 14:24,19.34530273
6/3/2026 14:29,19.38820312
6/3/2026 14:34,19.38820312
6/3/2026 14:39,19.38820312
6/3/2026 14:44,19.55980469
6/3/2026 14:49,19.68850586
6/3/2026 14:54,19.73140625
6/3/2026 14:59,19.73140625
6/3/2026 15:04,19.77430664
6/3/2026 15:09,19.81720703
6/3/2026 15:14,19.73140625
6/3/2026 15:19,19.73140625
6/3/2026 15:24,19.77430664
6/3/2026 15:29,19.90300781
6/3/2026 15:34,19.81720703
6/3/2026 15:39,19.86010742
6/3/2026 15:44,19.90300781
6/3/2026 15:49,19.98880859
6/3/2026 15:54,20.16041016
6/3/2026 15:59,20.11750977
6/3/2026 16:04,20.20331055
6/3/2026 16:09,20.28911133
6/3/2026 16:14,20.37491211
6/3/2026 16:19,20.37491211
6/3/2026 16:24,20.4178125
6/3/2026 16:29,20.37491211
6/3/2026 16:34,20.37491211
6/3/2026 16:39,20.4178125
6/3/2026 16:44,20.50361328
6/3/2026 16:49,20.4178125
6/3/2026 16:54,20.28911133
6/3/2026 16:59,20.33201172
6/3/2026 17:04,20.33201172
6/3/2026 17:09,20.37491211
6/3/2026 17:14,20.46071289
6/3/2026 17:19,20.46071289
6/3/2026 17:24,20.54651367
6/3/2026 17:29,20.54651367
6/3/2026 17:34,20.58941406
6/3/2026 17:39,20.54651367
6/3/2026 17:44,20.50361328
6/3/2026 17:49,20.50361328
6/3/2026 17:54,20.46071289
6/3/2026 17:59,20.50361328
6/3/2026 18:04,20.50361328
6/3/2026 18:09,20.46071289
6/3/2026 18:14,20.46071289
6/3/2026 18:19,20.46071289
6/3/2026 18:24,20.4178125
6/3/2026 18:29,20.4178125
6/3/2026 18:34,20.28911133
6/3/2026 18:39,20.16041016
6/3/2026 18:44,19.86010742
6/3/2026 18:49,19.73140625
6/3/2026 18:54,19.73140625
6/3/2026 18:59,19.60270508
6/3/2026 19:04,19.5169043
6/3/2026 19:09,19.38820312
6/3/2026 19:14,19.34530273
6/3/2026 19:19,19.25950195
6/3/2026 19:24,19.08790039
6/3/2026 19:29,19.00209961
6/3/2026 19:34,18.95919922
6/3/2026 19:39,18.87339844
6/3/2026 19:44,18.83049805
6/3/2026 19:49,18.74469727
6/3/2026 19:54,18.65889648
6/3/2026 19:59,18.65889648
6/3/2026 20:04,18.5730957
6/3/2026 20:09,18.53019531
6/3/2026 20:14,18.40149414
6/3/2026 20:19,18.40149414
6/3/2026 20:24,18.35859375
6/3/2026 20:29,18.27279297
6/3/2026 20:34,18.22989258
6/3/2026 20:39,18.22989258
6/3/2026 20:44,18.1440918
6/3/2026 20:49,18.1440918
6/3/2026 20:54,18.10119141
6/3/2026 20:59,18.01539063
6/3/2026 21:04,17.97249023
6/3/2026 21:09,17.92958984
6/3/2026 21:14,17.97249023
6/3/2026 21:19,17.88668945
6/3/2026 21:24,17.84378906
6/3/2026 21:29,17.80088867
6/3/2026 21:34,17.80088867
6/3/2026 21:39,17.6721875
6/3/2026 21:44,17.62928711
6/3/2026 21:49,17.62928711
6/3/2026 21:54,17.58638672
6/3/2026 21:59,17.50058594
6/3/2026 22:04,17.45768555
6/3/2026 22:09,17.41478516
6/3/2026 22:14,17.37188477
6/3/2026 22:19,17.37188477
6/3/2026 22:24,17.28608398
6/3/2026 22:29,17.28608398
6/3/2026 22:34,17.24318359
6/3/2026 22:39,17.2002832
6/3/2026 22:44,17.11448242
6/3/2026 22:49,17.07158203
6/3/2026 22:54,17.02868164
6/3/2026 22:59,17.02868164
6/3/2026 23:04,17.02868164
6/3/2026 23:09,16.94288086
6/3/2026 23:14,16.89998047
6/3/2026 23:19,16.85708008
6/3/2026 23:24,16.85708008
6/3/2026 23:29,16.81417969
6/3/2026 23:34,16.7712793
6/3/2026 23:39,16.72837891
6/3/2026 23:44,16.72837891
6/3/2026 23:49,16.64257813
6/3/2026 23:54,16.64257813
6/3/2026 23:59,16.55677734
6/4/2026 0:04,16.55677734
6/4/2026 0:09,16.55677734
6/4/2026 0:14,16.51387695
6/4/2026 0:19,16.42807617
6/4/2026 0:24,16.47097656
6/4/2026 0:29,16.42807617
6/4/2026 0:34,16.38517578
6/4/2026 0:39,16.34227539
6/4/2026 0:44,16.34227539
6/4/2026 0:49,16.34227539
6/4/2026 0:54,16.299375
6/4/2026 0:59,16.299375
6/4/2026 1:04,16.25647461
6/4/2026 1:09,16.21357422
6/4/2026 1:14,16.17067383
6/4/2026 1:19,16.21357422
6/4/2026 1:24,16.21357422
6/4/2026 1:29,16.17067383
6/4/2026 1:34,16.12777344
6/4/2026 1:39,16.08487305
6/4/2026 1:44,16.04197266
6/4/2026 1:49,16.04197266
6/4/2026 1:54,16.04197266
6/4/2026 1:59,16.04197266
6/4/2026 2:04,15.95617187
6/4/2026 2:09,15.95617187
6/4/2026 2:14,15.95617187
6/4/2026 2:19,15.91327148
6/4/2026 2:24,15.87037109
6/4/2026 2:29,15.87037109
6/4/2026 2:34,15.8274707
6/4/2026 2:39,15.8274707
6/4/2026 2:44,15.78457031
6/4/2026 2:49,15.78457031
6/4/2026 2:54,15.78457031
6/4/2026 2:59,15.8274707
6/4/2026 3:04,15.78457031
6/4/2026 3:09,15.78457031
6/4/2026 3:14,15.74166992
6/4/2026 3:19,15.69876953
6/4/2026 3:24,15.69876953
6/4/2026 3:29,15.65586914
6/4/2026 3:34,15.65586914
6/4/2026 3:39,15.69876953
6/4/2026 3:44,15.69876953
6/4/2026 3:49,15.61296875
6/4/2026 3:54,15.57006836
6/4/2026 3:59,15.57006836
6/4/2026 4:04,15.57006836
6/4/2026 4:09,15.57006836
6/4/2026 4:14,15.52716797
6/4/2026 4:19,15.57006836
6/4/2026 4:24,15.52716797
6/4/2026 4:29,15.57006836
6/4/2026 4:34,15.48426758
6/4/2026 4:39,15.52716797
6/4/2026 4:44,15.52716797
6/4/2026 4:49,15.52716797
6/4/2026 4:54,15.48426758
6/4/2026 4:59,15.48426758
6/4/2026 5:04,15.48426758
6/4/2026 5:09,15.48426758
6/4/2026 5:14,15.48426758
6/4/2026 5:19,15.48426758
6/4/2026 5:24,15.48426758
6/4/2026 5:29,15.48426758
6/4/2026 5:34,15.3984668
6/4/2026 5:39,15.44136719
6/4/2026 5:44,15.35556641
6/4/2026 5:49,15.3984668
6/4/2026 5:54,15.3984668
6/4/2026 5:59,15.3984668
6/4/2026 6:04,15.3984668
6/4/2026 6:09,15.3984668
6/4/2026 6:14,15.3984668
6/4/2026 6:19,15.35556641
6/4/2026 6:24,15.35556641
6/4/2026 6:29,15.31266602
6/4/2026 6:34,15.35556641
6/4/2026 6:39,15.26976562
6/4/2026 6:44,15.26976562
6/4/2026 6:49,15.31266602
6/4/2026 6:54,15.31266602
6/4/2026 6:59,15.35556641
6/4/2026 7:04,15.26976562
6/4/2026 7:09,15.31266602
6/4/2026 7:14,15.26976562
6/4/2026 7:19,15.35556641
6/4/2026 7:24,15.31266602
6/4/2026 7:29,15.31266602
6/4/2026 7:34,15.35556641
6/4/2026 7:39,15.35556641
6/4/2026 7:44,15.44136719
6/4/2026 7:49,15.35556641
6/4/2026 7:54,15.3984668
6/4/2026 7:59,15.44136719
6/4/2026 8:04,15.48426758
6/4/2026 8:09,15.48426758
6/4/2026 8:14,15.48426758
6/4/2026 8:19,15.48426758
6/4/2026 8:24,15.48426758
6/4/2026 8:29,15.48426758
6/4/2026 8:34,15.48426758
6/4/2026 8:39,15.57006836
6/4/2026 8:44,15.57006836
6/4/2026 8:49,15.57006836
6/4/2026 8:54,15.61296875
6/4/2026 8:59,15.65586914
6/4/2026 9:04,15.61296875
6/4/2026 9:09,15.61296875
6/4/2026 9:14,15.69876953
6/4/2026 9:19,15.69876953
6/4/2026 9:24,15.69876953
6/4/2026 9:29,15.8274707
6/4/2026 9:34,15.8274707
6/4/2026 9:39,15.8274707
6/4/2026 9:44,15.87037109
6/4/2026 9:49,15.91327148
6/4/2026 9:54,15.95617187
6/4/2026 9:59,15.95617187
6/4/2026 10:04,15.99907227
6/4/2026 10:09,16.04197266
6/4/2026 10:14,16.21357422
6/4/2026 10:19,16.25647461
6/4/2026 10:24,16.25647461
6/4/2026 10:29,16.38517578
6/4/2026 10:34,16.42807617
6/4/2026 10:39,16.55677734
6/4/2026 10:44,16.55677734
6/4/2026 10:49,16.55677734
6/4/2026 10:54,16.47097656
6/4/2026 10:59,16.51387695
6/4/2026 11:04,16.47097656
6/4/2026 11:09,16.51387695
6/4/2026 11:14,16.59967773
6/4/2026 11:19,16.64257813
6/4/2026 11:24,16.55677734
6/4/2026 11:29,16.55677734
6/4/2026 11:34,16.55677734
6/4/2026 11:39,16.64257813
6/4/2026 11:44,16.7712793
6/4/2026 11:49,16.81417969
6/4/2026 11:54,16.72837891
6/4/2026 11:59,16.81417969
6/4/2026 12:04,16.81417969
6/4/2026 12:09,16.85708008
6/4/2026 12:14,16.89998047
6/4/2026 12:19,16.7712793
6/4/2026 12:24,16.89998047
6/4/2026 12:29,16.94288086
6/4/2026 12:34,17.07158203
6/4/2026 12:39,16.98578125
6/4/2026 12:44,16.94288086
6/4/2026 12:49,16.89998047
6/4/2026 12:54,16.98578125
6/4/2026 12:59,17.28608398
6/4/2026 13:04,17.2002832
6/4/2026 13:09,17.11448242
6/4/2026 13:14,17.28608398
6/4/2026 13:19,17.24318359
6/4/2026 13:24,17.24318359
6/4/2026 13:29,17.37188477
6/4/2026 13:34,17.37188477
6/4/2026 13:39,17.37188477
6/4/2026 13:44,17.45768555
6/4/2026 13:49,17.54348633
6/4/2026 13:54,17.62928711
6/4/2026 13:59,17.6721875
6/4/2026 14:04,17.88668945
6/4/2026 14:09,17.97249023
6/4/2026 14:14,18.1440918
6/4/2026 14:19,18.01539063
6/4/2026 14:24,18.01539063
6/4/2026 14:29,17.92958984
6/4/2026 14:34,17.84378906
6/4/2026 14:39,17.75798828
6/4/2026 14:44,17.75798828
6/4/2026 14:49,18.01539063
6/4/2026 14:54,18.05829102
6/4/2026 14:59,18.01539063
6/4/2026 15:04,18.01539063
6/4/2026 15:09,18.05829102
6/4/2026 15:14,18.01539063
6/4/2026 15:19,18.01539063
6/4/2026 15:24,18.22989258
6/4/2026 15:29,18.31569336
6/4/2026 15:34,18.31569336
6/4/2026 15:39,18.44439453
6/4/2026 15:44,18.40149414
6/4/2026 15:49,18.27279297
6/4/2026 15:54,18.18699219
6/4/2026 15:59,18.40149414
6/4/2026 16:04,18.40149414
6/4/2026 16:09,18.48729492
6/4/2026 16:14,18.5730957
6/4/2026 16:19,18.70179687
6/4/2026 16:24,18.70179687
6/4/2026 16:29,18.61599609
6/4/2026 16:34,18.5730957
6/4/2026 16:39,18.70179687
6/4/2026 16:44,18.61599609
6/4/2026 16:49,18.65889648
6/4/2026 16:54,18.65889648
6/4/2026 16:59,18.78759766
6/4/2026 17:04,18.83049805
6/4/2026 17:09,18.53019531
6/4/2026 17:14,18.18699219
6/4/2026 17:19,17.88668945
6/4/2026 17:24,17.54348633
6/4/2026 17:29,17.6721875
6/4/2026 17:34,17.97249023
6/4/2026 17:39,18.48729492
6/4/2026 17:44,19.34530273
6/4/2026 17:49,20.03170898
6/4/2026 17:54,20.67521484
6/4/2026 17:59,21.19001953
6/4/2026 18:04,21.53322266
6/4/2026 18:09,21.790625
6/4/2026 18:14,21.96222656
6/4/2026 18:19,22.13382813
6/4/2026 18:24,22.17672852
6/4/2026 18:29,22.13382813
6/4/2026 18:34,22.17672852
6/4/2026 18:39,22.13382813
6/4/2026 18:44,22.17672852
6/4/2026 18:49,22.17672852
6/4/2026 18:54,22.17672852
6/4/2026 18:59,22.13382813
6/4/2026 19:04,22.17672852
6/4/2026 19:09,22.17672852
6/4/2026 19:14,22.13382813
6/4/2026 19:19,22.13382813
6/4/2026 19:24,22.09092773
6/4/2026 19:29,22.09092773
6/4/2026 19:34,22.09092773
6/4/2026 19:39,22.13382813
6/4/2026 19:44,22.04802734
6/4/2026 19:49,22.04802734
6/4/2026 19:54,22.09092773
6/4/2026 19:59,22.00512695
6/4/2026 20:04,21.96222656
6/4/2026 20:09,21.96222656
6/4/2026 20:14,21.96222656
6/4/2026 20:19,21.91932617
6/4/2026 20:24,21.83352539
6/4/2026 20:29,21.83352539
6/4/2026 20:34,21.790625
6/4/2026 20:39,21.74772461
6/4/2026 20:44,21.74772461
6/4/2026 20:49,21.66192383
6/4/2026 20:54,21.66192383
6/4/2026 20:59,21.57612305
6/4/2026 21:04,21.61902344
6/4/2026 21:09,21.57612305
6/4/2026 21:14,21.53322266
6/4/2026 21:19,21.53322266
6/4/2026 21:24,21.49032227
6/4/2026 21:29,21.44742187
6/4/2026 21:34,21.44742187
6/4/2026 21:39,21.44742187
6/4/2026 21:44,21.3187207
6/4/2026 21:49,21.3187207
6/4/2026 21:54,21.27582031
6/4/2026 21:59,21.23291992
6/4/2026 22:04,21.19001953
6/4/2026 22:09,21.14711914
6/4/2026 22:14,21.10421875
6/4/2026 22:19,21.06131836
6/4/2026 22:24,21.06131836
6/4/2026 22:29,21.01841797
6/4/2026 22:34,20.93261719
6/4/2026 22:39,20.93261719
6/4/2026 22:44,20.8897168
6/4/2026 22:49,20.84681641
6/4/2026 22:54,20.84681641
6/4/2026 22:59,20.80391602
6/4/2026 23:04,20.80391602
6/4/2026 23:09,20.76101562
6/4/2026 23:14,20.71811523
6/4/2026 23:19,20.67521484
6/4/2026 23:24,20.67521484
6/4/2026 23:29,20.58941406
6/4/2026 23:34,20.63231445
6/4/2026 23:39,20.54651367
6/4/2026 23:44,20.50361328
6/4/2026 23:49,20.50361328
6/4/2026 23:54,20.50361328
6/4/2026 23:59,20.46071289
6/5/2026 0:04,20.4178125
6/5/2026 0:09,20.37491211
6/5/2026 0:14,20.4178125
6/5/2026 0:19,20.33201172
6/5/2026 0:24,20.33201172
6/5/2026 0:29,20.33201172
6/5/2026 0:34,20.24621094
6/5/2026 0:39,20.24621094
6/5/2026 0:44,20.20331055
6/5/2026 0:49,20.16041016
6/5/2026 0:54,20.16041016
6/5/2026 0:59,20.11750977
6/5/2026 1:04,20.11750977
6/5/2026 1:09,20.03170898
6/5/2026 1:14,20.03170898
6/5/2026 1:19,20.03170898
6/5/2026 1:24,20.03170898
6/5/2026 1:29,19.98880859
6/5/2026 1:34,19.98880859
6/5/2026 1:39,19.9459082
6/5/2026 1:44,19.90300781
6/5/2026 1:49,19.90300781
6/5/2026 1:54,19.81720703
6/5/2026 1:59,19.86010742
6/5/2026 2:04,19.77430664
6/5/2026 2:09,19.77430664
6/5/2026 2:14,19.77430664
6/5/2026 2:19,19.73140625
6/5/2026 2:24,19.73140625
6/5/2026 2:29,19.73140625
6/5/2026 2:34,19.64560547
6/5/2026 2:39,19.64560547
6/5/2026 2:44,19.64560547
6/5/2026 2:49,19.64560547
6/5/2026 2:54,19.64560547
6/5/2026 2:59,19.60270508
6/5/2026 3:04,19.55980469
6/5/2026 3:09,19.47400391
6/5/2026 3:14,19.5169043
6/5/2026 3:19,19.47400391
6/5/2026 3:24,19.43110352
6/5/2026 3:29,19.43110352
6/5/2026 3:34,19.38820312
6/5/2026 3:39,19.38820312
6/5/2026 3:44,19.34530273
6/5/2026 3:49,19.34530273
6/5/2026 3:54,19.30240234
6/5/2026 3:59,19.30240234
6/5/2026 4:04,19.25950195
6/5/2026 4:09,19.21660156
6/5/2026 4:14,19.17370117
6/5/2026 4:19,19.17370117
6/5/2026 4:24,19.17370117
6/5/2026 4:29,19.08790039
6/5/2026 4:34,19.08790039
6/5/2026 4:39,19.045
6/5/2026 4:44,19.045
6/5/2026 4:49,19.045
6/5/2026 4:54,19.00209961
6/5/2026 4:59,18.95919922
6/5/2026 5:04,18.91629883
6/5/2026 5:09,18.87339844
6/5/2026 5:14,18.91629883
6/5/2026 5:19,18.87339844
6/5/2026 5:24,18.83049805
6/5/2026 5:29,18.87339844
6/5/2026 5:34,18.78759766
6/5/2026 5:39,18.74469727
6/5/2026 5:44,18.74469727
6/5/2026 5:49,18.70179687
6/5/2026 5:54,18.70179687
6/5/2026 5:59,18.65889648
6/5/2026 6:04,18.70179687
6/5/2026 6:09,18.65889648
6/5/2026 6:14,18.65889648
6/5/2026 6:19,18.65889648
6/5/2026 6:24,18.61599609
6/5/2026 6:29,18.61599609
6/5/2026 6:34,18.61599609
6/5/2026 6:39,18.61599609
6/5/2026 6:44,18.53019531
6/5/2026 6:49,18.53019531
6/5/2026 6:54,18.53019531
6/5/2026 6:59,18.48729492
6/5/2026 7:04,18.48729492
6/5/2026 7:09,18.44439453
6/5/2026 7:14,18.44439453
6/5/2026 7:19,18.40149414
6/5/2026 7:24,18.40149414
6/5/2026 7:29,18.44439453
6/5/2026 7:34,18.44439453
6/5/2026 7:39,18.40149414
6/5/2026 7:44,18.44439453
6/5/2026 7:49,18.44439453
6/5/2026 7:54,18.44439453
6/5/2026 7:59,18.40149414
6/5/2026 8:04,18.44439453
6/5/2026 8:09,18.35859375
6/5/2026 8:14,18.40149414
6/5/2026 8:19,18.40149414
6/5/2026 8:24,18.44439453
6/5/2026 8:29,18.48729492
6/5/2026 8:34,18.48729492
6/5/2026 8:39,18.5730957
6/5/2026 8:44,18.5730957
6/5/2026 8:49,18.61599609
6/5/2026 8:54,18.65889648
6/5/2026 8:59,18.61599609
6/5/2026 9:04,18.65889648
6/5/2026 9:09,18.70179687
6/5/2026 9:14,18.61599609
6/5/2026 9:19,18.65889648
6/5/2026 9:24,18.61599609
6/5/2026 9:29,18.65889648
6/5/2026 9:34,18.65889648
6/5/2026 9:39,18.70179687
6/5/2026 9:44,18.70179687
6/5/2026 9:49,18.65889648
6/5/2026 9:54,18.70179687
6/5/2026 9:59,18.70179687
6/5/2026 10:04,18.74469727
6/5/2026 10:09,18.74469727
6/5/2026 10:14,18.65889648
6/5/2026 10:19,18.74469727
6/5/2026 10:24,18.78759766
6/5/2026 10:29,18.83049805
6/5/2026 10:34,18.83049805
6/5/2026 10:39,18.83049805
6/5/2026 10:44,18.78759766
6/5/2026 10:49,18.78759766
6/5/2026 10:54,18.83049805
6/5/2026 10:59,18.87339844
6/5/2026 11:04,18.87339844
6/5/2026 11:09,18.95919922
6/5/2026 11:14,19.00209961
6/5/2026 11:19,19.045
6/5/2026 11:24,19.08790039
6/5/2026 11:29,19.13080078
6/5/2026 11:34,19.30240234
6/5/2026 11:39,19.30240234
6/5/2026 11:44,19.43110352
6/5/2026 11:49,19.47400391
6/5/2026 11:54,19.60270508
6/5/2026 11:59,19.68850586
6/5/2026 12:04,19.77430664
6/5/2026 12:09,19.81720703
6/5/2026 12:14,19.9459082
6/5/2026 12:19,20.03170898
6/5/2026 12:24,20.16041016
6/5/2026 12:29,20.28911133
6/5/2026 12:34,20.37491211
6/5/2026 12:39,20.46071289
6/5/2026 12:44,20.54651367
6/5/2026 12:49,20.58941406
6/5/2026 12:54,20.63231445
6/5/2026 12:59,20.67521484
6/5/2026 13:04,20.76101562
6/5/2026 13:09,20.76101562
6/5/2026 13:14,20.80391602
6/5/2026 13:19,20.84681641
6/5/2026 13:24,20.8897168
6/5/2026 13:29,21.06131836
6/5/2026 13:34,21.01841797
6/5/2026 13:39,21.14711914
6/5/2026 13:44,21.10421875
6/5/2026 13:49,21.14711914
6/5/2026 13:54,21.19001953
6/5/2026 13:59,21.14711914
6/5/2026 14:04,21.14711914
6/5/2026 14:09,21.10421875
6/5/2026 14:14,21.19001953
6/5/2026 14:19,21.3187207
6/5/2026 14:24,21.40452148
6/5/2026 14:29,21.44742187
6/5/2026 14:34,21.3187207
6/5/2026 14:39,21.36162109
6/5/2026 14:44,21.40452148
6/5/2026 14:49,21.44742187
6/5/2026 14:54,21.36162109
6/5/2026 14:59,21.61902344
6/5/2026 15:04,21.61902344
6/5/2026 15:09,21.74772461
6/5/2026 15:14,21.66192383
6/5/2026 15:19,21.61902344
6/5/2026 15:24,21.70482422
6/5/2026 15:29,21.74772461
6/5/2026 15:34,21.70482422
6/5/2026 15:39,21.74772461
6/5/2026 15:44,21.91932617
6/5/2026 15:49,21.96222656
6/5/2026 15:54,21.87642578
6/5/2026 15:59,21.91932617
6/5/2026 16:04,21.96222656
6/5/2026 16:09,21.96222656
6/5/2026 16:14,21.91932617
6/5/2026 16:19,22.04802734
6/5/2026 16:24,21.96222656
6/5/2026 16:29,21.87642578
6/5/2026 16:34,21.91932617
6/5/2026 16:39,21.96222656
6/5/2026 16:44,22.04802734
6/5/2026 16:49,22.21962891
6/5/2026 16:54,22.21962891
6/5/2026 16:59,22.21962891
6/5/2026 17:04,22.30542969
6/5/2026 17:09,22.39123047
6/5/2026 17:14,22.43413086
6/5/2026 17:19,22.30542969
6/5/2026 17:24,22.34833008
6/5/2026 17:29,22.43413086
6/5/2026 17:34,22.43413086
6/5/2026 17:39,22.43413086
6/5/2026 17:44,22.30542969
6/5/2026 17:49,22.30542969
6/5/2026 17:54,22.2625293
6/5/2026 17:59,22.17672852
6/5/2026 18:04,22.13382813
6/5/2026 18:09,22.04802734
6/5/2026 18:14,22.00512695
6/5/2026 18:19,21.87642578
6/5/2026 18:24,21.74772461
6/5/2026 18:29,21.61902344
6/5/2026 18:34,21.53322266
6/5/2026 18:39,21.44742187
6/5/2026 18:44,21.40452148
6/5/2026 18:49,21.36162109
6/5/2026 18:54,21.3187207
6/5/2026 18:59,21.3187207
6/5/2026 19:04,21.3187207
6/5/2026 19:09,21.23291992
6/5/2026 19:14,21.27582031
6/5/2026 19:19,21.19001953
6/5/2026 19:24,21.19001953
6/5/2026 19:29,21.14711914
6/5/2026 19:34,21.14711914
6/5/2026 19:39,21.01841797
6/5/2026 19:44,21.01841797
6/5/2026 19:49,20.97551758
6/5/2026 19:54,21.01841797
6/5/2026 19:59,20.93261719
6/5/2026 20:04,20.8897168
6/5/2026 20:09,20.76101562
6/5/2026 20:14,20.76101562
6/5/2026 20:19,20.67521484
6/5/2026 20:24,20.71811523
6/5/2026 20:29,20.67521484
6/5/2026 20:34,20.63231445
6/5/2026 20:39,20.54651367
6/5/2026 20:44,20.50361328
6/5/2026 20:49,20.46071289
6/5/2026 20:54,20.46071289
6/5/2026 20:59,20.37491211
6/5/2026 21:04,20.37491211
6/5/2026 21:09,20.33201172
6/5/2026 21:14,20.28911133
6/5/2026 21:19,20.24621094
6/5/2026 21:24,20.20331055
6/5/2026 21:29,20.16041016
6/5/2026 21:34,20.16041016
6/5/2026 21:39,20.07460938
6/5/2026 21:44,20.03170898
6/5/2026 21:49,19.98880859
6/5/2026 21:54,19.98880859
6/5/2026 21:59,19.9459082
6/5/2026 22:04,19.9459082
6/5/2026 22:09,19.90300781
6/5/2026 22:14,19.90300781
6/5/2026 22:19,19.86010742
6/5/2026 22:24,19.81720703
6/5/2026 22:29,19.77430664
6/5/2026 22:34,19.77430664
6/5/2026 22:39,19.73140625
6/5/2026 22:44,19.73140625
6/5/2026 22:49,19.64560547
6/5/2026 22:54,19.64560547
6/5/2026 22:59,19.55980469
6/5/2026 23:04,19.55980469
6/5/2026 23:09,19.5169043
6/5/2026 23:14,19.47400391
6/5/2026 23:19,19.47400391
6/5/2026 23:24,19.43110352
6/5/2026 23:29,19.38820312
6/5/2026 23:34,19.34530273
6/5/2026 23:39,19.25950195
6/5/2026 23:44,19.30240234
6/5/2026 23:49,19.21660156
6/5/2026 23:54,19.17370117
6/5/2026 23:59,19.17370117
6/6/2026 0:04,19.13080078
6/6/2026 0:09,19.13080078
6/6/2026 0:14,19.045
6/6/2026 0:19,18.95919922
6/6/2026 0:24,18.95919922
6/6/2026 0:29,18.91629883
6/6/2026 0:34,18.87339844
6/6/2026 0:39,18.83049805
6/6/2026 0:44,18.87339844
6/6/2026 0:49,18.83049805
6/6/2026 0:54,18.74469727
6/6/2026 0:59,18.74469727
6/6/2026 1:04,18.65889648
6/6/2026 1:09,18.65889648
6/6/2026 1:14,18.65889648
6/6/2026 1:19,18.5730957
6/6/2026 1:24,18.53019531
6/6/2026 1:29,18.53019531
6/6/2026 1:34,18.48729492
6/6/2026 1:39,18.48729492
6/6/2026 1:44,18.44439453
6/6/2026 1:49,18.35859375
6/6/2026 1:54,18.35859375
6/6/2026 1:59,18.31569336
6/6/2026 2:04,18.27279297
6/6/2026 2:09,18.22989258
6/6/2026 2:14,18.18699219
6/6/2026 2:19,18.22989258
6/6/2026 2:24,18.1440918
6/6/2026 2:29,18.1440918
6/6/2026 2:34,18.05829102
6/6/2026 2:39,18.01539063
6/6/2026 2:44,18.01539063
6/6/2026 2:49,18.01539063
6/6/2026 2:54,18.01539063
6/6/2026 2:59,17.92958984
6/6/2026 3:04,17.92958984
6/6/2026 3:09,17.88668945
6/6/2026 3:14,17.84378906
6/6/2026 3:19,17.84378906
6/6/2026 3:24,17.80088867
6/6/2026 3:29,17.75798828
6/6/2026 3:34,17.71508789
6/6/2026 3:39,17.6721875
6/6/2026 3:44,17.6721875
6/6/2026 3:49,17.6721875
6/6/2026 3:54,17.58638672
6/6/2026 3:59,17.58638672
6/6/2026 4:04,17.58638672
6/6/2026 4:09,17.54348633
6/6/2026 4:14,17.50058594
6/6/2026 4:19,17.45768555
6/6/2026 4:24,17.37188477
6/6/2026 4:29,17.41478516
6/6/2026 4:34,17.37188477
6/6/2026 4:39,17.32898437
6/6/2026 4:44,17.32898437
6/6/2026 4:49,17.32898437
6/6/2026 4:54,17.28608398
6/6/2026 4:59,17.28608398
6/6/2026 5:04,17.2002832
6/6/2026 5:09,17.2002832
6/6/2026 5:14,17.15738281
6/6/2026 5:19,17.2002832
6/6/2026 5:24,17.11448242
6/6/2026 5:29,17.11448242
6/6/2026 5:34,17.07158203
6/6/2026 5:39,17.07158203
6/6/2026 5:44,17.02868164
6/6/2026 5:49,16.98578125
6/6/2026 5:54,16.98578125
6/6/2026 5:59,16.94288086
6/6/2026 6:04,16.89998047
6/6/2026 6:09,16.94288086
6/6/2026 6:14,16.89998047
6/6/2026 6:19,16.89998047
6/6/2026 6:24,16.89998047
6/6/2026 6:29,16.81417969
6/6/2026 6:34,16.81417969
6/6/2026 6:39,16.85708008
6/6/2026 6:44,16.81417969
6/6/2026 6:49,16.7712793
6/6/2026 6:54,16.72837891
6/6/2026 6:59,16.72837891
6/6/2026 7:04,16.7712793
6/6/2026 7:09,16.72837891
6/6/2026 7:14,16.72837891
6/6/2026 7:19,16.72837891
6/6/2026 7:24,16.72837891
6/6/2026 7:29,16.68547852
6/6/2026 7:34,16.72837891
6/6/2026 7:39,16.72837891
6/6/2026 7:44,16.7712793
6/6/2026 7:49,16.72837891
6/6/2026 7:54,16.72837891
6/6/2026 7:59,16.72837891
6/6/2026 8:04,16.72837891
6/6/2026 8:09,16.7712793
6/6/2026 8:14,16.72837891
6/6/2026 8:19,16.7712793
6/6/2026 8:24,16.72837891
6/6/2026 8:29,16.7712793
6/6/2026 8:34,16.81417969
6/6/2026 8:39,16.85708008
6/6/2026 8:44,16.81417969
6/6/2026 8:49,16.89998047
6/6/2026 8:54,16.94288086
6/6/2026 8:59,16.98578125
6/6/2026 9:04,16.98578125
6/6/2026 9:09,17.11448242
6/6/2026 9:14,17.15738281
6/6/2026 9:19,17.24318359
6/6/2026 9:24,17.32898437
6/6/2026 9:29,17.37188477
6/6/2026 9:34,17.37188477
6/6/2026 9:39,17.45768555
6/6/2026 9:44,17.50058594
6/6/2026 9:49,17.50058594
6/6/2026 9:54,17.62928711
6/6/2026 9:59,17.71508789
6/6/2026 10:04,17.75798828
6/6/2026 10:09,17.88668945
6/6/2026 10:14,17.88668945
6/6/2026 10:19,18.01539063
6/6/2026 10:24,18.10119141
6/6/2026 10:29,18.18699219
6/6/2026 10:34,18.22989258
6/6/2026 10:39,18.27279297
6/6/2026 10:44,18.27279297
6/6/2026 10:49,18.31569336
6/6/2026 10:54,18.40149414
6/6/2026 10:59,18.44439453
6/6/2026 11:04,18.53019531
6/6/2026 11:09,18.5730957
6/6/2026 11:14,18.61599609
6/6/2026 11:19,18.78759766
6/6/2026 11:24,18.87339844
6/6/2026 11:29,18.87339844
6/6/2026 11:34,18.87339844
6/6/2026 11:39,18.91629883
6/6/2026 11:44,19.045
6/6/2026 11:49,19.13080078
6/6/2026 11:54,19.17370117
6/6/2026 11:59,19.21660156
6/6/2026 12:04,19.38820312
6/6/2026 12:09,19.47400391
6/6/2026 12:14,19.55980469
6/6/2026 12:19,19.60270508
6/6/2026 12:24,19.73140625
6/6/2026 12:29,19.73140625
6/6/2026 12:34,19.81720703
6/6/2026 12:39,20.03170898
6/6/2026 12:44,20.11750977
6/6/2026 12:49,20.11750977
6/6/2026 12:54,20.24621094
6/6/2026 12:59,20.33201172
6/6/2026 13:04,20.46071289
6/6/2026 13:09,20.50361328
6/6/2026 13:14,20.46071289
6/6/2026 13:19,20.54651367
6/6/2026 13:24,20.63231445
6/6/2026 13:29,20.67521484
6/6/2026 13:34,20.71811523
6/6/2026 13:39,20.84681641
6/6/2026 13:44,20.93261719
6/6/2026 13:49,20.93261719
6/6/2026 13:54,20.8897168
6/6/2026 13:59,20.97551758
6/6/2026 14:04,21.10421875
6/6/2026 14:09,21.19001953
6/6/2026 14:14,21.19001953
6/6/2026 14:19,21.3187207
6/6/2026 14:24,21.44742187
6/6/2026 14:29,21.53322266
6/6/2026 14:34,21.53322266
6/6/2026 14:39,21.49032227
6/6/2026 14:44,21.61902344
6/6/2026 14:49,21.61902344
6/6/2026 14:54,21.66192383
6/6/2026 14:59,21.61902344
6/6/2026 15:04,21.53322266
6/6/2026 15:09,21.70482422
6/6/2026 15:14,21.66192383
6/6/2026 15:19,21.57612305
6/6/2026 15:24,21.66192383
6/6/2026 15:29,21.66192383
6/6/2026 15:34,21.70482422
6/6/2026 15:39,21.790625
6/6/2026 15:44,21.87642578
6/6/2026 15:49,21.87642578
6/6/2026 15:54,21.83352539
6/6/2026 15:59,21.790625
6/6/2026 16:04,21.87642578
6/6/2026 16:09,21.87642578
6/6/2026 16:14,21.96222656
6/6/2026 16:19,22.04802734
6/6/2026 16:24,21.87642578
6/6/2026 16:29,21.790625
6/6/2026 16:34,21.74772461
6/6/2026 16:39,21.83352539
6/6/2026 16:44,21.83352539
6/6/2026 16:49,21.91932617
6/6/2026 16:54,21.87642578
6/6/2026 16:59,21.91932617
6/6/2026 17:04,21.87642578
6/6/2026 17:09,21.87642578
6/6/2026 17:14,21.87642578
6/6/2026 17:19,21.83352539
6/6/2026 17:24,21.83352539
6/6/2026 17:29,21.91932617
6/6/2026 17:34,21.87642578
6/6/2026 17:39,21.96222656
6/6/2026 17:44,21.91932617
6/6/2026 17:49,21.87642578
6/6/2026 17:54,21.790625
6/6/2026 17:59,21.87642578
6/6/2026 18:04,21.83352539
6/6/2026 18:09,21.83352539
6/6/2026 18:14,21.83352539
6/6/2026 18:19,21.83352539
6/6/2026 18:24,21.83352539
6/6/2026 18:29,21.70482422
6/6/2026 18:34,21.66192383
6/6/2026 18:39,21.44742187
6/6/2026 18:44,21.27582031
6/6/2026 18:49,21.14711914
6/6/2026 18:54,21.10421875
6/6/2026 18:59,20.93261719
6/6/2026 19:04,20.84681641
6/6/2026 19:09,20.76101562
6/6/2026 19:14,20.71811523
6/6/2026 19:19,20.67521484
6/6/2026 19:24,20.58941406
6/6/2026 19:29,20.50361328
6/6/2026 19:34,20.46071289
6/6/2026 19:39,20.4178125
6/6/2026 19:44,20.33201172
6/6/2026 19:49,20.28911133
6/6/2026 19:54,20.16041016
6/6/2026 19:59,20.16041016
6/6/2026 20:04,20.07460938
6/6/2026 20:09,20.03170898
6/6/2026 20:14,19.9459082
6/6/2026 20:19,19.90300781
6/6/2026 20:24,19.81720703
6/6/2026 20:29,19.77430664
6/6/2026 20:34,19.77430664
6/6/2026 20:39,19.68850586
6/6/2026 20:44,19.60270508
6/6/2026 20:49,19.60270508
6/6/2026 20:54,19.5169043
6/6/2026 20:59,19.47400391
6/6/2026 21:04,19.43110352
6/6/2026 21:09,19.34530273
6/6/2026 21:14,19.34530273
6/6/2026 21:19,19.21660156
6/6/2026 21:24,19.17370117
6/6/2026 21:29,19.13080078
6/6/2026 21:34,19.13080078
6/6/2026 21:39,19.00209961
6/6/2026 21:44,18.95919922
6/6/2026 21:49,18.91629883
6/6/2026 21:54,18.87339844
6/6/2026 21:59,18.87339844
6/6/2026 22:04,18.74469727
6/6/2026 22:09,18.74469727
6/6/2026 22:14,18.65889648
6/6/2026 22:19,18.65889648
6/6/2026 22:24,18.61599609
6/6/2026 22:29,18.53019531
6/6/2026 22:34,18.53019531
6/6/2026 22:39,18.44439453
6/6/2026 22:44,18.40149414
6/6/2026 22:49,18.40149414
6/6/2026 22:54,18.31569336
6/6/2026 22:59,18.27279297
6/6/2026 23:04,18.22989258
6/6/2026 23:09,18.1440918
6/6/2026 23:14,18.18699219
6/6/2026 23:19,18.10119141
6/6/2026 23:24,18.10119141
6/6/2026 23:29,18.01539063
6/6/2026 23:34,17.92958984
6/6/2026 23:39,17.92958984
6/6/2026 23:44,17.92958984
6/6/2026 23:49,17.88668945
6/6/2026 23:54,17.84378906
6/6/2026 23:59,17.75798828
6/7/2026 0:04,17.80088867
6/7/2026 0:09,17.71508789
6/7/2026 0:14,17.6721875
6/7/2026 0:19,17.6721875
6/7/2026 0:24,17.6721875
6/7/2026 0:29,17.62928711
6/7/2026 0:34,17.58638672
6/7/2026 0:39,17.50058594
6/7/2026 0:44,17.50058594
6/7/2026 0:49,17.50058594
6/7/2026 0:54,17.45768555
6/7/2026 0:59,17.41478516
6/7/2026 1:04,17.41478516
6/7/2026 1:09,17.37188477
6/7/2026 1:14,17.32898437
6/7/2026 1:19,17.32898437
6/7/2026 1:24,17.28608398
6/7/2026 1:29,17.28608398
6/7/2026 1:34,17.24318359
6/7/2026 1:39,17.2002832
6/7/2026 1:44,17.2002832
6/7/2026 1:49,17.24318359
6/7/2026 1:54,17.15738281
6/7/2026 1:59,17.15738281
6/7/2026 2:04,17.15738281
6/7/2026 2:09,17.11448242
6/7/2026 2:14,17.07158203
6/7/2026 2:19,17.07158203
6/7/2026 2:24,17.07158203
6/7/2026 2:29,17.02868164
6/7/2026 2:34,16.98578125
6/7/2026 2:39,16.98578125
6/7/2026 2:44,16.94288086
6/7/2026 2:49,16.85708008
6/7/2026 2:54,16.85708008
6/7/2026 2:59,16.85708008
6/7/2026 3:04,16.81417969
6/7/2026 3:09,16.81417969
6/7/2026 3:14,16.7712793
6/7/2026 3:19,16.72837891
6/7/2026 3:24,16.72837891
6/7/2026 3:29,16.64257813
6/7/2026 3:34,16.68547852
6/7/2026 3:39,16.59967773
6/7/2026 3:44,16.64257813
6/7/2026 3:49,16.64257813
6/7/2026 3:54,16.59967773
6/7/2026 3:59,16.59967773
6/7/2026 4:04,16.59967773
6/7/2026 4:09,16.59967773
6/7/2026 4:14,16.55677734
6/7/2026 4:19,16.51387695
6/7/2026 4:24,16.47097656
6/7/2026 4:29,16.47097656
6/7/2026 4:34,16.42807617
6/7/2026 4:39,16.42807617
6/7/2026 4:44,16.38517578
6/7/2026 4:49,16.38517578
6/7/2026 4:54,16.34227539
6/7/2026 4:59,16.34227539
6/7/2026 5:04,16.34227539
6/7/2026 5:09,16.299375
6/7/2026 5:14,16.34227539
6/7/2026 5:19,16.25647461
6/7/2026 5:24,16.25647461
6/7/2026 5:29,16.25647461
6/7/2026 5:34,16.25647461
6/7/2026 5:39,16.21357422
6/7/2026 5:44,16.17067383
6/7/2026 5:49,16.21357422
6/7/2026 5:54,16.12777344
6/7/2026 5:59,16.12777344
6/7/2026 6:04,16.12777344
6/7/2026 6:09,16.08487305
6/7/2026 6:14,16.08487305
6/7/2026 6:19,16.08487305
6/7/2026 6:24,16.08487305
6/7/2026 6:29,16.08487305
6/7/2026 6:34,16.08487305
6/7/2026 6:39,16.04197266
6/7/2026 6:44,16.04197266
6/7/2026 6:49,16.04197266
6/7/2026 6:54,16.04197266
6/7/2026 6:59,16.04197266
6/7/2026 7:04,16.04197266
6/7/2026 7:09,16.04197266
6/7/2026 7:14,16.08487305
6/7/2026 7:19,16.04197266
6/7/2026 7:24,16.04197266
6/7/2026 7:29,15.99907227
6/7/2026 7:34,15.99907227
6/7/2026 7:39,16.04197266
6/7/2026 7:44,15.99907227
6/7/2026 7:49,15.99907227
6/7/2026 7:54,16.04197266
6/7/2026 7:59,16.04197266
6/7/2026 8:04,16.08487305
6/7/2026 8:09,16.08487305
6/7/2026 8:14,16.12777344
6/7/2026 8:19,16.12777344
6/7/2026 8:24,16.12777344
6/7/2026 8:29,16.17067383
6/7/2026 8:34,16.17067383
6/7/2026 8:39,16.21357422
6/7/2026 8:44,16.21357422
6/7/2026 8:49,16.25647461
6/7/2026 8:54,16.299375
6/7/2026 8:59,16.38517578
6/7/2026 9:04,16.38517578
6/7/2026 9:09,16.42807617
6/7/2026 9:14,16.42807617
6/7/2026 9:19,16.47097656
6/7/2026 9:24,16.55677734
6/7/2026 9:29,16.64257813
6/7/2026 9:34,16.64257813
6/7/2026 9:39,16.72837891
6/7/2026 9:44,16.72837891
6/7/2026 9:49,16.85708008
6/7/2026 9:54,16.94288086
6/7/2026 9:59,17.02868164
6/7/2026 10:04,17.07158203
6/7/2026 10:09,17.07158203
6/7/2026 10:14,17.11448242
6/7/2026 10:19,17.11448242
6/7/2026 10:24,17.11448242
6/7/2026 10:29,17.2002832
6/7/2026 10:34,17.24318359
6/7/2026 10:39,17.32898437
6/7/2026 10:44,17.41478516
6/7/2026 10:49,17.41478516
6/7/2026 10:54,17.54348633
6/7/2026 10:59,17.6721875
6/7/2026 11:04,17.80088867
6/7/2026 11:09,17.80088867
6/7/2026 11:14,17.92958984
6/7/2026 11:19,18.01539063
6/7/2026 11:24,18.10119141
6/7/2026 11:29,18.22989258
6/7/2026 11:34,18.27279297
6/7/2026 11:39,18.27279297
6/7/2026 11:44,18.31569336
6/7/2026 11:49,18.40149414
6/7/2026 11:54,18.5730957
6/7/2026 11:59,18.5730957
6/7/2026 12:04,18.65889648
6/7/2026 12:09,18.70179687
6/7/2026 12:14,18.87339844
6/7/2026 12:19,18.87339844
6/7/2026 12:24,18.83049805
6/7/2026 12:29,18.87339844
6/7/2026 12:34,18.91629883
6/7/2026 12:39,19.08790039
6/7/2026 12:44,19.13080078
6/7/2026 12:49,19.21660156
6/7/2026 12:54,19.25950195
6/7/2026 12:59,19.38820312
6/7/2026 13:04,19.43110352
6/7/2026 13:09,19.55980469
6/7/2026 13:14,19.60270508
6/7/2026 13:19,19.73140625
6/7/2026 13:24,19.73140625
6/7/2026 13:29,19.68850586
6/7/2026 13:34,19.68850586
6/7/2026 13:39,19.73140625
6/7/2026 13:44,19.64560547
6/7/2026 13:49,19.64560547
6/7/2026 13:54,19.55980469
6/7/2026 13:59,19.5169043
6/7/2026 14:04,19.43110352
6/7/2026 14:09,19.34530273
6/7/2026 14:14,19.38820312
6/7/2026 14:19,19.34530273
6/7/2026 14:24,19.34530273
6/7/2026 14:29,19.30240234
6/7/2026 14:34,19.21660156
6/7/2026 14:39,19.21660156
6/7/2026 14:44,19.21660156
6/7/2026 14:49,19.17370117
6/7/2026 14:54,19.13080078
6/7/2026 14:59,19.045
6/7/2026 15:04,19.00209961
6/7/2026 15:09,19.00209961
6/7/2026 15:14,18.91629883
6/7/2026 15:19,18.87339844
6/7/2026 15:24,18.83049805
6/7/2026 15:29,18.83049805
6/7/2026 15:34,18.78759766
6/7/2026 15:39,18.70179687
6/7/2026 15:44,18.70179687
6/7/2026 15:49,18.65889648
6/7/2026 15:54,18.61599609
6/7/2026 15:59,18.53019531
6/7/2026 16:04,18.53019531
6/7/2026 16:09,18.48729492
6/7/2026 16:14,18.48729492
6/7/2026 16:19,18.53019531
6/7/2026 16:24,18.44439453
6/7/2026 16:29,18.53019531
6/7/2026 16:34,18.48729492
6/7/2026 16:39,18.40149414
6/7/2026 16:44,18.40149414
6/7/2026 16:49,18.40149414
6/7/2026 16:54,18.35859375
6/7/2026 16:59,18.35859375
6/7/2026 17:04,18.27279297
6/7/2026 17:09,18.31569336
6/7/2026 17:14,18.31569336
6/7/2026 17:19,18.31569336
6/7/2026 17:24,18.27279297
6/7/2026 17:29,18.27279297
6/7/2026 17:34,18.31569336
6/7/2026 17:39,18.35859375
6/7/2026 17:44,18.31569336
6/7/2026 17:49,18.31569336
6/7/2026 17:54,18.31569336
6/7/2026 17:59,18.35859375
6/7/2026 18:04,18.35859375
6/7/2026 18:09,18.40149414
6/7/2026 18:14,18.44439453
6/7/2026 18:19,18.44439453
6/7/2026 18:24,18.40149414
6/7/2026 18:29,18.40149414
6/7/2026 18:34,18.40149414
6/7/2026 18:39,18.44439453
6/7/2026 18:44,18.35859375
6/7/2026 18:49,18.31569336
6/7/2026 18:54,18.31569336
6/7/2026 18:59,18.27279297
6/7/2026 19:04,18.27279297
6/7/2026 19:09,18.22989258
6/7/2026 19:14,18.1440918
6/7/2026 19:19,18.1440918
6/7/2026 19:24,18.18699219
6/7/2026 19:29,18.1440918
6/7/2026 19:34,18.10119141
6/7/2026 19:39,18.05829102
6/7/2026 19:44,18.05829102
6/7/2026 19:49,18.01539063
6/7/2026 19:54,18.01539063
6/7/2026 19:59,17.97249023
6/7/2026 20:04,17.97249023
6/7/2026 20:09,17.97249023
6/7/2026 20:14,17.97249023
6/7/2026 20:19,17.92958984
6/7/2026 20:24,17.88668945
6/7/2026 20:29,17.88668945
6/7/2026 20:34,17.88668945
6/7/2026 20:39,17.88668945
6/7/2026 20:44,17.84378906
6/7/2026 20:49,17.80088867
6/7/2026 20:54,17.80088867
6/7/2026 20:59,17.75798828
6/7/2026 21:04,17.75798828
6/7/2026 21:09,17.80088867
6/7/2026 21:14,17.80088867
6/7/2026 21:19,17.75798828
6/7/2026 21:24,17.71508789
6/7/2026 21:29,17.71508789
6/7/2026 21:34,17.71508789
6/7/2026 21:39,17.6721875
6/7/2026 21:44,17.6721875
6/7/2026 21:49,17.6721875
6/7/2026 21:54,17.6721875
6/7/2026 21:59,17.6721875
6/7/2026 22:04,17.62928711
6/7/2026 22:09,17.6721875
6/7/2026 22:14,17.62928711
6/7/2026 22:19,17.58638672
6/7/2026 22:24,17.58638672
6/7/2026 22:29,17.58638672
6/7/2026 22:34,17.54348633
6/7/2026 22:39,17.50058594
6/7/2026 22:44,17.50058594
6/7/2026 22:49,17.45768555
6/7/2026 22:54,17.50058594
6/7/2026 22:59,17.45768555
6/7/2026 23:04,17.45768555
6/7/2026 23:09,17.41478516
6/7/2026 23:14,17.45768555
6/7/2026 23:19,17.37188477
6/7/2026 23:24,17.37188477
6/7/2026 23:29,17.32898437
6/7/2026 23:34,17.32898437
6/7/2026 23:39,17.37188477
6/7/2026 23:44,17.32898437
6/7/2026 23:49,17.24318359
6/7/2026 23:54,17.24318359
6/7/2026 23:59,17.24318359
6/8/2026 0:04,17.2002832
6/8/2026 0:09,17.2002832
6/8/2026 0:14,17.2002832
6/8/2026 0:19,17.2002832
6/8/2026 0:24,17.2002832
6/8/2026 0:29,17.11448242
6/8/2026 0:34,17.15738281
6/8/2026 0:39,17.11448242
6/8/2026 0:44,17.07158203
6/8/2026 0:49,17.11448242
6/8/2026 0:54,17.07158203
6/8/2026 0:59,17.07158203
6/8/2026 1:04,17.11448242
6/8/2026 1:09,17.07158203
6/8/2026 1:14,17.07158203
6/8/2026 1:19,17.02868164
6/8/2026 1:24,16.98578125
6/8/2026 1:29,16.98578125
6/8/2026 1:34,17.02868164
6/8/2026 1:39,17.02868164
6/8/2026 1:44,16.98578125
6/8/2026 1:49,16.98578125
6/8/2026 1:54,16.98578125
6/8/2026 1:59,16.94288086
6/8/2026 2:04,16.94288086
6/8/2026 2:09,16.94288086
6/8/2026 2:14,16.89998047
6/8/2026 2:19,16.89998047
6/8/2026 2:24,16.85708008
6/8/2026 2:29,16.85708008
6/8/2026 2:34,16.85708008
6/8/2026 2:39,16.81417969
6/8/2026 2:44,16.85708008
6/8/2026 2:49,16.81417969
6/8/2026 2:54,16.81417969
6/8/2026 2:59,16.7712793
6/8/2026 3:04,16.7712793
6/8/2026 3:09,16.72837891
6/8/2026 3:14,16.7712793
6/8/2026 3:19,16.68547852
6/8/2026 3:24,16.72837891
6/8/2026 3:29,16.72837891
6/8/2026 3:34,16.72837891
6/8/2026 3:39,16.72837891
6/8/2026 3:44,16.72837891
6/8/2026 3:49,16.72837891
6/8/2026 3:54,16.72837891
6/8/2026 3:59,16.72837891
6/8/2026 4:04,16.72837891
6/8/2026 4:09,16.72837891
6/8/2026 4:14,16.72837891
6/8/2026 4:19,16.72837891
6/8/2026 4:24,16.68547852
6/8/2026 4:29,16.68547852
6/8/2026 4:34,16.68547852
6/8/2026 4:39,16.59967773
6/8/2026 4:44,16.64257813
6/8/2026 4:49,16.68547852
6/8/2026 4:54,16.59967773
6/8/2026 4:59,16.59967773
6/8/2026 5:04,16.64257813
6/8/2026 5:09,16.59967773
6/8/2026 5:14,16.59967773
6/8/2026 5:19,16.64257813
6/8/2026 5:24,16.64257813
6/8/2026 5:29,16.64257813
6/8/2026 5:34,16.64257813
6/8/2026 5:39,16.59967773
6/8/2026 5:44,16.64257813
6/8/2026 5:49,16.59967773
6/8/2026 5:54,16.59967773
6/8/2026 5:59,16.55677734
6/8/2026 6:04,16.55677734
6/8/2026 6:09,16.55677734
6/8/2026 6:14,16.55677734
6/8/2026 6:19,16.51387695
6/8/2026 6:24,16.55677734
6/8/2026 6:29,16.55677734
6/8/2026 6:34,16.55677734
6/8/2026 6:39,16.51387695
6/8/2026 6:44,16.51387695
6/8/2026 6:49,16.51387695
6/8/2026 6:54,16.47097656
6/8/2026 6:59,16.51387695
6/8/2026 7:04,16.47097656
6/8/2026 7:09,16.47097656
6/8/2026 7:14,16.47097656
6/8/2026 7:19,16.51387695
6/8/2026 7:24,16.47097656
6/8/2026 7:29,16.51387695
6/8/2026 7:34,16.47097656
6/8/2026 7:39,16.47097656
6/8/2026 7:44,16.47097656
6/8/2026 7:49,16.47097656
6/8/2026 7:54,16.47097656
6/8/2026 7:59,16.42807617
6/8/2026 8:04,16.47097656
6/8/2026 8:09,16.47097656
6/8/2026 8:14,16.47097656
6/8/2026 8:19,16.51387695
6/8/2026 8:24,16.51387695
6/8/2026 8:29,16.51387695
6/8/2026 8:34,16.47097656
6/8/2026 8:39,16.51387695
6/8/2026 8:44,16.55677734
6/8/2026 8:49,16.47097656
6/8/2026 8:54,16.47097656
6/8/2026 8:59,16.47097656
6/8/2026 9:04,16.47097656
6/8/2026 9:09,16.55677734
6/8/2026 9:14,16.51387695
6/8/2026 9:19,16.47097656
6/8/2026 9:24,16.51387695
6/8/2026 9:29,16.47097656
6/8/2026 9:34,16.55677734
6/8/2026 9:39,16.51387695
6/8/2026 9:44,16.51387695
6/8/2026 9:49,16.51387695
6/8/2026 9:54,16.59967773
6/8/2026 9:59,16.51387695
6/8/2026 10:04,16.55677734
6/8/2026 10:09,16.59967773
6/8/2026 10:14,16.55677734
6/8/2026 10:19,16.59967773
6/8/2026 10:24,16.64257813
6/8/2026 10:29,16.64257813
6/8/2026 10:34,16.59967773
6/8/2026 10:39,16.59967773
6/8/2026 10:44,16.64257813
6/8/2026 10:49,16.64257813
6/8/2026 10:54,16.64257813
6/8/2026 10:59,16.64257813
6/8/2026 11:04,16.72837891
6/8/2026 11:09,16.72837891
6/8/2026 11:14,16.7712793
6/8/2026 11:19,16.85708008
6/8/2026 11:24,16.81417969
6/8/2026 11:29,16.94288086
6/8/2026 11:34,16.94288086
6/8/2026 11:39,16.98578125
6/8/2026 11:44,17.02868164
6/8/2026 11:49,17.02868164
6/8/2026 11:54,16.98578125
6/8/2026 11:59,16.98578125
6/8/2026 12:04,16.98578125
6/8/2026 12:09,16.98578125
6/8/2026 12:14,17.07158203
6/8/2026 12:19,17.07158203
6/8/2026 12:24,17.07158203
6/8/2026 12:29,17.2002832
6/8/2026 12:34,17.2002832
6/8/2026 12:39,17.37188477
6/8/2026 12:44,17.37188477
6/8/2026 12:49,17.50058594
6/8/2026 12:54,17.54348633
6/8/2026 12:59,17.62928711
6/8/2026 13:04,17.6721875
6/8/2026 13:09,17.75798828
6/8/2026 13:14,17.80088867
6/8/2026 13:19,17.84378906
6/8/2026 13:24,17.84378906
6/8/2026 13:29,17.80088867
6/8/2026 13:34,17.92958984
6/8/2026 13:39,17.92958984
6/8/2026 13:44,18.05829102
6/8/2026 13:49,18.05829102
6/8/2026 13:54,18.1440918
6/8/2026 13:59,18.18699219
6/8/2026 14:04,18.31569336
6/8/2026 14:09,18.35859375
6/8/2026 14:14,18.53019531
6/8/2026 14:19,18.61599609
6/8/2026 14:24,18.74469727
6/8/2026 14:29,18.78759766
6/8/2026 14:34,18.78759766
6/8/2026 14:39,18.91629883
6/8/2026 14:44,18.95919922
6/8/2026 14:49,19.00209961
6/8/2026 14:54,19.25950195
6/8/2026 14:59,19.21660156
6/8/2026 15:04,19.21660156
6/8/2026 15:09,19.17370117
6/8/2026 15:14,19.30240234
6/8/2026 15:19,19.38820312
6/8/2026 15:24,19.43110352
6/8/2026 15:29,19.43110352
6/8/2026 15:34,19.5169043
6/8/2026 15:39,19.5169043
6/8/2026 15:44,19.47400391
6/8/2026 15:49,19.5169043
6/8/2026 15:54,19.68850586
6/8/2026 15:59,19.64560547
6/8/2026 16:04,19.68850586
6/8/2026 16:09,19.68850586
6/8/2026 16:14,19.77430664
6/8/2026 16:19,19.86010742
6/8/2026 16:24,19.98880859
6/8/2026 16:29,20.03170898
6/8/2026 16:34,19.98880859
6/8/2026 16:39,20.03170898
6/8/2026 16:44,20.07460938
6/8/2026 16:49,20.07460938
6/8/2026 16:54,20.20331055
6/8/2026 16:59,20.20331055
6/8/2026 17:04,20.20331055
6/8/2026 17:09,20.20331055
6/8/2026 17:14,20.20331055
6/8/2026 17:19,20.24621094
6/8/2026 17:24,20.16041016
6/8/2026 17:29,20.20331055
6/8/2026 17:34,20.20331055
6/8/2026 17:39,20.33201172
6/8/2026 17:44,20.37491211
6/8/2026 17:49,20.33201172
6/8/2026 17:54,20.37491211
6/8/2026 17:59,20.4178125
6/8/2026 18:04,20.4178125
6/8/2026 18:09,20.50361328
6/8/2026 18:14,20.4178125
6/8/2026 18:19,20.46071289
6/8/2026 18:24,20.50361328
6/8/2026 18:29,20.4178125
6/8/2026 18:34,20.33201172
6/8/2026 18:39,20.20331055
6/8/2026 18:44,20.03170898
6/8/2026 18:49,20.03170898
6/8/2026 18:54,19.86010742
6/8/2026 18:59,19.86010742
6/8/2026 19:04,19.68850586
6/8/2026 19:09,19.68850586
6/8/2026 19:14,19.60270508
6/8/2026 19:19,19.55980469
6/8/2026 19:24,19.47400391
6/8/2026 19:29,19.43110352
6/8/2026 19:34,19.34530273
6/8/2026 19:39,19.30240234
6/8/2026 19:44,19.25950195
6/8/2026 19:49,19.21660156
6/8/2026 19:54,19.08790039
6/8/2026 19:59,19.00209961
6/8/2026 20:04,18.95919922
6/8/2026 20:09,18.95919922
6/8/2026 20:14,18.95919922
6/8/2026 20:19,18.87339844
6/8/2026 20:24,18.83049805
6/8/2026 20:29,18.74469727
6/8/2026 20:34,18.74469727
6/8/2026 20:39,18.65889648
6/8/2026 20:44,18.61599609
6/8/2026 20:49,18.61599609
6/8/2026 20:54,18.5730957
6/8/2026 20:59,18.53019531
6/8/2026 21:04,18.48729492
6/8/2026 21:09,18.44439453
6/8/2026 21:14,18.40149414
6/8/2026 21:19,18.35859375
6/8/2026 21:24,18.31569336
6/8/2026 21:29,18.22989258
6/8/2026 21:34,18.22989258
6/8/2026 21:39,18.1440918
6/8/2026 21:44,18.1440918
6/8/2026 21:49,18.10119141
6/8/2026 21:54,18.05829102
6/8/2026 21:59,18.01539063
6/8/2026 22:04,17.97249023
6/8/2026 22:09,17.92958984
6/8/2026 22:14,17.88668945
6/8/2026 22:19,17.84378906
6/8/2026 22:24,17.84378906
6/8/2026 22:29,17.80088867
6/8/2026 22:34,17.75798828
6/8/2026 22:39,17.71508789
6/8/2026 22:44,17.75798828
6/8/2026 22:49,17.62928711
6/8/2026 22:54,17.6721875
6/8/2026 22:59,17.58638672
6/8/2026 23:04,17.54348633
6/8/2026 23:09,17.54348633
6/8/2026 23:14,17.45768555
6/8/2026 23:19,17.41478516
6/8/2026 23:24,17.37188477
6/8/2026 23:29,17.37188477
6/8/2026 23:34,17.32898437
6/8/2026 23:39,17.32898437
6/8/2026 23:44,17.24318359
6/8/2026 23:49,17.24318359
6/8/2026 23:54,17.24318359
6/8/2026 23:59,17.2002832
6/9/2026 0:04,17.15738281
6/9/2026 0:09,17.15738281
6/9/2026 0:14,17.07158203
6/9/2026 0:19,17.07158203
6/9/2026 0:24,17.07158203
6/9/2026 0:29,17.02868164
6/9/2026 0:34,16.98578125
6/9/2026 0:39,16.98578125
6/9/2026 0:44,16.98578125
6/9/2026 0:49,16.85708008
6/9/2026 0:54,16.85708008
6/9/2026 0:59,16.85708008
6/9/2026 1:04,16.89998047
6/9/2026 1:09,16.81417969
6/9/2026 1:14,16.81417969
6/9/2026 1:19,16.81417969
6/9/2026 1:24,16.7712793
6/9/2026 1:29,16.7712793
6/9/2026 1:34,16.7712793
6/9/2026 1:39,16.81417969
6/9/2026 1:44,16.7712793
6/9/2026 1:49,16.7712793
6/9/2026 1:54,16.72837891
6/9/2026 1:59,16.68547852
6/9/2026 2:04,16.72837891
6/9/2026 2:09,16.72837891
6/9/2026 2:14,16.68547852
6/9/2026 2:19,16.68547852
6/9/2026 2:24,16.68547852
6/9/2026 2:29,16.68547852
6/9/2026 2:34,16.64257813
6/9/2026 2:39,16.68547852
6/9/2026 2:44,16.59967773
6/9/2026 2:49,16.59967773
6/9/2026 2:54,16.64257813
6/9/2026 2:59,16.59967773
6/9/2026 3:04,16.55677734
6/9/2026 3:09,16.55677734
6/9/2026 3:14,16.55677734
6/9/2026 3:19,16.51387695
6/9/2026 3:24,16.55677734
6/9/2026 3:29,16.55677734
6/9/2026 3:34,16.47097656
6/9/2026 3:39,16.42807617
6/9/2026 3:44,16.51387695
6/9/2026 3:49,16.47097656
6/9/2026 3:54,16.47097656
6/9/2026 3:59,16.42807617
6/9/2026 4:04,16.47097656
6/9/2026 4:09,16.42807617
6/9/2026 4:14,16.42807617
6/9/2026 4:19,16.38517578
6/9/2026 4:24,16.38517578
6/9/2026 4:29,16.34227539
6/9/2026 4:34,16.38517578
6/9/2026 4:39,16.34227539
6/9/2026 4:44,16.299375
6/9/2026 4:49,16.34227539
6/9/2026 4:54,16.299375
6/9/2026 4:59,16.299375
6/9/2026 5:04,16.34227539
6/9/2026 5:09,16.299375
6/9/2026 5:14,16.299375
6/9/2026 5:19,16.25647461
6/9/2026 5:24,16.25647461
6/9/2026 5:29,16.299375
6/9/2026 5:34,16.21357422
6/9/2026 5:39,16.21357422
6/9/2026 5:44,16.21357422
6/9/2026 5:49,16.21357422
6/9/2026 5:54,16.21357422
6/9/2026 5:59,16.17067383
6/9/2026 6:04,16.21357422
6/9/2026 6:09,16.17067383
6/9/2026 6:14,16.21357422
6/9/2026 6:19,16.12777344
6/9/2026 6:24,16.17067383
6/9/2026 6:29,16.21357422
6/9/2026 6:34,16.17067383
6/9/2026 6:39,16.17067383
6/9/2026 6:44,16.17067383
6/9/2026 6:49,16.17067383
6/9/2026 6:54,16.17067383
6/9/2026 6:59,16.21357422
6/9/2026 7:04,16.17067383
6/9/2026 7:09,16.21357422
6/9/2026 7:14,16.17067383
6/9/2026 7:19,16.21357422
6/9/2026 7:24,16.21357422
6/9/2026 7:29,16.21357422
6/9/2026 7:34,16.21357422
6/9/2026 7:39,16.17067383
6/9/2026 7:44,16.17067383
6/9/2026 7:49,16.21357422
6/9/2026 7:54,16.21357422
6/9/2026 7:59,16.25647461
6/9/2026 8:04,16.17067383
6/9/2026 8:09,16.21357422
6/9/2026 8:14,16.21357422
6/9/2026 8:19,16.21357422
6/9/2026 8:24,16.25647461
6/9/2026 8:29,16.25647461
6/9/2026 8:34,16.299375
6/9/2026 8:39,16.34227539
6/9/2026 8:44,16.34227539
6/9/2026 8:49,16.38517578
6/9/2026 8:54,16.42807617
6/9/2026 8:59,16.38517578
6/9/2026 9:04,16.47097656
6/9/2026 9:09,16.55677734
6/9/2026 9:14,16.55677734
6/9/2026 9:19,16.59967773
6/9/2026 9:24,16.64257813
6/9/2026 9:29,16.64257813
6/9/2026 9:34,16.68547852
6/9/2026 9:39,16.7712793
6/9/2026 9:44,16.7712793
6/9/2026 9:49,16.81417969
6/9/2026 9:54,16.85708008
6/9/2026 9:59,16.94288086
6/9/2026 10:04,16.98578125
6/9/2026 10:09,17.07158203
6/9/2026 10:14,17.15738281
6/9/2026 10:19,17.2002832
6/9/2026 10:24,17.2002832
6/9/2026 10:29,17.28608398
6/9/2026 10:34,17.41478516
6/9/2026 10:39,17.50058594
6/9/2026 10:44,17.54348633
6/9/2026 10:49,17.62928711
6/9/2026 10:54,17.62928711
6/9/2026 10:59,17.80088867
6/9/2026 11:04,17.84378906
6/9/2026 11:09,17.88668945
6/9/2026 11:14,17.97249023
6/9/2026 11:19,18.01539063
6/9/2026 11:24,18.10119141
6/9/2026 11:29,18.27279297
6/9/2026 11:34,18.31569336
6/9/2026 11:39,18.35859375
6/9/2026 11:44,18.48729492
6/9/2026 11:49,18.5730957
6/9/2026 11:54,18.70179687
6/9/2026 11:59,18.78759766
6/9/2026 12:04,18.83049805
6/9/2026 12:09,18.91629883
6/9/2026 12:14,19.045
6/9/2026 12:19,19.08790039
6/9/2026 12:24,19.17370117
6/9/2026 12:29,19.21660156
6/9/2026 12:34,19.21660156
6/9/2026 12:39,19.34530273
6/9/2026 12:44,19.38820312
6/9/2026 12:49,19.47400391
6/9/2026 12:54,19.55980469
6/9/2026 12:59,19.55980469
6/9/2026 13:04,19.68850586
6/9/2026 13:09,19.73140625
6/9/2026 13:14,19.81720703
6/9/2026 13:19,19.90300781
6/9/2026 13:24,19.98880859
6/9/2026 13:29,20.03170898
6/9/2026 13:34,20.11750977
6/9/2026 13:39,20.20331055
6/9/2026 13:44,20.24621094
6/9/2026 13:49,20.37491211
6/9/2026 13:54,20.4178125
6/9/2026 13:59,20.46071289
6/9/2026 14:04,20.58941406
6/9/2026 14:09,20.54651367
6/9/2026 14:14,20.67521484
6/9/2026 14:19,20.76101562
6/9/2026 14:24,20.8897168
6/9/2026 14:29,20.97551758
6/9/2026 14:34,21.01841797
6/9/2026 14:39,21.06131836
6/9/2026 14:44,21.10421875
6/9/2026 14:49,21.14711914
6/9/2026 14:54,21.19001953
6/9/2026 14:59,21.27582031
6/9/2026 15:04,21.27582031
6/9/2026 15:09,21.27582031
6/9/2026 15:14,21.36162109
6/9/2026 15:19,21.36162109
6/9/2026 15:24,21.3187207
6/9/2026 15:29,21.40452148
6/9/2026 15:34,21.40452148
6/9/2026 15:39,21.44742187
6/9/2026 15:44,21.49032227
6/9/2026 15:49,21.61902344
6/9/2026 15:54,21.66192383
6/9/2026 15:59,21.66192383
6/9/2026 16:04,21.74772461
6/9/2026 16:09,21.74772461
6/9/2026 16:14,21.83352539
6/9/2026 16:19,21.87642578
6/9/2026 16:24,22.00512695
6/9/2026 16:29,22.04802734
6/9/2026 16:34,22.00512695
6/9/2026 16:39,22.00512695
6/9/2026 16:44,22.00512695
6/9/2026 16:49,22.04802734
6/9/2026 16:54,22.04802734
6/9/2026 16:59,22.09092773
6/9/2026 17:04,22.2625293
6/9/2026 17:09,22.17672852
6/9/2026 17:14,22.21962891
6/9/2026 17:19,22.17672852
6/9/2026 17:24,22.13382813
6/9/2026 17:29,22.09092773
6/9/2026 17:34,22.04802734
6/9/2026 17:39,22.09092773
6/9/2026 17:44,22.00512695
6/9/2026 17:49,21.96222656
6/9/2026 17:54,21.96222656
6/9/2026 17:59,21.91932617
6/9/2026 18:04,21.87642578
6/9/2026 18:09,21.83352539
6/9/2026 18:14,21.87642578
6/9/2026 18:19,21.87642578
6/9/2026 18:24,21.91932617
6/9/2026 18:29,21.83352539
6/9/2026 18:34,21.83352539
6/9/2026 18:39,21.74772461
6/9/2026 18:44,21.66192383
6/9/2026 18:49,21.57612305
6/9/2026 18:54,21.44742187
6/9/2026 18:59,21.44742187
6/9/2026 19:04,21.36162109
6/9/2026 19:09,21.27582031
6/9/2026 19:14,21.23291992
6/9/2026 19:19,21.19001953
6/9/2026 19:24,21.10421875
6/9/2026 19:29,21.01841797
6/9/2026 19:34,20.97551758
6/9/2026 19:39,20.8897168
6/9/2026 19:44,20.84681641
6/9/2026 19:49,20.76101562
6/9/2026 19:54,20.76101562
6/9/2026 19:59,20.71811523
6/9/2026 20:04,20.63231445
6/9/2026 20:09,20.63231445
6/9/2026 20:14,20.54651367
6/9/2026 20:19,20.54651367
6/9/2026 20:24,20.46071289
6/9/2026 20:29,20.37491211
6/9/2026 20:34,20.37491211
6/9/2026 20:39,20.24621094
6/9/2026 20:44,20.20331055
6/9/2026 20:49,20.20331055
6/9/2026 20:54,20.16041016
6/9/2026 20:59,20.11750977
6/9/2026 21:04,20.07460938
6/9/2026 21:09,19.98880859
6/9/2026 21:14,19.9459082
6/9/2026 21:19,19.9459082
6/9/2026 21:24,19.86010742
6/9/2026 21:29,19.77430664
6/9/2026 21:34,19.77430664
6/9/2026 21:39,19.77430664
6/9/2026 21:44,19.68850586
6/9/2026 21:49,19.68850586
6/9/2026 21:54,19.64560547
6/9/2026 21:59,19.60270508
6/9/2026 22:04,19.5169043
6/9/2026 22:09,19.55980469
6/9/2026 22:14,19.5169043
6/9/2026 22:19,19.47400391
6/9/2026 22:24,19.43110352
6/9/2026 22:29,19.38820312
6/9/2026 22:34,19.38820312
6/9/2026 22:39,19.34530273
6/9/2026 22:44,19.34530273
6/9/2026 22:49,19.25950195
6/9/2026 22:54,19.30240234
6/9/2026 22:59,19.25950195
6/9/2026 23:04,19.21660156
6/9/2026 23:09,19.17370117
6/9/2026 23:14,19.13080078
6/9/2026 23:19,19.13080078
6/9/2026 23:24,19.08790039
6/9/2026 23:29,19.08790039
6/9/2026 23:34,19.00209961
6/9/2026 23:39,18.95919922
6/9/2026 23:44,18.95919922
6/9/2026 23:49,18.87339844
6/9/2026 23:54,18.87339844
6/9/2026 23:59,18.87339844
6/10/2026 0:04,18.87339844
6/10/2026 0:09,18.83049805
6/10/2026 0:14,18.83049805
6/10/2026 0:19,18.74469727
6/10/2026 0:24,18.78759766
6/10/2026 0:29,18.74469727
6/10/2026 0:34,18.70179687
6/10/2026 0:39,18.65889648
6/10/2026 0:44,18.65889648
6/10/2026 0:49,18.70179687
6/10/2026 0:54,18.61599609
6/10/2026 0:59,18.61599609
6/10/2026 1:04,18.5730957
6/10/2026 1:09,18.61599609
6/10/2026 1:14,18.61599609
6/10/2026 1:19,18.5730957
6/10/2026 1:24,18.5730957
6/10/2026 1:29,18.48729492
6/10/2026 1:34,18.53019531
6/10/2026 1:39,18.48729492
6/10/2026 1:44,18.44439453
6/10/2026 1:49,18.44439453
6/10/2026 1:54,18.44439453
6/10/2026 1:59,18.40149414
6/10/2026 2:04,18.40149414
6/10/2026 2:09,18.35859375
6/10/2026 2:14,18.31569336
6/10/2026 2:19,18.31569336
6/10/2026 2:24,18.31569336
6/10/2026 2:29,18.31569336
6/10/2026 2:34,18.35859375
6/10/2026 2:39,18.31569336
6/10/2026 2:44,18.27279297
6/10/2026 2:49,18.31569336
6/10/2026 2:54,18.31569336
6/10/2026 2:59,18.27279297
6/10/2026 3:04,18.31569336
6/10/2026 3:09,18.27279297
6/10/2026 3:14,18.27279297
6/10/2026 3:19,18.22989258
6/10/2026 3:24,18.18699219
6/10/2026 3:29,18.1440918
6/10/2026 3:34,18.10119141
6/10/2026 3:39,18.10119141
6/10/2026 3:44,18.05829102
6/10/2026 3:49,18.01539063
6/10/2026 3:54,18.01539063
6/10/2026 3:59,17.97249023
6/10/2026 4:04,17.92958984
6/10/2026 4:09,17.92958984
6/10/2026 4:14,17.92958984
6/10/2026 4:19,17.84378906
6/10/2026 4:24,17.84378906
6/10/2026 4:29,17.80088867
6/10/2026 4:34,17.80088867
6/10/2026 4:39,17.75798828
6/10/2026 4:44,17.71508789
6/10/2026 4:49,17.71508789
6/10/2026 4:54,17.6721875
6/10/2026 4:59,17.62928711
6/10/2026 5:04,17.58638672
6/10/2026 5:09,17.6721875
6/10/2026 5:14,17.62928711
6/10/2026 5:19,17.62928711
6/10/2026 5:24,17.58638672
6/10/2026 5:29,17.58638672
6/10/2026 5:34,17.58638672
6/10/2026 5:39,17.71508789
6/10/2026 5:44,17.6721875
6/10/2026 5:49,17.71508789
6/10/2026 5:54,17.62928711
6/10/2026 5:59,17.62928711
6/10/2026 6:04,17.62928711
6/10/2026 6:09,17.62928711
6/10/2026 6:14,17.58638672
6/10/2026 6:19,17.58638672
6/10/2026 6:24,17.54348633
6/10/2026 6:29,17.41478516
6/10/2026 6:34,17.54348633
6/10/2026 6:39,17.50058594
6/10/2026 6:44,17.58638672
6/10/2026 6:49,17.71508789
6/10/2026 6:54,18.01539063
6/10/2026 6:59,18.35859375
6/10/2026 7:04,18.65889648
6/10/2026 7:09,18.95919922
6/10/2026 7:14,19.21660156
6/10/2026 7:19,19.38820312
6/10/2026 7:24,19.55980469
6/10/2026 7:29,19.77430664
6/10/2026 7:34,19.9459082
6/10/2026 7:39,20.03170898
6/10/2026 7:44,20.20331055
6/10/2026 7:49,20.28911133
6/10/2026 7:54,20.33201172
6/10/2026 7:59,20.37491211
6/10/2026 8:04,20.46071289
6/10/2026 8:09,20.46071289
6/10/2026 8:14,20.54651367
6/10/2026 8:19,20.54651367
6/10/2026 8:24,20.50361328
6/10/2026 8:29,20.50361328
6/10/2026 8:34,20.54651367
6/10/2026 8:39,20.50361328
6/10/2026 8:44,20.46071289
6/10/2026 8:49,20.50361328
6/10/2026 8:54,20.50361328
6/10/2026 8:59,20.46071289
6/10/2026 9:04,20.50361328
6/10/2026 9:09,20.46071289
6/10/2026 9:14,20.54651367
6/10/2026 9:19,20.58941406
6/10/2026 9:24,20.63231445
6/10/2026 9:29,20.63231445
6/10/2026 9:34,20.67521484
6/10/2026 9:39,20.63231445
6/10/2026 9:44,20.67521484
6/10/2026 9:49,20.67521484
6/10/2026 9:54,20.63231445
6/10/2026 9:59,20.63231445
6/10/2026 10:04,20.63231445
6/10/2026 10:09,20.58941406
6/10/2026 10:14,20.58941406
6/10/2026 10:19,20.58941406
6/10/2026 10:24,20.58941406
6/10/2026 10:29,20.54651367
6/10/2026 10:34,20.54651367
6/10/2026 10:39,20.58941406
6/10/2026 10:44,20.63231445
6/10/2026 10:49,20.58941406
6/10/2026 10:54,20.67521484
6/10/2026 10:59,20.71811523
6/10/2026 11:04,20.76101562
6/10/2026 11:09,20.71811523
6/10/2026 11:14,20.76101562
6/10/2026 11:19,20.76101562
6/10/2026 11:24,20.76101562
6/10/2026 11:29,20.71811523
6/10/2026 11:34,20.67521484
6/10/2026 11:39,20.71811523
6/10/2026 11:44,20.76101562
6/10/2026 11:49,20.80391602
6/10/2026 11:54,20.80391602
6/10/2026 11:59,20.84681641
6/10/2026 12:04,20.8897168
6/10/2026 12:09,20.93261719
6/10/2026 12:14,21.01841797
6/10/2026 12:19,21.06131836
6/10/2026 12:24,21.14711914
6/10/2026 12:29,21.10421875
6/10/2026 12:34,21.10421875
6/10/2026 12:39,21.10421875
6/10/2026 12:44,21.10421875
6/10/2026 12:49,21.19001953
6/10/2026 12:54,21.23291992
6/10/2026 12:59,21.19001953
6/10/2026 13:04,21.23291992
6/10/2026 13:09,21.27582031
6/10/2026 13:14,21.3187207
6/10/2026 13:19,21.36162109
6/10/2026 13:24,21.44742187
6/10/2026 13:29,21.49032227
6/10/2026 13:34,21.57612305
6/10/2026 13:39,21.53322266
6/10/2026 13:44,21.61902344
6/10/2026 13:49,21.61902344
6/10/2026 13:54,21.70482422
6/10/2026 13:59,21.70482422
6/10/2026 14:04,21.74772461
6/10/2026 14:09,21.87642578
6/10/2026 14:14,21.83352539
6/10/2026 14:19,21.83352539
6/10/2026 14:24,21.91932617
6/10/2026 14:29,21.87642578
6/10/2026 14:34,21.87642578
6/10/2026 14:39,21.83352539
6/10/2026 14:44,21.74772461
6/10/2026 14:49,21.87642578
6/10/2026 14:54,21.96222656
6/10/2026 14:59,22.00512695
6/10/2026 15:04,21.96222656
6/10/2026 15:09,22.00512695
6/10/2026 15:14,21.96222656
6/10/2026 15:19,22.00512695
6/10/2026 15:24,22.04802734
6/10/2026 15:29,22.04802734
6/10/2026 15:34,22.04802734
6/10/2026 15:39,22.00512695
6/10/2026 15:44,21.96222656
6/10/2026 15:49,21.96222656
6/10/2026 15:54,21.91932617
6/10/2026 15:59,21.87642578
6/10/2026 16:04,21.96222656
6/10/2026 16:09,22.04802734
6/10/2026 16:14,22.00512695
6/10/2026 16:19,22.21962891
6/10/2026 16:24,22.34833008
6/10/2026 16:29,22.39123047
6/10/2026 16:34,22.39123047
6/10/2026 16:39,22.47703125
6/10/2026 16:44,22.47703125
6/10/2026 16:49,22.51993164
6/10/2026 16:54,22.47703125
6/10/2026 16:59,22.64863281
6/10/2026 17:04,22.56283203
6/10/2026 17:09,22.73443359
6/10/2026 17:14,22.73443359
6/10/2026 17:19,22.60573242
6/10/2026 17:24,22.47703125
6/10/2026 17:29,22.60573242
6/10/2026 17:34,22.64863281
6/10/2026 17:39,22.60573242
6/10/2026 17:44,22.6915332
6/10/2026 17:49,22.56283203
6/10/2026 17:54,22.43413086
6/10/2026 17:59,22.39123047
6/10/2026 18:04,22.2625293
6/10/2026 18:09,22.30542969
6/10/2026 18:14,22.34833008
6/10/2026 18:19,22.30542969
6/10/2026 18:24,22.2625293
6/10/2026 18:29,22.17672852
6/10/2026 18:34,21.91932617
6/10/2026 18:39,21.87642578
6/10/2026 18:44,21.66192383
6/10/2026 18:49,21.61902344
6/10/2026 18:54,21.49032227
6/10/2026 18:59,21.44742187
6/10/2026 19:04,21.36162109
6/10/2026 19:09,21.23291992
6/10/2026 19:14,21.23291992
6/10/2026 19:19,21.23291992
6/10/2026 19:24,21.10421875
6/10/2026 19:29,21.01841797
6/10/2026 19:34,21.01841797
6/10/2026 19:39,20.97551758
6/10/2026 19:44,20.8897168
6/10/2026 19:49,20.84681641
6/10/2026 19:54,20.80391602
6/10/2026 19:59,20.76101562
6/10/2026 20:04,20.71811523
6/10/2026 20:09,20.63231445
6/10/2026 20:14,20.63231445
6/10/2026 20:19,20.63231445
6/10/2026 20:24,20.58941406
6/10/2026 20:29,20.54651367
6/10/2026 20:34,20.46071289
6/10/2026 20:39,20.4178125
6/10/2026 20:44,20.4178125
6/10/2026 20:49,20.37491211
6/10/2026 20:54,20.33201172
6/10/2026 20:59,20.28911133
6/10/2026 21:04,20.20331055
6/10/2026 21:09,20.20331055
6/10/2026 21:14,20.16041016
6/10/2026 21:19,20.11750977
6/10/2026 21:24,20.07460938
6/10/2026 21:29,20.07460938
6/10/2026 21:34,20.03170898
6/10/2026 21:39,20.03170898
6/10/2026 21:44,19.98880859
6/10/2026 21:49,19.9459082
6/10/2026 21:54,19.86010742
6/10/2026 21:59,19.90300781
6/10/2026 22:04,19.81720703
6/10/2026 22:09,19.77430664
6/10/2026 22:14,19.73140625
6/10/2026 22:19,19.68850586
6/10/2026 22:24,19.73140625
6/10/2026 22:29,19.68850586
6/10/2026 22:34,19.64560547
6/10/2026 22:39,19.55980469
6/10/2026 22:44,19.5169043
6/10/2026 22:49,19.5169043
6/10/2026 22:54,19.47400391
6/10/2026 22:59,19.43110352
6/10/2026 23:04,19.38820312
6/10/2026 23:09,19.34530273
6/10/2026 23:14,19.34530273
6/10/2026 23:19,19.25950195
6/10/2026 23:24,19.17370117
6/10/2026 23:29,19.13080078
6/10/2026 23:34,19.17370117
6/10/2026 23:39,19.045
6/10/2026 23:44,18.95919922
6/10/2026 23:49,18.91629883
6/10/2026 23:54,18.91629883
6/10/2026 23:59,18.87339844
6/11/2026 0:04,18.78759766
6/11/2026 0:09,18.74469727
6/11/2026 0:14,18.74469727
6/11/2026 0:19,18.65889648
6/11/2026 0:24,18.65889648
6/11/2026 0:29,18.5730957
6/11/2026 0:34,18.53019531
6/11/2026 0:39,18.48729492
6/11/2026 0:44,18.48729492
6/11/2026 0:49,18.40149414
6/11/2026 0:54,18.40149414
6/11/2026 0:59,18.35859375
6/11/2026 1:04,18.27279297
6/11/2026 1:09,18.22989258
6/11/2026 1:14,18.1440918
6/11/2026 1:19,18.10119141
6/11/2026 1:24,18.05829102
6/11/2026 1:29,18.05829102
6/11/2026 1:34,18.01539063
6/11/2026 1:39,18.01539063
6/11/2026 1:44,17.92958984
6/11/2026 1:49,17.88668945
6/11/2026 1:54,17.92958984
6/11/2026 1:59,17.80088867
6/11/2026 2:04,17.80088867
6/11/2026 2:09,17.75798828
6/11/2026 2:14,17.71508789
6/11/2026 2:19,17.6721875
6/11/2026 2:24,17.62928711
6/11/2026 2:29,17.54348633
6/11/2026 2:34,17.62928711
6/11/2026 2:39,17.54348633
6/11/2026 2:44,17.54348633
6/11/2026 2:49,17.45768555
6/11/2026 2:54,17.45768555
6/11/2026 2:59,17.37188477
6/11/2026 3:04,17.37188477
6/11/2026 3:09,17.32898437
6/11/2026 3:14,17.28608398
6/11/2026 3:19,17.24318359
6/11/2026 3:24,17.2002832
6/11/2026 3:29,17.2002832
6/11/2026 3:34,17.15738281
6/11/2026 3:39,17.11448242
6/11/2026 3:44,17.11448242
6/11/2026 3:49,17.02868164
6/11/2026 3:54,17.02868164
6/11/2026 3:59,16.98578125
6/11/2026 4:04,16.94288086
6/11/2026 4:09,16.89998047
6/11/2026 4:14,16.85708008
6/11/2026 4:19,16.81417969
6/11/2026 4:24,16.7712793
6/11/2026 4:29,16.81417969
6/11/2026 4:34,16.72837891
6/11/2026 4:39,16.72837891
6/11/2026 4:44,16.68547852
6/11/2026 4:49,16.68547852
6/11/2026 4:54,16.64257813
6/11/2026 4:59,16.64257813
6/11/2026 5:04,16.59967773
6/11/2026 5:09,16.55677734
6/11/2026 5:14,16.59967773
6/11/2026 5:19,16.55677734
6/11/2026 5:24,16.55677734
6/11/2026 5:29,16.51387695
6/11/2026 5:34,16.51387695
6/11/2026 5:39,16.47097656
6/11/2026 5:44,16.47097656
6/11/2026 5:49,16.47097656
6/11/2026 5:54,16.42807617
6/11/2026 5:59,16.42807617
6/11/2026 6:04,16.38517578
6/11/2026 6:09,16.38517578
6/11/2026 6:14,16.42807617
6/11/2026 6:19,16.34227539
6/11/2026 6:24,16.34227539
6/11/2026 6:29,16.299375
6/11/2026 6:34,16.25647461
6/11/2026 6:39,16.299375
6/11/2026 6:44,16.25647461
6/11/2026 6:49,16.25647461
6/11/2026 6:54,16.21357422
6/11/2026 6:59,16.21357422
6/11/2026 7:04,16.21357422
6/11/2026 7:09,16.21357422
6/11/2026 7:14,16.21357422
6/11/2026 7:19,16.21357422
6/11/2026 7:24,16.17067383
6/11/2026 7:29,16.17067383
6/11/2026 7:34,16.12777344
6/11/2026 7:39,16.08487305
6/11/2026 7:44,16.08487305
6/11/2026 7:49,16.08487305
6/11/2026 7:54,16.04197266
6/11/2026 7:59,16.04197266
6/11/2026 8:04,15.99907227
6/11/2026 8:09,16.04197266
6/11/2026 8:14,15.95617187
6/11/2026 8:19,15.99907227
6/11/2026 8:24,15.99907227
6/11/2026 8:29,15.95617187
6/11/2026 8:34,15.91327148
6/11/2026 8:39,15.95617187
6/11/2026 8:44,15.87037109
6/11/2026 8:49,15.87037109
6/11/2026 8:54,15.87037109
6/11/2026 8:59,15.8274707
6/11/2026 9:04,15.87037109
6/11/2026 9:09,15.8274707
6/11/2026 9:14,15.8274707
6/11/2026 9:19,15.78457031
6/11/2026 9:24,15.8274707
6/11/2026 9:29,15.8274707
6/11/2026 9:34,15.78457031
6/11/2026 9:39,15.8274707
6/11/2026 9:44,15.8274707
6/11/2026 9:49,15.8274707
6/11/2026 9:54,15.8274707
6/11/2026 9:59,15.87037109
6/11/2026 10:04,15.8274707
6/11/2026 10:09,15.78457031
6/11/2026 10:14,15.78457031
6/11/2026 10:19,15.78457031
6/11/2026 10:24,15.74166992
6/11/2026 10:29,15.74166992
6/11/2026 10:34,15.74166992
6/11/2026 10:39,15.78457031
6/11/2026 10:44,15.69876953
6/11/2026 10:49,15.78457031
6/11/2026 10:54,15.78457031
6/11/2026 10:59,15.74166992
6/11/2026 11:04,15.69876953
6/11/2026 11:09,15.69876953
6/11/2026 11:14,15.69876953
6/11/2026 11:19,15.69876953
6/11/2026 11:24,15.69876953
6/11/2026 11:29,15.65586914
6/11/2026 11:34,15.65586914
6/11/2026 11:39,15.69876953
6/11/2026 11:44,15.65586914
6/11/2026 11:49,15.61296875
6/11/2026 11:54,15.69876953
6/11/2026 11:59,15.61296875
6/11/2026 12:04,15.61296875
6/11/2026 12:09,15.69876953
6/11/2026 12:14,15.69876953
6/11/2026 12:19,15.65586914
6/11/2026 12:24,15.69876953
6/11/2026 12:29,15.69876953
6/11/2026 12:34,15.65586914
6/11/2026 12:39,15.69876953
6/11/2026 12:44,15.69876953
6/11/2026 12:49,15.69876953
6/11/2026 12:54,15.65586914
6/11/2026 12:59,15.65586914
6/11/2026 13:04,15.65586914
6/11/2026 13:09,15.65586914
6/11/2026 13:14,15.65586914
6/11/2026 13:19,15.69876953
6/11/2026 13:24,15.69876953
6/11/2026 13:29,15.74166992
6/11/2026 13:34,15.78457031
6/11/2026 13:39,15.78457031
6/11/2026 13:44,15.78457031
6/11/2026 13:49,15.8274707
6/11/2026 13:54,15.78457031
6/11/2026 13:59,15.87037109
6/11/2026 14:04,15.87037109
6/11/2026 14:09,15.87037109
6/11/2026 14:14,15.91327148
6/11/2026 14:19,15.91327148
6/11/2026 14:24,15.95617187
6/11/2026 14:29,15.99907227
6/11/2026 14:34,16.04197266
6/11/2026 14:39,16.12777344
6/11/2026 14:44,16.17067383
6/11/2026 14:49,16.17067383
6/11/2026 14:54,16.21357422
6/11/2026 14:59,16.21357422
6/11/2026 15:04,16.21357422
6/11/2026 15:09,16.21357422
6/11/2026 15:14,16.21357422
6/11/2026 15:19,16.25647461
6/11/2026 15:24,16.299375
6/11/2026 15:29,16.25647461
6/11/2026 15:34,16.34227539
6/11/2026 15:39,16.42807617
6/11/2026 15:44,16.51387695
6/11/2026 15:49,16.59967773
6/11/2026 15:54,16.72837891
6/11/2026 15:59,16.64257813
6/11/2026 16:04,16.64257813
6/11/2026 16:09,16.68547852
6/11/2026 16:14,16.72837891
6/11/2026 16:19,16.68547852
6/11/2026 16:24,16.68547852
6/11/2026 16:29,16.7712793
6/11/2026 16:34,16.89998047
6/11/2026 16:39,16.7712793
6/11/2026 16:44,16.72837891
6/11/2026 16:49,16.68547852
6/11/2026 16:54,16.72837891
6/11/2026 16:59,16.72837891
6/11/2026 17:04,16.72837891
6/11/2026 17:09,16.72837891
6/11/2026 17:14,16.72837891
6/11/2026 17:19,16.68547852
6/11/2026 17:24,16.59967773
6/11/2026 17:29,16.68547852
6/11/2026 17:34,16.89998047
6/11/2026 17:39,16.89998047
6/11/2026 17:44,17.07158203
6/11/2026 17:49,17.11448242
6/11/2026 17:54,16.98578125
6/11/2026 17:59,16.98578125
6/11/2026 18:04,17.11448242
6/11/2026 18:09,17.28608398
6/11/2026 18:14,17.37188477
6/11/2026 18:19,17.37188477
6/11/2026 18:24,17.32898437
6/11/2026 18:29,17.28608398
6/11/2026 18:34,17.11448242
6/11/2026 18:39,16.94288086
6/11/2026 18:44,16.85708008
6/11/2026 18:49,16.7712793
6/11/2026 18:54,16.72837891
6/11/2026 18:59,16.59967773
6/11/2026 19:04,16.59967773
6/11/2026 19:09,16.51387695
6/11/2026 19:14,16.51387695
6/11/2026 19:19,16.42807617
6/11/2026 19:24,16.42807617
6/11/2026 19:29,16.34227539
6/11/2026 19:34,16.299375
6/11/2026 19:39,16.299375
6/11/2026 19:44,16.25647461
6/11/2026 19:49,16.21357422
6/11/2026 19:54,16.21357422
6/11/2026 19:59,16.17067383
6/11/2026 20:04,16.12777344
6/11/2026 20:09,16.12777344
6/11/2026 20:14,16.12777344
6/11/2026 20:19,16.12777344
6/11/2026 20:24,16.08487305
6/11/2026 20:29,16.04197266
6/11/2026 20:34,16.04197266
6/11/2026 20:39,16.04197266
6/11/2026 20:44,15.99907227
6/11/2026 20:49,15.95617187
6/11/2026 20:54,15.99907227
6/11/2026 20:59,15.91327148
6/11/2026 21:04,15.95617187
6/11/2026 21:09,15.99907227
6/11/2026 21:14,15.91327148
6/11/2026 21:19,15.91327148
6/11/2026 21:24,15.91327148
6/11/2026 21:29,15.91327148
6/11/2026 21:34,15.87037109
6/11/2026 21:39,15.87037109
6/11/2026 21:44,15.91327148
6/11/2026 21:49,15.87037109
6/11/2026 21:54,15.87037109
6/11/2026 21:59,15.8274707
6/11/2026 22:04,15.8274707
6/11/2026 22:09,15.78457031
6/11/2026 22:14,15.8274707
6/11/2026 22:19,15.74166992
6/11/2026 22:24,15.74166992
6/11/2026 22:29,15.74166992
6/11/2026 22:34,15.78457031
6/11/2026 22:39,15.74166992
6/11/2026 22:44,15.69876953
6/11/2026 22:49,15.69876953
6/11/2026 22:54,15.69876953
6/11/2026 22:59,15.69876953
6/11/2026 23:04,15.65586914
6/11/2026 23:09,15.65586914
6/11/2026 23:14,15.61296875
6/11/2026 23:19,15.61296875
6/11/2026 23:24,15.61296875
6/11/2026 23:29,15.57006836
6/11/2026 23:34,15.57006836
6/11/2026 23:39,15.52716797
6/11/2026 23:44,15.57006836
6/11/2026 23:49,15.52716797
6/11/2026 23:54,15.52716797
6/11/2026 23:59,15.52716797
6/12/2026 0:04,15.48426758
6/12/2026 0:09,15.48426758
6/12/2026 0:14,15.44136719
6/12/2026 0:19,15.44136719
6/12/2026 0:24,15.3984668
6/12/2026 0:29,15.44136719
6/12/2026 0:34,15.3984668
6/12/2026 0:39,15.3984668
6/12/2026 0:44,15.3984668
6/12/2026 0:49,15.35556641
6/12/2026 0:54,15.35556641
6/12/2026 0:59,15.31266602
6/12/2026 1:04,15.31266602
6/12/2026 1:09,15.31266602
6/12/2026 1:14,15.31266602
6/12/2026 1:19,15.26976562
6/12/2026 1:24,15.22686523
6/12/2026 1:29,15.22686523
6/12/2026 1:34,15.22686523
6/12/2026 1:39,15.18396484
6/12/2026 1:44,15.14106445
6/12/2026 1:49,15.18396484
6/12/2026 1:54,15.14106445
6/12/2026 1:59,15.18396484
6/12/2026 2:04,15.09816406
6/12/2026 2:09,15.09816406
6/12/2026 2:14,15.09816406
6/12/2026 2:19,15.09816406
6/12/2026 2:24,15.01236328
6/12/2026 2:29,15.05526367
6/12/2026 2:34,15.05526367
6/12/2026 2:39,15.05526367
6/12/2026 2:44,15.01236328
6/12/2026 2:49,14.96946289
6/12/2026 2:54,14.96946289
6/12/2026 2:59,14.9265625
6/12/2026 3:04,14.96946289
6/12/2026 3:09,14.9265625
6/12/2026 3:14,14.9265625
6/12/2026 3:19,14.88366211
6/12/2026 3:24,14.88366211
6/12/2026 3:29,14.88366211
6/12/2026 3:34,14.88366211
6/12/2026 3:39,14.84076172
6/12/2026 3:44,14.84076172
6/12/2026 3:49,14.84076172
6/12/2026 3:54,14.79786133
6/12/2026 3:59,14.84076172
6/12/2026 4:04,14.75496094
6/12/2026 4:09,14.79786133
6/12/2026 4:14,14.79786133
6/12/2026 4:19,14.71206055
6/12/2026 4:24,14.75496094
6/12/2026 4:29,14.71206055
6/12/2026 4:34,14.66916016
6/12/2026 4:39,14.71206055
6/12/2026 4:44,14.66916016
6/12/2026 4:49,14.66916016
6/12/2026 4:54,14.62625977
6/12/2026 4:59,14.62625977
6/12/2026 5:04,14.66916016
6/12/2026 5:09,14.58335938
6/12/2026 5:14,14.58335938
6/12/2026 5:19,14.62625977
6/12/2026 5:24,14.58335938
6/12/2026 5:29,14.54045898
6/12/2026 5:34,14.49755859
6/12/2026 5:39,14.49755859
6/12/2026 5:44,14.49755859
6/12/2026 5:49,14.41175781
6/12/2026 5:54,14.4546582
6/12/2026 5:59,14.36885742
6/12/2026 6:04,14.41175781
6/12/2026 6:09,14.36885742
6/12/2026 6:14,14.41175781
6/12/2026 6:19,14.36885742
6/12/2026 6:24,14.32595703
6/12/2026 6:29,14.32595703
6/12/2026 6:34,14.32595703
6/12/2026 6:39,14.32595703
6/12/2026 6:44,14.32595703
6/12/2026 6:49,14.32595703
6/12/2026 6:54,14.36885742
6/12/2026 6:59,14.32595703
6/12/2026 7:04,14.28305664
6/12/2026 7:09,14.32595703
6/12/2026 7:14,14.24015625
6/12/2026 7:19,14.28305664
6/12/2026 7:24,14.32595703
6/12/2026 7:29,14.28305664
6/12/2026 7:34,14.28305664
6/12/2026 7:39,14.32595703
6/12/2026 7:44,14.32595703
6/12/2026 7:49,14.32595703
6/12/2026 7:54,14.36885742
6/12/2026 7:59,14.36885742
6/12/2026 8:04,14.36885742
6/12/2026 8:09,14.32595703
6/12/2026 8:14,14.36885742
6/12/2026 8:19,14.32595703
6/12/2026 8:24,14.41175781
6/12/2026 8:29,14.36885742
6/12/2026 8:34,14.41175781
6/12/2026 8:39,14.41175781
6/12/2026 8:44,14.4546582
6/12/2026 8:49,14.4546582
6/12/2026 8:54,14.4546582
6/12/2026 8:59,14.49755859
6/12/2026 9:04,14.58335938
6/12/2026 9:09,14.58335938
6/12/2026 9:14,14.62625977
6/12/2026 9:19,14.66916016
6/12/2026 9:24,14.79786133
6/12/2026 9:29,14.79786133
6/12/2026 9:34,14.9265625
6/12/2026 9:39,15.01236328
6/12/2026 9:44,15.05526367
6/12/2026 9:49,15.14106445
6/12/2026 9:54,15.18396484
6/12/2026 9:59,15.22686523
6/12/2026 10:04,15.26976562
6/12/2026 10:09,15.35556641
6/12/2026 10:14,15.44136719
6/12/2026 10:19,15.52716797
6/12/2026 10:24,15.57006836
6/12/2026 10:29,15.65586914
6/12/2026 10:34,15.65586914
6/12/2026 10:39,15.65586914
6/12/2026 10:44,15.74166992
6/12/2026 10:49,15.8274707
6/12/2026 10:54,15.91327148
6/12/2026 10:59,16.08487305
6/12/2026 11:04,16.17067383
6/12/2026 11:09,16.21357422
6/12/2026 11:14,16.299375
6/12/2026 11:19,16.42807617
6/12/2026 11:24,16.47097656
6/12/2026 11:29,16.51387695
6/12/2026 11:34,16.64257813
6/12/2026 11:39,16.64257813
6/12/2026 11:44,16.72837891
6/12/2026 11:49,16.81417969
6/12/2026 11:54,16.89998047
6/12/2026 11:59,16.98578125
6/12/2026 12:04,16.98578125
6/12/2026 12:09,17.02868164
6/12/2026 12:14,17.11448242
6/12/2026 12:19,17.2002832
6/12/2026 12:24,17.28608398
6/12/2026 12:29,17.32898437
6/12/2026 12:34,17.45768555
6/12/2026 12:39,17.45768555
6/12/2026 12:44,17.62928711
6/12/2026 12:49,17.62928711
6/12/2026 12:54,17.75798828
6/12/2026 12:59,17.71508789
6/12/2026 13:04,17.80088867
6/12/2026 13:09,17.88668945
6/12/2026 13:14,17.88668945
6/12/2026 13:19,17.92958984
6/12/2026 13:24,18.01539063
6/12/2026 13:29,18.05829102
6/12/2026 13:34,18.1440918
6/12/2026 13:39,18.22989258
6/12/2026 13:44,18.27279297
6/12/2026 13:49,18.35859375
6/12/2026 13:54,18.31569336
6/12/2026 13:59,18.44439453
6/12/2026 14:04,18.48729492
6/12/2026 14:09,18.5730957
6/12/2026 14:14,18.70179687
6/12/2026 14:19,18.74469727
6/12/2026 14:24,18.74469727
6/12/2026 14:29,18.83049805
6/12/2026 14:34,19.00209961
6/12/2026 14:39,18.91629883
6/12/2026 14:44,18.95919922
6/12/2026 14:49,19.00209961
6/12/2026 14:54,19.08790039
6/12/2026 14:59,19.045
6/12/2026 15:04,19.045
6/12/2026 15:09,19.045
6/12/2026 15:14,19.13080078
6/12/2026 15:19,19.21660156
6/12/2026 15:24,19.25950195
6/12/2026 15:29,19.25950195
6/12/2026 15:34,19.30240234
6/12/2026 15:39,19.38820312
6/12/2026 15:44,19.47400391
6/12/2026 15:49,19.55980469
6/12/2026 15:54,19.60270508
6/12/2026 15:59,19.47400391
6/12/2026 16:04,19.5169043
6/12/2026 16:09,19.64560547
6/12/2026 16:14,19.68850586
6/12/2026 16:19,19.68850586
6/12/2026 16:24,19.68850586
6/12/2026 16:29,19.81720703
6/12/2026 16:34,19.68850586
6/12/2026 16:39,19.68850586
6/12/2026 16:44,19.73140625
6/12/2026 16:49,19.81720703
6/12/2026 16:54,19.90300781
6/12/2026 16:59,19.9459082
6/12/2026 17:04,19.98880859
6/12/2026 17:09,20.07460938
6/12/2026 17:14,20.07460938
6/12/2026 17:19,20.07460938
6/12/2026 17:24,20.07460938
6/12/2026 17:29,20.20331055
6/12/2026 17:34,20.33201172
6/12/2026 17:39,20.24621094
6/12/2026 17:44,20.28911133
6/12/2026 17:49,20.33201172
6/12/2026 17:54,20.11750977
6/12/2026 17:59,20.07460938
6/12/2026 18:04,19.98880859
6/12/2026 18:09,20.16041016
6/12/2026 18:14,20.11750977
6/12/2026 18:19,20.11750977
6/12/2026 18:24,20.07460938
6/12/2026 18:29,20.03170898
6/12/2026 18:34,19.81720703
6/12/2026 18:39,19.73140625
6/12/2026 18:44,19.5169043
6/12/2026 18:49,19.34530273
6/12/2026 18:54,19.25950195
6/12/2026 18:59,19.17370117
6/12/2026 19:04,19.13080078
6/12/2026 19:09,19.00209961
6/12/2026 19:14,18.95919922
6/12/2026 19:19,18.87339844
6/12/2026 19:24,18.78759766
6/12/2026 19:29,18.70179687
6/12/2026 19:34,18.61599609
6/12/2026 19:39,18.5730957
6/12/2026 19:44,18.53019531
6/12/2026 19:49,18.48729492
6/12/2026 19:54,18.40149414
6/12/2026 19:59,18.35859375
6/12/2026 20:04,18.31569336
6/12/2026 20:09,18.22989258
6/12/2026 20:14,18.18699219
6/12/2026 20:19,18.10119141
6/12/2026 20:24,18.1440918
6/12/2026 20:29,18.05829102
6/12/2026 20:34,18.05829102
6/12/2026 20:39,18.01539063
6/12/2026 20:44,17.97249023
6/12/2026 20:49,17.92958984
6/12/2026 20:54,17.84378906
6/12/2026 20:59,17.84378906
6/12/2026 21:04,17.80088867
6/12/2026 21:09,17.71508789
6/12/2026 21:14,17.62928711
6/12/2026 21:19,17.6721875
6/12/2026 21:24,17.58638672
6/12/2026 21:29,17.58638672
6/12/2026 21:34,17.50058594
6/12/2026 21:39,17.50058594
6/12/2026 21:44,17.45768555
6/12/2026 21:49,17.41478516
6/12/2026 21:54,17.37188477
6/12/2026 21:59,17.37188477
6/12/2026 22:04,17.32898437
6/12/2026 22:09,17.32898437
6/12/2026 22:14,17.28608398
6/12/2026 22:19,17.24318359
6/12/2026 22:24,17.2002832
6/12/2026 22:29,17.2002832
6/12/2026 22:34,17.15738281
6/12/2026 22:39,17.11448242
6/12/2026 22:44,17.02868164
6/12/2026 22:49,17.02868164
6/12/2026 22:54,17.02868164
6/12/2026 22:59,16.98578125
6/12/2026 23:04,16.89998047
6/12/2026 23:09,16.85708008
6/12/2026 23:14,16.89998047
6/12/2026 23:19,16.81417969
6/12/2026 23:24,16.81417969
6/12/2026 23:29,16.81417969
6/12/2026 23:34,16.7712793
6/12/2026 23:39,16.7712793
6/12/2026 23:44,16.72837891
6/12/2026 23:49,16.68547852
6/12/2026 23:54,16.64257813
6/12/2026 23:59,16.59967773
6/13/2026 0:04,16.51387695
6/13/2026 0:09,16.51387695
6/13/2026 0:14,16.47097656
6/13/2026 0:19,16.42807617
6/13/2026 0:24,16.47097656
6/13/2026 0:29,16.38517578
6/13/2026 0:34,16.34227539
6/13/2026 0:39,16.34227539
6/13/2026 0:44,16.34227539
6/13/2026 0:49,16.25647461
6/13/2026 0:54,16.25647461
6/13/2026 0:59,16.21357422
6/13/2026 1:04,16.17067383
6/13/2026 1:09,16.08487305
6/13/2026 1:14,16.12777344
6/13/2026 1:19,16.08487305
6/13/2026 1:24,16.08487305
6/13/2026 1:29,16.04197266
6/13/2026 1:34,16.04197266
6/13/2026 1:39,16.04197266
6/13/2026 1:44,15.95617187
6/13/2026 1:49,15.91327148
6/13/2026 1:54,15.91327148
6/13/2026 1:59,15.87037109
6/13/2026 2:04,15.78457031
6/13/2026 2:09,15.87037109
6/13/2026 2:14,15.78457031
6/13/2026 2:19,15.78457031
6/13/2026 2:24,15.74166992
6/13/2026 2:29,15.74166992
6/13/2026 2:34,15.65586914
6/13/2026 2:39,15.65586914
6/13/2026 2:44,15.65586914
6/13/2026 2:49,15.69876953
6/13/2026 2:54,15.69876953
6/13/2026 2:59,15.69876953
6/13/2026 3:04,15.78457031
6/13/2026 3:09,15.74166992
6/13/2026 3:14,15.8274707
6/13/2026 3:19,15.87037109
6/13/2026 3:24,15.87037109
6/13/2026 3:29,15.87037109
6/13/2026 3:34,15.91327148
6/13/2026 3:39,15.91327148
6/13/2026 3:44,15.95617187
6/13/2026 3:49,15.95617187
6/13/2026 3:54,15.95617187
6/13/2026 3:59,15.95617187
6/13/2026 4:04,16.04197266
6/13/2026 4:09,16.08487305
6/13/2026 4:14,16.08487305
6/13/2026 4:19,16.08487305
6/13/2026 4:24,16.17067383
6/13/2026 4:29,16.12777344
6/13/2026 4:34,16.21357422
6/13/2026 4:39,16.21357422
6/13/2026 4:44,16.25647461
6/13/2026 4:49,16.25647461
6/13/2026 4:54,16.21357422
6/13/2026 4:59,16.25647461
6/13/2026 5:04,16.299375
6/13/2026 5:09,16.25647461
6/13/2026 5:14,16.299375
6/13/2026 5:19,16.25647461
6/13/2026 5:24,16.299375
6/13/2026 5:29,16.299375
6/13/2026 5:34,16.25647461
6/13/2026 5:39,16.299375
6/13/2026 5:44,16.25647461
6/13/2026 5:49,16.21357422
6/13/2026 5:54,16.21357422
6/13/2026 5:59,16.21357422
6/13/2026 6:04,16.21357422
6/13/2026 6:09,16.21357422
6/13/2026 6:14,16.12777344
6/13/2026 6:19,16.12777344
6/13/2026 6:24,16.17067383
6/13/2026 6:29,16.12777344
6/13/2026 6:34,16.08487305
6/13/2026 6:39,16.08487305
6/13/2026 6:44,16.04197266
6/13/2026 6:49,16.04197266
6/13/2026 6:54,16.08487305
6/13/2026 6:59,15.99907227
6/13/2026 7:04,15.99907227
6/13/2026 7:09,15.95617187
6/13/2026 7:14,15.95617187
6/13/2026 7:19,15.95617187
6/13/2026 7:24,15.91327148
6/13/2026 7:29,15.95617187
6/13/2026 7:34,15.95617187
6/13/2026 7:39,15.87037109
6/13/2026 7:44,15.91327148
6/13/2026 7:49,15.87037109
6/13/2026 7:54,15.87037109
6/13/2026 7:59,15.87037109
6/13/2026 8:04,15.8274707
6/13/2026 8:09,15.87037109
6/13/2026 8:14,15.87037109
6/13/2026 8:19,15.87037109
6/13/2026 8:24,15.8274707
6/13/2026 8:29,15.8274707
6/13/2026 8:34,15.8274707
6/13/2026 8:39,15.8274707
6/13/2026 8:44,15.8274707
6/13/2026 8:49,15.8274707
6/13/2026 8:54,15.87037109
6/13/2026 8:59,15.91327148
6/13/2026 9:04,15.95617187
6/13/2026 9:09,15.95617187
6/13/2026 9:14,15.99907227
6/13/2026 9:19,16.08487305
6/13/2026 9:24,16.08487305
6/13/2026 9:29,16.12777344
6/13/2026 9:34,16.21357422
6/13/2026 9:39,16.25647461
6/13/2026 9:44,16.25647461
6/13/2026 9:49,16.34227539
6/13/2026 9:54,16.38517578
6/13/2026 9:59,16.38517578
6/13/2026 10:04,16.42807617
6/13/2026 10:09,16.47097656
6/13/2026 10:14,16.51387695
6/13/2026 10:19,16.59967773
6/13/2026 10:24,16.59967773
6/13/2026 10:29,16.68547852
6/13/2026 10:34,16.64257813
6/13/2026 10:39,16.72837891
6/13/2026 10:44,16.7712793
6/13/2026 10:49,16.7712793
6/13/2026 10:54,16.81417969
6/13/2026 10:59,16.85708008
6/13/2026 11:04,16.98578125
6/13/2026 11:09,17.02868164
6/13/2026 11:14,17.07158203
6/13/2026 11:19,17.15738281
6/13/2026 11:24,17.24318359
6/13/2026 11:29,17.24318359
6/13/2026 11:34,17.2002832
6/13/2026 11:39,17.28608398
6/13/2026 11:44,17.37188477
6/13/2026 11:49,17.41478516
6/13/2026 11:54,17.45768555
6/13/2026 11:59,17.50058594
6/13/2026 12:04,17.50058594
6/13/2026 12:09,17.58638672
6/13/2026 12:14,17.62928711
6/13/2026 12:19,17.6721875
6/13/2026 12:24,17.75798828
6/13/2026 12:29,17.80088867
6/13/2026 12:34,17.88668945
6/13/2026 12:39,17.97249023
6/13/2026 12:44,17.97249023
6/13/2026 12:49,18.01539063
6/13/2026 12:54,18.10119141
6/13/2026 12:59,18.1440918
6/13/2026 13:04,18.1440918
6/13/2026 13:09,18.18699219
6/13/2026 13:14,18.18699219
6/13/2026 13:19,18.27279297
6/13/2026 13:24,18.35859375
6/13/2026 13:29,18.40149414
6/13/2026 13:34,18.40149414
6/13/2026 13:39,18.48729492
6/13/2026 13:44,18.53019531
6/13/2026 13:49,18.5730957
6/13/2026 13:54,18.65889648
6/13/2026 13:59,18.65889648
6/13/2026 14:04,18.78759766
6/13/2026 14:09,18.78759766
6/13/2026 14:14,18.83049805
6/13/2026 14:19,18.91629883
6/13/2026 14:24,18.95919922
6/13/2026 14:29,18.95919922
6/13/2026 14:34,19.00209961
6/13/2026 14:39,19.17370117
6/13/2026 14:44,19.08790039
6/13/2026 14:49,19.17370117
6/13/2026 14:54,19.13080078
6/13/2026 14:59,19.08790039
6/13/2026 15:04,19.13080078
6/13/2026 15:09,19.13080078
6/13/2026 15:14,19.21660156
6/13/2026 15:19,19.21660156
6/13/2026 15:24,19.21660156
6/13/2026 15:29,19.21660156
6/13/2026 15:34,19.21660156
6/13/2026 15:39,19.25950195
6/13/2026 15:44,19.38820312
6/13/2026 15:49,19.43110352
6/13/2026 15:54,19.47400391
6/13/2026 15:59,19.38820312
6/13/2026 16:04,19.38820312
6/13/2026 16:09,19.5169043
6/13/2026 16:14,19.64560547
6/13/2026 16:19,19.68850586
6/13/2026 16:24,19.73140625
6/13/2026 16:29,19.73140625
6/13/2026 16:34,19.64560547
6/13/2026 16:39,19.64560547
6/13/2026 16:44,19.68850586
6/13/2026 16:49,19.81720703
6/13/2026 16:54,19.86010742
6/13/2026 16:59,19.9459082
6/13/2026 17:04,19.9459082
6/13/2026 17:09,19.9459082
6/13/2026 17:14,19.9459082
6/13/2026 17:19,19.98880859
6/13/2026 17:24,19.90300781
6/13/2026 17:29,20.07460938
6/13/2026 17:34,20.07460938
6/13/2026 17:39,19.98880859
6/13/2026 17:44,19.90300781
6/13/2026 17:49,19.90300781
6/13/2026 17:54,19.81720703
6/13/2026 17:59,19.68850586
6/13/2026 18:04,19.68850586
6/13/2026 18:09,19.77430664
6/13/2026 18:14,19.68850586
6/13/2026 18:19,19.64560547
6/13/2026 18:24,19.38820312
6/13/2026 18:29,19.30240234
6/13/2026 18:34,19.30240234
6/13/2026 18:39,19.21660156
6/13/2026 18:44,19.00209961
6/13/2026 18:49,18.87339844
6/13/2026 18:54,18.74469727
6/13/2026 18:59,18.65889648
6/13/2026 19:04,18.61599609
6/13/2026 19:09,18.53019531
6/13/2026 19:14,18.48729492
6/13/2026 19:19,18.40149414
6/13/2026 19:24,18.31569336
6/13/2026 19:29,18.22989258
6/13/2026 19:34,18.1440918
6/13/2026 19:39,18.05829102
6/13/2026 19:44,18.01539063
6/13/2026 19:49,18.01539063
6/13/2026 19:54,17.97249023
6/13/2026 19:59,17.88668945
6/13/2026 20:04,17.80088867
6/13/2026 20:09,17.80088867
6/13/2026 20:14,17.75798828
6/13/2026 20:19,17.6721875
6/13/2026 20:24,17.62928711
6/13/2026 20:29,17.58638672
6/13/2026 20:34,17.45768555
6/13/2026 20:39,17.50058594
6/13/2026 20:44,17.41478516
6/13/2026 20:49,17.37188477
6/13/2026 20:54,17.32898437
6/13/2026 20:59,17.24318359
6/13/2026 21:04,17.2002832
6/13/2026 21:09,17.11448242
6/13/2026 21:14,17.02868164
6/13/2026 21:19,17.02868164
6/13/2026 21:24,16.89998047
6/13/2026 21:29,16.89998047
6/13/2026 21:34,16.81417969
6/13/2026 21:39,16.81417969
6/13/2026 21:44,16.68547852
6/13/2026 21:49,16.72837891
6/13/2026 21:54,16.68547852
6/13/2026 21:59,16.64257813
6/13/2026 22:04,16.55677734
6/13/2026 22:09,16.47097656
6/13/2026 22:14,16.38517578
6/13/2026 22:19,16.42807617
6/13/2026 22:24,16.299375
6/13/2026 22:29,16.25647461
6/13/2026 22:34,16.25647461
6/13/2026 22:39,16.17067383
6/13/2026 22:44,16.17067383
6/13/2026 22:49,16.08487305
6/13/2026 22:54,16.12777344
6/13/2026 22:59,16.04197266
6/13/2026 23:04,15.95617187
6/13/2026 23:09,15.95617187
6/13/2026 23:14,15.87037109
6/13/2026 23:19,15.87037109
6/13/2026 23:24,15.74166992
6/13/2026 23:29,15.78457031
6/13/2026 23:34,15.78457031
6/13/2026 23:39,15.69876953
6/13/2026 23:44,15.65586914
6/13/2026 23:49,15.61296875
6/13/2026 23:54,15.57006836
6/13/2026 23:59,15.52716797
6/14/2026 0:04,15.52716797
6/14/2026 0:09,15.52716797
6/14/2026 0:14,15.48426758
6/14/2026 0:19,15.44136719
6/14/2026 0:24,15.35556641
6/14/2026 0:29,15.44136719
6/14/2026 0:34,15.3984668
6/14/2026 0:39,15.3984668
6/14/2026 0:44,15.31266602
6/14/2026 0:49,15.26976562
6/14/2026 0:54,15.22686523
6/14/2026 0:59,15.26976562
6/14/2026 1:04,15.22686523
6/14/2026 1:09,15.22686523
6/14/2026 1:14,15.22686523
6/14/2026 1:19,15.18396484
6/14/2026 1:24,15.09816406
6/14/2026 1:29,15.14106445
6/14/2026 1:34,15.09816406
6/14/2026 1:39,15.09816406
6/14/2026 1:44,15.05526367
6/14/2026 1:49,15.05526367
6/14/2026 1:54,15.05526367
6/14/2026 1:59,15.05526367
6/14/2026 2:04,14.96946289
6/14/2026 2:09,14.96946289
6/14/2026 2:14,14.9265625
6/14/2026 2:19,14.88366211
6/14/2026 2:24,14.9265625
6/14/2026 2:29,14.84076172
6/14/2026 2:34,14.84076172
6/14/2026 2:39,14.84076172
6/14/2026 2:44,14.84076172
6/14/2026 2:49,14.79786133
6/14/2026 2:54,14.79786133
6/14/2026 2:59,14.75496094
6/14/2026 3:04,14.75496094
6/14/2026 3:09,14.75496094
6/14/2026 3:14,14.71206055
6/14/2026 3:19,14.71206055
6/14/2026 3:24,14.71206055
6/14/2026 3:29,14.71206055
6/14/2026 3:34,14.66916016
6/14/2026 3:39,14.71206055
6/14/2026 3:44,14.62625977
6/14/2026 3:49,14.58335938
6/14/2026 3:54,14.62625977
6/14/2026 3:59,14.58335938
6/14/2026 4:04,14.58335938
6/14/2026 4:09,14.62625977
6/14/2026 4:14,14.54045898
6/14/2026 4:19,14.54045898
6/14/2026 4:24,14.49755859
6/14/2026 4:29,14.49755859
6/14/2026 4:34,14.49755859
6/14/2026 4:39,14.4546582
6/14/2026 4:44,14.4546582
6/14/2026 4:49,14.4546582
6/14/2026 4:54,14.41175781
6/14/2026 4:59,14.41175781
6/14/2026 5:04,14.41175781
6/14/2026 5:09,14.36885742
6/14/2026 5:14,14.36885742
6/14/2026 5:19,14.36885742
6/14/2026 5:24,14.32595703
6/14/2026 5:29,14.32595703
6/14/2026 5:34,14.28305664
6/14/2026 5:39,14.28305664
6/14/2026 5:44,14.19725586
6/14/2026 5:49,14.32595703
6/14/2026 5:54,14.24015625
6/14/2026 5:59,14.19725586
6/14/2026 6:04,14.19725586
6/14/2026 6:09,14.19725586
6/14/2026 6:14,14.19725586
6/14/2026 6:19,14.19725586
6/14/2026 6:24,14.15435547
6/14/2026 6:29,14.15435547
6/14/2026 6:34,14.15435547
6/14/2026 6:39,14.11145508
6/14/2026 6:44,14.11145508
6/14/2026 6:49,14.06855469
6/14/2026 6:54,14.06855469
6/14/2026 6:59,14.11145508
6/14/2026 7:04,14.06855469
6/14/2026 7:09,14.06855469
6/14/2026 7:14,14.0256543
6/14/2026 7:19,13.98275391
6/14/2026 7:24,13.98275391
6/14/2026 7:29,13.98275391
6/14/2026 7:34,13.98275391
6/14/2026 7:39,13.93985352
6/14/2026 7:44,13.93985352
6/14/2026 7:49,13.93985352
6/14/2026 7:54,13.93985352
6/14/2026 7:59,13.89695312
6/14/2026 8:04,13.85405273
6/14/2026 8:09,13.85405273
6/14/2026 8:14,13.85405273
6/14/2026 8:19,13.85405273
6/14/2026 8:24,13.85405273
6/14/2026 8:29,13.81115234
6/14/2026 8:34,13.76825195
6/14/2026 8:39,13.85405273
6/14/2026 8:44,13.89695312
6/14/2026 8:49,13.85405273
6/14/2026 8:54,13.85405273
6/14/2026 8:59,13.89695312
6/14/2026 9:04,13.89695312
6/14/2026 9:09,13.93985352
6/14/2026 9:14,13.93985352
6/14/2026 9:19,13.93985352
6/14/2026 9:24,13.98275391
6/14/2026 9:29,13.93985352
6/14/2026 9:34,13.98275391
6/14/2026 9:39,14.06855469
6/14/2026 9:44,14.15435547
6/14/2026 9:49,14.11145508
6/14/2026 9:54,14.15435547
6/14/2026 9:59,14.28305664
6/14/2026 10:04,14.28305664
6/14/2026 10:09,14.32595703
6/14/2026 10:14,14.36885742
6/14/2026 10:19,14.4546582
6/14/2026 10:24,14.58335938
6/14/2026 10:29,14.58335938
6/14/2026 10:34,14.62625977
6/14/2026 10:39,14.66916016
6/14/2026 10:44,14.75496094
6/14/2026 10:49,14.84076172
6/14/2026 10:54,14.9265625
6/14/2026 10:59,14.96946289
6/14/2026 11:04,14.96946289
6/14/2026 11:09,15.05526367
6/14/2026 11:14,15.18396484
6/14/2026 11:19,15.22686523
6/14/2026 11:24,15.31266602
6/14/2026 11:29,15.44136719
6/14/2026 11:34,15.3984668
6/14/2026 11:39,15.48426758
6/14/2026 11:44,15.52716797
6/14/2026 11:49,15.65586914
6/14/2026 11:54,15.74166992
6/14/2026 11:59,15.8274707
6/14/2026 12:04,15.87037109
6/14/2026 12:09,15.87037109
6/14/2026 12:14,15.91327148
6/14/2026 12:19,15.99907227
6/14/2026 12:24,16.08487305
6/14/2026 12:29,16.17067383
6/14/2026 12:34,16.25647461
6/14/2026 12:39,16.299375
6/14/2026 12:44,16.299375
6/14/2026 12:49,16.38517578
6/14/2026 12:54,16.47097656
6/14/2026 12:59,16.47097656
6/14/2026 13:04,16.51387695
6/14/2026 13:09,16.51387695
6/14/2026 13:14,16.55677734
6/14/2026 13:19,16.64257813
6/14/2026 13:24,16.7712793
6/14/2026 13:29,16.81417969
6/14/2026 13:34,16.85708008
6/14/2026 13:39,16.85708008
6/14/2026 13:44,16.89998047
6/14/2026 13:49,16.89998047
6/14/2026 13:54,16.94288086
6/14/2026 13:59,16.98578125
6/14/2026 14:04,17.07158203
6/14/2026 14:09,17.07158203
6/14/2026 14:14,17.2002832
6/14/2026 14:19,17.24318359
6/14/2026 14:24,17.28608398
6/14/2026 14:29,17.28608398
6/14/2026 14:34,17.41478516
6/14/2026 14:39,17.37188477
6/14/2026 14:44,17.41478516
6/14/2026 14:49,17.41478516
6/14/2026 14:54,17.45768555
6/14/2026 14:59,17.50058594
6/14/2026 15:04,17.45768555
6/14/2026 15:09,17.45768555
6/14/2026 15:14,17.54348633
6/14/2026 15:19,17.58638672
6/14/2026 15:24,17.54348633
6/14/2026 15:29,17.45768555
6/14/2026 15:34,17.54348633
6/14/2026 15:39,17.58638672
6/14/2026 15:44,17.6721875
6/14/2026 15:49,17.71508789
6/14/2026 15:54,17.75798828
6/14/2026 15:59,17.75798828
6/14/2026 16:04,17.80088867
6/14/2026 16:09,17.88668945
6/14/2026 16:14,18.01539063
6/14/2026 16:19,18.01539063
6/14/2026 16:24,18.05829102
6/14/2026 16:29,18.10119141
6/14/2026 16:34,18.05829102
6/14/2026 16:39,18.05829102
6/14/2026 16:44,18.1440918
6/14/2026 16:49,18.22989258
6/14/2026 16:54,18.31569336
6/14/2026 16:59,18.40149414
6/14/2026 17:04,18.40149414
6/14/2026 17:09,18.44439453
6/14/2026 17:14,18.48729492
6/14/2026 17:19,18.44439453
6/14/2026 17:24,18.48729492
6/14/2026 17:29,18.61599609
6/14/2026 17:34,18.61599609
6/14/2026 17:39,18.5730957
6/14/2026 17:44,18.74469727
6/14/2026 17:49,18.70179687
6/14/2026 17:54,18.53019531
6/14/2026 17:59,18.48729492
6/14/2026 18:04,18.53019531
6/14/2026 18:09,18.65889648
6/14/2026 18:14,18.5730957
6/14/2026 18:19,18.5730957
6/14/2026 18:24,18.5730957
6/14/2026 18:29,18.53019531
6/14/2026 18:34,18.35859375
6/14/2026 18:39,18.22989258
6/14/2026 18:44,18.01539063
6/14/2026 18:49,17.88668945
6/14/2026 18:54,17.6721875
6/14/2026 18:59,17.54348633
6/14/2026 19:04,17.50058594
6/14/2026 19:09,17.37188477
6/14/2026 19:14,17.28608398
6/14/2026 19:19,17.24318359
6/14/2026 19:24,17.15738281
6/14/2026 19:29,17.02868164
6/14/2026 19:34,16.98578125
6/14/2026 19:39,16.85708008
6/14/2026 19:44,16.85708008
6/14/2026 19:49,16.72837891
6/14/2026 19:54,16.68547852
6/14/2026 19:59,16.64257813
6/14/2026 20:04,16.59967773
6/14/2026 20:09,16.47097656
6/14/2026 20:14,16.42807617
6/14/2026 20:19,16.38517578
6/14/2026 20:24,16.299375
6/14/2026 20:29,16.21357422
6/14/2026 20:34,16.17067383
6/14/2026 20:39,16.12777344
6/14/2026 20:44,16.04197266
6/14/2026 20:49,16.04197266
6/14/2026 20:54,15.95617187
6/14/2026 20:59,15.91327148
6/14/2026 21:04,15.87037109
6/14/2026 21:09,15.78457031
6/14/2026 21:14,15.69876953
6/14/2026 21:19,15.69876953
6/14/2026 21:24,15.61296875
6/14/2026 21:29,15.57006836
6/14/2026 21:34,15.48426758
6/14/2026 21:39,15.48426758
6/14/2026 21:44,15.44136719
6/14/2026 21:49,15.35556641
6/14/2026 21:54,15.35556641
6/14/2026 21:59,15.35556641
6/14/2026 22:04,15.18396484
6/14/2026 22:09,15.14106445
6/14/2026 22:14,15.14106445
6/14/2026 22:19,15.09816406
6/14/2026 22:24,15.05526367
6/14/2026 22:29,15.01236328
6/14/2026 22:34,14.9265625
6/14/2026 22:39,14.9265625
6/14/2026 22:44,14.88366211
6/14/2026 22:49,14.75496094
6/14/2026 22:54,14.71206055
6/14/2026 22:59,14.71206055
6/14/2026 23:04,14.62625977
6/14/2026 23:09,14.62625977
6/14/2026 23:14,14.58335938
6/14/2026 23:19,14.62625977
6/14/2026 23:24,14.54045898
6/14/2026 23:29,14.4546582
6/14/2026 23:34,14.4546582
6/14/2026 23:39,14.4546582
6/14/2026 23:44,14.41175781
6/14/2026 23:49,14.32595703
6/14/2026 23:54,14.28305664
6/14/2026 23:59,14.28305664
6/15/2026 0:04,14.24015625
6/15/2026 0:09,14.19725586
6/15/2026 0:14,14.19725586
6/15/2026 0:19,14.19725586
6/15/2026 0:24,14.11145508
6/15/2026 0:29,14.11145508
6/15/2026 0:34,14.11145508
6/15/2026 0:39,14.0256543
6/15/2026 0:44,14.06855469
6/15/2026 0:49,14.0256543
6/15/2026 0:54,13.98275391
6/15/2026 0:59,13.98275391
6/15/2026 1:04,13.89695312
6/15/2026 1:09,13.81115234
6/15/2026 1:14,13.81115234
6/15/2026 1:19,13.85405273
6/15/2026 1:24,13.81115234
6/15/2026 1:29,13.76825195
6/15/2026 1:34,13.72535156
6/15/2026 1:39,13.68245117
6/15/2026 1:44,13.68245117
6/15/2026 1:49,13.63955078
6/15/2026 1:54,13.59665039
6/15/2026 1:59,13.59665039
6/15/2026 2:04,13.55375
6/15/2026 2:09,13.55375
6/15/2026 2:14,13.55375
6/15/2026 2:19,13.42504883
6/15/2026 2:24,13.42504883
6/15/2026 2:29,13.38214844
6/15/2026 2:34,13.38214844
6/15/2026 2:39,13.38214844
6/15/2026 2:44,13.33924805
6/15/2026 2:49,13.38214844
6/15/2026 2:54,13.25344727
6/15/2026 2:59,13.25344727
6/15/2026 3:04,13.21054687
6/15/2026 3:09,13.21054687
6/15/2026 3:14,13.16764648
6/15/2026 3:19,13.16764648
6/15/2026 3:24,13.12474609
6/15/2026 3:29,13.12474609
6/15/2026 3:34,13.0818457
6/15/2026 3:39,13.03894531
6/15/2026 3:44,13.03894531
6/15/2026 3:49,12.99604492
6/15/2026 3:54,12.95314453
6/15/2026 3:59,12.95314453
6/15/2026 4:04,12.95314453
6/15/2026 4:09,12.91024414
6/15/2026 4:14,12.91024414
6/15/2026 4:19,12.86734375
6/15/2026 4:24,12.86734375
6/15/2026 4:29,12.82444336
6/15/2026 4:34,12.82444336
6/15/2026 4:39,12.78154297
6/15/2026 4:44,12.73864258
6/15/2026 4:49,12.73864258
6/15/2026 4:54,12.73864258
6/15/2026 4:59,12.69574219
6/15/2026 5:04,12.6528418
6/15/2026 5:09,12.60994141
6/15/2026 5:14,12.6528418
6/15/2026 5:19,12.60994141
6/15/2026 5:24,12.60994141
6/15/2026 5:29,12.60994141
6/15/2026 5:34,12.52414063
6/15/2026 5:39,12.52414063
6/15/2026 5:44,12.52414063
6/15/2026 5:49,12.48124023
6/15/2026 5:54,12.48124023
6/15/2026 5:59,12.43833984
6/15/2026 6:04,12.43833984
6/15/2026 6:09,12.43833984
6/15/2026 6:14,12.39543945
6/15/2026 6:19,12.39543945
6/15/2026 6:24,12.35253906
6/15/2026 6:29,12.35253906
6/15/2026 6:34,12.35253906
6/15/2026 6:39,12.30963867
6/15/2026 6:44,12.35253906
6/15/2026 6:49,12.26673828
6/15/2026 6:54,12.30963867
6/15/2026 6:59,12.30963867
6/15/2026 7:04,12.30963867
6/15/2026 7:09,12.30963867
6/15/2026 7:14,12.30963867
6/15/2026 7:19,12.35253906
6/15/2026 7:24,12.26673828
6/15/2026 7:29,12.30963867
6/15/2026 7:34,12.35253906
6/15/2026 7:39,12.35253906
6/15/2026 7:44,12.35253906
6/15/2026 7:49,12.30963867
6/15/2026 7:54,12.39543945
6/15/2026 7:59,12.39543945
6/15/2026 8:04,12.39543945
6/15/2026 8:09,12.43833984
6/15/2026 8:14,12.43833984
6/15/2026 8:19,12.48124023
6/15/2026 8:24,12.48124023
6/15/2026 8:29,12.52414063
6/15/2026 8:34,12.52414063
6/15/2026 8:39,12.56704102
6/15/2026 8:44,12.6528418
6/15/2026 8:49,12.69574219
6/15/2026 8:54,12.6528418
6/15/2026 8:59,12.69574219
6/15/2026 9:04,12.73864258
6/15/2026 9:09,12.82444336
6/15/2026 9:14,12.86734375
6/15/2026 9:19,12.91024414
6/15/2026 9:24,12.91024414
6/15/2026 9:29,12.99604492
6/15/2026 9:34,12.99604492
6/15/2026 9:39,13.0818457
6/15/2026 9:44,13.0818457
6/15/2026 9:49,13.12474609
6/15/2026 9:54,13.16764648
6/15/2026 9:59,13.25344727
6/15/2026 10:04,13.29634766
6/15/2026 10:09,13.33924805
6/15/2026 10:14,13.33924805
6/15/2026 10:19,13.42504883
6/15/2026 10:24,13.51084961
6/15/2026 10:29,13.59665039
6/15/2026 10:34,13.59665039
6/15/2026 10:39,13.63955078
6/15/2026 10:44,13.68245117
6/15/2026 10:49,13.72535156
6/15/2026 10:54,13.81115234
6/15/2026 10:59,13.89695312
6/15/2026 11:04,13.93985352
6/15/2026 11:09,14.0256543
6/15/2026 11:14,14.15435547
6/15/2026 11:19,14.19725586
6/15/2026 11:24,14.24015625
6/15/2026 11:29,14.36885742
6/15/2026 11:34,14.4546582
6/15/2026 11:39,14.58335938
6/15/2026 11:44,14.58335938
6/15/2026 11:49,14.71206055
6/15/2026 11:54,14.79786133
6/15/2026 11:59,14.84076172
6/15/2026 12:04,14.9265625
6/15/2026 12:09,14.96946289
6/15/2026 12:14,15.05526367
6/15/2026 12:19,15.14106445
6/15/2026 12:24,15.26976562
6/15/2026 12:29,15.26976562
6/15/2026 12:34,15.31266602
6/15/2026 12:39,15.3984668
6/15/2026 12:44,15.57006836
6/15/2026 12:49,15.61296875
6/15/2026 12:54,15.69876953
6/15/2026 12:59,15.78457031
6/15/2026 13:04,15.8274707
6/15/2026 13:09,15.87037109
6/15/2026 13:14,15.87037109
6/15/2026 13:19,15.95617187
6/15/2026 13:24,16.04197266
6/15/2026 13:29,16.08487305
6/15/2026 13:34,16.17067383
6/15/2026 13:39,16.21357422
6/15/2026 13:44,16.21357422
6/15/2026 13:49,16.299375
6/15/2026 13:54,16.34227539
6/15/2026 13:59,16.47097656
6/15/2026 14:04,16.55677734
6/15/2026 14:09,16.64257813
6/15/2026 14:14,16.72837891
6/15/2026 14:19,16.81417969
6/15/2026 14:24,16.89998047
6/15/2026 14:29,16.89998047
6/15/2026 14:34,16.94288086
6/15/2026 14:39,16.98578125
6/15/2026 14:44,17.07158203
6/15/2026 14:49,17.07158203
6/15/2026 14:54,17.15738281
6/15/2026 14:59,17.2002832
6/15/2026 15:04,17.15738281
6/15/2026 15:09,17.15738281
6/15/2026 15:14,17.2002832
6/15/2026 15:19,17.24318359
6/15/2026 15:24,17.28608398
6/15/2026 15:29,17.24318359
6/15/2026 15:34,17.2002832
6/15/2026 15:39,17.24318359
6/15/2026 15:44,17.32898437
6/15/2026 15:49,17.32898437
6/15/2026 15:54,17.45768555
6/15/2026 15:59,17.45768555
6/15/2026 16:04,17.45768555
6/15/2026 16:09,17.50058594
6/15/2026 16:14,17.41478516
6/15/2026 16:19,17.45768555
6/15/2026 16:24,17.45768555
6/15/2026 16:29,17.71508789
6/15/2026 16:34,17.80088867
6/15/2026 16:39,17.88668945
6/15/2026 16:44,17.88668945
6/15/2026 16:49,17.80088867
6/15/2026 16:54,17.84378906
6/15/2026 16:59,17.80088867
6/15/2026 17:04,17.75798828
6/15/2026 17:09,17.6721875
6/15/2026 17:14,17.62928711
6/15/2026 17:19,17.6721875
6/15/2026 17:24,17.80088867
6/15/2026 17:29,17.97249023
6/15/2026 17:34,18.05829102
6/15/2026 17:39,18.01539063
6/15/2026 17:44,18.05829102
6/15/2026 17:49,18.01539063
6/15/2026 17:54,18.01539063
6/15/2026 17:59,17.92958984
6/15/2026 18:04,18.01539063
6/15/2026 18:09,18.05829102
6/15/2026 18:14,18.10119141
6/15/2026 18:19,18.10119141
6/15/2026 18:24,17.97249023
6/15/2026 18:29,17.88668945
6/15/2026 18:34,17.80088867
6/15/2026 18:39,17.75798828
6/15/2026 18:44,17.6721875
6/15/2026 18:49,17.58638672
6/15/2026 18:54,17.37188477
6/15/2026 18:59,17.32898437
6/15/2026 19:04,17.28608398
6/15/2026 19:09,17.15738281
6/15/2026 19:14,17.11448242
6/15/2026 19:19,17.07158203
6/15/2026 19:24,17.02868164
6/15/2026 19:29,16.94288086
6/15/2026 19:34,16.85708008
6/15/2026 19:39,16.81417969
6/15/2026 19:44,16.72837891
6/15/2026 19:49,16.68547852
6/15/2026 19:54,16.59967773
6/15/2026 19:59,16.55677734
6/15/2026 20:04,16.51387695
6/15/2026 20:09,16.47097656
6/15/2026 20:14,16.42807617
6/15/2026 20:19,16.38517578
6/15/2026 20:24,16.299375
6/15/2026 20:29,16.25647461
6/15/2026 20:34,16.21357422
6/15/2026 20:39,16.21357422
6/15/2026 20:44,16.17067383
6/15/2026 20:49,16.12777344
6/15/2026 20:54,16.08487305
6/15/2026 20:59,16.04197266
6/15/2026 21:04,15.99907227
6/15/2026 21:09,15.95617187
6/15/2026 21:14,15.91327148
6/15/2026 21:19,15.8274707
6/15/2026 21:24,15.8274707
6/15/2026 21:29,15.78457031
6/15/2026 21:34,15.78457031
6/15/2026 21:39,15.69876953
6/15/2026 21:44,15.61296875
6/15/2026 21:49,15.61296875
6/15/2026 21:54,15.57006836
6/15/2026 21:59,15.52716797
6/15/2026 22:04,15.48426758
6/15/2026 22:09,15.48426758
6/15/2026 22:14,15.3984668
6/15/2026 22:19,15.3984668
6/15/2026 22:24,15.35556641
6/15/2026 22:29,15.31266602
6/15/2026 22:34,15.35556641
6/15/2026 22:39,15.26976562
6/15/2026 22:44,15.26976562
6/15/2026 22:49,15.18396484
6/15/2026 22:54,15.14106445
6/15/2026 22:59,15.14106445
6/15/2026 23:04,15.09816406
6/15/2026 23:09,15.05526367
6/15/2026 23:14,15.01236328
6/15/2026 23:19,15.01236328
6/15/2026 23:24,15.01236328
6/15/2026 23:29,14.96946289
6/15/2026 23:34,14.88366211
6/15/2026 23:39,14.88366211
6/15/2026 23:44,14.79786133
6/15/2026 23:49,14.79786133
6/15/2026 23:54,14.75496094
6/15/2026 23:59,14.79786133
6/16/2026 0:04,14.79786133
6/16/2026 0:09,14.71206055
6/16/2026 0:14,14.71206055
6/16/2026 0:19,14.66916016
6/16/2026 0:24,14.62625977
6/16/2026 0:29,14.62625977
6/16/2026 0:34,14.62625977
6/16/2026 0:39,14.58335938
6/16/2026 0:44,14.58335938
6/16/2026 0:49,14.54045898
6/16/2026 0:54,14.54045898
6/16/2026 0:59,14.49755859
6/16/2026 1:04,14.49755859
6/16/2026 1:09,14.4546582
6/16/2026 1:14,14.41175781
6/16/2026 1:19,14.32595703
6/16/2026 1:24,14.32595703
6/16/2026 1:29,14.32595703
6/16/2026 1:34,14.32595703
6/16/2026 1:39,14.24015625
6/16/2026 1:44,14.24015625
6/16/2026 1:49,14.24015625
6/16/2026 1:54,14.19725586
6/16/2026 1:59,14.19725586
6/16/2026 2:04,14.19725586
6/16/2026 2:09,14.11145508
6/16/2026 2:14,14.11145508
6/16/2026 2:19,14.11145508
6/16/2026 2:24,14.06855469
6/16/2026 2:29,14.06855469
6/16/2026 2:34,14.0256543
6/16/2026 2:39,13.98275391
6/16/2026 2:44,13.98275391
6/16/2026 2:49,13.98275391
6/16/2026 2:54,13.93985352
6/16/2026 2:59,13.89695312
6/16/2026 3:04,13.89695312
6/16/2026 3:09,13.85405273
6/16/2026 3:14,13.85405273
6/16/2026 3:19,13.85405273
6/16/2026 3:24,13.81115234
6/16/2026 3:29,13.76825195
6/16/2026 3:34,13.76825195
6/16/2026 3:39,13.81115234
6/16/2026 3:44,13.72535156
6/16/2026 3:49,13.72535156
6/16/2026 3:54,13.68245117
6/16/2026 3:59,13.68245117
6/16/2026 4:04,13.68245117
6/16/2026 4:09,13.63955078
6/16/2026 4:14,13.63955078
6/16/2026 4:19,13.63955078
6/16/2026 4:24,13.63955078
6/16/2026 4:29,13.63955078
6/16/2026 4:34,13.59665039
6/16/2026 4:39,13.59665039
6/16/2026 4:44,13.59665039
6/16/2026 4:49,13.59665039
6/16/2026 4:54,13.55375
6/16/2026 4:59,13.55375
6/16/2026 5:04,13.51084961
6/16/2026 5:09,13.55375
6/16/2026 5:14,13.51084961
6/16/2026 5:19,13.46794922
6/16/2026 5:24,13.51084961
6/16/2026 5:29,13.42504883
6/16/2026 5:34,13.33924805
6/16/2026 5:39,13.42504883
6/16/2026 5:44,13.38214844
6/16/2026 5:49,13.38214844
6/16/2026 5:54,13.33924805
6/16/2026 5:59,13.38214844
6/16/2026 6:04,13.33924805
6/16/2026 6:09,13.29634766
6/16/2026 6:14,13.29634766
6/16/2026 6:19,13.29634766
6/16/2026 6:24,13.29634766
6/16/2026 6:29,13.29634766
6/16/2026 6:34,13.29634766
6/16/2026 6:39,13.25344727
6/16/2026 6:44,13.21054687
6/16/2026 6:49,13.25344727
6/16/2026 6:54,13.21054687
6/16/2026 6:59,13.25344727
6/16/2026 7:04,13.21054687
6/16/2026 7:09,13.16764648
6/16/2026 7:14,13.16764648
6/16/2026 7:19,13.16764648
6/16/2026 7:24,13.16764648
6/16/2026 7:29,13.16764648
6/16/2026 7:34,13.16764648
6/16/2026 7:39,13.12474609
6/16/2026 7:44,13.0818457
6/16/2026 7:49,13.12474609
6/16/2026 7:54,13.12474609
6/16/2026 7:59,13.12474609
6/16/2026 8:04,13.12474609
6/16/2026 8:09,13.0818457
6/16/2026 8:14,13.0818457
6/16/2026 8:19,13.12474609
6/16/2026 8:24,13.0818457
6/16/2026 8:29,13.16764648
6/16/2026 8:34,13.21054687
6/16/2026 8:39,13.12474609
6/16/2026 8:44,13.16764648
6/16/2026 8:49,13.21054687
6/16/2026 8:54,13.25344727
6/16/2026 8:59,13.21054687
6/16/2026 9:04,13.25344727
6/16/2026 9:09,13.25344727
6/16/2026 9:14,13.25344727
6/16/2026 9:19,13.25344727
6/16/2026 9:24,13.21054687
6/16/2026 9:29,13.25344727
6/16/2026 9:34,13.25344727
6/16/2026 9:39,13.25344727
6/16/2026 9:44,13.21054687
6/16/2026 9:49,13.21054687
6/16/2026 9:54,13.25344727
6/16/2026 9:59,13.29634766
6/16/2026 10:04,13.29634766
6/16/2026 10:09,13.29634766
6/16/2026 10:14,13.29634766
6/16/2026 10:19,13.29634766
6/16/2026 10:24,13.33924805
6/16/2026 10:29,13.33924805
6/16/2026 10:34,13.38214844
6/16/2026 10:39,13.42504883
6/16/2026 10:44,13.51084961
6/16/2026 10:49,13.46794922
6/16/2026 10:54,13.59665039
6/16/2026 10:59,13.68245117
6/16/2026 11:04,13.72535156
6/16/2026 11:09,13.76825195
6/16/2026 11:14,13.81115234
6/16/2026 11:19,13.85405273
6/16/2026 11:24,13.93985352
6/16/2026 11:29,13.93985352
6/16/2026 11:34,14.06855469
6/16/2026 11:39,14.0256543
6/16/2026 11:44,14.11145508
6/16/2026 11:49,14.11145508
6/16/2026 11:54,14.19725586
6/16/2026 11:59,14.36885742
6/16/2026 12:04,14.4546582
6/16/2026 12:09,14.66916016
6/16/2026 12:14,14.71206055
6/16/2026 12:19,14.75496094
6/16/2026 12:24,14.62625977
6/16/2026 12:29,14.62625977
6/16/2026 12:34,14.71206055
6/16/2026 12:39,14.79786133
6/16/2026 12:44,14.88366211
6/16/2026 12:49,14.96946289
6/16/2026 12:54,15.01236328
6/16/2026 12:59,15.01236328
6/16/2026 13:04,14.96946289
6/16/2026 13:09,14.96946289
6/16/2026 13:14,14.9265625
6/16/2026 13:19,15.01236328
6/16/2026 13:24,15.09816406
6/16/2026 13:29,15.26976562
6/16/2026 13:34,15.31266602
6/16/2026 13:39,15.3984668
6/16/2026 13:44,15.48426758
6/16/2026 13:49,15.57006836
6/16/2026 13:54,15.65586914
6/16/2026 13:59,15.65586914
6/16/2026 14:04,15.74166992
6/16/2026 14:09,15.78457031
6/16/2026 14:14,15.91327148
6/16/2026 14:19,15.99907227
6/16/2026 14:24,16.08487305
6/16/2026 14:29,16.12777344
6/16/2026 14:34,16.21357422
6/16/2026 14:39,16.21357422
6/16/2026 14:44,16.299375
6/16/2026 14:49,16.34227539
6/16/2026 14:54,16.38517578
6/16/2026 14:59,16.38517578
6/16/2026 15:04,16.38517578
6/16/2026 15:09,16.38517578
6/16/2026 15:14,16.38517578
6/16/2026 15:19,16.47097656
6/16/2026 15:24,16.47097656
6/16/2026 15:29,16.47097656
6/16/2026 15:34,16.51387695
6/16/2026 15:39,16.59967773
6/16/2026 15:44,16.68547852
6/16/2026 15:49,16.72837891
6/16/2026 15:54,16.7712793
6/16/2026 15:59,16.7712793
6/16/2026 16:04,16.81417969
6/16/2026 16:09,16.89998047
6/16/2026 16:14,17.11448242
6/16/2026 16:19,17.11448242
6/16/2026 16:24,17.2002832
6/16/2026 16:29,17.15738281
6/16/2026 16:34,17.2002832
6/16/2026 16:39,17.2002832
6/16/2026 16:44,17.24318359
6/16/2026 16:49,17.37188477
6/16/2026 16:54,17.37188477
6/16/2026 16:59,17.41478516
6/16/2026 17:04,17.50058594
6/16/2026 17:09,17.54348633
6/16/2026 17:14,17.62928711
6/16/2026 17:19,17.58638672
6/16/2026 17:24,17.58638672
6/16/2026 17:29,17.6721875
6/16/2026 17:34,17.75798828
6/16/2026 17:39,17.6721875
6/16/2026 17:44,17.80088867
6/16/2026 17:49,17.88668945
6/16/2026 17:54,17.75798828
6/16/2026 17:59,17.71508789
6/16/2026 18:04,17.62928711
6/16/2026 18:09,17.80088867
6/16/2026 18:14,17.84378906
6/16/2026 18:19,17.84378906
6/16/2026 18:24,17.80088867
6/16/2026 18:29,17.71508789
6/16/2026 18:34,17.62928711
6/16/2026 18:39,17.45768555
6/16/2026 18:44,17.37188477
6/16/2026 18:49,17.2002832
6/16/2026 18:54,16.94288086
6/16/2026 18:59,16.89998047
6/16/2026 19:04,16.72837891
6/16/2026 19:09,16.64257813
6/16/2026 19:14,16.51387695
6/16/2026 19:19,16.47097656
6/16/2026 19:24,16.34227539
6/16/2026 19:29,16.299375
6/16/2026 19:34,16.21357422
6/16/2026 19:39,16.12777344
6/16/2026 19:44,16.08487305
6/16/2026 19:49,15.95617187
6/16/2026 19:54,15.91327148
6/16/2026 19:59,15.87037109
6/16/2026 20:04,15.78457031
6/16/2026 20:09,15.69876953
6/16/2026 20:14,15.69876953
6/16/2026 20:19,15.61296875
6/16/2026 20:24,15.57006836
6/16/2026 20:29,15.52716797
6/16/2026 20:34,15.48426758
6/16/2026 20:39,15.3984668
6/16/2026 20:44,15.3984668
6/16/2026 20:49,15.31266602
6/16/2026 20:54,15.26976562
6/16/2026 20:59,15.26976562
6/16/2026 21:04,15.14106445
6/16/2026 21:09,15.18396484
6/16/2026 21:14,15.14106445
6/16/2026 21:19,15.14106445
6/16/2026 21:24,15.05526367
6/16/2026 21:29,15.01236328
6/16/2026 21:34,15.01236328
6/16/2026 21:39,15.01236328
6/16/2026 21:44,14.96946289
6/16/2026 21:49,14.96946289
6/16/2026 21:54,14.88366211
6/16/2026 21:59,14.84076172
6/16/2026 22:04,14.84076172
6/16/2026 22:09,14.79786133
6/16/2026 22:14,14.79786133
6/16/2026 22:19,14.75496094
6/16/2026 22:24,14.71206055
6/16/2026 22:29,14.71206055
6/16/2026 22:34,14.71206055
6/16/2026 22:39,14.71206055
6/16/2026 22:44,14.62625977
6/16/2026 22:49,14.62625977
6/16/2026 22:54,14.62625977
6/16/2026 22:59,14.58335938
6/16/2026 23:04,14.58335938
6/16/2026 23:09,14.58335938
6/16/2026 23:14,14.49755859
6/16/2026 23:19,14.4546582
6/16/2026 23:24,14.49755859
6/16/2026 23:29,14.49755859
6/16/2026 23:34,14.4546582
6/16/2026 23:39,14.41175781
6/16/2026 23:44,14.4546582
6/16/2026 23:49,14.36885742
6/16/2026 23:54,14.32595703
6/16/2026 23:59,14.36885742
6/17/2026 0:04,14.28305664
6/17/2026 0:09,14.32595703
6/17/2026 0:14,14.19725586
6/17/2026 0:19,14.24015625
6/17/2026 0:24,14.19725586
6/17/2026 0:29,14.19725586
6/17/2026 0:34,14.15435547
6/17/2026 0:39,14.15435547
6/17/2026 0:44,14.11145508
6/17/2026 0:49,14.11145508
6/17/2026 0:54,14.0256543
6/17/2026 0:59,14.06855469
6/17/2026 1:04,14.06855469
6/17/2026 1:09,14.0256543
6/17/2026 1:14,13.98275391
6/17/2026 1:19,13.98275391
6/17/2026 1:24,13.98275391
6/17/2026 1:29,13.98275391
6/17/2026 1:34,13.89695312
6/17/2026 1:39,13.93985352
6/17/2026 1:44,13.89695312
6/17/2026 1:49,13.89695312
6/17/2026 1:54,13.85405273
6/17/2026 1:59,13.85405273
6/17/2026 2:04,13.81115234
6/17/2026 2:09,13.81115234
6/17/2026 2:14,13.81115234
6/17/2026 2:19,13.85405273
6/17/2026 2:24,13.76825195
6/17/2026 2:29,13.72535156
6/17/2026 2:34,13.76825195
6/17/2026 2:39,13.76825195
6/17/2026 2:44,13.68245117
6/17/2026 2:49,13.72535156
6/17/2026 2:54,13.63955078
6/17/2026 2:59,13.68245117
6/17/2026 3:04,13.68245117
6/17/2026 3:09,13.63955078
6/17/2026 3:14,13.59665039
6/17/2026 3:19,13.59665039
6/17/2026 3:24,13.59665039
6/17/2026 3:29,13.55375
6/17/2026 3:34,13.55375
6/17/2026 3:39,13.55375
6/17/2026 3:44,13.51084961
6/17/2026 3:49,13.51084961
6/17/2026 3:54,13.51084961
6/17/2026 3:59,13.42504883
6/17/2026 4:04,13.46794922
6/17/2026 4:09,13.46794922
6/17/2026 4:14,13.42504883
6/17/2026 4:19,13.42504883
6/17/2026 4:24,13.38214844
6/17/2026 4:29,13.33924805
6/17/2026 4:34,13.33924805
6/17/2026 4:39,13.29634766
6/17/2026 4:44,13.33924805
6/17/2026 4:49,13.33924805
6/17/2026 4:54,13.25344727
6/17/2026 4:59,13.29634766
6/17/2026 5:04,13.25344727
6/17/2026 5:09,13.29634766
6/17/2026 5:14,13.29634766
6/17/2026 5:19,13.21054687
6/17/2026 5:24,13.21054687
6/17/2026 5:29,13.25344727
6/17/2026 5:34,13.21054687
6/17/2026 5:39,13.21054687
6/17/2026 5:44,13.21054687
6/17/2026 5:49,13.21054687
6/17/2026 5:54,13.16764648
6/17/2026 5:59,13.16764648
6/17/2026 6:04,13.16764648
6/17/2026 6:09,13.12474609
6/17/2026 6:14,13.16764648
6/17/2026 6:19,13.21054687
6/17/2026 6:24,13.16764648
6/17/2026 6:29,13.12474609
6/17/2026 6:34,13.12474609
6/17/2026 6:39,13.12474609
6/17/2026 6:44,13.12474609
6/17/2026 6:49,13.12474609
6/17/2026 6:54,13.12474609
6/17/2026 6:59,13.16764648
6/17/2026 7:04,13.12474609
6/17/2026 7:09,13.12474609
6/17/2026 7:14,13.12474609
6/17/2026 7:19,13.12474609
6/17/2026 7:24,13.16764648
6/17/2026 7:29,13.16764648
6/17/2026 7:34,13.12474609
6/17/2026 7:39,13.21054687
6/17/2026 7:44,13.16764648
6/17/2026 7:49,13.21054687
6/17/2026 7:54,13.25344727
6/17/2026 7:59,13.21054687
6/17/2026 8:04,13.21054687
6/17/2026 8:09,13.25344727
6/17/2026 8:14,13.29634766
6/17/2026 8:19,13.25344727
6/17/2026 8:24,13.33924805
6/17/2026 8:29,13.38214844
6/17/2026 8:34,13.38214844
6/17/2026 8:39,13.38214844
6/17/2026 8:44,13.38214844
6/17/2026 8:49,13.38214844
6/17/2026 8:54,13.46794922
6/17/2026 8:59,13.51084961
6/17/2026 9:04,13.46794922
6/17/2026 9:09,13.55375
6/17/2026 9:14,13.51084961
6/17/2026 9:19,13.63955078
6/17/2026 9:24,13.59665039
6/17/2026 9:29,13.59665039
6/17/2026 9:34,13.63955078
6/17/2026 9:39,13.63955078
6/17/2026 9:44,13.63955078
6/17/2026 9:49,13.68245117
6/17/2026 9:54,13.68245117
6/17/2026 9:59,13.68245117
6/17/2026 10:04,13.72535156
6/17/2026 10:09,13.76825195
6/17/2026 10:14,13.76825195
6/17/2026 10:19,13.81115234
6/17/2026 10:24,13.93985352
6/17/2026 10:29,13.89695312
6/17/2026 10:34,13.98275391
6/17/2026 10:39,14.0256543
6/17/2026 10:44,14.11145508
6/17/2026 10:49,14.19725586
6/17/2026 10:54,14.24015625
6/17/2026 10:59,14.36885742
6/17/2026 11:04,14.36885742
6/17/2026 11:09,14.41175781
6/17/2026 11:14,14.54045898
6/17/2026 11:19,14.62625977
6/17/2026 11:24,14.71206055
6/17/2026 11:29,14.88366211
6/17/2026 11:34,14.9265625
6/17/2026 11:39,14.9265625
6/17/2026 11:44,15.01236328
6/17/2026 11:49,15.05526367
6/17/2026 11:54,15.14106445
6/17/2026 11:59,15.22686523
6/17/2026 12:04,15.22686523
6/17/2026 12:09,15.22686523
6/17/2026 12:14,15.35556641
6/17/2026 12:19,15.35556641
6/17/2026 12:24,15.31266602
6/17/2026 12:29,15.35556641
6/17/2026 12:34,15.31266602
6/17/2026 12:39,15.31266602
6/17/2026 12:44,15.31266602
6/17/2026 12:49,15.35556641
6/17/2026 12:54,15.44136719
6/17/2026 12:59,15.44136719
6/17/2026 13:04,15.48426758
6/17/2026 13:09,15.44136719
6/17/2026 13:14,15.48426758
6/17/2026 13:19,15.44136719
6/17/2026 13:24,15.48426758
6/17/2026 13:29,15.52716797
6/17/2026 13:34,15.52716797
6/17/2026 13:39,15.61296875
6/17/2026 13:44,15.61296875
6/17/2026 13:49,15.52716797
6/17/2026 13:54,15.52716797
6/17/2026 13:59,15.48426758
6/17/2026 14:04,15.44136719
6/17/2026 14:09,15.35556641
6/17/2026 14:14,15.35556641
6/17/2026 14:19,15.31266602
6/17/2026 14:24,15.22686523
6/17/2026 14:29,15.22686523
6/17/2026 14:34,15.18396484
6/17/2026 14:39,15.18396484
6/17/2026 14:44,15.18396484
6/17/2026 14:49,15.18396484
6/17/2026 14:54,15.18396484
6/17/2026 14:59,15.18396484
6/17/2026 15:04,15.14106445
6/17/2026 15:09,15.18396484
6/17/2026 15:14,15.31266602
6/17/2026 15:19,15.31266602
6/17/2026 15:24,15.3984668
6/17/2026 15:29,15.3984668
6/17/2026 15:34,15.48426758
6/17/2026 15:39,15.48426758
6/17/2026 15:44,15.57006836
6/17/2026 15:49,15.69876953
6/17/2026 15:54,15.8274707
6/17/2026 15:59,15.78457031
6/17/2026 16:04,15.69876953
6/17/2026 16:09,15.69876953
6/17/2026 16:14,15.69876953
6/17/2026 16:19,15.69876953
6/17/2026 16:24,15.87037109
6/17/2026 16:29,15.8274707
6/17/2026 16:34,15.78457031
6/17/2026 16:39,15.74166992
6/17/2026 16:44,15.78457031
6/17/2026 16:49,15.78457031
6/17/2026 16:54,15.8274707
6/17/2026 16:59,15.74166992
6/17/2026 17:04,15.74166992
6/17/2026 17:09,15.69876953
6/17/2026 17:14,15.74166992
6/17/2026 17:19,15.69876953
6/17/2026 17:24,15.74166992
6/17/2026 17:29,15.69876953
6/17/2026 17:34,15.65586914
6/17/2026 17:39,15.61296875
6/17/2026 17:44,15.61296875
6/17/2026 17:49,15.57006836
6/17/2026 17:54,15.57006836
6/17/2026 17:59,15.57006836
6/17/2026 18:04,15.48426758
6/17/2026 18:09,15.48426758
6/17/2026 18:14,15.48426758
6/17/2026 18:19,15.3984668
6/17/2026 18:24,15.35556641
6/17/2026 18:29,15.3984668
6/17/2026 18:34,15.3984668
6/17/2026 18:39,15.31266602
6/17/2026 18:44,15.31266602
6/17/2026 18:49,15.26976562
6/17/2026 18:54,15.26976562
6/17/2026 18:59,15.22686523
6/17/2026 19:04,15.18396484
6/17/2026 19:09,15.18396484
6/17/2026 19:14,15.14106445
6/17/2026 19:19,15.18396484
6/17/2026 19:24,15.22686523
6/17/2026 19:29,15.22686523
6/17/2026 19:34,15.18396484
6/17/2026 19:39,15.14106445
6/17/2026 19:44,15.09816406
6/17/2026 19:49,15.09816406
6/17/2026 19:54,15.05526367
6/17/2026 19:59,15.01236328
6/17/2026 20:04,15.01236328
6/17/2026 20:09,15.01236328
6/17/2026 20:14,14.96946289
6/17/2026 20:19,15.01236328
6/17/2026 20:24,15.01236328
6/17/2026 20:29,15.01236328
6/17/2026 20:34,15.05526367
6/17/2026 20:39,15.31266602
6/17/2026 20:44,15.48426758
6/17/2026 20:49,15.69876953
6/17/2026 20:54,15.91327148
6/17/2026 20:59,16.08487305
6/17/2026 21:04,16.21357422
6/17/2026 21:09,16.34227539
6/17/2026 21:14,16.47097656
6/17/2026 21:19,16.55677734
6/17/2026 21:24,16.64257813
6/17/2026 21:29,16.7712793
6/17/2026 21:34,16.85708008
6/17/2026 21:39,16.94288086
6/17/2026 21:44,16.98578125
6/17/2026 21:49,16.98578125
6/17/2026 21:54,16.98578125
6/17/2026 21:59,16.98578125
6/17/2026 22:04,17.02868164
6/17/2026 22:09,17.02868164
6/17/2026 22:14,16.98578125
6/17/2026 22:19,17.02868164
6/17/2026 22:24,16.98578125
6/17/2026 22:29,16.98578125
6/17/2026 22:34,16.98578125
6/17/2026 22:39,16.94288086
6/17/2026 22:44,16.89998047
6/17/2026 22:49,16.85708008
6/17/2026 22:54,16.89998047
6/17/2026 22:59,16.85708008
6/17/2026 23:04,16.85708008
6/17/2026 23:09,16.81417969
6/17/2026 23:14,16.81417969
6/17/2026 23:19,16.7712793
6/17/2026 23:24,16.72837891
6/17/2026 23:29,16.68547852
6/17/2026 23:34,16.68547852
6/17/2026 23:39,16.68547852
6/17/2026 23:44,16.64257813
6/17/2026 23:49,16.59967773
6/17/2026 23:54,16.59967773
6/17/2026 23:59,16.55677734
6/18/2026 0:04,16.55677734
6/18/2026 0:09,16.51387695
6/18/2026 0:14,16.47097656
6/18/2026 0:19,16.47097656
6/18/2026 0:24,16.42807617
6/18/2026 0:29,16.42807617
6/18/2026 0:34,16.38517578
6/18/2026 0:39,16.34227539
6/18/2026 0:44,16.299375
6/18/2026 0:49,16.299375
6/18/2026 0:54,16.25647461
6/18/2026 0:59,16.299375
6/18/2026 1:04,16.21357422
6/18/2026 1:09,16.21357422
6/18/2026 1:14,16.21357422
6/18/2026 1:19,16.17067383
6/18/2026 1:24,16.17067383
6/18/2026 1:29,16.12777344
6/18/2026 1:34,16.12777344
6/18/2026 1:39,16.04197266
6/18/2026 1:44,16.04197266
6/18/2026 1:49,15.99907227
6/18/2026 1:54,15.99907227
6/18/2026 1:59,15.95617187
6/18/2026 2:04,15.95617187
6/18/2026 2:09,15.87037109
6/18/2026 2:14,15.87037109
6/18/2026 2:19,15.87037109
6/18/2026 2:24,15.87037109
6/18/2026 2:29,15.78457031
6/18/2026 2:34,15.78457031
6/18/2026 2:39,15.74166992
6/18/2026 2:44,15.74166992
6/18/2026 2:49,15.69876953
6/18/2026 2:54,15.61296875
6/18/2026 2:59,15.61296875
6/18/2026 3:04,15.57006836
6/18/2026 3:09,15.57006836
6/18/2026 3:14,15.48426758
6/18/2026 3:19,15.52716797
6/18/2026 3:24,15.48426758
6/18/2026 3:29,15.44136719
6/18/2026 3:34,15.3984668
6/18/2026 3:39,15.3984668
6/18/2026 3:44,15.35556641
6/18/2026 3:49,15.31266602
6/18/2026 3:54,15.31266602
6/18/2026 3:59,15.26976562
6/18/2026 4:04,15.26976562
6/18/2026 4:09,15.26976562
6/18/2026 4:14,15.26976562
6/18/2026 4:19,15.26976562
6/18/2026 4:24,15.22686523
6/18/2026 4:29,15.18396484
6/18/2026 4:34,15.09816406
6/18/2026 4:39,15.14106445
6/18/2026 4:44,15.09816406
6/18/2026 4:49,15.05526367
6/18/2026 4:54,15.05526367
6/18/2026 4:59,15.05526367
6/18/2026 5:04,15.01236328
6/18/2026 5:09,15.01236328
6/18/2026 5:14,14.96946289
6/18/2026 5:19,14.88366211
6/18/2026 5:24,14.9265625
6/18/2026 5:29,14.9265625
6/18/2026 5:34,14.84076172
6/18/2026 5:39,14.84076172
6/18/2026 5:44,14.75496094
6/18/2026 5:49,14.75496094
6/18/2026 5:54,14.75496094
6/18/2026 5:59,14.75496094
6/18/2026 6:04,14.71206055
6/18/2026 6:09,14.71206055
6/18/2026 6:14,14.66916016
6/18/2026 6:19,14.66916016
6/18/2026 6:24,14.66916016
6/18/2026 6:29,14.66916016
6/18/2026 6:34,14.66916016
6/18/2026 6:39,14.66916016
6/18/2026 6:44,14.62625977
6/18/2026 6:49,14.62625977
6/18/2026 6:54,14.66916016
6/18/2026 6:59,14.62625977
6/18/2026 7:04,14.62625977
6/18/2026 7:09,14.62625977
6/18/2026 7:14,14.62625977
6/18/2026 7:19,14.66916016
6/18/2026 7:24,14.62625977
6/18/2026 7:29,14.58335938
6/18/2026 7:34,14.58335938
6/18/2026 7:39,14.54045898
6/18/2026 7:44,14.54045898
6/18/2026 7:49,14.49755859
6/18/2026 7:54,14.54045898
6/18/2026 7:59,14.54045898
6/18/2026 8:04,14.54045898
6/18/2026 8:09,14.49755859
6/18/2026 8:14,14.49755859
6/18/2026 8:19,14.54045898
6/18/2026 8:24,14.4546582
6/18/2026 8:29,14.54045898
6/18/2026 8:34,14.54045898
6/18/2026 8:39,14.58335938
6/18/2026 8:44,14.58335938
6/18/2026 8:49,14.62625977
6/18/2026 8:54,14.62625977
6/18/2026 8:59,14.62625977
6/18/2026 9:04,14.62625977
6/18/2026 9:09,14.62625977
6/18/2026 9:14,14.71206055
6/18/2026 9:19,14.71206055
6/18/2026 9:24,14.71206055
6/18/2026 9:29,14.79786133
6/18/2026 9:34,14.84076172
6/18/2026 9:39,14.84076172
6/18/2026 9:44,14.9265625
6/18/2026 9:49,14.96946289
6/18/2026 9:54,14.96946289
6/18/2026 9:59,15.01236328
6/18/2026 10:04,15.01236328
6/18/2026 10:09,15.05526367
6/18/2026 10:14,15.14106445
6/18/2026 10:19,15.22686523
6/18/2026 10:24,15.26976562
6/18/2026 10:29,15.31266602
6/18/2026 10:34,15.3984668
6/18/2026 10:39,15.3984668
6/18/2026 10:44,15.48426758
6/18/2026 10:49,15.57006836
6/18/2026 10:54,15.52716797
6/18/2026 10:59,15.52716797
6/18/2026 11:04,15.57006836
6/18/2026 11:09,15.61296875
6/18/2026 11:14,15.65586914
6/18/2026 11:19,15.69876953
6/18/2026 11:24,15.69876953
6/18/2026 11:29,15.78457031
6/18/2026 11:34,15.8274707
6/18/2026 11:39,15.99907227
6/18/2026 11:44,16.08487305
6/18/2026 11:49,16.17067383
6/18/2026 11:54,16.21357422
6/18/2026 11:59,16.25647461
6/18/2026 12:04,16.21357422
6/18/2026 12:09,16.21357422
6/18/2026 12:14,16.21357422
6/18/2026 12:19,16.17067383
6/18/2026 12:24,16.21357422
6/18/2026 12:29,16.25647461
6/18/2026 12:34,16.42807617
6/18/2026 12:39,16.55677734
6/18/2026 12:44,16.55677734
6/18/2026 12:49,16.55677734
6/18/2026 12:54,16.59967773
6/18/2026 12:59,16.64257813
6/18/2026 13:04,16.55677734
6/18/2026 13:09,16.59967773
6/18/2026 13:14,16.7712793
6/18/2026 13:19,16.7712793
6/18/2026 13:24,16.81417969
6/18/2026 13:29,16.85708008
6/18/2026 13:34,16.98578125
6/18/2026 13:39,17.02868164
6/18/2026 13:44,17.07158203
6/18/2026 13:49,17.24318359
6/18/2026 13:54,17.24318359
6/18/2026 13:59,17.28608398
6/18/2026 14:04,17.37188477
6/18/2026 14:09,17.37188477
6/18/2026 14:14,17.41478516
6/18/2026 14:19,17.45768555
6/18/2026 14:24,17.45768555
6/18/2026 14:29,17.54348633
6/18/2026 14:34,17.50058594
6/18/2026 14:39,17.6721875
6/18/2026 14:44,17.71508789
6/18/2026 14:49,17.71508789
6/18/2026 14:54,17.71508789
6/18/2026 14:59,17.75798828
6/18/2026 15:04,17.71508789
6/18/2026 15:09,17.80088867
6/18/2026 15:14,17.84378906
6/18/2026 15:19,17.92958984
6/18/2026 15:24,17.92958984
6/18/2026 15:29,17.88668945
6/18/2026 15:34,17.84378906
6/18/2026 15:39,17.92958984
6/18/2026 15:44,18.01539063
6/18/2026 15:49,18.05829102
6/18/2026 15:54,18.10119141
6/18/2026 15:59,18.10119141
6/18/2026 16:04,18.18699219
6/18/2026 16:09,18.18699219
6/18/2026 16:14,18.35859375
6/18/2026 16:19,18.44439453
6/18/2026 16:24,18.44439453
6/18/2026 16:29,18.53019531
6/18/2026 16:34,18.53019531
6/18/2026 16:39,18.53019531
6/18/2026 16:44,18.53019531
6/18/2026 16:49,18.61599609
6/18/2026 16:54,18.74469727
6/18/2026 16:59,18.74469727
6/18/2026 17:04,18.83049805
6/18/2026 17:09,18.91629883
6/18/2026 17:14,18.87339844
6/18/2026 17:19,18.83049805
6/18/2026 17:24,18.91629883
6/18/2026 17:29,18.95919922
6/18/2026 17:34,19.00209961
6/18/2026 17:39,18.78759766
6/18/2026 17:44,18.87339844
6/18/2026 17:49,18.87339844
6/18/2026 17:54,18.83049805
6/18/2026 17:59,18.70179687
6/18/2026 18:04,18.65889648
6/18/2026 18:09,18.65889648
6/18/2026 18:14,18.70179687
6/18/2026 18:19,18.74469727
6/18/2026 18:24,18.74469727
6/18/2026 18:29,18.70179687
6/18/2026 18:34,18.65889648
6/18/2026 18:39,18.44439453
6/18/2026 18:44,18.31569336
6/18/2026 18:49,18.18699219
6/18/2026 18:54,18.01539063
6/18/2026 18:59,17.88668945
6/18/2026 19:04,17.80088867
6/18/2026 19:09,17.71508789
6/18/2026 19:14,17.62928711
6/18/2026 19:19,17.58638672
6/18/2026 19:24,17.50058594
6/18/2026 19:29,17.45768555
6/18/2026 19:34,17.32898437
6/18/2026 19:39,17.32898437
6/18/2026 19:44,17.24318359
6/18/2026 19:49,17.2002832
6/18/2026 19:54,17.11448242
6/18/2026 19:59,17.07158203
6/18/2026 20:04,17.02868164
6/18/2026 20:09,16.94288086
6/18/2026 20:14,16.89998047
6/18/2026 20:19,16.81417969
6/18/2026 20:24,16.7712793
6/18/2026 20:29,16.72837891
6/18/2026 20:34,16.64257813
6/18/2026 20:39,16.64257813
6/18/2026 20:44,16.64257813
6/18/2026 20:49,16.59967773
6/18/2026 20:54,16.47097656
6/18/2026 20:59,16.47097656
6/18/2026 21:04,16.34227539
6/18/2026 21:09,16.38517578
6/18/2026 21:14,16.299375
6/18/2026 21:19,16.25647461
6/18/2026 21:24,16.21357422
6/18/2026 21:29,16.17067383
6/18/2026 21:34,16.12777344
6/18/2026 21:39,16.08487305
6/18/2026 21:44,15.99907227
6/18/2026 21:49,16.04197266
6/18/2026 21:54,15.95617187
6/18/2026 21:59,15.95617187
6/18/2026 22:04,15.87037109
6/18/2026 22:09,15.8274707
6/18/2026 22:14,15.78457031
6/18/2026 22:19,15.74166992
6/18/2026 22:24,15.69876953
6/18/2026 22:29,15.65586914
6/18/2026 22:34,15.65586914
6/18/2026 22:39,15.61296875
6/18/2026 22:44,15.57006836
6/18/2026 22:49,15.52716797
6/18/2026 22:54,15.48426758
6/18/2026 22:59,15.44136719
6/18/2026 23:04,15.3984668
6/18/2026 23:09,15.35556641
6/18/2026 23:14,15.31266602
6/18/2026 23:19,15.31266602
6/18/2026 23:24,15.22686523
6/18/2026 23:29,15.26976562
6/18/2026 23:34,15.22686523
6/18/2026 23:39,15.22686523
6/18/2026 23:44,15.18396484
6/18/2026 23:49,15.14106445
6/18/2026 23:54,15.09816406
6/18/2026 23:59,15.05526367
6/19/2026 0:04,14.96946289
6/19/2026 0:09,14.96946289
6/19/2026 0:14,14.96946289
6/19/2026 0:19,14.96946289
6/19/2026 0:24,14.9265625
6/19/2026 0:29,14.9265625
6/19/2026 0:34,14.88366211
6/19/2026 0:39,14.84076172
6/19/2026 0:44,14.84076172
6/19/2026 0:49,14.84076172
6/19/2026 0:54,14.75496094
6/19/2026 0:59,14.75496094
6/19/2026 1:04,14.75496094
6/19/2026 1:09,14.71206055
6/19/2026 1:14,14.71206055
6/19/2026 1:19,14.62625977
6/19/2026 1:24,14.62625977
6/19/2026 1:29,14.62625977
6/19/2026 1:34,14.58335938
6/19/2026 1:39,14.58335938
6/19/2026 1:44,14.49755859
6/19/2026 1:49,14.49755859
6/19/2026 1:54,14.49755859
6/19/2026 1:59,14.4546582
6/19/2026 2:04,14.4546582
6/19/2026 2:09,14.4546582
6/19/2026 2:14,14.41175781
6/19/2026 2:19,14.36885742
6/19/2026 2:24,14.32595703
6/19/2026 2:29,14.28305664
6/19/2026 2:34,14.28305664
6/19/2026 2:39,14.32595703
6/19/2026 2:44,14.28305664
6/19/2026 2:49,14.28305664
6/19/2026 2:54,14.24015625
6/19/2026 2:59,14.24015625
6/19/2026 3:04,14.19725586
6/19/2026 3:09,14.15435547
6/19/2026 3:14,14.15435547
6/19/2026 3:19,14.11145508
6/19/2026 3:24,14.06855469
6/19/2026 3:29,14.11145508
6/19/2026 3:34,14.0256543
6/19/2026 3:39,14.06855469
6/19/2026 3:44,14.0256543
6/19/2026 3:49,13.98275391
6/19/2026 3:54,13.98275391
6/19/2026 3:59,13.93985352
6/19/2026 4:04,13.98275391
6/19/2026 4:09,13.89695312
6/19/2026 4:14,13.89695312
6/19/2026 4:19,13.85405273
6/19/2026 4:24,13.81115234
6/19/2026 4:29,13.85405273
6/19/2026 4:34,13.81115234
6/19/2026 4:39,13.76825195
6/19/2026 4:44,13.76825195
6/19/2026 4:49,13.72535156
6/19/2026 4:54,13.72535156
6/19/2026 4:59,13.68245117
6/19/2026 5:04,13.68245117
6/19/2026 5:09,13.68245117
6/19/2026 5:14,13.63955078
6/19/2026 5:19,13.59665039
6/19/2026 5:24,13.59665039
6/19/2026 5:29,13.55375
6/19/2026 5:34,13.59665039
6/19/2026 5:39,13.59665039
6/19/2026 5:44,13.59665039
6/19/2026 5:49,13.51084961
6/19/2026 5:54,13.51084961
6/19/2026 5:59,13.55375
6/19/2026 6:04,13.51084961
6/19/2026 6:09,13.55375
6/19/2026 6:14,13.51084961
6/19/2026 6:19,13.51084961
6/19/2026 6:24,13.46794922
6/19/2026 6:29,13.46794922
6/19/2026 6:34,13.51084961
6/19/2026 6:39,13.51084961
6/19/2026 6:44,13.46794922
6/19/2026 6:49,13.46794922
6/19/2026 6:54,13.46794922
6/19/2026 6:59,13.46794922
6/19/2026 7:04,13.46794922
6/19/2026 7:09,13.51084961
6/19/2026 7:14,13.46794922
6/19/2026 7:19,13.46794922
6/19/2026 7:24,13.51084961
6/19/2026 7:29,13.51084961
6/19/2026 7:34,13.55375
6/19/2026 7:39,13.55375
6/19/2026 7:44,13.59665039
6/19/2026 7:49,13.55375
6/19/2026 7:54,13.55375
6/19/2026 7:59,13.59665039
6/19/2026 8:04,13.59665039
6/19/2026 8:09,13.59665039
6/19/2026 8:14,13.63955078
6/19/2026 8:19,13.68245117
6/19/2026 8:24,13.68245117
6/19/2026 8:29,13.76825195
6/19/2026 8:34,13.81115234
6/19/2026 8:39,13.89695312
6/19/2026 8:44,13.89695312
6/19/2026 8:49,13.93985352
6/19/2026 8:54,13.98275391
6/19/2026 8:59,13.98275391
6/19/2026 9:04,14.06855469
6/19/2026 9:09,14.06855469
6/19/2026 9:14,14.06855469
6/19/2026 9:19,14.15435547
6/19/2026 9:24,14.19725586
6/19/2026 9:29,14.24015625
6/19/2026 9:34,14.32595703
6/19/2026 9:39,14.32595703
6/19/2026 9:44,14.36885742
6/19/2026 9:49,14.41175781
6/19/2026 9:54,14.4546582
6/19/2026 9:59,14.4546582
6/19/2026 10:04,14.4546582
6/19/2026 10:09,14.54045898
6/19/2026 10:14,14.54045898
6/19/2026 10:19,14.54045898
6/19/2026 10:24,14.62625977
6/19/2026 10:29,14.62625977
6/19/2026 10:34,14.62625977
6/19/2026 10:39,14.71206055
6/19/2026 10:44,14.71206055
6/19/2026 10:49,14.66916016
6/19/2026 10:54,14.66916016
6/19/2026 10:59,14.66916016
6/19/2026 11:04,14.66916016
6/19/2026 11:09,14.62625977
6/19/2026 11:14,14.71206055
6/19/2026 11:19,14.66916016
6/19/2026 11:24,14.71206055
6/19/2026 11:29,14.71206055
6/19/2026 11:34,14.75496094
6/19/2026 11:39,14.71206055
6/19/2026 11:44,14.71206055
6/19/2026 11:49,14.71206055
6/19/2026 11:54,14.75496094
6/19/2026 11:59,14.75496094
6/19/2026 12:04,14.79786133
6/19/2026 12:09,14.84076172
6/19/2026 12:14,14.9265625
6/19/2026 12:19,14.96946289
6/19/2026 12:24,14.96946289
6/19/2026 12:29,15.01236328
6/19/2026 12:34,15.01236328
6/19/2026 12:39,15.09816406
6/19/2026 12:44,15.09816406
6/19/2026 12:49,15.18396484
6/19/2026 12:54,15.18396484
6/19/2026 12:59,15.18396484
6/19/2026 13:04,15.26976562
6/19/2026 13:09,15.35556641
6/19/2026 13:14,15.48426758
6/19/2026 13:19,15.48426758
6/19/2026 13:24,15.48426758
6/19/2026 13:29,15.48426758
6/19/2026 13:34,15.48426758
6/19/2026 13:39,15.44136719
6/19/2026 13:44,15.48426758
6/19/2026 13:49,15.52716797
6/19/2026 13:54,15.48426758
6/19/2026 13:59,15.48426758
6/19/2026 14:04,15.57006836
6/19/2026 14:09,15.57006836
6/19/2026 14:14,15.65586914
6/19/2026 14:19,15.74166992
6/19/2026 14:24,15.87037109
6/19/2026 14:29,15.99907227
6/19/2026 14:34,16.08487305
6/19/2026 14:39,16.12777344
6/19/2026 14:44,16.25647461
6/19/2026 14:49,16.299375
6/19/2026 14:54,16.34227539
6/19/2026 14:59,16.42807617
6/19/2026 15:04,16.34227539
6/19/2026 15:09,16.47097656
6/19/2026 15:14,16.51387695
6/19/2026 15:19,16.51387695
6/19/2026 15:24,16.55677734
6/19/2026 15:29,16.59967773
6/19/2026 15:34,16.59967773
6/19/2026 15:39,16.68547852
6/19/2026 15:44,16.68547852
6/19/2026 15:49,16.72837891
6/19/2026 15:54,16.7712793
6/19/2026 15:59,16.7712793
6/19/2026 16:04,16.85708008
6/19/2026 16:09,16.98578125
6/19/2026 16:14,17.07158203
6/19/2026 16:19,17.15738281
6/19/2026 16:24,17.2002832
6/19/2026 16:29,17.2002832
6/19/2026 16:34,17.24318359
6/19/2026 16:39,17.32898437
6/19/2026 16:44,17.32898437
6/19/2026 16:49,17.32898437
6/19/2026 16:54,17.37188477
6/19/2026 16:59,17.45768555
6/19/2026 17:04,17.41478516
6/19/2026 17:09,17.32898437
6/19/2026 17:14,17.41478516
6/19/2026 17:19,17.54348633
6/19/2026 17:24,17.58638672
6/19/2026 17:29,17.62928711
6/19/2026 17:34,17.71508789
6/19/2026 17:39,17.71508789
6/19/2026 17:44,17.6721875
6/19/2026 17:49,17.6721875
6/19/2026 17:54,17.71508789
6/19/2026 17:59,17.62928711
6/19/2026 18:04,17.50058594
6/19/2026 18:09,17.37188477
6/19/2026 18:14,17.32898437
6/19/2026 18:19,17.28608398
6/19/2026 18:24,17.2002832
6/19/2026 18:29,17.15738281
6/19/2026 18:34,17.07158203
6/19/2026 18:39,16.98578125
6/19/2026 18:44,16.94288086
6/19/2026 18:49,16.89998047
6/19/2026 18:54,16.94288086
6/19/2026 18:59,16.89998047
6/19/2026 19:04,16.89998047
6/19/2026 19:09,16.94288086
6/19/2026 19:14,16.81417969
6/19/2026 19:19,16.7712793
6/19/2026 19:24,16.72837891
6/19/2026 19:29,16.68547852
6/19/2026 19:34,16.59967773
6/19/2026 19:39,16.51387695
6/19/2026 19:44,16.47097656
6/19/2026 19:49,16.38517578
6/19/2026 19:54,16.38517578
6/19/2026 19:59,16.34227539
6/19/2026 20:04,16.299375
6/19/2026 20:09,16.25647461
6/19/2026 20:14,16.21357422
6/19/2026 20:19,16.21357422
6/19/2026 20:24,16.17067383
6/19/2026 20:29,16.12777344
6/19/2026 20:34,16.08487305
6/19/2026 20:39,16.04197266
6/19/2026 20:44,16.04197266
6/19/2026 20:49,15.95617187
6/19/2026 20:54,15.91327148
6/19/2026 20:59,15.87037109
6/19/2026 21:04,15.8274707
6/19/2026 21:09,15.8274707
6/19/2026 21:14,15.74166992
6/19/2026 21:19,15.74166992
6/19/2026 21:24,15.69876953
6/19/2026 21:29,15.65586914
6/19/2026 21:34,15.57006836
6/19/2026 21:39,15.52716797
6/19/2026 21:44,15.52716797
6/19/2026 21:49,15.48426758
6/19/2026 21:54,15.44136719
6/19/2026 21:59,15.3984668
6/19/2026 22:04,15.35556641
6/19/2026 22:09,15.31266602
6/19/2026 22:14,15.26976562
6/19/2026 22:19,15.18396484
6/19/2026 22:24,15.26976562
6/19/2026 22:29,15.18396484
6/19/2026 22:34,15.18396484
6/19/2026 22:39,15.18396484
6/19/2026 22:44,15.14106445
6/19/2026 22:49,15.09816406
6/19/2026 22:54,15.05526367
6/19/2026 22:59,15.01236328
6/19/2026 23:04,15.01236328
6/19/2026 23:09,14.96946289
6/19/2026 23:14,14.9265625
6/19/2026 23:19,14.88366211
6/19/2026 23:24,14.88366211
6/19/2026 23:29,14.84076172
6/19/2026 23:34,14.79786133
6/19/2026 23:39,14.79786133
6/19/2026 23:44,14.71206055
6/19/2026 23:49,14.66916016
6/19/2026 23:54,14.66916016
6/19/2026 23:59,14.66916016
6/20/2026 0:04,14.62625977
6/20/2026 0:09,14.62625977
6/20/2026 0:14,14.58335938
6/20/2026 0:19,14.54045898
6/20/2026 0:24,14.49755859
6/20/2026 0:29,14.54045898
6/20/2026 0:34,14.4546582
6/20/2026 0:39,14.41175781
6/20/2026 0:44,14.41175781
6/20/2026 0:49,14.36885742
6/20/2026 0:54,14.32595703
6/20/2026 0:59,14.28305664
6/20/2026 1:04,14.32595703
6/20/2026 1:09,14.32595703
6/20/2026 1:14,14.32595703
6/20/2026 1:19,14.24015625
6/20/2026 1:24,14.28305664
6/20/2026 1:29,14.19725586
6/20/2026 1:34,14.15435547
6/20/2026 1:39,14.15435547
6/20/2026 1:44,14.19725586
6/20/2026 1:49,14.19725586
6/20/2026 1:54,14.11145508
6/20/2026 1:59,14.15435547
6/20/2026 2:04,14.11145508
6/20/2026 2:09,14.06855469
6/20/2026 2:14,14.06855469
6/20/2026 2:19,14.0256543
6/20/2026 2:24,13.98275391
6/20/2026 2:29,13.98275391
6/20/2026 2:34,13.93985352
6/20/2026 2:39,13.93985352
6/20/2026 2:44,13.89695312
6/20/2026 2:49,13.89695312
6/20/2026 2:54,13.85405273
6/20/2026 2:59,13.85405273
6/20/2026 3:04,13.76825195
6/20/2026 3:09,13.76825195
6/20/2026 3:14,13.68245117
6/20/2026 3:19,13.72535156
6/20/2026 3:24,13.68245117
6/20/2026 3:29,13.63955078
6/20/2026 3:34,13.63955078
6/20/2026 3:39,13.59665039
6/20/2026 3:44,13.59665039
6/20/2026 3:49,13.55375
6/20/2026 3:54,13.55375
6/20/2026 3:59,13.55375
6/20/2026 4:04,13.46794922
6/20/2026 4:09,13.46794922
6/20/2026 4:14,13.51084961
6/20/2026 4:19,13.46794922
6/20/2026 4:24,13.46794922
6/20/2026 4:29,13.42504883
6/20/2026 4:34,13.42504883
6/20/2026 4:39,13.38214844
6/20/2026 4:44,13.33924805
6/20/2026 4:49,13.33924805
6/20/2026 4:54,13.29634766
6/20/2026 4:59,13.25344727
6/20/2026 5:04,13.25344727
6/20/2026 5:09,13.21054687
6/20/2026 5:14,13.25344727
6/20/2026 5:19,13.25344727
6/20/2026 5:24,13.21054687
6/20/2026 5:29,13.12474609
6/20/2026 5:34,13.16764648
6/20/2026 5:39,13.12474609
6/20/2026 5:44,13.12474609
6/20/2026 5:49,13.12474609
6/20/2026 5:54,13.0818457
6/20/2026 5:59,13.0818457
6/20/2026 6:04,13.0818457
6/20/2026 6:09,13.0818457
6/20/2026 6:14,13.0818457
6/20/2026 6:19,13.0818457
6/20/2026 6:24,12.99604492
6/20/2026 6:29,12.99604492
6/20/2026 6:34,12.99604492
6/20/2026 6:39,12.99604492
6/20/2026 6:44,13.03894531
6/20/2026 6:49,12.99604492
6/20/2026 6:54,12.99604492
6/20/2026 6:59,12.99604492
6/20/2026 7:04,12.99604492
6/20/2026 7:09,12.95314453
6/20/2026 7:14,12.95314453
6/20/2026 7:19,12.95314453
6/20/2026 7:24,12.91024414
6/20/2026 7:29,12.95314453
6/20/2026 7:34,12.91024414
6/20/2026 7:39,12.95314453
6/20/2026 7:44,12.95314453
6/20/2026 7:49,12.91024414
6/20/2026 7:54,12.95314453
6/20/2026 7:59,12.95314453
6/20/2026 8:04,12.95314453
6/20/2026 8:09,12.95314453
6/20/2026 8:14,12.99604492
6/20/2026 8:19,12.99604492
6/20/2026 8:24,12.95314453
6/20/2026 8:29,13.03894531
6/20/2026 8:34,13.03894531
6/20/2026 8:39,13.03894531
6/20/2026 8:44,13.03894531
6/20/2026 8:49,13.0818457
6/20/2026 8:54,13.0818457
6/20/2026 8:59,13.12474609
6/20/2026 9:04,13.16764648
6/20/2026 9:09,13.16764648
6/20/2026 9:14,13.21054687
6/20/2026 9:19,13.21054687
6/20/2026 9:24,13.29634766
6/20/2026 9:29,13.33924805
6/20/2026 9:34,13.33924805
6/20/2026 9:39,13.38214844
6/20/2026 9:44,13.42504883
6/20/2026 9:49,13.46794922
6/20/2026 9:54,13.51084961
6/20/2026 9:59,13.55375
6/20/2026 10:04,13.59665039
6/20/2026 10:09,13.72535156
6/20/2026 10:14,13.76825195
6/20/2026 10:19,13.85405273
6/20/2026 10:24,13.98275391
6/20/2026 10:29,13.98275391
6/20/2026 10:34,14.06855469
6/20/2026 10:39,14.15435547
6/20/2026 10:44,14.19725586
6/20/2026 10:49,14.28305664
6/20/2026 10:54,14.32595703
6/20/2026 10:59,14.4546582
6/20/2026 11:04,14.54045898
6/20/2026 11:09,14.62625977
6/20/2026 11:14,14.75496094
6/20/2026 11:19,14.88366211
6/20/2026 11:24,14.96946289
6/20/2026 11:29,15.01236328
6/20/2026 11:34,15.18396484
6/20/2026 11:39,15.26976562
6/20/2026 11:44,15.48426758
6/20/2026 11:49,15.61296875
6/20/2026 11:54,15.57006836
6/20/2026 11:59,15.65586914
6/20/2026 12:04,15.69876953
6/20/2026 12:09,15.8274707
6/20/2026 12:14,15.8274707
6/20/2026 12:19,15.87037109
6/20/2026 12:24,15.91327148
6/20/2026 12:29,15.91327148
6/20/2026 12:34,15.91327148
6/20/2026 12:39,15.95617187
6/20/2026 12:44,16.04197266
6/20/2026 12:49,16.04197266
6/20/2026 12:54,16.12777344
6/20/2026 12:59,16.21357422
6/20/2026 13:04,16.21357422
6/20/2026 13:09,16.299375
6/20/2026 13:14,16.299375
6/20/2026 13:19,16.34227539
6/20/2026 13:24,16.42807617
6/20/2026 13:29,16.42807617
6/20/2026 13:34,16.51387695
6/20/2026 13:39,16.59967773
6/20/2026 13:44,16.64257813
6/20/2026 13:49,16.7712793
6/20/2026 13:54,16.7712793
6/20/2026 13:59,16.7712793
6/20/2026 14:04,16.7712793
6/20/2026 14:09,16.7712793
6/20/2026 14:14,16.85708008
6/20/2026 14:19,16.85708008
6/20/2026 14:24,16.89998047
6/20/2026 14:29,16.85708008
6/20/2026 14:34,16.98578125
6/20/2026 14:39,17.07158203
6/20/2026 14:44,17.15738281
6/20/2026 14:49,17.24318359
6/20/2026 14:54,17.37188477
6/20/2026 14:59,17.2002832
6/20/2026 15:04,17.2002832
6/20/2026 15:09,17.2002832
6/20/2026 15:14,17.2002832
6/20/2026 15:19,17.32898437
6/20/2026 15:24,17.32898437
6/20/2026 15:29,17.32898437
6/20/2026 15:34,17.24318359
6/20/2026 15:39,17.32898437
6/20/2026 15:44,17.37188477
6/20/2026 15:49,17.41478516
6/20/2026 15:54,17.54348633
6/20/2026 15:59,17.54348633
6/20/2026 16:04,17.54348633
6/20/2026 16:09,17.62928711
6/20/2026 16:14,17.6721875
6/20/2026 16:19,17.80088867
6/20/2026 16:24,17.75798828
6/20/2026 16:29,17.80088867
6/20/2026 16:34,17.88668945
6/20/2026 16:39,17.84378906
6/20/2026 16:44,17.84378906
6/20/2026 16:49,17.84378906
6/20/2026 16:54,17.92958984
6/20/2026 16:59,18.01539063
6/20/2026 17:04,18.01539063
6/20/2026 17:09,18.1440918
6/20/2026 17:14,18.1440918
6/20/2026 17:19,18.22989258
6/20/2026 17:24,18.22989258
6/20/2026 17:29,18.27279297
6/20/2026 17:34,18.35859375
6/20/2026 17:39,18.35859375
6/20/2026 17:44,18.44439453
6/20/2026 17:49,18.48729492
6/20/2026 17:54,18.48729492
6/20/2026 17:59,18.48729492
6/20/2026 18:04,18.53019531
6/20/2026 18:09,18.5730957
6/20/2026 18:14,18.5730957
6/20/2026 18:19,18.65889648
6/20/2026 18:24,18.61599609
6/20/2026 18:29,18.74469727
6/20/2026 18:34,18.70179687
6/20/2026 18:39,18.65889648
6/20/2026 18:44,18.53019531
6/20/2026 18:49,18.48729492
6/20/2026 18:54,18.35859375
6/20/2026 18:59,18.22989258
6/20/2026 19:04,18.05829102
6/20/2026 19:09,17.97249023
6/20/2026 19:14,17.84378906
6/20/2026 19:19,17.71508789
6/20/2026 19:24,17.62928711
6/20/2026 19:29,17.54348633
6/20/2026 19:34,17.50058594
6/20/2026 19:39,17.41478516
6/20/2026 19:44,17.28608398
6/20/2026 19:49,17.2002832
6/20/2026 19:54,17.15738281
6/20/2026 19:59,17.07158203
6/20/2026 20:04,17.02868164
6/20/2026 20:09,16.94288086
6/20/2026 20:14,16.89998047
6/20/2026 20:19,16.7712793
6/20/2026 20:24,16.72837891
6/20/2026 20:29,16.68547852
6/20/2026 20:34,16.59967773
6/20/2026 20:39,16.59967773
6/20/2026 20:44,16.47097656
6/20/2026 20:49,16.42807617
6/20/2026 20:54,16.42807617
6/20/2026 20:59,16.299375
6/20/2026 21:04,16.25647461
6/20/2026 21:09,16.21357422
6/20/2026 21:14,16.12777344
6/20/2026 21:19,16.08487305
6/20/2026 21:24,16.04197266
6/20/2026 21:29,16.04197266
6/20/2026 21:34,15.91327148
6/20/2026 21:39,15.8274707
6/20/2026 21:44,15.8274707
6/20/2026 21:49,15.78457031
6/20/2026 21:54,15.69876953
6/20/2026 21:59,15.69876953
6/20/2026 22:04,15.61296875
6/20/2026 22:09,15.52716797
6/20/2026 22:14,15.57006836
6/20/2026 22:19,15.48426758
6/20/2026 22:24,15.44136719
6/20/2026 22:29,15.44136719
6/20/2026 22:34,15.3984668
6/20/2026 22:39,15.35556641
6/20/2026 22:44,15.26976562
6/20/2026 22:49,15.26976562
6/20/2026 22:54,15.18396484
6/20/2026 22:59,15.14106445
6/20/2026 23:04,15.14106445
6/20/2026 23:09,15.09816406
6/20/2026 23:14,15.05526367
6/20/2026 23:19,15.01236328
6/20/2026 23:24,14.96946289
6/20/2026 23:29,14.9265625
6/20/2026 23:34,14.88366211
6/20/2026 23:39,14.88366211
6/20/2026 23:44,14.79786133
6/20/2026 23:49,14.75496094
6/20/2026 23:54,14.71206055
6/20/2026 23:59,14.66916016
6/21/2026 0:04,14.71206055
6/21/2026 0:09,14.62625977
6/21/2026 0:14,14.66916016
6/21/2026 0:19,14.62625977
6/21/2026 0:24,14.58335938
6/21/2026 0:29,14.4546582
6/21/2026 0:34,14.4546582
6/21/2026 0:39,14.4546582
6/21/2026 0:44,14.4546582
6/21/2026 0:49,14.41175781
6/21/2026 0:54,14.32595703
6/21/2026 0:59,14.32595703
6/21/2026 1:04,14.32595703
6/21/2026 1:09,14.24015625
6/21/2026 1:14,14.24015625
6/21/2026 1:19,14.15435547
6/21/2026 1:24,14.15435547
6/21/2026 1:29,14.11145508
6/21/2026 1:34,14.06855469
6/21/2026 1:39,14.06855469
6/21/2026 1:44,13.98275391
6/21/2026 1:49,13.98275391
6/21/2026 1:54,13.93985352
6/21/2026 1:59,13.89695312
6/21/2026 2:04,13.85405273
6/21/2026 2:09,13.89695312
6/21/2026 2:14,13.81115234
6/21/2026 2:19,13.81115234
6/21/2026 2:24,13.76825195
6/21/2026 2:29,13.72535156
6/21/2026 2:34,13.72535156
6/21/2026 2:39,13.68245117
6/21/2026 2:44,13.63955078
6/21/2026 2:49,13.68245117
6/21/2026 2:54,13.59665039
6/21/2026 2:59,13.59665039
6/21/2026 3:04,13.55375
6/21/2026 3:09,13.46794922
6/21/2026 3:14,13.51084961
6/21/2026 3:19,13.51084961
6/21/2026 3:24,13.42504883
6/21/2026 3:29,13.42504883
6/21/2026 3:34,13.42504883
6/21/2026 3:39,13.38214844
6/21/2026 3:44,13.33924805
6/21/2026 3:49,13.33924805
6/21/2026 3:54,13.33924805
6/21/2026 3:59,13.29634766
6/21/2026 4:04,13.25344727
6/21/2026 4:09,13.21054687
6/21/2026 4:14,13.25344727
6/21/2026 4:19,13.25344727
6/21/2026 4:24,13.16764648
6/21/2026 4:29,13.12474609
6/21/2026 4:34,13.16764648
6/21/2026 4:39,13.12474609
6/21/2026 4:44,13.03894531
6/21/2026 4:49,13.03894531
6/21/2026 4:54,13.03894531
6/21/2026 4:59,12.99604492
6/21/2026 5:04,12.99604492
6/21/2026 5:09,12.95314453
6/21/2026 5:14,12.99604492
6/21/2026 5:19,12.95314453
6/21/2026 5:24,12.91024414
6/21/2026 5:29,12.91024414
6/21/2026 5:34,12.91024414
6/21/2026 5:39,12.86734375
6/21/2026 5:44,12.86734375
6/21/2026 5:49,12.91024414
6/21/2026 5:54,12.86734375
6/21/2026 5:59,12.78154297
6/21/2026 6:04,12.78154297
6/21/2026 6:09,12.73864258
6/21/2026 6:14,12.78154297
6/21/2026 6:19,12.73864258
6/21/2026 6:24,12.78154297
6/21/2026 6:29,12.69574219
6/21/2026 6:34,12.78154297
6/21/2026 6:39,12.73864258
6/21/2026 6:44,12.78154297
6/21/2026 6:49,12.73864258
6/21/2026 6:54,12.73864258
6/21/2026 6:59,12.78154297
6/21/2026 7:04,12.82444336
6/21/2026 7:09,12.78154297
6/21/2026 7:14,12.86734375
6/21/2026 7:19,12.82444336
6/21/2026 7:24,12.82444336
6/21/2026 7:29,12.82444336
6/21/2026 7:34,12.82444336
6/21/2026 7:39,12.86734375
6/21/2026 7:44,12.91024414
6/21/2026 7:49,12.91024414
6/21/2026 7:54,12.99604492
6/21/2026 7:59,12.95314453
6/21/2026 8:04,12.99604492
6/21/2026 8:09,13.03894531
6/21/2026 8:14,13.03894531
6/21/2026 8:19,13.0818457
6/21/2026 8:24,13.03894531
6/21/2026 8:29,13.0818457
6/21/2026 8:34,13.16764648
6/21/2026 8:39,13.16764648
6/21/2026 8:44,13.21054687
6/21/2026 8:49,13.21054687
6/21/2026 8:54,13.21054687
6/21/2026 8:59,13.29634766
6/21/2026 9:04,13.33924805
6/21/2026 9:09,13.38214844
6/21/2026 9:14,13.42504883
6/21/2026 9:19,13.46794922
6/21/2026 9:24,13.46794922
6/21/2026 9:29,13.51084961
6/21/2026 9:34,13.55375
6/21/2026 9:39,13.63955078
6/21/2026 9:44,13.63955078
6/21/2026 9:49,13.63955078
6/21/2026 9:54,13.72535156
6/21/2026 9:59,13.76825195
6/21/2026 10:04,13.76825195
6/21/2026 10:09,13.76825195
6/21/2026 10:14,13.81115234
6/21/2026 10:19,13.89695312
6/21/2026 10:24,13.98275391
6/21/2026 10:29,14.0256543
6/21/2026 10:34,14.06855469
6/21/2026 10:39,14.11145508
6/21/2026 10:44,14.19725586
6/21/2026 10:49,14.24015625
6/21/2026 10:54,14.24015625
6/21/2026 10:59,14.41175781
6/21/2026 11:04,14.4546582
6/21/2026 11:09,14.4546582
6/21/2026 11:14,14.54045898
6/21/2026 11:19,14.62625977
6/21/2026 11:24,14.66916016
6/21/2026 11:29,14.75496094
6/21/2026 11:34,14.88366211
6/21/2026 11:39,14.96946289
6/21/2026 11:44,15.05526367
6/21/2026 11:49,15.01236328
6/21/2026 11:54,15.14106445
6/21/2026 11:59,15.22686523
6/21/2026 12:04,15.26976562
6/21/2026 12:09,15.26976562
6/21/2026 12:14,15.26976562
6/21/2026 12:19,15.26976562
6/21/2026 12:24,15.35556641
6/21/2026 12:29,15.3984668
6/21/2026 12:34,15.48426758
6/21/2026 12:39,15.52716797
6/21/2026 12:44,15.65586914
6/21/2026 12:49,15.69876953
6/21/2026 12:54,15.91327148
6/21/2026 12:59,15.95617187
6/21/2026 13:04,15.99907227
6/21/2026 13:09,16.04197266
6/21/2026 13:14,16.12777344
6/21/2026 13:19,16.21357422
6/21/2026 13:24,16.25647461
6/21/2026 13:29,16.34227539
6/21/2026 13:34,16.47097656
6/21/2026 13:39,16.51387695
6/21/2026 13:44,16.64257813
6/21/2026 13:49,16.72837891
6/21/2026 13:54,16.72837891
6/21/2026 13:59,16.68547852
6/21/2026 14:04,16.72837891
6/21/2026 14:09,16.72837891
6/21/2026 14:14,16.72837891
6/21/2026 14:19,16.59967773
6/21/2026 14:24,16.51387695
6/21/2026 14:29,16.55677734
6/21/2026 14:34,16.59967773
6/21/2026 14:39,16.59967773
6/21/2026 14:44,16.59967773
6/21/2026 14:49,16.64257813
6/21/2026 14:54,16.59967773
6/21/2026 14:59,16.68547852
6/21/2026 15:04,16.64257813
6/21/2026 15:09,16.64257813
6/21/2026 15:14,16.64257813
6/21/2026 15:19,16.72837891
6/21/2026 15:24,16.68547852
6/21/2026 15:29,16.68547852
6/21/2026 15:34,16.59967773
6/21/2026 15:39,16.59967773
6/21/2026 15:44,16.59967773
6/21/2026 15:49,16.59967773
6/21/2026 15:54,16.55677734
6/21/2026 15:59,16.59967773
6/21/2026 16:04,16.59967773
6/21/2026 16:09,16.64257813
6/21/2026 16:14,16.64257813
6/21/2026 16:19,16.68547852
6/21/2026 16:24,16.64257813
6/21/2026 16:29,16.59967773
6/21/2026 16:34,16.64257813
6/21/2026 16:39,16.68547852
6/21/2026 16:44,16.68547852
6/21/2026 16:49,16.55677734
6/21/2026 16:54,16.51387695
6/21/2026 16:59,16.38517578
6/21/2026 17:04,16.51387695
6/21/2026 17:09,16.51387695
6/21/2026 17:14,16.51387695
6/21/2026 17:19,16.47097656
6/21/2026 17:24,16.51387695
6/21/2026 17:29,16.51387695
6/21/2026 17:34,16.47097656
6/21/2026 17:39,16.55677734
6/21/2026 17:44,16.51387695
6/21/2026 17:49,16.51387695
6/21/2026 17:54,16.51387695
6/21/2026 17:59,16.47097656
6/21/2026 18:04,16.51387695
6/21/2026 18:09,16.47097656
6/21/2026 18:14,16.47097656
6/21/2026 18:19,16.47097656
6/21/2026 18:24,16.51387695
6/21/2026 18:29,16.42807617
6/21/2026 18:34,16.55677734
6/21/2026 18:39,16.59967773
6/21/2026 18:44,16.68547852
6/21/2026 18:49,16.68547852
6/21/2026 18:54,16.68547852
6/21/2026 18:59,16.59967773
6/21/2026 19:04,16.55677734
6/21/2026 19:09,16.47097656
6/21/2026 19:14,16.38517578
6/21/2026 19:19,16.34227539
6/21/2026 19:24,16.299375
6/21/2026 19:29,16.21357422
6/21/2026 19:34,16.17067383
6/21/2026 19:39,16.12777344
6/21/2026 19:44,16.12777344
6/21/2026 19:49,16.08487305
6/21/2026 19:54,15.99907227
6/21/2026 19:59,15.95617187
6/21/2026 20:04,15.99907227
6/21/2026 20:09,15.91327148
6/21/2026 20:14,15.87037109
6/21/2026 20:19,15.87037109
6/21/2026 20:24,15.8274707
6/21/2026 20:29,15.78457031
6/21/2026 20:34,15.74166992
6/21/2026 20:39,15.69876953
6/21/2026 20:44,15.65586914
6/21/2026 20:49,15.57006836
6/21/2026 20:54,15.52716797
6/21/2026 20:59,15.48426758
6/21/2026 21:04,15.48426758
6/21/2026 21:09,15.44136719
6/21/2026 21:14,15.3984668
6/21/2026 21:19,15.3984668
6/21/2026 21:24,15.35556641
6/21/2026 21:29,15.31266602
6/21/2026 21:34,15.31266602
6/21/2026 21:39,15.26976562
6/21/2026 21:44,15.22686523
6/21/2026 21:49,15.18396484
6/21/2026 21:54,15.14106445
6/21/2026 21:59,15.09816406
6/21/2026 22:04,15.09816406
6/21/2026 22:09,15.05526367
6/21/2026 22:14,15.05526367
6/21/2026 22:19,15.01236328
6/21/2026 22:24,15.01236328
6/21/2026 22:29,14.96946289
6/21/2026 22:34,14.96946289
6/21/2026 22:39,14.96946289
6/21/2026 22:44,14.88366211
6/21/2026 22:49,14.88366211
6/21/2026 22:54,14.88366211
6/21/2026 22:59,14.84076172
6/21/2026 23:04,14.84076172
6/21/2026 23:09,14.79786133
6/21/2026 23:14,14.79786133
6/21/2026 23:19,14.79786133
6/21/2026 23:24,14.79786133
6/21/2026 23:29,14.75496094
6/21/2026 23:34,14.75496094
6/21/2026 23:39,14.71206055
6/21/2026 23:44,14.71206055
6/21/2026 23:49,14.71206055
6/21/2026 23:54,14.66916016
6/21/2026 23:59,14.66916016
6/22/2026 0:04,14.62625977
6/22/2026 0:09,14.62625977
6/22/2026 0:14,14.58335938
6/22/2026 0:19,14.62625977
6/22/2026 0:24,14.58335938
6/22/2026 0:29,14.54045898
6/22/2026 0:34,14.4546582
6/22/2026 0:39,14.58335938
6/22/2026 0:44,14.54045898
6/22/2026 0:49,14.54045898
6/22/2026 0:54,14.4546582
6/22/2026 0:59,14.4546582
6/22/2026 1:04,14.4546582
6/22/2026 1:09,14.4546582
6/22/2026 1:14,14.41175781
6/22/2026 1:19,14.4546582
6/22/2026 1:24,14.41175781
6/22/2026 1:29,14.36885742
6/22/2026 1:34,14.28305664
6/22/2026 1:39,14.36885742
6/22/2026 1:44,14.32595703
6/22/2026 1:49,14.32595703
6/22/2026 1:54,14.24015625
6/22/2026 1:59,14.24015625
6/22/2026 2:04,14.24015625
6/22/2026 2:09,14.15435547
6/22/2026 2:14,14.15435547
6/22/2026 2:19,14.15435547
6/22/2026 2:24,14.11145508
6/22/2026 2:29,14.11145508
6/22/2026 2:34,14.06855469
6/22/2026 2:39,14.0256543
6/22/2026 2:44,13.98275391
6/22/2026 2:49,14.0256543
6/22/2026 2:54,13.98275391
6/22/2026 2:59,13.93985352
6/22/2026 3:04,13.93985352
6/22/2026 3:09,13.93985352
6/22/2026 3:14,13.89695312
6/22/2026 3:19,13.89695312
6/22/2026 3:24,13.85405273
6/22/2026 3:29,13.85405273
6/22/2026 3:34,13.81115234
6/22/2026 3:39,13.76825195
6/22/2026 3:44,13.76825195
6/22/2026 3:49,13.68245117
6/22/2026 3:54,13.68245117
6/22/2026 3:59,13.63955078
6/22/2026 4:04,13.68245117
6/22/2026 4:09,13.59665039
6/22/2026 4:14,13.63955078
6/22/2026 4:19,13.59665039
6/22/2026 4:24,13.59665039
6/22/2026 4:29,13.59665039
6/22/2026 4:34,13.59665039
6/22/2026 4:39,13.55375
6/22/2026 4:44,13.51084961
6/22/2026 4:49,13.55375
6/22/2026 4:54,13.51084961
6/22/2026 4:59,13.51084961
6/22/2026 5:04,13.46794922
6/22/2026 5:09,13.46794922
6/22/2026 5:14,13.51084961
6/22/2026 5:19,13.42504883
6/22/2026 5:24,13.42504883
6/22/2026 5:29,13.38214844
6/22/2026 5:34,13.38214844
6/22/2026 5:39,13.42504883
6/22/2026 5:44,13.38214844
6/22/2026 5:49,13.33924805
6/22/2026 5:54,13.33924805
6/22/2026 5:59,13.29634766
6/22/2026 6:04,13.33924805
6/22/2026 6:09,13.29634766
6/22/2026 6:14,13.29634766
6/22/2026 6:19,13.25344727
6/22/2026 6:24,13.21054687
6/22/2026 6:29,13.21054687
6/22/2026 6:34,13.16764648
6/22/2026 6:39,13.21054687
6/22/2026 6:44,13.21054687
6/22/2026 6:49,13.21054687
6/22/2026 6:54,13.0818457
6/22/2026 6:59,13.12474609
6/22/2026 7:04,13.16764648
6/22/2026 7:09,13.12474609
6/22/2026 7:14,13.12474609
6/22/2026 7:19,13.12474609
6/22/2026 7:24,13.0818457
6/22/2026 7:29,13.12474609
6/22/2026 7:34,13.12474609
6/22/2026 7:39,13.12474609
6/22/2026 7:44,13.16764648
6/22/2026 7:49,13.12474609
6/22/2026 7:54,13.0818457
6/22/2026 7:59,13.16764648
6/22/2026 8:04,13.0818457
6/22/2026 8:09,13.12474609
6/22/2026 8:14,13.16764648
6/22/2026 8:19,13.16764648
6/22/2026 8:24,13.16764648
6/22/2026 8:29,13.21054687
6/22/2026 8:34,13.21054687
6/22/2026 8:39,13.21054687
6/22/2026 8:44,13.25344727
6/22/2026 8:49,13.25344727
6/22/2026 8:54,13.29634766
6/22/2026 8:59,13.33924805
6/22/2026 9:04,13.33924805
6/22/2026 9:09,13.38214844
6/22/2026 9:14,13.42504883
6/22/2026 9:19,13.46794922
6/22/2026 9:24,13.46794922
6/22/2026 9:29,13.55375
6/22/2026 9:34,13.55375
6/22/2026 9:39,13.59665039
6/22/2026 9:44,13.59665039
6/22/2026 9:49,13.63955078
6/22/2026 9:54,13.68245117
6/22/2026 9:59,13.72535156
6/22/2026 10:04,13.72535156
6/22/2026 10:09,13.76825195
6/22/2026 10:14,13.89695312
6/22/2026 10:19,14.0256543
6/22/2026 10:24,14.06855469
6/22/2026 10:29,14.06855469
6/22/2026 10:34,14.06855469
6/22/2026 10:39,14.15435547
6/22/2026 10:44,14.19725586
6/22/2026 10:49,14.28305664
6/22/2026 10:54,14.36885742
6/22/2026 10:59,14.4546582
6/22/2026 11:04,14.66916016
6/22/2026 11:09,14.75496094
6/22/2026 11:14,14.79786133
6/22/2026 11:19,14.88366211
6/22/2026 11:24,15.01236328
6/22/2026 11:29,15.09816406
6/22/2026 11:34,15.18396484
6/22/2026 11:39,15.22686523
6/22/2026 11:44,15.35556641
6/22/2026 11:49,15.48426758
6/22/2026 11:54,15.57006836
6/22/2026 11:59,15.57006836
6/22/2026 12:04,15.69876953
6/22/2026 12:09,15.78457031
6/22/2026 12:14,15.78457031
6/22/2026 12:19,15.87037109
6/22/2026 12:24,15.91327148
6/22/2026 12:29,15.99907227
6/22/2026 12:34,16.04197266
6/22/2026 12:39,16.04197266
6/22/2026 12:44,16.08487305
6/22/2026 12:49,16.17067383
6/22/2026 12:54,16.17067383
6/22/2026 12:59,16.299375
6/22/2026 13:04,16.34227539
6/22/2026 13:09,16.42807617
6/22/2026 13:14,16.55677734
6/22/2026 13:19,16.68547852
6/22/2026 13:24,16.72837891
6/22/2026 13:29,16.85708008
6/22/2026 13:34,16.85708008
6/22/2026 13:39,16.89998047
6/22/2026 13:44,16.98578125
6/22/2026 13:49,17.07158203
6/22/2026 13:54,17.2002832
6/22/2026 13:59,17.32898437
6/22/2026 14:04,17.28608398
6/22/2026 14:09,17.32898437
6/22/2026 14:14,17.37188477
6/22/2026 14:19,17.28608398
6/22/2026 14:24,17.24318359
6/22/2026 14:29,17.32898437
6/22/2026 14:34,17.41478516
6/22/2026 14:39,17.45768555
6/22/2026 14:44,17.50058594
6/22/2026 14:49,17.62928711
6/22/2026 14:54,17.58638672
6/22/2026 14:59,17.58638672
6/22/2026 15:04,17.50058594
6/22/2026 15:09,17.45768555
6/22/2026 15:14,17.50058594
6/22/2026 15:19,17.54348633
6/22/2026 15:24,17.58638672
6/22/2026 15:29,17.58638672
6/22/2026 15:34,17.62928711
6/22/2026 15:39,17.6721875
6/22/2026 15:44,17.6721875
6/22/2026 15:49,17.6721875
6/22/2026 15:54,17.71508789
6/22/2026 15:59,17.71508789
6/22/2026 16:04,17.71508789
6/22/2026 16:09,17.75798828
6/22/2026 16:14,17.75798828
6/22/2026 16:19,17.84378906
6/22/2026 16:24,17.84378906
6/22/2026 16:29,17.92958984
6/22/2026 16:34,17.97249023
6/22/2026 16:39,17.97249023
6/22/2026 16:44,17.97249023
6/22/2026 16:49,17.97249023
6/22/2026 16:54,18.01539063
6/22/2026 16:59,18.05829102
6/22/2026 17:04,18.05829102
6/22/2026 17:09,18.01539063
6/22/2026 17:14,17.88668945
6/22/2026 17:19,17.97249023
6/22/2026 17:24,17.97249023
6/22/2026 17:29,18.05829102
6/22/2026 17:34,18.18699219
6/22/2026 17:39,18.27279297
6/22/2026 17:44,18.35859375
6/22/2026 17:49,18.40149414
6/22/2026 17:54,18.44439453
6/22/2026 17:59,18.44439453
6/22/2026 18:04,18.48729492
6/22/2026 18:09,18.40149414
6/22/2026 18:14,18.31569336
6/22/2026 18:19,18.18699219
6/22/2026 18:24,18.18699219
6/22/2026 18:29,18.22989258
6/22/2026 18:34,18.31569336
6/22/2026 18:39,18.31569336
6/22/2026 18:44,18.22989258
6/22/2026 18:49,18.18699219
6/22/2026 18:54,18.10119141
6/22/2026 18:59,17.92958984
6/22/2026 19:04,17.84378906
6/22/2026 19:09,17.75798828
6/22/2026 19:14,17.71508789
6/22/2026 19:19,17.54348633
6/22/2026 19:24,17.50058594
6/22/2026 19:29,17.32898437
6/22/2026 19:34,17.32898437
6/22/2026 19:39,17.2002832
6/22/2026 19:44,17.11448242
6/22/2026 19:49,17.07158203
6/22/2026 19:54,17.07158203
6/22/2026 19:59,17.02868164
6/22/2026 20:04,16.98578125
6/22/2026 20:09,16.89998047
6/22/2026 20:14,16.81417969
6/22/2026 20:19,16.7712793
6/22/2026 20:24,16.72837891
6/22/2026 20:29,16.64257813
6/22/2026 20:34,16.59967773
6/22/2026 20:39,16.55677734
6/22/2026 20:44,16.51387695
6/22/2026 20:49,16.47097656
6/22/2026 20:54,16.38517578
6/22/2026 20:59,16.299375
6/22/2026 21:04,16.299375
6/22/2026 21:09,16.21357422
6/22/2026 21:14,16.17067383
6/22/2026 21:19,16.17067383
6/22/2026 21:24,16.08487305
6/22/2026 21:29,16.04197266
6/22/2026 21:34,15.99907227
6/22/2026 21:39,15.99907227
6/22/2026 21:44,15.87037109
6/22/2026 21:49,15.87037109
6/22/2026 21:54,15.8274707
6/22/2026 21:59,15.78457031
6/22/2026 22:04,15.74166992
6/22/2026 22:09,15.61296875
6/22/2026 22:14,15.65586914
6/22/2026 22:19,15.61296875
6/22/2026 22:24,15.52716797
6/22/2026 22:29,15.52716797
6/22/2026 22:34,15.48426758
6/22/2026 22:39,15.3984668
6/22/2026 22:44,15.3984668
6/22/2026 22:49,15.35556641
6/22/2026 22:54,15.31266602
6/22/2026 22:59,15.26976562
6/22/2026 23:04,15.22686523
6/22/2026 23:09,15.18396484
6/22/2026 23:14,15.14106445
6/22/2026 23:19,15.14106445
6/22/2026 23:24,15.09816406
6/22/2026 23:29,15.09816406
6/22/2026 23:34,15.01236328
6/22/2026 23:39,14.96946289
6/22/2026 23:44,15.01236328
6/22/2026 23:49,14.9265625
6/22/2026 23:54,14.88366211
6/22/2026 23:59,14.88366211
6/23/2026 0:04,14.84076172
6/23/2026 0:09,14.84076172
6/23/2026 0:14,14.79786133
6/23/2026 0:19,14.79786133
6/23/2026 0:24,14.75496094
6/23/2026 0:29,14.62625977
6/23/2026 0:34,14.71206055
6/23/2026 0:39,14.66916016
6/23/2026 0:44,14.66916016
6/23/2026 0:49,14.66916016
6/23/2026 0:54,14.62625977
6/23/2026 0:59,14.62625977
6/23/2026 1:04,14.62625977
6/23/2026 1:09,14.54045898
6/23/2026 1:14,14.54045898
6/23/2026 1:19,14.4546582
6/23/2026 1:24,14.4546582
6/23/2026 1:29,14.49755859
6/23/2026 1:34,14.41175781
6/23/2026 1:39,14.36885742
6/23/2026 1:44,14.36885742
6/23/2026 1:49,14.32595703
6/23/2026 1:54,14.32595703
6/23/2026 1:59,14.28305664
6/23/2026 2:04,14.24015625
6/23/2026 2:09,14.24015625
6/23/2026 2:14,14.19725586
6/23/2026 2:19,14.15435547
6/23/2026 2:24,14.15435547
6/23/2026 2:29,14.11145508
6/23/2026 2:34,14.06855469
6/23/2026 2:39,14.06855469
6/23/2026 2:44,14.06855469
6/23/2026 2:49,14.0256543
6/23/2026 2:54,13.98275391
6/23/2026 2:59,14.0256543
6/23/2026 3:04,13.98275391
6/23/2026 3:09,13.89695312
6/23/2026 3:14,13.89695312
6/23/2026 3:19,13.81115234
6/23/2026 3:24,13.85405273
6/23/2026 3:29,13.81115234
6/23/2026 3:34,13.81115234
6/23/2026 3:39,13.81115234
6/23/2026 3:44,13.72535156
6/23/2026 3:49,13.72535156
6/23/2026 3:54,13.68245117
6/23/2026 3:59,13.59665039
6/23/2026 4:04,13.63955078
6/23/2026 4:09,13.59665039
6/23/2026 4:14,13.51084961
6/23/2026 4:19,13.59665039
6/23/2026 4:24,13.51084961
6/23/2026 4:29,13.51084961
6/23/2026 4:34,13.46794922
6/23/2026 4:39,13.42504883
6/23/2026 4:44,13.38214844
6/23/2026 4:49,13.38214844
6/23/2026 4:54,13.33924805
6/23/2026 4:59,13.29634766
6/23/2026 5:04,13.33924805
6/23/2026 5:09,13.29634766
6/23/2026 5:14,13.25344727
6/23/2026 5:19,13.29634766
6/23/2026 5:24,13.25344727
6/23/2026 5:29,13.21054687
6/23/2026 5:34,13.21054687
6/23/2026 5:39,13.21054687
6/23/2026 5:44,13.25344727
6/23/2026 5:49,13.21054687
6/23/2026 5:54,13.25344727
6/23/2026 5:59,13.16764648
6/23/2026 6:04,13.16764648
6/23/2026 6:09,13.21054687
6/23/2026 6:14,13.12474609
6/23/2026 6:19,13.12474609
6/23/2026 6:24,13.12474609
6/23/2026 6:29,13.03894531
6/23/2026 6:34,13.03894531
6/23/2026 6:39,13.03894531
6/23/2026 6:44,13.0818457
6/23/2026 6:49,12.99604492
6/23/2026 6:54,13.03894531
6/23/2026 6:59,12.99604492
6/23/2026 7:04,13.03894531
6/23/2026 7:09,12.99604492
6/23/2026 7:14,13.03894531
6/23/2026 7:19,12.95314453
6/23/2026 7:24,12.99604492
6/23/2026 7:29,13.03894531
6/23/2026 7:34,12.99604492
6/23/2026 7:39,13.03894531
6/23/2026 7:44,13.03894531
6/23/2026 7:49,13.03894531
6/23/2026 7:54,13.0818457
6/23/2026 7:59,13.0818457
6/23/2026 8:04,13.16764648
6/23/2026 8:09,13.16764648
6/23/2026 8:14,13.25344727
6/23/2026 8:19,13.29634766
6/23/2026 8:24,13.29634766
6/23/2026 8:29,13.38214844
6/23/2026 8:34,13.42504883
6/23/2026 8:39,13.42504883
6/23/2026 8:44,13.46794922
6/23/2026 8:49,13.55375
6/23/2026 8:54,13.59665039
6/23/2026 8:59,13.63955078
6/23/2026 9:04,13.68245117
6/23/2026 9:09,13.72535156
6/23/2026 9:14,13.81115234
6/23/2026 9:19,13.81115234
6/23/2026 9:24,13.81115234
6/23/2026 9:29,13.85405273
6/23/2026 9:34,13.89695312
6/23/2026 9:39,13.93985352
6/23/2026 9:44,13.93985352
6/23/2026 9:49,13.93985352
6/23/2026 9:54,13.98275391
6/23/2026 9:59,14.06855469
6/23/2026 10:04,14.06855469
