Date-Time,Temperature,Electrical Conductivity,Specific Conductivity,Salinity,Total Dissolved Solids
2026-07-02 16:15:00,19.036930084228516,547.23486328125,625.57177734375,0.3016805946826935,355.70263671875
2026-07-02 16:30:00,18.379947662353516,549.9835205078125,638.78857421875,0.30783161520957947,357.4892883300781
2026-07-02 16:45:00,18.62668228149414,543.7353515625,627.753662109375,0.30251792073249817,353.427978515625
2026-07-02 17:00:00,18.662357330322266,543.7796630859375,627.2623291015625,0.3022962212562561,353.4567565917969
2026-07-02 17:15:00,18.64749526977539,543.1298828125,626.73846435546875,0.30202770233154297,353.034423828125
2026-07-02 17:30:00,18.552371978759766,543.222412109375,628.29345703125,0.3027397394180298,353.09454345703125
2026-07-02 17:45:00,18.498844146728516,543.44122314453125,629.36480712890625,0.30323731899261475,353.2367858886719
2026-07-02 18:00:00,18.45425796508789,542.774658203125,629.27520751953125,0.3031651973724365,352.80352783203125
2026-07-02 18:15:00,18.36209487915039,542.4931640625,630.36334228515625,0.3036462664604187,352.62054443359375
2026-07-02 18:30:00,18.579105377197266,542.40997314453125,626.94671630859375,0.3020891547203064,352.56646728515625
2026-07-02 18:45:00,18.41562271118164,542.19085693359375,629.19024658203125,0.30309897661209106,352.4240417480469
2026-07-02 19:00:00,18.51669692993164,542.52801513671875,628.0345458984375,0.3025895059108734,352.6431884765625
2026-07-02 19:15:00,18.51370620727539,540.29595947265625,625.49615478515625,0.30133065581321716,351.1923522949219
2026-07-02 19:30:00,18.56723403930664,539.1810302734375,623.39410400390625,0.3003227710723877,350.4676513671875
2026-07-02 19:45:00,18.56723403930664,538.90765380859375,623.07806396484375,0.3001662790775299,350.2899475097656
2026-07-02 20:00:00,18.317508697509766,538.56976318359375,626.48602294921875,0.30169835686683655,350.0703430175781
2026-07-02 20:15:00,18.38589859008789,537.6334228515625,624.35369873046875,0.3006858229637146,349.4617004394531
2026-07-02 20:30:00,18.35019302368164,536.09222412109375,623.10650634765625,0.3000461459159851,348.4599304199219
2026-07-02 20:45:00,18.21347427368164,535.80340576171875,624.8560791015625,0.3008255660533905,348.2721862792969
2026-07-02 21:00:00,18.13913345336914,536.96197509765625,627.349365234375,0.3020118176937103,349.0252685546875
2026-07-02 21:15:00,18.231327056884766,535.57037353515625,624.311279296875,0.3005673587322235,348.1207275390625
2026-07-02 21:30:00,17.913211822509766,533.6610107421875,626.968017578125,0.30167537927627563,346.879638671875
2026-07-02 21:45:00,17.996463775634766,534.0677490234375,626.15972900390625,0.3013303577899933,347.1440124511719
2026-07-02 22:00:00,17.880496978759766,533.38165283203125,627.14599609375,0.30174171924591064,346.69805908203125
2026-07-02 22:15:00,17.73483657836914,530.6923828125,626.23626708984375,0.30119410157203674,344.9500427246094
2026-07-02 22:30:00,17.69913101196289,530.50653076171875,626.57135009765625,0.3013356328010559,344.8292236328125
2026-07-02 22:45:00,17.74075698852539,531.10089111328125,626.62640380859375,0.30139103531837463,345.215576171875
2026-07-02 23:00:00,17.58615493774414,531.2589111328125,629.22308349609375,0.30256974697113037,345.3182678222656
2026-07-02 23:15:00,17.31253433227539,531.47833251953125,633.79638671875,0.30463898181915283,345.4609069824219
2026-07-02 23:30:00,17.077518463134766,530.26922607421875,636.0982666015625,0.30560630559921265,344.67498779296875
2026-07-02 23:45:00,17.125125885009766,532.00537109375,637.41644287109375,0.3062931299209595,345.803466796875
2026-07-03 00:00:00,17.041812896728516,530.5115966796875,636.9619140625,0.30600690841674805,344.83251953125
2026-07-03 00:15:00,16.863285064697266,530.96502685546875,640.388916015625,0.30756711959838867,345.12725830078125
2026-07-03 00:30:00,16.973392486572266,528.260986328125,635.35577392578125,0.30516207218170166,343.36962890625
2026-07-03 00:45:00,16.913883209228516,530.22320556640625,638.67578125,0.3067585229873657,344.64508056640625
2026-07-03 01:00:00,16.785892486572266,529.4005126953125,639.75604248046875,0.307195246219635,344.1103210449219
2026-07-03 01:15:00,16.87222671508789,528.91278076171875,637.769287109375,0.3062790036201477,343.7933044433594
2026-07-03 01:30:00,16.72043228149414,531.5911865234375,643.4722900390625,0.3089817464351654,345.5342712402344
2026-07-03 01:45:00,16.73532485961914,529.37054443359375,640.54180908203125,0.3075447678565979,344.0908508300781
2026-07-03 02:00:00,16.648990631103516,528.3123779296875,640.66693115234375,0.3075396716594696,343.4030456542969
2026-07-03 02:15:00,16.488224029541016,530.09716796875,645.473876953125,0.3097884953022003,344.5631408691406
2026-07-03 02:30:00,16.40781021118164,530.40997314453125,647.185546875,0.3105698823928833,344.7664794921875
2026-07-03 02:45:00,16.541812896728516,528.25079345703125,642.345458984375,0.30828508734703064,343.3630065917969
2026-07-03 03:00:00,16.458438873291016,529.781494140625,645.5811767578125,0.30981773138046265,344.35797119140625
2026-07-03 03:15:00,16.50906753540039,530.17498779296875,645.2247314453125,0.3096819818019867,344.6137390136719
2026-07-03 03:30:00,16.43759536743164,529.318603515625,645.361328125,0.3096923828125,344.05706787109375
2026-07-03 03:45:00,16.270816802978516,529.201904296875,647.986083984375,0.31085407733917236,343.9812316894531
2026-07-03 04:00:00,16.16055679321289,529.53955078125,650.24310302734375,0.3118780851364136,344.20068359375
2026-07-03 04:15:00,16.18143081665039,529.24505615234375,649.53179931640625,0.3115440607070923,344.00927734375
2026-07-03 04:30:00,16.09201431274414,529.6954345703125,651.58612060546875,0.31248432397842407,344.3020324707031
2026-07-03 04:45:00,16.29166030883789,528.66705322265625,646.98443603515625,0.31037622690200806,343.6335754394531
2026-07-03 05:00:00,16.136722564697266,528.39007568359375,649.2305908203125,0.31135809421539307,343.4535217285156
2026-07-03 05:15:00,16.202274322509766,527.4798583984375,647.017822265625,0.3103193938732147,342.8619079589844
2026-07-03 05:30:00,16.11587905883789,530.27099609375,651.89227294921875,0.31265559792518616,344.6761474609375
2026-07-03 05:45:00,16.03836441040039,528.3355712890625,650.8153076171875,0.31205838918685913,343.4181213378906
2026-07-03 06:00:00,16.205265045166016,527.92388916015625,647.51263427734375,0.3105662763118744,343.1505126953125
2026-07-03 06:15:00,16.136722564697266,529.18865966796875,650.2117919921875,0.31184279918670654,343.9726257324219
2026-07-03 06:30:00,15.96982192993164,526.90948486328125,650.21148681640625,0.3117021322250366,342.49114990234375
2026-07-03 06:45:00,16.00857925415039,529.025146484375,652.167236328125,0.3127009868621826,343.8663330078125
2026-07-03 07:00:00,16.264835357666016,525.27532958984375,643.27703857421875,0.3085230588912964,341.428955078125
2026-07-03 07:15:00,17.05374526977539,515.7503662109375,619.052490234375,0.2971680462360382,335.23773193359375
2026-07-03 07:30:00,17.351200103759766,510.75274658203125,608.49163818359375,0.2921658456325531,331.9892883300781
2026-07-03 07:45:00,17.922122955322266,455.38916015625,534.8931884765625,0.25631383061408997,296.0029296875
2026-07-03 08:00:00,19.108280181884766,380.2294921875,433.9162292480469,0.20760475099086761,247.14915466308594
2026-07-03 08:15:00,20.021427154541016,374.734375,418.4872131347656,0.20049694180488586,243.57733154296875
2026-07-03 08:30:00,20.655582427978516,277.0623474121094,304.8771057128906,0.14597748219966888,180.09051513671875
2026-07-03 08:45:00,20.917789459228516,297.5526123046875,325.4524841308594,0.15591201186180115,193.40919494628906
2026-07-03 09:00:00,21.04300308227539,325.2953796386719,354.77618408203125,0.1700483113527298,211.44198608398438
2026-07-03 09:15:00,21.069828033447266,347.34832763671875,378.59515380859375,0.18155325949192047,225.77639770507813
2026-07-03 09:30:00,21.007205963134766,354.6929931640625,387.15545654296875,0.1856728345155716,230.55043029785156
2026-07-03 09:45:00,20.90585708618164,349.70599365234375,382.6008605957031,0.1834338754415512,227.3088836669922
2026-07-03 10:00:00,20.82541275024414,337.8569641113281,370.32171630859375,0.17747201025485992,219.60702514648438
2026-07-03 10:15:00,20.762821197509766,325.1875915527344,356.9491882324219,0.1710004210472107,211.37193298339844
2026-07-03 10:30:00,20.730045318603516,314.0272216796875,344.9593811035156,0.1652173101902008,204.11769104003906
2026-07-03 10:45:00,20.66751480102539,304.6568298339844,335.14947509765625,0.16048164665699005,198.0269317626953
2026-07-03 11:00:00,20.581119537353516,298.6863098144531,329.2384948730469,0.1576153188943863,194.14608764648438
2026-07-03 11:15:00,20.52750015258789,295.458984375,326.08575439453125,0.1560850888490677,192.04833984375
2026-07-03 11:30:00,20.524539947509766,293.6943054199219,324.160400390625,0.15516114234924316,190.9012908935547
2026-07-03 11:45:00,20.59006118774414,295.6164245605469,325.78717041015625,0.15596319735050201,192.15066528320313
2026-07-03 12:00:00,20.58707046508789,300.8917541503906,331.62384033203125,0.15876182913780212,195.5796356201172
2026-07-03 12:15:00,20.61984634399414,307.2351379394531,338.3584289550781,0.1620066612958908,199.7028350830078
2026-07-03 12:30:00,20.670475006103516,315.629638671875,347.19677734375,0.16627314686775208,205.1592559814453
2026-07-03 12:45:00,20.765811920166016,326.822021484375,358.718505859375,0.17185410857200623,212.43431091308594
2026-07-03 13:00:00,20.92074966430664,336.74609375,368.2958984375,0.17652687430381775,218.88494873046875
2026-07-03 13:15:00,20.977420806884766,348.15911865234375,380.2832336425781,0.18233780562877655,226.3034210205078
2026-07-03 13:30:00,21.08176040649414,359.73748779296875,391.9917297363281,0.1880403310060501,233.82936096191406
2026-07-03 13:45:00,21.22488784790039,370.0003662109375,401.8586730957031,0.1928723007440567,240.50022888183594
2026-07-03 14:00:00,21.12649917602539,378.4027404785156,411.9088439941406,0.1977163702249527,245.96177673339844
2026-07-03 14:15:00,21.257694244384766,389.1131591796875,422.3011474609375,0.20281322300434113,252.9235382080078
2026-07-03 14:30:00,21.356143951416016,398.7024230957031,431.73956298828125,0.20744110643863678,259.15655517578125
2026-07-03 14:45:00,21.47848892211914,407.6073913574219,440.1578369140625,0.21158555150032043,264.9447937011719
2026-07-03 15:00:00,21.53818130493164,415.27142333984375,447.8276672363281,0.21534745395183563,269.9264221191406
2026-07-03 15:15:00,21.565067291259766,422.40313720703125,455.2413330078125,0.21897642314434052,274.5620422363281
2026-07-03 15:30:00,21.65463638305664,430.63037109375,463.16925048828125,0.22288194298744202,279.90972900390625
2026-07-03 15:45:00,21.693424224853516,437.2572326660156,469.8851623535156,0.22618047893047333,284.2171936035156
2026-07-03 16:00:00,21.72629165649414,442.7791442871094,475.4664611816406,0.2289239764213562,287.8064270019531
2026-07-03 16:15:00,21.747196197509766,449.12774658203125,482.05645751953125,0.23215940594673157,291.9330139160156
2026-07-03 16:30:00,21.72031021118164,454.7214050292969,488.356201171875,0.23523807525634766,295.56890869140625
2026-07-03 16:45:00,21.68747329711914,459.5216979980469,493.8773193359375,0.23793457448482513,298.6890869140625
2026-07-03 17:00:00,21.621768951416016,462.9706115722656,498.3230895996094,0.24009276926517487,300.9308776855469
2026-07-03 17:15:00,21.54117202758789,467.2869567871094,503.8869934082031,0.24279524385929108,303.73651123046875
2026-07-03 17:30:00,21.44565200805664,471.8935546875,509.9574279785156,0.2457420378923416,306.7308044433594
2026-07-03 17:45:00,21.36807632446289,474.4128112792969,513.5841064453125,0.24749520421028137,308.3683166503906
2026-07-03 18:00:00,21.20999526977539,477.7326354980469,519.0433349609375,0.25011855363845825,310.5262145996094
2026-07-03 18:15:00,21.108585357666016,481.3636169433594,524.201171875,0.25261572003364563,312.8863525390625
2026-07-03 18:30:00,20.989322662353516,484.1612548828125,528.689697265625,0.25477662682533264,314.7048034667969
2026-07-03 18:45:00,20.879032135009766,489.3013916015625,535.6573486328125,0.258161723613739,318.0458984375
2026-07-03 19:00:00,20.762821197509766,491.1634521484375,539.13616943359375,0.25982657074928284,319.2562255859375
2026-07-03 19:15:00,20.673465728759766,493.878662109375,543.23553466796875,0.2618081569671631,321.0211181640625
2026-07-03 19:30:00,20.57217788696289,496.5133056640625,547.4141845703125,0.26382365822792053,322.733642578125
2026-07-03 19:45:00,20.45303726196289,498.7388000488281,551.38885498046875,0.26573050022125244,324.1802062988281
2026-07-03 20:00:00,20.336917877197266,499.0994873046875,553.27923583984375,0.26661041378974915,324.4146423339844
2026-07-03 20:15:00,20.19699478149414,416.2371826171875,462.9297180175781,0.22221125662326813,270.5541687011719
2026-07-03 20:30:00,20.06009292602539,440.64813232421875,491.6510314941406,0.23619987070560455,286.4212646484375
2026-07-03 20:45:00,19.935123443603516,522.12982177734375,584.27471923828125,0.2817222774028778,339.3843688964844
2026-07-03 21:00:00,19.836917877197266,465.7093200683594,522.3443603515625,0.25115615129470825,302.7110595703125
2026-07-03 21:15:00,19.711978912353516,493.3393859863281,554.96771240234375,0.2671484649181366,320.67059326171875
2026-07-03 21:30:00,19.610843658447266,483.1463623046875,544.802978515625,0.2620926797389984,314.0451354980469
2026-07-03 21:45:00,19.545413970947266,505.6432800292969,571.0555419921875,0.2749984860420227,328.6681213378906
2026-07-03 22:00:00,19.45322036743164,509.9295654296875,577.1583251953125,0.27796313166618347,331.4541931152344
2026-07-03 22:15:00,19.36697769165039,511.4361267089844,580.05255126953125,0.27934694290161133,332.4334716796875
2026-07-03 22:30:00,19.26291275024414,512.0166015625,582.15380859375,0.28032928705215454,332.810791015625
2026-07-03 22:45:00,19.212345123291016,512.8482666015625,583.80426025390625,0.28111714124679565,333.3513488769531
2026-07-03 23:00:00,19.13205337524414,513.884765625,586.10919189453125,0.28221186995506287,334.02508544921875
2026-07-03 23:15:00,19.033939361572266,514.14935302734375,587.792236328125,0.2829892039299011,334.1970520019531
2026-07-03 23:30:00,18.95962905883789,515.21405029296875,590.0621337890625,0.2840689718723297,334.8891296386719
2026-07-03 23:45:00,18.891239166259766,516.22113037109375,592.1895751953125,0.28508132696151733,335.5437316894531
2026-07-04 00:00:00,18.78720474243164,516.71246337890625,594.24249267578125,0.2860361933708191,335.86309814453125
2026-07-04 00:15:00,18.727725982666016,517.33831787109375,595.818115234375,0.2867802679538727,336.2698974609375
2026-07-04 00:30:00,18.677188873291016,518.20001220703125,597.5408935546875,0.2876019775867462,336.8299865722656
2026-07-04 00:45:00,18.611820220947266,518.24981689453125,598.5457763671875,0.28806009888648987,336.86236572265625
2026-07-04 01:00:00,18.56723403930664,518.70220947265625,599.716796875,0.2886123061180115,337.15643310546875
2026-07-04 01:15:00,18.51370620727539,519.224609375,601.10205078125,0.28926482796669006,337.4959716796875
2026-07-04 01:30:00,18.427494049072266,519.4237060546875,602.59552001953125,0.2899509072303772,337.6253967285156
2026-07-04 01:45:00,18.356143951416016,519.3040771484375,603.50579833984375,0.2903572618961334,337.5476379394531
2026-07-04 02:00:00,18.287784576416016,519.87744140625,605.1817626953125,0.29114335775375366,337.9203186035156
2026-07-04 02:15:00,18.237247467041016,520.3515625,606.48291015625,0.29175499081611633,338.228515625
2026-07-04 02:30:00,18.17184829711914,520.3765869140625,607.4844970703125,0.29220902919769287,338.2447814941406
2026-07-04 02:45:00,18.11240005493164,520.52178955078125,608.5408935546875,0.292693555355072,338.3391418457031
2026-07-04 03:00:00,18.07077407836914,520.29718017578125,608.90057373046875,0.29284486174583435,338.1931457519531
2026-07-04 03:15:00,18.011295318603516,520.6015625,610.148681640625,0.2934235632419586,338.3909912109375
2026-07-04 03:30:00,17.954837799072266,520.56768798828125,610.95794677734375,0.29378706216812134,338.3689880371094
2026-07-04 03:45:00,17.91025161743164,514.971435546875,605.0548095703125,0.2908425033092499,334.7314147949219
2026-07-04 04:00:00,17.83591079711914,520.15325927734375,612.26617431640625,0.29435595870018005,338.099609375
2026-07-04 04:15:00,17.77347183227539,520.4437255859375,613.5550537109375,0.29495158791542053,338.2884216308594
2026-07-04 04:30:00,17.708072662353516,521.53594970703125,615.83978271484375,0.29603686928749084,338.99835205078125
2026-07-04 04:45:00,17.666446685791016,520.4093017578125,615.14434814453125,0.2956653833389282,338.2660217285156
2026-07-04 05:00:00,17.624820709228516,519.92401123046875,615.2064208984375,0.29566800594329834,337.9505920410156
2026-07-04 05:15:00,17.547489166259766,519.14349365234375,615.46551513671875,0.29574355483055115,337.4432678222656
2026-07-04 05:30:00,17.505863189697266,518.94317626953125,615.86627197265625,0.29591307044029236,337.31304931640625
2026-07-04 05:45:00,17.416629791259766,518.63787841796875,616.8758544921875,0.29635024070739746,337.1145935058594
2026-07-04 06:00:00,17.37796401977539,518.533447265625,617.34783935546875,0.2965565025806427,337.0467224121094
2026-07-04 06:15:00,17.33633804321289,518.5174560546875,617.971923828125,0.29683569073677063,337.0363464355469
2026-07-04 06:30:00,17.27981948852539,517.90765380859375,618.1195068359375,0.29686886072158813,336.63995361328125
2026-07-04 06:45:00,17.270877838134766,518.3616943359375,618.80010986328125,0.29719865322113037,336.9350891113281
2026-07-04 07:00:00,17.229251861572266,517.90631103515625,618.90234375,0.2972196638584137,336.63909912109375
2026-07-04 07:15:00,17.217350006103516,517.536865234375,618.6456298828125,0.2970844507217407,336.3989562988281
2026-07-04 07:30:00,17.16977310180664,517.4505615234375,619.28204345703125,0.29736483097076416,336.3428649902344
2026-07-04 07:45:00,17.148929595947266,519.16278076171875,621.6568603515625,0.29852259159088135,337.4557800292969
2026-07-04 08:00:00,17.17868423461914,517.74072265625,619.4906005859375,0.2974741458892822,336.5314636230469
2026-07-04 08:15:00,17.151920318603516,518.3955078125,620.69146728515625,0.2980479896068573,336.9570617675781
2026-07-04 08:30:00,17.148929595947266,518.83642578125,621.26611328125,0.298329621553421,337.24365234375
2026-07-04 08:45:00,17.172733306884766,519.64947509765625,621.867431640625,0.29864367842674255,337.77215576171875
2026-07-04 09:00:00,17.17868423461914,520.21185302734375,622.44732666015625,0.29893434047698975,338.1376953125
2026-07-04 09:15:00,17.23520278930664,521.2061767578125,622.752685546875,0.2991255521774292,338.78399658203125
2026-07-04 09:30:00,17.342288970947266,522.46771240234375,622.587158203125,0.29911959171295166,339.60400390625
2026-07-04 09:45:00,17.44638442993164,523.269775390625,621.9228515625,0.2988641560077667,340.1253356933594
2026-07-04 10:00:00,17.526676177978516,524.8037109375,622.49853515625,0.29920417070388794,341.1224060058594
2026-07-04 10:15:00,17.630741119384766,525.60760498046875,621.84014892578125,0.2989499866962433,341.6449279785156
2026-07-04 10:30:00,17.73483657836914,527.3443603515625,622.28546142578125,0.29924052953720093,342.7738342285156
2026-07-04 10:45:00,17.809146881103516,528.295166015625,622.2615966796875,0.29927846789360046,343.391845703125
2026-07-04 11:00:00,17.93698501586914,529.8245849609375,622.095947265625,0.29928112030029297,344.3859558105469
2026-07-04 11:15:00,18.085636138916016,531.9083251953125,622.26177978515625,0.29945993423461914,345.7403869628906
2026-07-04 11:30:00,18.231327056884766,533.11553955078125,621.44970703125,0.2991514205932617,346.52508544921875
2026-07-04 11:45:00,18.41562271118164,536.3896484375,622.4581298828125,0.29976606369018555,348.65325927734375
2026-07-04 12:00:00,18.588016510009766,538.62371826171875,622.43572998046875,0.2998609244823456,350.10540771484375
2026-07-04 12:15:00,18.76938247680664,541.41229248046875,622.91656494140625,0.300208181142807,351.91796875
2026-07-04 12:30:00,18.95962905883789,543.62261962890625,622.5977783203125,0.30016231536865234,353.35467529296875
2026-07-04 12:45:00,19.09042739868164,545.941650390625,623.29296875,0.30058225989341736,354.862060546875
2026-07-04 13:00:00,19.24209976196289,548.49114990234375,623.934814453125,0.30098649859428406,356.51922607421875
2026-07-04 13:15:00,19.414554595947266,551.07763671875,624.3050537109375,0.3012661337852478,358.200439453125
2026-07-04 13:30:00,19.56027603149414,551.17730712890625,622.2607421875,0.30033227801322937,358.2652282714844
2026-07-04 13:45:00,19.70901870727539,554.35968017578125,623.654296875,0.301102876663208,360.3337707519531
2026-07-04 14:00:00,19.87857437133789,556.0626220703125,623.07415771484375,0.3009043037891388,361.4407043457031
2026-07-04 14:15:00,20.027347564697266,558.86566162109375,624.03045654296875,0.3014552891254425,363.2626647949219
2026-07-04 14:30:00,20.155338287353516,560.03582763671875,623.4659423828125,0.3012399971485138,364.0232849121094
2026-07-04 14:45:00,20.298221588134766,561.89837646484375,623.45684814453125,0.3013065755367279,365.2339172363281
2026-07-04 15:00:00,20.348819732666016,562.41162109375,623.29150390625,0.30124935507774353,365.5675354003906
2026-07-04 15:15:00,20.420291900634766,563.215576171875,623.14593505859375,0.301211953163147,366.0901184082031
2026-07-04 15:30:00,20.500675201416016,564.5408935546875,623.4478759765625,0.3014006018638611,366.9515686035156
2026-07-04 15:45:00,20.581119537353516,566.31292724609375,624.240234375,0.3018323481082916,368.1033935546875
2026-07-04 16:00:00,20.60495376586914,566.8443603515625,624.4814453125,0.3019634187221527,368.4488220214844
2026-07-04 16:15:00,20.68240737915039,567.60675048828125,624.202880859375,0.30186164379119873,368.9443664550781
2026-07-04 16:30:00,20.736026763916016,567.00762939453125,622.7728271484375,0.3011767864227295,368.554931640625
2026-07-04 16:45:00,20.673465728759766,566.795166015625,623.4390869140625,0.3014782965183258,368.4168395996094
2026-07-04 17:00:00,20.637699127197266,566.065673828125,623.15155029296875,0.3013187050819397,367.94268798828125
2026-07-04 17:15:00,20.643680572509766,565.958984375,622.94793701171875,0.30122047662734985,367.8733215332031
2026-07-04 17:30:00,20.637699127197266,565.9765625,623.053466796875,0.3012700080871582,367.884765625
2026-07-04 17:45:00,20.581119537353516,565.83038330078125,623.70831298828125,0.30156829953193665,367.78973388671875
2026-07-04 18:00:00,20.500675201416016,565.22216796875,624.20025634765625,0.3017740249633789,367.3944091796875
2026-07-04 18:15:00,20.41135025024414,563.18096923828125,623.23712158203125,0.3012528717517853,366.067626953125
2026-07-04 18:30:00,20.31308364868164,562.5130615234375,623.92279052734375,0.301545113325119,365.63348388671875
2026-07-04 18:45:00,20.208927154541016,561.3043212890625,624.09619140625,0.3015795350074768,364.8478088378906
2026-07-04 19:00:00,20.089847564697266,560.28656005859375,624.7015380859375,0.3018200099468231,364.1862487792969
2026-07-04 19:15:00,19.99759292602539,559.5322265625,625.21099853515625,0.302025705575943,363.6959228515625
2026-07-04 19:30:00,19.87857437133789,558.47076416015625,625.77252197265625,0.3022427260875702,363.0059814453125
2026-07-04 19:45:00,19.76852798461914,557.802001953125,626.6458740234375,0.302618145942688,362.5712890625
2026-07-04 20:00:00,19.679264068603516,557.05364990234375,627.1258544921875,0.3028087019920349,362.0848693847656
2026-07-04 20:15:00,19.55136489868164,556.1177978515625,627.9710693359375,0.30315887928009033,361.4765625
2026-07-04 20:30:00,19.46512222290039,555.43682861328125,628.4874267578125,0.3033677339553833,361.033935546875
2026-07-04 20:45:00,19.340213775634766,560.29840087890625,635.875732421875,0.3069630265235901,364.1939392089844
2026-07-04 21:00:00,19.24802017211914,568.71014404296875,646.84332275390625,0.31235426664352417,369.6615905761719
2026-07-04 21:15:00,19.099369049072266,557.4954833984375,636.34735107421875,0.30705901980400085,362.3720397949219
2026-07-04 21:30:00,18.965579986572266,548.1640625,627.7091064453125,0.3026982247829437,356.306640625
2026-07-04 21:45:00,18.852603912353516,543.7420654296875,624.34161376953125,0.3009634017944336,353.4323425292969
2026-07-04 22:00:00,18.861515045166016,538.8885498046875,618.6357421875,0.2981429398059845,350.2775573730469
2026-07-04 22:15:00,18.82883071899414,535.1671142578125,614.84808349609375,0.2962488532066345,347.8586120605469
2026-07-04 22:30:00,19.13205337524414,507.43017578125,578.7474365234375,0.27857738733291626,329.82958984375
2026-07-04 22:45:00,19.84286880493164,465.9110107421875,522.497314453125,0.2512340545654297,302.8421325683594
2026-07-04 23:00:00,20.58707046508789,471.80712890625,519.9959716796875,0.25033411383628845,306.67462158203125
2026-07-04 23:15:00,21.257694244384766,421.5759582519531,457.5327453613281,0.21998649835586548,274.02435302734375
2026-07-04 23:30:00,21.588932037353516,386.1183776855469,415.9111022949219,0.19981911778450012,250.9769287109375
2026-07-04 23:45:00,21.741214752197266,388.75628662109375,417.31500244140625,0.20055201649665833,252.6915740966797
2026-07-05 00:00:00,21.786014556884766,385.6924743652344,413.6084289550781,0.19876477122306824,250.70010375976563
2026-07-05 00:15:00,21.780033111572266,365.51849365234375,392.0270690917969,0.18828895688056946,237.58700561523438
2026-07-05 00:30:00,21.705387115478516,411.423583984375,442.0044860839844,0.2125636637210846,267.4253234863281
2026-07-05 00:45:00,21.591922760009766,413.72515869140625,445.61785888671875,0.2142876833677292,268.9213562011719
2026-07-05 01:00:00,21.439701080322266,413.207763671875,446.5982666015625,0.2147132158279419,268.58502197265625
2026-07-05 01:15:00,21.27560806274414,409.8600769042969,444.63604736328125,0.21369799971580505,266.4090270996094
2026-07-05 01:30:00,21.111576080322266,403.2897033691406,439.1492614746094,0.21096408367156982,262.1383056640625
2026-07-05 01:45:00,20.941654205322266,442.4192810058594,483.63739013671875,0.23263700306415558,287.572509765625
2026-07-05 02:00:00,20.783695220947266,385.1908874511719,422.6097717285156,0.2027932107448578,250.3740692138672
2026-07-05 02:15:00,20.63174819946289,375.849853515625,413.80999755859375,0.19846107065677643,244.30239868164063
2026-07-05 02:30:00,20.488773345947266,367.12579345703125,405.5454406738281,0.19439685344696045,238.6317596435547
2026-07-05 02:45:00,20.351810455322266,361.525146484375,400.631591796875,0.19196294248104095,234.9913330078125
2026-07-05 03:00:00,20.21188735961914,349.6468505859375,388.7342224121094,0.18614894151687622,227.27044677734375
2026-07-05 03:15:00,20.101749420166016,353.16455078125,393.6574401855469,0.18848948180675507,229.55694580078125
2026-07-05 03:30:00,19.979740142822266,354.2505798339844,395.99896240234375,0.18957571685314178,230.2628631591797
2026-07-05 03:45:00,19.836917877197266,355.4831237792969,398.7135314941406,0.19083377718925476,231.06402587890625
2026-07-05 04:00:00,19.70602798461914,357.66265869140625,402.398681640625,0.19256608188152313,232.480712890625
2026-07-05 04:15:00,19.578128814697266,360.27215576171875,406.5631408691406,0.19453153014183044,234.17689514160156
2026-07-05 04:30:00,19.459171295166016,363.46783447265625,411.3290100097656,0.19679215550422668,236.25408935546875
2026-07-05 04:45:00,19.352115631103516,367.3121032714844,416.7397766113281,0.19937093555927277,238.7528533935547
2026-07-05 05:00:00,19.23910903930664,371.90594482421875,423.0909423828125,0.20240426063537598,241.73886108398438
2026-07-05 05:15:00,19.126102447509766,377.8821716308594,431.0533752441406,0.20622146129608154,245.62339782714844
2026-07-05 05:30:00,19.01016616821289,382.75421142578125,437.8269348144531,0.2094612568616867,248.79022216796875
2026-07-05 05:45:00,18.90610122680664,389.466796875,446.621826171875,0.21369130909442902,253.15341186523438
2026-07-05 06:00:00,18.82583999633789,394.2464904785156,452.9784851074219,0.2167479544878006,256.2602233886719
2026-07-05 06:15:00,18.733707427978516,399.20135498046875,459.6933898925781,0.21997471153736115,259.4808654785156
2026-07-05 06:30:00,18.65341567993164,404.2911071777344,466.4600830078125,0.22323384881019592,262.7892150878906
2026-07-05 06:45:00,18.579105377197266,386.3544616699219,446.5693359375,0.21350950002670288,251.13038635253906
2026-07-05 07:00:00,18.519657135009766,392.087158203125,453.8503723144531,0.21702373027801514,254.8566436767578
2026-07-05 07:15:00,18.451297760009766,395.20928955078125,458.22576904296875,0.21912024915218353,256.8860168457031
2026-07-05 07:30:00,18.38589859008789,395.2967529296875,459.0581359863281,0.21949276328086853,256.94287109375
2026-07-05 07:45:00,18.335330963134766,400.0799255371094,465.1864929199219,0.22245275974273682,260.05194091796875
2026-07-05 08:00:00,18.30563735961914,403.1772155761719,469.1279602050781,0.2243587225675583,262.065185546875
2026-07-05 08:15:00,18.266971588134766,405.4647521972656,472.2358703613281,0.22585411369800568,263.5520935058594
2026-07-05 08:30:00,18.25210952758789,435.16046142578125,507.006103515625,0.24283470213413239,282.8542785644531
2026-07-05 08:45:00,18.25210952758789,437.8044128417969,510.0865783691406,0.24434278905391693,284.5728454589844
2026-07-05 09:00:00,18.31454849243164,441.1642761230469,513.2171630859375,0.2459101527929306,286.75677490234375
2026-07-05 09:15:00,18.379947662353516,444.6817626953125,516.48388671875,0.24754643440246582,289.0431213378906
2026-07-05 09:30:00,18.47507095336914,448.6828918457031,519.9248046875,0.2492847889661789,291.64385986328125
2026-07-05 09:45:00,18.58505630493164,451.0296936035156,521.2491455078125,0.2499934881925583,293.1692810058594
2026-07-05 10:00:00,18.683170318603516,454.2574157714844,523.7322998046875,0.25126391649246216,295.2673034667969
2026-07-05 10:15:00,18.76639175415039,457.1580505371094,526.01666259765625,0.2524290084838867,297.1527099609375
2026-07-05 10:30:00,18.81991958618164,450.2440490722656,517.39202880859375,0.24822582304477692,292.65863037109375
2026-07-05 10:45:00,18.95663833618164,426.5603332519531,488.5643310546875,0.23417769372463226,277.26422119140625
2026-07-05 11:00:00,19.096378326416016,459.97247314453125,525.06842041015625,0.25213444232940674,298.9820861816406
2026-07-05 11:15:00,19.221256256103516,481.00030517578125,547.433349609375,0.26319172978401184,312.6501770019531
2026-07-05 11:30:00,19.37887954711914,485.24798583984375,550.1949462890625,0.26463162899017334,315.41119384765625
2026-07-05 11:45:00,19.59598159790039,490.54779052734375,553.3436279296875,0.26629117131233215,318.8560485839844
2026-07-05 12:00:00,19.783390045166016,494.60455322265625,555.453857421875,0.2674228847026825,321.4929504394531
2026-07-05 12:15:00,19.98868179321289,498.87799072265625,557.55364990234375,0.2685565948486328,324.27069091796875
2026-07-05 12:30:00,20.17319107055664,503.76055908203125,560.5828857421875,0.27013736963272095,327.4443664550781
2026-07-05 12:45:00,20.39944839477539,507.6542053222656,561.944580078125,0.27091318368911743,329.9752197265625
2026-07-05 13:00:00,20.593021392822266,510.45635986328125,562.51519775390625,0.27128157019615173,331.796630859375
2026-07-05 13:15:00,20.831363677978516,514.42852783203125,563.7828369140625,0.2720114588737488,334.3785400390625
2026-07-05 13:30:00,21.04001235961914,509.4447021484375,555.65264892578125,0.2680860161781311,331.1390380859375
2026-07-05 13:45:00,21.260684967041016,513.744140625,557.5240478515625,0.269100159406662,333.9336853027344
2026-07-05 14:00:00,21.45761489868164,516.8023681640625,558.337158203125,0.2695801854133606,335.9215393066406
2026-07-05 14:15:00,21.624759674072266,518.68292236328125,558.2518310546875,0.2696032226085663,337.1438903808594
2026-07-05 14:30:00,21.64566421508789,520.07177734375,559.4822998046875,0.27021902799606323,338.046630859375
2026-07-05 14:45:00,21.675540924072266,518.77447509765625,557.710205078125,0.26935523748397827,337.2033996582031
2026-07-05 15:00:00,21.845767974853516,525.68243408203125,562.97314453125,0.2720199227333069,341.6935729980469
2026-07-05 15:15:00,21.92642593383789,529.90380859375,566.4664306640625,0.27377691864967346,344.4374694824219
2026-07-05 15:30:00,21.851749420166016,524.31982421875,561.4383544921875,0.2712637186050415,340.807861328125
2026-07-05 15:45:00,22.054935455322266,533.81719970703125,569.00830078125,0.27508145570755005,346.9811706542969
2026-07-05 16:00:00,21.94736099243164,543.41229248046875,580.63409423828125,0.2807941734790802,353.2179870605469
2026-07-05 16:15:00,21.971256256103516,548.112548828125,585.3424072265625,0.283134788274765,356.27313232421875
2026-07-05 16:30:00,21.905521392822266,555.781494140625,594.4085693359375,0.2876020073890686,361.2579650878906
2026-07-05 16:45:00,21.83383560180664,540.29705810546875,578.77978515625,0.2798331081867218,351.1930847167969
2026-07-05 17:00:00,21.80392837524414,540.42803955078125,579.30987548828125,0.2800839841365814,351.2781982421875
2026-07-05 17:15:00,21.73825454711914,537.90069580078125,577.454345703125,0.2791403532028198,349.63543701171875
2026-07-05 17:30:00,21.67251968383789,551.43780517578125,592.86553955078125,0.2867460548877716,358.4345703125
2026-07-05 17:45:00,21.60086441040039,555.4647216796875,598.16265869140625,0.28934285044670105,361.05206298828125
2026-07-05 18:00:00,21.48147964477539,560.871826171875,605.62042236328125,0.29299232363700867,364.5666809082031
2026-07-05 18:15:00,21.403873443603516,554.975830078125,600.31048583984375,0.2903269827365875,360.7342834472656
2026-07-05 18:30:00,21.311405181884766,547.01702880859375,592.947021484375,0.28663939237594604,355.5610656738281
2026-07-05 18:45:00,21.212955474853516,545.23394775390625,592.3416748046875,0.2862982153892517,354.40203857421875
2026-07-05 19:00:00,21.135440826416016,541.23895263671875,589.043212890625,0.2846319377422333,351.8052978515625
2026-07-05 19:15:00,21.07278823852539,528.583251953125,576.0946044921875,0.2781982719898224,343.5791015625
2026-07-05 19:30:00,20.974430084228516,551.3778076171875,602.2939453125,0.29112643003463745,358.39556884765625
2026-07-05 19:45:00,20.89096450805664,520.7659912109375,569.94647216796875,0.27508172392845154,338.4978942871094
2026-07-05 20:00:00,20.798587799072266,523.41351318359375,574.0628662109375,0.27707597613334656,340.2187805175781
2026-07-05 20:15:00,20.68240737915039,525.758544921875,578.1820068359375,0.2790609300136566,341.7430419921875
2026-07-05 20:30:00,20.569217681884766,525.69970703125,579.63238525390625,0.27972719073295593,341.7048034667969
2026-07-05 20:45:00,20.48581314086914,477.0693054199219,527.03076171875,0.25374993681907654,310.09503173828125
2026-07-05 21:00:00,20.366703033447266,512.21282958984375,567.422607421875,0.27360233664512634,332.9383239746094
2026-07-05 21:15:00,20.256534576416016,523.35748291015625,581.25823974609375,0.2803863286972046,340.1823425292969
2026-07-05 21:30:00,20.17618179321289,524.5755615234375,583.7049560546875,0.28155773878097534,340.9740905761719
2026-07-05 21:45:00,20.03927993774414,526.01080322265625,587.180419921875,0.283209890127182,341.9070129394531
2026-07-05 22:00:00,19.95596694946289,458.0760803222656,512.34619140625,0.24630102515220642,297.74945068359375
2026-07-05 22:15:00,19.87857437133789,525.8092041015625,589.1749267578125,0.2841167449951172,341.7759704589844
2026-07-05 22:30:00,19.77743911743164,528.2293701171875,593.2987060546875,0.28610509634017944,343.3490905761719
2026-07-05 22:45:00,19.723880767822266,523.06396484375,588.24005126953125,0.2835765779018402,339.9915771484375
2026-07-05 23:00:00,19.64950942993164,522.64715576171875,588.8055419921875,0.2838180661201477,339.72064208984375
2026-07-05 23:15:00,19.57217788696289,524.79083251953125,592.30419921875,0.2855077087879181,341.114013671875
2026-07-05 23:30:00,19.491886138916016,554.6138916015625,627.157470703125,0.30272287130355835,360.4990234375
2026-07-05 23:45:00,19.42349624633789,523.293701171875,592.703125,0.28562676906585693,340.1408996582031
2026-07-06 00:00:00,19.361026763916016,521.49127197265625,591.54058837890625,0.2850188612937927,338.96929931640625
2026-07-06 00:15:00,19.277774810791016,520.29058837890625,591.351318359375,0.284880667924881,338.1888732910156
2026-07-06 00:30:00,19.224246978759766,518.5592041015625,590.137451171875,0.2842518985271454,337.0634765625
2026-07-06 00:45:00,19.15585708618164,516.79193115234375,589.08905029296875,0.2836967408657074,335.91473388671875
2026-07-06 01:00:00,19.09042739868164,516.20758056640625,589.34600830078125,0.2837878167629242,335.534912109375
2026-07-06 01:15:00,19.025028228759766,515.54754638671875,589.51678466796875,0.2838360667228699,335.10589599609375
2026-07-06 01:30:00,18.98044204711914,515.07958984375,589.61297607421875,0.2838587462902069,334.8017272949219
2026-07-06 01:45:00,18.912052154541016,514.8255615234375,590.29266357421875,0.2841561436653137,334.6365966796875
2026-07-06 02:00:00,18.84665298461914,514.40313720703125,590.738525390625,0.28433939814567566,334.3620300292969
2026-07-06 02:15:00,18.781253814697266,513.916259765625,591.1116943359375,0.28448641300201416,334.0455627441406
2026-07-06 02:30:00,18.721805572509766,513.0531005859375,590.96746826171875,0.28438106179237366,333.4844970703125
2026-07-06 02:45:00,18.656375885009766,511.9947204589844,590.6832275390625,0.2842028737068176,332.79656982421875
2026-07-06 03:00:00,18.59695816040039,508.8816833496094,587.9381103515625,0.2828131914138794,330.7730712890625
2026-07-06 03:15:00,18.52261734008789,509.5635986328125,589.78973388671875,0.2836835980415344,331.2163391113281
2026-07-06 03:30:00,18.460208892822266,507.9862365722656,588.8572998046875,0.28318649530410767,330.1910400390625
2026-07-06 03:45:00,18.39181900024414,509.49102783203125,591.5865478515625,0.28449273109436035,331.1691589355469
2026-07-06 04:00:00,18.34128189086914,509.5987854003906,592.44171142578125,0.2848844528198242,331.23919677734375
2026-07-06 04:15:00,18.28482437133789,507.120849609375,590.37469482421875,0.2838301956653595,329.6285400390625
2026-07-06 04:30:00,18.23428726196289,507.2572326660156,591.2640380859375,0.2842382788658142,329.7171936035156
2026-07-06 04:45:00,18.186710357666016,506.98834228515625,591.63958740234375,0.2843944728374481,329.54241943359375
2026-07-06 05:00:00,18.14212417602539,504.5254211425781,589.40948486328125,0.2832667827606201,327.9414978027344
2026-07-06 05:15:00,18.10049819946289,499.48419189453125,584.1165771484375,0.2806309461593628,324.6647033691406
2026-07-06 05:30:00,18.047000885009766,503.8204345703125,589.962646484375,0.28348076343536377,327.4832763671875
2026-07-06 05:45:00,18.011295318603516,503.764892578125,590.41595458984375,0.28368210792541504,327.4471740722656
2026-07-06 06:00:00,17.97861099243164,503.5653991699219,590.6573486328125,0.28378063440322876,327.3175048828125
2026-07-06 06:15:00,17.963748931884766,503.5702209472656,590.8792724609375,0.2838807702064514,327.32061767578125
2026-07-06 06:30:00,17.93997573852539,502.2995910644531,589.73382568359375,0.28330087661743164,326.4947204589844
2026-07-06 06:45:00,17.934024810791016,500.3240051269531,587.50054931640625,0.28219589591026306,325.2106018066406
2026-07-06 07:00:00,17.91916275024414,499.6693420410156,586.94696044921875,0.2819135785102844,324.7850646972656
2026-07-06 07:15:00,17.88644790649414,499.16107177734375,586.82342529296875,0.2818320691585541,324.4546813964844
2026-07-06 07:30:00,17.862674713134766,498.0252685546875,585.83203125,0.28132832050323486,323.7164001464844
2026-07-06 07:45:00,17.841861724853516,497.3062744140625,585.28717041015625,0.2810465693473816,323.2490539550781
2026-07-06 08:00:00,17.82400894165039,498.9134521484375,587.4378662109375,0.28209537267684937,324.2937316894531
2026-07-06 08:15:00,17.82400894165039,498.86578369140625,587.38177490234375,0.2820676863193512,324.26275634765625
2026-07-06 08:30:00,17.821048736572266,498.45367431640625,586.93951416015625,0.2818478047847748,323.994873046875
2026-07-06 08:45:00,17.847782135009766,498.9031066894531,587.08056640625,0.28193435072898865,324.2870178222656
2026-07-06 09:00:00,17.93997573852539,499.7189636230469,586.7039794921875,0.2818068861961365,324.81732177734375
2026-07-06 09:15:00,18.02322769165039,500.61614990234375,586.55340576171875,0.28178465366363525,325.4004821777344
2026-07-06 09:30:00,18.165897369384766,501.8562316894531,585.949462890625,0.2815747857093811,326.20654296875
2026-07-06 09:45:00,18.287784576416016,503.5323791503906,586.1546630859375,0.28174999356269836,327.2960205078125
2026-07-06 10:00:00,18.388858795166016,504.6054382324219,585.9560546875,0.28171253204345703,327.9935302734375
2026-07-06 10:15:00,18.52560806274414,505.72686767578125,585.30645751953125,0.2814728021621704,328.7224426269531
2026-07-06 10:30:00,18.65341567993164,507.6471252441406,585.70947265625,0.281745970249176,329.9706115722656
2026-07-06 10:45:00,18.80502700805664,509.0187072753906,585.14251708984375,0.28155282139778137,330.8621520996094
2026-07-06 11:00:00,18.864505767822266,510.57318115234375,586.087890625,0.2820530831813812,331.87255859375
2026-07-06 11:15:00,19.045841217041016,510.3979187011719,583.3367919921875,0.28079578280448914,331.7586364746094
2026-07-06 11:30:00,19.11124038696289,511.0715637207031,583.1912841796875,0.2807597219944,332.1965026855469
2026-07-06 11:45:00,19.236148834228516,512.8065185546875,583.4248046875,0.28094252943992615,333.32421875
2026-07-06 12:00:00,19.459171295166016,517.42584228515625,585.56011962890625,0.28211548924446106,336.3267822265625
2026-07-06 12:15:00,19.75363540649414,521.381591796875,585.93634033203125,0.28245294094085693,338.89801025390625
2026-07-06 12:30:00,19.830997467041016,530.0404052734375,594.5816650390625,0.2867668867111206,344.5262451171875
2026-07-06 12:45:00,19.979740142822266,522.3759765625,583.9378662109375,0.2815777361392975,339.54437255859375
2026-07-06 13:00:00,20.17319107055664,524.68212890625,583.86431884765625,0.2816351056098938,341.0433654785156
2026-07-06 13:15:00,20.259525299072266,525.7239990234375,583.8458251953125,0.281667023897171,341.7205810546875
2026-07-06 13:30:00,20.53940200805664,522.119140625,576.08221435546875,0.2779587507247925,339.37744140625
2026-07-06 13:45:00,20.879032135009766,537.746337890625,588.69195556640625,0.28434717655181885,349.53509521484375
2026-07-06 14:00:00,21.108585357666016,546.3336181640625,594.9530029296875,0.2875472903251648,355.1168518066406
2026-07-06 14:15:00,21.18613052368164,550.083740234375,597.9764404296875,0.2890784740447998,357.5544128417969
2026-07-06 14:30:00,21.34421157836914,555.24700927734375,601.41888427734375,0.2908516228199005,360.9105529785156
2026-07-06 14:45:00,21.47549819946289,541.6009521484375,584.89141845703125,0.28271740674972534,352.0406188964844
2026-07-06 15:00:00,21.60983657836914,544.824462890625,586.58544921875,0.28361016511917114,354.1358947753906
2026-07-06 15:15:00,21.669559478759766,539.4732666015625,580.0408935546875,0.2803936302661896,350.6576232910156
2026-07-06 15:30:00,21.79794692993164,539.90283203125,578.8248291015625,0.2798416018486023,350.93682861328125
2026-07-06 15:45:00,21.78305435180664,544.58209228515625,584.0372314453125,0.28241628408432007,353.97833251953125
2026-07-06 16:00:00,21.884586334228516,550.206787109375,588.7232666015625,0.2847764790058136,357.6343994140625
2026-07-06 16:15:00,21.914493560791016,572.14990234375,611.79132080078125,0.29622897505760193,371.8974304199219
2026-07-06 16:30:00,21.89358901977539,569.152587890625,608.87213134765625,0.294771671295166,369.94915771484375
2026-07-06 16:45:00,21.896549224853516,554.8665771484375,593.54962158203125,0.287172794342041,360.66326904296875
2026-07-06 17:00:00,21.80691909790039,532.37347412109375,570.63739013671875,0.2757943272590637,346.0427551269531
2026-07-06 17:15:00,21.75912857055664,540.8087158203125,580.30316162109375,0.28055834770202637,351.5256652832031
2026-07-06 17:30:00,21.68448257446289,539.98443603515625,580.3948974609375,0.2805747091770172,350.9898681640625
2026-07-06 17:45:00,21.56802749633789,539.14605712890625,581.02105712890625,0.28083866834640503,350.4449157714844
2026-07-06 18:00:00,21.493412017822266,538.25115966796875,581.03778076171875,0.2808171212673187,349.8632507324219
2026-07-06 18:15:00,21.400882720947266,537.623046875,581.5797119140625,0.28104785084724426,349.4549560546875
2026-07-06 18:30:00,21.308414459228516,536.5301513671875,581.61920166015625,0.28102952241897583,348.7445983886719
2026-07-06 18:45:00,21.20999526977539,536.15008544921875,582.51226806640625,0.2814306318759918,348.4975280761719
2026-07-06 19:00:00,21.11752700805664,535.191650390625,582.7003173828125,0.28148478269577026,347.87457275390625
2026-07-06 19:15:00,21.019168853759766,533.20733642578125,581.848388671875,0.281021386384964,346.5847473144531
2026-07-06 19:30:00,20.91482925415039,532.5474853515625,582.52117919921875,0.28130918741226196,346.1558532714844
2026-07-06 19:45:00,20.80752944946289,532.181640625,583.55926513671875,0.2817758023738861,345.9180603027344
2026-07-06 20:00:00,20.70322036743164,531.36749267578125,584.0694580078125,0.28198185563087463,345.38885498046875
2026-07-06 20:15:00,20.584110260009766,528.59893798828125,582.628173828125,0.2812153100967407,343.58929443359375
2026-07-06 20:30:00,20.47391128540039,527.0233154296875,582.376953125,0.281040757894516,342.5651550292969
2026-07-06 20:45:00,20.351810455322266,534.1219482421875,591.8983154296875,0.28569379448890686,347.17926025390625
2026-07-06 21:00:00,20.22677993774414,529.975341796875,589.01702880859375,0.28420883417129517,344.48394775390625
2026-07-06 21:15:00,20.116641998291016,529.18011474609375,589.64892578125,0.2844683527946472,343.9670715332031
2026-07-06 21:30:00,19.97677993774414,528.1168212890625,590.3963623046875,0.28476953506469727,343.2759094238281
2026-07-06 21:45:00,19.85477066040039,528.58575439453125,592.61798095703125,0.2858075499534607,343.5807189941406
2026-07-06 22:00:00,19.76553726196289,531.697021484375,597.36114501953125,0.2881086766719818,345.6030578613281
2026-07-06 22:15:00,19.65250015258789,520.69873046875,586.56890869140625,0.2827141582965851,338.45416259765625
2026-07-06 22:30:00,19.563236236572266,554.3011474609375,625.74359130859375,0.30206066370010376,360.2957458496094
2026-07-06 22:45:00,19.46512222290039,501.9637756347656,567.98162841796875,0.27344098687171936,326.27642822265625
2026-07-06 23:00:00,19.393741607666016,519.07421875,588.34033203125,0.2834547460079193,337.3982238769531
2026-07-06 23:15:00,19.310489654541016,517.91693115234375,588.19415283203125,0.28333818912506104,336.64599609375
2026-07-06 23:30:00,19.245059967041016,521.0513916015625,592.6788330078125,0.2855190336704254,338.6833801269531
2026-07-06 23:45:00,19.173709869384766,521.25506591796875,593.9227294921875,0.28609493374824524,338.8157653808594
2026-07-07 00:00:00,19.084476470947266,523.96954345703125,598.2930908203125,0.28820595145225525,340.5802001953125
2026-07-07 00:15:00,19.013126373291016,520.44207763671875,595.28369140625,0.286678671836853,338.2873229980469
2026-07-07 00:30:00,18.95962905883789,519.0560302734375,594.4622802734375,0.2862427234649658,337.38641357421875
2026-07-07 00:45:00,18.90909194946289,519.60992431640625,595.82080078125,0.28688549995422363,337.7464294433594
2026-07-07 01:00:00,18.81692886352539,526.22784423828125,604.75146484375,0.2912471890449524,342.048095703125
2026-07-07 01:15:00,18.79611587524414,527.17730712890625,606.1470947265625,0.29192522168159485,342.66522216796875
2026-07-07 01:30:00,18.730716705322266,527.09869384765625,607.0152587890625,0.2923163175582886,342.6141357421875
2026-07-07 01:45:00,18.671268463134766,525.9849853515625,606.60479736328125,0.2920783460140228,341.8902282714844
2026-07-07 02:00:00,18.591007232666016,525.9029541015625,607.69140625,0.2925679683685303,341.8369140625
2026-07-07 02:15:00,18.53451919555664,524.73284912109375,607.171630859375,0.29227712750434875,341.0763244628906
2026-07-07 02:30:00,18.466129302978516,522.6202392578125,605.7337646484375,0.29152512550354004,339.7031555175781
2026-07-07 02:45:00,18.37698745727539,520.13238525390625,604.16107177734375,0.2906937599182129,338.0860290527344
2026-07-07 03:00:00,18.317508697509766,520.7911376953125,605.80517578125,0.2914697527885437,338.51422119140625
2026-07-07 03:15:00,18.28482437133789,520.84637451171875,606.35357666015625,0.29172056913375854,338.5501403808594
2026-07-07 03:30:00,18.255069732666016,531.16400146484375,618.815185546875,0.29786309599876404,345.256591796875
2026-07-07 03:45:00,18.20157241821289,518.52166748046875,604.8782958984375,0.29093998670578003,337.0390625
2026-07-07 04:00:00,18.24911880493164,511.2840881347656,595.741455078125,0.28645721077919006,332.33465576171875
2026-07-07 04:15:00,18.359134674072266,493.28424072265625,573.2252197265625,0.2754181921482086,320.6347351074219
2026-07-07 04:30:00,18.54343032836914,480.3559875488281,555.70257568359375,0.2668960690498352,312.23138427734375
2026-07-07 04:45:00,18.92099380493164,470.5606994628906,539.4229736328125,0.2590954303741455,305.86444091796875
2026-07-07 05:00:00,19.319400787353516,470.88958740234375,534.6719970703125,0.25696486234664917,306.0782165527344
2026-07-07 05:15:00,19.679264068603516,460.746337890625,518.7039794921875,0.24929459393024445,299.485107421875
2026-07-07 05:30:00,19.92618179321289,439.0231628417969,491.3797912597656,0.23600828647613525,285.36505126953125
2026-07-07 05:45:00,20.06308364868164,424.58697509765625,473.6977233886719,0.22741606831550598,275.9815368652344
2026-07-07 06:00:00,20.119632720947266,414.5916748046875,461.9342346191406,0.22169308364391327,269.4845886230469
2026-07-07 06:15:00,20.15829849243164,410.17449951171875,456.5995788574219,0.21910539269447327,266.6134033203125
2026-07-07 06:30:00,20.13449478149414,410.3818359375,457.084716796875,0.2193322777748108,266.7481689453125
2026-07-07 06:45:00,20.092838287353516,415.16412353515625,462.8622741699219,0.22213497757911682,269.8566589355469
2026-07-07 07:00:00,20.030338287353516,421.7968444824219,470.9461364746094,0.2260572910308838,274.1679382324219
2026-07-07 07:15:00,19.944034576416016,427.1177062988281,477.8539733886719,0.2293970286846161,277.6264953613281
2026-07-07 07:30:00,19.86075210571289,432.83428955078125,485.1990051269531,0.23295362293720245,281.34228515625
2026-07-07 07:45:00,19.76553726196289,433.88177490234375,487.4658203125,0.23402062058448792,282.02313232421875
2026-07-07 08:00:00,19.68820571899414,433.3882141113281,487.8013000488281,0.2341499924659729,281.70233154296875
2026-07-07 08:15:00,19.622745513916016,430.76348876953125,485.5984191894531,0.23304234445095062,279.9962463378906
2026-07-07 08:30:00,19.601932525634766,426.74078369140625,481.3007507324219,0.23093079030513763,277.3815002441406
2026-07-07 08:45:00,19.578128814697266,421.4726257324219,475.6271667480469,0.2281465232372284,273.9571838378906
2026-07-07 09:00:00,19.569217681884766,416.7323303222656,470.3771667480469,0.22557763755321503,270.8760070800781
2026-07-07 09:15:00,19.57217788696289,412.1522521972656,465.1748962402344,0.2230389267206192,267.8989562988281
2026-07-07 09:30:00,19.61679458618164,408.4793395996094,460.54241943359375,0.22079810500144958,265.5115661621094
2026-07-07 09:45:00,19.66141128540039,405.6605224609375,456.8817138671875,0.21903203427791595,263.6793212890625
2026-07-07 10:00:00,19.700077056884766,402.9864501953125,453.455322265625,0.21737810969352722,261.9411926269531
2026-07-07 10:15:00,19.744693756103516,400.845458984375,450.57110595703125,0.21599145233631134,260.5495300292969
2026-07-07 10:30:00,19.792301177978516,399.5958251953125,448.66229248046875,0.21508155763149261,259.7372741699219
2026-07-07 10:45:00,19.68820571899414,398.901123046875,448.9842529296875,0.21519383788108826,259.28570556640625
2026-07-07 11:00:00,19.750675201416016,400.69232177734375,450.33538818359375,0.2158791422843933,260.45001220703125
2026-07-07 11:15:00,19.896427154541016,404.4352722167969,452.9837951660156,0.21723230183124542,262.8829040527344
2026-07-07 11:30:00,20.05118179321289,409.0923767089844,456.5381774902344,0.2190309762954712,265.9100341796875
2026-07-07 11:45:00,20.18808364868164,413.475830078125,459.954345703125,0.22075490653514862,268.75927734375
2026-07-07 12:00:00,20.34286880493164,418.4949645996094,463.86041259765625,0.22272564470767975,272.021728515625
2026-07-07 12:15:00,20.467960357666016,423.1567687988281,467.6658630371094,0.2246355563402176,275.0518798828125
2026-07-07 12:30:00,20.524539947509766,429.1673889160156,473.6866455078125,0.22760185599327087,278.95880126953125
2026-07-07 12:45:00,20.545352935791016,433.2451477050781,477.95684814453125,0.22969919443130493,281.6093444824219
2026-07-07 13:00:00,20.655582427978516,438.74456787109375,482.7908935546875,0.2321096807718277,285.1839599609375
2026-07-07 13:15:00,20.715152740478516,437.9829406738281,481.2903137207031,0.23139876127243042,284.68890380859375
2026-07-07 13:30:00,20.81943130493164,447.90704345703125,491.0141296386719,0.23620346188545227,291.1395568847656
2026-07-07 13:45:00,21.051944732666016,454.2979431152344,495.3685302734375,0.23842963576316833,295.29364013671875
2026-07-07 14:00:00,21.102603912353516,459.42706298828125,500.38092041015625,0.2409084290266037,298.6275939941406
2026-07-07 14:15:00,21.07577896118164,460.93218994140625,502.3283996582031,0.24185387790203094,299.6059265136719
2026-07-07 14:30:00,21.084720611572266,462.0406799316406,503.43341064453125,0.24239979684352875,300.326416015625
2026-07-07 14:45:00,21.05490493774414,465.2076721191406,507.23016357421875,0.24425238370895386,302.3849792480469
2026-07-07 15:00:00,21.07577896118164,470.4554138183594,512.7069091796875,0.24695102870464325,305.7960205078125
2026-07-07 15:15:00,21.153324127197266,474.4142150878906,516.10528564453125,0.24865180253982544,308.3692321777344
2026-07-07 15:30:00,21.132450103759766,479.1951599121094,521.55511474609375,0.25132349133491516,311.4768371582031
2026-07-07 15:45:00,19.301578521728516,515.63818359375,585.73077392578125,0.28211644291877747,335.164794921875
2026-07-07 16:00:00,16.937686920166016,553.27691650390625,666.0438232421875,0.32032111287117004,359.6299743652344
2026-07-07 16:15:00,17.60696792602539,521.1741943359375,616.95941162109375,0.29652196168899536,338.7632141113281
2026-07-07 16:30:00,17.78537368774414,556.7874755859375,656.20758056640625,0.31607040762901306,361.9118347167969
2026-07-07 16:45:00,17.46420669555664,557.6806640625,662.526611328125,0.31897449493408203,362.492431640625
2026-07-07 17:00:00,17.55044937133789,565.94329833984375,670.899169921875,0.32319018244743347,367.8631286621094
2026-07-07 17:15:00,17.85672378540039,549.840087890625,646.87738037109375,0.31149497628211975,357.39605712890625
2026-07-07 17:30:00,17.99350357055664,514.27410888671875,602.9969482421875,0.2898796498775482,334.2781677246094
2026-07-07 17:45:00,17.535587310791016,541.09808349609375,641.6837158203125,0.3086998164653778,351.7137451171875
2026-07-07 18:00:00,17.651554107666016,524.4891357421875,620.1961669921875,0.29815158247947693,340.9179382324219
2026-07-07 18:15:00,17.363101959228516,511.80523681640625,609.56396484375,0.2927033007144928,332.67340087890625
2026-07-07 18:30:00,17.449344635009766,540.88677978515625,642.813720703125,0.3091980516910553,351.5763854980469
2026-07-07 18:45:00,17.25601577758789,524.6597900390625,626.552001953125,0.3010174632072449,341.0288391113281
2026-07-07 19:00:00,17.29172134399414,537.0968017578125,640.83050537109375,0.3081033229827881,349.1129150390625
2026-07-07 19:15:00,18.30264663696289,510.2447814941406,593.7528076171875,0.2855081856250763,331.6590881347656
2026-07-07 19:30:00,18.39181900024414,526.140380859375,610.918701171875,0.2940429747104645,341.9912414550781
2026-07-07 19:45:00,18.53451919555664,509.7955627441406,589.8875732421875,0.2837388813495636,331.3670959472656
2026-07-07 20:00:00,18.329410552978516,523.5518798828125,608.839599609375,0.2929767370223999,340.3087158203125
2026-07-07 20:15:00,17.75564956665039,544.20123291015625,641.84619140625,0.30893340706825256,353.73077392578125
2026-07-07 20:30:00,17.67831802368164,547.66357421875,647.16925048828125,0.3115163743495941,355.9813232421875
2026-07-07 20:45:00,17.493961334228516,548.82177734375,651.51861572265625,0.3135404884815216,356.734130859375
2026-07-07 21:00:00,17.806156158447266,512.67120361328125,603.9033203125,0.2902064621448517,333.23626708984375
2026-07-07 21:15:00,17.716983795166016,512.9156494140625,605.5269775390625,0.2909495234489441,333.3951721191406
2026-07-07 21:30:00,18.145084381103516,510.1723937988281,595.96319580078125,0.28650254011154175,331.6120300292969
2026-07-07 21:45:00,18.18075942993164,525.04180908203125,612.79681396484375,0.29484012722969055,341.27716064453125
2026-07-07 22:00:00,17.386905670166016,554.247314453125,659.72003173828125,0.3175267279148102,360.2607421875
2026-07-07 22:15:00,17.951847076416016,541.9788818359375,636.13385009765625,0.3062375783920288,352.2862548828125
2026-07-07 22:30:00,17.64859390258789,541.26123046875,640.0758056640625,0.3079829216003418,351.8197937011719
2026-07-07 22:45:00,17.440433502197266,520.2021484375,618.36871337890625,0.2971041202545166,338.1313781738281
2026-07-07 23:00:00,17.49692153930664,514.24609375,610.427978515625,0.29322150349617004,334.25994873046875
2026-07-07 23:15:00,17.73776626586914,512.558837890625,604.79412841796875,0.2906014323234558,333.1632385253906
2026-07-07 23:30:00,17.41366958618164,536.43817138671875,638.09490966796875,0.30683740973472595,348.6847839355469
2026-07-07 23:45:00,17.395816802978516,519.36309814453125,618.0596923828125,0.2969205379486084,337.58599853515625
2026-07-08 00:00:00,17.34524917602539,530.49066162109375,632.1007080078125,0.303823858499527,344.81890869140625
2026-07-08 00:15:00,16.515018463134766,546.83551025390625,665.39947509765625,0.3196653425693512,355.44305419921875
2026-07-08 00:30:00,16.765079498291016,525.01171875,634.78765869140625,0.30472424626350403,341.2575988769531
2026-07-08 00:45:00,16.827579498291016,535.0267333984375,645.871826171875,0.310250848531723,347.7673645019531
2026-07-08 01:00:00,16.976383209228516,537.35357666015625,646.24285888671875,0.31054776906967163,349.2798156738281
2026-07-08 01:15:00,17.532596588134766,516.27850341796875,612.29595947265625,0.2941681146621704,335.5810241699219
2026-07-08 01:30:00,17.395816802978516,531.0206298828125,631.93255615234375,0.3037766218185425,345.16339111328125
2026-07-08 01:45:00,17.58615493774414,515.19134521484375,610.19268798828125,0.29316580295562744,334.8743591308594
2026-07-08 02:00:00,17.60397720336914,520.3585205078125,616.03961181640625,0.2960655391216278,338.2330322265625
2026-07-08 02:15:00,17.56235122680664,515.246826171875,610.61993408203125,0.2933606803417206,334.9104309082031
2026-07-08 02:30:00,17.45529556274414,525.12957763671875,623.9945068359375,0.2998940944671631,341.3341979980469
2026-07-08 02:45:00,17.51773452758789,515.61541748046875,611.73602294921875,0.29388150572776794,335.1499938964844
2026-07-08 03:00:00,17.66940689086914,514.13848876953125,607.6873779296875,0.29198455810546875,334.19000244140625
2026-07-08 03:15:00,17.841861724853516,513.9317626953125,604.85394287109375,0.2906990349292755,334.0556335449219
2026-07-08 03:30:00,17.79428482055664,512.67071533203125,604.080078125,0.29028600454330444,333.2359619140625
2026-07-08 03:45:00,17.232242584228516,514.443115234375,614.7176513671875,0.29515573382377625,334.38800048828125
2026-07-08 04:00:00,17.74075698852539,512.63055419921875,604.83392333984375,0.2906230390071869,333.2098388671875
2026-07-08 04:15:00,17.78537368774414,512.77020263671875,604.33056640625,0.2904038429260254,333.3006286621094
2026-07-08 04:30:00,17.639652252197266,512.15203857421875,605.786865234375,0.2910265624523163,332.8988037109375
2026-07-08 04:45:00,17.654544830322266,512.77288818359375,606.2969970703125,0.29128825664520264,333.3023681640625
2026-07-08 05:00:00,17.64560317993164,512.589599609375,606.21478271484375,0.29124176502227783,333.1832275390625
2026-07-08 05:15:00,17.672367095947266,491.4089660644531,580.77947998046875,0.27871742844581604,319.4158020019531
2026-07-08 05:30:00,17.651554107666016,512.16046142578125,605.6177978515625,0.29095104336738586,332.904296875
2026-07-08 05:45:00,17.71103286743164,512.9774169921875,605.689208984375,0.29102569818496704,333.435302734375
2026-07-08 06:00:00,17.806156158447266,513.017822265625,604.3116455078125,0.29040801525115967,333.4615783691406
2026-07-08 06:15:00,17.66940689086914,512.9881591796875,606.3277587890625,0.2913133502006531,333.4422912597656
2026-07-08 06:30:00,17.630741119384766,513.0394287109375,606.97088623046875,0.2916050851345062,333.4756164550781
2026-07-08 06:45:00,17.54153823852539,512.67041015625,607.8814697265625,0.29199469089508057,333.2357482910156
2026-07-08 07:00:00,17.568302154541016,512.72406005859375,607.54022216796875,0.29184427857398987,333.2706298828125
2026-07-08 07:15:00,17.55044937133789,512.86151123046875,607.97320556640625,0.2920459806919098,333.3599548339844
2026-07-08 07:30:00,17.59207534790039,513.14453125,607.67901611328125,0.291928768157959,333.5439453125
2026-07-08 07:45:00,17.51773452758789,512.4678955078125,608.001708984375,0.2920379638671875,333.1041259765625
2026-07-08 08:00:00,17.452335357666016,513.17413330078125,609.833251953125,0.2928975522518158,333.56317138671875
2026-07-08 08:15:00,17.44339370727539,512.00701904296875,608.5821533203125,0.2922738790512085,332.8045349121094
2026-07-08 08:30:00,17.476139068603516,511.8723449707031,607.9251708984375,0.29197195172309875,332.7170104980469
2026-07-08 08:45:00,17.523685455322266,512.34759521484375,607.7689208984375,0.2919270694255829,333.0259094238281
2026-07-08 09:00:00,17.99350357055664,511.4239196777344,599.655029296875,0.288229763507843,332.425537109375
2026-07-08 09:15:00,18.136173248291016,512.14208984375,598.39495849609375,0.2876974046230316,332.892333984375
2026-07-08 09:30:00,18.088626861572266,512.3270263671875,599.31024169921875,0.28811952471733093,333.0125427246094
2026-07-08 09:45:00,18.237247467041016,511.2460021972656,595.87017822265625,0.28651347756385803,332.30987548828125
2026-07-08 10:00:00,18.37399673461914,508.7138671875,590.94097900390625,0.2841634154319763,330.66400146484375
2026-07-08 10:15:00,18.66531753540039,489.0104675292969,564.04437255859375,0.2710712254047394,317.8567810058594
2026-07-08 10:30:00,18.92099380493164,494.3871765136719,566.7362060546875,0.2725389897823334,321.3516540527344
2026-07-08 10:45:00,19.33426284790039,493.9627685546875,560.6717529296875,0.2697696387767792,321.0757751464844
2026-07-08 11:00:00,19.667362213134766,487.7626953125,549.27325439453125,0.26432135701179504,317.0457458496094
2026-07-08 11:15:00,19.89346694946289,471.9931335449219,528.68817138671875,0.25429999828338623,306.7955322265625
2026-07-08 11:30:00,20.03927993774414,449.7221984863281,502.0202331542969,0.241272434592247,292.3194274902344
2026-07-08 11:45:00,20.104740142822266,434.182373046875,483.9306335449219,0.23243914544582367,282.2185363769531
2026-07-08 12:00:00,20.13449478149414,431.12744140625,480.1912536621094,0.2306220680475235,280.2328186035156
2026-07-08 12:15:00,20.182132720947266,436.0561218261719,485.1402893066406,0.23306427896022797,283.43646240234375
2026-07-08 12:30:00,20.19107437133789,445.6946716308594,495.7602233886719,0.2382698506116867,289.7015380859375
2026-07-08 12:45:00,20.22378921508789,454.2824401855469,504.92681884765625,0.2427787482738495,295.2835693359375
2026-07-08 13:00:00,20.28036880493164,461.05694580078125,511.78070068359375,0.24616703391075134,299.68701171875
2026-07-08 13:15:00,20.31308364868164,465.91156005859375,516.7752685546875,0.24863414466381073,302.8424987792969
2026-07-08 13:30:00,20.22677993774414,468.528076171875,520.7242431640625,0.2505365312099457,304.5432434082031
2026-07-08 13:45:00,20.17618179321289,471.4279479980469,524.566650390625,0.25240254402160645,306.42816162109375
2026-07-08 14:00:00,20.17319107055664,473.60125732421875,527.021728515625,0.25360822677612305,307.8408203125
2026-07-08 14:15:00,20.19107437133789,475.878173828125,529.33428955078125,0.2547534108161926,309.32080078125
2026-07-08 14:30:00,20.15829849243164,477.38006591796875,531.4117431640625,0.2557604908943176,310.2970275878906
2026-07-08 14:45:00,20.12259292602539,478.6474304199219,533.26763916015625,0.25665733218193054,311.1208190917969
2026-07-08 15:00:00,20.07199478149414,473.31353759765625,527.9500732421875,0.2540190517902374,307.6537780761719
2026-07-08 15:15:00,20.00949478149414,469.8738708496094,524.8818359375,0.2524823248386383,305.4179992675781
2026-07-08 15:30:00,19.944034576416016,465.91607666015625,521.2611083984375,0.2506732940673828,302.8454284667969
2026-07-08 15:45:00,20.14938735961914,438.2554931640625,487.9605407714844,0.23443107306957245,284.8660583496094
2026-07-08 16:00:00,20.548343658447266,395.6180114746094,436.4162902832031,0.2094225287437439,257.1517028808594
2026-07-08 16:15:00,21.780033111572266,275.2383728027344,295.1995544433594,0.14170588552951813,178.90493774414063
2026-07-08 16:30:00,23.19913101196289,260.8957824707031,271.15020751953125,0.13063685595989227,169.58224487304688
2026-07-08 16:45:00,23.346256256103516,262.98974609375,272.45159912109375,0.13129208981990814,170.94332885742188
2026-07-08 17:00:00,23.370304107666016,268.5093078613281,278.0243225097656,0.13394857943058014,174.53103637695313
2026-07-08 17:15:00,23.430362701416016,234.2332305908203,242.21730041503906,0.1169869601726532,152.2515869140625
2026-07-08 17:30:00,23.445377349853516,188.62570190429688,194.99160766601563,0.09482218325138092,122.60670471191406
2026-07-08 17:45:00,23.415348052978516,187.57382202148438,194.0307159423828,0.09436679631471634,121.92298126220703
2026-07-08 18:00:00,23.412357330322266,203.62132263183594,210.64431762695313,0.10213077068328857,132.35385131835938
2026-07-08 18:15:00,23.406314849853516,214.41505432128906,221.83944702148438,0.10738177597522736,139.36978149414063
2026-07-08 18:30:00,23.34024429321289,243.49720764160156,252.290771484375,0.1217273473739624,158.27317810058594
2026-07-08 18:45:00,23.274173736572266,280.12286376953125,290.6569519042969,0.1399438977241516,182.07984924316406
2026-07-08 19:00:00,23.205142974853516,286.3200378417969,297.53472900390625,0.14320972561836243,186.10801696777344
2026-07-08 19:15:00,23.09109878540039,334.2353515625,348.193359375,0.1674862653017044,217.2529754638672
2026-07-08 19:30:00,22.995121002197266,364.48529052734375,380.5054931640625,0.18306700885295868,236.91543579101563
2026-07-08 19:45:00,22.92313003540039,380.9742431640625,398.3479309082031,0.19169603288173676,247.6332550048828
2026-07-08 20:00:00,22.85116958618164,398.830078125,417.6780090332031,0.20106928050518036,259.2395324707031
2026-07-08 20:15:00,22.800235748291016,396.71710205078125,415.9310302734375,0.2002047449350357,257.8661193847656
2026-07-08 20:30:00,22.752262115478516,419.939208984375,440.743408203125,0.2122797667980194,272.9604797363281
2026-07-08 20:45:00,22.710330963134766,419.3154296875,440.4958190917969,0.21214650571346283,272.5550231933594
2026-07-08 21:00:00,22.698368072509766,427.4689636230469,449.17974853515625,0.2163824737071991,277.8548278808594
2026-07-08 21:15:00,22.64743423461914,407.59698486328125,428.7803955078125,0.2064155787229538,264.9380187988281
2026-07-08 21:30:00,22.60550308227539,428.7713928222656,451.4734802246094,0.21747492253780365,278.7013854980469
2026-07-08 21:45:00,22.572574615478516,418.25958251953125,440.7259826660156,0.21221747994422913,271.86871337890625
2026-07-08 22:00:00,22.551578521728516,425.6783142089844,448.7517395019531,0.21612893044948578,276.6908874511719
2026-07-08 22:15:00,22.50967788696289,424.7835998535156,448.2242431640625,0.21585848927497864,276.1093444824219
2026-07-08 22:30:00,22.488712310791016,360.0674133300781,380.1134948730469,0.18273453414440155,234.04380798339844
2026-07-08 22:45:00,22.470767974853516,419.1487731933594,442.6601867675781,0.21313023567199707,272.4466857910156
2026-07-08 23:00:00,22.44980239868164,427.97052001953125,452.18701171875,0.2177756279706955,278.1808166503906
2026-07-08 23:15:00,22.43185806274414,427.3478698730469,451.7089538574219,0.21753650903701782,277.7760925292969
2026-07-08 23:30:00,22.407901763916016,424.5955810546875,449.03857421875,0.21622467041015625,275.98712158203125
2026-07-08 23:45:00,22.389957427978516,422.89654541015625,447.4200439453125,0.21542870998382568,274.88275146484375
2026-07-09 00:00:00,22.36899185180664,381.61285400390625,403.93048095703125,0.19424547255039215,248.04833984375
2026-07-09 00:15:00,22.35403823852539,357.7471008300781,378.7948913574219,0.18205706775188446,232.53561401367188
2026-07-09 00:30:00,22.32114028930664,345.61962890625,366.2218017578125,0.1759692132472992,224.6527557373047
2026-07-09 00:45:00,22.300174713134766,393.4045104980469,417.0497131347656,0.200600266456604,255.71292114257813
2026-07-09 01:00:00,22.270267486572266,395.0046691894531,419.0250244140625,0.20155195891857147,256.7530212402344
2026-07-09 01:15:00,22.228397369384766,391.3219299316406,415.50592041015625,0.1998273730278015,254.35923767089844
2026-07-09 01:30:00,22.213443756103516,391.8595886230469,416.215576171875,0.20016786456108093,254.70872497558594
2026-07-09 01:45:00,22.186527252197266,385.3905029296875,409.5903015136719,0.19693902134895325,250.50381469726563
2026-07-09 02:00:00,22.147647857666016,391.9535217285156,416.9272155761719,0.20049349963665009,254.769775390625
2026-07-09 02:15:00,22.117740631103516,392.7890625,418.09527587890625,0.20105226337909698,255.31288146972656
2026-07-09 02:30:00,22.075870513916016,386.71441650390625,412.014892578125,0.1980828195810318,251.36436462402344
2026-07-09 02:45:00,22.04001235961914,384.233642578125,409.70050048828125,0.19694694876670837,249.75186157226563
2026-07-09 03:00:00,22.001163482666016,388.11968994140625,414.2044677734375,0.1991235315799713,252.2777862548828
2026-07-09 03:15:00,21.96530532836914,391.63067626953125,418.28753662109375,0.2010975033044815,254.5599365234375
2026-07-09 03:30:00,21.93240737915039,379.4900207519531,405.61981201171875,0.1949310004711151,246.6685028076172
2026-07-09 03:45:00,21.914493560791016,380.2007751464844,406.5429992675781,0.19537357985973358,247.1304931640625
2026-07-09 04:00:00,21.87564468383789,373.6699523925781,399.90850830078125,0.19214098155498505,242.88546752929688
2026-07-09 04:15:00,21.836795806884766,380.19091796875,407.24298095703125,0.19568867981433868,247.12408447265625
2026-07-09 04:30:00,21.800968170166016,389.9666442871094,418.0511779785156,0.20092952251434326,253.47830200195313
2026-07-09 04:45:00,21.76810073852539,384.1518859863281,412.1225891113281,0.19803687930107117,249.69871520996094
2026-07-09 05:00:00,21.75314712524414,386.4584045410156,414.7367858886719,0.19930249452590942,251.1979522705078
2026-07-09 05:15:00,21.72928237915039,395.1131896972656,424.2530212402344,0.2039230912923813,256.8235778808594
2026-07-09 05:30:00,21.69046401977539,400.03692626953125,429.91619873046875,0.2066672146320343,260.02398681640625
2026-07-09 05:45:00,21.657596588134766,406.8407287597656,437.552734375,0.21037688851356506,264.44647216796875
2026-07-09 06:00:00,21.621768951416016,394.1877136230469,424.2879333496094,0.20390428602695465,256.2220153808594
2026-07-09 06:15:00,21.591922760009766,397.2040100097656,427.8231506347656,0.20561496913433075,258.1825866699219
2026-07-09 06:30:00,21.562076568603516,396.9736633300781,427.8639221191406,0.20562472939491272,258.0328674316406
2026-07-09 06:45:00,21.532230377197266,396.2891540527344,427.4148864746094,0.20539601147174835,257.58795166015625
2026-07-09 07:00:00,21.51132583618164,406.6872253417969,438.8373718261719,0.21095317602157593,264.3466796875
2026-07-09 07:15:00,21.487430572509766,407.6704406738281,440.13665771484375,0.2115783393383026,264.98577880859375
2026-07-09 07:30:00,21.47848892211914,405.6978759765625,438.0958251953125,0.21058036386966705,263.70361328125
2026-07-09 07:45:00,21.463565826416016,408.3810119628906,441.1424865722656,0.21206048130989075,265.4476623535156
2026-07-09 08:00:00,21.469547271728516,409.6959533691406,442.5028991699219,0.2127259373664856,266.3023681640625
2026-07-09 08:15:00,21.436710357666016,410.24981689453125,443.4313659667969,0.21316730976104736,266.6623840332031
2026-07-09 08:30:00,21.439701080322266,407.6777648925781,440.62139892578125,0.21179810166358948,264.99053955078125
2026-07-09 08:45:00,21.433719635009766,408.1684265136719,441.21160888671875,0.21208378672599792,265.3094787597656
2026-07-09 09:00:00,21.439701080322266,407.4391784667969,440.3635559082031,0.2116723656654358,264.83544921875
2026-07-09 09:15:00,21.47250747680664,410.8628845214844,443.7334899902344,0.21332713961601257,267.06085205078125
2026-07-09 09:30:00,21.493412017822266,411.8443908691406,444.58270263671875,0.21374864876270294,267.6988525390625
2026-07-09 09:45:00,21.499393463134766,414.22802734375,447.0952453613281,0.21497654914855957,269.2481994628906
2026-07-09 10:00:00,21.502384185791016,415.56866455078125,448.5118408203125,0.21566888689994812,270.11962890625
2026-07-09 10:15:00,21.52920913696289,417.4470520019531,450.265380859375,0.21653413772583008,271.340576171875
2026-07-09 10:30:00,21.565067291259766,418.9803466796875,451.5524597167969,0.2171749472618103,272.33721923828125
2026-07-09 10:45:00,21.64267349243164,419.5871887207031,451.41357421875,0.21713393926620483,272.7316589355469
2026-07-09 11:00:00,21.741214752197266,421.60235595703125,452.5740051269531,0.21773426234722137,274.0415344238281
2026-07-09 11:15:00,21.86069107055664,426.04754638671875,456.1173095703125,0.21950548887252808,276.930908203125
2026-07-09 11:30:00,21.96530532836914,426.6325988769531,455.67193603515625,0.2193227857351303,277.3111877441406
2026-07-09 11:45:00,22.06393814086914,429.70574951171875,457.9411926269531,0.2204643040895462,279.3087158203125
2026-07-09 12:00:00,22.168582916259766,431.9156494140625,459.2207946777344,0.22112399339675903,280.7451477050781
2026-07-09 12:15:00,22.32114028930664,435.0688781738281,461.0030822753906,0.22204451262950897,282.7947692871094
2026-07-09 12:30:00,22.473758697509766,435.89483642578125,460.3150329589844,0.22175616025924683,283.3316345214844
2026-07-09 12:45:00,22.623477935791016,439.584228515625,462.6749267578125,0.2229568213224411,285.729736328125
2026-07-09 13:00:00,22.752262115478516,443.096923828125,465.04840087890625,0.2241574078798294,288.01300048828125
2026-07-09 13:15:00,22.911136627197266,448.21630859375,468.7798767089844,0.22603172063827515,291.340576171875
2026-07-09 13:30:00,23.025089263916016,451.4504089355469,470.98358154296875,0.22714458405971527,293.4427490234375
2026-07-09 13:45:00,23.160099029541016,453.1303405761719,471.3420104980469,0.22735941410064697,294.5346984863281
2026-07-09 14:00:00,23.256168365478516,453.88922119140625,471.1427001953125,0.22728925943374634,295.0279846191406
2026-07-09 14:15:00,23.32522964477539,458.02362060546875,474.7195739746094,0.22906146943569183,297.71533203125
2026-07-09 14:30:00,23.334232330322266,456.3162536621094,472.8573303222656,0.22815142571926117,296.6055603027344
2026-07-09 14:45:00,23.469425201416016,458.89215087890625,474.1317138671875,0.22881369292736053,298.2798767089844
2026-07-09 15:00:00,23.55960464477539,462.4686279296875,476.89385986328125,0.23019248247146606,300.6045837402344
2026-07-09 15:15:00,23.589664459228516,462.6529235839844,476.7735595703125,0.23014171421527863,300.7243957519531
2026-07-09 15:30:00,23.649784088134766,465.4215087890625,479.00341796875,0.23125146329402924,302.5239562988281
2026-07-09 15:45:00,23.71597671508789,465.52032470703125,478.42071533203125,0.23098355531692505,302.58819580078125
2026-07-09 16:00:00,23.700931549072266,468.78497314453125,481.93231201171875,0.23270189762115479,304.7102355957031
2026-07-09 16:15:00,23.667850494384766,469.95098876953125,483.4762878417969,0.23345047235488892,305.4681396484375
2026-07-09 16:30:00,23.62271499633789,470.1690368652344,484.1727600097656,0.2337799221277237,305.60986328125
2026-07-09 16:45:00,23.53854751586914,469.871826171875,484.7490234375,0.2340395599603653,305.41668701171875
2026-07-09 17:00:00,23.454410552978516,471.7368469238281,487.56182861328125,0.2353965789079666,306.6289367675781
2026-07-09 17:15:00,23.343265533447266,471.1094055175781,488.0907897949219,0.2356247901916504,306.2210998535156
2026-07-09 17:30:00,23.25918960571289,487.55303955078125,506.0528564453125,0.2444256991147995,316.9094543457031
2026-07-09 17:45:00,23.157108306884766,460.6972961425781,479.2444152832031,0.23123140633106232,299.4532165527344
2026-07-09 18:00:00,23.02811050415039,465.40570068359375,485.510498046875,0.23426687717437744,302.5137023925781
2026-07-09 18:15:00,22.94412612915039,479.3012390136719,500.9280090332031,0.24181212484836578,311.5458068847656
2026-07-09 18:30:00,22.84817886352539,481.1651306152344,503.9371337890625,0.24326170980930328,312.75732421875
2026-07-09 18:45:00,22.749271392822266,481.6455993652344,505.54010009765625,0.24401888251304626,313.06964111328125
2026-07-09 19:00:00,22.61746597290039,476.2987976074219,501.3846740722656,0.24193480610847473,309.5942077636719
2026-07-09 19:15:00,22.51266860961914,471.49566650390625,497.4810791015625,0.23998361825942993,306.47216796875
2026-07-09 19:30:00,22.44980239868164,467.4198303222656,493.8685302734375,0.23818950355052948,303.8228759765625
2026-07-09 19:45:00,22.35403823852539,474.90435791015625,502.84503173828125,0.24256692826747894,308.6878356933594
2026-07-09 20:00:00,22.246341705322266,471.6342468261719,500.5812683105469,0.2414189726114273,306.562255859375
2026-07-09 20:15:00,22.156620025634766,469.5395202636719,499.3565979003906,0.2407872974872589,305.20068359375
2026-07-09 20:30:00,22.01309585571289,469.9904479980469,501.4434509277344,0.24176324903964996,305.4937744140625
2026-07-09 20:45:00,21.93240737915039,471.22637939453125,503.6726989746094,0.24283026158809662,306.2971496582031
2026-07-09 21:00:00,21.830814361572266,472.8185729980469,506.52960205078125,0.24419811367988586,307.3320617675781
2026-07-09 21:15:00,21.711368560791016,473.07281494140625,508.1675109863281,0.24496020376682281,307.497314453125
2026-07-09 21:30:00,21.630741119384766,472.3317565917969,508.29595947265625,0.24499402940273285,307.015625
2026-07-09 21:45:00,21.490421295166016,472.2839660644531,509.861328125,0.2457115203142166,306.98455810546875
2026-07-09 22:00:00,21.388980865478516,472.37969970703125,511.14019775390625,0.24630193412303925,307.0467834472656
2026-07-09 22:15:00,21.236820220947266,471.3155822753906,511.7581787109375,0.24654757976531982,306.3551025390625
2026-07-09 22:30:00,21.108585357666016,471.4802551269531,513.43829345703125,0.24732334911823273,306.462158203125
2026-07-09 22:45:00,21.004215240478516,474.7099304199219,518.19219970703125,0.2496187835931778,308.5614318847656
2026-07-09 23:00:00,20.91183853149414,473.47882080078125,517.94512939453125,0.24946017563343048,307.76123046875
2026-07-09 23:15:00,20.780704498291016,472.8232421875,518.79083251953125,0.24982242286205292,307.3350830078125
2026-07-09 23:30:00,20.66751480102539,470.4951171875,517.58624267578125,0.24918349087238312,305.8218078613281
2026-07-09 23:45:00,20.551334381103516,471.3412780761719,519.91253662109375,0.2502780258655548,306.371826171875
2026-07-10 00:00:00,20.438175201416016,460.6031494140625,509.4031066894531,0.2450675070285797,299.39202880859375
2026-07-10 00:15:00,20.322025299072266,470.07220458984375,521.2816162109375,0.2508522570133209,305.54693603515625
2026-07-10 00:30:00,20.22378921508789,466.02740478515625,517.98114013671875,0.24918745458126068,302.9178161621094
2026-07-10 00:45:00,20.128543853759766,467.9126281738281,521.23529052734375,0.2507440149784088,304.1431884765625
2026-07-10 01:00:00,20.045230865478516,467.1322021484375,521.382080078125,0.2507787048816681,303.63592529296875
2026-07-10 01:15:00,19.95297622680664,466.3028564453125,521.584228515625,0.2508361339569092,303.0968322753906
2026-07-10 01:30:00,19.85776138305664,466.9380187988281,523.46551513671875,0.25171661376953125,303.50970458984375
2026-07-10 01:45:00,19.78934097290039,464.12371826171875,521.14990234375,0.25054731965065,301.680419921875
2026-07-10 02:00:00,19.732791900634766,441.5205993652344,496.4315490722656,0.23839597404003143,286.9883728027344
2026-07-10 02:15:00,19.655460357666016,462.10723876953125,520.52899169921875,0.2501795291900635,300.36968994140625
2026-07-10 02:30:00,19.57516860961914,432.4223327636719,488.0180969238281,0.23420457541942596,281.0744934082031
2026-07-10 02:45:00,19.524600982666016,442.7639465332031,500.2888488769531,0.24018965661525726,287.79656982421875
2026-07-10 03:00:00,19.46213150024414,429.50604248046875,486.0289001464844,0.2331792265176773,279.1789245605469
2026-07-10 03:15:00,19.39670181274414,458.4660339355469,519.60791015625,0.24960313737392426,298.0028991699219
2026-07-10 03:30:00,19.352115631103516,434.34197998046875,492.7895812988281,0.2364358901977539,282.322265625
2026-07-10 03:45:00,19.26883316040039,457.3450622558594,519.91973876953125,0.24969345331192017,297.2742919921875
2026-07-10 04:00:00,19.212345123291016,429.8569030761719,489.3304748535156,0.23467665910720825,279.406982421875
2026-07-10 04:15:00,19.149906158447266,432.9137268066406,493.54693603515625,0.23670966923236847,281.3939208984375
2026-07-10 04:30:00,19.102359771728516,413.1346435546875,471.5343933105469,0.22592726349830627,268.5375061035156
2026-07-10 04:45:00,19.033939361572266,445.3751525878906,509.1673278808594,0.24430274963378906,289.49383544921875
2026-07-10 05:00:00,18.995304107666016,460.15478515625,526.55230712890625,0.2528113126754761,299.1005859375
2026-07-10 05:15:00,18.94180679321289,466.00396728515625,533.931884765625,0.2564079165458679,302.9025573730469
2026-07-10 05:30:00,18.852603912353516,461.6123352050781,530.0377197265625,0.25444844365119934,300.0480041503906
2026-07-10 05:45:00,18.79611587524414,462.515380859375,531.79901123046875,0.25528353452682495,300.6349792480469
2026-07-10 06:00:00,18.751529693603516,460.6899108886719,530.27093505859375,0.25450950860977173,299.44842529296875
2026-07-10 06:15:00,18.703983306884766,461.9266357421875,532.30621337890625,0.255483478307724,300.2522888183594
2026-07-10 06:30:00,18.662357330322266,460.12152099609375,530.7607421875,0.25470227003097534,299.0789794921875
2026-07-10 06:45:00,18.617740631103516,460.0704040527344,531.27593994140625,0.25493115186691284,299.0457458496094
2026-07-10 07:00:00,18.579105377197266,459.78753662109375,531.447265625,0.25499430298805237,298.86187744140625
2026-07-10 07:15:00,18.51669692993164,461.7806701660156,534.560791015625,0.2564888894557953,300.15740966796875
2026-07-10 07:30:00,18.486942291259766,462.4538269042969,535.7275390625,0.2570454180240631,300.594970703125
2026-07-10 07:45:00,18.460208892822266,462.1584777832031,535.73382568359375,0.25703370571136475,300.4029846191406
2026-07-10 08:00:00,18.439395904541016,463.8310241699219,537.9451904296875,0.2581081688404083,301.4901428222656
2026-07-10 08:15:00,18.430484771728516,461.7973937988281,535.702880859375,0.2570020258426666,300.1683044433594
2026-07-10 08:30:00,18.421573638916016,461.50653076171875,535.481689453125,0.2568884789943695,299.979248046875
2026-07-10 08:45:00,18.41263198852539,460.1876525878906,534.0677490234375,0.2561892867088318,299.1219482421875
2026-07-10 09:00:00,18.448307037353516,466.6503601074219,541.0975341796875,0.2596616744995117,303.3227233886719
2026-07-10 09:15:00,18.51669692993164,466.7904968261719,540.3602294921875,0.2593374252319336,303.413818359375
2026-07-10 09:30:00,18.611820220947266,463.0309143066406,534.77142333984375,0.2566443383693695,300.9700927734375
2026-07-10 09:45:00,18.656375885009766,467.822509765625,539.72216796875,0.25910064578056335,304.0846252441406
2026-07-10 10:00:00,18.77829360961914,469.7098388671875,540.30364990234375,0.25945234298706055,305.3113708496094
2026-07-10 10:15:00,18.85556411743164,472.13092041015625,542.07684326171875,0.2603653073310852,306.8851013183594
2026-07-10 10:30:00,19.00717544555664,477.41510009765625,546.1473388671875,0.2624475359916687,310.3197937011719
2026-07-10 10:45:00,19.108280181884766,481.9480895996094,549.9970703125,0.2643949091434479,313.2662353515625
2026-07-10 11:00:00,19.23019790649414,485.02557373046875,551.8966064453125,0.26539334654808044,315.2666015625
2026-07-10 11:15:00,19.349124908447266,486.4027404785156,551.895263671875,0.2654537260532379,316.1617736816406
2026-07-10 11:30:00,19.51865005493164,487.265625,550.65008544921875,0.2649259567260742,316.72265625
2026-07-10 11:45:00,19.682254791259766,487.4939270019531,548.77734375,0.2640843987464905,316.87103271484375
2026-07-10 12:00:00,19.84585952758789,491.22247314453125,550.84417724609375,0.2651815414428711,319.2945861816406
2026-07-10 12:15:00,19.89346694946289,492.3046569824219,551.43951416015625,0.265497624874115,319.9980163574219
2026-07-10 12:30:00,19.914310455322266,493.6202392578125,552.64215087890625,0.2661001682281494,320.8531494140625
2026-07-10 12:45:00,20.01248550415039,493.97113037109375,551.76141357421875,0.2657126188278198,321.08123779296875
2026-07-10 13:00:00,20.256534576416016,497.42071533203125,552.45196533203125,0.2661660611629486,323.3234558105469
2026-07-10 13:15:00,20.48581314086914,498.74212646484375,550.9732666015625,0.26554015278816223,324.182373046875
2026-07-10 13:30:00,20.53049087524414,500.119140625,551.92242431640625,0.26602789759635925,325.0774230957031
2026-07-10 13:45:00,20.658573150634766,502.222900390625,552.603759765625,0.2664199471473694,326.44488525390625
2026-07-10 14:00:00,20.697269439697266,502.5871276855469,552.510498046875,0.26639071106910706,326.6816101074219
2026-07-10 14:15:00,20.762821197509766,502.5562438964844,551.6417236328125,0.26599040627479553,326.66156005859375
2026-07-10 14:30:00,20.92972183227539,502.3140869140625,549.2628173828125,0.2648877501487732,326.504150390625
2026-07-10 14:45:00,21.05789566040039,504.24407958984375,549.755126953125,0.2651837170124054,327.7586364746094
2026-07-10 15:00:00,21.20700454711914,507.0165710449219,550.8970947265625,0.2658078372478485,329.5607604980469
2026-07-10 15:15:00,21.31436538696289,508.748046875,551.4276123046875,0.26611265540122986,330.68621826171875
2026-07-10 15:30:00,21.442691802978516,511.1356201171875,552.4019775390625,0.2666442394256592,332.2381286621094
2026-07-10 15:45:00,21.52029800415039,510.421142578125,550.659912109375,0.26581478118896484,331.77374267578125
2026-07-10 16:00:00,21.64267349243164,511.88726806640625,550.71478271484375,0.26588889956474304,332.7267150878906
2026-07-10 16:15:00,21.702396392822266,511.4997253417969,549.55633544921875,0.26533985137939453,332.4748229980469
2026-07-10 16:30:00,21.77109146118164,474.99267578125,509.5433349609375,0.24565787613391876,308.7452392578125
2026-07-10 16:45:00,21.76211929321289,513.4317626953125,550.8897705078125,0.2660204768180847,333.7306213378906
2026-07-10 17:00:00,21.77707290649414,514.1065673828125,551.42803955078125,0.2662917673587799,334.16925048828125
2026-07-10 17:15:00,21.77707290649414,514.71875,552.08465576171875,0.26661592721939087,334.5671691894531
2026-07-10 17:30:00,21.71432876586914,484.6533508300781,520.57232666015625,0.2510612905025482,315.024658203125
2026-07-10 17:45:00,21.63968276977539,505.5679931640625,543.95294189453125,0.2625516653060913,328.6191711425781
2026-07-10 18:00:00,21.54416275024414,460.9064636230469,496.97308349609375,0.23940198123455048,299.5892028808594
2026-07-10 18:15:00,21.47549819946289,515.17633056640625,556.35467529296875,0.26860830187797546,334.8645935058594
2026-07-10 18:30:00,21.41879653930664,511.30706787109375,552.8870849609375,0.2668742835521698,332.3495788574219
2026-07-10 18:45:00,21.326297760009766,514.12725830078125,557.1068115234375,0.26892054080963135,334.1827087402344
2026-07-10 19:00:00,21.263675689697266,514.0430908203125,557.81048583984375,0.2692427635192871,334.12799072265625
2026-07-10 19:15:00,21.177188873291016,512.884033203125,557.6517333984375,0.26912927627563477,333.3746032714844
2026-07-10 19:30:00,21.132450103759766,514.31561279296875,559.7801513671875,0.2701617181301117,334.3051452636719
2026-07-10 19:45:00,21.037052154541016,508.7786560058594,554.9637451171875,0.26774486899375916,330.70611572265625
2026-07-10 20:00:00,20.980411529541016,502.37799072265625,548.6939697265625,0.2646283507347107,326.5456848144531
2026-07-10 20:15:00,20.888004302978516,496.8001403808594,543.75433349609375,0.26215460896492004,322.9200744628906
2026-07-10 20:30:00,20.837345123291016,521.94097900390625,571.937255859375,0.27604231238365173,339.2616271972656
2026-07-10 20:45:00,20.72708511352539,506.3652648925781,556.28106689453125,0.268263578414917,329.1374206542969
2026-07-10 21:00:00,20.625797271728516,503.07293701171875,553.9586181640625,0.2670738995075226,326.9974060058594
2026-07-10 21:15:00,20.55429458618164,499.7643737792969,551.226806640625,0.26569536328315735,324.8468322753906
2026-07-10 21:30:00,20.464969635009766,504.2305908203125,557.30596923828125,0.2686539888381958,327.7498779296875
2026-07-10 21:45:00,20.363712310791016,506.4310302734375,561.056640625,0.27045878767967224,329.1801452636719
2026-07-10 22:00:00,20.26547622680664,496.2117614746094,550.99432373046875,0.2654516398906708,322.5376281738281
2026-07-10 22:15:00,20.194034576416016,501.3270263671875,557.603271484375,0.26867732405662537,325.862548828125
2026-07-10 22:30:00,20.089847564697266,500.856201171875,558.4385986328125,0.2690407335758209,325.5565185546875
2026-07-10 22:45:00,20.021427154541016,499.2220764160156,557.50970458984375,0.26855045557022095,324.49432373046875
2026-07-10 23:00:00,19.947025299072266,506.6481018066406,566.791748046875,0.273093581199646,329.3212585449219
2026-07-10 23:15:00,19.86966323852539,492.0161437988281,551.425048828125,0.2654791474342346,319.81048583984375
2026-07-10 23:30:00,19.783390045166016,505.680419921875,567.892333984375,0.2735568881034851,328.6922607421875
2026-07-10 23:45:00,19.720890045166016,506.3101806640625,569.43896484375,0.2742891013622284,329.1015930175781
2026-07-11 00:00:00,19.631656646728516,507.45318603515625,571.9298095703125,0.2754736542701721,329.8445739746094
2026-07-11 00:15:00,19.569217681884766,505.9700012207031,571.1021728515625,0.2750335931777954,328.8804931640625
2026-07-11 00:30:00,19.51865005493164,505.1685485839844,570.8818359375,0.27489909529685974,328.35955810546875
2026-07-11 00:45:00,19.44131851196289,441.77496337890625,500.1597595214844,0.24008722603321075,287.1537170410156
2026-07-11 01:00:00,19.37887954711914,504.18994140625,571.672119140625,0.2752169966697693,327.72344970703125
2026-07-11 01:15:00,19.328311920166016,456.27630615234375,517.96929931640625,0.2487654685974121,296.57958984375
2026-07-11 01:30:00,19.265872955322266,502.3976135253906,571.17681884765625,0.274913489818573,326.5584411621094
2026-07-11 01:45:00,19.20047378540039,501.8900146484375,571.4920654296875,0.2750343680381775,326.2284851074219
2026-07-11 02:00:00,19.14694595336914,501.3601379394531,571.620361328125,0.27506911754608154,325.8840637207031
2026-07-11 02:15:00,19.078556060791016,493.3999328613281,563.46728515625,0.271013081073761,320.7099304199219
2026-07-11 02:30:00,19.025028228759766,506.8101806640625,579.52581787109375,0.2789033055305481,329.4266052246094
2026-07-11 02:45:00,18.95663833618164,502.0951232910156,575.0787353515625,0.27667170763015747,326.36181640625
2026-07-11 03:00:00,18.903141021728516,463.9706726074219,532.09722900390625,0.2554864287376404,301.5809326171875
2026-07-11 03:15:00,18.84665298461914,462.2607421875,530.8583984375,0.25484833121299744,300.469482421875
2026-07-11 03:30:00,18.772342681884766,498.4564208984375,573.45306396484375,0.2757677733898163,323.9966735839844
2026-07-11 03:45:00,18.703983306884766,499.9211730957031,576.089599609375,0.27702927589416504,324.9487609863281
2026-07-11 04:00:00,18.62668228149414,498.1366271972656,575.1090087890625,0.27650177478790283,323.7887878417969
2026-07-11 04:15:00,18.576114654541016,491.73870849609375,568.41937255859375,0.2731759548187256,319.6301574707031
2026-07-11 04:30:00,18.54343032836914,501.4256286621094,580.07708740234375,0.278903603553772,325.9266357421875
2026-07-11 04:45:00,18.44534683227539,482.92901611328125,560.01361083984375,0.26896196603775024,313.9038391113281
2026-07-11 05:00:00,18.409671783447266,498.2790222167969,578.31622314453125,0.27795714139938354,323.88134765625
2026-07-11 05:15:00,18.36508560180664,498.10736083984375,578.745849609375,0.27814266085624695,323.769775390625
2026-07-11 05:30:00,18.28482437133789,498.9230651855469,580.83111572265625,0.279122918844223,324.29998779296875
2026-07-11 05:45:00,18.219425201416016,498.871826171875,581.70147705078125,0.2795127034187317,324.26666259765625
2026-07-11 06:00:00,18.15994644165039,499.4537048339844,583.22943115234375,0.28022992610931396,324.6448974609375
2026-07-11 06:15:00,18.14212417602539,499.1571960449219,583.1380615234375,0.28017398715019226,324.4521789550781
2026-07-11 06:30:00,18.10348892211914,497.4472351074219,581.69171142578125,0.279437392950058,323.3406982421875
2026-07-11 06:45:00,18.047000885009766,498.0840759277344,583.2454833984375,0.2801685333251953,323.754638671875
2026-07-11 07:00:00,17.996463775634766,496.9349670410156,582.62396240234375,0.2798309028148651,323.0077209472656
2026-07-11 07:15:00,17.945926666259766,497.5667724609375,584.09149169921875,0.28052276372909546,323.41839599609375
2026-07-11 07:30:00,17.901309967041016,492.7408142089844,579.06317138671875,0.2780170440673828,320.2815246582031
2026-07-11 07:45:00,17.862674713134766,496.1550598144531,583.632080078125,0.28024402260780334,322.5007629394531
2026-07-11 08:00:00,17.829959869384766,495.4772644042969,583.30615234375,0.280062735080719,322.0602111816406
2026-07-11 08:15:00,17.78537368774414,492.38592529296875,580.30645751953125,0.27855658531188965,320.05084228515625
2026-07-11 08:30:00,17.77347183227539,491.5376892089844,579.4775390625,0.27814069390296936,319.4994812011719
2026-07-11 08:45:00,17.779422760009766,494.2514953613281,582.59100341796875,0.2796782851219177,321.2634582519531
2026-07-11 09:00:00,17.83292007446289,495.2247619628906,582.96624755859375,0.27989712357521057,321.8960876464844
2026-07-11 09:15:00,17.88943862915039,502.442138671875,590.6370849609375,0.2837143540382385,326.5873718261719
2026-07-11 09:30:00,17.975650787353516,501.13140869140625,587.84521484375,0.2823919653892517,325.73541259765625
2026-07-11 09:45:00,18.014286041259766,498.8029479980469,584.55755615234375,0.2807950973510742,324.2218933105469
2026-07-11 10:00:00,18.130252838134766,501.781005859375,586.37408447265625,0.28176236152648926,326.15765380859375
2026-07-11 10:15:00,18.28482437133789,502.45196533203125,584.9393310546875,0.281148761510849,326.5937805175781
2026-07-11 10:30:00,18.36209487915039,479.7988586425781,557.51409912109375,0.26768413186073303,311.8692321777344
2026-07-11 10:45:00,18.52261734008789,506.0526428222656,585.72601318359375,0.28167808055877686,328.9342041015625
2026-07-11 11:00:00,18.692081451416016,511.58306884765625,589.69818115234375,0.2837372124195099,332.52899169921875
2026-07-11 11:15:00,18.870426177978516,509.3573913574219,584.60882568359375,0.2813262939453125,331.0823059082031
2026-07-11 11:30:00,18.998294830322266,510.1532897949219,583.72332763671875,0.28096041083335876,331.5996398925781
2026-07-11 11:45:00,19.182621002197266,514.865234375,586.51708984375,0.28244081139564514,334.6623840332031
2026-07-11 12:00:00,19.36697769165039,515.968505859375,585.1929931640625,0.2818855941295624,335.3795166015625
2026-07-11 12:15:00,19.38479995727539,516.47589111328125,585.5198974609375,0.2820565104484558,335.7093200683594
2026-07-11 12:30:00,19.414554595947266,520.9669189453125,590.1932373046875,0.2843814194202423,338.62847900390625
2026-07-11 12:45:00,19.51865005493164,517.560302734375,584.885498046875,0.28181323409080505,336.4141845703125
2026-07-11 13:00:00,19.81015396118164,520.50054931640625,584.16705322265625,0.2816069424152374,338.3253479003906
2026-07-11 13:15:00,20.11069107055664,523.492431640625,583.39251708984375,0.2813718318939209,340.27008056640625
2026-07-11 13:30:00,20.378604888916016,528.333251953125,585.11859130859375,0.28235238790512085,343.4165954589844
2026-07-11 13:45:00,20.36075210571289,528.5709228515625,585.625,0.2825944721698761,343.5710754394531
2026-07-11 14:00:00,20.375614166259766,527.57220458984375,584.31640625,0.28195425868034363,342.9219055175781
2026-07-11 14:15:00,20.49771499633789,523.66400146484375,578.34539794921875,0.27905842661857605,340.381591796875
2026-07-11 14:30:00,20.640689849853516,529.28033447265625,582.6162109375,0.2812349498271942,344.0321960449219
2026-07-11 14:45:00,20.85818862915039,529.7552490234375,580.2218017578125,0.28014713525772095,344.3409118652344
2026-07-11 15:00:00,21.045963287353516,534.87005615234375,583.30462646484375,0.2817533612251282,347.66552734375
2026-07-11 15:15:00,21.132450103759766,533.71893310546875,580.898681640625,0.2805996537208557,346.91729736328125
2026-07-11 15:30:00,21.174198150634766,534.8883056640625,581.61639404296875,0.28097233176231384,347.6773986816406
2026-07-11 15:45:00,21.239810943603516,534.76727294921875,580.61492919921875,0.2805041968822479,347.5987243652344
2026-07-11 16:00:00,21.266666412353516,532.4161376953125,577.70849609375,0.2790774405002594,346.0704650878906
2026-07-11 16:15:00,21.29947280883789,533.09210205078125,578.0098876953125,0.27924004197120667,346.5098571777344
2026-07-11 16:30:00,21.30246353149414,527.8311767578125,572.2667236328125,0.27640095353126526,343.0902404785156
2026-07-11 16:45:00,21.382999420166016,534.15057373046875,578.05816650390625,0.2792980670928955,347.1978454589844
2026-07-11 17:00:00,21.44565200805664,537.52081298828125,580.8782958984375,0.28071892261505127,349.3885192871094
2026-07-11 17:15:00,21.406864166259766,536.27728271484375,580.04510498046875,0.2802908718585968,348.5802307128906
2026-07-11 17:30:00,21.335269927978516,533.78900146484375,578.29412841796875,0.27939534187316895,346.96282958984375
2026-07-11 17:45:00,21.26962661743164,527.994873046875,572.8724365234375,0.27668699622154236,343.1966552734375
2026-07-11 18:00:00,21.15628433227539,533.1505126953125,579.96405029296875,0.2801473140716553,346.5478210449219
2026-07-11 18:15:00,21.07278823852539,532.93145751953125,580.8336181640625,0.2805422246456146,346.4054260253906
2026-07-11 18:30:00,21.037052154541016,531.75048828125,580.02093505859375,0.2801249921321869,345.6378173828125
2026-07-11 18:45:00,20.92673110961914,523.85321044921875,572.85443115234375,0.27653414011001587,340.50457763671875
2026-07-11 19:00:00,20.82242202758789,534.4276123046875,585.8211669921875,0.28290149569511414,347.3779296875
2026-07-11 19:15:00,20.76877212524414,519.19000244140625,569.82196044921875,0.2749672532081604,337.4734802246094
2026-07-11 19:30:00,20.69430923461914,534.05389404296875,587.14306640625,0.28349852561950684,347.135009765625
2026-07-11 19:45:00,20.593021392822266,534.8001708984375,589.3416748046875,0.2845406234264374,347.6200866699219
2026-07-11 20:00:00,20.518558502197266,536.8350830078125,592.60528564453125,0.286121666431427,348.9427795410156
2026-07-11 20:15:00,20.417301177978516,536.137451171875,593.22772216796875,0.2863825559616089,348.48931884765625
2026-07-11 20:30:00,20.36075210571289,534.66278076171875,592.3743896484375,0.28593361377716064,347.5307922363281
2026-07-11 20:45:00,20.22677993774414,531.373779296875,590.57122802734375,0.2849777042865753,345.3929443359375
2026-07-11 21:00:00,20.128543853759766,534.0584716796875,594.91900634765625,0.2870815396308899,347.13800048828125
2026-07-11 21:15:00,20.00949478149414,533.2418212890625,595.668212890625,0.2873937785625458,346.607177734375
2026-07-11 21:30:00,19.890506744384766,531.70501708984375,595.614013671875,0.28730759024620056,345.6082458496094
2026-07-11 21:45:00,19.78934097290039,531.57037353515625,596.8836669921875,0.28788456320762634,345.5207214355469
2026-07-11 22:00:00,19.711978912353516,530.16278076171875,596.39111328125,0.2876012623310089,344.6058044433594
2026-07-11 22:15:00,19.667362213134766,533.250244140625,600.49713134765625,0.28960973024368286,346.6126403808594
2026-07-11 22:30:00,19.578128814697266,527.895263671875,595.72393798828125,0.2872018814086914,343.13189697265625
2026-07-11 22:45:00,19.51865005493164,528.29791259765625,597.0198974609375,0.28781160712242126,343.39361572265625
2026-07-11 23:00:00,19.444278717041016,528.75140380859375,598.5888671875,0.28854823112487793,343.6883850097656
2026-07-11 23:15:00,19.39078140258789,531.6422119140625,602.6279296875,0.290517657995224,345.5674133300781
2026-07-11 23:30:00,19.337223052978516,526.89288330078125,598.0068359375,0.2882029712200165,342.4803466796875
2026-07-11 23:45:00,19.277774810791016,527.9671630859375,600.07635498046875,0.2891942262649536,343.17864990234375
2026-07-12 00:00:00,19.182621002197266,520.8851318359375,593.374755859375,0.28582897782325745,338.5753173828125
2026-07-12 00:15:00,19.120182037353516,502.64141845703125,573.44866943359375,0.27595657110214233,326.7169189453125
2026-07-12 00:30:00,19.05179214477539,531.00531005859375,606.80242919921875,0.2923959195613861,345.1534423828125
2026-07-12 00:45:00,18.98044204711914,542.7139892578125,621.24615478515625,0.29950493574142456,352.7640686035156
2026-07-12 01:00:00,18.90610122680664,527.64447021484375,605.07733154296875,0.29145973920822144,342.9689025878906
2026-07-12 01:15:00,18.843692779541016,526.6383056640625,604.83251953125,0.29130274057388306,342.31488037109375
2026-07-12 01:30:00,18.781253814697266,526.9681396484375,606.12408447265625,0.2919051945209503,342.5292663574219
2026-07-12 01:45:00,18.709903717041016,524.895751953125,604.78277587890625,0.2912002205848694,341.1822204589844
2026-07-12 02:00:00,18.650455474853516,526.6142578125,607.63677978515625,0.29257631301879883,342.29925537109375
2026-07-12 02:15:00,18.56424331665039,527.29974365234375,609.70147705078125,0.29354581236839294,342.74481201171875
2026-07-12 02:30:00,18.528568267822266,527.4112548828125,610.35906982421875,0.29384952783584595,342.8172912597656
2026-07-12 02:45:00,18.47507095336914,529.09210205078125,613.10137939453125,0.2951732873916626,343.90985107421875
2026-07-12 03:00:00,18.430484771728516,529.385986328125,614.10821533203125,0.29564398527145386,344.10089111328125
2026-07-12 03:15:00,18.379947662353516,531.70947265625,617.5638427734375,0.297322154045105,345.61114501953125
2026-07-12 03:30:00,18.338321685791016,528.3927001953125,614.33526611328125,0.2956993877887726,343.4552307128906
2026-07-12 03:45:00,18.28183364868164,526.45452880859375,612.92718505859375,0.29496800899505615,342.1954345703125
2026-07-12 04:00:00,18.207523345947266,526.287353515625,613.84783935546875,0.29537659883499146,342.0867614746094
2026-07-12 04:15:00,18.127262115478516,527.89666748046875,616.937744140625,0.29685351252555847,343.1328125
2026-07-12 04:30:00,18.05295181274414,475.157470703125,556.3175048828125,0.26691436767578125,308.85235595703125
2026-07-12 04:45:00,18.03213882446289,519.55218505859375,608.6065673828125,0.2926749885082245,337.7088928222656
2026-07-12 05:00:00,17.984561920166016,523.17266845703125,613.5657958984375,0.29509493708610535,340.0622253417969
2026-07-12 05:15:00,17.91617202758789,527.2259521484375,619.362548828125,0.29791587591171265,342.6968688964844
2026-07-12 05:30:00,17.883487701416016,529.30450439453125,622.30609130859375,0.299349844455719,344.04791259765625
2026-07-12 05:45:00,17.874576568603516,533.67401123046875,627.58148193359375,0.3019532263278961,346.8880920410156
2026-07-12 06:00:00,17.821048736572266,533.22882080078125,627.887939453125,0.3020690679550171,346.5987243652344
2026-07-12 06:15:00,17.746707916259766,529.8023681640625,625.002197265625,0.3005917966365814,344.37152099609375
2026-07-12 06:30:00,17.716983795166016,532.60107421875,628.76678466796875,0.302433580160141,346.190673828125
2026-07-12 06:45:00,17.708072662353516,529.83978271484375,625.64508056640625,0.3008836507797241,344.3958435058594
2026-07-12 07:00:00,17.66049575805664,526.979736328125,623.00286865234375,0.2995449900627136,342.53680419921875
2026-07-12 07:15:00,17.63370132446289,525.89190673828125,622.1307373046875,0.29909566044807434,341.8297119140625
2026-07-12 07:30:00,17.612918853759766,523.39990234375,619.50250244140625,0.2977825701236725,340.2099304199219
2026-07-12 07:45:00,17.556400299072266,524.45013427734375,621.61883544921875,0.2987898588180542,340.892578125
2026-07-12 08:00:00,17.52963638305664,524.88092041015625,622.544189453125,0.2992287874221802,341.1725769042969
2026-07-12 08:15:00,17.502872467041016,524.845947265625,622.91796875,0.29939502477645874,341.14984130859375
2026-07-12 08:30:00,17.47909927368164,528.1033935546875,627.15570068359375,0.3014732301235199,343.2671813964844
2026-07-12 08:45:00,17.47311782836914,527.2059326171875,626.18328857421875,0.3009883761405945,342.683837890625
2026-07-12 09:00:00,17.51773452758789,527.56671142578125,625.91522216796875,0.3008868396282196,342.9183349609375
2026-07-12 09:15:00,17.556400299072266,529.3193359375,627.39019775390625,0.3016428053379059,344.05755615234375
2026-07-12 09:30:00,17.64859390258789,529.8125,626.53692626953125,0.30128422379493713,344.37811279296875
2026-07-12 09:45:00,17.74374771118164,532.08441162109375,627.74029541015625,0.30194398760795593,345.8548583984375
2026-07-12 10:00:00,17.82699966430664,533.779296875,628.44366455078125,0.30234798789024353,346.95654296875
2026-07-12 10:15:00,17.934024810791016,533.4735107421875,626.42608642578125,0.30142101645469666,346.7577819824219
2026-07-12 10:30:00,17.972660064697266,537.33233642578125,630.356689453125,0.3033915162086487,349.2659912109375
2026-07-12 10:45:00,18.067813873291016,539.375,631.27313232421875,0.30390772223472595,350.59375
2026-07-12 11:00:00,18.10348892211914,542.0845947265625,633.8885498046875,0.3052259683609009,352.35498046875
2026-07-12 11:15:00,18.35318374633789,542.9935302734375,631.08197021484375,0.30399656295776367,352.9457702636719
2026-07-12 11:30:00,18.472110748291016,544.9327392578125,631.502685546875,0.3042796552181244,354.2062683105469
2026-07-12 11:45:00,18.63260269165039,544.7945556640625,628.88629150390625,0.30308255553245544,354.116455078125
2026-07-12 12:00:00,18.781253814697266,546.37945556640625,628.451171875,0.30295681953430176,355.1466369628906
2026-07-12 12:15:00,18.915042877197266,548.9703369140625,629.39727783203125,0.30350518226623535,356.8307189941406
2026-07-12 12:30:00,19.066654205322266,549.53082275390625,627.74847412109375,0.3027764856815338,357.19500732421875
2026-07-12 12:45:00,19.161808013916016,552.59320068359375,629.80908203125,0.30385270714759827,359.1855773925781
2026-07-12 13:00:00,19.408634185791016,552.56463623046875,626.077880859375,0.3021417260169983,359.1669921875
2026-07-12 13:15:00,19.63760757446289,555.97833251953125,626.53228759765625,0.3024919629096985,361.3858947753906
2026-07-12 13:30:00,19.75363540649414,555.91015625,624.74005126953125,0.30166497826576233,361.3415832519531
2026-07-12 13:45:00,19.914310455322266,558.677001953125,625.4776611328125,0.3021150529384613,363.1400451660156
2026-07-12 14:00:00,20.09579849243164,560.51263427734375,624.8665771484375,0.3019048869609833,364.33319091796875
2026-07-12 14:15:00,20.25357437133789,563.11651611328125,625.4591064453125,0.3022781014442444,366.0257263183594
2026-07-12 14:30:00,20.348819732666016,564.3310546875,625.418701171875,0.30230507254600525,366.815185546875
2026-07-12 14:45:00,20.500675201416016,566.07708740234375,625.1444091796875,0.3022426664829254,367.9501037597656
2026-07-12 15:00:00,20.55429458618164,563.7890625,621.84429931640625,0.3006303906440735,366.462890625
2026-07-12 15:15:00,20.66153335571289,563.02984619140625,619.46820068359375,0.29950180649757385,365.9693908691406
2026-07-12 15:30:00,20.747928619384766,569.66375732421875,625.51849365234375,0.3025454878807068,370.28143310546875
2026-07-12 15:45:00,20.89096450805664,563.65106201171875,616.881591796875,0.2983238697052002,366.3731689453125
2026-07-12 16:00:00,20.995304107666016,569.91778564453125,622.24798583984375,0.30103471875190735,370.446533203125
2026-07-12 16:15:00,21.025089263916016,575.074951171875,627.45013427734375,0.30363181233406067,373.7987060546875
2026-07-12 16:30:00,21.132450103759766,574.956787109375,625.7818603515625,0.30285099148750305,373.7218933105469
2026-07-12 16:45:00,21.171207427978516,578.08209228515625,628.6265869140625,0.30428144335746765,375.75335693359375
2026-07-12 17:00:00,21.12051773071289,576.18280029296875,627.287353515625,0.30359357595443726,374.518798828125
2026-07-12 17:15:00,21.129459381103516,577.817138671875,628.93804931640625,0.3044177293777466,375.58111572265625
2026-07-12 17:30:00,21.144351959228516,577.84124755859375,628.75030517578125,0.3043310344219208,375.5968017578125
2026-07-12 17:45:00,21.07577896118164,574.600341796875,626.205078125,0.30303600430488586,373.4902038574219
2026-07-12 18:00:00,21.08176040649414,575.967529296875,627.60906982421875,0.3037361800670624,374.3788757324219
2026-07-12 18:15:00,20.968448638916016,574.87945556640625,628.05194091796875,0.3039051592350006,373.671630859375
2026-07-12 18:30:00,20.91183853149414,576.31884765625,630.44329833984375,0.30506736040115356,374.60723876953125
2026-07-12 18:45:00,20.816471099853516,576.438720703125,631.95892333984375,0.3057763874530792,374.6851501464844
2026-07-12 19:00:00,20.765811920166016,576.3902587890625,632.64361572265625,0.3060929477214813,374.6536560058594
2026-07-12 19:15:00,20.688358306884766,572.9393310546875,629.9805908203125,0.3047335743904114,372.4105529785156
2026-07-12 19:30:00,20.60495376586914,573.658447265625,631.9884033203125,0.30569130182266235,372.87799072265625
2026-07-12 19:45:00,20.503665924072266,570.66827392578125,630.1708984375,0.3047398626804352,370.9343566894531
2026-07-12 20:00:00,20.408390045166016,572.8909912109375,634.02618408203125,0.3066082298755646,372.3791198730469
2026-07-12 20:15:00,20.27438735961914,569.7252197265625,632.49237060546875,0.3057800531387329,370.3213806152344
2026-07-12 20:30:00,20.182132720947266,568.62701416015625,632.63385009765625,0.30580392479896545,369.6075439453125
2026-07-12 20:45:00,20.018436431884766,565.213134765625,631.25,0.3050333261489868,367.3885192871094
2026-07-12 21:00:00,19.896427154541016,564.41558837890625,632.168212890625,0.3054257035255432,366.8701171875
2026-07-12 21:15:00,19.750675201416016,567.7825927734375,638.12701416015625,0.3083065450191498,369.0586853027344
2026-07-12 21:30:00,19.598941802978516,564.86444091796875,637.1290283203125,0.30772876739501953,367.161865234375
2026-07-12 21:45:00,19.414554595947266,559.59283447265625,633.9517822265625,0.306050181388855,363.7353210449219
2026-07-12 22:00:00,19.310489654541016,560.71380615234375,636.79827880859375,0.30740395188331604,364.4639587402344
2026-07-12 22:15:00,19.20938491821289,557.92449951171875,635.16204833984375,0.3065345883369446,362.6509094238281
2026-07-12 22:30:00,19.14395523071289,551.94647216796875,629.34088134765625,0.30361035466194153,358.76519775390625
2026-07-12 22:45:00,19.048831939697266,521.50836181640625,595.9921875,0.28704875707626343,338.98040771484375
2026-07-12 23:00:00,18.965579986572266,548.81524658203125,628.454833984375,0.30306777358055115,356.7298889160156
2026-07-12 23:15:00,18.88827896118164,558.56365966796875,640.80902099609375,0.30914750695228577,363.0663757324219
2026-07-12 23:30:00,18.760440826416016,564.67620849609375,649.822998046875,0.31354251503944397,367.0395202636719
2026-07-12 23:45:00,18.671268463134766,551.53924560546875,636.07586669921875,0.30666887760162354,358.50048828125
2026-07-13 00:00:00,18.608829498291016,549.889404296875,635.13360595703125,0.306163489818573,357.4281005859375
2026-07-13 00:15:00,18.56424331665039,540.09075927734375,624.4913330078125,0.30086416006088257,351.0589904785156
2026-07-13 00:30:00,18.49289321899414,551.79437255859375,639.13116455078125,0.3080727756023407,358.66632080078125
2026-07-13 00:45:00,18.45425796508789,549.2764892578125,636.813232421875,0.30689963698387146,357.0296936035156
2026-07-13 01:00:00,18.37698745727539,547.2989501953125,635.71649169921875,0.3063074052333832,355.7442932128906
2026-07-13 01:15:00,18.266971588134766,512.4384765625,596.8258056640625,0.2870034873485565,333.0849914550781
2026-07-13 01:30:00,18.207523345947266,534.9320068359375,623.9307861328125,0.3003638684749603,347.7057800292969
2026-07-13 01:45:00,18.106449127197266,543.75408935546875,635.79461669921875,0.3061717748641968,353.4401550292969
2026-07-13 02:00:00,18.035099029541016,545.84393310546875,639.35833740234375,0.3078899085521698,354.7985534667969
2026-07-13 02:15:00,17.98160171508789,539.380126953125,632.61962890625,0.304517537355423,350.5970764160156
2026-07-13 02:30:00,17.89834976196289,539.38055419921875,633.9200439453125,0.3051058351993561,350.59735107421875
2026-07-13 02:45:00,17.859683990478516,534.154052734375,628.3770751953125,0.3023369014263153,347.20013427734375
2026-07-13 03:00:00,17.809146881103516,540.58148193359375,636.7332763671875,0.3064383566379547,351.3779602050781
2026-07-13 03:15:00,17.72293472290039,536.85382080078125,633.69384765625,0.30487531423568726,348.9549560546875
2026-07-13 03:30:00,17.69614028930664,535.43328857421875,632.4371337890625,0.30423516035079956,348.0316162109375
2026-07-13 03:45:00,17.69614028930664,537.2427978515625,634.574462890625,0.3052927851676941,349.2077941894531
2026-07-13 04:00:00,17.62778091430664,541.72943115234375,640.96075439453125,0.3084065616130829,352.1241149902344
2026-07-13 04:15:00,17.59506607055664,538.62603759765625,637.807373046875,0.30682283639907837,350.1069030761719
2026-07-13 04:30:00,17.46719741821289,531.987548828125,631.9559326171875,0.30383849143981934,345.7919006347656
2026-07-13 04:45:00,17.44638442993164,540.93121337890625,642.9140625,0.30924558639526367,351.60528564453125
2026-07-13 05:00:00,17.39877700805664,540.72589111328125,643.4345703125,0.30946919322013855,351.4718017578125
2026-07-13 05:15:00,17.363101959228516,536.176025390625,638.58978271484375,0.307046115398407,348.514404296875
2026-07-13 05:30:00,17.327396392822266,520.18243408203125,620.09503173828125,0.2978780269622803,338.1185607910156
2026-07-13 05:45:00,17.24710464477539,536.2669677734375,640.5565185546875,0.3079353868961334,348.5735168457031
2026-07-13 06:00:00,17.137027740478516,533.4075927734375,638.9051513671875,0.3070380687713623,346.7149353027344
2026-07-13 06:15:00,17.125125885009766,538.16900634765625,644.80133056640625,0.3099459111690521,349.8098449707031
2026-07-13 06:30:00,17.10727310180664,535.6678466796875,642.093017578125,0.308592826128006,348.18408203125
2026-07-13 06:45:00,17.068607330322266,514.34686279296875,617.13665771484375,0.29623308777809143,334.325439453125
2026-07-13 07:00:00,17.05374526977539,533.12255859375,639.90423583984375,0.3074705898761749,346.5296630859375
2026-07-13 07:15:00,17.012088775634766,531.9664306640625,639.18768310546875,0.307085245847702,345.7781677246094
2026-07-13 07:30:00,17.020999908447266,529.95556640625,636.62835693359375,0.3058265745639801,344.4710998535156
2026-07-13 07:45:00,17.000186920166016,533.8035888671875,641.58782958984375,0.30826321244239807,346.9723205566406
2026-07-13 08:00:00,16.96744155883789,482.0543518066406,579.8687744140625,0.27779802680015564,313.3353271484375
2026-07-13 08:15:00,16.976383209228516,486.23260498046875,584.76275634765625,0.28021207451820374,316.0511779785156
2026-07-13 08:30:00,16.95853042602539,532.74676513671875,640.9915771484375,0.3079370856285095,346.2853698730469
2026-07-13 08:45:00,16.961490631103516,530.80242919921875,638.6043701171875,0.3067590296268463,345.0215759277344
2026-07-13 09:00:00,17.023990631103516,534.026611328125,641.470458984375,0.3082229793071747,347.1172790527344
2026-07-13 09:15:00,17.077518463134766,526.4266357421875,631.48876953125,0.30332791805267334,342.17730712890625
2026-07-13 09:30:00,17.217350006103516,536.36383056640625,641.15069580078125,0.3082076609134674,348.636474609375
2026-07-13 09:45:00,17.264957427978516,531.92840576171875,635.08978271484375,0.3052443861961365,345.7534484863281
2026-07-13 10:00:00,17.333377838134766,538.40203857421875,641.71807861328125,0.3085726201534271,349.9613037109375
2026-07-13 10:15:00,17.366092681884766,538.86260986328125,641.74151611328125,0.3086077868938446,350.26068115234375
2026-07-13 10:30:00,17.568302154541016,539.547119140625,639.32354736328125,0.30755454301834106,350.70562744140625
2026-07-13 10:45:00,17.66940689086914,542.03704833984375,640.66217041015625,0.3082876205444336,352.3240661621094
2026-07-13 11:00:00,17.79129409790039,543.71636962890625,640.70867919921875,0.30839452147483826,353.4156188964844
2026-07-13 11:15:00,17.945926666259766,544.53033447265625,639.2218017578125,0.30776283144950867,353.9447021484375
2026-07-13 11:30:00,18.088626861572266,547.22039794921875,640.1278076171875,0.308306485414505,355.6932373046875
2026-07-13 11:45:00,18.275882720947266,549.2337646484375,639.54107666015625,0.3081378936767578,357.0019226074219
2026-07-13 12:00:00,18.368045806884766,546.89849853515625,635.389892578125,0.30613991618156433,355.4840087890625
2026-07-13 12:15:00,18.608829498291016,548.74688720703125,633.81396484375,0.305509477853775,356.6854553222656
2026-07-13 12:30:00,18.79312515258789,556.27655029296875,639.6514892578125,0.3085159957408905,361.5797424316406
2026-07-13 12:45:00,18.97153091430664,558.21002197265625,639.12139892578125,0.3083600103855133,362.83648681640625
2026-07-13 13:00:00,19.129093170166016,556.97442626953125,635.2999267578125,0.306556761264801,362.0333557128906
2026-07-13 13:15:00,19.340213775634766,562.573486328125,638.45770263671875,0.3082442581653595,365.6727600097656
2026-07-13 13:30:00,19.51565933227539,561.23370361328125,634.28509521484375,0.30627158284187317,364.8018798828125
2026-07-13 13:45:00,19.792301177978516,566.26873779296875,635.801025390625,0.3071739673614502,368.0746765136719
2026-07-13 14:00:00,19.90237808227539,573.90948486328125,642.71185302734375,0.3106645941734314,373.0411376953125
2026-07-13 14:15:00,20.054141998291016,571.9171142578125,638.20281982421875,0.3085041642189026,371.7461242675781
2026-07-13 14:30:00,20.18808364868164,572.7698974609375,637.154541015625,0.30805209279060364,372.3004150390625
2026-07-13 14:45:00,20.38754653930664,577.864990234375,639.8409423828125,0.309486985206604,375.61224365234375
2026-07-13 15:00:00,20.48581314086914,578.17657470703125,638.72650146484375,0.3089815676212311,375.81475830078125
2026-07-13 15:15:00,20.622806549072266,582.9300537109375,641.9376220703125,0.31064432859420776,378.9045104980469
2026-07-13 15:30:00,20.718143463134766,585.23974609375,643.0633544921875,0.3112497925758362,380.40582275390625
2026-07-13 15:45:00,20.843265533447266,585.80487060546875,641.83123779296875,0.31069621443748474,380.7731628417969
2026-07-13 16:00:00,20.96548843383789,586.253662109375,640.52166748046875,0.310101717710495,381.06488037109375
2026-07-13 16:15:00,21.129459381103516,594.049560546875,646.60662841796875,0.31320369243621826,386.1322021484375
2026-07-13 16:30:00,21.12051773071289,501.95062255859375,546.47113037109375,0.2635897397994995,326.26788330078125
2026-07-13 16:45:00,21.233829498291016,587.0052490234375,637.41839599609375,0.3086795210838318,381.55340576171875
2026-07-13 17:00:00,21.22488784790039,582.58642578125,632.7491455078125,0.30635401606559753,378.68115234375
2026-07-13 17:15:00,21.192081451416016,590.1552734375,641.4495849609375,0.3106659948825836,383.6009216308594
2026-07-13 17:30:00,21.25174331665039,586.5509033203125,636.6649169921875,0.3083127737045288,381.2580871582031
2026-07-13 17:45:00,21.192081451416016,586.63104248046875,637.61907958984375,0.30876079201698303,381.3101501464844
2026-07-13 18:00:00,21.045963287353516,590.22406005859375,643.671142578125,0.3117051124572754,383.6456298828125
2026-07-13 18:15:00,21.034061431884766,587.61041259765625,640.99554443359375,0.3103688061237335,381.9467468261719
2026-07-13 18:30:00,20.92972183227539,586.7491455078125,641.58953857421875,0.31061628460884094,381.3869323730469
2026-07-13 18:45:00,20.82541275024414,586.852783203125,643.24359130859375,0.311390221118927,381.45428466796875
2026-07-13 19:00:00,20.730045318603516,586.3648681640625,644.12274169921875,0.3117823004722595,381.13714599609375
2026-07-13 19:15:00,20.613895416259766,584.4200439453125,643.71112060546875,0.31152182817459106,379.8730163574219
2026-07-13 19:30:00,20.56619644165039,582.683349609375,642.507080078125,0.3109000325202942,378.7441711425781
2026-07-13 19:45:00,20.43222427368164,582.83636474609375,644.67578125,0.311912477016449,378.8436279296875
2026-07-13 20:00:00,20.31906509399414,582.458984375,645.95623779296875,0.3124924898147583,378.59832763671875
2026-07-13 20:15:00,20.22977066040039,577.40960693359375,641.69085693359375,0.3103271424770355,375.31622314453125
2026-07-13 20:30:00,20.12259292602539,578.17724609375,644.15521240234375,0.3114969730377197,375.815185546875
2026-07-13 20:45:00,20.05118179321289,578.27490234375,645.34222412109375,0.31204986572265625,375.878662109375
2026-07-13 21:00:00,19.923221588134766,571.7977294921875,640.033203125,0.30934497714042664,371.66851806640625
2026-07-13 21:15:00,19.792301177978516,560.1827392578125,628.96771240234375,0.30378258228302,364.1187744140625
2026-07-13 21:30:00,19.65250015258789,557.5167236328125,628.04449462890625,0.3032500445842743,362.3858642578125
2026-07-13 21:45:00,19.49783706665039,567.830810546875,642.01239013671875,0.3100973069667816,369.09002685546875
2026-07-13 22:00:00,19.42050552368164,476.3767395019531,539.60150146484375,0.25943928956985474,309.6448669433594
2026-07-13 22:15:00,19.307498931884766,544.36956787109375,618.28033447265625,0.29822131991386414,353.8402099609375
2026-07-13 22:30:00,19.182621002197266,566.99578857421875,645.9024658203125,0.3118491470813751,368.5472412109375
2026-07-13 22:45:00,19.09341812133789,566.00653076171875,646.15435791015625,0.31192198395729065,367.90423583984375
2026-07-13 23:00:00,19.025028228759766,554.818603515625,634.42236328125,0.30606094002723694,360.632080078125
2026-07-13 23:15:00,18.965579986572266,563.51995849609375,645.2933349609375,0.3114188015460968,366.2879638671875
2026-07-13 23:30:00,18.894229888916016,557.8018798828125,639.84332275390625,0.3086720407009125,362.5711975097656
2026-07-13 23:45:00,18.82583999633789,556.1121826171875,638.957763671875,0.30819171667099,361.472900390625
2026-07-14 00:00:00,18.73666763305664,550.63427734375,634.0279541015625,0.3056936264038086,357.9122619628906
2026-07-14 00:15:00,18.66531753540039,572.11663818359375,659.90234375,0.3184877038002014,371.87579345703125
2026-07-14 00:30:00,18.53451919555664,644.0379638671875,745.22027587890625,0.36091348528862,418.6246643066406
2026-07-14 00:45:00,18.439395904541016,560.60772705078125,650.185546875,0.31352075934410095,364.39501953125
2026-07-14 01:00:00,18.347232818603516,558.17474365234375,648.8201904296875,0.31278419494628906,362.8135681152344
2026-07-14 01:15:00,18.275882720947266,560.13677978515625,652.23681640625,0.3144325315952301,364.0888977050781
2026-07-14 01:30:00,18.23428726196289,559.69305419921875,652.38372802734375,0.3144780695438385,363.80047607421875
2026-07-14 01:45:00,18.15994644165039,558.61712646484375,652.316650390625,0.3143956661224365,363.1011047363281
2026-07-14 02:00:00,18.06186294555664,560.1063232421875,655.632568359375,0.31597477197647095,364.069091796875
2026-07-14 02:15:00,17.96969985961914,555.248046875,651.4215087890625,0.3138241469860077,360.9112243652344
2026-07-14 02:30:00,17.91617202758789,554.400390625,651.28594970703125,0.3137205243110657,360.3602294921875
2026-07-14 02:45:00,17.83591079711914,553.063720703125,651.00469970703125,0.31352612376213074,359.49139404296875
2026-07-14 03:00:00,17.82400894165039,550.94073486328125,648.69659423828125,0.3123740255832672,358.1114501953125
2026-07-14 03:15:00,17.749698638916016,554.96441650390625,654.63702392578125,0.315266877412796,360.72686767578125
2026-07-14 03:30:00,17.71103286743164,552.5928955078125,652.46453857421875,0.3141629695892334,359.18536376953125
2026-07-14 03:45:00,17.64859390258789,556.3465576171875,657.9151611328125,0.31682083010673523,361.625244140625
2026-07-14 04:00:00,17.609928131103516,557.74078369140625,660.1978759765625,0.3179250657558441,362.531494140625
2026-07-14 04:15:00,17.57425308227539,561.69537353515625,665.46905517578125,0.3205135464668274,365.10198974609375
2026-07-14 04:30:00,17.535587310791016,557.65191650390625,661.31475830078125,0.3184254467487335,362.4737243652344
2026-07-14 04:45:00,17.476139068603516,557.10748291015625,661.648681640625,0.31854790449142456,362.1198425292969
2026-07-14 05:00:00,17.428531646728516,549.5760498046875,653.4798583984375,0.3144649863243103,357.22442626953125
2026-07-14 05:15:00,17.416629791259766,545.91644287109375,649.3214111328125,0.3123965859413147,354.8456726074219
2026-07-14 05:30:00,17.342288970947266,545.2010498046875,649.67681884765625,0.31251874566078186,354.38067626953125
2026-07-14 05:45:00,17.294681549072266,544.73101806640625,649.8909912109375,0.3125900328159332,354.07513427734375
2026-07-14 06:00:00,17.25900650024414,544.3712158203125,650.042724609375,0.3126389980316162,353.8412780761719
2026-07-14 06:15:00,17.172733306884766,543.01556396484375,649.82977294921875,0.31246984004974365,352.9601135253906
2026-07-14 06:30:00,17.16678237915039,547.04986572265625,654.75555419921875,0.3149043023586273,355.5823974609375
2026-07-14 06:45:00,17.14297866821289,545.7093505859375,653.5421142578125,0.31428560614585876,354.7110595703125
2026-07-14 07:00:00,17.125125885009766,543.352783203125,651.01220703125,0.313019722700119,353.1792907714844
2026-07-14 07:15:00,17.113224029541016,543.69769287109375,651.62060546875,0.31331199407577515,353.4034729003906
2026-07-14 07:30:00,17.077518463134766,542.16455078125,650.36761474609375,0.3126649558544159,352.4069519042969
2026-07-14 07:45:00,17.059696197509766,540.84588623046875,649.0771484375,0.3120129108428955,351.5498046875
2026-07-14 08:00:00,17.041812896728516,542.29705810546875,651.1121826171875,0.3130066394805908,352.4930725097656
2026-07-14 08:15:00,17.020999908447266,539.97412109375,648.66351318359375,0.31177911162376404,350.983154296875
2026-07-14 08:30:00,17.023990631103516,542.44677734375,651.584716796875,0.3132270574569702,352.59039306640625
2026-07-14 08:45:00,17.056705474853516,540.58172607421875,648.80902099609375,0.311877965927124,351.37811279296875
2026-07-14 09:00:00,17.125125885009766,539.2188720703125,646.0592041015625,0.31056833267211914,350.49224853515625
2026-07-14 09:15:00,17.187625885009766,539.3131103515625,645.15753173828125,0.31016838550567627,350.5534973144531
2026-07-14 09:30:00,17.26791763305664,540.8843994140625,645.7347412109375,0.3105129599571228,351.5748596191406
2026-07-14 09:45:00,17.363101959228516,541.74090576171875,645.21759033203125,0.31032609939575195,352.1315612792969
2026-07-14 10:00:00,17.42258071899414,559.1256103515625,664.9337158203125,0.32013753056526184,363.431640625
2026-07-14 10:15:00,17.485050201416016,546.68414306640625,649.1251220703125,0.3123485743999481,355.34466552734375
