"LAF","ST","AST","REV-ST","REV-AST","TMP","start_time","depth_m","datetime","label","leg"
0.101,3504.88,3436.54,2851.77,2832.12,22.543,"2026-05-02T11:59:36.502Z",0.101,2026-05-02 11:59:36.502,"2026-05-02 11:59","down"
0.355,3295.38,3183.73,3055.83,2968.48,19.239,"2026-05-02T11:59:36.502Z",0.355,2026-05-02 11:59:36.502,"2026-05-02 11:59","down"
0.609,3250.22,3094.2,3237.66,3072.99,15.919,"2026-05-02T11:59:36.502Z",0.609,2026-05-02 11:59:36.502,"2026-05-02 11:59","down"
0.864,3252.57,3059.49,3308.69,3102.1,13.831,"2026-05-02T11:59:36.502Z",0.864,2026-05-02 11:59:36.502,"2026-05-02 11:59","down"
1.118,3250.99,3054.07,3315.11,3088.22,13.175,"2026-05-02T11:59:36.502Z",1.118,2026-05-02 11:59:36.502,"2026-05-02 11:59","down"
1.372,3248.16,3054.56,3312.68,3075.22,12.966,"2026-05-02T11:59:36.502Z",1.372,2026-05-02 11:59:36.502,"2026-05-02 11:59","down"
1.626,3242.46,3040.03,3313.31,3077.4,12.755,"2026-05-02T11:59:36.502Z",1.626,2026-05-02 11:59:36.502,"2026-05-02 11:59","down"
1.88,3237.11,3028.76,3312.86,3073.48,12.484,"2026-05-02T11:59:36.502Z",1.88,2026-05-02 11:59:36.502,"2026-05-02 11:59","down"
2.135,3237.11,3034.23,3310.74,3063.47,12.415,"2026-05-02T11:59:36.502Z",2.135,2026-05-02 11:59:36.502,"2026-05-02 11:59","down"
2.389,3237,3040.5,3311.09,3064.82,12.621,"2026-05-02T11:59:36.502Z",2.389,2026-05-02 11:59:36.502,"2026-05-02 11:59","down"
2.643,3234.81,3038.58,3313.71,3074.41,12.822,"2026-05-02T11:59:36.502Z",2.643,2026-05-02 11:59:36.502,"2026-05-02 11:59","down"
2.897,3230.94,3032.41,3315.25,3078.58,12.827,"2026-05-02T11:59:36.502Z",2.897,2026-05-02 11:59:36.502,"2026-05-02 11:59","down"
3.151,3228.29,3028.55,3315.03,3076.58,12.739,"2026-05-02T11:59:36.502Z",3.151,2026-05-02 11:59:36.502,"2026-05-02 11:59","down"
3.406,3227.44,3033.41,3314.44,3074.47,12.854,"2026-05-02T11:59:36.502Z",3.406,2026-05-02 11:59:36.502,"2026-05-02 11:59","down"
3.66,3229.88,3049.47,3315.43,3078.77,13.332,"2026-05-02T11:59:36.502Z",3.66,2026-05-02 11:59:36.502,"2026-05-02 11:59","down"
3.914,3227.93,3049.3,3318.85,3091.78,13.65,"2026-05-02T11:59:36.502Z",3.914,2026-05-02 11:59:36.502,"2026-05-02 11:59","down"
4.168,3219.74,3020.57,3321.74,3100.71,13.232,"2026-05-02T11:59:36.502Z",4.168,2026-05-02 11:59:36.502,"2026-05-02 11:59","down"
4.422,3212.28,2993.79,3319.43,3086.44,12.342,"2026-05-02T11:59:36.502Z",4.422,2026-05-02 11:59:36.502,"2026-05-02 11:59","down"
4.677,3210.47,2987.18,3313.6,3059.49,11.612,"2026-05-02T11:59:36.502Z",4.677,2026-05-02 11:59:36.502,"2026-05-02 11:59","down"
4.931,3213.42,2999.62,3310.45,3046.42,11.604,"2026-05-02T11:59:36.502Z",4.931,2026-05-02 11:59:36.502,"2026-05-02 11:59","down"
5.185,3217.99,3021.4,3312.32,3053.44,12.24,"2026-05-02T11:59:36.502Z",5.185,2026-05-02 11:59:36.502,"2026-05-02 11:59","down"
5.439,3217.73,3025.77,3317.39,3072.54,12.767,"2026-05-02T11:59:36.502Z",5.439,2026-05-02 11:59:36.502,"2026-05-02 11:59","down"
5.693,3211.76,3008.74,3321.3,3086.07,12.719,"2026-05-02T11:59:36.502Z",5.693,2026-05-02 11:59:36.502,"2026-05-02 11:59","down"
5.948,3205.88,2993.02,3320.59,3079.35,12.265,"2026-05-02T11:59:36.502Z",5.948,2026-05-02 11:59:36.502,"2026-05-02 11:59","down"
6.202,3202.66,2986.63,3317.48,3063.99,11.827,"2026-05-02T11:59:36.502Z",6.202,2026-05-02 11:59:36.502,"2026-05-02 11:59","down"
6.456,3200.79,2984.8,3315.94,3056.46,11.657,"2026-05-02T11:59:36.502Z",6.456,2026-05-02 11:59:36.502,"2026-05-02 11:59","down"
6.71,3198.34,2990.39,3317.11,3056.84,11.859,"2026-05-02T11:59:36.502Z",6.71,2026-05-02 11:59:36.502,"2026-05-02 11:59","down"
6.964,3172.55,2989.97,3320.54,3062.93,12.611,"2026-05-02T11:59:36.502Z",6.964,2026-05-02 11:59:36.502,"2026-05-02 11:59","down"
7.219,3098.35,2932.64,3315.92,3069,13.262,"2026-05-02T11:59:36.502Z",7.219,2026-05-02 11:59:36.502,"2026-05-02 11:59","down"
7.473,3028.66,2843.78,3284.01,3047.82,12.815,"2026-05-02T11:59:36.502Z",7.473,2026-05-02 11:59:36.502,"2026-05-02 11:59","down"
7.727,2998.63,2775.73,3227.73,2984.09,11.289,"2026-05-02T11:59:36.502Z",7.727,2026-05-02 11:59:36.502,"2026-05-02 11:59","down"
7.981,2989.04,2731.02,3181.56,2913.44,9.408,"2026-05-02T11:59:36.502Z",7.981,2026-05-02 11:59:36.502,"2026-05-02 11:59","down"
8.235,2980.85,2706.33,3159.47,2863.29,8.03,"2026-05-02T11:59:36.502Z",8.235,2026-05-02 11:59:36.502,"2026-05-02 11:59","down"
8.49,2975.49,2704.13,3150.37,2834.02,7.506,"2026-05-02T11:59:36.502Z",8.49,2026-05-02 11:59:36.502,"2026-05-02 11:59","down"
8.744,2975.95,2721.06,3149.53,2829.11,7.884,"2026-05-02T11:59:36.502Z",8.744,2026-05-02 11:59:36.502,"2026-05-02 11:59","down"
8.998,2979.38,2744.38,3154.46,2845.74,8.843,"2026-05-02T11:59:36.502Z",8.998,2026-05-02 11:59:36.502,"2026-05-02 11:59","down"
9.252,2982.41,2759.26,3159.95,2870.79,9.787,"2026-05-02T11:59:36.502Z",9.252,2026-05-02 11:59:36.502,"2026-05-02 11:59","down"
9.506,2983.08,2759.99,3163.95,2890.76,10.261,"2026-05-02T11:59:36.502Z",9.506,2026-05-02 11:59:36.502,"2026-05-02 11:59","down"
9.761,2980.44,2750.14,3166.61,2897.86,10.171,"2026-05-02T11:59:36.502Z",9.761,2026-05-02 11:59:36.502,"2026-05-02 11:59","down"
10.015,2976.37,2736.15,3166.95,2892.71,9.704,"2026-05-02T11:59:36.502Z",10.015,2026-05-02 11:59:36.502,"2026-05-02 11:59","down"
10.269,2973.81,2723.44,3164.57,2880.65,9.107,"2026-05-02T11:59:36.502Z",10.269,2026-05-02 11:59:36.502,"2026-05-02 11:59","down"
10.523,2972.31,2713.04,3161.76,2867.49,8.529,"2026-05-02T11:59:36.502Z",10.523,2026-05-02 11:59:36.502,"2026-05-02 11:59","down"
10.777,2969.28,2703.15,3160.24,2856.22,8.03,"2026-05-02T11:59:36.502Z",10.777,2026-05-02 11:59:36.502,"2026-05-02 11:59","down"
11.032,2966.17,2694.81,3158.62,2846.24,7.618,"2026-05-02T11:59:36.502Z",11.032,2026-05-02 11:59:36.502,"2026-05-02 11:59","down"
11.286,2965.34,2689.82,3155.99,2837.23,7.299,"2026-05-02T11:59:36.502Z",11.286,2026-05-02 11:59:36.502,"2026-05-02 11:59","down"
11.54,2965.29,2686.91,3154.05,2830.79,7.077,"2026-05-02T11:59:36.502Z",11.54,2026-05-02 11:59:36.502,"2026-05-02 11:59","down"
11.794,2964.58,2684.91,3153.6,2827.34,6.949,"2026-05-02T11:59:36.502Z",11.794,2026-05-02 11:59:36.502,"2026-05-02 11:59","down"
12.048,2964.73,2684.87,3153.37,2825.56,6.898,"2026-05-02T11:59:36.502Z",12.048,2026-05-02 11:59:36.502,"2026-05-02 11:59","down"
12.303,2966.23,2686.89,3153.4,2825.32,6.91,"2026-05-02T11:59:36.502Z",12.303,2026-05-02 11:59:36.502,"2026-05-02 11:59","down"
12.557,2966.95,2689.16,3154.8,2827.3,6.98,"2026-05-02T11:59:36.502Z",12.557,2026-05-02 11:59:36.502,"2026-05-02 11:59","down"
12.811,2966.37,2691.3,3156.71,2830.44,7.102,"2026-05-02T11:59:36.502Z",12.811,2026-05-02 11:59:36.502,"2026-05-02 11:59","down"
13.065,2967.18,2694.95,3157.62,2833.41,7.252,"2026-05-02T11:59:36.502Z",13.065,2026-05-02 11:59:36.502,"2026-05-02 11:59","down"
13.319,2969.16,2700.27,3158.45,2837.27,7.448,"2026-05-02T11:59:36.502Z",13.319,2026-05-02 11:59:36.502,"2026-05-02 11:59","down"
13.574,2969.03,2704.65,3160.61,2843.08,7.695,"2026-05-02T11:59:36.502Z",13.574,2026-05-02 11:59:36.502,"2026-05-02 11:59","down"
13.828,2968.29,2708.02,3162.81,2849.23,7.937,"2026-05-02T11:59:36.502Z",13.828,2026-05-02 11:59:36.502,"2026-05-02 11:59","down"
14.082,2969.73,2712.69,3163.69,2854.24,8.16,"2026-05-02T11:59:36.502Z",14.082,2026-05-02 11:59:36.502,"2026-05-02 11:59","down"
14.336,2971.93,2717.86,3164.54,2859.11,8.373,"2026-05-02T11:59:36.502Z",14.336,2026-05-02 11:59:36.502,"2026-05-02 11:59","down"
14.59,2971.94,2721.44,3166.5,2864.85,8.595,"2026-05-02T11:59:36.502Z",14.59,2026-05-02 11:59:36.502,"2026-05-02 11:59","down"
14.845,2971.07,2724.27,3168.08,2870.11,8.815,"2026-05-02T11:59:36.502Z",14.845,2026-05-02 11:59:36.502,"2026-05-02 11:59","down"
15.099,2971.5,2727.98,3168.28,2873.91,9.018,"2026-05-02T11:59:36.502Z",15.099,2026-05-02 11:59:36.502,"2026-05-02 11:59","down"
15.353,2972.12,2731.45,3168.6,2877.53,9.202,"2026-05-02T11:59:36.502Z",15.353,2026-05-02 11:59:36.502,"2026-05-02 11:59","down"
15.607,2971.51,2733.62,3169.88,2881.72,9.372,"2026-05-02T11:59:36.502Z",15.607,2026-05-02 11:59:36.502,"2026-05-02 11:59","down"
15.861,2971.67,2736.46,3170.82,2885.55,9.538,"2026-05-02T11:59:36.502Z",15.861,2026-05-02 11:59:36.502,"2026-05-02 11:59","down"
16.116,2973.95,2740.83,3171.24,2889.07,9.697,"2026-05-02T11:59:36.502Z",16.116,2026-05-02 11:59:36.502,"2026-05-02 11:59","down"
16.37,2976.01,2745.24,3172.96,2893.73,9.861,"2026-05-02T11:59:36.502Z",16.37,2026-05-02 11:59:36.502,"2026-05-02 11:59","down"
16.624,2976.29,2748.43,3175.82,2899.24,10.033,"2026-05-02T11:59:36.502Z",16.624,2026-05-02 11:59:36.502,"2026-05-02 11:59","down"
16.878,2976.33,2750.51,3177.72,2903.64,10.172,"2026-05-02T11:59:36.502Z",16.878,2026-05-02 11:59:36.502,"2026-05-02 11:59","down"
17.132,2976.45,2751.46,3178.47,2906.48,10.259,"2026-05-02T11:59:36.502Z",17.132,2026-05-02 11:59:36.502,"2026-05-02 11:59","down"
17.387,2975.1,2750.67,3179.25,2908.44,10.308,"2026-05-02T11:59:36.502Z",17.387,2026-05-02 11:59:36.502,"2026-05-02 11:59","down"
17.641,2973.3,2749.17,3179.61,2909.32,10.329,"2026-05-02T11:59:36.502Z",17.641,2026-05-02 11:59:36.502,"2026-05-02 11:59","down"
17.895,2973.04,2748.78,3178.95,2908.88,10.329,"2026-05-02T11:59:36.502Z",17.895,2026-05-02 11:59:36.502,"2026-05-02 11:59","down"
18.149,2973.45,2748.91,3178.41,2908.44,10.323,"2026-05-02T11:59:36.502Z",18.149,2026-05-02 11:59:36.502,"2026-05-02 11:59","down"
18.403,2972.33,2747.74,3178.81,2908.79,10.318,"2026-05-02T11:59:36.502Z",18.403,2026-05-02 11:59:36.502,"2026-05-02 11:59","down"
18.658,2970.88,2746.31,3178.92,2908.82,10.314,"2026-05-02T11:59:36.502Z",18.658,2026-05-02 11:59:36.502,"2026-05-02 11:59","down"
18.912,2971.78,2747,3178.1,2908.16,10.313,"2026-05-02T11:59:36.502Z",18.912,2026-05-02 11:59:36.502,"2026-05-02 11:59","down"
19.166,2973.12,2748.26,3178.14,2908.36,10.317,"2026-05-02T11:59:36.502Z",19.166,2026-05-02 11:59:36.502,"2026-05-02 11:59","down"
19.42,2972.01,2747.56,3179.61,2909.66,10.326,"2026-05-02T11:59:36.502Z",19.42,2026-05-02 11:59:36.502,"2026-05-02 11:59","down"
19.674,2970.49,2746.23,3180.06,2910.05,10.328,"2026-05-02T11:59:36.502Z",19.674,2026-05-02 11:59:36.502,"2026-05-02 11:59","down"
19.929,2971.96,2746.96,3179.05,2909.3,10.314,"2026-05-02T11:59:36.502Z",19.929,2026-05-02 11:59:36.502,"2026-05-02 11:59","down"
20.183,2973.38,2748.16,3179.2,2909.68,10.317,"2026-05-02T11:59:36.502Z",20.183,2026-05-02 11:59:36.502,"2026-05-02 11:59","down"
20.437,2972.07,2747.26,3180.74,2911.26,10.332,"2026-05-02T11:59:36.502Z",20.437,2026-05-02 11:59:36.502,"2026-05-02 11:59","down"
20.691,2971.03,2746.28,3181.29,2911.81,10.332,"2026-05-02T11:59:36.502Z",20.691,2026-05-02 11:59:36.502,"2026-05-02 11:59","down"
20.945,2971.8,2746.65,3180.96,2911.35,10.317,"2026-05-02T11:59:36.502Z",20.945,2026-05-02 11:59:36.502,"2026-05-02 11:59","down"
21.2,2971.6,2746.4,3181.54,2911.77,10.312,"2026-05-02T11:59:36.502Z",21.2,2026-05-02 11:59:36.502,"2026-05-02 11:59","down"
21.454,2969.38,2744.65,3182.52,2912.64,10.321,"2026-05-02T11:59:36.502Z",21.454,2026-05-02 11:59:36.502,"2026-05-02 11:59","down"
21.708,2968.22,2743.64,3182.14,2912.46,10.327,"2026-05-02T11:59:36.502Z",21.708,2026-05-02 11:59:36.502,"2026-05-02 11:59","down"
21.962,2968.98,2744.13,3181.29,2912.13,10.334,"2026-05-02T11:59:36.502Z",21.962,2026-05-02 11:59:36.502,"2026-05-02 11:59","down"
22.216,2968.39,2743.69,3181.94,2912.99,10.345,"2026-05-02T11:59:36.502Z",22.216,2026-05-02 11:59:36.502,"2026-05-02 11:59","down"
22.471,2966.45,2742.01,3183.22,2913.98,10.342,"2026-05-02T11:59:36.502Z",22.471,2026-05-02 11:59:36.502,"2026-05-02 11:59","down"
22.725,2966.34,2741.7,3183.28,2913.76,10.328,"2026-05-02T11:59:36.502Z",22.725,2026-05-02 11:59:36.502,"2026-05-02 11:59","down"
22.979,2967.69,2742.61,3183.06,2913.5,10.317,"2026-05-02T11:59:36.502Z",22.979,2026-05-02 11:59:36.502,"2026-05-02 11:59","down"
23.233,2967.75,2742.62,3184.01,2914.36,10.315,"2026-05-02T11:59:36.502Z",23.233,2026-05-02 11:59:36.502,"2026-05-02 11:59","down"
23.487,2966.85,2741.96,3184.99,2915.24,10.32,"2026-05-02T11:59:36.502Z",23.487,2026-05-02 11:59:36.502,"2026-05-02 11:59","down"
23.742,2966.79,2741.78,3184.98,2915.47,10.323,"2026-05-02T11:59:36.502Z",23.742,2026-05-02 11:59:36.502,"2026-05-02 11:59","down"
23.996,2966.52,2741.37,3185.07,2915.84,10.326,"2026-05-02T11:59:36.502Z",23.996,2026-05-02 11:59:36.502,"2026-05-02 11:59","down"
24.25,2965.1,2740.15,3185.66,2916.37,10.329,"2026-05-02T11:59:36.502Z",24.25,2026-05-02 11:59:36.502,"2026-05-02 11:59","down"
24.504,2964.34,2739.61,3185.46,2916.14,10.332,"2026-05-02T11:59:36.502Z",24.504,2026-05-02 11:59:36.502,"2026-05-02 11:59","down"
24.758,2965.05,2740.03,3184.96,2915.8,10.328,"2026-05-02T11:59:36.502Z",24.758,2026-05-02 11:59:36.502,"2026-05-02 11:59","down"
25.013,2965.06,2739.77,3185.7,2916.44,10.319,"2026-05-02T11:59:36.502Z",25.013,2026-05-02 11:59:36.502,"2026-05-02 11:59","down"
25.267,2963.55,2738.53,3186.7,2917.29,10.322,"2026-05-02T11:59:36.502Z",25.267,2026-05-02 11:59:36.502,"2026-05-02 11:59","down"
25.521,2963.36,2738.34,3186.43,2917.19,10.326,"2026-05-02T11:59:36.502Z",25.521,2026-05-02 11:59:36.502,"2026-05-02 11:59","down"
25.775,2964.77,2739.51,3186.17,2917.15,10.327,"2026-05-02T11:59:36.502Z",25.775,2026-05-02 11:59:36.502,"2026-05-02 11:59","down"
26.029,2964.49,2739.07,3187.55,2918.67,10.329,"2026-05-02T11:59:36.502Z",26.029,2026-05-02 11:59:36.502,"2026-05-02 11:59","down"
26.284,2962.85,2737.44,3189.13,2920.11,10.325,"2026-05-02T11:59:36.502Z",26.284,2026-05-02 11:59:36.502,"2026-05-02 11:59","down"
26.538,2963.44,2737.78,3189.1,2919.86,10.313,"2026-05-02T11:59:36.502Z",26.538,2026-05-02 11:59:36.502,"2026-05-02 11:59","down"
26.792,2965.08,2739.34,3189.07,2919.81,10.313,"2026-05-02T11:59:36.502Z",26.792,2026-05-02 11:59:36.502,"2026-05-02 11:59","down"
27.046,2963.99,2738.84,3190.7,2921.33,10.33,"2026-05-02T11:59:36.502Z",27.046,2026-05-02 11:59:36.502,"2026-05-02 11:59","down"
27.3,2961.79,2736.93,3191.9,2922.3,10.33,"2026-05-02T11:59:36.502Z",27.3,2026-05-02 11:59:36.502,"2026-05-02 11:59","down"
27.555,2962.45,2737.23,3191.1,2921.57,10.321,"2026-05-02T11:59:36.502Z",27.555,2026-05-02 11:59:36.502,"2026-05-02 11:59","down"
27.809,2964.67,2738.7,3190.52,2921.31,10.311,"2026-05-02T11:59:36.502Z",27.809,2026-05-02 11:59:36.502,"2026-05-02 11:59","down"
28.063,2964.39,2738.42,3191.81,2922.7,10.316,"2026-05-02T11:59:36.502Z",28.063,2026-05-02 11:59:36.502,"2026-05-02 11:59","down"
28.317,2962.34,2737.25,3192.99,2923.8,10.338,"2026-05-02T11:59:36.502Z",28.317,2026-05-02 11:59:36.502,"2026-05-02 11:59","down"
28.571,2961.86,2736.99,3192.73,2923.56,10.344,"2026-05-02T11:59:36.502Z",28.571,2026-05-02 11:59:36.502,"2026-05-02 11:59","down"
28.826,2962.27,2737.02,3192.54,2923.6,10.34,"2026-05-02T11:59:36.502Z",28.826,2026-05-02 11:59:36.502,"2026-05-02 11:59","down"
29.08,2962.04,2736.44,3193.42,2924.55,10.332,"2026-05-02T11:59:36.502Z",29.08,2026-05-02 11:59:36.502,"2026-05-02 11:59","down"
29.334,2961.49,2735.48,3194.41,2925.3,10.314,"2026-05-02T11:59:36.502Z",29.334,2026-05-02 11:59:36.502,"2026-05-02 11:59","down"
29.588,2961.15,2735.09,3194.69,2925.32,10.305,"2026-05-02T11:59:36.502Z",29.588,2026-05-02 11:59:36.502,"2026-05-02 11:59","down"
29.842,2960.34,2734.71,3194.54,2925.14,10.315,"2026-05-02T11:59:36.502Z",29.842,2026-05-02 11:59:36.502,"2026-05-02 11:59","down"
30.097,2959.19,2733.54,3194.27,2924.92,10.313,"2026-05-02T11:59:36.502Z",30.097,2026-05-02 11:59:36.502,"2026-05-02 11:59","down"
30.351,2958.88,2732.88,3193.69,2924.39,10.301,"2026-05-02T11:59:36.502Z",30.351,2026-05-02 11:59:36.502,"2026-05-02 11:59","down"
30.605,2959.14,2732.96,3193.26,2923.98,10.296,"2026-05-02T11:59:36.502Z",30.605,2026-05-02 11:59:36.502,"2026-05-02 11:59","down"
30.859,2957.93,2732.02,3193.51,2924.23,10.302,"2026-05-02T11:59:36.502Z",30.859,2026-05-02 11:59:36.502,"2026-05-02 11:59","down"
31.113,2955.84,2730.31,3193.62,2924.43,10.311,"2026-05-02T11:59:36.502Z",31.113,2026-05-02 11:59:36.502,"2026-05-02 11:59","down"
31.367,2955.88,2730.14,3193.02,2924.02,10.309,"2026-05-02T11:59:36.502Z",31.367,2026-05-02 11:59:36.502,"2026-05-02 11:59","down"
31.622,2957.37,2731.36,3193.08,2924.29,10.31,"2026-05-02T11:59:36.502Z",31.622,2026-05-02 11:59:36.502,"2026-05-02 11:59","down"
31.876,2956.95,2731.28,3194.43,2925.66,10.324,"2026-05-02T11:59:36.502Z",31.876,2026-05-02 11:59:36.502,"2026-05-02 11:59","down"
32.13,2955.67,2730.16,3195.26,2926.5,10.328,"2026-05-02T11:59:36.502Z",32.13,2026-05-02 11:59:36.502,"2026-05-02 11:59","down"
32.384,2956.07,2730.53,3194.83,2926.26,10.332,"2026-05-02T11:59:36.502Z",32.384,2026-05-02 11:59:36.502,"2026-05-02 11:59","down"
32.638,2956.83,2731.2,3195.03,2926.62,10.336,"2026-05-02T11:59:36.502Z",32.638,2026-05-02 11:59:36.502,"2026-05-02 11:59","down"
32.893,2955.79,2730.11,3196.55,2927.99,10.332,"2026-05-02T11:59:36.502Z",32.893,2026-05-02 11:59:36.502,"2026-05-02 11:59","down"
33.147,2954.56,2728.83,3197.27,2928.5,10.323,"2026-05-02T11:59:36.502Z",33.147,2026-05-02 11:59:36.502,"2026-05-02 11:59","down"
33.401,2955.14,2729.23,3196.38,2927.77,10.322,"2026-05-02T11:59:36.502Z",33.401,2026-05-02 11:59:36.502,"2026-05-02 11:59","down"
33.655,2956.03,2729.92,3196.22,2927.9,10.325,"2026-05-02T11:59:36.502Z",33.655,2026-05-02 11:59:36.502,"2026-05-02 11:59","down"
33.909,2955.26,2729.37,3197.82,2929.33,10.329,"2026-05-02T11:59:36.502Z",33.909,2026-05-02 11:59:36.502,"2026-05-02 11:59","down"
34.164,2954.48,2728.93,3198.86,2930.05,10.331,"2026-05-02T11:59:36.502Z",34.164,2026-05-02 11:59:36.502,"2026-05-02 11:59","down"
34.418,2955.26,2729.66,3198.67,2929.94,10.333,"2026-05-02T11:59:36.502Z",34.418,2026-05-02 11:59:36.502,"2026-05-02 11:59","down"
34.672,2955.36,2729.37,3199.21,2930.53,10.324,"2026-05-02T11:59:36.502Z",34.672,2026-05-02 11:59:36.502,"2026-05-02 11:59","down"
34.926,2953.64,2727.67,3200.47,2931.51,10.316,"2026-05-02T11:59:36.502Z",34.926,2026-05-02 11:59:36.502,"2026-05-02 11:59","down"
35.18,2953.43,2727.33,3200.56,2931.49,10.308,"2026-05-02T11:59:36.502Z",35.18,2026-05-02 11:59:36.502,"2026-05-02 11:59","down"
35.435,2954.82,2728.31,3200.04,2931.24,10.306,"2026-05-02T11:59:36.502Z",35.435,2026-05-02 11:59:36.502,"2026-05-02 11:59","down"
35.689,2954.82,2728.43,3200.78,2932.21,10.318,"2026-05-02T11:59:36.502Z",35.689,2026-05-02 11:59:36.502,"2026-05-02 11:59","down"
35.943,2953.54,2727.66,3201.98,2933.34,10.331,"2026-05-02T11:59:36.502Z",35.943,2026-05-02 11:59:36.502,"2026-05-02 11:59","down"
36.197,2953.59,2727.61,3202.23,2933.59,10.329,"2026-05-02T11:59:36.502Z",36.197,2026-05-02 11:59:36.502,"2026-05-02 11:59","down"
36.451,2954.55,2728.17,3202.36,2933.88,10.324,"2026-05-02T11:59:36.502Z",36.451,2026-05-02 11:59:36.502,"2026-05-02 11:59","down"
36.706,2953.93,2727.7,3203.41,2934.73,10.324,"2026-05-02T11:59:36.502Z",36.706,2026-05-02 11:59:36.502,"2026-05-02 11:59","down"
36.96,2952.77,2726.46,3204.26,2935.38,10.315,"2026-05-02T11:59:36.502Z",36.96,2026-05-02 11:59:36.502,"2026-05-02 11:59","down"
37.214,2952.81,2726.28,3204.02,2935.5,10.318,"2026-05-02T11:59:36.502Z",37.214,2026-05-02 11:59:36.502,"2026-05-02 11:59","down"
37.468,2952.93,2726.42,3204.11,2935.97,10.33,"2026-05-02T11:59:36.502Z",37.468,2026-05-02 11:59:36.502,"2026-05-02 11:59","down"
37.722,2951.46,2725.38,3205,2936.72,10.338,"2026-05-02T11:59:36.502Z",37.722,2026-05-02 11:59:36.502,"2026-05-02 11:59","down"
37.977,2950.58,2724.63,3205.09,2936.52,10.331,"2026-05-02T11:59:36.502Z",37.977,2026-05-02 11:59:36.502,"2026-05-02 11:59","down"
38.231,2951.61,2725.38,3204.4,2935.85,10.324,"2026-05-02T11:59:36.502Z",38.231,2026-05-02 11:59:36.502,"2026-05-02 11:59","down"
38.485,2952.55,2725.94,3204.85,2936.44,10.32,"2026-05-02T11:59:36.502Z",38.485,2026-05-02 11:59:36.502,"2026-05-02 11:59","down"
38.739,2951.78,2725.17,3206.37,2937.77,10.317,"2026-05-02T11:59:36.502Z",38.739,2026-05-02 11:59:36.502,"2026-05-02 11:59","down"
38.993,2950.85,2724.44,3207.16,2938.41,10.318,"2026-05-02T11:59:36.502Z",38.993,2026-05-02 11:59:36.502,"2026-05-02 11:59","down"
39.248,2950.74,2724.38,3207.11,2938.57,10.325,"2026-05-02T11:59:36.502Z",39.248,2026-05-02 11:59:36.502,"2026-05-02 11:59","down"
39.502,2949.84,2723.59,3207.36,2938.95,10.33,"2026-05-02T11:59:36.502Z",39.502,2026-05-02 11:59:36.502,"2026-05-02 11:59","down"
39.756,2948.37,2722.3,3207.57,2938.97,10.328,"2026-05-02T11:59:36.502Z",39.756,2026-05-02 11:59:36.502,"2026-05-02 11:59","down"
40.01,2948.03,2721.86,3206.89,2938.26,10.321,"2026-05-02T11:59:36.502Z",40.01,2026-05-02 11:59:36.502,"2026-05-02 11:59","down"
40.264,2948.26,2722.07,3206.26,2937.77,10.324,"2026-05-02T11:59:36.502Z",40.264,2026-05-02 11:59:36.502,"2026-05-02 11:59","down"
40.519,2947.65,2721.48,3206.7,2938.24,10.325,"2026-05-02T11:59:36.502Z",40.519,2026-05-02 11:59:36.502,"2026-05-02 11:59","down"
40.773,2946.81,2720.7,3207.26,2938.72,10.324,"2026-05-02T11:59:36.502Z",40.773,2026-05-02 11:59:36.502,"2026-05-02 11:59","down"
41.027,2947.1,2720.92,3207.11,2938.59,10.323,"2026-05-02T11:59:36.502Z",41.027,2026-05-02 11:59:36.502,"2026-05-02 11:59","down"
41.281,2947.45,2721.35,3207.4,2939.03,10.331,"2026-05-02T11:59:36.502Z",41.281,2026-05-02 11:59:36.502,"2026-05-02 11:59","down"
41.535,2946.57,2720.6,3208.68,2940.26,10.334,"2026-05-02T11:59:36.502Z",41.535,2026-05-02 11:59:36.502,"2026-05-02 11:59","down"
41.79,2945.87,2719.85,3209.58,2941.1,10.331,"2026-05-02T11:59:36.502Z",41.79,2026-05-02 11:59:36.502,"2026-05-02 11:59","down"
42.044,2946.43,2720.37,3209.74,2941.33,10.334,"2026-05-02T11:59:36.502Z",42.044,2026-05-02 11:59:36.502,"2026-05-02 11:59","down"
42.298,2946.39,2720.46,3210.37,2941.85,10.336,"2026-05-02T11:59:36.502Z",42.298,2026-05-02 11:59:36.502,"2026-05-02 11:59","down"
42.552,2944.48,2718.78,3211.26,2942.57,10.336,"2026-05-02T11:59:36.502Z",42.552,2026-05-02 11:59:36.502,"2026-05-02 11:59","down"
42.806,2942.72,2717.1,3211,2942.33,10.334,"2026-05-02T11:59:36.502Z",42.806,2026-05-02 11:59:36.502,"2026-05-02 11:59","down"
43.061,2942.94,2716.86,3209.82,2941.28,10.321,"2026-05-02T11:59:36.502Z",43.061,2026-05-02 11:59:36.502,"2026-05-02 11:59","down"
43.315,2943.78,2717.18,3209.29,2941.01,10.314,"2026-05-02T11:59:36.502Z",43.315,2026-05-02 11:59:36.502,"2026-05-02 11:59","down"
43.569,2943.61,2717.09,3210.05,2942.02,10.325,"2026-05-02T11:59:36.502Z",43.569,2026-05-02 11:59:36.502,"2026-05-02 11:59","down"
43.823,2943.2,2716.83,3211.04,2943,10.33,"2026-05-02T11:59:36.502Z",43.823,2026-05-02 11:59:36.502,"2026-05-02 11:59","down"
44.077,2943.7,2716.91,3211.39,2943.25,10.316,"2026-05-02T11:59:36.502Z",44.077,2026-05-02 11:59:36.502,"2026-05-02 11:59","down"
44.332,2943.75,2716.74,3211.74,2943.53,10.309,"2026-05-02T11:59:36.502Z",44.332,2026-05-02 11:59:36.502,"2026-05-02 11:59","down"
44.586,2942.76,2716,3212.24,2944.02,10.315,"2026-05-02T11:59:36.502Z",44.586,2026-05-02 11:59:36.502,"2026-05-02 11:59","down"
44.84,2942.57,2715.99,3212.24,2944.24,10.327,"2026-05-02T11:59:36.502Z",44.84,2026-05-02 11:59:36.502,"2026-05-02 11:59","down"
45.094,2943,2716.58,3212.33,2944.63,10.341,"2026-05-02T11:59:36.502Z",45.094,2026-05-02 11:59:36.502,"2026-05-02 11:59","down"
45.348,2942.07,2715.81,3213.41,2945.68,10.345,"2026-05-02T11:59:36.502Z",45.348,2026-05-02 11:59:36.502,"2026-05-02 11:59","down"
45.603,2940.6,2714.64,3214.38,2946.38,10.346,"2026-05-02T11:59:36.502Z",45.603,2026-05-02 11:59:36.502,"2026-05-02 11:59","down"
45.857,2940.55,2714.62,3214.11,2946.01,10.343,"2026-05-02T11:59:36.502Z",45.857,2026-05-02 11:59:36.502,"2026-05-02 11:59","down"
46.111,2940.28,2714.18,3213.73,2945.62,10.336,"2026-05-02T11:59:36.502Z",46.111,2026-05-02 11:59:36.502,"2026-05-02 11:59","down"
46.365,2938.42,2712.36,3214.1,2945.93,10.332,"2026-05-02T11:59:36.502Z",46.365,2026-05-02 11:59:36.502,"2026-05-02 11:59","down"
46.619,2936.88,2710.89,3214.03,2945.88,10.331,"2026-05-02T11:59:36.502Z",46.619,2026-05-02 11:59:36.502,"2026-05-02 11:59","down"
46.874,2937.14,2710.87,3213.21,2945.24,10.326,"2026-05-02T11:59:36.502Z",46.874,2026-05-02 11:59:36.502,"2026-05-02 11:59","down"
47.128,2937.21,2711.04,3213.04,2945.27,10.335,"2026-05-02T11:59:36.502Z",47.128,2026-05-02 11:59:36.502,"2026-05-02 11:59","down"
47.382,2936.49,2710.5,3213.78,2946.08,10.342,"2026-05-02T11:59:36.502Z",47.382,2026-05-02 11:59:36.502,"2026-05-02 11:59","down"
47.636,2936.46,2710.15,3214.33,2946.55,10.331,"2026-05-02T11:59:36.502Z",47.636,2026-05-02 11:59:36.502,"2026-05-02 11:59","down"
47.89,2937.06,2710.65,3214.64,2946.8,10.329,"2026-05-02T11:59:36.502Z",47.89,2026-05-02 11:59:36.502,"2026-05-02 11:59","down"
48.145,2936.69,2710.56,3215.58,2947.61,10.335,"2026-05-02T11:59:36.502Z",48.145,2026-05-02 11:59:36.502,"2026-05-02 11:59","down"
48.399,2935.13,2709.2,3216.62,2948.52,10.336,"2026-05-02T11:59:36.502Z",48.399,2026-05-02 11:59:36.502,"2026-05-02 11:59","down"
48.653,2934.46,2708.52,3216.46,2948.56,10.34,"2026-05-02T11:59:36.502Z",48.653,2026-05-02 11:59:36.502,"2026-05-02 11:59","down"
48.907,2934.98,2708.92,3215.83,2948.22,10.344,"2026-05-02T11:59:36.502Z",48.907,2026-05-02 11:59:36.502,"2026-05-02 11:59","down"
49.161,2934.26,2708.46,3216.23,2948.54,10.349,"2026-05-02T11:59:36.502Z",49.161,2026-05-02 11:59:36.502,"2026-05-02 11:59","down"
49.416,2932.93,2707.29,3216.95,2949.02,10.346,"2026-05-02T11:59:36.502Z",49.416,2026-05-02 11:59:36.502,"2026-05-02 11:59","down"
49.67,2933.09,2707.1,3216.8,2948.86,10.335,"2026-05-02T11:59:36.502Z",49.67,2026-05-02 11:59:36.502,"2026-05-02 11:59","down"
49.924,2933.98,2707.59,3216.61,2948.74,10.326,"2026-05-02T11:59:36.502Z",49.924,2026-05-02 11:59:36.502,"2026-05-02 11:59","down"
50.178,2934.11,2707.71,3217.32,2949.51,10.329,"2026-05-02T11:59:36.502Z",50.178,2026-05-02 11:59:36.502,"2026-05-02 11:59","down"
50.432,2933.65,2707.46,3217.84,2950.28,10.343,"2026-05-02T11:59:36.502Z",50.432,2026-05-02 11:59:36.502,"2026-05-02 11:59","down"
50.687,2934.14,2707.87,3217.59,2950.38,10.351,"2026-05-02T11:59:36.502Z",50.687,2026-05-02 11:59:36.502,"2026-05-02 11:59","down"
50.941,2934.57,2708.02,3217.87,2950.82,10.348,"2026-05-02T11:59:36.502Z",50.941,2026-05-02 11:59:36.502,"2026-05-02 11:59","down"
51.195,2933.2,2706.87,3218.73,2951.65,10.353,"2026-05-02T11:59:36.502Z",51.195,2026-05-02 11:59:36.502,"2026-05-02 11:59","down"
51.449,2931.79,2705.84,3218.64,2951.57,10.362,"2026-05-02T11:59:36.502Z",51.449,2026-05-02 11:59:36.502,"2026-05-02 11:59","down"
51.703,2932.13,2706.14,3217.92,2950.83,10.359,"2026-05-02T11:59:36.502Z",51.703,2026-05-02 11:59:36.502,"2026-05-02 11:59","down"
51.958,2932.96,2706.67,3218.43,2951.13,10.347,"2026-05-02T11:59:36.502Z",51.958,2026-05-02 11:59:36.502,"2026-05-02 11:59","down"
52.212,2932.19,2705.94,3219.9,2952.36,10.343,"2026-05-02T11:59:36.502Z",52.212,2026-05-02 11:59:36.502,"2026-05-02 11:59","down"
52.466,2931.28,2704.9,3220.37,2952.76,10.336,"2026-05-02T11:59:36.502Z",52.466,2026-05-02 11:59:36.502,"2026-05-02 11:59","down"
52.72,2931.63,2705.03,3219.85,2952.4,10.333,"2026-05-02T11:59:36.502Z",52.72,2026-05-02 11:59:36.502,"2026-05-02 11:59","down"
52.974,2931.39,2705.01,3220.01,2952.88,10.349,"2026-05-02T11:59:36.502Z",52.974,2026-05-02 11:59:36.502,"2026-05-02 11:59","down"
53.229,2929.86,2703.9,3220.72,2953.69,10.363,"2026-05-02T11:59:36.502Z",53.229,2026-05-02 11:59:36.502,"2026-05-02 11:59","down"
53.483,2929.28,2703.33,3220.6,2953.68,10.364,"2026-05-02T11:59:36.502Z",53.483,2026-05-02 11:59:36.502,"2026-05-02 11:59","down"
53.737,2929.81,2703.53,3220.11,2953.41,10.361,"2026-05-02T11:59:36.502Z",53.737,2026-05-02 11:59:36.502,"2026-05-02 11:59","down"
53.991,2929.04,2702.84,3220.66,2953.88,10.36,"2026-05-02T11:59:36.502Z",53.991,2026-05-02 11:59:36.502,"2026-05-02 11:59","down"
54.245,2927.62,2701.81,3221.43,2954.38,10.363,"2026-05-02T11:59:36.502Z",54.245,2026-05-02 11:59:36.502,"2026-05-02 11:59","down"
54.5,2928.06,2702.06,3221.27,2954.32,10.361,"2026-05-02T11:59:36.502Z",54.5,2026-05-02 11:59:36.502,"2026-05-02 11:59","down"
54.754,2929.07,2702.84,3221.44,2954.65,10.361,"2026-05-02T11:59:36.502Z",54.754,2026-05-02 11:59:36.502,"2026-05-02 11:59","down"
55.008,2928.23,2702,3222.96,2955.87,10.354,"2026-05-02T11:59:36.502Z",55.008,2026-05-02 11:59:36.502,"2026-05-02 11:59","down"
55.262,2926.6,2700.37,3224,2956.65,10.345,"2026-05-02T11:59:36.502Z",55.262,2026-05-02 11:59:36.502,"2026-05-02 11:59","down"
55.516,2926.33,2699.96,3223.44,2956.35,10.346,"2026-05-02T11:59:36.502Z",55.516,2026-05-02 11:59:36.502,"2026-05-02 11:59","down"
55.771,2926.54,2700.2,3223.03,2956.26,10.356,"2026-05-02T11:59:36.502Z",55.771,2026-05-02 11:59:36.502,"2026-05-02 11:59","down"
56.025,2925.77,2699.64,3223.68,2956.83,10.36,"2026-05-02T11:59:36.502Z",56.025,2026-05-02 11:59:36.502,"2026-05-02 11:59","down"
56.279,2925.27,2699.14,3224.1,2957.03,10.353,"2026-05-02T11:59:36.502Z",56.279,2026-05-02 11:59:36.502,"2026-05-02 11:59","down"
56.533,2925.72,2699.32,3223.83,2956.72,10.345,"2026-05-02T11:59:36.502Z",56.533,2026-05-02 11:59:36.502,"2026-05-02 11:59","down"
56.787,2925.4,2699.06,3224.03,2956.92,10.346,"2026-05-02T11:59:36.502Z",56.787,2026-05-02 11:59:36.502,"2026-05-02 11:59","down"
57.042,2923.99,2698.08,3224.58,2957.51,10.358,"2026-05-02T11:59:36.502Z",57.042,2026-05-02 11:59:36.502,"2026-05-02 11:59","down"
57.296,2923.51,2697.6,3224.56,2957.67,10.362,"2026-05-02T11:59:36.502Z",57.296,2026-05-02 11:59:36.502,"2026-05-02 11:59","down"
57.55,2924.22,2697.89,3224.45,2957.67,10.354,"2026-05-02T11:59:36.502Z",57.55,2026-05-02 11:59:36.502,"2026-05-02 11:59","down"
57.804,2924.04,2697.64,3225.19,2958.21,10.347,"2026-05-02T11:59:36.502Z",57.804,2026-05-02 11:59:36.502,"2026-05-02 11:59","down"
58.058,2922.75,2696.61,3226.08,2958.85,10.347,"2026-05-02T11:59:36.502Z",58.058,2026-05-02 11:59:36.502,"2026-05-02 11:59","down"
58.313,2922.3,2696.15,3225.68,2958.7,10.352,"2026-05-02T11:59:36.502Z",58.313,2026-05-02 11:59:36.502,"2026-05-02 11:59","down"
58.567,2922.56,2696.34,3224.85,2958.29,10.36,"2026-05-02T11:59:36.502Z",58.567,2026-05-02 11:59:36.502,"2026-05-02 11:59","down"
58.821,2921.99,2696.03,3225.1,2958.75,10.373,"2026-05-02T11:59:36.502Z",58.821,2026-05-02 11:59:36.502,"2026-05-02 11:59","down"
59.075,2921.8,2695.7,3225.62,2959.29,10.37,"2026-05-02T11:59:36.502Z",59.075,2026-05-02 11:59:36.502,"2026-05-02 11:59","down"
59.329,2923.34,2696.66,3225.6,2959.34,10.358,"2026-05-02T11:59:36.502Z",59.329,2026-05-02 11:59:36.502,"2026-05-02 11:59","down"
59.584,2924.6,2697.77,3226.33,2960.19,10.361,"2026-05-02T11:59:36.502Z",59.584,2026-05-02 11:59:36.502,"2026-05-02 11:59","down"
59.838,2924.05,2697.45,3228.06,2961.87,10.37,"2026-05-02T11:59:36.502Z",59.838,2026-05-02 11:59:36.502,"2026-05-02 11:59","down"
60.092,2923.61,2697,3229.09,2962.79,10.368,"2026-05-02T11:59:36.502Z",60.092,2026-05-02 11:59:36.502,"2026-05-02 11:59","down"
60.346,2924.64,2697.76,3229.24,2962.95,10.362,"2026-05-02T11:59:36.502Z",60.346,2026-05-02 11:59:36.502,"2026-05-02 11:59","down"
60.6,2925.15,2698.31,3230.06,2963.73,10.366,"2026-05-02T11:59:36.502Z",60.6,2026-05-02 11:59:36.502,"2026-05-02 11:59","down"
60.855,2923.85,2697.46,3231.63,2965.08,10.374,"2026-05-02T11:59:36.502Z",60.855,2026-05-02 11:59:36.502,"2026-05-02 11:59","down"
61.109,2922.83,2696.63,3232.39,2965.72,10.376,"2026-05-02T11:59:36.502Z",61.109,2026-05-02 11:59:36.502,"2026-05-02 11:59","down"
61.363,2923.07,2696.69,3232.54,2965.77,10.368,"2026-05-02T11:59:36.502Z",61.363,2026-05-02 11:59:36.502,"2026-05-02 11:59","down"
61.617,2923.02,2696.58,3233.57,2966.56,10.362,"2026-05-02T11:59:36.502Z",61.617,2026-05-02 11:59:36.502,"2026-05-02 11:59","down"
61.871,2921.98,2695.85,3234.9,2967.63,10.365,"2026-05-02T11:59:36.502Z",61.871,2026-05-02 11:59:36.502,"2026-05-02 11:59","down"
62.126,2921.39,2695.22,3234.94,2967.74,10.364,"2026-05-02T11:59:36.502Z",62.126,2026-05-02 11:59:36.502,"2026-05-02 11:59","down"
62.38,2921.08,2694.75,3234.43,2967.51,10.365,"2026-05-02T11:59:36.502Z",62.38,2026-05-02 11:59:36.502,"2026-05-02 11:59","down"
62.634,2919.9,2693.67,3234.59,2967.89,10.372,"2026-05-02T11:59:36.502Z",62.634,2026-05-02 11:59:36.502,"2026-05-02 11:59","down"
62.888,2918.6,2692.4,3234.63,2968.03,10.373,"2026-05-02T11:59:36.502Z",62.888,2026-05-02 11:59:36.502,"2026-05-02 11:59","down"
63.142,2918.67,2692.25,3234.02,2967.6,10.37,"2026-05-02T11:59:36.502Z",63.142,2026-05-02 11:59:36.502,"2026-05-02 11:59","down"
63.397,2919.41,2692.72,3233.97,2967.66,10.366,"2026-05-02T11:59:36.502Z",63.397,2026-05-02 11:59:36.502,"2026-05-02 11:59","down"
63.651,2919.08,2692.47,3234.76,2968.34,10.367,"2026-05-02T11:59:36.502Z",63.651,2026-05-02 11:59:36.502,"2026-05-02 11:59","down"
63.905,2918.55,2692.07,3235.13,2968.75,10.371,"2026-05-02T11:59:36.502Z",63.905,2026-05-02 11:59:36.502,"2026-05-02 11:59","down"
64.159,2918.81,2692.42,3235.17,2968.91,10.378,"2026-05-02T11:59:36.502Z",64.159,2026-05-02 11:59:36.502,"2026-05-02 11:59","down"
64.413,2918.56,2692.34,3235.98,2969.62,10.382,"2026-05-02T11:59:36.502Z",64.413,2026-05-02 11:59:36.502,"2026-05-02 11:59","down"
64.668,2917.25,2691,3237.05,2970.55,10.376,"2026-05-02T11:59:36.502Z",64.668,2026-05-02 11:59:36.502,"2026-05-02 11:59","down"
64.922,2916.64,2690.2,3236.9,2970.56,10.373,"2026-05-02T11:59:36.502Z",64.922,2026-05-02 11:59:36.502,"2026-05-02 11:59","down"
65.176,2917.36,2690.73,3236.09,2970.05,10.376,"2026-05-02T11:59:36.502Z",65.176,2026-05-02 11:59:36.502,"2026-05-02 11:59","down"
65.43,2917.67,2691.02,3236.36,2970.52,10.382,"2026-05-02T11:59:36.502Z",65.43,2026-05-02 11:59:36.502,"2026-05-02 11:59","down"
65.684,2916.73,2689.97,3237.5,2971.65,10.378,"2026-05-02T11:59:36.502Z",65.684,2026-05-02 11:59:36.502,"2026-05-02 11:59","down"
65.939,2916.07,2689.16,3237.84,2971.87,10.37,"2026-05-02T11:59:36.502Z",65.939,2026-05-02 11:59:36.502,"2026-05-02 11:59","down"
66.193,2916.47,2689.58,3237.52,2971.48,10.369,"2026-05-02T11:59:36.502Z",66.193,2026-05-02 11:59:36.502,"2026-05-02 11:59","down"
66.447,2916.33,2689.43,3237.9,2971.8,10.367,"2026-05-02T11:59:36.502Z",66.447,2026-05-02 11:59:36.502,"2026-05-02 11:59","down"
66.701,2914.78,2688.18,3238.63,2972.44,10.372,"2026-05-02T11:59:36.502Z",66.701,2026-05-02 11:59:36.502,"2026-05-02 11:59","down"
66.955,2913.57,2687.28,3238.37,2972.31,10.382,"2026-05-02T11:59:36.502Z",66.955,2026-05-02 11:59:36.502,"2026-05-02 11:59","down"
67.21,2913.4,2687.01,3237.76,2972.02,10.386,"2026-05-02T11:59:36.502Z",67.21,2026-05-02 11:59:36.502,"2026-05-02 11:59","down"
67.464,2912.89,2686.39,3238.23,2972.48,10.382,"2026-05-02T11:59:36.502Z",67.464,2026-05-02 11:59:36.502,"2026-05-02 11:59","down"
67.718,2912.25,2685.76,3239.34,2973.27,10.374,"2026-05-02T11:59:36.502Z",67.718,2026-05-02 11:59:36.502,"2026-05-02 11:59","down"
67.972,2912.36,2686.05,3239.91,2973.58,10.374,"2026-05-02T11:59:36.502Z",67.972,2026-05-02 11:59:36.502,"2026-05-02 11:59","down"
68.226,2912.33,2686.03,3240.12,2973.71,10.372,"2026-05-02T11:59:36.502Z",68.226,2026-05-02 11:59:36.502,"2026-05-02 11:59","down"
68.481,2911.45,2685.14,3240.49,2974.16,10.373,"2026-05-02T11:59:36.502Z",68.481,2026-05-02 11:59:36.502,"2026-05-02 11:59","down"
68.735,2910.88,2684.52,3240.4,2974.32,10.377,"2026-05-02T11:59:36.502Z",68.735,2026-05-02 11:59:36.502,"2026-05-02 11:59","down"
68.989,2911.22,2684.56,3239.84,2974.06,10.376,"2026-05-02T11:59:36.502Z",68.989,2026-05-02 11:59:36.502,"2026-05-02 11:59","down"
69.243,2911.22,2684.49,3240.14,2974.28,10.372,"2026-05-02T11:59:36.502Z",69.243,2026-05-02 11:59:36.502,"2026-05-02 11:59","down"
69.497,2909.67,2683.52,3241.21,2975.09,10.381,"2026-05-02T11:59:36.502Z",69.497,2026-05-02 11:59:36.502,"2026-05-02 11:59","down"
69.752,2908.16,2682.16,3241.41,2975.4,10.386,"2026-05-02T11:59:36.502Z",69.752,2026-05-02 11:59:36.502,"2026-05-02 11:59","down"
70.006,2907.79,2681.71,3240.91,2975.17,10.389,"2026-05-02T11:59:36.502Z",70.006,2026-05-02 11:59:36.502,"2026-05-02 11:59","down"
70.26,2907.6,2681.18,3241,2975.26,10.378,"2026-05-02T11:59:36.502Z",70.26,2026-05-02 11:59:36.502,"2026-05-02 11:59","down"
70.514,2906.87,2680.21,3241.33,2975.44,10.366,"2026-05-02T11:59:36.502Z",70.514,2026-05-02 11:59:36.502,"2026-05-02 11:59","down"
70.768,2906.81,2680.17,3241.23,2975.24,10.363,"2026-05-02T11:59:36.502Z",70.768,2026-05-02 11:59:36.502,"2026-05-02 11:59","down"
71.023,2907.43,2680.62,3241.55,2975.7,10.364,"2026-05-02T11:59:36.502Z",71.023,2026-05-02 11:59:36.502,"2026-05-02 11:59","down"
71.277,2907,2680.51,3242.94,2977.35,10.383,"2026-05-02T11:59:36.502Z",71.277,2026-05-02 11:59:36.502,"2026-05-02 11:59","down"
71.531,2905.81,2679.83,3244.11,2978.64,10.402,"2026-05-02T11:59:36.502Z",71.531,2026-05-02 11:59:36.502,"2026-05-02 11:59","down"
71.785,2905.67,2679.66,3244.37,2978.79,10.399,"2026-05-02T11:59:36.502Z",71.785,2026-05-02 11:59:36.502,"2026-05-02 11:59","down"
72.039,2906.15,2679.81,3244.97,2979.08,10.382,"2026-05-02T11:59:36.502Z",72.039,2026-05-02 11:59:36.502,"2026-05-02 11:59","down"
72.294,2905.44,2678.95,3246.24,2980.01,10.369,"2026-05-02T11:59:36.502Z",72.294,2026-05-02 11:59:36.502,"2026-05-02 11:59","down"
72.548,2904.18,2677.87,3246.57,2980.31,10.372,"2026-05-02T11:59:36.502Z",72.548,2026-05-02 11:59:36.502,"2026-05-02 11:59","down"
72.802,2903.96,2677.58,3245.4,2979.44,10.375,"2026-05-02T11:59:36.502Z",72.802,2026-05-02 11:59:36.502,"2026-05-02 11:59","down"
73.056,2904.09,2677.71,3244.21,2978.61,10.382,"2026-05-02T11:59:36.502Z",73.056,2026-05-02 11:59:36.502,"2026-05-02 11:59","down"
73.31,2903.98,2677.64,3244.17,2978.65,10.386,"2026-05-02T11:59:36.502Z",73.31,2026-05-02 11:59:36.502,"2026-05-02 11:59","down"
73.565,2904.38,2677.99,3244.63,2979.03,10.383,"2026-05-02T11:59:36.502Z",73.565,2026-05-02 11:59:36.502,"2026-05-02 11:59","down"
73.819,2905.21,2678.73,3245.12,2979.47,10.383,"2026-05-02T11:59:36.502Z",73.819,2026-05-02 11:59:36.502,"2026-05-02 11:59","down"
74.073,2904.46,2678.18,3246.14,2980.57,10.392,"2026-05-02T11:59:36.502Z",74.073,2026-05-02 11:59:36.502,"2026-05-02 11:59","down"
74.327,2902.87,2676.45,3246.99,2981.57,10.389,"2026-05-02T11:59:36.502Z",74.327,2026-05-02 11:59:36.502,"2026-05-02 11:59","down"
74.581,2902.79,2676.05,3246.6,2981.31,10.382,"2026-05-02T11:59:36.502Z",74.581,2026-05-02 11:59:36.502,"2026-05-02 11:59","down"
74.836,2903.26,2676.57,3246.15,2980.98,10.387,"2026-05-02T11:59:36.502Z",74.836,2026-05-02 11:59:36.502,"2026-05-02 11:59","down"
75.09,2901.45,2675.19,3246.84,2981.49,10.393,"2026-05-02T11:59:36.502Z",75.09,2026-05-02 11:59:36.502,"2026-05-02 11:59","down"
75.344,2898.99,2672.91,3246.99,2981.38,10.385,"2026-05-02T11:59:36.502Z",75.344,2026-05-02 11:59:36.502,"2026-05-02 11:59","down"
75.598,2899.43,2673.05,3245.36,2980.03,10.381,"2026-05-02T11:59:36.502Z",75.598,2026-05-02 11:59:36.502,"2026-05-02 11:59","down"
75.852,2900.78,2674.33,3244.49,2979.58,10.392,"2026-05-02T11:59:36.502Z",75.852,2026-05-02 11:59:36.502,"2026-05-02 11:59","down"
76.107,2899.92,2673.81,3246.06,2981.14,10.404,"2026-05-02T11:59:36.502Z",76.107,2026-05-02 11:59:36.502,"2026-05-02 11:59","down"
76.361,2898.59,2672.53,3247.57,2982.54,10.403,"2026-05-02T11:59:36.502Z",76.361,2026-05-02 11:59:36.502,"2026-05-02 11:59","down"
76.615,2899.33,2672.6,3247.35,2982.48,10.388,"2026-05-02T11:59:36.502Z",76.615,2026-05-02 11:59:36.502,"2026-05-02 11:59","down"
76.869,2900.14,2673.24,3247.64,2982.78,10.385,"2026-05-02T11:59:36.502Z",76.869,2026-05-02 11:59:36.502,"2026-05-02 11:59","down"
77.123,2898.95,2672.67,3249.25,2984.04,10.395,"2026-05-02T11:59:36.502Z",77.123,2026-05-02 11:59:36.502,"2026-05-02 11:59","down"
77.378,2897.88,2671.79,3249.85,2984.5,10.396,"2026-05-02T11:59:36.502Z",77.378,2026-05-02 11:59:36.502,"2026-05-02 11:59","down"
77.632,2898.6,2672.11,3249,2984.04,10.394,"2026-05-02T11:59:36.502Z",77.632,2026-05-02 11:59:36.502,"2026-05-02 11:59","down"
77.886,2898.35,2672.01,3249.22,2984.5,10.406,"2026-05-02T11:59:36.502Z",77.886,2026-05-02 11:59:36.502,"2026-05-02 11:59","down"
78.14,2896.19,2670.3,3250.73,2985.75,10.411,"2026-05-02T11:59:36.502Z",78.14,2026-05-02 11:59:36.502,"2026-05-02 11:59","down"
78.394,2895.3,2669.35,3251.2,2986.04,10.403,"2026-05-02T11:59:36.502Z",78.394,2026-05-02 11:59:36.502,"2026-05-02 11:59","down"
78.649,2896.56,2670.22,3250.72,2985.64,10.395,"2026-05-02T11:59:36.502Z",78.649,2026-05-02 11:59:36.502,"2026-05-02 11:59","down"
78.903,2897.07,2670.53,3251.28,2986.11,10.389,"2026-05-02T11:59:36.502Z",78.903,2026-05-02 11:59:36.502,"2026-05-02 11:59","down"
79.157,2895.83,2669.37,3252.23,2986.99,10.388,"2026-05-02T11:59:36.502Z",79.157,2026-05-02 11:59:36.502,"2026-05-02 11:59","down"
79.411,2895.32,2668.96,3251.81,2986.83,10.396,"2026-05-02T11:59:36.502Z",79.411,2026-05-02 11:59:36.502,"2026-05-02 11:59","down"
79.665,2895.98,2669.52,3251.14,2986.29,10.397,"2026-05-02T11:59:36.502Z",79.665,2026-05-02 11:59:36.502,"2026-05-02 11:59","down"
79.92,2895.88,2669.28,3251.87,2986.74,10.386,"2026-05-02T11:59:36.502Z",79.92,2026-05-02 11:59:36.502,"2026-05-02 11:59","down"
80.174,2894.94,2668.41,3252.66,2987.42,10.385,"2026-05-02T11:59:36.502Z",80.174,2026-05-02 11:59:36.502,"2026-05-02 11:59","down"
80.428,2894.89,2668.33,3252.44,2987.37,10.388,"2026-05-02T11:59:36.502Z",80.428,2026-05-02 11:59:36.502,"2026-05-02 11:59","down"
80.682,2895.49,2668.64,3252.52,2987.43,10.38,"2026-05-02T11:59:36.502Z",80.682,2026-05-02 11:59:36.502,"2026-05-02 11:59","down"
80.936,2895.29,2668.21,3253.69,2988.42,10.37,"2026-05-02T11:59:36.502Z",80.936,2026-05-02 11:59:36.502,"2026-05-02 11:59","down"
81.191,2894.56,2667.66,3254.52,2989.25,10.375,"2026-05-02T11:59:36.502Z",81.191,2026-05-02 11:59:36.502,"2026-05-02 11:59","down"
81.445,2894.33,2667.65,3254.45,2989.37,10.387,"2026-05-02T11:59:36.502Z",81.445,2026-05-02 11:59:36.502,"2026-05-02 11:59","down"
81.699,2893.84,2667.21,3254.81,2989.87,10.392,"2026-05-02T11:59:36.502Z",81.699,2026-05-02 11:59:36.502,"2026-05-02 11:59","down"
81.953,2893.18,2666.29,3256.14,2991.01,10.38,"2026-05-02T11:59:36.502Z",81.953,2026-05-02 11:59:36.502,"2026-05-02 11:59","down"
82.207,2893.78,2666.44,3256.75,2991.57,10.367,"2026-05-02T11:59:36.502Z",82.207,2026-05-02 11:59:36.502,"2026-05-02 11:59","down"
82.462,2894.62,2667.23,3257.03,2991.69,10.364,"2026-05-02T11:59:36.502Z",82.462,2026-05-02 11:59:36.502,"2026-05-02 11:59","down"
82.716,2891.52,2665.2,3257.03,2992.28,10.407,"2026-05-02T11:59:36.502Z",82.716,2026-05-02 11:59:36.502,"2026-05-02 11:59","down"
82.97,2857.85,2639.69,3253.86,2993.95,10.709,"2026-05-02T11:59:36.502Z",82.97,2026-05-02 11:59:36.502,"2026-05-02 11:59","down"
83.224,2750.54,2551.39,3262.19,3010.63,11.316,"2026-05-02T11:59:36.502Z",83.224,2026-05-02 11:59:36.502,"2026-05-02 11:59","down"
83.478,2632.25,2445.82,3326.9,3076.5,11.626,"2026-05-02T11:59:36.502Z",83.478,2026-05-02 11:59:36.502,"2026-05-02 11:59","down"
83.733,2581.18,2393.53,3459.16,3194.67,11.348,"2026-05-02T11:59:36.502Z",83.267,2026-05-02 11:59:36.502,"2026-05-02 11:59","up"
83.987,2579.4,2383.88,3579.72,3295.28,10.795,"2026-05-02T11:59:36.502Z",83.013,2026-05-02 11:59:36.502,"2026-05-02 11:59","up"
84.241,2581.8,2382.9,3629.46,3334.49,10.519,"2026-05-02T11:59:36.502Z",82.759,2026-05-02 11:59:36.502,"2026-05-02 11:59","up"
84.495,2581.24,2381.9,3637.04,3340.02,10.466,"2026-05-02T11:59:36.502Z",82.505,2026-05-02 11:59:36.502,"2026-05-02 11:59","up"
84.749,2581.2,2382.21,3636.02,3339.11,10.479,"2026-05-02T11:59:36.502Z",82.251,2026-05-02 11:59:36.502,"2026-05-02 11:59","up"
85.004,2581.47,2382.17,3635.29,3338.6,10.473,"2026-05-02T11:59:36.502Z",81.996,2026-05-02 11:59:36.502,"2026-05-02 11:59","up"
85.258,2580.38,2381.11,3635.72,3339.07,10.473,"2026-05-02T11:59:36.502Z",81.742,2026-05-02 11:59:36.502,"2026-05-02 11:59","up"
85.512,2580.32,2381.03,3636.04,3339.45,10.474,"2026-05-02T11:59:36.502Z",81.488,2026-05-02 11:59:36.502,"2026-05-02 11:59","up"
85.766,2580.97,2381.36,3636.72,3340.02,10.463,"2026-05-02T11:59:36.502Z",81.234,2026-05-02 11:59:36.502,"2026-05-02 11:59","up"
86.02,2580.72,2381.02,3638.31,3341.18,10.452,"2026-05-02T11:59:36.502Z",80.98,2026-05-02 11:59:36.502,"2026-05-02 11:59","up"
86.275,2579.78,2380.43,3639.06,3341.88,10.462,"2026-05-02T11:59:36.502Z",80.725,2026-05-02 11:59:36.502,"2026-05-02 11:59","up"
86.529,2579.85,2380.52,3638.32,3341.8,10.478,"2026-05-02T11:59:36.502Z",80.471,2026-05-02 11:59:36.502,"2026-05-02 11:59","up"
86.783,2580.28,2380.8,3638.35,3342.16,10.482,"2026-05-02T11:59:36.502Z",80.217,2026-05-02 11:59:36.502,"2026-05-02 11:59","up"
87.037,2580.03,2380.47,3640.16,3343.68,10.475,"2026-05-02T11:59:36.502Z",79.963,2026-05-02 11:59:36.502,"2026-05-02 11:59","up"
87.291,2579.86,2380.32,3641.7,3345.05,10.474,"2026-05-02T11:59:36.502Z",79.709,2026-05-02 11:59:36.502,"2026-05-02 11:59","up"
87.546,2580.25,2380.97,3642.07,3345.58,10.489,"2026-05-02T11:59:36.502Z",79.454,2026-05-02 11:59:36.502,"2026-05-02 11:59","up"
87.8,2580.23,2381.18,3642.91,3346.48,10.5,"2026-05-02T11:59:36.502Z",79.2,2026-05-02 11:59:36.502,"2026-05-02 11:59","up"
88.054,2579.02,2379.99,3644.13,3347.55,10.497,"2026-05-02T11:59:36.502Z",78.946,2026-05-02 11:59:36.502,"2026-05-02 11:59","up"
88.308,2578.32,2379.08,3643.86,3347.38,10.489,"2026-05-02T11:59:36.502Z",78.692,2026-05-02 11:59:36.502,"2026-05-02 11:59","up"
88.562,2578.59,2379.38,3642.98,3346.83,10.498,"2026-05-02T11:59:36.502Z",78.438,2026-05-02 11:59:36.502,"2026-05-02 11:59","up"
88.817,2578.23,2379.31,3643.62,3347.61,10.511,"2026-05-02T11:59:36.502Z",78.183,2026-05-02 11:59:36.502,"2026-05-02 11:59","up"
89.071,2577.35,2378.39,3644.87,3348.6,10.504,"2026-05-02T11:59:36.502Z",77.929,2026-05-02 11:59:36.502,"2026-05-02 11:59","up"
89.325,2577.94,2378.42,3645.09,3348.62,10.481,"2026-05-02T11:59:36.502Z",77.675,2026-05-02 11:59:36.502,"2026-05-02 11:59","up"
89.579,2579,2379.35,3645.61,3349.02,10.477,"2026-05-02T11:59:36.502Z",77.421,2026-05-02 11:59:36.502,"2026-05-02 11:59","up"
89.833,2578.44,2379.15,3647.49,3350.65,10.486,"2026-05-02T11:59:36.502Z",77.167,2026-05-02 11:59:36.502,"2026-05-02 11:59","up"
90.088,2577.17,2377.82,3648.63,3351.7,10.481,"2026-05-02T11:59:36.502Z",76.912,2026-05-02 11:59:36.502,"2026-05-02 11:59","up"
90.342,2577.29,2377.44,3647.74,3351.06,10.468,"2026-05-02T11:59:36.502Z",76.658,2026-05-02 11:59:36.502,"2026-05-02 11:59","up"
90.596,2577.79,2377.91,3647.11,3350.8,10.476,"2026-05-02T11:59:36.502Z",76.404,2026-05-02 11:59:36.502,"2026-05-02 11:59","up"
90.85,2576.7,2377.27,3648.26,3351.93,10.491,"2026-05-02T11:59:36.502Z",76.15,2026-05-02 11:59:36.502,"2026-05-02 11:59","up"
91.104,2575.87,2376.57,3649.11,3352.51,10.488,"2026-05-02T11:59:36.502Z",75.896,2026-05-02 11:59:36.502,"2026-05-02 11:59","up"
91.359,2576.54,2376.97,3648.53,3352.06,10.482,"2026-05-02T11:59:36.502Z",75.641,2026-05-02 11:59:36.502,"2026-05-02 11:59","up"
91.613,2576.7,2377.15,3648.67,3352.41,10.489,"2026-05-02T11:59:36.502Z",75.387,2026-05-02 11:59:36.502,"2026-05-02 11:59","up"
91.867,2575.09,2375.77,3649.94,3353.57,10.493,"2026-05-02T11:59:36.502Z",75.133,2026-05-02 11:59:36.502,"2026-05-02 11:59","up"
92.121,2573.67,2374.35,3650.07,3353.59,10.486,"2026-05-02T11:59:36.502Z",74.879,2026-05-02 11:59:36.502,"2026-05-02 11:59","up"
92.375,2573.38,2374.02,3648.79,3352.44,10.485,"2026-05-02T11:59:36.502Z",74.625,2026-05-02 11:59:36.502,"2026-05-02 11:59","up"
92.63,2572.72,2373.28,3648.11,3351.85,10.481,"2026-05-02T11:59:36.502Z",74.37,2026-05-02 11:59:36.502,"2026-05-02 11:59","up"
92.884,2571.14,2371.69,3648.06,3351.65,10.473,"2026-05-02T11:59:36.502Z",74.116,2026-05-02 11:59:36.502,"2026-05-02 11:59","up"
93.138,2570.15,2370.8,3646.86,3350.53,10.473,"2026-05-02T11:59:36.502Z",73.862,2026-05-02 11:59:36.502,"2026-05-02 11:59","up"
93.392,2570.39,2371,3645.12,3349.11,10.477,"2026-05-02T11:59:36.502Z",73.608,2026-05-02 11:59:36.502,"2026-05-02 11:59","up"
93.646,2570.47,2371.1,3644.72,3348.94,10.483,"2026-05-02T11:59:36.502Z",73.354,2026-05-02 11:59:36.502,"2026-05-02 11:59","up"
93.901,2569.77,2370.35,3645.36,3349.7,10.483,"2026-05-02T11:59:36.502Z",73.099,2026-05-02 11:59:36.502,"2026-05-02 11:59","up"
94.155,2569.7,2370.14,3645.54,3350.17,10.485,"2026-05-02T11:59:36.502Z",72.845,2026-05-02 11:59:36.502,"2026-05-02 11:59","up"
94.409,2570.12,2370.59,3645.71,3350.68,10.497,"2026-05-02T11:59:36.502Z",72.591,2026-05-02 11:59:36.502,"2026-05-02 11:59","up"
94.663,2569.47,2370.09,3647.14,3351.93,10.499,"2026-05-02T11:59:36.502Z",72.337,2026-05-02 11:59:36.502,"2026-05-02 11:59","up"
94.917,2568.35,2369.04,3648.64,3352.91,10.488,"2026-05-02T11:59:36.502Z",72.083,2026-05-02 11:59:36.502,"2026-05-02 11:59","up"
95.172,2568.36,2369.1,3648.66,3352.82,10.487,"2026-05-02T11:59:36.502Z",71.828,2026-05-02 11:59:36.502,"2026-05-02 11:59","up"
95.426,2568.62,2369.34,3648.54,3352.95,10.493,"2026-05-02T11:59:36.502Z",71.574,2026-05-02 11:59:36.502,"2026-05-02 11:59","up"
95.68,2568.03,2368.39,3649.55,3353.93,10.48,"2026-05-02T11:59:36.502Z",71.32,2026-05-02 11:59:36.502,"2026-05-02 11:59","up"
95.934,2567.62,2367.6,3650.37,3354.5,10.461,"2026-05-02T11:59:36.502Z",71.066,2026-05-02 11:59:36.502,"2026-05-02 11:59","up"
96.188,2568.12,2368.36,3650.59,3354.69,10.471,"2026-05-02T11:59:36.502Z",70.812,2026-05-02 11:59:36.502,"2026-05-02 11:59","up"
96.443,2568.11,2368.57,3651.65,3355.92,10.485,"2026-05-02T11:59:36.502Z",70.557,2026-05-02 11:59:36.502,"2026-05-02 11:59","up"
96.697,2566.91,2367.24,3653.2,3357.47,10.481,"2026-05-02T11:59:36.502Z",70.303,2026-05-02 11:59:36.502,"2026-05-02 11:59","up"
96.951,2566.41,2366.45,3653.23,3357.41,10.467,"2026-05-02T11:59:36.502Z",70.049,2026-05-02 11:59:36.502,"2026-05-02 11:59","up"
97.205,2566.79,2366.85,3652.13,3356.42,10.469,"2026-05-02T11:59:36.502Z",69.795,2026-05-02 11:59:36.502,"2026-05-02 11:59","up"
97.459,2566.36,2366.58,3652.07,3356.32,10.472,"2026-05-02T11:59:36.502Z",69.541,2026-05-02 11:59:36.502,"2026-05-02 11:59","up"
97.714,2565.12,2365.47,3652.91,3356.84,10.467,"2026-05-02T11:59:36.502Z",69.286,2026-05-02 11:59:36.502,"2026-05-02 11:59","up"
97.968,2565.08,2365.19,3652.89,3356.93,10.461,"2026-05-02T11:59:36.502Z",69.032,2026-05-02 11:59:36.502,"2026-05-02 11:59","up"
98.222,2565.73,2365.66,3652.75,3357.2,10.467,"2026-05-02T11:59:36.502Z",68.778,2026-05-02 11:59:36.502,"2026-05-02 11:59","up"
98.476,2565.12,2365,3654.34,3358.7,10.465,"2026-05-02T11:59:36.502Z",68.524,2026-05-02 11:59:36.502,"2026-05-02 11:59","up"
98.73,2563.75,2363.7,3656.17,3360.28,10.46,"2026-05-02T11:59:36.502Z",68.27,2026-05-02 11:59:36.502,"2026-05-02 11:59","up"
98.985,2563.87,2363.87,3656.3,3360.51,10.466,"2026-05-02T11:59:36.502Z",68.015,2026-05-02 11:59:36.502,"2026-05-02 11:59","up"
99.239,2564.74,2364.7,3656.6,3360.92,10.47,"2026-05-02T11:59:36.502Z",67.761,2026-05-02 11:59:36.502,"2026-05-02 11:59","up"
99.493,2564.33,2364.07,3658.43,3362.42,10.456,"2026-05-02T11:59:36.502Z",67.507,2026-05-02 11:59:36.502,"2026-05-02 11:59","up"
99.747,2563.46,2363.08,3659.65,3363.22,10.442,"2026-05-02T11:59:36.502Z",67.253,2026-05-02 11:59:36.502,"2026-05-02 11:59","up"
100.001,2563.96,2363.56,3659.29,3362.95,10.444,"2026-05-02T11:59:36.502Z",66.999,2026-05-02 11:59:36.502,"2026-05-02 11:59","up"
100.256,2564.65,2364.21,3659.52,3363.48,10.452,"2026-05-02T11:59:36.502Z",66.744,2026-05-02 11:59:36.502,"2026-05-02 11:59","up"
100.51,2563.94,2363.74,3661.26,3365.38,10.466,"2026-05-02T11:59:36.502Z",66.49,2026-05-02 11:59:36.502,"2026-05-02 11:59","up"
100.764,2563.49,2363.26,3662.6,3366.73,10.467,"2026-05-02T11:59:36.502Z",66.236,2026-05-02 11:59:36.502,"2026-05-02 11:59","up"
101.018,2564.53,2364.07,3663.07,3367.14,10.461,"2026-05-02T11:59:36.502Z",65.982,2026-05-02 11:59:36.502,"2026-05-02 11:59","up"
101.272,2564.91,2364.62,3664.55,3368.27,10.463,"2026-05-02T11:59:36.502Z",65.728,2026-05-02 11:59:36.502,"2026-05-02 11:59","up"
101.526,2563.95,2363.75,3666.54,3369.82,10.456,"2026-05-02T11:59:36.502Z",65.474,2026-05-02 11:59:36.502,"2026-05-02 11:59","up"
101.781,2563.88,2363.47,3666.67,3370.03,10.451,"2026-05-02T11:59:36.502Z",65.219,2026-05-02 11:59:36.502,"2026-05-02 11:59","up"
102.035,2564.58,2364.2,3665.88,3369.73,10.464,"2026-05-02T11:59:36.502Z",64.965,2026-05-02 11:59:36.502,"2026-05-02 11:59","up"
102.289,2563.59,2363.54,3666.79,3370.82,10.479,"2026-05-02T11:59:36.502Z",64.711,2026-05-02 11:59:36.502,"2026-05-02 11:59","up"
102.543,2561.36,2361.25,3668.18,3371.89,10.466,"2026-05-02T11:59:36.502Z",64.457,2026-05-02 11:59:36.502,"2026-05-02 11:59","up"
102.797,2560.73,2360.37,3667.39,3371.03,10.452,"2026-05-02T11:59:36.502Z",64.203,2026-05-02 11:59:36.502,"2026-05-02 11:59","up"
103.052,2561.8,2361.35,3666.06,3370.04,10.458,"2026-05-02T11:59:36.502Z",63.948,2026-05-02 11:59:36.502,"2026-05-02 11:59","up"
103.306,2561.96,2361.66,3666.81,3370.97,10.469,"2026-05-02T11:59:36.502Z",63.694,2026-05-02 11:59:36.502,"2026-05-02 11:59","up"
103.56,2561.02,2360.81,3668.37,3372.48,10.472,"2026-05-02T11:59:36.502Z",63.44,2026-05-02 11:59:36.502,"2026-05-02 11:59","up"
103.814,2561.08,2360.53,3668.62,3372.94,10.466,"2026-05-02T11:59:36.502Z",63.186,2026-05-02 11:59:36.502,"2026-05-02 11:59","up"
104.068,2561.66,2361.08,3668.95,3373.36,10.469,"2026-05-02T11:59:36.502Z",62.932,2026-05-02 11:59:36.502,"2026-05-02 11:59","up"
104.323,2560.96,2360.78,3670.61,3374.75,10.478,"2026-05-02T11:59:36.502Z",62.677,2026-05-02 11:59:36.502,"2026-05-02 11:59","up"
104.577,2560.17,2359.8,3671.88,3375.66,10.463,"2026-05-02T11:59:36.502Z",62.423,2026-05-02 11:59:36.502,"2026-05-02 11:59","up"
104.831,2560.93,2360.01,3671.48,3375.24,10.444,"2026-05-02T11:59:36.502Z",62.169,2026-05-02 11:59:36.502,"2026-05-02 11:59","up"
105.085,2561.93,2360.89,3671.33,3375.27,10.446,"2026-05-02T11:59:36.502Z",61.915,2026-05-02 11:59:36.502,"2026-05-02 11:59","up"
105.339,2561.33,2360.59,3672.97,3376.78,10.456,"2026-05-02T11:59:36.502Z",61.661,2026-05-02 11:59:36.502,"2026-05-02 11:59","up"
105.594,2560.53,2359.94,3674.41,3378.08,10.458,"2026-05-02T11:59:36.502Z",61.406,2026-05-02 11:59:36.502,"2026-05-02 11:59","up"
105.848,2560.96,2360.44,3674.4,3378.34,10.468,"2026-05-02T11:59:36.502Z",61.152,2026-05-02 11:59:36.502,"2026-05-02 11:59","up"
106.102,2561.33,2360.74,3674.91,3378.97,10.471,"2026-05-02T11:59:36.502Z",60.898,2026-05-02 11:59:36.502,"2026-05-02 11:59","up"
106.356,2560.35,2359.75,3676.41,3380,10.459,"2026-05-02T11:59:36.502Z",60.644,2026-05-02 11:59:36.502,"2026-05-02 11:59","up"
106.61,2559.8,2359.21,3676.75,3380.07,10.452,"2026-05-02T11:59:36.502Z",60.39,2026-05-02 11:59:36.502,"2026-05-02 11:59","up"
106.865,2560.32,2359.59,3676.12,3379.69,10.454,"2026-05-02T11:59:36.502Z",60.135,2026-05-02 11:59:36.502,"2026-05-02 11:59","up"
107.119,2560,2359.37,3676.5,3380.17,10.459,"2026-05-02T11:59:36.502Z",59.881,2026-05-02 11:59:36.502,"2026-05-02 11:59","up"
107.373,2559.02,2358.47,3677.23,3380.82,10.459,"2026-05-02T11:59:36.502Z",59.627,2026-05-02 11:59:36.502,"2026-05-02 11:59","up"
107.627,2558.81,2357.85,3676.78,3380.44,10.445,"2026-05-02T11:59:36.502Z",59.373,2026-05-02 11:59:36.502,"2026-05-02 11:59","up"
107.881,2558.46,2357.61,3676.11,3380.02,10.452,"2026-05-02T11:59:36.502Z",59.119,2026-05-02 11:59:36.502,"2026-05-02 11:59","up"
108.136,2556.93,2356.73,3676.5,3380.54,10.475,"2026-05-02T11:59:36.502Z",58.864,2026-05-02 11:59:36.502,"2026-05-02 11:59","up"
108.39,2556.01,2355.82,3676.6,3380.7,10.475,"2026-05-02T11:59:36.502Z",58.61,2026-05-02 11:59:36.502,"2026-05-02 11:59","up"
108.644,2556.74,2356.17,3675.92,3380.1,10.464,"2026-05-02T11:59:36.502Z",58.356,2026-05-02 11:59:36.502,"2026-05-02 11:59","up"
108.898,2557.38,2356.57,3676.45,3380.46,10.454,"2026-05-02T11:59:36.502Z",58.102,2026-05-02 11:59:36.502,"2026-05-02 11:59","up"
109.152,2556.78,2355.86,3678.33,3381.86,10.44,"2026-05-02T11:59:36.502Z",57.848,2026-05-02 11:59:36.502,"2026-05-02 11:59","up"
109.407,2556.37,2355.49,3678.88,3382.33,10.44,"2026-05-02T11:59:36.502Z",57.593,2026-05-02 11:59:36.502,"2026-05-02 11:59","up"
109.661,2557.08,2356.18,3677.93,3381.56,10.444,"2026-05-02T11:59:36.502Z",57.339,2026-05-02 11:59:36.502,"2026-05-02 11:59","up"
109.915,2557.39,2356.33,3677.77,3381.39,10.438,"2026-05-02T11:59:36.502Z",57.085,2026-05-02 11:59:36.502,"2026-05-02 11:59","up"
110.169,2556.22,2355.24,3678.59,3382.11,10.437,"2026-05-02T11:59:36.502Z",56.831,2026-05-02 11:59:36.502,"2026-05-02 11:59","up"
110.423,2555.15,2354.32,3678.66,3382.04,10.436,"2026-05-02T11:59:36.502Z",56.577,2026-05-02 11:59:36.502,"2026-05-02 11:59","up"
110.678,2555.44,2354.31,3677.98,3381.34,10.424,"2026-05-02T11:59:36.502Z",56.322,2026-05-02 11:59:36.502,"2026-05-02 11:59","up"
110.932,2555.06,2353.68,3678.23,3381.84,10.421,"2026-05-02T11:59:36.502Z",56.068,2026-05-02 11:59:36.502,"2026-05-02 11:59","up"
111.186,2553.43,2352.23,3679.1,3382.92,10.43,"2026-05-02T11:59:36.502Z",55.814,2026-05-02 11:59:36.502,"2026-05-02 11:59","up"
111.44,2553.13,2351.95,3678.76,3382.72,10.433,"2026-05-02T11:59:36.502Z",55.56,2026-05-02 11:59:36.502,"2026-05-02 11:59","up"
111.694,2554.38,2352.86,3678.35,3382.46,10.427,"2026-05-02T11:59:36.502Z",55.306,2026-05-02 11:59:36.502,"2026-05-02 11:59","up"
111.949,2554.42,2352.85,3679.75,3383.97,10.43,"2026-05-02T11:59:36.502Z",55.051,2026-05-02 11:59:36.502,"2026-05-02 11:59","up"
112.203,2553.51,2352.13,3681.45,3385.58,10.436,"2026-05-02T11:59:36.502Z",54.797,2026-05-02 11:59:36.502,"2026-05-02 11:59","up"
112.457,2554.14,2352.64,3681.39,3385.68,10.437,"2026-05-02T11:59:36.502Z",54.543,2026-05-02 11:59:36.502,"2026-05-02 11:59","up"
112.711,2555.07,2353.59,3681.46,3386.03,10.448,"2026-05-02T11:59:36.502Z",54.289,2026-05-02 11:59:36.502,"2026-05-02 11:59","up"
112.965,2553.86,2352.74,3683.23,3387.54,10.454,"2026-05-02T11:59:36.502Z",54.035,2026-05-02 11:59:36.502,"2026-05-02 11:59","up"
113.22,2552.12,2351.12,3684.13,3388.07,10.446,"2026-05-02T11:59:36.502Z",53.78,2026-05-02 11:59:36.502,"2026-05-02 11:59","up"
113.474,2552.33,2351.24,3682.9,3387.02,10.446,"2026-05-02T11:59:36.502Z",53.526,2026-05-02 11:59:36.502,"2026-05-02 11:59","up"
113.728,2553.09,2352.03,3682.29,3386.86,10.459,"2026-05-02T11:59:36.502Z",53.272,2026-05-02 11:59:36.502,"2026-05-02 11:59","up"
113.982,2552.14,2351.25,3683.61,3388.22,10.466,"2026-05-02T11:59:36.502Z",53.018,2026-05-02 11:59:36.502,"2026-05-02 11:59","up"
114.236,2550.81,2349.9,3684.21,3388.68,10.459,"2026-05-02T11:59:36.502Z",52.764,2026-05-02 11:59:36.502,"2026-05-02 11:59","up"
114.491,2550.85,2349.76,3682.99,3387.5,10.451,"2026-05-02T11:59:36.502Z",52.509,2026-05-02 11:59:36.502,"2026-05-02 11:59","up"
114.745,2550.91,2349.92,3682.4,3386.83,10.452,"2026-05-02T11:59:36.502Z",52.255,2026-05-02 11:59:36.502,"2026-05-02 11:59","up"
114.999,2549.86,2348.77,3683.21,3387.56,10.445,"2026-05-02T11:59:36.502Z",52.001,2026-05-02 11:59:36.502,"2026-05-02 11:59","up"
115.253,2548.93,2347.66,3683.65,3388.1,10.439,"2026-05-02T11:59:36.502Z",51.747,2026-05-02 11:59:36.502,"2026-05-02 11:59","up"
115.507,2549.14,2347.88,3683.32,3387.85,10.441,"2026-05-02T11:59:36.502Z",51.493,2026-05-02 11:59:36.502,"2026-05-02 11:59","up"
115.762,2549.2,2348.01,3683.55,3388.07,10.444,"2026-05-02T11:59:36.502Z",51.238,2026-05-02 11:59:36.502,"2026-05-02 11:59","up"
116.016,2548.49,2347.3,3684.34,3388.96,10.446,"2026-05-02T11:59:36.502Z",50.984,2026-05-02 11:59:36.502,"2026-05-02 11:59","up"
116.27,2548.34,2347.12,3684.57,3389.3,10.448,"2026-05-02T11:59:36.502Z",50.73,2026-05-02 11:59:36.502,"2026-05-02 11:59","up"
116.524,2548.79,2347.5,3684.74,3389.52,10.448,"2026-05-02T11:59:36.502Z",50.476,2026-05-02 11:59:36.502,"2026-05-02 11:59","up"
116.778,2548.1,2346.93,3685.9,3390.44,10.447,"2026-05-02T11:59:36.502Z",50.222,2026-05-02 11:59:36.502,"2026-05-02 11:59","up"
117.033,2546.79,2345.83,3686.53,3390.94,10.449,"2026-05-02T11:59:36.502Z",49.967,2026-05-02 11:59:36.502,"2026-05-02 11:59","up"
117.287,2547.35,2346.02,3685.78,3390.53,10.444,"2026-05-02T11:59:36.502Z",49.713,2026-05-02 11:59:36.502,"2026-05-02 11:59","up"
117.541,2548.69,2347,3685.95,3391.04,10.444,"2026-05-02T11:59:36.502Z",49.459,2026-05-02 11:59:36.502,"2026-05-02 11:59","up"
117.795,2548.58,2346.96,3688.09,3392.97,10.445,"2026-05-02T11:59:36.502Z",49.205,2026-05-02 11:59:36.502,"2026-05-02 11:59","up"
118.049,2548.4,2346.7,3689.95,3394.4,10.435,"2026-05-02T11:59:36.502Z",48.951,2026-05-02 11:59:36.502,"2026-05-02 11:59","up"
118.304,2549.32,2347.48,3690.3,3394.87,10.436,"2026-05-02T11:59:36.502Z",48.696,2026-05-02 11:59:36.502,"2026-05-02 11:59","up"
118.558,2550,2348.11,3691.21,3396.1,10.446,"2026-05-02T11:59:36.502Z",48.442,2026-05-02 11:59:36.502,"2026-05-02 11:59","up"
118.812,2549.42,2347.67,3693.25,3398,10.45,"2026-05-02T11:59:36.502Z",48.188,2026-05-02 11:59:36.502,"2026-05-02 11:59","up"
119.066,2548.69,2347.25,3694.46,3398.8,10.451,"2026-05-02T11:59:36.502Z",47.934,2026-05-02 11:59:36.502,"2026-05-02 11:59","up"
119.32,2548.83,2347.44,3694.47,3398.54,10.447,"2026-05-02T11:59:36.502Z",47.68,2026-05-02 11:59:36.502,"2026-05-02 11:59","up"
119.575,2548.63,2347.06,3694.73,3398.71,10.438,"2026-05-02T11:59:36.502Z",47.425,2026-05-02 11:59:36.502,"2026-05-02 11:59","up"
119.829,2547.37,2345.7,3695.26,3399.32,10.434,"2026-05-02T11:59:36.502Z",47.171,2026-05-02 11:59:36.502,"2026-05-02 11:59","up"
120.083,2546.84,2345.03,3694.83,3399.07,10.431,"2026-05-02T11:59:36.502Z",46.917,2026-05-02 11:59:36.502,"2026-05-02 11:59","up"
120.337,2547.6,2345.69,3694.05,3398.51,10.433,"2026-05-02T11:59:36.502Z",46.663,2026-05-02 11:59:36.502,"2026-05-02 11:59","up"
120.591,2547.43,2345.63,3694.82,3399.4,10.441,"2026-05-02T11:59:36.502Z",46.409,2026-05-02 11:59:36.502,"2026-05-02 11:59","up"
120.846,2545.62,2344.23,3696.62,3401.03,10.45,"2026-05-02T11:59:36.502Z",46.154,2026-05-02 11:59:36.502,"2026-05-02 11:59","up"
121.1,2544.2,2343.12,3697.16,3401.31,10.452,"2026-05-02T11:59:36.502Z",45.9,2026-05-02 11:59:36.502,"2026-05-02 11:59","up"
121.354,2543.87,2342.56,3696.53,3400.53,10.438,"2026-05-02T11:59:36.502Z",45.646,2026-05-02 11:59:36.502,"2026-05-02 11:59","up"
121.608,2543.6,2342.16,3696.14,3400.22,10.434,"2026-05-02T11:59:36.502Z",45.392,2026-05-02 11:59:36.502,"2026-05-02 11:59","up"
121.862,2543.53,2341.82,3695.58,3399.99,10.431,"2026-05-02T11:59:36.502Z",45.138,2026-05-02 11:59:36.502,"2026-05-02 11:59","up"
122.117,2544.11,2342.29,3694.88,3399.78,10.439,"2026-05-02T11:59:36.502Z",44.883,2026-05-02 11:59:36.502,"2026-05-02 11:59","up"
122.371,2544.21,2342.55,3695.76,3400.72,10.449,"2026-05-02T11:59:36.502Z",44.629,2026-05-02 11:59:36.502,"2026-05-02 11:59","up"
122.625,2543.24,2341.68,3697.74,3402.24,10.442,"2026-05-02T11:59:36.502Z",44.375,2026-05-02 11:59:36.502,"2026-05-02 11:59","up"
122.879,2543.03,2341.31,3698.2,3402.53,10.432,"2026-05-02T11:59:36.502Z",44.121,2026-05-02 11:59:36.502,"2026-05-02 11:59","up"
123.133,2544.43,2342.42,3697.6,3402.21,10.432,"2026-05-02T11:59:36.502Z",43.867,2026-05-02 11:59:36.502,"2026-05-02 11:59","up"
123.388,2545.14,2343.17,3698.47,3403.23,10.441,"2026-05-02T11:59:36.502Z",43.612,2026-05-02 11:59:36.502,"2026-05-02 11:59","up"
123.642,2544.2,2342.6,3700.57,3405.25,10.453,"2026-05-02T11:59:36.502Z",43.358,2026-05-02 11:59:36.502,"2026-05-02 11:59","up"
123.896,2543.95,2342.3,3701.75,3406.35,10.451,"2026-05-02T11:59:36.502Z",43.104,2026-05-02 11:59:36.502,"2026-05-02 11:59","up"
124.15,2544.56,2342.6,3702.35,3406.87,10.441,"2026-05-02T11:59:36.502Z",42.85,2026-05-02 11:59:36.502,"2026-05-02 11:59","up"
124.404,2544,2341.87,3703.73,3407.92,10.428,"2026-05-02T11:59:36.502Z",42.596,2026-05-02 11:59:36.502,"2026-05-02 11:59","up"
124.659,2542.46,2340.4,3704.53,3408.36,10.419,"2026-05-02T11:59:36.502Z",42.341,2026-05-02 11:59:36.502,"2026-05-02 11:59","up"
124.913,2542.45,2340.29,3703.53,3407.5,10.417,"2026-05-02T11:59:36.502Z",42.087,2026-05-02 11:59:36.502,"2026-05-02 11:59","up"
125.167,2543.18,2341.16,3702.96,3407.17,10.428,"2026-05-02T11:59:36.502Z",41.833,2026-05-02 11:59:36.502,"2026-05-02 11:59","up"
125.421,2542.45,2340.73,3704.43,3408.36,10.433,"2026-05-02T11:59:36.502Z",41.579,2026-05-02 11:59:36.502,"2026-05-02 11:59","up"
125.675,2540.76,2339.12,3705.59,3409.12,10.424,"2026-05-02T11:59:36.502Z",41.325,2026-05-02 11:59:36.502,"2026-05-02 11:59","up"
125.93,2540.25,2338.53,3704.76,3408.52,10.423,"2026-05-02T11:59:36.502Z",41.07,2026-05-02 11:59:36.502,"2026-05-02 11:59","up"
126.184,2540.46,2338.67,3704.06,3408.31,10.432,"2026-05-02T11:59:36.502Z",40.816,2026-05-02 11:59:36.502,"2026-05-02 11:59","up"
126.438,2540.17,2338,3704.83,3409.27,10.424,"2026-05-02T11:59:36.502Z",40.562,2026-05-02 11:59:36.502,"2026-05-02 11:59","up"
126.692,2539.54,2337.42,3705.38,3409.93,10.428,"2026-05-02T11:59:36.502Z",40.308,2026-05-02 11:59:36.502,"2026-05-02 11:59","up"
126.946,2539.75,2337.87,3704.99,3409.82,10.443,"2026-05-02T11:59:36.502Z",40.054,2026-05-02 11:59:36.502,"2026-05-02 11:59","up"
127.201,2540.06,2338.19,3705.52,3410.39,10.446,"2026-05-02T11:59:36.502Z",39.799,2026-05-02 11:59:36.502,"2026-05-02 11:59","up"
127.455,2538.98,2337.25,3707.12,3411.56,10.441,"2026-05-02T11:59:36.502Z",39.545,2026-05-02 11:59:36.502,"2026-05-02 11:59","up"
127.709,2537.96,2336.26,3707.32,3411.42,10.431,"2026-05-02T11:59:36.502Z",39.291,2026-05-02 11:59:36.502,"2026-05-02 11:59","up"
127.963,2538.38,2336.34,3705.94,3410.32,10.424,"2026-05-02T11:59:36.502Z",39.037,2026-05-02 11:59:36.502,"2026-05-02 11:59","up"
128.217,2538.68,2336.54,3705.76,3410.38,10.427,"2026-05-02T11:59:36.502Z",38.783,2026-05-02 11:59:36.502,"2026-05-02 11:59","up"
128.472,2537.74,2335.73,3707.07,3411.54,10.428,"2026-05-02T11:59:36.502Z",38.528,2026-05-02 11:59:36.502,"2026-05-02 11:59","up"
128.726,2537.25,2335.18,3707.63,3412.09,10.425,"2026-05-02T11:59:36.502Z",38.274,2026-05-02 11:59:36.502,"2026-05-02 11:59","up"
128.98,2537.85,2335.67,3707.25,3412.03,10.43,"2026-05-02T11:59:36.502Z",38.02,2026-05-02 11:59:36.502,"2026-05-02 11:59","up"
129.234,2537.81,2335.7,3707.86,3412.58,10.432,"2026-05-02T11:59:36.502Z",37.766,2026-05-02 11:59:36.502,"2026-05-02 11:59","up"
129.488,2536.67,2334.93,3708.93,3413.31,10.436,"2026-05-02T11:59:36.502Z",37.512,2026-05-02 11:59:36.502,"2026-05-02 11:59","up"
129.743,2536.33,2334.7,3708.71,3413.16,10.44,"2026-05-02T11:59:36.502Z",37.257,2026-05-02 11:59:36.502,"2026-05-02 11:59","up"
129.997,2537.18,2335.13,3708.41,3413.34,10.439,"2026-05-02T11:59:36.502Z",37.003,2026-05-02 11:59:36.502,"2026-05-02 11:59","up"
130.251,2537.46,2335.05,3709.7,3414.82,10.434,"2026-05-02T11:59:36.502Z",36.749,2026-05-02 11:59:36.502,"2026-05-02 11:59","up"
130.505,2537.22,2334.69,3711.42,3416.31,10.426,"2026-05-02T11:59:36.502Z",36.495,2026-05-02 11:59:36.502,"2026-05-02 11:59","up"
130.759,2537.1,2334.64,3712.49,3417.03,10.422,"2026-05-02T11:59:36.502Z",36.241,2026-05-02 11:59:36.502,"2026-05-02 11:59","up"
131.014,2536.4,2334.17,3713.32,3417.65,10.425,"2026-05-02T11:59:36.502Z",35.986,2026-05-02 11:59:36.502,"2026-05-02 11:59","up"
131.268,2534.99,2333.17,3713.68,3418.1,10.438,"2026-05-02T11:59:36.502Z",35.732,2026-05-02 11:59:36.502,"2026-05-02 11:59","up"
131.522,2534.93,2332.7,3712.92,3417.72,10.431,"2026-05-02T11:59:36.502Z",35.478,2026-05-02 11:59:36.502,"2026-05-02 11:59","up"
131.776,2536.43,2333.59,3712.38,3417.51,10.421,"2026-05-02T11:59:36.502Z",35.224,2026-05-02 11:59:36.502,"2026-05-02 11:59","up"
132.03,2537,2334.04,3714.13,3418.93,10.413,"2026-05-02T11:59:36.502Z",34.97,2026-05-02 11:59:36.502,"2026-05-02 11:59","up"
132.285,2535.46,2332.78,3716.63,3420.63,10.405,"2026-05-02T11:59:36.502Z",34.715,2026-05-02 11:59:36.502,"2026-05-02 11:59","up"
132.539,2534.15,2331.79,3716.42,3420.38,10.411,"2026-05-02T11:59:36.502Z",34.461,2026-05-02 11:59:36.502,"2026-05-02 11:59","up"
132.793,2534.5,2332.18,3714.44,3419.09,10.426,"2026-05-02T11:59:36.502Z",34.207,2026-05-02 11:59:36.502,"2026-05-02 11:59","up"
133.047,2535.05,2332.48,3713.92,3418.9,10.425,"2026-05-02T11:59:36.502Z",33.953,2026-05-02 11:59:36.502,"2026-05-02 11:59","up"
133.301,2534.44,2331.72,3714.69,3419.55,10.418,"2026-05-02T11:59:36.502Z",33.699,2026-05-02 11:59:36.502,"2026-05-02 11:59","up"
133.556,2533.61,2330.91,3714.9,3419.83,10.418,"2026-05-02T11:59:36.502Z",33.444,2026-05-02 11:59:36.502,"2026-05-02 11:59","up"
133.81,2533.59,2330.82,3715.03,3420.04,10.417,"2026-05-02T11:59:36.502Z",33.19,2026-05-02 11:59:36.502,"2026-05-02 11:59","up"
134.064,2533.57,2330.91,3715.8,3420.66,10.419,"2026-05-02T11:59:36.502Z",32.936,2026-05-02 11:59:36.502,"2026-05-02 11:59","up"
134.318,2533.79,2331,3716.38,3421.16,10.414,"2026-05-02T11:59:36.502Z",32.682,2026-05-02 11:59:36.502,"2026-05-02 11:59","up"
134.572,2534.68,2331.59,3716.61,3421.51,10.409,"2026-05-02T11:59:36.502Z",32.428,2026-05-02 11:59:36.502,"2026-05-02 11:59","up"
134.827,2535.23,2332.21,3717.62,3422.58,10.417,"2026-05-02T11:59:36.502Z",32.173,2026-05-02 11:59:36.502,"2026-05-02 11:59","up"
135.081,2534.62,2331.77,3719.56,3424.33,10.421,"2026-05-02T11:59:36.502Z",31.919,2026-05-02 11:59:36.502,"2026-05-02 11:59","up"
135.335,2534.06,2331.25,3720.85,3425.54,10.421,"2026-05-02T11:59:36.502Z",31.665,2026-05-02 11:59:36.502,"2026-05-02 11:59","up"
135.589,2534.58,2331.81,3721.36,3426.1,10.426,"2026-05-02T11:59:36.502Z",31.411,2026-05-02 11:59:36.502,"2026-05-02 11:59","up"
135.843,2534.93,2332.25,3722.29,3426.97,10.43,"2026-05-02T11:59:36.502Z",31.157,2026-05-02 11:59:36.502,"2026-05-02 11:59","up"
136.098,2534.15,2331.48,3723.6,3427.93,10.423,"2026-05-02T11:59:36.502Z",30.902,2026-05-02 11:59:36.502,"2026-05-02 11:59","up"
136.352,2533.84,2331.17,3723.9,3428.12,10.42,"2026-05-02T11:59:36.502Z",30.648,2026-05-02 11:59:36.502,"2026-05-02 11:59","up"
136.606,2534.78,2331.73,3723.92,3428.32,10.413,"2026-05-02T11:59:36.502Z",30.394,2026-05-02 11:59:36.502,"2026-05-02 11:59","up"
136.86,2534.76,2331.6,3725.2,3429.58,10.411,"2026-05-02T11:59:36.502Z",30.14,2026-05-02 11:59:36.502,"2026-05-02 11:59","up"
137.114,2533.62,2330.7,3726.31,3430.63,10.417,"2026-05-02T11:59:36.502Z",29.886,2026-05-02 11:59:36.502,"2026-05-02 11:59","up"
137.369,2533.45,2330.38,3725.74,3430.33,10.417,"2026-05-02T11:59:36.502Z",29.631,2026-05-02 11:59:36.502,"2026-05-02 11:59","up"
137.623,2533.85,2330.69,3725.45,3430.22,10.418,"2026-05-02T11:59:36.502Z",29.377,2026-05-02 11:59:36.502,"2026-05-02 11:59","up"
137.877,2532.89,2330.16,3726.91,3431.43,10.428,"2026-05-02T11:59:36.502Z",29.123,2026-05-02 11:59:36.502,"2026-05-02 11:59","up"
138.131,2531.21,2328.53,3727.98,3432.21,10.42,"2026-05-02T11:59:36.502Z",28.869,2026-05-02 11:59:36.502,"2026-05-02 11:59","up"
138.385,2530.82,2327.74,3726.88,3431.37,10.409,"2026-05-02T11:59:36.502Z",28.615,2026-05-02 11:59:36.502,"2026-05-02 11:59","up"
138.64,2531.27,2328.2,3725.41,3430.35,10.419,"2026-05-02T11:59:36.502Z",28.36,2026-05-02 11:59:36.502,"2026-05-02 11:59","up"
138.894,2530.96,2328.04,3725.63,3430.67,10.426,"2026-05-02T11:59:36.502Z",28.106,2026-05-02 11:59:36.502,"2026-05-02 11:59","up"
139.148,2530.22,2327.25,3726.46,3431.42,10.421,"2026-05-02T11:59:36.502Z",27.852,2026-05-02 11:59:36.502,"2026-05-02 11:59","up"
139.402,2530.02,2327,3726.49,3431.46,10.419,"2026-05-02T11:59:36.502Z",27.598,2026-05-02 11:59:36.502,"2026-05-02 11:59","up"
139.656,2530.04,2326.88,3726.69,3431.56,10.412,"2026-05-02T11:59:36.502Z",27.344,2026-05-02 11:59:36.502,"2026-05-02 11:59","up"
139.911,2529.38,2326.2,3727.28,3431.94,10.406,"2026-05-02T11:59:36.502Z",27.089,2026-05-02 11:59:36.502,"2026-05-02 11:59","up"
140.165,2528.86,2325.83,3726.94,3431.76,10.413,"2026-05-02T11:59:36.502Z",26.835,2026-05-02 11:59:36.502,"2026-05-02 11:59","up"
140.419,2529.34,2326.13,3726.26,3431.46,10.416,"2026-05-02T11:59:36.502Z",26.581,2026-05-02 11:59:36.502,"2026-05-02 11:59","up"
140.673,2529.93,2326.37,3726.99,3432.22,10.407,"2026-05-02T11:59:36.502Z",26.327,2026-05-02 11:59:36.502,"2026-05-02 11:59","up"
140.927,2529.68,2326.03,3728.62,3433.51,10.398,"2026-05-02T11:59:36.502Z",26.073,2026-05-02 11:59:36.502,"2026-05-02 11:59","up"
141.182,2529.4,2326.03,3729.27,3434.06,10.406,"2026-05-02T11:59:36.502Z",25.818,2026-05-02 11:59:36.502,"2026-05-02 11:59","up"
141.436,2529.52,2326.09,3729.2,3434.25,10.41,"2026-05-02T11:59:36.502Z",25.564,2026-05-02 11:59:36.502,"2026-05-02 11:59","up"
141.69,2528.97,2325.51,3729.73,3434.89,10.411,"2026-05-02T11:59:36.502Z",25.31,2026-05-02 11:59:36.502,"2026-05-02 11:59","up"
141.944,2527.99,2324.76,3730.21,3435.3,10.416,"2026-05-02T11:59:36.502Z",25.056,2026-05-02 11:59:36.502,"2026-05-02 11:59","up"
142.198,2528.11,2324.88,3730,3435.04,10.415,"2026-05-02T11:59:36.502Z",24.802,2026-05-02 11:59:36.502,"2026-05-02 11:59","up"
142.453,2528.72,2325.5,3730.35,3435.4,10.418,"2026-05-02T11:59:36.502Z",24.547,2026-05-02 11:59:36.502,"2026-05-02 11:59","up"
142.707,2528.19,2324.8,3731.94,3436.85,10.41,"2026-05-02T11:59:36.502Z",24.293,2026-05-02 11:59:36.502,"2026-05-02 11:59","up"
142.961,2527.22,2323.73,3733.22,3437.89,10.4,"2026-05-02T11:59:36.502Z",24.039,2026-05-02 11:59:36.502,"2026-05-02 11:59","up"
143.215,2527.41,2324.02,3733.09,3437.98,10.409,"2026-05-02T11:59:36.502Z",23.785,2026-05-02 11:59:36.502,"2026-05-02 11:59","up"
143.469,2527.72,2324.57,3733.3,3438.38,10.424,"2026-05-02T11:59:36.502Z",23.531,2026-05-02 11:59:36.502,"2026-05-02 11:59","up"
143.724,2526.62,2323.66,3734.52,3439.43,10.426,"2026-05-02T11:59:36.502Z",23.276,2026-05-02 11:59:36.502,"2026-05-02 11:59","up"
143.978,2525.39,2322.32,3734.83,3439.78,10.42,"2026-05-02T11:59:36.502Z",23.022,2026-05-02 11:59:36.502,"2026-05-02 11:59","up"
144.232,2525.52,2322.27,3733.83,3439.07,10.419,"2026-05-02T11:59:36.502Z",22.768,2026-05-02 11:59:36.502,"2026-05-02 11:59","up"
144.486,2525.56,2322.31,3733.5,3438.77,10.419,"2026-05-02T11:59:36.502Z",22.514,2026-05-02 11:59:36.502,"2026-05-02 11:59","up"
144.74,2524.44,2321.25,3734.33,3439.39,10.414,"2026-05-02T11:59:36.502Z",22.26,2026-05-02 11:59:36.502,"2026-05-02 11:59","up"
144.995,2523.56,2320.22,3734.2,3439.45,10.411,"2026-05-02T11:59:36.502Z",22.005,2026-05-02 11:59:36.502,"2026-05-02 11:59","up"
145.249,2523.69,2320.35,3733.02,3438.72,10.42,"2026-05-02T11:59:36.502Z",21.751,2026-05-02 11:59:36.502,"2026-05-02 11:59","up"
145.503,2523.29,2320.35,3733.38,3438.93,10.43,"2026-05-02T11:59:36.502Z",21.497,2026-05-02 11:59:36.502,"2026-05-02 11:59","up"
145.757,2522.12,2319.19,3735.03,3440.02,10.417,"2026-05-02T11:59:36.502Z",21.243,2026-05-02 11:59:36.502,"2026-05-02 11:59","up"
146.011,2521.96,2318.65,3735.33,3440.18,10.399,"2026-05-02T11:59:36.502Z",20.989,2026-05-02 11:59:36.502,"2026-05-02 11:59","up"
146.266,2522.64,2319.23,3734.26,3439.48,10.405,"2026-05-02T11:59:36.502Z",20.734,2026-05-02 11:59:36.502,"2026-05-02 11:59","up"
146.52,2522.33,2319.02,3734.04,3439.45,10.412,"2026-05-02T11:59:36.502Z",20.48,2026-05-02 11:59:36.502,"2026-05-02 11:59","up"
146.774,2521.43,2317.87,3734.6,3439.95,10.4,"2026-05-02T11:59:36.502Z",20.226,2026-05-02 11:59:36.502,"2026-05-02 11:59","up"
147.028,2521.72,2317.72,3734.57,3440.23,10.392,"2026-05-02T11:59:36.502Z",19.972,2026-05-02 11:59:36.502,"2026-05-02 11:59","up"
147.282,2522.57,2318.51,3734.83,3440.81,10.401,"2026-05-02T11:59:36.502Z",19.718,2026-05-02 11:59:36.502,"2026-05-02 11:59","up"
147.537,2521.97,2318.28,3736.66,3442.38,10.41,"2026-05-02T11:59:36.502Z",19.463,2026-05-02 11:59:36.502,"2026-05-02 11:59","up"
147.791,2520.7,2317.27,3738.46,3443.8,10.41,"2026-05-02T11:59:36.502Z",19.209,2026-05-02 11:59:36.502,"2026-05-02 11:59","up"
148.045,2520.54,2317,3738.18,3443.72,10.41,"2026-05-02T11:59:36.502Z",18.955,2026-05-02 11:59:36.502,"2026-05-02 11:59","up"
148.299,2520.71,2317.23,3737.54,3443.32,10.417,"2026-05-02T11:59:36.502Z",18.701,2026-05-02 11:59:36.502,"2026-05-02 11:59","up"
148.553,2519.95,2316.79,3738.74,3444.25,10.422,"2026-05-02T11:59:36.502Z",18.447,2026-05-02 11:59:36.502,"2026-05-02 11:59","up"
148.808,2519.32,2316.01,3740.18,3445.53,10.414,"2026-05-02T11:59:36.502Z",18.192,2026-05-02 11:59:36.502,"2026-05-02 11:59","up"
149.062,2519.94,2316.37,3740.19,3445.81,10.412,"2026-05-02T11:59:36.502Z",17.938,2026-05-02 11:59:36.502,"2026-05-02 11:59","up"
149.316,2520.89,2317.21,3740.19,3446.01,10.416,"2026-05-02T11:59:36.502Z",17.684,2026-05-02 11:59:36.502,"2026-05-02 11:59","up"
149.57,2521.27,2317.31,3741.56,3447.2,10.405,"2026-05-02T11:59:36.502Z",17.43,2026-05-02 11:59:36.502,"2026-05-02 11:59","up"
149.824,2521.65,2316.6,3743.04,3448.42,10.364,"2026-05-02T11:59:36.502Z",17.176,2026-05-02 11:59:36.502,"2026-05-02 11:59","up"
150.079,2521.94,2314.95,3743.95,3448.56,10.278,"2026-05-02T11:59:36.502Z",16.921,2026-05-02 11:59:36.502,"2026-05-02 11:59","up"
150.333,2520.85,2311.68,3744.79,3447.08,10.142,"2026-05-02T11:59:36.502Z",16.667,2026-05-02 11:59:36.502,"2026-05-02 11:59","up"
150.587,2518.58,2307.41,3744.71,3443.48,9.978,"2026-05-02T11:59:36.502Z",16.413,2026-05-02 11:59:36.502,"2026-05-02 11:59","up"
150.841,2517.23,2303.72,3743,3438.34,9.804,"2026-05-02T11:59:36.502Z",16.159,2026-05-02 11:59:36.502,"2026-05-02 11:59","up"
151.095,2516.78,2301.08,3741.51,3433.65,9.643,"2026-05-02T11:59:36.502Z",15.905,2026-05-02 11:59:36.502,"2026-05-02 11:59","up"
151.35,2515.57,2297.97,3741.69,3430.31,9.487,"2026-05-02T11:59:36.502Z",15.65,2026-05-02 11:59:36.502,"2026-05-02 11:59","up"
151.604,2514.11,2294.09,3741.87,3426.92,9.309,"2026-05-02T11:59:36.502Z",15.396,2026-05-02 11:59:36.502,"2026-05-02 11:59","up"
151.858,2513.41,2290.55,3740.75,3422.54,9.124,"2026-05-02T11:59:36.502Z",15.142,2026-05-02 11:59:36.502,"2026-05-02 11:59","up"
152.112,2512.34,2286.82,3739.74,3418.14,8.94,"2026-05-02T11:59:36.502Z",14.888,2026-05-02 11:59:36.502,"2026-05-02 11:59","up"
152.366,2510.06,2281.78,3739.39,3413.72,8.734,"2026-05-02T11:59:36.502Z",14.634,2026-05-02 11:59:36.502,"2026-05-02 11:59","up"
152.621,2508.12,2276.63,3738.18,3408.09,8.503,"2026-05-02T11:59:36.502Z",14.379,2026-05-02 11:59:36.502,"2026-05-02 11:59","up"
152.875,2507.65,2272.85,3736.02,3401.62,8.273,"2026-05-02T11:59:36.502Z",14.125,2026-05-02 11:59:36.502,"2026-05-02 11:59","up"
153.129,2507.07,2269.02,3734.78,3395.85,8.042,"2026-05-02T11:59:36.502Z",13.871,2026-05-02 11:59:36.502,"2026-05-02 11:59","up"
153.383,2505.14,2264.02,3734.33,3390.46,7.804,"2026-05-02T11:59:36.502Z",13.617,2026-05-02 11:59:36.502,"2026-05-02 11:59","up"
153.637,2503.26,2259.33,3732.74,3384.18,7.579,"2026-05-02T11:59:36.502Z",13.363,2026-05-02 11:59:36.502,"2026-05-02 11:59","up"
153.892,2502.87,2256.29,3730.46,3377.71,7.376,"2026-05-02T11:59:36.502Z",13.108,2026-05-02 11:59:36.502,"2026-05-02 11:59","up"
154.146,2502.79,2254.15,3729.61,3372.99,7.206,"2026-05-02T11:59:36.502Z",12.854,2026-05-02 11:59:36.502,"2026-05-02 11:59","up"
154.4,2501.93,2252.14,3730.08,3370.27,7.085,"2026-05-02T11:59:36.502Z",12.6,2026-05-02 11:59:36.502,"2026-05-02 11:59","up"
154.654,2501.07,2250.86,3730.26,3368.23,7.013,"2026-05-02T11:59:36.502Z",12.346,2026-05-02 11:59:36.502,"2026-05-02 11:59","up"
154.908,2500.9,2250.92,3730.13,3366.81,6.99,"2026-05-02T11:59:36.502Z",12.092,2026-05-02 11:59:36.502,"2026-05-02 11:59","up"
155.163,2500.58,2251.93,3730.69,3367.08,7.031,"2026-05-02T11:59:36.502Z",11.837,2026-05-02 11:59:36.502,"2026-05-02 11:59","up"
155.417,2500.71,2254.45,3731.46,3369.15,7.151,"2026-05-02T11:59:36.502Z",11.583,2026-05-02 11:59:36.502,"2026-05-02 11:59","up"
155.671,2502.47,2259.64,3731.83,3373.09,7.368,"2026-05-02T11:59:36.502Z",11.329,2026-05-02 11:59:36.502,"2026-05-02 11:59","up"
155.925,2504.77,2266.76,3733.63,3379.88,7.675,"2026-05-02T11:59:36.502Z",11.075,2026-05-02 11:59:36.502,"2026-05-02 11:59","up"
156.179,2506.09,2274.41,3737.55,3389.81,8.062,"2026-05-02T11:59:36.502Z",10.821,2026-05-02 11:59:36.502,"2026-05-02 11:59","up"
156.434,2507.14,2283.29,3741.08,3401.82,8.56,"2026-05-02T11:59:36.502Z",10.566,2026-05-02 11:59:36.502,"2026-05-02 11:59","up"
156.688,2509.54,2294.3,3743.37,3415.51,9.158,"2026-05-02T11:59:36.502Z",10.312,2026-05-02 11:59:36.502,"2026-05-02 11:59","up"
156.942,2512.44,2305.1,3746.88,3431.63,9.764,"2026-05-02T11:59:36.502Z",10.058,2026-05-02 11:59:36.502,"2026-05-02 11:59","up"
157.196,2513.41,2311.37,3752.45,3449.07,10.255,"2026-05-02T11:59:36.502Z",9.804,2026-05-02 11:59:36.502,"2026-05-02 11:59","up"
157.45,2511.67,2307.23,3757.11,3462.21,10.376,"2026-05-02T11:59:36.502Z",9.55000000000001,2026-05-02 11:59:36.502,"2026-05-02 11:59","up"
157.705,2507.91,2290.65,3757.88,3463.13,9.906,"2026-05-02T11:59:36.502Z",9.29499999999999,2026-05-02 11:59:36.502,"2026-05-02 11:59","up"
157.959,2502.85,2268.62,3754.8,3447.16,8.959,"2026-05-02T11:59:36.502Z",9.041,2026-05-02 11:59:36.502,"2026-05-02 11:59","up"
158.213,2498.38,2252.32,3750.11,3420.14,7.97,"2026-05-02T11:59:36.502Z",8.78700000000001,2026-05-02 11:59:36.502,"2026-05-02 11:59","up"
158.467,2498.44,2253.46,3747.68,3398.3,7.538,"2026-05-02T11:59:36.502Z",8.53299999999999,2026-05-02 11:59:36.502,"2026-05-02 11:59","up"
158.721,2504.5,2275.9,3750.7,3397.15,8.057,"2026-05-02T11:59:36.502Z",8.279,2026-05-02 11:59:36.502,"2026-05-02 11:59","up"
158.976,2517.73,2312.81,3757.56,3422.51,9.41,"2026-05-02T11:59:36.502Z",8.024,2026-05-02 11:59:36.502,"2026-05-02 11:59","up"
159.23,2553.01,2369.96,3768.8,3473.58,11.268,"2026-05-02T11:59:36.502Z",7.77000000000001,2026-05-02 11:59:36.502,"2026-05-02 11:59","up"
159.484,2600.82,2425.43,3804.32,3554.2,12.798,"2026-05-02T11:59:36.502Z",7.51599999999999,2026-05-02 11:59:36.502,"2026-05-02 11:59","up"
159.738,2626.9,2442.06,3883.85,3656.23,13.177,"2026-05-02T11:59:36.502Z",7.262,2026-05-02 11:59:36.502,"2026-05-02 11:59","up"
159.992,2629.12,2435.55,3971.64,3728.81,12.65,"2026-05-02T11:59:36.502Z",7.00800000000001,2026-05-02 11:59:36.502,"2026-05-02 11:59","up"
160.247,2625.6,2428.81,4015.1,3744.84,11.973,"2026-05-02T11:59:36.502Z",6.75299999999999,2026-05-02 11:59:36.502,"2026-05-02 11:59","up"
160.501,2624.19,2427.1,4023.86,3739.01,11.644,"2026-05-02T11:59:36.502Z",6.499,2026-05-02 11:59:36.502,"2026-05-02 11:59","up"
160.755,2624.95,2432.6,4024.75,3736.47,11.734,"2026-05-02T11:59:36.502Z",6.245,2026-05-02 11:59:36.502,"2026-05-02 11:59","up"
161.009,2628.57,2450.49,4026.49,3742.97,12.346,"2026-05-02T11:59:36.502Z",5.99100000000001,2026-05-02 11:59:36.502,"2026-05-02 11:59","up"
161.263,2630.37,2460.73,4031.85,3763.18,12.984,"2026-05-02T11:59:36.502Z",5.737,2026-05-02 11:59:36.502,"2026-05-02 11:59","up"
161.518,2626.91,2446.66,4038.64,3785.5,12.968,"2026-05-02T11:59:36.502Z",5.482,2026-05-02 11:59:36.502,"2026-05-02 11:59","up"
161.772,2622.51,2428.19,4039.51,3782.41,12.381,"2026-05-02T11:59:36.502Z",5.22800000000001,2026-05-02 11:59:36.502,"2026-05-02 11:59","up"
162.026,2620.77,2421.02,4034.55,3757.47,11.734,"2026-05-02T11:59:36.502Z",4.97399999999999,2026-05-02 11:59:36.502,"2026-05-02 11:59","up"
162.28,2622.92,2430.5,4031.1,3741.24,11.701,"2026-05-02T11:59:36.502Z",4.72,2026-05-02 11:59:36.502,"2026-05-02 11:59","up"
162.534,2627.67,2454.54,4032.48,3747.75,12.496,"2026-05-02T11:59:36.502Z",4.46600000000001,2026-05-02 11:59:36.502,"2026-05-02 11:59","up"
162.789,2629.75,2467.57,4039.44,3775.99,13.369,"2026-05-02T11:59:36.502Z",4.21100000000001,2026-05-02 11:59:36.502,"2026-05-02 11:59","up"
163.043,2627.1,2456.2,4047.52,3804.85,13.539,"2026-05-02T11:59:36.502Z",3.95699999999999,2026-05-02 11:59:36.502,"2026-05-02 11:59","up"
163.297,2623.91,2442.61,4049.3,3805.7,13.152,"2026-05-02T11:59:36.502Z",3.703,2026-05-02 11:59:36.502,"2026-05-02 11:59","up"
163.551,2623.02,2439.82,4046.22,3787.41,12.74,"2026-05-02T11:59:36.502Z",3.44900000000001,2026-05-02 11:59:36.502,"2026-05-02 11:59","up"
163.805,2623.16,2441.61,4045.17,3778.31,12.616,"2026-05-02T11:59:36.502Z",3.19499999999999,2026-05-02 11:59:36.502,"2026-05-02 11:59","up"
164.06,2623.25,2442.86,4046.88,3781.02,12.681,"2026-05-02T11:59:36.502Z",2.94,2026-05-02 11:59:36.502,"2026-05-02 11:59","up"
164.314,2621.84,2438.98,4049.09,3784.79,12.631,"2026-05-02T11:59:36.502Z",2.68600000000001,2026-05-02 11:59:36.502,"2026-05-02 11:59","up"
164.568,2619.25,2429.12,4050.34,3784.07,12.33,"2026-05-02T11:59:36.502Z",2.43199999999999,2026-05-02 11:59:36.502,"2026-05-02 11:59","up"
164.822,2618.47,2425.79,4049.33,3775.46,12.068,"2026-05-02T11:59:36.502Z",2.178,2026-05-02 11:59:36.502,"2026-05-02 11:59","up"
165.076,2620.94,2436.12,4048.37,3767.83,12.196,"2026-05-02T11:59:36.502Z",1.92400000000001,2026-05-02 11:59:36.502,"2026-05-02 11:59","up"
165.331,2621.54,2440.76,4051.6,3775.46,12.441,"2026-05-02T11:59:36.502Z",1.66900000000001,2026-05-02 11:59:36.502,"2026-05-02 11:59","up"
165.585,2620.37,2436.01,4056.76,3789.49,12.52,"2026-05-02T11:59:36.502Z",1.41499999999999,2026-05-02 11:59:36.502,"2026-05-02 11:59","up"
165.839,2623.4,2451.02,4059.07,3793.3,12.979,"2026-05-02T11:59:36.502Z",1.161,2026-05-02 11:59:36.502,"2026-05-02 11:59","up"
166.093,2633.22,2473.87,4061.49,3803.95,13.638,"2026-05-02T11:59:36.502Z",0.907000000000011,2026-05-02 11:59:36.502,"2026-05-02 11:59","up"
166.347,2670.04,2520.97,4067.65,3837.17,14.678,"2026-05-02T11:59:36.502Z",0.652999999999992,2026-05-02 11:59:36.502,"2026-05-02 11:59","up"
166.602,2697.58,2600.26,4089.61,3891.84,17.23,"2026-05-02T11:59:36.502Z",0.397999999999996,2026-05-02 11:59:36.502,"2026-05-02 11:59","up"
166.856,2672.94,2633.91,4152.02,4006.17,20.396,"2026-05-02T11:59:36.502Z",0.144000000000005,2026-05-02 11:59:36.502,"2026-05-02 11:59","up"
0.101,3841.34,3901.19,3371.69,3449.26,34.446,"2026-06-02T12:02:36.957Z",0.101,2026-06-02 12:02:36.957,"2026-06-02 12:02","down"
0.355,3577.87,3587.48,3581.96,3592.25,31.277,"2026-06-02T12:02:36.957Z",0.355,2026-06-02 12:02:36.957,"2026-06-02 12:02","down"
0.609,3508.37,3469.38,3761.82,3698.92,28.085,"2026-06-02T12:02:36.957Z",0.609,2026-06-02 12:02:36.957,"2026-06-02 12:02","down"
0.864,3508.61,3424.28,3828.96,3727.81,25.932,"2026-06-02T12:02:36.957Z",0.864,2026-06-02 12:02:36.957,"2026-06-02 12:02","down"
1.118,3503.57,3406.98,3833.13,3709.83,25.05,"2026-06-02T12:02:36.957Z",1.118,2026-06-02 12:02:36.957,"2026-06-02 12:02","down"
1.372,3499.85,3405.26,3829.37,3692.02,24.748,"2026-06-02T12:02:36.957Z",1.372,2026-06-02 12:02:36.957,"2026-06-02 12:02","down"
1.626,3494.67,3395.41,3830.03,3692.45,24.613,"2026-06-02T12:02:36.957Z",1.626,2026-06-02 12:02:36.957,"2026-06-02 12:02","down"
1.88,3488.97,3385.06,3830.49,3690.38,24.42,"2026-06-02T12:02:36.957Z",1.88,2026-06-02 12:02:36.957,"2026-06-02 12:02","down"
2.135,3488.38,3389.84,3829.17,3683.57,24.427,"2026-06-02T12:02:36.957Z",2.135,2026-06-02 12:02:36.957,"2026-06-02 12:02","down"
2.389,3488.65,3397.15,3829.67,3686.98,24.691,"2026-06-02T12:02:36.957Z",2.389,2026-06-02 12:02:36.957,"2026-06-02 12:02","down"
2.643,3486.25,3394.05,3832.16,3697.01,24.86,"2026-06-02T12:02:36.957Z",2.643,2026-06-02 12:02:36.957,"2026-06-02 12:02","down"
2.897,3482.1,3386.77,3833.43,3699.5,24.804,"2026-06-02T12:02:36.957Z",2.897,2026-06-02 12:02:36.957,"2026-06-02 12:02","down"
3.151,3479.59,3383.63,3832.99,3695.89,24.706,"2026-06-02T12:02:36.957Z",3.151,2026-06-02 12:02:36.957,"2026-06-02 12:02","down"
3.406,3478.89,3388.63,3832.69,3694.79,24.84,"2026-06-02T12:02:36.957Z",3.406,2026-06-02 12:02:36.957,"2026-06-02 12:02","down"
3.66,3481.62,3404.74,3834.49,3702.06,25.342,"2026-06-02T12:02:36.957Z",3.66,2026-06-02 12:02:36.957,"2026-06-02 12:02","down"
3.914,3480.32,3406.75,3838.52,3717.05,25.708,"2026-06-02T12:02:36.957Z",3.914,2026-06-02 12:02:36.957,"2026-06-02 12:02","down"
4.168,3472.21,3377.99,3841.1,3724.09,25.253,"2026-06-02T12:02:36.957Z",4.168,2026-06-02 12:02:36.957,"2026-06-02 12:02","down"
4.422,3464.51,3351.13,3837.62,3704.69,24.326,"2026-06-02T12:02:36.957Z",4.422,2026-06-02 12:02:36.957,"2026-06-02 12:02","down"
4.677,3462.72,3346.16,3831.21,3676.34,23.687,"2026-06-02T12:02:36.957Z",4.677,2026-06-02 12:02:36.957,"2026-06-02 12:02","down"
4.931,3465.5,3357.28,3828.81,3667.63,23.757,"2026-06-02T12:02:36.957Z",4.931,2026-06-02 12:02:36.957,"2026-06-02 12:02","down"
5.185,3469.76,3376.63,3831.62,3678.43,24.373,"2026-06-02T12:02:36.957Z",5.185,2026-06-02 12:02:36.957,"2026-06-02 12:02","down"
5.439,3469.44,3381.48,3836.89,3697.61,24.865,"2026-06-02T12:02:36.957Z",5.439,2026-06-02 12:02:36.957,"2026-06-02 12:02","down"
5.693,3463.06,3363.95,3840.18,3708.19,24.74,"2026-06-02T12:02:36.957Z",5.693,2026-06-02 12:02:36.957,"2026-06-02 12:02","down"
5.948,3456.77,3345.83,3838.41,3697.74,24.195,"2026-06-02T12:02:36.957Z",5.948,2026-06-02 12:02:36.957,"2026-06-02 12:02","down"
6.202,3453.86,3338.29,3834.4,3680.37,23.73,"2026-06-02T12:02:36.957Z",6.202,2026-06-02 12:02:36.957,"2026-06-02 12:02","down"
6.456,3452.56,3336.87,3832.52,3672.55,23.576,"2026-06-02T12:02:36.957Z",6.456,2026-06-02 12:02:36.957,"2026-06-02 12:02","down"
6.71,3450.42,3340.5,3834.2,3673.8,23.723,"2026-06-02T12:02:36.957Z",6.71,2026-06-02 12:02:36.957,"2026-06-02 12:02","down"
6.964,3428.9,3342.62,3838.8,3681.24,24.429,"2026-06-02T12:02:36.957Z",6.964,2026-06-02 12:02:36.957,"2026-06-02 12:02","down"
7.219,3354.95,3290.71,3833.75,3687.23,25.266,"2026-06-02T12:02:36.957Z",7.219,2026-06-02 12:02:36.957,"2026-06-02 12:02","down"
7.473,3276.79,3199.93,3796.93,3661.33,25.1,"2026-06-02T12:02:36.957Z",7.473,2026-06-02 12:02:36.957,"2026-06-02 12:02","down"
7.727,3241.29,3130.9,3733.56,3590.86,23.859,"2026-06-02T12:02:36.957Z",7.727,2026-06-02 12:02:36.957,"2026-06-02 12:02","down"
7.981,3231.77,3089.62,3683.8,3519.06,22.303,"2026-06-02T12:02:36.957Z",7.981,2026-06-02 12:02:36.957,"2026-06-02 12:02","down"
8.235,3222.92,3063.17,3661.91,3473.2,21.131,"2026-06-02T12:02:36.957Z",8.235,2026-06-02 12:02:36.957,"2026-06-02 12:02","down"
8.49,3212.71,3047.42,3653.75,3446.76,20.469,"2026-06-02T12:02:36.957Z",8.49,2026-06-02 12:02:36.957,"2026-06-02 12:02","down"
8.744,3206.71,3043.16,3652.01,3436.04,20.275,"2026-06-02T12:02:36.957Z",8.744,2026-06-02 12:02:36.957,"2026-06-02 12:02","down"
8.998,3204.23,3044,3653.47,3436.59,20.347,"2026-06-02T12:02:36.957Z",8.998,2026-06-02 12:02:36.957,"2026-06-02 12:02","down"
9.252,3202.36,3037.94,3654.22,3439.41,20.276,"2026-06-02T12:02:36.957Z",9.252,2026-06-02 12:02:36.957,"2026-06-02 12:02","down"
9.506,3198.66,3018.16,3653.18,3434.86,19.705,"2026-06-02T12:02:36.957Z",9.506,2026-06-02 12:02:36.957,"2026-06-02 12:02","down"
9.761,3191.44,2987.16,3650.34,3416.36,18.582,"2026-06-02T12:02:36.957Z",9.761,2026-06-02 12:02:36.957,"2026-06-02 12:02","down"
10.015,3182.6,2952.4,3644.52,3384.83,17.125,"2026-06-02T12:02:36.957Z",10.015,2026-06-02 12:02:36.957,"2026-06-02 12:02","down"
10.269,3176.12,2920.96,3636.03,3347.33,15.607,"2026-06-02T12:02:36.957Z",10.269,2026-06-02 12:02:36.957,"2026-06-02 12:02","down"
10.523,3171.51,2894.73,3628.04,3311.5,14.22,"2026-06-02T12:02:36.957Z",10.523,2026-06-02 12:02:36.957,"2026-06-02 12:02","down"
10.777,3165.58,2872.17,3622.31,3281.07,13.061,"2026-06-02T12:02:36.957Z",10.777,2026-06-02 12:02:36.957,"2026-06-02 12:02","down"
11.032,3159.88,2853.21,3617.01,3255.51,12.115,"2026-06-02T12:02:36.957Z",11.032,2026-06-02 12:02:36.957,"2026-06-02 12:02","down"
11.286,3156.94,2838.92,3611.16,3233.93,11.347,"2026-06-02T12:02:36.957Z",11.286,2026-06-02 12:02:36.957,"2026-06-02 12:02","down"
11.54,3154.95,2827.49,3606.72,3217.05,10.727,"2026-06-02T12:02:36.957Z",11.54,2026-06-02 12:02:36.957,"2026-06-02 12:02","down"
11.794,3152.09,2817.54,3604.23,3204.26,10.235,"2026-06-02T12:02:36.957Z",11.794,2026-06-02 12:02:36.957,"2026-06-02 12:02","down"
12.048,3150.16,2810.15,3601.94,3193.77,9.848,"2026-06-02T12:02:36.957Z",12.048,2026-06-02 12:02:36.957,"2026-06-02 12:02","down"
12.303,3150.41,2806.09,3600.13,3185.78,9.555,"2026-06-02T12:02:36.957Z",12.303,2026-06-02 12:02:36.957,"2026-06-02 12:02","down"
12.557,3150.02,2802.98,3600.25,3181.09,9.349,"2026-06-02T12:02:36.957Z",12.557,2026-06-02 12:02:36.957,"2026-06-02 12:02","down"
12.811,3147.92,2799.5,3601.01,3178.19,9.208,"2026-06-02T12:02:36.957Z",12.811,2026-06-02 12:02:36.957,"2026-06-02 12:02","down"
13.065,3147.15,2797.97,3600.49,3175.26,9.12,"2026-06-02T12:02:36.957Z",13.065,2026-06-02 12:02:36.957,"2026-06-02 12:02","down"
13.319,3148.37,2798.4,3600.04,3173.63,9.068,"2026-06-02T12:02:36.957Z",13.319,2026-06-02 12:02:36.957,"2026-06-02 12:02","down"
13.574,3148.07,2798.36,3601.35,3174.43,9.066,"2026-06-02T12:02:36.957Z",13.574,2026-06-02 12:02:36.957,"2026-06-02 12:02","down"
13.828,3147,2798.21,3602.53,3175.69,9.095,"2026-06-02T12:02:36.957Z",13.828,2026-06-02 12:02:36.957,"2026-06-02 12:02","down"
14.082,3147.76,2799.83,3602.05,3176.2,9.147,"2026-06-02T12:02:36.957Z",14.082,2026-06-02 12:02:36.957,"2026-06-02 12:02","down"
14.336,3149.25,2802.11,3601.85,3177.49,9.213,"2026-06-02T12:02:36.957Z",14.336,2026-06-02 12:02:36.957,"2026-06-02 12:02","down"
14.59,3148.37,2802.83,3603,3179.94,9.295,"2026-06-02T12:02:36.957Z",14.59,2026-06-02 12:02:36.957,"2026-06-02 12:02","down"
14.845,3145.88,2802.43,3603.58,3181.76,9.382,"2026-06-02T12:02:36.957Z",14.845,2026-06-02 12:02:36.957,"2026-06-02 12:02","down"
15.099,3145.1,2803.33,3602.77,3182.57,9.47,"2026-06-02T12:02:36.957Z",15.099,2026-06-02 12:02:36.957,"2026-06-02 12:02","down"
15.353,3145.87,2805.33,3602.5,3184.11,9.554,"2026-06-02T12:02:36.957Z",15.353,2026-06-02 12:02:36.957,"2026-06-02 12:02","down"
15.607,3145.39,2806.2,3603.31,3186.64,9.64,"2026-06-02T12:02:36.957Z",15.607,2026-06-02 12:02:36.957,"2026-06-02 12:02","down"
15.861,3144.66,2807.27,3603.62,3188.77,9.739,"2026-06-02T12:02:36.957Z",15.861,2026-06-02 12:02:36.957,"2026-06-02 12:02","down"
16.116,3146.59,2810.35,3603.48,3190.73,9.833,"2026-06-02T12:02:36.957Z",16.116,2026-06-02 12:02:36.957,"2026-06-02 12:02","down"
16.37,3149.02,2813.53,3604.88,3193.88,9.912,"2026-06-02T12:02:36.957Z",16.37,2026-06-02 12:02:36.957,"2026-06-02 12:02","down"
16.624,3149.11,2814.97,3607.49,3197.71,9.992,"2026-06-02T12:02:36.957Z",16.624,2026-06-02 12:02:36.957,"2026-06-02 12:02","down"
16.878,3148.69,2815.95,3609.17,3200.61,10.069,"2026-06-02T12:02:36.957Z",16.878,2026-06-02 12:02:36.957,"2026-06-02 12:02","down"
17.132,3149.13,2817.77,3610.01,3202.87,10.15,"2026-06-02T12:02:36.957Z",17.132,2026-06-02 12:02:36.957,"2026-06-02 12:02","down"
17.387,3148.46,2818.91,3611.18,3205.55,10.244,"2026-06-02T12:02:36.957Z",17.387,2026-06-02 12:02:36.957,"2026-06-02 12:02","down"
17.641,3146.51,2818.33,3612.04,3207.86,10.319,"2026-06-02T12:02:36.957Z",17.641,2026-06-02 12:02:36.957,"2026-06-02 12:02","down"
17.895,3145.62,2817.84,3611.8,3208.83,10.359,"2026-06-02T12:02:36.957Z",17.895,2026-06-02 12:02:36.957,"2026-06-02 12:02","down"
18.149,3146.1,2818.21,3611.67,3209.3,10.372,"2026-06-02T12:02:36.957Z",18.149,2026-06-02 12:02:36.957,"2026-06-02 12:02","down"
18.403,3145.57,2817.84,3612.37,3210.1,10.379,"2026-06-02T12:02:36.957Z",18.403,2026-06-02 12:02:36.957,"2026-06-02 12:02","down"
18.658,3144.43,2816.85,3612.49,3210.32,10.384,"2026-06-02T12:02:36.957Z",18.658,2026-06-02 12:02:36.957,"2026-06-02 12:02","down"
18.912,3145.33,2817.35,3611.62,3209.95,10.385,"2026-06-02T12:02:36.957Z",18.912,2026-06-02 12:02:36.957,"2026-06-02 12:02","down"
19.166,3147.08,2818.67,3611.89,3210.84,10.395,"2026-06-02T12:02:36.957Z",19.166,2026-06-02 12:02:36.957,"2026-06-02 12:02","down"
19.42,3146.52,2818.82,3613.69,3212.8,10.423,"2026-06-02T12:02:36.957Z",19.42,2026-06-02 12:02:36.957,"2026-06-02 12:02","down"
19.674,3145.33,2818.43,3614.41,3213.58,10.447,"2026-06-02T12:02:36.957Z",19.674,2026-06-02 12:02:36.957,"2026-06-02 12:02","down"
19.929,3146.52,2819.41,3613.68,3213.23,10.452,"2026-06-02T12:02:36.957Z",19.929,2026-06-02 12:02:36.957,"2026-06-02 12:02","down"
20.183,3148.3,2820.85,3614.12,3213.98,10.457,"2026-06-02T12:02:36.957Z",20.183,2026-06-02 12:02:36.957,"2026-06-02 12:02","down"
20.437,3147.82,2820.89,3615.89,3215.9,10.479,"2026-06-02T12:02:36.957Z",20.437,2026-06-02 12:02:36.957,"2026-06-02 12:02","down"
20.691,3147.11,2820.36,3616.72,3216.96,10.491,"2026-06-02T12:02:36.957Z",20.691,2026-06-02 12:02:36.957,"2026-06-02 12:02","down"
20.945,3147.9,2820.86,3616.81,3217.25,10.491,"2026-06-02T12:02:36.957Z",20.945,2026-06-02 12:02:36.957,"2026-06-02 12:02","down"
21.2,3147.41,2820.86,3618.04,3218.39,10.505,"2026-06-02T12:02:36.957Z",21.2,2026-06-02 12:02:36.957,"2026-06-02 12:02","down"
21.454,3144.85,2819.18,3619.45,3219.61,10.522,"2026-06-02T12:02:36.957Z",21.454,2026-06-02 12:02:36.957,"2026-06-02 12:02","down"
21.708,3143.82,2818.29,3619.21,3219.51,10.526,"2026-06-02T12:02:36.957Z",21.708,2026-06-02 12:02:36.957,"2026-06-02 12:02","down"
21.962,3145.5,2819.67,3618.63,3219.42,10.533,"2026-06-02T12:02:36.957Z",21.962,2026-06-02 12:02:36.957,"2026-06-02 12:02","down"
22.216,3146.01,2820.65,3619.66,3220.79,10.56,"2026-06-02T12:02:36.957Z",22.216,2026-06-02 12:02:36.957,"2026-06-02 12:02","down"
22.471,3144.37,2819.64,3620.79,3222.26,10.586,"2026-06-02T12:02:36.957Z",22.471,2026-06-02 12:02:36.957,"2026-06-02 12:02","down"
22.725,3143.89,2819.15,3620.04,3222.26,10.602,"2026-06-02T12:02:36.957Z",22.725,2026-06-02 12:02:36.957,"2026-06-02 12:02","down"
22.979,3144.83,2820.34,3619.25,3222.26,10.63,"2026-06-02T12:02:36.957Z",22.979,2026-06-02 12:02:36.957,"2026-06-02 12:02","down"
23.233,3144.76,2821.26,3620.4,3223.79,10.672,"2026-06-02T12:02:36.957Z",23.233,2026-06-02 12:02:36.957,"2026-06-02 12:02","down"
23.487,3144.14,2821.43,3621.82,3225.63,10.708,"2026-06-02T12:02:36.957Z",23.487,2026-06-02 12:02:36.957,"2026-06-02 12:02","down"
23.742,3144.5,2821.86,3622.05,3226.6,10.731,"2026-06-02T12:02:36.957Z",23.742,2026-06-02 12:02:36.957,"2026-06-02 12:02","down"
23.996,3144.52,2821.91,3622.53,3227.64,10.749,"2026-06-02T12:02:36.957Z",23.996,2026-06-02 12:02:36.957,"2026-06-02 12:02","down"
24.25,3142.66,2820.67,3623.53,3228.72,10.766,"2026-06-02T12:02:36.957Z",24.25,2026-06-02 12:02:36.957,"2026-06-02 12:02","down"
24.504,3141.16,2819.48,3623.5,3228.63,10.769,"2026-06-02T12:02:36.957Z",24.504,2026-06-02 12:02:36.957,"2026-06-02 12:02","down"
24.758,3141.61,2819.63,3622.86,3228.23,10.766,"2026-06-02T12:02:36.957Z",24.758,2026-06-02 12:02:36.957,"2026-06-02 12:02","down"
25.013,3141.48,2819.42,3623.22,3228.82,10.77,"2026-06-02T12:02:36.957Z",25.013,2026-06-02 12:02:36.957,"2026-06-02 12:02","down"
25.267,3139.73,2817.95,3623.77,3229.27,10.772,"2026-06-02T12:02:36.957Z",25.267,2026-06-02 12:02:36.957,"2026-06-02 12:02","down"
25.521,3139.63,2817.72,3622.97,3228.39,10.764,"2026-06-02T12:02:36.957Z",25.521,2026-06-02 12:02:36.957,"2026-06-02 12:02","down"
25.775,3141.73,2819.28,3622.41,3227.88,10.753,"2026-06-02T12:02:36.957Z",25.775,2026-06-02 12:02:36.957,"2026-06-02 12:02","down"
26.029,3141.9,2819.43,3623.99,3229.41,10.757,"2026-06-02T12:02:36.957Z",26.029,2026-06-02 12:02:36.957,"2026-06-02 12:02","down"
26.284,3139.47,2817.63,3625.75,3231.3,10.776,"2026-06-02T12:02:36.957Z",26.284,2026-06-02 12:02:36.957,"2026-06-02 12:02","down"
26.538,3138.77,2816.89,3625.78,3231.45,10.776,"2026-06-02T12:02:36.957Z",26.538,2026-06-02 12:02:36.957,"2026-06-02 12:02","down"
26.792,3140.15,2817.8,3626.11,3231.6,10.763,"2026-06-02T12:02:36.957Z",26.792,2026-06-02 12:02:36.957,"2026-06-02 12:02","down"
27.046,3140.04,2817.63,3628.33,3233.37,10.755,"2026-06-02T12:02:36.957Z",27.046,2026-06-02 12:02:36.957,"2026-06-02 12:02","down"
27.3,3138.56,2815.99,3629.79,3234.6,10.744,"2026-06-02T12:02:36.957Z",27.3,2026-06-02 12:02:36.957,"2026-06-02 12:02","down"
27.555,3139.1,2815.86,3628.84,3233.89,10.729,"2026-06-02T12:02:36.957Z",27.555,2026-06-02 12:02:36.957,"2026-06-02 12:02","down"
27.809,3140.85,2817.58,3628.24,3233.7,10.743,"2026-06-02T12:02:36.957Z",27.809,2026-06-02 12:02:36.957,"2026-06-02 12:02","down"
28.063,3140.25,2817.65,3629.8,3235.44,10.77,"2026-06-02T12:02:36.957Z",28.063,2026-06-02 12:02:36.957,"2026-06-02 12:02","down"
28.317,3138.35,2816.12,3631.23,3236.77,10.776,"2026-06-02T12:02:36.957Z",28.317,2026-06-02 12:02:36.957,"2026-06-02 12:02","down"
28.571,3138.35,2815.77,3631.11,3236.55,10.763,"2026-06-02T12:02:36.957Z",28.571,2026-06-02 12:02:36.957,"2026-06-02 12:02","down"
28.826,3139.29,2816.39,3631.29,3236.72,10.757,"2026-06-02T12:02:36.957Z",28.826,2026-06-02 12:02:36.957,"2026-06-02 12:02","down"
29.08,3139.26,2816.48,3632.73,3238.06,10.762,"2026-06-02T12:02:36.957Z",29.08,2026-06-02 12:02:36.957,"2026-06-02 12:02","down"
29.334,3138.45,2815.91,3633.95,3238.93,10.761,"2026-06-02T12:02:36.957Z",29.334,2026-06-02 12:02:36.957,"2026-06-02 12:02","down"
29.588,3138.22,2815.49,3634.08,3238.75,10.747,"2026-06-02T12:02:36.957Z",29.588,2026-06-02 12:02:36.957,"2026-06-02 12:02","down"
29.842,3137.65,2814.65,3633.82,3238.63,10.74,"2026-06-02T12:02:36.957Z",29.842,2026-06-02 12:02:36.957,"2026-06-02 12:02","down"
30.097,3136.03,2813.25,3633.61,3238.67,10.747,"2026-06-02T12:02:36.957Z",30.097,2026-06-02 12:02:36.957,"2026-06-02 12:02","down"
30.351,3135.08,2812.4,3633.12,3238.16,10.745,"2026-06-02T12:02:36.957Z",30.351,2026-06-02 12:02:36.957,"2026-06-02 12:02","down"
30.605,3135.34,2812.42,3632.77,3237.76,10.737,"2026-06-02T12:02:36.957Z",30.605,2026-06-02 12:02:36.957,"2026-06-02 12:02","down"
30.859,3134.17,2811.57,3633.16,3238.2,10.745,"2026-06-02T12:02:36.957Z",30.859,2026-06-02 12:02:36.957,"2026-06-02 12:02","down"
31.113,3131.87,2809.71,3633.26,3238.53,10.757,"2026-06-02T12:02:36.957Z",31.113,2026-06-02 12:02:36.957,"2026-06-02 12:02","down"
31.367,3131.64,2809.43,3632.26,3238.03,10.765,"2026-06-02T12:02:36.957Z",31.367,2026-06-02 12:02:36.957,"2026-06-02 12:02","down"
31.622,3133.14,2810.63,3631.92,3238.07,10.77,"2026-06-02T12:02:36.957Z",31.622,2026-06-02 12:02:36.957,"2026-06-02 12:02","down"
31.876,3133.41,2810.88,3633.46,3239.55,10.773,"2026-06-02T12:02:36.957Z",31.876,2026-06-02 12:02:36.957,"2026-06-02 12:02","down"
32.13,3132.61,2810.17,3634.87,3240.79,10.772,"2026-06-02T12:02:36.957Z",32.13,2026-06-02 12:02:36.957,"2026-06-02 12:02","down"
32.384,3133.04,2810.32,3634.94,3241.02,10.77,"2026-06-02T12:02:36.957Z",32.384,2026-06-02 12:02:36.957,"2026-06-02 12:02","down"
32.638,3134,2810.99,3635.68,3241.75,10.766,"2026-06-02T12:02:36.957Z",32.638,2026-06-02 12:02:36.957,"2026-06-02 12:02","down"
32.893,3132.72,2809.97,3637.65,3243.18,10.762,"2026-06-02T12:02:36.957Z",32.893,2026-06-02 12:02:36.957,"2026-06-02 12:02","down"
33.147,3130.88,2808.28,3638.4,3243.64,10.755,"2026-06-02T12:02:36.957Z",33.147,2026-06-02 12:02:36.957,"2026-06-02 12:02","down"
33.401,3131.33,2808.5,3637.46,3243,10.754,"2026-06-02T12:02:36.957Z",33.401,2026-06-02 12:02:36.957,"2026-06-02 12:02","down"
33.655,3132.73,2809.63,3637.58,3243.33,10.757,"2026-06-02T12:02:36.957Z",33.655,2026-06-02 12:02:36.957,"2026-06-02 12:02","down"
33.909,3132.52,2809.36,3639.25,3244.89,10.756,"2026-06-02T12:02:36.957Z",33.909,2026-06-02 12:02:36.957,"2026-06-02 12:02","down"
34.164,3131.75,2808.67,3640.22,3245.74,10.756,"2026-06-02T12:02:36.957Z",34.164,2026-06-02 12:02:36.957,"2026-06-02 12:02","down"
34.418,3131.84,2808.8,3640.18,3245.77,10.759,"2026-06-02T12:02:36.957Z",34.418,2026-06-02 12:02:36.957,"2026-06-02 12:02","down"
34.672,3131.49,2808.57,3641.02,3246.54,10.762,"2026-06-02T12:02:36.957Z",34.672,2026-06-02 12:02:36.957,"2026-06-02 12:02","down"
34.926,3129.47,2807.15,3642.18,3247.44,10.77,"2026-06-02T12:02:36.957Z",34.926,2026-06-02 12:02:36.957,"2026-06-02 12:02","down"
35.18,3128.71,2806.4,3641.79,3247.08,10.768,"2026-06-02T12:02:36.957Z",35.18,2026-06-02 12:02:36.957,"2026-06-02 12:02","down"
35.435,3130.12,2807.29,3641,3246.67,10.764,"2026-06-02T12:02:36.957Z",35.435,2026-06-02 12:02:36.957,"2026-06-02 12:02","down"
35.689,3130.9,2808.08,3641.9,3247.66,10.771,"2026-06-02T12:02:36.957Z",35.689,2026-06-02 12:02:36.957,"2026-06-02 12:02","down"
35.943,3130.36,2807.73,3643.3,3248.86,10.774,"2026-06-02T12:02:36.957Z",35.943,2026-06-02 12:02:36.957,"2026-06-02 12:02","down"
36.197,3130.37,2807.55,3643.62,3249.17,10.769,"2026-06-02T12:02:36.957Z",36.197,2026-06-02 12:02:36.957,"2026-06-02 12:02","down"
36.451,3130.83,2807.65,3644.09,3249.6,10.76,"2026-06-02T12:02:36.957Z",36.451,2026-06-02 12:02:36.957,"2026-06-02 12:02","down"
36.706,3129.86,2806.78,3645.39,3250.6,10.756,"2026-06-02T12:02:36.957Z",36.706,2026-06-02 12:02:36.957,"2026-06-02 12:02","down"
36.96,3128.2,2805.56,3645.92,3250.94,10.761,"2026-06-02T12:02:36.957Z",36.96,2026-06-02 12:02:36.957,"2026-06-02 12:02","down"
37.214,3127.92,2805.46,3645.22,3250.39,10.767,"2026-06-02T12:02:36.957Z",37.214,2026-06-02 12:02:36.957,"2026-06-02 12:02","down"
37.468,3128.28,2805.54,3644.77,3250.29,10.768,"2026-06-02T12:02:36.957Z",37.468,2026-06-02 12:02:36.957,"2026-06-02 12:02","down"
37.722,3127.34,2804.6,3645.1,3250.75,10.769,"2026-06-02T12:02:36.957Z",37.722,2026-06-02 12:02:36.957,"2026-06-02 12:02","down"
37.977,3126.5,2803.68,3645.05,3250.66,10.763,"2026-06-02T12:02:36.957Z",37.977,2026-06-02 12:02:36.957,"2026-06-02 12:02","down"
38.231,3127.33,2804.12,3644.85,3250.46,10.753,"2026-06-02T12:02:36.957Z",38.231,2026-06-02 12:02:36.957,"2026-06-02 12:02","down"
38.485,3128.14,2804.9,3646.07,3251.69,10.759,"2026-06-02T12:02:36.957Z",38.485,2026-06-02 12:02:36.957,"2026-06-02 12:02","down"
38.739,3127.38,2804.23,3648.12,3253.56,10.76,"2026-06-02T12:02:36.957Z",38.739,2026-06-02 12:02:36.957,"2026-06-02 12:02","down"
38.993,3126.69,2803.45,3649,3254.07,10.748,"2026-06-02T12:02:36.957Z",38.993,2026-06-02 12:02:36.957,"2026-06-02 12:02","down"
39.248,3127.3,2803.83,3648.91,3253.85,10.74,"2026-06-02T12:02:36.957Z",39.248,2026-06-02 12:02:36.957,"2026-06-02 12:02","down"
39.502,3126.86,2803.7,3649.21,3254.28,10.751,"2026-06-02T12:02:36.957Z",39.502,2026-06-02 12:02:36.957,"2026-06-02 12:02","down"
39.756,3124.94,2802.29,3649.27,3254.35,10.761,"2026-06-02T12:02:36.957Z",39.756,2026-06-02 12:02:36.957,"2026-06-02 12:02","down"
40.01,3124.12,2801.58,3648.41,3253.5,10.76,"2026-06-02T12:02:36.957Z",40.01,2026-06-02 12:02:36.957,"2026-06-02 12:02","down"
40.264,3124.78,2801.92,3647.96,3253.26,10.756,"2026-06-02T12:02:36.957Z",40.264,2026-06-02 12:02:36.957,"2026-06-02 12:02","down"
40.519,3124.38,2801.6,3648.66,3254.2,10.766,"2026-06-02T12:02:36.957Z",40.519,2026-06-02 12:02:36.957,"2026-06-02 12:02","down"
40.773,3123.23,2800.6,3649.3,3254.87,10.769,"2026-06-02T12:02:36.957Z",40.773,2026-06-02 12:02:36.957,"2026-06-02 12:02","down"
41.027,3123.82,2800.99,3649.41,3254.91,10.763,"2026-06-02T12:02:36.957Z",41.027,2026-06-02 12:02:36.957,"2026-06-02 12:02","down"
41.281,3125.06,2801.93,3650.03,3255.68,10.764,"2026-06-02T12:02:36.957Z",41.281,2026-06-02 12:02:36.957,"2026-06-02 12:02","down"
41.535,3124.47,2801.3,3651.46,3257.18,10.767,"2026-06-02T12:02:36.957Z",41.535,2026-06-02 12:02:36.957,"2026-06-02 12:02","down"
41.79,3123.15,2800.14,3652.33,3257.94,10.767,"2026-06-02T12:02:36.957Z",41.79,2026-06-02 12:02:36.957,"2026-06-02 12:02","down"
42.044,3123.04,2800.03,3652.41,3257.89,10.764,"2026-06-02T12:02:36.957Z",42.044,2026-06-02 12:02:36.957,"2026-06-02 12:02","down"
42.298,3123.19,2799.95,3653.1,3258.4,10.755,"2026-06-02T12:02:36.957Z",42.298,2026-06-02 12:02:36.957,"2026-06-02 12:02","down"
42.552,3121.81,2798.74,3654.28,3259.3,10.751,"2026-06-02T12:02:36.957Z",42.552,2026-06-02 12:02:36.957,"2026-06-02 12:02","down"
42.806,3120.38,2797.51,3654.2,3259.27,10.754,"2026-06-02T12:02:36.957Z",42.806,2026-06-02 12:02:36.957,"2026-06-02 12:02","down"
43.061,3120.66,2797.63,3653.23,3258.68,10.757,"2026-06-02T12:02:36.957Z",43.061,2026-06-02 12:02:36.957,"2026-06-02 12:02","down"
43.315,3121.48,2798.19,3653.53,3259.01,10.754,"2026-06-02T12:02:36.957Z",43.315,2026-06-02 12:02:36.957,"2026-06-02 12:02","down"
43.569,3121.32,2797.84,3654.98,3260.16,10.744,"2026-06-02T12:02:36.957Z",43.569,2026-06-02 12:02:36.957,"2026-06-02 12:02","down"
43.823,3120.84,2797.64,3655.6,3260.88,10.755,"2026-06-02T12:02:36.957Z",43.823,2026-06-02 12:02:36.957,"2026-06-02 12:02","down"
44.077,3120.59,2798.17,3655.66,3261.18,10.784,"2026-06-02T12:02:36.957Z",44.077,2026-06-02 12:02:36.957,"2026-06-02 12:02","down"
44.332,3119.8,2797.99,3656.57,3262.01,10.8,"2026-06-02T12:02:36.957Z",44.332,2026-06-02 12:02:36.957,"2026-06-02 12:02","down"
44.586,3118.63,2796.54,3657.6,3262.91,10.788,"2026-06-02T12:02:36.957Z",44.586,2026-06-02 12:02:36.957,"2026-06-02 12:02","down"
44.84,3118.9,2795.98,3657.46,3262.93,10.768,"2026-06-02T12:02:36.957Z",44.84,2026-06-02 12:02:36.957,"2026-06-02 12:02","down"
45.094,3119.82,2796.54,3657.3,3263,10.765,"2026-06-02T12:02:36.957Z",45.094,2026-06-02 12:02:36.957,"2026-06-02 12:02","down"
45.348,3119.05,2796.25,3658.53,3264.15,10.778,"2026-06-02T12:02:36.957Z",45.348,2026-06-02 12:02:36.957,"2026-06-02 12:02","down"
45.603,3117.46,2795.2,3659.97,3265.31,10.786,"2026-06-02T12:02:36.957Z",45.603,2026-06-02 12:02:36.957,"2026-06-02 12:02","down"
45.857,3117.11,2794.76,3660.16,3265.5,10.783,"2026-06-02T12:02:36.957Z",45.857,2026-06-02 12:02:36.957,"2026-06-02 12:02","down"
46.111,3116.5,2794.23,3659.99,3265.58,10.789,"2026-06-02T12:02:36.957Z",46.111,2026-06-02 12:02:36.957,"2026-06-02 12:02","down"
46.365,3114.56,2792.69,3659.98,3265.83,10.802,"2026-06-02T12:02:36.957Z",46.365,2026-06-02 12:02:36.957,"2026-06-02 12:02","down"
46.619,3113.19,2791.38,3659.33,3265.37,10.803,"2026-06-02T12:02:36.957Z",46.619,2026-06-02 12:02:36.957,"2026-06-02 12:02","down"
46.874,3113.64,2791.37,3658.69,3264.8,10.79,"2026-06-02T12:02:36.957Z",46.874,2026-06-02 12:02:36.957,"2026-06-02 12:02","down"
47.128,3113.93,2791.67,3659.44,3265.46,10.791,"2026-06-02T12:02:36.957Z",47.128,2026-06-02 12:02:36.957,"2026-06-02 12:02","down"
47.382,3112.81,2791.08,3660.7,3266.55,10.803,"2026-06-02T12:02:36.957Z",47.382,2026-06-02 12:02:36.957,"2026-06-02 12:02","down"
47.636,3112.51,2790.61,3660.8,3266.73,10.799,"2026-06-02T12:02:36.957Z",47.636,2026-06-02 12:02:36.957,"2026-06-02 12:02","down"
47.89,3113.59,2791.24,3660.51,3266.74,10.796,"2026-06-02T12:02:36.957Z",47.89,2026-06-02 12:02:36.957,"2026-06-02 12:02","down"
48.145,3114.13,2791.66,3661.3,3267.62,10.799,"2026-06-02T12:02:36.957Z",48.145,2026-06-02 12:02:36.957,"2026-06-02 12:02","down"
48.399,3112.79,2790.7,3662.49,3268.76,10.808,"2026-06-02T12:02:36.957Z",48.399,2026-06-02 12:02:36.957,"2026-06-02 12:02","down"
48.653,3111.55,2790.05,3662.58,3269.16,10.83,"2026-06-02T12:02:36.957Z",48.653,2026-06-02 12:02:36.957,"2026-06-02 12:02","down"
48.907,3111.68,2790.37,3662.2,3269.2,10.845,"2026-06-02T12:02:36.957Z",48.907,2026-06-02 12:02:36.957,"2026-06-02 12:02","down"
49.161,3111.32,2789.97,3662.71,3269.6,10.842,"2026-06-02T12:02:36.957Z",49.161,2026-06-02 12:02:36.957,"2026-06-02 12:02","down"
49.416,3109.71,2788.66,3663.19,3269.68,10.837,"2026-06-02T12:02:36.957Z",49.416,2026-06-02 12:02:36.957,"2026-06-02 12:02","down"
49.67,3109.43,2788.05,3662.62,3269.12,10.825,"2026-06-02T12:02:36.957Z",49.67,2026-06-02 12:02:36.957,"2026-06-02 12:02","down"
49.924,3110.07,2788.4,3662.33,3269.1,10.824,"2026-06-02T12:02:36.957Z",49.924,2026-06-02 12:02:36.957,"2026-06-02 12:02","down"
50.178,3109.47,2788.1,3663.24,3270.03,10.834,"2026-06-02T12:02:36.957Z",50.178,2026-06-02 12:02:36.957,"2026-06-02 12:02","down"
50.432,3108.37,2787.13,3664.05,3270.81,10.836,"2026-06-02T12:02:36.957Z",50.432,2026-06-02 12:02:36.957,"2026-06-02 12:02","down"
50.687,3108.88,2787.31,3664.12,3271.03,10.832,"2026-06-02T12:02:36.957Z",50.687,2026-06-02 12:02:36.957,"2026-06-02 12:02","down"
50.941,3109.53,2787.91,3664.89,3271.76,10.834,"2026-06-02T12:02:36.957Z",50.941,2026-06-02 12:02:36.957,"2026-06-02 12:02","down"
51.195,3108.33,2787.06,3666.42,3273.01,10.837,"2026-06-02T12:02:36.957Z",51.195,2026-06-02 12:02:36.957,"2026-06-02 12:02","down"
51.449,3107.01,2785.78,3666.83,3273.28,10.832,"2026-06-02T12:02:36.957Z",51.449,2026-06-02 12:02:36.957,"2026-06-02 12:02","down"
51.703,3107.4,2785.92,3666.08,3272.77,10.83,"2026-06-02T12:02:36.957Z",51.703,2026-06-02 12:02:36.957,"2026-06-02 12:02","down"
51.958,3108.05,2786.3,3666.21,3273.16,10.831,"2026-06-02T12:02:36.957Z",51.958,2026-06-02 12:02:36.957,"2026-06-02 12:02","down"
52.212,3107.35,2785.63,3667.25,3274.15,10.831,"2026-06-02T12:02:36.957Z",52.212,2026-06-02 12:02:36.957,"2026-06-02 12:02","down"
52.466,3106.53,2785.07,3667.56,3274.26,10.832,"2026-06-02T12:02:36.957Z",52.466,2026-06-02 12:02:36.957,"2026-06-02 12:02","down"
52.72,3106.77,2785.32,3667.08,3273.79,10.832,"2026-06-02T12:02:36.957Z",52.72,2026-06-02 12:02:36.957,"2026-06-02 12:02","down"
52.974,3106.35,2785,3667.46,3274.21,10.836,"2026-06-02T12:02:36.957Z",52.974,2026-06-02 12:02:36.957,"2026-06-02 12:02","down"
53.229,3104.97,2783.77,3668.49,3275.14,10.836,"2026-06-02T12:02:36.957Z",53.229,2026-06-02 12:02:36.957,"2026-06-02 12:02","down"
53.483,3104.71,2783.29,3668.48,3275.16,10.829,"2026-06-02T12:02:36.957Z",53.483,2026-06-02 12:02:36.957,"2026-06-02 12:02","down"
53.737,3105.53,2783.91,3668.19,3275,10.829,"2026-06-02T12:02:36.957Z",53.737,2026-06-02 12:02:36.957,"2026-06-02 12:02","down"
53.991,3105.34,2783.86,3669.04,3275.7,10.831,"2026-06-02T12:02:36.957Z",53.991,2026-06-02 12:02:36.957,"2026-06-02 12:02","down"
54.245,3103.74,2782.67,3669.63,3276.18,10.837,"2026-06-02T12:02:36.957Z",54.245,2026-06-02 12:02:36.957,"2026-06-02 12:02","down"
54.5,3103.44,2782.2,3669.02,3275.82,10.835,"2026-06-02T12:02:36.957Z",54.5,2026-06-02 12:02:36.957,"2026-06-02 12:02","down"
54.754,3104.66,2783,3669.11,3276.07,10.831,"2026-06-02T12:02:36.957Z",54.754,2026-06-02 12:02:36.957,"2026-06-02 12:02","down"
55.008,3104.48,2782.9,3670.72,3277.43,10.831,"2026-06-02T12:02:36.957Z",55.008,2026-06-02 12:02:36.957,"2026-06-02 12:02","down"
55.262,3102.87,2781.56,3671.67,3278.1,10.83,"2026-06-02T12:02:36.957Z",55.262,2026-06-02 12:02:36.957,"2026-06-02 12:02","down"
55.516,3102.35,2780.94,3671.14,3277.57,10.823,"2026-06-02T12:02:36.957Z",55.516,2026-06-02 12:02:36.957,"2026-06-02 12:02","down"
55.771,3102.29,2780.81,3671.01,3277.45,10.821,"2026-06-02T12:02:36.957Z",55.771,2026-06-02 12:02:36.957,"2026-06-02 12:02","down"
56.025,3101.15,2780.05,3671.87,3278.23,10.829,"2026-06-02T12:02:36.957Z",56.025,2026-06-02 12:02:36.957,"2026-06-02 12:02","down"
56.279,3100.13,2778.96,3672.42,3278.79,10.826,"2026-06-02T12:02:36.957Z",56.279,2026-06-02 12:02:36.957,"2026-06-02 12:02","down"
56.533,3100.27,2778.55,3672.51,3278.94,10.811,"2026-06-02T12:02:36.957Z",56.533,2026-06-02 12:02:36.957,"2026-06-02 12:02","down"
56.787,3100.23,2778.38,3673.32,3279.6,10.805,"2026-06-02T12:02:36.957Z",56.787,2026-06-02 12:02:36.957,"2026-06-02 12:02","down"
57.042,3099.08,2777.61,3674.31,3280.39,10.811,"2026-06-02T12:02:36.957Z",57.042,2026-06-02 12:02:36.957,"2026-06-02 12:02","down"
57.296,3098.46,2777.09,3674.23,3280.3,10.812,"2026-06-02T12:02:36.957Z",57.296,2026-06-02 12:02:36.957,"2026-06-02 12:02","down"
57.55,3099.22,2777.38,3674.08,3280.13,10.799,"2026-06-02T12:02:36.957Z",57.55,2026-06-02 12:02:36.957,"2026-06-02 12:02","down"
57.804,3099.35,2777.49,3674.91,3280.92,10.8,"2026-06-02T12:02:36.957Z",57.804,2026-06-02 12:02:36.957,"2026-06-02 12:02","down"
58.058,3097.97,2776.52,3675.85,3281.87,10.811,"2026-06-02T12:02:36.957Z",58.058,2026-06-02 12:02:36.957,"2026-06-02 12:02","down"
58.313,3096.77,2775.6,3675.93,3282.13,10.82,"2026-06-02T12:02:36.957Z",58.313,2026-06-02 12:02:36.957,"2026-06-02 12:02","down"
58.567,3096.51,2775.32,3676,3282.38,10.824,"2026-06-02T12:02:36.957Z",58.567,2026-06-02 12:02:36.957,"2026-06-02 12:02","down"
58.821,3095.97,2774.67,3676.73,3283.08,10.82,"2026-06-02T12:02:36.957Z",58.821,2026-06-02 12:02:36.957,"2026-06-02 12:02","down"
59.075,3095.59,2774.07,3677.04,3283.39,10.813,"2026-06-02T12:02:36.957Z",59.075,2026-06-02 12:02:36.957,"2026-06-02 12:02","down"
59.329,3096.7,2774.86,3676.74,3283.29,10.811,"2026-06-02T12:02:36.957Z",59.329,2026-06-02 12:02:36.957,"2026-06-02 12:02","down"
59.584,3097.89,2776.08,3677.56,3284.13,10.818,"2026-06-02T12:02:36.957Z",59.584,2026-06-02 12:02:36.957,"2026-06-02 12:02","down"
59.838,3097.72,2776.07,3679.65,3285.86,10.819,"2026-06-02T12:02:36.957Z",59.838,2026-06-02 12:02:36.957,"2026-06-02 12:02","down"
60.092,3097.5,2775.61,3681,3287.11,10.813,"2026-06-02T12:02:36.957Z",60.092,2026-06-02 12:02:36.957,"2026-06-02 12:02","down"
60.346,3098.22,2776,3681.37,3287.63,10.81,"2026-06-02T12:02:36.957Z",60.346,2026-06-02 12:02:36.957,"2026-06-02 12:02","down"
60.6,3098.94,2776.4,3682.35,3288.52,10.803,"2026-06-02T12:02:36.957Z",60.6,2026-06-02 12:02:36.957,"2026-06-02 12:02","down"
60.855,3098.12,2775.77,3683.75,3289.82,10.807,"2026-06-02T12:02:36.957Z",60.855,2026-06-02 12:02:36.957,"2026-06-02 12:02","down"
61.109,3097.27,2775.26,3684.19,3290.37,10.818,"2026-06-02T12:02:36.957Z",61.109,2026-06-02 12:02:36.957,"2026-06-02 12:02","down"
61.363,3097.62,2775.75,3684.27,3290.59,10.828,"2026-06-02T12:02:36.957Z",61.363,2026-06-02 12:02:36.957,"2026-06-02 12:02","down"
61.617,3097.83,2775.92,3685.43,3291.6,10.826,"2026-06-02T12:02:36.957Z",61.617,2026-06-02 12:02:36.957,"2026-06-02 12:02","down"
61.871,3097.11,2775.2,3686.72,3292.52,10.818,"2026-06-02T12:02:36.957Z",61.871,2026-06-02 12:02:36.957,"2026-06-02 12:02","down"
62.126,3096.64,2774.74,3686.92,3292.65,10.816,"2026-06-02T12:02:36.957Z",62.126,2026-06-02 12:02:36.957,"2026-06-02 12:02","down"
62.38,3096.61,2774.76,3687.19,3293.02,10.821,"2026-06-02T12:02:36.957Z",62.38,2026-06-02 12:02:36.957,"2026-06-02 12:02","down"
62.634,3095.77,2774.08,3688.11,3293.89,10.824,"2026-06-02T12:02:36.957Z",62.634,2026-06-02 12:02:36.957,"2026-06-02 12:02","down"
62.888,3094.36,2772.83,3688.27,3294.1,10.826,"2026-06-02T12:02:36.957Z",62.888,2026-06-02 12:02:36.957,"2026-06-02 12:02","down"
63.142,3093.95,2772.25,3687.34,3293.41,10.823,"2026-06-02T12:02:36.957Z",63.142,2026-06-02 12:02:36.957,"2026-06-02 12:02","down"
63.397,3094.41,2772.49,3687.1,3293.22,10.818,"2026-06-02T12:02:36.957Z",63.397,2026-06-02 12:02:36.957,"2026-06-02 12:02","down"
63.651,3094.64,2772.74,3688.11,3294.02,10.818,"2026-06-02T12:02:36.957Z",63.651,2026-06-02 12:02:36.957,"2026-06-02 12:02","down"
63.905,3094.74,2772.92,3688.94,3294.78,10.821,"2026-06-02T12:02:36.957Z",63.905,2026-06-02 12:02:36.957,"2026-06-02 12:02","down"
64.159,3095.28,2773.41,3689.27,3295.3,10.826,"2026-06-02T12:02:36.957Z",64.159,2026-06-02 12:02:36.957,"2026-06-02 12:02","down"
64.413,3095.26,2773.32,3690.23,3296.35,10.829,"2026-06-02T12:02:36.957Z",64.413,2026-06-02 12:02:36.957,"2026-06-02 12:02","down"
64.668,3094.09,2772.23,3691.28,3297.28,10.828,"2026-06-02T12:02:36.957Z",64.668,2026-06-02 12:02:36.957,"2026-06-02 12:02","down"
64.922,3093.49,2771.38,3690.9,3296.91,10.818,"2026-06-02T12:02:36.957Z",64.922,2026-06-02 12:02:36.957,"2026-06-02 12:02","down"
65.176,3094.03,2771.84,3690.01,3296.3,10.822,"2026-06-02T12:02:36.957Z",65.176,2026-06-02 12:02:36.957,"2026-06-02 12:02","down"
65.43,3093.98,2772.09,3690.92,3297.18,10.832,"2026-06-02T12:02:36.957Z",65.43,2026-06-02 12:02:36.957,"2026-06-02 12:02","down"
65.684,3092.48,2770.9,3692.5,3298.42,10.832,"2026-06-02T12:02:36.957Z",65.684,2026-06-02 12:02:36.957,"2026-06-02 12:02","down"
65.939,3091.98,2770.3,3692.14,3298.12,10.828,"2026-06-02T12:02:36.957Z",65.939,2026-06-02 12:02:36.957,"2026-06-02 12:02","down"
66.193,3093.14,2771.16,3690.89,3297.42,10.833,"2026-06-02T12:02:36.957Z",66.193,2026-06-02 12:02:36.957,"2026-06-02 12:02","down"
66.447,3093.52,2771.42,3691.45,3298.25,10.84,"2026-06-02T12:02:36.957Z",66.447,2026-06-02 12:02:36.957,"2026-06-02 12:02","down"
66.701,3092.55,2770.37,3693.05,3299.65,10.833,"2026-06-02T12:02:36.957Z",66.701,2026-06-02 12:02:36.957,"2026-06-02 12:02","down"
66.955,3091.83,2769.71,3693.54,3299.99,10.83,"2026-06-02T12:02:36.957Z",66.955,2026-06-02 12:02:36.957,"2026-06-02 12:02","down"
67.21,3091.57,2769.82,3693.46,3299.87,10.84,"2026-06-02T12:02:36.957Z",67.21,2026-06-02 12:02:36.957,"2026-06-02 12:02","down"
67.464,3090.97,2769.25,3694.01,3300.21,10.835,"2026-06-02T12:02:36.957Z",67.464,2026-06-02 12:02:36.957,"2026-06-02 12:02","down"
67.718,3090.13,2768.27,3694.41,3300.43,10.824,"2026-06-02T12:02:36.957Z",67.718,2026-06-02 12:02:36.957,"2026-06-02 12:02","down"
67.972,3090.34,2768.04,3693.98,3300.09,10.813,"2026-06-02T12:02:36.957Z",67.972,2026-06-02 12:02:36.957,"2026-06-02 12:02","down"
68.226,3090.29,2768.08,3693.73,3300.03,10.819,"2026-06-02T12:02:36.957Z",68.226,2026-06-02 12:02:36.957,"2026-06-02 12:02","down"
68.481,3089.05,2767.08,3694.2,3300.51,10.824,"2026-06-02T12:02:36.957Z",68.481,2026-06-02 12:02:36.957,"2026-06-02 12:02","down"
68.735,3087.96,2766.24,3694.33,3300.69,10.83,"2026-06-02T12:02:36.957Z",68.735,2026-06-02 12:02:36.957,"2026-06-02 12:02","down"
68.989,3088.35,2766.38,3694.15,3300.72,10.828,"2026-06-02T12:02:36.957Z",68.989,2026-06-02 12:02:36.957,"2026-06-02 12:02","down"
69.243,3088.48,2766.22,3695.05,3301.63,10.823,"2026-06-02T12:02:36.957Z",69.243,2026-06-02 12:02:36.957,"2026-06-02 12:02","down"
69.497,3087.1,2765.3,3696.54,3302.91,10.831,"2026-06-02T12:02:36.957Z",69.497,2026-06-02 12:02:36.957,"2026-06-02 12:02","down"
69.752,3085.6,2764.34,3696.82,3303.08,10.841,"2026-06-02T12:02:36.957Z",69.752,2026-06-02 12:02:36.957,"2026-06-02 12:02","down"
70.006,3084.96,2763.69,3696.03,3302.37,10.838,"2026-06-02T12:02:36.957Z",70.006,2026-06-02 12:02:36.957,"2026-06-02 12:02","down"
70.26,3084.25,2762.79,3695.57,3302.03,10.832,"2026-06-02T12:02:36.957Z",70.26,2026-06-02 12:02:36.957,"2026-06-02 12:02","down"
70.514,3082.95,2761.42,3695.4,3302.05,10.83,"2026-06-02T12:02:36.957Z",70.514,2026-06-02 12:02:36.957,"2026-06-02 12:02","down"
70.768,3082.78,2760.89,3694.91,3301.82,10.824,"2026-06-02T12:02:36.957Z",70.768,2026-06-02 12:02:36.957,"2026-06-02 12:02","down"
71.023,3083.5,2761.17,3695.15,3302.06,10.814,"2026-06-02T12:02:36.957Z",71.023,2026-06-02 12:02:36.957,"2026-06-02 12:02","down"
71.277,3082.95,2760.51,3696.81,3303.19,10.799,"2026-06-02T12:02:36.957Z",71.277,2026-06-02 12:02:36.957,"2026-06-02 12:02","down"
71.531,3081.55,2759.32,3698.19,3303.92,10.789,"2026-06-02T12:02:36.957Z",71.531,2026-06-02 12:02:36.957,"2026-06-02 12:02","down"
71.785,3081.59,2759.26,3698.45,3303.99,10.782,"2026-06-02T12:02:36.957Z",71.785,2026-06-02 12:02:36.957,"2026-06-02 12:02","down"
72.039,3082.14,2759.71,3699.22,3304.77,10.783,"2026-06-02T12:02:36.957Z",72.039,2026-06-02 12:02:36.957,"2026-06-02 12:02","down"
72.294,3080.78,2758.71,3700.9,3306.31,10.791,"2026-06-02T12:02:36.957Z",72.294,2026-06-02 12:02:36.957,"2026-06-02 12:02","down"
72.548,3078.95,2757.18,3701.51,3306.9,10.795,"2026-06-02T12:02:36.957Z",72.548,2026-06-02 12:02:36.957,"2026-06-02 12:02","down"
72.802,3078.86,2756.94,3700.42,3306.22,10.797,"2026-06-02T12:02:36.957Z",72.802,2026-06-02 12:02:36.957,"2026-06-02 12:02","down"
73.056,3079.53,2757.37,3699.69,3305.83,10.799,"2026-06-02T12:02:36.957Z",73.056,2026-06-02 12:02:36.957,"2026-06-02 12:02","down"
73.31,3079.36,2757.09,3700.21,3306.28,10.795,"2026-06-02T12:02:36.957Z",73.31,2026-06-02 12:02:36.957,"2026-06-02 12:02","down"
73.565,3079.26,2756.9,3700.81,3306.79,10.791,"2026-06-02T12:02:36.957Z",73.565,2026-06-02 12:02:36.957,"2026-06-02 12:02","down"
73.819,3079.91,2757.48,3701.53,3307.47,10.792,"2026-06-02T12:02:36.957Z",73.819,2026-06-02 12:02:36.957,"2026-06-02 12:02","down"
74.073,3079.61,2757.21,3703.14,3308.77,10.788,"2026-06-02T12:02:36.957Z",74.073,2026-06-02 12:02:36.957,"2026-06-02 12:02","down"
74.327,3078.26,2755.97,3704.45,3309.67,10.78,"2026-06-02T12:02:36.957Z",74.327,2026-06-02 12:02:36.957,"2026-06-02 12:02","down"
74.581,3078.21,2755.84,3704.15,3309.31,10.776,"2026-06-02T12:02:36.957Z",74.581,2026-06-02 12:02:36.957,"2026-06-02 12:02","down"
74.836,3078.97,2756.62,3703.76,3309.28,10.787,"2026-06-02T12:02:36.957Z",74.836,2026-06-02 12:02:36.957,"2026-06-02 12:02","down"
75.09,3077.68,2755.7,3704.51,3310.18,10.8,"2026-06-02T12:02:36.957Z",75.09,2026-06-02 12:02:36.957,"2026-06-02 12:02","down"
75.344,3074.98,2753.28,3704.63,3310.18,10.797,"2026-06-02T12:02:36.957Z",75.344,2026-06-02 12:02:36.957,"2026-06-02 12:02","down"
75.598,3074.75,2752.65,3703.43,3309.04,10.782,"2026-06-02T12:02:36.957Z",75.598,2026-06-02 12:02:36.957,"2026-06-02 12:02","down"
75.852,3076.38,2753.93,3703.41,3309.13,10.78,"2026-06-02T12:02:36.957Z",75.852,2026-06-02 12:02:36.957,"2026-06-02 12:02","down"
76.107,3075.91,2753.83,3705.46,3310.98,10.79,"2026-06-02T12:02:36.957Z",76.107,2026-06-02 12:02:36.957,"2026-06-02 12:02","down"
76.361,3074.23,2752.33,3706.75,3312.14,10.79,"2026-06-02T12:02:36.957Z",76.361,2026-06-02 12:02:36.957,"2026-06-02 12:02","down"
76.615,3074.45,2752.38,3706.27,3311.89,10.79,"2026-06-02T12:02:36.957Z",76.615,2026-06-02 12:02:36.957,"2026-06-02 12:02","down"
76.869,3075.05,2752.91,3706.57,3312.25,10.792,"2026-06-02T12:02:36.957Z",76.869,2026-06-02 12:02:36.957,"2026-06-02 12:02","down"
77.123,3073.41,2751.5,3707.91,3313.27,10.789,"2026-06-02T12:02:36.957Z",77.123,2026-06-02 12:02:36.957,"2026-06-02 12:02","down"
77.378,3071.97,2750.19,3707.52,3312.92,10.789,"2026-06-02T12:02:36.957Z",77.378,2026-06-02 12:02:36.957,"2026-06-02 12:02","down"
77.632,3072.75,2750.79,3705.69,3311.64,10.795,"2026-06-02T12:02:36.957Z",77.632,2026-06-02 12:02:36.957,"2026-06-02 12:02","down"
77.886,3072.83,2751.01,3705.28,3311.58,10.807,"2026-06-02T12:02:36.957Z",77.886,2026-06-02 12:02:36.957,"2026-06-02 12:02","down"
78.14,3070.64,2749.29,3705.78,3311.99,10.814,"2026-06-02T12:02:36.957Z",78.14,2026-06-02 12:02:36.957,"2026-06-02 12:02","down"
78.394,3069.6,2748.03,3705.01,3311.14,10.799,"2026-06-02T12:02:36.957Z",78.394,2026-06-02 12:02:36.957,"2026-06-02 12:02","down"
78.649,3070.66,2748.64,3704.08,3310.36,10.79,"2026-06-02T12:02:36.957Z",78.649,2026-06-02 12:02:36.957,"2026-06-02 12:02","down"
78.903,3070.7,2748.58,3704.98,3311.28,10.791,"2026-06-02T12:02:36.957Z",78.903,2026-06-02 12:02:36.957,"2026-06-02 12:02","down"
79.157,3069.05,2747.07,3706.22,3312.44,10.791,"2026-06-02T12:02:36.957Z",79.157,2026-06-02 12:02:36.957,"2026-06-02 12:02","down"
79.411,3068.69,2746.54,3705.83,3312.29,10.79,"2026-06-02T12:02:36.957Z",79.411,2026-06-02 12:02:36.957,"2026-06-02 12:02","down"
79.665,3069.77,2747.27,3705.33,3312.07,10.788,"2026-06-02T12:02:36.957Z",79.665,2026-06-02 12:02:36.957,"2026-06-02 12:02","down"
79.92,3069.28,2747.04,3706.33,3312.96,10.794,"2026-06-02T12:02:36.957Z",79.92,2026-06-02 12:02:36.957,"2026-06-02 12:02","down"
80.174,3067.52,2745.83,3707.18,3313.58,10.802,"2026-06-02T12:02:36.957Z",80.174,2026-06-02 12:02:36.957,"2026-06-02 12:02","down"
80.428,3066.8,2745.33,3706.76,3313.06,10.803,"2026-06-02T12:02:36.957Z",80.428,2026-06-02 12:02:36.957,"2026-06-02 12:02","down"
80.682,3066.97,2745.22,3706.57,3312.73,10.79,"2026-06-02T12:02:36.957Z",80.682,2026-06-02 12:02:36.957,"2026-06-02 12:02","down"
80.936,3066.48,2744.49,3707.38,3313.31,10.778,"2026-06-02T12:02:36.957Z",80.936,2026-06-02 12:02:36.957,"2026-06-02 12:02","down"
81.191,3065.79,2743.92,3707.97,3313.89,10.781,"2026-06-02T12:02:36.957Z",81.191,2026-06-02 12:02:36.957,"2026-06-02 12:02","down"
81.445,3066.15,2744.3,3708.05,3314.11,10.787,"2026-06-02T12:02:36.957Z",81.445,2026-06-02 12:02:36.957,"2026-06-02 12:02","down"
81.699,3066.69,2744.71,3708.59,3314.79,10.789,"2026-06-02T12:02:36.957Z",81.699,2026-06-02 12:02:36.957,"2026-06-02 12:02","down"
81.953,3066.46,2744.38,3709.57,3315.62,10.784,"2026-06-02T12:02:36.957Z",81.953,2026-06-02 12:02:36.957,"2026-06-02 12:02","down"
82.207,3067.35,2744.88,3709.7,3315.77,10.776,"2026-06-02T12:02:36.957Z",82.207,2026-06-02 12:02:36.957,"2026-06-02 12:02","down"
82.462,3069.45,2746.38,3709.9,3316.09,10.768,"2026-06-02T12:02:36.957Z",82.462,2026-06-02 12:02:36.957,"2026-06-02 12:02","down"
82.716,3067.67,2745.07,3710.51,3317.46,10.797,"2026-06-02T12:02:36.957Z",82.716,2026-06-02 12:02:36.957,"2026-06-02 12:02","down"
82.97,3037.18,2722.89,3708.79,3320.16,11.061,"2026-06-02T12:02:36.957Z",82.97,2026-06-02 12:02:36.957,"2026-06-02 12:02","down"
83.224,2928.15,2636.79,3719.93,3337.87,11.627,"2026-06-02T12:02:36.957Z",83.224,2026-06-02 12:02:36.957,"2026-06-02 12:02","down"
83.478,2795.26,2522.43,3785.96,3401.67,11.917,"2026-06-02T12:02:36.957Z",83.478,2026-06-02 12:02:36.957,"2026-06-02 12:02","down"
83.733,2731.27,2460.18,3911.47,3509.01,11.633,"2026-06-02T12:02:36.957Z",83.267,2026-06-02 12:02:36.957,"2026-06-02 12:02","up"
83.987,2726.07,2446.73,4018.95,3594.71,11.083,"2026-06-02T12:02:36.957Z",83.013,2026-06-02 12:02:36.957,"2026-06-02 12:02","up"
84.241,2728.83,2445.37,4061,3626.25,10.812,"2026-06-02T12:02:36.957Z",82.759,2026-06-02 12:02:36.957,"2026-06-02 12:02","up"
84.495,2727.65,2443.88,4066.82,3630.33,10.771,"2026-06-02T12:02:36.957Z",82.505,2026-06-02 12:02:36.957,"2026-06-02 12:02","up"
84.749,2726.86,2443.68,4065.23,3629.26,10.797,"2026-06-02T12:02:36.957Z",82.251,2026-06-02 12:02:36.957,"2026-06-02 12:02","up"
85.004,2726.27,2443.16,4064.41,3628.94,10.807,"2026-06-02T12:02:36.957Z",81.996,2026-06-02 12:02:36.957,"2026-06-02 12:02","up"
85.258,2723.85,2441.19,4064.81,3629.39,10.816,"2026-06-02T12:02:36.957Z",81.742,2026-06-02 12:02:36.957,"2026-06-02 12:02","up"
85.512,2722.62,2440.02,4064.37,3629.2,10.818,"2026-06-02T12:02:36.957Z",81.488,2026-06-02 12:02:36.957,"2026-06-02 12:02","up"
85.766,2723.06,2440.35,4063.85,3628.97,10.821,"2026-06-02T12:02:36.957Z",81.234,2026-06-02 12:02:36.957,"2026-06-02 12:02","up"
86.02,2723.79,2440.93,4064.78,3629.68,10.816,"2026-06-02T12:02:36.957Z",80.98,2026-06-02 12:02:36.957,"2026-06-02 12:02","up"
86.275,2723.99,2441.09,4065.99,3630.64,10.812,"2026-06-02T12:02:36.957Z",80.725,2026-06-02 12:02:36.957,"2026-06-02 12:02","up"
86.529,2725.18,2441.97,4066.36,3631.27,10.813,"2026-06-02T12:02:36.957Z",80.471,2026-06-02 12:02:36.957,"2026-06-02 12:02","up"
86.783,2726.35,2442.6,4067.42,3632.51,10.805,"2026-06-02T12:02:36.957Z",80.217,2026-06-02 12:02:36.957,"2026-06-02 12:02","up"
87.037,2725.43,2441.7,4070.01,3634.47,10.795,"2026-06-02T12:02:36.957Z",79.963,2026-06-02 12:02:36.957,"2026-06-02 12:02","up"
87.291,2723.94,2440.64,4071.5,3635.5,10.797,"2026-06-02T12:02:36.957Z",79.709,2026-06-02 12:02:36.957,"2026-06-02 12:02","up"
87.546,2723.91,2440.91,4070.82,3635.07,10.812,"2026-06-02T12:02:36.957Z",79.454,2026-06-02 12:02:36.957,"2026-06-02 12:02","up"
87.8,2724.02,2441.04,4070.62,3635.12,10.818,"2026-06-02T12:02:36.957Z",79.2,2026-06-02 12:02:36.957,"2026-06-02 12:02","up"
88.054,2722.56,2439.75,4071.49,3635.86,10.818,"2026-06-02T12:02:36.957Z",78.946,2026-06-02 12:02:36.957,"2026-06-02 12:02","up"
88.308,2721.48,2438.57,4071.3,3635.71,10.811,"2026-06-02T12:02:36.957Z",78.692,2026-06-02 12:02:36.957,"2026-06-02 12:02","up"
88.562,2721.76,2438.65,4070.65,3635.39,10.811,"2026-06-02T12:02:36.957Z",78.438,2026-06-02 12:02:36.957,"2026-06-02 12:02","up"
88.817,2721.41,2438.47,4071.48,3636.24,10.817,"2026-06-02T12:02:36.957Z",78.183,2026-06-02 12:02:36.957,"2026-06-02 12:02","up"
89.071,2720.24,2437.61,4072.52,3637.13,10.823,"2026-06-02T12:02:36.957Z",77.929,2026-06-02 12:02:36.957,"2026-06-02 12:02","up"
89.325,2720.73,2437.77,4072.44,3637.28,10.819,"2026-06-02T12:02:36.957Z",77.675,2026-06-02 12:02:36.957,"2026-06-02 12:02","up"
89.579,2722.15,2438.73,4073.31,3638.11,10.81,"2026-06-02T12:02:36.957Z",77.421,2026-06-02 12:02:36.957,"2026-06-02 12:02","up"
89.833,2721.56,2438.36,4075.99,3640.1,10.806,"2026-06-02T12:02:36.957Z",77.167,2026-06-02 12:02:36.957,"2026-06-02 12:02","up"
90.088,2719.37,2436.69,4077.45,3641.15,10.81,"2026-06-02T12:02:36.957Z",76.912,2026-06-02 12:02:36.957,"2026-06-02 12:02","up"
90.342,2718.85,2436.06,4076.42,3640.54,10.811,"2026-06-02T12:02:36.957Z",76.658,2026-06-02 12:02:36.957,"2026-06-02 12:02","up"
90.596,2719.5,2436.47,4075.95,3640.3,10.81,"2026-06-02T12:02:36.957Z",76.404,2026-06-02 12:02:36.957,"2026-06-02 12:02","up"
90.85,2718.55,2435.85,4077.27,3641.32,10.814,"2026-06-02T12:02:36.957Z",76.15,2026-06-02 12:02:36.957,"2026-06-02 12:02","up"
91.104,2717.25,2434.68,4077.71,3641.71,10.813,"2026-06-02T12:02:36.957Z",75.896,2026-06-02 12:02:36.957,"2026-06-02 12:02","up"
91.359,2717.82,2434.86,4076.72,3641.27,10.812,"2026-06-02T12:02:36.957Z",75.641,2026-06-02 12:02:36.957,"2026-06-02 12:02","up"
91.613,2718.35,2435.41,4077.15,3641.74,10.817,"2026-06-02T12:02:36.957Z",75.387,2026-06-02 12:02:36.957,"2026-06-02 12:02","up"
91.867,2716.96,2434.55,4078.68,3642.77,10.823,"2026-06-02T12:02:36.957Z",75.133,2026-06-02 12:02:36.957,"2026-06-02 12:02","up"
92.121,2715.49,2433.31,4078.46,3642.54,10.824,"2026-06-02T12:02:36.957Z",74.879,2026-06-02 12:02:36.957,"2026-06-02 12:02","up"
92.375,2715.64,2433.1,4077,3641.57,10.82,"2026-06-02T12:02:36.957Z",74.625,2026-06-02 12:02:36.957,"2026-06-02 12:02","up"
92.63,2715.62,2432.77,4076.93,3641.69,10.814,"2026-06-02T12:02:36.957Z",74.37,2026-06-02 12:02:36.957,"2026-06-02 12:02","up"
92.884,2714.15,2431.47,4077.72,3642.21,10.81,"2026-06-02T12:02:36.957Z",74.116,2026-06-02 12:02:36.957,"2026-06-02 12:02","up"
93.138,2712.89,2430.35,4077.05,3641.48,10.807,"2026-06-02T12:02:36.957Z",73.862,2026-06-02 12:02:36.957,"2026-06-02 12:02","up"
93.392,2712.99,2430.33,4075.78,3640.6,10.81,"2026-06-02T12:02:36.957Z",73.608,2026-06-02 12:02:36.957,"2026-06-02 12:02","up"
93.646,2713.06,2430.29,4076.03,3641.14,10.813,"2026-06-02T12:02:36.957Z",73.354,2026-06-02 12:02:36.957,"2026-06-02 12:02","up"
93.901,2712.61,2429.83,4077,3642,10.811,"2026-06-02T12:02:36.957Z",73.099,2026-06-02 12:02:36.957,"2026-06-02 12:02","up"
94.155,2712.93,2429.93,4076.77,3641.85,10.806,"2026-06-02T12:02:36.957Z",72.845,2026-06-02 12:02:36.957,"2026-06-02 12:02","up"
94.409,2713.89,2430.55,4076.66,3641.96,10.802,"2026-06-02T12:02:36.957Z",72.591,2026-06-02 12:02:36.957,"2026-06-02 12:02","up"
94.663,2713.75,2430.32,4078.22,3643.28,10.797,"2026-06-02T12:02:36.957Z",72.337,2026-06-02 12:02:36.957,"2026-06-02 12:02","up"
94.917,2712.69,2429.26,4079.53,3644.23,10.788,"2026-06-02T12:02:36.957Z",72.083,2026-06-02 12:02:36.957,"2026-06-02 12:02","up"
95.172,2712.44,2429.18,4079.35,3644.07,10.793,"2026-06-02T12:02:36.957Z",71.828,2026-06-02 12:02:36.957,"2026-06-02 12:02","up"
95.426,2712.89,2429.67,4079.55,3644.51,10.802,"2026-06-02T12:02:36.957Z",71.574,2026-06-02 12:02:36.957,"2026-06-02 12:02","up"
95.68,2712.3,2429.32,4081.09,3646.09,10.813,"2026-06-02T12:02:36.957Z",71.32,2026-06-02 12:02:36.957,"2026-06-02 12:02","up"
95.934,2711.79,2428.9,4082.27,3647.33,10.819,"2026-06-02T12:02:36.957Z",71.066,2026-06-02 12:02:36.957,"2026-06-02 12:02","up"
96.188,2712.53,2429.63,4082.6,3648,10.829,"2026-06-02T12:02:36.957Z",70.812,2026-06-02 12:02:36.957,"2026-06-02 12:02","up"
96.443,2712.91,2430.15,4083.76,3649.23,10.84,"2026-06-02T12:02:36.957Z",70.557,2026-06-02 12:02:36.957,"2026-06-02 12:02","up"
96.697,2711.55,2429.15,4085.21,3650.48,10.846,"2026-06-02T12:02:36.957Z",70.303,2026-06-02 12:02:36.957,"2026-06-02 12:02","up"
96.951,2710.56,2428.24,4084.93,3650.36,10.849,"2026-06-02T12:02:36.957Z",70.049,2026-06-02 12:02:36.957,"2026-06-02 12:02","up"
97.205,2711.14,2428.44,4083.82,3649.59,10.843,"2026-06-02T12:02:36.957Z",69.795,2026-06-02 12:02:36.957,"2026-06-02 12:02","up"
97.459,2711.11,2428.31,4084.12,3649.79,10.837,"2026-06-02T12:02:36.957Z",69.541,2026-06-02 12:02:36.957,"2026-06-02 12:02","up"
97.714,2709.82,2427.28,4084.96,3650.54,10.842,"2026-06-02T12:02:36.957Z",69.286,2026-06-02 12:02:36.957,"2026-06-02 12:02","up"
97.968,2709.42,2427.13,4084.73,3650.72,10.858,"2026-06-02T12:02:36.957Z",69.032,2026-06-02 12:02:36.957,"2026-06-02 12:02","up"
98.222,2710.16,2427.92,4084.89,3651.29,10.872,"2026-06-02T12:02:36.957Z",68.778,2026-06-02 12:02:36.957,"2026-06-02 12:02","up"
98.476,2709.65,2427.46,4086.93,3653.1,10.871,"2026-06-02T12:02:36.957Z",68.524,2026-06-02 12:02:36.957,"2026-06-02 12:02","up"
98.73,2708.16,2425.99,4088.88,3654.56,10.86,"2026-06-02T12:02:36.957Z",68.27,2026-06-02 12:02:36.957,"2026-06-02 12:02","up"
98.985,2708.47,2425.96,4089,3654.7,10.851,"2026-06-02T12:02:36.957Z",68.015,2026-06-02 12:02:36.957,"2026-06-02 12:02","up"
99.239,2709.95,2427.19,4089.71,3655.45,10.85,"2026-06-02T12:02:36.957Z",67.761,2026-06-02 12:02:36.957,"2026-06-02 12:02","up"
99.493,2709.75,2426.99,4092.24,3657.38,10.842,"2026-06-02T12:02:36.957Z",67.507,2026-06-02 12:02:36.957,"2026-06-02 12:02","up"
99.747,2708.58,2425.87,4093.43,3658.22,10.834,"2026-06-02T12:02:36.957Z",67.253,2026-06-02 12:02:36.957,"2026-06-02 12:02","up"
100.001,2708.89,2426.04,4092.64,3657.73,10.835,"2026-06-02T12:02:36.957Z",66.999,2026-06-02 12:02:36.957,"2026-06-02 12:02","up"
100.256,2709.86,2426.82,4093.05,3658.4,10.839,"2026-06-02T12:02:36.957Z",66.744,2026-06-02 12:02:36.957,"2026-06-02 12:02","up"
100.51,2709.73,2426.71,4095.18,3660.41,10.842,"2026-06-02T12:02:36.957Z",66.49,2026-06-02 12:02:36.957,"2026-06-02 12:02","up"
100.764,2709.28,2426.49,4096.32,3661.59,10.852,"2026-06-02T12:02:36.957Z",66.236,2026-06-02 12:02:36.957,"2026-06-02 12:02","up"
101.018,2710.02,2427.32,4096.38,3661.86,10.862,"2026-06-02T12:02:36.957Z",65.982,2026-06-02 12:02:36.957,"2026-06-02 12:02","up"
101.272,2710.73,2427.83,4097.63,3662.87,10.856,"2026-06-02T12:02:36.957Z",65.728,2026-06-02 12:02:36.957,"2026-06-02 12:02","up"
101.526,2709.82,2426.84,4099.38,3664.04,10.841,"2026-06-02T12:02:36.957Z",65.474,2026-06-02 12:02:36.957,"2026-06-02 12:02","up"
101.781,2709.32,2426.33,4099.36,3663.87,10.835,"2026-06-02T12:02:36.957Z",65.219,2026-06-02 12:02:36.957,"2026-06-02 12:02","up"
102.035,2710.04,2427.11,4098.77,3663.51,10.843,"2026-06-02T12:02:36.957Z",64.965,2026-06-02 12:02:36.957,"2026-06-02 12:02","up"
102.289,2709.79,2426.89,4099.71,3664.45,10.846,"2026-06-02T12:02:36.957Z",64.711,2026-06-02 12:02:36.957,"2026-06-02 12:02","up"
102.543,2707.86,2425.34,4100.25,3665.19,10.858,"2026-06-02T12:02:36.957Z",64.457,2026-06-02 12:02:36.957,"2026-06-02 12:02","up"
102.797,2707.1,2424.88,4098.46,3664.03,10.876,"2026-06-02T12:02:36.957Z",64.203,2026-06-02 12:02:36.957,"2026-06-02 12:02","up"
103.052,2708.21,2425.58,4096.98,3662.85,10.869,"2026-06-02T12:02:36.957Z",63.948,2026-06-02 12:02:36.957,"2026-06-02 12:02","up"
103.306,2708.38,2425.24,4097.93,3663.53,10.848,"2026-06-02T12:02:36.957Z",63.694,2026-06-02 12:02:36.957,"2026-06-02 12:02","up"
103.56,2707.14,2424,4099.39,3664.67,10.84,"2026-06-02T12:02:36.957Z",63.44,2026-06-02 12:02:36.957,"2026-06-02 12:02","up"
103.814,2707.13,2424.05,4099.64,3665.04,10.845,"2026-06-02T12:02:36.957Z",63.186,2026-06-02 12:02:36.957,"2026-06-02 12:02","up"
104.068,2708.16,2425.11,4100.57,3666.04,10.854,"2026-06-02T12:02:36.957Z",62.932,2026-06-02 12:02:36.957,"2026-06-02 12:02","up"
104.323,2707.75,2424.92,4102.98,3668.06,10.857,"2026-06-02T12:02:36.957Z",62.677,2026-06-02 12:02:36.957,"2026-06-02 12:02","up"
104.577,2706.52,2423.77,4103.92,3668.84,10.854,"2026-06-02T12:02:36.957Z",62.423,2026-06-02 12:02:36.957,"2026-06-02 12:02","up"
104.831,2706.84,2423.92,4102.79,3668.14,10.856,"2026-06-02T12:02:36.957Z",62.169,2026-06-02 12:02:36.957,"2026-06-02 12:02","up"
105.085,2708.1,2424.92,4102.96,3668.53,10.857,"2026-06-02T12:02:36.957Z",61.915,2026-06-02 12:02:36.957,"2026-06-02 12:02","up"
105.339,2707.95,2424.62,4105.36,3670.57,10.849,"2026-06-02T12:02:36.957Z",61.661,2026-06-02 12:02:36.957,"2026-06-02 12:02","up"
105.594,2707.09,2423.72,4107.22,3671.95,10.838,"2026-06-02T12:02:36.957Z",61.406,2026-06-02 12:02:36.957,"2026-06-02 12:02","up"
105.848,2707.04,2423.67,4107.59,3672.11,10.834,"2026-06-02T12:02:36.957Z",61.152,2026-06-02 12:02:36.957,"2026-06-02 12:02","up"
106.102,2706.65,2423.48,4108.35,3672.83,10.841,"2026-06-02T12:02:36.957Z",60.898,2026-06-02 12:02:36.957,"2026-06-02 12:02","up"
106.356,2705.36,2422.3,4109.36,3673.74,10.84,"2026-06-02T12:02:36.957Z",60.644,2026-06-02 12:02:36.957,"2026-06-02 12:02","up"
106.61,2704.85,2421.62,4108.85,3673.37,10.834,"2026-06-02T12:02:36.957Z",60.39,2026-06-02 12:02:36.957,"2026-06-02 12:02","up"
106.865,2705.47,2421.9,4108.01,3672.79,10.828,"2026-06-02T12:02:36.957Z",60.135,2026-06-02 12:02:36.957,"2026-06-02 12:02","up"
107.119,2705.17,2421.69,4108.74,3673.37,10.829,"2026-06-02T12:02:36.957Z",59.881,2026-06-02 12:02:36.957,"2026-06-02 12:02","up"
107.373,2703.88,2420.76,4109.65,3674,10.832,"2026-06-02T12:02:36.957Z",59.627,2026-06-02 12:02:36.957,"2026-06-02 12:02","up"
107.627,2703.56,2420.49,4109.42,3673.68,10.83,"2026-06-02T12:02:36.957Z",59.373,2026-06-02 12:02:36.957,"2026-06-02 12:02","up"
107.881,2703.92,2420.77,4109.43,3673.64,10.828,"2026-06-02T12:02:36.957Z",59.119,2026-06-02 12:02:36.957,"2026-06-02 12:02","up"
108.136,2703.28,2420.29,4110.42,3674.6,10.833,"2026-06-02T12:02:36.957Z",58.864,2026-06-02 12:02:36.957,"2026-06-02 12:02","up"
108.39,2702.38,2419.38,4110.83,3675.15,10.833,"2026-06-02T12:02:36.957Z",58.61,2026-06-02 12:02:36.957,"2026-06-02 12:02","up"
108.644,2702.7,2419.53,4110.45,3675.03,10.833,"2026-06-02T12:02:36.957Z",58.356,2026-06-02 12:02:36.957,"2026-06-02 12:02","up"
108.898,2703.23,2420.1,4111.26,3675.81,10.838,"2026-06-02T12:02:36.957Z",58.102,2026-06-02 12:02:36.957,"2026-06-02 12:02","up"
109.152,2702.46,2419.5,4112.94,3677.22,10.839,"2026-06-02T12:02:36.957Z",57.848,2026-06-02 12:02:36.957,"2026-06-02 12:02","up"
109.407,2701.53,2418.19,4113.12,3677.42,10.823,"2026-06-02T12:02:36.957Z",57.593,2026-06-02 12:02:36.957,"2026-06-02 12:02","up"
109.661,2701.8,2418.18,4112.21,3676.75,10.818,"2026-06-02T12:02:36.957Z",57.339,2026-06-02 12:02:36.957,"2026-06-02 12:02","up"
109.915,2701.99,2418.43,4112.61,3676.96,10.817,"2026-06-02T12:02:36.957Z",57.085,2026-06-02 12:02:36.957,"2026-06-02 12:02","up"
110.169,2700.75,2417.44,4113.67,3677.63,10.815,"2026-06-02T12:02:36.957Z",56.831,2026-06-02 12:02:36.957,"2026-06-02 12:02","up"
110.423,2699.63,2416.59,4113.05,3677.24,10.824,"2026-06-02T12:02:36.957Z",56.577,2026-06-02 12:02:36.957,"2026-06-02 12:02","up"
110.678,2699.76,2416.8,4111.76,3676.6,10.839,"2026-06-02T12:02:36.957Z",56.322,2026-06-02 12:02:36.957,"2026-06-02 12:02","up"
110.932,2699.47,2416.66,4112.32,3677.41,10.85,"2026-06-02T12:02:36.957Z",56.068,2026-06-02 12:02:36.957,"2026-06-02 12:02","up"
111.186,2698.29,2415.68,4113.28,3678.47,10.857,"2026-06-02T12:02:36.957Z",55.814,2026-06-02 12:02:36.957,"2026-06-02 12:02","up"
111.44,2698.37,2415.47,4112.54,3678.14,10.855,"2026-06-02T12:02:36.957Z",55.56,2026-06-02 12:02:36.957,"2026-06-02 12:02","up"
111.694,2699.6,2416.26,4112.35,3678.23,10.85,"2026-06-02T12:02:36.957Z",55.306,2026-06-02 12:02:36.957,"2026-06-02 12:02","up"
111.949,2699.29,2416.14,4114.38,3680.13,10.858,"2026-06-02T12:02:36.957Z",55.051,2026-06-02 12:02:36.957,"2026-06-02 12:02","up"
112.203,2697.72,2414.98,4115.99,3681.6,10.867,"2026-06-02T12:02:36.957Z",54.797,2026-06-02 12:02:36.957,"2026-06-02 12:02","up"
112.457,2697.81,2414.92,4115.66,3681.37,10.863,"2026-06-02T12:02:36.957Z",54.543,2026-06-02 12:02:36.957,"2026-06-02 12:02","up"
112.711,2698.91,2415.74,4116.06,3681.7,10.858,"2026-06-02T12:02:36.957Z",54.289,2026-06-02 12:02:36.957,"2026-06-02 12:02","up"
112.965,2697.9,2414.92,4118.34,3683.48,10.854,"2026-06-02T12:02:36.957Z",54.035,2026-06-02 12:02:36.957,"2026-06-02 12:02","up"
113.22,2695.76,2413.04,4119.11,3684.12,10.854,"2026-06-02T12:02:36.957Z",53.78,2026-06-02 12:02:36.957,"2026-06-02 12:02","up"
113.474,2695.89,2412.9,4117.46,3683.03,10.854,"2026-06-02T12:02:36.957Z",53.526,2026-06-02 12:02:36.957,"2026-06-02 12:02","up"
113.728,2697.09,2413.86,4117.11,3682.95,10.856,"2026-06-02T12:02:36.957Z",53.272,2026-06-02 12:02:36.957,"2026-06-02 12:02","up"
113.982,2696.11,2413.23,4119.03,3684.42,10.858,"2026-06-02T12:02:36.957Z",53.018,2026-06-02 12:02:36.957,"2026-06-02 12:02","up"
114.236,2694.23,2411.43,4119.73,3684.75,10.848,"2026-06-02T12:02:36.957Z",52.764,2026-06-02 12:02:36.957,"2026-06-02 12:02","up"
114.491,2693.87,2410.93,4118.42,3683.63,10.843,"2026-06-02T12:02:36.957Z",52.509,2026-06-02 12:02:36.957,"2026-06-02 12:02","up"
114.745,2694.04,2410.99,4117.96,3683.48,10.846,"2026-06-02T12:02:36.957Z",52.255,2026-06-02 12:02:36.957,"2026-06-02 12:02","up"
114.999,2693.03,2410.1,4118.87,3684.35,10.848,"2026-06-02T12:02:36.957Z",52.001,2026-06-02 12:02:36.957,"2026-06-02 12:02","up"
115.253,2692.06,2409.17,4118.98,3684.43,10.845,"2026-06-02T12:02:36.957Z",51.747,2026-06-02 12:02:36.957,"2026-06-02 12:02","up"
115.507,2692.27,2409.14,4118.15,3683.86,10.841,"2026-06-02T12:02:36.957Z",51.493,2026-06-02 12:02:36.957,"2026-06-02 12:02","up"
115.762,2692.17,2409.12,4118.37,3684.19,10.847,"2026-06-02T12:02:36.957Z",51.238,2026-06-02 12:02:36.957,"2026-06-02 12:02","up"
116.016,2691.14,2408.42,4119.49,3685.11,10.852,"2026-06-02T12:02:36.957Z",50.984,2026-06-02 12:02:36.957,"2026-06-02 12:02","up"
116.27,2690.84,2408.15,4119.8,3685.38,10.852,"2026-06-02T12:02:36.957Z",50.73,2026-06-02 12:02:36.957,"2026-06-02 12:02","up"
116.524,2691.42,2408.69,4119.98,3685.65,10.855,"2026-06-02T12:02:36.957Z",50.476,2026-06-02 12:02:36.957,"2026-06-02 12:02","up"
116.778,2690.67,2408.36,4121.17,3686.64,10.865,"2026-06-02T12:02:36.957Z",50.222,2026-06-02 12:02:36.957,"2026-06-02 12:02","up"
117.033,2689.39,2407.16,4121.67,3687.08,10.863,"2026-06-02T12:02:36.957Z",49.967,2026-06-02 12:02:36.957,"2026-06-02 12:02","up"
117.287,2690.11,2407.16,4120.73,3686.63,10.85,"2026-06-02T12:02:36.957Z",49.713,2026-06-02 12:02:36.957,"2026-06-02 12:02","up"
117.541,2691.99,2408.46,4121.02,3687.16,10.843,"2026-06-02T12:02:36.957Z",49.459,2026-06-02 12:02:36.957,"2026-06-02 12:02","up"
117.795,2692.37,2408.9,4123.68,3689.15,10.837,"2026-06-02T12:02:36.957Z",49.205,2026-06-02 12:02:36.957,"2026-06-02 12:02","up"
118.049,2692.04,2408.58,4125.96,3690.82,10.828,"2026-06-02T12:02:36.957Z",48.951,2026-06-02 12:02:36.957,"2026-06-02 12:02","up"
118.304,2692.68,2408.98,4126.74,3691.78,10.828,"2026-06-02T12:02:36.957Z",48.696,2026-06-02 12:02:36.957,"2026-06-02 12:02","up"
118.558,2693.23,2409.45,4128.2,3693.24,10.831,"2026-06-02T12:02:36.957Z",48.442,2026-06-02 12:02:36.957,"2026-06-02 12:02","up"
118.812,2692.48,2408.84,4130.31,3694.86,10.827,"2026-06-02T12:02:36.957Z",48.188,2026-06-02 12:02:36.957,"2026-06-02 12:02","up"
119.066,2692.04,2408.35,4130.98,3695.27,10.819,"2026-06-02T12:02:36.957Z",47.934,2026-06-02 12:02:36.957,"2026-06-02 12:02","up"
119.32,2692.73,2408.9,4130.79,3695.17,10.818,"2026-06-02T12:02:36.957Z",47.68,2026-06-02 12:02:36.957,"2026-06-02 12:02","up"
119.575,2692.68,2409.02,4131.72,3695.92,10.823,"2026-06-02T12:02:36.957Z",47.425,2026-06-02 12:02:36.957,"2026-06-02 12:02","up"
119.829,2691.22,2407.74,4132.89,3696.72,10.818,"2026-06-02T12:02:36.957Z",47.171,2026-06-02 12:02:36.957,"2026-06-02 12:02","up"
120.083,2690.32,2406.55,4132.23,3696.1,10.803,"2026-06-02T12:02:36.957Z",46.917,2026-06-02 12:02:36.957,"2026-06-02 12:02","up"
120.337,2690.59,2406.5,4131.02,3695.31,10.8,"2026-06-02T12:02:36.957Z",46.663,2026-06-02 12:02:36.957,"2026-06-02 12:02","up"
120.591,2690.5,2406.57,4131.79,3696.12,10.808,"2026-06-02T12:02:36.957Z",46.409,2026-06-02 12:02:36.957,"2026-06-02 12:02","up"
120.846,2689.24,2405.61,4133.29,3697.28,10.81,"2026-06-02T12:02:36.957Z",46.154,2026-06-02 12:02:36.957,"2026-06-02 12:02","up"
121.1,2688.18,2404.53,4133.13,3697.11,10.805,"2026-06-02T12:02:36.957Z",45.9,2026-06-02 12:02:36.957,"2026-06-02 12:02","up"
121.354,2687.81,2404.13,4132.39,3696.45,10.803,"2026-06-02T12:02:36.957Z",45.646,2026-06-02 12:02:36.957,"2026-06-02 12:02","up"
121.608,2687.39,2403.57,4132.31,3696.29,10.794,"2026-06-02T12:02:36.957Z",45.392,2026-06-02 12:02:36.957,"2026-06-02 12:02","up"
121.862,2687.13,2403.3,4132.02,3696.16,10.796,"2026-06-02T12:02:36.957Z",45.138,2026-06-02 12:02:36.957,"2026-06-02 12:02","up"
122.117,2688.07,2404.24,4131.64,3696.08,10.805,"2026-06-02T12:02:36.957Z",44.883,2026-06-02 12:02:36.957,"2026-06-02 12:02","up"
122.371,2688.72,2404.81,4132.65,3697.08,10.807,"2026-06-02T12:02:36.957Z",44.629,2026-06-02 12:02:36.957,"2026-06-02 12:02","up"
122.625,2687.68,2403.85,4134.49,3698.41,10.798,"2026-06-02T12:02:36.957Z",44.375,2026-06-02 12:02:36.957,"2026-06-02 12:02","up"
122.879,2686.91,2402.88,4134.92,3698.58,10.783,"2026-06-02T12:02:36.957Z",44.121,2026-06-02 12:02:36.957,"2026-06-02 12:02","up"
123.133,2687.97,2403.52,4134.74,3698.51,10.775,"2026-06-02T12:02:36.957Z",43.867,2026-06-02 12:02:36.957,"2026-06-02 12:02","up"
123.388,2688.88,2404.31,4136.26,3699.87,10.774,"2026-06-02T12:02:36.957Z",43.612,2026-06-02 12:02:36.957,"2026-06-02 12:02","up"
123.642,2688.17,2403.68,4138.63,3701.83,10.771,"2026-06-02T12:02:36.957Z",43.358,2026-06-02 12:02:36.957,"2026-06-02 12:02","up"
123.896,2687.73,2403.26,4139.5,3702.63,10.771,"2026-06-02T12:02:36.957Z",43.104,2026-06-02 12:02:36.957,"2026-06-02 12:02","up"
124.15,2688.16,2403.75,4139.69,3702.88,10.776,"2026-06-02T12:02:36.957Z",42.85,2026-06-02 12:02:36.957,"2026-06-02 12:02","up"
124.404,2687.6,2403.45,4140.91,3703.85,10.78,"2026-06-02T12:02:36.957Z",42.596,2026-06-02 12:02:36.957,"2026-06-02 12:02","up"
124.659,2686.15,2401.86,4141.57,3704.35,10.768,"2026-06-02T12:02:36.957Z",42.341,2026-06-02 12:02:36.957,"2026-06-02 12:02","up"
124.913,2686.14,2401.59,4140.46,3703.49,10.762,"2026-06-02T12:02:36.957Z",42.087,2026-06-02 12:02:36.957,"2026-06-02 12:02","up"
125.167,2687.15,2402.34,4139.97,3703.17,10.759,"2026-06-02T12:02:36.957Z",41.833,2026-06-02 12:02:36.957,"2026-06-02 12:02","up"
125.421,2686.5,2401.83,4141.53,3704.45,10.759,"2026-06-02T12:02:36.957Z",41.579,2026-06-02 12:02:36.957,"2026-06-02 12:02","up"
125.675,2684.67,2400.4,4142.22,3704.92,10.763,"2026-06-02T12:02:36.957Z",41.325,2026-06-02 12:02:36.957,"2026-06-02 12:02","up"
125.93,2684.51,2400.07,4140.42,3703.62,10.763,"2026-06-02T12:02:36.957Z",41.07,2026-06-02 12:02:36.957,"2026-06-02 12:02","up"
126.184,2685.11,2400.34,4139.26,3703.06,10.765,"2026-06-02T12:02:36.957Z",40.816,2026-06-02 12:02:36.957,"2026-06-02 12:02","up"
126.438,2684.4,2399.88,4140.26,3704,10.772,"2026-06-02T12:02:36.957Z",40.562,2026-06-02 12:02:36.957,"2026-06-02 12:02","up"
126.692,2683.6,2399.29,4140.87,3704.33,10.772,"2026-06-02T12:02:36.957Z",40.308,2026-06-02 12:02:36.957,"2026-06-02 12:02","up"
126.946,2684.27,2399.6,4140.24,3703.84,10.763,"2026-06-02T12:02:36.957Z",40.054,2026-06-02 12:02:36.957,"2026-06-02 12:02","up"
127.201,2685.18,2400.18,4140.63,3704.3,10.758,"2026-06-02T12:02:36.957Z",39.799,2026-06-02 12:02:36.957,"2026-06-02 12:02","up"
127.455,2684.49,2399.62,4142.14,3705.61,10.759,"2026-06-02T12:02:36.957Z",39.545,2026-06-02 12:02:36.957,"2026-06-02 12:02","up"
127.709,2683.61,2398.87,4142.28,3705.82,10.762,"2026-06-02T12:02:36.957Z",39.291,2026-06-02 12:02:36.957,"2026-06-02 12:02","up"
127.963,2684.28,2399.28,4141.09,3705.06,10.762,"2026-06-02T12:02:36.957Z",39.037,2026-06-02 12:02:36.957,"2026-06-02 12:02","up"
128.217,2684.86,2399.73,4141.37,3705.32,10.76,"2026-06-02T12:02:36.957Z",38.783,2026-06-02 12:02:36.957,"2026-06-02 12:02","up"
128.472,2683.96,2399.26,4142.84,3706.38,10.766,"2026-06-02T12:02:36.957Z",38.528,2026-06-02 12:02:36.957,"2026-06-02 12:02","up"
128.726,2683.45,2398.84,4143.03,3706.42,10.764,"2026-06-02T12:02:36.957Z",38.274,2026-06-02 12:02:36.957,"2026-06-02 12:02","up"
128.98,2683.94,2398.88,4142.72,3706.14,10.75,"2026-06-02T12:02:36.957Z",38.02,2026-06-02 12:02:36.957,"2026-06-02 12:02","up"
129.234,2683.75,2398.74,4143.88,3707.08,10.749,"2026-06-02T12:02:36.957Z",37.766,2026-06-02 12:02:36.957,"2026-06-02 12:02","up"
129.488,2682.6,2397.97,4145.16,3708.29,10.759,"2026-06-02T12:02:36.957Z",37.512,2026-06-02 12:02:36.957,"2026-06-02 12:02","up"
129.743,2682.29,2397.53,4145.12,3708.72,10.764,"2026-06-02T12:02:36.957Z",37.257,2026-06-02 12:02:36.957,"2026-06-02 12:02","up"
129.997,2683.26,2398.01,4145.28,3709.36,10.762,"2026-06-02T12:02:36.957Z",37.003,2026-06-02 12:02:36.957,"2026-06-02 12:02","up"
130.251,2683.57,2398.34,4147.02,3711,10.766,"2026-06-02T12:02:36.957Z",36.749,2026-06-02 12:02:36.957,"2026-06-02 12:02","up"
130.505,2683.02,2398.04,4148.93,3712.61,10.77,"2026-06-02T12:02:36.957Z",36.495,2026-06-02 12:02:36.957,"2026-06-02 12:02","up"
130.759,2682.52,2397.82,4149.89,3713.43,10.777,"2026-06-02T12:02:36.957Z",36.241,2026-06-02 12:02:36.957,"2026-06-02 12:02","up"
131.014,2681.5,2397.13,4150.63,3713.93,10.781,"2026-06-02T12:02:36.957Z",35.986,2026-06-02 12:02:36.957,"2026-06-02 12:02","up"
131.268,2679.98,2395.88,4150.76,3713.89,10.781,"2026-06-02T12:02:36.957Z",35.732,2026-06-02 12:02:36.957,"2026-06-02 12:02","up"
131.522,2679.95,2395.43,4149.5,3713.11,10.775,"2026-06-02T12:02:36.957Z",35.478,2026-06-02 12:02:36.957,"2026-06-02 12:02","up"
131.776,2681.8,2396.58,4148.82,3712.99,10.768,"2026-06-02T12:02:36.957Z",35.224,2026-06-02 12:02:36.957,"2026-06-02 12:02","up"
132.03,2682.62,2397.47,4150.78,3714.7,10.772,"2026-06-02T12:02:36.957Z",34.97,2026-06-02 12:02:36.957,"2026-06-02 12:02","up"
132.285,2681.62,2396.67,4153.32,3716.55,10.766,"2026-06-02T12:02:36.957Z",34.715,2026-06-02 12:02:36.957,"2026-06-02 12:02","up"
132.539,2680.48,2395.75,4153.36,3716.4,10.766,"2026-06-02T12:02:36.957Z",34.461,2026-06-02 12:02:36.957,"2026-06-02 12:02","up"
132.793,2680.24,2395.85,4151.93,3715.39,10.782,"2026-06-02T12:02:36.957Z",34.207,2026-06-02 12:02:36.957,"2026-06-02 12:02","up"
133.047,2680.08,2395.78,4151.95,3715.7,10.792,"2026-06-02T12:02:36.957Z",33.953,2026-06-02 12:02:36.957,"2026-06-02 12:02","up"
133.301,2679.25,2394.97,4152.97,3716.66,10.791,"2026-06-02T12:02:36.957Z",33.699,2026-06-02 12:02:36.957,"2026-06-02 12:02","up"
133.556,2678.61,2394.37,4152.99,3716.54,10.786,"2026-06-02T12:02:36.957Z",33.444,2026-06-02 12:02:36.957,"2026-06-02 12:02","up"
133.81,2678.55,2394.08,4152.53,3716.1,10.778,"2026-06-02T12:02:36.957Z",33.19,2026-06-02 12:02:36.957,"2026-06-02 12:02","up"
134.064,2678.41,2393.62,4152.85,3716.45,10.767,"2026-06-02T12:02:36.957Z",32.936,2026-06-02 12:02:36.957,"2026-06-02 12:02","up"
134.318,2678.46,2393.34,4153.21,3716.9,10.759,"2026-06-02T12:02:36.957Z",32.682,2026-06-02 12:02:36.957,"2026-06-02 12:02","up"
134.572,2679.23,2393.95,4153.68,3717.52,10.761,"2026-06-02T12:02:36.957Z",32.428,2026-06-02 12:02:36.957,"2026-06-02 12:02","up"
134.827,2679.69,2394.59,4155.44,3719.06,10.768,"2026-06-02T12:02:36.957Z",32.173,2026-06-02 12:02:36.957,"2026-06-02 12:02","up"
135.081,2678.97,2394.24,4157.65,3720.87,10.774,"2026-06-02T12:02:36.957Z",31.919,2026-06-02 12:02:36.957,"2026-06-02 12:02","up"
135.335,2678.25,2393.52,4158.53,3721.71,10.773,"2026-06-02T12:02:36.957Z",31.665,2026-06-02 12:02:36.957,"2026-06-02 12:02","up"
135.589,2678.76,2393.52,4158.68,3721.89,10.758,"2026-06-02T12:02:36.957Z",31.411,2026-06-02 12:02:36.957,"2026-06-02 12:02","up"
135.843,2678.94,2393.58,4159.86,3722.95,10.754,"2026-06-02T12:02:36.957Z",31.157,2026-06-02 12:02:36.957,"2026-06-02 12:02","up"
136.098,2678.11,2392.83,4161.49,3724.54,10.757,"2026-06-02T12:02:36.957Z",30.902,2026-06-02 12:02:36.957,"2026-06-02 12:02","up"
136.352,2678.07,2392.48,4162.03,3725.12,10.748,"2026-06-02T12:02:36.957Z",30.648,2026-06-02 12:02:36.957,"2026-06-02 12:02","up"
136.606,2679.06,2393.36,4162.3,3725.35,10.748,"2026-06-02T12:02:36.957Z",30.394,2026-06-02 12:02:36.957,"2026-06-02 12:02","up"
136.86,2678.83,2393.57,4163.6,3726.37,10.759,"2026-06-02T12:02:36.957Z",30.14,2026-06-02 12:02:36.957,"2026-06-02 12:02","up"
137.114,2677.44,2392.51,4164.47,3727.02,10.763,"2026-06-02T12:02:36.957Z",29.886,2026-06-02 12:02:36.957,"2026-06-02 12:02","up"
137.369,2677.19,2392.03,4163.68,3726.35,10.755,"2026-06-02T12:02:36.957Z",29.631,2026-06-02 12:02:36.957,"2026-06-02 12:02","up"
137.623,2677.8,2392.41,4163.24,3726.14,10.753,"2026-06-02T12:02:36.957Z",29.377,2026-06-02 12:02:36.957,"2026-06-02 12:02","up"
137.877,2677.07,2391.8,4164.73,3727.47,10.754,"2026-06-02T12:02:36.957Z",29.123,2026-06-02 12:02:36.957,"2026-06-02 12:02","up"
138.131,2675.13,2390.14,4165.82,3728.29,10.753,"2026-06-02T12:02:36.957Z",28.869,2026-06-02 12:02:36.957,"2026-06-02 12:02","up"
138.385,2674.46,2389.23,4164.72,3727.47,10.746,"2026-06-02T12:02:36.957Z",28.615,2026-06-02 12:02:36.957,"2026-06-02 12:02","up"
138.64,2674.96,2389.53,4163.71,3726.92,10.749,"2026-06-02T12:02:36.957Z",28.36,2026-06-02 12:02:36.957,"2026-06-02 12:02","up"
138.894,2674.6,2389.23,4164.32,3727.55,10.752,"2026-06-02T12:02:36.957Z",28.106,2026-06-02 12:02:36.957,"2026-06-02 12:02","up"
139.148,2673.72,2388.51,4164.57,3727.82,10.755,"2026-06-02T12:02:36.957Z",27.852,2026-06-02 12:02:36.957,"2026-06-02 12:02","up"
139.402,2673.8,2388.73,4163.77,3727.29,10.764,"2026-06-02T12:02:36.957Z",27.598,2026-06-02 12:02:36.957,"2026-06-02 12:02","up"
139.656,2673.95,2388.9,4163.68,3727.3,10.767,"2026-06-02T12:02:36.957Z",27.344,2026-06-02 12:02:36.957,"2026-06-02 12:02","up"
139.911,2673.21,2388.14,4164.61,3728.01,10.761,"2026-06-02T12:02:36.957Z",27.089,2026-06-02 12:02:36.957,"2026-06-02 12:02","up"
140.165,2672.93,2387.64,4164.7,3728.08,10.752,"2026-06-02T12:02:36.957Z",26.835,2026-06-02 12:02:36.957,"2026-06-02 12:02","up"
140.419,2673.6,2388.1,4164.07,3727.71,10.752,"2026-06-02T12:02:36.957Z",26.581,2026-06-02 12:02:36.957,"2026-06-02 12:02","up"
140.673,2673.74,2388.31,4164.72,3728.37,10.756,"2026-06-02T12:02:36.957Z",26.327,2026-06-02 12:02:36.957,"2026-06-02 12:02","up"
140.927,2672.81,2387.49,4166.16,3729.71,10.758,"2026-06-02T12:02:36.957Z",26.073,2026-06-02 12:02:36.957,"2026-06-02 12:02","up"
141.182,2672.52,2387.13,4166.63,3730.2,10.756,"2026-06-02T12:02:36.957Z",25.818,2026-06-02 12:02:36.957,"2026-06-02 12:02","up"
141.436,2673.1,2387.69,4166.73,3730.1,10.754,"2026-06-02T12:02:36.957Z",25.564,2026-06-02 12:02:36.957,"2026-06-02 12:02","up"
141.69,2673.01,2387.74,4167.54,3730.48,10.75,"2026-06-02T12:02:36.957Z",25.31,2026-06-02 12:02:36.957,"2026-06-02 12:02","up"
141.944,2672.37,2387.07,4168.15,3730.98,10.746,"2026-06-02T12:02:36.957Z",25.056,2026-06-02 12:02:36.957,"2026-06-02 12:02","up"
142.198,2672.66,2387.22,4168.02,3731.3,10.752,"2026-06-02T12:02:36.957Z",24.802,2026-06-02 12:02:36.957,"2026-06-02 12:02","up"
142.453,2673.34,2387.8,4168.72,3732.3,10.759,"2026-06-02T12:02:36.957Z",24.547,2026-06-02 12:02:36.957,"2026-06-02 12:02","up"
142.707,2672.72,2387.21,4170.28,3733.72,10.758,"2026-06-02T12:02:36.957Z",24.293,2026-06-02 12:02:36.957,"2026-06-02 12:02","up"
142.961,2671.69,2386.09,4170.59,3734.1,10.754,"2026-06-02T12:02:36.957Z",24.039,2026-06-02 12:02:36.957,"2026-06-02 12:02","up"
143.215,2671.84,2385.69,4169.96,3733.54,10.735,"2026-06-02T12:02:36.957Z",23.785,2026-06-02 12:02:36.957,"2026-06-02 12:02","up"
143.469,2672.12,2385.35,4170.51,3733.27,10.697,"2026-06-02T12:02:36.957Z",23.531,2026-06-02 12:02:36.957,"2026-06-02 12:02","up"
143.724,2671.03,2384.07,4171.62,3732.94,10.657,"2026-06-02T12:02:36.957Z",23.276,2026-06-02 12:02:36.957,"2026-06-02 12:02","up"
143.978,2669.94,2382.84,4171.04,3731.55,10.628,"2026-06-02T12:02:36.957Z",23.022,2026-06-02 12:02:36.957,"2026-06-02 12:02","up"
144.232,2670.19,2382.66,4169.83,3730.26,10.61,"2026-06-02T12:02:36.957Z",22.768,2026-06-02 12:02:36.957,"2026-06-02 12:02","up"
144.486,2669.91,2382.24,4170.37,3730.71,10.603,"2026-06-02T12:02:36.957Z",22.514,2026-06-02 12:02:36.957,"2026-06-02 12:02","up"
144.74,2668.27,2380.51,4171.66,3731.46,10.584,"2026-06-02T12:02:36.957Z",22.26,2026-06-02 12:02:36.957,"2026-06-02 12:02","up"
144.995,2666.99,2378.98,4171.2,3730.54,10.559,"2026-06-02T12:02:36.957Z",22.005,2026-06-02 12:02:36.957,"2026-06-02 12:02","up"
145.249,2667.31,2378.94,4169.73,3728.92,10.541,"2026-06-02T12:02:36.957Z",21.751,2026-06-02 12:02:36.957,"2026-06-02 12:02","up"
145.503,2667.36,2378.65,4169.9,3728.61,10.519,"2026-06-02T12:02:36.957Z",21.497,2026-06-02 12:02:36.957,"2026-06-02 12:02","up"
145.757,2666.26,2377.44,4170.98,3729.03,10.499,"2026-06-02T12:02:36.957Z",21.243,2026-06-02 12:02:36.957,"2026-06-02 12:02","up"
146.011,2665.81,2377,4170.5,3728.36,10.492,"2026-06-02T12:02:36.957Z",20.989,2026-06-02 12:02:36.957,"2026-06-02 12:02","up"
146.266,2666.4,2377.38,4169.58,3727.59,10.488,"2026-06-02T12:02:36.957Z",20.734,2026-06-02 12:02:36.957,"2026-06-02 12:02","up"
146.52,2665.85,2376.73,4170.2,3728.2,10.484,"2026-06-02T12:02:36.957Z",20.48,2026-06-02 12:02:36.957,"2026-06-02 12:02","up"
146.774,2664.53,2375.27,4170.87,3728.61,10.47,"2026-06-02T12:02:36.957Z",20.226,2026-06-02 12:02:36.957,"2026-06-02 12:02","up"
147.028,2664.82,2374.83,4170.21,3727.75,10.44,"2026-06-02T12:02:36.957Z",19.972,2026-06-02 12:02:36.957,"2026-06-02 12:02","up"
147.282,2665.87,2375.5,4170.01,3727.41,10.426,"2026-06-02T12:02:36.957Z",19.718,2026-06-02 12:02:36.957,"2026-06-02 12:02","up"
147.537,2665.45,2375.17,4171.67,3728.5,10.419,"2026-06-02T12:02:36.957Z",19.463,2026-06-02 12:02:36.957,"2026-06-02 12:02","up"
147.791,2664.11,2373.78,4173.07,3729.26,10.401,"2026-06-02T12:02:36.957Z",19.209,2026-06-02 12:02:36.957,"2026-06-02 12:02","up"
148.045,2663.93,2373.45,4172.6,3728.6,10.39,"2026-06-02T12:02:36.957Z",18.955,2026-06-02 12:02:36.957,"2026-06-02 12:02","up"
148.299,2664.73,2373.91,4172.18,3728.16,10.38,"2026-06-02T12:02:36.957Z",18.701,2026-06-02 12:02:36.957,"2026-06-02 12:02","up"
148.553,2664.64,2373.68,4173.33,3728.92,10.368,"2026-06-02T12:02:36.957Z",18.447,2026-06-02 12:02:36.957,"2026-06-02 12:02","up"
148.808,2663.91,2372.97,4174.16,3729.27,10.357,"2026-06-02T12:02:36.957Z",18.192,2026-06-02 12:02:36.957,"2026-06-02 12:02","up"
149.062,2664.04,2372.62,4173.82,3728.79,10.337,"2026-06-02T12:02:36.957Z",17.938,2026-06-02 12:02:36.957,"2026-06-02 12:02","up"
149.316,2664.44,2371.72,4174.32,3728.86,10.284,"2026-06-02T12:02:36.957Z",17.684,2026-06-02 12:02:36.957,"2026-06-02 12:02","up"
149.57,2664.18,2370.06,4175.87,3729.09,10.209,"2026-06-02T12:02:36.957Z",17.43,2026-06-02 12:02:36.957,"2026-06-02 12:02","up"
149.824,2663.98,2368.79,4176.92,3728.14,10.128,"2026-06-02T12:02:36.957Z",17.176,2026-06-02 12:02:36.957,"2026-06-02 12:02","up"
150.079,2663.94,2367.8,4177.82,3726.75,10.046,"2026-06-02T12:02:36.957Z",16.921,2026-06-02 12:02:36.957,"2026-06-02 12:02","up"
150.333,2662.74,2366.02,4178.86,3725.75,9.978,"2026-06-02T12:02:36.957Z",16.667,2026-06-02 12:02:36.957,"2026-06-02 12:02","up"
150.587,2660.61,2363.05,4178.67,3723.85,9.901,"2026-06-02T12:02:36.957Z",16.413,2026-06-02 12:02:36.957,"2026-06-02 12:02","up"
150.841,2659.5,2360.49,4176.7,3720.42,9.809,"2026-06-02T12:02:36.957Z",16.159,2026-06-02 12:02:36.957,"2026-06-02 12:02","up"
151.095,2659.49,2359.01,4175.09,3717.24,9.718,"2026-06-02T12:02:36.957Z",15.905,2026-06-02 12:02:36.957,"2026-06-02 12:02","up"
151.35,2658.99,2357.24,4175.44,3715.42,9.624,"2026-06-02T12:02:36.957Z",15.65,2026-06-02 12:02:36.957,"2026-06-02 12:02","up"
151.604,2657.87,2354.91,4175.88,3713.67,9.529,"2026-06-02T12:02:36.957Z",15.396,2026-06-02 12:02:36.957,"2026-06-02 12:02","up"
151.858,2657.19,2353.03,4174.88,3711.02,9.445,"2026-06-02T12:02:36.957Z",15.142,2026-06-02 12:02:36.957,"2026-06-02 12:02","up"
152.112,2656.5,2351.41,4174.03,3708.52,9.371,"2026-06-02T12:02:36.957Z",14.888,2026-06-02 12:02:36.957,"2026-06-02 12:02","up"
152.366,2655.04,2348.93,4174.11,3706.63,9.285,"2026-06-02T12:02:36.957Z",14.634,2026-06-02 12:02:36.957,"2026-06-02 12:02","up"
152.621,2653.88,2346.61,4173.5,3704.28,9.199,"2026-06-02T12:02:36.957Z",14.379,2026-06-02 12:02:36.957,"2026-06-02 12:02","up"
152.875,2654.11,2345.76,4172.08,3701.63,9.131,"2026-06-02T12:02:36.957Z",14.125,2026-06-02 12:02:36.957,"2026-06-02 12:02","up"
153.129,2654.51,2345.42,4171.98,3700.38,9.081,"2026-06-02T12:02:36.957Z",13.871,2026-06-02 12:02:36.957,"2026-06-02 12:02","up"
153.383,2653.6,2344.42,4173.28,3700.39,9.048,"2026-06-02T12:02:36.957Z",13.617,2026-06-02 12:02:36.957,"2026-06-02 12:02","up"
153.637,2652.51,2343.84,4173.25,3699.87,9.051,"2026-06-02T12:02:36.957Z",13.363,2026-06-02 12:02:36.957,"2026-06-02 12:02","up"
153.892,2652.88,2345.07,4172.01,3699.33,9.095,"2026-06-02T12:02:36.957Z",13.108,2026-06-02 12:02:36.957,"2026-06-02 12:02","up"
154.146,2653.88,2347.37,4172.53,3700.99,9.172,"2026-06-02T12:02:36.957Z",12.854,2026-06-02 12:02:36.957,"2026-06-02 12:02","up"
154.4,2654.3,2350.25,4174.83,3705.05,9.305,"2026-06-02T12:02:36.957Z",12.6,2026-06-02 12:02:36.957,"2026-06-02 12:02","up"
154.654,2655.1,2354.38,4176.49,3710.1,9.505,"2026-06-02T12:02:36.957Z",12.346,2026-06-02 12:02:36.957,"2026-06-02 12:02","up"
154.908,2656.63,2360.21,4177.54,3716.59,9.787,"2026-06-02T12:02:36.957Z",12.092,2026-06-02 12:02:36.957,"2026-06-02 12:02","up"
155.163,2657.74,2367.3,4179.53,3725.83,10.167,"2026-06-02T12:02:36.957Z",11.837,2026-06-02 12:02:36.957,"2026-06-02 12:02","up"
155.417,2659.23,2376.41,4182.22,3737.68,10.652,"2026-06-02T12:02:36.957Z",11.583,2026-06-02 12:02:36.957,"2026-06-02 12:02","up"
155.671,2662.75,2388.9,4185.32,3752.34,11.245,"2026-06-02T12:02:36.957Z",11.329,2026-06-02 12:02:36.957,"2026-06-02 12:02","up"
155.925,2667.29,2404.69,4190.26,3771.59,11.986,"2026-06-02T12:02:36.957Z",11.075,2026-06-02 12:02:36.957,"2026-06-02 12:02","up"
156.179,2671.13,2423.16,4197.28,3796.27,12.921,"2026-06-02T12:02:36.957Z",10.821,2026-06-02 12:02:36.957,"2026-06-02 12:02","up"
156.434,2675.44,2445.35,4204.29,3825.64,14.074,"2026-06-02T12:02:36.957Z",10.566,2026-06-02 12:02:36.957,"2026-06-02 12:02","up"
156.688,2681.92,2472.33,4211.16,3860.37,15.445,"2026-06-02T12:02:36.957Z",10.312,2026-06-02 12:02:36.957,"2026-06-02 12:02","up"
156.942,2689.02,2501.45,4220.37,3901.73,16.967,"2026-06-02T12:02:36.957Z",10.058,2026-06-02 12:02:36.957,"2026-06-02 12:02","up"
157.196,2694.11,2526.67,4232.14,3947.14,18.451,"2026-06-02T12:02:36.957Z",9.804,2026-06-02 12:02:36.957,"2026-06-02 12:02","up"
157.45,2696.43,2541.63,4242.95,3988.68,19.597,"2026-06-02T12:02:36.957Z",9.55000000000001,2026-06-02 12:02:36.957,"2026-06-02 12:02","up"
157.705,2696.96,2544.51,4249.86,4016.97,20.164,"2026-06-02T12:02:36.957Z",9.29499999999999,2026-06-02 12:02:36.957,"2026-06-02 12:02","up"
157.959,2696.07,2540.64,4253.3,4028.14,20.234,"2026-06-02T12:02:36.957Z",9.041,2026-06-02 12:02:36.957,"2026-06-02 12:02","up"
158.213,2694.23,2537.84,4255.54,4029.09,20.17,"2026-06-02T12:02:36.957Z",8.78700000000001,2026-06-02 12:02:36.957,"2026-06-02 12:02","up"
158.467,2694.55,2543.37,4259.36,4032.97,20.36,"2026-06-02T12:02:36.957Z",8.53299999999999,2026-06-02 12:02:36.957,"2026-06-02 12:02","up"
158.721,2699.47,2561.96,4265.91,4048.13,21.046,"2026-06-02T12:02:36.957Z",8.279,2026-06-02 12:02:36.957,"2026-06-02 12:02","up"
158.976,2711.4,2592.46,4272.91,4077.29,22.214,"2026-06-02T12:02:36.957Z",8.024,2026-06-02 12:02:36.957,"2026-06-02 12:02","up"
159.23,2747.76,2646.63,4284.54,4126.61,23.728,"2026-06-02T12:02:36.957Z",7.77000000000001,2026-06-02 12:02:36.957,"2026-06-02 12:02","up"
159.484,2800.78,2706.43,4326.29,4209.13,24.951,"2026-06-02T12:02:36.957Z",7.51599999999999,2026-06-02 12:02:36.957,"2026-06-02 12:02","up"
159.738,2831.39,2727.92,4415.07,4313.39,25.061,"2026-06-02T12:02:36.957Z",7.262,2026-06-02 12:02:36.957,"2026-06-02 12:02","up"
159.992,2834.94,2722.94,4504.32,4381.16,24.371,"2026-06-02T12:02:36.957Z",7.00800000000001,2026-06-02 12:02:36.957,"2026-06-02 12:02","up"
160.247,2831.26,2715.86,4543.78,4392.38,23.687,"2026-06-02T12:02:36.957Z",6.75299999999999,2026-06-02 12:02:36.957,"2026-06-02 12:02","up"
160.501,2829.96,2713.42,4550.41,4385.63,23.374,"2026-06-02T12:02:36.957Z",6.499,2026-06-02 12:02:36.957,"2026-06-02 12:02","up"
160.755,2831.09,2718.95,4551.36,4383.44,23.459,"2026-06-02T12:02:36.957Z",6.245,2026-06-02 12:02:36.957,"2026-06-02 12:02","up"
161.009,2835.09,2737.65,4554.26,4392.87,24.094,"2026-06-02T12:02:36.957Z",5.99100000000001,2026-06-02 12:02:36.957,"2026-06-02 12:02","up"
161.263,2837.44,2750.64,4561.26,4418.02,24.836,"2026-06-02T12:02:36.957Z",5.737,2026-06-02 12:02:36.957,"2026-06-02 12:02","up"
161.518,2834.52,2739.95,4568.95,4442.28,24.921,"2026-06-02T12:02:36.957Z",5.482,2026-06-02 12:02:36.957,"2026-06-02 12:02","up"
161.772,2830.3,2722.83,4569.7,4437.93,24.377,"2026-06-02T12:02:36.957Z",5.22800000000001,2026-06-02 12:02:36.957,"2026-06-02 12:02","up"
162.026,2827.86,2713.36,4564.96,4413.57,23.728,"2026-06-02T12:02:36.957Z",4.97399999999999,2026-06-02 12:02:36.957,"2026-06-02 12:02","up"
162.28,2829.21,2718.02,4561.59,4397.9,23.584,"2026-06-02T12:02:36.957Z",4.72,2026-06-02 12:02:36.957,"2026-06-02 12:02","up"
162.534,2834.36,2741.95,4562.47,4403.3,24.314,"2026-06-02T12:02:36.957Z",4.46600000000001,2026-06-02 12:02:36.957,"2026-06-02 12:02","up"
162.789,2837.42,2758.93,4569.97,4433.51,25.26,"2026-06-02T12:02:36.957Z",4.21100000000001,2026-06-02 12:02:36.957,"2026-06-02 12:02","up"
163.043,2835.02,2749.56,4579.23,4465.03,25.492,"2026-06-02T12:02:36.957Z",3.95699999999999,2026-06-02 12:02:36.957,"2026-06-02 12:02","up"
163.297,2831.41,2735.03,4581.03,4464.53,25.074,"2026-06-02T12:02:36.957Z",3.703,2026-06-02 12:02:36.957,"2026-06-02 12:02","up"
163.551,2829.91,2730.34,4577.51,4444.76,24.627,"2026-06-02T12:02:36.957Z",3.44900000000001,2026-06-02 12:02:36.957,"2026-06-02 12:02","up"
163.805,2829.75,2730.97,4575.89,4434.7,24.478,"2026-06-02T12:02:36.957Z",3.19499999999999,2026-06-02 12:02:36.957,"2026-06-02 12:02","up"
164.06,2830.24,2733,4577.03,4436.12,24.536,"2026-06-02T12:02:36.957Z",2.94,2026-06-02 12:02:36.957,"2026-06-02 12:02","up"
164.314,2829.38,2730.74,4578.97,4439.7,24.523,"2026-06-02T12:02:36.957Z",2.68600000000001,2026-06-02 12:02:36.957,"2026-06-02 12:02","up"
164.568,2826.8,2720.25,4579.65,4438.81,24.222,"2026-06-02T12:02:36.957Z",2.43199999999999,2026-06-02 12:02:36.957,"2026-06-02 12:02","up"
164.822,2825.44,2715.08,4577.59,4428.73,23.925,"2026-06-02T12:02:36.957Z",2.178,2026-06-02 12:02:36.957,"2026-06-02 12:02","up"
165.076,2827.16,2723.14,4576.52,4421.41,24.01,"2026-06-02T12:02:36.957Z",1.92400000000001,2026-06-02 12:02:36.957,"2026-06-02 12:02","up"
165.331,2827.51,2727.06,4580.01,4429.33,24.225,"2026-06-02T12:02:36.957Z",1.66900000000001,2026-06-02 12:02:36.957,"2026-06-02 12:02","up"
165.585,2826.72,2723.22,4584.17,4439.85,24.255,"2026-06-02T12:02:36.957Z",1.41499999999999,2026-06-02 12:02:36.957,"2026-06-02 12:02","up"
165.839,2830.57,2739.81,4585.91,4443.07,24.72,"2026-06-02T12:02:36.957Z",1.161,2026-06-02 12:02:36.957,"2026-06-02 12:02","up"
166.093,2840.32,2764.34,4590,4461.24,25.519,"2026-06-02T12:02:36.957Z",0.907000000000011,2026-06-02 12:02:36.957,"2026-06-02 12:02","up"
166.347,2876.43,2808.77,4598.3,4501.23,26.486,"2026-06-02T12:02:36.957Z",0.652999999999992,2026-06-02 12:02:36.957,"2026-06-02 12:02","up"
166.602,2910.34,2891.34,4623.43,4562.41,28.858,"2026-06-02T12:02:36.957Z",0.397999999999996,2026-06-02 12:02:36.957,"2026-06-02 12:02","up"
166.856,2893.35,2933.85,4690.44,4688.62,32.044,"2026-06-02T12:02:36.957Z",0.144000000000005,2026-06-02 12:02:36.957,"2026-06-02 12:02","up"
0.101,4095.46,4213.38,3506.03,3624.72,40.488,"2026-07-02T12:00:27.439Z",0.101,2026-07-02 12:00:27.439,"2026-07-02 12:00","down"
0.355,3837.15,3900.4,3721.4,3777.81,37.431,"2026-07-02T12:00:27.439Z",0.355,2026-07-02 12:00:27.439,"2026-07-02 12:00","down"
0.609,3768.11,3782.94,3896.19,3886.67,34.469,"2026-07-02T12:00:27.439Z",0.609,2026-07-02 12:00:27.439,"2026-07-02 12:00","down"
0.864,3767.95,3737.08,3957.22,3914.47,32.465,"2026-07-02T12:00:27.439Z",0.864,2026-07-02 12:00:27.439,"2026-07-02 12:00","down"
1.118,3760.63,3709.45,3959.43,3894.86,31.398,"2026-07-02T12:00:27.439Z",1.118,2026-07-02 12:00:27.439,"2026-07-02 12:00","down"
1.372,3756.29,3703.48,3954.5,3872.22,30.915,"2026-07-02T12:00:27.439Z",1.372,2026-07-02 12:00:27.439,"2026-07-02 12:00","down"
1.626,3754.11,3700.56,3953.9,3868.24,30.811,"2026-07-02T12:00:27.439Z",1.626,2026-07-02 12:00:27.439,"2026-07-02 12:00","down"
1.88,3750.54,3695.19,3954.55,3869.09,30.769,"2026-07-02T12:00:27.439Z",1.88,2026-07-02 12:00:27.439,"2026-07-02 12:00","down"
2.135,3750.19,3700.9,3954.74,3868.35,30.902,"2026-07-02T12:00:27.439Z",2.135,2026-07-02 12:00:27.439,"2026-07-02 12:00","down"
2.389,3750.9,3708.39,3956.46,3874.27,31.183,"2026-07-02T12:00:27.439Z",2.389,2026-07-02 12:00:27.439,"2026-07-02 12:00","down"
2.643,3749.63,3707.25,3959.21,3883.89,31.357,"2026-07-02T12:00:27.439Z",2.643,2026-07-02 12:00:27.439,"2026-07-02 12:00","down"
2.897,3747.09,3704.46,3960.47,3886.56,31.386,"2026-07-02T12:00:27.439Z",2.897,2026-07-02 12:00:27.439,"2026-07-02 12:00","down"
3.151,3745.11,3702.44,3960.63,3885.89,31.364,"2026-07-02T12:00:27.439Z",3.151,2026-07-02 12:00:27.439,"2026-07-02 12:00","down"
3.406,3744.22,3705.95,3960.87,3886.87,31.496,"2026-07-02T12:00:27.439Z",3.406,2026-07-02 12:00:27.439,"2026-07-02 12:00","down"
3.66,3747,3721.42,3962.67,3893.85,31.955,"2026-07-02T12:00:27.439Z",3.66,2026-07-02 12:00:27.439,"2026-07-02 12:00","down"
3.914,3746.6,3724.81,3966.67,3907.84,32.302,"2026-07-02T12:00:27.439Z",3.914,2026-07-02 12:00:27.439,"2026-07-02 12:00","down"
4.168,3738.01,3693.9,3968.89,3912.08,31.77,"2026-07-02T12:00:27.439Z",4.168,2026-07-02 12:00:27.439,"2026-07-02 12:00","down"
4.422,3728.87,3661.57,3964.61,3888.94,30.695,"2026-07-02T12:00:27.439Z",4.422,2026-07-02 12:00:27.439,"2026-07-02 12:00","down"
4.677,3726.35,3653.33,3957.57,3858.56,29.965,"2026-07-02T12:00:27.439Z",4.677,2026-07-02 12:00:27.439,"2026-07-02 12:00","down"
4.931,3728.38,3662.81,3955.03,3849.53,29.998,"2026-07-02T12:00:27.439Z",4.931,2026-07-02 12:00:27.439,"2026-07-02 12:00","down"
5.185,3732.52,3682.72,3957.76,3860.21,30.609,"2026-07-02T12:00:27.439Z",5.185,2026-07-02 12:00:27.439,"2026-07-02 12:00","down"
5.439,3732.6,3689.24,3962.91,3878.98,31.116,"2026-07-02T12:00:27.439Z",5.439,2026-07-02 12:00:27.439,"2026-07-02 12:00","down"
5.693,3726.42,3670.7,3965.93,3887.72,30.934,"2026-07-02T12:00:27.439Z",5.693,2026-07-02 12:00:27.439,"2026-07-02 12:00","down"
5.948,3720.57,3650.87,3963.57,3874.36,30.294,"2026-07-02T12:00:27.439Z",5.948,2026-07-02 12:00:27.439,"2026-07-02 12:00","down"
6.202,3718.09,3643.39,3959.14,3855.46,29.803,"2026-07-02T12:00:27.439Z",6.202,2026-07-02 12:00:27.439,"2026-07-02 12:00","down"
6.456,3717.36,3643.68,3957.19,3847.84,29.688,"2026-07-02T12:00:27.439Z",6.456,2026-07-02 12:00:27.439,"2026-07-02 12:00","down"
6.71,3715.88,3648.93,3958.85,3850.38,29.886,"2026-07-02T12:00:27.439Z",6.71,2026-07-02 12:00:27.439,"2026-07-02 12:00","down"
6.964,3695.55,3653.29,3963.13,3859.94,30.657,"2026-07-02T12:00:27.439Z",6.964,2026-07-02 12:00:27.439,"2026-07-02 12:00","down"
7.219,3618.37,3600.73,3956.33,3866.24,31.612,"2026-07-02T12:00:27.439Z",7.219,2026-07-02 12:00:27.439,"2026-07-02 12:00","down"
7.473,3532.2,3502.59,3915.97,3835.94,31.502,"2026-07-02T12:00:27.439Z",7.473,2026-07-02 12:00:27.439,"2026-07-02 12:00","down"
7.727,3492.71,3430.61,3850.39,3761.54,30.332,"2026-07-02T12:00:27.439Z",7.727,2026-07-02 12:00:27.439,"2026-07-02 12:00","down"
7.981,3484.36,3394.86,3802.03,3693.4,29.027,"2026-07-02T12:00:27.439Z",7.981,2026-07-02 12:00:27.439,"2026-07-02 12:00","down"
8.235,3476.71,3371.16,3782.71,3656.43,28.106,"2026-07-02T12:00:27.439Z",8.235,2026-07-02 12:00:27.439,"2026-07-02 12:00","down"
8.49,3464.42,3345.26,3775.62,3634.54,27.327,"2026-07-02T12:00:27.439Z",8.49,2026-07-02 12:00:27.439,"2026-07-02 12:00","down"
8.744,3452.97,3319.37,3772.04,3615.49,26.51,"2026-07-02T12:00:27.439Z",8.744,2026-07-02 12:00:27.439,"2026-07-02 12:00","down"
8.998,3444.64,3296.67,3768.7,3594.96,25.65,"2026-07-02T12:00:27.439Z",8.998,2026-07-02 12:00:27.439,"2026-07-02 12:00","down"
9.252,3438.34,3272.48,3763.44,3572.4,24.688,"2026-07-02T12:00:27.439Z",9.252,2026-07-02 12:00:27.439,"2026-07-02 12:00","down"
9.506,3432.23,3241.39,3757.16,3546.46,23.463,"2026-07-02T12:00:27.439Z",9.506,2026-07-02 12:00:27.439,"2026-07-02 12:00","down"
9.761,3423.61,3203.73,3750.72,3513.92,21.95,"2026-07-02T12:00:27.439Z",9.761,2026-07-02 12:00:27.439,"2026-07-02 12:00","down"
10.015,3413.73,3165.58,3742.82,3474.83,20.32,"2026-07-02T12:00:27.439Z",10.015,2026-07-02 12:00:27.439,"2026-07-02 12:00","down"
10.269,3406.92,3133.7,3733.55,3434.93,18.793,"2026-07-02T12:00:27.439Z",10.269,2026-07-02 12:00:27.439,"2026-07-02 12:00","down"
10.523,3402.81,3108.82,3725.89,3400.78,17.5,"2026-07-02T12:00:27.439Z",10.523,2026-07-02 12:00:27.439,"2026-07-02 12:00","down"
10.777,3397.59,3087.21,3720.77,3373.71,16.449,"2026-07-02T12:00:27.439Z",10.777,2026-07-02 12:00:27.439,"2026-07-02 12:00","down"
11.032,3391.52,3067.9,3715.74,3350.72,15.585,"2026-07-02T12:00:27.439Z",11.032,2026-07-02 12:00:27.439,"2026-07-02 12:00","down"
11.286,3387.7,3051.53,3710.04,3329.97,14.818,"2026-07-02T12:00:27.439Z",11.286,2026-07-02 12:00:27.439,"2026-07-02 12:00","down"
11.54,3384.69,3036.79,3705.64,3312.01,14.118,"2026-07-02T12:00:27.439Z",11.54,2026-07-02 12:00:27.439,"2026-07-02 12:00","down"
11.794,3380.77,3022.53,3702.55,3296.46,13.484,"2026-07-02T12:00:27.439Z",11.794,2026-07-02 12:00:27.439,"2026-07-02 12:00","down"
12.048,3377.86,3010.1,3699.35,3282.1,12.91,"2026-07-02T12:00:27.439Z",12.048,2026-07-02 12:00:27.439,"2026-07-02 12:00","down"
12.303,3376.98,3000.7,3696.72,3269.47,12.401,"2026-07-02T12:00:27.439Z",12.303,2026-07-02 12:00:27.439,"2026-07-02 12:00","down"
12.557,3375.45,2992.14,3695.67,3259.42,11.963,"2026-07-02T12:00:27.439Z",12.557,2026-07-02 12:00:27.439,"2026-07-02 12:00","down"
12.811,3372.02,2982.84,3694.61,3250.53,11.58,"2026-07-02T12:00:27.439Z",12.811,2026-07-02 12:00:27.439,"2026-07-02 12:00","down"
13.065,3369.66,2975.09,3692.07,3241.57,11.247,"2026-07-02T12:00:27.439Z",13.065,2026-07-02 12:00:27.439,"2026-07-02 12:00","down"
13.319,3369.58,2969.92,3689.97,3233.96,10.954,"2026-07-02T12:00:27.439Z",13.319,2026-07-02 12:00:27.439,"2026-07-02 12:00","down"
13.574,3368.62,2964.92,3689.89,3228.63,10.701,"2026-07-02T12:00:27.439Z",13.574,2026-07-02 12:00:27.439,"2026-07-02 12:00","down"
13.828,3365.91,2959.44,3689.7,3223.85,10.494,"2026-07-02T12:00:27.439Z",13.828,2026-07-02 12:00:27.439,"2026-07-02 12:00","down"
14.082,3364.79,2955.81,3687.92,3218.75,10.328,"2026-07-02T12:00:27.439Z",14.082,2026-07-02 12:00:27.439,"2026-07-02 12:00","down"
14.336,3365.47,2954.16,3686.66,3215.16,10.2,"2026-07-02T12:00:27.439Z",14.336,2026-07-02 12:00:27.439,"2026-07-02 12:00","down"
14.59,3364.46,2952.07,3686.98,3213.66,10.121,"2026-07-02T12:00:27.439Z",14.59,2026-07-02 12:00:27.439,"2026-07-02 12:00","down"
14.845,3361.96,2949.83,3686.76,3212.33,10.09,"2026-07-02T12:00:27.439Z",14.845,2026-07-02 12:00:27.439,"2026-07-02 12:00","down"
15.099,3361.11,2949,3685.34,3210.59,10.075,"2026-07-02T12:00:27.439Z",15.099,2026-07-02 12:00:27.439,"2026-07-02 12:00","down"
15.353,3361.37,2949.28,3684.74,3209.97,10.074,"2026-07-02T12:00:27.439Z",15.353,2026-07-02 12:00:27.439,"2026-07-02 12:00","down"
15.607,3359.95,2948.9,3685.28,3210.67,10.104,"2026-07-02T12:00:27.439Z",15.607,2026-07-02 12:00:27.439,"2026-07-02 12:00","down"
15.861,3358.52,2948.74,3685.29,3211.38,10.153,"2026-07-02T12:00:27.439Z",15.861,2026-07-02 12:00:27.439,"2026-07-02 12:00","down"
16.116,3359.93,2951.26,3685.05,3212.51,10.224,"2026-07-02T12:00:27.439Z",16.116,2026-07-02 12:00:27.439,"2026-07-02 12:00","down"
16.37,3362.4,2955.68,3686.53,3215.88,10.341,"2026-07-02T12:00:27.439Z",16.37,2026-07-02 12:00:27.439,"2026-07-02 12:00","down"
16.624,3363.24,2960.29,3689.45,3221.2,10.522,"2026-07-02T12:00:27.439Z",16.624,2026-07-02 12:00:27.439,"2026-07-02 12:00","down"
16.878,3363.57,2964.31,3691.74,3226.72,10.718,"2026-07-02T12:00:27.439Z",16.878,2026-07-02 12:00:27.439,"2026-07-02 12:00","down"
17.132,3364.16,2966.81,3693.19,3231.63,10.868,"2026-07-02T12:00:27.439Z",17.132,2026-07-02 12:00:27.439,"2026-07-02 12:00","down"
17.387,3363.27,2966.86,3694.53,3235.31,10.956,"2026-07-02T12:00:27.439Z",17.387,2026-07-02 12:00:27.439,"2026-07-02 12:00","down"
17.641,3361.02,2965.09,3694.87,3236.55,10.987,"2026-07-02T12:00:27.439Z",17.641,2026-07-02 12:00:27.439,"2026-07-02 12:00","down"
17.895,3360.43,2964.09,3693.84,3235.78,10.977,"2026-07-02T12:00:27.439Z",17.895,2026-07-02 12:00:27.439,"2026-07-02 12:00","down"
18.149,3361.01,2964.31,3693.25,3235.28,10.969,"2026-07-02T12:00:27.439Z",18.149,2026-07-02 12:00:27.439,"2026-07-02 12:00","down"
18.403,3360.04,2963.63,3693.74,3235.65,10.972,"2026-07-02T12:00:27.439Z",18.403,2026-07-02 12:00:27.439,"2026-07-02 12:00","down"
18.658,3358.24,2962.2,3693.61,3235.44,10.974,"2026-07-02T12:00:27.439Z",18.658,2026-07-02 12:00:27.439,"2026-07-02 12:00","down"
18.912,3359.07,2962.4,3692.59,3234.67,10.963,"2026-07-02T12:00:27.439Z",18.912,2026-07-02 12:00:27.439,"2026-07-02 12:00","down"
19.166,3361.19,2963.66,3692.93,3235.12,10.949,"2026-07-02T12:00:27.439Z",19.166,2026-07-02 12:00:27.439,"2026-07-02 12:00","down"
19.42,3360.54,2963.24,3694.74,3236.49,10.948,"2026-07-02T12:00:27.439Z",19.42,2026-07-02 12:00:27.439,"2026-07-02 12:00","down"
19.674,3358.48,2961.91,3695.37,3236.81,10.956,"2026-07-02T12:00:27.439Z",19.674,2026-07-02 12:00:27.439,"2026-07-02 12:00","down"
19.929,3358.9,2962.12,3694.71,3236.42,10.956,"2026-07-02T12:00:27.439Z",19.929,2026-07-02 12:00:27.439,"2026-07-02 12:00","down"
20.183,3360.18,2963.07,3695.55,3237.25,10.953,"2026-07-02T12:00:27.439Z",20.183,2026-07-02 12:00:27.439,"2026-07-02 12:00","down"
20.437,3359.37,2962.26,3697.56,3238.86,10.947,"2026-07-02T12:00:27.439Z",20.437,2026-07-02 12:00:27.439,"2026-07-02 12:00","down"
20.691,3358.08,2960.86,3697.97,3239.29,10.941,"2026-07-02T12:00:27.439Z",20.691,2026-07-02 12:00:27.439,"2026-07-02 12:00","down"
20.945,3358.56,2960.87,3697.44,3239.09,10.936,"2026-07-02T12:00:27.439Z",20.945,2026-07-02 12:00:27.439,"2026-07-02 12:00","down"
21.2,3358.83,2960.98,3698.23,3239.87,10.935,"2026-07-02T12:00:27.439Z",21.2,2026-07-02 12:00:27.439,"2026-07-02 12:00","down"
21.454,3356.9,2959.62,3699.32,3240.63,10.939,"2026-07-02T12:00:27.439Z",21.454,2026-07-02 12:00:27.439,"2026-07-02 12:00","down"
21.708,3355.56,2958.53,3698.72,3240.03,10.94,"2026-07-02T12:00:27.439Z",21.708,2026-07-02 12:00:27.439,"2026-07-02 12:00","down"
21.962,3356.55,2959.14,3697.81,3239.45,10.938,"2026-07-02T12:00:27.439Z",21.962,2026-07-02 12:00:27.439,"2026-07-02 12:00","down"
22.216,3356.7,2959.27,3698.71,3240.44,10.943,"2026-07-02T12:00:27.439Z",22.216,2026-07-02 12:00:27.439,"2026-07-02 12:00","down"
22.471,3354.34,2957.46,3699.84,3241.39,10.95,"2026-07-02T12:00:27.439Z",22.471,2026-07-02 12:00:27.439,"2026-07-02 12:00","down"
22.725,3353.17,2956.12,3699.34,3240.92,10.941,"2026-07-02T12:00:27.439Z",22.725,2026-07-02 12:00:27.439,"2026-07-02 12:00","down"
22.979,3354.58,2956.91,3698.91,3240.89,10.937,"2026-07-02T12:00:27.439Z",22.979,2026-07-02 12:00:27.439,"2026-07-02 12:00","down"
23.233,3355.27,2957.55,3700.29,3242.44,10.946,"2026-07-02T12:00:27.439Z",23.233,2026-07-02 12:00:27.439,"2026-07-02 12:00","down"
23.487,3354.6,2956.95,3701.92,3244.09,10.952,"2026-07-02T12:00:27.439Z",23.487,2026-07-02 12:00:27.439,"2026-07-02 12:00","down"
23.742,3354.82,2956.75,3702.43,3245.2,10.958,"2026-07-02T12:00:27.439Z",23.742,2026-07-02 12:00:27.439,"2026-07-02 12:00","down"
23.996,3354.65,2956.51,3702.79,3246.44,10.979,"2026-07-02T12:00:27.439Z",23.996,2026-07-02 12:00:27.439,"2026-07-02 12:00","down"
24.25,3352.6,2955.01,3703.34,3247.43,11.001,"2026-07-02T12:00:27.439Z",24.25,2026-07-02 12:00:27.439,"2026-07-02 12:00","down"
24.504,3351.17,2953.75,3703.11,3247.54,11.009,"2026-07-02T12:00:27.439Z",24.504,2026-07-02 12:00:27.439,"2026-07-02 12:00","down"
24.758,3351.95,2953.85,3702.98,3248.06,11.009,"2026-07-02T12:00:27.439Z",24.758,2026-07-02 12:00:27.439,"2026-07-02 12:00","down"
25.013,3352.19,2953.73,3704.2,3249.79,11.016,"2026-07-02T12:00:27.439Z",25.013,2026-07-02 12:00:27.439,"2026-07-02 12:00","down"
25.267,3350.52,2952.44,3705.19,3251.1,11.033,"2026-07-02T12:00:27.439Z",25.267,2026-07-02 12:00:27.439,"2026-07-02 12:00","down"
25.521,3349.9,2951.78,3704.43,3251.02,11.044,"2026-07-02T12:00:27.439Z",25.521,2026-07-02 12:00:27.439,"2026-07-02 12:00","down"
25.775,3351.49,2952.99,3703.97,3251.36,11.058,"2026-07-02T12:00:27.439Z",25.775,2026-07-02 12:00:27.439,"2026-07-02 12:00","down"
26.029,3351.79,2953.5,3705.78,3253.42,11.077,"2026-07-02T12:00:27.439Z",26.029,2026-07-02 12:00:27.439,"2026-07-02 12:00","down"
26.284,3349.76,2951.91,3707.67,3255.31,11.089,"2026-07-02T12:00:27.439Z",26.284,2026-07-02 12:00:27.439,"2026-07-02 12:00","down"
26.538,3348.98,2951.09,3707.45,3255.51,11.095,"2026-07-02T12:00:27.439Z",26.538,2026-07-02 12:00:27.439,"2026-07-02 12:00","down"
26.792,3350.52,2951.96,3707.22,3255.7,11.092,"2026-07-02T12:00:27.439Z",26.792,2026-07-02 12:00:27.439,"2026-07-02 12:00","down"
27.046,3350.21,2951.81,3708.87,3257.29,11.099,"2026-07-02T12:00:27.439Z",27.046,2026-07-02 12:00:27.439,"2026-07-02 12:00","down"
27.3,3347.67,2950.09,3710.19,3258.5,11.115,"2026-07-02T12:00:27.439Z",27.3,2026-07-02 12:00:27.439,"2026-07-02 12:00","down"
27.555,3347.44,2949.78,3709.59,3258.3,11.12,"2026-07-02T12:00:27.439Z",27.555,2026-07-02 12:00:27.439,"2026-07-02 12:00","down"
27.809,3349.31,2951.28,3709.67,3258.98,11.132,"2026-07-02T12:00:27.439Z",27.809,2026-07-02 12:00:27.439,"2026-07-02 12:00","down"
28.063,3349.55,2951.79,3711.83,3261.45,11.155,"2026-07-02T12:00:27.439Z",28.063,2026-07-02 12:00:27.439,"2026-07-02 12:00","down"
28.317,3348.25,2950.96,3713.3,3263.08,11.172,"2026-07-02T12:00:27.439Z",28.317,2026-07-02 12:00:27.439,"2026-07-02 12:00","down"
28.571,3348.21,2950.71,3712.85,3262.9,11.172,"2026-07-02T12:00:27.439Z",28.571,2026-07-02 12:00:27.439,"2026-07-02 12:00","down"
28.826,3349.13,2951.22,3712.84,3263.11,11.169,"2026-07-02T12:00:27.439Z",28.826,2026-07-02 12:00:27.439,"2026-07-02 12:00","down"
29.08,3349.08,2951.35,3714.32,3264.48,11.175,"2026-07-02T12:00:27.439Z",29.08,2026-07-02 12:00:27.439,"2026-07-02 12:00","down"
29.334,3348.2,2950.74,3715.53,3265.37,11.176,"2026-07-02T12:00:27.439Z",29.334,2026-07-02 12:00:27.439,"2026-07-02 12:00","down"
29.588,3347.65,2950.26,3715.56,3265.43,11.177,"2026-07-02T12:00:27.439Z",29.588,2026-07-02 12:00:27.439,"2026-07-02 12:00","down"
29.842,3346.93,2949.95,3715.26,3265.36,11.191,"2026-07-02T12:00:27.439Z",29.842,2026-07-02 12:00:27.439,"2026-07-02 12:00","down"
30.097,3345.68,2949.01,3714.85,3264.93,11.194,"2026-07-02T12:00:27.439Z",30.097,2026-07-02 12:00:27.439,"2026-07-02 12:00","down"
30.351,3344.86,2948.39,3714.16,3264.21,11.194,"2026-07-02T12:00:27.439Z",30.351,2026-07-02 12:00:27.439,"2026-07-02 12:00","down"
30.605,3344.97,2948.52,3713.92,3264.19,11.2,"2026-07-02T12:00:27.439Z",30.605,2026-07-02 12:00:27.439,"2026-07-02 12:00","down"
30.859,3344.31,2948.36,3714.59,3265.25,11.224,"2026-07-02T12:00:27.439Z",30.859,2026-07-02 12:00:27.439,"2026-07-02 12:00","down"
31.113,3342.61,2947.41,3714.92,3266.23,11.257,"2026-07-02T12:00:27.439Z",31.113,2026-07-02 12:00:27.439,"2026-07-02 12:00","down"
31.367,3342.19,2947.43,3714.26,3266.38,11.287,"2026-07-02T12:00:27.439Z",31.367,2026-07-02 12:00:27.439,"2026-07-02 12:00","down"
31.622,3343.65,2948.68,3714.21,3267.08,11.305,"2026-07-02T12:00:27.439Z",31.622,2026-07-02 12:00:27.439,"2026-07-02 12:00","down"
31.876,3343.92,2948.83,3715.81,3268.96,11.314,"2026-07-02T12:00:27.439Z",31.876,2026-07-02 12:00:27.439,"2026-07-02 12:00","down"
32.13,3342.93,2948.31,3717.32,3270.39,11.327,"2026-07-02T12:00:27.439Z",32.13,2026-07-02 12:00:27.439,"2026-07-02 12:00","down"
32.384,3343.39,2949.35,3717.49,3270.76,11.351,"2026-07-02T12:00:27.439Z",32.384,2026-07-02 12:00:27.439,"2026-07-02 12:00","down"
32.638,3344.86,2951.23,3717.98,3271.69,11.381,"2026-07-02T12:00:27.439Z",32.638,2026-07-02 12:00:27.439,"2026-07-02 12:00","down"
32.893,3343.99,2951.11,3719.5,3273.36,11.407,"2026-07-02T12:00:27.439Z",32.893,2026-07-02 12:00:27.439,"2026-07-02 12:00","down"
33.147,3342.02,2949.16,3720.16,3273.87,11.4,"2026-07-02T12:00:27.439Z",33.147,2026-07-02 12:00:27.439,"2026-07-02 12:00","down"
33.401,3342.18,2948.22,3719.62,3273.1,11.361,"2026-07-02T12:00:27.439Z",33.401,2026-07-02 12:00:27.439,"2026-07-02 12:00","down"
33.655,3343.07,2947.61,3720.17,3273.09,11.309,"2026-07-02T12:00:27.439Z",33.655,2026-07-02 12:00:27.439,"2026-07-02 12:00","down"
33.909,3342.09,2945.44,3721.89,3273.82,11.252,"2026-07-02T12:00:27.439Z",33.909,2026-07-02 12:00:27.439,"2026-07-02 12:00","down"
34.164,3340.91,2943.36,3722.45,3273.33,11.197,"2026-07-02T12:00:27.439Z",34.164,2026-07-02 12:00:27.439,"2026-07-02 12:00","down"
34.418,3341.33,2942.78,3721.98,3271.85,11.142,"2026-07-02T12:00:27.439Z",34.418,2026-07-02 12:00:27.439,"2026-07-02 12:00","down"
34.672,3341.25,2942.18,3722.37,3271.12,11.1,"2026-07-02T12:00:27.439Z",34.672,2026-07-02 12:00:27.439,"2026-07-02 12:00","down"
34.926,3339.18,2940.42,3722.92,3270.32,11.069,"2026-07-02T12:00:27.439Z",34.926,2026-07-02 12:00:27.439,"2026-07-02 12:00","down"
35.18,3338.02,2939.31,3722.03,3268,11.027,"2026-07-02T12:00:27.439Z",35.18,2026-07-02 12:00:27.439,"2026-07-02 12:00","down"
35.435,3339.23,2940.06,3720.91,3265.65,10.983,"2026-07-02T12:00:27.439Z",35.435,2026-07-02 12:00:27.439,"2026-07-02 12:00","down"
35.689,3340.06,2940.68,3721.36,3264.72,10.946,"2026-07-02T12:00:27.439Z",35.689,2026-07-02 12:00:27.439,"2026-07-02 12:00","down"
35.943,3339.34,2940.03,3722.26,3264.16,10.911,"2026-07-02T12:00:27.439Z",35.943,2026-07-02 12:00:27.439,"2026-07-02 12:00","down"
36.197,3339.4,2940.04,3722.5,3263.38,10.884,"2026-07-02T12:00:27.439Z",36.197,2026-07-02 12:00:27.439,"2026-07-02 12:00","down"
36.451,3340.27,2940.78,3723.22,3263.32,10.866,"2026-07-02T12:00:27.439Z",36.451,2026-07-02 12:00:27.439,"2026-07-02 12:00","down"
36.706,3339.64,2940.21,3724.65,3264.07,10.852,"2026-07-02T12:00:27.439Z",36.706,2026-07-02 12:00:27.439,"2026-07-02 12:00","down"
36.96,3337.83,2938.67,3725,3264.1,10.847,"2026-07-02T12:00:27.439Z",36.96,2026-07-02 12:00:27.439,"2026-07-02 12:00","down"
37.214,3336.87,2937.89,3724.16,3263.35,10.848,"2026-07-02T12:00:27.439Z",37.214,2026-07-02 12:00:27.439,"2026-07-02 12:00","down"
37.468,3336.67,2937.81,3723.88,3263.3,10.856,"2026-07-02T12:00:27.439Z",37.468,2026-07-02 12:00:27.439,"2026-07-02 12:00","down"
37.722,3335.44,2936.76,3724.27,3263.83,10.862,"2026-07-02T12:00:27.439Z",37.722,2026-07-02 12:00:27.439,"2026-07-02 12:00","down"
37.977,3334.35,2935.65,3724.02,3263.74,10.861,"2026-07-02T12:00:27.439Z",37.977,2026-07-02 12:00:27.439,"2026-07-02 12:00","down"
38.231,3335.53,2936.04,3723.6,3263.44,10.844,"2026-07-02T12:00:27.439Z",38.231,2026-07-02 12:00:27.439,"2026-07-02 12:00","down"
38.485,3336.84,2936.77,3724.59,3264.24,10.831,"2026-07-02T12:00:27.439Z",38.485,2026-07-02 12:00:27.439,"2026-07-02 12:00","down"
38.739,3335.62,2936.16,3726.2,3265.5,10.84,"2026-07-02T12:00:27.439Z",38.739,2026-07-02 12:00:27.439,"2026-07-02 12:00","down"
38.993,3334.39,2935.24,3726.52,3265.86,10.847,"2026-07-02T12:00:27.439Z",38.993,2026-07-02 12:00:27.439,"2026-07-02 12:00","down"
39.248,3334.58,2935.17,3726.26,3265.94,10.847,"2026-07-02T12:00:27.439Z",39.248,2026-07-02 12:00:27.439,"2026-07-02 12:00","down"
39.502,3333.95,2934.52,3726.94,3266.66,10.848,"2026-07-02T12:00:27.439Z",39.502,2026-07-02 12:00:27.439,"2026-07-02 12:00","down"
39.756,3332.14,2933.02,3727.49,3267.06,10.849,"2026-07-02T12:00:27.439Z",39.756,2026-07-02 12:00:27.439,"2026-07-02 12:00","down"
40.01,3331.74,2932.79,3726.78,3266.49,10.853,"2026-07-02T12:00:27.439Z",40.01,2026-07-02 12:00:27.439,"2026-07-02 12:00","down"
40.264,3332.69,2933.55,3726.46,3266.29,10.853,"2026-07-02T12:00:27.439Z",40.264,2026-07-02 12:00:27.439,"2026-07-02 12:00","down"
40.519,3332.39,2933.29,3727.37,3266.96,10.85,"2026-07-02T12:00:27.439Z",40.519,2026-07-02 12:00:27.439,"2026-07-02 12:00","down"
40.773,3331.1,2932.27,3727.91,3267.36,10.851,"2026-07-02T12:00:27.439Z",40.773,2026-07-02 12:00:27.439,"2026-07-02 12:00","down"
41.027,3331.28,2932.26,3727.65,3267.24,10.85,"2026-07-02T12:00:27.439Z",41.027,2026-07-02 12:00:27.439,"2026-07-02 12:00","down"
41.281,3332.53,2933,3728.09,3267.77,10.843,"2026-07-02T12:00:27.439Z",41.281,2026-07-02 12:00:27.439,"2026-07-02 12:00","down"
41.535,3332.29,2932.89,3729.46,3268.95,10.845,"2026-07-02T12:00:27.439Z",41.535,2026-07-02 12:00:27.439,"2026-07-02 12:00","down"
41.79,3331.42,2932.31,3730.12,3269.46,10.849,"2026-07-02T12:00:27.439Z",41.79,2026-07-02 12:00:27.439,"2026-07-02 12:00","down"
42.044,3331.71,2932.43,3729.92,3269.37,10.847,"2026-07-02T12:00:27.439Z",42.044,2026-07-02 12:00:27.439,"2026-07-02 12:00","down"
42.298,3332.04,2932.68,3730.56,3270.12,10.851,"2026-07-02T12:00:27.439Z",42.298,2026-07-02 12:00:27.439,"2026-07-02 12:00","down"
42.552,3330.13,2931.3,3731.81,3271.29,10.861,"2026-07-02T12:00:27.439Z",42.552,2026-07-02 12:00:27.439,"2026-07-02 12:00","down"
42.806,3327.9,2929.52,3731.72,3271.28,10.868,"2026-07-02T12:00:27.439Z",42.806,2026-07-02 12:00:27.439,"2026-07-02 12:00","down"
43.061,3328.13,2929.37,3730.74,3270.71,10.866,"2026-07-02T12:00:27.439Z",43.061,2026-07-02 12:00:27.439,"2026-07-02 12:00","down"
43.315,3329.21,2930.05,3731.12,3271.25,10.863,"2026-07-02T12:00:27.439Z",43.315,2026-07-02 12:00:27.439,"2026-07-02 12:00","down"
43.569,3328.51,2929.69,3732.71,3272.69,10.872,"2026-07-02T12:00:27.439Z",43.569,2026-07-02 12:00:27.439,"2026-07-02 12:00","down"
43.823,3327.43,2928.9,3733.71,3273.73,10.881,"2026-07-02T12:00:27.439Z",43.823,2026-07-02 12:00:27.439,"2026-07-02 12:00","down"
44.077,3327.64,2928.98,3734.42,3274.5,10.881,"2026-07-02T12:00:27.439Z",44.077,2026-07-02 12:00:27.439,"2026-07-02 12:00","down"
44.332,3327.73,2929.14,3735.79,3275.86,10.888,"2026-07-02T12:00:27.439Z",44.332,2026-07-02 12:00:27.439,"2026-07-02 12:00","down"
44.586,3326.86,2928.37,3736.91,3277,10.891,"2026-07-02T12:00:27.439Z",44.586,2026-07-02 12:00:27.439,"2026-07-02 12:00","down"
44.84,3326.87,2928.14,3736.87,3277.04,10.887,"2026-07-02T12:00:27.439Z",44.84,2026-07-02 12:00:27.439,"2026-07-02 12:00","down"
45.094,3328.27,2929.12,3736.78,3277.12,10.883,"2026-07-02T12:00:27.439Z",45.094,2026-07-02 12:00:27.439,"2026-07-02 12:00","down"
45.348,3328.37,2929.15,3737.71,3277.99,10.883,"2026-07-02T12:00:27.439Z",45.348,2026-07-02 12:00:27.439,"2026-07-02 12:00","down"
45.603,3326.79,2927.81,3738.33,3278.53,10.884,"2026-07-02T12:00:27.439Z",45.603,2026-07-02 12:00:27.439,"2026-07-02 12:00","down"
45.857,3325.99,2926.81,3737.96,3278.23,10.877,"2026-07-02T12:00:27.439Z",45.857,2026-07-02 12:00:27.439,"2026-07-02 12:00","down"
46.111,3325.48,2926.16,3738.01,3278.25,10.871,"2026-07-02T12:00:27.439Z",46.111,2026-07-02 12:00:27.439,"2026-07-02 12:00","down"
46.365,3323.77,2924.8,3738.6,3278.66,10.872,"2026-07-02T12:00:27.439Z",46.365,2026-07-02 12:00:27.439,"2026-07-02 12:00","down"
46.619,3322.15,2923.75,3738.27,3278.32,10.881,"2026-07-02T12:00:27.439Z",46.619,2026-07-02 12:00:27.439,"2026-07-02 12:00","down"
46.874,3322.48,2924.13,3737.59,3277.86,10.887,"2026-07-02T12:00:27.439Z",46.874,2026-07-02 12:00:27.439,"2026-07-02 12:00","down"
47.128,3322.98,2924.56,3738.31,3278.51,10.888,"2026-07-02T12:00:27.439Z",47.128,2026-07-02 12:00:27.439,"2026-07-02 12:00","down"
47.382,3322.04,2923.64,3739.45,3279.43,10.883,"2026-07-02T12:00:27.439Z",47.382,2026-07-02 12:00:27.439,"2026-07-02 12:00","down"
47.636,3321.47,2922.81,3739.25,3279.46,10.879,"2026-07-02T12:00:27.439Z",47.636,2026-07-02 12:00:27.439,"2026-07-02 12:00","down"
47.89,3322.38,2923.57,3738.9,3279.53,10.887,"2026-07-02T12:00:27.439Z",47.89,2026-07-02 12:00:27.439,"2026-07-02 12:00","down"
48.145,3322.94,2924.05,3740.24,3280.88,10.891,"2026-07-02T12:00:27.439Z",48.145,2026-07-02 12:00:27.439,"2026-07-02 12:00","down"
48.399,3321.36,2922.8,3742.05,3282.6,10.899,"2026-07-02T12:00:27.439Z",48.399,2026-07-02 12:00:27.439,"2026-07-02 12:00","down"
48.653,3319.71,2921.58,3742.28,3283.14,10.914,"2026-07-02T12:00:27.439Z",48.653,2026-07-02 12:00:27.439,"2026-07-02 12:00","down"
48.907,3319.68,2921.55,3741.62,3282.89,10.922,"2026-07-02T12:00:27.439Z",48.907,2026-07-02 12:00:27.439,"2026-07-02 12:00","down"
49.161,3319.36,2921.02,3742,3283.15,10.913,"2026-07-02T12:00:27.439Z",49.161,2026-07-02 12:00:27.439,"2026-07-02 12:00","down"
49.416,3317.96,2919.58,3742.73,3283.45,10.899,"2026-07-02T12:00:27.439Z",49.416,2026-07-02 12:00:27.439,"2026-07-02 12:00","down"
49.67,3317.46,2919.33,3742.74,3283.38,10.902,"2026-07-02T12:00:27.439Z",49.67,2026-07-02 12:00:27.439,"2026-07-02 12:00","down"
49.924,3318.07,2919.94,3743.22,3283.99,10.909,"2026-07-02T12:00:27.439Z",49.924,2026-07-02 12:00:27.439,"2026-07-02 12:00","down"
50.178,3317.9,2919.46,3744.6,3285.24,10.9,"2026-07-02T12:00:27.439Z",50.178,2026-07-02 12:00:27.439,"2026-07-02 12:00","down"
50.432,3317.03,2918.28,3745.33,3285.69,10.883,"2026-07-02T12:00:27.439Z",50.432,2026-07-02 12:00:27.439,"2026-07-02 12:00","down"
50.687,3317.32,2918.35,3745.14,3285.59,10.88,"2026-07-02T12:00:27.439Z",50.687,2026-07-02 12:00:27.439,"2026-07-02 12:00","down"
50.941,3317.67,2918.91,3745.64,3286.34,10.895,"2026-07-02T12:00:27.439Z",50.941,2026-07-02 12:00:27.439,"2026-07-02 12:00","down"
51.195,3316.54,2918.14,3746.8,3287.35,10.902,"2026-07-02T12:00:27.439Z",51.195,2026-07-02 12:00:27.439,"2026-07-02 12:00","down"
51.449,3315.47,2917.21,3746.84,3287.27,10.899,"2026-07-02T12:00:27.439Z",51.449,2026-07-02 12:00:27.439,"2026-07-02 12:00","down"
51.703,3315.83,2917.49,3745.99,3286.68,10.902,"2026-07-02T12:00:27.439Z",51.703,2026-07-02 12:00:27.439,"2026-07-02 12:00","down"
51.958,3316.24,2917.83,3746.35,3287.1,10.904,"2026-07-02T12:00:27.439Z",51.958,2026-07-02 12:00:27.439,"2026-07-02 12:00","down"
52.212,3315.12,2916.89,3747.85,3288.34,10.903,"2026-07-02T12:00:27.439Z",52.212,2026-07-02 12:00:27.439,"2026-07-02 12:00","down"
52.466,3313.82,2915.67,3748.43,3288.81,10.9,"2026-07-02T12:00:27.439Z",52.466,2026-07-02 12:00:27.439,"2026-07-02 12:00","down"
52.72,3314.1,2915.78,3748.03,3288.5,10.897,"2026-07-02T12:00:27.439Z",52.72,2026-07-02 12:00:27.439,"2026-07-02 12:00","down"
52.974,3314.4,2915.93,3748.26,3288.79,10.896,"2026-07-02T12:00:27.439Z",52.974,2026-07-02 12:00:27.439,"2026-07-02 12:00","down"
53.229,3313.15,2914.7,3748.84,3289.39,10.895,"2026-07-02T12:00:27.439Z",53.229,2026-07-02 12:00:27.439,"2026-07-02 12:00","down"
53.483,3312.46,2914.1,3748.58,3289.23,10.897,"2026-07-02T12:00:27.439Z",53.483,2026-07-02 12:00:27.439,"2026-07-02 12:00","down"
53.737,3313.28,2914.69,3748.48,3289.16,10.893,"2026-07-02T12:00:27.439Z",53.737,2026-07-02 12:00:27.439,"2026-07-02 12:00","down"
53.991,3313.05,2914.38,3749.59,3290.05,10.888,"2026-07-02T12:00:27.439Z",53.991,2026-07-02 12:00:27.439,"2026-07-02 12:00","down"
54.245,3311.56,2913.28,3750.45,3290.74,10.892,"2026-07-02T12:00:27.439Z",54.245,2026-07-02 12:00:27.439,"2026-07-02 12:00","down"
54.5,3311.47,2913.1,3750.09,3290.58,10.894,"2026-07-02T12:00:27.439Z",54.5,2026-07-02 12:00:27.439,"2026-07-02 12:00","down"
54.754,3312.67,2913.91,3750.08,3290.8,10.892,"2026-07-02T12:00:27.439Z",54.754,2026-07-02 12:00:27.439,"2026-07-02 12:00","down"
55.008,3312.35,2913.74,3751.31,3291.77,10.893,"2026-07-02T12:00:27.439Z",55.008,2026-07-02 12:00:27.439,"2026-07-02 12:00","down"
55.262,3310.65,2912.43,3751.95,3292.04,10.891,"2026-07-02T12:00:27.439Z",55.262,2026-07-02 12:00:27.439,"2026-07-02 12:00","down"
55.516,3310.09,2911.98,3751.14,3291.3,10.891,"2026-07-02T12:00:27.439Z",55.516,2026-07-02 12:00:27.439,"2026-07-02 12:00","down"
55.771,3310.5,2912.76,3750.84,3291.25,10.908,"2026-07-02T12:00:27.439Z",55.771,2026-07-02 12:00:27.439,"2026-07-02 12:00","down"
56.025,3309.85,2913.11,3751.8,3292.92,10.956,"2026-07-02T12:00:27.439Z",56.025,2026-07-02 12:00:27.439,"2026-07-02 12:00","down"
56.279,3308.65,2912.96,3752.61,3295.46,11.028,"2026-07-02T12:00:27.439Z",56.279,2026-07-02 12:00:27.439,"2026-07-02 12:00","down"
56.533,3308.34,2913.14,3752.92,3297.73,11.092,"2026-07-02T12:00:27.439Z",56.533,2026-07-02 12:00:27.439,"2026-07-02 12:00","down"
56.787,3307.91,2913.04,3753.68,3299.38,11.125,"2026-07-02T12:00:27.439Z",56.787,2026-07-02 12:00:27.439,"2026-07-02 12:00","down"
57.042,3306.4,2911.82,3754.53,3300.33,11.133,"2026-07-02T12:00:27.439Z",57.042,2026-07-02 12:00:27.439,"2026-07-02 12:00","down"
57.296,3305.78,2910.96,3754.59,3300.49,11.127,"2026-07-02T12:00:27.439Z",57.296,2026-07-02 12:00:27.439,"2026-07-02 12:00","down"
57.55,3306.42,2911.17,3754.74,3300.69,11.119,"2026-07-02T12:00:27.439Z",57.55,2026-07-02 12:00:27.439,"2026-07-02 12:00","down"
57.804,3306.29,2910.96,3755.86,3301.73,11.117,"2026-07-02T12:00:27.439Z",57.804,2026-07-02 12:00:27.439,"2026-07-02 12:00","down"
58.058,3304.66,2909.67,3757.04,3302.62,11.118,"2026-07-02T12:00:27.439Z",58.058,2026-07-02 12:00:27.439,"2026-07-02 12:00","down"
58.313,3303.35,2908.83,3757.27,3302.56,11.12,"2026-07-02T12:00:27.439Z",58.313,2026-07-02 12:00:27.439,"2026-07-02 12:00","down"
58.567,3303.26,2908.74,3757.3,3302.6,11.12,"2026-07-02T12:00:27.439Z",58.567,2026-07-02 12:00:27.439,"2026-07-02 12:00","down"
58.821,3302.69,2908.04,3757.86,3303.58,11.127,"2026-07-02T12:00:27.439Z",58.821,2026-07-02 12:00:27.439,"2026-07-02 12:00","down"
59.075,3301.79,2907.09,3758.5,3304.45,11.13,"2026-07-02T12:00:27.439Z",59.075,2026-07-02 12:00:27.439,"2026-07-02 12:00","down"
59.329,3302.5,2907.44,3759.04,3304.76,11.118,"2026-07-02T12:00:27.439Z",59.329,2026-07-02 12:00:27.439,"2026-07-02 12:00","down"
59.584,3303.72,2908.26,3760.23,3305.65,11.106,"2026-07-02T12:00:27.439Z",59.584,2026-07-02 12:00:27.439,"2026-07-02 12:00","down"
59.838,3303.33,2908.05,3761.78,3307,11.11,"2026-07-02T12:00:27.439Z",59.838,2026-07-02 12:00:27.439,"2026-07-02 12:00","down"
60.092,3302.41,2907.32,3762.23,3307.45,11.114,"2026-07-02T12:00:27.439Z",60.092,2026-07-02 12:00:27.439,"2026-07-02 12:00","down"
60.346,3303.13,2907.62,3761.75,3307.18,11.108,"2026-07-02T12:00:27.439Z",60.346,2026-07-02 12:00:27.439,"2026-07-02 12:00","down"
60.6,3303.87,2908.06,3762.36,3307.73,11.102,"2026-07-02T12:00:27.439Z",60.6,2026-07-02 12:00:27.439,"2026-07-02 12:00","down"
60.855,3302.66,2907.11,3764.03,3308.92,11.099,"2026-07-02T12:00:27.439Z",60.855,2026-07-02 12:00:27.439,"2026-07-02 12:00","down"
61.109,3301.03,2905.98,3764.74,3309.39,11.104,"2026-07-02T12:00:27.439Z",61.109,2026-07-02 12:00:27.439,"2026-07-02 12:00","down"
61.363,3301.16,2905.98,3764.75,3309.6,11.106,"2026-07-02T12:00:27.439Z",61.363,2026-07-02 12:00:27.439,"2026-07-02 12:00","down"
61.617,3301.5,2906.07,3765.63,3310.67,11.107,"2026-07-02T12:00:27.439Z",61.617,2026-07-02 12:00:27.439,"2026-07-02 12:00","down"
61.871,3300.7,2905.14,3766.75,3311.61,11.099,"2026-07-02T12:00:27.439Z",61.871,2026-07-02 12:00:27.439,"2026-07-02 12:00","down"
62.126,3300.09,2904.46,3766.97,3311.59,11.09,"2026-07-02T12:00:27.439Z",62.126,2026-07-02 12:00:27.439,"2026-07-02 12:00","down"
62.38,3300.25,2904.7,3767,3311.63,11.093,"2026-07-02T12:00:27.439Z",62.38,2026-07-02 12:00:27.439,"2026-07-02 12:00","down"
62.634,3299.41,2904.16,3767.29,3312.14,11.105,"2026-07-02T12:00:27.439Z",62.634,2026-07-02 12:00:27.439,"2026-07-02 12:00","down"
62.888,3297.78,2902.58,3767.07,3311.96,11.101,"2026-07-02T12:00:27.439Z",62.888,2026-07-02 12:00:27.439,"2026-07-02 12:00","down"
63.142,3297.49,2902.16,3766.03,3311.09,11.097,"2026-07-02T12:00:27.439Z",63.142,2026-07-02 12:00:27.439,"2026-07-02 12:00","down"
63.397,3298.07,2902.77,3765.68,3311.04,11.107,"2026-07-02T12:00:27.439Z",63.397,2026-07-02 12:00:27.439,"2026-07-02 12:00","down"
63.651,3297.81,2902.49,3766.69,3311.98,11.107,"2026-07-02T12:00:27.439Z",63.651,2026-07-02 12:00:27.439,"2026-07-02 12:00","down"
63.905,3297.12,2901.92,3767.6,3312.62,11.104,"2026-07-02T12:00:27.439Z",63.905,2026-07-02 12:00:27.439,"2026-07-02 12:00","down"
64.159,3297.08,2901.91,3767.82,3312.88,11.106,"2026-07-02T12:00:27.439Z",64.159,2026-07-02 12:00:27.439,"2026-07-02 12:00","down"
64.413,3296.83,2901.48,3768.33,3313.62,11.107,"2026-07-02T12:00:27.439Z",64.413,2026-07-02 12:00:27.439,"2026-07-02 12:00","down"
64.668,3295.22,2900.01,3769.1,3314.26,11.105,"2026-07-02T12:00:27.439Z",64.668,2026-07-02 12:00:27.439,"2026-07-02 12:00","down"
64.922,3293.67,2898.57,3768.83,3313.74,11.096,"2026-07-02T12:00:27.439Z",64.922,2026-07-02 12:00:27.439,"2026-07-02 12:00","down"
65.176,3294.06,2898.74,3768.38,3313.2,11.087,"2026-07-02T12:00:27.439Z",65.176,2026-07-02 12:00:27.439,"2026-07-02 12:00","down"
65.43,3294.68,2899.15,3769.39,3314.06,11.082,"2026-07-02T12:00:27.439Z",65.43,2026-07-02 12:00:27.439,"2026-07-02 12:00","down"
65.684,3293.25,2897.92,3770.65,3315.01,11.079,"2026-07-02T12:00:27.439Z",65.684,2026-07-02 12:00:27.439,"2026-07-02 12:00","down"
65.939,3291.88,2896.64,3770.16,3314.58,11.077,"2026-07-02T12:00:27.439Z",65.939,2026-07-02 12:00:27.439,"2026-07-02 12:00","down"
66.193,3292.46,2896.88,3769.22,3314.02,11.076,"2026-07-02T12:00:27.439Z",66.193,2026-07-02 12:00:27.439,"2026-07-02 12:00","down"
66.447,3292.99,2897.13,3770.09,3314.92,11.073,"2026-07-02T12:00:27.439Z",66.447,2026-07-02 12:00:27.439,"2026-07-02 12:00","down"
66.701,3291.95,2896.11,3771.74,3316.23,11.067,"2026-07-02T12:00:27.439Z",66.701,2026-07-02 12:00:27.439,"2026-07-02 12:00","down"
66.955,3291.08,2895.57,3771.99,3316.34,11.07,"2026-07-02T12:00:27.439Z",66.955,2026-07-02 12:00:27.439,"2026-07-02 12:00","down"
67.21,3291.42,2895.95,3771.49,3315.95,11.074,"2026-07-02T12:00:27.439Z",67.21,2026-07-02 12:00:27.439,"2026-07-02 12:00","down"
67.464,3291.68,2895.97,3771.81,3316.24,11.068,"2026-07-02T12:00:27.439Z",67.464,2026-07-02 12:00:27.439,"2026-07-02 12:00","down"
67.718,3291.41,2895.64,3772.48,3316.76,11.064,"2026-07-02T12:00:27.439Z",67.718,2026-07-02 12:00:27.439,"2026-07-02 12:00","down"
67.972,3291.11,2895.46,3772.72,3317.02,11.067,"2026-07-02T12:00:27.439Z",67.972,2026-07-02 12:00:27.439,"2026-07-02 12:00","down"
68.226,3290.55,2895.01,3773.28,3317.63,11.071,"2026-07-02T12:00:27.439Z",68.226,2026-07-02 12:00:27.439,"2026-07-02 12:00","down"
68.481,3289.1,2893.61,3774.21,3318.56,11.071,"2026-07-02T12:00:27.439Z",68.481,2026-07-02 12:00:27.439,"2026-07-02 12:00","down"
68.735,3288.29,2892.49,3774.51,3319.06,11.065,"2026-07-02T12:00:27.439Z",68.735,2026-07-02 12:00:27.439,"2026-07-02 12:00","down"
68.989,3289.09,2892.81,3774.49,3319.3,11.06,"2026-07-02T12:00:27.439Z",68.989,2026-07-02 12:00:27.439,"2026-07-02 12:00","down"
69.243,3289.53,2893.21,3775.31,3320.17,11.065,"2026-07-02T12:00:27.439Z",69.243,2026-07-02 12:00:27.439,"2026-07-02 12:00","down"
69.497,3288.17,2892.16,3776.45,3320.95,11.063,"2026-07-02T12:00:27.439Z",69.497,2026-07-02 12:00:27.439,"2026-07-02 12:00","down"
69.752,3286.62,2890.8,3776.16,3320.48,11.058,"2026-07-02T12:00:27.439Z",69.752,2026-07-02 12:00:27.439,"2026-07-02 12:00","down"
70.006,3286.32,2890.62,3774.87,3319.58,11.066,"2026-07-02T12:00:27.439Z",70.006,2026-07-02 12:00:27.439,"2026-07-02 12:00","down"
70.26,3286.57,2890.97,3774.31,3319.3,11.075,"2026-07-02T12:00:27.439Z",70.26,2026-07-02 12:00:27.439,"2026-07-02 12:00","down"
70.514,3285.99,2890.5,3774.25,3319.16,11.074,"2026-07-02T12:00:27.439Z",70.514,2026-07-02 12:00:27.439,"2026-07-02 12:00","down"
70.768,3285.71,2889.87,3773.99,3318.53,11.053,"2026-07-02T12:00:27.439Z",70.768,2026-07-02 12:00:27.439,"2026-07-02 12:00","down"
71.023,3286.5,2889.75,3774.29,3317.78,11.004,"2026-07-02T12:00:27.439Z",71.023,2026-07-02 12:00:27.439,"2026-07-02 12:00","down"
71.277,3286.53,2889.04,3775.56,3317.26,10.941,"2026-07-02T12:00:27.439Z",71.277,2026-07-02 12:00:27.439,"2026-07-02 12:00","down"
71.531,3285.25,2888.07,3776.58,3316.97,10.916,"2026-07-02T12:00:27.439Z",71.531,2026-07-02 12:00:27.439,"2026-07-02 12:00","down"
71.785,3285.16,2888.25,3776.92,3317.22,10.922,"2026-07-02T12:00:27.439Z",71.785,2026-07-02 12:00:27.439,"2026-07-02 12:00","down"
72.039,3286.31,2889.16,3777.79,3318.37,10.929,"2026-07-02T12:00:27.439Z",72.039,2026-07-02 12:00:27.439,"2026-07-02 12:00","down"
72.294,3285.68,2888.63,3779.13,3319.67,10.933,"2026-07-02T12:00:27.439Z",72.294,2026-07-02 12:00:27.439,"2026-07-02 12:00","down"
72.548,3283.75,2886.88,3779.15,3319.68,10.931,"2026-07-02T12:00:27.439Z",72.548,2026-07-02 12:00:27.439,"2026-07-02 12:00","down"
72.802,3282.92,2886.09,3777.95,3318.92,10.937,"2026-07-02T12:00:27.439Z",72.802,2026-07-02 12:00:27.439,"2026-07-02 12:00","down"
73.056,3283.15,2886.33,3777.7,3319.06,10.947,"2026-07-02T12:00:27.439Z",73.056,2026-07-02 12:00:27.439,"2026-07-02 12:00","down"
73.31,3283.39,2886.58,3778.72,3320.04,10.95,"2026-07-02T12:00:27.439Z",73.31,2026-07-02 12:00:27.439,"2026-07-02 12:00","down"
73.565,3283.99,2886.95,3779.52,3320.8,10.947,"2026-07-02T12:00:27.439Z",73.565,2026-07-02 12:00:27.439,"2026-07-02 12:00","down"
73.819,3284.73,2887.51,3780.08,3321.49,10.949,"2026-07-02T12:00:27.439Z",73.819,2026-07-02 12:00:27.439,"2026-07-02 12:00","down"
74.073,3284.38,2887.24,3781.25,3322.65,10.954,"2026-07-02T12:00:27.439Z",74.073,2026-07-02 12:00:27.439,"2026-07-02 12:00","down"
74.327,3282.92,2885.81,3782.05,3323.43,10.952,"2026-07-02T12:00:27.439Z",74.327,2026-07-02 12:00:27.439,"2026-07-02 12:00","down"
74.581,3282.23,2885.09,3781.69,3323.17,10.95,"2026-07-02T12:00:27.439Z",74.581,2026-07-02 12:00:27.439,"2026-07-02 12:00","down"
74.836,3282.42,2885.36,3781.57,3323.1,10.953,"2026-07-02T12:00:27.439Z",74.836,2026-07-02 12:00:27.439,"2026-07-02 12:00","down"
75.09,3281,2884.13,3782.39,3323.78,10.953,"2026-07-02T12:00:27.439Z",75.09,2026-07-02 12:00:27.439,"2026-07-02 12:00","down"
75.344,3278.41,2881.77,3782.17,3323.59,10.951,"2026-07-02T12:00:27.439Z",75.344,2026-07-02 12:00:27.439,"2026-07-02 12:00","down"
75.598,3278.09,2881.3,3780.58,3322.36,10.95,"2026-07-02T12:00:27.439Z",75.598,2026-07-02 12:00:27.439,"2026-07-02 12:00","down"
75.852,3279.44,2882.46,3780.34,3322.34,10.953,"2026-07-02T12:00:27.439Z",75.852,2026-07-02 12:00:27.439,"2026-07-02 12:00","down"
76.107,3278.74,2882.04,3782.42,3323.95,10.954,"2026-07-02T12:00:27.439Z",76.107,2026-07-02 12:00:27.439,"2026-07-02 12:00","down"
76.361,3276.72,2880.41,3783.45,3324.42,10.947,"2026-07-02T12:00:27.439Z",76.361,2026-07-02 12:00:27.439,"2026-07-02 12:00","down"
76.615,3276.43,2879.93,3781.91,3323.06,10.94,"2026-07-02T12:00:27.439Z",76.615,2026-07-02 12:00:27.439,"2026-07-02 12:00","down"
76.869,3276.57,2879.91,3780.98,3322.55,10.944,"2026-07-02T12:00:27.439Z",76.869,2026-07-02 12:00:27.439,"2026-07-02 12:00","down"
77.123,3274.5,2878.25,3781.73,3323.18,10.948,"2026-07-02T12:00:27.439Z",77.123,2026-07-02 12:00:27.439,"2026-07-02 12:00","down"
77.378,3272.29,2876.16,3781.72,3322.97,10.939,"2026-07-02T12:00:27.439Z",77.378,2026-07-02 12:00:27.439,"2026-07-02 12:00","down"
77.632,3272.54,2876.2,3780.89,3322.4,10.937,"2026-07-02T12:00:27.439Z",77.632,2026-07-02 12:00:27.439,"2026-07-02 12:00","down"
77.886,3272.83,2876.55,3781.54,3323.18,10.945,"2026-07-02T12:00:27.439Z",77.886,2026-07-02 12:00:27.439,"2026-07-02 12:00","down"
78.14,3270.97,2875.11,3782.71,3324.11,10.948,"2026-07-02T12:00:27.439Z",78.14,2026-07-02 12:00:27.439,"2026-07-02 12:00","down"
78.394,3269.31,2873.73,3781.97,3323.4,10.949,"2026-07-02T12:00:27.439Z",78.394,2026-07-02 12:00:27.439,"2026-07-02 12:00","down"
78.649,3269.94,2874.02,3780.89,3322.76,10.949,"2026-07-02T12:00:27.439Z",78.649,2026-07-02 12:00:27.439,"2026-07-02 12:00","down"
78.903,3270.2,2874.14,3782.18,3324.01,10.949,"2026-07-02T12:00:27.439Z",78.903,2026-07-02 12:00:27.439,"2026-07-02 12:00","down"
79.157,3268.81,2872.88,3783.96,3325.35,10.942,"2026-07-02T12:00:27.439Z",79.157,2026-07-02 12:00:27.439,"2026-07-02 12:00","down"
79.411,3268.49,2872.46,3783.71,3324.87,10.931,"2026-07-02T12:00:27.439Z",79.411,2026-07-02 12:00:27.439,"2026-07-02 12:00","down"
79.665,3269.71,2873.35,3783.08,3324.17,10.923,"2026-07-02T12:00:27.439Z",79.665,2026-07-02 12:00:27.439,"2026-07-02 12:00","down"
79.92,3269.51,2873.29,3783.76,3324.76,10.926,"2026-07-02T12:00:27.439Z",79.92,2026-07-02 12:00:27.439,"2026-07-02 12:00","down"
80.174,3267.67,2871.77,3784.11,3325.24,10.933,"2026-07-02T12:00:27.439Z",80.174,2026-07-02 12:00:27.439,"2026-07-02 12:00","down"
80.428,3266.75,2870.88,3783.58,3324.91,10.934,"2026-07-02T12:00:27.439Z",80.428,2026-07-02 12:00:27.439,"2026-07-02 12:00","down"
80.682,3266.53,2870.81,3783.72,3325.12,10.939,"2026-07-02T12:00:27.439Z",80.682,2026-07-02 12:00:27.439,"2026-07-02 12:00","down"
80.936,3265.76,2870.17,3784.9,3326.05,10.938,"2026-07-02T12:00:27.439Z",80.936,2026-07-02 12:00:27.439,"2026-07-02 12:00","down"
81.191,3265.2,2869.45,3785.49,3326.55,10.931,"2026-07-02T12:00:27.439Z",81.191,2026-07-02 12:00:27.439,"2026-07-02 12:00","down"
81.445,3265.57,2869.45,3785.47,3326.74,10.927,"2026-07-02T12:00:27.439Z",81.445,2026-07-02 12:00:27.439,"2026-07-02 12:00","down"
81.699,3265.82,2869.49,3786.3,3327.72,10.928,"2026-07-02T12:00:27.439Z",81.699,2026-07-02 12:00:27.439,"2026-07-02 12:00","down"
81.953,3265.27,2868.81,3787.41,3328.74,10.923,"2026-07-02T12:00:27.439Z",81.953,2026-07-02 12:00:27.439,"2026-07-02 12:00","down"
82.207,3265.64,2868.89,3787.17,3328.74,10.921,"2026-07-02T12:00:27.439Z",82.207,2026-07-02 12:00:27.439,"2026-07-02 12:00","down"
82.462,3267.92,2870.44,3787.24,3328.92,10.911,"2026-07-02T12:00:27.439Z",82.462,2026-07-02 12:00:27.439,"2026-07-02 12:00","down"
82.716,3266.88,2869.93,3787.89,3330.11,10.939,"2026-07-02T12:00:27.439Z",82.716,2026-07-02 12:00:27.439,"2026-07-02 12:00","down"
82.97,3239.74,2851.2,3786.23,3333.24,11.204,"2026-07-02T12:00:27.439Z",82.97,2026-07-02 12:00:27.439,"2026-07-02 12:00","down"
83.224,3133.5,2769.69,3801.85,3355.32,11.777,"2026-07-02T12:00:27.439Z",83.224,2026-07-02 12:00:27.439,"2026-07-02 12:00","down"
83.478,2995.27,2653.31,3881.59,3430.23,12.073,"2026-07-02T12:00:27.439Z",83.478,2026-07-02 12:00:27.439,"2026-07-02 12:00","down"
83.733,2925.29,2586.72,4023.47,3549.3,11.774,"2026-07-02T12:00:27.439Z",83.267,2026-07-02 12:00:27.439,"2026-07-02 12:00","up"
83.987,2918.54,2571.82,4137.53,3638.68,11.223,"2026-07-02T12:00:27.439Z",83.013,2026-07-02 12:00:27.439,"2026-07-02 12:00","up"
84.241,2921.53,2570.53,4178.86,3669.26,10.964,"2026-07-02T12:00:27.439Z",82.759,2026-07-02 12:00:27.439,"2026-07-02 12:00","up"
84.495,2920.32,2569.16,4183.6,3672.58,10.935,"2026-07-02T12:00:27.439Z",82.505,2026-07-02 12:00:27.439,"2026-07-02 12:00","up"
84.749,2920.21,2569.13,4181.66,3671.32,10.947,"2026-07-02T12:00:27.439Z",82.251,2026-07-02 12:00:27.439,"2026-07-02 12:00","up"
85.004,2920.5,2569.18,4180.64,3671.13,10.957,"2026-07-02T12:00:27.439Z",81.996,2026-07-02 12:00:27.439,"2026-07-02 12:00","up"
85.258,2918.74,2567.69,4180.53,3671.5,10.969,"2026-07-02T12:00:27.439Z",81.742,2026-07-02 12:00:27.439,"2026-07-02 12:00","up"
85.512,2918.06,2566.66,4179.74,3670.86,10.957,"2026-07-02T12:00:27.439Z",81.488,2026-07-02 12:00:27.439,"2026-07-02 12:00","up"
85.766,2918.48,2566.9,4179.42,3670.54,10.952,"2026-07-02T12:00:27.439Z",81.234,2026-07-02 12:00:27.439,"2026-07-02 12:00","up"
86.02,2918.56,2567.07,4180.5,3671.55,10.956,"2026-07-02T12:00:27.439Z",80.98,2026-07-02 12:00:27.439,"2026-07-02 12:00","up"
86.275,2917.89,2566.72,4181.23,3672.54,10.972,"2026-07-02T12:00:27.439Z",80.725,2026-07-02 12:00:27.439,"2026-07-02 12:00","up"
86.529,2918.54,2567.1,4181.2,3673.11,10.979,"2026-07-02T12:00:27.439Z",80.471,2026-07-02 12:00:27.439,"2026-07-02 12:00","up"
86.783,2919.65,2567.82,4182.69,3674.49,10.972,"2026-07-02T12:00:27.439Z",80.217,2026-07-02 12:00:27.439,"2026-07-02 12:00","up"
87.037,2918.75,2567.25,4185.66,3676.52,10.966,"2026-07-02T12:00:27.439Z",79.963,2026-07-02 12:00:27.439,"2026-07-02 12:00","up"
87.291,2917.01,2565.97,4187.05,3677.34,10.966,"2026-07-02T12:00:27.439Z",79.709,2026-07-02 12:00:27.439,"2026-07-02 12:00","up"
87.546,2916.94,2565.91,4186.57,3677,10.967,"2026-07-02T12:00:27.439Z",79.454,2026-07-02 12:00:27.439,"2026-07-02 12:00","up"
87.8,2917.27,2565.97,4186.99,3677.52,10.963,"2026-07-02T12:00:27.439Z",79.2,2026-07-02 12:00:27.439,"2026-07-02 12:00","up"
88.054,2916.13,2564.96,4188.05,3678.49,10.964,"2026-07-02T12:00:27.439Z",78.946,2026-07-02 12:00:27.439,"2026-07-02 12:00","up"
88.308,2915.28,2564.28,4187.6,3678.3,10.971,"2026-07-02T12:00:27.439Z",78.692,2026-07-02 12:00:27.439,"2026-07-02 12:00","up"
88.562,2915.64,2564.62,4186.97,3678.07,10.979,"2026-07-02T12:00:27.439Z",78.438,2026-07-02 12:00:27.439,"2026-07-02 12:00","up"
88.817,2915.75,2564.58,4188.29,3679.2,10.974,"2026-07-02T12:00:27.439Z",78.183,2026-07-02 12:00:27.439,"2026-07-02 12:00","up"
89.071,2914.9,2563.58,4189.73,3680.3,10.962,"2026-07-02T12:00:27.439Z",77.929,2026-07-02 12:00:27.439,"2026-07-02 12:00","up"
89.325,2915.38,2563.67,4189.46,3680.15,10.953,"2026-07-02T12:00:27.439Z",77.675,2026-07-02 12:00:27.439,"2026-07-02 12:00","up"
89.579,2916.76,2564.94,4189.77,3680.38,10.954,"2026-07-02T12:00:27.439Z",77.421,2026-07-02 12:00:27.439,"2026-07-02 12:00","up"
89.833,2916.44,2565.03,4191.87,3681.93,10.959,"2026-07-02T12:00:27.439Z",77.167,2026-07-02 12:00:27.439,"2026-07-02 12:00","up"
90.088,2914.67,2563.64,4192.81,3682.72,10.964,"2026-07-02T12:00:27.439Z",76.912,2026-07-02 12:00:27.439,"2026-07-02 12:00","up"
90.342,2914.16,2563.26,4191.56,3682.07,10.976,"2026-07-02T12:00:27.439Z",76.658,2026-07-02 12:00:27.439,"2026-07-02 12:00","up"
90.596,2914.87,2563.76,4191.17,3682.12,10.981,"2026-07-02T12:00:27.439Z",76.404,2026-07-02 12:00:27.439,"2026-07-02 12:00","up"
90.85,2914.25,2563.15,4192.57,3683.33,10.979,"2026-07-02T12:00:27.439Z",76.15,2026-07-02 12:00:27.439,"2026-07-02 12:00","up"
91.104,2912.94,2561.81,4192.96,3683.68,10.973,"2026-07-02T12:00:27.439Z",75.896,2026-07-02 12:00:27.439,"2026-07-02 12:00","up"
91.359,2912.96,2561.72,4192,3682.97,10.972,"2026-07-02T12:00:27.439Z",75.641,2026-07-02 12:00:27.439,"2026-07-02 12:00","up"
91.613,2913.25,2562.05,4192.3,3683.3,10.976,"2026-07-02T12:00:27.439Z",75.387,2026-07-02 12:00:27.439,"2026-07-02 12:00","up"
91.867,2912.09,2561.02,4193.52,3684.34,10.975,"2026-07-02T12:00:27.439Z",75.133,2026-07-02 12:00:27.439,"2026-07-02 12:00","up"
92.121,2910.66,2559.71,4193.24,3683.96,10.97,"2026-07-02T12:00:27.439Z",74.879,2026-07-02 12:00:27.439,"2026-07-02 12:00","up"
92.375,2910.66,2559.65,4192.13,3682.95,10.967,"2026-07-02T12:00:27.439Z",74.625,2026-07-02 12:00:27.439,"2026-07-02 12:00","up"
92.63,2910.71,2559.64,4192.41,3683.19,10.966,"2026-07-02T12:00:27.439Z",74.37,2026-07-02 12:00:27.439,"2026-07-02 12:00","up"
92.884,2909.48,2558.58,4193.16,3683.87,10.967,"2026-07-02T12:00:27.439Z",74.116,2026-07-02 12:00:27.439,"2026-07-02 12:00","up"
93.138,2908.18,2557.53,4192.32,3683.36,10.975,"2026-07-02T12:00:27.439Z",73.862,2026-07-02 12:00:27.439,"2026-07-02 12:00","up"
93.392,2908.21,2557.64,4190.99,3682.56,10.986,"2026-07-02T12:00:27.439Z",73.608,2026-07-02 12:00:27.439,"2026-07-02 12:00","up"
93.646,2907.87,2557.61,4191.34,3682.99,10.998,"2026-07-02T12:00:27.439Z",73.354,2026-07-02 12:00:27.439,"2026-07-02 12:00","up"
93.901,2906.47,2556.63,4192.31,3683.71,11.003,"2026-07-02T12:00:27.439Z",73.099,2026-07-02 12:00:27.439,"2026-07-02 12:00","up"
94.155,2906.12,2556.01,4192.06,3683.55,10.994,"2026-07-02T12:00:27.439Z",72.845,2026-07-02 12:00:27.439,"2026-07-02 12:00","up"
94.409,2907.03,2556.12,4192.09,3683.69,10.974,"2026-07-02T12:00:27.439Z",72.591,2026-07-02 12:00:27.439,"2026-07-02 12:00","up"
94.663,2906.65,2555.63,4193.77,3684.93,10.963,"2026-07-02T12:00:27.439Z",72.337,2026-07-02 12:00:27.439,"2026-07-02 12:00","up"
94.917,2904.99,2554.46,4194.86,3685.51,10.964,"2026-07-02T12:00:27.439Z",72.083,2026-07-02 12:00:27.439,"2026-07-02 12:00","up"
95.172,2904.49,2554.09,4194,3684.65,10.964,"2026-07-02T12:00:27.439Z",71.828,2026-07-02 12:00:27.439,"2026-07-02 12:00","up"
95.426,2905.06,2554.21,4193.52,3684.3,10.954,"2026-07-02T12:00:27.439Z",71.574,2026-07-02 12:00:27.439,"2026-07-02 12:00","up"
95.68,2904.67,2554.11,4194.68,3685.59,10.967,"2026-07-02T12:00:27.439Z",71.32,2026-07-02 12:00:27.439,"2026-07-02 12:00","up"
95.934,2903.91,2554.05,4196.12,3687.89,11.011,"2026-07-02T12:00:27.439Z",71.066,2026-07-02 12:00:27.439,"2026-07-02 12:00","up"
96.188,2904.66,2554.87,4197.36,3690.72,11.056,"2026-07-02T12:00:27.439Z",70.812,2026-07-02 12:00:27.439,"2026-07-02 12:00","up"
96.443,2905.37,2555.43,4199.33,3693.53,11.078,"2026-07-02T12:00:27.439Z",70.557,2026-07-02 12:00:27.439,"2026-07-02 12:00","up"
96.697,2903.96,2554.16,4200.99,3695.03,11.078,"2026-07-02T12:00:27.439Z",70.303,2026-07-02 12:00:27.439,"2026-07-02 12:00","up"
96.951,2902.45,2552.73,4200.75,3694.75,11.073,"2026-07-02T12:00:27.439Z",70.049,2026-07-02 12:00:27.439,"2026-07-02 12:00","up"
97.205,2902.65,2552.93,4200.17,3694.37,11.077,"2026-07-02T12:00:27.439Z",69.795,2026-07-02 12:00:27.439,"2026-07-02 12:00","up"
97.459,2903.02,2553.11,4201.19,3695.34,11.074,"2026-07-02T12:00:27.439Z",69.541,2026-07-02 12:00:27.439,"2026-07-02 12:00","up"
97.714,2902.34,2552.4,4202.19,3696.3,11.072,"2026-07-02T12:00:27.439Z",69.286,2026-07-02 12:00:27.439,"2026-07-02 12:00","up"
97.968,2902.21,2552.37,4201.65,3696.12,11.081,"2026-07-02T12:00:27.439Z",69.032,2026-07-02 12:00:27.439,"2026-07-02 12:00","up"
98.222,2903.34,2553.45,4201.55,3696.36,11.091,"2026-07-02T12:00:27.439Z",68.778,2026-07-02 12:00:27.439,"2026-07-02 12:00","up"
98.476,2903.1,2553.41,4203.18,3697.82,11.098,"2026-07-02T12:00:27.439Z",68.524,2026-07-02 12:00:27.439,"2026-07-02 12:00","up"
98.73,2901.57,2552.01,4204.1,3698.59,11.095,"2026-07-02T12:00:27.439Z",68.27,2026-07-02 12:00:27.439,"2026-07-02 12:00","up"
98.985,2901.83,2551.85,4203.55,3698.17,11.084,"2026-07-02T12:00:27.439Z",68.015,2026-07-02 12:00:27.439,"2026-07-02 12:00","up"
99.239,2902.78,2552.61,4204.31,3698.79,11.08,"2026-07-02T12:00:27.439Z",67.761,2026-07-02 12:00:27.439,"2026-07-02 12:00","up"
99.493,2901.75,2552.03,4206.65,3700.61,11.085,"2026-07-02T12:00:27.439Z",67.507,2026-07-02 12:00:27.439,"2026-07-02 12:00","up"
99.747,2900.03,2550.78,4207.42,3701.2,11.092,"2026-07-02T12:00:27.439Z",67.253,2026-07-02 12:00:27.439,"2026-07-02 12:00","up"
100.001,2900.21,2550.94,4206.35,3700.6,11.1,"2026-07-02T12:00:27.439Z",66.999,2026-07-02 12:00:27.439,"2026-07-02 12:00","up"
100.256,2901.37,2551.8,4206.55,3701.1,11.102,"2026-07-02T12:00:27.439Z",66.744,2026-07-02 12:00:27.439,"2026-07-02 12:00","up"
100.51,2901.08,2551.59,4208.34,3702.63,11.103,"2026-07-02T12:00:27.439Z",66.49,2026-07-02 12:00:27.439,"2026-07-02 12:00","up"
100.764,2900.18,2550.87,4209.08,3703.27,11.105,"2026-07-02T12:00:27.439Z",66.236,2026-07-02 12:00:27.439,"2026-07-02 12:00","up"
101.018,2900.81,2551.31,4209.11,3703.52,11.106,"2026-07-02T12:00:27.439Z",65.982,2026-07-02 12:00:27.439,"2026-07-02 12:00","up"
101.272,2901.49,2551.89,4210.83,3704.96,11.104,"2026-07-02T12:00:27.439Z",65.728,2026-07-02 12:00:27.439,"2026-07-02 12:00","up"
101.526,2900.54,2551.12,4212.97,3706.6,11.1,"2026-07-02T12:00:27.439Z",65.474,2026-07-02 12:00:27.439,"2026-07-02 12:00","up"
101.781,2899.84,2550.35,4212.8,3706.78,11.103,"2026-07-02T12:00:27.439Z",65.219,2026-07-02 12:00:27.439,"2026-07-02 12:00","up"
102.035,2900.28,2550.81,4211.87,3706.49,11.117,"2026-07-02T12:00:27.439Z",64.965,2026-07-02 12:00:27.439,"2026-07-02 12:00","up"
102.289,2899.87,2550.49,4212.61,3707.21,11.12,"2026-07-02T12:00:27.439Z",64.711,2026-07-02 12:00:27.439,"2026-07-02 12:00","up"
102.543,2898.02,2548.59,4213.28,3707.51,11.104,"2026-07-02T12:00:27.439Z",64.457,2026-07-02 12:00:27.439,"2026-07-02 12:00","up"
102.797,2897.25,2547.67,4212.07,3706.33,11.094,"2026-07-02T12:00:27.439Z",64.203,2026-07-02 12:00:27.439,"2026-07-02 12:00","up"
103.052,2897.98,2548.3,4211.38,3705.86,11.096,"2026-07-02T12:00:27.439Z",63.948,2026-07-02 12:00:27.439,"2026-07-02 12:00","up"
103.306,2897.84,2548.22,4212.97,3707.3,11.099,"2026-07-02T12:00:27.439Z",63.694,2026-07-02 12:00:27.439,"2026-07-02 12:00","up"
103.56,2896.65,2547.18,4214.37,3708.56,11.1,"2026-07-02T12:00:27.439Z",63.44,2026-07-02 12:00:27.439,"2026-07-02 12:00","up"
103.814,2896.71,2547.16,4214.08,3708.58,11.103,"2026-07-02T12:00:27.439Z",63.186,2026-07-02 12:00:27.439,"2026-07-02 12:00","up"
104.068,2897.6,2547.81,4214.46,3709.25,11.107,"2026-07-02T12:00:27.439Z",62.932,2026-07-02 12:00:27.439,"2026-07-02 12:00","up"
104.323,2897.04,2547.27,4216.47,3711.03,11.106,"2026-07-02T12:00:27.439Z",62.677,2026-07-02 12:00:27.439,"2026-07-02 12:00","up"
104.577,2895.46,2546.14,4217.23,3711.58,11.111,"2026-07-02T12:00:27.439Z",62.423,2026-07-02 12:00:27.439,"2026-07-02 12:00","up"
104.831,2895.73,2546.54,4216.16,3710.74,11.119,"2026-07-02T12:00:27.439Z",62.169,2026-07-02 12:00:27.439,"2026-07-02 12:00","up"
105.085,2897.13,2547.62,4216.57,3711.17,11.116,"2026-07-02T12:00:27.439Z",61.915,2026-07-02 12:00:27.439,"2026-07-02 12:00","up"
105.339,2897.04,2547.4,4218.95,3713.15,11.108,"2026-07-02T12:00:27.439Z",61.661,2026-07-02 12:00:27.439,"2026-07-02 12:00","up"
105.594,2896.09,2546.66,4220.32,3714.42,11.113,"2026-07-02T12:00:27.439Z",61.406,2026-07-02 12:00:27.439,"2026-07-02 12:00","up"
105.848,2896.33,2546.96,4220.41,3714.64,11.119,"2026-07-02T12:00:27.439Z",61.152,2026-07-02 12:00:27.439,"2026-07-02 12:00","up"
106.102,2896.42,2547.2,4221.13,3715.25,11.124,"2026-07-02T12:00:27.439Z",60.898,2026-07-02 12:00:27.439,"2026-07-02 12:00","up"
106.356,2895.25,2546.31,4221.89,3715.74,11.124,"2026-07-02T12:00:27.439Z",60.644,2026-07-02 12:00:27.439,"2026-07-02 12:00","up"
106.61,2894.56,2545.72,4221.21,3715.15,11.125,"2026-07-02T12:00:27.439Z",60.39,2026-07-02 12:00:27.439,"2026-07-02 12:00","up"
106.865,2894.89,2545.85,4220.51,3714.73,11.124,"2026-07-02T12:00:27.439Z",60.135,2026-07-02 12:00:27.439,"2026-07-02 12:00","up"
107.119,2894.52,2545.36,4221.36,3715.5,11.119,"2026-07-02T12:00:27.439Z",59.881,2026-07-02 12:00:27.439,"2026-07-02 12:00","up"
107.373,2893.17,2544.16,4222.09,3716,11.115,"2026-07-02T12:00:27.439Z",59.627,2026-07-02 12:00:27.439,"2026-07-02 12:00","up"
107.627,2892.49,2543.7,4221.62,3715.52,11.119,"2026-07-02T12:00:27.439Z",59.373,2026-07-02 12:00:27.439,"2026-07-02 12:00","up"
107.881,2892.31,2543.79,4221.42,3715.5,11.131,"2026-07-02T12:00:27.439Z",59.119,2026-07-02 12:00:27.439,"2026-07-02 12:00","up"
108.136,2891.09,2542.94,4222.13,3716.23,11.14,"2026-07-02T12:00:27.439Z",58.864,2026-07-02 12:00:27.439,"2026-07-02 12:00","up"
108.39,2889.91,2541.65,4221.95,3716.24,11.135,"2026-07-02T12:00:27.439Z",58.61,2026-07-02 12:00:27.439,"2026-07-02 12:00","up"
108.644,2890.54,2541.85,4220.82,3715.61,11.132,"2026-07-02T12:00:27.439Z",58.356,2026-07-02 12:00:27.439,"2026-07-02 12:00","up"
108.898,2891.43,2542.66,4221.25,3716.09,11.136,"2026-07-02T12:00:27.439Z",58.102,2026-07-02 12:00:27.439,"2026-07-02 12:00","up"
109.152,2890.72,2542.25,4223.23,3717.6,11.137,"2026-07-02T12:00:27.439Z",57.848,2026-07-02 12:00:27.439,"2026-07-02 12:00","up"
109.407,2889.67,2541.46,4224.03,3718.29,11.141,"2026-07-02T12:00:27.439Z",57.593,2026-07-02 12:00:27.439,"2026-07-02 12:00","up"
109.661,2889.49,2541.44,4223.54,3718.02,11.149,"2026-07-02T12:00:27.439Z",57.339,2026-07-02 12:00:27.439,"2026-07-02 12:00","up"
109.915,2889.2,2541.2,4224.16,3718.56,11.15,"2026-07-02T12:00:27.439Z",57.085,2026-07-02 12:00:27.439,"2026-07-02 12:00","up"
110.169,2887.75,2539.98,4225.46,3719.74,11.152,"2026-07-02T12:00:27.439Z",56.831,2026-07-02 12:00:27.439,"2026-07-02 12:00","up"
110.423,2886.86,2538.74,4225.41,3719.56,11.134,"2026-07-02T12:00:27.439Z",56.577,2026-07-02 12:00:27.439,"2026-07-02 12:00","up"
110.678,2887.32,2538.15,4224.91,3718.04,11.077,"2026-07-02T12:00:27.439Z",56.322,2026-07-02 12:00:27.439,"2026-07-02 12:00","up"
110.932,2887.37,2537.08,4225.56,3716.38,10.99,"2026-07-02T12:00:27.439Z",56.068,2026-07-02 12:00:27.439,"2026-07-02 12:00","up"
111.186,2885.96,2535.06,4225.83,3714.58,10.918,"2026-07-02T12:00:27.439Z",55.814,2026-07-02 12:00:27.439,"2026-07-02 12:00","up"
111.44,2885.49,2534.26,4224.78,3713.08,10.893,"2026-07-02T12:00:27.439Z",55.56,2026-07-02 12:00:27.439,"2026-07-02 12:00","up"
111.694,2886.72,2535.34,4224.55,3713.2,10.9,"2026-07-02T12:00:27.439Z",55.306,2026-07-02 12:00:27.439,"2026-07-02 12:00","up"
111.949,2886.88,2535.87,4226.39,3714.91,10.915,"2026-07-02T12:00:27.439Z",55.051,2026-07-02 12:00:27.439,"2026-07-02 12:00","up"
112.203,2885.65,2535.15,4227.53,3715.92,10.927,"2026-07-02T12:00:27.439Z",54.797,2026-07-02 12:00:27.439,"2026-07-02 12:00","up"
112.457,2885.96,2535.12,4226.91,3715.58,10.922,"2026-07-02T12:00:27.439Z",54.543,2026-07-02 12:00:27.439,"2026-07-02 12:00","up"
112.711,2887.31,2535.96,4227.46,3716.01,10.909,"2026-07-02T12:00:27.439Z",54.289,2026-07-02 12:00:27.439,"2026-07-02 12:00","up"
112.965,2886.55,2535.3,4229.65,3717.52,10.9,"2026-07-02T12:00:27.439Z",54.035,2026-07-02 12:00:27.439,"2026-07-02 12:00","up"
113.22,2884.49,2533.66,4229.8,3717.59,10.904,"2026-07-02T12:00:27.439Z",53.78,2026-07-02 12:00:27.439,"2026-07-02 12:00","up"
113.474,2884.83,2533.78,4227.58,3716.15,10.91,"2026-07-02T12:00:27.439Z",53.526,2026-07-02 12:00:27.439,"2026-07-02 12:00","up"
113.728,2886.27,2534.85,4227.24,3716.26,10.912,"2026-07-02T12:00:27.439Z",53.272,2026-07-02 12:00:27.439,"2026-07-02 12:00","up"
113.982,2885.44,2534.22,4229.7,3718.2,10.911,"2026-07-02T12:00:27.439Z",53.018,2026-07-02 12:00:27.439,"2026-07-02 12:00","up"
114.236,2883.36,2532.49,4230.83,3718.92,10.908,"2026-07-02T12:00:27.439Z",52.764,2026-07-02 12:00:27.439,"2026-07-02 12:00","up"
114.491,2882.75,2531.93,4229.5,3718.04,10.914,"2026-07-02T12:00:27.439Z",52.509,2026-07-02 12:00:27.439,"2026-07-02 12:00","up"
114.745,2882.67,2532.09,4228.99,3718,10.93,"2026-07-02T12:00:27.439Z",52.255,2026-07-02 12:00:27.439,"2026-07-02 12:00","up"
114.999,2881.69,2531.49,4230.11,3718.96,10.939,"2026-07-02T12:00:27.439Z",52.001,2026-07-02 12:00:27.439,"2026-07-02 12:00","up"
115.253,2880.79,2530.52,4230.58,3719.21,10.929,"2026-07-02T12:00:27.439Z",51.747,2026-07-02 12:00:27.439,"2026-07-02 12:00","up"
115.507,2881.32,2530.5,4230.22,3719.11,10.917,"2026-07-02T12:00:27.439Z",51.493,2026-07-02 12:00:27.439,"2026-07-02 12:00","up"
115.762,2881.8,2530.77,4230.96,3719.95,10.917,"2026-07-02T12:00:27.439Z",51.238,2026-07-02 12:00:27.439,"2026-07-02 12:00","up"
116.016,2881.18,2530.33,4232.35,3721.06,10.918,"2026-07-02T12:00:27.439Z",50.984,2026-07-02 12:00:27.439,"2026-07-02 12:00","up"
116.27,2880.98,2530.13,4232.79,3721.47,10.917,"2026-07-02T12:00:27.439Z",50.73,2026-07-02 12:00:27.439,"2026-07-02 12:00","up"
116.524,2881.57,2530.5,4233.34,3722.12,10.917,"2026-07-02T12:00:27.439Z",50.476,2026-07-02 12:00:27.439,"2026-07-02 12:00","up"
116.778,2880.95,2530.04,4234.68,3723.33,10.92,"2026-07-02T12:00:27.439Z",50.222,2026-07-02 12:00:27.439,"2026-07-02 12:00","up"
117.033,2879.57,2528.97,4235.07,3723.72,10.926,"2026-07-02T12:00:27.439Z",49.967,2026-07-02 12:00:27.439,"2026-07-02 12:00","up"
117.287,2880.07,2529.17,4234.28,3723.33,10.925,"2026-07-02T12:00:27.439Z",49.713,2026-07-02 12:00:27.439,"2026-07-02 12:00","up"
117.541,2881.51,2530.32,4234.94,3724.24,10.928,"2026-07-02T12:00:27.439Z",49.459,2026-07-02 12:00:27.439,"2026-07-02 12:00","up"
117.795,2881.39,2530.38,4237.72,3726.65,10.933,"2026-07-02T12:00:27.439Z",49.205,2026-07-02 12:00:27.439,"2026-07-02 12:00","up"
118.049,2880.68,2529.68,4239.76,3728.42,10.93,"2026-07-02T12:00:27.439Z",48.951,2026-07-02 12:00:27.439,"2026-07-02 12:00","up"
118.304,2881.41,2530.03,4240.38,3729.36,10.929,"2026-07-02T12:00:27.439Z",48.696,2026-07-02 12:00:27.439,"2026-07-02 12:00","up"
118.558,2882.29,2530.47,4241.88,3730.8,10.921,"2026-07-02T12:00:27.439Z",48.442,2026-07-02 12:00:27.439,"2026-07-02 12:00","up"
118.812,2881.39,2529.44,4243.88,3732.02,10.901,"2026-07-02T12:00:27.439Z",48.188,2026-07-02 12:00:27.439,"2026-07-02 12:00","up"
119.066,2880.2,2528.29,4244.28,3731.74,10.883,"2026-07-02T12:00:27.439Z",47.934,2026-07-02 12:00:27.439,"2026-07-02 12:00","up"
119.32,2880.37,2528.3,4243.86,3731.02,10.871,"2026-07-02T12:00:27.439Z",47.68,2026-07-02 12:00:27.439,"2026-07-02 12:00","up"
119.575,2880.31,2528.4,4244.64,3731.42,10.869,"2026-07-02T12:00:27.439Z",47.425,2026-07-02 12:00:27.439,"2026-07-02 12:00","up"
119.829,2878.59,2527.1,4245.52,3732.14,10.875,"2026-07-02T12:00:27.439Z",47.171,2026-07-02 12:00:27.439,"2026-07-02 12:00","up"
120.083,2877.21,2526.02,4244.6,3731.68,10.887,"2026-07-02T12:00:27.439Z",46.917,2026-07-02 12:00:27.439,"2026-07-02 12:00","up"
120.337,2877.76,2526.44,4243.57,3731.16,10.894,"2026-07-02T12:00:27.439Z",46.663,2026-07-02 12:00:27.439,"2026-07-02 12:00","up"
120.591,2878.19,2526.71,4244.82,3732.32,10.891,"2026-07-02T12:00:27.439Z",46.409,2026-07-02 12:00:27.439,"2026-07-02 12:00","up"
120.846,2877.01,2525.73,4246.56,3733.75,10.891,"2026-07-02T12:00:27.439Z",46.154,2026-07-02 12:00:27.439,"2026-07-02 12:00","up"
121.1,2875.98,2524.92,4246.45,3733.73,10.896,"2026-07-02T12:00:27.439Z",45.9,2026-07-02 12:00:27.439,"2026-07-02 12:00","up"
121.354,2875.75,2524.72,4245.66,3733.15,10.899,"2026-07-02T12:00:27.439Z",45.646,2026-07-02 12:00:27.439,"2026-07-02 12:00","up"
121.608,2875.02,2524.14,4245.46,3732.92,10.9,"2026-07-02T12:00:27.439Z",45.392,2026-07-02 12:00:27.439,"2026-07-02 12:00","up"
121.862,2874.15,2523.18,4244.98,3732.64,10.896,"2026-07-02T12:00:27.439Z",45.138,2026-07-02 12:00:27.439,"2026-07-02 12:00","up"
122.117,2874.87,2523.35,4244.43,3732.42,10.887,"2026-07-02T12:00:27.439Z",44.883,2026-07-02 12:00:27.439,"2026-07-02 12:00","up"
122.371,2875.69,2523.87,4245.56,3733.32,10.878,"2026-07-02T12:00:27.439Z",44.629,2026-07-02 12:00:27.439,"2026-07-02 12:00","up"
122.625,2874.66,2523.29,4247.3,3734.63,10.884,"2026-07-02T12:00:27.439Z",44.375,2026-07-02 12:00:27.439,"2026-07-02 12:00","up"
122.879,2873.73,2522.61,4247.14,3734.68,10.892,"2026-07-02T12:00:27.439Z",44.121,2026-07-02 12:00:27.439,"2026-07-02 12:00","up"
123.133,2874.72,2523.19,4246.49,3734.2,10.885,"2026-07-02T12:00:27.439Z",43.867,2026-07-02 12:00:27.439,"2026-07-02 12:00","up"
123.388,2875.6,2523.87,4248.01,3735.1,10.872,"2026-07-02T12:00:27.439Z",43.612,2026-07-02 12:00:27.439,"2026-07-02 12:00","up"
123.642,2874.92,2523.32,4250.41,3736.78,10.864,"2026-07-02T12:00:27.439Z",43.358,2026-07-02 12:00:27.439,"2026-07-02 12:00","up"
123.896,2874.87,2523.08,4251.15,3737.3,10.855,"2026-07-02T12:00:27.439Z",43.104,2026-07-02 12:00:27.439,"2026-07-02 12:00","up"
124.15,2875.9,2523.67,4251.21,3737.38,10.845,"2026-07-02T12:00:27.439Z",42.85,2026-07-02 12:00:27.439,"2026-07-02 12:00","up"
124.404,2875.57,2523.43,4252.18,3738.21,10.846,"2026-07-02T12:00:27.439Z",42.596,2026-07-02 12:00:27.439,"2026-07-02 12:00","up"
124.659,2873.91,2522.25,4252.45,3738.36,10.853,"2026-07-02T12:00:27.439Z",42.341,2026-07-02 12:00:27.439,"2026-07-02 12:00","up"
124.913,2873.65,2522.06,4251.05,3737.26,10.858,"2026-07-02T12:00:27.439Z",42.087,2026-07-02 12:00:27.439,"2026-07-02 12:00","up"
125.167,2874.47,2522.68,4250.71,3737.2,10.859,"2026-07-02T12:00:27.439Z",41.833,2026-07-02 12:00:27.439,"2026-07-02 12:00","up"
125.421,2873.79,2522.17,4252.68,3738.8,10.86,"2026-07-02T12:00:27.439Z",41.579,2026-07-02 12:00:27.439,"2026-07-02 12:00","up"
125.675,2872.21,2520.74,4253.83,3739.54,10.852,"2026-07-02T12:00:27.439Z",41.325,2026-07-02 12:00:27.439,"2026-07-02 12:00","up"
125.93,2872.18,2520.38,4252.96,3738.92,10.844,"2026-07-02T12:00:27.439Z",41.07,2026-07-02 12:00:27.439,"2026-07-02 12:00","up"
126.184,2872.62,2520.83,4252.92,3739.26,10.854,"2026-07-02T12:00:27.439Z",40.816,2026-07-02 12:00:27.439,"2026-07-02 12:00","up"
126.438,2871.66,2520.32,4254.41,3740.62,10.867,"2026-07-02T12:00:27.439Z",40.562,2026-07-02 12:00:27.439,"2026-07-02 12:00","up"
126.692,2870.5,2519.44,4254.94,3740.93,10.868,"2026-07-02T12:00:27.439Z",40.308,2026-07-02 12:00:27.439,"2026-07-02 12:00","up"
126.946,2871.01,2519.67,4254.42,3740.79,10.868,"2026-07-02T12:00:27.439Z",40.054,2026-07-02 12:00:27.439,"2026-07-02 12:00","up"
127.201,2871.73,2520.14,4255.22,3741.94,10.872,"2026-07-02T12:00:27.439Z",39.799,2026-07-02 12:00:27.439,"2026-07-02 12:00","up"
127.455,2870.56,2518.99,4257.12,3743.48,10.865,"2026-07-02T12:00:27.439Z",39.545,2026-07-02 12:00:27.439,"2026-07-02 12:00","up"
127.709,2868.95,2517.38,4257.55,3743.59,10.853,"2026-07-02T12:00:27.439Z",39.291,2026-07-02 12:00:27.439,"2026-07-02 12:00","up"
127.963,2868.88,2517.42,4256.69,3742.95,10.859,"2026-07-02T12:00:27.439Z",39.037,2026-07-02 12:00:27.439,"2026-07-02 12:00","up"
128.217,2869.1,2517.67,4257.24,3743.55,10.863,"2026-07-02T12:00:27.439Z",38.783,2026-07-02 12:00:27.439,"2026-07-02 12:00","up"
128.472,2868.17,2516.69,4258.77,3744.73,10.854,"2026-07-02T12:00:27.439Z",38.528,2026-07-02 12:00:27.439,"2026-07-02 12:00","up"
128.726,2867.22,2515.98,4258.9,3744.81,10.858,"2026-07-02T12:00:27.439Z",38.274,2026-07-02 12:00:27.439,"2026-07-02 12:00","up"
128.98,2867.36,2516.23,4258.58,3744.87,10.87,"2026-07-02T12:00:27.439Z",38.02,2026-07-02 12:00:27.439,"2026-07-02 12:00","up"
129.234,2867.61,2516.11,4259.58,3746.07,10.865,"2026-07-02T12:00:27.439Z",37.766,2026-07-02 12:00:27.439,"2026-07-02 12:00","up"
129.488,2866.84,2515.27,4260.6,3746.91,10.859,"2026-07-02T12:00:27.439Z",37.512,2026-07-02 12:00:27.439,"2026-07-02 12:00","up"
129.743,2866.48,2515.12,4260.44,3746.62,10.86,"2026-07-02T12:00:27.439Z",37.257,2026-07-02 12:00:27.439,"2026-07-02 12:00","up"
129.997,2867.2,2516.03,4260.64,3746.98,10.874,"2026-07-02T12:00:27.439Z",37.003,2026-07-02 12:00:27.439,"2026-07-02 12:00","up"
130.251,2867.8,2516.4,4262.4,3748.77,10.874,"2026-07-02T12:00:27.439Z",36.749,2026-07-02 12:00:27.439,"2026-07-02 12:00","up"
130.505,2867.75,2515.92,4264.38,3750.64,10.862,"2026-07-02T12:00:27.439Z",36.495,2026-07-02 12:00:27.439,"2026-07-02 12:00","up"
130.759,2867.64,2515.64,4265.51,3751.96,10.864,"2026-07-02T12:00:27.439Z",36.241,2026-07-02 12:00:27.439,"2026-07-02 12:00","up"
131.014,2866.94,2515.23,4266.36,3753.3,10.884,"2026-07-02T12:00:27.439Z",35.986,2026-07-02 12:00:27.439,"2026-07-02 12:00","up"
131.268,2865.25,2514.15,4266.72,3754.6,10.919,"2026-07-02T12:00:27.439Z",35.732,2026-07-02 12:00:27.439,"2026-07-02 12:00","up"
131.522,2864.8,2513.57,4265.94,3755.75,10.954,"2026-07-02T12:00:27.439Z",35.478,2026-07-02 12:00:27.439,"2026-07-02 12:00","up"
131.776,2866.4,2514.74,4266.05,3758.21,10.998,"2026-07-02T12:00:27.439Z",35.224,2026-07-02 12:00:27.439,"2026-07-02 12:00","up"
132.03,2867.36,2515.92,4268.92,3762.54,11.05,"2026-07-02T12:00:27.439Z",34.97,2026-07-02 12:00:27.439,"2026-07-02 12:00","up"
132.285,2865.94,2515.38,4271.96,3766.51,11.102,"2026-07-02T12:00:27.439Z",34.715,2026-07-02 12:00:27.439,"2026-07-02 12:00","up"
132.539,2864.56,2514.63,4272.14,3768.07,11.149,"2026-07-02T12:00:27.439Z",34.461,2026-07-02 12:00:27.439,"2026-07-02 12:00","up"
132.793,2864.75,2515.63,4270.97,3768.63,11.212,"2026-07-02T12:00:27.439Z",34.207,2026-07-02 12:00:27.439,"2026-07-02 12:00","up"
133.047,2865.21,2517.16,4271.34,3770.58,11.285,"2026-07-02T12:00:27.439Z",33.953,2026-07-02 12:00:27.439,"2026-07-02 12:00","up"
133.301,2864.61,2517.66,4272.58,3773.13,11.352,"2026-07-02T12:00:27.439Z",33.699,2026-07-02 12:00:27.439,"2026-07-02 12:00","up"
133.556,2863.93,2517.66,4272.85,3774.56,11.398,"2026-07-02T12:00:27.439Z",33.444,2026-07-02 12:00:27.439,"2026-07-02 12:00","up"
133.81,2863.93,2517.77,4272.85,3775.34,11.419,"2026-07-02T12:00:27.439Z",33.19,2026-07-02 12:00:27.439,"2026-07-02 12:00","up"
134.064,2864.1,2517.38,4273.69,3776.27,11.406,"2026-07-02T12:00:27.439Z",32.936,2026-07-02 12:00:27.439,"2026-07-02 12:00","up"
134.318,2864.4,2516.8,4274.54,3776.77,11.372,"2026-07-02T12:00:27.439Z",32.682,2026-07-02 12:00:27.439,"2026-07-02 12:00","up"
134.572,2865.14,2516.98,4275.24,3777.06,11.349,"2026-07-02T12:00:27.439Z",32.428,2026-07-02 12:00:27.439,"2026-07-02 12:00","up"
134.827,2865.64,2517.49,4276.8,3778.06,11.343,"2026-07-02T12:00:27.439Z",32.173,2026-07-02 12:00:27.439,"2026-07-02 12:00","up"
135.081,2865.24,2517.15,4278.49,3779.1,11.333,"2026-07-02T12:00:27.439Z",31.919,2026-07-02 12:00:27.439,"2026-07-02 12:00","up"
135.335,2864.81,2516.38,4278.67,3779.08,11.316,"2026-07-02T12:00:27.439Z",31.665,2026-07-02 12:00:27.439,"2026-07-02 12:00","up"
135.589,2865.38,2516.22,4278.36,3778.77,11.294,"2026-07-02T12:00:27.439Z",31.411,2026-07-02 12:00:27.439,"2026-07-02 12:00","up"
135.843,2865.71,2516.12,4279.51,3779.29,11.269,"2026-07-02T12:00:27.439Z",31.157,2026-07-02 12:00:27.439,"2026-07-02 12:00","up"
136.098,2864.79,2514.88,4281.04,3779.67,11.233,"2026-07-02T12:00:27.439Z",30.902,2026-07-02 12:00:27.439,"2026-07-02 12:00","up"
136.352,2864.4,2514.1,4281.11,3778.97,11.202,"2026-07-02T12:00:27.439Z",30.648,2026-07-02 12:00:27.439,"2026-07-02 12:00","up"
136.606,2865.23,2514.64,4281.15,3778.57,11.186,"2026-07-02T12:00:27.439Z",30.394,2026-07-02 12:00:27.439,"2026-07-02 12:00","up"
136.86,2865.14,2514.57,4282.95,3779.79,11.178,"2026-07-02T12:00:27.439Z",30.14,2026-07-02 12:00:27.439,"2026-07-02 12:00","up"
137.114,2863.87,2513.32,4284.76,3781.12,11.168,"2026-07-02T12:00:27.439Z",29.886,2026-07-02 12:00:27.439,"2026-07-02 12:00","up"
137.369,2863.82,2512.95,4284.55,3781.34,11.166,"2026-07-02T12:00:27.439Z",29.631,2026-07-02 12:00:27.439,"2026-07-02 12:00","up"
137.623,2864.73,2513.71,4284.37,3781.68,11.176,"2026-07-02T12:00:27.439Z",29.377,2026-07-02 12:00:27.439,"2026-07-02 12:00","up"
137.877,2864.16,2513.37,4285.77,3782.74,11.177,"2026-07-02T12:00:27.439Z",29.123,2026-07-02 12:00:27.439,"2026-07-02 12:00","up"
138.131,2861.95,2511.55,4286.32,3782.81,11.172,"2026-07-02T12:00:27.439Z",28.869,2026-07-02 12:00:27.439,"2026-07-02 12:00","up"
138.385,2860.69,2510.18,4284.52,3781.24,11.163,"2026-07-02T12:00:27.439Z",28.615,2026-07-02 12:00:27.439,"2026-07-02 12:00","up"
138.64,2860.89,2509.92,4282.98,3780.29,11.158,"2026-07-02T12:00:27.439Z",28.36,2026-07-02 12:00:27.439,"2026-07-02 12:00","up"
138.894,2860.65,2509.49,4283.3,3780.65,11.152,"2026-07-02T12:00:27.439Z",28.106,2026-07-02 12:00:27.439,"2026-07-02 12:00","up"
139.148,2859.64,2508.48,4283.53,3780.7,11.145,"2026-07-02T12:00:27.439Z",27.852,2026-07-02 12:00:27.439,"2026-07-02 12:00","up"
139.402,2859.3,2508.09,4282.86,3780.04,11.14,"2026-07-02T12:00:27.439Z",27.598,2026-07-02 12:00:27.439,"2026-07-02 12:00","up"
139.656,2859.27,2508.07,4283.14,3779.91,11.132,"2026-07-02T12:00:27.439Z",27.344,2026-07-02 12:00:27.439,"2026-07-02 12:00","up"
139.911,2858.35,2507.09,4284.32,3780.06,11.106,"2026-07-02T12:00:27.439Z",27.089,2026-07-02 12:00:27.439,"2026-07-02 12:00","up"
140.165,2857.77,2506.33,4284.35,3779.39,11.083,"2026-07-02T12:00:27.439Z",26.835,2026-07-02 12:00:27.439,"2026-07-02 12:00","up"
140.419,2858.29,2506.65,4284.19,3779.11,11.075,"2026-07-02T12:00:27.439Z",26.581,2026-07-02 12:00:27.439,"2026-07-02 12:00","up"
140.673,2858.85,2507.19,4285.8,3780.45,11.075,"2026-07-02T12:00:27.439Z",26.327,2026-07-02 12:00:27.439,"2026-07-02 12:00","up"
140.927,2858.61,2506.99,4287.64,3781.78,11.069,"2026-07-02T12:00:27.439Z",26.073,2026-07-02 12:00:27.439,"2026-07-02 12:00","up"
141.182,2858.48,2506.72,4287.79,3781.56,11.056,"2026-07-02T12:00:27.439Z",25.818,2026-07-02 12:00:27.439,"2026-07-02 12:00","up"
141.436,2858.61,2506.99,4287.67,3781.06,11.052,"2026-07-02T12:00:27.439Z",25.564,2026-07-02 12:00:27.439,"2026-07-02 12:00","up"
141.69,2858.09,2506.68,4288.67,3781.45,11.046,"2026-07-02T12:00:27.439Z",25.31,2026-07-02 12:00:27.439,"2026-07-02 12:00","up"
141.944,2857.28,2505.83,4289.38,3781.71,11.033,"2026-07-02T12:00:27.439Z",25.056,2026-07-02 12:00:27.439,"2026-07-02 12:00","up"
142.198,2857.41,2505.9,4289.37,3781.55,11.029,"2026-07-02T12:00:27.439Z",24.802,2026-07-02 12:00:27.439,"2026-07-02 12:00","up"
142.453,2858.01,2506.49,4290.29,3781.69,11.016,"2026-07-02T12:00:27.439Z",24.547,2026-07-02 12:00:27.439,"2026-07-02 12:00","up"
142.707,2857.42,2506.05,4292.18,3782.33,10.996,"2026-07-02T12:00:27.439Z",24.293,2026-07-02 12:00:27.439,"2026-07-02 12:00","up"
142.961,2856.42,2505.04,4292.83,3782.42,10.981,"2026-07-02T12:00:27.439Z",24.039,2026-07-02 12:00:27.439,"2026-07-02 12:00","up"
143.215,2856.51,2505.13,4291.82,3781.17,10.973,"2026-07-02T12:00:27.439Z",23.785,2026-07-02 12:00:27.439,"2026-07-02 12:00","up"
143.469,2856.62,2505.53,4291.13,3779.83,10.967,"2026-07-02T12:00:27.439Z",23.531,2026-07-02 12:00:27.439,"2026-07-02 12:00","up"
143.724,2855.5,2504.72,4291.35,3779.2,10.954,"2026-07-02T12:00:27.439Z",23.276,2026-07-02 12:00:27.439,"2026-07-02 12:00","up"
143.978,2854.49,2503.79,4290.8,3778.16,10.941,"2026-07-02T12:00:27.439Z",23.022,2026-07-02 12:00:27.439,"2026-07-02 12:00","up"
144.232,2854.66,2503.81,4289.72,3776.83,10.928,"2026-07-02T12:00:27.439Z",22.768,2026-07-02 12:00:27.439,"2026-07-02 12:00","up"
144.486,2854.59,2503.6,4290.08,3776.78,10.915,"2026-07-02T12:00:27.439Z",22.514,2026-07-02 12:00:27.439,"2026-07-02 12:00","up"
144.74,2853.07,2502.3,4290.88,3777.2,10.91,"2026-07-02T12:00:27.439Z",22.26,2026-07-02 12:00:27.439,"2026-07-02 12:00","up"
144.995,2851.77,2501.33,4289.98,3776.53,10.918,"2026-07-02T12:00:27.439Z",22.005,2026-07-02 12:00:27.439,"2026-07-02 12:00","up"
145.249,2852.15,2501.58,4288.6,3775.83,10.927,"2026-07-02T12:00:27.439Z",21.751,2026-07-02 12:00:27.439,"2026-07-02 12:00","up"
145.503,2852.69,2501.82,4289.06,3776.56,10.926,"2026-07-02T12:00:27.439Z",21.497,2026-07-02 12:00:27.439,"2026-07-02 12:00","up"
145.757,2851.8,2501.13,4290.39,3777.56,10.925,"2026-07-02T12:00:27.439Z",21.243,2026-07-02 12:00:27.439,"2026-07-02 12:00","up"
146.011,2850.97,2500.42,4290.26,3777.37,10.924,"2026-07-02T12:00:27.439Z",20.989,2026-07-02 12:00:27.439,"2026-07-02 12:00","up"
146.266,2851.17,2500.51,4289.53,3777.25,10.933,"2026-07-02T12:00:27.439Z",20.734,2026-07-02 12:00:27.439,"2026-07-02 12:00","up"
146.52,2850.89,2500.18,4290.2,3778.19,10.938,"2026-07-02T12:00:27.439Z",20.48,2026-07-02 12:00:27.439,"2026-07-02 12:00","up"
146.774,2849.91,2499.55,4290.85,3778.86,10.948,"2026-07-02T12:00:27.439Z",20.226,2026-07-02 12:00:27.439,"2026-07-02 12:00","up"
147.028,2850.1,2499.8,4290.26,3778.66,10.958,"2026-07-02T12:00:27.439Z",19.972,2026-07-02 12:00:27.439,"2026-07-02 12:00","up"
147.282,2851.36,2500.71,4290.53,3778.98,10.953,"2026-07-02T12:00:27.439Z",19.718,2026-07-02 12:00:27.439,"2026-07-02 12:00","up"
147.537,2851.38,2500.79,4292.61,3780.44,10.947,"2026-07-02T12:00:27.439Z",19.463,2026-07-02 12:00:27.439,"2026-07-02 12:00","up"
147.791,2849.99,2499.5,4294.01,3781.34,10.937,"2026-07-02T12:00:27.439Z",19.209,2026-07-02 12:00:27.439,"2026-07-02 12:00","up"
148.045,2849.47,2498.87,4293.49,3780.97,10.933,"2026-07-02T12:00:27.439Z",18.955,2026-07-02 12:00:27.439,"2026-07-02 12:00","up"
148.299,2850.18,2499.38,4293.26,3781.19,10.939,"2026-07-02T12:00:27.439Z",18.701,2026-07-02 12:00:27.439,"2026-07-02 12:00","up"
148.553,2850.15,2499.43,4294.63,3782.52,10.944,"2026-07-02T12:00:27.439Z",18.447,2026-07-02 12:00:27.439,"2026-07-02 12:00","up"
148.808,2849.28,2499.05,4295.63,3783.15,10.952,"2026-07-02T12:00:27.439Z",18.192,2026-07-02 12:00:27.439,"2026-07-02 12:00","up"
149.062,2849.25,2499.21,4295.62,3783.13,10.957,"2026-07-02T12:00:27.439Z",17.938,2026-07-02 12:00:27.439,"2026-07-02 12:00","up"
149.316,2849.94,2499.59,4296.37,3784.3,10.961,"2026-07-02T12:00:27.439Z",17.684,2026-07-02 12:00:27.439,"2026-07-02 12:00","up"
149.57,2850.42,2499.27,4298.05,3785.99,10.941,"2026-07-02T12:00:27.439Z",17.43,2026-07-02 12:00:27.439,"2026-07-02 12:00","up"
149.824,2850.36,2497.66,4299.29,3785.95,10.864,"2026-07-02T12:00:27.439Z",17.176,2026-07-02 12:00:27.439,"2026-07-02 12:00","up"
150.079,2849.68,2494.27,4299.9,3783.57,10.706,"2026-07-02T12:00:27.439Z",16.921,2026-07-02 12:00:27.439,"2026-07-02 12:00","up"
150.333,2847.68,2489.38,4300.23,3779.52,10.505,"2026-07-02T12:00:27.439Z",16.667,2026-07-02 12:00:27.439,"2026-07-02 12:00","up"
150.587,2845.17,2484.81,4299.42,3774.15,10.323,"2026-07-02T12:00:27.439Z",16.413,2026-07-02 12:00:27.439,"2026-07-02 12:00","up"
150.841,2844.13,2482.48,4297.2,3768.68,10.197,"2026-07-02T12:00:27.439Z",16.159,2026-07-02 12:00:27.439,"2026-07-02 12:00","up"
151.095,2844.29,2481.84,4295.66,3765.3,10.126,"2026-07-02T12:00:27.439Z",15.905,2026-07-02 12:00:27.439,"2026-07-02 12:00","up"
151.35,2843.87,2481.01,4296.1,3764.41,10.082,"2026-07-02T12:00:27.439Z",15.65,2026-07-02 12:00:27.439,"2026-07-02 12:00","up"
151.604,2842.69,2479.77,4296.52,3764.02,10.059,"2026-07-02T12:00:27.439Z",15.396,2026-07-02 12:00:27.439,"2026-07-02 12:00","up"
151.858,2842.38,2479.32,4295.91,3763.29,10.049,"2026-07-02T12:00:27.439Z",15.142,2026-07-02 12:00:27.439,"2026-07-02 12:00","up"
152.112,2842.5,2479.55,4295.78,3763.31,10.056,"2026-07-02T12:00:27.439Z",14.888,2026-07-02 12:00:27.439,"2026-07-02 12:00","up"
152.366,2841.61,2479.68,4296.37,3764.35,10.098,"2026-07-02T12:00:27.439Z",14.634,2026-07-02 12:00:27.439,"2026-07-02 12:00","up"
152.621,2840.95,2480.25,4296.23,3765.59,10.166,"2026-07-02T12:00:27.439Z",14.379,2026-07-02 12:00:27.439,"2026-07-02 12:00","up"
152.875,2841.56,2482.76,4295.7,3767.46,10.284,"2026-07-02T12:00:27.439Z",14.125,2026-07-02 12:00:27.439,"2026-07-02 12:00","up"
153.129,2842.55,2486.55,4296.76,3771.61,10.453,"2026-07-02T12:00:27.439Z",13.871,2026-07-02 12:00:27.439,"2026-07-02 12:00","up"
153.383,2842.57,2490.01,4299.02,3777.66,10.658,"2026-07-02T12:00:27.439Z",13.617,2026-07-02 12:00:27.439,"2026-07-02 12:00","up"
153.637,2842.63,2493.86,4300.23,3783.85,10.899,"2026-07-02T12:00:27.439Z",13.363,2026-07-02 12:00:27.439,"2026-07-02 12:00","up"
153.892,2844.28,2499.84,4300.87,3790.65,11.189,"2026-07-02T12:00:27.439Z",13.108,2026-07-02 12:00:27.439,"2026-07-02 12:00","up"
154.146,2846.69,2507.12,4303.45,3799.88,11.515,"2026-07-02T12:00:27.439Z",12.854,2026-07-02 12:00:27.439,"2026-07-02 12:00","up"
154.4,2848.23,2514.44,4307.59,3811.41,11.889,"2026-07-02T12:00:27.439Z",12.6,2026-07-02 12:00:27.439,"2026-07-02 12:00","up"
154.654,2849.7,2522.75,4311.05,3823.87,12.331,"2026-07-02T12:00:27.439Z",12.346,2026-07-02 12:00:27.439,"2026-07-02 12:00","up"
154.908,2852,2532.72,4314.15,3837.41,12.835,"2026-07-02T12:00:27.439Z",12.092,2026-07-02 12:00:27.439,"2026-07-02 12:00","up"
155.163,2854.25,2543.42,4318.36,3853.01,13.387,"2026-07-02T12:00:27.439Z",11.837,2026-07-02 12:00:27.439,"2026-07-02 12:00","up"
155.417,2856.51,2555.07,4322.67,3870.27,14.005,"2026-07-02T12:00:27.439Z",11.583,2026-07-02 12:00:27.439,"2026-07-02 12:00","up"
155.671,2860.36,2569.12,4326.65,3889.15,14.698,"2026-07-02T12:00:27.439Z",11.329,2026-07-02 12:00:27.439,"2026-07-02 12:00","up"
155.925,2864.94,2585.15,4332.23,3910.95,15.466,"2026-07-02T12:00:27.439Z",11.075,2026-07-02 12:00:27.439,"2026-07-02 12:00","up"
156.179,2868.42,2602.07,4339.4,3935.48,16.324,"2026-07-02T12:00:27.439Z",10.821,2026-07-02 12:00:27.439,"2026-07-02 12:00","up"
156.434,2872.16,2622.05,4345.8,3962.15,17.337,"2026-07-02T12:00:27.439Z",10.566,2026-07-02 12:00:27.439,"2026-07-02 12:00","up"
156.688,2878.63,2648.6,4351.82,3993.74,18.6,"2026-07-02T12:00:27.439Z",10.312,2026-07-02 12:00:27.439,"2026-07-02 12:00","up"
156.942,2886.58,2680.63,4360.85,4034.15,20.13,"2026-07-02T12:00:27.439Z",10.058,2026-07-02 12:00:27.439,"2026-07-02 12:00","up"
157.196,2893.38,2712.34,4373.35,4082.19,21.778,"2026-07-02T12:00:27.439Z",9.804,2026-07-02 12:00:27.439,"2026-07-02 12:00","up"
157.45,2898.3,2738.06,4385.5,4130.73,23.299,"2026-07-02T12:00:27.439Z",9.55000000000001,2026-07-02 12:00:27.439,"2026-07-02 12:00","up"
157.705,2902.8,2757.06,4395.09,4172.27,24.504,"2026-07-02T12:00:27.439Z",9.29499999999999,2026-07-02 12:00:27.439,"2026-07-02 12:00","up"
157.959,2906.82,2772.83,4403.73,4205.56,25.453,"2026-07-02T12:00:27.439Z",9.041,2026-07-02 12:00:27.439,"2026-07-02 12:00","up"
158.213,2909.06,2787.59,4413.69,4236.15,26.336,"2026-07-02T12:00:27.439Z",8.78700000000001,2026-07-02 12:00:27.439,"2026-07-02 12:00","up"
158.467,2910.86,2801.02,4426.02,4268.51,27.176,"2026-07-02T12:00:27.439Z",8.53299999999999,2026-07-02 12:00:27.439,"2026-07-02 12:00","up"
158.721,2914.46,2816.28,4438.03,4299.47,27.993,"2026-07-02T12:00:27.439Z",8.279,2026-07-02 12:00:27.439,"2026-07-02 12:00","up"
158.976,2924.02,2839.58,4444.99,4327.97,28.936,"2026-07-02T12:00:27.439Z",8.024,2026-07-02 12:00:27.439,"2026-07-02 12:00","up"
159.23,2959.43,2891.41,4455.31,4370.92,30.228,"2026-07-02T12:00:27.439Z",7.77000000000001,2026-07-02 12:00:27.439,"2026-07-02 12:00","up"
159.484,3014.97,2955.71,4502.7,4456.23,31.391,"2026-07-02T12:00:27.439Z",7.51599999999999,2026-07-02 12:00:27.439,"2026-07-02 12:00","up"
159.738,3047.48,2979.8,4606.42,4572.9,31.435,"2026-07-02T12:00:27.439Z",7.262,2026-07-02 12:00:27.439,"2026-07-02 12:00","up"
159.992,3050.68,2972.83,4711.52,4652.32,30.598,"2026-07-02T12:00:27.439Z",7.00800000000001,2026-07-02 12:00:27.439,"2026-07-02 12:00","up"
160.247,3046.04,2963.03,4760.21,4669.17,29.793,"2026-07-02T12:00:27.439Z",6.75299999999999,2026-07-02 12:00:27.439,"2026-07-02 12:00","up"
160.501,3044.48,2959.17,4769.35,4662.71,29.404,"2026-07-02T12:00:27.439Z",6.499,2026-07-02 12:00:27.439,"2026-07-02 12:00","up"
160.755,3045.51,2964.32,4769.95,4659.64,29.462,"2026-07-02T12:00:27.439Z",6.245,2026-07-02 12:00:27.439,"2026-07-02 12:00","up"
161.009,3049.88,2984.34,4772.81,4670.68,30.134,"2026-07-02T12:00:27.439Z",5.99100000000001,2026-07-02 12:00:27.439,"2026-07-02 12:00","up"
161.263,3052.9,3000.7,4780.51,4699.13,30.989,"2026-07-02T12:00:27.439Z",5.737,2026-07-02 12:00:27.439,"2026-07-02 12:00","up"
161.518,3050.05,2991.38,4788.53,4724.36,31.133,"2026-07-02T12:00:27.439Z",5.482,2026-07-02 12:00:27.439,"2026-07-02 12:00","up"
161.772,3045.14,2973.17,4789.03,4718.53,30.574,"2026-07-02T12:00:27.439Z",5.22800000000001,2026-07-02 12:00:27.439,"2026-07-02 12:00","up"
162.026,3042.16,2962.75,4783.91,4694.25,29.942,"2026-07-02T12:00:27.439Z",4.97399999999999,2026-07-02 12:00:27.439,"2026-07-02 12:00","up"
162.28,3043.52,2967.46,4780.49,4680.84,29.847,"2026-07-02T12:00:27.439Z",4.72,2026-07-02 12:00:27.439,"2026-07-02 12:00","up"
162.534,3049.73,2994.02,4782.33,4690.75,30.668,"2026-07-02T12:00:27.439Z",4.46600000000001,2026-07-02 12:00:27.439,"2026-07-02 12:00","up"
162.789,3054.18,3015.38,4791.45,4726.78,31.762,"2026-07-02T12:00:27.439Z",4.21100000000001,2026-07-02 12:00:27.439,"2026-07-02 12:00","up"
163.043,3052.24,3008.47,4801.17,4759.92,32.08,"2026-07-02T12:00:27.439Z",3.95699999999999,2026-07-02 12:00:27.439,"2026-07-02 12:00","up"
163.297,3048.48,2993.9,4802.59,4758.11,31.666,"2026-07-02T12:00:27.439Z",3.703,2026-07-02 12:00:27.439,"2026-07-02 12:00","up"
163.551,3046.93,2989.2,4799.46,4739.55,31.25,"2026-07-02T12:00:27.439Z",3.44900000000001,2026-07-02 12:00:27.439,"2026-07-02 12:00","up"
163.805,3046.28,2988.34,4798.74,4732.02,31.105,"2026-07-02T12:00:27.439Z",3.19499999999999,2026-07-02 12:00:27.439,"2026-07-02 12:00","up"
164.06,3045.74,2987.8,4800.18,4732.89,31.094,"2026-07-02T12:00:27.439Z",2.94,2026-07-02 12:00:27.439,"2026-07-02 12:00","up"
164.314,3044.61,2985.55,4801.44,4733.05,31.035,"2026-07-02T12:00:27.439Z",2.68600000000001,2026-07-02 12:00:27.439,"2026-07-02 12:00","up"
164.568,3042.24,2975.59,4802.08,4730.84,30.732,"2026-07-02T12:00:27.439Z",2.43199999999999,2026-07-02 12:00:27.439,"2026-07-02 12:00","up"
164.822,3040.95,2970.21,4800.83,4721.39,30.433,"2026-07-02T12:00:27.439Z",2.178,2026-07-02 12:00:27.439,"2026-07-02 12:00","up"
165.076,3041.58,2973.5,4800.1,4714.33,30.391,"2026-07-02T12:00:27.439Z",1.92400000000001,2026-07-02 12:00:27.439,"2026-07-02 12:00","up"
165.331,3041.2,2974.01,4802.2,4718.38,30.459,"2026-07-02T12:00:27.439Z",1.66900000000001,2026-07-02 12:00:27.439,"2026-07-02 12:00","up"
165.585,3041.24,2973.33,4804.66,4723.36,30.488,"2026-07-02T12:00:27.439Z",1.41499999999999,2026-07-02 12:00:27.439,"2026-07-02 12:00","up"
165.839,3045.97,2992.88,4807.76,4730.35,31.046,"2026-07-02T12:00:27.439Z",1.161,2026-07-02 12:00:27.439,"2026-07-02 12:00","up"
166.093,3054.52,3016.62,4815.12,4757.79,31.946,"2026-07-02T12:00:27.439Z",0.907000000000011,2026-07-02 12:00:27.439,"2026-07-02 12:00","up"
166.347,3085.43,3053.44,4825.37,4798.99,32.774,"2026-07-02T12:00:27.439Z",0.652999999999992,2026-07-02 12:00:27.439,"2026-07-02 12:00","up"
166.602,3120.44,3132.86,4849.4,4856.47,34.857,"2026-07-02T12:00:27.439Z",0.397999999999996,2026-07-02 12:00:27.439,"2026-07-02 12:00","up"
166.856,3110.49,3182.95,4907.48,4974.03,37.942,"2026-07-02T12:00:27.439Z",0.144000000000005,2026-07-02 12:00:27.439,"2026-07-02 12:00","up"
