z6-22205,Port1,Port1,Port1,Port7,Port7,Port8,Port8
# Records: 9772,HYDROS 21 Depth/Temp/EC,HYDROS 21 Depth/Temp/EC,HYDROS 21 Depth/Temp/EC,Battery,Battery,Barometer,Barometer
Timestamps, mm Water Level,WaterTempC, mS/cm EC,% Battery Percent, mV Battery Voltage, kPa Reference Pressure, degree_C Logger Temperature
4/16/2026 15:00,14878,10.3,0.617,97,7771,97.41,32.1
4/16/2026 15:15,14886,10.3,0.617,100,7816,97.37,28.3
4/16/2026 15:30,14896,10.3,0.617,100,7832,97.38,27.6
4/16/2026 15:45,14902,10.3,0.617,100,7853,97.37,28.6
4/16/2026 16:00,14905,10.3,0.615,100,7871,97.36,30.3
4/16/2026 16:15,14896,10.3,0.615,100,7888,97.36,31.8
4/16/2026 16:30,14881,10.3,0.615,100,7904,97.36,33
4/16/2026 16:45,14865,10.3,0.615,100,7913,97.36,33.1
4/16/2026 17:00,14849,10.3,0.615,100,7927,97.36,33
4/16/2026 17:15,14843,10.3,0.615,100,7937,97.35,32.7
4/16/2026 17:30,14849,10.3,0.614,100,7946,97.34,31.9
4/16/2026 17:45,14858,10.3,0.614,100,7955,97.34,31.6
4/16/2026 18:00,14867,10.3,0.614,100,7950,97.34,31.2
4/16/2026 18:15,14877,10.3,0.615,100,7946,97.34,29.1
4/16/2026 18:30,14887,10.3,0.615,100,7930,97.33,27.3
4/16/2026 18:45,14896,10.3,0.614,100,7930,97.33,26.2
4/16/2026 19:00,14904,10.3,0.614,100,7931,97.33,25.1
4/16/2026 19:15,14912,10.3,0.614,100,7929,97.31,24.3
4/16/2026 19:30,14920,10.3,0.614,100,7928,97.29,23.6
4/16/2026 19:45,14926,10.3,0.615,100,7929,97.29,22.9
4/16/2026 20:00,14922,10.3,0.615,100,7927,97.29,22.1
4/16/2026 20:15,14908,10.3,0.615,100,7925,97.28,21.5
4/16/2026 20:30,14890,10.3,0.614,100,7924,97.29,20.9
4/16/2026 20:45,14871,10.3,0.614,100,7922,97.29,20.3
4/16/2026 21:00,14854,10.3,0.614,100,7924,97.28,19.9
4/16/2026 21:15,14844,10.3,0.614,100,7919,97.28,19.5
4/16/2026 21:30,14847,10.3,0.612,100,7921,97.28,19.4
4/16/2026 21:45,14854,10.3,0.614,100,7921,97.29,19.2
4/16/2026 22:00,14863,10.3,0.614,100,7921,97.29,19
4/16/2026 22:15,14871,10.3,0.614,100,7923,97.3,18.8
4/16/2026 22:30,14880,10.3,0.614,100,7921,97.3,18.7
4/16/2026 22:45,14888,10.3,0.614,100,7921,97.29,18.5
4/16/2026 23:00,14895,10.3,0.614,100,7920,97.3,18.3
4/16/2026 23:15,14903,10.3,0.614,100,7920,97.29,18.1
4/16/2026 23:30,14910,10.3,0.612,100,7917,97.3,18.1
4/16/2026 23:45,14917,10.3,0.614,100,7920,97.29,18.1
4/17/2026 0:00,14924,10.3,0.614,100,7918,97.27,18
4/17/2026 0:15,14929,10.3,0.614,100,7897,97.27,18.2
4/17/2026 0:30,14934,10.3,0.614,100,7908,97.26,18.1
4/17/2026 0:45,14927,10.3,0.614,100,7905,97.26,17.8
4/17/2026 1:00,14909,10.3,0.614,100,7905,97.25,17.6
4/17/2026 1:15,14889,10.3,0.612,100,7906,97.25,17.5
4/17/2026 1:30,14867,10.3,0.612,100,7905,97.23,17.3
4/17/2026 1:45,14845,10.3,0.612,100,7906,97.22,17.1
4/17/2026 2:00,14825,10.3,0.612,100,7904,97.21,17
4/17/2026 2:15,14813,10.3,0.612,100,7906,97.19,17
4/17/2026 2:30,14815,10.3,0.612,100,7905,97.18,17
4/17/2026 2:45,14820,10.3,0.612,100,7909,97.16,17
4/17/2026 3:00,14827,10.3,0.612,100,7905,97.14,17
4/17/2026 3:15,14834,10.3,0.612,100,7905,97.12,16.8
4/17/2026 3:30,14840,10.3,0.612,100,7906,97.12,16.7
4/17/2026 3:45,14846,10.3,0.612,100,7905,97.12,16.5
4/17/2026 4:00,14852,10.3,0.612,100,7903,97.11,16.3
4/17/2026 4:15,14857,10.3,0.612,100,7903,97.1,16.3
4/17/2026 4:30,14861,10.3,0.612,100,7902,97.1,16.2
4/17/2026 4:45,14866,10.3,0.612,100,7904,97.09,16.2
4/17/2026 5:00,14870,10.3,0.612,100,7902,97.09,16.2
4/17/2026 5:15,14873,10.3,0.612,100,7902,97.08,16.2
4/17/2026 5:30,14877,10.3,0.612,100,7903,97.06,16.1
4/17/2026 5:45,14880,10.3,0.612,100,7901,97.05,16
4/17/2026 6:00,14884,10.3,0.612,100,7903,97.04,16
4/17/2026 6:15,14886,10.3,0.612,100,7901,97.03,15.8
4/17/2026 6:30,14889,10.3,0.612,100,7902,97.01,15.6
4/17/2026 6:45,14891,10.3,0.612,100,7900,97,15.5
4/17/2026 7:00,14895,10.3,0.612,100,7900,96.96,15.5
4/17/2026 7:15,14899,10.3,0.612,100,7901,96.92,15.8
4/17/2026 7:30,14901,10.3,0.612,100,7899,96.9,16.3
4/17/2026 7:45,14904,10.3,0.612,100,7903,96.84,16.9
4/17/2026 8:00,14908,10.3,0.612,100,7899,96.77,17.5
4/17/2026 8:15,14907,10.3,0.612,100,7900,96.78,18.3
4/17/2026 8:30,14907,10.3,0.612,100,7901,96.79,19.7
4/17/2026 8:45,14906,10.3,0.612,100,7904,96.81,20.1
4/17/2026 9:00,14901,10.3,0.612,100,7904,96.87,19.7
4/17/2026 9:15,14899,10.3,0.612,100,7902,96.9,19.6
4/17/2026 9:30,14894,10.3,0.612,100,7902,96.89,19.3
4/17/2026 9:45,14873,10.3,0.612,100,7902,96.93,18.4
4/17/2026 10:00,14854,10.3,0.611,100,7899,96.88,17.3
4/17/2026 10:15,14833,10.3,0.611,100,7901,96.85,17
4/17/2026 10:30,14814,10.3,0.611,100,7899,96.83,16.8
4/17/2026 10:45,14805,10.3,0.611,100,7900,96.82,16.9
4/17/2026 11:00,14805,10.3,0.612,100,7899,96.82,17.1
4/17/2026 11:15,14811,10.3,0.612,100,7900,96.8,17.3
4/17/2026 11:30,14819,10.3,0.611,100,7904,96.75,18
4/17/2026 11:45,14825,10.3,0.611,100,7910,96.74,18.9
4/17/2026 12:00,14831,10.3,0.612,100,7908,96.73,19.8
4/17/2026 12:15,14838,10.3,0.612,100,7908,96.72,19.8
4/17/2026 12:30,14842,10.3,0.612,100,7915,96.73,19.1
4/17/2026 12:45,14852,10.3,0.611,100,7916,96.65,18
4/17/2026 13:00,14853,10.3,0.611,100,7918,96.69,17.4
4/17/2026 13:15,14853,10.3,0.612,100,7921,96.77,15.6
4/17/2026 13:30,14847,10.3,0.612,100,7921,96.76,14
4/17/2026 13:45,14832,10.3,0.612,100,7924,96.76,13
4/17/2026 14:00,14810,10.3,0.611,100,7921,96.81,11.8
4/17/2026 14:15,14789,10.3,0.611,100,7921,96.84,10.4
4/17/2026 14:30,14773,10.3,0.611,100,7924,96.87,9.2
4/17/2026 14:45,14771,10.3,0.611,100,7921,96.89,8.3
4/17/2026 15:00,14777,10.3,0.611,100,7923,96.91,7.8
4/17/2026 15:15,14785,10.3,0.611,100,7924,96.91,7.4
4/17/2026 15:30,14793,10.3,0.612,100,7924,96.94,7
4/17/2026 15:45,14800,10.3,0.612,100,7924,96.97,6.8
4/17/2026 16:00,14808,10.3,0.611,100,7929,96.99,7.1
4/17/2026 16:15,14814,10.3,0.611,100,7930,97.03,7.6
4/17/2026 16:30,14822,10.3,0.611,100,7930,97.04,7.5
4/17/2026 16:45,14826,10.3,0.611,100,7927,97.09,7
4/17/2026 17:00,14828,10.3,0.612,100,7930,97.11,6.8
4/17/2026 17:15,14818,10.3,0.611,100,7931,97.11,6.9
4/17/2026 17:30,14803,10.3,0.611,100,7931,97.08,7
4/17/2026 17:45,14784,10.3,0.61,100,7932,97.1,7.3
4/17/2026 18:00,14767,10.3,0.611,100,7932,97.1,7.4
4/17/2026 18:15,14751,10.3,0.611,100,7931,97.09,7.3
4/17/2026 18:30,14736,10.3,0.611,100,7933,97.07,7.3
4/17/2026 18:45,14722,10.3,0.611,100,7931,97.11,7.4
4/17/2026 19:00,14723,10.3,0.611,100,7932,97.15,7.3
4/17/2026 19:15,14729,10.3,0.611,100,7930,97.2,7.2
4/17/2026 19:30,14738,10.3,0.611,100,7931,97.23,7.2
4/17/2026 19:45,14747,10.3,0.611,100,7933,97.27,7.1
4/17/2026 20:00,14757,10.3,0.611,100,7929,97.27,7
4/17/2026 20:15,14765,10.3,0.611,100,7930,97.29,6.9
4/17/2026 20:30,14770,10.3,0.611,100,7928,97.35,6.8
4/17/2026 20:45,14775,10.3,0.612,100,7927,97.42,6.8
4/17/2026 21:00,14783,10.3,0.611,100,7930,97.42,6.7
4/17/2026 21:15,14788,10.3,0.611,100,7931,97.45,6.6
4/17/2026 21:30,14795,10.3,0.611,100,7929,97.44,6.4
4/17/2026 21:45,14798,10.3,0.611,100,7928,97.46,6.1
4/17/2026 22:00,14803,10.3,0.611,100,7928,97.47,5.9
4/17/2026 22:15,14807,10.3,0.611,100,7929,97.47,5.6
4/17/2026 22:30,14812,10.3,0.611,100,7929,97.47,5.2
4/17/2026 22:45,14814,10.3,0.611,100,7926,97.51,4.7
4/17/2026 23:00,14812,10.3,0.611,100,7925,97.52,4.3
4/17/2026 23:15,14799,10.3,0.611,100,7927,97.53,4
4/17/2026 23:30,14779,10.3,0.611,100,7926,97.55,3.8
4/17/2026 23:45,14759,10.3,0.611,100,7927,97.56,3.6
4/18/2026 0:00,14741,10.3,0.611,100,7924,97.57,3.3
4/18/2026 0:15,14739,10.3,0.61,100,7902,97.53,3.1
4/18/2026 0:30,14745,10.3,0.61,100,7912,97.52,2.8
4/18/2026 0:45,14752,10.3,0.611,100,7914,97.54,2.3
4/18/2026 1:00,14761,10.3,0.611,100,7911,97.56,2
4/18/2026 1:15,14772,10.3,0.611,100,7911,97.57,1.8
4/18/2026 1:30,14784,10.3,0.611,100,7911,97.59,1.7
4/18/2026 1:45,14798,10.3,0.611,100,7911,97.59,1.6
4/18/2026 2:00,14812,10.3,0.611,100,7914,97.57,1.5
4/18/2026 2:15,14827,10.3,0.611,100,7912,97.56,1.4
4/18/2026 2:30,14842,10.3,0.611,100,7912,97.55,1.3
4/18/2026 2:45,14854,10.3,0.611,100,7912,97.53,1.1
4/18/2026 3:00,14867,10.3,0.611,100,7912,97.53,1
4/18/2026 3:15,14878,10.3,0.611,100,7911,97.51,0.8
4/18/2026 3:30,14888,10.3,0.611,100,7914,97.53,0.6
4/18/2026 3:45,14897,10.3,0.611,100,7912,97.54,0.4
4/18/2026 4:00,14906,10.3,0.611,100,7908,97.57,0.3
4/18/2026 4:15,14915,10.3,0.611,100,7909,97.57,0
4/18/2026 4:30,14923,10.3,0.611,100,7909,97.57,-0.4
4/18/2026 4:45,14931,10.3,0.611,100,7911,97.6,-0.6
4/18/2026 5:00,14939,10.3,0.61,100,7910,97.6,-0.6
4/18/2026 5:15,14947,10.3,0.611,100,7909,97.6,-0.8
4/18/2026 5:30,14955,10.3,0.611,100,7909,97.6,-1.2
4/18/2026 5:45,14963,10.3,0.611,100,7909,97.6,-1.6
4/18/2026 6:00,14970,10.3,0.611,100,7908,97.62,-1.9
4/18/2026 6:15,14976,10.3,0.61,100,7908,97.65,-2.2
4/18/2026 6:30,14982,10.3,0.611,100,7908,97.68,-2.5
4/18/2026 6:45,14989,10.3,0.61,100,7905,97.71,-2.7
4/18/2026 7:00,14996,10.3,0.611,100,7905,97.74,-2.8
4/18/2026 7:15,15003,10.3,0.611,100,7906,97.76,-2.4
4/18/2026 7:30,14997,10.3,0.611,100,7907,97.78,-2.2
4/18/2026 7:45,14983,10.3,0.61,100,7907,97.81,-1.8
4/18/2026 8:00,14967,10.3,0.61,100,7909,97.84,-1.5
4/18/2026 8:15,14963,10.3,0.61,100,7909,97.86,-1.1
4/18/2026 8:30,14968,10.3,0.61,100,7911,97.87,-0.8
4/18/2026 8:45,14977,10.3,0.61,100,7914,97.89,-0.4
4/18/2026 9:00,14986,10.3,0.61,100,7921,97.91,-0.1
4/18/2026 9:15,14995,10.3,0.61,100,7920,97.94,0.2
4/18/2026 9:30,15003,10.3,0.61,100,7925,97.96,0.5
4/18/2026 9:45,15011,10.3,0.61,100,7924,97.97,0.8
4/18/2026 10:00,15018,10.3,0.61,100,7927,97.98,1.1
4/18/2026 10:15,15025,10.3,0.61,100,7933,97.99,1.4
4/18/2026 10:30,15029,10.3,0.61,100,7937,98,1.5
4/18/2026 10:45,15034,10.3,0.61,100,7942,98.01,1.8
4/18/2026 11:00,15038,10.3,0.61,100,7946,98.04,2.4
4/18/2026 11:15,15041,10.3,0.61,100,7956,98.05,3.2
4/18/2026 11:30,15043,10.3,0.61,100,7976,98.06,4.3
4/18/2026 11:45,15037,10.3,0.61,100,7984,98.08,5
4/18/2026 12:00,15019,10.3,0.61,100,7991,98.09,5.5
4/18/2026 12:15,14998,10.3,0.61,100,8003,98.1,6
4/18/2026 12:30,14976,10.3,0.61,100,8006,98.1,6.2
4/18/2026 12:45,14956,10.3,0.61,100,8016,98.11,6.6
4/18/2026 13:00,14937,10.3,0.61,100,8023,98.11,6.7
4/18/2026 13:15,14920,10.3,0.608,100,8028,98.11,7.2
4/18/2026 13:30,14904,10.3,0.61,100,8034,98.12,7.8
4/18/2026 13:45,14889,10.3,0.608,100,8035,98.12,7.7
4/18/2026 14:00,14888,10.3,0.608,100,8048,98.12,7.6
4/18/2026 14:15,14895,10.3,0.61,100,8056,98.13,8.5
4/18/2026 14:30,14906,10.3,0.61,100,8063,98.13,9.1
4/18/2026 14:45,14918,10.3,0.61,100,8068,98.13,9.4
4/18/2026 15:00,14929,10.3,0.61,100,8069,98.13,9.3
4/18/2026 15:15,14941,10.3,0.61,100,8073,98.12,9.2
4/18/2026 15:30,14951,10.3,0.61,100,8090,98.13,10.2
4/18/2026 15:45,14960,10.3,0.61,100,8098,98.14,11.8
4/18/2026 16:00,14969,10.3,0.61,100,8114,98.14,12.8
4/18/2026 16:15,14977,10.3,0.61,100,8124,98.15,14.6
4/18/2026 16:30,14985,10.3,0.61,100,8130,98.15,15.3
4/18/2026 16:45,14991,10.3,0.61,100,8137,98.17,16.2
4/18/2026 17:00,14997,10.3,0.61,100,8142,98.16,16.4
4/18/2026 17:15,15002,10.3,0.61,100,8152,98.17,16.3
4/18/2026 17:30,15008,10.3,0.61,100,8156,98.17,16
4/18/2026 17:45,15012,10.3,0.61,100,8161,98.18,15.6
4/18/2026 18:00,15017,10.3,0.61,100,8158,98.18,15.4
4/18/2026 18:15,15021,10.3,0.61,100,8149,98.19,13.1
4/18/2026 18:30,15024,10.3,0.61,100,8147,98.19,10.7
4/18/2026 18:45,15023,10.3,0.61,100,8143,98.19,9.3
4/18/2026 19:00,15010,10.3,0.61,100,8140,98.19,8.4
4/18/2026 19:15,14991,10.3,0.61,100,8138,98.2,7.6
4/18/2026 19:30,14971,10.3,0.61,100,8138,98.2,6.9
4/18/2026 19:45,14952,10.3,0.61,100,8138,98.2,6.4
4/18/2026 20:00,14943,10.3,0.608,100,8136,98.21,5.8
4/18/2026 20:15,14944,10.3,0.608,100,8134,98.21,5.3
4/18/2026 20:30,14950,10.3,0.608,100,8135,98.21,4.9
4/18/2026 20:45,14957,10.3,0.61,100,8134,98.22,4.5
4/18/2026 21:00,14963,10.3,0.61,100,8134,98.23,4.1
4/18/2026 21:15,14970,10.3,0.61,100,8132,98.24,3.8
4/18/2026 21:30,14976,10.3,0.61,100,8131,98.24,3.5
4/18/2026 21:45,14983,10.3,0.61,100,8133,98.25,3.2
4/18/2026 22:00,14990,10.3,0.608,100,8129,98.24,2.9
4/18/2026 22:15,14995,10.3,0.608,100,8133,98.24,2.7
4/18/2026 22:30,15001,10.3,0.61,100,8130,98.24,2.4
4/18/2026 22:45,15007,10.3,0.61,100,8128,98.24,2
4/18/2026 23:00,15013,10.3,0.61,100,8127,98.23,1.9
4/18/2026 23:15,15017,10.3,0.61,100,8126,98.23,1.8
4/18/2026 23:30,15010,10.3,0.61,100,8127,98.21,1.6
4/18/2026 23:45,14995,10.3,0.61,100,8127,98.21,1.2
4/19/2026 0:00,14980,10.3,0.608,100,8127,98.2,0.9
4/19/2026 0:15,14965,10.3,0.608,100,8101,98.2,0.9
4/19/2026 0:30,14961,10.3,0.608,100,8112,98.19,0.7
4/19/2026 0:45,14969,10.3,0.608,100,8114,98.19,0.5
4/19/2026 1:00,14979,10.3,0.608,100,8113,98.2,0.6
4/19/2026 1:15,14992,10.3,0.61,100,8115,98.2,0.8
4/19/2026 1:30,15005,10.3,0.61,100,8116,98.2,1
4/19/2026 1:45,15018,10.3,0.61,100,8115,98.2,1.1
4/19/2026 2:00,15030,10.3,0.61,100,8114,98.2,1
4/19/2026 2:15,15042,10.3,0.608,100,8114,98.21,1.1
4/19/2026 2:30,15054,10.3,0.61,100,8115,98.2,1.3
4/19/2026 2:45,15068,10.3,0.61,100,8117,98.18,1.8
4/19/2026 3:00,15077,10.3,0.61,100,8115,98.21,2.4
4/19/2026 3:15,15087,10.3,0.61,100,8117,98.21,2.7
4/19/2026 3:30,15095,10.3,0.61,100,8117,98.22,2.8
4/19/2026 3:45,15105,10.3,0.608,100,8116,98.22,2.6
4/19/2026 4:00,15113,10.3,0.608,100,8115,98.23,2.3
4/19/2026 4:15,15120,10.3,0.608,100,8113,98.23,2.1
4/19/2026 4:30,15127,10.3,0.61,100,8114,98.24,1.7
4/19/2026 4:45,15134,10.3,0.61,100,8114,98.24,1.4
4/19/2026 5:00,15140,10.3,0.61,100,8115,98.24,1.2
4/19/2026 5:15,15146,10.3,0.61,100,8115,98.26,1
4/19/2026 5:30,15149,10.3,0.608,100,8114,98.29,1
4/19/2026 5:45,15152,10.3,0.608,100,8114,98.32,1.1
4/19/2026 6:00,15156,10.3,0.61,100,8114,98.36,1.3
4/19/2026 6:15,15159,10.3,0.61,100,8110,98.4,1.1
4/19/2026 6:30,15162,10.3,0.61,100,8111,98.41,0.9
4/19/2026 6:45,15166,10.3,0.608,100,8112,98.44,0.6
4/19/2026 7:00,15168,10.3,0.608,100,8110,98.47,0.5
4/19/2026 7:15,15171,10.3,0.608,100,8114,98.49,0.6
4/19/2026 7:30,15173,10.3,0.608,100,8111,98.52,0.8
4/19/2026 7:45,15176,10.3,0.61,100,8111,98.54,1.3
4/19/2026 8:00,15177,10.3,0.61,100,8111,98.59,3.3
4/19/2026 8:15,15180,10.3,0.61,100,8114,98.62,3.2
4/19/2026 8:30,15175,10.3,0.608,100,8113,98.64,3.4
4/19/2026 8:45,15158,10.3,0.608,100,8116,98.66,3.6
4/19/2026 9:00,15136,10.3,0.608,100,8116,98.71,5.7
4/19/2026 9:15,15115,10.3,0.608,100,8117,98.73,5.6
4/19/2026 9:30,15095,10.3,0.608,100,8120,98.74,4.6
4/19/2026 9:45,15077,10.3,0.608,100,8120,98.78,6
4/19/2026 10:00,15061,10.3,0.608,100,8123,98.79,6.8
4/19/2026 10:15,15045,10.3,0.608,100,8124,98.82,7.7
4/19/2026 10:30,15043,10.3,0.608,100,8128,98.84,8.1
4/19/2026 10:45,15050,10.3,0.608,100,8132,98.86,8.8
4/19/2026 11:00,15061,10.3,0.608,100,8139,98.88,9.5
4/19/2026 11:15,15072,10.3,0.608,100,8149,98.9,9.6
4/19/2026 11:30,15083,10.3,0.608,100,8160,98.91,10.2
4/19/2026 11:45,15093,10.3,0.61,100,8168,98.93,10.3
4/19/2026 12:00,15102,10.3,0.61,100,8175,98.95,10.3
4/19/2026 12:15,15110,10.3,0.61,100,8186,98.96,10.3
4/19/2026 12:30,15119,10.3,0.61,100,8192,98.97,10.8
4/19/2026 12:45,15127,10.3,0.608,100,8200,98.97,10.5
4/19/2026 13:00,15134,10.3,0.608,100,8209,98.98,10.5
4/19/2026 13:15,15141,10.3,0.608,100,8207,98.97,10.6
4/19/2026 13:30,15148,10.3,0.608,100,8209,98.96,10.3
4/19/2026 13:45,15154,10.3,0.608,100,8218,98.95,10.4
4/19/2026 14:00,15157,10.3,0.61,100,8223,98.96,10.9
4/19/2026 14:15,15147,10.3,0.608,100,8221,98.96,11.2
4/19/2026 14:30,15130,10.3,0.608,100,8225,98.96,11.3
4/19/2026 14:45,15111,10.3,0.608,100,8232,98.97,11.3
4/19/2026 15:00,15094,10.3,0.608,100,8233,98.96,11.5
4/19/2026 15:15,15084,10.3,0.608,100,8233,98.95,11.4
4/19/2026 15:30,15085,10.3,0.608,100,8248,98.95,12
4/19/2026 15:45,15092,10.3,0.608,100,8258,98.95,14.1
4/19/2026 16:00,15103,10.3,0.608,100,8265,98.95,16
4/19/2026 16:15,15112,10.3,0.608,100,8263,98.95,16.3
4/19/2026 16:30,15122,10.3,0.608,100,8269,98.96,16.8
4/19/2026 16:45,15130,10.3,0.608,100,8271,98.97,17
4/19/2026 17:00,15139,10.3,0.608,100,8273,98.98,17.9
4/19/2026 17:15,15147,10.3,0.61,100,8273,98.98,18.1
4/19/2026 17:30,15153,10.3,0.608,100,8278,98.98,18.1
4/19/2026 17:45,15161,10.3,0.608,100,8279,98.98,17.7
4/19/2026 18:00,15166,10.3,0.608,100,8272,98.99,16.9
4/19/2026 18:15,15161,10.3,0.61,100,8264,98.99,14.3
4/19/2026 18:30,15146,10.3,0.608,100,8256,98.98,11.7
4/19/2026 18:45,15128,10.3,0.608,100,8254,98.97,10
4/19/2026 19:00,15111,10.3,0.608,100,8252,98.97,8.9
4/19/2026 19:15,15099,10.3,0.607,100,8249,98.97,8.1
4/19/2026 19:30,15101,10.3,0.608,100,8249,98.97,7.4
4/19/2026 19:45,15109,10.3,0.608,100,8246,98.96,6.8
4/19/2026 20:00,15117,10.3,0.608,100,8245,98.96,6.2
4/19/2026 20:15,15126,10.3,0.608,100,8243,98.96,5.6
4/19/2026 20:30,15134,10.3,0.608,100,8244,98.96,5
4/19/2026 20:45,15141,10.3,0.608,100,8241,98.98,4.4
4/19/2026 21:00,15147,10.3,0.608,100,8238,99,3.8
4/19/2026 21:15,15153,10.3,0.608,100,8239,99.01,3.2
4/19/2026 21:30,15158,10.3,0.608,100,8240,99.02,2.7
4/19/2026 21:45,15162,10.3,0.608,100,8237,99.03,2.2
4/19/2026 22:00,15162,10.3,0.608,100,8237,99.04,1.7
4/19/2026 22:15,15148,10.3,0.608,100,8234,99.04,1.3
4/19/2026 22:30,15130,10.3,0.608,100,8236,99.04,0.9
4/19/2026 22:45,15111,10.3,0.608,100,8234,99.04,0.6
4/19/2026 23:00,15092,10.3,0.608,100,8236,99.03,0.3
4/19/2026 23:15,15074,10.3,0.608,100,8234,99.01,0
4/19/2026 23:30,15057,10.3,0.608,100,8235,99.01,-0.4
4/19/2026 23:45,15043,10.3,0.607,100,8233,99.02,-0.8
4/20/2026 0:00,15043,10.3,0.608,100,8233,99.02,-1.1
4/20/2026 0:15,15051,10.3,0.608,100,8195,99.02,-1.3
4/20/2026 0:30,15059,10.3,0.608,100,8228,99.01,-1.6
4/20/2026 0:45,15065,10.3,0.608,100,8229,99.01,-1.9
4/20/2026 1:00,15066,10.3,0.608,100,8230,99.01,-2.2
4/20/2026 1:15,15064,10.3,0.608,100,8228,99.01,-2.4
4/20/2026 1:30,15059,10.3,0.608,100,8228,99.01,-2.7
4/20/2026 1:45,15053,10.3,0.608,100,8228,99,-2.8
4/20/2026 2:00,15043,10.3,0.608,100,8227,99,-3
4/20/2026 2:15,15034,10.3,0.608,100,8228,99,-3.1
4/20/2026 2:30,15024,10.3,0.608,100,8226,98.99,-3.2
4/20/2026 2:45,15015,10.3,0.608,100,8226,98.98,-3.3
4/20/2026 3:00,15003,10.3,0.608,100,8228,98.97,-3.4
4/20/2026 3:15,14993,10.3,0.608,100,8226,98.97,-3.6
4/20/2026 3:30,14984,10.3,0.608,100,8228,98.96,-3.7
4/20/2026 3:45,14975,10.3,0.608,100,8225,98.96,-3.9
4/20/2026 4:00,14965,10.3,0.608,100,8224,98.96,-4
4/20/2026 4:15,14956,10.3,0.608,100,8224,98.97,-4.1
4/20/2026 4:30,14948,10.3,0.608,100,8225,98.97,-4.2
4/20/2026 4:45,14941,10.3,0.608,100,8224,98.99,-4.2
4/20/2026 5:00,14933,10.3,0.608,100,8221,98.99,-4.2
4/20/2026 5:15,14926,10.3,0.608,100,8223,99.01,-4.3
4/20/2026 5:30,14919,10.3,0.608,100,8226,99.03,-4.2
4/20/2026 5:45,14913,10.3,0.608,100,8222,99.04,-4.1
4/20/2026 6:00,14908,10.3,0.608,100,8224,99.02,-4
4/20/2026 6:15,14904,10.3,0.608,100,8226,99.02,-4
4/20/2026 6:30,14900,10.3,0.608,100,8221,99.01,-4.1
4/20/2026 6:45,14895,10.3,0.61,100,8221,99.01,-4.2
4/20/2026 7:00,14891,10.3,0.608,100,8221,99,-4.1
4/20/2026 7:15,14887,10.3,0.61,100,8223,99,-3.7
4/20/2026 7:30,14884,10.3,0.608,100,8221,99.01,-2.3
4/20/2026 7:45,14880,10.3,0.608,100,8221,99.02,-1.2
4/20/2026 8:00,14878,10.3,0.608,100,8224,99.03,1.3
4/20/2026 8:15,14875,10.3,0.608,100,8224,99.03,2.1
4/20/2026 8:30,14872,10.3,0.608,100,8224,99.03,3.8
4/20/2026 8:45,14870,10.3,0.608,100,8225,99.02,5.2
4/20/2026 9:00,14864,10.3,0.608,100,8224,99.02,7.6
4/20/2026 9:15,14845,10.3,0.608,100,8225,98.99,8.1
4/20/2026 9:30,14821,10.3,0.608,100,8225,98.97,8.7
4/20/2026 9:45,14797,10.3,0.608,100,8227,98.95,9.7
4/20/2026 10:00,14772,10.3,0.607,100,8228,98.94,10
4/20/2026 10:15,14749,10.3,0.608,100,8227,98.93,10.9
4/20/2026 10:30,14735,10.3,0.608,100,8231,98.93,11.3
4/20/2026 10:45,14733,10.3,0.608,100,8233,98.9,11.7
4/20/2026 11:00,14736,10.3,0.608,100,8237,98.89,12.6
4/20/2026 11:15,14739,10.3,0.608,100,8245,98.88,13.2
4/20/2026 11:30,14744,10.3,0.608,100,8253,98.85,13.6
4/20/2026 11:45,14749,10.3,0.608,100,8265,98.84,14.2
4/20/2026 12:00,14754,10.3,0.61,100,8274,98.82,14.7
4/20/2026 12:15,14758,10.3,0.61,100,8282,98.79,15.2
4/20/2026 12:30,14761,10.3,0.608,100,8285,98.77,15.6
4/20/2026 12:45,14766,10.3,0.608,100,8289,98.74,15.6
4/20/2026 13:00,14770,10.3,0.608,100,8297,98.7,15.7
4/20/2026 13:15,14772,10.3,0.61,100,8295,98.68,16.5
4/20/2026 13:30,14774,10.3,0.61,100,8295,98.64,16.4
4/20/2026 13:45,14763,10.3,0.608,100,8298,98.6,16.4
4/20/2026 14:00,14745,10.3,0.608,100,8301,98.55,17.2
4/20/2026 14:15,14725,10.3,0.608,100,8303,98.53,17.8
4/20/2026 14:30,14706,10.3,0.608,100,8300,98.49,18
4/20/2026 14:45,14688,10.3,0.608,100,8304,98.44,18.5
4/20/2026 15:00,14672,10.3,0.608,100,8303,98.38,18.9
4/20/2026 15:15,14656,10.3,0.608,100,8303,98.34,18.9
4/20/2026 15:30,14640,10.3,0.608,100,8305,98.32,19.6
4/20/2026 15:45,14625,10.3,0.607,100,8307,98.3,20.2
4/20/2026 16:00,14613,10.3,0.608,100,8307,98.27,20.5
4/20/2026 16:15,14603,10.3,0.607,100,8306,98.24,20
4/20/2026 16:30,14609,10.3,0.608,100,8310,98.19,19.9
4/20/2026 16:45,14621,10.3,0.608,100,8319,98.14,21.5
4/20/2026 17:00,14635,10.3,0.607,100,8319,98.13,22.9
4/20/2026 17:15,14647,10.3,0.607,100,8318,98.12,23.4
4/20/2026 17:30,14658,10.3,0.608,100,8314,98.11,23.7
4/20/2026 17:45,14666,10.3,0.608,100,8314,98.1,23.3
4/20/2026 18:00,14677,10.3,0.608,100,8306,98.08,23
4/20/2026 18:15,14686,10.3,0.608,100,8296,98.07,21.1
4/20/2026 18:30,14695,10.3,0.608,100,8290,98.06,19.6
4/20/2026 18:45,14704,10.3,0.608,100,8286,98.05,18.6
4/20/2026 19:00,14711,10.3,0.608,100,8284,98.03,17.8
4/20/2026 19:15,14719,10.3,0.608,100,8279,98.02,17.1
4/20/2026 19:30,14724,10.3,0.608,100,8278,98,16.7
4/20/2026 19:45,14730,10.3,0.608,100,8275,98,16
4/20/2026 20:00,14733,10.3,0.608,100,8274,98,15.3
4/20/2026 20:15,14738,10.3,0.608,100,8269,98,14.6
4/20/2026 20:30,14741,10.3,0.61,100,8269,97.98,13.9
4/20/2026 20:45,14745,10.3,0.61,100,8266,97.97,13.2
4/20/2026 21:00,14749,10.3,0.61,100,8264,97.96,12.8
4/20/2026 21:15,14752,10.3,0.61,100,8262,97.95,12.6
4/20/2026 21:30,14756,10.3,0.61,100,8263,97.93,12.3
4/20/2026 21:45,14760,10.3,0.61,100,8263,97.9,12.1
4/20/2026 22:00,14764,10.3,0.608,100,8261,97.88,11.9
4/20/2026 22:15,14764,10.3,0.608,100,8259,97.87,11.8
4/20/2026 22:30,14754,10.3,0.61,100,8256,97.83,11.7
4/20/2026 22:45,14735,10.3,0.608,100,8256,97.8,11.7
4/20/2026 23:00,14715,10.3,0.608,100,8256,97.78,11.9
4/20/2026 23:15,14695,10.3,0.608,100,8258,97.77,11.9
4/20/2026 23:30,14682,10.3,0.608,100,8253,97.75,11.8
4/20/2026 23:45,14680,10.3,0.607,100,8253,97.74,11.8
4/21/2026 0:00,14685,10.3,0.608,100,8252,97.73,11.8
4/21/2026 0:15,14693,10.3,0.608,100,8237,97.71,11.8
4/21/2026 0:30,14703,10.3,0.608,100,8240,97.7,11.7
4/21/2026 0:45,14714,10.3,0.608,100,8242,97.69,11.4
4/21/2026 1:00,14729,10.3,0.608,100,8240,97.69,11.2
4/21/2026 1:15,14746,10.3,0.608,100,8241,97.67,11.2
4/21/2026 1:30,14765,10.3,0.61,100,8241,97.65,11.1
4/21/2026 1:45,14784,10.3,0.61,100,8240,97.62,10.8
4/21/2026 2:00,14802,10.3,0.608,100,8238,97.6,10.4
4/21/2026 2:15,14820,10.3,0.61,100,8236,97.58,9.9
4/21/2026 2:30,14838,10.3,0.608,100,8237,97.56,9.4
4/21/2026 2:45,14855,10.3,0.608,100,8237,97.54,8.8
4/21/2026 3:00,14869,10.3,0.61,100,8234,97.52,8.3
4/21/2026 3:15,14884,10.3,0.608,100,8234,97.5,7.7
4/21/2026 3:30,14896,10.3,0.608,100,8233,97.49,7.2
4/21/2026 3:45,14908,10.3,0.608,100,8233,97.49,6.8
4/21/2026 4:00,14918,10.3,0.608,100,8231,97.5,6.4
4/21/2026 4:15,14928,10.3,0.608,100,8231,97.49,6.1
4/21/2026 4:30,14937,10.3,0.608,100,8230,97.49,5.9
4/21/2026 4:45,14947,10.3,0.608,100,8231,97.47,5.6
4/21/2026 5:00,14955,10.3,0.608,100,8230,97.48,5.4
4/21/2026 5:15,14962,10.3,0.608,100,8228,97.47,5.3
4/21/2026 5:30,14969,10.3,0.61,100,8228,97.48,5
4/21/2026 5:45,14975,10.3,0.608,100,8228,97.48,4.8
4/21/2026 6:00,14981,10.3,0.608,100,8225,97.49,4.6
4/21/2026 6:15,14986,10.3,0.608,100,8228,97.5,4.4
4/21/2026 6:30,14991,10.3,0.608,100,8227,97.5,4.2
4/21/2026 6:45,14995,10.3,0.608,100,8224,97.52,4.1
4/21/2026 7:00,14999,10.3,0.608,100,8223,97.53,4.1
4/21/2026 7:15,15003,10.3,0.608,100,8223,97.55,4.5
4/21/2026 7:30,15006,10.3,0.608,100,8226,97.57,5.8
4/21/2026 7:45,15000,10.3,0.608,100,8223,97.57,6.6
4/21/2026 8:00,14983,10.3,0.608,100,8225,97.59,8.5
4/21/2026 8:15,14963,10.3,0.608,100,8226,97.62,9.6
4/21/2026 8:30,14943,10.3,0.608,100,8226,97.64,11.5
4/21/2026 8:45,14925,10.3,0.607,100,8228,97.67,13.5
4/21/2026 9:00,14922,10.3,0.607,100,8227,97.68,16.5
4/21/2026 9:15,14927,10.3,0.607,100,8227,97.69,17.4
4/21/2026 9:30,14934,10.3,0.608,100,8227,97.68,18.3
4/21/2026 9:45,14942,10.3,0.608,100,8224,97.68,19.3
4/21/2026 10:00,14949,10.3,0.608,100,8227,97.69,19.6
4/21/2026 10:15,14957,10.3,0.608,100,8227,97.7,20.8
4/21/2026 10:30,14963,10.3,0.608,100,8227,97.7,21.4
4/21/2026 10:45,14968,10.3,0.608,100,8229,97.72,22.5
4/21/2026 11:00,14971,10.3,0.608,100,8234,97.72,23.4
4/21/2026 11:15,14960,10.3,0.608,100,8239,97.74,24.1
4/21/2026 11:30,14943,10.3,0.608,100,8245,97.74,24.8
4/21/2026 11:45,14924,10.3,0.607,100,8251,97.74,25.3
4/21/2026 12:00,14905,10.3,0.607,100,8256,97.75,25.8
4/21/2026 12:15,14886,10.3,0.607,100,8265,97.75,26.2
4/21/2026 12:30,14870,10.3,0.608,100,8266,97.76,26.6
4/21/2026 12:45,14855,10.3,0.607,100,8270,97.76,26.7
4/21/2026 13:00,14853,10.3,0.607,100,8278,97.76,27.1
4/21/2026 13:15,14860,10.3,0.608,100,8276,97.76,27.8
4/21/2026 13:30,14870,10.3,0.607,100,8272,97.75,27.7
4/21/2026 13:45,14881,10.3,0.608,100,8277,97.75,27.7
4/21/2026 14:00,14892,10.3,0.608,100,8281,97.74,28.5
4/21/2026 14:15,14903,10.3,0.608,100,8278,97.74,29.2
4/21/2026 14:30,14912,10.3,0.608,100,8276,97.72,28.9
4/21/2026 14:45,14921,10.3,0.608,100,8277,97.71,29
4/21/2026 15:00,14930,10.3,0.608,100,8276,97.7,29.5
4/21/2026 15:15,14937,10.3,0.608,100,8274,97.7,29.8
4/21/2026 15:30,14944,10.3,0.608,100,8275,97.69,30.7
4/21/2026 15:45,14950,10.3,0.608,100,8285,97.69,32.6
4/21/2026 16:00,14956,10.3,0.608,100,8283,97.68,34.4
4/21/2026 16:15,14961,10.3,0.608,100,8282,97.69,35.5
4/21/2026 16:30,14967,10.3,0.608,100,8275,97.68,36.2
4/21/2026 16:45,14971,10.3,0.608,100,8269,97.68,36.4
4/21/2026 17:00,14971,10.3,0.608,100,8264,97.69,36.6
4/21/2026 17:15,14959,10.3,0.608,100,8259,97.69,35.9
4/21/2026 17:30,14941,10.3,0.608,100,8253,97.7,35.7
4/21/2026 17:45,14922,10.3,0.608,100,8250,97.71,35.4
4/21/2026 18:00,14904,10.3,0.607,100,8234,97.71,34.3
4/21/2026 18:15,14897,10.3,0.608,100,8224,97.71,31.4
4/21/2026 18:30,14901,10.3,0.608,100,8218,97.72,28.6
4/21/2026 18:45,14909,10.3,0.608,100,8210,97.73,26.8
4/21/2026 19:00,14917,10.3,0.608,100,8205,97.74,25.5
4/21/2026 19:15,14925,10.3,0.608,100,8203,97.76,24.4
4/21/2026 19:30,14933,10.3,0.608,100,8201,97.78,23.6
4/21/2026 19:45,14942,10.3,0.608,100,8199,97.78,22.7
4/21/2026 20:00,14949,10.3,0.608,100,8194,97.79,21.7
4/21/2026 20:15,14956,10.3,0.608,100,8193,97.81,20.7
4/21/2026 20:30,14961,10.3,0.608,100,8190,97.83,19.6
4/21/2026 20:45,14968,10.3,0.608,100,8189,97.85,18.4
4/21/2026 21:00,14974,10.3,0.608,100,8186,97.85,17.4
4/21/2026 21:15,14978,10.3,0.608,100,8184,97.86,16.5
4/21/2026 21:30,14970,10.3,0.608,100,8184,97.88,15.7
4/21/2026 21:45,14954,10.3,0.608,100,8183,97.88,15
4/21/2026 22:00,14935,10.3,0.608,100,8180,97.89,14.3
4/21/2026 22:15,14917,10.3,0.608,100,8179,97.9,13.7
4/21/2026 22:30,14900,10.3,0.608,100,8177,97.91,13.3
4/21/2026 22:45,14894,10.3,0.607,100,8177,97.89,12.8
4/21/2026 23:00,14899,10.3,0.608,100,8177,97.9,12.3
4/21/2026 23:15,14908,10.3,0.608,100,8176,97.88,11.8
4/21/2026 23:30,14916,10.3,0.608,100,8174,97.88,11.3
4/21/2026 23:45,14925,10.3,0.608,100,8175,97.88,10.9
4/22/2026 0:00,14934,10.3,0.608,100,8171,97.89,10.5
4/22/2026 0:15,14941,10.3,0.608,100,8146,97.9,10.2
4/22/2026 0:30,14947,10.3,0.608,100,8163,97.9,9.7
4/22/2026 0:45,14953,10.3,0.608,100,8163,97.9,9.3
4/22/2026 1:00,14958,10.3,0.608,100,8160,97.9,9
4/22/2026 1:15,14960,10.3,0.608,100,8161,97.9,8.6
4/22/2026 1:30,14961,10.3,0.608,100,8160,97.9,8.3
4/22/2026 1:45,14961,10.3,0.608,100,8160,97.9,8.1
4/22/2026 2:00,14961,10.3,0.608,100,8160,97.89,7.9
4/22/2026 2:15,14961,10.3,0.608,100,8161,97.89,7.6
4/22/2026 2:30,14960,10.3,0.608,100,8158,97.88,7.3
4/22/2026 2:45,14958,10.3,0.608,100,8158,97.87,7
4/22/2026 3:00,14956,10.3,0.608,100,8160,97.86,6.8
4/22/2026 3:15,14940,10.3,0.608,100,8159,97.87,6.6
4/22/2026 3:30,14917,10.3,0.608,100,8158,97.87,6.4
4/22/2026 3:45,14893,10.3,0.608,100,8157,97.86,6.2
4/22/2026 4:00,14868,10.3,0.608,100,8156,97.87,6.1
4/22/2026 4:15,14846,10.3,0.608,100,8155,97.88,5.9
4/22/2026 4:30,14826,10.3,0.608,100,8153,97.87,5.8
4/22/2026 4:45,14807,10.3,0.607,100,8155,97.88,5.7
4/22/2026 5:00,14803,10.3,0.607,100,8157,97.89,5.5
4/22/2026 5:15,14807,10.3,0.607,100,8155,97.9,5.5
4/22/2026 5:30,14813,10.3,0.607,100,8157,97.92,5.3
4/22/2026 5:45,14821,10.3,0.608,100,8155,97.93,5.2
4/22/2026 6:00,14829,10.3,0.608,100,8155,97.92,5.2
4/22/2026 6:15,14836,10.3,0.608,100,8148,97.91,5.1
4/22/2026 6:30,14843,10.3,0.608,100,8152,97.9,5.1
4/22/2026 6:45,14848,10.3,0.608,100,8149,97.92,5
4/22/2026 7:00,14854,10.3,0.608,100,8151,97.94,5.2
4/22/2026 7:15,14864,10.3,0.608,100,8151,97.93,5.7
4/22/2026 7:30,14869,10.3,0.608,100,8150,97.94,7
4/22/2026 7:45,14872,10.3,0.608,100,8152,97.96,8.3
4/22/2026 8:00,14878,10.3,0.608,100,8153,97.93,10.5
4/22/2026 8:15,14884,10.3,0.608,100,8154,97.92,12.3
4/22/2026 8:30,14885,10.3,0.608,100,8154,97.95,13.6
4/22/2026 8:45,14889,10.3,0.607,100,8152,97.94,15.3
4/22/2026 9:00,14892,10.3,0.608,100,8153,97.91,18.3
4/22/2026 9:15,14892,10.3,0.608,100,8155,97.89,19
4/22/2026 9:30,14894,10.3,0.608,100,8154,97.89,19.5
4/22/2026 9:45,14898,10.3,0.608,100,8156,97.86,20.4
4/22/2026 10:00,14901,10.3,0.608,100,8155,97.84,21.4
4/22/2026 10:15,14902,10.3,0.608,100,8159,97.85,23
4/22/2026 10:30,14903,10.3,0.608,100,8161,97.85,24
4/22/2026 10:45,14905,10.3,0.608,100,8163,97.83,25.1
4/22/2026 11:00,14905,10.3,0.608,100,8169,97.84,26.5
4/22/2026 11:15,14903,10.3,0.608,100,8172,97.82,26.6
4/22/2026 11:30,14888,10.3,0.607,100,8174,97.8,26.4
4/22/2026 11:45,14868,10.3,0.607,100,8181,97.79,26.5
4/22/2026 12:00,14846,10.3,0.607,100,8188,97.78,27.6
4/22/2026 12:15,14826,10.3,0.607,100,8202,97.75,28.5
4/22/2026 12:30,14807,10.3,0.607,100,8204,97.74,29
4/22/2026 12:45,14799,10.3,0.607,100,8213,97.71,29
4/22/2026 13:00,14803,10.3,0.607,100,8216,97.68,29.1
4/22/2026 13:15,14809,10.3,0.607,100,8219,97.66,29.4
4/22/2026 13:30,14820,10.3,0.607,100,8220,97.63,29.6
4/22/2026 13:45,14831,10.3,0.608,100,8221,97.6,29.9
4/22/2026 14:00,14839,10.3,0.608,100,8228,97.57,30.7
4/22/2026 14:15,14846,10.3,0.608,100,8231,97.55,31.5
4/22/2026 14:30,14852,10.3,0.607,100,8227,97.52,31.2
4/22/2026 14:45,14858,10.3,0.608,100,8231,97.5,31.3
4/22/2026 15:00,14862,10.3,0.608,100,8234,97.49,31.7
4/22/2026 15:15,14866,10.3,0.608,100,8230,97.48,31.9
4/22/2026 15:30,14862,10.3,0.607,100,8237,97.46,32.2
4/22/2026 15:45,14846,10.3,0.607,100,8247,97.44,33.5
4/22/2026 16:00,14826,10.3,0.607,100,8250,97.4,34.8
4/22/2026 16:15,14806,10.3,0.607,100,8252,97.38,35.4
4/22/2026 16:30,14787,10.3,0.607,100,8253,97.36,35.6
4/22/2026 16:45,14781,10.3,0.607,100,8250,97.33,36.1
4/22/2026 17:00,14783,10.3,0.607,100,8251,97.31,36.5
4/22/2026 17:15,14787,10.3,0.607,100,8246,97.3,36.5
4/22/2026 17:30,14791,10.3,0.607,100,8244,97.29,36.2
4/22/2026 17:45,14796,10.3,0.608,100,8240,97.28,36.1
4/22/2026 18:00,14801,10.3,0.607,100,8224,97.27,35
4/22/2026 18:15,14805,10.3,0.608,100,8215,97.27,32.9
4/22/2026 18:30,14810,10.3,0.608,100,8209,97.26,31.3
4/22/2026 18:45,14815,10.3,0.608,100,8200,97.25,30.2
4/22/2026 19:00,14820,10.3,0.608,100,8197,97.24,29.4
4/22/2026 19:15,14824,10.3,0.608,100,8191,97.23,28.7
4/22/2026 19:30,14828,10.3,0.608,100,8187,97.23,28
4/22/2026 19:45,14822,10.3,0.608,100,8185,97.23,27.3
4/22/2026 20:00,14805,10.3,0.608,100,8181,97.23,26.6
4/22/2026 20:15,14786,10.3,0.607,100,8175,97.23,25.8
4/22/2026 20:30,14766,10.3,0.607,100,8176,97.24,25.1
4/22/2026 20:45,14747,10.3,0.607,100,8174,97.24,24.6
4/22/2026 21:00,14729,10.3,0.607,100,8171,97.25,24.2
4/22/2026 21:15,14717,10.3,0.607,100,8169,97.26,23.7
4/22/2026 21:30,14719,10.3,0.607,100,8167,97.26,23.2
4/22/2026 21:45,14726,10.3,0.607,100,8165,97.27,22.6
4/22/2026 22:00,14734,10.3,0.608,100,8163,97.27,22.2
4/22/2026 22:15,14743,10.3,0.608,100,8162,97.27,21.8
4/22/2026 22:30,14753,10.3,0.607,100,8160,97.27,21.3
4/22/2026 22:45,14760,10.3,0.607,100,8158,97.26,21
4/22/2026 23:00,14767,10.3,0.608,100,8158,97.26,20.6
4/22/2026 23:15,14772,10.3,0.608,100,8155,97.27,20.3
4/22/2026 23:30,14776,10.3,0.608,100,8157,97.3,20
4/22/2026 23:45,14781,10.3,0.608,100,8155,97.29,19.8
4/23/2026 0:00,14785,10.3,0.607,100,8153,97.28,19.6
4/23/2026 0:15,14790,10.3,0.607,100,8150,97.28,19.6
4/23/2026 0:30,14796,10.3,0.608,100,8148,97.27,19.4
4/23/2026 0:45,14801,10.3,0.608,100,8147,97.27,19.2
4/23/2026 1:00,14807,10.3,0.608,100,8145,97.25,18.9
4/23/2026 1:15,14800,10.3,0.608,100,8146,97.26,18.6
4/23/2026 1:30,14788,10.3,0.607,100,8144,97.25,18.4
4/23/2026 1:45,14775,10.3,0.607,100,8144,97.25,18.2
4/23/2026 2:00,14766,10.3,0.607,100,8143,97.22,18.1
4/23/2026 2:15,14770,10.3,0.607,100,8142,97.22,17.8
4/23/2026 2:30,14782,10.3,0.607,100,8141,97.22,17.4
4/23/2026 2:45,14796,10.3,0.607,100,8139,97.21,17.1
4/23/2026 3:00,14810,10.3,0.608,100,8139,97.21,16.8
4/23/2026 3:15,14824,10.3,0.608,100,8139,97.2,16.5
4/23/2026 3:30,14838,10.3,0.608,100,8141,97.21,16.2
4/23/2026 3:45,14852,10.3,0.608,100,8139,97.19,16
4/23/2026 4:00,14865,10.3,0.608,100,8137,97.18,15.9
4/23/2026 4:15,14876,10.3,0.608,100,8138,97.17,15.9
4/23/2026 4:30,14886,10.3,0.608,100,8136,97.17,15.8
4/23/2026 4:45,14897,10.3,0.608,100,8137,97.15,15.8
4/23/2026 5:00,14907,10.3,0.608,100,8133,97.14,15.8
4/23/2026 5:15,14915,10.3,0.608,100,8133,97.15,15.8
4/23/2026 5:30,14924,10.3,0.607,100,8134,97.15,15.7
4/23/2026 5:45,14930,10.3,0.608,100,8132,97.18,15.6
4/23/2026 6:00,14935,10.3,0.607,100,8133,97.21,15.7
4/23/2026 6:15,14943,10.3,0.608,100,8134,97.19,15.9
4/23/2026 6:30,14950,10.3,0.607,100,8131,97.17,15.8
4/23/2026 6:45,14958,10.3,0.607,100,8129,97.14,15.8
4/23/2026 7:00,14966,10.3,0.607,100,8129,97.11,15.9
4/23/2026 7:15,14973,10.3,0.607,100,8130,97.09,16.2
4/23/2026 7:30,14979,10.3,0.608,100,8130,97.07,16.3
4/23/2026 7:45,14985,10.3,0.607,100,8130,97.05,16.7
4/23/2026 8:00,14991,10.3,0.607,100,8127,97.04,17.4
4/23/2026 8:15,14996,10.3,0.607,100,8129,97.01,18.2
4/23/2026 8:30,15001,10.3,0.607,100,8130,96.98,18.9
4/23/2026 8:45,15001,10.3,0.607,100,8130,96.95,19.6
4/23/2026 9:00,14987,10.3,0.607,100,8133,96.93,19.8
4/23/2026 9:15,14970,10.3,0.607,100,8132,96.92,20.1
4/23/2026 9:30,14953,10.3,0.607,100,8133,96.89,20.5
4/23/2026 9:45,14944,10.3,0.607,100,8130,96.86,21.2
4/23/2026 10:00,14946,10.3,0.607,100,8135,96.84,21.5
4/23/2026 10:15,14952,10.3,0.607,100,8136,96.83,22.3
4/23/2026 10:30,14959,10.3,0.607,100,8136,96.83,22.4
4/23/2026 10:45,14967,10.3,0.608,100,8138,96.82,23.5
4/23/2026 11:00,14973,10.3,0.607,100,8139,96.83,23.2
4/23/2026 11:15,14981,10.3,0.607,100,8141,96.81,22.8
4/23/2026 11:30,14988,10.3,0.607,100,8146,96.78,24.2
4/23/2026 11:45,14995,10.3,0.608,100,8147,96.78,23.8
4/23/2026 12:00,14996,10.3,0.608,100,8142,96.77,23.2
4/23/2026 12:15,14985,10.3,0.607,100,8142,96.76,23.1
4/23/2026 12:30,14970,10.3,0.607,100,8142,96.74,23.2
4/23/2026 12:45,14951,10.3,0.607,100,8141,96.73,23
4/23/2026 13:00,14932,10.3,0.607,100,8140,96.74,22.8
4/23/2026 13:15,14913,10.3,0.607,100,8139,96.73,22.6
4/23/2026 13:30,14898,10.3,0.607,100,8136,96.72,22.3
4/23/2026 13:45,14883,10.3,0.607,100,8136,96.7,22.2
4/23/2026 14:00,14870,10.3,0.605,100,8135,96.68,22
4/23/2026 14:15,14864,10.3,0.607,100,8133,96.66,22
4/23/2026 14:30,14871,10.3,0.605,100,8131,96.64,22.2
4/23/2026 14:45,14882,10.3,0.607,100,8130,96.63,22.4
4/23/2026 15:00,14893,10.3,0.607,100,8128,96.63,22.5
4/23/2026 15:15,14907,10.3,0.607,100,8129,96.6,22.6
4/23/2026 15:30,14920,10.3,0.607,100,8130,96.58,23.1
4/23/2026 15:45,14929,10.3,0.608,100,8131,96.59,23
4/23/2026 16:00,14940,10.3,0.607,100,8128,96.56,23
4/23/2026 16:15,14950,10.3,0.607,100,8132,96.55,23.1
4/23/2026 16:30,14960,10.3,0.607,100,8133,96.52,23.6
4/23/2026 16:45,14968,10.3,0.607,100,8132,96.5,23.5
4/23/2026 17:00,14974,10.3,0.607,100,8128,96.51,23.3
4/23/2026 17:15,14982,10.3,0.607,100,8129,96.49,23.4
4/23/2026 17:30,14988,10.3,0.607,100,8129,96.47,23.4
4/23/2026 17:45,14994,10.3,0.607,100,8129,96.45,23.4
4/23/2026 18:00,15000,10.3,0.607,100,8129,96.44,23.1
4/23/2026 18:15,15005,10.3,0.608,100,8127,96.42,22.9
4/23/2026 18:30,15006,10.3,0.607,100,8124,96.47,22.6
4/23/2026 18:45,15008,10.3,0.607,100,8122,96.51,22.4
4/23/2026 19:00,15009,10.3,0.607,100,8120,96.54,22
4/23/2026 19:15,15003,10.3,0.607,100,8119,96.52,21
4/23/2026 19:30,14989,10.3,0.607,100,8118,96.5,19.8
4/23/2026 19:45,14971,10.3,0.607,100,8117,96.48,18.8
4/23/2026 20:00,14949,10.3,0.607,100,8117,96.53,18
4/23/2026 20:15,14931,10.3,0.607,100,8115,96.53,17.6
4/23/2026 20:30,14925,10.3,0.605,100,8116,96.58,17.3
4/23/2026 20:45,14931,10.3,0.607,100,8115,96.57,16.7
4/23/2026 21:00,14943,10.3,0.607,100,8114,96.51,16.1
4/23/2026 21:15,14953,10.3,0.607,100,8110,96.49,15.7
4/23/2026 21:30,14959,10.3,0.607,100,8112,96.54,15.5
4/23/2026 21:45,14962,10.3,0.607,100,8110,96.63,15.3
4/23/2026 22:00,14969,10.3,0.607,100,8110,96.66,15.2
4/23/2026 22:15,14977,10.3,0.607,100,8110,96.67,15.1
4/23/2026 22:30,14986,10.3,0.607,100,8109,96.66,15.2
4/23/2026 22:45,14993,10.3,0.607,100,8110,96.65,15.3
4/23/2026 23:00,14999,10.3,0.607,100,8109,96.66,15.3
4/23/2026 23:15,14999,10.3,0.607,100,8110,96.67,15.2
4/23/2026 23:30,14987,10.3,0.607,100,8107,96.67,15.1
4/23/2026 23:45,14968,10.3,0.607,100,8109,96.72,14.9
4/24/2026 0:00,14951,10.3,0.605,100,8105,96.74,14.6
4/24/2026 0:15,14935,10.3,0.605,100,8085,96.77,14.2
4/24/2026 0:30,14932,10.3,0.607,100,8098,96.82,13.6
4/24/2026 0:45,14935,10.3,0.607,100,8095,96.91,13.1
4/24/2026 1:00,14946,10.3,0.607,100,8094,96.92,12.7
4/24/2026 1:15,14957,10.3,0.607,100,8095,96.96,12.4
4/24/2026 1:30,14969,10.3,0.607,100,8093,96.98,12.2
4/24/2026 1:45,14981,10.3,0.607,100,8093,97.01,11.9
4/24/2026 2:00,14992,10.3,0.607,100,8095,97.04,11.7
4/24/2026 2:15,15005,10.3,0.607,100,8094,97.04,11.5
4/24/2026 2:30,15017,10.3,0.607,100,8096,97.04,11.2
4/24/2026 2:45,15030,10.3,0.607,100,8092,97.05,10.9
4/24/2026 3:00,15040,10.3,0.607,100,8091,97.05,10.5
4/24/2026 3:15,15050,10.3,0.607,100,8092,97.07,10.2
4/24/2026 3:30,15060,10.3,0.607,100,8092,97.09,9.8
4/24/2026 3:45,15069,10.3,0.607,100,8091,97.09,9.4
4/24/2026 4:00,15078,10.3,0.607,100,8092,97.1,9
4/24/2026 4:15,15087,10.3,0.607,100,8091,97.11,8.7
4/24/2026 4:30,15094,10.3,0.607,100,8088,97.14,8.2
4/24/2026 4:45,15100,10.3,0.608,100,8088,97.17,7.8
4/24/2026 5:00,15107,10.3,0.607,100,8088,97.18,7.5
4/24/2026 5:15,15114,10.3,0.608,100,8090,97.19,7.2
4/24/2026 5:30,15119,10.3,0.607,100,8085,97.22,6.9
4/24/2026 5:45,15123,10.3,0.607,100,8086,97.25,6.6
4/24/2026 6:00,15129,10.3,0.607,100,8088,97.28,6.3
4/24/2026 6:15,15132,10.3,0.607,100,8088,97.33,6
4/24/2026 6:30,15136,10.3,0.607,100,8086,97.35,5.7
4/24/2026 6:45,15141,10.3,0.608,100,8086,97.35,5.5
4/24/2026 7:00,15145,10.3,0.607,100,8085,97.36,5.4
4/24/2026 7:15,15149,10.3,0.607,100,8085,97.39,5.5
4/24/2026 7:30,15153,10.3,0.607,100,8085,97.41,6
4/24/2026 7:45,15156,10.3,0.607,100,8083,97.44,6.7
4/24/2026 8:00,15148,10.3,0.607,100,8085,97.48,8
4/24/2026 8:15,15131,10.3,0.605,100,8084,97.51,8.4
4/24/2026 8:30,15112,10.3,0.607,100,8086,97.51,8.3
4/24/2026 8:45,15092,10.3,0.605,100,8083,97.54,9.1
4/24/2026 9:00,15073,10.3,0.605,100,8086,97.55,10.5
4/24/2026 9:15,15056,10.3,0.605,100,8086,97.56,10.7
4/24/2026 9:30,15038,10.3,0.605,100,8085,97.59,10.4
4/24/2026 9:45,15032,10.3,0.605,100,8085,97.59,11.3
4/24/2026 10:00,15038,10.3,0.605,100,8087,97.6,11.2
4/24/2026 10:15,15048,10.3,0.605,100,8089,97.61,12
4/24/2026 10:30,15059,10.3,0.605,100,8091,97.63,12.2
4/24/2026 10:45,15069,10.3,0.607,100,8098,97.66,13.3
4/24/2026 11:00,15078,10.3,0.607,100,8104,97.69,14.7
4/24/2026 11:15,15088,10.3,0.607,100,8116,97.69,15.2
4/24/2026 11:30,15098,10.3,0.607,100,8127,97.68,15
4/24/2026 11:45,15108,10.3,0.607,100,8141,97.67,15.5
4/24/2026 12:00,15116,10.3,0.607,100,8158,97.68,16.2
4/24/2026 12:15,15124,10.3,0.607,100,8173,97.68,16.9
4/24/2026 12:30,15128,10.3,0.607,100,8182,97.67,17.2
4/24/2026 12:45,15118,10.3,0.607,100,8200,97.67,17.2
4/24/2026 13:00,15102,10.3,0.607,100,8215,97.67,17.8
4/24/2026 13:15,15085,10.3,0.607,100,8217,97.66,18.3
4/24/2026 13:30,15069,10.3,0.607,100,8219,97.67,18
4/24/2026 13:45,15067,10.3,0.605,100,8233,97.67,18
4/24/2026 14:00,15072,10.3,0.607,100,8250,97.67,18.9
4/24/2026 14:15,15080,10.3,0.607,100,8247,97.68,19.8
4/24/2026 14:30,15088,10.3,0.607,100,8247,97.69,19.5
4/24/2026 14:45,15098,10.3,0.607,100,8253,97.7,19.4
4/24/2026 15:00,15106,10.3,0.607,100,8257,97.7,19.7
4/24/2026 15:15,15114,10.3,0.607,100,8263,97.69,20.1
4/24/2026 15:30,15122,10.3,0.607,100,8278,97.69,21
4/24/2026 15:45,15129,10.3,0.607,100,8290,97.69,23.1
4/24/2026 16:00,15136,10.3,0.607,100,8299,97.69,24.9
4/24/2026 16:15,15143,10.3,0.607,100,8304,97.67,26.2
4/24/2026 16:30,15148,10.3,0.607,100,8307,97.67,26.8
4/24/2026 16:45,15144,10.3,0.607,100,8311,97.66,27.2
4/24/2026 17:00,15128,10.3,0.607,100,8310,97.67,27.6
4/24/2026 17:15,15110,10.3,0.607,100,8315,97.67,27.7
4/24/2026 17:30,15091,10.3,0.607,100,8313,97.67,27.7
4/24/2026 17:45,15070,10.3,0.605,100,8313,97.68,27.2
4/24/2026 18:00,15068,10.3,0.605,100,8303,97.69,25.9
4/24/2026 18:15,15073,10.3,0.607,100,8295,97.71,23.6
4/24/2026 18:30,15080,10.3,0.607,100,8288,97.72,21.2
4/24/2026 18:45,15089,10.3,0.607,100,8283,97.74,19.4
4/24/2026 19:00,15097,10.3,0.607,100,8280,97.75,18
4/24/2026 19:15,15106,10.3,0.607,100,8278,97.76,17
4/24/2026 19:30,15114,10.3,0.607,100,8272,97.75,16.1
4/24/2026 19:45,15122,10.3,0.607,100,8269,97.75,15.4
4/24/2026 20:00,15129,10.3,0.607,100,8268,97.74,14.6
4/24/2026 20:15,15135,10.3,0.607,100,8268,97.76,13.9
4/24/2026 20:30,15139,10.3,0.607,100,8265,97.77,13.1
4/24/2026 20:45,15143,10.3,0.607,100,8263,97.81,12.3
4/24/2026 21:00,15141,10.3,0.607,100,8262,97.81,11.6
4/24/2026 21:15,15127,10.3,0.607,100,8262,97.84,10.9
4/24/2026 21:30,15106,10.3,0.607,100,8260,97.87,10.2
4/24/2026 21:45,15087,10.3,0.607,100,8258,97.88,9.7
4/24/2026 22:00,15070,10.3,0.605,100,8256,97.87,9.3
4/24/2026 22:15,15053,10.3,0.605,100,8254,97.88,8.8
4/24/2026 22:30,15038,10.3,0.607,100,8253,97.88,8.4
4/24/2026 22:45,15024,10.3,0.607,100,8252,97.88,8
4/24/2026 23:00,15021,10.3,0.607,100,8251,97.9,7.6
4/24/2026 23:15,15031,10.3,0.605,100,8250,97.9,7.3
4/24/2026 23:30,15042,10.3,0.605,100,8250,97.9,7
4/24/2026 23:45,15053,10.3,0.607,100,8250,97.92,6.7
4/25/2026 0:00,15065,10.3,0.607,100,8250,97.93,6.5
4/25/2026 0:15,15076,10.3,0.607,100,8240,97.93,6.5
4/25/2026 0:30,15084,10.3,0.607,100,8240,97.94,6.2
4/25/2026 0:45,15089,10.3,0.607,100,8239,97.96,6
4/25/2026 1:00,15088,10.3,0.607,100,8240,97.97,6
4/25/2026 1:15,15085,10.3,0.607,100,8240,97.98,5.9
4/25/2026 1:30,15078,10.3,0.607,100,8239,98,5.7
4/25/2026 1:45,15068,10.3,0.607,100,8240,98.03,5.5
4/25/2026 2:00,15059,10.3,0.607,100,8238,98.01,5.4
4/25/2026 2:15,15048,10.3,0.607,100,8238,98.03,5.2
4/25/2026 2:30,15037,10.3,0.607,100,8239,98.02,5.1
4/25/2026 2:45,15028,10.3,0.607,100,8236,98,4.9
4/25/2026 3:00,15018,10.3,0.607,100,8237,97.98,4.7
4/25/2026 3:15,15008,10.3,0.607,100,8236,97.97,4.6
4/25/2026 3:30,14997,10.3,0.607,100,8236,97.99,4.5
4/25/2026 3:45,14988,10.3,0.607,100,8236,97.98,4.4
4/25/2026 4:00,14979,10.3,0.607,100,8232,97.97,4.3
4/25/2026 4:15,14969,10.3,0.607,100,8235,97.99,4.2
4/25/2026 4:30,14959,10.3,0.607,100,8234,98.01,4
4/25/2026 4:45,14951,10.3,0.607,100,8233,98.02,4
4/25/2026 5:00,14942,10.3,0.607,100,8234,98.05,3.9
4/25/2026 5:15,14935,10.3,0.608,100,8231,98.06,3.9
4/25/2026 5:30,14928,10.3,0.607,100,8233,98.05,4
4/25/2026 5:45,14921,10.3,0.607,100,8231,98.08,4.2
4/25/2026 6:00,14911,10.3,0.607,100,8231,98.14,4.4
4/25/2026 6:15,14904,10.3,0.607,100,8232,98.18,4.7
4/25/2026 6:30,14900,10.3,0.607,100,8229,98.16,4.9
4/25/2026 6:45,14896,10.3,0.607,100,8232,98.16,5.2
4/25/2026 7:00,14893,10.3,0.607,100,8233,98.18,5.5
4/25/2026 7:15,14892,10.3,0.607,100,8230,98.19,5.9
4/25/2026 7:30,14899,10.3,0.607,100,8231,98.17,6.3
4/25/2026 7:45,14907,10.3,0.607,100,8230,98.18,6.6
4/25/2026 8:00,14915,10.3,0.607,100,8232,98.22,7
4/25/2026 8:15,14925,10.3,0.607,100,8232,98.27,7.5
4/25/2026 8:30,14938,10.3,0.607,100,8231,98.3,8.3
4/25/2026 8:45,14952,10.3,0.607,100,8231,98.31,8.7
4/25/2026 9:00,14967,10.3,0.607,100,8231,98.32,9
4/25/2026 9:15,14979,10.3,0.607,100,8230,98.32,9.3
4/25/2026 9:30,14990,10.3,0.607,100,8230,98.34,9.7
4/25/2026 9:45,14998,10.3,0.607,100,8234,98.37,10.2
4/25/2026 10:00,14995,10.3,0.607,100,8232,98.38,10.9
4/25/2026 10:15,14978,10.3,0.607,100,8234,98.38,11.2
4/25/2026 10:30,14953,10.3,0.607,100,8234,98.38,11.4
4/25/2026 10:45,14927,10.3,0.607,100,8236,98.37,11.6
4/25/2026 11:00,14902,10.3,0.605,100,8236,98.36,11.7
4/25/2026 11:15,14888,10.3,0.605,100,8237,98.34,11.5
4/25/2026 11:30,14883,10.3,0.607,100,8232,98.34,11.3
4/25/2026 11:45,14881,10.3,0.607,100,8235,98.34,11.1
4/25/2026 12:00,14881,10.3,0.607,100,8235,98.32,11
4/25/2026 12:15,14880,10.3,0.607,100,8232,98.31,10.8
4/25/2026 12:30,14880,10.3,0.607,100,8231,98.31,10.7
4/25/2026 12:45,14882,10.3,0.607,100,8234,98.26,10.9
4/25/2026 13:00,14881,10.3,0.607,100,8234,98.26,11.5
4/25/2026 13:15,14880,10.3,0.607,100,8232,98.26,11.7
4/25/2026 13:30,14882,10.3,0.607,100,8233,98.21,11.7
4/25/2026 13:45,14879,10.3,0.607,100,8235,98.22,11.9
4/25/2026 14:00,14870,10.3,0.607,100,8239,98.23,12.4
4/25/2026 14:15,14851,10.3,0.607,100,8243,98.22,13.2
4/25/2026 14:30,14827,10.3,0.607,100,8242,98.22,13.8
4/25/2026 14:45,14802,10.3,0.607,100,8245,98.23,14.2
4/25/2026 15:00,14779,10.3,0.605,100,8247,98.21,14.5
4/25/2026 15:15,14772,10.3,0.607,100,8250,98.21,14.8
4/25/2026 15:30,14772,10.3,0.607,100,8253,98.19,15.3
4/25/2026 15:45,14774,10.3,0.607,100,8252,98.19,15.8
4/25/2026 16:00,14777,10.3,0.607,100,8256,98.19,15.7
4/25/2026 16:15,14782,10.3,0.607,100,8256,98.18,15.7
4/25/2026 16:30,14785,10.3,0.607,100,8260,98.17,15.9
4/25/2026 16:45,14787,10.3,0.607,100,8259,98.17,16.3
4/25/2026 17:00,14791,10.3,0.607,100,8260,98.16,15.8
4/25/2026 17:15,14794,10.3,0.607,100,8257,98.15,15.6
4/25/2026 17:30,14795,10.3,0.607,100,8259,98.16,15.3
4/25/2026 17:45,14796,10.3,0.607,100,8256,98.15,15.1
4/25/2026 18:00,14798,10.3,0.607,100,8254,98.13,14.8
4/25/2026 18:15,14797,10.3,0.607,100,8255,98.14,14.6
4/25/2026 18:30,14793,10.3,0.607,100,8250,98.13,14.3
4/25/2026 18:45,14775,10.3,0.607,100,8250,98.14,13.9
4/25/2026 19:00,14753,10.3,0.607,100,8249,98.13,13.5
4/25/2026 19:15,14729,10.3,0.607,100,8247,98.16,13.2
4/25/2026 19:30,14707,10.3,0.607,100,8246,98.14,12.9
4/25/2026 19:45,14688,10.3,0.605,100,8245,98.12,12.6
4/25/2026 20:00,14668,10.3,0.605,100,8242,98.14,12.4
4/25/2026 20:15,14652,10.3,0.605,100,8242,98.14,12.1
4/25/2026 20:30,14649,10.3,0.605,100,8239,98.15,11.9
4/25/2026 20:45,14653,10.3,0.605,100,8241,98.16,11.8
4/25/2026 21:00,14659,10.3,0.607,100,8237,98.21,11.6
4/25/2026 21:15,14666,10.3,0.607,100,8234,98.23,11.5
4/25/2026 21:30,14673,10.3,0.607,100,8239,98.24,11.4
4/25/2026 21:45,14679,10.3,0.607,100,8235,98.24,11.2
4/25/2026 22:00,14688,10.3,0.607,100,8234,98.23,11.1
4/25/2026 22:15,14693,10.3,0.607,100,8233,98.24,10.9
4/25/2026 22:30,14699,10.3,0.607,100,8232,98.25,10.7
4/25/2026 22:45,14706,10.3,0.607,100,8232,98.23,10.5
4/25/2026 23:00,14711,10.3,0.607,100,8229,98.24,10.3
4/25/2026 23:15,14714,10.3,0.607,100,8230,98.26,10.1
4/25/2026 23:30,14720,10.3,0.607,100,8229,98.24,10
4/25/2026 23:45,14727,10.3,0.608,100,8226,98.2,9.8
4/26/2026 0:00,14732,10.3,0.607,100,8227,98.16,9.7
4/26/2026 0:15,14735,10.3,0.607,100,8222,98.19,9.6
4/26/2026 0:30,14740,10.3,0.607,100,8222,98.2,9.4
4/26/2026 0:45,14749,10.3,0.607,100,8220,98.19,9.2
4/26/2026 1:00,14760,10.3,0.607,100,8221,98.2,9
4/26/2026 1:15,14773,10.3,0.607,100,8221,98.2,8.9
4/26/2026 1:30,14790,10.3,0.608,100,8220,98.18,8.7
4/26/2026 1:45,14804,10.3,0.607,100,8219,98.17,8.5
4/26/2026 2:00,14804,10.3,0.607,100,8218,98.16,8.4
4/26/2026 2:15,14798,10.3,0.607,100,8218,98.18,8.4
4/26/2026 2:30,14790,10.3,0.605,100,8218,98.19,8.4
4/26/2026 2:45,14785,10.3,0.607,100,8217,98.2,8.4
4/26/2026 3:00,14792,10.3,0.607,100,8216,98.19,8.4
4/26/2026 3:15,14805,10.3,0.607,100,8216,98.21,8.4
4/26/2026 3:30,14822,10.3,0.607,100,8217,98.19,8.3
4/26/2026 3:45,14837,10.3,0.607,100,8214,98.19,8.1
4/26/2026 4:00,14852,10.3,0.607,100,8214,98.19,8
4/26/2026 4:15,14866,10.3,0.607,100,8213,98.21,7.9
4/26/2026 4:30,14878,10.3,0.607,100,8212,98.22,8
4/26/2026 4:45,14892,10.3,0.607,100,8212,98.19,8
4/26/2026 5:00,14903,10.3,0.607,100,8212,98.2,7.9
4/26/2026 5:15,14911,10.3,0.607,100,8212,98.22,7.8
4/26/2026 5:30,14920,10.3,0.607,100,8212,98.24,7.8
4/26/2026 5:45,14927,10.3,0.607,100,8210,98.28,7.8
4/26/2026 6:00,14936,10.3,0.607,100,8210,98.28,7.6
4/26/2026 6:15,14944,10.3,0.607,100,8211,98.27,7.5
4/26/2026 6:30,14952,10.3,0.607,100,8209,98.29,7.4
4/26/2026 6:45,14960,10.3,0.607,100,8208,98.3,7.4
4/26/2026 7:00,14969,10.3,0.607,100,8206,98.3,7.4
4/26/2026 7:15,14977,10.3,0.607,100,8207,98.31,7.5
4/26/2026 7:30,14986,10.3,0.607,100,8206,98.32,7.6
4/26/2026 7:45,14995,10.3,0.607,100,8207,98.33,7.7
4/26/2026 8:00,15005,10.3,0.607,100,8205,98.33,7.8
4/26/2026 8:15,15016,10.3,0.607,100,8205,98.32,7.9
4/26/2026 8:30,15026,10.3,0.607,100,8206,98.32,8.2
4/26/2026 8:45,15034,10.3,0.607,100,8205,98.33,8.4
4/26/2026 9:00,15043,10.3,0.607,100,8205,98.34,8.7
4/26/2026 9:15,15053,10.3,0.607,100,8206,98.34,8.9
4/26/2026 9:30,15063,10.3,0.607,100,8208,98.33,9.2
4/26/2026 9:45,15071,10.3,0.607,100,8209,98.33,9.8
4/26/2026 10:00,15078,10.3,0.607,100,8213,98.32,10.2
4/26/2026 10:15,15085,10.3,0.607,100,8219,98.31,11.2
4/26/2026 10:30,15090,10.3,0.607,100,8221,98.31,11.9
4/26/2026 10:45,15081,10.3,0.607,100,8229,98.31,13
4/26/2026 11:00,15064,10.3,0.607,100,8233,98.31,14.7
4/26/2026 11:15,15046,10.3,0.605,100,8243,98.29,15.6
4/26/2026 11:30,15028,10.3,0.605,100,8251,98.27,16.9
4/26/2026 11:45,15014,10.3,0.605,100,8261,98.26,17.7
4/26/2026 12:00,15015,10.3,0.605,100,8268,98.25,18.2
4/26/2026 12:15,15021,10.3,0.607,100,8280,98.22,18.6
4/26/2026 12:30,15029,10.3,0.607,100,8288,98.2,19.4
4/26/2026 12:45,15038,10.3,0.607,100,8298,98.17,20
4/26/2026 13:00,15047,10.3,0.607,100,8310,98.14,21.1
4/26/2026 13:15,15054,10.3,0.607,100,8307,98.12,22
4/26/2026 13:30,15061,10.3,0.605,100,8310,98.11,22.7
4/26/2026 13:45,15068,10.3,0.607,100,8307,98.08,22.6
4/26/2026 14:00,15074,10.3,0.607,100,8308,98.06,22.7
4/26/2026 14:15,15080,10.3,0.607,100,8307,98.04,22.8
4/26/2026 14:30,15084,10.3,0.607,100,8305,98.02,22.9
4/26/2026 14:45,15077,10.3,0.607,100,8304,98.01,22.6
4/26/2026 15:00,15061,10.3,0.605,100,8302,98,22.4
4/26/2026 15:15,15041,10.3,0.605,100,8300,97.98,22.5
4/26/2026 15:30,15021,10.3,0.605,100,8297,97.96,22.2
4/26/2026 15:45,15003,10.3,0.607,100,8295,97.93,21.9
4/26/2026 16:00,14985,10.3,0.605,100,8294,97.91,21.5
4/26/2026 16:15,14970,10.3,0.605,100,8286,97.88,20.7
4/26/2026 16:30,14957,10.3,0.605,100,8286,97.84,20.2
4/26/2026 16:45,14955,10.3,0.605,100,8284,97.84,20.5
4/26/2026 17:00,14962,10.3,0.605,100,8281,97.83,20.4
4/26/2026 17:15,14971,10.3,0.607,100,8278,97.83,20.1
4/26/2026 17:30,14981,10.3,0.607,100,8276,97.82,19.8
4/26/2026 17:45,14990,10.3,0.605,100,8274,97.82,19.6
4/26/2026 18:00,14999,10.3,0.607,100,8268,97.82,19.3
4/26/2026 18:15,15008,10.3,0.607,100,8267,97.8,19.2
4/26/2026 18:30,15015,10.3,0.607,100,8265,97.79,19.1
4/26/2026 18:45,15022,10.3,0.607,100,8262,97.78,19
4/26/2026 19:00,15030,10.3,0.607,100,8259,97.75,18.8
4/26/2026 19:15,15035,10.3,0.607,100,8257,97.74,18.5
4/26/2026 19:30,15039,10.3,0.607,100,8256,97.74,18.2
4/26/2026 19:45,15043,10.3,0.607,100,8257,97.73,17.9
4/26/2026 20:00,15046,10.3,0.607,100,8253,97.74,17.5
4/26/2026 20:15,15050,10.3,0.607,100,8252,97.73,17.2
4/26/2026 20:30,15053,10.3,0.607,100,8249,97.73,16.9
4/26/2026 20:45,15056,10.3,0.607,100,8248,97.73,16.7
4/26/2026 21:00,15057,10.3,0.605,100,8244,97.72,16.5
4/26/2026 21:15,15048,10.3,0.607,100,8243,97.71,16.4
4/26/2026 21:30,15029,10.3,0.607,100,8240,97.71,16.3
4/26/2026 21:45,15010,10.3,0.607,100,8243,97.7,16.2
4/26/2026 22:00,14991,10.3,0.607,100,8238,97.66,16.2
4/26/2026 22:15,14975,10.3,0.605,100,8237,97.66,16
4/26/2026 22:30,14972,10.3,0.605,100,8235,97.66,15.8
4/26/2026 22:45,14978,10.3,0.605,100,8235,97.64,15.4
4/26/2026 23:00,14987,10.3,0.605,100,8235,97.6,15
4/26/2026 23:15,14996,10.3,0.607,100,8232,97.57,14.7
4/26/2026 23:30,15005,10.3,0.607,100,8231,97.55,14.5
4/26/2026 23:45,15014,10.3,0.607,100,8232,97.52,14.9
4/27/2026 0:00,15023,10.3,0.607,100,8230,97.5,15.4
4/27/2026 0:15,15028,10.3,0.607,100,8206,97.5,16
4/27/2026 0:30,15034,10.3,0.607,100,8218,97.49,15.8
4/27/2026 0:45,15042,10.3,0.607,100,8218,97.45,14.5
4/27/2026 1:00,15046,10.3,0.607,100,8217,97.43,13.7
4/27/2026 1:15,15049,10.3,0.607,100,8213,97.4,13.4
4/27/2026 1:30,15050,10.3,0.605,100,8214,97.39,13.3
4/27/2026 1:45,15052,10.3,0.605,100,8215,97.36,13.3
4/27/2026 2:00,15054,10.3,0.607,100,8215,97.34,13.4
4/27/2026 2:15,15057,10.3,0.607,100,8211,97.29,13.6
4/27/2026 2:30,15059,10.3,0.607,100,8212,97.27,13.9
4/27/2026 2:45,15063,10.3,0.607,100,8211,97.25,14.1
4/27/2026 3:00,15070,10.3,0.607,100,8208,97.21,14.2
4/27/2026 3:15,15075,10.3,0.607,100,8210,97.17,13.6
4/27/2026 3:30,15067,10.3,0.607,100,8208,97.12,12.8
4/27/2026 3:45,15052,10.3,0.607,100,8206,97.14,12.6
4/27/2026 4:00,15038,10.3,0.607,100,8208,97.13,12.6
4/27/2026 4:15,15034,10.3,0.605,100,8208,97.09,12.8
4/27/2026 4:30,15040,10.3,0.605,100,8205,97.09,13.1
4/27/2026 4:45,15052,10.3,0.605,100,8207,97.08,13.2
4/27/2026 5:00,15066,10.3,0.605,100,8205,97.07,13.1
4/27/2026 5:15,15079,10.3,0.607,100,8203,97.05,13.1
4/27/2026 5:30,15090,10.3,0.608,100,8205,97.04,13.2
4/27/2026 5:45,15101,10.3,0.607,100,8202,97.04,13
4/27/2026 6:00,15108,10.3,0.607,100,8201,97.04,12.9
4/27/2026 6:15,15116,10.3,0.607,100,8202,97.02,12.8
4/27/2026 6:30,15122,10.3,0.605,100,8201,97,12.8
4/27/2026 6:45,15125,10.3,0.607,100,8200,96.98,12.9
4/27/2026 7:00,15126,10.3,0.607,100,8199,96.97,13
4/27/2026 7:15,15125,10.3,0.607,100,8201,96.99,13.1
4/27/2026 7:30,15124,10.3,0.607,100,8199,96.98,13.2
4/27/2026 7:45,15123,10.3,0.607,100,8197,96.95,13.3
4/27/2026 8:00,15122,10.3,0.607,100,8198,96.92,13.4
4/27/2026 8:15,15120,10.3,0.607,100,8196,96.9,13.6
4/27/2026 8:30,15117,10.3,0.607,100,8195,96.9,13.8
4/27/2026 8:45,15115,10.3,0.605,100,8195,96.89,14
4/27/2026 9:00,15113,10.3,0.607,100,8195,96.87,14.1
4/27/2026 9:15,15112,10.3,0.607,100,8193,96.83,14.3
4/27/2026 9:30,15103,10.3,0.607,100,8195,96.81,14.7
4/27/2026 9:45,15082,10.3,0.607,100,8194,96.8,14.9
4/27/2026 10:00,15057,10.3,0.607,100,8194,96.77,14.9
4/27/2026 10:15,15032,10.3,0.605,100,8193,96.74,15
4/27/2026 10:30,15008,10.3,0.605,100,8193,96.71,14.7
4/27/2026 10:45,14985,10.3,0.605,100,8192,96.68,14.2
4/27/2026 11:00,14963,10.3,0.605,100,8192,96.67,13.9
4/27/2026 11:15,14943,10.3,0.605,100,8188,96.65,13.8
4/27/2026 11:30,14932,10.3,0.605,100,8190,96.62,13.7
4/27/2026 11:45,14933,10.3,0.605,100,8190,96.6,13.6
4/27/2026 12:00,14939,10.3,0.607,100,8187,96.59,13.5
4/27/2026 12:15,14946,10.3,0.607,100,8187,96.58,13.4
4/27/2026 12:30,14954,10.3,0.607,100,8186,96.56,13.4
4/27/2026 12:45,14962,10.3,0.607,100,8184,96.53,13.5
4/27/2026 13:00,14969,10.3,0.605,100,8183,96.51,13.6
4/27/2026 13:15,14975,10.3,0.607,100,8183,96.49,13.6
4/27/2026 13:30,14982,10.3,0.607,100,8187,96.46,13.8
4/27/2026 13:45,14986,10.3,0.607,100,8185,96.45,13.9
4/27/2026 14:00,14991,10.3,0.607,100,8183,96.44,13.9
4/27/2026 14:15,14995,10.3,0.607,100,8184,96.43,13.9
4/27/2026 14:30,15001,10.3,0.607,100,8183,96.4,13.8
4/27/2026 14:45,15007,10.3,0.607,100,8183,96.35,14
4/27/2026 15:00,15009,10.3,0.607,100,8184,96.35,14.4
4/27/2026 15:15,15011,10.3,0.607,100,8182,96.35,14.5
4/27/2026 15:30,15013,10.3,0.607,100,8186,96.34,14.9
4/27/2026 15:45,15012,10.3,0.607,100,8193,96.33,15.8
4/27/2026 16:00,14999,10.3,0.607,100,8203,96.32,16.5
4/27/2026 16:15,14977,10.3,0.607,100,8209,96.32,17.7
4/27/2026 16:30,14955,10.3,0.607,100,8206,96.33,18
4/27/2026 16:45,14934,10.3,0.607,100,8211,96.36,18
4/27/2026 17:00,14923,10.3,0.605,100,8208,96.38,17.7
4/27/2026 17:15,14925,10.3,0.605,100,8209,96.39,17.4
4/27/2026 17:30,14929,10.3,0.605,100,8206,96.41,17.1
4/27/2026 17:45,14933,10.3,0.607,100,8206,96.43,16.7
4/27/2026 18:00,14935,10.3,0.607,100,8204,96.47,16.3
4/27/2026 18:15,14939,10.3,0.607,100,8203,96.52,15.9
4/27/2026 18:30,14940,10.3,0.607,100,8201,96.57,15
4/27/2026 18:45,14943,10.3,0.607,100,8200,96.6,13.9
4/27/2026 19:00,14944,10.3,0.607,100,8198,96.65,12.9
4/27/2026 19:15,14945,10.3,0.607,100,8197,96.7,11.9
4/27/2026 19:30,14946,10.3,0.607,100,8193,96.72,11
4/27/2026 19:45,14947,10.3,0.607,100,8195,96.74,10.3
4/27/2026 20:00,14937,10.3,0.607,100,8193,96.78,9.8
4/27/2026 20:15,14918,10.3,0.607,100,8190,96.82,9.4
4/27/2026 20:30,14895,10.3,0.605,100,8190,96.85,9.2
4/27/2026 20:45,14874,10.3,0.605,100,8190,96.87,9.1
4/27/2026 21:00,14853,10.3,0.605,100,8190,96.89,9
4/27/2026 21:15,14842,10.3,0.605,100,8189,96.93,8.7
4/27/2026 21:30,14842,10.3,0.607,100,8188,96.97,8.6
4/27/2026 21:45,14846,10.3,0.607,100,8186,97.01,8.4
4/27/2026 22:00,14853,10.3,0.607,100,8185,97.03,8
4/27/2026 22:15,14859,10.3,0.607,100,8184,97.06,7.8
4/27/2026 22:30,14864,10.3,0.607,100,8185,97.09,7.7
4/27/2026 22:45,14870,10.3,0.607,100,8186,97.12,7.6
4/27/2026 23:00,14876,10.3,0.607,100,8186,97.14,7.5
4/27/2026 23:15,14880,10.3,0.607,100,8183,97.17,7.4
4/27/2026 23:30,14883,10.3,0.607,100,8184,97.2,7.2
4/27/2026 23:45,14888,10.3,0.607,100,8183,97.23,6.9
4/28/2026 0:00,14891,10.3,0.607,100,8183,97.26,6.6
4/28/2026 0:15,14881,10.3,0.607,100,8155,97.3,6.7
4/28/2026 0:30,14863,10.3,0.607,100,8170,97.34,6.7
4/28/2026 0:45,14844,10.3,0.605,100,8170,97.37,6.6
4/28/2026 1:00,14827,10.3,0.605,100,8171,97.4,6.5
4/28/2026 1:15,14813,10.3,0.605,100,8171,97.39,6.5
4/28/2026 1:30,14801,10.3,0.605,100,8171,97.43,6.5
4/28/2026 1:45,14790,10.3,0.605,100,8170,97.45,6.5
4/28/2026 2:00,14791,10.3,0.605,100,8171,97.49,6.5
4/28/2026 2:15,14804,10.3,0.605,100,8167,97.52,6.5
4/28/2026 2:30,14823,10.3,0.605,100,8170,97.52,6.6
4/28/2026 2:45,14841,10.3,0.607,100,8168,97.53,6.6
4/28/2026 3:00,14859,10.3,0.607,100,8170,97.56,6.6
4/28/2026 3:15,14876,10.3,0.607,100,8168,97.57,6.6
4/28/2026 3:30,14893,10.3,0.607,100,8168,97.59,6.4
4/28/2026 3:45,14909,10.3,0.607,100,8167,97.6,6.1
4/28/2026 4:00,14924,10.3,0.605,100,8167,97.61,5.7
4/28/2026 4:15,14939,10.3,0.607,100,8167,97.63,5.4
4/28/2026 4:30,14952,10.3,0.607,100,8166,97.65,5.2
4/28/2026 4:45,14967,10.3,0.607,100,8169,97.65,5
4/28/2026 5:00,14981,10.3,0.607,100,8166,97.66,4.8
4/28/2026 5:15,14995,10.3,0.605,100,8165,97.66,4.7
4/28/2026 5:30,15009,10.3,0.607,100,8166,97.66,4.6
4/28/2026 5:45,15019,10.3,0.607,100,8163,97.69,4.4
4/28/2026 6:00,15029,10.3,0.607,100,8163,97.72,4.3
4/28/2026 6:15,15039,10.3,0.607,100,8163,97.77,4.2
4/28/2026 6:30,15047,10.3,0.607,100,8162,97.82,4.2
4/28/2026 6:45,15057,10.3,0.607,100,8164,97.83,4.2
4/28/2026 7:00,15067,10.3,0.607,100,8163,97.85,4.2
4/28/2026 7:15,15076,10.3,0.605,100,8161,97.86,4.4
4/28/2026 7:30,15084,10.3,0.607,100,8162,97.89,5.2
4/28/2026 7:45,15093,10.3,0.607,100,8161,97.9,5.1
4/28/2026 8:00,15099,10.3,0.607,100,8162,97.95,6
4/28/2026 8:15,15103,10.3,0.607,100,8163,98.01,7.2
4/28/2026 8:30,15109,10.3,0.607,100,8162,98.02,7.1
4/28/2026 8:45,15114,10.3,0.605,100,8163,98.06,10.2
4/28/2026 9:00,15117,10.3,0.605,100,8161,98.09,10.9
4/28/2026 9:15,15122,10.3,0.607,100,8161,98.11,11.1
4/28/2026 9:30,15124,10.3,0.607,100,8163,98.13,11.4
4/28/2026 9:45,15127,10.3,0.607,100,8164,98.14,11.3
4/28/2026 10:00,15128,10.3,0.605,100,8164,98.16,11.2
4/28/2026 10:15,15130,10.3,0.605,100,8164,98.15,12
4/28/2026 10:30,15116,10.3,0.607,100,8171,98.17,12.4
4/28/2026 10:45,15096,10.3,0.605,100,8177,98.18,13.6
4/28/2026 11:00,15075,10.3,0.605,100,8188,98.17,14.5
4/28/2026 11:15,15052,10.3,0.605,100,8193,98.19,14.5
4/28/2026 11:30,15036,10.3,0.605,100,8201,98.18,14.7
4/28/2026 11:45,15033,10.3,0.605,100,8215,98.18,15.3
4/28/2026 12:00,15036,10.3,0.605,100,8227,98.17,15.5
4/28/2026 12:15,15038,10.3,0.607,100,8237,98.17,15.8
4/28/2026 12:30,15037,10.3,0.605,100,8256,98.2,15.8
4/28/2026 12:45,15035,10.3,0.605,100,8267,98.19,16.3
4/28/2026 13:00,15030,10.3,0.607,100,8281,98.18,16.8
4/28/2026 13:15,15011,10.3,0.607,100,8279,98.15,16.9
4/28/2026 13:30,14985,10.3,0.607,100,8288,98.14,16.7
4/28/2026 13:45,14956,10.3,0.607,100,8294,98.14,16.8
4/28/2026 14:00,14927,10.3,0.605,100,8308,98.13,17.4
4/28/2026 14:15,14901,10.3,0.605,100,8310,98.14,17.8
4/28/2026 14:30,14886,10.3,0.605,100,8309,98.16,17.4
4/28/2026 14:45,14881,10.3,0.605,100,8316,98.18,17.6
4/28/2026 15:00,14881,10.3,0.607,100,8324,98.18,18.1
4/28/2026 15:15,14881,10.3,0.607,100,8326,98.18,18.5
4/28/2026 15:30,14882,10.3,0.607,100,8334,98.18,18.4
4/28/2026 15:45,14883,10.3,0.607,100,8350,98.18,19.2
4/28/2026 16:00,14884,10.3,0.607,100,8357,98.16,21
4/28/2026 16:15,14884,10.3,0.607,100,8359,98.14,22.4
4/28/2026 16:30,14885,10.3,0.607,100,8356,98.13,22.4
4/28/2026 16:45,14884,10.3,0.607,100,8348,98.13,21.2
4/28/2026 17:00,14884,10.3,0.608,100,8348,98.11,19.2
4/28/2026 17:15,14883,10.3,0.608,100,8344,98.1,18.4
4/28/2026 17:30,14873,10.3,0.608,100,8343,98.09,17.4
4/28/2026 17:45,14855,10.3,0.607,100,8345,98.09,16.8
4/28/2026 18:00,14838,10.3,0.607,100,8340,98.1,16.1
4/28/2026 18:15,14822,10.3,0.607,100,8337,98.11,15.2
4/28/2026 18:30,14810,10.3,0.607,100,8335,98.12,14.6
4/28/2026 18:45,14799,10.3,0.605,100,8331,98.13,14.3
4/28/2026 19:00,14801,10.3,0.607,100,8329,98.13,13.8
4/28/2026 19:15,14813,10.3,0.607,100,8326,98.14,13.1
4/28/2026 19:30,14830,10.3,0.607,100,8324,98.15,12.5
4/28/2026 19:45,14848,10.3,0.607,100,8321,98.17,12
4/28/2026 20:00,14866,10.3,0.607,100,8321,98.18,11.5
4/28/2026 20:15,14882,10.3,0.607,100,8320,98.21,10.9
4/28/2026 20:30,14899,10.3,0.607,100,8317,98.24,10.3
4/28/2026 20:45,14913,10.3,0.607,100,8313,98.26,9.9
4/28/2026 21:00,14929,10.3,0.607,100,8312,98.27,9.6
4/28/2026 21:15,14942,10.3,0.607,100,8310,98.29,9.4
4/28/2026 21:30,14955,10.3,0.607,100,8310,98.31,9.2
4/28/2026 21:45,14964,10.3,0.607,100,8307,98.32,9
4/28/2026 22:00,14961,10.3,0.607,100,8307,98.34,8.8
4/28/2026 22:15,14950,10.3,0.607,100,8305,98.34,8.6
4/28/2026 22:30,14937,10.3,0.607,100,8303,98.34,8.5
4/28/2026 22:45,14923,10.3,0.605,100,8304,98.34,8.3
4/28/2026 23:00,14914,10.3,0.605,100,8302,98.34,8.2
4/28/2026 23:15,14918,10.3,0.605,100,8300,98.34,8
4/28/2026 23:30,14928,10.3,0.605,100,8300,98.35,7.8
4/28/2026 23:45,14940,10.3,0.607,100,8300,98.34,7.6
4/29/2026 0:00,14952,10.3,0.607,100,8297,98.34,7.5
4/29/2026 0:15,14963,10.3,0.607,100,8271,98.34,7.6
4/29/2026 0:30,14974,10.3,0.607,100,8288,98.34,7.5
4/29/2026 0:45,14984,10.3,0.607,100,8284,98.34,7.3
4/29/2026 1:00,14993,10.3,0.605,100,8288,98.34,7.2
4/29/2026 1:15,15002,10.3,0.607,100,8283,98.34,7.1
4/29/2026 1:30,15012,10.3,0.607,100,8284,98.33,7
4/29/2026 1:45,15020,10.3,0.607,100,8283,98.32,6.9
4/29/2026 2:00,15029,10.3,0.607,100,8282,98.31,6.7
4/29/2026 2:15,15037,10.3,0.605,100,8282,98.31,6.6
4/29/2026 2:30,15047,10.3,0.607,100,8284,98.3,6.5
4/29/2026 2:45,15055,10.3,0.607,100,8281,98.3,6.3
4/29/2026 3:00,15063,10.3,0.607,100,8282,98.3,6.1
4/29/2026 3:15,15070,10.3,0.607,100,8278,98.29,5.8
4/29/2026 3:30,15079,10.3,0.605,100,8281,98.29,5.6
4/29/2026 3:45,15086,10.3,0.605,100,8279,98.3,5.3
4/29/2026 4:00,15093,10.3,0.605,100,8278,98.3,4.9
4/29/2026 4:15,15100,10.3,0.607,100,8275,98.3,4.5
4/29/2026 4:30,15107,10.3,0.607,100,8275,98.3,4.1
4/29/2026 4:45,15114,10.3,0.605,100,8273,98.31,3.8
4/29/2026 5:00,15122,10.3,0.605,100,8272,98.32,3.5
4/29/2026 5:15,15130,10.3,0.607,100,8275,98.32,3.2
4/29/2026 5:30,15130,10.3,0.607,100,8272,98.32,3
4/29/2026 5:45,15118,10.3,0.605,100,8274,98.32,2.7
4/29/2026 6:00,15102,10.3,0.605,100,8273,98.34,2.5
4/29/2026 6:15,15087,10.3,0.605,100,8271,98.34,2.3
4/29/2026 6:30,15082,10.3,0.605,100,8269,98.35,2.1
4/29/2026 6:45,15088,10.3,0.605,100,8269,98.35,2
4/29/2026 7:00,15097,10.3,0.607,100,8269,98.37,2
4/29/2026 7:15,15107,10.3,0.605,100,8274,98.39,2.4
4/29/2026 7:30,15116,10.3,0.605,100,8271,98.42,3.5
4/29/2026 7:45,15126,10.3,0.605,100,8270,98.42,3.6
4/29/2026 8:00,15135,10.3,0.605,100,8271,98.44,4.5
4/29/2026 8:15,15144,10.3,0.607,100,8271,98.47,6.4
4/29/2026 8:30,15152,10.3,0.607,100,8270,98.47,6.8
4/29/2026 8:45,15159,10.3,0.607,100,8270,98.5,10.5
4/29/2026 9:00,15162,10.3,0.607,100,8269,98.51,11.2
4/29/2026 9:15,15150,10.3,0.605,100,8269,98.51,11.2
4/29/2026 9:30,15133,10.3,0.605,100,8269,98.5,11.1
4/29/2026 9:45,15115,10.3,0.605,100,8269,98.5,11.2
4/29/2026 10:00,15097,10.3,0.605,100,8269,98.5,11.5
4/29/2026 10:15,15076,10.3,0.605,100,8270,98.5,11.9
4/29/2026 10:30,15054,10.3,0.605,100,8274,98.5,12.2
4/29/2026 10:45,15031,10.3,0.605,100,8279,98.5,13.4
4/29/2026 11:00,15012,10.3,0.605,100,8284,98.5,14
4/29/2026 11:15,15005,10.3,0.605,100,8290,98.5,14.4
4/29/2026 11:30,15006,10.3,0.605,100,8303,98.49,14.4
4/29/2026 11:45,15007,10.3,0.605,100,8315,98.48,14.8
4/29/2026 12:00,15009,10.3,0.605,100,8325,98.49,15.6
4/29/2026 12:15,15012,10.3,0.607,100,8339,98.48,16.2
4/29/2026 12:30,15013,10.3,0.607,100,8348,98.48,16.4
4/29/2026 12:45,15015,10.3,0.607,100,8359,98.47,16.4
4/29/2026 13:00,15016,10.3,0.607,100,8351,98.45,16.7
4/29/2026 13:15,15017,10.3,0.607,100,8357,98.44,15.9
4/29/2026 13:30,15017,10.3,0.607,100,8354,98.44,15.8
4/29/2026 13:45,15017,10.3,0.607,100,8366,98.43,15.8
4/29/2026 14:00,15012,10.3,0.607,100,8364,98.42,16.7
4/29/2026 14:15,14994,10.3,0.607,100,8367,98.41,16.7
4/29/2026 14:30,14972,10.3,0.607,100,8366,98.41,16.9
4/29/2026 14:45,14950,10.3,0.607,100,8362,98.4,16.4
4/29/2026 15:00,14928,10.3,0.607,100,8359,98.4,15.8
4/29/2026 15:15,14920,10.3,0.607,100,8368,98.38,15.7
4/29/2026 15:30,14920,10.3,0.607,100,8360,98.37,15.9
4/29/2026 15:45,14925,10.3,0.607,100,8355,98.35,15.3
4/29/2026 16:00,14930,10.3,0.607,100,8376,98.34,15.4
4/29/2026 16:15,14936,10.3,0.607,100,8385,98.32,18.3
4/29/2026 16:30,14941,10.3,0.607,100,8375,98.3,20
4/29/2026 16:45,14946,10.3,0.608,100,8369,98.29,18.6
4/29/2026 17:00,14944,10.3,0.607,100,8369,98.29,17.3
4/29/2026 17:15,14929,10.3,0.607,100,8364,98.29,16.9
4/29/2026 17:30,14909,10.3,0.607,100,8357,98.28,15.6
4/29/2026 17:45,14890,10.3,0.607,100,8361,98.28,14.6
4/29/2026 18:00,14873,10.3,0.607,100,8366,98.27,15.4
4/29/2026 18:15,14868,10.3,0.607,100,8359,98.26,15.9
4/29/2026 18:30,14870,10.3,0.607,100,8356,98.26,14.8
4/29/2026 18:45,14874,10.3,0.607,100,8351,98.26,13.8
4/29/2026 19:00,14881,10.3,0.607,100,8348,98.26,13.1
4/29/2026 19:15,14888,10.3,0.607,100,8342,98.25,12.8
4/29/2026 19:30,14893,10.3,0.607,100,8343,98.25,12.6
4/29/2026 19:45,14898,10.3,0.607,100,8339,98.25,12
4/29/2026 20:00,14901,10.3,0.607,100,8338,98.25,11.3
4/29/2026 20:15,14904,10.3,0.607,100,8338,98.25,10.8
4/29/2026 20:30,14907,10.3,0.607,100,8332,98.25,10.2
4/29/2026 20:45,14910,10.3,0.608,100,8330,98.25,9.8
4/29/2026 21:00,14907,10.3,0.608,100,8332,98.26,9.1
4/29/2026 21:15,14892,10.3,0.608,100,8330,98.27,8.5
4/29/2026 21:30,14869,10.3,0.607,100,8328,98.28,7.9
4/29/2026 21:45,14847,10.3,0.607,100,8326,98.29,7.5
4/29/2026 22:00,14825,10.3,0.607,100,8325,98.3,7
4/29/2026 22:15,14805,10.3,0.607,100,8322,98.3,6.6
4/29/2026 22:30,14786,10.3,0.607,100,8322,98.3,6.4
4/29/2026 22:45,14770,10.3,0.607,100,8319,98.3,6.3
4/29/2026 23:00,14765,10.3,0.607,100,8319,98.3,6.2
4/29/2026 23:15,14770,10.3,0.607,100,8317,98.3,6.1
4/29/2026 23:30,14778,10.3,0.607,100,8316,98.3,6
4/29/2026 23:45,14788,10.3,0.607,100,8318,98.29,5.8
4/30/2026 0:00,14797,10.3,0.607,100,8316,98.29,5.6
4/30/2026 0:15,14805,10.3,0.607,100,8284,98.3,5.5
4/30/2026 0:30,14813,10.3,0.608,100,8303,98.3,5.3
4/30/2026 0:45,14821,10.3,0.608,100,8303,98.29,5.1
4/30/2026 1:00,14826,10.3,0.607,100,8303,98.28,5
4/30/2026 1:15,14830,10.3,0.607,100,8300,98.29,4.7
4/30/2026 1:30,14831,10.3,0.607,100,8302,98.28,4.5
4/30/2026 1:45,14832,10.3,0.607,100,8301,98.27,4.1
4/30/2026 2:00,14832,10.3,0.607,100,8302,98.26,3.8
4/30/2026 2:15,14829,10.3,0.607,100,8300,98.26,3.7
4/30/2026 2:30,14827,10.3,0.607,100,8300,98.28,3.8
4/30/2026 2:45,14825,10.3,0.607,100,8298,98.28,3.9
4/30/2026 3:00,14822,10.3,0.607,100,8297,98.28,4.1
4/30/2026 3:15,14821,10.3,0.607,100,8298,98.28,4.3
4/30/2026 3:30,14818,10.3,0.607,100,8297,98.29,4.4
4/30/2026 3:45,14816,10.3,0.607,100,8297,98.29,4.5
4/30/2026 4:00,14814,10.3,0.607,100,8297,98.3,4.4
4/30/2026 4:15,14811,10.3,0.607,100,8295,98.3,4.1
4/30/2026 4:30,14811,10.3,0.607,100,8295,98.31,3.9
4/30/2026 4:45,14813,10.3,0.607,100,8294,98.3,3.8
4/30/2026 5:00,14816,10.3,0.607,100,8296,98.3,3.6
4/30/2026 5:15,14823,10.3,0.607,100,8296,98.31,3.5
4/30/2026 5:30,14835,10.3,0.607,100,8294,98.3,3.3
4/30/2026 5:45,14849,10.3,0.607,100,8294,98.29,3
4/30/2026 6:00,14863,10.3,0.607,100,8291,98.28,2.5
4/30/2026 6:15,14878,10.3,0.607,100,8292,98.29,2.2
4/30/2026 6:30,14893,10.3,0.607,100,8291,98.31,2.1
4/30/2026 6:45,14909,10.3,0.607,100,8290,98.31,2.1
4/30/2026 7:00,14926,10.3,0.607,100,8290,98.31,2
4/30/2026 7:15,14942,10.3,0.607,100,8288,98.33,2.3
4/30/2026 7:30,14956,10.3,0.607,100,8289,98.34,2.8
4/30/2026 7:45,14961,10.3,0.607,100,8291,98.36,3.2
4/30/2026 8:00,14952,10.3,0.605,100,8291,98.36,3.5
4/30/2026 8:15,14935,10.3,0.605,100,8291,98.37,4.8
4/30/2026 8:30,14914,10.3,0.605,100,8291,98.39,5.7
4/30/2026 8:45,14891,10.3,0.605,100,8289,98.41,8.6
4/30/2026 9:00,14869,10.3,0.605,100,8291,98.41,8.5
4/30/2026 9:15,14859,10.3,0.605,100,8289,98.41,9
4/30/2026 9:30,14854,10.3,0.605,100,8291,98.42,9.2
4/30/2026 9:45,14853,10.3,0.605,100,8289,98.42,9
4/30/2026 10:00,14853,10.3,0.605,100,8291,98.42,9.5
4/30/2026 10:15,14852,10.3,0.605,100,8293,98.41,9.8
4/30/2026 10:30,14852,10.3,0.607,100,8297,98.41,10
4/30/2026 10:45,14846,10.3,0.607,100,8296,98.41,10.6
4/30/2026 11:00,14827,10.3,0.607,100,8303,98.4,10.1
4/30/2026 11:15,14805,10.3,0.605,100,8311,98.4,11.2
4/30/2026 11:30,14781,10.3,0.605,100,8322,98.41,12.4
4/30/2026 11:45,14757,10.3,0.605,100,8335,98.42,12.9
4/30/2026 12:00,14735,10.3,0.605,100,8334,98.41,12.9
4/30/2026 12:15,14713,10.3,0.605,100,8345,98.41,12.3
4/30/2026 12:30,14694,10.3,0.605,100,8350,98.4,12.7
4/30/2026 12:45,14677,10.3,0.605,100,8364,98.39,12.4
4/30/2026 13:00,14661,10.3,0.605,100,8380,98.39,13.5
4/30/2026 13:15,14645,10.3,0.604,100,8379,98.39,14.8
4/30/2026 13:30,14635,10.3,0.605,100,8380,98.38,14.8
4/30/2026 13:45,14638,10.3,0.605,100,8384,98.37,14.2
4/30/2026 14:00,14647,10.3,0.605,100,8391,98.37,13.9
4/30/2026 14:15,14658,10.3,0.607,100,8392,98.36,14.5
4/30/2026 14:30,14669,10.3,0.607,100,8387,98.34,14.6
4/30/2026 14:45,14679,10.3,0.605,100,8395,98.33,14.6
4/30/2026 15:00,14688,10.3,0.607,100,8392,98.33,15.2
4/30/2026 15:15,14698,10.3,0.607,100,8389,98.32,14.7
4/30/2026 15:30,14707,10.3,0.607,100,8407,98.31,14
4/30/2026 15:45,14714,10.3,0.607,100,8396,98.3,15.9
4/30/2026 16:00,14721,10.3,0.607,100,8406,98.29,17.5
4/30/2026 16:15,14728,10.3,0.607,100,8396,98.28,18.8
4/30/2026 16:30,14735,10.3,0.607,100,8395,98.26,20.3
4/30/2026 16:45,14740,10.3,0.607,100,8391,98.26,17.8
4/30/2026 17:00,14745,10.3,0.607,100,8392,98.25,17.5
4/30/2026 17:15,14748,10.3,0.607,100,8382,98.25,17.2
4/30/2026 17:30,14752,10.3,0.607,100,8382,98.24,15.3
4/30/2026 17:45,14756,10.3,0.607,100,8400,98.23,15.8
4/30/2026 18:00,14755,10.3,0.607,100,8400,98.23,18.1
4/30/2026 18:15,14741,10.3,0.607,100,8386,98.22,18.1
4/30/2026 18:30,14721,10.3,0.607,100,8378,98.22,15.9
4/30/2026 18:45,14701,10.3,0.605,100,8373,98.22,14.2
4/30/2026 19:00,14681,10.3,0.605,100,8371,98.21,13.1
4/30/2026 19:15,14671,10.3,0.605,100,8366,98.21,12.1
4/30/2026 19:30,14672,10.3,0.605,100,8363,98.21,11.3
4/30/2026 19:45,14677,10.3,0.605,100,8359,98.21,10.8
4/30/2026 20:00,14683,10.3,0.607,100,8357,98.21,10.2
4/30/2026 20:15,14687,10.3,0.607,100,8358,98.21,9.6
4/30/2026 20:30,14693,10.3,0.607,100,8351,98.22,9.1
4/30/2026 20:45,14698,10.3,0.607,100,8349,98.22,8.5
4/30/2026 21:00,14702,10.3,0.607,100,8349,98.23,7.8
4/30/2026 21:15,14706,10.3,0.607,100,8348,98.23,7.2
4/30/2026 21:30,14710,10.3,0.607,100,8346,98.23,6.9
4/30/2026 21:45,14711,10.3,0.607,100,8345,98.23,6.5
4/30/2026 22:00,14699,10.3,0.607,100,8343,98.24,6.1
4/30/2026 22:15,14679,10.3,0.607,100,8342,98.24,6
4/30/2026 22:30,14658,10.3,0.607,100,8341,98.24,5.8
4/30/2026 22:45,14633,10.3,0.605,100,8340,98.24,5.9
4/30/2026 23:00,14615,10.3,0.605,100,8338,98.24,6.1
4/30/2026 23:15,14608,10.3,0.607,100,8338,98.23,6.1
4/30/2026 23:30,14603,10.3,0.605,100,8335,98.23,6
4/30/2026 23:45,14599,10.3,0.607,100,8337,98.22,6
5/1/2026 0:00,14597,10.3,0.607,100,8332,98.22,5.9
5/1/2026 0:15,14598,10.3,0.607,100,8300,98.23,6
5/1/2026 0:30,14602,10.3,0.608,100,8322,98.24,6.1
5/1/2026 0:45,14610,10.3,0.607,100,8322,98.25,6
5/1/2026 1:00,14624,10.3,0.607,100,8324,98.25,6
5/1/2026 1:15,14641,10.3,0.607,100,8322,98.25,6
5/1/2026 1:30,14662,10.3,0.607,100,8323,98.24,6
5/1/2026 1:45,14681,10.3,0.607,100,8320,98.24,6.1
5/1/2026 2:00,14700,10.3,0.607,100,8322,98.24,6.1
5/1/2026 2:15,14721,10.3,0.607,100,8319,98.23,6.1
5/1/2026 2:30,14741,10.3,0.607,100,8317,98.23,6.1
5/1/2026 2:45,14760,10.3,0.607,100,8319,98.23,6
5/1/2026 3:00,14778,10.3,0.607,100,8316,98.22,5.9
5/1/2026 3:15,14795,10.3,0.607,100,8315,98.23,5.8
5/1/2026 3:30,14810,10.3,0.607,100,8315,98.23,5.8
5/1/2026 3:45,14824,10.3,0.607,100,8314,98.24,5.7
5/1/2026 4:00,14838,10.3,0.605,100,8314,98.24,5.5
5/1/2026 4:15,14850,10.3,0.607,100,8313,98.25,5.2
5/1/2026 4:30,14862,10.3,0.607,100,8313,98.25,4.8
5/1/2026 4:45,14873,10.3,0.607,100,8311,98.25,4.2
5/1/2026 5:00,14883,10.3,0.607,100,8315,98.26,3.6
5/1/2026 5:15,14892,10.3,0.607,100,8310,98.25,3
5/1/2026 5:30,14901,10.3,0.607,100,8309,98.25,2.5
5/1/2026 5:45,14909,10.3,0.607,100,8308,98.26,2
5/1/2026 6:00,14909,10.3,0.607,100,8307,98.26,1.7
5/1/2026 6:15,14896,10.3,0.607,100,8307,98.27,1.4
5/1/2026 6:30,14880,10.3,0.607,100,8308,98.29,1.3
5/1/2026 6:45,14862,10.3,0.605,100,8307,98.3,1.4
5/1/2026 7:00,14846,10.3,0.605,100,8307,98.31,1.7
5/1/2026 7:15,14830,10.3,0.605,100,8305,98.34,2.1
5/1/2026 7:30,14815,10.3,0.605,100,8303,98.36,2.7
5/1/2026 7:45,14804,10.3,0.605,100,8305,98.38,3.1
5/1/2026 8:00,14806,10.3,0.605,100,8308,98.4,3.7
5/1/2026 8:15,14816,10.3,0.605,100,8307,98.41,5
5/1/2026 8:30,14827,10.3,0.607,100,8308,98.44,7.2
5/1/2026 8:45,14839,10.3,0.605,100,8310,98.47,10.8
5/1/2026 9:00,14849,10.3,0.605,100,8310,98.48,10.6
5/1/2026 9:15,14859,10.3,0.605,100,8310,98.49,10.9
5/1/2026 9:30,14868,10.3,0.605,100,8310,98.5,10.5
5/1/2026 9:45,14878,10.3,0.607,100,8310,98.49,10.4
5/1/2026 10:00,14886,10.3,0.607,100,8312,98.49,10.6
5/1/2026 10:15,14893,10.3,0.607,100,8311,98.49,11.1
5/1/2026 10:30,14900,10.3,0.607,100,8312,98.5,11.5
5/1/2026 10:45,14907,10.3,0.605,100,8319,98.51,12.3
5/1/2026 11:00,14913,10.3,0.607,100,8323,98.51,13.4
5/1/2026 11:15,14919,10.3,0.605,100,8333,98.5,14.2
5/1/2026 11:30,14922,10.3,0.607,100,8340,98.5,14.3
5/1/2026 11:45,14913,10.3,0.607,100,8357,98.5,14
5/1/2026 12:00,14897,10.3,0.607,100,8367,98.5,15.7
5/1/2026 12:15,14879,10.3,0.605,100,8377,98.5,16.1
5/1/2026 12:30,14862,10.3,0.605,100,8379,98.5,16.1
5/1/2026 12:45,14847,10.3,0.605,100,8389,98.5,15.2
5/1/2026 13:00,14845,10.3,0.605,100,8402,98.5,15.8
5/1/2026 13:15,14852,10.3,0.605,100,8392,98.49,16.4
5/1/2026 13:30,14863,10.3,0.605,100,8389,98.49,15.8
5/1/2026 13:45,14873,10.3,0.605,100,8401,98.48,15.2
5/1/2026 14:00,14884,10.3,0.605,100,8395,98.48,16.4
5/1/2026 14:15,14894,10.3,0.605,100,8395,98.48,16.8
5/1/2026 14:30,14905,10.3,0.607,100,8401,98.47,16.7
5/1/2026 14:45,14915,10.3,0.607,100,8393,98.47,16.2
5/1/2026 15:00,14923,10.3,0.605,100,8393,98.48,15.6
5/1/2026 15:15,14931,10.3,0.605,100,8399,98.48,16.3
5/1/2026 15:30,14939,10.3,0.605,100,8396,98.47,17.2
5/1/2026 15:45,14938,10.3,0.605,100,8405,98.46,17.6
5/1/2026 16:00,14925,10.3,0.605,100,8396,98.46,17.7
5/1/2026 16:15,14910,10.3,0.605,100,8409,98.45,19.1
5/1/2026 16:30,14895,10.3,0.605,100,8405,98.43,21.8
5/1/2026 16:45,14881,10.3,0.605,100,8384,98.43,21.2
5/1/2026 17:00,14878,10.3,0.605,100,8384,98.44,19.4
5/1/2026 17:15,14884,10.3,0.605,100,8379,98.45,17.7
5/1/2026 17:30,14893,10.3,0.605,100,8377,98.45,16
5/1/2026 17:45,14903,10.3,0.605,100,8388,98.44,15.6
5/1/2026 18:00,14914,10.3,0.605,100,8400,98.44,17.2
5/1/2026 18:15,14924,10.3,0.605,100,8386,98.44,18.4
5/1/2026 18:30,14933,10.3,0.605,100,8377,98.45,16.3
5/1/2026 18:45,14941,10.3,0.605,100,8372,98.44,14.2
5/1/2026 19:00,14949,10.3,0.605,100,8367,98.44,13
5/1/2026 19:15,14956,10.3,0.605,100,8364,98.44,12.2
5/1/2026 19:30,14961,10.3,0.605,100,8360,98.44,11.8
5/1/2026 19:45,14954,10.3,0.605,100,8357,98.44,11.4
5/1/2026 20:00,14937,10.3,0.605,100,8356,98.45,11
5/1/2026 20:15,14919,10.3,0.605,100,8354,98.45,10.7
5/1/2026 20:30,14900,10.3,0.605,100,8351,98.46,10.4
5/1/2026 20:45,14882,10.3,0.605,100,8352,98.46,10
5/1/2026 21:00,14865,10.3,0.604,100,8348,98.47,9.4
5/1/2026 21:15,14848,10.3,0.604,100,8348,98.48,8.6
5/1/2026 21:30,14832,10.3,0.604,100,8348,98.48,7.9
5/1/2026 21:45,14828,10.3,0.605,100,8342,98.48,7.2
5/1/2026 22:00,14834,10.3,0.605,100,8340,98.48,6.6
5/1/2026 22:15,14844,10.3,0.605,100,8339,98.48,6
5/1/2026 22:30,14856,10.3,0.605,100,8338,98.48,5.6
5/1/2026 22:45,14868,10.3,0.605,100,8338,98.48,5.2
5/1/2026 23:00,14870,10.3,0.605,100,8335,98.48,4.9
5/1/2026 23:15,14860,10.3,0.605,100,8333,98.47,4.6
5/1/2026 23:30,14846,10.3,0.605,100,8332,98.46,4.3
5/1/2026 23:45,14828,10.3,0.605,100,8333,98.45,4.1
5/2/2026 0:00,14807,10.3,0.605,100,8331,98.46,3.9
5/2/2026 0:15,14788,10.3,0.605,100,8329,98.46,3.6
5/2/2026 0:30,14781,10.3,0.605,100,8326,98.47,3.4
5/2/2026 0:45,14779,10.3,0.605,100,8329,98.46,3.2
5/2/2026 1:00,14780,10.3,0.605,100,8327,98.47,2.9
5/2/2026 1:15,14783,10.3,0.607,100,8326,98.46,2.7
5/2/2026 1:30,14786,10.3,0.607,100,8326,98.46,2.6
5/2/2026 1:45,14790,10.3,0.607,100,8325,98.45,2.4
5/2/2026 2:00,14795,10.3,0.605,100,8325,98.44,2.3
5/2/2026 2:15,14801,10.3,0.607,100,8321,98.44,2.2
5/2/2026 2:30,14807,10.3,0.607,100,8324,98.42,2.1
5/2/2026 2:45,14813,10.3,0.605,100,8321,98.41,2
5/2/2026 3:00,14818,10.3,0.607,100,8322,98.41,1.9
5/2/2026 3:15,14824,10.3,0.607,100,8322,98.41,1.8
5/2/2026 3:30,14828,10.3,0.607,100,8318,98.41,1.8
5/2/2026 3:45,14833,10.3,0.607,100,8319,98.42,1.7
5/2/2026 4:00,14837,10.3,0.605,100,8318,98.42,1.6
5/2/2026 4:15,14842,10.3,0.605,100,8317,98.42,1.6
5/2/2026 4:30,14846,10.3,0.605,100,8318,98.42,1.5
5/2/2026 4:45,14850,10.3,0.605,100,8316,98.41,1.3
5/2/2026 5:00,14855,10.3,0.605,100,8316,98.41,1.2
5/2/2026 5:15,14858,10.3,0.607,100,8315,98.41,1.2
5/2/2026 5:30,14861,10.3,0.605,100,8316,98.41,1.1
5/2/2026 5:45,14864,10.3,0.605,100,8313,98.41,1.1
5/2/2026 6:00,14867,10.3,0.605,100,8313,98.41,1.1
5/2/2026 6:15,14870,10.3,0.605,100,8314,98.4,1.1
5/2/2026 6:30,14872,10.3,0.605,100,8314,98.4,1.2
5/2/2026 6:45,14874,10.3,0.605,100,8313,98.42,1.3
5/2/2026 7:00,14875,10.3,0.607,100,8310,98.43,1.7
5/2/2026 7:15,14868,10.3,0.607,100,8312,98.44,2.2
5/2/2026 7:30,14851,10.3,0.605,100,8313,98.45,2.7
5/2/2026 7:45,14831,10.3,0.605,100,8312,98.46,3.4
5/2/2026 8:00,14809,10.3,0.605,100,8314,98.48,5.4
5/2/2026 8:15,14788,10.3,0.605,100,8313,98.49,6.4
5/2/2026 8:30,14769,10.3,0.605,100,8315,98.51,8.8
5/2/2026 8:45,14750,10.3,0.605,100,8317,98.54,11.9
5/2/2026 9:00,14735,10.3,0.605,100,8313,98.53,12
5/2/2026 9:15,14720,10.3,0.605,100,8313,98.53,13.4
5/2/2026 9:30,14710,10.3,0.605,100,8314,98.52,14
5/2/2026 9:45,14714,10.3,0.605,100,8313,98.51,13.7
5/2/2026 10:00,14723,10.3,0.605,100,8316,98.5,14.8
5/2/2026 10:15,14733,10.3,0.605,100,8319,98.49,14.9
5/2/2026 10:30,14745,10.3,0.605,100,8318,98.49,15.2
5/2/2026 10:45,14756,10.3,0.605,100,8321,98.49,16.5
5/2/2026 11:00,14767,10.3,0.607,100,8326,98.47,17.4
5/2/2026 11:15,14776,10.3,0.605,100,8334,98.46,17.8
5/2/2026 11:30,14785,10.3,0.605,100,8341,98.44,18
5/2/2026 11:45,14794,10.3,0.605,100,8352,98.42,18.2
5/2/2026 12:00,14802,10.3,0.605,100,8358,98.41,18.4
5/2/2026 12:15,14808,10.3,0.605,100,8368,98.39,19.1
5/2/2026 12:30,14815,10.3,0.605,100,8378,98.37,19.5
5/2/2026 12:45,14821,10.3,0.607,100,8387,98.35,19.8
5/2/2026 13:00,14828,10.3,0.607,100,8391,98.32,20.2
5/2/2026 13:15,14835,10.3,0.607,100,8389,98.29,20.7
5/2/2026 13:30,14841,10.3,0.607,100,8389,98.27,20.6
5/2/2026 13:45,14847,10.3,0.605,100,8393,98.25,20.5
5/2/2026 14:00,14852,10.3,0.605,100,8397,98.22,21.2
5/2/2026 14:15,14858,10.3,0.605,100,8393,98.19,21.6
5/2/2026 14:30,14863,10.3,0.605,100,8393,98.17,21.4
5/2/2026 14:45,14867,10.3,0.607,100,8395,98.14,21.4
5/2/2026 15:00,14859,10.3,0.607,100,8395,98.1,22.1
5/2/2026 15:15,14845,10.3,0.605,100,8394,98.08,22.6
5/2/2026 15:30,14828,10.3,0.605,100,8395,98.05,23.8
5/2/2026 15:45,14812,10.3,0.605,100,8398,98.02,25.5
5/2/2026 16:00,14799,10.3,0.605,100,8397,97.99,26.9
5/2/2026 16:15,14796,10.3,0.605,100,8394,97.96,27.4
5/2/2026 16:30,14801,10.3,0.605,100,8392,97.94,28
5/2/2026 16:45,14808,10.3,0.605,100,8387,97.91,28.3
5/2/2026 17:00,14812,10.3,0.605,100,8380,97.89,28.3
5/2/2026 17:15,14813,10.3,0.605,100,8373,97.88,28.6
5/2/2026 17:30,14813,10.3,0.605,100,8359,97.87,27.1
5/2/2026 17:45,14812,10.3,0.607,100,8348,97.86,24.7
5/2/2026 18:00,14811,10.3,0.607,100,8342,97.84,23.4
5/2/2026 18:15,14811,10.3,0.607,100,8335,97.83,22.1
5/2/2026 18:30,14814,10.3,0.607,100,8330,97.81,20.9
5/2/2026 18:45,14815,10.3,0.607,100,8325,97.8,20.1
5/2/2026 19:00,14805,10.3,0.605,100,8319,97.79,19.5
5/2/2026 19:15,14791,10.3,0.607,100,8316,97.78,19
5/2/2026 19:30,14773,10.3,0.605,100,8313,97.81,18.6
5/2/2026 19:45,14757,10.3,0.605,100,8310,97.81,18.1
5/2/2026 20:00,14746,10.3,0.607,100,8308,97.81,17.7
5/2/2026 20:15,14750,10.3,0.605,100,8306,97.81,17.3
5/2/2026 20:30,14757,10.3,0.605,100,8304,97.8,17
5/2/2026 20:45,14767,10.3,0.605,100,8300,97.8,16.7
5/2/2026 21:00,14776,10.3,0.607,100,8298,97.81,16.6
5/2/2026 21:15,14787,10.3,0.607,100,8294,97.79,16.4
5/2/2026 21:30,14797,10.3,0.607,100,8296,97.78,16.2
5/2/2026 21:45,14806,10.3,0.607,100,8294,97.78,16.1
5/2/2026 22:00,14816,10.3,0.605,100,8290,97.75,15.8
5/2/2026 22:15,14824,10.3,0.605,100,8289,97.73,15.4
5/2/2026 22:30,14833,10.3,0.605,100,8287,97.69,15.2
5/2/2026 22:45,14840,10.3,0.607,100,8287,97.65,14.6
5/2/2026 23:00,14848,10.3,0.607,100,8284,97.62,14
5/2/2026 23:15,14853,10.3,0.607,100,8281,97.61,13.7
5/2/2026 23:30,14859,10.3,0.607,100,8280,97.59,13.3
5/2/2026 23:45,14864,10.3,0.605,100,8279,97.56,13.1
5/3/2026 0:00,14855,10.3,0.605,100,8278,97.53,13
5/3/2026 0:15,14841,10.3,0.605,100,8275,97.51,13
5/3/2026 0:30,14824,10.3,0.605,100,8275,97.5,13
5/3/2026 0:45,14806,10.3,0.605,100,8275,97.52,13
5/3/2026 1:00,14791,10.3,0.605,100,8272,97.52,13.1
5/3/2026 1:15,14777,10.3,0.605,100,8274,97.53,13.4
5/3/2026 1:30,14768,10.3,0.605,100,8272,97.51,13.7
5/3/2026 1:45,14762,10.3,0.605,100,8270,97.51,13.9
5/3/2026 2:00,14774,10.3,0.605,100,8267,97.45,13.4
5/3/2026 2:15,14792,10.3,0.605,100,8268,97.39,12.6
5/3/2026 2:30,14812,10.3,0.605,100,8267,97.36,12.6
5/3/2026 2:45,14832,10.3,0.605,100,8265,97.33,12.8
5/3/2026 3:00,14852,10.3,0.605,100,8265,97.3,12.9
5/3/2026 3:15,14871,10.3,0.605,100,8265,97.26,12.9
5/3/2026 3:30,14888,10.3,0.605,100,8264,97.24,12.8
5/3/2026 3:45,14904,10.3,0.605,100,8264,97.23,12.6
5/3/2026 4:00,14918,10.3,0.605,100,8262,97.21,12.3
5/3/2026 4:15,14932,10.3,0.605,100,8260,97.21,12.3
5/3/2026 4:30,14946,10.3,0.605,100,8261,97.19,12.4
5/3/2026 4:45,14958,10.3,0.605,100,8260,97.18,12.4
5/3/2026 5:00,14969,10.3,0.605,100,8259,97.18,12.5
5/3/2026 5:15,14981,10.3,0.605,100,8258,97.17,12.4
5/3/2026 5:30,14991,10.3,0.605,100,8259,97.15,12.2
5/3/2026 5:45,15002,10.3,0.605,100,8256,97.14,11.9
5/3/2026 6:00,15012,10.3,0.605,100,8257,97.13,11.7
5/3/2026 6:15,15023,10.3,0.605,100,8254,97.13,11.6
5/3/2026 6:30,15032,10.3,0.605,100,8253,97.13,11.4
5/3/2026 6:45,15042,10.3,0.605,100,8251,97.13,11.4
5/3/2026 7:00,15052,10.3,0.605,100,8251,97.13,11.3
5/3/2026 7:15,15060,10.3,0.605,100,8252,97.16,11.3
5/3/2026 7:30,15069,10.3,0.605,100,8252,97.16,11.4
5/3/2026 7:45,15077,10.3,0.605,100,8252,97.19,11.7
5/3/2026 8:00,15084,10.3,0.605,100,8249,97.22,13.1
5/3/2026 8:15,15092,10.3,0.605,100,8253,97.24,13.5
5/3/2026 8:30,15100,10.3,0.605,100,8250,97.25,15.7
5/3/2026 8:45,15106,10.3,0.605,100,8250,97.27,17.8
5/3/2026 9:00,15113,10.3,0.607,100,8250,97.28,17.6
5/3/2026 9:15,15118,10.3,0.605,100,8253,97.28,18.2
5/3/2026 9:30,15124,10.3,0.605,100,8248,97.29,18.8
5/3/2026 9:45,15129,10.3,0.605,100,8247,97.29,17.9
5/3/2026 10:00,15133,10.3,0.605,100,8245,97.3,18.4
5/3/2026 10:15,15135,10.3,0.605,100,8244,97.31,18.8
5/3/2026 10:30,15135,10.3,0.605,100,8245,97.31,19.3
5/3/2026 10:45,15131,10.3,0.605,100,8247,97.32,20.4
5/3/2026 11:00,15124,10.3,0.605,100,8253,97.33,21.4
5/3/2026 11:15,15116,10.3,0.605,100,8261,97.33,22.5
5/3/2026 11:30,15108,10.3,0.605,100,8268,97.33,22.9
5/3/2026 11:45,15098,10.3,0.605,100,8279,97.33,23.3
5/3/2026 12:00,15089,10.3,0.605,100,8288,97.33,23.8
5/3/2026 12:15,15071,10.3,0.607,100,8298,97.34,24.2
5/3/2026 12:30,15048,10.3,0.605,100,8307,97.33,24.5
5/3/2026 12:45,15025,10.3,0.605,100,8316,97.32,24.9
5/3/2026 13:00,15003,10.3,0.605,100,8326,97.32,25.4
5/3/2026 13:15,14986,10.3,0.605,100,8330,97.32,25.6
5/3/2026 13:30,14985,10.3,0.604,100,8330,97.3,25.5
5/3/2026 13:45,14991,10.3,0.605,100,8334,97.3,25.5
5/3/2026 14:00,14999,10.3,0.605,100,8338,97.29,26.2
5/3/2026 14:15,15007,10.3,0.605,100,8337,97.28,26.4
5/3/2026 14:30,15017,10.3,0.605,100,8337,97.28,25.8
5/3/2026 14:45,15025,10.3,0.605,100,8335,97.28,25.8
5/3/2026 15:00,15033,10.3,0.605,100,8335,97.28,26.2
5/3/2026 15:15,15042,10.3,0.607,100,8343,97.27,26.5
5/3/2026 15:30,15049,10.3,0.605,100,8352,97.25,27.6
5/3/2026 15:45,15056,10.3,0.605,100,8354,97.23,29.7
5/3/2026 16:00,15063,10.3,0.605,100,8356,97.21,31
5/3/2026 16:15,15069,10.3,0.605,100,8354,97.2,32
5/3/2026 16:30,15075,10.3,0.605,100,8351,97.19,32.6
5/3/2026 16:45,15080,10.3,0.605,100,8345,97.18,33.2
5/3/2026 17:00,15078,10.3,0.605,100,8336,97.18,32.8
5/3/2026 17:15,15063,10.3,0.605,100,8332,97.18,32.9
5/3/2026 17:30,15045,10.3,0.605,100,8328,97.18,32.9
5/3/2026 17:45,15026,10.3,0.605,100,8323,97.19,32.1
5/3/2026 18:00,15011,10.3,0.605,100,8316,97.18,31.7
5/3/2026 18:15,15010,10.3,0.605,100,8305,97.17,30.7
5/3/2026 18:30,15016,10.3,0.605,100,8293,97.17,27.6
5/3/2026 18:45,15023,10.3,0.605,100,8283,97.16,25.2
5/3/2026 19:00,15031,10.3,0.605,100,8275,97.15,23.6
5/3/2026 19:15,15039,10.3,0.605,100,8271,97.14,22.4
5/3/2026 19:30,15047,10.3,0.605,100,8267,97.15,21.3
5/3/2026 19:45,15055,10.3,0.605,100,8264,97.14,20.6
5/3/2026 20:00,15061,10.3,0.605,100,8262,97.14,19.9
5/3/2026 20:15,15067,10.3,0.605,100,8260,97.14,19.2
5/3/2026 20:30,15071,10.3,0.605,100,8255,97.14,18.3
5/3/2026 20:45,15069,10.3,0.605,100,8253,97.14,17.4
5/3/2026 21:00,15054,10.3,0.605,100,8253,97.14,16.5
5/3/2026 21:15,15035,10.3,0.605,100,8251,97.13,15.6
5/3/2026 21:30,15015,10.3,0.604,100,8246,97.12,14.8
5/3/2026 21:45,14996,10.3,0.605,100,8246,97.12,14
5/3/2026 22:00,14978,10.3,0.605,100,8243,97.11,13.4
5/3/2026 22:15,14961,10.3,0.605,100,8243,97.1,12.8
5/3/2026 22:30,14945,10.3,0.605,100,8240,97.09,12.2
5/3/2026 22:45,14932,10.3,0.604,100,8238,97.06,11.8
5/3/2026 23:00,14921,10.3,0.604,100,8238,97.04,11.3
5/3/2026 23:15,14923,10.3,0.605,100,8237,97.01,10.9
5/3/2026 23:30,14932,10.3,0.605,100,8237,96.99,10.6
5/3/2026 23:45,14945,10.3,0.605,100,8236,96.97,10.3
5/4/2026 0:00,14958,10.3,0.605,100,8235,96.94,10.1
5/4/2026 0:15,14971,10.3,0.605,100,8209,96.91,9.9
5/4/2026 0:30,14984,10.3,0.604,100,8224,96.88,9.6
5/4/2026 0:45,14995,10.3,0.605,100,8224,96.86,9.3
5/4/2026 1:00,15005,10.3,0.605,100,8225,96.84,9.1
5/4/2026 1:15,15016,10.3,0.605,100,8221,96.81,9
5/4/2026 1:30,15025,10.3,0.605,100,8224,96.79,8.9
5/4/2026 1:45,15036,10.3,0.605,100,8221,96.76,9.1
5/4/2026 2:00,15045,10.3,0.605,100,8221,96.74,9.4
5/4/2026 2:15,15053,10.3,0.605,100,8219,96.72,9.8
5/4/2026 2:30,15063,10.3,0.605,100,8218,96.69,10
5/4/2026 2:45,15072,10.3,0.605,100,8219,96.65,10.3
5/4/2026 3:00,15081,10.3,0.605,100,8219,96.63,10.6
5/4/2026 3:15,15090,10.3,0.605,100,8218,96.61,11
5/4/2026 3:30,15098,10.3,0.605,100,8220,96.6,11.2
5/4/2026 3:45,15106,10.3,0.605,100,8219,96.59,11.3
5/4/2026 4:00,15115,10.3,0.605,100,8218,96.56,11.3
5/4/2026 4:15,15122,10.3,0.605,100,8219,96.54,11.3
5/4/2026 4:30,15130,10.3,0.605,100,8218,96.51,11.5
5/4/2026 4:45,15138,10.3,0.605,100,8217,96.48,11.6
5/4/2026 5:00,15144,10.3,0.605,100,8215,96.48,11.8
5/4/2026 5:15,15151,10.3,0.605,100,8216,96.46,11.7
5/4/2026 5:30,15150,10.3,0.605,100,8215,96.42,11.7
5/4/2026 5:45,15137,10.3,0.605,100,8215,96.4,11.7
5/4/2026 6:00,15120,10.3,0.605,100,8212,96.39,11.8
5/4/2026 6:15,15106,10.3,0.605,100,8215,96.36,11.7
5/4/2026 6:30,15102,10.3,0.605,100,8214,96.36,11.9
5/4/2026 6:45,15106,10.3,0.605,100,8214,96.38,12.1
5/4/2026 7:00,15114,10.3,0.605,100,8212,96.37,12.3
5/4/2026 7:15,15122,10.3,0.605,100,8212,96.38,12.9
5/4/2026 7:30,15129,10.3,0.605,100,8212,96.43,13.7
5/4/2026 7:45,15134,10.3,0.605,100,8212,96.46,14.4
5/4/2026 8:00,15141,10.3,0.605,100,8211,96.48,15.1
5/4/2026 8:15,15146,10.3,0.605,100,8210,96.49,15.8
5/4/2026 8:30,15148,10.3,0.605,100,8212,96.49,17
5/4/2026 8:45,15149,10.3,0.605,100,8212,96.48,17.5
5/4/2026 9:00,15145,10.3,0.605,100,8212,96.5,18.2
5/4/2026 9:15,15139,10.3,0.605,100,8211,96.52,18.8
5/4/2026 9:30,15132,10.3,0.605,100,8213,96.53,18.8
5/4/2026 9:45,15126,10.3,0.605,100,8213,96.55,18.7
5/4/2026 10:00,15122,10.3,0.607,100,8214,96.55,18.5
5/4/2026 10:15,15118,10.3,0.605,100,8218,96.55,18.8
5/4/2026 10:30,15106,10.3,0.605,100,8219,96.57,19.1
5/4/2026 10:45,15087,10.3,0.605,100,8221,96.59,19.2
5/4/2026 11:00,15066,10.3,0.605,100,8224,96.59,19.1
5/4/2026 11:15,15047,10.3,0.605,100,8231,96.59,19.8
5/4/2026 11:30,15030,10.3,0.605,100,8235,96.59,20.3
5/4/2026 11:45,15014,10.3,0.605,100,8243,96.59,21.3
5/4/2026 12:00,14998,10.3,0.605,100,8253,96.6,21.4
5/4/2026 12:15,14986,10.3,0.605,100,8260,96.6,21.9
5/4/2026 12:30,14975,10.3,0.605,100,8268,96.6,21.7
5/4/2026 12:45,14964,10.3,0.605,100,8278,96.6,21.7
5/4/2026 13:00,14957,10.3,0.604,100,8286,96.61,22
5/4/2026 13:15,14962,10.3,0.604,100,8292,96.63,22.5
5/4/2026 13:30,14975,10.3,0.605,100,8294,96.66,22.3
5/4/2026 13:45,14990,10.3,0.605,100,8303,96.68,22.2
5/4/2026 14:00,15004,10.3,0.605,100,8299,96.7,22.2
5/4/2026 14:15,15018,10.3,0.605,100,8300,96.73,21.2
5/4/2026 14:30,15032,10.3,0.605,100,8297,96.76,20.1
5/4/2026 14:45,15043,10.3,0.605,100,8294,96.79,18.9
5/4/2026 15:00,15057,10.3,0.605,100,8299,96.78,18.3
5/4/2026 15:15,15069,10.3,0.605,100,8305,96.77,19.1
5/4/2026 15:30,15080,10.3,0.605,100,8316,96.79,20
5/4/2026 15:45,15091,10.3,0.605,100,8319,96.79,20.8
5/4/2026 16:00,15100,10.3,0.605,100,8332,96.8,20.7
5/4/2026 16:15,15108,10.3,0.605,100,8345,96.79,21.9
5/4/2026 16:30,15118,10.3,0.605,100,8354,96.8,23.1
5/4/2026 16:45,15125,10.3,0.605,100,8360,96.81,23.7
5/4/2026 17:00,15126,10.3,0.605,100,8365,96.83,23.8
5/4/2026 17:15,15115,10.3,0.605,100,8368,96.86,23.8
5/4/2026 17:30,15098,10.3,0.605,100,8371,96.89,23.5
5/4/2026 17:45,15080,10.3,0.604,100,8373,96.92,22.8
5/4/2026 18:00,15066,10.3,0.604,100,8367,96.95,22.2
5/4/2026 18:15,15065,10.3,0.604,100,8333,96.98,20.7
5/4/2026 18:30,15072,10.3,0.605,100,8350,97.01,18.3
5/4/2026 18:45,15081,10.3,0.605,100,8345,97.03,16.5
5/4/2026 19:00,15091,10.3,0.605,100,8341,97.05,15.2
5/4/2026 19:15,15101,10.3,0.605,100,8338,97.06,14.3
5/4/2026 19:30,15111,10.3,0.605,100,8334,97.08,13.5
5/4/2026 19:45,15120,10.3,0.605,100,8330,97.09,12.7
5/4/2026 20:00,15127,10.3,0.605,100,8330,97.1,12.2
5/4/2026 20:15,15126,10.3,0.605,100,8327,97.13,11.6
5/4/2026 20:30,15112,10.3,0.605,100,8324,97.16,11.1
5/4/2026 20:45,15095,10.3,0.605,100,8323,97.19,10.5
5/4/2026 21:00,15077,10.3,0.605,100,8322,97.23,9.9
5/4/2026 21:15,15060,10.3,0.605,100,8319,97.26,9.4
5/4/2026 21:30,15055,10.3,0.605,100,8316,97.28,8.9
5/4/2026 21:45,15060,10.3,0.605,100,8316,97.29,8.5
5/4/2026 22:00,15070,10.3,0.605,100,8313,97.29,8
5/4/2026 22:15,15080,10.3,0.605,100,8315,97.31,7.6
5/4/2026 22:30,15090,10.3,0.605,100,8310,97.3,7.2
5/4/2026 22:45,15101,10.3,0.605,100,8310,97.29,6.8
5/4/2026 23:00,15111,10.3,0.605,100,8310,97.29,6.6
5/4/2026 23:15,15120,10.3,0.605,100,8308,97.29,6.5
5/4/2026 23:30,15128,10.3,0.607,100,8308,97.29,6.3
5/4/2026 23:45,15135,10.3,0.605,100,8306,97.29,6
5/5/2026 0:00,15141,10.3,0.605,100,8303,97.29,5.7
5/5/2026 0:15,15146,10.3,0.605,100,8301,97.3,5.5
5/5/2026 0:30,15138,10.3,0.605,100,8300,97.3,5.4
5/5/2026 0:45,15118,10.3,0.605,100,8301,97.31,5.2
5/5/2026 1:00,15090,10.3,0.605,100,8299,97.32,5.2
5/5/2026 1:15,15060,10.3,0.604,100,8299,97.32,5.2
5/5/2026 1:30,15028,10.3,0.604,100,8300,97.32,5
5/5/2026 1:45,14994,10.3,0.604,100,8298,97.31,4.9
5/5/2026 2:00,14956,10.3,0.604,100,8298,97.31,4.8
5/5/2026 2:15,14924,10.3,0.605,100,8297,97.31,4.6
5/5/2026 2:30,14904,10.3,0.605,100,8297,97.3,4.3
5/5/2026 2:45,14888,10.3,0.605,100,8294,97.3,4.1
5/5/2026 3:00,14873,10.3,0.605,100,8294,97.3,3.9
5/5/2026 3:15,14859,10.3,0.605,100,8294,97.31,3.8
5/5/2026 3:30,14848,10.3,0.605,100,8292,97.32,3.5
5/5/2026 3:45,14839,10.3,0.607,100,8290,97.34,3.3
5/5/2026 4:00,14833,10.3,0.607,100,8291,97.35,3
5/5/2026 4:15,14828,10.3,0.605,100,8291,97.37,2.8
5/5/2026 4:30,14824,10.3,0.605,100,8288,97.38,2.7
5/5/2026 4:45,14821,10.3,0.607,100,8288,97.4,2.6
5/5/2026 5:00,14819,10.3,0.607,100,8288,97.4,2.3
5/5/2026 5:15,14818,10.3,0.607,100,8289,97.4,2.1
5/5/2026 5:30,14818,10.3,0.605,100,8287,97.4,2
5/5/2026 5:45,14818,10.3,0.607,100,8286,97.4,1.9
5/5/2026 6:00,14817,10.3,0.607,100,8288,97.41,1.8
5/5/2026 6:15,14816,10.3,0.605,100,8284,97.43,1.7
5/5/2026 6:30,14815,10.3,0.605,100,8285,97.45,1.6
5/5/2026 6:45,14813,10.3,0.605,100,8283,97.48,1.6
5/5/2026 7:00,14811,10.3,0.607,100,8281,97.51,1.9
5/5/2026 7:15,14809,10.3,0.607,100,8283,97.55,2.3
5/5/2026 7:30,14807,10.3,0.607,100,8283,97.58,2.8
5/5/2026 7:45,14807,10.3,0.605,100,8284,97.6,3.5
5/5/2026 8:00,14805,10.3,0.605,100,8282,97.62,4.2
5/5/2026 8:15,14805,10.3,0.605,100,8283,97.64,5.5
5/5/2026 8:30,14804,10.3,0.605,100,8285,97.67,7.6
5/5/2026 8:45,14803,10.3,0.607,100,8282,97.7,10.3
5/5/2026 9:00,14801,10.3,0.607,100,8283,97.71,9.9
5/5/2026 9:15,14800,10.3,0.605,100,8284,97.72,11
5/5/2026 9:30,14798,10.3,0.605,100,8283,97.74,10.8
5/5/2026 9:45,14789,10.3,0.605,100,8284,97.73,9.9
5/5/2026 10:00,14768,10.3,0.605,100,8284,97.73,10.1
5/5/2026 10:15,14745,10.3,0.605,100,8287,97.74,10.3
5/5/2026 10:30,14722,10.3,0.605,100,8285,97.75,10.9
5/5/2026 10:45,14699,10.3,0.605,100,8290,97.76,11.8
5/5/2026 11:00,14678,10.3,0.605,100,8297,97.76,12.1
5/5/2026 11:15,14666,10.3,0.605,100,8309,97.77,13.5
5/5/2026 11:30,14665,10.3,0.605,100,8314,97.78,14.4
5/5/2026 11:45,14669,10.3,0.605,100,8327,97.77,14.3
5/5/2026 12:00,14675,10.3,0.607,100,8325,97.78,14.3
5/5/2026 12:15,14681,10.3,0.607,100,8343,97.77,13.9
5/5/2026 12:30,14687,10.3,0.607,100,8348,97.77,15
5/5/2026 12:45,14694,10.3,0.605,100,8351,97.76,14.8
5/5/2026 13:00,14698,10.3,0.605,100,8354,97.77,14.8
5/5/2026 13:15,14703,10.3,0.607,100,8353,97.76,14.5
5/5/2026 13:30,14696,10.3,0.607,100,8351,97.76,13.9
5/5/2026 13:45,14680,10.3,0.605,100,8356,97.77,13.3
5/5/2026 14:00,14662,10.3,0.605,100,8364,97.77,13.6
5/5/2026 14:15,14642,10.3,0.605,100,8375,97.76,14.5
5/5/2026 14:30,14620,10.3,0.604,100,8366,97.75,14.8
5/5/2026 14:45,14596,10.3,0.605,100,8372,97.75,14.3
5/5/2026 15:00,14571,10.3,0.605,100,8370,97.75,14.2
5/5/2026 15:15,14545,10.3,0.605,100,8367,97.75,13.6
5/5/2026 15:30,14521,10.3,0.605,100,8367,97.74,13.1
5/5/2026 15:45,14497,10.3,0.605,100,8370,97.74,13.1
5/5/2026 16:00,14480,10.3,0.605,100,8373,97.74,13.4
5/5/2026 16:15,14480,10.3,0.605,100,8395,97.72,14.3
5/5/2026 16:30,14486,10.3,0.605,100,8388,97.72,16.3
5/5/2026 16:45,14495,10.3,0.605,100,8381,97.71,15.4
5/5/2026 17:00,14505,10.3,0.607,100,8384,97.7,14.2
5/5/2026 17:15,14515,10.3,0.605,100,8379,97.7,14
5/5/2026 17:30,14524,10.3,0.605,100,8388,97.7,13.9
5/5/2026 17:45,14533,10.3,0.605,100,8383,97.7,14.6
5/5/2026 18:00,14540,10.3,0.605,100,8379,97.71,14
5/5/2026 18:15,14548,10.3,0.605,100,8373,97.7,13
5/5/2026 18:30,14555,10.3,0.605,100,8376,97.7,12.3
5/5/2026 18:45,14562,10.3,0.607,100,8370,97.71,12
5/5/2026 19:00,14568,10.3,0.605,100,8367,97.72,11.5
5/5/2026 19:15,14574,10.3,0.605,100,8366,97.72,10.9
5/5/2026 19:30,14580,10.3,0.605,100,8360,97.73,10.4
5/5/2026 19:45,14586,10.3,0.604,100,8360,97.74,10
5/5/2026 20:00,14592,10.3,0.604,100,8360,97.75,9.6
5/5/2026 20:15,14598,10.3,0.604,100,8355,97.75,9.3
5/5/2026 20:30,14604,10.3,0.604,100,8352,97.76,8.9
5/5/2026 20:45,14609,10.3,0.604,100,8352,97.78,8.4
5/5/2026 21:00,14613,10.3,0.604,100,8348,97.79,7.8
5/5/2026 21:15,14608,10.3,0.604,100,8350,97.81,7.2
5/5/2026 21:30,14591,10.3,0.604,100,8346,97.84,6.6
5/5/2026 21:45,14571,10.3,0.604,100,8345,97.86,6.2
5/5/2026 22:00,14552,10.3,0.604,100,8342,97.87,5.9
5/5/2026 22:15,14533,10.3,0.604,100,8341,97.88,5.6
5/5/2026 22:30,14515,10.3,0.604,100,8341,97.89,5.3
5/5/2026 22:45,14500,10.3,0.604,100,8340,97.89,5
5/5/2026 23:00,14485,10.3,0.604,100,8338,97.89,4.7
5/5/2026 23:15,14471,10.3,0.604,100,8338,97.9,4.4
5/5/2026 23:30,14458,10.3,0.604,100,8335,97.9,4.2
5/5/2026 23:45,14448,10.3,0.604,100,8336,97.9,4
5/6/2026 0:00,14435,10.3,0.604,100,8334,97.91,3.7
5/6/2026 0:15,14425,10.3,0.604,100,8301,97.93,3.5
5/6/2026 0:30,14418,10.3,0.604,100,8319,97.95,3.2
5/6/2026 0:45,14415,10.3,0.604,100,8321,97.95,2.7
5/6/2026 1:00,14417,10.3,0.604,100,8319,97.95,2.4
5/6/2026 1:15,14424,10.3,0.604,100,8321,97.95,2.1
5/6/2026 1:30,14448,10.3,0.604,100,8317,97.95,1.8
5/6/2026 1:45,14478,10.3,0.604,100,8319,97.96,1.6
5/6/2026 2:00,14508,10.3,0.604,100,8316,97.96,1.4
5/6/2026 2:15,14540,10.3,0.604,100,8317,97.96,1.2
5/6/2026 2:30,14569,10.3,0.605,100,8316,97.96,1
5/6/2026 2:45,14596,10.3,0.605,100,8319,97.97,0.7
5/6/2026 3:00,14621,10.3,0.605,100,8316,97.99,0.6
5/6/2026 3:15,14646,10.3,0.605,100,8316,97.99,0.4
5/6/2026 3:30,14669,10.3,0.605,100,8313,97.99,0.3
5/6/2026 3:45,14688,10.3,0.605,100,8315,97.99,0.2
5/6/2026 4:00,14704,10.3,0.605,100,8313,98,0.1
5/6/2026 4:15,14721,10.3,0.605,100,8313,98,-0.2
5/6/2026 4:30,14738,10.3,0.605,100,8313,98,-0.3
5/6/2026 4:45,14753,10.3,0.605,100,8312,98,-0.5
5/6/2026 5:00,14767,10.3,0.605,100,8311,98.01,-0.7
5/6/2026 5:15,14780,10.3,0.605,100,8309,98.01,-0.8
5/6/2026 5:30,14791,10.3,0.605,100,8308,98.03,-0.9
5/6/2026 5:45,14802,10.3,0.605,100,8308,98.05,-0.9
5/6/2026 6:00,14812,10.3,0.605,100,8310,98.05,-1.1
5/6/2026 6:15,14824,10.3,0.604,100,8308,98.03,-1.2
5/6/2026 6:30,14834,10.3,0.604,100,8307,98.02,-1
5/6/2026 6:45,14843,10.3,0.604,100,8307,98.03,-0.8
5/6/2026 7:00,14849,10.3,0.605,100,8308,98.08,-0.4
5/6/2026 7:15,14855,10.3,0.605,100,8307,98.12,0.6
5/6/2026 7:30,14863,10.3,0.605,100,8310,98.14,1.7
5/6/2026 7:45,14867,10.3,0.605,100,8310,98.17,2.5
5/6/2026 8:00,14871,10.3,0.604,100,8309,98.2,3.1
5/6/2026 8:15,14873,10.3,0.605,100,8310,98.22,3.5
5/6/2026 8:30,14873,10.3,0.605,100,8311,98.23,3.8
5/6/2026 8:45,14870,10.3,0.605,100,8309,98.24,4
5/6/2026 9:00,14865,10.3,0.605,100,8308,98.25,4.2
5/6/2026 9:15,14859,10.3,0.605,100,8315,98.26,4.3
5/6/2026 9:30,14853,10.3,0.605,100,8313,98.27,4.4
5/6/2026 9:45,14846,10.3,0.605,100,8313,98.27,4.6
5/6/2026 10:00,14839,10.3,0.605,100,8316,98.27,4.8
5/6/2026 10:15,14831,10.3,0.605,100,8318,98.28,5.1
5/6/2026 10:30,14814,10.3,0.605,100,8320,98.28,5.2
5/6/2026 10:45,14791,10.3,0.605,100,8322,98.3,5.5
5/6/2026 11:00,14769,10.3,0.605,100,8325,98.3,6
5/6/2026 11:15,14751,10.3,0.605,100,8329,98.3,6.5
5/6/2026 11:30,14734,10.3,0.605,100,8331,98.31,7
5/6/2026 11:45,14725,10.3,0.605,100,8333,98.32,7.2
5/6/2026 12:00,14729,10.3,0.605,100,8335,98.32,7.4
5/6/2026 12:15,14740,10.3,0.605,100,8335,98.31,7.3
5/6/2026 12:30,14751,10.3,0.605,100,8338,98.3,7.3
5/6/2026 12:45,14763,10.3,0.605,100,8337,98.3,7.3
5/6/2026 13:00,14775,10.3,0.605,100,8344,98.3,7.5
5/6/2026 13:15,14786,10.3,0.605,100,8351,98.29,8.2
5/6/2026 13:30,14797,10.3,0.605,100,8354,98.29,8.8
5/6/2026 13:45,14806,10.3,0.605,100,8354,98.28,9
5/6/2026 14:00,14815,10.3,0.605,100,8353,98.28,8.9
5/6/2026 14:15,14823,10.3,0.605,100,8357,98.28,9.1
5/6/2026 14:30,14828,10.3,0.605,100,8360,98.27,9.2
5/6/2026 14:45,14820,10.3,0.605,100,8362,98.27,9.4
5/6/2026 15:00,14807,10.3,0.605,100,8362,98.26,9.6
5/6/2026 15:15,14793,10.3,0.605,100,8364,98.25,9.6
5/6/2026 15:30,14777,10.3,0.605,100,8369,98.25,9.8
5/6/2026 15:45,14773,10.3,0.604,100,8373,98.25,10.2
5/6/2026 16:00,14780,10.3,0.604,100,8375,98.24,10.6
5/6/2026 16:15,14790,10.3,0.605,100,8395,98.23,11
5/6/2026 16:30,14802,10.3,0.605,100,8392,98.24,12.7
5/6/2026 16:45,14814,10.3,0.605,100,8399,98.22,12.7
5/6/2026 17:00,14824,10.3,0.605,100,8401,98.21,13
5/6/2026 17:15,14835,10.3,0.605,100,8398,98.2,14.1
5/6/2026 17:30,14845,10.3,0.605,100,8398,98.19,15.3
5/6/2026 17:45,14854,10.3,0.605,100,8395,98.2,15.6
5/6/2026 18:00,14862,10.3,0.605,100,8391,98.19,15.4
5/6/2026 18:15,14870,10.3,0.605,100,8386,98.18,13.7
5/6/2026 18:30,14873,10.3,0.605,100,8382,98.17,12.3
5/6/2026 18:45,14863,10.3,0.605,100,8379,98.16,11.3
5/6/2026 19:00,14847,10.3,0.605,100,8376,98.15,10.5
5/6/2026 19:15,14831,10.3,0.605,100,8371,98.15,9.8
5/6/2026 19:30,14814,10.3,0.604,100,8370,98.15,9.2
5/6/2026 19:45,14799,10.3,0.604,100,8367,98.15,8.8
5/6/2026 20:00,14785,10.3,0.604,100,8367,98.14,8
5/6/2026 20:15,14784,10.3,0.605,100,8361,98.12,7.3
5/6/2026 20:30,14793,10.3,0.605,100,8358,98.12,6.6
5/6/2026 20:45,14804,10.3,0.605,100,8360,98.11,5.8
5/6/2026 21:00,14816,10.3,0.605,100,8357,98.11,5.2
5/6/2026 21:15,14828,10.3,0.605,100,8355,98.11,4.8
5/6/2026 21:30,14840,10.3,0.605,100,8354,98.1,4.5
5/6/2026 21:45,14851,10.3,0.605,100,8353,98.11,4.3
5/6/2026 22:00,14861,10.3,0.605,100,8352,98.11,4
5/6/2026 22:15,14871,10.3,0.605,100,8351,98.1,3.6
5/6/2026 22:30,14880,10.3,0.605,100,8350,98.09,3.1
5/6/2026 22:45,14887,10.3,0.605,100,8348,98.07,2.7
5/6/2026 23:00,14883,10.3,0.605,100,8346,98.06,2.4
5/6/2026 23:15,14870,10.3,0.605,100,8346,98.05,2.4
5/6/2026 23:30,14853,10.3,0.604,100,8345,98.03,2.3
5/6/2026 23:45,14833,10.3,0.605,100,8347,98.02,2.4
5/7/2026 0:00,14812,10.3,0.605,100,8345,98.03,2.4
5/7/2026 0:15,14804,10.3,0.605,100,8343,98.02,2.4
5/7/2026 0:30,14801,10.3,0.605,100,8341,98.01,2.4
5/7/2026 0:45,14799,10.3,0.605,100,8341,98.01,2.4
5/7/2026 1:00,14796,10.3,0.605,100,8339,98.01,2.4
5/7/2026 1:15,14793,10.3,0.605,100,8340,98,2.3
5/7/2026 1:30,14788,10.3,0.605,100,8342,97.99,2
5/7/2026 1:45,14782,10.3,0.607,100,8338,97.98,1.5
5/7/2026 2:00,14776,10.3,0.607,100,8339,97.97,1.1
5/7/2026 2:15,14769,10.3,0.607,100,8336,97.94,0.8
5/7/2026 2:30,14761,10.3,0.607,100,8336,97.92,0.5
5/7/2026 2:45,14754,10.3,0.607,100,8334,97.91,0.2
5/7/2026 3:00,14745,10.3,0.607,100,8337,97.9,0
5/7/2026 3:15,14737,10.3,0.607,100,8332,97.89,-0.2
5/7/2026 3:30,14728,10.3,0.607,100,8332,97.88,-0.5
5/7/2026 3:45,14720,10.3,0.607,100,8331,97.88,-0.7
5/7/2026 4:00,14710,10.3,0.607,100,8331,97.88,-0.8
5/7/2026 4:15,14702,10.3,0.607,100,8329,97.87,-1
5/7/2026 4:30,14694,10.3,0.607,100,8330,97.86,-1.1
5/7/2026 4:45,14686,10.3,0.607,100,8330,97.85,-1.2
5/7/2026 5:00,14679,10.3,0.607,100,8328,97.83,-1.4
5/7/2026 5:15,14674,10.3,0.607,100,8328,97.83,-1.5
5/7/2026 5:30,14668,10.3,0.607,100,8326,97.84,-1.4
5/7/2026 5:45,14662,10.3,0.607,100,8326,97.84,-1.4
5/7/2026 6:00,14657,10.3,0.607,100,8326,97.84,-1.3
5/7/2026 6:15,14654,10.3,0.607,100,8326,97.83,-1.4
5/7/2026 6:30,14655,10.3,0.607,100,8326,97.84,-1.4
5/7/2026 6:45,14658,10.3,0.607,100,8326,97.84,-1.3
5/7/2026 7:00,14662,10.3,0.607,100,8323,97.85,-1.1
5/7/2026 7:15,14661,10.3,0.607,100,8325,97.87,-0.6
5/7/2026 7:30,14649,10.3,0.607,100,8322,97.88,0.1
5/7/2026 7:45,14633,10.3,0.607,100,8322,97.89,1.1
5/7/2026 8:00,14618,10.3,0.607,100,8323,97.89,1.6
5/7/2026 8:15,14604,10.3,0.605,100,8322,97.91,3.2
5/7/2026 8:30,14604,10.3,0.605,100,8320,97.92,5.1
5/7/2026 8:45,14613,10.3,0.605,100,8323,97.95,8.6
5/7/2026 9:00,14625,10.3,0.607,100,8323,97.94,9.2
5/7/2026 9:15,14638,10.3,0.607,100,8326,97.94,11
5/7/2026 9:30,14652,10.3,0.607,100,8324,97.92,10.5
5/7/2026 9:45,14665,10.3,0.607,100,8324,97.91,10.4
5/7/2026 10:00,14669,10.3,0.607,100,8323,97.9,10.2
5/7/2026 10:15,14658,10.3,0.605,100,8325,97.9,10.9
5/7/2026 10:30,14644,10.3,0.607,100,8326,97.89,11.6
5/7/2026 10:45,14630,10.3,0.607,100,8329,97.9,12.7
5/7/2026 11:00,14615,10.3,0.605,100,8335,97.89,13.9
5/7/2026 11:15,14600,10.3,0.605,100,8343,97.89,14.8
5/7/2026 11:30,14587,10.3,0.605,100,8354,97.88,15.9
5/7/2026 11:45,14584,10.3,0.604,100,8366,97.87,16.2
5/7/2026 12:00,14592,10.3,0.605,100,8376,97.85,16.6
5/7/2026 12:15,14602,10.3,0.605,100,8386,97.85,17
5/7/2026 12:30,14613,10.3,0.605,100,8398,97.83,17.3
5/7/2026 12:45,14624,10.3,0.607,100,8400,97.82,17.5
5/7/2026 13:00,14634,10.3,0.605,100,8395,97.81,17.6
5/7/2026 13:15,14644,10.3,0.607,100,8405,97.8,18.2
5/7/2026 13:30,14653,10.3,0.605,100,8395,97.78,18.3
5/7/2026 13:45,14662,10.3,0.605,100,8405,97.78,18.4
5/7/2026 14:00,14669,10.3,0.607,100,8398,97.77,19.5
5/7/2026 14:15,14676,10.3,0.607,100,8395,97.76,19.4
5/7/2026 14:30,14682,10.3,0.607,100,8398,97.76,19
5/7/2026 14:45,14684,10.3,0.607,100,8399,97.77,19.1
5/7/2026 15:00,14677,10.3,0.605,100,8405,97.75,19.6
5/7/2026 15:15,14663,10.3,0.607,100,8405,97.73,20.2
5/7/2026 15:30,14645,10.3,0.605,100,8396,97.72,21.6
5/7/2026 15:45,14629,10.3,0.605,100,8405,97.7,23.4
5/7/2026 16:00,14614,10.3,0.605,100,8392,97.69,24.1
5/7/2026 16:15,14609,10.3,0.605,100,8404,97.68,25.5
5/7/2026 16:30,14614,10.3,0.605,100,8397,97.67,26.3
5/7/2026 16:45,14624,10.3,0.605,100,8398,97.66,26.4
5/7/2026 17:00,14634,10.3,0.605,100,8397,97.65,26.8
5/7/2026 17:15,14644,10.3,0.605,100,8395,97.64,26.7
5/7/2026 17:30,14653,10.3,0.605,100,8389,97.64,26.4
5/7/2026 17:45,14661,10.3,0.605,100,8388,97.63,26.5
5/7/2026 18:00,14664,10.3,0.605,100,8386,97.63,26.3
5/7/2026 18:15,14664,10.3,0.607,100,8376,97.62,25.7
5/7/2026 18:30,14662,10.3,0.605,100,8360,97.61,22.8
5/7/2026 18:45,14659,10.3,0.607,100,8354,97.62,20.1
5/7/2026 19:00,14651,10.3,0.607,100,8347,97.61,18.2
5/7/2026 19:15,14633,10.3,0.607,100,8339,97.6,16.9
5/7/2026 19:30,14608,10.3,0.605,100,8334,97.59,15.9
5/7/2026 19:45,14583,10.3,0.605,100,8335,97.59,15
5/7/2026 20:00,14559,10.3,0.605,100,8332,97.59,14.2
5/7/2026 20:15,14539,10.3,0.605,100,8328,97.6,13.3
5/7/2026 20:30,14520,10.3,0.605,100,8327,97.61,12.3
5/7/2026 20:45,14505,10.3,0.605,100,8323,97.61,11.4
5/7/2026 21:00,14492,10.3,0.605,100,8321,97.61,10.4
5/7/2026 21:15,14481,10.3,0.605,100,8318,97.63,9.6
5/7/2026 21:30,14472,10.3,0.605,100,8318,97.64,8.8
5/7/2026 21:45,14464,10.3,0.605,100,8316,97.65,8.2
5/7/2026 22:00,14467,10.3,0.605,100,8316,97.65,7.6
5/7/2026 22:15,14481,10.3,0.605,100,8313,97.64,7.1
5/7/2026 22:30,14499,10.3,0.605,100,8311,97.64,6.6
5/7/2026 22:45,14518,10.3,0.605,100,8312,97.63,6.2
5/7/2026 23:00,14536,10.3,0.605,100,8310,97.62,5.8
5/7/2026 23:15,14539,10.3,0.607,100,8308,97.62,5.5
5/7/2026 23:30,14535,10.3,0.607,100,8307,97.6,5.1
5/7/2026 23:45,14527,10.3,0.605,100,8307,97.59,4.7
5/8/2026 0:00,14520,10.3,0.605,100,8304,97.58,4.4
5/8/2026 0:15,14514,10.3,0.605,100,8275,97.57,4.4
5/8/2026 0:30,14510,10.3,0.605,100,8294,97.57,4.2
5/8/2026 0:45,14521,10.3,0.605,100,8294,97.56,4.2
5/8/2026 1:00,14538,10.3,0.605,100,8296,97.55,4.2
5/8/2026 1:15,14555,10.3,0.605,100,8291,97.55,4.4
5/8/2026 1:30,14571,10.3,0.605,100,8294,97.54,4.7
5/8/2026 1:45,14585,10.3,0.607,100,8291,97.54,5
5/8/2026 2:00,14597,10.3,0.607,100,8292,97.53,5.2
5/8/2026 2:15,14608,10.3,0.607,100,8291,97.52,5.4
5/8/2026 2:30,14618,10.3,0.607,100,8291,97.52,5.6
5/8/2026 2:45,14625,10.3,0.607,100,8291,97.51,5.6
5/8/2026 3:00,14633,10.3,0.607,100,8291,97.5,5.8
5/8/2026 3:15,14637,10.3,0.607,100,8291,97.49,6
5/8/2026 3:30,14629,10.3,0.607,100,8288,97.48,6
5/8/2026 3:45,14613,10.3,0.607,100,8290,97.46,5.8
5/8/2026 4:00,14595,10.3,0.607,100,8288,97.46,5.8
5/8/2026 4:15,14577,10.3,0.607,100,8288,97.46,5.7
5/8/2026 4:30,14572,10.3,0.605,100,8287,97.46,5.3
5/8/2026 4:45,14575,10.3,0.607,100,8287,97.45,5
5/8/2026 5:00,14580,10.3,0.607,100,8286,97.44,4.8
5/8/2026 5:15,14588,10.3,0.607,100,8288,97.44,4.6
5/8/2026 5:30,14595,10.3,0.607,100,8286,97.43,4.6
5/8/2026 5:45,14603,10.3,0.607,100,8283,97.43,4.5
5/8/2026 6:00,14609,10.3,0.607,100,8284,97.43,4.5
5/8/2026 6:15,14615,10.3,0.607,100,8282,97.43,4.6
5/8/2026 6:30,14620,10.3,0.607,100,8283,97.44,4.9
5/8/2026 6:45,14625,10.3,0.607,100,8282,97.43,5.3
5/8/2026 7:00,14629,10.3,0.607,100,8284,97.45,5.8
5/8/2026 7:15,14634,10.3,0.607,100,8282,97.46,6.4
5/8/2026 7:30,14640,10.3,0.607,100,8281,97.46,7.4
5/8/2026 7:45,14648,10.3,0.607,100,8286,97.47,8.6
5/8/2026 8:00,14659,10.3,0.607,100,8281,97.47,9.2
5/8/2026 8:15,14671,10.3,0.607,100,8283,97.48,10.1
5/8/2026 8:30,14683,10.3,0.607,100,8283,97.48,11.7
5/8/2026 8:45,14694,10.3,0.607,100,8282,97.48,14.3
5/8/2026 9:00,14706,10.3,0.607,100,8284,97.47,14.1
5/8/2026 9:15,14713,10.3,0.607,100,8284,97.46,13.9
5/8/2026 9:30,14706,10.3,0.607,100,8284,97.45,14.4
5/8/2026 9:45,14697,10.3,0.605,100,8288,97.44,15.1
5/8/2026 10:00,14687,10.3,0.605,100,8289,97.42,16.1
5/8/2026 10:15,14679,10.3,0.605,100,8294,97.41,17.5
5/8/2026 10:30,14671,10.3,0.605,100,8295,97.4,18.7
5/8/2026 10:45,14663,10.3,0.605,100,8297,97.38,20.1
5/8/2026 11:00,14662,10.3,0.605,100,8302,97.37,21.2
5/8/2026 11:15,14675,10.3,0.605,100,8304,97.35,21.9
5/8/2026 11:30,14689,10.3,0.605,100,8304,97.34,21.8
5/8/2026 11:45,14704,10.3,0.605,100,8313,97.33,22.7
5/8/2026 12:00,14721,10.3,0.605,100,8325,97.31,23.6
5/8/2026 12:15,14738,10.3,0.605,100,8330,97.27,24.2
5/8/2026 12:30,14744,10.3,0.605,100,8343,97.25,24.9
5/8/2026 12:45,14740,10.3,0.607,100,8348,97.21,25.6
5/8/2026 13:00,14732,10.3,0.605,100,8352,97.17,26.1
5/8/2026 13:15,14723,10.3,0.605,100,8360,97.15,26.2
5/8/2026 13:30,14715,10.3,0.604,100,8361,97.13,26.8
5/8/2026 13:45,14719,10.3,0.605,100,8370,97.11,27
5/8/2026 14:00,14730,10.3,0.605,100,8364,97.09,28.1
5/8/2026 14:15,14744,10.3,0.605,100,8359,97.08,27.5
5/8/2026 14:30,14759,10.3,0.605,100,8353,97.07,26.5
5/8/2026 14:45,14774,10.3,0.605,100,8354,97.05,26.4
5/8/2026 15:00,14787,10.3,0.605,100,8352,97.03,26.8
5/8/2026 15:15,14800,10.3,0.605,100,8346,97.01,26.6
5/8/2026 15:30,14812,10.3,0.605,100,8348,96.99,26
5/8/2026 15:45,14825,10.3,0.605,100,8357,96.96,26.4
5/8/2026 16:00,14836,10.3,0.605,100,8355,96.93,28.6
5/8/2026 16:15,14844,10.3,0.605,100,8348,96.91,28.9
5/8/2026 16:30,14837,10.3,0.605,100,8338,96.9,27.6
5/8/2026 16:45,14825,10.3,0.605,100,8330,96.88,26.6
5/8/2026 17:00,14810,10.3,0.605,100,8321,96.86,25.7
5/8/2026 17:15,14797,10.3,0.605,100,8319,96.85,25.1
5/8/2026 17:30,14795,10.3,0.605,100,8319,96.84,25.2
5/8/2026 17:45,14803,10.3,0.605,100,8324,96.83,25.7
5/8/2026 18:00,14812,10.3,0.605,100,8320,96.83,25.9
5/8/2026 18:15,14822,10.3,0.605,100,8316,96.82,25.6
5/8/2026 18:30,14829,10.3,0.605,100,8309,96.81,25.2
5/8/2026 18:45,14832,10.3,0.605,100,8303,96.82,24.2
5/8/2026 19:00,14832,10.3,0.605,100,8297,96.82,23.3
5/8/2026 19:15,14832,10.3,0.605,100,8292,96.83,22.5
5/8/2026 19:30,14831,10.3,0.605,100,8289,96.83,21.8
5/8/2026 19:45,14832,10.3,0.605,100,8284,96.84,21.1
5/8/2026 20:00,14835,10.3,0.607,100,8282,96.85,20.5
5/8/2026 20:15,14838,10.3,0.607,100,8276,96.85,19.8
5/8/2026 20:30,14831,10.3,0.607,100,8275,96.87,19.1
5/8/2026 20:45,14815,10.3,0.605,100,8275,96.88,18.4
5/8/2026 21:00,14799,10.3,0.605,100,8270,96.89,17.8
5/8/2026 21:15,14782,10.3,0.605,100,8267,96.91,17.1
5/8/2026 21:30,14767,10.3,0.605,100,8265,96.94,16.6
5/8/2026 21:45,14753,10.3,0.604,100,8264,96.97,16.1
5/8/2026 22:00,14740,10.3,0.605,100,8262,96.98,15.7
5/8/2026 22:15,14738,10.3,0.604,100,8261,96.99,15.6
5/8/2026 22:30,14746,10.3,0.605,100,8262,97.01,15.3
5/8/2026 22:45,14759,10.3,0.605,100,8261,97.02,14.9
5/8/2026 23:00,14774,10.3,0.605,100,8259,97.02,14.6
5/8/2026 23:15,14789,10.3,0.605,100,8257,97.03,14.4
5/8/2026 23:30,14802,10.3,0.605,100,8253,97.04,14.1
5/8/2026 23:45,14816,10.3,0.605,100,8253,97.04,13.8
5/9/2026 0:00,14828,10.3,0.605,100,8251,97.03,13.4
5/9/2026 0:15,14841,10.3,0.605,100,8242,97.02,13
5/9/2026 0:30,14853,10.3,0.605,100,8242,97.02,12.3
5/9/2026 0:45,14862,10.3,0.605,100,8240,96.99,11.7
5/9/2026 1:00,14869,10.3,0.605,100,8239,96.99,11.1
5/9/2026 1:15,14873,10.3,0.605,100,8238,96.97,10.5
5/9/2026 1:30,14876,10.3,0.605,100,8239,96.95,10.1
5/9/2026 1:45,14877,10.3,0.605,100,8240,96.92,9.7
5/9/2026 2:00,14875,10.3,0.605,100,8237,96.92,9.5
5/9/2026 2:15,14873,10.3,0.605,100,8237,96.89,9.3
5/9/2026 2:30,14855,10.3,0.605,100,8234,96.88,9.1
5/9/2026 2:45,14833,10.3,0.605,100,8236,96.86,9.2
5/9/2026 3:00,14809,10.3,0.605,100,8236,96.85,9.2
5/9/2026 3:15,14784,10.3,0.605,100,8234,96.87,9
5/9/2026 3:30,14767,10.3,0.607,100,8234,96.87,9
5/9/2026 3:45,14765,10.3,0.607,100,8233,96.87,9
5/9/2026 4:00,14766,10.3,0.605,100,8233,96.88,9.1
5/9/2026 4:15,14768,10.3,0.607,100,8234,96.92,9.4
5/9/2026 4:30,14770,10.3,0.607,100,8231,96.97,9.7
5/9/2026 4:45,14775,10.3,0.607,100,8232,96.98,9.8
5/9/2026 5:00,14779,10.3,0.607,100,8230,96.98,9.8
5/9/2026 5:15,14783,10.3,0.607,100,8232,96.99,9.9
5/9/2026 5:30,14787,10.3,0.607,100,8231,96.99,10
5/9/2026 5:45,14790,10.3,0.607,100,8231,97,10.1
5/9/2026 6:00,14794,10.3,0.607,100,8231,97.01,10.2
5/9/2026 6:15,14799,10.3,0.607,100,8224,96.98,9.9
5/9/2026 6:30,14801,10.3,0.607,100,8228,97.01,9.6
5/9/2026 6:45,14801,10.3,0.607,100,8227,97.04,9.5
5/9/2026 7:00,14802,10.3,0.607,100,8226,97.06,9.8
5/9/2026 7:15,14805,10.3,0.607,100,8225,97.07,10.2
5/9/2026 7:30,14807,10.3,0.608,100,8226,97.08,10.5
5/9/2026 7:45,14809,10.3,0.607,100,8224,97.11,11
5/9/2026 8:00,14810,10.3,0.607,100,8224,97.13,11.5
5/9/2026 8:15,14811,10.3,0.607,100,8223,97.17,11.9
5/9/2026 8:30,14814,10.3,0.608,100,8226,97.2,13.1
5/9/2026 8:45,14820,10.3,0.608,100,8228,97.23,14.5
5/9/2026 9:00,14828,10.3,0.607,100,8230,97.25,14.7
5/9/2026 9:15,14838,10.3,0.607,100,8229,97.27,14.7
5/9/2026 9:30,14845,10.3,0.607,100,8226,97.29,14.1
5/9/2026 9:45,14842,10.3,0.607,100,8227,97.31,13.9
5/9/2026 10:00,14833,10.3,0.605,100,8226,97.33,14
5/9/2026 10:15,14821,10.3,0.605,100,8232,97.36,14.7
5/9/2026 10:30,14809,10.3,0.605,100,8234,97.4,15.8
5/9/2026 10:45,14798,10.3,0.605,100,8237,97.42,16.2
5/9/2026 11:00,14794,10.3,0.605,100,8238,97.43,16.6
5/9/2026 11:15,14802,10.3,0.605,100,8248,97.44,17.6
5/9/2026 11:30,14816,10.3,0.607,100,8259,97.46,18.6
5/9/2026 11:45,14833,10.3,0.607,100,8271,97.45,18.9
5/9/2026 12:00,14851,10.3,0.605,100,8285,97.45,18.8
5/9/2026 12:15,14867,10.3,0.605,100,8297,97.46,19
5/9/2026 12:30,14881,10.3,0.605,100,8310,97.47,19.7
5/9/2026 12:45,14895,10.3,0.605,100,8323,97.47,20.4
5/9/2026 13:00,14909,10.3,0.607,100,8338,97.49,20.4
5/9/2026 13:15,14920,10.3,0.607,100,8350,97.49,21
5/9/2026 13:30,14932,10.3,0.607,100,8360,97.51,21.2
5/9/2026 13:45,14937,10.3,0.605,100,8371,97.53,21.4
5/9/2026 14:00,14929,10.3,0.605,100,8369,97.54,21.9
5/9/2026 14:15,14916,10.3,0.605,100,8364,97.56,21.4
5/9/2026 14:30,14902,10.3,0.605,100,8370,97.57,21
5/9/2026 14:45,14888,10.3,0.605,100,8382,97.58,21
5/9/2026 15:00,14876,10.3,0.605,100,8394,97.58,21.8
5/9/2026 15:15,14868,10.3,0.605,100,8392,97.59,23.2
5/9/2026 15:30,14874,10.3,0.605,100,8399,97.59,24.6
5/9/2026 15:45,14883,10.3,0.605,100,8397,97.61,25.5
5/9/2026 16:00,14898,10.3,0.605,100,8392,97.61,25.6
5/9/2026 16:15,14912,10.3,0.605,100,8396,97.62,26
5/9/2026 16:30,14924,10.3,0.605,100,8398,97.63,26.5
5/9/2026 16:45,14937,10.3,0.605,100,8392,97.65,26.6
5/9/2026 17:00,14948,10.3,0.605,100,8395,97.65,26.3
5/9/2026 17:15,14960,10.3,0.605,100,8394,97.66,26
5/9/2026 17:30,14971,10.3,0.605,100,8392,97.67,25.8
5/9/2026 17:45,14980,10.3,0.605,100,8394,97.68,26.1
5/9/2026 18:00,14989,10.3,0.605,100,8390,97.7,25.8
5/9/2026 18:15,14996,10.3,0.605,100,8386,97.72,25.4
5/9/2026 18:30,15004,10.3,0.605,100,8373,97.74,23.6
5/9/2026 18:45,15006,10.3,0.607,100,8362,97.77,20.7
5/9/2026 19:00,14995,10.3,0.605,100,8351,97.78,18.6
5/9/2026 19:15,14980,10.3,0.605,100,8349,97.8,17.2
5/9/2026 19:30,14963,10.3,0.605,100,8344,97.82,16.3
5/9/2026 19:45,14948,10.3,0.605,100,8341,97.84,15.5
5/9/2026 20:00,14945,10.3,0.605,100,8338,97.85,14.8
5/9/2026 20:15,14950,10.3,0.605,100,8334,97.87,14.2
5/9/2026 20:30,14959,10.3,0.605,100,8331,97.89,13.6
5/9/2026 20:45,14970,10.3,0.605,100,8328,97.92,12.9
5/9/2026 21:00,14979,10.3,0.605,100,8327,97.94,12.3
5/9/2026 21:15,14989,10.3,0.605,100,8322,97.96,11.8
5/9/2026 21:30,14996,10.3,0.605,100,8322,98.01,11.2
5/9/2026 21:45,14992,10.3,0.605,100,8320,98.03,10.8
5/9/2026 22:00,14979,10.3,0.605,100,8319,98.06,10.5
5/9/2026 22:15,14964,10.3,0.605,100,8318,98.08,10.2
5/9/2026 22:30,14949,10.3,0.605,100,8316,98.09,9.8
5/9/2026 22:45,14935,10.3,0.604,100,8315,98.1,9.5
5/9/2026 23:00,14922,10.3,0.605,100,8312,98.12,9.2
5/9/2026 23:15,14907,10.3,0.605,100,8313,98.13,8.9
5/9/2026 23:30,14892,10.3,0.605,100,8311,98.14,8.6
5/9/2026 23:45,14875,10.3,0.605,100,8309,98.16,8.4
5/10/2026 0:00,14858,10.3,0.605,100,8307,98.17,8.1
5/10/2026 0:15,14838,10.3,0.605,100,8303,98.19,7.9
5/10/2026 0:30,14819,10.3,0.605,100,8304,98.2,7.6
5/10/2026 0:45,14810,10.3,0.605,100,8301,98.2,7.2
5/10/2026 1:00,14806,10.3,0.605,100,8301,98.2,6.8
5/10/2026 1:15,14799,10.3,0.605,100,8300,98.2,6.4
5/10/2026 1:30,14792,10.3,0.605,100,8300,98.2,6.1
5/10/2026 1:45,14781,10.3,0.605,100,8300,98.2,5.8
5/10/2026 2:00,14769,10.3,0.607,100,8296,98.21,5.5
5/10/2026 2:15,14757,10.3,0.607,100,8295,98.2,5.2
5/10/2026 2:30,14743,10.3,0.605,100,8298,98.21,4.8
5/10/2026 2:45,14729,10.3,0.607,100,8297,98.21,4.5
5/10/2026 3:00,14716,10.3,0.607,100,8297,98.21,4.2
5/10/2026 3:15,14702,10.3,0.608,100,8293,98.21,4
5/10/2026 3:30,14688,10.3,0.608,100,8294,98.23,3.7
5/10/2026 3:45,14675,10.3,0.607,100,8292,98.25,3.6
5/10/2026 4:00,14662,10.3,0.608,100,8294,98.26,3.4
5/10/2026 4:15,14650,10.3,0.607,100,8291,98.27,3.3
5/10/2026 4:30,14637,10.3,0.607,100,8290,98.28,3.2
5/10/2026 4:45,14625,10.3,0.607,100,8291,98.3,3.3
5/10/2026 5:00,14614,10.3,0.608,100,8291,98.31,3.2
5/10/2026 5:15,14602,10.3,0.608,100,8289,98.34,3.1
5/10/2026 5:30,14592,10.3,0.608,100,8288,98.34,2.9
5/10/2026 5:45,14582,10.3,0.608,100,8286,98.36,2.8
5/10/2026 6:00,14571,10.3,0.607,100,8287,98.38,2.9
5/10/2026 6:15,14558,10.3,0.607,100,8287,98.39,3.1
5/10/2026 6:30,14531,10.3,0.608,100,8285,98.4,3.5
5/10/2026 6:45,14502,10.3,0.608,100,8287,98.42,3.8
5/10/2026 7:00,14471,10.3,0.608,100,8285,98.44,4.3
5/10/2026 7:15,14446,10.3,0.608,100,8285,98.47,4.8
5/10/2026 7:30,14438,10.3,0.607,100,8284,98.49,5.4
5/10/2026 7:45,14439,10.3,0.607,100,8285,98.51,6.2
5/10/2026 8:00,14443,10.3,0.607,100,8285,98.54,7.2
5/10/2026 8:15,14450,10.3,0.607,100,8288,98.56,8.3
5/10/2026 8:30,14460,10.3,0.607,100,8289,98.58,9.1
5/10/2026 8:45,14471,10.3,0.608,100,8289,98.59,10
5/10/2026 9:00,14482,10.3,0.608,100,8290,98.6,11.9
5/10/2026 9:15,14492,10.3,0.608,100,8288,98.62,13.8
5/10/2026 9:30,14502,10.3,0.607,100,8292,98.62,13.5
5/10/2026 9:45,14512,10.3,0.607,100,8293,98.62,13.4
5/10/2026 10:00,14515,10.3,0.607,100,8294,98.62,13.7
5/10/2026 10:15,14505,10.3,0.608,100,8294,98.62,14.3
5/10/2026 10:30,14488,10.3,0.607,100,8295,98.63,15.1
5/10/2026 10:45,14471,10.3,0.607,100,8300,98.64,16.3
5/10/2026 11:00,14464,10.3,0.607,100,8303,98.63,16.8
5/10/2026 11:15,14466,10.3,0.605,100,8308,98.64,18
5/10/2026 11:30,14472,10.3,0.607,100,8321,98.65,18.8
5/10/2026 11:45,14478,10.3,0.607,100,8330,98.65,19.2
5/10/2026 12:00,14484,10.3,0.605,100,8339,98.64,19.6
5/10/2026 12:15,14490,10.3,0.607,100,8347,98.63,19.5
5/10/2026 12:30,14495,10.3,0.607,100,8360,98.63,19.9
5/10/2026 12:45,14499,10.3,0.607,100,8368,98.63,20.6
5/10/2026 13:00,14502,10.3,0.607,100,8378,98.63,20.8
5/10/2026 13:15,14505,10.3,0.607,100,8386,98.63,21.2
5/10/2026 13:30,14506,10.3,0.607,100,8395,98.63,21.2
5/10/2026 13:45,14492,10.3,0.607,100,8398,98.63,21.6
5/10/2026 14:00,14470,10.3,0.607,100,8397,98.64,22.6
5/10/2026 14:15,14444,10.3,0.607,100,8389,98.63,21.8
5/10/2026 14:30,14416,10.3,0.605,100,8386,98.64,20.3
5/10/2026 14:45,14390,10.3,0.605,100,8399,98.63,19.7
5/10/2026 15:00,14363,10.3,0.605,100,8402,98.64,20.9
5/10/2026 15:15,14338,10.3,0.607,100,8399,98.62,22.2
5/10/2026 15:30,14316,10.3,0.607,100,8402,98.62,24.2
5/10/2026 15:45,14304,10.3,0.607,100,8393,98.6,25.9
5/10/2026 16:00,14307,10.3,0.607,100,8398,98.6,27.1
5/10/2026 16:15,14317,10.3,0.607,100,8398,98.6,26.1
5/10/2026 16:30,14328,10.3,0.607,100,8399,98.6,26.2
5/10/2026 16:45,14342,10.3,0.607,100,8401,98.6,26.3
5/10/2026 17:00,14354,10.3,0.607,100,8392,98.6,26.8
5/10/2026 17:15,14366,10.3,0.607,100,8395,98.62,27.1
5/10/2026 17:30,14377,10.3,0.607,100,8392,98.62,26.6
5/10/2026 17:45,14388,10.3,0.607,100,8391,98.63,26.2
5/10/2026 18:00,14397,10.3,0.607,100,8389,98.62,26.5
5/10/2026 18:15,14405,10.3,0.607,100,8385,98.62,26
5/10/2026 18:30,14412,10.3,0.607,100,8370,98.62,24.7
5/10/2026 18:45,14417,10.3,0.607,100,8359,98.63,21.6
5/10/2026 19:00,14421,10.3,0.607,100,8351,98.64,19.2
5/10/2026 19:15,14425,10.3,0.607,100,8345,98.65,17.7
5/10/2026 19:30,14428,10.3,0.607,100,8341,98.66,16.5
5/10/2026 19:45,14430,10.3,0.607,100,8338,98.67,15.6
5/10/2026 20:00,14432,10.3,0.607,100,8332,98.68,14.8
5/10/2026 20:15,14433,10.3,0.607,100,8330,98.69,14.1
5/10/2026 20:30,14423,10.3,0.607,100,8327,98.7,13.4
5/10/2026 20:45,14405,10.3,0.607,100,8330,98.71,12.6
5/10/2026 21:00,14386,10.3,0.605,100,8325,98.73,11.8
5/10/2026 21:15,14366,10.3,0.605,100,8320,98.75,11
5/10/2026 21:30,14347,10.3,0.607,100,8319,98.77,10.2
5/10/2026 21:45,14338,10.3,0.605,100,8319,98.79,9.6
5/10/2026 22:00,14341,10.3,0.605,100,8316,98.81,8.9
5/10/2026 22:15,14350,10.3,0.605,100,8314,98.81,8.3
5/10/2026 22:30,14361,10.3,0.607,100,8313,98.83,7.8
5/10/2026 22:45,14373,10.3,0.607,100,8313,98.83,7.3
5/10/2026 23:00,14384,10.3,0.607,100,8310,98.84,6.8
5/10/2026 23:15,14395,10.3,0.607,100,8308,98.84,6.4
5/10/2026 23:30,14406,10.3,0.607,100,8310,98.85,6
5/10/2026 23:45,14415,10.3,0.607,100,8309,98.86,5.6
5/11/2026 0:00,14412,10.3,0.607,100,8306,98.86,5.2
5/11/2026 0:15,14401,10.3,0.607,100,8300,98.87,4.8
5/11/2026 0:30,14388,10.3,0.605,100,8300,98.88,4.5
5/11/2026 0:45,14375,10.3,0.605,100,8301,98.88,4.2
5/11/2026 1:00,14366,10.3,0.605,100,8301,98.87,3.8
5/11/2026 1:15,14370,10.3,0.605,100,8299,98.87,3.5
5/11/2026 1:30,14383,10.3,0.605,100,8297,98.86,3.2
5/11/2026 1:45,14399,10.3,0.607,100,8298,98.86,3
5/11/2026 2:00,14415,10.3,0.607,100,8296,98.86,2.7
5/11/2026 2:15,14430,10.3,0.607,100,8297,98.85,2.5
5/11/2026 2:30,14445,10.3,0.608,100,8294,98.85,2.2
5/11/2026 2:45,14458,10.3,0.607,100,8294,98.85,1.9
5/11/2026 3:00,14471,10.3,0.608,100,8294,98.85,1.6
5/11/2026 3:15,14482,10.3,0.607,100,8294,98.85,1.4
5/11/2026 3:30,14491,10.3,0.608,100,8294,98.87,1.2
5/11/2026 3:45,14499,10.3,0.608,100,8294,98.88,1.1
5/11/2026 4:00,14508,10.3,0.608,100,8293,98.88,0.9
5/11/2026 4:15,14515,10.3,0.608,100,8292,98.89,0.7
5/11/2026 4:30,14522,10.3,0.607,100,8294,98.88,0.5
5/11/2026 4:45,14529,10.3,0.607,100,8292,98.88,0.3
5/11/2026 5:00,14534,10.3,0.608,100,8290,98.88,0.1
5/11/2026 5:15,14540,10.3,0.608,100,8288,98.87,-0.2
5/11/2026 5:30,14544,10.3,0.608,100,8287,98.87,-0.3
5/11/2026 5:45,14549,10.3,0.608,100,8288,98.88,-0.5
5/11/2026 6:00,14551,10.3,0.607,100,8288,98.89,-0.6
5/11/2026 6:15,14554,10.3,0.608,100,8286,98.91,-0.6
5/11/2026 6:30,14556,10.3,0.607,100,8285,98.92,-0.6
5/11/2026 6:45,14558,10.3,0.608,100,8287,98.94,-0.3
5/11/2026 7:00,14561,10.3,0.608,100,8283,98.96,0.1
5/11/2026 7:15,14562,10.3,0.608,100,8286,98.99,0.7
5/11/2026 7:30,14565,10.3,0.607,100,8287,99.01,2.2
5/11/2026 7:45,14567,10.3,0.608,100,8288,99.02,3.4
5/11/2026 8:00,14561,10.3,0.608,100,8286,99.02,4.1
5/11/2026 8:15,14548,10.3,0.608,100,8284,99.02,5.1
5/11/2026 8:30,14535,10.3,0.607,100,8289,99.05,8.5
5/11/2026 8:45,14525,10.3,0.607,100,8286,99.05,10.3
5/11/2026 9:00,14516,10.3,0.607,100,8290,99.06,12.5
5/11/2026 9:15,14508,10.3,0.605,100,8291,99.06,13.9
5/11/2026 9:30,14511,10.3,0.605,100,8287,99.03,13.1
5/11/2026 9:45,14526,10.3,0.605,100,8286,99.03,13.2
5/11/2026 10:00,14543,10.3,0.605,100,8284,99.03,13.2
5/11/2026 10:15,14564,10.3,0.607,100,8285,99.01,13.9
5/11/2026 10:30,14583,10.3,0.607,100,8288,99.01,15
5/11/2026 10:45,14600,10.3,0.607,100,8290,98.99,16.4
5/11/2026 11:00,14615,10.3,0.607,100,8295,98.99,17.3
5/11/2026 11:15,14624,10.3,0.607,100,8304,98.99,18.5
5/11/2026 11:30,14616,10.3,0.607,100,8312,98.97,20
5/11/2026 11:45,14603,10.3,0.605,100,8323,98.95,20.7
5/11/2026 12:00,14586,10.3,0.605,100,8335,98.93,21.1
5/11/2026 12:15,14568,10.3,0.605,100,8345,98.91,21.9
5/11/2026 12:30,14554,10.3,0.605,100,8351,98.89,22
5/11/2026 12:45,14555,10.3,0.605,100,8357,98.85,22.4
5/11/2026 13:00,14560,10.3,0.605,100,8366,98.82,22.7
5/11/2026 13:15,14567,10.3,0.605,100,8369,98.79,22.9
5/11/2026 13:30,14573,10.3,0.605,100,8376,98.77,23.2
5/11/2026 13:45,14578,10.3,0.605,100,8384,98.75,23.9
5/11/2026 14:00,14582,10.3,0.607,100,8384,98.73,24.8
5/11/2026 14:15,14587,10.3,0.607,100,8379,98.71,24.9
5/11/2026 14:30,14592,10.3,0.607,100,8379,98.68,24.7
5/11/2026 14:45,14595,10.3,0.607,100,8379,98.65,24.7
5/11/2026 15:00,14596,10.3,0.607,100,8382,98.65,24.7
5/11/2026 15:15,14591,10.3,0.607,100,8392,98.64,26.2
5/11/2026 15:30,14574,10.3,0.607,100,8391,98.62,28
5/11/2026 15:45,14554,10.3,0.605,100,8389,98.58,28.9
5/11/2026 16:00,14532,10.3,0.605,100,8384,98.55,29.6
5/11/2026 16:15,14512,10.3,0.605,100,8380,98.51,29.7
5/11/2026 16:30,14503,10.3,0.605,100,8372,98.47,29.6
5/11/2026 16:45,14505,10.3,0.605,100,8366,98.45,29.1
5/11/2026 17:00,14511,10.3,0.607,100,8364,98.43,29.4
5/11/2026 17:15,14517,10.3,0.605,100,8360,98.43,29.4
5/11/2026 17:30,14525,10.3,0.607,100,8358,98.42,28.9
5/11/2026 17:45,14533,10.3,0.607,100,8357,98.42,29.6
5/11/2026 18:00,14541,10.3,0.607,100,8354,98.41,29.8
5/11/2026 18:15,14548,10.3,0.607,100,8343,98.38,30
5/11/2026 18:30,14553,10.3,0.607,100,8331,98.36,27.9
5/11/2026 18:45,14556,10.3,0.607,100,8322,98.35,25.8
5/11/2026 19:00,14558,10.3,0.607,100,8316,98.33,24.3
5/11/2026 19:15,14553,10.3,0.607,100,8307,98.32,23
5/11/2026 19:30,14537,10.3,0.607,100,8300,98.3,22
5/11/2026 19:45,14520,10.3,0.607,100,8298,98.27,21.2
5/11/2026 20:00,14505,10.3,0.607,100,8294,98.25,20.5
5/11/2026 20:15,14493,10.3,0.605,100,8290,98.23,19.6
5/11/2026 20:30,14483,10.3,0.605,100,8288,98.2,18.8
5/11/2026 20:45,14475,10.3,0.605,100,8284,98.17,18
5/11/2026 21:00,14476,10.3,0.605,100,8281,98.16,17.4
5/11/2026 21:15,14490,10.3,0.605,100,8278,98.16,16.8
5/11/2026 21:30,14506,10.3,0.607,100,8277,98.16,16.4
5/11/2026 21:45,14525,10.3,0.607,100,8275,98.16,16.3
5/11/2026 22:00,14543,10.3,0.607,100,8273,98.15,16.2
5/11/2026 22:15,14548,10.3,0.607,100,8272,98.14,15.8
5/11/2026 22:30,14542,10.3,0.605,100,8269,98.12,15.6
5/11/2026 22:45,14532,10.3,0.605,100,8269,98.11,15.3
5/11/2026 23:00,14519,10.3,0.605,100,8266,98.09,15
5/11/2026 23:15,14505,10.3,0.605,100,8266,98.07,14.7
5/11/2026 23:30,14490,10.3,0.605,100,8263,98.04,14.6
5/11/2026 23:45,14477,10.3,0.605,100,8264,98.01,14.4
5/12/2026 0:00,14465,10.3,0.605,100,8263,97.97,14.3
5/12/2026 0:15,14455,10.3,0.605,100,8236,97.94,14.5
5/12/2026 0:30,14457,10.3,0.605,100,8249,97.91,14.4
5/12/2026 0:45,14468,10.3,0.605,100,8248,97.87,14.2
5/12/2026 1:00,14478,10.3,0.607,100,8249,97.86,14
5/12/2026 1:15,14487,10.3,0.607,100,8248,97.83,13.9
5/12/2026 1:30,14494,10.3,0.605,100,8246,97.82,13.8
5/12/2026 1:45,14499,10.3,0.605,100,8245,97.78,14
5/12/2026 2:00,14502,10.3,0.607,100,8246,97.76,14
5/12/2026 2:15,14503,10.3,0.607,100,8246,97.75,14.1
5/12/2026 2:30,14510,10.3,0.607,100,8242,97.64,14.1
5/12/2026 2:45,14507,10.3,0.607,100,8242,97.63,14.1
5/12/2026 3:00,14496,10.3,0.607,100,8243,97.57,14.1
5/12/2026 3:15,14477,10.3,0.607,100,8240,97.5,14.4
5/12/2026 3:30,14455,10.3,0.607,100,8239,97.45,14.7
5/12/2026 3:45,14430,10.3,0.607,100,8238,97.46,14.9
5/12/2026 4:00,14407,10.3,0.607,100,8239,97.45,15
5/12/2026 4:15,14386,10.3,0.607,100,8237,97.42,15.1
5/12/2026 4:30,14365,10.3,0.607,100,8238,97.43,15.1
5/12/2026 4:45,14342,10.3,0.607,100,8238,97.52,15.4
5/12/2026 5:00,14338,10.3,0.607,100,8237,97.56,15.7
5/12/2026 5:15,14348,10.3,0.607,100,8235,97.45,15.4
5/12/2026 5:30,14359,10.3,0.607,100,8231,97.37,15
5/12/2026 5:45,14367,10.3,0.607,100,8231,97.35,14.8
5/12/2026 6:00,14372,10.3,0.607,100,8232,97.37,15.1
5/12/2026 6:15,14376,10.3,0.608,100,8228,97.38,15.6
5/12/2026 6:30,14379,10.3,0.608,100,8231,97.4,16
5/12/2026 6:45,14384,10.3,0.608,100,8230,97.4,16.3
5/12/2026 7:00,14388,10.3,0.608,100,8228,97.4,16.7
5/12/2026 7:15,14393,10.3,0.607,100,8227,97.41,17.1
5/12/2026 7:30,14401,10.3,0.608,100,8227,97.41,17.6
5/12/2026 7:45,14409,10.3,0.607,100,8223,97.44,18
5/12/2026 8:00,14419,10.3,0.608,100,8226,97.45,18.4
5/12/2026 8:15,14428,10.3,0.608,100,8226,97.46,18.8
5/12/2026 8:30,14438,10.3,0.608,100,8226,97.45,20.3
5/12/2026 8:45,14447,10.3,0.608,100,8223,97.46,21.4
5/12/2026 9:00,14457,10.3,0.607,100,8224,97.45,22.3
5/12/2026 9:15,14467,10.3,0.607,100,8222,97.44,22.4
5/12/2026 9:30,14476,10.3,0.608,100,8221,97.46,21.9
5/12/2026 9:45,14485,10.3,0.608,100,8218,97.46,21.7
5/12/2026 10:00,14495,10.3,0.607,100,8215,97.46,21.5
5/12/2026 10:15,14501,10.3,0.608,100,8216,97.47,21.8
5/12/2026 10:30,14495,10.3,0.607,100,8216,97.48,22.2
5/12/2026 10:45,14483,10.3,0.607,100,8218,97.48,23.1
5/12/2026 11:00,14469,10.3,0.607,100,8219,97.48,23.7
5/12/2026 11:15,14455,10.3,0.607,100,8225,97.49,24.4
5/12/2026 11:30,14442,10.3,0.605,100,8233,97.49,25.1
5/12/2026 11:45,14432,10.3,0.605,100,8244,97.49,25.3
5/12/2026 12:00,14434,10.3,0.605,100,8253,97.49,25.7
5/12/2026 12:15,14441,10.3,0.607,100,8262,97.5,25.8
5/12/2026 12:30,14448,10.3,0.607,100,8273,97.49,25.8
5/12/2026 12:45,14454,10.3,0.607,100,8281,97.49,26.1
5/12/2026 13:00,14459,10.3,0.607,100,8290,97.5,26.3
5/12/2026 13:15,14463,10.3,0.607,100,8301,97.5,26.7
5/12/2026 13:30,14469,10.3,0.607,100,8310,97.51,26.9
5/12/2026 13:45,14476,10.3,0.607,100,8318,97.51,27
5/12/2026 14:00,14483,10.3,0.607,100,8316,97.53,26.7
5/12/2026 14:15,14487,10.3,0.607,100,8308,97.53,26
5/12/2026 14:30,14479,10.3,0.607,100,8312,97.54,25.4
5/12/2026 14:45,14464,10.3,0.607,100,8322,97.56,25.4
5/12/2026 15:00,14447,10.3,0.607,100,8337,97.57,26.2
5/12/2026 15:15,14432,10.3,0.605,100,8345,97.57,27
5/12/2026 15:30,14417,10.3,0.605,100,8351,97.58,28.2
5/12/2026 15:45,14402,10.3,0.605,100,8351,97.6,28.8
5/12/2026 16:00,14389,10.3,0.605,100,8351,97.62,28.1
5/12/2026 16:15,14378,10.3,0.605,100,8352,97.63,27.5
5/12/2026 16:30,14369,10.3,0.605,100,8355,97.64,28
5/12/2026 16:45,14360,10.3,0.605,100,8346,97.65,27.6
5/12/2026 17:00,14359,10.3,0.605,100,8342,97.67,26.2
5/12/2026 17:15,14371,10.3,0.605,100,8338,97.7,25.2
5/12/2026 17:30,14387,10.3,0.605,100,8348,97.72,24.8
5/12/2026 17:45,14403,10.3,0.607,100,8354,97.76,25.8
5/12/2026 18:00,14418,10.3,0.607,100,8355,97.8,26.3
5/12/2026 18:15,14434,10.3,0.607,100,8357,97.82,25.8
5/12/2026 18:30,14450,10.3,0.607,100,8350,97.83,24.9
5/12/2026 18:45,14463,10.3,0.607,100,8335,97.85,23.2
5/12/2026 19:00,14478,10.3,0.607,100,8331,97.86,21.7
5/12/2026 19:15,14490,10.3,0.607,100,8323,97.88,20.7
5/12/2026 19:30,14501,10.3,0.607,100,8317,97.9,19.9
5/12/2026 19:45,14511,10.3,0.607,100,8315,97.91,19.3
5/12/2026 20:00,14521,10.3,0.607,100,8310,97.92,18.8
5/12/2026 20:15,14530,10.3,0.607,100,8306,97.92,18.3
5/12/2026 20:30,14538,10.3,0.607,100,8306,97.93,17.9
5/12/2026 20:45,14545,10.3,0.607,100,8302,97.94,17.4
5/12/2026 21:00,14551,10.3,0.607,100,8299,97.95,16.9
5/12/2026 21:15,14556,10.3,0.605,100,8297,97.97,16.6
5/12/2026 21:30,14561,10.3,0.607,100,8294,97.98,16.4
5/12/2026 21:45,14565,10.3,0.607,100,8291,98,16.3
5/12/2026 22:00,14566,10.3,0.607,100,8290,98.02,16.3
5/12/2026 22:15,14557,10.3,0.607,100,8287,98.05,16.2
5/12/2026 22:30,14539,10.3,0.605,100,8284,98.07,16.1
5/12/2026 22:45,14516,10.3,0.605,100,8284,98.12,15.8
5/12/2026 23:00,14493,10.3,0.605,100,8281,98.14,15.2
5/12/2026 23:15,14472,10.3,0.605,100,8280,98.16,14.6
5/12/2026 23:30,14462,10.3,0.605,100,8278,98.18,14.2
5/12/2026 23:45,14459,10.3,0.605,100,8276,98.21,14
5/13/2026 0:00,14458,10.3,0.605,100,8275,98.23,13.6
5/13/2026 0:15,14458,10.3,0.607,100,8246,98.26,13.3
5/13/2026 0:30,14462,10.3,0.607,100,8260,98.28,12.8
5/13/2026 0:45,14468,10.3,0.607,100,8260,98.3,12.2
5/13/2026 1:00,14479,10.3,0.607,100,8259,98.3,11.7
5/13/2026 1:15,14490,10.3,0.607,100,8257,98.3,11.2
5/13/2026 1:30,14502,10.3,0.607,100,8257,98.3,10.8
5/13/2026 1:45,14512,10.3,0.607,100,8255,98.32,10.8
5/13/2026 2:00,14520,10.3,0.607,100,8256,98.33,10.7
5/13/2026 2:15,14526,10.3,0.607,100,8253,98.34,10.5
5/13/2026 2:30,14532,10.3,0.607,100,8253,98.36,10.3
5/13/2026 2:45,14537,10.3,0.607,100,8250,98.37,10
5/13/2026 3:00,14542,10.3,0.607,100,8250,98.38,9.8
5/13/2026 3:15,14546,10.3,0.607,100,8251,98.4,9.5
5/13/2026 3:30,14550,10.3,0.607,100,8250,98.41,9.2
5/13/2026 3:45,14554,10.3,0.608,100,8250,98.41,8.9
5/13/2026 4:00,14557,10.3,0.607,100,8246,98.42,8.6
5/13/2026 4:15,14559,10.3,0.607,100,8250,98.44,8.2
5/13/2026 4:30,14562,10.3,0.607,100,8247,98.44,7.9
5/13/2026 4:45,14564,10.3,0.607,100,8246,98.46,7.6
5/13/2026 5:00,14566,10.3,0.607,100,8247,98.48,7.3
5/13/2026 5:15,14565,10.3,0.607,100,8243,98.48,7.2
5/13/2026 5:30,14550,10.3,0.607,100,8243,98.48,7
5/13/2026 5:45,14530,10.3,0.607,100,8244,98.49,6.8
5/13/2026 6:00,14508,10.3,0.607,100,8242,98.49,6.6
5/13/2026 6:15,14492,10.3,0.607,100,8242,98.51,6.5
5/13/2026 6:30,14491,10.3,0.607,100,8240,98.53,6.5
5/13/2026 6:45,14496,10.3,0.607,100,8240,98.56,6.6
5/13/2026 7:00,14506,10.3,0.607,100,8240,98.58,6.9
5/13/2026 7:15,14518,10.3,0.607,100,8240,98.61,7.4
5/13/2026 7:30,14531,10.3,0.608,100,8240,98.64,8.2
5/13/2026 7:45,14547,10.3,0.607,100,8239,98.65,9
5/13/2026 8:00,14563,10.3,0.607,100,8237,98.66,9.4
5/13/2026 8:15,14579,10.3,0.607,100,8239,98.67,10
5/13/2026 8:30,14594,10.3,0.607,100,8237,98.69,12.5
5/13/2026 8:45,14608,10.3,0.607,100,8238,98.7,14.1
5/13/2026 9:00,14622,10.3,0.607,100,8238,98.7,14.8
5/13/2026 9:15,14633,10.3,0.607,100,8238,98.69,14.9
5/13/2026 9:30,14631,10.3,0.607,100,8236,98.68,14.4
5/13/2026 9:45,14621,10.3,0.607,100,8237,98.68,14.8
5/13/2026 10:00,14609,10.3,0.605,100,8235,98.67,14.8
5/13/2026 10:15,14596,10.3,0.605,100,8237,98.68,15.4
5/13/2026 10:30,14585,10.3,0.605,100,8236,98.68,16.2
5/13/2026 10:45,14574,10.3,0.605,100,8238,98.67,17.9
5/13/2026 11:00,14564,10.3,0.605,100,8242,98.67,18.8
5/13/2026 11:15,14557,10.3,0.605,100,8250,98.66,20
5/13/2026 11:30,14563,10.3,0.605,100,8260,98.65,21.2
5/13/2026 11:45,14577,10.3,0.605,100,8271,98.63,22
5/13/2026 12:00,14594,10.3,0.605,100,8283,98.62,22.7
5/13/2026 12:15,14613,10.3,0.607,100,8297,98.6,23.2
5/13/2026 12:30,14630,10.3,0.607,100,8310,98.58,23.8
5/13/2026 12:45,14647,10.3,0.607,100,8319,98.56,24.5
5/13/2026 13:00,14663,10.3,0.607,100,8331,98.55,25.1
5/13/2026 13:15,14676,10.3,0.605,100,8342,98.54,25.5
5/13/2026 13:30,14689,10.3,0.607,100,8352,98.53,26
5/13/2026 13:45,14699,10.3,0.607,100,8361,98.52,26.5
5/13/2026 14:00,14708,10.3,0.605,100,8358,98.52,27
5/13/2026 14:15,14718,10.3,0.605,100,8352,98.51,26.6
5/13/2026 14:30,14728,10.3,0.605,100,8349,98.49,25.8
5/13/2026 14:45,14738,10.3,0.607,100,8350,98.48,25.6
5/13/2026 15:00,14736,10.3,0.605,100,8367,98.48,26.6
5/13/2026 15:15,14724,10.3,0.607,100,8370,98.47,28.6
5/13/2026 15:30,14710,10.3,0.605,100,8373,98.46,29.9
5/13/2026 15:45,14698,10.3,0.605,100,8371,98.44,31.4
5/13/2026 16:00,14692,10.3,0.605,100,8367,98.42,32.6
5/13/2026 16:15,14698,10.3,0.605,100,8362,98.41,32.9
5/13/2026 16:30,14707,10.3,0.605,100,8357,98.41,32.6
5/13/2026 16:45,14719,10.3,0.605,100,8350,98.4,32.9
5/13/2026 17:00,14730,10.3,0.607,100,8348,98.39,33.2
5/13/2026 17:15,14741,10.3,0.607,100,8338,98.38,33.6
5/13/2026 17:30,14752,10.3,0.605,100,8332,98.37,33.4
5/13/2026 17:45,14761,10.3,0.605,100,8324,98.37,33.8
5/13/2026 18:00,14768,10.3,0.605,100,8320,98.36,33.9
5/13/2026 18:15,14771,10.3,0.605,100,8313,98.35,33.5
5/13/2026 18:30,14771,10.3,0.607,100,8303,98.35,32.8
5/13/2026 18:45,14768,10.3,0.607,100,8286,98.35,30.2
5/13/2026 19:00,14760,10.3,0.607,100,8276,98.35,27
5/13/2026 19:15,14739,10.3,0.605,100,8269,98.35,25
5/13/2026 19:30,14713,10.3,0.605,100,8262,98.36,23.5
5/13/2026 19:45,14690,10.3,0.607,100,8258,98.36,22.4
5/13/2026 20:00,14671,10.3,0.607,100,8254,98.35,21.4
5/13/2026 20:15,14652,10.3,0.605,100,8252,98.35,20.4
5/13/2026 20:30,14634,10.3,0.605,100,8250,98.36,19.3
5/13/2026 20:45,14619,10.3,0.605,100,8243,98.35,18.3
5/13/2026 21:00,14606,10.3,0.605,100,8244,98.36,17.3
5/13/2026 21:15,14594,10.3,0.605,100,8242,98.36,16.4
5/13/2026 21:30,14582,10.3,0.605,100,8237,98.38,15.6
5/13/2026 21:45,14573,10.3,0.605,100,8237,98.38,14.9
5/13/2026 22:00,14568,10.3,0.605,100,8235,98.38,14.2
5/13/2026 22:15,14576,10.3,0.605,100,8232,98.38,13.6
5/13/2026 22:30,14592,10.3,0.605,100,8232,98.38,13
5/13/2026 22:45,14610,10.3,0.605,100,8231,98.37,12.5
5/13/2026 23:00,14623,10.3,0.605,100,8228,98.36,12
5/13/2026 23:15,14623,10.3,0.605,100,8229,98.36,11.7
5/13/2026 23:30,14616,10.3,0.605,100,8227,98.35,11.4
5/13/2026 23:45,14608,10.3,0.605,100,8229,98.36,11.1
5/14/2026 0:00,14600,10.3,0.605,100,8224,98.35,10.8
5/14/2026 0:15,14593,10.3,0.605,100,8199,98.35,10.7
5/14/2026 0:30,14586,10.3,0.605,100,8215,98.35,10.4
5/14/2026 0:45,14579,10.3,0.605,100,8213,98.34,10.1
5/14/2026 1:00,14574,10.3,0.605,100,8212,98.33,9.8
5/14/2026 1:15,14582,10.3,0.605,100,8212,98.31,9.6
5/14/2026 1:30,14592,10.3,0.605,100,8211,98.31,9.4
5/14/2026 1:45,14603,10.3,0.607,100,8209,98.3,9.1
5/14/2026 2:00,14613,10.3,0.607,100,8210,98.3,8.9
5/14/2026 2:15,14623,10.3,0.607,100,8208,98.29,8.7
5/14/2026 2:30,14631,10.3,0.607,100,8209,98.29,8.6
5/14/2026 2:45,14639,10.3,0.607,100,8206,98.3,8.4
5/14/2026 3:00,14645,10.3,0.607,100,8209,98.3,8.2
5/14/2026 3:15,14650,10.3,0.607,100,8207,98.31,8.1
5/14/2026 3:30,14656,10.3,0.607,100,8205,98.3,7.9
5/14/2026 3:45,14661,10.3,0.607,100,8204,98.29,7.8
5/14/2026 4:00,14666,10.3,0.607,100,8204,98.29,7.6
5/14/2026 4:15,14670,10.3,0.607,100,8205,98.3,7.5
5/14/2026 4:30,14673,10.3,0.607,100,8205,98.3,7.3
5/14/2026 4:45,14678,10.3,0.608,100,8204,98.3,7.1
5/14/2026 5:00,14681,10.3,0.607,100,8202,98.28,6.9
5/14/2026 5:15,14681,10.3,0.607,100,8203,98.27,6.7
5/14/2026 5:30,14668,10.3,0.607,100,8202,98.26,6.5
5/14/2026 5:45,14650,10.3,0.607,100,8202,98.26,6.5
5/14/2026 6:00,14630,10.3,0.607,100,8201,98.26,6.7
5/14/2026 6:15,14609,10.3,0.607,100,8199,98.26,6.9
5/14/2026 6:30,14587,10.3,0.607,100,8200,98.26,7.1
5/14/2026 6:45,14565,10.3,0.607,100,8199,98.25,7.6
5/14/2026 7:00,14541,10.3,0.607,100,8201,98.24,8.2
5/14/2026 7:15,14514,10.3,0.607,100,8201,98.24,8.9
5/14/2026 7:30,14496,10.3,0.607,100,8202,98.23,10
5/14/2026 7:45,14487,10.3,0.607,100,8201,98.22,11.4
5/14/2026 8:00,14482,10.3,0.607,100,8202,98.22,12.4
5/14/2026 8:15,14477,10.3,0.607,100,8202,98.22,13.5
5/14/2026 8:30,14477,10.3,0.607,100,8202,98.22,16.1
5/14/2026 8:45,14480,10.3,0.607,100,8202,98.18,18.3
5/14/2026 9:00,14482,10.3,0.607,100,8202,98.15,19.2
5/14/2026 9:15,14484,10.3,0.607,100,8202,98.14,19.6
5/14/2026 9:30,14486,10.3,0.607,100,8203,98.14,19.7
5/14/2026 9:45,14488,10.3,0.607,100,8200,98.13,20
5/14/2026 10:00,14494,10.3,0.607,100,8201,98.11,20.3
5/14/2026 10:15,14500,10.3,0.607,100,8202,98.09,20.9
5/14/2026 10:30,14508,10.3,0.607,100,8201,98.08,21.6
5/14/2026 10:45,14515,10.3,0.607,100,8201,98.07,22.9
5/14/2026 11:00,14520,10.3,0.607,100,8203,98.07,23.8
5/14/2026 11:15,14520,10.3,0.608,100,8212,98.04,24.6
5/14/2026 11:30,14508,10.3,0.607,100,8218,98,25.6
5/14/2026 11:45,14491,10.3,0.607,100,8229,97.97,26.6
5/14/2026 12:00,14476,10.3,0.607,100,8239,97.94,27.3
5/14/2026 12:15,14465,10.3,0.607,100,8250,97.92,28
5/14/2026 12:30,14462,10.3,0.607,100,8257,97.9,28.2
5/14/2026 12:45,14475,10.3,0.607,100,8269,97.89,28.4
5/14/2026 13:00,14495,10.3,0.607,100,8278,97.87,29
5/14/2026 13:15,14520,10.3,0.607,100,8290,97.81,29.4
5/14/2026 13:30,14545,10.3,0.607,100,8293,97.77,30.1
5/14/2026 13:45,14570,10.3,0.607,100,8303,97.73,30.5
5/14/2026 14:00,14596,10.3,0.607,100,8307,97.69,31
5/14/2026 14:15,14622,10.3,0.607,100,8296,97.65,30.8
5/14/2026 14:30,14644,10.3,0.607,100,8293,97.62,29.9
5/14/2026 14:45,14666,10.3,0.607,100,8291,97.56,29.9
5/14/2026 15:00,14681,10.3,0.607,100,8293,97.54,29.9
5/14/2026 15:15,14681,10.3,0.607,100,8297,97.53,30.6
5/14/2026 15:30,14670,10.3,0.607,100,8297,97.55,30.9
5/14/2026 15:45,14656,10.3,0.605,100,8299,97.55,30.9
5/14/2026 16:00,14644,10.3,0.605,100,8297,97.53,31.2
5/14/2026 16:15,14640,10.3,0.605,100,8297,97.49,31.5
5/14/2026 16:30,14652,10.3,0.607,100,8300,97.44,31.7
5/14/2026 16:45,14666,10.3,0.607,100,8301,97.42,32.3
5/14/2026 17:00,14679,10.3,0.607,100,8297,97.42,32.4
5/14/2026 17:15,14688,10.3,0.607,100,8284,97.45,31.1
5/14/2026 17:30,14694,10.3,0.605,100,8274,97.46,29
5/14/2026 17:45,14698,10.3,0.607,100,8266,97.44,27.3
5/14/2026 18:00,14699,10.3,0.605,100,8259,97.46,26.2
5/14/2026 18:15,14696,10.3,0.607,100,8253,97.51,25.2
5/14/2026 18:30,14692,10.3,0.607,100,8249,97.55,24
5/14/2026 18:45,14690,10.3,0.607,100,8244,97.55,22.4
5/14/2026 19:00,14685,10.3,0.607,100,8240,97.55,21.6
5/14/2026 19:15,14665,10.3,0.607,100,8238,97.67,21
5/14/2026 19:30,14638,10.3,0.605,100,8236,97.76,18.2
5/14/2026 19:45,14616,10.3,0.605,100,8231,97.75,16.7
5/14/2026 20:00,14596,10.3,0.605,100,8230,97.74,15.9
5/14/2026 20:15,14582,10.3,0.605,100,8230,97.74,15.4
5/14/2026 20:30,14574,10.3,0.605,100,8227,97.69,15
5/14/2026 20:45,14567,10.3,0.605,100,8223,97.66,14.7
5/14/2026 21:00,14570,10.3,0.605,100,8221,97.63,14.5
5/14/2026 21:15,14587,10.3,0.605,100,8221,97.61,14.3
5/14/2026 21:30,14607,10.3,0.607,100,8220,97.6,14.2
5/14/2026 21:45,14631,10.3,0.607,100,8218,97.57,14.2
5/14/2026 22:00,14654,10.3,0.607,100,8218,97.56,14.4
5/14/2026 22:15,14676,10.3,0.605,100,8218,97.55,14.6
5/14/2026 22:30,14695,10.3,0.605,100,8216,97.52,14.9
5/14/2026 22:45,14715,10.3,0.607,100,8215,97.5,15.2
5/14/2026 23:00,14733,10.3,0.607,100,8214,97.48,15.5
5/14/2026 23:15,14751,10.3,0.607,100,8212,97.46,15.7
5/14/2026 23:30,14757,10.3,0.607,100,8213,97.43,15.8
5/14/2026 23:45,14754,10.3,0.605,100,8211,97.42,15.9
5/15/2026 0:00,14747,10.3,0.605,100,8210,97.41,16
5/15/2026 0:15,14738,10.3,0.605,100,8207,97.41,16.2
5/15/2026 0:30,14728,10.3,0.605,100,8206,97.39,16.3
5/15/2026 0:45,14726,10.3,0.605,100,8205,97.37,16.4
5/15/2026 1:00,14725,10.3,0.605,100,8205,97.35,16.4
5/15/2026 1:15,14720,10.3,0.605,100,8201,97.34,16.4
5/15/2026 1:30,14710,10.3,0.605,100,8204,97.33,16.5
5/15/2026 1:45,14698,10.3,0.607,100,8205,97.32,16.6
5/15/2026 2:00,14685,10.3,0.607,100,8200,97.3,16.6
5/15/2026 2:15,14673,10.3,0.607,100,8201,97.24,16.5
5/15/2026 2:30,14653,10.3,0.607,100,8200,97.24,16.2
5/15/2026 2:45,14634,10.3,0.607,100,8197,97.24,15.9
5/15/2026 3:00,14615,10.3,0.607,100,8199,97.23,15.8
5/15/2026 3:15,14596,10.3,0.607,100,8198,97.22,15.6
5/15/2026 3:30,14578,10.3,0.607,100,8193,97.21,15.4
5/15/2026 3:45,14559,10.3,0.607,100,8196,97.21,15.2
5/15/2026 4:00,14542,10.3,0.607,100,8193,97.2,15.3
5/15/2026 4:15,14520,10.3,0.607,100,8193,97.2,15.3
5/15/2026 4:30,14488,10.3,0.608,100,8190,97.2,15.2
5/15/2026 4:45,14451,10.3,0.607,100,8192,97.21,15.2
5/15/2026 5:00,14415,10.3,0.607,100,8191,97.21,15.2
5/15/2026 5:15,14390,10.3,0.607,100,8190,97.2,15.2
5/15/2026 5:30,14377,10.3,0.607,100,8189,97.19,15.2
5/15/2026 5:45,14368,10.3,0.607,100,8190,97.19,15.1
5/15/2026 6:00,14360,10.3,0.607,100,8189,97.19,14.9
5/15/2026 6:15,14354,10.3,0.608,100,8185,97.21,14.9
5/15/2026 6:30,14348,10.3,0.608,100,8189,97.22,14.8
5/15/2026 6:45,14341,10.3,0.608,100,8185,97.24,14.9
5/15/2026 7:00,14335,10.3,0.608,100,8186,97.26,15.1
5/15/2026 7:15,14328,10.3,0.607,100,8184,97.27,15.3
5/15/2026 7:30,14320,10.3,0.607,100,8183,97.28,15.6
5/15/2026 7:45,14312,10.3,0.608,100,8181,97.29,16
5/15/2026 8:00,14304,10.3,0.608,100,8183,97.3,16.3
5/15/2026 8:15,14297,10.3,0.607,100,8181,97.3,16.7
5/15/2026 8:30,14291,10.3,0.607,100,8182,97.29,18.4
5/15/2026 8:45,14288,10.3,0.607,100,8180,97.29,19.6
5/15/2026 9:00,14287,10.3,0.607,100,8180,97.29,20.2
5/15/2026 9:15,14280,10.3,0.607,100,8182,97.29,20.6
5/15/2026 9:30,14264,10.3,0.607,100,8180,97.28,20.4
5/15/2026 9:45,14245,10.3,0.608,100,8178,97.27,20.8
5/15/2026 10:00,14226,10.3,0.608,100,8176,97.26,21.3
5/15/2026 10:15,14208,10.3,0.608,100,8175,97.26,22
5/15/2026 10:30,14194,10.3,0.607,100,8177,97.24,22.7
5/15/2026 10:45,14179,10.3,0.607,100,8177,97.24,24.2
5/15/2026 11:00,14168,10.3,0.607,100,8179,97.23,25.4
5/15/2026 11:15,14162,10.3,0.608,100,8185,97.22,26.6
5/15/2026 11:30,14170,10.3,0.608,100,8196,97.21,29
5/15/2026 11:45,14183,10.3,0.607,100,8205,97.22,30.4
5/15/2026 12:00,14200,10.3,0.608,100,8216,97.22,31.2
5/15/2026 12:15,14217,10.3,0.607,100,8227,97.21,31.9
5/15/2026 12:30,14235,10.3,0.607,100,8236,97.21,32.7
5/15/2026 12:45,14253,10.3,0.607,100,8243,97.19,33.5
5/15/2026 13:00,14269,10.3,0.608,100,8250,97.19,34.4
5/15/2026 13:15,14283,10.3,0.608,100,8260,97.19,35
5/15/2026 13:30,14298,10.3,0.608,100,8262,97.18,35.6
5/15/2026 13:45,14311,10.3,0.608,100,8265,97.17,36.4
5/15/2026 14:00,14323,10.3,0.608,100,8265,97.17,37.1
5/15/2026 14:15,14333,10.3,0.608,100,8248,97.16,36
5/15/2026 14:30,14341,10.3,0.607,100,8243,97.16,34.8
5/15/2026 14:45,14335,10.3,0.607,100,8242,97.15,34.6
5/15/2026 15:00,14320,10.3,0.607,100,8251,97.14,35.3
5/15/2026 15:15,14304,10.3,0.608,100,8256,97.12,37.2
5/15/2026 15:30,14288,10.3,0.608,100,8262,97.1,39.1
5/15/2026 15:45,14278,10.3,0.607,100,8256,97.08,40.8
5/15/2026 16:00,14282,10.3,0.607,100,8251,97.06,42
5/15/2026 16:15,14290,10.3,0.607,100,8238,97.05,42.2
5/15/2026 16:30,14300,10.3,0.607,100,8230,97.03,42.2
5/15/2026 16:45,14309,10.3,0.607,100,8221,97.02,43.2
5/15/2026 17:00,14320,10.3,0.607,100,8214,97.01,43.1
5/15/2026 17:15,14331,10.3,0.607,100,8200,97,42.6
5/15/2026 17:30,14341,10.3,0.607,100,8181,96.99,39.5
5/15/2026 17:45,14351,10.3,0.607,100,8177,96.98,36.7
5/15/2026 18:00,14361,10.3,0.607,100,8178,96.95,36.3
5/15/2026 18:15,14373,10.3,0.607,100,8181,96.91,37.1
5/15/2026 18:30,14382,10.3,0.607,100,8174,96.9,36.7
5/15/2026 18:45,14386,10.3,0.607,100,8168,96.9,34.6
5/15/2026 19:00,14376,10.3,0.607,100,8165,96.92,33
5/15/2026 19:15,14359,10.3,0.607,100,8155,96.94,31.9
5/15/2026 19:30,14340,10.3,0.607,100,8156,96.95,30.8
5/15/2026 19:45,14322,10.3,0.607,100,8151,96.94,29.8
5/15/2026 20:00,14311,10.3,0.607,100,8147,96.96,28.8
5/15/2026 20:15,14312,10.3,0.605,100,8142,96.94,27.7
5/15/2026 20:30,14319,10.3,0.607,100,8142,96.93,26.6
5/15/2026 20:45,14327,10.3,0.605,100,8139,96.92,25.8
5/15/2026 21:00,14332,10.3,0.607,100,8137,96.95,24.9
5/15/2026 21:15,14336,10.3,0.607,100,8133,97,24
5/15/2026 21:30,14337,10.3,0.607,100,8133,97.08,23.2
5/15/2026 21:45,14338,10.3,0.607,100,8128,97.17,22.6
5/15/2026 22:00,14336,10.3,0.607,100,8129,97.21,22
5/15/2026 22:15,14321,10.3,0.607,100,8127,97.24,21.6
5/15/2026 22:30,14305,10.3,0.605,100,8128,97.23,21.8
5/15/2026 22:45,14289,10.3,0.605,100,8125,97.2,22
5/15/2026 23:00,14272,10.3,0.605,100,8124,97.2,21.8
5/15/2026 23:15,14253,10.3,0.605,100,8125,97.25,21.4
5/15/2026 23:30,14239,10.3,0.605,100,8123,97.27,21
5/15/2026 23:45,14227,10.3,0.605,100,8121,97.24,20.7
5/16/2026 0:00,14216,10.3,0.605,100,8122,97.24,20.3
5/16/2026 0:15,14207,10.3,0.605,100,8098,97.26,20.1
5/16/2026 0:30,14210,10.3,0.605,100,8110,97.28,19.8
5/16/2026 0:45,14225,10.3,0.605,100,8108,97.3,19.4
5/16/2026 1:00,14246,10.3,0.605,100,8109,97.32,19.2
5/16/2026 1:15,14270,10.3,0.607,100,8107,97.33,18.8
5/16/2026 1:30,14294,10.3,0.607,100,8107,97.31,18.4
5/16/2026 1:45,14319,10.3,0.607,100,8109,97.28,18
5/16/2026 2:00,14343,10.3,0.607,100,8105,97.25,17.4
5/16/2026 2:15,14363,10.3,0.607,100,8107,97.24,16.7
5/16/2026 2:30,14380,10.3,0.607,100,8102,97.24,16
5/16/2026 2:45,14396,10.3,0.607,100,8104,97.26,15.5
5/16/2026 3:00,14404,10.3,0.607,100,8101,97.25,15.1
5/16/2026 3:15,14400,10.3,0.607,100,8103,97.24,14.7
5/16/2026 3:30,14391,10.3,0.607,100,8101,97.24,14.2
5/16/2026 3:45,14379,10.3,0.605,100,8100,97.3,13.8
5/16/2026 4:00,14377,10.3,0.605,100,8099,97.32,13.6
5/16/2026 4:15,14387,10.3,0.605,100,8100,97.35,13.4
5/16/2026 4:30,14403,10.3,0.605,100,8097,97.38,13.2
5/16/2026 4:45,14420,10.3,0.607,100,8101,97.42,12.9
5/16/2026 5:00,14439,10.3,0.607,100,8098,97.45,12.7
5/16/2026 5:15,14457,10.3,0.607,100,8097,97.47,12.5
5/16/2026 5:30,14475,10.3,0.607,100,8096,97.5,12.3
5/16/2026 5:45,14493,10.3,0.607,100,8095,97.51,12.1
5/16/2026 6:00,14510,10.3,0.607,100,8095,97.52,11.9
5/16/2026 6:15,14526,10.3,0.607,100,8095,97.55,11.8
5/16/2026 6:30,14541,10.3,0.607,100,8096,97.57,11.8
5/16/2026 6:45,14555,10.3,0.607,100,8095,97.59,11.9
5/16/2026 7:00,14567,10.3,0.607,100,8095,97.63,12.2
5/16/2026 7:15,14580,10.3,0.607,100,8097,97.67,12.7
5/16/2026 7:30,14593,10.3,0.607,100,8095,97.68,13.4
5/16/2026 7:45,14604,10.3,0.607,100,8097,97.68,14.5
5/16/2026 8:00,14612,10.3,0.607,100,8099,97.69,15.5
5/16/2026 8:15,14616,10.3,0.607,100,8095,97.71,16.6
5/16/2026 8:30,14619,10.3,0.607,100,8097,97.71,17.9
5/16/2026 8:45,14617,10.3,0.607,100,8098,97.71,19.4
5/16/2026 9:00,14615,10.3,0.607,100,8098,97.71,21.3
5/16/2026 9:15,14609,10.3,0.607,100,8098,97.72,21.5
5/16/2026 9:30,14603,10.3,0.607,100,8099,97.72,21.6
5/16/2026 9:45,14585,10.3,0.607,100,8095,97.73,22
5/16/2026 10:00,14557,10.3,0.607,100,8095,97.71,22.5
5/16/2026 10:15,14522,10.3,0.607,100,8096,97.72,23.1
5/16/2026 10:30,14487,10.3,0.607,100,8097,97.72,23.6
5/16/2026 10:45,14451,10.3,0.607,100,8101,97.72,24.4
5/16/2026 11:00,14420,10.3,0.607,100,8103,97.73,25.6
5/16/2026 11:15,14405,10.3,0.607,100,8110,97.72,26.1
5/16/2026 11:30,14398,10.3,0.607,100,8118,97.72,27.6
5/16/2026 11:45,14394,10.3,0.607,100,8127,97.74,28.5
5/16/2026 12:00,14392,10.3,0.607,100,8136,97.75,29
5/16/2026 12:15,14392,10.3,0.607,100,8143,97.75,29.4
5/16/2026 12:30,14394,10.3,0.608,100,8154,97.75,29.7
5/16/2026 12:45,14398,10.3,0.608,100,8165,97.74,29.7
5/16/2026 13:00,14401,10.3,0.608,100,8180,97.74,30.6
5/16/2026 13:15,14406,10.3,0.607,100,8190,97.74,31.4
5/16/2026 13:30,14410,10.3,0.608,100,8199,97.75,31.9
5/16/2026 13:45,14414,10.3,0.607,100,8211,97.75,32.2
5/16/2026 14:00,14407,10.3,0.607,100,8218,97.77,33
5/16/2026 14:15,14393,10.3,0.608,100,8210,97.76,32.8
5/16/2026 14:30,14377,10.3,0.608,100,8205,97.75,31.7
5/16/2026 14:45,14360,10.3,0.608,100,8206,97.75,31.4
5/16/2026 15:00,14343,10.3,0.608,100,8222,97.74,32
5/16/2026 15:15,14329,10.3,0.607,100,8236,97.73,34.2
5/16/2026 15:30,14315,10.3,0.607,100,8240,97.74,35.7
5/16/2026 15:45,14303,10.3,0.607,100,8244,97.74,36.9
5/16/2026 16:00,14294,10.3,0.607,100,8247,97.72,37.7
5/16/2026 16:15,14296,10.3,0.607,100,8246,97.72,38.5
5/16/2026 16:30,14306,10.3,0.608,100,8244,97.72,38.8
5/16/2026 16:45,14318,10.3,0.608,100,8239,97.72,39.2
5/16/2026 17:00,14329,10.3,0.608,100,8234,97.72,39.8
5/16/2026 17:15,14338,10.3,0.608,100,8228,97.72,39.8
5/16/2026 17:30,14346,10.3,0.608,100,8221,97.73,39.1
5/16/2026 17:45,14351,10.3,0.608,100,8209,97.73,38.2
5/16/2026 18:00,14355,10.3,0.608,100,8202,97.73,36.4
5/16/2026 18:15,14361,10.3,0.608,100,8199,97.72,35.6
5/16/2026 18:30,14368,10.3,0.608,100,8195,97.71,33.8
5/16/2026 18:45,14375,10.3,0.608,100,8189,97.7,31.8
5/16/2026 19:00,14383,10.3,0.608,100,8180,97.69,29.7
5/16/2026 19:15,14390,10.3,0.608,100,8174,97.69,28
5/16/2026 19:30,14397,10.3,0.608,100,8171,97.68,26.9
5/16/2026 19:45,14404,10.3,0.608,100,8166,97.66,26
5/16/2026 20:00,14410,10.3,0.608,100,8167,97.66,25.1
5/16/2026 20:15,14417,10.3,0.608,100,8160,97.65,24.2
5/16/2026 20:30,14423,10.3,0.608,100,8158,97.66,23.3
5/16/2026 20:45,14429,10.3,0.607,100,8154,97.67,22.4
5/16/2026 21:00,14428,10.3,0.608,100,8153,97.68,21.5
5/16/2026 21:15,14419,10.3,0.608,100,8153,97.67,20.8
5/16/2026 21:30,14404,10.3,0.607,100,8148,97.71,20.3
5/16/2026 21:45,14391,10.3,0.607,100,8148,97.73,19.9
5/16/2026 22:00,14379,10.3,0.607,100,8146,97.74,19.7
5/16/2026 22:15,14371,10.3,0.605,100,8145,97.74,19.3
5/16/2026 22:30,14371,10.3,0.607,100,8145,97.77,18.8
5/16/2026 22:45,14387,10.3,0.607,100,8140,97.74,18.1
5/16/2026 23:00,14407,10.3,0.607,100,8141,97.7,17.5
5/16/2026 23:15,14422,10.3,0.607,100,8139,97.76,17.1
5/16/2026 23:30,14442,10.3,0.607,100,8139,97.75,17
5/16/2026 23:45,14463,10.3,0.607,100,8139,97.72,16.8
5/17/2026 0:00,14481,10.3,0.607,100,8139,97.73,16.6
5/17/2026 0:15,14497,10.3,0.607,100,8115,97.74,16.9
5/17/2026 0:30,14514,10.3,0.607,100,8126,97.73,17.1
5/17/2026 0:45,14529,10.3,0.607,100,8124,97.73,17.2
5/17/2026 1:00,14539,10.3,0.607,100,8126,97.77,17.2
5/17/2026 1:15,14549,10.3,0.607,100,8124,97.79,17.2
5/17/2026 1:30,14556,10.3,0.607,100,8122,97.83,17.1
5/17/2026 1:45,14551,10.3,0.607,100,8123,97.87,17
5/17/2026 2:00,14537,10.3,0.607,100,8123,97.87,17
5/17/2026 2:15,14523,10.3,0.607,100,8123,97.83,16.7
5/17/2026 2:30,14507,10.3,0.607,100,8123,97.83,16.4
5/17/2026 2:45,14499,10.3,0.605,100,8121,97.77,16.3
5/17/2026 3:00,14502,10.3,0.605,100,8120,97.74,16.1
5/17/2026 3:15,14508,10.3,0.605,100,8120,97.77,16
5/17/2026 3:30,14517,10.3,0.607,100,8117,97.79,15.8
5/17/2026 3:45,14528,10.3,0.607,100,8117,97.77,15.5
5/17/2026 4:00,14539,10.3,0.607,100,8117,97.75,15.2
5/17/2026 4:15,14548,10.3,0.607,100,8115,97.76,14.9
5/17/2026 4:30,14557,10.3,0.607,100,8115,97.75,14.6
5/17/2026 4:45,14566,10.3,0.607,100,8115,97.71,14.4
5/17/2026 5:00,14573,10.3,0.607,100,8113,97.69,14.3
5/17/2026 5:15,14580,10.3,0.607,100,8114,97.67,14.2
5/17/2026 5:30,14587,10.3,0.607,100,8113,97.64,14
5/17/2026 5:45,14592,10.3,0.607,100,8114,97.61,13.9
5/17/2026 6:00,14598,10.3,0.607,100,8110,97.58,13.7
5/17/2026 6:15,14602,10.3,0.607,100,8110,97.55,13.5
5/17/2026 6:30,14606,10.3,0.607,100,8111,97.53,13.3
5/17/2026 6:45,14609,10.3,0.607,100,8110,97.51,13.2
5/17/2026 7:00,14611,10.3,0.607,100,8111,97.51,13.2
5/17/2026 7:15,14611,10.3,0.607,100,8110,97.55,13.3
5/17/2026 7:30,14613,10.3,0.607,100,8108,97.57,13.5
5/17/2026 7:45,14613,10.3,0.607,100,8109,97.61,13.7
5/17/2026 8:00,14615,10.3,0.607,100,8108,97.62,14
5/17/2026 8:15,14618,10.3,0.607,100,8110,97.61,14.3
5/17/2026 8:30,14620,10.3,0.607,100,8108,97.62,14.6
5/17/2026 8:45,14619,10.3,0.607,100,8110,97.62,15
5/17/2026 9:00,14605,10.3,0.607,100,8110,97.63,15.3
5/17/2026 9:15,14585,10.3,0.607,100,8110,97.64,15.7
5/17/2026 9:30,14566,10.3,0.607,100,8110,97.61,16.2
5/17/2026 9:45,14548,10.3,0.607,100,8112,97.57,16.6
5/17/2026 10:00,14529,10.3,0.605,100,8114,97.55,17.5
5/17/2026 10:15,14512,10.3,0.605,100,8118,97.54,18.2
5/17/2026 10:30,14508,10.3,0.605,100,8120,97.52,18.9
5/17/2026 10:45,14513,10.3,0.607,100,8124,97.51,19.7
5/17/2026 11:00,14520,10.3,0.607,100,8127,97.5,20.2
5/17/2026 11:15,14528,10.3,0.607,100,8131,97.5,20.7
5/17/2026 11:30,14537,10.3,0.607,100,8144,97.48,22.6
5/17/2026 11:45,14546,10.3,0.607,100,8154,97.46,24.9
5/17/2026 12:00,14553,10.3,0.607,100,8166,97.46,25.8
5/17/2026 12:15,14560,10.3,0.607,100,8174,97.46,26.1
5/17/2026 12:30,14566,10.3,0.607,100,8172,97.43,26
5/17/2026 12:45,14572,10.3,0.607,100,8171,97.4,24.8
5/17/2026 13:00,14578,10.3,0.607,100,8172,97.37,24.2
5/17/2026 13:15,14584,10.3,0.607,100,8174,97.36,23.8
5/17/2026 13:30,14589,10.3,0.607,100,8183,97.35,24.2
5/17/2026 13:45,14589,10.3,0.607,100,8175,97.38,24.1
5/17/2026 14:00,14580,10.3,0.607,100,8177,97.36,23.2
5/17/2026 14:15,14567,10.3,0.607,100,8178,97.3,23.8
5/17/2026 14:30,14550,10.3,0.605,100,8182,97.27,24.6
5/17/2026 14:45,14537,10.3,0.605,100,8184,97.23,25.2
5/17/2026 15:00,14535,10.3,0.605,100,8205,97.2,25.8
5/17/2026 15:15,14542,10.3,0.605,100,8226,97.19,28.2
5/17/2026 15:30,14552,10.3,0.607,100,8236,97.19,30.8
5/17/2026 15:45,14563,10.3,0.607,100,8246,97.17,32
5/17/2026 16:00,14576,10.3,0.607,100,8249,97.14,32.2
5/17/2026 16:15,14585,10.3,0.607,100,8243,97.16,31.2
5/17/2026 16:30,14596,10.3,0.605,100,8251,97.15,29.7
5/17/2026 16:45,14605,10.3,0.607,100,8256,97.15,29.9
5/17/2026 17:00,14613,10.3,0.605,100,8246,97.17,28.9
5/17/2026 17:15,14618,10.3,0.607,100,8240,97.23,26.6
5/17/2026 17:30,14623,10.3,0.607,100,8255,97.27,26.2
5/17/2026 17:45,14629,10.3,0.607,100,8255,97.28,27.3
5/17/2026 18:00,14635,10.3,0.607,100,8253,97.25,26.6
5/17/2026 18:15,14626,10.3,0.605,100,8246,97.23,25.2
5/17/2026 18:30,14608,10.3,0.607,100,8238,97.24,23.6
5/17/2026 18:45,14590,10.3,0.607,100,8237,97.23,22.2
5/17/2026 19:00,14573,10.3,0.607,100,8233,97.19,20.8
5/17/2026 19:15,14563,10.3,0.605,100,8226,97.21,19.6
5/17/2026 19:30,14564,10.3,0.605,100,8223,97.23,18.7
5/17/2026 19:45,14572,10.3,0.605,100,8221,97.2,17.9
5/17/2026 20:00,14579,10.3,0.605,100,8221,97.18,17.1
5/17/2026 20:15,14586,10.3,0.607,100,8217,97.17,16.5
5/17/2026 20:30,14589,10.3,0.607,100,8218,97.23,16
5/17/2026 20:45,14593,10.3,0.607,100,8213,97.26,15.6
5/17/2026 21:00,14601,10.3,0.607,100,8212,97.23,15.3
5/17/2026 21:15,14606,10.3,0.607,100,8208,97.24,15
5/17/2026 21:30,14608,10.3,0.607,100,8207,97.24,14.8
5/17/2026 21:45,14597,10.3,0.607,100,8208,97.21,14.6
5/17/2026 22:00,14582,10.3,0.607,100,8205,97.16,14.4
5/17/2026 22:15,14560,10.3,0.607,100,8204,97.19,14.2
5/17/2026 22:30,14538,10.3,0.607,100,8203,97.22,14
5/17/2026 22:45,14521,10.3,0.605,100,8202,97.19,13.7
5/17/2026 23:00,14504,10.3,0.605,100,8201,97.16,13.3
5/17/2026 23:15,14495,10.3,0.605,100,8199,97.06,12.9
5/17/2026 23:30,14475,10.3,0.605,100,8200,97.13,12.6
5/17/2026 23:45,14451,10.3,0.605,100,8196,97.27,12.4
5/18/2026 0:00,14439,10.3,0.605,100,8194,97.24,12.4
5/18/2026 0:15,14437,10.3,0.605,100,8165,97.23,12.6
5/18/2026 0:30,14450,10.3,0.605,100,8181,97.15,12.8
5/18/2026 0:45,14465,10.3,0.605,100,8183,97.11,12.9
5/18/2026 1:00,14482,10.3,0.605,100,8182,97.07,13
5/18/2026 1:15,14496,10.3,0.605,100,8182,97.07,13.1
5/18/2026 1:30,14514,10.3,0.607,100,8182,97.04,13.3
5/18/2026 1:45,14534,10.3,0.605,100,8180,96.98,13.5
5/18/2026 2:00,14560,10.3,0.605,100,8178,96.8,13.7
5/18/2026 2:15,14574,10.3,0.607,100,8180,96.81,13.8
5/18/2026 2:30,14593,10.3,0.607,100,8180,96.74,13.8
5/18/2026 2:45,14605,10.3,0.605,100,8179,96.77,14
5/18/2026 3:00,14610,10.3,0.607,100,8177,96.89,14.2
5/18/2026 3:15,14618,10.3,0.605,100,8175,96.98,14.5
5/18/2026 3:30,14623,10.3,0.605,100,8177,97.1,14.7
5/18/2026 3:45,14633,10.3,0.607,100,8177,97.14,14.8
5/18/2026 4:00,14644,10.3,0.607,100,8174,97.15,14.8
5/18/2026 4:15,14656,10.3,0.607,100,8171,97.14,14.8
5/18/2026 4:30,14666,10.3,0.605,100,8174,97.15,14.8
5/18/2026 4:45,14675,10.3,0.605,100,8172,97.18,14.8
5/18/2026 5:00,14684,10.3,0.607,100,8172,97.19,14.8
5/18/2026 5:15,14693,10.3,0.607,100,8171,97.18,14.8
5/18/2026 5:30,14701,10.3,0.607,100,8171,97.16,14.8
5/18/2026 5:45,14709,10.3,0.605,100,8169,97.16,14.7
5/18/2026 6:00,14717,10.3,0.605,100,8167,97.15,14.6
5/18/2026 6:15,14725,10.3,0.607,100,8167,97.16,14.7
5/18/2026 6:30,14733,10.3,0.607,100,8166,97.16,14.8
5/18/2026 6:45,14738,10.3,0.607,100,8166,97.18,14.9
5/18/2026 7:00,14745,10.3,0.607,100,8167,97.2,15
5/18/2026 7:15,14753,10.3,0.607,100,8163,97.18,15.2
5/18/2026 7:30,14762,10.3,0.607,100,8164,97.14,15.5
5/18/2026 7:45,14768,10.3,0.607,100,8161,97.12,15.8
5/18/2026 8:00,14762,10.3,0.607,100,8163,97.1,16.1
5/18/2026 8:15,14746,10.3,0.607,100,8161,97.11,16.4
5/18/2026 8:30,14729,10.3,0.605,100,8163,97.13,17.1
5/18/2026 8:45,14713,10.3,0.605,100,8159,97.15,17.7
5/18/2026 9:00,14700,10.3,0.605,100,8160,97.17,18.4
5/18/2026 9:15,14701,10.3,0.605,100,8161,97.18,19.1
5/18/2026 9:30,14707,10.3,0.605,100,8162,97.21,19.5
5/18/2026 9:45,14715,10.3,0.605,100,8162,97.22,19.6
5/18/2026 10:00,14724,10.3,0.607,100,8161,97.23,19.6
5/18/2026 10:15,14733,10.3,0.607,100,8158,97.24,19.5
5/18/2026 10:30,14740,10.3,0.607,100,8159,97.26,19.4
5/18/2026 10:45,14746,10.3,0.607,100,8155,97.28,19.4
5/18/2026 11:00,14752,10.3,0.607,100,8155,97.31,19.5
5/18/2026 11:15,14754,10.3,0.607,100,8157,97.32,19.5
5/18/2026 11:30,14743,10.3,0.607,100,8155,97.35,19.6
5/18/2026 11:45,14727,10.3,0.607,100,8157,97.36,19.7
5/18/2026 12:00,14709,10.3,0.607,100,8161,97.35,20.2
5/18/2026 12:15,14694,10.3,0.605,100,8174,97.31,21.4
5/18/2026 12:30,14678,10.3,0.605,100,8171,97.33,22.5
5/18/2026 12:45,14664,10.3,0.605,100,8171,97.34,21.9
5/18/2026 13:00,14651,10.3,0.605,100,8175,97.33,21.6
5/18/2026 13:15,14638,10.3,0.604,100,8177,97.35,22.3
5/18/2026 13:30,14625,10.3,0.605,100,8177,97.4,22.1
5/18/2026 13:45,14628,10.3,0.605,100,8174,97.41,21.5
5/18/2026 14:00,14638,10.3,0.605,100,8171,97.42,20.9
5/18/2026 14:15,14651,10.3,0.605,100,8169,97.44,20.3
5/18/2026 14:30,14664,10.3,0.605,100,8169,97.47,20
5/18/2026 14:45,14678,10.3,0.607,100,8169,97.48,19.6
5/18/2026 15:00,14691,10.3,0.605,100,8164,97.48,19.1
5/18/2026 15:15,14702,10.3,0.607,100,8161,97.49,18.8
5/18/2026 15:30,14715,10.3,0.607,100,8162,97.46,18.5
5/18/2026 15:45,14728,10.3,0.607,100,8164,97.45,18.3
5/18/2026 16:00,14740,10.3,0.605,100,8160,97.43,18.1
5/18/2026 16:15,14751,10.3,0.605,100,8160,97.43,18
5/18/2026 16:30,14760,10.3,0.607,100,8162,97.46,18
5/18/2026 16:45,14770,10.3,0.607,100,8158,97.43,17.9
5/18/2026 17:00,14781,10.3,0.607,100,8158,97.4,18
5/18/2026 17:15,14789,10.3,0.607,100,8156,97.41,18.4
5/18/2026 17:30,14799,10.3,0.607,100,8158,97.38,18.6
5/18/2026 17:45,14806,10.3,0.605,100,8159,97.4,18.8
5/18/2026 18:00,14812,10.3,0.607,100,8157,97.43,18.8
5/18/2026 18:15,14820,10.3,0.607,100,8156,97.42,18.6
5/18/2026 18:30,14826,10.3,0.607,100,8155,97.43,18.5
5/18/2026 18:45,14833,10.3,0.607,100,8154,97.41,18.4
5/18/2026 19:00,14839,10.3,0.607,100,8151,97.42,18.2
5/18/2026 19:15,14847,10.3,0.605,100,8151,97.36,18
5/18/2026 19:30,14840,10.3,0.605,100,8150,97.33,17.9
5/18/2026 19:45,14821,10.3,0.605,100,8147,97.37,17.7
5/18/2026 20:00,14801,10.3,0.605,100,8148,97.42,17.5
5/18/2026 20:15,14779,10.3,0.605,100,8146,97.53,17
5/18/2026 20:30,14774,10.3,0.605,100,8143,97.51,16.4
5/18/2026 20:45,14788,10.3,0.605,100,8142,97.34,16.1
5/18/2026 21:00,14801,10.3,0.605,100,8141,97.24,15.9
5/18/2026 21:15,14810,10.3,0.605,100,8143,97.19,15.7
5/18/2026 21:30,14813,10.3,0.605,100,8141,97.24,15.6
5/18/2026 21:45,14812,10.3,0.605,100,8139,97.3,15.5
5/18/2026 22:00,14809,10.3,0.605,100,8142,97.39,15.5
5/18/2026 22:15,14808,10.3,0.605,100,8139,97.39,15.6
5/18/2026 22:30,14798,10.3,0.605,100,8139,97.33,15.6
5/18/2026 22:45,14779,10.3,0.605,100,8137,97.28,15.6
5/18/2026 23:00,14755,10.3,0.605,100,8138,97.26,15.6
5/18/2026 23:15,14732,10.3,0.605,100,8136,97.23,15.7
5/18/2026 23:30,14709,10.3,0.605,100,8136,97.27,15.6
5/18/2026 23:45,14702,10.3,0.605,100,8135,97.26,15.6
5/19/2026 0:00,14698,10.3,0.605,100,8133,97.29,15.5
5/19/2026 0:15,14698,10.3,0.605,100,8118,97.3,15.6
5/19/2026 0:30,14700,10.3,0.605,100,8120,97.31,15.5
5/19/2026 0:45,14702,10.3,0.607,100,8119,97.31,15.4
5/19/2026 1:00,14703,10.3,0.607,100,8122,97.35,15.1
5/19/2026 1:15,14707,10.3,0.607,100,8119,97.35,14.5
5/19/2026 1:30,14712,10.3,0.607,100,8120,97.35,14.2
5/19/2026 1:45,14716,10.3,0.607,100,8119,97.38,13.9
5/19/2026 2:00,14721,10.3,0.607,100,8117,97.4,13.7
5/19/2026 2:15,14727,10.3,0.607,100,8116,97.41,13.3
5/19/2026 2:30,14734,10.3,0.607,100,8118,97.42,13.1
5/19/2026 2:45,14740,10.3,0.607,100,8118,97.44,13
5/19/2026 3:00,14746,10.3,0.607,100,8114,97.46,12.7
5/19/2026 3:15,14754,10.3,0.605,100,8116,97.46,12.4
5/19/2026 3:30,14760,10.3,0.607,100,8116,97.47,12.3
5/19/2026 3:45,14767,10.3,0.607,100,8116,97.49,12.2
5/19/2026 4:00,14771,10.3,0.607,100,8114,97.52,12
5/19/2026 4:15,14776,10.3,0.607,100,8111,97.55,11.7
5/19/2026 4:30,14780,10.3,0.607,100,8114,97.59,11.5
5/19/2026 4:45,14784,10.3,0.607,100,8111,97.62,11.3
5/19/2026 5:00,14789,10.3,0.607,100,8113,97.65,11.2
5/19/2026 5:15,14793,10.3,0.607,100,8114,97.68,11
5/19/2026 5:30,14798,10.3,0.607,100,8110,97.68,10.9
5/19/2026 5:45,14803,10.3,0.607,100,8110,97.68,10.7
5/19/2026 6:00,14808,10.3,0.607,100,8110,97.68,10.6
5/19/2026 6:15,14811,10.3,0.605,100,8110,97.73,10.5
5/19/2026 6:30,14813,10.3,0.607,100,8109,97.76,10.3
5/19/2026 6:45,14816,10.3,0.607,100,8107,97.79,10.2
5/19/2026 7:00,14820,10.3,0.607,100,8107,97.8,10.1
5/19/2026 7:15,14822,10.3,0.607,100,8107,97.81,10.1
5/19/2026 7:30,14811,10.3,0.605,100,8107,97.85,10.2
5/19/2026 7:45,14792,10.3,0.605,100,8109,97.89,10.3
5/19/2026 8:00,14772,10.3,0.605,100,8107,97.92,10.4
5/19/2026 8:15,14751,10.3,0.605,100,8106,97.97,10.2
5/19/2026 8:30,14731,10.3,0.605,100,8106,98.02,10.1
5/19/2026 8:45,14715,10.3,0.605,100,8105,98.04,10.1
5/19/2026 9:00,14700,10.3,0.605,100,8106,98.05,10.2
5/19/2026 9:15,14694,10.3,0.605,100,8106,98.06,10.2
5/19/2026 9:30,14697,10.3,0.605,100,8106,98.1,10.2
5/19/2026 9:45,14707,10.3,0.605,100,8107,98.13,10.2
5/19/2026 10:00,14719,10.3,0.605,100,8109,98.16,10.3
5/19/2026 10:15,14733,10.3,0.607,100,8113,98.17,10.5
5/19/2026 10:30,14747,10.3,0.605,100,8114,98.19,11
5/19/2026 10:45,14760,10.3,0.605,100,8121,98.21,11.1
5/19/2026 11:00,14772,10.3,0.607,100,8120,98.22,11.2
5/19/2026 11:15,14783,10.3,0.607,100,8122,98.26,11.4
5/19/2026 11:30,14793,10.3,0.607,100,8129,98.29,11.6
5/19/2026 11:45,14803,10.3,0.607,100,8131,98.32,11.8
5/19/2026 12:00,14812,10.3,0.607,100,8138,98.33,11.9
5/19/2026 12:15,14821,10.3,0.605,100,8142,98.35,12.4
5/19/2026 12:30,14826,10.3,0.605,100,8144,98.37,12.7
5/19/2026 12:45,14818,10.3,0.605,100,8143,98.39,12.3
5/19/2026 13:00,14806,10.3,0.605,100,8148,98.38,12.2
5/19/2026 13:15,14792,10.3,0.605,100,8148,98.38,12.1
5/19/2026 13:30,14778,10.3,0.605,100,8153,98.39,12.2
5/19/2026 13:45,14767,10.3,0.605,100,8156,98.42,12.2
5/19/2026 14:00,14769,10.3,0.605,100,8160,98.44,12.3
5/19/2026 14:15,14779,10.3,0.605,100,8162,98.46,12.6
5/19/2026 14:30,14789,10.3,0.605,100,8165,98.47,12.6
5/19/2026 14:45,14799,10.3,0.605,100,8168,98.47,12.8
5/19/2026 15:00,14806,10.3,0.605,100,8173,98.49,13.1
5/19/2026 15:15,14808,10.3,0.605,100,8174,98.5,13
5/19/2026 15:30,14807,10.3,0.607,100,8174,98.51,13.1
5/19/2026 15:45,14803,10.3,0.607,100,8176,98.52,13.1
5/19/2026 16:00,14798,10.3,0.607,100,8176,98.54,13
5/19/2026 16:15,14791,10.3,0.605,100,8175,98.55,12.7
5/19/2026 16:30,14786,10.3,0.605,100,8173,98.55,12.4
5/19/2026 16:45,14782,10.3,0.607,100,8171,98.57,12.3
5/19/2026 17:00,14779,10.3,0.607,100,8171,98.59,12.2
5/19/2026 17:15,14766,10.3,0.605,100,8171,98.61,12.1
5/19/2026 17:30,14750,10.3,0.605,100,8172,98.63,12
5/19/2026 17:45,14735,10.3,0.605,100,8170,98.65,12.1
5/19/2026 18:00,14721,10.3,0.605,100,8170,98.67,12.2
5/19/2026 18:15,14720,10.3,0.605,100,8171,98.66,11.8
5/19/2026 18:30,14729,10.3,0.605,100,8168,98.67,11.8
5/19/2026 18:45,14743,10.3,0.605,100,8167,98.67,11.6
5/19/2026 19:00,14759,10.3,0.607,100,8165,98.69,11.4
5/19/2026 19:15,14776,10.3,0.605,100,8166,98.7,11.3
5/19/2026 19:30,14792,10.3,0.605,100,8164,98.7,11.3
5/19/2026 19:45,14808,10.3,0.607,100,8164,98.71,11.1
5/19/2026 20:00,14821,10.3,0.607,100,8161,98.73,11
5/19/2026 20:15,14834,10.3,0.607,100,8162,98.76,10.8
5/19/2026 20:30,14846,10.3,0.607,100,8161,98.78,10.6
5/19/2026 20:45,14853,10.3,0.607,100,8161,98.79,10.5
5/19/2026 21:00,14846,10.3,0.605,100,8161,98.8,10.4
5/19/2026 21:15,14835,10.3,0.605,100,8159,98.81,10.2
5/19/2026 21:30,14823,10.3,0.605,100,8158,98.82,10.1
5/19/2026 21:45,14810,10.3,0.605,100,8156,98.82,10
5/19/2026 22:00,14798,10.3,0.605,100,8156,98.83,9.8
5/19/2026 22:15,14784,10.3,0.605,100,8155,98.85,9.4
5/19/2026 22:30,14773,10.3,0.605,100,8154,98.88,9
5/19/2026 22:45,14773,10.3,0.605,100,8152,98.9,8.6
5/19/2026 23:00,14775,10.3,0.605,100,8152,98.91,8.3
5/19/2026 23:15,14775,10.3,0.607,100,8150,98.93,8
5/19/2026 23:30,14775,10.3,0.605,100,8151,98.92,7.7
5/19/2026 23:45,14768,10.3,0.605,100,8150,98.94,7.4
5/20/2026 0:00,14747,10.3,0.605,100,8152,98.96,7.2
5/20/2026 0:15,14722,10.3,0.605,100,8120,98.98,7.2
5/20/2026 0:30,14697,10.3,0.605,100,8136,98.97,7
5/20/2026 0:45,14673,10.3,0.605,100,8137,98.99,6.7
5/20/2026 1:00,14657,10.3,0.605,100,8137,98.99,6.4
5/20/2026 1:15,14652,10.3,0.605,100,8136,98.99,6.3
5/20/2026 1:30,14651,10.3,0.605,100,8136,98.99,6.1
5/20/2026 1:45,14652,10.3,0.605,100,8134,98.98,5.8
5/20/2026 2:00,14650,10.3,0.605,100,8136,99,5.6
5/20/2026 2:15,14647,10.3,0.605,100,8134,99.03,5.4
5/20/2026 2:30,14645,10.3,0.605,100,8134,99.05,5.4
5/20/2026 2:45,14643,10.3,0.605,100,8134,99.06,5.3
5/20/2026 3:00,14641,10.3,0.607,100,8136,99.06,5.2
5/20/2026 3:15,14640,10.3,0.607,100,8134,99.04,5.1
5/20/2026 3:30,14636,10.3,0.607,100,8132,99.06,4.8
5/20/2026 3:45,14630,10.3,0.605,100,8133,99.08,4.6
5/20/2026 4:00,14624,10.3,0.605,100,8135,99.1,4.4
5/20/2026 4:15,14619,10.3,0.605,100,8136,99.11,4.2
5/20/2026 4:30,14613,10.3,0.605,100,8130,99.12,4
5/20/2026 4:45,14607,10.3,0.607,100,8130,99.12,3.9
5/20/2026 5:00,14601,10.3,0.607,100,8131,99.11,3.7
5/20/2026 5:15,14593,10.3,0.607,100,8127,99.12,3.6
5/20/2026 5:30,14585,10.3,0.605,100,8133,99.15,3.5
5/20/2026 5:45,14578,10.3,0.607,100,8130,99.16,3.4
5/20/2026 6:00,14571,10.3,0.607,100,8129,99.16,3.2
5/20/2026 6:15,14564,10.3,0.607,100,8130,99.16,3.2
5/20/2026 6:30,14558,10.3,0.607,100,8126,99.17,3.2
5/20/2026 6:45,14551,10.3,0.607,100,8126,99.18,3.3
5/20/2026 7:00,14545,10.3,0.607,100,8129,99.2,3.6
5/20/2026 7:15,14539,10.3,0.607,100,8128,99.21,4.1
5/20/2026 7:30,14534,10.3,0.607,100,8128,99.22,4.7
5/20/2026 7:45,14530,10.3,0.607,100,8129,99.24,5.4
5/20/2026 8:00,14526,10.3,0.607,100,8130,99.26,6.1
5/20/2026 8:15,14524,10.3,0.607,100,8128,99.28,6.8
5/20/2026 8:30,14520,10.3,0.607,100,8130,99.3,7.3
5/20/2026 8:45,14509,10.3,0.607,100,8129,99.3,8.1
5/20/2026 9:00,14488,10.3,0.605,100,8128,99.31,9.3
5/20/2026 9:15,14465,10.3,0.605,100,8128,99.3,9.6
5/20/2026 9:30,14441,10.3,0.605,100,8126,99.31,9.8
5/20/2026 9:45,14418,10.3,0.605,100,8129,99.31,10
5/20/2026 10:00,14397,10.3,0.607,100,8128,99.32,10.3
5/20/2026 10:15,14392,10.3,0.605,100,8129,99.32,10.6
5/20/2026 10:30,14392,10.3,0.605,100,8131,99.32,11
5/20/2026 10:45,14397,10.3,0.605,100,8133,99.31,11.3
5/20/2026 11:00,14401,10.3,0.607,100,8134,99.3,12.3
5/20/2026 11:15,14404,10.3,0.607,100,8141,99.31,12.8
5/20/2026 11:30,14408,10.3,0.607,100,8152,99.32,13.6
5/20/2026 11:45,14410,10.3,0.607,100,8158,99.31,14.8
5/20/2026 12:00,14414,10.3,0.607,100,8169,99.31,14.6
5/20/2026 12:15,14417,10.3,0.607,100,8192,99.31,15.5
5/20/2026 12:30,14421,10.3,0.607,100,8183,99.31,16.3
5/20/2026 12:45,14425,10.3,0.607,100,8210,99.3,15.8
5/20/2026 13:00,14426,10.3,0.607,100,8226,99.29,17.5
5/20/2026 13:15,14415,10.3,0.607,100,8231,99.27,17.7
5/20/2026 13:30,14397,10.3,0.607,100,8244,99.26,18.2
5/20/2026 13:45,14378,10.3,0.605,100,8272,99.25,19.5
5/20/2026 14:00,14360,10.3,0.605,100,8284,99.22,20.8
5/20/2026 14:15,14344,10.3,0.605,100,8277,99.2,21
5/20/2026 14:30,14328,10.3,0.605,100,8275,99.2,19.9
5/20/2026 14:45,14318,10.3,0.604,100,8274,99.19,19.1
5/20/2026 15:00,13903,10.3,0.607,100,8301,99.19,19.5
5/20/2026 15:15,13688,10.3,0.604,100,8316,99.19,21.9
5/20/2026 15:30,13701,10.3,0.607,100,8326,99.19,22.9
5/20/2026 15:45,13715,10.3,0.604,100,8331,99.18,23.6
5/20/2026 16:00,13726,10.3,0.605,100,8337,99.17,24.5
5/20/2026 16:15,13737,10.3,0.604,100,8347,99.15,25.8
5/20/2026 16:30,13745,10.3,0.6,100,8351,99.13,26.7
5/20/2026 16:45,13752,10.3,0.603,100,8349,99.11,26.8
5/20/2026 17:00,13755,10.3,0.607,100,8352,99.11,26.5
5/20/2026 17:15,13759,10.3,0.605,100,8353,99.09,26.6
5/20/2026 17:30,13762,10.3,0.607,100,8349,99.08,26.5
5/20/2026 17:45,13760,10.3,0.604,100,8348,99.07,25.9
5/20/2026 18:00,13743,10.3,0.603,100,8336,99.07,25
5/20/2026 18:15,13722,10.3,0.607,100,8338,99.06,23.2
5/20/2026 18:30,13699,10.3,0.607,100,8334,99.04,23.3
5/20/2026 18:45,13675,10.3,0.601,100,8332,99.03,22.5
5/20/2026 19:00,13663,10.3,0.603,100,8322,99.02,21.1
5/20/2026 19:15,13664,10.3,0.61,100,8319,99.03,19.2
5/20/2026 19:30,13669,10.3,0.604,100,8313,99.04,17.8
5/20/2026 19:45,13676,10.3,0.603,100,8308,99.04,16.8
5/20/2026 20:00,13683,10.3,0.605,100,8304,99.05,16.1
5/20/2026 20:15,13690,10.3,0.603,100,8301,99.05,15.4
5/20/2026 20:30,13697,10.3,0.601,100,8299,99.05,14.7
5/20/2026 20:45,13705,10.3,0.603,100,8297,99.04,14
5/20/2026 21:00,13708,10.3,0.605,100,8294,99.06,13.3
5/20/2026 21:15,13699,10.3,0.603,100,8291,99.07,12.7
5/20/2026 21:30,13681,10.3,0.607,100,8290,99.09,12
5/20/2026 21:45,13662,10.3,0.607,100,8288,99.1,11.5
5/20/2026 22:00,13644,10.3,0.604,100,8286,99.11,11
5/20/2026 22:15,13626,10.3,0.608,100,8286,99.13,10.7
5/20/2026 22:30,13620,10.3,0.603,100,8282,99.15,10.4
5/20/2026 22:45,13627,10.3,0.603,100,8283,99.15,10.2
5/20/2026 23:00,13634,10.3,0.601,100,8282,99.15,10
5/20/2026 23:15,13642,10.3,0.603,100,8281,99.15,9.8
5/20/2026 23:30,13648,10.3,0.608,100,8281,99.16,9.6
5/20/2026 23:45,13656,10.3,0.603,100,8278,99.15,9.4
5/21/2026 0:00,13662,10.3,0.604,100,8277,99.15,9
5/21/2026 0:15,13667,10.3,0.603,100,8248,99.13,8.8
5/21/2026 0:30,13672,10.3,0.605,100,8262,99.14,8.5
5/21/2026 0:45,13678,10.3,0.603,100,8261,99.14,8.1
5/21/2026 1:00,13686,10.3,0.603,100,8263,99.14,7.8
5/21/2026 1:15,13695,10.3,0.6,100,8261,99.13,7.6
5/21/2026 1:30,13702,10.3,0.597,100,8263,99.14,7.4
5/21/2026 1:45,13710,10.3,0.604,100,8259,99.15,7.1
5/21/2026 2:00,13722,10.3,0.597,100,8258,99.13,6.8
5/21/2026 2:15,13721,10.3,0.601,100,8257,99.14,6.6
5/21/2026 2:30,13708,10.3,0.601,100,8259,99.13,6.4
5/21/2026 2:45,13695,10.3,0.605,100,8256,99.12,6.2
5/21/2026 3:00,13683,10.3,0.603,100,8258,99.13,6.1
5/21/2026 3:15,13674,10.3,0.598,100,8257,99.13,6
5/21/2026 3:30,13666,10.3,0.601,100,8254,99.12,6
5/21/2026 3:45,13664,10.3,0.605,100,8254,99.11,6.1
5/21/2026 4:00,13676,10.3,0.603,100,8255,99.1,6.2
5/21/2026 4:15,13694,10.3,0.604,100,8253,99.09,6.4
5/21/2026 4:30,13715,10.3,0.6,100,8254,99.08,6.6
5/21/2026 4:45,13733,10.3,0.6,100,8251,99.08,6.8
5/21/2026 5:00,13750,10.3,0.604,100,8253,99.09,7
5/21/2026 5:15,13759,10.3,0.597,100,8250,99.08,7.2
5/21/2026 5:30,13775,10.3,0.604,100,8250,99.08,7.2
5/21/2026 5:45,13787,10.3,0.6,100,8249,99.08,7.2
5/21/2026 6:00,13796,10.3,0.607,100,8250,99.07,7.2
5/21/2026 6:15,13804,10.3,0.6,100,8251,99.08,7.2
5/21/2026 6:30,13809,10.3,0.604,100,8248,99.08,7.3
5/21/2026 6:45,13812,10.3,0.6,100,8247,99.1,7.6
5/21/2026 7:00,13815,10.3,0.596,100,8247,99.11,8
5/21/2026 7:15,13817,10.3,0.603,100,8247,99.12,8.4
5/21/2026 7:30,13818,10.3,0.605,100,8246,99.12,9.2
5/21/2026 7:45,13819,10.3,0.603,100,8248,99.12,10.1
5/21/2026 8:00,13818,10.3,0.604,100,8249,99.14,10.8
5/21/2026 8:15,13817,10.3,0.603,100,8248,99.16,11.2
5/21/2026 8:30,13816,10.3,0.601,100,8246,99.16,11.6
5/21/2026 8:45,13816,10.3,0.604,100,8246,99.18,11.9
5/21/2026 9:00,13816,10.3,0.601,100,8247,99.18,12.1
5/21/2026 9:15,13818,10.3,0.605,100,8248,99.18,12.3
5/21/2026 9:30,13821,10.3,0.604,100,8249,99.18,12.7
5/21/2026 9:45,13823,10.3,0.601,100,8252,99.19,13
5/21/2026 10:00,13829,10.3,0.607,100,8248,99.19,13.2
5/21/2026 10:15,13836,10.3,0.604,100,8249,99.18,13.3
5/21/2026 10:30,13839,10.3,0.603,100,8252,99.17,13.5
5/21/2026 10:45,13828,10.3,0.601,100,8255,99.16,13.9
5/21/2026 11:00,13812,10.3,0.603,100,8261,99.16,14.7
5/21/2026 11:15,13795,10.3,0.605,100,8264,99.18,15.5
5/21/2026 11:30,13782,10.3,0.598,100,8266,99.17,15.9
5/21/2026 11:45,13776,10.3,0.604,100,8274,99.14,16.8
5/21/2026 12:00,13782,10.3,0.61,100,8279,99.14,17.6
5/21/2026 12:15,13794,10.3,0.604,100,8289,99.14,18
5/21/2026 12:30,13810,10.3,0.604,100,8296,99.13,19.2
5/21/2026 12:45,13824,10.3,0.604,100,8302,99.12,19.9
5/21/2026 13:00,13837,10.3,0.604,100,8306,99.11,19.9
5/21/2026 13:15,13852,10.3,0.61,100,8313,99.1,20.2
5/21/2026 13:30,13864,10.3,0.598,100,8313,99.1,20.7
5/21/2026 13:45,13879,10.3,0.601,100,8327,99.06,21.1
5/21/2026 14:00,13892,10.3,0.603,100,8323,99.03,21.9
5/21/2026 14:15,13902,10.3,0.604,100,8327,99.03,21.7
5/21/2026 14:30,13914,10.3,0.603,100,8324,99.01,21.7
5/21/2026 14:45,13915,10.3,0.605,100,8326,98.99,21.3
5/21/2026 15:00,13903,10.3,0.604,100,8335,98.97,21.7
5/21/2026 15:15,13890,10.3,0.605,100,8338,98.95,22.6
5/21/2026 15:30,13874,10.3,0.6,100,8337,98.95,22.3
5/21/2026 15:45,13865,10.3,0.598,100,8336,98.93,21.7
5/21/2026 16:00,13872,10.3,0.601,100,8343,98.91,22.1
5/21/2026 16:15,13883,10.3,0.601,100,8345,98.9,22.6
5/21/2026 16:30,13896,10.3,0.597,100,8341,98.89,22.2
5/21/2026 16:45,13910,10.3,0.6,100,8339,98.88,21.4
5/21/2026 17:00,13922,10.3,0.603,100,8339,98.87,20.4
5/21/2026 17:15,13935,10.3,0.601,100,8338,98.84,20.4
5/21/2026 17:30,13948,10.3,0.597,100,8347,98.83,20.5
5/21/2026 17:45,13960,10.3,0.605,100,8348,98.8,21.3
5/21/2026 18:00,13972,10.3,0.604,100,8354,98.79,21.8
5/21/2026 18:15,13982,10.3,0.6,100,8360,98.78,23.8
5/21/2026 18:30,13991,10.3,0.604,100,8359,98.77,24.3
5/21/2026 18:45,13996,10.3,0.601,100,8352,98.78,23.7
5/21/2026 19:00,13985,10.4,0.601,100,8341,98.78,21.6
5/21/2026 19:15,13966,10.3,0.6,100,8335,98.79,20
5/21/2026 19:30,13946,10.3,0.597,100,8329,98.78,18.8
5/21/2026 19:45,13926,10.3,0.604,100,8324,98.78,17.9
5/21/2026 20:00,13904,10.3,0.603,100,8319,98.78,17
5/21/2026 20:15,13883,10.3,0.603,100,8316,98.78,16.3
5/21/2026 20:30,13862,10.3,0.605,100,8311,98.77,15.5
5/21/2026 20:45,13854,10.3,0.604,100,8307,98.78,14.8
5/21/2026 21:00,13855,10.3,0.6,100,8308,98.79,14.1
5/21/2026 21:15,13860,10.3,0.6,100,8306,98.81,13.5
5/21/2026 21:30,13864,10.3,0.604,100,8305,98.83,12.9
5/21/2026 21:45,13869,10.3,0.603,100,8300,98.84,12.4
5/21/2026 22:00,13876,10.3,0.603,100,8298,98.83,11.9
5/21/2026 22:15,13884,10.3,0.603,100,8297,98.8,11.4
5/21/2026 22:30,13891,10.3,0.604,100,8297,98.78,11
5/21/2026 22:45,13896,10.3,0.607,100,8293,98.8,10.7
5/21/2026 23:00,13888,10.3,0.604,100,8292,98.8,10.5
5/21/2026 23:15,13874,10.3,0.603,100,8291,98.8,10.5
5/21/2026 23:30,13860,10.3,0.603,100,8289,98.81,10.3
5/21/2026 23:45,13848,10.3,0.607,100,8288,98.78,10.1
5/22/2026 0:00,13837,10.3,0.604,100,8285,98.75,9.9
5/22/2026 0:15,13830,10.3,0.6,100,8285,98.74,9.9
5/22/2026 0:30,13835,10.3,0.601,100,8279,98.76,9.8
5/22/2026 0:45,13847,10.3,0.604,100,8281,98.76,9.6
5/22/2026 1:00,13862,10.3,0.601,100,8281,98.74,9.5
5/22/2026 1:15,13875,10.3,0.607,100,8279,98.71,9.5
5/22/2026 1:30,13885,10.3,0.598,100,8278,98.72,9.6
5/22/2026 1:45,13895,10.3,0.603,100,8277,98.71,9.8
5/22/2026 2:00,13905,10.3,0.604,100,8275,98.7,10
5/22/2026 2:15,13913,10.3,0.6,100,8275,98.68,10.2
5/22/2026 2:30,13919,10.3,0.604,100,8275,98.69,10.4
5/22/2026 2:45,13924,10.3,0.604,100,8272,98.67,10.4
5/22/2026 3:00,13916,10.3,0.601,100,8275,98.67,10.5
5/22/2026 3:15,13899,10.3,0.601,100,8273,98.67,10.5
5/22/2026 3:30,13881,10.3,0.603,100,8272,98.66,10.5
5/22/2026 3:45,13865,10.3,0.603,100,8269,98.64,10.5
5/22/2026 4:00,13860,10.3,0.607,100,8272,98.64,10.5
5/22/2026 4:15,13865,10.3,0.596,100,8265,98.65,10.5
5/22/2026 4:30,13873,10.3,0.6,100,8268,98.65,10.4
5/22/2026 4:45,13883,10.3,0.605,100,8268,98.63,10.4
5/22/2026 5:00,13891,10.3,0.601,100,8264,98.62,10.4
5/22/2026 5:15,13900,10.3,0.6,100,8265,98.62,10.3
5/22/2026 5:30,13906,10.3,0.6,100,8265,98.62,10.3
5/22/2026 5:45,13914,10.3,0.601,100,8262,98.61,10.3
5/22/2026 6:00,13919,10.3,0.598,100,8262,98.62,10.3
5/22/2026 6:15,13923,10.3,0.603,100,8261,98.61,10.1
5/22/2026 6:30,13929,10.3,0.603,100,8260,98.59,10
5/22/2026 6:45,13932,10.3,0.603,100,8258,98.59,10
5/22/2026 7:00,13934,10.3,0.6,100,8257,98.59,10.1
5/22/2026 7:15,13935,10.3,0.603,100,8257,98.6,10
5/22/2026 7:30,13935,10.3,0.596,100,8254,98.6,10
5/22/2026 7:45,13936,10.3,0.604,100,8258,98.61,10.2
5/22/2026 8:00,13938,10.3,0.603,100,8256,98.59,10.3
5/22/2026 8:15,13939,10.3,0.605,100,8256,98.56,10.5
5/22/2026 8:30,13940,10.3,0.601,100,8252,98.55,10.5
5/22/2026 8:45,13939,10.3,0.605,100,8253,98.55,10.3
5/22/2026 9:00,13936,10.3,0.603,100,8250,98.54,10.3
5/22/2026 9:15,13917,10.3,0.604,100,8252,98.55,10.5
5/22/2026 9:30,13894,10.3,0.601,100,8252,98.54,10.8
5/22/2026 9:45,13872,10.3,0.601,100,8255,98.53,11.5
5/22/2026 10:00,13849,10.3,0.597,100,8257,98.53,12.2
5/22/2026 10:15,13829,10.3,0.601,100,8258,98.52,12.6
5/22/2026 10:30,13810,10.3,0.598,100,8260,98.51,12.8
5/22/2026 10:45,13792,10.3,0.601,100,8259,98.5,12.7
5/22/2026 11:00,13785,10.3,0.605,100,8261,98.49,12.6
5/22/2026 11:15,13785,10.3,0.6,100,8263,98.47,12.7
5/22/2026 11:30,13786,10.3,0.604,100,8265,98.47,13
5/22/2026 11:45,13785,10.3,0.604,100,8264,98.47,13
5/22/2026 12:00,13785,10.3,0.608,100,8263,98.47,12.9
5/22/2026 12:15,13785,10.3,0.6,100,8262,98.43,12.8
5/22/2026 12:30,13786,10.3,0.6,100,8265,98.4,13.1
5/22/2026 12:45,13786,10.3,0.598,100,8270,98.36,13.8
5/22/2026 13:00,13784,10.3,0.603,100,8273,98.34,15.1
5/22/2026 13:15,13781,10.3,0.601,100,8278,98.31,16.5
5/22/2026 13:30,13766,10.3,0.598,100,8300,98.28,18
5/22/2026 13:45,13742,10.3,0.603,100,8303,98.25,20
5/22/2026 14:00,13715,10.3,0.598,100,8298,98.25,20.6
5/22/2026 14:15,13692,10.3,0.6,100,8296,98.24,20.2
5/22/2026 14:30,13685,10.3,0.604,100,8294,98.2,19.8
5/22/2026 14:45,13685,10.3,0.6,100,8289,98.15,19.7
5/22/2026 15:00,13686,10.3,0.604,100,8290,98.12,19.8
5/22/2026 15:15,13688,10.3,0.605,100,8284,98.11,19.6
5/22/2026 15:30,13693,10.3,0.601,100,8282,98.09,19.3
5/22/2026 15:45,13700,10.3,0.601,100,8278,98.08,18.9
5/22/2026 16:00,13707,10.3,0.6,100,8275,98.08,18.6
5/22/2026 16:15,13719,10.3,0.6,100,8272,98.07,18.3
5/22/2026 16:30,13729,10.3,0.604,100,8272,98.06,18.1
5/22/2026 16:45,13730,10.3,0.603,100,8268,98.06,17.8
5/22/2026 17:00,13722,10.3,0.603,100,8265,98.04,17.6
5/22/2026 17:15,13712,10.3,0.6,100,8264,98.03,17.5
5/22/2026 17:30,13703,10.3,0.601,100,8262,98.01,17.5
5/22/2026 17:45,13700,10.3,0.603,100,8261,97.99,17.5
5/22/2026 18:00,13710,10.3,0.605,100,8259,97.98,17.6
5/22/2026 18:15,13725,10.3,0.603,100,8259,97.97,17.3
5/22/2026 18:30,13741,10.3,0.603,100,8255,97.96,17.1
5/22/2026 18:45,13756,10.3,0.6,100,8253,97.96,16.8
5/22/2026 19:00,13771,10.3,0.598,100,8253,97.94,16.5
5/22/2026 19:15,13786,10.3,0.601,100,8252,97.94,16
5/22/2026 19:30,13798,10.3,0.605,100,8249,97.95,15.6
5/22/2026 19:45,13810,10.3,0.594,100,8246,97.95,15.5
5/22/2026 20:00,13818,10.3,0.598,100,8243,97.96,15.4
5/22/2026 20:15,13812,10.3,0.604,100,8245,97.96,15.5
5/22/2026 20:30,13799,10.3,0.601,100,8246,97.96,15.6
5/22/2026 20:45,13786,10.3,0.603,100,8240,97.96,15.6
5/22/2026 21:00,13772,10.3,0.598,100,8239,97.98,15.6
5/22/2026 21:15,13760,10.3,0.597,100,8237,97.98,15.6
5/22/2026 21:30,13748,10.3,0.603,100,8238,97.99,15.5
5/22/2026 21:45,13738,10.3,0.598,100,8237,98.01,15.4
5/22/2026 22:00,13732,10.3,0.605,100,8234,98.02,15
5/22/2026 22:15,13741,10.3,0.6,100,8234,98.02,14.6
5/22/2026 22:30,13756,10.3,0.596,100,8231,98.02,14.6
5/22/2026 22:45,13774,10.3,0.598,100,8231,98.02,14.5
5/22/2026 23:00,13790,10.3,0.601,100,8229,98.02,14.4
5/22/2026 23:15,13805,10.3,0.6,100,8228,98.02,14.2
5/22/2026 23:30,13819,10.3,0.605,100,8228,98.02,14
5/22/2026 23:45,13834,10.3,0.6,100,8228,98.01,13.9
5/23/2026 0:00,13848,10.4,0.604,100,8224,98.01,13.7
5/23/2026 0:15,13861,10.3,0.605,100,8219,98,13.3
5/23/2026 0:30,13875,10.4,0.607,100,8218,97.98,12.6
5/23/2026 0:45,13887,10.3,0.603,100,8220,97.98,12.2
5/23/2026 1:00,13899,10.4,0.596,100,8217,97.99,12
5/23/2026 1:15,13912,10.4,0.603,100,8217,97.99,11.9
5/23/2026 1:30,13918,10.4,0.601,100,8214,97.94,11.7
5/23/2026 1:45,13910,10.4,0.6,100,8215,97.94,11.5
5/23/2026 2:00,13901,10.4,0.598,100,8215,97.94,11.4
5/23/2026 2:15,13894,10.4,0.596,100,8212,97.91,11.3
5/23/2026 2:30,13892,10.3,0.601,100,8211,97.91,11.2
5/23/2026 2:45,13906,10.3,0.6,100,8211,97.92,11.2
5/23/2026 3:00,13922,10.4,0.604,100,8210,97.91,11.2
5/23/2026 3:15,13940,10.4,0.601,100,8210,97.9,11.2
5/23/2026 3:30,13958,10.4,0.607,100,8209,97.89,11.2
5/23/2026 3:45,13973,10.4,0.6,100,8209,97.89,11.2
5/23/2026 4:00,13989,10.4,0.601,100,8205,97.88,11.3
5/23/2026 4:15,14002,10.4,0.603,100,8206,97.9,11.3
5/23/2026 4:30,14016,10.4,0.603,100,8207,97.88,11.4
5/23/2026 4:45,14029,10.4,0.6,100,8207,97.87,11.6
5/23/2026 5:00,14040,10.4,0.598,100,8206,97.86,11.7
5/23/2026 5:15,14051,10.4,0.605,100,8205,97.86,11.8
5/23/2026 5:30,14061,10.4,0.604,100,8203,97.86,11.8
5/23/2026 5:45,14070,10.4,0.601,100,8205,97.87,11.9
5/23/2026 6:00,14079,10.4,0.604,100,8202,97.88,12
5/23/2026 6:15,14086,10.4,0.6,100,8201,97.88,12.1
5/23/2026 6:30,14093,10.4,0.601,100,8201,97.9,12.2
5/23/2026 6:45,14100,10.4,0.601,100,8201,97.9,12.3
5/23/2026 7:00,14107,10.4,0.604,100,8199,97.91,12.4
5/23/2026 7:15,14113,10.4,0.603,100,8201,97.93,12.7
5/23/2026 7:30,14119,10.4,0.597,100,8198,97.94,13.1
5/23/2026 7:45,14126,10.4,0.603,100,8197,97.92,13.4
5/23/2026 8:00,14130,10.4,0.6,100,8199,97.91,13.7
5/23/2026 8:15,14130,10.4,0.604,100,8197,97.92,14
5/23/2026 8:30,14129,10.4,0.603,100,8197,97.92,14.4
5/23/2026 8:45,14122,10.4,0.598,100,8198,97.94,14.9
5/23/2026 9:00,14117,10.4,0.598,100,8199,97.94,15.3
5/23/2026 9:15,14111,10.4,0.601,100,8200,97.93,15.9
5/23/2026 9:30,14105,10.4,0.6,100,8204,97.94,16.5
5/23/2026 9:45,14090,10.4,0.603,100,8202,97.93,17
5/23/2026 10:00,14063,10.4,0.6,100,8199,97.94,17.1
5/23/2026 10:15,14034,10.4,0.597,100,8199,97.93,17.6
5/23/2026 10:30,14005,10.4,0.6,100,8198,97.94,18
5/23/2026 10:45,13978,10.4,0.598,100,8198,97.93,18.2
5/23/2026 11:00,13962,10.4,0.601,100,8201,97.96,18.6
5/23/2026 11:15,13960,10.4,0.598,100,8204,97.96,18.8
5/23/2026 11:30,13960,10.4,0.603,100,8212,97.95,19.7
5/23/2026 11:45,13962,10.4,0.601,100,8222,97.95,21.1
5/23/2026 12:00,13964,10.4,0.596,100,8235,97.95,22.2
5/23/2026 12:15,13965,10.4,0.601,100,8240,97.97,22.7
5/23/2026 12:30,13967,10.4,0.598,100,8253,97.98,22.5
5/23/2026 12:45,13967,10.4,0.604,100,8267,97.99,22.8
5/23/2026 13:00,13968,10.4,0.598,100,8283,97.99,23.3
5/23/2026 13:15,13969,10.4,0.6,100,8297,97.99,23.9
5/23/2026 13:30,13972,10.4,0.6,100,8305,97.98,24.9
5/23/2026 13:45,13975,10.4,0.598,100,8315,97.98,25.4
5/23/2026 14:00,13965,10.4,0.598,100,8321,98,25.8
5/23/2026 14:15,13950,10.4,0.6,100,8315,98.01,25.4
5/23/2026 14:30,13936,10.4,0.604,100,8311,98.01,24.8
5/23/2026 14:45,13923,10.3,0.604,100,8310,98.03,24.3
5/23/2026 15:00,13911,10.4,0.6,100,8324,98.04,24.4
5/23/2026 15:15,13901,10.3,0.605,100,8335,98.04,25.4
5/23/2026 15:30,13894,10.3,0.601,100,8332,98.04,26.3
5/23/2026 15:45,13891,10.3,0.603,100,8331,98.05,26.3
5/23/2026 16:00,13905,10.3,0.598,100,8340,98.05,26.4
5/23/2026 16:15,13921,10.3,0.601,100,8347,98.05,27.4
5/23/2026 16:30,13939,10.4,0.6,100,8348,98.04,28.6
5/23/2026 16:45,13956,10.4,0.598,100,8350,98.04,28.4
5/23/2026 17:00,13973,10.4,0.6,100,8353,98.04,29
5/23/2026 17:15,13988,10.4,0.6,100,8347,98.04,29.8
5/23/2026 17:30,14002,10.4,0.596,100,8347,98.04,29.7
5/23/2026 17:45,14013,10.4,0.603,100,8342,98.06,29.9
5/23/2026 18:00,14026,10.4,0.6,100,8342,98.06,29.8
5/23/2026 18:15,14039,10.4,0.601,100,8339,98.05,29.8
5/23/2026 18:30,14050,10.4,0.601,100,8327,98.06,28.9
5/23/2026 18:45,14059,10.4,0.601,100,8321,98.07,27.7
5/23/2026 19:00,14067,10.4,0.598,100,8308,98.08,26
5/23/2026 19:15,14075,10.4,0.6,100,8303,98.09,24
5/23/2026 19:30,14084,10.4,0.6,100,8294,98.1,22.4
5/23/2026 19:45,14090,10.4,0.597,100,8291,98.11,21.1
5/23/2026 20:00,14096,10.4,0.604,100,8286,98.13,20.2
5/23/2026 20:15,14103,10.4,0.605,100,8284,98.15,19.3
5/23/2026 20:30,14109,10.4,0.597,100,8279,98.15,18.5
5/23/2026 20:45,14114,10.4,0.6,100,8274,98.16,17.8
5/23/2026 21:00,14105,10.4,0.6,100,8273,98.17,17.1
5/23/2026 21:15,14089,10.4,0.601,100,8268,98.17,16.4
5/23/2026 21:30,14070,10.4,0.603,100,8267,98.18,15.7
5/23/2026 21:45,14053,10.4,0.6,100,8266,98.18,15.1
5/23/2026 22:00,14036,10.4,0.598,100,8263,98.17,14.5
5/23/2026 22:15,14021,10.4,0.604,100,8261,98.17,14
5/23/2026 22:30,14006,10.4,0.598,100,8262,98.18,13.5
5/23/2026 22:45,13994,10.4,0.604,100,8259,98.19,13
5/23/2026 23:00,13984,10.4,0.601,100,8256,98.19,12.6
5/23/2026 23:15,13984,10.4,0.604,100,8256,98.2,12.2
5/23/2026 23:30,13994,10.4,0.607,100,8255,98.22,11.8
5/23/2026 23:45,14009,10.4,0.6,100,8252,98.21,11.6
5/24/2026 0:00,14021,10.4,0.6,100,8253,98.21,11.4
5/24/2026 0:15,14033,10.4,0.601,100,8226,98.22,11.4
5/24/2026 0:30,14046,10.4,0.601,100,8237,98.21,11.2
5/24/2026 0:45,14056,10.4,0.603,100,8237,98.23,11
5/24/2026 1:00,14067,10.4,0.601,100,8237,98.23,10.8
5/24/2026 1:15,14078,10.4,0.6,100,8237,98.23,10.6
5/24/2026 1:30,14090,10.4,0.598,100,8235,98.22,10.4
5/24/2026 1:45,14101,10.4,0.604,100,8234,98.2,10.2
5/24/2026 2:00,14112,10.4,0.603,100,8234,98.2,10
5/24/2026 2:15,14122,10.4,0.603,100,8235,98.19,9.8
5/24/2026 2:30,14132,10.4,0.603,100,8234,98.17,9.6
5/24/2026 2:45,14140,10.4,0.605,100,8233,98.19,9.3
5/24/2026 3:00,14149,10.4,0.6,100,8231,98.19,9.2
5/24/2026 3:15,14158,10.4,0.603,100,8231,98.19,9.1
5/24/2026 3:30,14166,10.4,0.596,100,8231,98.2,9
5/24/2026 3:45,14174,10.4,0.603,100,8230,98.2,8.9
5/24/2026 4:00,14182,10.4,0.603,100,8227,98.19,8.9
5/24/2026 4:15,14190,10.4,0.601,100,8228,98.19,8.7
5/24/2026 4:30,14197,10.4,0.596,100,8226,98.2,8.6
5/24/2026 4:45,14203,10.4,0.6,100,8227,98.21,8.6
5/24/2026 5:00,14209,10.4,0.603,100,8226,98.22,8.8
5/24/2026 5:15,14210,10.4,0.597,100,8225,98.24,9
5/24/2026 5:30,14196,10.4,0.601,100,8226,98.26,9.2
5/24/2026 5:45,14178,10.4,0.604,100,8224,98.27,9.3
5/24/2026 6:00,14160,10.4,0.607,100,8224,98.28,9.6
5/24/2026 6:15,14147,10.4,0.6,100,8224,98.23,10.1
5/24/2026 6:30,14132,10.4,0.6,100,8224,98.23,10.6
5/24/2026 6:45,14119,10.4,0.607,100,8222,98.24,11
5/24/2026 7:00,14105,10.4,0.607,100,8223,98.25,11.5
5/24/2026 7:15,14106,10.4,0.605,100,8221,98.29,12.1
5/24/2026 7:30,14120,10.4,0.601,100,8224,98.28,12.5
5/24/2026 7:45,14134,10.4,0.604,100,8221,98.27,12.6
5/24/2026 8:00,14147,10.4,0.598,100,8221,98.27,13
5/24/2026 8:15,14161,10.4,0.603,100,8218,98.27,13.7
5/24/2026 8:30,14171,10.4,0.601,100,8220,98.27,14.7
5/24/2026 8:45,14181,10.4,0.604,100,8221,98.27,16
5/24/2026 9:00,14186,10.4,0.596,100,8222,98.27,17.2
5/24/2026 9:15,14187,10.4,0.603,100,8218,98.27,18
5/24/2026 9:30,14187,10.4,0.603,100,8218,98.26,18.6
5/24/2026 9:45,14185,10.4,0.596,100,8216,98.26,19.3
5/24/2026 10:00,14184,10.4,0.601,100,8217,98.25,19.9
5/24/2026 10:15,14181,10.4,0.597,100,8213,98.25,20.6
5/24/2026 10:30,14179,10.4,0.604,100,8215,98.23,21
5/24/2026 10:45,14177,10.4,0.601,100,8213,98.23,21.4
5/24/2026 11:00,14175,10.4,0.603,100,8215,98.22,22
5/24/2026 11:15,14172,10.4,0.603,100,8212,98.22,22.6
5/24/2026 11:30,14169,10.4,0.601,100,8222,98.22,24.1
5/24/2026 11:45,14167,10.4,0.601,100,8232,98.22,26
5/24/2026 12:00,14165,10.4,0.6,100,8247,98.2,27.3
5/24/2026 12:15,14163,10.4,0.603,100,8258,98.2,28.1
5/24/2026 12:30,14162,10.4,0.604,100,8267,98.2,28.9
5/24/2026 12:45,14160,10.4,0.6,100,8278,98.18,29.4
5/24/2026 13:00,14160,10.4,0.603,100,8288,98.17,30.4
5/24/2026 13:15,14159,10.4,0.601,100,8297,98.17,31.3
5/24/2026 13:30,14153,10.4,0.604,100,8304,98.16,31.8
5/24/2026 13:45,14137,10.4,0.603,100,8311,98.15,32.6
5/24/2026 14:00,14120,10.4,0.605,100,8315,98.15,33.2
5/24/2026 14:15,14107,10.4,0.605,100,8303,98.13,33.5
5/24/2026 14:30,14097,10.4,0.611,100,8291,98.1,32.2
5/24/2026 14:45,14101,10.4,0.6,100,8289,98.09,31.5
5/24/2026 15:00,14114,10.4,0.598,100,8300,98.07,32.2
5/24/2026 15:15,14129,10.4,0.6,100,8307,98.05,34.7
5/24/2026 15:30,14146,10.4,0.605,100,8305,98.03,36.8
5/24/2026 15:45,14162,10.4,0.604,100,8304,98.02,38.2
5/24/2026 16:00,14177,10.4,0.6,100,8298,98,39.3
5/24/2026 16:15,14192,10.4,0.603,100,8286,97.99,40.2
5/24/2026 16:30,14205,10.4,0.601,100,8275,97.99,40.4
5/24/2026 16:45,14217,10.4,0.6,100,8265,97.98,40.5
5/24/2026 17:00,14228,10.4,0.597,100,8255,97.98,40.9
5/24/2026 17:15,14239,10.4,0.596,100,8246,97.98,41.1
5/24/2026 17:30,14249,10.4,0.6,100,8237,97.96,41.1
5/24/2026 17:45,14260,10.4,0.6,100,8227,97.93,41.3
5/24/2026 18:00,14256,10.4,0.6,100,8212,97.92,40.2
5/24/2026 18:15,14242,10.4,0.601,100,8198,97.91,36.7
5/24/2026 18:30,14228,10.4,0.6,100,8185,97.89,33.4
5/24/2026 18:45,14209,10.4,0.607,100,8177,97.91,30.8
5/24/2026 19:00,14196,10.4,0.601,100,8174,97.89,28.8
5/24/2026 19:15,14194,10.4,0.604,100,8167,97.92,27.2
5/24/2026 19:30,14190,10.4,0.598,100,8164,98,26.1
5/24/2026 19:45,14184,10.4,0.601,100,8158,98.1,24.8
5/24/2026 20:00,14176,10.4,0.605,100,8156,98.18,22
5/24/2026 20:15,14169,10.4,0.607,100,8154,98.22,19.2
5/24/2026 20:30,14160,10.4,0.597,100,8152,98.27,17.6
5/24/2026 20:45,14153,10.4,0.6,100,8150,98.27,16.8
5/24/2026 21:00,14145,10.4,0.604,100,8145,98.22,16.1
5/24/2026 21:15,14120,10.4,0.604,100,8146,98.25,15.6
5/24/2026 21:30,14089,10.4,0.6,100,8144,98.29,15.2
5/24/2026 21:45,14065,10.4,0.608,100,8145,98.28,15
5/24/2026 22:00,14049,10.4,0.597,100,8143,98.19,14.9
5/24/2026 22:15,14035,10.4,0.601,100,8142,98.17,15
5/24/2026 22:30,14023,10.4,0.6,100,8139,98.17,15.2
5/24/2026 22:45,14004,10.4,0.6,100,8140,98.29,15.2
5/24/2026 23:00,14000,10.4,0.605,100,8139,98.31,15.2
5/24/2026 23:15,14013,10.4,0.605,100,8139,98.31,15.1
5/24/2026 23:30,14034,10.4,0.601,100,8139,98.25,15.1
5/24/2026 23:45,14057,10.4,0.6,100,8136,98.19,15.1
5/25/2026 0:00,14076,10.4,0.603,100,8138,98.18,15.1
5/25/2026 0:15,14094,10.4,0.601,100,8134,98.16,15.2
5/25/2026 0:30,14108,10.4,0.6,100,8133,98.14,15.1
5/25/2026 0:45,14119,10.4,0.601,100,8133,98.15,15
5/25/2026 1:00,14128,10.4,0.603,100,8131,98.13,15
5/25/2026 1:15,14131,10.4,0.605,100,8129,98.13,14.8
5/25/2026 1:30,14131,10.4,0.603,100,8129,98.12,14.7
5/25/2026 1:45,14127,10.4,0.597,100,8131,98.11,14.6
5/25/2026 2:00,14123,10.4,0.6,100,8129,98.1,14.6
5/25/2026 2:15,14116,10.4,0.601,100,8128,98.09,14.5
5/25/2026 2:30,14112,10.4,0.601,100,8129,98.08,14.5
5/25/2026 2:45,14105,10.4,0.607,100,8128,98.07,14.5
5/25/2026 3:00,14087,10.4,0.601,100,8127,98.04,14.5
5/25/2026 3:15,14059,10.4,0.601,100,8126,98.05,14.6
5/25/2026 3:30,14028,10.4,0.601,100,8125,98.05,14.9
5/25/2026 3:45,13998,10.4,0.597,100,8126,98.05,15.3
5/25/2026 4:00,13978,10.4,0.604,100,8124,98.06,15.8
5/25/2026 4:15,13974,10.4,0.598,100,8126,98.04,16
5/25/2026 4:30,13972,10.4,0.605,100,8123,98.04,16.1
5/25/2026 4:45,13971,10.4,0.603,100,8124,98.05,16
5/25/2026 5:00,13971,10.4,0.594,100,8124,98.06,15.9
5/25/2026 5:15,13972,10.4,0.605,100,8123,98.06,15.9
5/25/2026 5:30,13971,10.4,0.598,100,8121,98.07,15.7
5/25/2026 5:45,13970,10.4,0.605,100,8121,98.08,15.6
5/25/2026 6:00,13969,10.4,0.598,100,8120,98.1,15.6
5/25/2026 6:15,13970,10.4,0.601,100,8120,98.1,15.7
5/25/2026 6:30,13968,10.4,0.603,100,8120,98.11,15.8
5/25/2026 6:45,13964,10.4,0.601,100,8118,98.11,15.8
5/25/2026 7:00,13957,10.4,0.605,100,8121,98.11,16
5/25/2026 7:15,13948,10.4,0.608,100,8115,98.11,16.3
5/25/2026 7:30,13936,10.4,0.601,100,8119,98.12,16.7
5/25/2026 7:45,13922,10.4,0.605,100,8120,98.13,17.2
5/25/2026 8:00,13908,10.4,0.597,100,8117,98.15,17.7
5/25/2026 8:15,13893,10.4,0.605,100,8118,98.15,18.4
5/25/2026 8:30,13878,10.4,0.6,100,8117,98.15,19.2
5/25/2026 8:45,13865,10.3,0.603,100,8118,98.15,20
5/25/2026 9:00,13854,10.4,0.608,100,8117,98.14,20.7
5/25/2026 9:15,13847,10.3,0.601,100,8117,98.13,21.3
5/25/2026 9:30,13838,10.3,0.603,100,8117,98.13,21.8
5/25/2026 9:45,13818,10.3,0.604,100,8115,98.13,22.4
5/25/2026 10:00,13793,10.3,0.605,100,8114,98.13,22.8
5/25/2026 10:15,13772,10.3,0.605,100,8114,98.13,23.3
5/25/2026 10:30,13751,10.3,0.603,100,8113,98.11,23.6
5/25/2026 10:45,13734,10.3,0.603,100,8114,98.11,23.9
5/25/2026 11:00,13729,10.3,0.6,100,8111,98.1,24.2
5/25/2026 11:15,13735,10.3,0.61,100,8114,98.1,24.6
5/25/2026 11:30,13746,10.3,0.598,100,8118,98.08,25.5
5/25/2026 11:45,13756,10.3,0.601,100,8131,98.07,27.2
5/25/2026 12:00,13765,10.3,0.598,100,8146,98.07,28.3
5/25/2026 12:15,13776,10.3,0.598,100,8159,98.06,29.1
5/25/2026 12:30,13785,10.3,0.601,100,8171,98.05,29.9
5/25/2026 12:45,13794,10.3,0.601,100,8186,98.04,30.4
5/25/2026 13:00,13803,10.4,0.601,100,8198,98.03,31
5/25/2026 13:15,13803,10.4,0.604,100,8210,98.03,31.6
5/25/2026 13:30,13789,10.4,0.604,100,8222,98.03,32.2
5/25/2026 13:45,13772,10.3,0.596,100,8232,98.03,33.1
5/25/2026 14:00,13756,10.3,0.603,100,8238,98.01,33.5
5/25/2026 14:15,13740,10.3,0.601,100,8232,98,33.8
5/25/2026 14:30,13724,10.3,0.603,100,8225,97.99,32.8
5/25/2026 14:45,13709,10.3,0.598,100,8226,97.99,31.8
5/25/2026 15:00,13706,10.3,0.604,100,8239,97.97,32.1
5/25/2026 15:15,13714,10.3,0.601,100,8251,97.96,34.3
5/25/2026 15:30,13724,10.3,0.604,100,8257,97.94,36.2
5/25/2026 15:45,13732,10.3,0.6,100,8260,97.94,37.5
5/25/2026 16:00,13741,10.3,0.598,100,8261,97.93,38.5
5/25/2026 16:15,13749,10.3,0.601,100,8256,97.92,39.5
5/25/2026 16:30,13755,10.4,0.607,100,8253,97.91,40.3
5/25/2026 16:45,13761,10.4,0.598,100,8239,97.91,40
5/25/2026 17:00,13766,10.3,0.604,100,8237,97.9,39.2
5/25/2026 17:15,13772,10.4,0.592,100,8232,97.89,39.3
5/25/2026 17:30,13777,10.4,0.598,100,8229,97.87,39.7
5/25/2026 17:45,13782,10.3,0.608,100,8226,97.86,40.4
5/25/2026 18:00,13786,10.4,0.6,100,8218,97.86,41
5/25/2026 18:15,13790,10.4,0.598,100,8211,97.85,41.2
5/25/2026 18:30,13781,10.4,0.603,100,8202,97.85,41.3
5/25/2026 18:45,13764,10.4,0.598,100,8193,97.84,41.2
5/25/2026 19:00,13746,10.3,0.608,100,8177,97.83,38.8
5/25/2026 19:15,13729,10.4,0.603,100,8166,97.8,35.6
5/25/2026 19:30,13712,10.3,0.594,100,8158,97.79,33.4
5/25/2026 19:45,13699,10.4,0.601,100,8151,97.79,31.6
5/25/2026 20:00,13701,10.3,0.603,100,8145,97.79,30.1
5/25/2026 20:15,13709,10.3,0.604,100,8143,97.8,28.6
5/25/2026 20:30,13718,10.3,0.6,100,8139,97.81,27.3
5/25/2026 20:45,13729,10.3,0.603,100,8135,97.81,26.2
5/25/2026 21:00,13738,10.3,0.604,100,8132,97.83,25.1
5/25/2026 21:15,13746,10.3,0.603,100,8130,97.85,24.2
5/25/2026 21:30,13755,10.4,0.6,100,8127,97.86,23.4
5/25/2026 21:45,13764,10.4,0.601,100,8126,97.86,22.6
5/25/2026 22:00,13770,10.4,0.604,100,8127,97.86,22
5/25/2026 22:15,13768,10.4,0.604,100,8123,97.87,21.4
5/25/2026 22:30,13753,10.4,0.601,100,8120,97.88,21
5/25/2026 22:45,13734,10.4,0.6,100,8121,97.89,20.5
5/25/2026 23:00,13715,10.3,0.603,100,8118,97.9,20.3
5/25/2026 23:15,13696,10.3,0.598,100,8118,97.9,20.1
5/25/2026 23:30,13678,10.3,0.601,100,8117,97.89,20
5/25/2026 23:45,13659,10.3,0.601,100,8116,97.9,20.1
5/26/2026 0:00,13642,10.3,0.6,100,8114,97.91,20.6
5/26/2026 0:15,13627,10.3,0.601,100,8092,97.92,21.4
5/26/2026 0:30,13615,10.3,0.601,100,8106,97.93,21.8
5/26/2026 0:45,13607,10.3,0.597,100,8104,97.94,22.2
5/26/2026 1:00,13613,10.3,0.6,100,8101,97.95,22.4
5/26/2026 1:15,13634,10.3,0.601,100,8102,97.96,22.5
5/26/2026 1:30,13661,10.3,0.604,100,8103,97.97,22.4
5/26/2026 1:45,13687,10.3,0.605,100,8101,97.97,22.3
5/26/2026 2:00,13714,10.4,0.601,100,8101,97.97,22.2
5/26/2026 2:15,13740,10.4,0.604,100,8101,97.98,22
5/26/2026 2:30,13765,10.4,0.603,100,8099,97.98,21.9
5/26/2026 2:45,13788,10.4,0.601,100,8098,97.98,21.7
5/26/2026 3:00,13810,10.4,0.604,100,8097,97.99,21.6
5/26/2026 3:15,13831,10.4,0.601,100,8099,97.98,21.4
5/26/2026 3:30,13851,10.4,0.601,100,8096,97.99,21.3
5/26/2026 3:45,13870,10.4,0.6,100,8095,97.98,21.2
5/26/2026 4:00,13886,10.4,0.603,100,8097,97.99,21
5/26/2026 4:15,13903,10.4,0.604,100,8092,97.99,20.9
5/26/2026 4:30,13916,10.4,0.604,100,8096,98,20.8
5/26/2026 4:45,13928,10.4,0.603,100,8093,98,20.7
5/26/2026 5:00,13940,10.4,0.597,100,8092,98,20.7
5/26/2026 5:15,13950,10.4,0.597,100,8091,98,20.7
5/26/2026 5:30,13959,10.4,0.598,100,8094,97.99,20.7
5/26/2026 5:45,13964,10.4,0.603,100,8091,98,20.6
5/26/2026 6:00,13966,10.4,0.601,100,8091,98.01,20.6
5/26/2026 6:15,13968,10.4,0.603,100,8088,98.03,20.6
5/26/2026 6:30,13966,10.4,0.603,100,8088,98.06,20.7
5/26/2026 6:45,13963,10.4,0.598,100,8086,98.07,20.7
5/26/2026 7:00,13960,10.4,0.6,100,8087,98.1,20.7
5/26/2026 7:15,13956,10.4,0.605,100,8086,98.13,20.7
5/26/2026 7:30,13949,10.4,0.6,100,8086,98.18,20.7
5/26/2026 7:45,13945,10.4,0.601,100,8086,98.17,20.8
5/26/2026 8:00,13944,10.4,0.601,100,8085,98.14,20.6
5/26/2026 8:15,13940,10.4,0.6,100,8084,98.13,20.5
5/26/2026 8:30,13935,10.4,0.601,100,8084,98.1,20.5
5/26/2026 8:45,13926,10.4,0.604,100,8085,98.1,20.8
5/26/2026 9:00,13915,10.4,0.603,100,8085,98.08,21.4
5/26/2026 9:15,13891,10.4,0.597,100,8086,98.07,22.2
5/26/2026 9:30,13857,10.4,0.598,100,8088,98.05,23.1
5/26/2026 9:45,13818,10.4,0.6,100,8090,98.06,24.1
5/26/2026 10:00,13779,10.4,0.598,100,8092,98.06,24.8
5/26/2026 10:15,13742,10.3,0.601,100,8095,98.07,25.4
5/26/2026 10:30,13709,10.3,0.6,100,8093,98.07,26.2
5/26/2026 10:45,13685,10.3,0.605,100,8094,98.09,26.9
5/26/2026 11:00,13676,10.3,0.601,100,8093,98.08,27.5
5/26/2026 11:15,13673,10.3,0.596,100,8097,98.07,28
5/26/2026 11:30,13673,10.3,0.597,100,8101,98.07,28.6
5/26/2026 11:45,13676,10.4,0.603,100,8105,98.07,30.2
5/26/2026 12:00,13680,10.3,0.601,100,8115,98.07,30.1
5/26/2026 12:15,13685,10.3,0.607,100,8123,98.05,31.6
5/26/2026 12:30,13691,10.3,0.601,100,8129,98.04,32
5/26/2026 12:45,13691,10.3,0.6,100,8131,98.03,31.8
5/26/2026 13:00,13678,10.4,0.605,100,8136,98.02,31.6
5/26/2026 13:15,13662,10.3,0.604,100,8136,98.02,31.7
5/26/2026 13:30,13645,10.3,0.598,100,8137,98.02,32
5/26/2026 13:45,13630,10.3,0.594,100,8142,98.03,32.4
5/26/2026 14:00,13614,10.3,0.598,100,8140,98.03,32.4
5/26/2026 14:15,13601,10.3,0.603,100,8141,98.03,32.3
5/26/2026 14:30,13590,10.3,0.598,100,8142,98.03,32.4
5/26/2026 14:45,13579,10.3,0.593,100,8142,98.01,32.4
5/26/2026 15:00,13569,10.3,0.604,100,8157,98,33.8
5/26/2026 15:15,13562,10.3,0.61,100,8169,97.98,35.7
5/26/2026 15:30,13571,10.3,0.603,100,8180,97.97,37.8
5/26/2026 15:45,13591,10.3,0.6,100,8184,97.96,39.5
5/26/2026 16:00,13614,10.3,0.596,100,8180,97.94,39.7
5/26/2026 16:15,13638,10.3,0.601,100,8186,97.94,40.4
5/26/2026 16:30,13663,10.3,0.597,100,8185,97.93,40.9
5/26/2026 16:45,13688,10.4,0.6,100,8182,97.91,41.5
5/26/2026 17:00,13711,10.4,0.6,100,8184,97.91,41.9
5/26/2026 17:15,13734,10.4,0.607,100,8177,97.9,42.6
5/26/2026 17:30,13756,10.4,0.597,100,8176,97.88,42.5
5/26/2026 17:45,13777,10.4,0.601,100,8171,97.86,43.6
5/26/2026 18:00,13796,10.4,0.6,100,8169,97.85,43.8
5/26/2026 18:15,13815,10.4,0.597,100,8161,97.84,43.3
5/26/2026 18:30,13832,10.4,0.603,100,8151,97.82,43.2
5/26/2026 18:45,13846,10.4,0.601,100,8142,97.82,42
5/26/2026 19:00,13858,10.4,0.603,100,8130,97.84,39.4
5/26/2026 19:15,13869,10.4,0.6,100,8123,97.86,36.5
5/26/2026 19:30,13878,10.4,0.603,100,8115,97.86,34.3
5/26/2026 19:45,13883,10.4,0.603,100,8111,97.87,32.5
5/26/2026 20:00,13887,10.4,0.603,100,8107,97.87,30.9
5/26/2026 20:15,13881,10.4,0.603,100,8101,97.89,29.5
5/26/2026 20:30,13860,10.4,0.598,100,8101,97.91,28.4
5/26/2026 20:45,13837,10.4,0.598,100,8098,97.92,27.5
5/26/2026 21:00,13813,10.4,0.597,100,8097,97.94,26.7
5/26/2026 21:15,13788,10.4,0.598,100,8095,97.97,26.1
5/26/2026 21:30,13766,10.4,0.596,100,8091,97.98,25.5
5/26/2026 21:45,13744,10.4,0.603,100,8088,97.99,24.9
5/26/2026 22:00,13723,10.4,0.598,100,8085,98.01,24.3
5/26/2026 22:15,13710,10.4,0.601,100,8085,98.04,23.9
5/26/2026 22:30,13713,10.4,0.6,100,8084,98.03,23.4
5/26/2026 22:45,13717,10.4,0.596,100,8083,98.04,23
5/26/2026 23:00,13723,10.4,0.597,100,8081,98.05,22.6
5/26/2026 23:15,13729,10.4,0.597,100,8079,98.05,22.2
5/26/2026 23:30,13735,10.4,0.594,100,8081,98.06,21.9
5/26/2026 23:45,13742,10.4,0.597,100,8079,98.04,21.6
5/27/2026 0:00,13748,10.4,0.598,100,8080,98.04,21.4
5/27/2026 0:15,13755,10.4,0.6,100,8049,98.04,21.2
5/27/2026 0:30,13762,10.4,0.598,100,8066,98.05,20.9
5/27/2026 0:45,13766,10.4,0.598,100,8066,98.08,20.5
5/27/2026 1:00,13757,10.4,0.598,100,8065,98.1,20.1
5/27/2026 1:15,13740,10.4,0.598,100,8064,98.14,19.9
5/27/2026 1:30,13723,10.4,0.598,100,8066,98.14,19.7
5/27/2026 1:45,13707,10.4,0.601,100,8065,98.15,19.6
5/27/2026 2:00,13692,10.4,0.6,100,8064,98.16,19.4
5/27/2026 2:15,13678,10.4,0.601,100,8063,98.16,19.2
5/27/2026 2:30,13666,10.4,0.598,100,8065,98.16,19.2
5/27/2026 2:45,13655,10.4,0.6,100,8063,98.17,19.1
5/27/2026 3:00,13650,10.4,0.6,100,8062,98.17,19.1
5/27/2026 3:15,13659,10.3,0.596,100,8058,98.17,19
5/27/2026 3:30,13672,10.4,0.603,100,8060,98.16,18.8
5/27/2026 3:45,13686,10.4,0.597,100,8058,98.15,18.7
5/27/2026 4:00,13698,10.4,0.604,100,8062,98.16,18.7
5/27/2026 4:15,13709,10.4,0.604,100,8060,98.16,18.6
5/27/2026 4:30,13719,10.4,0.6,100,8059,98.16,18.4
5/27/2026 4:45,13728,10.4,0.598,100,8058,98.17,18.2
5/27/2026 5:00,13735,10.4,0.601,100,8056,98.17,18
5/27/2026 5:15,13741,10.4,0.601,100,8057,98.18,17.8
5/27/2026 5:30,13746,10.4,0.598,100,8056,98.2,17.6
5/27/2026 5:45,13750,10.4,0.6,100,8056,98.21,17.4
5/27/2026 6:00,13754,10.4,0.6,100,8054,98.21,17.2
5/27/2026 6:15,13756,10.4,0.596,100,8056,98.22,17.1
5/27/2026 6:30,13755,10.4,0.6,100,8054,98.22,17.2
5/27/2026 6:45,13753,10.4,0.598,100,8054,98.23,17.5
5/27/2026 7:00,13748,10.4,0.597,100,8054,98.24,18
5/27/2026 7:15,13740,10.4,0.598,100,8055,98.25,18.7
5/27/2026 7:30,13731,10.4,0.601,100,8053,98.26,19.4
5/27/2026 7:45,13722,10.4,0.598,100,8055,98.26,19.9
5/27/2026 8:00,13715,10.4,0.597,100,8055,98.25,20.6
5/27/2026 8:15,13706,10.4,0.604,100,8057,98.25,21.4
5/27/2026 8:30,13697,10.4,0.598,100,8054,98.25,22
5/27/2026 8:45,13689,10.4,0.6,100,8056,98.25,22.6
5/27/2026 9:00,13681,10.4,0.601,100,8058,98.25,23.2
5/27/2026 9:15,13675,10.4,0.607,100,8056,98.26,23.7
5/27/2026 9:30,13668,10.4,0.6,100,8058,98.26,24.1
5/27/2026 9:45,13662,10.4,0.597,100,8058,98.27,24.5
5/27/2026 10:00,13656,10.4,0.598,100,8057,98.28,24.8
5/27/2026 10:15,13652,10.4,0.6,100,8057,98.29,25.2
5/27/2026 10:30,13648,10.4,0.601,100,8053,98.28,25.6
5/27/2026 10:45,13645,10.4,0.596,100,8054,98.28,26.1
5/27/2026 11:00,13640,10.4,0.597,100,8052,98.28,26.6
5/27/2026 11:15,13630,10.3,0.601,100,8053,98.27,27.1
5/27/2026 11:30,13608,10.4,0.6,100,8058,98.27,28
5/27/2026 11:45,13581,10.3,0.6,100,8071,98.27,30.4
5/27/2026 12:00,13556,10.3,0.601,100,8084,98.28,32
5/27/2026 12:15,13532,10.3,0.598,100,8097,98.27,33.1
5/27/2026 12:30,13509,10.3,0.598,100,8110,98.28,34.2
5/27/2026 12:45,13488,10.3,0.597,100,8123,98.29,35.3
5/27/2026 13:00,13467,10.3,0.6,100,8133,98.29,36
5/27/2026 13:15,13458,10.3,0.601,100,8145,98.29,36.6
5/27/2026 13:30,13461,10.3,0.6,100,8157,98.3,36.9
5/27/2026 13:45,13468,10.3,0.6,100,8164,98.29,37.3
5/27/2026 14:00,13475,10.3,0.597,100,8174,98.29,37.9
5/27/2026 14:15,13484,10.3,0.603,100,8173,98.28,38.3
5/27/2026 14:30,13976,10.4,0.598,100,8177,98.28,37.8
5/27/2026 14:45,13602,10.4,0.598,100,8169,98.27,37
5/27/2026 15:00,13583,10.4,0.594,100,8176,98.26,36.8
5/27/2026 15:15,13584,10.4,0.597,100,8186,98.26,39
5/27/2026 15:30,13573,10.4,0.601,100,8191,98.26,41.4
5/27/2026 15:45,13557,10.4,0.597,100,8193,98.26,42.7
5/27/2026 16:00,13541,10.3,0.601,100,8190,98.26,43.5
5/27/2026 16:15,13526,10.3,0.597,100,8188,98.26,44.1
5/27/2026 16:30,13511,10.3,0.6,100,8181,98.25,44.5
5/27/2026 16:45,13498,10.3,0.597,100,8167,98.24,45.3
5/27/2026 17:00,13484,10.3,0.597,100,8148,98.24,45.4
5/27/2026 17:15,13471,10.3,0.6,100,8138,98.25,44.8
5/27/2026 17:30,13458,10.3,0.603,100,8133,98.25,45
5/27/2026 17:45,13456,10.3,0.597,100,8126,98.24,44.8
5/27/2026 18:00,13465,10.3,0.598,100,8126,98.22,44.2
5/27/2026 18:15,13476,10.3,0.6,100,8120,98.22,43.6
5/27/2026 18:30,13486,10.3,0.6,100,8119,98.21,43.5
5/27/2026 18:45,13495,10.3,0.598,100,8115,98.2,43
5/27/2026 19:00,13621,10.4,0.594,100,8101,98.2,40.4
5/27/2026 19:15,13859,10.4,0.6,100,8094,98.21,37.4
5/27/2026 19:30,14022,10.4,0.601,100,8091,98.22,35
5/27/2026 19:45,14106,10.4,0.592,100,8083,98.23,33.3
5/27/2026 20:00,14109,10.4,0.594,100,8082,98.24,31.8
5/27/2026 20:15,14114,10.3,0.597,100,8077,98.24,30.5
5/27/2026 20:30,14116,10.3,0.598,100,8076,98.26,29.4
5/27/2026 20:45,14119,10.3,0.6,100,8071,98.28,28.4
5/27/2026 21:00,14121,10.3,0.6,100,8069,98.3,27.4
5/27/2026 21:15,14123,10.3,0.6,100,8069,98.32,26.6
5/27/2026 21:30,14126,10.3,0.601,100,8065,98.33,25.8
5/27/2026 21:45,14127,10.3,0.601,100,8063,98.37,25.2
5/27/2026 22:00,14119,10.3,0.601,100,8063,98.4,24.7
5/27/2026 22:15,14105,10.3,0.601,100,8062,98.43,24.5
5/27/2026 22:30,14087,10.3,0.601,100,8059,98.45,24.4
5/27/2026 22:45,14070,10.3,0.603,100,8061,98.47,24.2
5/27/2026 23:00,14054,10.3,0.603,100,8058,98.49,24
5/27/2026 23:15,14040,10.3,0.603,100,8060,98.5,23.6
5/27/2026 23:30,14028,10.3,0.603,100,8056,98.51,23.1
5/27/2026 23:45,14016,10.3,0.603,100,8055,98.52,22.7
5/28/2026 0:00,14004,10.3,0.603,100,8053,98.53,22.2
5/28/2026 0:15,13994,10.3,0.603,100,8019,98.54,22
5/28/2026 0:30,13987,10.3,0.603,100,8042,98.54,21.7
5/28/2026 0:45,13989,10.3,0.603,100,8040,98.56,21.3
5/28/2026 1:00,13999,10.3,0.604,100,8041,98.56,21
5/28/2026 1:15,14013,10.3,0.604,100,8041,98.57,20.8
5/28/2026 1:30,14029,10.3,0.604,100,8039,98.58,20.6
5/28/2026 1:45,14044,10.3,0.605,100,8039,98.6,20.4
5/28/2026 2:00,14059,10.3,0.605,100,8041,98.61,20.1
5/28/2026 2:15,14076,10.3,0.605,100,8039,98.62,19.8
5/28/2026 2:30,14091,10.3,0.605,100,8038,98.63,19.4
5/28/2026 2:45,14105,10.3,0.605,100,8039,98.64,19.1
5/28/2026 3:00,14120,10.3,0.605,100,8039,98.64,18.8
5/28/2026 3:15,14134,10.3,0.605,100,8038,98.65,18.6
5/28/2026 3:30,14148,10.3,0.605,100,8037,98.66,18.3
5/28/2026 3:45,14160,10.3,0.605,100,8036,98.68,18.1
5/28/2026 4:00,14171,10.3,0.604,100,8036,98.69,17.9
5/28/2026 4:15,14184,10.3,0.605,100,8035,98.69,17.7
5/28/2026 4:30,14196,10.3,0.605,100,8035,98.69,17.6
5/28/2026 4:45,14206,10.3,0.605,100,8035,98.7,17.4
5/28/2026 5:00,14215,10.3,0.604,100,8034,98.72,17.3
5/28/2026 5:15,14224,10.3,0.604,100,8034,98.73,17.2
5/28/2026 5:30,14232,10.3,0.605,100,8034,98.75,17.1
5/28/2026 5:45,14240,10.3,0.604,100,8033,98.75,17
5/28/2026 6:00,14248,10.3,0.605,100,8032,98.76,16.9
5/28/2026 6:15,14253,10.3,0.605,100,8028,98.77,16.9
5/28/2026 6:30,14258,10.3,0.605,100,8028,98.8,17
5/28/2026 6:45,14264,10.3,0.604,100,8029,98.81,17.2
5/28/2026 7:00,14269,10.3,0.604,100,8028,98.82,17.5
5/28/2026 7:15,14274,10.3,0.604,100,8028,98.83,17.8
5/28/2026 7:30,14278,10.3,0.604,100,8027,98.84,18.1
5/28/2026 7:45,14282,10.3,0.604,100,8028,98.86,18.4
5/28/2026 8:00,14278,10.3,0.605,100,8030,98.87,18.6
5/28/2026 8:15,14159,10.3,0.607,100,8031,98.88,18.9
5/28/2026 8:30,14132,10.4,0.61,100,8028,98.88,20
5/28/2026 8:45,13911,10.3,0.6,100,8031,98.88,19.9
5/28/2026 9:00,13649,10.3,0.607,100,8028,98.89,20
5/28/2026 9:15,13626,10.3,0.607,100,8027,98.9,20.3
5/28/2026 9:30,13604,10.3,0.601,100,8025,98.92,20.6
5/28/2026 9:45,13586,10.3,0.603,100,8026,98.91,21
5/28/2026 10:00,13576,10.3,0.607,100,8026,98.9,21.4
5/28/2026 10:15,13580,10.3,0.603,100,8025,98.9,21.9
5/28/2026 10:30,13587,10.3,0.603,100,8025,98.89,22.3
5/28/2026 10:45,13596,10.3,0.6,100,8029,98.89,22.8
5/28/2026 11:00,13604,10.3,0.6,100,8028,98.89,23.2
5/28/2026 11:15,13612,10.4,0.598,100,8027,98.89,23.8
5/28/2026 11:30,13620,10.4,0.601,100,8034,98.88,24.5
5/28/2026 11:45,13629,10.4,0.597,100,8047,98.87,26.5
5/28/2026 12:00,13636,10.4,0.601,100,8062,98.86,28.2
5/28/2026 12:15,13629,10.4,0.603,100,8076,98.85,29.3
5/28/2026 12:30,13617,10.4,0.597,100,8087,98.83,30
5/28/2026 12:45,13608,10.4,0.598,100,8104,98.81,30.9
5/28/2026 13:00,13599,10.4,0.601,100,8117,98.79,31.7
5/28/2026 13:15,13593,10.4,0.601,100,8131,98.78,32.6
5/28/2026 13:30,13595,10.4,0.603,100,8141,98.77,33.5
5/28/2026 13:45,13611,10.4,0.603,100,8155,98.76,33.9
5/28/2026 14:00,13633,10.4,0.603,100,8167,98.75,34.6
5/28/2026 14:15,13655,10.4,0.598,100,8172,98.74,35.1
5/28/2026 14:30,13677,10.4,0.596,100,8176,98.72,34.7
5/28/2026 14:45,13701,10.4,0.603,100,8173,98.7,34.5
5/28/2026 15:00,13723,10.4,0.6,100,8185,98.67,34.2
5/28/2026 15:15,13742,10.4,0.6,100,8196,98.66,35.7
5/28/2026 15:30,13752,10.4,0.598,100,8202,98.65,37.6
5/28/2026 15:45,13750,10.4,0.596,100,8202,98.64,38.8
5/28/2026 16:00,13745,10.4,0.597,100,8199,98.63,39.2
5/28/2026 16:15,13739,10.4,0.6,100,8199,98.62,38.9
5/28/2026 16:30,13733,10.4,0.598,100,8194,98.62,38.9
5/28/2026 16:45,13735,10.4,0.597,100,8187,98.6,38.2
5/28/2026 17:00,13750,10.4,0.593,100,8183,98.6,37.5
5/28/2026 17:15,13768,10.4,0.6,100,8178,98.59,36.4
5/28/2026 17:30,13788,10.4,0.6,100,8178,98.58,36
5/28/2026 17:45,13807,10.4,0.6,100,8175,98.57,35.5
5/28/2026 18:00,13824,10.4,0.6,100,8174,98.56,35.6
5/28/2026 18:15,13841,10.4,0.601,100,8175,98.56,35.8
5/28/2026 18:30,13856,10.4,0.597,100,8167,98.55,35.4
5/28/2026 18:45,13870,10.4,0.597,100,8159,98.55,33.6
5/28/2026 19:00,13884,10.4,0.594,100,8155,98.55,31.8
5/28/2026 19:15,13896,10.4,0.6,100,8149,98.55,30.4
5/28/2026 19:30,13900,10.4,0.594,100,8145,98.55,29.3
5/28/2026 19:45,13890,10.4,0.604,100,8142,98.54,28.4
5/28/2026 20:00,13877,10.4,0.593,100,8137,98.55,27.5
5/28/2026 20:15,13863,10.4,0.596,100,8133,98.54,26.7
5/28/2026 20:30,13851,10.4,0.596,100,8131,98.54,26
5/28/2026 20:45,13838,10.4,0.593,100,8128,98.54,25.3
5/28/2026 21:00,13825,10.4,0.6,100,8125,98.55,24.6
5/28/2026 21:15,13814,10.4,0.597,100,8123,98.54,24
5/28/2026 21:30,13811,10.4,0.597,100,8120,98.55,23.4
5/28/2026 21:45,13821,10.4,0.597,100,8117,98.56,22.9
5/28/2026 22:00,13835,10.4,0.597,100,8119,98.57,22.5
5/28/2026 22:15,13849,10.4,0.6,100,8117,98.57,22.1
5/28/2026 22:30,13864,10.4,0.596,100,8114,98.58,21.7
5/28/2026 22:45,13878,10.4,0.601,100,8114,98.58,21.3
5/28/2026 23:00,13892,10.4,0.6,100,8111,98.58,21
5/28/2026 23:15,13904,10.4,0.597,100,8111,98.58,20.6
5/28/2026 23:30,13915,10.4,0.597,100,8110,98.57,20.3
5/28/2026 23:45,13912,10.4,0.6,100,8109,98.57,20
5/29/2026 0:00,13903,10.4,0.596,100,8107,98.56,19.8
5/29/2026 0:15,13894,10.4,0.597,100,8098,98.55,19.6
5/29/2026 0:30,13886,10.4,0.597,100,8100,98.54,19.3
5/29/2026 0:45,13880,10.4,0.6,100,8098,98.54,19.1
5/29/2026 1:00,13875,10.4,0.597,100,8097,98.54,18.9
5/29/2026 1:15,13876,10.4,0.596,100,8099,98.53,18.6
5/29/2026 1:30,13888,10.4,0.597,100,8098,98.52,18.3
5/29/2026 1:45,13904,10.4,0.596,100,8097,98.51,18.1
5/29/2026 2:00,13920,10.4,0.594,100,8096,98.5,17.8
5/29/2026 2:15,13937,10.4,0.6,100,8096,98.49,17.6
5/29/2026 2:30,13949,10.4,0.598,100,8094,98.49,17.4
5/29/2026 2:45,13958,10.4,0.597,100,8094,98.49,17.2
5/29/2026 3:00,13964,10.4,0.596,100,8092,98.48,17
5/29/2026 3:15,13965,10.4,0.597,100,8091,98.47,16.8
5/29/2026 3:30,13964,10.4,0.601,100,8090,98.47,16.6
5/29/2026 3:45,13962,10.4,0.597,100,8089,98.47,16.5
5/29/2026 4:00,13958,10.4,0.597,100,8089,98.46,16.3
5/29/2026 4:15,13953,10.4,0.593,100,8088,98.45,16.2
5/29/2026 4:30,13947,10.4,0.594,100,8087,98.45,16.2
5/29/2026 4:45,13941,10.4,0.596,100,8086,98.44,16.1
5/29/2026 5:00,13935,10.4,0.593,100,8086,98.44,15.9
5/29/2026 5:15,13928,10.4,0.597,100,8085,98.44,15.8
5/29/2026 5:30,13922,10.4,0.597,100,8085,98.44,15.7
5/29/2026 5:45,13915,10.4,0.594,100,8085,98.44,15.6
5/29/2026 6:00,13910,10.4,0.598,100,8084,98.44,15.5
5/29/2026 6:15,13904,10.4,0.598,100,8085,98.45,15.5
5/29/2026 6:30,13898,10.4,0.596,100,8083,98.45,15.6
5/29/2026 6:45,13892,10.4,0.596,100,8082,98.45,15.8
5/29/2026 7:00,13884,10.4,0.597,100,8085,98.46,16.1
5/29/2026 7:15,13865,10.4,0.597,100,8082,98.46,16.5
5/29/2026 7:30,13843,10.4,0.6,100,8082,98.46,17.1
5/29/2026 7:45,13819,10.4,0.596,100,8082,98.46,17.8
5/29/2026 8:00,13799,10.4,0.598,100,8085,98.45,18.4
5/29/2026 8:15,13778,10.4,0.597,100,8082,98.44,19.1
5/29/2026 8:30,13755,10.4,0.597,100,8081,98.43,20.8
5/29/2026 8:45,13733,10.4,0.6,100,8081,98.42,21.1
5/29/2026 9:00,13710,10.4,0.596,100,8082,98.42,21.6
5/29/2026 9:15,13690,10.4,0.596,100,8081,98.42,22.2
5/29/2026 9:30,13669,10.4,0.593,100,8083,98.42,22.9
5/29/2026 9:45,13657,10.4,0.594,100,8076,98.42,23.4
5/29/2026 10:00,13659,10.4,0.594,100,8079,98.4,23.9
5/29/2026 10:15,13668,10.4,0.597,100,8080,98.39,24.4
5/29/2026 10:30,13680,10.4,0.598,100,8076,98.38,25
5/29/2026 10:45,13695,10.4,0.6,100,8076,98.37,25.6
5/29/2026 11:00,13713,10.4,0.596,100,8073,98.36,26.2
5/29/2026 11:15,13732,10.4,0.596,100,8075,98.35,26.9
5/29/2026 11:30,13752,10.4,0.596,100,8079,98.34,27.7
5/29/2026 11:45,13772,10.4,0.598,100,8089,98.33,30
5/29/2026 12:00,13790,10.4,0.597,100,8104,98.31,31.9
5/29/2026 12:15,13808,10.4,0.593,100,8115,98.29,32.7
5/29/2026 12:30,13823,10.4,0.594,100,8129,98.28,33.4
5/29/2026 12:45,13837,10.4,0.596,100,8140,98.26,33.7
5/29/2026 13:00,13853,10.4,0.596,100,8149,98.24,34.2
5/29/2026 13:15,13867,10.4,0.59,100,8160,98.22,34.6
5/29/2026 13:30,13873,10.4,0.598,100,8170,98.2,35.4
5/29/2026 13:45,13872,10.4,0.593,100,8183,98.18,36.2
5/29/2026 14:00,13869,10.4,0.59,100,8186,98.17,37.1
5/29/2026 14:15,13867,10.4,0.593,100,8183,98.15,36.8
5/29/2026 14:30,13864,10.4,0.594,100,8183,98.14,35.8
5/29/2026 14:45,13864,10.4,0.6,100,8180,98.13,35
5/29/2026 15:00,13870,10.4,0.596,100,8183,98.12,35.1
5/29/2026 15:15,13889,10.4,0.593,100,8192,98.1,36.3
5/29/2026 15:30,13911,10.4,0.592,100,8188,98.08,37
5/29/2026 15:45,13933,10.4,0.596,100,8185,98.07,36.2
5/29/2026 16:00,13955,10.4,0.592,100,8183,98.05,35.8
5/29/2026 16:15,13974,10.4,0.592,100,8191,98.04,36.7
5/29/2026 16:30,13994,10.4,0.59,100,8192,98.03,38
5/29/2026 16:45,14012,10.4,0.598,100,8186,98.01,38.5
5/29/2026 17:00,14028,10.4,0.593,100,8186,98,38.6
5/29/2026 17:15,14030,10.4,0.596,100,8186,98,38.2
5/29/2026 17:30,14026,10.4,0.594,100,8184,98,38.4
5/29/2026 17:45,14020,10.4,0.593,100,8177,97.99,38.2
5/29/2026 18:00,14015,10.4,0.598,100,8171,97.99,37.1
5/29/2026 18:15,14010,10.4,0.596,100,8163,97.98,36.1
5/29/2026 18:30,14009,10.4,0.597,100,8156,97.97,35
5/29/2026 18:45,14022,10.4,0.597,100,8149,97.96,33.4
5/29/2026 19:00,14037,10.4,0.594,100,8145,97.96,32
5/29/2026 19:15,14050,10.4,0.593,100,8138,97.96,30.8
5/29/2026 19:30,14062,10.4,0.593,100,8133,97.96,29.7
5/29/2026 19:45,14069,10.4,0.592,100,8131,97.96,28.7
5/29/2026 20:00,14071,10.4,0.596,100,8129,97.96,27.9
5/29/2026 20:15,14070,10.4,0.592,100,8126,97.96,27.1
5/29/2026 20:30,14065,10.4,0.593,100,8123,97.98,26.5
5/29/2026 20:45,14060,10.4,0.594,100,8119,97.98,25.8
5/29/2026 21:00,14053,10.4,0.594,100,8117,97.99,25.3
5/29/2026 21:15,14045,10.4,0.597,100,8116,98.01,24.7
5/29/2026 21:30,14037,10.4,0.593,100,8114,98.01,24
5/29/2026 21:45,14026,10.4,0.593,100,8112,98.03,23.5
5/29/2026 22:00,14005,10.4,0.592,100,8111,98.04,23
5/29/2026 22:15,13984,10.4,0.59,100,8107,98.05,22.6
5/29/2026 22:30,13965,10.4,0.594,100,8107,98.06,22.2
5/29/2026 22:45,13951,10.4,0.597,100,8105,98.06,21.8
5/29/2026 23:00,13941,10.4,0.594,100,8105,98.07,21.6
5/29/2026 23:15,13935,10.4,0.598,100,8102,98.07,21.4
5/29/2026 23:30,13933,10.4,0.605,100,8104,98.08,21.2
5/29/2026 23:45,13933,10.4,0.596,100,8100,98.07,21.1
5/30/2026 0:00,13934,10.4,0.592,100,8099,98.08,21
5/30/2026 0:15,13936,10.4,0.594,100,8069,98.08,21.1
5/30/2026 0:30,13936,10.4,0.592,100,8086,98.09,21
5/30/2026 0:45,13931,10.4,0.598,100,8085,98.09,20.7
5/30/2026 1:00,13923,10.4,0.593,100,8085,98.09,20.5
5/30/2026 1:15,13909,10.4,0.601,100,8087,98.09,20.2
5/30/2026 1:30,13890,10.4,0.594,100,8085,98.09,20
5/30/2026 1:45,13870,10.4,0.594,100,8084,98.09,19.7
5/30/2026 2:00,13848,10.4,0.594,100,8082,98.09,19.5
5/30/2026 2:15,13825,10.4,0.594,100,8080,98.08,19.3
5/30/2026 2:30,13801,10.4,0.596,100,8079,98.09,19.1
5/30/2026 2:45,13776,10.4,0.594,100,8079,98.1,19
5/30/2026 3:00,13751,10.4,0.594,100,8080,98.1,18.9
5/30/2026 3:15,13726,10.4,0.594,100,8077,98.11,18.8
5/30/2026 3:30,13702,10.4,0.592,100,8079,98.12,18.5
5/30/2026 3:45,13679,10.4,0.594,100,8077,98.12,18.3
5/30/2026 4:00,13661,10.4,0.597,100,8074,98.12,18.1
5/30/2026 4:15,13651,10.4,0.594,100,8076,98.13,18
5/30/2026 4:30,13643,10.4,0.594,100,8073,98.12,17.7
5/30/2026 4:45,13636,10.4,0.596,100,8073,98.12,17.4
5/30/2026 5:00,13629,10.4,0.593,100,8073,98.13,17.1
5/30/2026 5:15,13622,10.4,0.597,100,8071,98.14,16.8
5/30/2026 5:30,13615,10.4,0.597,100,8071,98.14,16.5
5/30/2026 5:45,13608,10.4,0.594,100,8071,98.15,16.2
5/30/2026 6:00,13600,10.4,0.598,100,8069,98.16,16.1
5/30/2026 6:15,13594,10.4,0.597,100,8072,98.18,16
5/30/2026 6:30,13588,10.4,0.594,100,8069,98.19,16.1
5/30/2026 6:45,13583,10.4,0.596,100,8071,98.21,16.3
5/30/2026 7:00,13578,10.4,0.592,100,8071,98.22,16.7
5/30/2026 7:15,13575,10.4,0.594,100,8069,98.22,17.2
5/30/2026 7:30,13571,10.4,0.594,100,8066,98.22,17.8
5/30/2026 7:45,13568,10.4,0.593,100,8069,98.24,18.2
5/30/2026 8:00,13566,10.4,0.597,100,8068,98.25,18.8
5/30/2026 8:15,13566,10.4,0.596,100,8067,98.26,19.3
5/30/2026 8:30,13566,10.4,0.593,100,8065,98.27,19.8
5/30/2026 8:45,13568,10.4,0.59,100,8069,98.28,20.4
5/30/2026 9:00,13572,10.4,0.598,100,8067,98.27,21.1
5/30/2026 9:15,13576,10.4,0.596,100,8069,98.28,21.6
5/30/2026 9:30,13576,10.4,0.594,100,8073,98.28,22.1
5/30/2026 9:45,13570,10.4,0.589,100,8072,98.29,22.6
5/30/2026 10:00,13561,10.4,0.593,100,8076,98.28,23.1
5/30/2026 10:15,13552,10.4,0.596,100,8078,98.29,23.6
5/30/2026 10:30,13541,10.4,0.594,100,8078,98.29,24.2
5/30/2026 10:45,13532,10.4,0.597,100,8076,98.28,24.9
5/30/2026 11:00,13520,10.4,0.594,100,8077,98.28,25.1
5/30/2026 11:15,13509,10.4,0.594,100,8077,98.27,25.2
5/30/2026 11:30,13497,10.4,0.596,100,8079,98.27,25.9
5/30/2026 11:45,13483,10.4,0.592,100,8094,98.28,27.4
5/30/2026 12:00,13470,10.4,0.596,100,8101,98.28,29.4
5/30/2026 12:15,13458,10.4,0.598,100,8109,98.28,29.9
5/30/2026 12:30,13445,10.4,0.593,100,8123,98.28,30.7
5/30/2026 12:45,13441,10.4,0.59,100,8124,98.28,31.2
5/30/2026 13:00,13450,10.4,0.596,100,8128,98.27,31
5/30/2026 13:15,13463,10.4,0.586,100,8126,98.27,30.6
5/30/2026 13:30,13477,10.4,0.592,100,8126,98.28,30.2
5/30/2026 13:45,13492,10.4,0.594,100,8141,98.27,30.5
5/30/2026 14:00,13508,10.4,0.594,100,8142,98.26,31.2
5/30/2026 14:15,13523,10.4,0.593,100,8154,98.25,31.5
5/30/2026 14:30,13536,10.4,0.589,100,8164,98.24,32.4
5/30/2026 14:45,13548,10.4,0.596,100,8176,98.23,33.7
5/30/2026 15:00,13557,10.4,0.596,100,8181,98.23,35
5/30/2026 15:15,13553,10.4,0.593,100,8177,98.24,34.2
5/30/2026 15:30,13542,10.4,0.592,100,8174,98.24,32.9
5/30/2026 15:45,13530,10.4,0.593,100,8174,98.24,32.2
5/30/2026 16:00,13517,10.4,0.596,100,8172,98.24,31.8
5/30/2026 16:15,13509,10.4,0.594,100,8170,98.23,31.4
5/30/2026 16:30,13515,10.4,0.594,100,8166,98.23,31.1
5/30/2026 16:45,13524,10.4,0.593,100,8164,98.24,30.4
5/30/2026 17:00,13535,10.4,0.59,100,8169,98.24,30.6
5/30/2026 17:15,13547,10.4,0.589,100,8170,98.24,31.3
5/30/2026 17:30,13559,10.4,0.592,100,8170,98.23,30.6
5/30/2026 17:45,13571,10.4,0.592,100,8174,98.22,31.3
5/30/2026 18:00,13582,10.4,0.593,100,8171,98.21,30.9
5/30/2026 18:15,13594,10.4,0.586,100,8184,98.2,31.1
5/30/2026 18:30,13604,10.4,0.587,100,8186,98.19,32.8
5/30/2026 18:45,13614,10.4,0.592,100,8177,98.19,32.4
5/30/2026 19:00,13623,10.4,0.59,100,8168,98.2,30.8
5/30/2026 19:15,13632,10.4,0.594,100,8165,98.2,29.3
5/30/2026 19:30,13641,10.4,0.59,100,8160,98.2,28
5/30/2026 19:45,13648,10.4,0.593,100,8157,98.22,26.9
5/30/2026 20:00,13655,10.4,0.592,100,8154,98.24,26
5/30/2026 20:15,13660,10.4,0.59,100,8149,98.26,25.2
5/30/2026 20:30,13665,10.4,0.592,100,8147,98.27,24.7
5/30/2026 20:45,13669,10.4,0.593,100,8142,98.28,24.2
5/30/2026 21:00,13657,10.4,0.594,100,8142,98.29,23.6
5/30/2026 21:15,13640,10.4,0.589,100,8139,98.3,23.2
5/30/2026 21:30,13622,10.4,0.59,100,8134,98.33,22.9
5/30/2026 21:45,13603,10.4,0.59,100,8136,98.36,22.6
5/30/2026 22:00,13586,10.4,0.59,100,8133,98.38,22.3
5/30/2026 22:15,13575,10.4,0.589,100,8130,98.4,22
5/30/2026 22:30,13578,10.4,0.594,100,8133,98.4,21.8
5/30/2026 22:45,13584,10.4,0.59,100,8130,98.42,21.6
5/30/2026 23:00,13592,10.4,0.589,100,8128,98.43,21.4
5/30/2026 23:15,13600,10.4,0.593,100,8126,98.44,21.2
5/30/2026 23:30,13608,10.4,0.592,100,8123,98.44,21
5/30/2026 23:45,13617,10.4,0.59,100,8121,98.45,20.4
5/31/2026 0:00,13625,10.4,0.592,100,8120,98.45,20
5/31/2026 0:15,13635,10.4,0.592,100,8083,98.44,20
5/31/2026 0:30,13644,10.4,0.593,100,8107,98.46,20
5/31/2026 0:45,13646,10.4,0.589,100,8104,98.46,19.8
5/31/2026 1:00,13643,10.4,0.593,100,8105,98.46,19.6
5/31/2026 1:15,13642,10.4,0.59,100,8106,98.45,19.4
5/31/2026 1:30,13642,10.4,0.593,100,8103,98.46,19.2
5/31/2026 1:45,13650,10.4,0.594,100,8102,98.46,19.2
5/31/2026 2:00,13669,10.4,0.59,100,8102,98.48,19.1
5/31/2026 2:15,13692,10.4,0.587,100,8100,98.49,19
5/31/2026 2:30,13718,10.4,0.59,100,8101,98.47,18.8
5/31/2026 2:45,13742,10.4,0.589,100,8099,98.46,18.6
5/31/2026 3:00,13766,10.4,0.594,100,8098,98.44,18.3
5/31/2026 3:15,13787,10.4,0.587,100,8097,98.43,18.2
5/31/2026 3:30,13807,10.4,0.59,100,8098,98.43,18.1
5/31/2026 3:45,13821,10.4,0.59,100,8093,98.44,18
5/31/2026 4:00,13835,10.4,0.596,100,8095,98.42,17.8
5/31/2026 4:15,13845,10.4,0.589,100,8094,98.42,17.6
5/31/2026 4:30,13852,10.4,0.592,100,8094,98.41,17.4
5/31/2026 4:45,13859,10.4,0.59,100,8092,98.39,17.2
5/31/2026 5:00,13867,10.4,0.586,100,8093,98.36,17.1
5/31/2026 5:15,13875,10.4,0.59,100,8092,98.36,17
5/31/2026 5:30,13883,10.4,0.587,100,8090,98.36,16.8
5/31/2026 5:45,13893,10.4,0.593,100,8092,98.36,16.6
5/31/2026 6:00,13904,10.4,0.586,100,8089,98.35,16.5
5/31/2026 6:15,13914,10.4,0.589,100,8090,98.36,16.4
5/31/2026 6:30,13924,10.4,0.592,100,8086,98.38,16.3
5/31/2026 6:45,13934,10.4,0.589,100,8088,98.38,16.3
5/31/2026 7:00,13943,10.4,0.586,100,8087,98.39,16.4
5/31/2026 7:15,13951,10.4,0.593,100,8088,98.4,16.6
5/31/2026 7:30,13958,10.4,0.587,100,8085,98.4,16.8
5/31/2026 7:45,13964,10.4,0.587,100,8087,98.38,17.2
5/31/2026 8:00,13968,10.4,0.587,100,8083,98.36,17.6
5/31/2026 8:15,13970,10.4,0.593,100,8085,98.35,18
5/31/2026 8:30,13972,10.4,0.589,100,8081,98.33,18.1
5/31/2026 8:45,13970,10.4,0.589,100,8085,98.33,18.2
5/31/2026 9:00,13968,10.4,0.585,100,8084,98.32,18.7
5/31/2026 9:15,13965,10.4,0.59,100,8088,98.32,18.9
5/31/2026 9:30,13956,10.4,0.589,100,8084,98.34,18.5
5/31/2026 9:45,13936,10.4,0.589,100,8082,98.33,17.2
5/31/2026 10:00,13913,10.4,0.594,100,8081,98.33,16.3
5/31/2026 10:15,13890,10.4,0.589,100,8081,98.32,15.6
5/31/2026 10:30,13869,10.4,0.593,100,8078,98.32,15.5
5/31/2026 10:45,13850,10.4,0.596,100,8080,98.33,15.6
5/31/2026 11:00,13836,10.4,0.593,100,8080,98.33,16
5/31/2026 11:15,13824,10.4,0.586,100,8082,98.32,16.7
5/31/2026 11:30,13820,10.4,0.59,100,8089,98.31,17.7
5/31/2026 11:45,13827,10.4,0.589,100,8090,98.31,18.7
5/31/2026 12:00,13839,10.4,0.589,100,8095,98.3,19.6
5/31/2026 12:15,13851,10.4,0.589,100,8097,98.32,20.3
5/31/2026 12:30,13865,10.4,0.592,100,8096,98.32,20.5
5/31/2026 12:45,13879,10.4,0.589,100,8095,98.31,20.6
5/31/2026 13:00,13893,10.4,0.589,100,8095,98.3,20.9
5/31/2026 13:15,13907,10.4,0.589,100,8096,98.29,21
5/31/2026 13:30,13921,10.4,0.587,100,8099,98.27,21.4
5/31/2026 13:45,13934,10.4,0.59,100,8095,98.26,21.7
5/31/2026 14:00,13946,10.4,0.59,100,8099,98.25,22.1
5/31/2026 14:15,13956,10.4,0.59,100,8102,98.24,22.6
5/31/2026 14:30,13953,10.4,0.593,100,8102,98.24,22.9
5/31/2026 14:45,13945,10.4,0.587,100,8105,98.24,22.9
5/31/2026 15:00,13937,10.4,0.589,100,8105,98.22,23
5/31/2026 15:15,13928,10.4,0.592,100,8110,98.21,23.2
5/31/2026 15:30,13920,10.4,0.59,100,8114,98.21,23.8
5/31/2026 15:45,13918,10.4,0.589,100,8114,98.21,23.6
5/31/2026 16:00,13928,10.4,0.59,100,8115,98.2,23.4
5/31/2026 16:15,13941,10.4,0.585,100,8114,98.19,23.3
5/31/2026 16:30,13955,10.4,0.592,100,8114,98.2,23.1
5/31/2026 16:45,13970,10.4,0.589,100,8111,98.2,22.7
5/31/2026 17:00,13984,10.4,0.59,100,8110,98.2,22.3
5/31/2026 17:15,13996,10.4,0.585,100,8110,98.2,21.9
5/31/2026 17:30,14009,10.4,0.585,100,8108,98.19,21.5
5/31/2026 17:45,14020,10.4,0.585,100,8107,98.2,21.1
5/31/2026 18:00,14031,10.4,0.589,100,8104,98.21,20.7
5/31/2026 18:15,14040,10.4,0.589,100,8104,98.22,20.2
5/31/2026 18:30,14050,10.4,0.59,100,8103,98.22,19.7
5/31/2026 18:45,14058,10.4,0.59,100,8099,98.22,19
5/31/2026 19:00,14056,10.4,0.586,100,8098,98.22,18.3
5/31/2026 19:15,14046,10.4,0.59,100,8097,98.21,17.9
5/31/2026 19:30,14035,10.4,0.592,100,8098,98.2,17.6
5/31/2026 19:45,14024,10.4,0.59,100,8096,98.19,17.4
5/31/2026 20:00,14014,10.4,0.59,100,8096,98.17,17.3
5/31/2026 20:15,14003,10.4,0.592,100,8095,98.18,17.2
5/31/2026 20:30,13991,10.4,0.59,100,8093,98.21,17
5/31/2026 20:45,13993,10.4,0.587,100,8093,98.22,16.9
5/31/2026 21:00,14000,10.4,0.587,100,8095,98.25,16.9
5/31/2026 21:15,14010,10.4,0.59,100,8092,98.28,16.9
5/31/2026 21:30,14022,10.4,0.59,100,8092,98.28,16.9
5/31/2026 21:45,14034,10.4,0.59,100,8090,98.29,16.9
5/31/2026 22:00,14045,10.4,0.59,100,8089,98.29,16.8
5/31/2026 22:15,14055,10.4,0.592,100,8089,98.3,16.8
5/31/2026 22:30,14065,10.4,0.589,100,8088,98.29,16.8
5/31/2026 22:45,14074,10.4,0.589,100,8088,98.29,16.7
5/31/2026 23:00,14080,10.4,0.59,100,8086,98.29,16.6
5/31/2026 23:15,14073,10.4,0.586,100,8086,98.29,16.5
5/31/2026 23:30,14059,10.4,0.59,100,8084,98.32,16.3
5/31/2026 23:45,14045,10.4,0.589,100,8085,98.34,16.3
6/1/2026 0:00,14033,10.4,0.587,100,8083,98.35,16.2
6/1/2026 0:15,14019,10.4,0.587,100,8060,98.36,16.4
6/1/2026 0:30,14007,10.4,0.585,100,8072,98.36,16.3
6/1/2026 0:45,14007,10.4,0.586,100,8070,98.34,16.2
6/1/2026 1:00,14014,10.4,0.593,100,8071,98.33,16.1
6/1/2026 1:15,14023,10.4,0.587,100,8070,98.33,16
6/1/2026 1:30,14032,10.4,0.587,100,8069,98.32,15.9
6/1/2026 1:45,14039,10.4,0.594,100,8070,98.32,15.8
6/1/2026 2:00,14044,10.4,0.59,100,8067,98.35,15.7
6/1/2026 2:15,14049,10.4,0.59,100,8066,98.33,15.7
6/1/2026 2:30,14053,10.4,0.592,100,8069,98.32,15.7
6/1/2026 2:45,14053,10.4,0.587,100,8068,98.31,15.6
6/1/2026 3:00,14052,10.4,0.589,100,8067,98.29,15.5
6/1/2026 3:15,14048,10.4,0.586,100,8069,98.28,15.3
6/1/2026 3:30,14043,10.4,0.592,100,8066,98.26,15.1
6/1/2026 3:45,14035,10.4,0.587,100,8066,98.28,15
6/1/2026 4:00,14028,10.4,0.587,100,8066,98.28,15.1
6/1/2026 4:15,14023,10.4,0.59,100,8066,98.29,15.1
6/1/2026 4:30,14019,10.4,0.592,100,8063,98.3,15.1
6/1/2026 4:45,14016,10.4,0.59,100,8064,98.32,15.1
6/1/2026 5:00,14016,10.4,0.594,100,8063,98.33,15
6/1/2026 5:15,14016,10.4,0.589,100,8062,98.32,14.9
6/1/2026 5:30,14016,10.4,0.589,100,8062,98.32,14.7
6/1/2026 5:45,14018,10.4,0.59,100,8063,98.32,14.5
6/1/2026 6:00,14017,10.4,0.59,100,8060,98.32,14.4
6/1/2026 6:15,14017,10.4,0.592,100,8060,98.33,14.3
6/1/2026 6:30,14017,10.4,0.586,100,8060,98.34,14.4
6/1/2026 6:45,14015,10.4,0.589,100,8060,98.37,14.5
6/1/2026 7:00,14013,10.4,0.59,100,8060,98.4,14.7
6/1/2026 7:15,14008,10.4,0.59,100,8059,98.43,14.8
6/1/2026 7:30,13990,10.4,0.593,100,8060,98.44,15
6/1/2026 7:45,13970,10.4,0.594,100,8059,98.45,15.3
6/1/2026 8:00,13951,10.4,0.59,100,8057,98.46,15.7
6/1/2026 8:15,13930,10.4,0.59,100,8058,98.49,16.2
6/1/2026 8:30,13915,10.4,0.592,100,8060,98.51,17.9
6/1/2026 8:45,13915,10.4,0.592,100,8061,98.51,18.1
6/1/2026 9:00,14121,10.4,0.587,100,8063,98.52,18.1
6/1/2026 9:15,14275,10.4,0.586,100,8063,98.53,18.4
6/1/2026 9:30,13956,10.4,0.586,100,8062,98.52,19
6/1/2026 9:45,13961,10.4,0.586,100,8067,98.52,19.7
6/1/2026 10:00,14228,10.4,0.594,100,8066,98.53,20.3
6/1/2026 10:15,14306,10.5,0.587,100,8067,98.54,20.8
6/1/2026 10:30,14309,10.5,0.59,100,8067,98.54,21
6/1/2026 10:45,14309,10.5,0.589,100,8066,98.54,21.2
6/1/2026 11:00,14296,10.5,0.59,100,8069,98.53,21.6
6/1/2026 11:15,14280,10.5,0.592,100,8066,98.52,22
6/1/2026 11:30,14262,10.5,0.587,100,8065,98.53,22.6
6/1/2026 11:45,14246,10.4,0.589,100,8081,98.53,23.9
6/1/2026 12:00,14232,10.4,0.593,100,8094,98.53,25.7
6/1/2026 12:15,14227,10.4,0.589,100,8113,98.52,26.8
6/1/2026 12:30,14233,10.4,0.587,100,8126,98.53,27.9
6/1/2026 12:45,14241,10.5,0.592,100,8139,98.54,28.7
6/1/2026 13:00,14251,10.4,0.59,100,8155,98.54,28.9
6/1/2026 13:15,14261,10.4,0.592,100,8161,98.54,29.3
6/1/2026 13:30,14270,10.4,0.589,100,8183,98.54,29.9
6/1/2026 13:45,14279,10.4,0.587,100,8186,98.55,31
6/1/2026 14:00,14287,10.4,0.593,100,8185,98.56,31
6/1/2026 14:15,14293,10.4,0.592,100,8197,98.57,30.2
6/1/2026 14:30,14286,10.4,0.587,100,8190,98.58,30.5
6/1/2026 14:45,14274,10.4,0.593,100,8193,98.58,29.5
6/1/2026 15:00,14260,10.4,0.593,100,8195,98.58,29.5
6/1/2026 15:15,14245,10.4,0.589,100,8207,98.59,30.4
6/1/2026 15:30,14232,10.4,0.592,100,8215,98.6,31.7
6/1/2026 15:45,14223,10.4,0.592,100,8228,98.61,32.5
6/1/2026 16:00,14217,10.4,0.593,100,8236,98.61,34.2
6/1/2026 16:15,14210,10.4,0.589,100,8241,98.62,35.4
6/1/2026 16:30,14201,10.4,0.592,100,8235,98.64,36.5
6/1/2026 16:45,14191,10.4,0.59,100,8232,98.65,35.4
6/1/2026 17:00,14180,10.4,0.589,100,8237,98.64,35.5
6/1/2026 17:15,14175,10.4,0.592,100,8231,98.65,35.9
6/1/2026 17:30,14175,10.4,0.592,100,8233,98.66,35.3
6/1/2026 17:45,14178,10.4,0.592,100,8233,98.66,35.8
6/1/2026 18:00,14181,10.4,0.593,100,8230,98.65,35.8
6/1/2026 18:15,14185,10.4,0.59,100,8228,98.65,36.2
6/1/2026 18:30,14190,10.4,0.592,100,8227,98.66,36
6/1/2026 18:45,14199,10.4,0.597,100,8215,98.67,35.3
6/1/2026 19:00,14207,10.4,0.59,100,8205,98.67,32.7
6/1/2026 19:15,14216,10.4,0.587,100,8193,98.68,30.3
6/1/2026 19:30,14224,10.4,0.593,100,8187,98.7,28.6
6/1/2026 19:45,14234,10.4,0.592,100,8182,98.7,27.1
6/1/2026 20:00,14237,10.4,0.592,100,8178,98.7,25.8
6/1/2026 20:15,14233,10.4,0.593,100,8173,98.7,24.7
6/1/2026 20:30,14228,10.4,0.59,100,8174,98.71,23.8
6/1/2026 20:45,14223,10.4,0.593,100,8166,98.71,22.9
6/1/2026 21:00,14216,10.4,0.589,100,8164,98.72,22.1
6/1/2026 21:15,14210,10.4,0.593,100,8164,98.75,21.4
6/1/2026 21:30,14204,10.4,0.589,100,8161,98.77,20.8
6/1/2026 21:45,14198,10.4,0.592,100,8158,98.78,20.3
6/1/2026 22:00,14194,10.4,0.592,100,8156,98.79,19.7
6/1/2026 22:15,14191,10.4,0.592,100,8155,98.8,19.3
6/1/2026 22:30,14188,10.4,0.59,100,8152,98.79,18.9
6/1/2026 22:45,14184,10.4,0.589,100,8150,98.81,18.5
6/1/2026 23:00,14180,10.4,0.594,100,8149,98.81,18.2
6/1/2026 23:15,14175,10.4,0.593,100,8148,98.84,17.9
6/1/2026 23:30,14169,10.4,0.593,100,8145,98.88,17.6
6/1/2026 23:45,14163,10.4,0.589,100,8146,98.9,17.3
6/2/2026 0:00,14158,10.4,0.593,100,8145,98.91,17
6/2/2026 0:15,14154,10.4,0.592,100,8117,98.93,16.9
6/2/2026 0:30,14150,10.4,0.59,100,8131,98.94,16.5
6/2/2026 0:45,14148,10.4,0.593,100,8129,98.94,16.1
6/2/2026 1:00,14145,10.4,0.596,100,8129,98.95,15.8
6/2/2026 1:15,14142,10.4,0.59,100,8128,98.97,15.6
6/2/2026 1:30,14149,10.4,0.596,100,8128,98.94,15.3
6/2/2026 1:45,14158,10.4,0.589,100,8128,98.94,15.2
6/2/2026 2:00,14167,10.4,0.597,100,8127,98.94,15
6/2/2026 2:15,14175,10.4,0.589,100,8126,98.95,14.9
6/2/2026 2:30,14182,10.4,0.59,100,8125,98.98,14.8
6/2/2026 2:45,14188,10.4,0.593,100,8124,99.02,14.8
6/2/2026 3:00,14193,10.4,0.589,100,8124,99.06,14.7
6/2/2026 3:15,14198,10.4,0.593,100,8123,99.1,14.6
6/2/2026 3:30,14205,10.4,0.593,100,8120,99.11,14.4
6/2/2026 3:45,14212,10.4,0.593,100,8123,99.11,14.3
6/2/2026 4:00,14217,10.4,0.589,100,8123,99.11,14.1
6/2/2026 4:15,14222,10.4,0.592,100,8120,99.12,13.9
6/2/2026 4:30,14227,10.4,0.592,100,8120,99.12,13.7
6/2/2026 4:45,14232,10.4,0.592,100,8119,99.12,13.6
6/2/2026 5:00,14234,10.4,0.592,100,8120,99.13,13.4
6/2/2026 5:15,14238,10.4,0.593,100,8117,99.14,13.2
6/2/2026 5:30,14242,10.4,0.596,100,8117,99.15,13.1
6/2/2026 5:45,14245,10.4,0.59,100,8116,99.16,13
6/2/2026 6:00,14250,10.4,0.596,100,8115,99.15,13
6/2/2026 6:15,14255,10.4,0.594,100,8114,99.15,13
6/2/2026 6:30,14261,10.4,0.593,100,8114,99.17,13.2
6/2/2026 6:45,14270,10.4,0.596,100,8117,99.18,13.5
6/2/2026 7:00,14280,10.4,0.59,100,8113,99.18,14
6/2/2026 7:15,14290,10.4,0.592,100,8114,99.19,14.6
6/2/2026 7:30,14296,10.4,0.594,100,8114,99.19,15.3
6/2/2026 7:45,14294,10.4,0.592,100,8116,99.19,16.1
6/2/2026 8:00,14291,10.4,0.59,100,8114,99.2,17.1
6/2/2026 8:15,14287,10.4,0.592,100,8114,99.2,18.2
6/2/2026 8:30,14281,10.4,0.597,100,8113,99.21,20.2
6/2/2026 8:45,14274,10.4,0.596,100,8112,99.23,21.2
6/2/2026 9:00,14263,10.4,0.59,100,8112,99.26,21.3
6/2/2026 9:15,14257,10.4,0.594,100,8112,99.28,21.8
6/2/2026 9:30,14263,10.4,0.593,100,8113,99.29,22.5
6/2/2026 9:45,14273,10.4,0.592,100,8114,99.31,23
6/2/2026 10:00,14281,10.4,0.59,100,8112,99.33,23.4
6/2/2026 10:15,14284,10.4,0.593,100,8112,99.33,23.8
6/2/2026 10:30,14289,10.4,0.593,100,8112,99.33,24.2
6/2/2026 10:45,14298,10.4,0.593,100,8114,99.33,24.6
6/2/2026 11:00,14303,10.4,0.593,100,8112,99.33,25
6/2/2026 11:15,14297,10.4,0.598,100,8113,99.33,25.3
6/2/2026 11:30,14288,10.4,0.596,100,8119,99.32,25.6
6/2/2026 11:45,14277,10.4,0.593,100,8128,99.32,26.8
6/2/2026 12:00,14267,10.4,0.593,100,8141,99.32,28.4
6/2/2026 12:15,14257,10.4,0.59,100,8153,99.32,29.3
6/2/2026 12:30,14249,10.4,0.594,100,8164,99.31,30
6/2/2026 12:45,14248,10.4,0.594,100,8177,99.31,30.8
6/2/2026 13:00,14258,10.4,0.59,100,8187,99.32,31.2
6/2/2026 13:15,14272,10.4,0.593,100,8198,99.31,31.8
6/2/2026 13:30,14288,10.4,0.596,100,8204,99.3,32.4
6/2/2026 13:45,14303,10.4,0.592,100,8212,99.29,32.9
6/2/2026 14:00,14316,10.4,0.594,100,8219,99.3,33.4
6/2/2026 14:15,14329,10.4,0.594,100,8221,99.3,33.8
6/2/2026 14:30,14342,10.4,0.594,100,8223,99.29,33.7
6/2/2026 14:45,14425,10.4,0.59,100,8230,99.28,34
6/2/2026 15:00,14576,10.4,0.585,100,8237,99.25,34.6
6/2/2026 15:15,14564,10.3,0.587,100,8240,99.25,35.1
6/2/2026 15:30,14553,10.3,0.59,100,8249,99.24,36
6/2/2026 15:45,14543,10.3,0.59,100,8251,99.23,37.7
6/2/2026 16:00,14535,10.3,0.592,100,8250,99.22,39.1
6/2/2026 16:15,14530,10.3,0.592,100,8244,99.21,39.7
6/2/2026 16:30,14534,10.3,0.592,100,8246,99.19,39.6
6/2/2026 16:45,14545,10.3,0.593,100,8237,99.17,40.1
6/2/2026 17:00,14559,10.3,0.593,100,8234,99.16,40.6
6/2/2026 17:15,14573,10.3,0.593,100,8225,99.14,40.5
6/2/2026 17:30,14587,10.3,0.594,100,8222,99.13,39.6
6/2/2026 17:45,14601,10.3,0.594,100,8215,99.13,39.9
6/2/2026 18:00,14613,10.3,0.594,100,8208,99.12,39.6
6/2/2026 18:15,14624,10.3,0.594,100,8205,99.12,38.9
6/2/2026 18:30,14635,10.3,0.594,100,8203,99.11,38.6
6/2/2026 18:45,14642,10.3,0.596,100,8190,99.09,38.2
6/2/2026 19:00,14639,10.3,0.596,100,8179,99.07,35.6
6/2/2026 19:15,14628,10.3,0.596,100,8170,99.06,32.8
6/2/2026 19:30,14614,10.3,0.596,100,8158,99.04,30.7
6/2/2026 19:45,14597,10.3,0.596,100,8155,99.04,29.4
6/2/2026 20:00,14580,10.3,0.596,100,8148,99.05,28.4
6/2/2026 20:15,14565,10.3,0.596,100,8146,99.04,27.5
6/2/2026 20:30,14552,10.3,0.596,100,8143,99.04,26.7
6/2/2026 20:45,14543,10.3,0.596,100,8142,99.04,26
6/2/2026 21:00,14536,10.3,0.596,100,8139,99.03,25.1
6/2/2026 21:15,14536,10.3,0.596,100,8139,99.03,24.2
6/2/2026 21:30,14544,10.3,0.596,100,8133,99.03,23.5
6/2/2026 21:45,14555,10.3,0.596,100,8131,99.04,22.8
6/2/2026 22:00,14568,10.3,0.596,100,8129,99.04,22.2
6/2/2026 22:15,14582,10.3,0.596,100,8127,99.03,21.7
6/2/2026 22:30,14594,10.3,0.596,100,8124,99.04,21.3
6/2/2026 22:45,14605,10.3,0.596,100,8125,99.07,20.8
6/2/2026 23:00,14611,10.3,0.597,100,8124,99.08,20.3
6/2/2026 23:15,14610,10.3,0.596,100,8123,99.08,19.9
6/2/2026 23:30,14606,10.3,0.596,100,8121,99.09,19.6
6/2/2026 23:45,14601,10.3,0.596,100,8119,99.11,19.3
6/3/2026 0:00,14595,10.3,0.596,100,8117,99.13,19
6/3/2026 0:15,14590,10.3,0.596,100,8110,99.14,18.9
6/3/2026 0:30,14587,10.3,0.596,100,8111,99.14,18.6
6/3/2026 0:45,14583,10.3,0.596,100,8112,99.16,18.4
6/3/2026 1:00,14578,10.3,0.596,100,8109,99.17,18.2
6/3/2026 1:15,14574,10.3,0.596,100,8108,99.16,18
6/3/2026 1:30,14569,10.3,0.596,100,8107,99.16,17.8
6/3/2026 1:45,14570,10.3,0.596,100,8106,99.16,17.6
6/3/2026 2:00,14575,10.3,0.597,100,8106,99.15,17.6
6/3/2026 2:15,14582,10.3,0.597,100,8104,99.14,17.4
6/3/2026 2:30,14586,10.3,0.597,100,8104,99.13,17.2
6/3/2026 2:45,14590,10.3,0.597,100,8102,99.14,17.1
6/3/2026 3:00,14592,10.3,0.597,100,8103,99.15,17
6/3/2026 3:15,14592,10.3,0.597,100,8101,99.14,16.9
6/3/2026 3:30,14591,10.3,0.597,100,8100,99.13,16.8
6/3/2026 3:45,14586,10.3,0.597,100,8098,99.13,16.7
6/3/2026 4:00,14578,10.3,0.597,100,8099,99.13,16.7
6/3/2026 4:15,14568,10.3,0.597,100,8098,99.11,16.8
6/3/2026 4:30,14555,10.3,0.597,100,8098,99.11,16.9
6/3/2026 4:45,14540,10.3,0.597,100,8099,99.12,16.9
6/3/2026 5:00,14524,10.3,0.597,100,8098,99.13,16.9
6/3/2026 5:15,14509,10.3,0.597,100,8097,99.13,16.8
6/3/2026 5:30,14495,10.3,0.597,100,8095,99.12,16.6
6/3/2026 5:45,14480,10.3,0.598,100,8095,99.11,16.5
6/3/2026 6:00,14468,10.3,0.597,100,8098,99.09,16.5
6/3/2026 6:15,14458,10.3,0.598,100,8092,99.08,16.4
6/3/2026 6:30,14449,10.3,0.598,100,8093,99.08,16.2
6/3/2026 6:45,14442,10.3,0.598,100,8093,99.09,16
6/3/2026 7:00,14438,10.3,0.598,100,8092,99.09,16.1
6/3/2026 7:15,14435,10.3,0.598,100,8091,99.1,16.4
6/3/2026 7:30,14434,10.3,0.598,100,8090,99.09,17
6/3/2026 7:45,14432,10.3,0.598,100,8092,99.07,17.5
6/3/2026 8:00,14428,10.3,0.597,100,8094,99.07,18.1
6/3/2026 8:15,14418,10.3,0.598,100,8091,99.07,18.7
6/3/2026 8:30,14403,10.3,0.597,100,8092,99.06,20.4
6/3/2026 8:45,14385,10.3,0.597,100,8089,99.06,21.1
6/3/2026 9:00,14369,10.3,0.597,100,8091,99.04,21
6/3/2026 9:15,14355,10.3,0.597,100,8091,99.03,21.3
6/3/2026 9:30,14349,10.3,0.597,100,8087,99.02,21.8
6/3/2026 9:45,14349,10.3,0.597,100,8088,99.01,22.3
6/3/2026 10:00,14354,10.3,0.597,100,8087,99.01,22.9
6/3/2026 10:15,14362,10.3,0.597,100,8087,99.01,23.5
6/3/2026 10:30,14373,10.3,0.597,100,8086,98.99,24.1
6/3/2026 10:45,14387,10.3,0.598,100,8084,98.99,24.6
6/3/2026 11:00,14403,10.3,0.598,100,8082,98.98,25.1
6/3/2026 11:15,14421,10.3,0.597,100,8084,98.96,25.7
6/3/2026 11:30,14440,10.3,0.598,100,8084,98.94,26.4
6/3/2026 11:45,14455,10.3,0.598,100,8100,98.93,27.8
6/3/2026 12:00,14464,10.3,0.597,100,8115,98.91,29.5
6/3/2026 12:15,14468,10.3,0.598,100,8124,98.9,30.3
6/3/2026 12:30,14475,10.3,0.597,100,8139,98.89,30.8
6/3/2026 12:45,14490,10.3,0.598,100,8144,98.87,31.4
6/3/2026 13:00,14506,10.3,0.597,100,8155,98.86,31.3
6/3/2026 13:15,14520,10.3,0.597,100,8166,98.84,31.4
6/3/2026 13:30,14537,10.3,0.598,100,8183,98.81,32.3
6/3/2026 13:45,14553,10.3,0.597,100,8196,98.8,33.3
6/3/2026 14:00,14568,10.3,0.597,100,8202,98.78,33.8
6/3/2026 14:15,14572,10.3,0.597,100,8214,98.75,34
6/3/2026 14:30,14575,10.3,0.597,100,8221,98.74,34.4
6/3/2026 14:45,14586,10.3,0.597,100,8230,98.72,34.9
6/3/2026 15:00,14602,10.3,0.597,100,8240,98.7,35.6
6/3/2026 15:15,14611,10.3,0.597,100,8246,98.69,36.3
6/3/2026 15:30,14620,10.3,0.597,100,8248,98.68,37.2
6/3/2026 15:45,14631,10.3,0.597,100,8249,98.66,38.4
6/3/2026 16:00,14639,10.3,0.598,100,8248,98.64,39
6/3/2026 16:15,14639,10.3,0.598,100,8243,98.62,39.9
6/3/2026 16:30,14635,10.3,0.598,100,8240,98.59,40.4
6/3/2026 16:45,14629,10.3,0.597,100,8235,98.59,40.2
6/3/2026 17:00,14622,10.3,0.598,100,8221,98.58,39.7
6/3/2026 17:15,14618,10.3,0.597,100,8215,98.56,37.7
6/3/2026 17:30,14615,10.3,0.597,100,8215,98.54,38
6/3/2026 17:45,14614,10.3,0.597,100,8213,98.51,38.2
6/3/2026 18:00,14609,10.3,0.597,100,8209,98.49,37.7
6/3/2026 18:15,14605,10.3,0.597,100,8209,98.47,37.3
6/3/2026 18:30,14600,10.3,0.597,100,8209,98.45,37.2
6/3/2026 18:45,14591,10.3,0.597,100,8201,98.43,36.6
6/3/2026 19:00,14579,10.3,0.597,100,8186,98.42,34.2
6/3/2026 19:15,14565,10.3,0.597,100,8177,98.41,32.1
6/3/2026 19:30,14550,10.3,0.597,100,8173,98.39,30.6
6/3/2026 19:45,14536,10.3,0.597,100,8164,98.36,29.5
6/3/2026 20:00,14523,10.3,0.597,100,8161,98.33,28.5
6/3/2026 20:15,14507,10.3,0.597,100,8156,98.33,27.8
6/3/2026 20:30,14493,10.3,0.597,100,8154,98.33,27.1
6/3/2026 20:45,14482,10.3,0.597,100,8149,98.33,26.5
6/3/2026 21:00,14474,10.3,0.597,100,8148,98.31,25.9
6/3/2026 21:15,14469,10.3,0.597,100,8143,98.31,25.4
6/3/2026 21:30,14467,10.3,0.597,100,8142,98.32,25
6/3/2026 21:45,14465,10.3,0.597,100,8140,98.34,24.6
6/3/2026 22:00,14472,10.3,0.597,100,8136,98.34,24.1
6/3/2026 22:15,14481,10.3,0.597,100,8136,98.34,23.8
6/3/2026 22:30,14484,10.3,0.597,100,8134,98.33,23.4
6/3/2026 22:45,14487,10.3,0.597,100,8129,98.31,23.1
6/3/2026 23:00,14489,10.3,0.597,100,8129,98.31,22.8
6/3/2026 23:15,14489,10.3,0.597,100,8129,98.32,22.4
6/3/2026 23:30,14497,10.3,0.597,100,8126,98.35,22
6/3/2026 23:45,14516,10.3,0.597,100,8125,98.36,21.6
6/4/2026 0:00,14538,10.3,0.597,100,8122,98.37,21.4
6/4/2026 0:15,14558,10.3,0.598,100,8117,98.39,21.4
6/4/2026 0:30,14576,10.3,0.598,100,8117,98.4,21.3
6/4/2026 0:45,14591,10.3,0.598,100,8114,98.38,21.2
6/4/2026 1:00,14598,10.3,0.598,100,8115,98.36,21.2
6/4/2026 1:15,14598,10.3,0.598,100,8114,98.33,21.2
6/4/2026 1:30,14593,10.3,0.598,100,8113,98.32,21.2
6/4/2026 1:45,14584,10.3,0.598,100,8111,98.3,21.1
6/4/2026 2:00,14575,10.3,0.598,100,8110,98.25,21.2
6/4/2026 2:15,14562,10.3,0.598,100,8111,98.24,21.2
6/4/2026 2:30,14545,10.3,0.598,100,8110,98.26,21.2
6/4/2026 2:45,14521,10.3,0.598,100,8107,98.27,21.1
6/4/2026 3:00,14485,10.3,0.598,100,8107,98.28,21.1
6/4/2026 3:15,14445,10.3,0.598,100,8105,98.31,21.1
6/4/2026 3:30,14406,10.3,0.598,100,8104,98.31,21.3
6/4/2026 3:45,14367,10.3,0.598,100,8104,98.3,21.4
6/4/2026 4:00,14331,10.3,0.598,100,8102,98.29,21.2
6/4/2026 4:15,14300,10.3,0.598,100,8103,98.29,21.1
6/4/2026 4:30,14283,10.3,0.598,100,8099,98.26,21
6/4/2026 4:45,14273,10.3,0.598,100,8098,98.23,20.9
6/4/2026 5:00,14264,10.3,0.6,100,8101,98.23,20.7
6/4/2026 5:15,14258,10.3,0.6,100,8098,98.2,20.5
6/4/2026 5:30,14251,10.3,0.6,100,8098,98.18,20.3
6/4/2026 5:45,14246,10.3,0.6,100,8095,98.14,20.1
6/4/2026 6:00,14242,10.3,0.6,100,8096,98.1,20
6/4/2026 6:15,14236,10.3,0.6,100,8096,98.06,19.7
6/4/2026 6:30,14230,10.3,0.6,100,8094,98.04,19.3
6/4/2026 6:45,14220,10.3,0.6,100,8092,98.06,19.2
6/4/2026 7:00,14212,10.3,0.6,100,8090,98.06,19.3
6/4/2026 7:15,14203,10.3,0.6,100,8091,98.08,19.5
6/4/2026 7:30,14196,10.3,0.6,100,8089,98.09,19.7
6/4/2026 7:45,14191,10.3,0.601,100,8089,98.11,20
6/4/2026 8:00,14187,10.3,0.6,100,8087,98.12,20.4
6/4/2026 8:15,14179,10.3,0.6,100,8088,98.11,20.8
6/4/2026 8:30,14164,10.3,0.6,100,8087,98.1,21.1
6/4/2026 8:45,14147,10.3,0.6,100,8087,98.09,21.5
6/4/2026 9:00,14131,10.3,0.6,100,8089,98.07,21.9
6/4/2026 9:15,14116,10.3,0.6,100,8088,98.08,22.4
6/4/2026 9:30,14116,10.3,0.6,100,8087,98.07,22.8
6/4/2026 9:45,14122,10.3,0.6,100,8092,98.06,23.2
6/4/2026 10:00,14132,10.3,0.6,100,8090,98.06,23.5
6/4/2026 10:15,14145,10.3,0.6,100,8094,98.05,24
6/4/2026 10:30,14158,10.3,0.6,100,8096,98.03,24.8
6/4/2026 10:45,14169,10.3,0.6,100,8096,98.03,25.4
6/4/2026 11:00,14179,10.3,0.6,100,8098,98.04,25.4
6/4/2026 11:15,14189,10.3,0.6,100,8099,98.04,25.8
6/4/2026 11:30,14199,10.3,0.6,100,8098,98.05,25.8
6/4/2026 11:45,14207,10.3,0.6,100,8103,98.06,25.9
6/4/2026 12:00,14215,10.3,0.6,100,8104,98.06,26.5
6/4/2026 12:15,14222,10.3,0.6,100,8103,98.06,26.9
6/4/2026 12:30,14229,10.3,0.6,100,8104,98.05,26.8
6/4/2026 12:45,14235,10.3,0.6,100,8104,98.04,26.9
6/4/2026 13:00,14241,10.3,0.6,100,8107,98.03,27.2
6/4/2026 13:15,14236,10.3,0.6,100,8111,98.02,27.6
6/4/2026 13:30,14226,10.3,0.6,100,8112,97.99,27.8
6/4/2026 13:45,14217,10.3,0.6,100,8120,97.95,28.4
6/4/2026 14:00,14203,10.3,0.598,100,8126,97.93,29.2
6/4/2026 14:15,14187,10.3,0.598,100,8132,97.9,29.7
6/4/2026 14:30,14172,10.3,0.598,100,8129,97.88,29.9
6/4/2026 14:45,14159,10.3,0.598,100,8131,97.85,29.9
6/4/2026 15:00,14147,10.3,0.598,100,8135,97.84,29.9
6/4/2026 15:15,14135,10.3,0.598,100,8138,97.83,29.9
6/4/2026 15:30,14126,10.3,0.598,100,8143,97.82,30.4
6/4/2026 15:45,14118,10.3,0.598,100,8145,97.81,31
6/4/2026 16:00,14110,10.3,0.598,100,8157,97.8,31.2
6/4/2026 16:15,14114,10.3,0.598,100,8159,97.8,31.8
6/4/2026 16:30,14127,10.3,0.598,100,8164,97.8,32.1
6/4/2026 16:45,14143,10.3,0.6,100,8172,97.8,32.3
6/4/2026 17:00,14158,10.3,0.6,100,8180,97.8,33.2
6/4/2026 17:15,14176,10.3,0.6,100,8178,97.79,33.8
6/4/2026 17:30,14191,10.3,0.6,100,8179,97.78,33.3
6/4/2026 17:45,14205,10.3,0.6,100,8180,97.77,32.8
6/4/2026 18:00,14216,10.3,0.6,100,8177,97.76,32.8
6/4/2026 18:15,14223,10.3,0.6,100,8176,97.75,31.8
6/4/2026 18:30,14225,10.3,0.6,100,8170,97.74,31.3
6/4/2026 18:45,14211,10.3,0.6,100,8163,97.76,30
6/4/2026 19:00,14189,10.3,0.6,100,8158,97.77,28.9
6/4/2026 19:15,14165,10.3,0.598,100,8156,97.76,28.4
6/4/2026 19:30,14140,10.3,0.6,100,8154,97.77,28.1
6/4/2026 19:45,14122,10.3,0.598,100,8151,97.77,28
6/4/2026 20:00,14120,10.3,0.6,100,8147,97.76,27.8
6/4/2026 20:15,14126,10.3,0.6,100,8145,97.72,27.2
6/4/2026 20:30,14138,10.3,0.6,100,8141,97.69,26.5
6/4/2026 20:45,14149,10.3,0.6,100,8136,97.7,25.9
6/4/2026 21:00,14159,10.3,0.6,100,8136,97.73,25.3
6/4/2026 21:15,14167,10.3,0.6,100,8132,97.8,24.8
6/4/2026 21:30,14174,10.3,0.6,100,8131,97.89,24.5
6/4/2026 21:45,14186,10.3,0.6,100,8129,97.91,24
6/4/2026 22:00,14195,10.3,0.6,100,8126,97.89,23.5
6/4/2026 22:15,14193,10.3,0.6,100,8125,97.85,22.6
6/4/2026 22:30,14185,10.3,0.6,100,8123,97.8,21.8
6/4/2026 22:45,14175,10.3,0.6,100,8122,97.76,21.2
6/4/2026 23:00,14165,10.3,0.6,100,8119,97.76,21
6/4/2026 23:15,14154,10.3,0.598,100,8117,97.75,20.8
6/4/2026 23:30,14145,10.3,0.6,100,8117,97.74,20.7
6/4/2026 23:45,14135,10.3,0.598,100,8113,97.73,20.7
6/5/2026 0:00,14125,10.3,0.598,100,8116,97.74,20.6
6/5/2026 0:15,14121,10.3,0.598,100,8083,97.74,20.7
6/5/2026 0:30,14129,10.3,0.598,100,8101,97.72,20.6
6/5/2026 0:45,14144,10.3,0.6,100,8099,97.71,20.3
6/5/2026 1:00,14160,10.3,0.6,100,8098,97.7,20.1
6/5/2026 1:15,14175,10.3,0.6,100,8096,97.69,20
6/5/2026 1:30,14186,10.3,0.6,100,8100,97.71,19.8
6/5/2026 1:45,14196,10.3,0.6,100,8095,97.72,19.6
6/5/2026 2:00,14204,10.3,0.6,100,8095,97.72,19.5
6/5/2026 2:15,14208,10.3,0.6,100,8095,97.75,19.4
6/5/2026 2:30,14212,10.3,0.601,100,8095,97.75,19.2
6/5/2026 2:45,14214,10.3,0.6,100,8095,97.74,19.1
6/5/2026 3:00,14217,10.3,0.601,100,8093,97.73,19
6/5/2026 3:15,14216,10.3,0.601,100,8090,97.75,18.8
6/5/2026 3:30,14216,10.3,0.601,100,8090,97.73,18.7
6/5/2026 3:45,14207,10.3,0.601,100,8091,97.71,18.6
6/5/2026 4:00,14189,10.3,0.6,100,8091,97.68,18.4
6/5/2026 4:15,14167,10.3,0.6,100,8088,97.65,18.2
6/5/2026 4:30,14145,10.3,0.6,100,8088,97.66,18.1
6/5/2026 4:45,14134,10.3,0.6,100,8085,97.63,17.9
6/5/2026 5:00,14132,10.3,0.6,100,8086,97.6,17.8
6/5/2026 5:15,14135,10.3,0.6,100,8086,97.57,17.6
6/5/2026 5:30,14138,10.3,0.6,100,8085,97.56,17.5
6/5/2026 5:45,14142,10.3,0.601,100,8084,97.57,17.4
6/5/2026 6:00,14147,10.3,0.601,100,8082,97.58,17.4
6/5/2026 6:15,14152,10.3,0.601,100,8083,97.59,17.5
6/5/2026 6:30,14160,10.3,0.601,100,8082,97.6,17.7
6/5/2026 6:45,14168,10.3,0.601,100,8081,97.59,18
6/5/2026 7:00,14176,10.3,0.601,100,8081,97.61,18.1
6/5/2026 7:15,14181,10.3,0.601,100,8080,97.6,18.2
6/5/2026 7:30,14175,10.3,0.601,100,8082,97.61,18.5
6/5/2026 7:45,14165,10.3,0.6,100,8080,97.61,19
6/5/2026 8:00,14157,10.3,0.6,100,8081,97.61,19.6
6/5/2026 8:15,14149,10.3,0.6,100,8081,97.62,20.1
6/5/2026 8:30,14144,10.3,0.6,100,8079,97.63,21.3
6/5/2026 8:45,14150,10.3,0.6,100,8078,97.63,21.7
6/5/2026 9:00,14166,10.3,0.6,100,8081,97.63,22.1
6/5/2026 9:15,14182,10.3,0.6,100,8080,97.64,22.5
6/5/2026 9:30,14196,10.3,0.6,100,8080,97.65,22.9
6/5/2026 9:45,14209,10.3,0.6,100,8080,97.65,23.2
6/5/2026 10:00,14220,10.3,0.6,100,8081,97.64,23.2
6/5/2026 10:15,14232,10.3,0.6,100,8080,97.63,23.2
6/5/2026 10:30,14241,10.3,0.6,100,8083,97.62,23.4
6/5/2026 10:45,14247,10.3,0.6,100,8082,97.63,23.6
6/5/2026 11:00,14251,10.3,0.6,100,8084,97.64,23.7
6/5/2026 11:15,14244,10.3,0.6,100,8088,97.61,24.2
6/5/2026 11:30,14229,10.3,0.6,100,8090,97.59,24.7
6/5/2026 11:45,14213,10.3,0.6,100,8100,97.58,26.1
6/5/2026 12:00,14198,10.3,0.6,100,8114,97.57,27.6
6/5/2026 12:15,14184,10.3,0.6,100,8129,97.55,29.4
6/5/2026 12:30,14174,10.3,0.6,100,8145,97.54,30.7
6/5/2026 12:45,14174,10.3,0.6,100,8151,97.51,31.9
6/5/2026 13:00,14177,10.3,0.6,100,8155,97.49,32.3
6/5/2026 13:15,14174,10.3,0.6,100,8162,97.48,32.3
6/5/2026 13:30,14171,10.3,0.6,100,8176,97.47,32.8
6/5/2026 13:45,14169,10.3,0.6,100,8177,97.46,33.8
6/5/2026 14:00,14167,10.3,0.6,100,8172,97.44,33.3
6/5/2026 14:15,14166,10.3,0.6,100,8172,97.44,32.5
6/5/2026 14:30,14167,10.3,0.598,100,8189,97.43,32.9
6/5/2026 14:45,14170,10.3,0.598,100,8186,97.42,33.7
6/5/2026 15:00,14175,10.3,0.6,100,8196,97.41,33.8
6/5/2026 15:15,14191,10.3,0.598,100,8207,97.41,35.4
6/5/2026 15:30,14215,10.3,0.6,100,8210,97.4,36.9
6/5/2026 15:45,14241,10.3,0.6,100,8219,97.39,37.9
6/5/2026 16:00,14266,10.3,0.6,100,8216,97.38,38.7
6/5/2026 16:15,14292,10.3,0.6,100,8212,97.36,38.7
6/5/2026 16:30,14315,10.3,0.6,100,8205,97.37,39.1
6/5/2026 16:45,14336,10.3,0.6,100,8205,97.37,38
6/5/2026 17:00,14358,10.3,0.6,100,8209,97.36,38.6
6/5/2026 17:15,14378,10.3,0.6,100,8212,97.35,39.7
6/5/2026 17:30,14397,10.3,0.6,100,8206,97.35,40.5
6/5/2026 17:45,14416,10.3,0.6,100,8202,97.33,40.9
6/5/2026 18:00,14434,10.3,0.6,100,8190,97.31,40.6
6/5/2026 18:15,14449,10.3,0.6,100,8179,97.32,38.6
6/5/2026 18:30,14462,10.3,0.6,100,8168,97.34,35.5
6/5/2026 18:45,14473,10.3,0.6,100,8156,97.36,33
6/5/2026 19:00,14482,10.3,0.6,100,8150,97.35,31.4
6/5/2026 19:15,14489,10.3,0.6,100,8145,97.35,30.2
6/5/2026 19:30,14492,10.3,0.6,100,8140,97.35,29.4
6/5/2026 19:45,14492,10.3,0.6,100,8139,97.39,28.4
6/5/2026 20:00,14492,10.3,0.6,100,8136,97.4,27.7
6/5/2026 20:15,14493,10.3,0.6,100,8129,97.41,27.2
6/5/2026 20:30,14488,10.3,0.6,100,8128,97.42,26.7
6/5/2026 20:45,14474,10.3,0.6,100,8126,97.43,26.2
6/5/2026 21:00,14458,10.3,0.6,100,8120,97.44,25.7
6/5/2026 21:15,14443,10.3,0.6,100,8120,97.44,25.2
6/5/2026 21:30,14430,10.3,0.6,100,8118,97.45,24.7
6/5/2026 21:45,14416,10.3,0.6,100,8116,97.48,24.1
6/5/2026 22:00,14405,10.3,0.598,100,8117,97.5,23.6
6/5/2026 22:15,14394,10.3,0.6,100,8114,97.52,23.2
6/5/2026 22:30,14384,10.3,0.6,100,8110,97.54,22.9
6/5/2026 22:45,14374,10.3,0.6,100,8112,97.55,22.5
6/5/2026 23:00,14363,10.3,0.6,100,8107,97.55,22.1
6/5/2026 23:15,14351,10.3,0.598,100,8108,97.56,21.7
6/5/2026 23:30,14339,10.3,0.598,100,8104,97.55,21.4
6/5/2026 23:45,14327,10.3,0.6,100,8106,97.55,20.9
6/6/2026 0:00,14315,10.3,0.598,100,8104,97.56,20.6
6/6/2026 0:15,14303,10.3,0.598,100,8099,97.56,20.3
6/6/2026 0:30,14292,10.3,0.6,100,8099,97.56,20
6/6/2026 0:45,14292,10.3,0.598,100,8095,97.58,19.7
6/6/2026 1:00,14297,10.3,0.6,100,8094,97.6,19.4
6/6/2026 1:15,14302,10.3,0.6,100,8095,97.61,19.1
6/6/2026 1:30,14305,10.3,0.6,100,8094,97.62,18.9
6/6/2026 1:45,14307,10.3,0.6,100,8094,97.62,18.7
6/6/2026 2:00,14307,10.3,0.6,100,8091,97.62,18.5
6/6/2026 2:15,14303,10.3,0.601,100,8090,97.63,18.3
6/6/2026 2:30,14300,10.3,0.601,100,8092,97.64,18.2
6/6/2026 2:45,14297,10.3,0.601,100,8090,97.65,18
6/6/2026 3:00,14292,10.3,0.601,100,8090,97.67,17.9
6/6/2026 3:15,14288,10.3,0.601,100,8091,97.67,17.7
6/6/2026 3:30,14283,10.3,0.601,100,8089,97.68,17.5
6/6/2026 3:45,14280,10.3,0.601,100,8087,97.66,17.4
6/6/2026 4:00,14276,10.3,0.601,100,8084,97.67,17.2
6/6/2026 4:15,14272,10.3,0.601,100,8087,97.69,17
6/6/2026 4:30,14267,10.3,0.601,100,8085,97.72,16.9
6/6/2026 4:45,14263,10.3,0.601,100,8082,97.74,16.7
6/6/2026 5:00,14259,10.3,0.601,100,8082,97.75,16.6
6/6/2026 5:15,14257,10.3,0.601,100,8082,97.76,16.5
6/6/2026 5:30,14254,10.3,0.601,100,8082,97.77,16.4
6/6/2026 5:45,14253,10.3,0.601,100,8082,97.77,16.2
6/6/2026 6:00,14250,10.3,0.601,100,8079,97.79,16.2
6/6/2026 6:15,14247,10.3,0.603,100,8080,97.79,16.1
6/6/2026 6:30,14243,10.3,0.601,100,8082,97.8,16.2
6/6/2026 6:45,14241,10.3,0.601,100,8079,97.81,16.3
6/6/2026 7:00,14236,10.3,0.603,100,8079,97.82,16.6
6/6/2026 7:15,14231,10.3,0.603,100,8076,97.84,17
6/6/2026 7:30,14227,10.3,0.601,100,8078,97.85,17.7
6/6/2026 7:45,14222,10.3,0.601,100,8079,97.86,18.4
6/6/2026 8:00,14205,10.3,0.601,100,8080,97.88,19.1
6/6/2026 8:15,14185,10.3,0.601,100,8081,97.88,19.8
6/6/2026 8:30,14165,10.3,0.601,100,8080,97.87,21.7
6/6/2026 8:45,14147,10.3,0.601,100,8079,97.86,22.5
6/6/2026 9:00,14134,10.3,0.6,100,8079,97.84,22.5
6/6/2026 9:15,14124,10.3,0.6,100,8079,97.84,22.8
6/6/2026 9:30,14126,10.3,0.6,100,8077,97.85,23.3
6/6/2026 9:45,14138,10.3,0.6,100,8077,97.85,23.9
6/6/2026 10:00,14151,10.3,0.601,100,8073,97.86,24.4
6/6/2026 10:15,14164,10.3,0.601,100,8077,97.86,25.1
6/6/2026 10:30,14179,10.3,0.601,100,8075,97.87,25.5
6/6/2026 10:45,14196,10.3,0.601,100,8077,97.86,25.7
6/6/2026 11:00,14211,10.3,0.601,100,8074,97.85,26
6/6/2026 11:15,14225,10.3,0.601,100,8076,97.85,26.4
6/6/2026 11:30,14239,10.3,0.601,100,8073,97.85,27.2
6/6/2026 11:45,14245,10.3,0.601,100,8085,97.85,28.5
6/6/2026 12:00,14240,10.3,0.6,100,8099,97.84,30.8
6/6/2026 12:15,14230,10.3,0.6,100,8117,97.85,32.2
6/6/2026 12:30,14218,10.3,0.6,100,8129,97.86,33
6/6/2026 12:45,14207,10.3,0.6,100,8140,97.85,33.4
6/6/2026 13:00,14196,10.3,0.6,100,8149,97.86,33.3
6/6/2026 13:15,14186,10.3,0.6,100,8164,97.85,34.4
6/6/2026 13:30,14177,10.3,0.6,100,8177,97.84,35.4
6/6/2026 13:45,14168,10.3,0.6,100,8190,97.83,36.7
6/6/2026 14:00,14160,10.3,0.6,100,8193,97.82,37.6
6/6/2026 14:15,14152,10.3,0.6,100,8199,97.82,37.7
6/6/2026 14:30,14150,10.3,0.6,100,8205,97.82,37.9
6/6/2026 14:45,14158,10.3,0.6,100,8204,97.81,38.6
6/6/2026 15:00,14172,10.3,0.6,100,8212,97.82,38.7
6/6/2026 15:15,14187,10.3,0.6,100,8215,97.82,39.8
6/6/2026 15:30,14202,10.3,0.601,100,8218,97.82,40.9
6/6/2026 15:45,14216,10.3,0.601,100,8215,97.83,42.3
6/6/2026 16:00,14231,10.3,0.601,100,8215,97.83,42.8
6/6/2026 16:15,14245,10.3,0.601,100,8203,97.82,42.7
6/6/2026 16:30,14258,10.3,0.601,100,8189,97.81,42.5
6/6/2026 16:45,14271,10.3,0.601,100,8183,97.81,40.5
6/6/2026 17:00,14283,10.3,0.601,100,8183,97.81,40.9
6/6/2026 17:15,14295,10.3,0.6,100,8185,97.8,41.5
6/6/2026 17:30,14308,10.3,0.6,100,8180,97.79,41.8
6/6/2026 17:45,14319,10.3,0.601,100,8174,97.78,41.6
6/6/2026 18:00,14330,10.3,0.601,100,8177,97.77,41.8
6/6/2026 18:15,14341,10.3,0.601,100,8167,97.77,42.2
6/6/2026 18:30,14352,10.3,0.601,100,8161,97.76,41.3
6/6/2026 18:45,14362,10.3,0.601,100,8149,97.77,40.4
6/6/2026 19:00,14370,10.3,0.601,100,8139,97.77,38
6/6/2026 19:15,14378,10.3,0.6,100,8132,97.77,35.5
6/6/2026 19:30,14384,10.3,0.601,100,8124,97.77,33.4
6/6/2026 19:45,14387,10.3,0.601,100,8119,97.77,31.8
6/6/2026 20:00,14389,10.3,0.601,100,8114,97.77,30.5
6/6/2026 20:15,14388,10.3,0.601,100,8113,97.76,29.5
6/6/2026 20:30,14385,10.3,0.601,100,8107,97.77,28.6
6/6/2026 20:45,14375,10.3,0.601,100,8105,97.78,27.7
6/6/2026 21:00,14354,10.3,0.601,100,8101,97.78,26.9
6/6/2026 21:15,14330,10.3,0.601,100,8098,97.78,26.2
6/6/2026 21:30,14304,10.3,0.6,100,8097,97.79,25.6
6/6/2026 21:45,14282,10.3,0.6,100,8097,97.8,25
6/6/2026 22:00,14263,10.3,0.6,100,8093,97.8,24.5
6/6/2026 22:15,14249,10.3,0.6,100,8093,97.81,24
6/6/2026 22:30,14249,10.3,0.6,100,8090,97.81,23.6
6/6/2026 22:45,14256,10.3,0.6,100,8089,97.82,23.3
6/6/2026 23:00,14267,10.3,0.601,100,8090,97.81,22.9
6/6/2026 23:15,14280,10.3,0.601,100,8087,97.81,22.5
6/6/2026 23:30,14294,10.3,0.601,100,8083,97.8,22.1
6/6/2026 23:45,14307,10.3,0.601,100,8084,97.81,21.8
6/7/2026 0:00,14314,10.3,0.601,100,8083,97.81,21.6
6/7/2026 0:15,14310,10.3,0.601,100,8080,97.81,21.4
6/7/2026 0:30,14301,10.3,0.6,100,8079,97.81,21.1
6/7/2026 0:45,14291,10.3,0.6,100,8079,97.81,20.9
6/7/2026 1:00,14282,10.3,0.6,100,8076,97.81,20.8
6/7/2026 1:15,14272,10.3,0.6,100,8076,97.81,20.7
6/7/2026 1:30,14262,10.3,0.6,100,8074,97.8,20.6
6/7/2026 1:45,14250,10.3,0.6,100,8075,97.8,20.6
6/7/2026 2:00,14240,10.3,0.6,100,8073,97.81,20.5
6/7/2026 2:15,14230,10.3,0.6,100,8072,97.81,20.3
6/7/2026 2:30,14222,10.3,0.6,100,8073,97.8,20.2
6/7/2026 2:45,14226,10.3,0.6,100,8073,97.81,20.1
6/7/2026 3:00,14237,10.3,0.6,100,8069,97.8,20
6/7/2026 3:15,14250,10.3,0.601,100,8069,97.8,19.8
6/7/2026 3:30,14263,10.3,0.601,100,8069,97.8,19.7
6/7/2026 3:45,14277,10.3,0.601,100,8068,97.78,19.5
6/7/2026 4:00,14289,10.3,0.601,100,8066,97.79,19.4
6/7/2026 4:15,14300,10.3,0.601,100,8068,97.78,19.3
6/7/2026 4:30,14311,10.3,0.601,100,8066,97.78,19.3
6/7/2026 4:45,14319,10.3,0.601,100,8066,97.79,19.2
6/7/2026 5:00,14326,10.3,0.601,100,8067,97.8,19.1
6/7/2026 5:15,14333,10.3,0.601,100,8063,97.81,19.1
6/7/2026 5:30,14340,10.3,0.601,100,8065,97.82,19
6/7/2026 5:45,14345,10.3,0.601,100,8064,97.83,19.1
6/7/2026 6:00,14349,10.3,0.601,100,8063,97.84,19.1
6/7/2026 6:15,14354,10.3,0.601,100,8060,97.84,19.2
6/7/2026 6:30,14358,10.3,0.601,100,8061,97.85,19.3
6/7/2026 6:45,14362,10.3,0.601,100,8060,97.85,19.5
6/7/2026 7:00,14365,10.3,0.601,100,8060,97.86,19.8
6/7/2026 7:15,14368,10.3,0.601,100,8059,97.85,20.1
6/7/2026 7:30,14371,10.3,0.601,100,8060,97.86,20.5
6/7/2026 7:45,14374,10.3,0.601,100,8059,97.86,21
6/7/2026 8:00,14379,10.3,0.601,100,8061,97.86,21.8
6/7/2026 8:15,14386,10.3,0.601,100,8059,97.86,22.5
6/7/2026 8:30,14396,10.3,0.601,100,8060,97.85,23.9
6/7/2026 8:45,14408,10.3,0.601,100,8055,97.84,24.8
6/7/2026 9:00,14419,10.3,0.601,100,8057,97.84,24.6
6/7/2026 9:15,14432,10.3,0.601,100,8057,97.83,25
6/7/2026 9:30,14445,10.3,0.601,100,8055,97.82,25.3
6/7/2026 9:45,14459,10.3,0.601,100,8057,97.81,26
6/7/2026 10:00,14471,10.3,0.601,100,8056,97.8,26.6
6/7/2026 10:15,14484,10.3,0.601,100,8055,97.79,26.8
6/7/2026 10:30,14496,10.3,0.601,100,8056,97.78,27.1
6/7/2026 10:45,14499,10.3,0.601,100,8059,97.76,27.7
6/7/2026 11:00,14493,10.3,0.6,100,8057,97.75,28.3
6/7/2026 11:15,14482,10.3,0.601,100,8060,97.75,28.9
6/7/2026 11:30,14472,10.3,0.6,100,8057,97.73,29.5
6/7/2026 11:45,14461,10.3,0.6,100,8068,97.71,30.5
6/7/2026 12:00,14458,10.3,0.6,100,8078,97.7,31.8
6/7/2026 12:15,14466,10.3,0.6,100,8086,97.69,33.1
6/7/2026 12:30,14479,10.3,0.6,100,8095,97.69,33.5
6/7/2026 12:45,14494,10.3,0.6,100,8103,97.66,33.6
6/7/2026 13:00,14508,10.3,0.6,100,8115,97.64,34.4
6/7/2026 13:15,14523,10.3,0.601,100,8129,97.63,35.1
6/7/2026 13:30,14535,10.3,0.601,100,8132,97.64,35.7
6/7/2026 13:45,14547,10.3,0.6,100,8124,97.64,34
6/7/2026 14:00,14555,10.3,0.6,100,8118,97.66,32.2
6/7/2026 14:15,14553,10.3,0.6,100,8112,97.65,30.9
6/7/2026 14:30,14541,10.3,0.6,100,8110,97.68,29.7
6/7/2026 14:45,14526,10.3,0.6,100,8103,97.71,27.8
6/7/2026 15:00,14513,10.3,0.6,100,8102,97.7,25.2
6/7/2026 15:15,14502,10.3,0.6,100,8098,97.69,23.3
6/7/2026 15:30,14502,10.3,0.6,100,8097,97.69,22.4
6/7/2026 15:45,14510,10.3,0.6,100,8094,97.71,22
6/7/2026 16:00,14521,10.3,0.6,100,8095,97.73,21.9
6/7/2026 16:15,14531,10.3,0.6,100,8093,97.75,21.9
6/7/2026 16:30,14541,10.3,0.6,100,8088,97.76,21.9
6/7/2026 16:45,14553,10.3,0.6,100,8088,97.75,21.7
6/7/2026 17:00,14564,10.3,0.6,100,8085,97.74,21.4
6/7/2026 17:15,14573,10.3,0.6,100,8085,97.76,21.3
6/7/2026 17:30,14581,10.3,0.6,100,8082,97.78,21.6
6/7/2026 17:45,14591,10.3,0.6,100,8081,97.75,21.9
6/7/2026 18:00,14601,10.3,0.6,100,8087,97.73,22.6
6/7/2026 18:15,14610,10.3,0.6,100,8088,97.71,23.3
6/7/2026 18:30,14617,10.3,0.6,100,8093,97.71,23.9
6/7/2026 18:45,14608,10.3,0.6,100,8094,97.72,24
6/7/2026 19:00,14591,10.3,0.6,100,8090,97.72,23.8
6/7/2026 19:15,14570,10.3,0.6,100,8086,97.72,23.6
6/7/2026 19:30,14548,10.3,0.6,100,8088,97.71,23.4
6/7/2026 19:45,14526,10.3,0.6,100,8085,97.72,23.2
6/7/2026 20:00,14502,10.3,0.6,100,8085,97.73,23
6/7/2026 20:15,14484,10.3,0.6,100,8084,97.73,22.9
6/7/2026 20:30,14480,10.3,0.6,100,8081,97.73,22.6
6/7/2026 20:45,14484,10.3,0.6,100,8080,97.73,22.4
6/7/2026 21:00,14492,10.3,0.601,100,8079,97.74,22.2
6/7/2026 21:15,14504,10.3,0.601,100,8077,97.74,21.9
6/7/2026 21:30,14516,10.3,0.601,100,8076,97.75,21.8
6/7/2026 21:45,14528,10.3,0.601,100,8078,97.77,21.7
6/7/2026 22:00,14540,10.3,0.6,100,8075,97.78,21.7
6/7/2026 22:15,14545,10.3,0.6,100,8074,97.8,21.7
6/7/2026 22:30,14538,10.3,0.6,100,8073,97.8,21.7
6/7/2026 22:45,14530,10.3,0.6,100,8072,97.8,21.7
6/7/2026 23:00,14518,10.3,0.6,100,8074,97.8,21.6
6/7/2026 23:15,14508,10.3,0.6,100,8070,97.81,21.6
6/7/2026 23:30,14499,10.3,0.6,100,8069,97.8,21.5
6/7/2026 23:45,14491,10.3,0.6,100,8069,97.8,21.4
6/8/2026 0:00,14484,10.3,0.6,100,8068,97.79,21.2
6/8/2026 0:15,14478,10.3,0.6,100,8039,97.78,21.3
6/8/2026 0:30,14475,10.3,0.6,100,8056,97.79,21.3
6/8/2026 0:45,14484,10.3,0.6,100,8056,97.79,21.3
6/8/2026 1:00,14500,10.3,0.6,100,8053,97.79,21.3
6/8/2026 1:15,14518,10.3,0.6,100,8054,97.79,21.2
6/8/2026 1:30,14536,10.3,0.601,100,8054,97.78,21.3
6/8/2026 1:45,14554,10.3,0.601,100,8052,97.77,21.3
6/8/2026 2:00,14573,10.3,0.6,100,8053,97.76,21.3
6/8/2026 2:15,14590,10.3,0.601,100,8052,97.74,21.4
6/8/2026 2:30,14605,10.3,0.601,100,8050,97.74,21.3
6/8/2026 2:45,14621,10.3,0.6,100,8050,97.72,21.2
6/8/2026 3:00,14636,10.3,0.6,100,8050,97.72,21.1
6/8/2026 3:15,14649,10.3,0.6,100,8048,97.72,21
6/8/2026 3:30,14662,10.3,0.601,100,8048,97.73,21
6/8/2026 3:45,14674,10.3,0.601,100,8048,97.75,21
6/8/2026 4:00,14684,10.3,0.601,100,8047,97.76,21
6/8/2026 4:15,14694,10.3,0.601,100,8048,97.77,21
6/8/2026 4:30,14702,10.3,0.6,100,8046,97.78,21
6/8/2026 4:45,14710,10.3,0.6,100,8046,97.79,21
6/8/2026 5:00,14719,10.3,0.601,100,8046,97.78,21
6/8/2026 5:15,14728,10.3,0.6,100,8044,97.76,21
6/8/2026 5:30,14735,10.3,0.6,100,8043,97.76,21
6/8/2026 5:45,14730,10.3,0.601,100,8046,97.77,21
6/8/2026 6:00,14717,10.3,0.6,100,8044,97.79,21
6/8/2026 6:15,14703,10.3,0.6,100,8043,97.8,21.1
6/8/2026 6:30,14690,10.3,0.6,100,8043,97.81,21.2
6/8/2026 6:45,14671,10.3,0.6,100,8044,97.83,21.2
6/8/2026 7:00,14647,10.3,0.6,100,8041,97.85,21.2
6/8/2026 7:15,14619,10.3,0.6,100,8041,97.87,21.2
6/8/2026 7:30,14596,10.3,0.6,100,8039,97.87,21.2
6/8/2026 7:45,14579,10.3,0.6,100,8040,97.89,21.4
6/8/2026 8:00,14565,10.3,0.6,100,8038,97.89,21.4
6/8/2026 8:15,14552,10.3,0.6,100,8039,97.9,21.4
6/8/2026 8:30,14538,10.3,0.601,100,8038,97.9,21.3
6/8/2026 8:45,14524,10.3,0.601,100,8038,97.92,21.3
6/8/2026 9:00,14510,10.3,0.601,100,8036,97.92,21.3
6/8/2026 9:15,14495,10.3,0.601,100,8037,97.93,21.3
6/8/2026 9:30,14482,10.3,0.601,100,8036,97.93,21.4
6/8/2026 9:45,14469,10.3,0.601,100,8037,97.94,21.7
6/8/2026 10:00,14458,10.3,0.601,100,8037,97.96,22.1
6/8/2026 10:15,14453,10.3,0.601,100,8038,97.98,22.4
6/8/2026 10:30,14448,10.3,0.601,100,8038,97.99,22.6
6/8/2026 10:45,14436,10.3,0.601,100,8035,98.01,22.7
6/8/2026 11:00,14424,10.3,0.601,100,8038,97.98,23
6/8/2026 11:15,14413,10.3,0.601,100,8041,97.99,23.7
6/8/2026 11:30,14404,10.3,0.601,100,8044,98,24.4
6/8/2026 11:45,14398,10.3,0.601,100,8044,98.03,25
6/8/2026 12:00,14405,10.3,0.601,100,8047,98.06,25.1
6/8/2026 12:15,14425,10.3,0.6,100,8046,98.04,25
6/8/2026 12:30,14447,10.3,0.601,100,8053,98.04,25.4
6/8/2026 12:45,14471,10.3,0.601,100,8063,98.03,26.6
6/8/2026 13:00,14495,10.3,0.601,100,8073,98,27.6
6/8/2026 13:15,14519,10.3,0.601,100,8077,97.97,28.1
6/8/2026 13:30,14541,10.3,0.601,100,8082,97.97,28.4
6/8/2026 13:45,14562,10.3,0.601,100,8091,97.97,28.6
6/8/2026 14:00,14580,10.3,0.601,100,8107,97.98,29.5
6/8/2026 14:15,14599,10.3,0.601,100,8126,97.96,31.2
6/8/2026 14:30,14619,10.3,0.601,100,8148,97.92,32.4
6/8/2026 14:45,14626,10.3,0.601,100,8159,97.89,33.2
6/8/2026 15:00,14621,10.3,0.601,100,8164,97.89,33.2
6/8/2026 15:15,14613,10.3,0.6,100,8176,97.91,33.5
6/8/2026 15:30,14605,10.3,0.6,100,8190,97.9,35
6/8/2026 15:45,14600,10.3,0.6,100,8199,97.87,36.4
6/8/2026 16:00,14607,10.3,0.6,100,8209,97.87,37.7
6/8/2026 16:15,14620,10.3,0.6,100,8209,97.88,38.2
6/8/2026 16:30,14636,10.3,0.6,100,8213,97.88,38.3
6/8/2026 16:45,14651,10.3,0.6,100,8218,97.89,38.9
6/8/2026 17:00,14668,10.3,0.601,100,8202,97.89,39
6/8/2026 17:15,14683,10.3,0.601,100,8196,97.88,36.4
6/8/2026 17:30,14696,10.3,0.6,100,8203,97.87,36.5
6/8/2026 17:45,14708,10.3,0.601,100,8202,97.88,37.5
6/8/2026 18:00,14718,10.3,0.601,100,8204,97.89,38.1
6/8/2026 18:15,14730,10.3,0.601,100,8200,97.9,38.6
6/8/2026 18:30,14739,10.3,0.6,100,8186,97.92,36.6
6/8/2026 18:45,14749,10.3,0.601,100,8176,97.93,35.2
6/8/2026 19:00,14760,10.3,0.6,100,8171,97.92,33.5
6/8/2026 19:15,14770,10.3,0.6,100,8161,97.92,31.8
6/8/2026 19:30,14775,10.3,0.601,100,8156,97.92,30.1
6/8/2026 19:45,14767,10.3,0.6,100,8151,97.93,28.6
6/8/2026 20:00,14750,10.3,0.6,100,8145,97.92,27.5
6/8/2026 20:15,14726,10.3,0.6,100,8142,97.9,26.6
6/8/2026 20:30,14697,10.3,0.6,100,8141,97.9,25.9
6/8/2026 20:45,14663,10.3,0.6,100,8139,97.93,25.2
6/8/2026 21:00,14625,10.3,0.6,100,8135,97.97,24.5
6/8/2026 21:15,14590,10.3,0.6,100,8136,97.99,24
6/8/2026 21:30,14568,10.3,0.6,100,8130,98.01,23.6
6/8/2026 21:45,14553,10.3,0.6,100,8130,98.01,23.2
6/8/2026 22:00,14544,10.3,0.6,100,8126,97.99,22.8
6/8/2026 22:15,14537,10.3,0.601,100,8124,97.97,22.4
6/8/2026 22:30,14533,10.3,0.601,100,8121,97.96,22.1
6/8/2026 22:45,14532,10.3,0.601,100,8120,97.98,21.9
6/8/2026 23:00,14534,10.3,0.601,100,8119,97.99,21.6
6/8/2026 23:15,14539,10.3,0.601,100,8119,98.03,21.3
6/8/2026 23:30,14550,10.3,0.601,100,8117,98.03,21.1
6/8/2026 23:45,14565,10.3,0.601,100,8117,98.01,20.9
6/9/2026 0:00,14579,10.3,0.601,100,8114,98.01,20.6
6/9/2026 0:15,14591,10.3,0.601,100,8111,98.05,20.5
6/9/2026 0:30,14602,10.3,0.601,100,8110,98.08,20.3
6/9/2026 0:45,14614,10.3,0.601,100,8109,98.06,20.2
6/9/2026 1:00,14622,10.3,0.601,100,8109,98.04,20.2
6/9/2026 1:15,14615,10.3,0.601,100,8107,98.02,20.2
6/9/2026 1:30,14591,10.3,0.6,100,8106,98.02,20.3
6/9/2026 1:45,14558,10.3,0.6,100,8104,98.04,20.6
6/9/2026 2:00,14523,10.3,0.601,100,8104,98.05,20.8
6/9/2026 2:15,14489,10.3,0.6,100,8104,98.05,20.9
6/9/2026 2:30,14464,10.3,0.6,100,8103,98.06,21
6/9/2026 2:45,14447,10.3,0.6,100,8101,98.07,21
6/9/2026 3:00,14433,10.3,0.601,100,8099,98.05,21.1
6/9/2026 3:15,14420,10.3,0.601,100,8099,98.03,21.1
6/9/2026 3:30,14409,10.3,0.601,100,8098,98,21.1
6/9/2026 3:45,14396,10.3,0.601,100,8098,97.99,21.2
6/9/2026 4:00,14382,10.3,0.601,100,8098,97.99,21.2
6/9/2026 4:15,14368,10.3,0.603,100,8095,97.99,21.2
6/9/2026 4:30,14354,10.3,0.603,100,8095,97.99,21.2
6/9/2026 4:45,14341,10.3,0.603,100,8094,97.98,21.2
6/9/2026 5:00,14328,10.3,0.601,100,8089,97.99,21.2
6/9/2026 5:15,14315,10.3,0.603,100,8090,97.98,21.1
6/9/2026 5:30,14303,10.3,0.603,100,8092,97.98,21.1
6/9/2026 5:45,14290,10.3,0.603,100,8088,97.99,21.1
6/9/2026 6:00,14280,10.3,0.603,100,8089,98,21
6/9/2026 6:15,14269,10.3,0.603,100,8087,98.01,21
6/9/2026 6:30,14260,10.3,0.603,100,8086,98.01,21
6/9/2026 6:45,14253,10.3,0.603,100,8086,98.01,21
6/9/2026 7:00,14244,10.3,0.603,100,8085,98.02,21
6/9/2026 7:15,14238,10.3,0.603,100,8085,98,21.1
6/9/2026 7:30,14230,10.3,0.603,100,8083,98.02,21.1
6/9/2026 7:45,14221,10.3,0.603,100,8083,98.05,21.2
6/9/2026 8:00,14208,10.3,0.603,100,8080,98.04,21.3
6/9/2026 8:15,14183,10.3,0.603,100,8082,98.05,21.4
6/9/2026 8:30,14155,10.3,0.603,100,8081,98.03,21.6
6/9/2026 8:45,14127,10.3,0.603,100,8079,98.02,22
6/9/2026 9:00,14098,10.3,0.603,100,8079,98.01,22.4
6/9/2026 9:15,14073,10.3,0.601,100,8079,98.01,22.9
6/9/2026 9:30,14060,10.3,0.601,100,8080,98,23.4
6/9/2026 9:45,14058,10.3,0.601,100,8080,98,24.1
6/9/2026 10:00,14062,10.3,0.603,100,8082,97.99,24.7
6/9/2026 10:15,14070,10.3,0.603,100,8084,97.97,25.5
6/9/2026 10:30,14079,10.3,0.603,100,8083,97.95,26.3
6/9/2026 10:45,14088,10.3,0.603,100,8086,97.94,26.3
6/9/2026 11:00,13738,10.3,0.603,100,8090,97.94,27
6/9/2026 11:15,13548,10.3,0.604,100,8090,97.94,27.6
6/9/2026 11:30,13554,10.3,0.604,100,8091,97.94,28.5
6/9/2026 11:45,13558,10.3,0.603,100,8096,97.96,29
6/9/2026 12:00,13562,10.3,0.604,100,8111,97.98,30.6
6/9/2026 12:15,13568,10.3,0.604,100,8117,97.95,32.2
6/9/2026 12:30,13559,10.3,0.607,100,8131,97.93,32.8
6/9/2026 12:45,13547,10.3,0.603,100,8141,97.89,33.4
6/9/2026 13:00,13534,10.4,0.601,100,8154,97.84,33.7
6/9/2026 13:15,13519,10.4,0.596,100,8167,97.82,34.6
6/9/2026 13:30,13504,10.4,0.598,100,8180,97.83,35.8
6/9/2026 13:45,13491,10.4,0.605,100,8192,97.83,36.7
6/9/2026 14:00,13489,10.4,0.601,100,8202,97.82,37.5
6/9/2026 14:15,13498,10.4,0.597,100,8205,97.81,37.8
6/9/2026 14:30,13871,10.4,0.603,100,8214,97.78,38.4
6/9/2026 14:45,14114,10.4,0.594,100,8218,97.76,39
6/9/2026 15:00,14120,10.4,0.593,100,8221,97.74,39.8
6/9/2026 15:15,14129,10.4,0.596,100,8223,97.72,40.6
6/9/2026 15:30,14136,10.3,0.597,100,8220,97.72,41.8
6/9/2026 15:45,14143,10.3,0.597,100,8217,97.71,42.4
6/9/2026 16:00,14153,10.3,0.597,100,8209,97.69,42.9
6/9/2026 16:15,14162,10.3,0.598,100,8206,97.68,42.6
6/9/2026 16:30,14168,10.3,0.598,100,8202,97.66,43.3
6/9/2026 16:45,14163,10.3,0.598,100,8190,97.64,42.9
6/9/2026 17:00,14150,10.3,0.598,100,8180,97.64,42.1
6/9/2026 17:15,14138,10.3,0.598,100,8177,97.62,40.4
6/9/2026 17:30,14125,10.3,0.598,100,8165,97.62,39.9
6/9/2026 17:45,14112,10.3,0.598,100,8159,97.6,38.5
6/9/2026 18:00,14100,10.3,0.598,100,8158,97.59,37.9
6/9/2026 18:15,14090,10.3,0.598,100,8156,97.59,37.6
6/9/2026 18:30,14092,10.3,0.598,100,8159,97.58,36.7
6/9/2026 18:45,14101,10.3,0.6,100,8148,97.55,36.6
6/9/2026 19:00,14109,10.3,0.6,100,8147,97.53,35.4
6/9/2026 19:15,14116,10.3,0.601,100,8138,97.51,34
6/9/2026 19:30,14121,10.3,0.601,100,8133,97.49,32.6
6/9/2026 19:45,14123,10.3,0.601,100,8126,97.48,31.4
6/9/2026 20:00,14123,10.3,0.601,100,8123,97.46,30.5
6/9/2026 20:15,14123,10.3,0.603,100,8118,97.45,29.8
6/9/2026 20:30,14117,10.3,0.601,100,8114,97.44,29.2
6/9/2026 20:45,14102,10.3,0.603,100,8113,97.42,28.5
6/9/2026 21:00,14084,10.3,0.601,100,8110,97.42,27.9
6/9/2026 21:15,14067,10.3,0.601,100,8107,97.41,27.3
6/9/2026 21:30,14050,10.3,0.601,100,8104,97.4,26.8
6/9/2026 21:45,14035,10.3,0.601,100,8102,97.4,26.4
6/9/2026 22:00,14022,10.3,0.601,100,8099,97.39,26.1
6/9/2026 22:15,14013,10.3,0.601,100,8099,97.36,25.8
6/9/2026 22:30,14002,10.3,0.601,100,8097,97.38,25.6
6/9/2026 22:45,13996,10.3,0.601,100,8094,97.38,25.4
6/9/2026 23:00,14003,10.3,0.601,100,8094,97.37,25.2
6/9/2026 23:15,14017,10.3,0.601,100,8090,97.37,25.1
6/9/2026 23:30,14036,10.3,0.601,100,8092,97.34,25
6/9/2026 23:45,14053,10.3,0.601,100,8088,97.35,24.8
6/10/2026 0:00,14073,10.3,0.601,100,8086,97.31,24.7
6/10/2026 0:15,14095,10.3,0.603,100,8084,97.25,24.6
6/10/2026 0:30,14112,10.3,0.601,100,8080,97.24,24.4
6/10/2026 0:45,14131,10.3,0.603,100,8082,97.23,24.4
6/10/2026 1:00,14150,10.3,0.601,100,8079,97.21,24.4
6/10/2026 1:15,14165,10.3,0.603,100,8078,97.19,24.5
6/10/2026 1:30,14178,10.3,0.603,100,8078,97.17,24.5
6/10/2026 1:45,14190,10.3,0.603,100,8078,97.15,24.4
6/10/2026 2:00,14198,10.3,0.603,100,8076,97.12,24.4
6/10/2026 2:15,14207,10.3,0.603,100,8073,97.07,24.4
6/10/2026 2:30,14210,10.3,0.603,100,8074,97.08,24.4
6/10/2026 2:45,14213,10.3,0.603,100,8073,97.08,24.5
6/10/2026 3:00,14215,10.3,0.603,100,8071,97.1,24.4
6/10/2026 3:15,14218,10.3,0.603,100,8070,97.08,23.7
6/10/2026 3:30,14221,10.3,0.603,100,8069,97.1,23.3
6/10/2026 3:45,14225,10.3,0.603,100,8069,97.09,22.6
6/10/2026 4:00,14229,10.3,0.603,100,8066,97.08,22
6/10/2026 4:15,14235,10.3,0.603,100,8063,97.07,21.7
6/10/2026 4:30,14243,10.3,0.603,100,8065,97.04,21.5
6/10/2026 4:45,14249,10.3,0.603,100,8063,97.03,21.4
6/10/2026 5:00,14254,10.3,0.603,100,8060,97.06,21.4
6/10/2026 5:15,14260,10.3,0.603,100,8063,97.05,21.3
6/10/2026 5:30,14268,10.3,0.603,100,8062,97.02,21.2
6/10/2026 5:45,14276,10.3,0.603,100,8058,97.02,21.1
6/10/2026 6:00,14283,10.3,0.603,100,8058,97.01,20.8
6/10/2026 6:15,14288,10.3,0.603,100,8058,97.03,20.7
6/10/2026 6:30,14296,10.3,0.603,100,8058,97,20.6
6/10/2026 6:45,14304,10.3,0.603,100,8057,96.97,20.6
6/10/2026 7:00,14310,10.3,0.603,100,8058,96.94,20.7
6/10/2026 7:15,14311,10.3,0.603,100,8054,96.94,20.8
6/10/2026 7:30,14299,10.3,0.603,100,8055,96.94,20.9
6/10/2026 7:45,14283,10.3,0.603,100,8054,96.96,21.1
6/10/2026 8:00,14273,10.3,0.603,100,8057,96.91,21.5
6/10/2026 8:15,14267,10.3,0.603,100,8049,96.79,21.6
6/10/2026 8:30,14254,10.3,0.601,100,8054,96.82,21.8
6/10/2026 8:45,14252,10.3,0.601,100,8053,96.86,22
6/10/2026 9:00,14259,10.3,0.603,100,8052,96.88,22.3
6/10/2026 9:15,14271,10.3,0.601,100,8052,96.87,22.8
6/10/2026 9:30,14281,10.3,0.601,100,8053,96.89,23.5
6/10/2026 9:45,14291,10.3,0.601,100,8054,96.89,24.2
6/10/2026 10:00,14299,10.3,0.603,100,8054,96.89,25
6/10/2026 10:15,14311,10.3,0.603,100,8058,96.84,25.6
6/10/2026 10:30,14322,10.3,0.603,100,8057,96.8,26
6/10/2026 10:45,14328,10.3,0.603,100,8060,96.81,26.3
6/10/2026 11:00,14334,10.3,0.603,100,8063,96.8,27.2
6/10/2026 11:15,14338,10.3,0.601,100,8063,96.82,28
6/10/2026 11:30,14346,10.3,0.603,100,8062,96.79,28
6/10/2026 11:45,14356,10.3,0.601,100,8064,96.73,28.2
6/10/2026 12:00,14362,10.3,0.603,100,8069,96.74,28.8
6/10/2026 12:15,14367,10.3,0.603,100,8082,96.74,29.7
6/10/2026 12:30,14309,10.3,0.601,100,8087,96.7,31.2
6/10/2026 12:45,14167,10.4,0.605,100,8088,96.66,31.1
6/10/2026 13:00,14352,10.4,0.597,100,8088,96.63,30.9
6/10/2026 13:15,14115,10.4,0.597,100,8099,96.62,31.1
6/10/2026 13:30,14340,10.5,0.597,100,8110,96.63,32.1
6/10/2026 13:45,14237,10.3,0.592,100,8122,96.62,32.4
6/10/2026 14:00,14244,10.6,0.598,100,8137,96.61,33.6
6/10/2026 14:15,14374,10.3,0.592,100,8146,96.6,34.2
6/10/2026 14:30,14200,10.4,0.6,100,8140,96.61,33.6
6/10/2026 14:45,14380,10.5,0.596,100,8136,96.65,31.4
6/10/2026 15:00,14377,10.3,0.59,100,8157,96.63,29.3
6/10/2026 15:15,14269,10.6,0.601,100,8176,96.59,31.7
6/10/2026 15:30,14459,10.4,0.592,100,8193,96.58,34.6
6/10/2026 15:45,14441,10.3,0.593,100,8183,96.57,35.8
6/10/2026 16:00,14281,10.6,0.601,100,8171,96.58,33.8
6/10/2026 16:15,14503,10.4,0.593,100,8188,96.56,32.6
6/10/2026 16:30,14514,10.3,0.593,100,8199,96.52,35.4
6/10/2026 16:45,14307,10.5,0.598,100,8209,96.48,38.3
6/10/2026 17:00,14546,10.4,0.593,100,8209,96.44,39.2
6/10/2026 17:15,14549,10.3,0.592,100,8210,96.43,39.9
6/10/2026 17:30,14377,10.4,0.601,100,8209,96.44,40.5
6/10/2026 17:45,14474,10.6,0.597,100,8200,96.46,40.8
6/10/2026 18:00,14517,10.3,0.59,100,8192,96.45,41
6/10/2026 18:15,14501,10.3,0.594,100,8184,96.48,39.5
6/10/2026 18:30,14487,10.3,0.597,100,8181,96.5,39
6/10/2026 18:45,14474,10.3,0.597,100,8170,96.52,38.8
6/10/2026 19:00,14465,10.3,0.597,100,8159,96.53,36.8
6/10/2026 19:15,14464,10.3,0.597,100,8152,96.58,34.8
6/10/2026 19:30,14467,10.3,0.598,100,8142,96.6,32.6
6/10/2026 19:45,14472,10.3,0.598,100,8137,96.6,31
6/10/2026 20:00,14474,10.3,0.6,100,8131,96.61,29.8
6/10/2026 20:15,14473,10.3,0.6,100,8129,96.65,28.9
6/10/2026 20:30,14471,10.3,0.6,100,8126,96.68,28.1
6/10/2026 20:45,14467,10.3,0.6,100,8123,96.72,27.5
6/10/2026 21:00,14300,10.3,0.604,100,8119,96.76,26.9
6/10/2026 21:15,14351,10.5,0.605,100,8116,96.8,26.3
6/10/2026 21:30,14375,10.3,0.593,100,8114,96.85,25.9
6/10/2026 21:45,14334,10.5,0.603,100,8113,96.88,25.5
6/10/2026 22:00,14315,10.4,0.593,100,8109,96.89,25.2
6/10/2026 22:15,14397,10.6,0.6,100,8109,96.9,24.8
6/10/2026 22:30,14465,10.3,0.59,100,8105,96.91,24.5
6/10/2026 22:45,14466,10.3,0.596,100,8104,96.93,24.2
6/10/2026 23:00,14467,10.3,0.597,100,8103,96.95,23.8
6/10/2026 23:15,14470,10.3,0.598,100,8102,96.98,23.4
6/10/2026 23:30,14474,10.3,0.598,100,8100,97,23
6/10/2026 23:45,14481,10.3,0.598,100,8097,97.03,22.4
6/11/2026 0:00,14488,10.3,0.598,100,8098,97.04,22
6/11/2026 0:15,14496,10.3,0.6,100,8091,97.05,21.5
6/11/2026 0:30,14505,10.3,0.6,100,8092,97.05,21
6/11/2026 0:45,14512,10.3,0.6,100,8089,97.04,20.6
6/11/2026 1:00,14515,10.3,0.6,100,8088,97.07,20.2
6/11/2026 1:15,14516,10.3,0.601,100,8085,97.07,19.8
6/11/2026 1:30,14514,10.3,0.6,100,8087,97.07,19.6
6/11/2026 1:45,14509,10.3,0.601,100,8087,97.07,19.3
6/11/2026 2:00,14502,10.3,0.601,100,8082,97.07,19
6/11/2026 2:15,14493,10.3,0.601,100,8082,97.1,18.7
6/11/2026 2:30,14484,10.3,0.601,100,8083,97.11,18.4
6/11/2026 2:45,14477,10.3,0.601,100,8082,97.08,18.2
6/11/2026 3:00,14468,10.3,0.601,100,8080,97.09,17.9
6/11/2026 3:15,14455,10.3,0.603,100,8081,97.09,17.7
6/11/2026 3:30,14429,10.3,0.603,100,8079,97.12,17.5
6/11/2026 3:45,14397,10.3,0.601,100,8077,97.15,17.3
6/11/2026 4:00,14364,10.3,0.601,100,8081,97.17,17.1
6/11/2026 4:15,14338,10.3,0.601,100,8078,97.17,17
6/11/2026 4:30,14325,10.3,0.601,100,8075,97.15,16.9
6/11/2026 4:45,14317,10.3,0.603,100,8076,97.14,16.7
6/11/2026 5:00,14310,10.3,0.603,100,8075,97.15,16.7
6/11/2026 5:15,14307,10.3,0.603,100,8078,97.1,16.8
6/11/2026 5:30,14300,10.3,0.603,100,8075,97.13,17
6/11/2026 5:45,14292,10.3,0.603,100,8075,97.17,17.2
6/11/2026 6:00,14284,10.3,0.603,100,8074,97.22,17.4
6/11/2026 6:15,14282,10.3,0.603,100,8073,97.18,17.6
6/11/2026 6:30,14276,10.3,0.603,100,8071,97.2,17.7
6/11/2026 6:45,14270,10.3,0.603,100,8069,97.22,17.9
6/11/2026 7:00,14265,10.3,0.603,100,8071,97.22,18.1
6/11/2026 7:15,14262,10.3,0.603,100,8069,97.21,18.2
6/11/2026 7:30,14254,10.3,0.603,100,8070,97.28,18.2
6/11/2026 7:45,14248,10.3,0.603,100,8069,97.35,18.2
6/11/2026 8:00,14246,10.3,0.603,100,8070,97.38,18
6/11/2026 8:15,14248,10.3,0.603,100,8067,97.38,17.6
6/11/2026 8:30,14255,10.3,0.603,100,8068,97.35,17.2
6/11/2026 8:45,14261,10.3,0.603,100,8068,97.36,17
6/11/2026 9:00,14259,10.3,0.603,100,8066,97.35,16.9
6/11/2026 9:15,14250,10.3,0.603,100,8065,97.35,16.9
6/11/2026 9:30,14067,10.3,0.6,100,8066,97.35,17
6/11/2026 9:45,14018,10.4,0.605,100,8064,97.33,17.2
6/11/2026 10:00,14016,10.4,0.61,100,8065,97.29,17.4
6/11/2026 10:15,14027,10.4,0.607,100,8065,97.24,17.5
6/11/2026 10:30,14041,10.4,0.605,100,8062,97.23,17.6
6/11/2026 10:45,14058,10.4,0.598,100,8064,97.18,17.6
6/11/2026 11:00,14072,10.4,0.603,100,8063,97.17,17.8
6/11/2026 11:15,14083,10.4,0.6,100,8063,97.2,17.9
6/11/2026 11:30,14092,10.4,0.6,100,8062,97.25,17.9
6/11/2026 11:45,14101,10.4,0.6,100,8059,97.28,17.8
6/11/2026 12:00,14113,10.4,0.601,100,8061,97.27,17.6
6/11/2026 12:15,14123,10.4,0.601,100,8057,97.28,17.5
6/11/2026 12:30,14131,10.4,0.601,100,8059,97.29,17.2
6/11/2026 12:45,14144,10.4,0.6,100,8055,97.21,16.9
6/11/2026 13:00,14152,10.4,0.601,100,8057,97.22,16.6
6/11/2026 13:15,14162,10.4,0.601,100,8057,97.19,16.3
6/11/2026 13:30,14170,10.4,0.603,100,8056,97.21,16.3
6/11/2026 13:45,14179,10.4,0.603,100,8055,97.19,16.5
6/11/2026 14:00,14198,10.4,0.601,100,8056,97.16,16.5
6/11/2026 14:15,14402,10.4,0.594,100,8057,97.14,16.8
6/11/2026 14:30,14197,10.4,0.597,100,8058,97.12,17
6/11/2026 14:45,14189,10.5,0.603,100,8063,97.09,17.4
6/11/2026 15:00,14221,10.4,0.601,100,8061,97.07,18
6/11/2026 15:15,14277,10.4,0.597,100,8062,97.1,18.3
6/11/2026 15:30,14147,10.5,0.597,100,8067,97.07,18.7
6/11/2026 15:45,14314,10.5,0.597,100,8098,97.07,20.1
6/11/2026 16:00,14131,10.4,0.596,100,8116,97.07,24
6/11/2026 16:15,14258,10.6,0.598,100,8111,97.12,25
6/11/2026 16:30,14093,10.5,0.596,100,8117,97.21,22.2
6/11/2026 16:45,14290,10.5,0.594,100,8124,97.21,20.4
6/11/2026 17:00,14136,10.5,0.598,100,8121,97.21,19.6
6/11/2026 17:15,14233,10.5,0.596,100,8125,97.24,19
6/11/2026 17:30,14125,10.7,0.603,100,8117,97.28,18.6
6/11/2026 17:45,14136,10.8,0.597,100,8141,97.25,18.7
6/11/2026 18:00,14144,10.7,0.603,100,8164,97.22,21.5
6/11/2026 18:15,14148,10.7,0.6,100,8177,97.24,24.1
6/11/2026 18:30,14154,10.6,0.6,100,8189,97.25,25.7
6/11/2026 18:45,14162,10.6,0.6,100,8186,97.27,25.2
6/11/2026 19:00,14170,10.6,0.597,100,8183,97.28,23.4
6/11/2026 19:15,14179,10.6,0.6,100,8180,97.29,21.6
6/11/2026 19:30,14189,10.6,0.601,100,8174,97.28,20.3
6/11/2026 19:45,14198,10.6,0.596,100,8171,97.28,19.5
6/11/2026 20:00,14207,10.5,0.597,100,8169,97.28,18.9
6/11/2026 20:15,14216,10.5,0.598,100,8164,97.28,18.2
6/11/2026 20:30,14224,10.5,0.597,100,8162,97.27,17.6
6/11/2026 20:45,14230,10.5,0.601,100,8161,97.28,17.1
6/11/2026 21:00,14236,10.5,0.6,100,8163,97.3,16.6
6/11/2026 21:15,14241,10.5,0.598,100,8158,97.32,16.2
6/11/2026 21:30,14245,10.5,0.597,100,8154,97.35,15.9
6/11/2026 21:45,14248,10.5,0.604,100,8155,97.39,15.7
6/11/2026 22:00,14251,10.5,0.6,100,8155,97.43,15.6
6/11/2026 22:15,14253,10.5,0.601,100,8152,97.47,15.4
6/11/2026 22:30,14257,10.5,0.6,100,8152,97.48,15.3
6/11/2026 22:45,14261,10.5,0.597,100,8150,97.48,15.2
6/11/2026 23:00,14264,10.5,0.6,100,8150,97.49,15.2
6/11/2026 23:15,14266,10.5,0.6,100,8148,97.5,15
6/11/2026 23:30,14269,10.5,0.603,100,8147,97.5,14.9
6/11/2026 23:45,14274,10.5,0.596,100,8145,97.5,14.8
6/12/2026 0:00,14278,10.5,0.6,100,8143,97.49,14.8
6/12/2026 0:15,14283,10.5,0.597,100,8136,97.5,15
6/12/2026 0:30,14289,10.5,0.598,100,8138,97.49,14.9
6/12/2026 0:45,14295,10.5,0.6,100,8136,97.49,14.9
6/12/2026 1:00,14302,10.5,0.598,100,8136,97.5,14.9
6/12/2026 1:15,14311,10.5,0.6,100,8134,97.5,14.9
6/12/2026 1:30,14319,10.5,0.603,100,8133,97.51,14.9
6/12/2026 1:45,14328,10.5,0.596,100,8132,97.51,15
6/12/2026 2:00,14339,10.5,0.598,100,8133,97.5,14.8
6/12/2026 2:15,14350,10.5,0.601,100,8130,97.52,14.8
6/12/2026 2:30,14360,10.5,0.6,100,8131,97.54,14.7
6/12/2026 2:45,14370,10.5,0.6,100,8131,97.54,14.8
6/12/2026 3:00,14380,10.5,0.601,100,8129,97.55,14.8
6/12/2026 3:15,14390,10.5,0.598,100,8130,97.55,14.9
6/12/2026 3:30,14400,10.5,0.601,100,8129,97.55,14.9
6/12/2026 3:45,14408,10.5,0.6,100,8127,97.57,14.8
6/12/2026 4:00,14414,10.4,0.6,100,8126,97.59,14.8
6/12/2026 4:15,14419,10.5,0.601,100,8126,97.6,14.7
6/12/2026 4:30,14422,10.4,0.6,100,8123,97.59,14.6
6/12/2026 4:45,14422,10.4,0.6,100,8123,97.6,14.5
6/12/2026 5:00,14419,10.4,0.601,100,8122,97.62,14.4
6/12/2026 5:15,14416,10.4,0.594,100,8123,97.62,14.4
6/12/2026 5:30,14413,10.4,0.6,100,8121,97.62,14.3
6/12/2026 5:45,14409,10.4,0.598,100,8121,97.63,14.2
6/12/2026 6:00,14406,10.4,0.597,100,8122,97.65,14.2
6/12/2026 6:15,14407,10.4,0.603,100,8118,97.66,14.5
6/12/2026 6:30,14408,10.4,0.601,100,8120,97.67,14.7
6/12/2026 6:45,14412,10.4,0.597,100,8118,97.68,14.9
6/12/2026 7:00,14417,10.4,0.603,100,8117,97.68,15.2
6/12/2026 7:15,14422,10.4,0.6,100,8117,97.69,15.5
6/12/2026 7:30,14426,10.4,0.601,100,8115,97.71,16
6/12/2026 7:45,14432,10.4,0.6,100,8116,97.72,16.4
6/12/2026 8:00,14437,10.4,0.598,100,8117,97.72,16.9
6/12/2026 8:15,14442,10.4,0.598,100,8113,97.73,17.4
6/12/2026 8:30,14448,10.4,0.601,100,8114,97.74,18.1
6/12/2026 8:45,14452,10.4,0.6,100,8113,97.76,18.7
6/12/2026 9:00,14457,10.4,0.6,100,8113,97.77,19
6/12/2026 9:15,14461,10.4,0.596,100,8113,97.78,19.3
6/12/2026 9:30,14465,10.4,0.6,100,8112,97.79,19.7
6/12/2026 9:45,14469,10.4,0.598,100,8110,97.79,20.3
6/12/2026 10:00,14465,10.4,0.6,100,8110,97.79,20.6
6/12/2026 10:15,14451,10.4,0.6,100,8108,97.78,21.4
6/12/2026 10:30,14433,10.4,0.601,100,8108,97.79,21.8
6/12/2026 10:45,14414,10.4,0.598,100,8109,97.79,21.8
6/12/2026 11:00,14402,10.4,0.603,100,8107,97.8,22
6/12/2026 11:15,14404,10.4,0.6,100,8104,97.81,22.3
6/12/2026 11:30,14387,10.4,0.603,100,8105,97.81,22.8
6/12/2026 11:45,14449,10.4,0.598,100,8116,97.81,23.4
6/12/2026 12:00,14438,10.5,0.598,100,8133,97.81,25.1
6/12/2026 12:15,14622,10.4,0.594,100,8148,97.81,25.8
6/12/2026 12:30,14475,10.5,0.6,100,8171,97.81,26.5
6/12/2026 12:45,14589,10.4,0.596,100,8180,97.81,27.1
6/12/2026 13:00,14554,10.6,0.598,100,8199,97.81,27.6
6/12/2026 13:15,14573,10.4,0.593,100,8213,97.8,27.9
6/12/2026 13:30,14598,10.6,0.597,100,8226,97.8,28.4
6/12/2026 13:45,14707,10.3,0.59,100,8242,97.78,29.5
6/12/2026 14:00,14545,10.4,0.598,100,8256,97.77,30.5
6/12/2026 14:15,14658,10.5,0.597,100,8263,97.77,31.1
6/12/2026 14:30,14716,10.3,0.592,100,8275,97.77,31.3
6/12/2026 14:45,14679,10.3,0.594,100,8279,97.76,31.8
6/12/2026 15:00,14489,10.5,0.601,100,8286,97.75,32.4
6/12/2026 15:15,14670,10.4,0.593,100,8290,97.75,33.5
6/12/2026 15:30,14642,10.3,0.593,100,8294,97.74,34.2
6/12/2026 15:45,14400,10.5,0.6,100,8292,97.73,34.8
6/12/2026 16:00,14614,10.4,0.594,100,8291,97.72,35.5
6/12/2026 16:15,14408,10.6,0.596,100,8290,97.72,35.6
6/12/2026 16:30,14541,10.6,0.597,100,8288,97.71,35.8
6/12/2026 16:45,14492,10.7,0.601,100,8284,97.69,35.5
6/12/2026 17:00,14666,10.4,0.592,100,8281,97.66,36.2
6/12/2026 17:15,14669,10.3,0.594,100,8278,97.64,37.6
6/12/2026 17:30,14662,10.3,0.597,100,8272,97.61,38
6/12/2026 17:45,14590,10.3,0.6,100,8265,97.6,38.4
6/12/2026 18:00,14413,10.6,0.601,100,8256,97.59,38.6
6/12/2026 18:15,14404,10.8,0.603,100,8251,97.58,38.4
6/12/2026 18:30,14393,10.9,0.598,100,8244,97.58,38.4
6/12/2026 18:45,14475,10.8,0.601,100,8228,97.58,37.5
6/12/2026 19:00,14368,10.8,0.604,100,8216,97.58,35.1
6/12/2026 19:15,14591,10.6,0.593,100,8205,97.58,32.8
6/12/2026 19:30,14547,10.4,0.592,100,8196,97.53,30.9
6/12/2026 19:45,14428,10.7,0.6,100,8189,97.5,29.3
6/12/2026 20:00,14623,10.4,0.59,100,8184,97.48,27.8
6/12/2026 20:15,14631,10.3,0.593,100,8178,97.52,26.8
6/12/2026 20:30,14433,10.6,0.597,100,8174,97.54,25.5
6/12/2026 20:45,14643,10.5,0.594,100,8172,97.57,24.3
6/12/2026 21:00,14667,10.3,0.592,100,8167,97.54,22.8
6/12/2026 21:15,14556,10.4,0.597,100,8164,97.53,21.9
6/12/2026 21:30,14587,10.6,0.6,100,8161,97.54,21.3
6/12/2026 21:45,14694,10.3,0.59,100,8159,97.58,20.9
6/12/2026 22:00,14664,10.3,0.596,100,8158,97.7,20.6
6/12/2026 22:15,14507,10.6,0.603,100,8157,97.76,20.2
6/12/2026 22:30,14709,10.4,0.592,100,8154,97.73,19.8
6/12/2026 22:45,14711,10.3,0.593,100,8152,97.72,19.5
6/12/2026 23:00,14540,10.5,0.6,100,8152,97.72,19.2
6/12/2026 23:15,14682,10.5,0.597,100,8149,97.76,19
6/12/2026 23:30,14724,10.3,0.592,100,8149,97.82,18.8
6/12/2026 23:45,14625,10.4,0.598,100,8148,97.81,18.5
6/13/2026 0:00,14524,10.8,0.604,100,8145,97.76,17.9
6/13/2026 0:15,14590,10.9,0.603,100,8142,97.79,17.6
6/13/2026 0:30,14630,10.5,0.596,100,8141,97.84,17.4
6/13/2026 0:45,14530,10.9,0.603,100,8141,97.81,17.2
6/13/2026 1:00,14726,10.6,0.592,100,8140,97.79,17
6/13/2026 1:15,14711,10.3,0.592,100,8139,97.8,17
6/13/2026 1:30,14688,10.3,0.596,100,8138,97.79,16.9
6/13/2026 1:45,14670,10.3,0.597,100,8136,97.73,16.8
6/13/2026 2:00,14661,10.3,0.597,100,8135,97.72,16.7
6/13/2026 2:15,14655,10.3,0.598,100,8135,97.74,16.6
6/13/2026 2:30,14657,10.3,0.598,100,8131,97.68,16.5
6/13/2026 2:45,14660,10.3,0.598,100,8130,97.65,16.4
6/13/2026 3:00,14665,10.3,0.598,100,8133,97.62,16.2
6/13/2026 3:15,14671,10.3,0.6,100,8130,97.61,16.1
6/13/2026 3:30,14680,10.3,0.6,100,8129,97.61,16
6/13/2026 3:45,14688,10.3,0.6,100,8130,97.62,16
6/13/2026 4:00,14695,10.3,0.6,100,8128,97.63,15.9
6/13/2026 4:15,14703,10.3,0.6,100,8129,97.65,15.9
6/13/2026 4:30,14709,10.3,0.6,100,8127,97.66,15.8
6/13/2026 4:45,14718,10.3,0.6,100,8126,97.65,15.8
6/13/2026 5:00,14725,10.3,0.6,100,8124,97.68,15.7
6/13/2026 5:15,14733,10.3,0.601,100,8123,97.69,15.6
6/13/2026 5:30,14742,10.3,0.6,100,8125,97.72,15.6
6/13/2026 5:45,14752,10.3,0.601,100,8123,97.73,15.6
6/13/2026 6:00,14762,10.3,0.601,100,8121,97.74,15.5
6/13/2026 6:15,14773,10.3,0.601,100,8121,97.73,15.5
6/13/2026 6:30,14783,10.3,0.601,100,8120,97.72,15.5
6/13/2026 6:45,14790,10.3,0.601,100,8118,97.75,15.6
6/13/2026 7:00,14798,10.3,0.6,100,8121,97.76,15.8
6/13/2026 7:15,14806,10.3,0.601,100,8121,97.74,16.1
6/13/2026 7:30,14814,10.3,0.601,100,8118,97.75,16.4
6/13/2026 7:45,14820,10.3,0.601,100,8120,97.75,16.6
6/13/2026 8:00,14826,10.3,0.601,100,8117,97.76,16.8
6/13/2026 8:15,14832,10.3,0.601,100,8117,97.77,17
6/13/2026 8:30,14832,10.3,0.601,100,8117,97.82,17.7
6/13/2026 8:45,14823,10.3,0.601,100,8116,97.81,18
6/13/2026 9:00,14811,10.3,0.6,100,8116,97.77,18.3
6/13/2026 9:15,14796,10.3,0.6,100,8114,97.76,18.6
6/13/2026 9:30,14782,10.3,0.6,100,8115,97.77,19
6/13/2026 9:45,14777,10.3,0.6,100,8117,97.78,19.6
6/13/2026 10:00,14782,10.3,0.6,100,8116,97.79,20
6/13/2026 10:15,14791,10.3,0.6,100,8113,97.8,20.4
6/13/2026 10:30,14798,10.3,0.6,100,8115,97.82,20.9
6/13/2026 10:45,14806,10.3,0.601,100,8115,97.86,20.9
6/13/2026 11:00,14723,10.3,0.604,100,8117,97.88,21.2
6/13/2026 11:15,14604,10.4,0.607,100,8114,97.88,21.5
6/13/2026 11:30,14631,10.5,0.607,100,8117,97.89,22
6/13/2026 11:45,14716,10.5,0.6,100,8126,97.9,22.7
6/13/2026 12:00,14853,10.3,0.59,100,8140,97.9,24.2
6/13/2026 12:15,14663,10.4,0.596,100,8159,97.9,24.9
6/13/2026 12:30,14839,10.4,0.592,100,8171,97.9,25.6
6/13/2026 12:45,14867,10.3,0.592,100,8192,97.9,26.3
6/13/2026 13:00,14867,10.3,0.597,100,8205,97.9,26.8
6/13/2026 13:15,14660,10.4,0.601,100,8220,97.89,27
6/13/2026 13:30,14856,10.4,0.592,100,8235,97.87,27.3
6/13/2026 13:45,14865,10.3,0.592,100,8252,97.84,28
6/13/2026 14:00,14862,10.3,0.597,100,8265,97.82,28.9
6/13/2026 14:15,14860,10.3,0.598,100,8278,97.77,29.4
6/13/2026 14:30,14861,10.3,0.598,100,8286,97.74,29.7
6/13/2026 14:45,14862,10.3,0.598,100,8295,97.74,29.9
6/13/2026 15:00,14864,10.3,0.598,100,8305,97.75,30.5
6/13/2026 15:15,14866,10.3,0.6,100,8307,97.79,30.8
6/13/2026 15:30,14871,10.3,0.6,100,8315,97.79,31.4
6/13/2026 15:45,14878,10.3,0.6,100,8319,97.79,32
6/13/2026 16:00,14840,10.3,0.6,100,8319,97.79,32.3
6/13/2026 16:15,14719,10.4,0.604,100,8319,97.77,32.8
6/13/2026 16:30,14897,10.3,0.59,100,8315,97.76,33.5
6/13/2026 16:45,14882,10.3,0.596,100,8316,97.77,33.6
6/13/2026 17:00,14868,10.3,0.598,100,8314,97.77,33.7
6/13/2026 17:15,14852,10.3,0.598,100,8312,97.79,33.6
6/13/2026 17:30,14835,10.3,0.598,100,8308,97.81,33.5
6/13/2026 17:45,14821,10.3,0.598,100,8304,97.82,33.2
6/13/2026 18:00,14807,10.3,0.598,100,8299,97.85,32.8
6/13/2026 18:15,14795,10.3,0.598,100,8295,97.87,32.3
6/13/2026 18:30,14787,10.3,0.598,100,8284,97.89,30.8
6/13/2026 18:45,14791,10.3,0.598,100,8277,97.92,29
6/13/2026 19:00,14755,10.3,0.6,100,8266,97.93,27.2
6/13/2026 19:15,14639,10.4,0.603,100,8260,97.93,25.5
6/13/2026 19:30,14832,10.3,0.59,100,8255,97.93,24.2
6/13/2026 19:45,14842,10.3,0.594,100,8249,97.92,23.3
6/13/2026 20:00,14854,10.3,0.598,100,8243,97.9,22.5
6/13/2026 20:15,14864,10.3,0.598,100,8243,97.9,21.9
6/13/2026 20:30,14874,10.3,0.598,100,8238,97.89,21.4
6/13/2026 20:45,14883,10.3,0.598,100,8234,97.89,21
6/13/2026 21:00,14891,10.3,0.6,100,8236,97.89,20.6
6/13/2026 21:15,14897,10.3,0.6,100,8231,97.92,20
6/13/2026 21:30,14902,10.3,0.6,100,8228,97.97,19.6
6/13/2026 21:45,14907,10.3,0.6,100,8221,97.99,19.1
6/13/2026 22:00,14913,10.3,0.6,100,8222,98,18.7
6/13/2026 22:15,14917,10.3,0.6,100,8222,98.03,18.3
6/13/2026 22:30,14922,10.3,0.6,100,8218,98.05,17.9
6/13/2026 22:45,14926,10.3,0.6,100,8217,98.07,17.5
6/13/2026 23:00,14930,10.3,0.6,100,8212,98.08,17.1
6/13/2026 23:15,14935,10.3,0.6,100,8213,98.07,16.7
6/13/2026 23:30,14941,10.3,0.6,100,8212,98.05,16.3
6/13/2026 23:45,14947,10.3,0.601,100,8209,98.03,16
6/14/2026 0:00,14949,10.3,0.601,100,8206,98.02,15.7
6/14/2026 0:15,14946,10.3,0.601,100,8201,98.01,15.7
6/14/2026 0:30,14936,10.3,0.6,100,8204,98.02,15.6
6/14/2026 0:45,14919,10.3,0.6,100,8199,98.03,15.7
6/14/2026 1:00,14896,10.3,0.6,100,8201,98.05,15.8
6/14/2026 1:15,14872,10.3,0.6,100,8198,98.04,15.8
6/14/2026 1:30,14846,10.3,0.601,100,8199,98.03,15.9
6/14/2026 1:45,14817,10.3,0.601,100,8197,98.04,15.9
6/14/2026 2:00,14788,10.3,0.601,100,8196,98.03,15.9
6/14/2026 2:15,14748,10.3,0.6,100,8194,98.03,15.9
6/14/2026 2:30,14706,10.3,0.601,100,8195,98.05,15.9
6/14/2026 2:45,14667,10.3,0.6,100,8192,98.06,15.8
6/14/2026 3:00,14631,10.3,0.601,100,8190,98.06,15.8
6/14/2026 3:15,14608,10.3,0.6,100,8190,98.06,15.7
6/14/2026 3:30,14594,10.3,0.601,100,8189,98.06,15.6
6/14/2026 3:45,14585,10.3,0.601,100,8186,98.05,15.6
6/14/2026 4:00,14580,10.3,0.601,100,8185,98.05,15.5
6/14/2026 4:15,14515,10.3,0.6,100,8185,98.05,15.4
6/14/2026 4:30,14352,10.4,0.61,100,8183,98.06,15.4
6/14/2026 4:45,14352,10.4,0.603,100,8183,98.06,15.3
6/14/2026 5:00,14351,10.4,0.603,100,8182,98.06,15.2
6/14/2026 5:15,14350,10.4,0.6,100,8182,98.05,15.2
6/14/2026 5:30,14348,10.4,0.594,100,8178,98.07,15.1
6/14/2026 5:45,14346,10.4,0.603,100,8180,98.09,15.1
6/14/2026 6:00,14345,10.4,0.598,100,8180,98.1,15
6/14/2026 6:15,14343,10.4,0.6,100,8176,98.11,15
6/14/2026 6:30,14339,10.4,0.601,100,8175,98.12,14.9
6/14/2026 6:45,14335,10.5,0.603,100,8174,98.14,14.9
6/14/2026 7:00,14329,10.4,0.598,100,8174,98.17,14.8
6/14/2026 7:15,14323,10.4,0.604,100,8174,98.19,14.8
6/14/2026 7:30,14316,10.4,0.603,100,8173,98.21,14.6
6/14/2026 7:45,14311,10.4,0.604,100,8172,98.22,14.6
6/14/2026 8:00,14304,10.4,0.601,100,8171,98.24,14.5
6/14/2026 8:15,14299,10.5,0.601,100,8170,98.26,14.4
6/14/2026 8:30,14293,10.5,0.597,100,8166,98.27,15.1
6/14/2026 8:45,14288,10.5,0.6,100,8168,98.28,15
6/14/2026 9:00,14284,10.4,0.601,100,8167,98.28,14.9
6/14/2026 9:15,14278,10.5,0.604,100,8167,98.29,14.9
6/14/2026 9:30,14272,10.4,0.6,100,8167,98.29,15.1
6/14/2026 9:45,14266,10.4,0.601,100,8166,98.29,15.3
6/14/2026 10:00,14257,10.5,0.6,100,8166,98.29,15.7
6/14/2026 10:15,14247,10.5,0.601,100,8167,98.29,16.3
6/14/2026 10:30,14237,10.5,0.597,100,8167,98.3,16.7
6/14/2026 10:45,14226,10.4,0.598,100,8169,98.31,16.9
6/14/2026 11:00,14212,10.4,0.601,100,8169,98.31,16.9
6/14/2026 11:15,14189,10.4,0.601,100,8170,98.31,17.2
6/14/2026 11:30,14163,10.4,0.601,100,8172,98.33,17.8
6/14/2026 11:45,14141,10.4,0.6,100,8177,98.34,18.1
6/14/2026 12:00,14131,10.4,0.596,100,8196,98.37,19.4
6/14/2026 12:15,14131,10.4,0.601,100,8215,98.39,20.5
6/14/2026 12:30,14137,10.4,0.594,100,8230,98.4,21.8
6/14/2026 12:45,14145,10.4,0.6,100,8245,98.4,22.6
6/14/2026 13:00,14324,10.4,0.597,100,8260,98.39,23
6/14/2026 13:15,14370,10.4,0.592,100,8279,98.37,23.7
6/14/2026 13:30,14206,10.4,0.592,100,8294,98.36,24.6
6/14/2026 13:45,14345,10.4,0.596,100,8300,98.35,25
6/14/2026 14:00,14390,10.3,0.592,100,8311,98.34,25.4
6/14/2026 14:15,14394,10.3,0.596,100,8324,98.33,26.2
6/14/2026 14:30,14397,10.3,0.598,100,8335,98.32,26.6
6/14/2026 14:45,14402,10.3,0.598,100,8343,98.3,27.7
6/14/2026 15:00,14406,10.3,0.598,100,8349,98.29,28.7
6/14/2026 15:15,14409,10.3,0.598,100,8352,98.27,29.5
6/14/2026 15:30,14412,10.3,0.598,100,8354,98.26,30.3
6/14/2026 15:45,14414,10.3,0.6,100,8354,98.26,31.3
6/14/2026 16:00,14418,10.3,0.6,100,8353,98.24,32
6/14/2026 16:15,14335,10.3,0.6,100,8351,98.24,32.5
6/14/2026 16:30,14216,10.4,0.607,100,8348,98.23,32.8
6/14/2026 16:45,14223,10.5,0.608,100,8342,98.22,33
6/14/2026 17:00,14229,10.5,0.603,100,8340,98.2,33.5
6/14/2026 17:15,14234,10.5,0.6,100,8334,98.18,33.6
6/14/2026 17:30,14238,10.6,0.604,100,8329,98.18,33.5
6/14/2026 17:45,14243,10.5,0.604,100,8326,98.17,33.7
6/14/2026 18:00,14246,10.6,0.605,100,8319,98.17,33.9
6/14/2026 18:15,14251,10.5,0.603,100,8313,98.17,33.6
6/14/2026 18:30,14254,10.6,0.597,100,8308,98.16,32.6
6/14/2026 18:45,14258,10.6,0.6,100,8294,98.15,31.7
6/14/2026 19:00,14261,10.6,0.597,100,8281,98.15,29.4
6/14/2026 19:15,14264,10.6,0.6,100,8274,98.15,27.1
6/14/2026 19:30,14268,10.6,0.598,100,8265,98.15,25.4
6/14/2026 19:45,14271,10.5,0.601,100,8261,98.15,23.9
6/14/2026 20:00,14274,10.5,0.601,100,8257,98.15,22.8
6/14/2026 20:15,14275,10.6,0.601,100,8252,98.14,22
6/14/2026 20:30,14274,10.6,0.601,100,8247,98.15,21.3
6/14/2026 20:45,14270,10.6,0.597,100,8245,98.16,20.6
6/14/2026 21:00,14264,10.6,0.6,100,8240,98.17,20
6/14/2026 21:15,14252,10.6,0.598,100,8238,98.17,19.4
6/14/2026 21:30,14227,10.6,0.6,100,8237,98.19,18.7
6/14/2026 21:45,14268,10.6,0.597,100,8234,98.2,18.2
6/14/2026 22:00,14261,10.4,0.594,100,8232,98.2,17.7
6/14/2026 22:15,14134,10.6,0.593,100,8228,98.19,17.2
6/14/2026 22:30,14108,10.6,0.597,100,8228,98.2,16.6
6/14/2026 22:45,14084,10.6,0.6,100,8225,98.21,16.2
6/14/2026 23:00,14063,10.6,0.603,100,8226,98.21,15.8
6/14/2026 23:15,14045,10.6,0.598,100,8224,98.21,15.4
6/14/2026 23:30,14036,10.5,0.598,100,8221,98.2,15
6/14/2026 23:45,14039,10.5,0.596,100,8219,98.19,14.6
6/15/2026 0:00,14047,10.5,0.6,100,8219,98.19,14.3
6/15/2026 0:15,14056,10.5,0.6,100,8215,98.19,14.1
6/15/2026 0:30,14067,10.5,0.596,100,8215,98.19,13.8
6/15/2026 0:45,14081,10.5,0.597,100,8213,98.18,13.5
6/15/2026 1:00,14094,10.5,0.6,100,8212,98.17,13.3
6/15/2026 1:15,14108,10.5,0.601,100,8208,98.17,13.1
6/15/2026 1:30,14122,10.5,0.6,100,8209,98.17,12.9
6/15/2026 1:45,14135,10.5,0.601,100,8208,98.16,12.7
6/15/2026 2:00,14146,10.5,0.601,100,8207,98.16,12.6
6/15/2026 2:15,14157,10.5,0.6,100,8205,98.14,12.4
6/15/2026 2:30,14167,10.5,0.598,100,8205,98.13,12.2
6/15/2026 2:45,14176,10.5,0.597,100,8203,98.12,12.1
6/15/2026 3:00,14183,10.5,0.598,100,8203,98.12,11.9
6/15/2026 3:15,14190,10.5,0.601,100,8202,98.12,11.8
6/15/2026 3:30,14196,10.5,0.603,100,8202,98.12,11.6
6/15/2026 3:45,14201,10.5,0.6,100,8201,98.11,11.4
6/15/2026 4:00,14208,10.5,0.603,100,8199,98.1,11.3
6/15/2026 4:15,14213,10.5,0.6,100,8199,98.09,11.1
6/15/2026 4:30,14218,10.5,0.601,100,8199,98.08,11
6/15/2026 4:45,14223,10.5,0.603,100,8199,98.08,10.9
6/15/2026 5:00,14226,10.5,0.598,100,8198,98.08,10.8
6/15/2026 5:15,14231,10.5,0.6,100,8196,98.07,10.7
6/15/2026 5:30,14236,10.5,0.601,100,8196,98.06,10.6
6/15/2026 5:45,14241,10.5,0.597,100,8196,98.06,10.5
6/15/2026 6:00,14245,10.5,0.597,100,8193,98.06,10.5
6/15/2026 6:15,14250,10.5,0.6,100,8192,98.06,10.5
6/15/2026 6:30,14253,10.5,0.603,100,8193,98.07,10.6
6/15/2026 6:45,14254,10.5,0.603,100,8192,98.07,10.8
6/15/2026 7:00,14254,10.5,0.601,100,8190,98.08,11.2
6/15/2026 7:15,14253,10.5,0.6,100,8191,98.09,11.6
6/15/2026 7:30,14251,10.5,0.597,100,8190,98.08,12.2
6/15/2026 7:45,14247,10.5,0.604,100,8186,98.08,12.8
6/15/2026 8:00,14243,10.5,0.601,100,8189,98.08,13.6
6/15/2026 8:15,14241,10.5,0.597,100,8188,98.07,14.4
6/15/2026 8:30,14240,10.5,0.601,100,8187,98.07,15.4
6/15/2026 8:45,14240,10.5,0.6,100,8189,98.06,16.4
6/15/2026 9:00,14240,10.5,0.6,100,8190,98.05,17.1
6/15/2026 9:15,14240,10.5,0.6,100,8192,98.04,17.9
6/15/2026 9:30,14241,10.5,0.601,100,8193,98.03,18.8
6/15/2026 9:45,14240,10.5,0.601,100,8193,98.04,19.4
6/15/2026 10:00,14239,10.5,0.605,100,8193,98.03,20
6/15/2026 10:15,14242,10.5,0.603,100,8197,98.01,20.6
6/15/2026 10:30,14243,10.5,0.598,100,8194,98,21.1
6/15/2026 10:45,14244,10.5,0.597,100,8195,97.99,21.6
6/15/2026 11:00,14247,10.5,0.6,100,8196,97.97,22.2
6/15/2026 11:15,14251,10.5,0.6,100,8198,97.96,22.6
6/15/2026 11:30,14256,10.5,0.603,100,8200,97.95,23
6/15/2026 11:45,14260,10.5,0.601,100,8205,97.95,23.5
6/15/2026 12:00,14251,10.5,0.598,100,8219,97.93,25.2
6/15/2026 12:15,14239,10.5,0.603,100,8231,97.91,26.4
6/15/2026 12:30,14227,10.5,0.598,100,8240,97.89,26.9
6/15/2026 12:45,14220,10.5,0.6,100,8253,97.87,27.6
6/15/2026 13:00,14227,10.4,0.6,100,8263,97.85,28.7
6/15/2026 13:15,14240,10.4,0.601,100,8272,97.83,29.1
6/15/2026 13:30,14313,10.4,0.601,100,8275,97.81,29.8
6/15/2026 13:45,14340,10.4,0.596,100,8287,97.79,29.9
6/15/2026 14:00,14284,10.6,0.603,100,8291,97.77,30.6
6/15/2026 14:15,14441,10.6,0.6,100,8300,97.75,31.1
6/15/2026 14:30,14383,10.4,0.596,100,8307,97.72,32
6/15/2026 14:45,14342,10.6,0.597,100,8311,97.71,33.2
6/15/2026 15:00,14474,10.6,0.598,100,8316,97.69,34.4
6/15/2026 15:15,14569,10.4,0.59,100,8313,97.67,35
6/15/2026 15:30,14579,10.3,0.596,100,8312,97.65,35.2
6/15/2026 15:45,14591,10.3,0.597,100,8310,97.63,35.8
6/15/2026 16:00,14603,10.3,0.598,100,8302,97.6,35.8
6/15/2026 16:15,14614,10.3,0.598,100,8294,97.58,35.7
6/15/2026 16:30,14624,10.3,0.598,100,8288,97.57,34
6/15/2026 16:45,14636,10.3,0.598,100,8293,97.54,34.5
6/15/2026 17:00,14647,10.3,0.6,100,8288,97.51,36.1
6/15/2026 17:15,14658,10.3,0.6,100,8272,97.49,35
6/15/2026 17:30,14668,10.3,0.6,100,8278,97.46,33.6
6/15/2026 17:45,14676,10.3,0.6,100,8281,97.44,35.2
6/15/2026 18:00,14680,10.3,0.6,100,8274,97.42,35.2
6/15/2026 18:15,14682,10.3,0.6,100,8270,97.41,35.3
6/15/2026 18:30,14681,10.3,0.601,100,8259,97.39,34.7
6/15/2026 18:45,14678,10.3,0.601,100,8251,97.37,33
6/15/2026 19:00,14672,10.3,0.601,100,8240,97.35,31.6
6/15/2026 19:15,14666,10.3,0.601,100,8232,97.33,29.9
6/15/2026 19:30,14658,10.3,0.601,100,8225,97.31,28.1
6/15/2026 19:45,14652,10.3,0.601,100,8219,97.3,26.8
6/15/2026 20:00,14646,10.3,0.601,100,8213,97.29,25.7
6/15/2026 20:15,14641,10.3,0.601,100,8208,97.26,24.7
6/15/2026 20:30,14633,10.3,0.601,100,8204,97.3,23.8
6/15/2026 20:45,14627,10.3,0.601,100,8201,97.33,22.9
6/15/2026 21:00,14612,10.3,0.601,100,8200,97.49,21.1
6/15/2026 21:15,14608,10.3,0.601,100,8196,97.48,18.8
6/15/2026 21:30,14610,10.3,0.601,100,8192,97.38,17.5
6/15/2026 21:45,14606,10.3,0.601,100,8190,97.37,16.7
6/15/2026 22:00,14604,10.3,0.601,100,8190,97.36,16.2
6/15/2026 22:15,14597,10.3,0.601,100,8188,97.35,15.9
6/15/2026 22:30,14584,10.3,0.601,100,8187,97.26,15.8
6/15/2026 22:45,14563,10.3,0.601,100,8184,97.25,15.7
6/15/2026 23:00,14541,10.3,0.601,100,8185,97.26,15.6
6/15/2026 23:15,14523,10.3,0.601,100,8183,97.25,15.5
6/15/2026 23:30,14507,10.3,0.6,100,8180,97.24,15.5
6/15/2026 23:45,14494,10.3,0.6,100,8180,97.24,15.4
6/16/2026 0:00,14496,10.3,0.6,100,8180,97.25,15.4
6/16/2026 0:15,14505,10.3,0.601,100,8174,97.25,15.5
6/16/2026 0:30,14516,10.3,0.601,100,8172,97.24,15.6
6/16/2026 0:45,14526,10.3,0.601,100,8173,97.24,15.7
6/16/2026 1:00,14535,10.3,0.601,100,8169,97.22,15.8
6/16/2026 1:15,14540,10.3,0.601,100,8171,97.2,15.9
6/16/2026 1:30,14542,10.3,0.601,100,8171,97.19,15.8
6/16/2026 1:45,14540,10.3,0.601,100,8169,97.18,15.8
6/16/2026 2:00,14539,10.3,0.601,100,8169,97.13,15.8
6/16/2026 2:15,14538,10.3,0.601,100,8166,97.07,15.3
6/16/2026 2:30,14531,10.3,0.603,100,8168,97.1,15
6/16/2026 2:45,14525,10.3,0.603,100,8164,97.1,15
6/16/2026 3:00,14519,10.3,0.603,100,8164,97.09,15
6/16/2026 3:15,14413,10.3,0.603,100,8163,97.07,15
6/16/2026 3:30,14299,10.4,0.607,100,8162,97.06,14.8
6/16/2026 3:45,14295,10.4,0.605,100,8161,97.06,14.6
6/16/2026 4:00,14291,10.4,0.604,100,8161,97.05,14.4
6/16/2026 4:15,14285,10.4,0.604,100,8160,97.03,14.4
6/16/2026 4:30,14292,10.4,0.603,100,8158,97.02,14.4
6/16/2026 4:45,14271,10.4,0.605,100,8160,97.01,14.4
6/16/2026 5:00,14264,10.4,0.603,100,8156,97,14.4
6/16/2026 5:15,14256,10.4,0.603,100,8157,97,14.4
6/16/2026 5:30,14249,10.4,0.601,100,8157,96.98,14.4
6/16/2026 5:45,14241,10.4,0.601,100,8158,96.98,14.2
6/16/2026 6:00,14233,10.4,0.598,100,8158,96.99,14.1
6/16/2026 6:15,14221,10.4,0.6,100,8155,97,14
6/16/2026 6:30,14196,10.4,0.603,100,8155,97.01,13.7
6/16/2026 6:45,14168,10.4,0.603,100,8150,97.01,13.5
6/16/2026 7:00,14152,10.4,0.597,100,8152,97.01,13.2
6/16/2026 7:15,14110,10.4,0.603,100,8151,97.02,12.9
6/16/2026 7:30,14084,10.4,0.6,100,8151,97.02,12.7
6/16/2026 7:45,14057,10.4,0.597,100,8149,97.04,12.7
6/16/2026 8:00,14037,10.4,0.598,100,8148,97.05,12.6
6/16/2026 8:15,14030,10.4,0.601,100,8147,97.07,12.5
6/16/2026 8:30,14027,10.4,0.597,100,8147,97.08,12.6
6/16/2026 8:45,14025,10.4,0.596,100,8150,97.08,12.9
6/16/2026 9:00,14023,10.4,0.6,100,8149,97.1,13.3
6/16/2026 9:15,14021,10.4,0.598,100,8149,97.11,13.8
6/16/2026 9:30,14017,10.4,0.601,100,8150,97.13,14.1
6/16/2026 9:45,14013,10.4,0.6,100,8149,97.14,14.2
6/16/2026 10:00,14009,10.4,0.597,100,8152,97.15,14.3
6/16/2026 10:15,14006,10.4,0.601,100,8152,97.15,14.5
6/16/2026 10:30,14002,10.4,0.603,100,8152,97.14,14.8
6/16/2026 10:45,13998,10.4,0.597,100,8157,97.15,15.5
6/16/2026 11:00,13994,10.4,0.6,100,8164,97.15,16.3
6/16/2026 11:15,13989,10.4,0.601,100,8169,97.16,17.2
6/16/2026 11:30,13985,10.4,0.601,100,8171,97.16,18
6/16/2026 11:45,13982,10.4,0.596,100,8173,97.16,18.5
6/16/2026 12:00,13981,10.4,0.598,100,8190,97.15,19.3
6/16/2026 12:15,13983,10.4,0.603,100,8206,97.14,20.9
6/16/2026 12:30,13987,10.4,0.601,100,8221,97.14,21.9
6/16/2026 12:45,13996,10.4,0.6,100,8231,97.14,22.4
6/16/2026 13:00,14007,10.4,0.596,100,8231,97.15,22.6
6/16/2026 13:15,14017,10.4,0.6,100,8246,97.15,22.5
6/16/2026 13:30,14031,10.4,0.597,100,8262,97.14,23.7
6/16/2026 13:45,14045,10.4,0.597,100,8281,97.13,25.1
6/16/2026 14:00,14058,10.4,0.598,100,8296,97.13,26.4
6/16/2026 14:15,14069,10.4,0.598,100,8300,97.12,27.2
6/16/2026 14:30,14082,10.4,0.598,100,8309,97.1,28.1
6/16/2026 14:45,14095,10.4,0.598,100,8319,97.09,28.2
6/16/2026 15:00,14105,10.4,0.597,100,8326,97.1,29.1
6/16/2026 15:15,14115,10.4,0.6,100,8329,97.1,29.8
6/16/2026 15:30,14126,10.4,0.6,100,8330,97.09,30.5
6/16/2026 15:45,14137,10.4,0.598,100,8334,97.08,30.7
6/16/2026 16:00,14147,10.4,0.598,100,8336,97.07,31.4
6/16/2026 16:15,14158,10.4,0.601,100,8339,97.06,32.2
6/16/2026 16:30,14168,10.4,0.6,100,8338,97.06,32.8
6/16/2026 16:45,14179,10.4,0.598,100,8333,97.05,33.1
6/16/2026 17:00,14190,10.4,0.596,100,8331,97.04,33.3
6/16/2026 17:15,14200,10.4,0.601,100,8326,97.03,34.1
6/16/2026 17:30,14212,10.4,0.596,100,8323,97.02,34.3
6/16/2026 17:45,14224,10.4,0.598,100,8316,97.01,34.3
6/16/2026 18:00,14235,10.4,0.598,100,8312,97,34.1
6/16/2026 18:15,14243,10.4,0.598,100,8306,96.99,34.3
6/16/2026 18:30,14248,10.4,0.604,100,8297,96.98,34.1
6/16/2026 18:45,14251,10.4,0.598,100,8284,96.97,33
6/16/2026 19:00,14252,10.4,0.597,100,8274,96.97,30.9
6/16/2026 19:15,14252,10.4,0.6,100,8264,96.96,28.6
6/16/2026 19:30,14252,10.4,0.603,100,8255,96.96,26.5
6/16/2026 19:45,14252,10.4,0.597,100,8251,96.95,25.1
6/16/2026 20:00,14254,10.4,0.597,100,8245,96.94,24
6/16/2026 20:15,14259,10.4,0.598,100,8239,96.93,23.1
6/16/2026 20:30,14265,10.4,0.6,100,8233,96.92,22.2
6/16/2026 20:45,14263,10.4,0.604,100,8232,96.9,21.3
6/16/2026 21:00,14251,10.4,0.598,100,8229,96.9,20.6
6/16/2026 21:15,14236,10.4,0.6,100,8228,96.89,20
6/16/2026 21:30,14222,10.4,0.603,100,8222,96.9,19.6
6/16/2026 21:45,14208,10.4,0.6,100,8222,96.9,19.3
6/16/2026 22:00,14198,10.4,0.598,100,8219,96.9,19
6/16/2026 22:15,14202,10.4,0.601,100,8216,96.91,18.7
6/16/2026 22:30,14213,10.4,0.6,100,8218,96.91,18.6
6/16/2026 22:45,14228,10.4,0.6,100,8215,96.87,18.4
6/16/2026 23:00,14242,10.4,0.601,100,8210,96.85,18.3
6/16/2026 23:15,14254,10.4,0.596,100,8208,96.85,18.3
6/16/2026 23:30,14266,10.4,0.605,100,8209,96.83,18.4
6/16/2026 23:45,14277,10.4,0.601,100,8208,96.82,18.4
6/17/2026 0:00,14288,10.4,0.601,100,8205,96.83,18.3
6/17/2026 0:15,14300,10.4,0.597,100,8200,96.8,18.2
6/17/2026 0:30,14308,10.4,0.604,100,8200,96.82,17.7
6/17/2026 0:45,14316,10.4,0.6,100,8199,96.83,17.1
6/17/2026 1:00,14326,10.4,0.598,100,8196,96.81,16.8
6/17/2026 1:15,14333,10.4,0.601,100,8196,96.78,16.7
6/17/2026 1:30,14339,10.4,0.601,100,8195,96.76,16.6
6/17/2026 1:45,14346,10.4,0.598,100,8196,96.71,16.6
6/17/2026 2:00,14351,10.4,0.598,100,8192,96.69,16.5
6/17/2026 2:15,14355,10.4,0.601,100,8191,96.67,16.6
6/17/2026 2:30,14356,10.4,0.598,100,8192,96.69,16.6
6/17/2026 2:45,14358,10.4,0.598,100,8189,96.68,16.6
6/17/2026 3:00,14362,10.4,0.601,100,8188,96.65,16.3
6/17/2026 3:15,14366,10.4,0.596,100,8186,96.63,16
6/17/2026 3:30,14372,10.4,0.603,100,8184,96.61,15.6
6/17/2026 3:45,14381,10.4,0.601,100,8185,96.58,15
6/17/2026 4:00,14393,10.4,0.598,100,8183,96.53,14.4
6/17/2026 4:15,14406,10.4,0.601,100,8181,96.49,13.9
6/17/2026 4:30,14419,10.4,0.598,100,8178,96.45,13.7
6/17/2026 4:45,14432,10.4,0.6,100,8178,96.41,13.6
6/17/2026 5:00,14446,10.4,0.6,100,8177,96.35,13.5
6/17/2026 5:15,14457,10.4,0.597,100,8179,96.33,13.5
6/17/2026 5:30,14468,10.4,0.598,100,8177,96.31,13.6
6/17/2026 5:45,14480,10.4,0.598,100,8175,96.27,13.6
6/17/2026 6:00,14492,10.4,0.598,100,8174,96.21,13.6
6/17/2026 6:15,14504,10.4,0.6,100,8173,96.16,13.6
6/17/2026 6:30,14516,10.4,0.601,100,8172,96.1,13.7
6/17/2026 6:45,14522,10.4,0.601,100,8171,96.12,13.7
6/17/2026 7:00,14528,10.4,0.601,100,8173,96.13,13.8
6/17/2026 7:15,14533,10.4,0.601,100,8171,96.14,13.8
6/17/2026 7:30,14540,10.4,0.6,100,8171,96.12,13.9
6/17/2026 7:45,14538,10.4,0.604,100,8171,96.12,14
6/17/2026 8:00,14525,10.4,0.598,100,8171,96.1,14.1
6/17/2026 8:15,14510,10.4,0.601,100,8167,96.07,14.3
6/17/2026 8:30,14494,10.4,0.603,100,8169,96.03,14.7
6/17/2026 8:45,14477,10.4,0.603,100,8169,96.04,15.1
6/17/2026 9:00,14569,10.4,0.6,100,8167,96.04,15.5
6/17/2026 9:15,14670,10.4,0.59,100,8164,96.02,15.9
6/17/2026 9:30,14650,10.3,0.593,100,8167,96.04,16.4
6/17/2026 9:45,14632,10.3,0.596,100,8167,96.08,16.7
6/17/2026 10:00,14618,10.3,0.597,100,8165,96.07,16.8
6/17/2026 10:15,14606,10.3,0.597,100,8164,96.05,17.2
6/17/2026 10:30,14604,10.3,0.597,100,8169,96.01,17.7
6/17/2026 10:45,14612,10.3,0.597,100,8170,95.98,18.6
6/17/2026 11:00,14625,10.3,0.598,100,8168,95.94,19.4
6/17/2026 11:15,14639,10.3,0.598,100,8173,95.91,19.9
6/17/2026 11:30,14652,10.3,0.598,100,8174,95.9,20.4
6/17/2026 11:45,14664,10.3,0.6,100,8175,95.89,21
6/17/2026 12:00,14675,10.3,0.6,100,8185,95.88,21.8
6/17/2026 12:15,14481,10.4,0.607,100,8192,95.86,23
6/17/2026 12:30,14483,10.5,0.611,100,8189,95.85,23.1
6/17/2026 12:45,14494,10.5,0.604,100,8190,95.84,22.5
6/17/2026 13:00,14503,10.5,0.601,100,8193,95.82,22.9
6/17/2026 13:15,14511,10.5,0.604,100,8196,95.81,23.3
6/17/2026 13:30,14520,10.5,0.598,100,8195,95.8,23.5
6/17/2026 13:45,14527,10.5,0.6,100,8198,95.78,23.7
6/17/2026 14:00,14534,10.5,0.603,100,8192,95.76,23.5
6/17/2026 14:15,14540,10.5,0.598,100,8189,95.78,22.7
6/17/2026 14:30,14543,10.5,0.601,100,8185,95.8,21.5
6/17/2026 14:45,14542,10.5,0.598,100,8183,95.85,20
6/17/2026 15:00,14540,10.5,0.598,100,8178,95.88,19.1
6/17/2026 15:15,14536,10.5,0.603,100,8186,95.9,18.8
6/17/2026 15:30,14532,10.5,0.6,100,8189,95.92,19
6/17/2026 15:45,14527,10.5,0.6,100,8204,95.93,19.6
6/17/2026 16:00,14522,10.5,0.597,100,8231,95.93,21.9
6/17/2026 16:15,14517,10.5,0.598,100,8224,95.96,23.5
6/17/2026 16:30,14514,10.5,0.601,100,8228,95.97,22.7
6/17/2026 16:45,14516,10.5,0.598,100,8225,95.99,22.5
6/17/2026 17:00,14517,10.5,0.598,100,8225,96,22.1
6/17/2026 17:15,14519,10.5,0.6,100,8218,96.04,21.6
6/17/2026 17:30,14524,10.5,0.601,100,8222,96.05,21.2
6/17/2026 17:45,14530,10.5,0.597,100,8218,96.06,21.1
6/17/2026 18:00,14535,10.5,0.596,100,8216,96.09,20.8
6/17/2026 18:15,14542,10.5,0.601,100,8212,96.08,20.3
6/17/2026 18:30,14548,10.5,0.6,100,8208,96.1,19.4
6/17/2026 18:45,14551,10.5,0.6,100,8205,96.14,18.6
6/17/2026 19:00,14556,10.5,0.6,100,8205,96.16,18.1
6/17/2026 19:15,14562,10.5,0.597,100,8202,96.18,17.8
6/17/2026 19:30,14568,10.5,0.598,100,8202,96.2,17.3
6/17/2026 19:45,14572,10.5,0.601,100,8199,96.22,17
6/17/2026 20:00,14576,10.5,0.6,100,8199,96.25,16.9
6/17/2026 20:15,14581,10.5,0.6,100,8199,96.25,16.6
6/17/2026 20:30,14587,10.5,0.6,100,8194,96.25,16.4
6/17/2026 20:45,14590,10.5,0.603,100,8193,96.27,16.3
6/17/2026 21:00,14592,10.5,0.598,100,8190,96.31,16.2
6/17/2026 21:15,14595,10.5,0.601,100,8190,96.33,16.1
6/17/2026 21:30,14597,10.5,0.597,100,8187,96.37,15.9
6/17/2026 21:45,14599,10.5,0.597,100,8186,96.41,15.6
6/17/2026 22:00,14600,10.5,0.6,100,8186,96.45,15.5
6/17/2026 22:15,14601,10.5,0.596,100,8183,96.48,15.5
6/17/2026 22:30,14604,10.5,0.598,100,8183,96.51,15.3
6/17/2026 22:45,14605,10.5,0.6,100,8180,96.54,15.2
6/17/2026 23:00,14606,10.5,0.6,100,8180,96.56,15.1
6/17/2026 23:15,14608,10.5,0.598,100,8180,96.59,15
6/17/2026 23:30,14610,10.5,0.597,100,8177,96.6,15
6/17/2026 23:45,14612,10.5,0.598,100,8177,96.61,15
6/18/2026 0:00,14614,10.5,0.6,100,8174,96.63,15
6/18/2026 0:15,14615,10.5,0.598,100,8142,96.66,15
6/18/2026 0:30,14617,10.5,0.6,100,8163,96.67,15
6/18/2026 0:45,14619,10.4,0.601,100,8164,96.7,14.8
6/18/2026 1:00,14620,10.4,0.598,100,8161,96.73,14.8
6/18/2026 1:15,14621,10.4,0.597,100,8163,96.76,14.8
6/18/2026 1:30,14623,10.4,0.598,100,8161,96.78,14.8
6/18/2026 1:45,14625,10.4,0.598,100,8161,96.79,14.8
6/18/2026 2:00,14628,10.4,0.593,100,8159,96.81,14.7
6/18/2026 2:15,14760,10.4,0.596,100,8157,96.84,14.7
6/18/2026 2:30,14844,10.4,0.59,100,8158,96.86,14.6
6/18/2026 2:45,14843,10.3,0.596,100,8155,96.89,14.6
6/18/2026 3:00,14845,10.3,0.597,100,8155,96.92,14.5
6/18/2026 3:15,14846,10.3,0.597,100,8156,96.95,14.4
6/18/2026 3:30,14849,10.3,0.597,100,8154,96.99,14.2
6/18/2026 3:45,14852,10.3,0.598,100,8153,97.02,14.1
6/18/2026 4:00,14855,10.3,0.598,100,8151,97.05,14
6/18/2026 4:15,14858,10.3,0.598,100,8154,97.08,14
6/18/2026 4:30,14862,10.3,0.598,100,8150,97.1,14.1
6/18/2026 4:45,14863,10.3,0.6,100,8148,97.13,14.1
6/18/2026 5:00,14862,10.3,0.6,100,8152,97.14,14.1
6/18/2026 5:15,14860,10.3,0.6,100,8150,97.16,14
6/18/2026 5:30,14856,10.3,0.6,100,8146,97.17,13.9
6/18/2026 5:45,14850,10.3,0.6,100,8147,97.2,13.7
6/18/2026 6:00,14844,10.3,0.6,100,8146,97.23,13.4
6/18/2026 6:15,14838,10.3,0.6,100,8148,97.25,13.3
6/18/2026 6:30,14834,10.3,0.601,100,8143,97.28,13.3
6/18/2026 6:45,14832,10.3,0.6,100,8145,97.3,13.5
6/18/2026 7:00,14833,10.3,0.601,100,8145,97.33,13.8
6/18/2026 7:15,14835,10.3,0.6,100,8144,97.35,14.1
6/18/2026 7:30,14836,10.3,0.6,100,8142,97.37,14.3
6/18/2026 7:45,14831,10.3,0.601,100,8143,97.4,14.4
6/18/2026 8:00,14813,10.3,0.601,100,8142,97.42,14.7
6/18/2026 8:15,14786,10.3,0.6,100,8139,97.44,15.1
6/18/2026 8:30,14757,10.3,0.6,100,8142,97.45,16
6/18/2026 8:45,14728,10.3,0.6,100,8140,97.47,16.3
6/18/2026 9:00,14711,10.3,0.6,100,8142,97.49,16.7
6/18/2026 9:15,14702,10.3,0.6,100,8144,97.5,16.9
6/18/2026 9:30,14696,10.3,0.6,100,8144,97.49,17.5
6/18/2026 9:45,14694,10.3,0.601,100,8145,97.5,18
6/18/2026 10:00,14688,10.3,0.601,100,8143,97.51,17.9
6/18/2026 10:15,14682,10.3,0.601,100,8144,97.51,18.4
6/18/2026 10:30,14675,10.3,0.601,100,8148,97.52,19.3
6/18/2026 10:45,14667,10.3,0.601,100,8145,97.54,19.4
6/18/2026 11:00,14660,10.3,0.601,100,8146,97.55,19.6
6/18/2026 11:15,14653,10.3,0.601,100,8146,97.56,19.7
6/18/2026 11:30,14645,10.3,0.601,100,8150,97.56,20
6/18/2026 11:45,14626,10.3,0.601,100,8158,97.57,20.4
6/18/2026 12:00,14611,10.3,0.601,100,8174,97.57,22.1
6/18/2026 12:15,14602,10.3,0.601,100,8174,97.57,22.5
6/18/2026 12:30,14595,10.3,0.6,100,8185,97.58,22.4
6/18/2026 12:45,14591,10.3,0.601,100,8210,97.58,23.3
6/18/2026 13:00,14586,10.3,0.601,100,8212,97.58,24.4
6/18/2026 13:15,14581,10.3,0.601,100,8229,97.59,24
6/18/2026 13:30,14578,10.3,0.601,100,8246,97.6,25.1
6/18/2026 13:45,14576,10.3,0.601,100,8259,97.61,26.1
6/18/2026 14:00,14519,10.3,0.6,100,8277,97.61,26.4
6/18/2026 14:15,14368,10.4,0.607,100,8278,97.62,26.5
6/18/2026 14:30,14378,10.5,0.607,100,8288,97.63,26.7
6/18/2026 14:45,14387,10.5,0.604,100,8294,97.63,26.6
6/18/2026 15:00,14395,10.5,0.603,100,8299,97.63,27
6/18/2026 15:15,14405,10.5,0.6,100,8309,97.64,27.4
6/18/2026 15:30,14416,10.5,0.597,100,8312,97.64,28.2
6/18/2026 15:45,14428,10.5,0.598,100,8324,97.65,29
6/18/2026 16:00,14441,10.5,0.601,100,8333,97.64,30.4
6/18/2026 16:15,14451,10.4,0.597,100,8332,97.65,31.4
6/18/2026 16:30,14459,10.4,0.598,100,8337,97.66,32.2
6/18/2026 16:45,14466,10.4,0.6,100,8338,97.67,32.7
6/18/2026 17:00,14473,10.4,0.598,100,8329,97.66,32.9
6/18/2026 17:15,14478,10.4,0.596,100,8329,97.67,32.8
6/18/2026 17:30,14483,10.4,0.598,100,8329,97.68,32.6
6/18/2026 17:45,14489,10.4,0.605,100,8316,97.68,32.1
6/18/2026 18:00,14498,10.4,0.601,100,8310,97.7,30.3
6/18/2026 18:15,14508,10.4,0.6,100,8310,97.7,29.7
6/18/2026 18:30,14519,10.4,0.598,100,8313,97.7,29.4
6/18/2026 18:45,14531,10.4,0.603,100,8303,97.72,29.2
6/18/2026 19:00,14644,10.4,0.6,100,8299,97.73,27.5
6/18/2026 19:15,14765,10.4,0.59,100,8288,97.74,25.6
6/18/2026 19:30,14773,10.3,0.594,100,8281,97.75,23.8
6/18/2026 19:45,14782,10.3,0.597,100,8275,97.77,22.5
6/18/2026 20:00,14788,10.3,0.597,100,8267,97.79,21.5
6/18/2026 20:15,14782,10.3,0.597,100,8264,97.81,20.8
6/18/2026 20:30,14772,10.3,0.597,100,8263,97.82,20.2
6/18/2026 20:45,14760,10.3,0.598,100,8259,97.83,19.6
6/18/2026 21:00,14748,10.3,0.598,100,8257,97.85,19
6/18/2026 21:15,14739,10.3,0.598,100,8253,97.87,18.4
6/18/2026 21:30,14742,10.3,0.598,100,8249,97.89,18
6/18/2026 21:45,14751,10.3,0.598,100,8249,97.91,17.5
6/18/2026 22:00,14763,10.3,0.598,100,8248,97.93,17
6/18/2026 22:15,14775,10.3,0.6,100,8243,97.95,16.6
6/18/2026 22:30,14787,10.3,0.6,100,8241,97.97,16.2
6/18/2026 22:45,14799,10.3,0.6,100,8240,97.98,15.8
6/18/2026 23:00,14811,10.3,0.6,100,8237,97.98,15.6
6/18/2026 23:15,14821,10.3,0.6,100,8237,97.99,15.5
6/18/2026 23:30,14831,10.3,0.6,100,8234,98,15.3
6/18/2026 23:45,14840,10.3,0.6,100,8233,98,15
6/19/2026 0:00,14848,10.3,0.6,100,8234,98.01,14.7
6/19/2026 0:15,14856,10.3,0.6,100,8228,98.01,14.4
6/19/2026 0:30,14862,10.3,0.6,100,8226,98.01,13.9
6/19/2026 0:45,14864,10.3,0.6,100,8223,98.02,13.4
6/19/2026 1:00,14864,10.3,0.6,100,8221,98.02,13
6/19/2026 1:15,14861,10.3,0.601,100,8219,98.03,12.8
6/19/2026 1:30,14855,10.3,0.6,100,8219,98.03,12.6
6/19/2026 1:45,14849,10.3,0.6,100,8218,98.03,12.4
6/19/2026 2:00,14842,10.3,0.601,100,8217,98.03,12.2
6/19/2026 2:15,14834,10.3,0.601,100,8216,98.03,12
6/19/2026 2:30,14826,10.3,0.601,100,8217,98.03,11.7
6/19/2026 2:45,14817,10.3,0.601,100,8213,98.03,11.4
6/19/2026 3:00,14807,10.3,0.601,100,8216,98.04,11.2
6/19/2026 3:15,14797,10.3,0.601,100,8214,98.04,11
6/19/2026 3:30,14789,10.3,0.601,100,8212,98.03,10.9
6/19/2026 3:45,14780,10.3,0.601,100,8211,98.04,10.7
6/19/2026 4:00,14770,10.3,0.601,100,8211,98.07,10.5
6/19/2026 4:15,14762,10.3,0.601,100,8209,98.06,10.4
6/19/2026 4:30,14755,10.3,0.601,100,8210,98.07,10.3
6/19/2026 4:45,14746,10.3,0.603,100,8206,98.08,10.1
6/19/2026 5:00,14739,10.3,0.601,100,8206,98.08,10.1
6/19/2026 5:15,14733,10.3,0.601,100,8207,98.07,10
6/19/2026 5:30,14726,10.3,0.601,100,8206,98.09,10
6/19/2026 5:45,14719,10.3,0.601,100,8205,98.11,10
6/19/2026 6:00,14713,10.3,0.601,100,8205,98.14,10
6/19/2026 6:15,14707,10.3,0.601,100,8171,98.15,10.1
6/19/2026 6:30,14701,10.3,0.601,100,8203,98.16,10.2
6/19/2026 6:45,14695,10.3,0.601,100,8203,98.17,10.3
6/19/2026 7:00,14678,10.3,0.601,100,8202,98.15,10.6
6/19/2026 7:15,14654,10.3,0.603,100,8203,98.14,11.2
6/19/2026 7:30,14629,10.3,0.601,100,8203,98.16,12.2
6/19/2026 7:45,14604,10.3,0.601,100,8202,98.2,13.3
6/19/2026 8:00,14584,10.3,0.601,100,8203,98.22,13.9
6/19/2026 8:15,14572,10.3,0.601,100,8199,98.18,14.6
6/19/2026 8:30,14573,10.3,0.601,100,8202,98.17,15.9
6/19/2026 8:45,14580,10.3,0.601,100,8204,98.18,17
6/19/2026 9:00,14591,10.3,0.601,100,8203,98.17,17.8
6/19/2026 9:15,14606,10.3,0.601,100,8202,98.14,18.3
6/19/2026 9:30,14620,10.3,0.601,100,8204,98.15,18.8
6/19/2026 9:45,14632,10.3,0.601,100,8204,98.17,19.6
6/19/2026 10:00,14645,10.3,0.601,100,8205,98.19,19.8
6/19/2026 10:15,14658,10.3,0.601,100,8205,98.18,20
6/19/2026 10:30,14672,10.3,0.601,100,8206,98.15,20.3
6/19/2026 10:45,14684,10.3,0.601,100,8207,98.13,20.6
6/19/2026 11:00,14694,10.3,0.601,100,8205,98.13,20.5
6/19/2026 11:15,14701,10.3,0.601,100,8202,98.15,19.9
6/19/2026 11:30,14709,10.3,0.601,100,8202,98.14,19.1
6/19/2026 11:45,14716,10.3,0.601,100,8199,98.13,18.5
6/19/2026 12:00,14726,10.3,0.601,100,8197,98.09,18.2
6/19/2026 12:15,14735,10.3,0.601,100,8203,98.04,18.6
6/19/2026 12:30,14741,10.3,0.601,100,8204,98.03,19.5
6/19/2026 12:45,14747,10.3,0.601,100,8209,98.03,20
6/19/2026 13:00,14755,10.3,0.601,100,8209,97.99,20.1
6/19/2026 13:15,14762,10.3,0.601,100,8223,97.95,20.9
6/19/2026 13:30,14765,10.3,0.6,100,8218,97.98,21.8
6/19/2026 13:45,14770,10.3,0.601,100,8215,97.96,21.5
6/19/2026 14:00,14774,10.3,0.601,100,8218,97.96,21.3
6/19/2026 14:15,14778,10.3,0.601,100,8236,97.95,21.5
6/19/2026 14:30,14783,10.3,0.601,100,8259,97.91,23.8
6/19/2026 14:45,14778,10.3,0.601,100,8271,97.89,26.4
6/19/2026 15:00,14559,10.3,0.607,100,8274,97.87,27.3
6/19/2026 15:15,14533,10.4,0.61,100,8285,97.86,27.7
6/19/2026 15:30,14519,10.4,0.603,100,8298,97.86,28.8
6/19/2026 15:45,14517,10.4,0.603,100,8296,97.84,30
6/19/2026 16:00,14522,10.4,0.603,100,8307,97.82,29.7
6/19/2026 16:15,14530,10.4,0.603,100,8314,97.81,31
6/19/2026 16:30,14539,10.4,0.6,100,8318,97.8,32.1
6/19/2026 16:45,14547,10.4,0.603,100,8310,97.8,32.8
6/19/2026 17:00,14555,10.4,0.601,100,8307,97.79,32
6/19/2026 17:15,14562,10.4,0.601,100,8300,97.78,31
6/19/2026 17:30,14570,10.4,0.601,100,8307,97.76,30.2
6/19/2026 17:45,14577,10.4,0.594,100,8303,97.74,30.6
6/19/2026 18:00,14579,10.4,0.596,100,8303,97.74,30.4
6/19/2026 18:15,14580,10.4,0.601,100,8288,97.73,28.9
6/19/2026 18:30,14578,10.4,0.6,100,8278,97.72,26.8
6/19/2026 18:45,14575,10.4,0.601,100,8269,97.72,25.2
6/19/2026 19:00,14568,10.4,0.6,100,8264,97.76,22.5
6/19/2026 19:15,14560,10.4,0.608,100,8261,97.81,21.5
6/19/2026 19:30,14552,10.4,0.601,100,8256,97.9,20.9
6/19/2026 19:45,14552,10.4,0.598,100,8252,97.89,19.6
6/19/2026 20:00,14553,10.4,0.598,100,8248,97.89,18.6
6/19/2026 20:15,14554,10.4,0.601,100,8247,97.91,18
6/19/2026 20:30,14545,10.4,0.598,100,8243,97.93,17.4
6/19/2026 20:45,14528,10.4,0.603,100,8241,97.94,16.9
6/19/2026 21:00,14511,10.4,0.596,100,8240,97.96,16.5
6/19/2026 21:15,14495,10.4,0.6,100,8238,97.96,16
6/19/2026 21:30,14490,10.4,0.597,100,8234,97.96,15.7
6/19/2026 21:45,14495,10.4,0.598,100,8233,97.99,15.4
6/19/2026 22:00,14502,10.4,0.597,100,8231,98.01,15.2
6/19/2026 22:15,14510,10.4,0.601,100,8229,98.03,15
6/19/2026 22:30,14519,10.4,0.597,100,8230,98.04,14.9
6/19/2026 22:45,14527,10.4,0.598,100,8226,98.05,14.8
6/19/2026 23:00,14534,10.4,0.596,100,8226,98.06,14.6
6/19/2026 23:15,14527,10.4,0.597,100,8226,98.06,14.3
6/19/2026 23:30,14513,10.4,0.6,100,8224,98.07,14.1
6/19/2026 23:45,14496,10.4,0.598,100,8223,98.09,13.9
6/20/2026 0:00,14481,10.4,0.598,100,8220,98.09,13.6
6/20/2026 0:15,14465,10.4,0.604,100,8204,98.09,13.6
6/20/2026 0:30,14450,10.4,0.598,100,8207,98.1,13.4
6/20/2026 0:45,14433,10.4,0.597,100,8206,98.11,13.2
6/20/2026 1:00,14416,10.4,0.601,100,8205,98.11,13.1
6/20/2026 1:15,14403,10.4,0.604,100,8208,98.12,13.3
6/20/2026 1:30,14399,10.4,0.601,100,8205,98.12,13.4
6/20/2026 1:45,14396,10.4,0.596,100,8208,98.12,13.5
6/20/2026 2:00,14394,10.4,0.603,100,8205,98.11,13.6
6/20/2026 2:15,14389,10.4,0.597,100,8203,98.1,13.6
6/20/2026 2:30,14383,10.4,0.604,100,8202,98.1,13.6
6/20/2026 2:45,14376,10.4,0.601,100,8202,98.1,13.5
6/20/2026 3:00,14367,10.4,0.598,100,8201,98.1,13.4
6/20/2026 3:15,14358,10.4,0.603,100,8200,98.11,13.2
6/20/2026 3:30,14348,10.4,0.6,100,8199,98.12,13
6/20/2026 3:45,14339,10.4,0.601,100,8198,98.12,12.7
6/20/2026 4:00,14329,10.4,0.6,100,8198,98.12,12.5
6/20/2026 4:15,14319,10.4,0.597,100,8196,98.14,12.2
6/20/2026 4:30,14310,10.4,0.597,100,8194,98.15,12.1
6/20/2026 4:45,14302,10.4,0.597,100,8195,98.15,11.9
6/20/2026 5:00,14294,10.4,0.598,100,8195,98.15,11.8
6/20/2026 5:15,14287,10.4,0.603,100,8192,98.15,11.7
6/20/2026 5:30,14280,10.4,0.6,100,8193,98.16,11.6
6/20/2026 5:45,14274,10.4,0.604,100,8193,98.17,11.8
6/20/2026 6:00,14269,10.4,0.603,100,8190,98.17,12.2
6/20/2026 6:15,14265,10.4,0.603,100,8189,98.17,12.4
6/20/2026 6:30,14259,10.4,0.6,100,8190,98.18,12.5
6/20/2026 6:45,14253,10.4,0.598,100,8189,98.2,12.7
6/20/2026 7:00,14248,10.4,0.598,100,8189,98.21,12.9
6/20/2026 7:15,14244,10.4,0.601,100,8188,98.23,13.2
6/20/2026 7:30,14240,10.4,0.603,100,8187,98.24,13.7
6/20/2026 7:45,14235,10.4,0.6,100,8187,98.26,14.2
6/20/2026 8:00,14232,10.4,0.601,100,8188,98.26,14.7
6/20/2026 8:15,14231,10.4,0.598,100,8184,98.26,15.3
6/20/2026 8:30,14232,10.4,0.598,100,8184,98.27,16.3
6/20/2026 8:45,14234,10.4,0.601,100,8185,98.27,16.8
6/20/2026 9:00,14237,10.4,0.6,100,8183,98.28,17.2
6/20/2026 9:15,14241,10.4,0.604,100,8184,98.29,17.4
6/20/2026 9:30,14248,10.4,0.601,100,8183,98.29,17.8
6/20/2026 9:45,14253,10.4,0.6,100,8180,98.28,18.5
6/20/2026 10:00,14259,10.4,0.603,100,8183,98.28,18.9
6/20/2026 10:15,14266,10.4,0.604,100,8180,98.27,19.4
6/20/2026 10:30,14273,10.4,0.6,100,8177,98.26,19.9
6/20/2026 10:45,14279,10.4,0.597,100,8177,98.26,20
6/20/2026 11:00,14284,10.4,0.6,100,8176,98.25,20.3
6/20/2026 11:15,14277,10.4,0.601,100,8174,98.23,20.7
6/20/2026 11:30,14263,10.4,0.598,100,8175,98.22,21.1
6/20/2026 11:45,14248,10.4,0.6,100,8183,98.21,21.7
6/20/2026 12:00,14235,10.4,0.597,100,8197,98.21,23.3
6/20/2026 12:15,14234,10.4,0.598,100,8215,98.2,24.5
6/20/2026 12:30,14241,10.4,0.598,100,8228,98.2,25.2
6/20/2026 12:45,14251,10.4,0.598,100,8244,98.18,26
6/20/2026 13:00,14261,10.4,0.601,100,8260,98.17,27
6/20/2026 13:15,14271,10.4,0.604,100,8270,98.17,27.5
6/20/2026 13:30,14281,10.4,0.601,100,8268,98.16,27.4
6/20/2026 13:45,14288,10.4,0.601,100,8279,98.17,27.4
6/20/2026 14:00,14297,10.4,0.6,100,8280,98.16,27.4
6/20/2026 14:15,14304,10.4,0.594,100,8301,98.15,28.3
6/20/2026 14:30,14310,10.4,0.598,100,8303,98.14,30.2
6/20/2026 14:45,14317,10.4,0.601,100,8317,98.13,30.6
6/20/2026 15:00,14321,10.4,0.6,100,8307,98.13,32
6/20/2026 15:15,14326,10.4,0.598,100,8307,98.12,30.6
6/20/2026 15:30,14328,10.4,0.6,100,8319,98.12,30
6/20/2026 15:45,14332,10.4,0.6,100,8326,98.11,32
6/20/2026 16:00,14336,10.4,0.6,100,8323,98.1,33.4
6/20/2026 16:15,14334,10.4,0.597,100,8323,98.11,34.3
6/20/2026 16:30,14320,10.4,0.597,100,8322,98.1,35.2
6/20/2026 16:45,14302,10.4,0.6,100,8319,98.09,35.8
6/20/2026 17:00,14284,10.4,0.598,100,8313,98.07,36.4
6/20/2026 17:15,14272,10.4,0.601,100,8307,98.08,36.4
6/20/2026 17:30,14274,10.4,0.6,100,8297,98.06,36.6
6/20/2026 17:45,14276,10.4,0.597,100,8292,98.06,36.1
6/20/2026 18:00,14279,10.4,0.601,100,8283,98.05,35.5
6/20/2026 18:15,14279,10.4,0.601,100,8279,98.05,34.8
6/20/2026 18:30,14279,10.4,0.601,100,8277,98.05,35
6/20/2026 18:45,14278,10.4,0.596,100,8263,98.05,34.7
6/20/2026 19:00,14276,10.4,0.598,100,8253,98.04,32.7
6/20/2026 19:15,14276,10.4,0.6,100,8244,98.03,30.4
6/20/2026 19:30,14278,10.4,0.598,100,8235,98.04,28.1
6/20/2026 19:45,14280,10.4,0.603,100,8226,98.04,26.4
6/20/2026 20:00,14285,10.4,0.596,100,8223,98.04,25.1
6/20/2026 20:15,14290,10.4,0.597,100,8218,98.06,24.2
6/20/2026 20:30,14297,10.4,0.601,100,8215,98.05,23.3
6/20/2026 20:45,14300,10.4,0.601,100,8210,98.06,22.5
6/20/2026 21:00,14291,10.4,0.6,100,8208,98.06,21.7
6/20/2026 21:15,14277,10.4,0.597,100,8202,98.05,21
6/20/2026 21:30,14265,10.4,0.6,100,8200,98.03,20.2
6/20/2026 21:45,14249,10.4,0.603,100,8200,98.04,19.4
6/20/2026 22:00,14235,10.4,0.6,100,8198,98.05,18.6
6/20/2026 22:15,14223,10.4,0.603,100,8194,98.06,18
6/20/2026 22:30,14211,10.4,0.604,100,8193,98.06,17.4
6/20/2026 22:45,14202,10.4,0.6,100,8191,98.07,16.9
6/20/2026 23:00,14197,10.4,0.597,100,8191,98.06,16.4
6/20/2026 23:15,14205,10.4,0.601,100,8190,98.05,16
6/20/2026 23:30,14218,10.4,0.6,100,8186,98.06,15.7
6/20/2026 23:45,14233,10.4,0.601,100,8186,98.07,15.4
6/21/2026 0:00,14248,10.4,0.597,100,8183,98.06,15.2
6/21/2026 0:15,14263,10.4,0.603,100,8177,98.05,15.1
6/21/2026 0:30,14277,10.4,0.603,100,8179,98.04,14.8
6/21/2026 0:45,14291,10.4,0.598,100,8177,98.01,14.5
6/21/2026 1:00,14301,10.4,0.598,100,8177,98.01,14.2
6/21/2026 1:15,14307,10.4,0.596,100,8174,98.02,13.9
6/21/2026 1:30,14313,10.4,0.598,100,8174,98.03,13.6
6/21/2026 1:45,14318,10.4,0.601,100,8174,98.02,13.3
6/21/2026 2:00,14323,10.4,0.598,100,8174,98.03,13.1
6/21/2026 2:15,14328,10.4,0.598,100,8169,98.02,12.9
6/21/2026 2:30,14332,10.4,0.598,100,8170,98,12.7
6/21/2026 2:45,14334,10.4,0.601,100,8168,98.02,12.5
6/21/2026 3:00,14336,10.4,0.597,100,8170,98.03,12.4
6/21/2026 3:15,14339,10.4,0.6,100,8168,98.03,12.2
6/21/2026 3:30,14341,10.4,0.6,100,8165,98.03,12.1
6/21/2026 3:45,14342,10.4,0.594,100,8165,98.05,12
6/21/2026 4:00,14344,10.4,0.601,100,8165,98.04,11.9
6/21/2026 4:15,14345,10.4,0.601,100,8167,98.04,11.8
6/21/2026 4:30,14347,10.4,0.598,100,8162,98.04,11.7
6/21/2026 4:45,14348,10.4,0.597,100,8163,98.03,11.6
6/21/2026 5:00,14350,10.4,0.598,100,8163,98.02,11.5
6/21/2026 5:15,14351,10.4,0.598,100,8161,98.01,11.4
6/21/2026 5:30,14352,10.4,0.597,100,8161,98.01,11.4
6/21/2026 5:45,14354,10.4,0.6,100,8159,98,11.3
6/21/2026 6:00,14354,10.4,0.597,100,8160,98.01,11.3
6/21/2026 6:15,14355,10.4,0.601,100,8158,97.99,11.3
6/21/2026 6:30,14357,10.4,0.6,100,8161,97.98,11.6
6/21/2026 6:45,14359,10.4,0.596,100,8159,97.96,12
6/21/2026 7:00,14359,10.4,0.601,100,8158,97.96,12.4
6/21/2026 7:15,14360,10.4,0.603,100,8158,97.95,12.8
6/21/2026 7:30,14360,10.4,0.601,100,8161,97.95,13.4
6/21/2026 7:45,14360,10.4,0.598,100,8157,97.95,13.9
6/21/2026 8:00,14362,10.4,0.601,100,8157,97.95,14.6
6/21/2026 8:15,14366,10.4,0.601,100,8156,97.95,15.4
6/21/2026 8:30,14372,10.4,0.603,100,8158,97.96,16.2
6/21/2026 8:45,14379,10.4,0.6,100,8160,97.95,17
6/21/2026 9:00,14377,10.4,0.603,100,8160,97.94,17.8
6/21/2026 9:15,14367,10.4,0.6,100,8160,97.94,18.6
6/21/2026 9:30,14357,10.4,0.601,100,8161,97.93,19.3
6/21/2026 9:45,14346,10.4,0.604,100,8162,97.91,20
6/21/2026 10:00,14342,10.4,0.604,100,8163,97.91,20.6
6/21/2026 10:15,14351,10.4,0.603,100,8164,97.9,21.1
6/21/2026 10:30,14363,10.4,0.597,100,8165,97.9,21.8
6/21/2026 10:45,14377,10.4,0.601,100,8166,97.9,22.1
6/21/2026 11:00,14392,10.4,0.598,100,8169,97.9,22.5
6/21/2026 11:15,14406,10.4,0.597,100,8171,97.89,23.2
6/21/2026 11:30,14418,10.4,0.598,100,8173,97.89,23.7
6/21/2026 11:45,14430,10.4,0.596,100,8180,97.89,24.6
6/21/2026 12:00,14442,10.4,0.604,100,8186,97.89,25.7
6/21/2026 12:15,14453,10.4,0.603,100,8189,97.88,26.2
6/21/2026 12:30,14462,10.4,0.6,100,8195,97.88,26.3
6/21/2026 12:45,14472,10.4,0.598,100,8212,97.88,27
6/21/2026 13:00,14481,10.4,0.596,100,8218,97.88,27.8
6/21/2026 13:15,14489,10.4,0.6,100,8218,97.88,27.9
6/21/2026 13:30,14497,10.4,0.598,100,8228,97.88,27.9
6/21/2026 13:45,14505,10.4,0.603,100,8238,97.87,28.5
6/21/2026 14:00,14512,10.4,0.597,100,8238,97.87,29.4
6/21/2026 14:15,14518,10.4,0.594,100,8236,97.87,28.8
6/21/2026 14:30,14525,10.4,0.601,100,8234,97.87,28.2
6/21/2026 14:45,14530,10.4,0.597,100,8234,97.87,27.6
6/21/2026 15:00,14535,10.4,0.598,100,8232,97.87,27.2
6/21/2026 15:15,14540,10.4,0.603,100,8231,97.87,27
6/21/2026 15:30,14545,10.4,0.598,100,8227,97.87,27
6/21/2026 15:45,14551,10.4,0.601,100,8224,97.87,26.5
6/21/2026 16:00,14555,10.4,0.601,100,8226,97.87,26.1
6/21/2026 16:15,14560,10.4,0.6,100,8222,97.87,26
6/21/2026 16:30,14564,10.4,0.6,100,8225,97.86,26.4
6/21/2026 16:45,14568,10.4,0.598,100,8226,97.86,27
6/21/2026 17:00,14571,10.4,0.6,100,8224,97.87,26.8
6/21/2026 17:15,14574,10.4,0.597,100,8223,97.88,26.3
6/21/2026 17:30,14577,10.4,0.598,100,8222,97.88,26.4
6/21/2026 17:45,14581,10.4,0.6,100,8221,97.88,26.8
6/21/2026 18:00,14583,10.4,0.604,100,8221,97.88,26.6
6/21/2026 18:15,14587,10.4,0.601,100,8218,97.88,26.4
6/21/2026 18:30,14589,10.4,0.594,100,8219,97.87,26.3
6/21/2026 18:45,14588,10.4,0.601,100,8220,97.87,26.7
6/21/2026 19:00,14584,10.4,0.601,100,8220,97.88,27.3
6/21/2026 19:15,14576,10.4,0.601,100,8218,97.89,27.3
6/21/2026 19:30,14551,10.4,0.6,100,8209,97.9,26.2
6/21/2026 19:45,14523,10.4,0.601,100,8206,97.92,25.3
6/21/2026 20:00,14493,10.4,0.603,100,8203,97.93,24.4
6/21/2026 20:15,14467,10.4,0.596,100,8200,97.94,23.5
6/21/2026 20:30,14457,10.4,0.6,100,8196,97.96,22.7
6/21/2026 20:45,14457,10.4,0.598,100,8191,97.97,22
6/21/2026 21:00,14461,10.4,0.597,100,8190,97.98,21.2
6/21/2026 21:15,14468,10.4,0.598,100,8188,98,20.4
6/21/2026 21:30,14475,10.4,0.597,100,8145,98.01,19.9
6/21/2026 21:45,14484,10.4,0.6,100,8183,98.03,19.5
6/21/2026 22:00,14491,10.4,0.6,100,8180,98.07,19.1
6/21/2026 22:15,14498,10.4,0.604,100,8177,98.11,18.9
6/21/2026 22:30,14505,10.4,0.601,100,8179,98.14,18.8
6/21/2026 22:45,14512,10.4,0.598,100,8177,98.17,18.7
6/21/2026 23:00,14510,10.4,0.598,100,8177,98.18,18.7
6/21/2026 23:15,14496,10.4,0.601,100,8172,98.19,18.7
6/21/2026 23:30,14480,10.4,0.603,100,8174,98.19,18.7
6/21/2026 23:45,14464,10.4,0.6,100,8174,98.19,18.7
6/22/2026 0:00,14449,10.4,0.603,100,8168,98.19,18.7
6/22/2026 0:15,14435,10.4,0.597,100,8164,98.19,18.8
6/22/2026 0:30,14423,10.4,0.6,100,8161,98.2,18.8
6/22/2026 0:45,14412,10.4,0.598,100,8162,98.2,18.8
6/22/2026 1:00,14409,10.4,0.598,100,8160,98.21,18.8
6/22/2026 1:15,14415,10.4,0.598,100,8162,98.2,18.8
6/22/2026 1:30,14423,10.4,0.605,100,8161,98.2,18.7
6/22/2026 1:45,14430,10.4,0.598,100,8158,98.2,18.5
6/22/2026 2:00,14436,10.4,0.6,100,8156,98.19,18.1
6/22/2026 2:15,14441,10.4,0.598,100,8154,98.19,17.7
6/22/2026 2:30,14444,10.4,0.601,100,8153,98.19,17.3
6/22/2026 2:45,14445,10.4,0.598,100,8155,98.2,17
6/22/2026 3:00,14445,10.4,0.596,100,8152,98.2,16.6
6/22/2026 3:15,14446,10.4,0.603,100,8152,98.21,16.3
6/22/2026 3:30,14446,10.4,0.601,100,8149,98.22,16.1
6/22/2026 3:45,14445,10.4,0.601,100,8147,98.22,15.8
6/22/2026 4:00,14443,10.4,0.598,100,8147,98.23,15.6
6/22/2026 4:15,14439,10.4,0.603,100,8147,98.25,15.3
6/22/2026 4:30,14435,10.4,0.603,100,8146,98.27,15.2
6/22/2026 4:45,14431,10.4,0.598,100,8146,98.28,15
6/22/2026 5:00,14425,10.4,0.603,100,8144,98.31,14.9
6/22/2026 5:15,14420,10.4,0.6,100,8143,98.32,14.8
6/22/2026 5:30,14416,10.4,0.598,100,8141,98.32,14.7
6/22/2026 5:45,14410,10.4,0.594,100,8143,98.33,14.6
6/22/2026 6:00,14404,10.4,0.6,100,8141,98.34,14.5
6/22/2026 6:15,14399,10.4,0.6,100,8140,98.34,14.4
6/22/2026 6:30,14392,10.4,0.598,100,8140,98.37,14.3
6/22/2026 6:45,14387,10.4,0.597,100,8140,98.39,14.3
6/22/2026 7:00,14380,10.4,0.598,100,8140,98.42,14.4
6/22/2026 7:15,14375,10.4,0.594,100,8134,98.43,14.7
6/22/2026 7:30,14371,10.4,0.603,100,8137,98.43,15
6/22/2026 7:45,14366,10.4,0.598,100,8134,98.45,15.4
6/22/2026 8:00,14359,10.4,0.597,100,8138,98.47,15.8
6/22/2026 8:15,14354,10.4,0.603,100,8136,98.47,16.3
6/22/2026 8:30,14347,10.4,0.6,100,8135,98.47,17.3
6/22/2026 8:45,14340,10.4,0.601,100,8138,98.49,17.9
6/22/2026 9:00,14334,10.4,0.598,100,8133,98.5,18.3
6/22/2026 9:15,14327,10.4,0.6,100,8135,98.51,18.7
6/22/2026 9:30,14320,10.4,0.6,100,8135,98.52,19.1
6/22/2026 9:45,14315,10.4,0.6,100,8132,98.53,19.7
6/22/2026 10:00,14313,10.4,0.6,100,8131,98.54,20.3
6/22/2026 10:15,14314,10.4,0.597,100,8133,98.55,20.9
6/22/2026 10:30,14318,10.4,0.604,100,8130,98.56,21.8
6/22/2026 10:45,14325,10.4,0.6,100,8130,98.56,21.8
6/22/2026 11:00,14334,10.4,0.601,100,8131,98.57,22.1
6/22/2026 11:15,14343,10.4,0.598,100,8126,98.57,22.4
6/22/2026 11:30,14352,10.4,0.601,100,8129,98.57,22.9
6/22/2026 11:45,14362,10.4,0.598,100,8136,98.58,23.6
6/22/2026 12:00,14373,10.4,0.594,100,8148,98.57,25.4
6/22/2026 12:15,14384,10.4,0.598,100,8164,98.56,26.4
6/22/2026 12:30,14395,10.4,0.6,100,8180,98.56,28.1
6/22/2026 12:45,14406,10.4,0.598,100,8199,98.57,28.8
6/22/2026 13:00,14417,10.4,0.597,100,8216,98.56,29.8
6/22/2026 13:15,14426,10.4,0.6,100,8231,98.57,30.6
6/22/2026 13:30,14424,10.4,0.597,100,8220,98.57,30.7
6/22/2026 13:45,14413,10.4,0.6,100,8242,98.57,29.7
6/22/2026 14:00,14402,10.4,0.598,100,8237,98.57,30.4
6/22/2026 14:15,14391,10.4,0.598,100,8240,98.58,29.2
6/22/2026 14:30,14391,10.4,0.596,100,8251,98.58,29.3
6/22/2026 14:45,14400,10.4,0.6,100,8264,98.58,30.5
6/22/2026 15:00,14410,10.4,0.601,100,8276,98.57,32.7
6/22/2026 15:15,14416,10.4,0.598,100,8285,98.59,34.5
6/22/2026 15:30,14420,10.4,0.601,100,8290,98.58,36.1
6/22/2026 15:45,14421,10.4,0.598,100,8288,98.58,37.1
6/22/2026 16:00,14419,10.4,0.601,100,8269,98.57,35.8
6/22/2026 16:15,14414,10.4,0.603,100,8259,98.57,33
6/22/2026 16:30,14408,10.4,0.598,100,8265,98.57,32.3
6/22/2026 16:45,14401,10.4,0.603,100,8275,98.57,34.1
6/22/2026 17:00,14393,10.4,0.601,100,8280,98.57,36.1
6/22/2026 17:15,14388,10.4,0.601,100,8269,98.57,36.8
6/22/2026 17:30,14383,10.4,0.6,100,8270,98.57,36.1
6/22/2026 17:45,14382,10.4,0.598,100,8270,98.57,36.3
6/22/2026 18:00,14384,10.4,0.597,100,8266,98.57,37.2
6/22/2026 18:15,14386,10.4,0.596,100,8259,98.57,37.2
6/22/2026 18:30,14388,10.4,0.6,100,8250,98.57,36.7
6/22/2026 18:45,14389,10.4,0.598,100,8241,98.58,36.4
6/22/2026 19:00,14392,10.4,0.601,100,8231,98.57,34.4
6/22/2026 19:15,14393,10.4,0.596,100,8220,98.56,32
6/22/2026 19:30,14394,10.4,0.601,100,8211,98.56,29.6
6/22/2026 19:45,14394,10.4,0.6,100,8205,98.57,27.9
6/22/2026 20:00,14397,10.4,0.601,100,8198,98.58,26.6
6/22/2026 20:15,14401,10.4,0.601,100,8195,98.59,25.5
6/22/2026 20:30,14407,10.4,0.6,100,8191,98.6,24.5
6/22/2026 20:45,14416,10.4,0.598,100,8187,98.6,23.4
6/22/2026 21:00,14426,10.4,0.598,100,8184,98.61,22.4
6/22/2026 21:15,14438,10.4,0.597,100,8181,98.63,21.6
6/22/2026 21:30,14447,10.4,0.6,100,8178,98.64,20.8
6/22/2026 21:45,14443,10.4,0.6,100,8174,98.67,20
6/22/2026 22:00,14433,10.4,0.598,100,8174,98.69,19.4
6/22/2026 22:15,14424,10.4,0.598,100,8173,98.72,18.9
6/22/2026 22:30,14414,10.4,0.6,100,8171,98.73,18.4
6/22/2026 22:45,14411,10.4,0.601,100,8170,98.74,17.9
6/22/2026 23:00,14421,10.4,0.598,100,8166,98.75,17.4
6/22/2026 23:15,14436,10.4,0.6,100,8164,98.76,17
6/22/2026 23:30,14451,10.4,0.598,100,8167,98.77,16.7
6/22/2026 23:45,14466,10.4,0.598,100,8163,98.78,16.4
6/23/2026 0:00,14480,10.4,0.601,100,8164,98.78,16.3
6/23/2026 0:15,14489,10.4,0.593,100,8156,98.79,16.3
6/23/2026 0:30,14493,10.4,0.601,100,8154,98.79,16.2
6/23/2026 0:45,14490,10.4,0.596,100,8155,98.79,16.2
6/23/2026 1:00,14483,10.4,0.598,100,8152,98.79,16.2
6/23/2026 1:15,14470,10.4,0.594,100,8153,98.79,16.2
6/23/2026 1:30,14452,10.4,0.603,100,8151,98.8,16.2
6/23/2026 1:45,14431,10.4,0.598,100,8149,98.8,16
6/23/2026 2:00,14409,10.4,0.598,100,8148,98.8,15.8
6/23/2026 2:15,14386,10.4,0.597,100,8148,98.81,15.7
6/23/2026 2:30,14362,10.4,0.598,100,8148,98.81,15.6
6/23/2026 2:45,14338,10.4,0.604,100,8147,98.83,15.4
6/23/2026 3:00,14315,10.4,0.598,100,8148,98.82,15.3
6/23/2026 3:15,14294,10.4,0.6,100,8143,98.82,15.1
6/23/2026 3:30,14275,10.4,0.601,100,8142,98.81,14.8
6/23/2026 3:45,14256,10.4,0.597,100,8142,98.8,14.6
6/23/2026 4:00,14238,10.4,0.603,100,8143,98.81,14.4
6/23/2026 4:15,14221,10.4,0.6,100,8141,98.81,14.2
6/23/2026 4:30,14205,10.4,0.597,100,8142,98.81,14
6/23/2026 4:45,14191,10.4,0.598,100,8140,98.81,13.8
6/23/2026 5:00,14176,10.4,0.598,100,8139,98.83,13.6
6/23/2026 5:15,14162,10.4,0.6,100,8138,98.83,13.4
6/23/2026 5:30,14151,10.4,0.601,100,8136,98.84,13.3
6/23/2026 5:45,14142,10.4,0.601,100,8138,98.84,13.5
6/23/2026 6:00,14134,10.4,0.598,100,8137,98.84,13.6
6/23/2026 6:15,14126,10.4,0.601,100,8136,98.84,13.6
6/23/2026 6:30,14116,10.4,0.6,100,8136,98.84,13.6
6/23/2026 6:45,14108,10.4,0.603,100,8134,98.83,13.7
6/23/2026 7:00,14100,10.4,0.601,100,8134,98.83,13.7
6/23/2026 7:15,14090,10.4,0.6,100,8134,98.84,14.1
6/23/2026 7:30,14081,10.4,0.601,100,8131,98.84,14.7
6/23/2026 7:45,14071,10.4,0.597,100,8133,98.84,15.4
6/23/2026 8:00,14053,10.4,0.597,100,8131,98.83,16.4
6/23/2026 8:15,14024,10.4,0.597,100,8133,98.83,17.9
6/23/2026 8:30,13994,10.4,0.603,100,8135,98.82,19.9
6/23/2026 8:45,13963,10.4,0.6,100,8136,98.8,21.4
6/23/2026 9:00,13934,10.4,0.597,100,8142,98.8,22.3
6/23/2026 9:15,13907,10.4,0.6,100,8140,98.79,22.8
6/23/2026 9:30,13884,10.4,0.601,100,8140,98.8,23
6/23/2026 9:45,13866,10.4,0.598,100,8141,98.77,23.1
6/23/2026 10:00,13859,10.4,0.601,100,8139,98.76,23.4
6/23/2026 10:15,13864,10.4,0.596,100,8141,98.74,24
6/23/2026 10:30,13874,10.4,0.601,100,8139,98.73,24.5
6/23/2026 10:45,13886,10.4,0.598,100,8141,98.73,24.4
6/23/2026 11:00,13898,10.4,0.597,100,8139,98.71,25.2
6/23/2026 11:15,13910,10.4,0.598,100,8141,98.7,25.8
6/23/2026 11:30,13923,10.4,0.6,100,8136,98.68,26.1
6/23/2026 11:45,13933,10.4,0.6,100,8144,98.69,26.7
6/23/2026 12:00,13943,10.4,0.596,100,8142,98.69,27.3
6/23/2026 12:15,13952,10.4,0.603,100,8145,98.69,27
6/23/2026 12:30,13960,10.4,0.601,100,8148,98.69,27.2
6/23/2026 12:45,13968,10.4,0.598,100,8154,98.69,27.8
6/23/2026 13:00,13974,10.4,0.6,100,8153,98.69,28
6/23/2026 13:15,13981,10.4,0.603,100,8150,98.68,27.2
6/23/2026 13:30,13988,10.4,0.597,100,8148,98.66,26.6
6/23/2026 13:45,13995,10.4,0.597,100,8158,98.64,27
6/23/2026 14:00,14000,10.4,0.597,100,8157,98.61,28
6/23/2026 14:15,14048,10.4,0.6,100,8157,98.58,27.9
6/23/2026 14:30,14012,10.4,0.597,100,8156,98.57,27.6
6/23/2026 14:45,14164,10.5,0.598,100,8155,98.55,27.2
6/23/2026 15:00,14060,10.5,0.598,100,8152,98.53,27
6/23/2026 15:15,14198,10.5,0.594,100,8155,98.49,27
6/23/2026 15:30,14183,10.4,0.593,100,8155,98.45,27.6
6/23/2026 15:45,14171,10.3,0.596,100,8155,98.44,26.5
6/23/2026 16:00,14175,10.3,0.597,100,8164,98.39,26.7
6/23/2026 16:15,14184,10.3,0.597,100,8159,98.36,26.9
6/23/2026 16:30,14196,10.3,0.598,100,8159,98.34,26.3
6/23/2026 16:45,14207,10.3,0.598,100,8156,98.35,25.7
6/23/2026 17:00,14215,10.3,0.598,100,8154,98.39,25.1
6/23/2026 17:15,14227,10.3,0.598,100,8148,98.39,24
6/23/2026 17:30,14238,10.3,0.598,100,8148,98.38,23.1
6/23/2026 17:45,14249,10.3,0.6,100,8145,98.38,21.8
6/23/2026 18:00,14259,10.3,0.6,100,8143,98.39,20.9
6/23/2026 18:15,14268,10.3,0.6,100,8139,98.4,19.9
6/23/2026 18:30,14270,10.3,0.6,100,8135,98.53,18.8
6/23/2026 18:45,14280,10.3,0.601,100,8137,98.49,18
6/23/2026 19:00,14284,10.3,0.601,100,8136,98.52,17.6
6/23/2026 19:15,14285,10.3,0.601,100,8133,98.52,17.5
6/23/2026 19:30,14287,10.3,0.601,100,8130,98.49,17.3
6/23/2026 19:45,14285,10.3,0.601,100,8131,98.5,17.2
6/23/2026 20:00,14285,10.3,0.601,100,8132,98.49,17.2
6/23/2026 20:15,14286,10.3,0.601,100,8129,98.51,17.1
6/23/2026 20:30,14289,10.3,0.601,100,8128,98.48,17.1
6/23/2026 20:45,14295,10.3,0.601,100,8129,98.42,17
6/23/2026 21:00,14299,10.3,0.601,100,8128,98.42,17.1
6/23/2026 21:15,14300,10.3,0.601,100,8126,98.45,17.1
6/23/2026 21:30,14208,10.3,0.604,100,8123,98.42,17
6/23/2026 21:45,14199,10.4,0.605,100,8124,98.47,16.9
6/23/2026 22:00,14223,10.3,0.597,100,8121,98.49,16.8
6/23/2026 22:15,14138,10.5,0.6,100,8121,98.46,16.8
6/23/2026 22:30,14171,10.6,0.605,100,8120,98.47,16.7
6/23/2026 22:45,14160,10.5,0.597,100,8119,98.44,16.6
6/23/2026 23:00,14248,10.6,0.6,100,8118,98.42,16.4
6/23/2026 23:15,14087,10.5,0.598,100,8117,98.41,16.4
6/23/2026 23:30,14062,10.6,0.603,100,8117,98.39,16.3
6/23/2026 23:45,14046,10.6,0.6,100,8115,98.39,16.3
6/24/2026 0:00,14032,10.6,0.6,100,8119,98.41,16.4
6/24/2026 0:15,14036,10.6,0.6,100,8092,98.4,16.6
6/24/2026 0:30,14045,10.6,0.603,100,8101,98.4,16.6
6/24/2026 0:45,14061,10.5,0.598,100,8101,98.36,16.5
6/24/2026 1:00,14079,10.5,0.6,100,8103,98.34,16.5
6/24/2026 1:15,14098,10.5,0.601,100,8101,98.34,16.5
6/24/2026 1:30,14119,10.5,0.6,100,8101,98.32,16.4
6/24/2026 1:45,14141,10.5,0.605,100,8101,98.28,16.3
6/24/2026 2:00,14162,10.5,0.6,100,8102,98.27,16.3
6/24/2026 2:15,14183,10.5,0.6,100,8099,98.25,16.4
6/24/2026 2:30,14203,10.5,0.598,100,8101,98.23,16.4
6/24/2026 2:45,14221,10.5,0.598,100,8098,98.22,16.4
6/24/2026 3:00,14239,10.5,0.598,100,8101,98.21,16.3
6/24/2026 3:15,14256,10.5,0.598,100,8100,98.2,16.3
6/24/2026 3:30,14271,10.5,0.598,100,8097,98.21,16.3
6/24/2026 3:45,14285,10.5,0.601,100,8098,98.2,16.3
6/24/2026 4:00,14299,10.5,0.6,100,8098,98.21,16.3
6/24/2026 4:15,14311,10.5,0.598,100,8096,98.22,16.3
6/24/2026 4:30,14323,10.5,0.6,100,8092,98.22,16.4
6/24/2026 4:45,14334,10.5,0.6,100,8094,98.23,16.3
6/24/2026 5:00,14344,10.5,0.598,100,8093,98.23,16.3
6/24/2026 5:15,14355,10.5,0.597,100,8091,98.22,16.2
6/24/2026 5:30,14366,10.5,0.6,100,8092,98.21,16.1
6/24/2026 5:45,14377,10.5,0.601,100,8094,98.21,16.1
6/24/2026 6:00,14389,10.5,0.598,100,8093,98.2,16.2
6/24/2026 6:15,14400,10.4,0.598,100,8091,98.19,16.3
6/24/2026 6:30,14408,10.4,0.598,100,8091,98.17,16.4
6/24/2026 6:45,14416,10.4,0.6,100,8091,98.15,16.5
6/24/2026 7:00,14418,10.4,0.6,100,8090,98.2,16.6
6/24/2026 7:15,14419,10.4,0.598,100,8093,98.22,16.7
6/24/2026 7:30,14419,10.4,0.598,100,8088,98.23,16.8
6/24/2026 7:45,14552,10.4,0.598,100,8088,98.22,16.9
6/24/2026 8:00,14633,10.4,0.592,100,8089,98.23,17
6/24/2026 8:15,14627,10.3,0.596,100,8088,98.22,17.2
6/24/2026 8:30,14623,10.3,0.597,100,8086,98.21,17.4
6/24/2026 8:45,14619,10.3,0.597,100,8085,98.19,17.8
6/24/2026 9:00,14612,10.3,0.598,100,8089,98.18,18.3
6/24/2026 9:15,14602,10.3,0.598,100,8088,98.17,18.6
6/24/2026 9:30,14575,10.3,0.598,100,8090,98.17,19
6/24/2026 9:45,14543,10.3,0.598,100,8092,98.17,19.6
6/24/2026 10:00,14509,10.3,0.598,100,8093,98.16,20
6/24/2026 10:15,14475,10.3,0.6,100,8092,98.16,20.4
6/24/2026 10:30,14443,10.3,0.6,100,8093,98.14,21.1
6/24/2026 10:45,14416,10.3,0.6,100,8092,98.13,21.1
6/24/2026 11:00,14401,10.3,0.6,100,8091,98.12,21.4
6/24/2026 11:15,14400,10.3,0.6,100,8088,98.11,21.8
6/24/2026 11:30,14407,10.3,0.6,100,8091,98.11,22.3
6/24/2026 11:45,14418,10.3,0.601,100,8095,98.11,23
6/24/2026 12:00,14431,10.3,0.601,100,8104,98.1,24
6/24/2026 12:15,14445,10.3,0.601,100,8126,98.09,25.3
6/24/2026 12:30,14460,10.3,0.601,100,8129,98.08,26.4
6/24/2026 12:45,14475,10.3,0.601,100,8145,98.07,26.6
6/24/2026 13:00,14490,10.3,0.601,100,8158,98.07,27.4
6/24/2026 13:15,14505,10.3,0.601,100,8171,98.05,28.2
6/24/2026 13:30,14520,10.3,0.601,100,8176,98.05,28.1
6/24/2026 13:45,14534,10.3,0.601,100,8183,98.04,27.8
6/24/2026 14:00,14548,10.3,0.601,100,8203,98.03,28.2
6/24/2026 14:15,14560,10.3,0.601,100,8212,98.02,29.3
6/24/2026 14:30,14573,10.3,0.601,100,8222,98.02,29.5
6/24/2026 14:45,14585,10.3,0.601,100,8224,98.01,29.5
6/24/2026 15:00,14597,10.3,0.601,100,8246,98,29.4
6/24/2026 15:15,14608,10.3,0.601,100,8253,97.99,30.6
6/24/2026 15:30,14618,10.3,0.601,100,8253,97.99,30.9
6/24/2026 15:45,14629,10.3,0.601,100,8262,97.97,30
6/24/2026 16:00,14639,10.3,0.601,100,8261,97.97,30
6/24/2026 16:15,14648,10.3,0.601,100,8263,97.96,29.6
6/24/2026 16:30,14655,10.3,0.601,100,8266,97.97,29.7
6/24/2026 16:45,14664,10.3,0.601,100,8275,97.97,30.1
6/24/2026 17:00,14671,10.3,0.601,100,8281,97.97,30.4
6/24/2026 17:15,14678,10.3,0.601,100,8282,97.97,30.8
6/24/2026 17:30,14686,10.3,0.601,100,8284,97.97,30.9
6/24/2026 17:45,14692,10.3,0.601,100,8282,97.97,30.7
6/24/2026 18:00,14696,10.3,0.601,100,8271,97.98,30.1
6/24/2026 18:15,14702,10.3,0.601,100,8273,97.98,28.6
6/24/2026 18:30,14707,10.3,0.601,100,8272,97.98,28.9
6/24/2026 18:45,14711,10.3,0.601,100,8263,97.98,28.3
6/24/2026 19:00,14715,10.3,0.601,100,8261,97.98,27
6/24/2026 19:15,14719,10.3,0.601,100,8250,97.98,25.9
6/24/2026 19:30,14722,10.3,0.601,100,8248,97.98,24.8
6/24/2026 19:45,14726,10.3,0.601,100,8241,97.99,23.9
6/24/2026 20:00,14730,10.3,0.601,100,8239,97.99,23.1
6/24/2026 20:15,14734,10.3,0.601,100,8232,98,22.6
6/24/2026 20:30,14737,10.3,0.601,100,8231,98.01,22
6/24/2026 20:45,14740,10.3,0.601,100,8225,98.01,21.4
6/24/2026 21:00,14655,10.3,0.604,100,8221,98.02,20.8
6/24/2026 21:15,14532,10.4,0.612,100,8221,98.02,20.1
6/24/2026 21:30,14536,10.4,0.608,100,8217,98.03,19.6
6/24/2026 21:45,14532,10.4,0.601,100,8214,98.03,19.2
6/24/2026 22:00,14512,10.4,0.603,100,8215,98.02,19
6/24/2026 22:15,14483,10.4,0.598,100,8209,98.04,18.9
6/24/2026 22:30,14449,10.4,0.6,100,8211,98.05,18.7
6/24/2026 22:45,14420,10.4,0.6,100,8207,98.06,18.4
6/24/2026 23:00,14404,10.4,0.597,100,8205,98.04,18.1
6/24/2026 23:15,14391,10.4,0.6,100,8205,98.04,17.8
6/24/2026 23:30,14378,10.4,0.6,100,8202,98.05,17.5
6/24/2026 23:45,14367,10.4,0.598,100,8202,98.05,17.3
6/25/2026 0:00,14360,10.4,0.597,100,8199,98.03,17.2
6/25/2026 0:15,14354,10.4,0.598,100,8172,98.04,17.1
6/25/2026 0:30,14349,10.4,0.604,100,8183,98.04,16.9
6/25/2026 0:45,14344,10.4,0.597,100,8180,98.04,16.7
6/25/2026 1:00,14341,10.4,0.6,100,8182,98.05,16.6
6/25/2026 1:15,14338,10.4,0.6,100,8177,98.05,16.4
6/25/2026 1:30,14334,10.4,0.598,100,8179,98.04,16.1
6/25/2026 1:45,14328,10.4,0.603,100,8179,98.03,15.7
6/25/2026 2:00,14320,10.4,0.601,100,8177,98.03,15.4
6/25/2026 2:15,14312,10.4,0.603,100,8174,98.02,15.2
6/25/2026 2:30,14303,10.4,0.601,100,8177,98.02,15
6/25/2026 2:45,14295,10.4,0.598,100,8171,98.02,14.9
6/25/2026 3:00,14286,10.4,0.597,100,8173,98.03,14.8
6/25/2026 3:15,14278,10.4,0.598,100,8173,98.03,14.7
6/25/2026 3:30,14270,10.4,0.598,100,8171,98.04,14.5
6/25/2026 3:45,14262,10.4,0.598,100,8171,98.04,14.3
6/25/2026 4:00,14255,10.4,0.596,100,8171,98.05,14.1
6/25/2026 4:15,14248,10.4,0.6,100,8168,98.05,14
6/25/2026 4:30,14241,10.4,0.603,100,8168,98.05,13.9
6/25/2026 4:45,14234,10.4,0.597,100,8166,98.06,13.8
6/25/2026 5:00,14227,10.4,0.601,100,8167,98.07,13.7
6/25/2026 5:15,14220,10.4,0.597,100,8164,98.08,13.6
6/25/2026 5:30,14212,10.4,0.593,100,8167,98.1,13.6
6/25/2026 5:45,14205,10.4,0.598,100,8164,98.11,13.6
6/25/2026 6:00,14198,10.4,0.6,100,8164,98.12,13.5
6/25/2026 6:15,14191,10.4,0.6,100,8161,98.11,13.5
6/25/2026 6:30,14182,10.4,0.598,100,8161,98.14,13.6
6/25/2026 6:45,14175,10.4,0.598,100,8160,98.14,13.8
6/25/2026 7:00,14168,10.4,0.6,100,8159,98.16,14.1
6/25/2026 7:15,14161,10.4,0.598,100,8161,98.17,14.4
6/25/2026 7:30,14156,10.4,0.6,100,8160,98.18,14.7
6/25/2026 7:45,14154,10.4,0.604,100,8158,98.18,14.8
6/25/2026 8:00,14153,10.4,0.601,100,8157,98.2,15.1
6/25/2026 8:15,14154,10.4,0.604,100,8156,98.22,15.3
6/25/2026 8:30,14159,10.4,0.6,100,8153,98.22,15.7
6/25/2026 8:45,14163,10.4,0.597,100,8155,98.22,16
6/25/2026 9:00,14154,10.4,0.6,100,8158,98.22,16.5
6/25/2026 9:15,14140,10.4,0.594,100,8157,98.22,16.9
6/25/2026 9:30,14126,10.4,0.598,100,8158,98.22,17.3
6/25/2026 9:45,14113,10.4,0.604,100,8155,98.24,17.7
6/25/2026 10:00,14115,10.4,0.6,100,8159,98.24,17.9
6/25/2026 10:15,14125,10.4,0.597,100,8156,98.25,18.2
6/25/2026 10:30,14137,10.4,0.598,100,8160,98.24,18.3
6/25/2026 10:45,14150,10.4,0.601,100,8161,98.24,18.8
6/25/2026 11:00,14163,10.4,0.597,100,8163,98.23,19.3
6/25/2026 11:15,14177,10.4,0.597,100,8167,98.22,19.7
6/25/2026 11:30,14189,10.4,0.603,100,8165,98.23,19.9
6/25/2026 11:45,14200,10.4,0.601,100,8170,98.24,20.2
6/25/2026 12:00,14211,10.4,0.603,100,8180,98.25,20.4
6/25/2026 12:15,14220,10.4,0.603,100,8196,98.26,21.7
6/25/2026 12:30,14229,10.4,0.601,100,8210,98.29,23
6/25/2026 12:45,14240,10.4,0.6,100,8228,98.27,24.2
6/25/2026 13:00,14249,10.4,0.6,100,8231,98.27,25.2
6/25/2026 13:15,14258,10.4,0.6,100,8244,98.28,25.4
6/25/2026 13:30,14266,10.4,0.597,100,8249,98.28,25.3
6/25/2026 13:45,14274,10.4,0.597,100,8257,98.29,25.4
6/25/2026 14:00,14282,10.4,0.601,100,8269,98.29,26
6/25/2026 14:15,14290,10.4,0.594,100,8272,98.28,26.6
6/25/2026 14:30,14297,10.4,0.603,100,8287,98.27,26.9
6/25/2026 14:45,14304,10.4,0.598,100,8278,98.27,27.5
6/25/2026 15:00,14311,10.4,0.597,100,8281,98.25,26.9
6/25/2026 15:15,14317,10.4,0.6,100,8291,98.24,27.5
6/25/2026 15:30,14321,10.4,0.601,100,8300,98.24,29
6/25/2026 15:45,14325,10.4,0.6,100,8301,98.23,30
6/25/2026 16:00,14329,10.4,0.598,100,8303,98.23,30.4
6/25/2026 16:15,14333,10.4,0.6,100,8300,98.23,30.5
6/25/2026 16:30,14333,10.4,0.597,100,8300,98.25,30.5
6/25/2026 16:45,14334,10.4,0.598,100,8301,98.26,30.2
6/25/2026 17:00,14337,10.4,0.597,100,8291,98.25,30.1
6/25/2026 17:15,14339,10.4,0.604,100,8297,98.25,29
6/25/2026 17:30,14340,10.4,0.6,100,8292,98.25,29.5
6/25/2026 17:45,14343,10.4,0.6,100,8292,98.23,29.3
6/25/2026 18:00,14346,10.4,0.597,100,8290,98.23,28.9
6/25/2026 18:15,14347,10.4,0.601,100,8284,98.24,28.2
6/25/2026 18:30,14349,10.4,0.601,100,8285,98.23,27.6
6/25/2026 18:45,14349,10.4,0.601,100,8278,98.22,27.3
6/25/2026 19:00,14347,10.4,0.596,100,8275,98.23,26.7
6/25/2026 19:15,14343,10.4,0.601,100,8265,98.23,25.3
6/25/2026 19:30,14337,10.4,0.604,100,8263,98.24,24.3
6/25/2026 19:45,14329,10.4,0.6,100,8257,98.27,23.4
6/25/2026 20:00,14321,10.4,0.601,100,8253,98.29,22.6
6/25/2026 20:15,14314,10.4,0.601,100,8249,98.31,22
6/25/2026 20:30,14338,10.4,0.6,100,8245,98.31,21.4
6/25/2026 20:45,14334,10.4,0.6,100,8241,98.3,20.7
6/25/2026 21:00,14493,10.5,0.597,100,8237,98.29,20.1
6/25/2026 21:15,14321,10.5,0.598,100,8237,98.29,19.5
6/25/2026 21:30,14312,10.6,0.603,100,8233,98.29,18.9
6/25/2026 21:45,14304,10.6,0.603,100,8231,98.31,18.4
6/25/2026 22:00,14288,10.6,0.601,100,8227,98.31,17.9
6/25/2026 22:15,14269,10.5,0.601,100,8225,98.33,17.5
6/25/2026 22:30,14250,10.5,0.601,100,8225,98.33,17.1
6/25/2026 22:45,14233,10.5,0.601,100,8221,98.34,16.8
6/25/2026 23:00,14216,10.5,0.597,100,8218,98.33,16.6
6/25/2026 23:15,14201,10.5,0.6,100,8218,98.34,16.3
6/25/2026 23:30,14187,10.5,0.6,100,8215,98.33,16
6/25/2026 23:45,14174,10.5,0.601,100,8216,98.34,15.8
6/26/2026 0:00,14173,10.5,0.598,100,8212,98.34,15.5
6/26/2026 0:15,14182,10.5,0.598,100,8209,98.33,15.3
6/26/2026 0:30,14193,10.5,0.601,100,8207,98.33,14.9
6/26/2026 0:45,14205,10.5,0.598,100,8203,98.34,14.6
6/26/2026 1:00,14216,10.5,0.6,100,8203,98.33,14.4
6/26/2026 1:15,14226,10.5,0.598,100,8202,98.33,14.2
6/26/2026 1:30,14235,10.5,0.601,100,8201,98.32,14
6/26/2026 1:45,14242,10.4,0.598,100,8202,98.31,13.8
6/26/2026 2:00,14248,10.4,0.604,100,8200,98.31,13.6
6/26/2026 2:15,14255,10.4,0.6,100,8199,98.31,13.5
6/26/2026 2:30,14258,10.4,0.597,100,8199,98.32,13.3
6/26/2026 2:45,14262,10.4,0.6,100,8198,98.34,13.2
6/26/2026 3:00,14265,10.4,0.597,100,8196,98.35,13
6/26/2026 3:15,14268,10.4,0.601,100,8194,98.37,12.9
6/26/2026 3:30,14271,10.4,0.6,100,8193,98.37,12.8
6/26/2026 3:45,14274,10.4,0.594,100,8193,98.38,12.7
6/26/2026 4:00,14276,10.4,0.598,100,8191,98.39,12.7
6/26/2026 4:15,14277,10.4,0.598,100,8191,98.4,12.8
6/26/2026 4:30,14279,10.4,0.603,100,8192,98.4,12.9
6/26/2026 4:45,14281,10.4,0.603,100,8191,98.39,13
6/26/2026 5:00,14284,10.4,0.598,100,8188,98.39,13
6/26/2026 5:15,14286,10.4,0.601,100,8188,98.37,13
6/26/2026 5:30,14288,10.4,0.603,100,8187,98.36,13
6/26/2026 5:45,14290,10.4,0.6,100,8186,98.35,13
6/26/2026 6:00,14291,10.4,0.601,100,8187,98.35,13
6/26/2026 6:15,14291,10.4,0.598,100,8184,98.36,13.1
6/26/2026 6:30,14291,10.4,0.603,100,8184,98.36,13.2
6/26/2026 6:45,14291,10.4,0.601,100,8184,98.37,13.4
6/26/2026 7:00,14290,10.4,0.598,100,8183,98.38,13.7
6/26/2026 7:15,14290,10.4,0.603,100,8180,98.39,14
6/26/2026 7:30,14293,10.4,0.596,100,8182,98.38,14.3
6/26/2026 7:45,14295,10.4,0.6,100,8181,98.38,14.8
6/26/2026 8:00,14300,10.4,0.6,100,8180,98.4,15.3
6/26/2026 8:15,14307,10.4,0.598,100,8179,98.4,15.9
6/26/2026 8:30,14314,10.4,0.598,100,8179,98.41,16.5
6/26/2026 8:45,14313,10.4,0.6,100,8178,98.41,17.1
6/26/2026 9:00,14303,10.4,0.598,100,8177,98.41,17.7
6/26/2026 9:15,14290,10.4,0.6,100,8180,98.41,18.4
6/26/2026 9:30,14277,10.4,0.6,100,8177,98.41,19.2
6/26/2026 9:45,14273,10.4,0.598,100,8174,98.39,19.9
6/26/2026 10:00,14310,10.4,0.6,100,8177,98.38,20.7
6/26/2026 10:15,14423,10.4,0.6,100,8178,98.35,21.4
6/26/2026 10:30,14360,10.4,0.593,100,8179,98.35,22.3
6/26/2026 10:45,14475,10.5,0.598,100,8183,98.36,22.6
6/26/2026 11:00,14337,10.5,0.598,100,8183,98.37,23.2
6/26/2026 11:15,14472,10.6,0.597,100,8186,98.38,23.6
6/26/2026 11:30,14563,10.4,0.592,100,8187,98.38,24.1
6/26/2026 11:45,14572,10.3,0.596,100,8189,98.37,24.4
6/26/2026 12:00,14582,10.3,0.597,100,8193,98.37,24.8
6/26/2026 12:15,14592,10.3,0.597,100,8194,98.37,25.4
6/26/2026 12:30,14600,10.3,0.598,100,8201,98.37,25.8
6/26/2026 12:45,14612,10.3,0.598,100,8210,98.35,26.3
6/26/2026 13:00,14622,10.3,0.598,100,8230,98.33,27.5
6/26/2026 13:15,14629,10.3,0.598,100,8242,98.33,28.7
6/26/2026 13:30,14635,10.3,0.6,100,8255,98.32,29.6
6/26/2026 13:45,14638,10.3,0.6,100,8253,98.32,30.1
6/26/2026 14:00,14636,10.3,0.6,100,8256,98.32,30.3
6/26/2026 14:15,14634,10.3,0.601,100,8259,98.3,29.9
6/26/2026 14:30,14630,10.3,0.6,100,8259,98.29,30.3
6/26/2026 14:45,14626,10.3,0.6,100,8250,98.29,29.7
6/26/2026 15:00,14623,10.3,0.6,100,8243,98.28,28.8
6/26/2026 15:15,14624,10.3,0.6,100,8238,98.28,28.2
6/26/2026 15:30,14626,10.3,0.601,100,8234,98.27,27.7
6/26/2026 15:45,14631,10.3,0.601,100,8234,98.27,27.1
6/26/2026 16:00,14637,10.3,0.601,100,8229,98.26,27
6/26/2026 16:15,14644,10.3,0.601,100,8228,98.25,26.9
6/26/2026 16:30,14652,10.3,0.601,100,8223,98.24,26.8
6/26/2026 16:45,14661,10.3,0.601,100,8222,98.23,26.6
6/26/2026 17:00,14668,10.3,0.601,100,8220,98.22,26.7
6/26/2026 17:15,14675,10.3,0.601,100,8218,98.22,26.9
6/26/2026 17:30,14682,10.3,0.601,100,8225,98.22,27.4
6/26/2026 17:45,14690,10.3,0.601,100,8234,98.21,28.5
6/26/2026 18:00,14694,10.3,0.601,100,8230,98.21,29.7
6/26/2026 18:15,14696,10.3,0.601,100,8224,98.21,28.5
6/26/2026 18:30,14697,10.3,0.601,100,8220,98.2,27.7
6/26/2026 18:45,14694,10.3,0.601,100,8221,98.21,27.5
6/26/2026 19:00,14691,10.3,0.601,100,8218,98.22,27.1
6/26/2026 19:15,14687,10.3,0.601,100,8215,98.22,26.5
6/26/2026 19:30,14682,10.3,0.601,100,8208,98.22,25.8
6/26/2026 19:45,14679,10.3,0.601,100,8204,98.21,25.1
6/26/2026 20:00,14677,10.3,0.601,100,8200,98.21,24.6
6/26/2026 20:15,14676,10.3,0.601,100,8198,98.21,24.2
6/26/2026 20:30,14669,10.3,0.601,100,8193,98.21,23.7
6/26/2026 20:45,14654,10.3,0.601,100,8192,98.22,23.2
6/26/2026 21:00,14638,10.3,0.601,100,8190,98.22,22.7
6/26/2026 21:15,14622,10.3,0.601,100,8186,98.22,22.2
6/26/2026 21:30,14607,10.3,0.601,100,8183,98.23,21.8
6/26/2026 21:45,14603,10.3,0.601,100,8180,98.23,21.4
6/26/2026 22:00,14609,10.3,0.601,100,8179,98.24,21.1
6/26/2026 22:15,14618,10.3,0.601,100,8178,98.26,20.9
6/26/2026 22:30,14629,10.3,0.601,100,8174,98.26,20.6
6/26/2026 22:45,14641,10.3,0.601,100,8173,98.26,20.2
6/26/2026 23:00,14652,10.3,0.601,100,8171,98.26,19.9
6/26/2026 23:15,14663,10.3,0.601,100,8169,98.27,19.5
6/26/2026 23:30,14672,10.3,0.601,100,8170,98.27,19.2
6/26/2026 23:45,14683,10.3,0.601,100,8168,98.25,18.8
6/27/2026 0:00,14691,10.3,0.601,100,8167,98.26,18.6
6/27/2026 0:15,14700,10.3,0.601,100,8137,98.26,18.5
6/27/2026 0:30,14706,10.3,0.601,100,8150,98.27,18.2
6/27/2026 0:45,14711,10.3,0.601,100,8150,98.28,17.8
6/27/2026 1:00,14714,10.3,0.601,100,8148,98.3,17.6
6/27/2026 1:15,14714,10.3,0.601,100,8149,98.31,17.3
6/27/2026 1:30,14714,10.3,0.601,100,8147,98.3,17
6/27/2026 1:45,14712,10.3,0.601,100,8147,98.32,16.8
6/27/2026 2:00,14710,10.3,0.601,100,8145,98.33,16.6
6/27/2026 2:15,14709,10.3,0.601,100,8143,98.31,16.4
6/27/2026 2:30,14707,10.3,0.601,100,8142,98.31,16.2
6/27/2026 2:45,14703,10.3,0.601,100,8143,98.32,16
6/27/2026 3:00,14700,10.3,0.603,100,8141,98.34,15.8
6/27/2026 3:15,14699,10.3,0.601,100,8142,98.32,15.6
6/27/2026 3:30,14698,10.3,0.601,100,8139,98.32,15.5
6/27/2026 3:45,14696,10.3,0.601,100,8140,98.31,15.4
6/27/2026 4:00,14695,10.3,0.601,100,8137,98.29,15.2
6/27/2026 4:15,14694,10.3,0.603,100,8139,98.29,15.1
6/27/2026 4:30,14693,10.3,0.601,100,8138,98.26,15
6/27/2026 4:45,14693,10.3,0.603,100,8136,98.25,14.8
6/27/2026 5:00,14694,10.3,0.601,100,8135,98.23,14.7
6/27/2026 5:15,14693,10.3,0.601,100,8135,98.22,14.6
6/27/2026 5:30,14691,10.3,0.603,100,8135,98.23,14.5
6/27/2026 5:45,14691,10.3,0.601,100,8133,98.22,14.4
6/27/2026 6:00,14689,10.3,0.603,100,8133,98.23,14.4
6/27/2026 6:15,14688,10.3,0.603,100,8130,98.23,14.4
6/27/2026 6:30,14614,10.3,0.601,100,8132,98.24,14.6
6/27/2026 6:45,14476,10.4,0.612,100,8131,98.26,14.9
6/27/2026 7:00,14479,10.4,0.604,100,8131,98.26,15.2
6/27/2026 7:15,14478,10.4,0.6,100,8130,98.3,15.6
6/27/2026 7:30,14476,10.4,0.603,100,8128,98.33,15.9
6/27/2026 7:45,14479,10.4,0.603,100,8130,98.33,16.3
6/27/2026 8:00,14485,10.4,0.604,100,8129,98.31,16.9
6/27/2026 8:15,14490,10.4,0.603,100,8132,98.31,17.5
6/27/2026 8:30,14490,10.4,0.6,100,8128,98.3,18.4
6/27/2026 8:45,14480,10.4,0.597,100,8128,98.29,19.2
6/27/2026 9:00,14469,10.4,0.596,100,8127,98.27,19.6
6/27/2026 9:15,14457,10.4,0.604,100,8128,98.26,19.9
6/27/2026 9:30,14446,10.4,0.598,100,8127,98.26,20.2
6/27/2026 9:45,14436,10.4,0.601,100,8124,98.23,20.8
6/27/2026 10:00,14428,10.4,0.603,100,8126,98.21,21.3
6/27/2026 10:15,14424,10.4,0.6,100,8122,98.18,21.7
6/27/2026 10:30,14434,10.4,0.6,100,8121,98.16,22.5
6/27/2026 10:45,14448,10.4,0.6,100,8123,98.17,22.5
6/27/2026 11:00,14463,10.4,0.598,100,8120,98.19,22.7
6/27/2026 11:15,14476,10.4,0.6,100,8120,98.19,23.2
6/27/2026 11:30,14488,10.4,0.603,100,8120,98.16,23.6
6/27/2026 11:45,14496,10.4,0.601,100,8125,98.15,24.2
6/27/2026 12:00,14500,10.4,0.605,100,8140,98.14,25.8
6/27/2026 12:15,14500,10.4,0.597,100,8156,98.13,27.2
6/27/2026 12:30,14499,10.4,0.604,100,8172,98.11,28.2
6/27/2026 12:45,14496,10.4,0.597,100,8190,98.09,29.3
6/27/2026 13:00,14491,10.4,0.598,100,8204,98.07,30.2
6/27/2026 13:15,14486,10.4,0.596,100,8217,98.06,31
6/27/2026 13:30,14483,10.4,0.598,100,8232,98.04,31.8
6/27/2026 13:45,14478,10.4,0.596,100,8243,98.04,32.4
6/27/2026 14:00,14478,10.4,0.597,100,8253,98.03,33
6/27/2026 14:15,14481,10.4,0.598,100,8263,98,33.6
6/27/2026 14:30,14487,10.4,0.601,100,8269,97.99,34.4
6/27/2026 14:45,14496,10.4,0.598,100,8275,97.97,34.8
6/27/2026 15:00,14506,10.4,0.597,100,8278,97.96,35.5
6/27/2026 15:15,14516,10.4,0.598,100,8281,97.95,36.2
6/27/2026 15:30,14528,10.4,0.603,100,8283,97.96,36.7
6/27/2026 15:45,14540,10.4,0.6,100,8281,97.93,37.4
6/27/2026 16:00,14553,10.4,0.601,100,8281,97.91,37.6
6/27/2026 16:15,14565,10.4,0.6,100,8275,97.9,37.2
6/27/2026 16:30,14577,10.4,0.6,100,8271,97.88,37.8
6/27/2026 16:45,14588,10.4,0.597,100,8269,97.87,37.6
6/27/2026 17:00,14599,10.4,0.601,100,8265,97.86,37.5
6/27/2026 17:15,14609,10.4,0.6,100,8261,97.85,37.5
6/27/2026 17:30,14618,10.4,0.601,100,8248,97.85,36.5
6/27/2026 17:45,14627,10.4,0.597,100,8236,97.84,34.9
6/27/2026 18:00,14634,10.4,0.593,100,8227,97.84,32.4
6/27/2026 18:15,14637,10.4,0.598,100,8213,97.85,30.2
6/27/2026 18:30,14639,10.4,0.601,100,8205,97.85,28.8
6/27/2026 18:45,14638,10.4,0.6,100,8199,97.84,27.8
6/27/2026 19:00,14636,10.4,0.6,100,8198,97.86,27.1
6/27/2026 19:15,14634,10.4,0.6,100,8192,97.85,26.5
6/27/2026 19:30,14631,10.4,0.601,100,8190,97.85,26
6/27/2026 19:45,14630,10.4,0.6,100,8182,97.85,25.6
6/27/2026 20:00,14632,10.4,0.6,100,8181,97.86,25.3
6/27/2026 20:15,14636,10.4,0.6,100,8179,97.85,25
6/27/2026 20:30,14640,10.4,0.598,100,8175,97.84,24.7
6/27/2026 20:45,14645,10.4,0.594,100,8174,97.83,24.5
6/27/2026 21:00,14652,10.4,0.6,100,8171,97.82,24.2
6/27/2026 21:15,14659,10.4,0.6,100,8166,97.81,24
6/27/2026 21:30,14665,10.4,0.598,100,8166,97.83,23.8
6/27/2026 21:45,14670,10.4,0.601,100,8164,97.83,23.6
6/27/2026 22:00,14676,10.4,0.598,100,8161,97.84,23.5
6/27/2026 22:15,14683,10.4,0.6,100,8161,97.83,23.3
6/27/2026 22:30,14689,10.4,0.597,100,8158,97.82,23.1
6/27/2026 22:45,14685,10.4,0.604,100,8155,97.81,22.9
6/27/2026 23:00,14671,10.4,0.596,100,8155,97.81,22.6
6/27/2026 23:15,14653,10.4,0.596,100,8152,97.82,22.2
6/27/2026 23:30,14636,10.4,0.603,100,8152,97.83,21.9
6/27/2026 23:45,14621,10.4,0.597,100,8148,97.83,21.7
6/28/2026 0:00,14611,10.4,0.597,100,8146,97.84,21.5
6/28/2026 0:15,14612,10.4,0.6,100,8120,97.84,21.7
6/28/2026 0:30,14618,10.4,0.601,100,8133,97.84,21.6
6/28/2026 0:45,14620,10.4,0.598,100,8130,97.86,21.4
6/28/2026 1:00,14622,10.4,0.598,100,8132,97.84,21.4
6/28/2026 1:15,14616,10.4,0.598,100,8129,97.83,21.4
6/28/2026 1:30,14606,10.4,0.601,100,8129,97.83,21.4
6/28/2026 1:45,14594,10.4,0.6,100,8126,97.8,21.4
6/28/2026 2:00,14578,10.4,0.6,100,8128,97.8,21.2
6/28/2026 2:15,14561,10.4,0.598,100,8124,97.77,20.9
6/28/2026 2:30,14546,10.4,0.6,100,8124,97.73,20.7
6/28/2026 2:45,14528,10.4,0.6,100,8124,97.71,20.6
6/28/2026 3:00,14510,10.4,0.596,100,8122,97.69,20.4
6/28/2026 3:15,14495,10.4,0.604,100,8123,97.64,20.3
6/28/2026 3:30,14476,10.4,0.598,100,8119,97.65,20.1
6/28/2026 3:45,14455,10.4,0.604,100,8117,97.67,19.9
6/28/2026 4:00,14437,10.4,0.603,100,8117,97.67,19.9
6/28/2026 4:15,14418,10.4,0.597,100,8117,97.69,19.9
6/28/2026 4:30,14400,10.4,0.601,100,8115,97.68,19.8
6/28/2026 4:45,14385,10.4,0.603,100,8117,97.64,19.7
6/28/2026 5:00,14368,10.4,0.598,100,8113,97.61,19.7
6/28/2026 5:15,14351,10.4,0.6,100,8111,97.6,19.7
6/28/2026 5:30,14334,10.4,0.603,100,8114,97.61,19.8
6/28/2026 5:45,14316,10.4,0.598,100,8111,97.6,19.8
6/28/2026 6:00,14300,10.4,0.598,100,8113,97.6,19.9
6/28/2026 6:15,14283,10.4,0.604,100,8110,97.59,19.9
6/28/2026 6:30,14267,10.4,0.603,100,8109,97.59,19.9
6/28/2026 6:45,14251,10.4,0.603,100,8107,97.59,19.9
6/28/2026 7:00,14234,10.4,0.594,100,8107,97.63,19.8
6/28/2026 7:15,14217,10.4,0.6,100,8106,97.66,19.8
6/28/2026 7:30,14202,10.4,0.601,100,8106,97.68,19.8
6/28/2026 7:45,14190,10.4,0.601,100,8107,97.71,19.8
6/28/2026 8:00,14183,10.4,0.6,100,8104,97.68,19.7
6/28/2026 8:15,14176,10.4,0.594,100,8104,97.71,19.6
6/28/2026 8:30,14169,10.4,0.601,100,8104,97.78,19.5
6/28/2026 8:45,14174,10.4,0.597,100,8102,97.7,19
6/28/2026 9:00,14189,10.4,0.6,100,8102,97.49,18.6
6/28/2026 9:15,14197,10.4,0.597,100,8099,97.38,18.5
6/28/2026 9:30,14193,10.4,0.598,100,8101,97.5,18.6
6/28/2026 9:45,14195,10.4,0.601,100,8098,97.53,18.6
6/28/2026 10:00,14199,10.4,0.598,100,8098,97.52,18.7
6/28/2026 10:15,14210,10.4,0.597,100,8097,97.42,18.7
6/28/2026 10:30,14218,10.4,0.597,100,8096,97.35,18.7
6/28/2026 10:45,14225,10.4,0.598,100,8097,97.3,18.8
6/28/2026 11:00,14230,10.4,0.603,100,8095,97.28,18.9
6/28/2026 11:15,14234,10.4,0.6,100,8093,97.25,19
6/28/2026 11:30,14238,10.4,0.601,100,8092,97.26,19.2
6/28/2026 11:45,14240,10.4,0.601,100,8095,97.26,19.5
6/28/2026 12:00,14242,10.4,0.598,100,8098,97.25,20.1
6/28/2026 12:15,14244,10.4,0.597,100,8106,97.24,20.9
6/28/2026 12:30,14245,10.4,0.598,100,8114,97.24,21.8
6/28/2026 12:45,14247,10.4,0.605,100,8126,97.23,22.8
6/28/2026 13:00,14246,10.4,0.598,100,8142,97.23,24.1
6/28/2026 13:15,14245,10.4,0.6,100,8156,97.24,25.3
6/28/2026 13:30,14246,10.4,0.601,100,8169,97.24,25.9
6/28/2026 13:45,14247,10.4,0.6,100,8184,97.24,26.9
6/28/2026 14:00,14247,10.4,0.603,100,8200,97.25,28.1
6/28/2026 14:15,14249,10.4,0.598,100,8214,97.25,29
6/28/2026 14:30,14251,10.4,0.6,100,8222,97.25,29.6
6/28/2026 14:45,14250,10.4,0.594,100,8232,97.25,30.1
6/28/2026 15:00,14236,10.4,0.601,100,8239,97.25,30.6
6/28/2026 15:15,14218,10.4,0.603,100,8246,97.27,31.5
6/28/2026 15:30,14198,10.4,0.604,100,8235,97.28,31.2
6/28/2026 15:45,14184,10.4,0.6,100,8228,97.29,29.9
6/28/2026 16:00,14184,10.4,0.601,100,8220,97.29,28.9
6/28/2026 16:15,14190,10.4,0.596,100,8216,97.29,28.2
6/28/2026 16:30,14198,10.4,0.598,100,8212,97.29,27.5
6/28/2026 16:45,14206,10.4,0.594,100,8206,97.29,27
6/28/2026 17:00,14214,10.4,0.596,100,8204,97.29,26.6
6/28/2026 17:15,14223,10.4,0.603,100,8200,97.28,26.4
6/28/2026 17:30,14233,10.4,0.597,100,8195,97.26,26.4
6/28/2026 17:45,14240,10.4,0.601,100,8193,97.26,26.2
6/28/2026 18:00,14247,10.4,0.6,100,8187,97.26,25.8
6/28/2026 18:15,14254,10.4,0.598,100,8182,97.26,25.5
6/28/2026 18:30,14260,10.4,0.604,100,8180,97.25,25.3
6/28/2026 18:45,14265,10.4,0.597,100,8179,97.25,25.1
6/28/2026 19:00,14270,10.4,0.598,100,8177,97.26,25
6/28/2026 19:15,14275,10.4,0.601,100,8171,97.27,24.8
6/28/2026 19:30,14279,10.4,0.598,100,8168,97.27,24.6
6/28/2026 19:45,14284,10.4,0.601,100,8167,97.27,24.5
6/28/2026 20:00,14288,10.4,0.603,100,8166,97.26,24.4
6/28/2026 20:15,14292,10.4,0.598,100,8160,97.26,24.3
6/28/2026 20:30,14296,10.4,0.598,100,8161,97.25,24.2
6/28/2026 20:45,14298,10.4,0.601,100,8158,97.26,24.2
6/28/2026 21:00,14300,10.4,0.601,100,8157,97.26,24
6/28/2026 21:15,14300,10.4,0.594,100,8154,97.25,23.9
6/28/2026 21:30,14297,10.4,0.6,100,8151,97.26,23.7
6/28/2026 21:45,14292,10.4,0.6,100,8151,97.28,23.6
6/28/2026 22:00,14285,10.4,0.601,100,8145,97.29,23.5
6/28/2026 22:15,14277,10.4,0.598,100,8145,97.3,23.4
6/28/2026 22:30,14263,10.4,0.596,100,8144,97.29,23.4
6/28/2026 22:45,14238,10.4,0.603,100,8142,97.29,23.4
6/28/2026 23:00,14213,10.4,0.597,100,8141,97.29,23.3
6/28/2026 23:15,14191,10.4,0.598,100,8139,97.27,23.3
6/28/2026 23:30,14172,10.4,0.6,100,8139,97.25,23.3
6/28/2026 23:45,14154,10.4,0.6,100,8137,97.25,23.3
6/29/2026 0:00,14139,10.4,0.6,100,8136,97.25,23.3
6/29/2026 0:15,14131,10.4,0.601,100,8109,97.25,23.5
6/29/2026 0:30,14139,10.4,0.6,100,8121,97.25,23.5
6/29/2026 0:45,14154,10.4,0.597,100,8121,97.24,23.4
6/29/2026 1:00,14173,10.4,0.598,100,8115,97.24,23.4
6/29/2026 1:15,14192,10.4,0.6,100,8116,97.24,23.4
6/29/2026 1:30,14211,10.4,0.598,100,8114,97.24,23.4
6/29/2026 1:45,14228,10.4,0.604,100,8116,97.23,23.4
6/29/2026 2:00,14244,10.4,0.6,100,8115,97.23,23.4
6/29/2026 2:15,14257,10.4,0.598,100,8115,97.22,23.5
6/29/2026 2:30,14270,10.4,0.596,100,8112,97.22,23.6
6/29/2026 2:45,14281,10.4,0.596,100,8110,97.21,23.6
6/29/2026 3:00,14291,10.4,0.6,100,8109,97.21,23.6
6/29/2026 3:15,14298,10.4,0.597,100,8108,97.21,23.5
6/29/2026 3:30,14306,10.4,0.597,100,8107,97.21,23.5
6/29/2026 3:45,14313,10.4,0.598,100,8104,97.21,23.5
6/29/2026 4:00,14318,10.4,0.603,100,8104,97.22,23.4
6/29/2026 4:15,14323,10.4,0.601,100,8104,97.22,23.4
6/29/2026 4:30,14328,10.4,0.601,100,8106,97.22,23.5
6/29/2026 4:45,14331,10.4,0.6,100,8099,97.23,23.4
6/29/2026 5:00,14333,10.4,0.603,100,8099,97.23,23.4
6/29/2026 5:15,14335,10.4,0.598,100,8099,97.22,23.6
6/29/2026 5:30,14334,10.4,0.597,100,8098,97.22,23.8
6/29/2026 5:45,14332,10.4,0.598,100,8098,97.22,24
6/29/2026 6:00,14328,10.4,0.601,100,8097,97.22,24.2
6/29/2026 6:15,14323,10.4,0.601,100,8095,97.21,24.6
6/29/2026 6:30,14316,10.4,0.593,100,8095,97.21,24.8
6/29/2026 6:45,14307,10.4,0.593,100,8092,97.23,25
6/29/2026 7:00,14299,10.4,0.597,100,8094,97.23,25.1
6/29/2026 7:15,14289,10.4,0.598,100,8089,97.24,25.4
6/29/2026 7:30,14281,10.5,0.597,100,8091,97.26,25.6
6/29/2026 7:45,14275,10.6,0.597,100,8089,97.25,25.9
6/29/2026 8:00,14270,10.8,0.6,100,8087,97.26,26.2
6/29/2026 8:15,14456,10.6,0.596,100,8087,97.24,26.6
6/29/2026 8:30,14460,10.4,0.592,100,8088,97.24,27.1
6/29/2026 8:45,14454,10.3,0.596,100,8085,97.25,27.8
6/29/2026 9:00,14448,10.3,0.598,100,8084,97.27,27.9
6/29/2026 9:15,14443,10.3,0.598,100,8082,97.28,28.1
6/29/2026 9:30,14441,10.3,0.598,100,8082,97.28,28.5
6/29/2026 9:45,14443,10.3,0.598,100,8080,97.25,28.8
6/29/2026 10:00,14437,10.3,0.598,100,8081,97.24,29.1
6/29/2026 10:15,14422,10.3,0.6,100,8077,97.22,29.3
6/29/2026 10:30,14403,10.3,0.6,100,8082,97.22,30
6/29/2026 10:45,14386,10.3,0.6,100,8080,97.23,29.9
6/29/2026 11:00,14372,10.3,0.6,100,8081,97.22,30.2
6/29/2026 11:15,14359,10.3,0.6,100,8081,97.2,30.6
6/29/2026 11:30,14348,10.3,0.6,100,8079,97.2,30.7
6/29/2026 11:45,14339,10.3,0.6,100,8084,97.19,31
6/29/2026 12:00,14337,10.3,0.6,100,8092,97.19,31.6
6/29/2026 12:15,14349,10.3,0.6,100,8097,97.16,32.1
6/29/2026 12:30,14366,10.3,0.601,100,8107,97.15,32.4
6/29/2026 12:45,14384,10.3,0.601,100,8108,97.12,32.4
6/29/2026 13:00,14402,10.3,0.601,100,8115,97.11,32.9
6/29/2026 13:15,14419,10.3,0.601,100,8127,97.1,33.2
6/29/2026 13:30,14435,10.3,0.601,100,8132,97.09,33.8
6/29/2026 13:45,14440,10.3,0.601,100,8139,97.1,33.7
6/29/2026 14:00,14437,10.3,0.601,100,8153,97.09,34.2
6/29/2026 14:15,14434,10.3,0.601,100,8158,97.09,35.1
6/29/2026 14:30,14444,10.3,0.601,100,8164,97.07,35.7
6/29/2026 14:45,14458,10.3,0.601,100,8177,97.05,36
6/29/2026 15:00,14475,10.3,0.601,100,8182,97.03,36.4
6/29/2026 15:15,14492,10.3,0.601,100,8192,97.02,36.8
6/29/2026 15:30,14508,10.3,0.601,100,8196,97.01,37.3
6/29/2026 15:45,14523,10.3,0.603,100,8202,97.02,37.7
6/29/2026 16:00,14536,10.3,0.601,100,8205,97.02,38
6/29/2026 16:15,14537,10.3,0.601,100,8202,97.03,37.8
6/29/2026 16:30,14530,10.3,0.601,100,8195,97.03,37.4
6/29/2026 16:45,14528,10.3,0.601,100,8184,97.02,36.3
6/29/2026 17:00,14439,10.3,0.604,100,8191,97.02,36.1
6/29/2026 17:15,14331,10.5,0.608,100,8190,97.03,36.2
6/29/2026 17:30,14341,10.7,0.61,100,8183,97.05,35.8
6/29/2026 17:45,14346,10.8,0.605,100,8186,97.06,35.5
6/29/2026 18:00,14352,10.9,0.604,100,8181,97.07,35.5
6/29/2026 18:15,14359,11,0.607,100,8173,97.07,34.9
6/29/2026 18:30,14365,10.9,0.605,100,8167,97.07,34.1
6/29/2026 18:45,14371,10.8,0.603,100,8162,97.07,33.7
6/29/2026 19:00,14377,10.7,0.598,100,8155,97.09,33.2
6/29/2026 19:15,14383,10.7,0.601,100,8153,97.1,32.8
6/29/2026 19:30,14389,10.8,0.598,100,8146,97.12,32.3
6/29/2026 19:45,14394,10.9,0.601,100,8141,97.13,32
6/29/2026 20:00,14396,11,0.6,100,8139,97.14,31.7
6/29/2026 20:15,14397,11,0.604,100,8133,97.16,31.3
6/29/2026 20:30,14397,11.1,0.6,100,8130,97.17,31
6/29/2026 20:45,14396,11.1,0.601,100,8127,97.17,30.8
6/29/2026 21:00,14395,11.1,0.6,100,8121,97.16,30.5
6/29/2026 21:15,14392,11.1,0.596,100,8119,97.15,30.2
6/29/2026 21:30,14390,11.1,0.598,100,8118,97.15,29.8
6/29/2026 21:45,14385,11.2,0.604,100,8117,97.17,29.5
6/29/2026 22:00,14381,11.2,0.603,100,8109,97.17,29.2
6/29/2026 22:15,14377,11.2,0.6,100,8109,97.19,29
6/29/2026 22:30,14371,11.2,0.598,100,8107,97.2,28.7
6/29/2026 22:45,14365,11.2,0.598,100,8101,97.24,28.6
6/29/2026 23:00,14359,11.2,0.6,100,8102,97.24,28.4
6/29/2026 23:15,14340,11.2,0.604,100,8101,97.23,28.3
6/29/2026 23:30,14344,11.2,0.601,100,8099,97.27,28.2
6/29/2026 23:45,14361,11,0.598,100,8098,97.28,28.2
6/30/2026 0:00,14416,11,0.596,100,8097,97.25,28.3
6/30/2026 0:15,14471,10.6,0.59,100,8072,97.21,28.6
6/30/2026 0:30,14360,10.4,0.594,100,8080,97.15,28.6
6/30/2026 0:45,14393,10.8,0.596,100,8078,97.1,28.4
6/30/2026 1:00,14409,10.6,0.59,100,8079,97.12,28.4
6/30/2026 1:15,14296,10.9,0.597,100,8076,97.13,28.4
6/30/2026 1:30,14337,11.1,0.601,100,8077,97.13,28.4
6/30/2026 1:45,14343,11.1,0.598,100,8075,97.14,28.4
6/30/2026 2:00,14350,11.2,0.598,100,8075,97.17,28.4
6/30/2026 2:15,14352,11.1,0.601,100,8073,97.2,28.3
6/30/2026 2:30,14374,11.2,0.605,100,8072,97.21,28.2
6/30/2026 2:45,14347,11.1,0.601,100,8067,97.23,28
6/30/2026 3:00,14417,11.2,0.598,100,8068,97.25,27.9
6/30/2026 3:15,14340,11,0.601,100,8069,97.27,27.8
6/30/2026 3:30,14552,10.8,0.593,100,8066,97.29,27.7
6/30/2026 3:45,14546,10.5,0.592,100,8065,97.32,27.6
6/30/2026 4:00,14543,10.4,0.596,100,8064,97.34,27.4
6/30/2026 4:15,14539,10.4,0.597,100,8062,97.37,27.3
6/30/2026 4:30,14322,10.6,0.601,100,8061,97.4,27.2
6/30/2026 4:45,14326,11,0.603,100,8060,97.39,27.2
6/30/2026 5:00,14320,11.1,0.6,100,8057,97.38,27.2
6/30/2026 5:15,14311,11.2,0.603,100,8059,97.38,27.1
6/30/2026 5:30,14298,11.1,0.598,100,8057,97.45,26.7
6/30/2026 5:45,14280,11,0.596,100,8053,97.59,26.3
6/30/2026 6:00,14272,11,0.6,100,8056,97.6,26
6/30/2026 6:15,14262,10.9,0.605,100,8053,97.7,25.7
6/30/2026 6:30,14258,10.9,0.604,100,8052,97.71,25
6/30/2026 6:45,14257,10.9,0.601,100,8050,97.7,24
6/30/2026 7:00,14256,10.8,0.603,100,8047,97.67,22.6
6/30/2026 7:15,14255,10.8,0.601,100,8047,97.52,21.8
6/30/2026 7:30,14239,10.8,0.6,100,8047,97.46,21.4
6/30/2026 7:45,14294,10.7,0.601,100,8044,97.44,21.2
6/30/2026 8:00,14216,10.8,0.597,100,8044,97.32,21
6/30/2026 8:15,14399,10.7,0.594,100,8043,97.16,21
6/30/2026 8:30,14289,10.5,0.59,100,8041,97.14,21.1
6/30/2026 8:45,14241,10.8,0.596,100,8044,97.18,21.7
6/30/2026 9:00,14356,10.6,0.592,100,8043,97.27,22.5
6/30/2026 9:15,14352,10.4,0.593,100,8043,97.32,23.4
6/30/2026 9:30,14352,10.4,0.596,100,8044,97.39,24.2
6/30/2026 9:45,14151,10.5,0.603,100,8042,97.42,24.9
6/30/2026 10:00,14166,10.9,0.597,100,8041,97.44,25.6
6/30/2026 10:15,14173,11,0.6,100,8041,97.47,26
6/30/2026 10:30,14180,10.9,0.601,100,8042,97.48,27
6/30/2026 10:45,14187,10.9,0.6,100,8041,97.48,27
6/30/2026 11:00,14234,10.8,0.6,100,8042,97.48,27.4
6/30/2026 11:15,14201,10.9,0.604,100,8042,97.48,27.8
6/30/2026 11:30,14209,11,0.598,100,8042,97.49,28.4
6/30/2026 11:45,14215,11.1,0.598,100,8048,97.5,29.2
6/30/2026 12:00,14222,11.2,0.601,100,8063,97.5,30.7
6/30/2026 12:15,14227,11.2,0.601,100,8076,97.51,31.7
6/30/2026 12:30,14234,11.2,0.601,100,8089,97.51,32.5
6/30/2026 12:45,14240,11.2,0.6,100,8101,97.51,33.2
6/30/2026 13:00,14246,11.3,0.603,100,8114,97.51,33.7
6/30/2026 13:15,14251,11.3,0.601,100,8130,97.52,34.2
6/30/2026 13:30,14250,11.3,0.598,100,8142,97.52,34.5
6/30/2026 13:45,14237,11.3,0.601,100,8155,97.52,35.2
6/30/2026 14:00,14219,11.3,0.598,100,8167,97.52,36
6/30/2026 14:15,14216,11.3,0.598,100,8179,97.51,37
6/30/2026 14:30,14292,11,0.597,100,8188,97.51,37.8
6/30/2026 14:45,14164,11.1,0.598,100,8193,97.51,38.5
6/30/2026 15:00,14150,11.3,0.605,100,8193,97.5,39
6/30/2026 15:15,14224,11.3,0.596,100,8198,97.51,38.9
6/30/2026 15:30,14162,11,0.604,100,8202,97.51,39.6
6/30/2026 15:45,14148,11.2,0.6,100,8200,97.51,40.5
6/30/2026 16:00,14244,11.3,0.597,100,8204,97.51,40.6
6/30/2026 16:15,14179,11,0.598,100,8203,97.5,41.1
6/30/2026 16:30,14177,11.3,0.601,100,8202,97.48,41.8
6/30/2026 16:45,14183,11.3,0.598,100,8198,97.49,42.4
6/30/2026 17:00,14188,11.3,0.6,100,8191,97.48,42.4
6/30/2026 17:15,14190,11.3,0.601,100,8186,97.47,42.2
6/30/2026 17:30,14191,11.3,0.597,100,8180,97.47,41.6
6/30/2026 17:45,14192,11.3,0.598,100,8167,97.47,40.8
6/30/2026 18:00,14194,11.3,0.597,100,8164,97.46,39.4
6/30/2026 18:15,14225,11.3,0.6,100,8158,97.46,38.6
6/30/2026 18:30,14402,10.9,0.594,100,8152,97.46,37.4
6/30/2026 18:45,14403,10.6,0.593,100,8144,97.47,36.4
6/30/2026 19:00,14410,10.5,0.596,100,8139,97.46,35.1
6/30/2026 19:15,14403,10.4,0.598,100,8129,97.46,33.8
6/30/2026 19:30,14238,10.8,0.605,100,8126,97.47,32.9
6/30/2026 19:45,14438,10.8,0.594,100,8122,97.48,32.3
6/30/2026 20:00,14239,10.8,0.604,100,8119,97.49,31.7
6/30/2026 20:15,14415,10.8,0.594,100,8114,97.5,31.1
6/30/2026 20:30,14296,11,0.603,100,8111,97.52,30.5
6/30/2026 20:45,14371,10.9,0.601,100,8107,97.51,29.8
6/30/2026 21:00,14370,11.2,0.601,100,8104,97.52,29.1
6/30/2026 21:15,14318,10.9,0.6,100,8102,97.54,28.5
6/30/2026 21:30,14394,11.1,0.598,100,8099,97.56,28
6/30/2026 21:45,14240,11,0.596,100,8098,97.57,27.5
6/30/2026 22:00,14365,11,0.592,100,8095,97.58,27
6/30/2026 22:15,14255,11.1,0.594,100,8092,97.6,26.7
6/30/2026 22:30,14316,10.8,0.594,100,8094,97.61,26.4
6/30/2026 22:45,14270,11.2,0.598,100,8087,97.62,26
6/30/2026 23:00,14305,10.8,0.593,100,8086,97.62,25.7
6/30/2026 23:15,14303,11.2,0.6,100,8085,97.63,25.4
6/30/2026 23:30,14303,10.8,0.594,100,8084,97.64,25.1
6/30/2026 23:45,14336,11.2,0.596,100,8084,97.64,24.9
7/1/2026 0:00,14306,10.8,0.594,100,8080,97.64,24.6
7/1/2026 0:15,14365,11.2,0.597,100,8052,97.65,24.5
7/1/2026 0:30,14322,10.8,0.596,100,8068,97.66,24.3
7/1/2026 0:45,14377,11.2,0.6,100,8064,97.69,24
7/1/2026 1:00,14321,10.8,0.597,100,8065,97.71,23.7
7/1/2026 1:15,14408,11.2,0.596,100,8065,97.7,23.5
7/1/2026 1:30,14343,10.8,0.598,100,8063,97.71,23.4
7/1/2026 1:45,14431,11.2,0.598,100,8063,97.7,23.2
7/1/2026 2:00,14395,10.7,0.597,100,8061,97.71,23
7/1/2026 2:15,14428,11.2,0.6,100,8061,97.69,22.9
7/1/2026 2:30,14476,10.6,0.592,100,8060,97.66,22.9
7/1/2026 2:45,14400,11.2,0.603,100,8060,97.65,22.9
7/1/2026 3:00,14546,10.7,0.59,100,8059,97.61,22.8
7/1/2026 3:15,14382,11.1,0.607,100,8057,97.57,22.6
7/1/2026 3:30,14589,10.8,0.592,100,8057,97.55,22.4
7/1/2026 3:45,14429,10.9,0.604,100,8054,97.55,22.3
7/1/2026 4:00,14569,11,0.594,100,8057,97.55,22.3
7/1/2026 4:15,14498,10.7,0.596,100,8055,97.6,22.3
7/1/2026 4:30,14525,11.2,0.6,100,8054,97.61,22.4
7/1/2026 4:45,14579,10.6,0.592,100,8054,97.56,22.4
7/1/2026 5:00,14433,11.2,0.603,100,8054,97.56,22.5
7/1/2026 5:15,14624,10.8,0.592,100,8053,97.57,22.6
7/1/2026 5:30,14617,10.4,0.593,100,8051,97.57,22.6
7/1/2026 5:45,14614,10.4,0.597,100,8050,97.54,22.6
7/1/2026 6:00,14503,10.5,0.6,100,8050,97.7,22.7
7/1/2026 6:15,14491,11,0.603,100,8050,97.8,22.9
7/1/2026 6:30,14523,10.6,0.594,100,8050,97.87,22.7
7/1/2026 6:45,14466,11.1,0.601,100,8049,97.85,21.8
7/1/2026 7:00,14540,10.6,0.594,100,8046,97.73,20.8
7/1/2026 7:15,14490,11.2,0.603,100,8046,97.63,20.1
7/1/2026 7:30,14545,10.7,0.596,100,8044,97.63,19.7
7/1/2026 7:45,14514,11.2,0.6,100,8044,97.67,19.5
7/1/2026 8:00,14594,10.6,0.589,100,8044,97.93,19.4
7/1/2026 8:15,14450,11.2,0.605,100,8044,97.98,19.3
7/1/2026 8:30,14637,10.7,0.59,100,8042,97.95,19.4
7/1/2026 8:45,14512,10.7,0.598,100,8043,97.76,19.5
7/1/2026 9:00,14591,11.1,0.598,100,8040,97.79,19.6
7/1/2026 9:15,14533,10.7,0.594,100,8038,97.78,19.9
7/1/2026 9:30,14542,11.1,0.6,100,8040,97.81,20.2
7/1/2026 9:45,14536,10.6,0.593,100,8047,97.83,20.6
7/1/2026 10:00,14463,11.1,0.6,100,8044,97.89,20.6
7/1/2026 10:15,14480,10.8,0.596,100,8042,97.83,20.2
7/1/2026 10:30,14510,11.2,0.598,100,8042,97.75,19.7
7/1/2026 10:45,14505,10.7,0.596,100,8041,97.74,19.6
7/1/2026 11:00,14516,11.1,0.6,100,8041,97.71,19.8
7/1/2026 11:15,14628,10.6,0.59,100,8041,97.68,20.3
7/1/2026 11:30,14468,10.7,0.597,100,8042,97.63,20.8
7/1/2026 11:45,14608,10.9,0.596,100,8047,97.64,21.8
7/1/2026 12:00,14476,10.9,0.6,100,8054,97.66,22.9
7/1/2026 12:15,14623,11,0.596,100,8056,97.69,23.3
7/1/2026 12:30,14465,11,0.604,100,8065,97.72,24.1
7/1/2026 12:45,14601,10.9,0.594,100,8074,97.7,25.2
7/1/2026 13:00,14526,11.2,0.601,100,8076,97.69,25.7
7/1/2026 13:15,14570,10.8,0.6,100,8085,97.67,26.1
7/1/2026 13:30,14597,11.2,0.597,100,8092,97.64,26.8
7/1/2026 13:45,14566,10.8,0.59,100,8106,97.64,27.6
7/1/2026 14:00,14620,11.1,0.597,100,8120,97.65,28.7
7/1/2026 14:15,14494,11.1,0.601,100,8141,97.66,30.1
7/1/2026 14:30,14667,10.8,0.593,100,8155,97.65,31.7
7/1/2026 14:45,14549,11.2,0.603,100,8170,97.67,32.8
7/1/2026 15:00,14631,10.8,0.597,100,8183,97.67,33.4
7/1/2026 15:15,14599,11.2,0.6,100,8196,97.68,34.4
7/1/2026 15:30,14598,10.8,0.597,100,8202,97.68,35.4
7/1/2026 15:45,14650,11.1,0.597,100,8211,97.68,36.2
7/1/2026 16:00,14566,11,0.601,100,8218,97.68,37.1
7/1/2026 16:15,14698,11,0.594,100,8223,97.7,37.3
7/1/2026 16:30,14518,11.1,0.605,100,8220,97.71,37.9
7/1/2026 16:45,14667,10.8,0.593,100,8220,97.73,37.8
7/1/2026 17:00,14447,11.2,0.6,100,8220,97.73,37.9
7/1/2026 17:15,14582,10.9,0.597,100,8221,97.73,38.1
7/1/2026 17:30,14557,11.2,0.594,100,8219,97.72,38.3
7/1/2026 17:45,14490,10.9,0.596,100,8214,97.74,38
7/1/2026 18:00,14584,11.1,0.597,100,8208,97.75,37.4
7/1/2026 18:15,14411,11,0.6,100,8196,97.77,36.1
7/1/2026 18:30,14574,11,0.593,100,8184,97.76,33.9
7/1/2026 18:45,14463,11.2,0.6,100,8177,97.77,32.5
7/1/2026 19:00,14533,10.9,0.592,100,8170,97.78,31
7/1/2026 19:15,14528,11.2,0.6,100,8162,97.78,30.1
7/1/2026 19:30,14483,10.9,0.6,100,8160,97.75,29.8
7/1/2026 19:45,14588,11.1,0.597,100,8154,97.76,29.4
7/1/2026 20:00,14446,11.1,0.603,100,8150,97.73,28.7
7/1/2026 20:15,14593,11,0.594,100,8148,97.74,28.1
7/1/2026 20:30,14489,11.2,0.604,100,8142,97.72,27.6
7/1/2026 20:45,14576,10.8,0.594,100,8139,97.71,27.2
7/1/2026 21:00,14547,11.2,0.6,100,8139,97.7,26.9
7/1/2026 21:15,14550,10.8,0.596,100,8133,97.69,26.7
7/1/2026 21:30,14604,11.2,0.597,100,8135,97.71,26.3
7/1/2026 21:45,14534,10.9,0.598,100,8130,97.73,25.9
7/1/2026 22:00,14644,11.1,0.596,100,8128,97.74,25.3
7/1/2026 22:15,14519,11,0.604,100,8125,97.76,25
7/1/2026 22:30,14682,11,0.594,100,8124,97.79,24.8
7/1/2026 22:45,14504,11,0.598,100,8122,97.81,24.7
7/1/2026 23:00,14703,10.8,0.592,100,8119,97.77,24.5
7/1/2026 23:15,14531,11.1,0.605,100,8117,97.78,24.3
7/1/2026 23:30,14730,10.8,0.59,100,8114,97.79,23.9
7/1/2026 23:45,14525,11,0.603,100,8114,97.8,23.6
7/2/2026 0:00,14741,10.8,0.592,100,8112,97.8,23.2
7/2/2026 0:15,14536,11,0.601,100,8101,97.8,23.1
7/2/2026 0:30,14752,10.8,0.59,100,8099,97.81,22.8
7/2/2026 0:45,14652,10.6,0.596,100,8098,97.83,22.4
7/2/2026 1:00,14651,11.1,0.597,100,8100,97.81,22.2
7/2/2026 1:15,14765,10.5,0.59,100,8095,97.77,21.9
7/2/2026 1:30,14614,10.7,0.6,100,8093,97.78,21.7
7/2/2026 1:45,14720,10.9,0.594,100,8095,97.84,21.6
7/2/2026 2:00,14718,10.5,0.589,100,8093,97.85,21.4
7/2/2026 2:15,14633,11.1,0.603,100,8092,97.85,21.3
7/2/2026 2:30,14788,10.6,0.59,100,8090,97.88,21.1
7/2/2026 2:45,14678,10.6,0.598,100,8089,97.9,21
7/2/2026 3:00,14706,11,0.597,100,8089,97.89,20.8
7/2/2026 3:15,14805,10.5,0.59,100,8088,97.88,20.7
7/2/2026 3:30,14603,10.9,0.604,100,8088,97.89,20.6
7/2/2026 3:45,14821,10.7,0.59,100,8084,97.88,20.4
7/2/2026 4:00,14724,10.5,0.594,100,8086,97.88,20.3
7/2/2026 4:15,14726,11,0.598,100,8086,97.88,20.2
7/2/2026 4:30,14841,10.5,0.59,100,8084,97.84,20.1
7/2/2026 4:45,14843,10.4,0.596,100,8083,97.85,20
7/2/2026 5:00,14653,10.8,0.601,100,8082,97.9,20
7/2/2026 5:15,14843,10.7,0.594,100,8082,97.92,20
7/2/2026 5:30,14857,10.4,0.593,100,8081,97.93,20
7/2/2026 5:45,14696,10.7,0.604,100,8078,97.93,20.1
7/2/2026 6:00,14834,10.8,0.596,100,8080,97.92,20.2
7/2/2026 6:15,14877,10.4,0.592,100,8076,97.9,20.2
7/2/2026 6:30,14728,10.6,0.601,100,8077,97.87,20.2
7/2/2026 6:45,14834,10.8,0.598,100,8074,97.88,20.2
7/2/2026 7:00,14881,10.4,0.592,100,8076,97.92,20.4
7/2/2026 7:15,14709,10.7,0.601,100,8075,97.97,20.7
7/2/2026 7:30,14834,10.7,0.593,100,8076,97.98,21.1
7/2/2026 7:45,14807,10.4,0.596,100,8075,97.98,21.6
7/2/2026 8:00,14711,11,0.597,100,8073,98,22.3
7/2/2026 8:15,14855,10.5,0.59,100,8073,97.98,23.1
7/2/2026 8:30,14656,10.8,0.601,100,8075,97.99,23.8
7/2/2026 8:45,14833,10.7,0.592,100,8073,97.98,24.2
7/2/2026 9:00,14683,10.7,0.6,100,8073,98,24.4
7/2/2026 9:15,14776,10.9,0.596,100,8071,98.03,24.4
7/2/2026 9:30,14675,10.7,0.6,100,8071,98.09,24.2
7/2/2026 9:45,14733,10.9,0.596,100,8070,98.18,24
7/2/2026 10:00,14784,10.4,0.59,100,8069,98.18,23.8
7/2/2026 10:15,14628,10.7,0.601,100,8068,98.02,23.7
7/2/2026 10:30,14718,10.9,0.597,100,8068,97.95,23.6
7/2/2026 10:45,14721,10.4,0.592,100,8064,98.05,23.8
7/2/2026 11:00,14511,10.9,0.605,100,8065,98.05,24.2
7/2/2026 11:15,14690,10.7,0.592,100,8072,97.97,25
7/2/2026 11:30,14503,10.7,0.594,100,8073,97.98,26
7/2/2026 11:45,14599,10.9,0.594,100,8077,98.03,26.7
7/2/2026 12:00,14563,10.5,0.593,100,8088,98.07,27.8
7/2/2026 12:15,14538,11,0.601,100,8094,98.1,28.1
7/2/2026 12:30,14570,10.7,0.596,100,8091,98.12,27.8
7/2/2026 12:45,14571,11.1,0.6,100,8086,98.18,26.9
7/2/2026 13:00,14560,10.8,0.596,100,8086,98.25,26
7/2/2026 13:15,14619,11,0.6,100,8082,98.28,25
7/2/2026 13:30,14710,10.5,0.59,100,8081,98.26,24.2
7/2/2026 13:45,14513,10.9,0.603,100,8078,98.26,23.7
7/2/2026 14:00,14746,10.7,0.592,100,8079,98.06,23.5
7/2/2026 14:15,14760,10.4,0.593,100,8080,97.92,23.8
7/2/2026 14:30,14601,10.7,0.601,100,8082,97.92,24.2
7/2/2026 14:45,14742,10.8,0.592,100,8092,98.01,25
7/2/2026 15:00,14785,10.4,0.592,100,8097,98.01,26
7/2/2026 15:15,14591,10.9,0.605,100,8109,97.95,26.7
7/2/2026 15:30,14812,10.7,0.592,100,8119,97.94,27.1
7/2/2026 15:45,14740,10.5,0.593,100,8142,97.94,28.2
7/2/2026 16:00,14698,11,0.6,100,8152,97.93,30.2
7/2/2026 16:15,14738,10.6,0.596,100,8166,97.93,31.2
7/2/2026 16:30,14737,11,0.598,100,8177,97.94,32.3
7/2/2026 16:45,14736,10.6,0.596,100,8171,97.99,32.5
7/2/2026 17:00,14762,11,0.596,100,8166,98.02,31.6
7/2/2026 17:15,14792,10.5,0.589,100,8163,98,30.1
7/2/2026 17:30,14734,11,0.6,100,8155,97.99,28.9
7/2/2026 17:45,14860,10.5,0.589,100,8150,98,28.3
7/2/2026 18:00,14704,10.7,0.603,100,8151,97.99,27.9
7/2/2026 18:15,14767,10.9,0.596,100,8164,97.98,29.5
7/2/2026 18:30,14823,10.4,0.59,100,8167,97.99,31.1
7/2/2026 18:45,14699,10.6,0.597,100,8167,97.95,31.4
7/2/2026 19:00,14754,10.9,0.598,100,8166,97.96,31.3
7/2/2026 19:15,14809,10.4,0.589,100,8161,97.98,30.6
7/2/2026 19:30,14664,11,0.601,100,8157,97.99,29.8
7/2/2026 19:45,14788,10.6,0.596,100,8154,98.01,28.9
7/2/2026 20:00,14697,11.1,0.598,100,8147,98.01,28
7/2/2026 20:15,14844,10.5,0.589,100,8144,98.01,27.1
7/2/2026 20:30,14648,10.9,0.601,100,8140,98.02,26.4
7/2/2026 20:45,14826,10.7,0.592,100,8140,98.05,25.6
7/2/2026 21:00,14777,10.4,0.593,100,8134,98.05,24.8
7/2/2026 21:15,14695,11,0.601,100,8132,98.08,24.2
7/2/2026 21:30,14843,10.5,0.59,100,8129,98.11,23.8
7/2/2026 21:45,14801,10.4,0.594,100,8130,98.13,23.4
7/2/2026 22:00,14688,11,0.6,100,8126,98.16,23
7/2/2026 22:15,14858,10.5,0.59,100,8126,98.15,22.6
7/2/2026 22:30,14791,10.4,0.597,100,8125,98.18,22.3
7/2/2026 22:45,14689,11,0.604,100,8120,98.18,22
7/2/2026 23:00,14825,10.5,0.59,100,8121,98.19,21.8
7/2/2026 23:15,14689,10.5,0.597,100,8117,98.26,21.8
7/2/2026 23:30,14696,11,0.597,100,8114,98.28,21.9
7/2/2026 23:45,14778,10.5,0.589,100,8113,98.28,21.9
7/3/2026 0:00,14680,10.4,0.594,100,8113,98.24,22
7/3/2026 0:15,14640,11,0.604,100,8086,98.15,22.2
7/3/2026 0:30,14761,10.5,0.589,100,8096,98.08,22.1
7/3/2026 0:45,14745,10.4,0.593,100,8097,98.06,22
7/3/2026 1:00,14575,10.8,0.601,100,8097,97.99,22
7/3/2026 1:15,14782,10.6,0.592,100,8095,97.9,21.8
7/3/2026 1:30,14722,10.4,0.593,100,8094,97.86,21.6
7/3/2026 1:45,14630,11,0.6,100,8093,97.84,21.3
7/3/2026 2:00,14778,10.5,0.59,100,8092,97.82,21
7/3/2026 2:15,14737,10.4,0.594,100,8092,97.86,20.8
7/3/2026 2:30,14582,10.9,0.601,100,8094,97.91,20.6
7/3/2026 2:45,14752,10.6,0.59,100,8089,97.96,20.5
7/3/2026 3:00,14743,10.4,0.593,100,8088,97.93,20.4
7/3/2026 3:15,14719,10.4,0.596,100,8086,97.94,20.3
7/3/2026 3:30,14531,10.8,0.603,100,8085,98,20.2
7/3/2026 3:45,14720,10.6,0.592,100,8083,98,20.2
7/3/2026 4:00,14707,10.4,0.592,100,8085,98.04,20.2
7/3/2026 4:15,14583,10.5,0.598,100,8083,98.07,20.3
7/3/2026 4:30,14595,10.9,0.6,100,8083,98.1,20.3
7/3/2026 4:45,14681,10.5,0.59,100,8082,98.08,20.4
7/3/2026 5:00,14671,10.4,0.594,100,8082,98.06,20.4
7/3/2026 5:15,14449,10.7,0.604,100,8080,98.09,20.4
7/3/2026 5:30,14655,10.7,0.594,100,8080,98.14,20.4
7/3/2026 5:45,14638,10.4,0.592,100,8078,98.16,20.4
7/3/2026 6:00,14557,10.4,0.596,100,8078,98.16,20.4
7/3/2026 6:15,14488,10.8,0.603,100,8079,98.16,20.5
7/3/2026 6:30,14613,10.5,0.59,100,8076,98.2,20.5
7/3/2026 6:45,14599,10.4,0.594,100,8076,98.25,20.5
7/3/2026 7:00,14399,10.6,0.6,100,8076,98.27,20.4
7/3/2026 7:15,14579,10.8,0.594,100,8076,98.3,20.4
7/3/2026 7:30,14582,10.4,0.592,100,8076,98.31,20.4
7/3/2026 7:45,14579,10.4,0.597,100,8073,98.29,20.4
7/3/2026 8:00,14532,10.3,0.6,100,8073,98.26,20.4
7/3/2026 8:15,14417,10.7,0.604,100,8074,98.22,20.4
7/3/2026 8:30,14582,10.6,0.593,100,8069,98.18,20.6
7/3/2026 8:45,14577,10.4,0.593,100,8069,98.16,20.7
7/3/2026 9:00,14503,10.4,0.598,100,8070,98.16,20.9
7/3/2026 9:15,14439,10.8,0.601,100,8069,98.2,21.2
7/3/2026 9:30,14570,10.5,0.59,100,8069,98.22,21.4
7/3/2026 9:45,14565,10.4,0.594,100,8068,98.23,21.4
7/3/2026 10:00,14360,10.7,0.605,100,8067,98.21,21.6
7/3/2026 10:15,14573,10.7,0.594,100,8069,98.17,21.8
7/3/2026 10:30,14567,10.4,0.592,100,8073,98.13,22.1
7/3/2026 10:45,14479,10.4,0.597,100,8071,98.12,22.3
7/3/2026 11:00,14437,10.8,0.6,100,8071,98.14,22.3
7/3/2026 11:15,14546,10.5,0.59,100,8076,98.16,22.5
7/3/2026 11:30,14532,10.4,0.594,100,8079,98.16,23.2
7/3/2026 11:45,14334,10.6,0.603,100,8082,98.16,23.8
7/3/2026 12:00,14504,10.8,0.596,100,8085,98.18,24.5
7/3/2026 12:15,14502,10.4,0.592,100,8093,98.19,25.2
7/3/2026 12:30,14334,10.5,0.6,100,8098,98.18,26.2
7/3/2026 12:45,14458,10.8,0.598,100,8116,98.18,27.4
7/3/2026 13:00,14484,10.4,0.59,100,8130,98.17,28.8
7/3/2026 13:15,14315,10.5,0.597,100,8152,98.17,30.3
7/3/2026 13:30,14399,10.8,0.598,100,8167,98.17,31.8
7/3/2026 13:45,14428,10.5,0.59,100,8174,98.17,32.5
7/3/2026 14:00,14239,10.6,0.593,100,8184,98.16,32.3
7/3/2026 14:15,14397,10.8,0.594,100,8198,98.15,33.3
7/3/2026 14:30,14422,10.5,0.59,100,8207,98.14,34.4
7/3/2026 14:45,14253,10.6,0.594,100,8215,98.13,35.2
7/3/2026 15:00,14411,10.8,0.598,100,8221,98.13,35.9
7/3/2026 15:15,14345,10.5,0.59,100,8231,98.14,36.3
7/3/2026 15:30,14346,10.9,0.597,100,8234,98.16,37.3
7/3/2026 15:45,14386,10.6,0.59,100,8237,98.18,38.1
7/3/2026 16:00,14331,11,0.594,100,8237,98.19,38.6
7/3/2026 16:15,14429,10.6,0.592,100,8235,98.16,39.2
7/3/2026 16:30,14318,10.9,0.597,100,8232,98.16,39.5
7/3/2026 16:45,14485,10.7,0.592,100,8232,98.16,39.4
7/3/2026 17:00,14297,10.7,0.594,100,8228,98.17,39.8
7/3/2026 17:15,14486,10.9,0.594,100,8223,98.16,40.1
7/3/2026 17:30,14416,10.5,0.592,100,8216,98.14,39.8
7/3/2026 17:45,14389,11,0.601,100,8215,98.13,40.1
7/3/2026 18:00,14513,10.6,0.59,100,8205,98.12,39.9
7/3/2026 18:15,14313,10.8,0.6,100,8200,98.11,39.3
7/3/2026 18:30,14529,10.8,0.594,100,8193,98.08,38.5
7/3/2026 18:45,14337,10.8,0.598,100,8185,98.07,38.2
7/3/2026 19:00,14523,10.9,0.596,100,8174,98.09,36.6
7/3/2026 19:15,14410,10.6,0.594,100,8162,98.08,34.5
7/3/2026 19:30,14463,11,0.601,100,8156,98.07,32.7
7/3/2026 19:45,14503,10.5,0.589,100,8152,98.05,31.2
7/3/2026 20:00,14387,11,0.601,100,8143,98.05,30.1
7/3/2026 20:15,14515,10.7,0.592,100,8139,98.06,29.2
7/3/2026 20:30,14385,11,0.601,100,8137,98.07,28.5
7/3/2026 20:45,14501,10.8,0.594,100,8131,98.07,27.8
7/3/2026 21:00,14411,11,0.604,100,8129,98.08,27.1
7/3/2026 21:15,14560,10.7,0.59,100,8126,98.1,26.4
7/3/2026 21:30,14420,10.6,0.598,100,8125,98.11,25.8
7/3/2026 21:45,14495,11,0.598,100,8122,98.12,25.3
7/3/2026 22:00,14561,10.5,0.589,100,8120,98.15,24.9
7/3/2026 22:15,14391,10.6,0.6,100,8117,98.15,24.4
7/3/2026 22:30,14509,10.9,0.597,100,8115,98.14,24
7/3/2026 22:45,14424,10.5,0.592,100,8114,98.15,23.7
7/3/2026 23:00,14400,11,0.596,100,8114,98.15,23.4
7/3/2026 23:15,14486,10.6,0.59,100,8110,98.17,23.1
7/3/2026 23:30,14350,10.5,0.594,100,8111,98.18,22.9
7/3/2026 23:45,14353,11,0.596,100,8110,98.2,22.8
7/4/2026 0:00,14419,10.6,0.59,100,8105,98.22,22.6
7/4/2026 0:15,14241,10.8,0.594,100,8081,98.22,22.6
7/4/2026 0:30,14435,10.8,0.594,100,8091,98.24,22.6
7/4/2026 0:45,14405,10.5,0.592,100,8091,98.25,22.4
7/4/2026 1:00,14267,10.8,0.597,100,8092,98.24,22.3
7/4/2026 1:15,14451,10.8,0.592,100,8092,98.23,22
7/4/2026 1:30,14363,10.5,0.596,100,8086,98.22,21.6
7/4/2026 1:45,14373,11,0.601,100,8087,98.21,21.4
7/4/2026 2:00,14491,10.6,0.59,100,8086,98.22,21.2
7/4/2026 2:15,14372,10.6,0.6,100,8085,98.22,21
7/4/2026 2:30,14464,11,0.596,100,8085,98.24,20.8
7/4/2026 2:45,14543,10.5,0.59,100,8083,98.25,20.7
7/4/2026 3:00,14400,10.6,0.603,100,8082,98.24,20.5
7/4/2026 3:15,14539,10.9,0.597,100,8080,98.23,20.2
7/4/2026 3:30,14596,10.4,0.592,100,8078,98.23,20
7/4/2026 3:45,14612,10.4,0.597,100,8079,98.19,19.8
7/4/2026 4:00,14436,10.8,0.603,100,8079,98.18,19.7
7/4/2026 4:15,14635,10.8,0.594,100,8076,98.18,19.7
7/4/2026 4:30,14657,10.4,0.592,100,8078,98.18,19.7
7/4/2026 4:45,14611,10.4,0.6,100,8077,98.19,19.7
7/4/2026 5:00,14533,10.9,0.605,100,8076,98.19,19.7
7/4/2026 5:15,14695,10.5,0.592,100,8077,98.18,19.6
7/4/2026 5:30,14701,10.4,0.594,100,8075,98.19,19.6
7/4/2026 5:45,14581,10.5,0.601,100,8075,98.21,19.4
7/4/2026 6:00,14639,10.9,0.6,100,8072,98.23,19.3
7/4/2026 6:15,14724,10.4,0.59,100,8071,98.23,19.2
7/4/2026 6:30,14728,10.4,0.596,100,8069,98.25,19.2
7/4/2026 6:45,14650,10.4,0.598,100,8070,98.26,19.3
7/4/2026 7:00,14624,10.9,0.604,100,8069,98.27,19.5
7/4/2026 7:15,14750,10.4,0.59,100,8069,98.3,19.7
7/4/2026 7:30,14754,10.4,0.596,100,8070,98.3,19.9
7/4/2026 7:45,14634,10.5,0.598,100,8069,98.32,20.1
7/4/2026 8:00,14687,10.8,0.6,100,8068,98.33,20.4
7/4/2026 8:15,14771,10.4,0.59,100,8068,98.31,20.8
7/4/2026 8:30,14737,10.4,0.596,100,8066,98.32,21.2
7/4/2026 8:45,14611,10.9,0.603,100,8069,98.34,21.7
7/4/2026 9:00,14786,10.5,0.59,100,8067,98.35,22.2
7/4/2026 9:15,14787,10.4,0.594,100,8069,98.35,22.6
7/4/2026 9:30,14626,10.6,0.604,100,8066,98.35,22.9
7/4/2026 9:45,14760,10.7,0.596,100,8064,98.34,23.4
7/4/2026 10:00,14757,10.4,0.593,100,8066,98.34,23.8
7/4/2026 10:15,14643,10.9,0.603,100,8065,98.32,24.1
7/4/2026 10:30,14810,10.5,0.59,100,8064,98.31,24.9
7/4/2026 10:45,14674,10.6,0.596,100,8068,98.29,25.2
7/4/2026 11:00,14751,10.8,0.597,100,8068,98.29,25.6
7/4/2026 11:15,14817,10.4,0.59,100,8067,98.29,26
7/4/2026 11:30,14729,10.5,0.596,100,8069,98.3,26.4
7/4/2026 11:45,14691,10.9,0.601,100,8075,98.31,26.9
7/4/2026 12:00,14794,10.4,0.59,100,8086,98.31,28.3
7/4/2026 12:15,14639,10.5,0.598,100,8098,98.3,29.9
7/4/2026 12:30,14663,10.9,0.603,100,8114,98.3,30.9
7/4/2026 12:45,14712,10.4,0.59,100,8125,98.3,31.7
7/4/2026 13:00,14526,10.6,0.596,100,8140,98.3,32.2
7/4/2026 13:15,14612,10.9,0.598,100,8157,98.29,32.6
7/4/2026 13:30,14494,10.7,0.598,100,8164,98.27,33.4
7/4/2026 13:45,14600,10.9,0.596,100,8173,98.27,33.9
7/4/2026 14:00,14585,10.5,0.59,100,8190,98.25,34.5
7/4/2026 14:15,14532,11,0.601,100,8199,98.23,35.3
7/4/2026 14:30,14679,10.6,0.589,100,8207,98.21,35.8
7/4/2026 14:45,14521,10.7,0.603,100,8215,98.21,36.4
7/4/2026 15:00,14660,10.9,0.596,100,8217,98.22,36.8
7/4/2026 15:15,14568,10.7,0.601,100,8218,98.21,37
7/4/2026 15:30,14652,11,0.594,100,8219,98.2,37.1
7/4/2026 15:45,14547,10.9,0.6,100,8224,98.2,37.5
7/4/2026 16:00,14709,10.8,0.593,100,8215,98.2,37.8
7/4/2026 16:15,14572,10.8,0.6,100,8218,98.19,37.3
7/4/2026 16:30,14715,10.9,0.592,100,8215,98.19,37.7
7/4/2026 16:45,14606,10.8,0.593,100,8204,98.18,37.2
7/4/2026 17:00,14715,11,0.593,100,8194,98.16,35.3
7/4/2026 17:15,14661,10.6,0.596,100,8189,98.15,33.7
7/4/2026 17:30,14688,11,0.597,100,8193,98.14,34.1
7/4/2026 17:45,14662,10.7,0.598,100,8189,98.14,34.3
7/4/2026 18:00,14714,11,0.596,100,8193,98.14,34.8
7/4/2026 18:15,14701,10.6,0.593,100,8189,98.11,34.9
7/4/2026 18:30,14700,11.1,0.597,100,8191,98.09,35
7/4/2026 18:45,14727,10.6,0.593,100,8190,98.07,36
7/4/2026 19:00,14699,11.1,0.601,100,8180,98.05,35.4
7/4/2026 19:15,14751,10.6,0.592,100,8170,98.08,33.6
7/4/2026 19:30,14692,11.1,0.6,100,8161,98.09,31.9
7/4/2026 19:45,14828,10.5,0.589,100,8157,98.09,30.7
7/4/2026 20:00,14653,10.8,0.6,100,8150,98.09,29.7
7/4/2026 20:15,14810,10.8,0.593,100,8147,98.12,28.8
7/4/2026 20:30,14670,10.8,0.596,100,8144,98.16,28.1
7/4/2026 20:45,14798,10.9,0.594,100,8139,98.21,27.3
7/4/2026 21:00,14689,10.8,0.598,100,8133,98.28,25.4
7/4/2026 21:15,14777,10.9,0.594,100,8133,98.36,23.2
7/4/2026 21:30,14752,10.5,0.592,100,8128,98.41,21.5
7/4/2026 21:45,14718,11.1,0.598,100,8126,98.42,20.6
7/4/2026 22:00,14828,10.5,0.59,100,8126,98.39,20.1
7/4/2026 22:15,14631,10.8,0.597,100,8123,98.39,19.8
7/4/2026 22:30,14773,10.8,0.592,100,8120,98.34,19.5
7/4/2026 22:45,14674,10.6,0.597,100,8119,98.27,19.3
7/4/2026 23:00,14696,11,0.597,100,8118,98.24,19.2
7/4/2026 23:15,14793,10.5,0.59,100,8116,98.21,19.2
7/4/2026 23:30,14797,10.4,0.596,100,8116,98.19,19.1
7/4/2026 23:45,14600,10.9,0.6,100,8117,98.17,19.1
7/5/2026 0:00,14811,10.7,0.592,100,8114,98.22,19
7/5/2026 0:15,14796,10.4,0.59,100,8085,98.24,19.2
7/5/2026 0:30,14621,11,0.601,100,8097,98.26,19.1
7/5/2026 0:45,14810,10.6,0.59,100,8099,98.26,19
7/5/2026 1:00,14800,10.4,0.593,100,8098,98.27,18.9
7/5/2026 1:15,14641,10.6,0.607,100,8098,98.29,18.8
7/5/2026 1:30,14732,10.9,0.596,100,8096,98.29,18.7
7/5/2026 1:45,14769,10.4,0.59,100,8095,98.29,18.6
7/5/2026 2:00,14579,10.7,0.605,100,8096,98.31,18.6
7/5/2026 2:15,14720,10.8,0.594,100,8095,98.3,18.6
7/5/2026 2:30,14727,10.4,0.592,100,8093,98.31,18.6
7/5/2026 2:45,14588,10.5,0.597,100,8092,98.31,18.5
7/5/2026 3:00,14627,10.9,0.601,100,8092,98.29,18.5
7/5/2026 3:15,14689,10.5,0.59,100,8095,98.29,18.4
7/5/2026 3:30,14569,10.5,0.596,100,8092,98.27,18.4
7/5/2026 3:45,14569,11,0.603,100,8092,98.26,18.3
7/5/2026 4:00,14650,10.5,0.59,100,8091,98.26,18.2
7/5/2026 4:15,14636,10.4,0.596,100,8088,98.25,18.1
7/5/2026 4:30,14567,10.4,0.598,100,8089,98.26,18
7/5/2026 4:45,14467,10.8,0.605,100,8088,98.28,18
7/5/2026 5:00,14601,10.6,0.592,100,8088,98.3,18
7/5/2026 5:15,14588,10.4,0.594,100,8085,98.3,17.9
7/5/2026 5:30,14496,10.4,0.6,100,8086,98.31,17.8
7/5/2026 5:45,14456,10.8,0.604,100,8084,98.32,17.7
7/5/2026 6:00,14564,10.6,0.592,100,8084,98.32,17.6
7/5/2026 6:15,14553,10.4,0.596,100,8084,98.34,17.6
7/5/2026 6:30,14362,10.6,0.603,100,8081,98.36,17.7
7/5/2026 6:45,14536,10.8,0.596,100,8080,98.37,17.8
7/5/2026 7:00,14542,10.4,0.592,100,8082,98.38,18
7/5/2026 7:15,14542,10.4,0.597,100,8080,98.38,18.2
7/5/2026 7:30,14437,10.4,0.603,100,8081,98.39,18.5
7/5/2026 7:45,14463,10.8,0.603,100,8081,98.4,18.8
7/5/2026 8:00,14557,10.5,0.59,100,8078,98.41,19.1
7/5/2026 8:15,14453,10.4,0.598,100,8079,98.42,19.4
7/5/2026 8:30,14482,10.9,0.607,100,8079,98.43,19.8
7/5/2026 8:45,14578,10.5,0.59,100,8079,98.44,21
7/5/2026 9:00,14514,10.4,0.596,100,8079,98.44,20.8
7/5/2026 9:15,14461,10.9,0.601,100,8076,98.44,21
7/5/2026 9:30,14598,10.6,0.592,100,8078,98.45,21.5
7/5/2026 9:45,14462,10.6,0.597,100,8077,98.44,22.3
7/5/2026 10:00,14555,10.9,0.598,100,8076,98.43,22.7
7/5/2026 10:15,14618,10.4,0.59,100,8075,98.42,22.8
7/5/2026 10:30,14552,10.4,0.594,100,8076,98.42,23.8
7/5/2026 10:45,14498,10.9,0.605,100,8075,98.42,23.7
7/5/2026 11:00,14636,10.5,0.59,100,8072,98.42,24
7/5/2026 11:15,14542,10.5,0.596,100,8076,98.42,24.3
7/5/2026 11:30,14541,11,0.601,100,8073,98.43,24.7
7/5/2026 11:45,14649,10.5,0.59,100,8077,98.44,25.3
7/5/2026 12:00,14555,10.5,0.597,100,8094,98.43,26.8
7/5/2026 12:15,14553,11,0.603,100,8109,98.42,28.5
7/5/2026 12:30,14634,10.5,0.59,100,8127,98.42,29.9
7/5/2026 12:45,14491,11,0.604,100,8141,98.41,31
7/5/2026 13:00,14645,10.6,0.592,100,8158,98.41,31.6
7/5/2026 13:15,14453,10.9,0.601,100,8174,98.41,32.2
7/5/2026 13:30,14632,10.8,0.593,100,8189,98.4,33
7/5/2026 13:45,14608,10.4,0.592,100,8202,98.4,33.6
7/5/2026 14:00,14387,10.7,0.598,100,8214,98.39,34
7/5/2026 14:15,14604,10.8,0.593,100,8227,98.39,35
7/5/2026 14:30,14491,10.5,0.597,100,8230,98.38,35.8
7/5/2026 14:45,14521,11,0.601,100,8239,98.38,35.9
7/5/2026 15:00,14563,10.5,0.59,100,8243,98.37,36.4
7/5/2026 15:15,14481,11,0.6,100,8234,98.37,36.8
7/5/2026 15:30,14622,10.6,0.589,100,8183,98.37,35.3
7/5/2026 15:45,14452,11,0.601,100,8231,98.37,35
7/5/2026 16:00,14652,10.7,0.59,100,8222,98.37,36.1
7/5/2026 16:15,14475,10.8,0.598,100,8214,98.37,34.9
7/5/2026 16:30,14641,10.9,0.594,100,8215,98.35,34.2
7/5/2026 16:45,14611,10.5,0.593,100,8207,98.34,33.8
7/5/2026 17:00,14526,11.1,0.603,100,8212,98.34,33.3
7/5/2026 17:15,14650,10.6,0.592,100,8221,98.34,35.2
7/5/2026 17:30,14508,11,0.603,100,8226,98.33,37.3
7/5/2026 17:45,14658,10.7,0.592,100,8229,98.32,38.8
7/5/2026 18:00,14519,11.1,0.607,100,8224,98.31,39.7
7/5/2026 18:15,14663,10.7,0.592,100,8222,98.3,39.7
7/5/2026 18:30,14514,11.1,0.61,100,8213,98.29,39.5
7/5/2026 18:45,14642,10.7,0.592,100,8202,98.29,39.5
7/5/2026 19:00,14517,11.1,0.604,100,8189,98.3,37.5
7/5/2026 19:15,14627,10.7,0.59,100,8174,98.3,34.9
7/5/2026 19:30,14502,11.2,0.603,100,8166,98.3,32.8
7/5/2026 19:45,14596,10.7,0.593,100,8156,98.3,31.2
7/5/2026 20:00,14506,11.2,0.603,100,8155,98.3,29.9
7/5/2026 20:15,14634,10.7,0.59,100,8147,98.29,28.9
7/5/2026 20:30,14458,11,0.601,100,8142,98.29,28.1
7/5/2026 20:45,14648,10.8,0.592,100,8140,98.29,27.3
7/5/2026 21:00,14436,11,0.6,100,8136,98.29,26.5
7/5/2026 21:15,14629,10.9,0.593,100,8132,98.3,25.8
7/5/2026 21:30,14506,10.6,0.597,100,8130,98.3,25.2
7/5/2026 21:45,14479,11,0.598,100,8127,98.32,24.6
7/5/2026 22:00,14564,10.6,0.589,100,8127,98.34,24.1
7/5/2026 22:15,14431,10.5,0.594,100,8126,98.35,23.6
7/5/2026 22:30,14438,11,0.597,100,8124,98.36,23.3
7/5/2026 22:45,14515,10.6,0.589,100,8117,98.37,22.9
7/5/2026 23:00,14302,10.7,0.594,100,8119,98.36,22.6
7/5/2026 23:15,14493,10.9,0.594,100,8118,98.36,22.3
7/5/2026 23:30,14447,10.5,0.59,100,8116,98.36,22.1
7/5/2026 23:45,14368,10.9,0.598,100,8117,98.37,21.9
7/6/2026 0:00,14528,10.7,0.59,100,8111,98.38,21.6
7/6/2026 0:15,14458,10.5,0.592,100,8103,98.38,21.6
7/6/2026 0:30,14433,11,0.601,100,8101,98.39,21.4
7/6/2026 0:45,14561,10.6,0.589,100,8103,98.42,21.2
7/6/2026 1:00,14472,10.5,0.596,100,8098,98.43,21
7/6/2026 1:15,14480,11,0.601,100,8097,98.45,20.9
7/6/2026 1:30,14599,10.6,0.589,100,8098,98.46,20.7
7/6/2026 1:45,14474,10.6,0.598,100,8099,98.45,20.6
7/6/2026 2:00,14564,11,0.598,100,8095,98.47,20.4
7/6/2026 2:15,14640,10.5,0.59,100,8098,98.47,20.3
7/6/2026 2:30,14567,10.5,0.598,100,8095,98.47,20.2
7/6/2026 2:45,14548,11,0.604,100,8092,98.45,20.1
7/6/2026 3:00,14679,10.5,0.59,100,8095,98.46,20.1
7/6/2026 3:15,14561,10.6,0.597,100,8090,98.46,20.1
7/6/2026 3:30,14625,11,0.598,100,8091,98.46,20.1
7/6/2026 3:45,14710,10.5,0.589,100,8088,98.45,20
7/6/2026 4:00,14716,10.4,0.596,100,8086,98.45,19.9
7/6/2026 4:15,14602,10.6,0.601,100,8088,98.42,19.8
7/6/2026 4:30,14660,10.9,0.598,100,8085,98.41,19.7
7/6/2026 4:45,14744,10.4,0.59,100,8085,98.43,19.6
7/6/2026 5:00,14750,10.4,0.596,100,8085,98.44,19.5
7/6/2026 5:15,14660,10.4,0.598,100,8085,98.46,19.4
7/6/2026 5:30,14655,10.9,0.601,100,8085,98.46,19.3
7/6/2026 5:45,14770,10.5,0.589,100,8081,98.48,19.3
7/6/2026 6:00,14745,10.4,0.597,100,8082,98.5,19.2
7/6/2026 6:15,14606,10.9,0.601,100,8082,98.51,19.2
7/6/2026 6:30,14786,10.6,0.59,100,8079,98.52,19.3
7/6/2026 6:45,14782,10.4,0.594,100,8080,98.54,19.4
7/6/2026 7:00,14779,10.3,0.597,100,8078,98.54,19.6
7/6/2026 7:15,14755,10.3,0.597,100,8080,98.53,19.9
7/6/2026 7:30,14589,10.8,0.605,100,8079,98.53,20.2
7/6/2026 7:45,14768,10.5,0.592,100,8076,98.54,20.6
7/6/2026 8:00,14760,10.4,0.593,100,8077,98.51,21
7/6/2026 8:15,14712,10.3,0.597,100,8079,98.5,21.3
7/6/2026 8:30,14593,10.9,0.603,100,8076,98.51,22
7/6/2026 8:45,14751,10.5,0.59,100,8078,98.52,23.5
7/6/2026 9:00,14674,10.4,0.597,100,8076,98.52,23.6
7/6/2026 9:15,14599,11,0.603,100,8076,98.52,23.9
7/6/2026 9:30,14715,10.5,0.59,100,8076,98.52,24.4
7/6/2026 9:45,14528,10.6,0.597,100,8074,98.52,25.1
7/6/2026 10:00,14656,10.9,0.597,100,8075,98.51,25.7
7/6/2026 10:15,14580,10.6,0.596,100,8072,98.5,25.9
7/6/2026 10:30,14608,11,0.598,100,8072,98.5,26.6
7/6/2026 10:45,14589,10.7,0.597,100,8069,98.51,26.8
7/6/2026 11:00,14628,11,0.597,100,8072,98.51,27
7/6/2026 11:15,14706,10.5,0.59,100,8073,98.51,27.4
7/6/2026 11:30,14539,11,0.603,100,8073,98.52,27.9
7/6/2026 11:45,14712,10.7,0.592,100,8078,98.51,28.4
7/6/2026 12:00,14562,11.1,0.605,100,8088,98.52,29.3
7/6/2026 12:15,14735,10.7,0.59,100,8095,98.53,30.4
7/6/2026 12:30,14566,11.1,0.604,100,8104,98.53,30.4
7/6/2026 12:45,14761,10.7,0.589,100,8114,98.53,30.8
7/6/2026 13:00,14679,10.5,0.593,100,8123,98.52,31.8
7/6/2026 13:15,14653,11,0.6,100,8129,98.51,32.3
7/6/2026 13:30,14761,10.5,0.59,100,8149,98.5,32.5
7/6/2026 13:45,14592,11,0.605,100,8164,98.48,33.8
7/6/2026 14:00,14789,10.7,0.59,100,8174,98.46,34.4
7/6/2026 14:15,14615,10.8,0.598,100,8188,98.44,35.1
7/6/2026 14:30,14774,10.8,0.592,100,8193,98.42,35.4
7/6/2026 14:45,14690,10.6,0.593,100,8203,98.41,35.4
7/6/2026 15:00,14709,11,0.6,100,8206,98.41,35.6
7/6/2026 15:15,14758,10.5,0.59,100,8216,98.41,36.3
7/6/2026 15:30,14594,11,0.607,100,8219,98.42,37.6
7/6/2026 15:45,14755,10.6,0.589,100,8212,98.41,37.4
7/6/2026 16:00,14610,10.6,0.594,100,8217,98.4,36.8
7/6/2026 16:15,14657,11,0.598,100,8217,98.4,37
7/6/2026 16:30,14642,10.6,0.594,100,8224,98.4,38
7/6/2026 16:45,14643,11.1,0.6,100,8217,98.39,38.7
7/6/2026 17:00,14727,10.5,0.589,100,8215,98.38,38.1
7/6/2026 17:15,14588,11.1,0.604,100,8218,98.39,38
7/6/2026 17:30,14744,10.7,0.59,100,8215,98.39,38.6
7/6/2026 17:45,14605,11.1,0.603,100,8215,98.37,38
7/6/2026 18:00,14746,10.7,0.59,100,8211,98.35,37.7
7/6/2026 18:15,14635,11.2,0.603,100,8208,98.34,37.9
7/6/2026 18:30,14743,10.7,0.59,100,8204,98.32,37.5
7/6/2026 18:45,14655,11.2,0.597,100,8198,98.3,37.2
7/6/2026 19:00,14755,10.6,0.592,100,8183,98.31,35.7
7/6/2026 19:15,14634,11.2,0.603,100,8175,98.32,33.7
7/6/2026 19:30,14705,10.7,0.593,100,8166,98.33,32
7/6/2026 19:45,14599,11.2,0.607,100,8158,98.31,30.8
7/6/2026 20:00,14610,11.3,0.6,100,8155,98.31,29.8
7/6/2026 20:15,14781,10.8,0.592,100,8147,98.3,29.1
7/6/2026 20:30,14578,11,0.597,100,8148,98.27,28.4
7/6/2026 20:45,14783,10.8,0.59,100,8142,98.28,27.7
7/6/2026 21:00,14581,11.1,0.598,100,8140,98.3,27.2
7/6/2026 21:15,14776,10.8,0.59,100,8136,98.3,26.6
7/6/2026 21:30,14754,10.4,0.592,100,8131,98.34,26.1
7/6/2026 21:45,14544,10.8,0.601,100,8129,98.34,25.8
7/6/2026 22:00,14536,11.4,0.604,100,8129,98.34,25.4
7/6/2026 22:15,14510,11.4,0.6,100,8126,98.33,25
7/6/2026 22:30,14490,11.4,0.601,100,8123,98.36,24.8
7/6/2026 22:45,14426,11.4,0.597,100,8120,98.41,24.5
7/6/2026 23:00,14464,11.3,0.597,100,8120,98.42,24.4
7/6/2026 23:15,14454,11.3,0.6,100,8119,98.42,24.2
7/6/2026 23:30,14459,11.3,0.603,100,8114,98.42,24
7/6/2026 23:45,14470,11.3,0.6,100,8114,98.43,23.9
7/7/2026 0:00,14481,11.3,0.6,100,8114,98.46,23.8
7/7/2026 0:15,14492,11.3,0.6,100,8110,98.51,23.8
7/7/2026 0:30,14500,11.3,0.598,100,8107,98.55,23.6
7/7/2026 0:45,14506,11.3,0.601,100,8105,98.57,23.4
7/7/2026 1:00,14505,11.3,0.6,100,8104,98.6,23.3
7/7/2026 1:15,14497,11.3,0.6,100,8102,98.66,23.3
7/7/2026 1:30,14480,11.2,0.598,100,8103,98.77,23.4
7/7/2026 1:45,14464,11.2,0.598,100,8099,98.79,22.6
7/7/2026 2:00,14449,11.2,0.601,100,8098,98.78,21
7/7/2026 2:15,14432,11.2,0.598,100,8094,98.79,20.2
7/7/2026 2:30,14415,11.2,0.596,100,8095,98.8,19.7
7/7/2026 2:45,14405,11.2,0.6,100,8095,98.73,19.4
7/7/2026 3:00,14397,11.2,0.6,100,8095,98.66,19.2
7/7/2026 3:15,14388,11.2,0.598,100,8092,98.66,19
7/7/2026 3:30,14383,11.2,0.598,100,8089,98.65,18.9
7/7/2026 3:45,14384,11.2,0.594,100,8091,98.6,18.8
7/7/2026 4:00,14393,11.2,0.601,100,8088,98.5,18.7
7/7/2026 4:15,14408,11.2,0.597,100,8088,98.38,18.5
7/7/2026 4:30,14414,11.2,0.601,100,8087,98.41,18.4
7/7/2026 4:45,14423,11.2,0.6,100,8087,98.43,18.4
7/7/2026 5:00,14437,11.2,0.598,100,8085,98.41,18.4
7/7/2026 5:15,14453,11.2,0.601,100,8083,98.36,18.5
7/7/2026 5:30,14466,11.2,0.603,100,8084,98.37,18.5
7/7/2026 5:45,14479,11.2,0.6,100,8084,98.39,18.4
7/7/2026 6:00,14490,11.1,0.598,100,8082,98.43,18.4
7/7/2026 6:15,14501,11.1,0.6,100,8084,98.46,18.4
7/7/2026 6:30,14514,11.1,0.6,100,8083,98.47,18.4
7/7/2026 6:45,14524,11.1,0.6,100,8079,98.52,18.5
7/7/2026 7:00,14535,11.1,0.6,100,8080,98.55,18.6
7/7/2026 7:15,14547,11.1,0.596,100,8077,98.57,18.5
7/7/2026 7:30,14557,11.1,0.601,100,8079,98.59,18.5
7/7/2026 7:45,14570,11.1,0.6,100,8079,98.57,18.7
7/7/2026 8:00,14581,11.1,0.601,100,8079,98.58,19
7/7/2026 8:15,14590,11.1,0.601,100,8079,98.61,19.4
7/7/2026 8:30,14599,11.1,0.603,100,8074,98.63,19.9
7/7/2026 8:45,14601,11.1,0.601,100,8079,98.64,20.6
7/7/2026 9:00,14591,11.1,0.597,100,8080,98.64,21
7/7/2026 9:15,14579,11.1,0.604,100,8082,98.64,21.3
7/7/2026 9:30,14566,11.1,0.601,100,8079,98.62,21.6
7/7/2026 9:45,14555,11.1,0.597,100,8080,98.6,22.2
7/7/2026 10:00,14551,11.1,0.598,100,8077,98.59,22.8
7/7/2026 10:15,14560,11.1,0.598,100,8076,98.56,23
7/7/2026 10:30,14573,11.1,0.598,100,8080,98.56,23.9
7/7/2026 10:45,14585,11.1,0.597,100,8082,98.57,24.4
7/7/2026 11:00,14598,11.1,0.601,100,8083,98.57,24.8
7/7/2026 11:15,14611,11.1,0.597,100,8082,98.56,25.2
7/7/2026 11:30,14624,11.1,0.598,100,8079,98.55,25.4
7/7/2026 11:45,14635,11.1,0.597,100,8086,98.54,26
7/7/2026 12:00,14644,11.2,0.6,100,8101,98.52,27.5
7/7/2026 12:15,14665,11.2,0.598,100,8107,98.53,29.2
7/7/2026 12:30,14830,10.9,0.594,100,8118,98.54,29.7
7/7/2026 12:45,14749,10.7,0.594,100,8127,98.55,30.4
7/7/2026 13:00,14750,11,0.596,100,8130,98.54,30.7
7/7/2026 13:15,14736,10.6,0.593,100,8138,98.54,30.8
7/7/2026 13:30,14720,11.1,0.597,100,8144,98.54,30.8
7/7/2026 13:45,14798,10.6,0.59,100,8160,98.53,31.7
7/7/2026 14:00,14613,11,0.601,100,8160,98.52,32.6
7/7/2026 14:15,14796,10.8,0.59,100,8161,98.53,32.4
7/7/2026 14:30,14611,10.8,0.597,100,8159,98.53,32
7/7/2026 14:45,14745,10.9,0.593,100,8156,98.54,31.7
7/7/2026 15:00,14622,10.7,0.597,100,8163,98.52,31.3
7/7/2026 15:15,14670,11.1,0.596,100,8165,98.5,32.1
7/7/2026 15:30,14715,10.5,0.59,100,8164,98.5,32.5
7/7/2026 15:45,14485,10.9,0.598,100,8164,98.47,32.8
7/7/2026 16:00,14693,10.9,0.593,100,8160,98.47,32.4
7/7/2026 16:15,14598,10.5,0.59,100,8162,98.46,31.7
7/7/2026 16:30,14569,11.1,0.601,100,8159,98.47,31.8
7/7/2026 16:45,14692,10.6,0.59,100,8158,98.45,31.8
7/7/2026 17:00,14547,10.7,0.601,100,8165,98.41,31.9
7/7/2026 17:15,14658,11,0.597,100,8161,98.4,32.6
7/7/2026 17:30,14659,10.5,0.592,100,8161,98.39,32.3
7/7/2026 17:45,14587,11.1,0.604,100,8156,98.37,32.1
7/7/2026 18:00,14740,10.6,0.59,100,8155,98.37,31.6
7/7/2026 18:15,14654,10.5,0.597,100,8150,98.35,30.9
7/7/2026 18:30,14664,11.1,0.6,100,8142,98.33,30.5
7/7/2026 18:45,14779,10.5,0.59,100,8141,98.31,30.1
7/7/2026 19:00,14667,10.6,0.598,100,8139,98.3,29.8
7/7/2026 19:15,14726,11,0.596,100,8133,98.29,29.6
7/7/2026 19:30,14786,10.5,0.592,100,8133,98.27,29.4
7/7/2026 19:45,14656,11.1,0.601,100,8130,98.25,29.2
7/7/2026 20:00,14837,10.6,0.59,100,8126,98.24,28.8
7/7/2026 20:15,14679,10.8,0.603,100,8122,98.23,28.5
7/7/2026 20:30,14809,10.9,0.594,100,8121,98.23,28
7/7/2026 20:45,14773,10.5,0.592,100,8117,98.23,27.6
7/7/2026 21:00,14709,11.1,0.6,100,8113,98.22,27.1
7/7/2026 21:15,14834,10.6,0.59,100,8112,98.21,26.7
7/7/2026 21:30,14702,10.6,0.596,100,8112,98.19,26.2
7/7/2026 21:45,14741,11,0.597,100,8107,98.19,25.8
7/7/2026 22:00,14807,10.5,0.59,100,8104,98.18,25.5
7/7/2026 22:15,14614,10.8,0.601,100,8104,98.19,25.1
7/7/2026 22:30,14731,11,0.596,100,8103,98.19,24.8
7/7/2026 22:45,14737,10.4,0.59,100,8100,98.21,24.5
7/7/2026 23:00,14637,10.4,0.598,100,8100,98.21,24.3
7/7/2026 23:15,14496,11,0.604,100,8098,98.22,24.1
7/7/2026 23:30,14468,11.4,0.605,100,8093,98.21,24
7/7/2026 23:45,14457,11.4,0.604,100,8093,98.2,23.8
7/8/2026 0:00,14447,11.4,0.603,100,8093,98.18,23.7
7/8/2026 0:15,14451,11.4,0.6,100,8083,98.17,23.7
7/8/2026 0:30,14461,11.4,0.601,100,8081,98.16,23.5
7/8/2026 0:45,14469,11.3,0.605,100,8082,98.18,23.3
7/8/2026 1:00,14473,11.3,0.598,100,8079,98.2,23.2
7/8/2026 1:15,14470,11.3,0.601,100,8080,98.23,23.2
7/8/2026 1:30,14464,11.3,0.6,100,8080,98.23,23.2
7/8/2026 1:45,14455,11.3,0.6,100,8077,98.24,23.2
7/8/2026 2:00,14444,11.3,0.598,100,8075,98.23,23.2
7/8/2026 2:15,14434,11.3,0.601,100,8075,98.22,23.3
7/8/2026 2:30,14421,11.3,0.6,100,8076,98.21,23.4
7/8/2026 2:45,14408,11.3,0.601,100,8075,98.2,23.5
7/8/2026 3:00,14394,11.3,0.6,100,8073,98.21,23.5
7/8/2026 3:15,14381,11.3,0.603,100,8072,98.21,23.6
7/8/2026 3:30,14366,11.3,0.603,100,8068,98.24,23.6
7/8/2026 3:45,14353,11.3,0.601,100,8069,98.25,23.6
7/8/2026 4:00,14343,11.3,0.601,100,8070,98.23,23.7
7/8/2026 4:15,14335,11.3,0.596,100,8066,98.22,23.6
7/8/2026 4:30,14331,11.3,0.597,100,8067,98.2,23.6
7/8/2026 4:45,14328,11.3,0.6,100,8066,98.19,23.5
7/8/2026 5:00,14325,11.3,0.598,100,8068,98.19,23.5
7/8/2026 5:15,14322,11.3,0.598,100,8064,98.23,23.6
7/8/2026 5:30,14322,11.2,0.598,100,8063,98.24,23.6
7/8/2026 5:45,14323,11.2,0.6,100,8063,98.23,23.5
7/8/2026 6:00,14327,11.2,0.6,100,8060,98.21,23.4
7/8/2026 6:15,14327,11.2,0.603,100,8060,98.23,23.3
7/8/2026 6:30,14329,11.2,0.6,100,8058,98.24,23.3
7/8/2026 6:45,14330,11.2,0.6,100,8060,98.24,23.3
7/8/2026 7:00,14332,11.2,0.598,100,8056,98.25,23.3
7/8/2026 7:15,14336,11.2,0.603,100,8056,98.22,23.4
7/8/2026 7:30,14338,11.2,0.598,100,8057,98.23,23.4
7/8/2026 7:45,14339,11.2,0.598,100,8054,98.26,23.5
7/8/2026 8:00,14343,11.2,0.596,100,8056,98.24,23.5
7/8/2026 8:15,14344,11.2,0.6,100,8053,98.23,23.4
7/8/2026 8:30,14413,11.2,0.601,100,8055,98.25,23.3
7/8/2026 8:45,14334,11.2,0.597,100,8054,98.3,23.2
7/8/2026 9:00,14525,11,0.594,100,8051,98.26,22.6
7/8/2026 9:15,14366,10.8,0.592,100,8050,98.14,21.9
7/8/2026 9:30,14353,11.1,0.597,100,8050,98.05,21.8
7/8/2026 9:45,14466,10.8,0.593,100,8048,97.98,21.7
7/8/2026 10:00,14267,10.7,0.589,100,8047,98.05,21.6
7/8/2026 10:15,14415,11,0.596,100,8050,98.12,21.9
7/8/2026 10:30,14427,10.6,0.59,100,8052,98.13,22.5
7/8/2026 10:45,14339,10.5,0.593,100,8053,98.12,23.2
7/8/2026 11:00,14292,11,0.598,100,8053,98.13,23.8
7/8/2026 11:15,14418,10.8,0.592,100,8054,98.14,24
7/8/2026 11:30,14382,10.5,0.593,100,8051,98.18,23.9
7/8/2026 11:45,14212,10.8,0.597,100,8055,98.17,23.4
7/8/2026 12:00,14218,11.2,0.603,100,8055,98.16,23.2
7/8/2026 12:15,14218,11.3,0.601,100,8056,98.16,23.5
7/8/2026 12:30,14219,11.3,0.596,100,8060,98.16,23.9
7/8/2026 12:45,14219,11.3,0.6,100,8063,98.14,24.4
7/8/2026 13:00,14221,11.3,0.597,100,8070,98.11,25.1
7/8/2026 13:15,14221,11.3,0.598,100,8070,98.09,25.6
7/8/2026 13:30,14222,11.3,0.6,100,8069,98.07,25.6
7/8/2026 13:45,14221,11.3,0.594,100,8070,98.08,25.3
7/8/2026 14:00,14276,11.3,0.603,100,8066,98.07,25
7/8/2026 14:15,14417,10.9,0.593,100,8068,98.05,25.2
7/8/2026 14:30,14215,10.9,0.594,100,8067,98.04,25.5
7/8/2026 14:45,14375,11,0.594,100,8067,98.03,25.2
7/8/2026 15:00,14295,10.6,0.592,100,8063,98,24.9
7/8/2026 15:15,14223,10.9,0.593,100,8062,97.99,24.7
7/8/2026 15:30,14355,10.8,0.592,100,8063,97.98,24.2
7/8/2026 15:45,14210,10.7,0.594,100,8059,97.98,23.2
7/8/2026 16:00,14352,11,0.596,100,8060,97.98,22.8
7/8/2026 16:15,14334,10.6,0.59,100,8057,97.97,22.6
7/8/2026 16:30,14168,10.8,0.59,100,8058,97.95,22.6
7/8/2026 16:45,14176,11.3,0.6,100,8057,97.95,22.7
7/8/2026 17:00,14206,11.3,0.6,100,8054,97.95,22.8
7/8/2026 17:15,14378,11,0.594,100,8060,97.9,23.3
7/8/2026 17:30,14376,10.6,0.592,100,8059,97.9,24
7/8/2026 17:45,14379,10.5,0.596,100,8062,97.89,24.1
7/8/2026 18:00,14332,10.5,0.598,100,8064,97.86,24.3
7/8/2026 18:15,14224,10.9,0.601,100,8069,97.91,25
7/8/2026 18:30,14210,11.3,0.603,100,8065,97.86,24.9
7/8/2026 18:45,14220,11.3,0.605,100,8066,97.83,24.7
7/8/2026 19:00,14228,11.3,0.603,100,8063,97.8,24.5
7/8/2026 19:15,14431,11,0.596,100,8062,97.81,24.6
7/8/2026 19:30,14429,10.7,0.592,100,8065,97.82,24.7
7/8/2026 19:45,14431,10.5,0.596,100,8063,97.83,24.4
7/8/2026 20:00,14433,10.5,0.597,100,8060,97.87,24.2
7/8/2026 20:15,14436,10.4,0.597,100,8058,97.9,23.8
7/8/2026 20:30,14442,10.4,0.597,100,8057,97.88,23.4
7/8/2026 20:45,14439,10.4,0.597,100,8057,97.9,23.1
7/8/2026 21:00,14424,10.4,0.598,100,8055,97.92,22.8
7/8/2026 21:15,14407,10.4,0.598,100,8054,97.91,22.5
7/8/2026 21:30,14390,10.4,0.598,100,8053,97.91,22.2
7/8/2026 21:45,14374,10.4,0.598,100,8050,97.86,22
7/8/2026 22:00,14355,10.4,0.6,100,8050,97.89,21.7
7/8/2026 22:15,14336,10.4,0.6,100,8050,97.9,21.5
7/8/2026 22:30,14184,10.4,0.6,100,8049,97.9,21.3
7/8/2026 22:45,14235,10.8,0.605,100,8050,97.91,21.2
7/8/2026 23:00,14297,10.6,0.593,100,8048,97.91,21.1
7/8/2026 23:15,14296,10.4,0.593,100,8047,97.9,20.9
7/8/2026 23:30,14302,10.4,0.597,100,8046,97.9,20.8
7/8/2026 23:45,14309,10.4,0.598,100,8046,97.91,20.7
7/9/2026 0:00,14319,10.4,0.598,100,8046,97.9,20.7
7/9/2026 0:15,14330,10.4,0.598,100,8020,97.88,20.9
7/9/2026 0:30,14342,10.4,0.598,100,8031,97.87,20.9
7/9/2026 0:45,14357,10.4,0.6,100,8032,97.87,20.8
7/9/2026 1:00,14190,10.5,0.603,100,8032,97.86,20.7
7/9/2026 1:15,14389,10.8,0.598,100,8031,97.85,20.6
7/9/2026 1:30,14417,10.4,0.593,100,8033,97.87,20.5
7/9/2026 1:45,14437,10.4,0.597,100,8029,97.87,20.4
7/9/2026 2:00,14458,10.4,0.598,100,8031,97.86,20.4
7/9/2026 2:15,14479,10.4,0.6,100,8031,97.84,20.3
7/9/2026 2:30,14498,10.3,0.6,100,8029,97.85,20.2
7/9/2026 2:45,14516,10.3,0.598,100,8028,97.85,20.2
7/9/2026 3:00,14534,10.3,0.6,100,8028,97.85,20.2
7/9/2026 3:15,14551,10.3,0.6,100,8029,97.84,20.3
7/9/2026 3:30,14565,10.3,0.6,100,8026,97.86,20.3
7/9/2026 3:45,14580,10.3,0.6,100,8026,97.86,20.4
7/9/2026 4:00,14595,10.3,0.6,100,8027,97.84,20.5
7/9/2026 4:15,14610,10.3,0.601,100,8026,97.82,20.6
7/9/2026 4:30,14623,10.3,0.601,100,8025,97.82,20.6
7/9/2026 4:45,14634,10.3,0.601,100,8025,97.81,20.6
7/9/2026 5:00,14437,10.7,0.608,100,8025,97.81,20.6
7/9/2026 5:15,14652,10.6,0.596,100,8025,97.82,20.6
7/9/2026 5:30,14649,10.4,0.593,100,8023,97.82,20.6
7/9/2026 5:45,14649,10.3,0.598,100,8022,97.8,20.6
7/9/2026 6:00,14646,10.3,0.598,100,8022,97.82,20.6
7/9/2026 6:15,14644,10.3,0.6,100,8023,97.83,20.6
7/9/2026 6:30,14642,10.3,0.6,100,8020,97.82,20.7
7/9/2026 6:45,14641,10.3,0.6,100,8020,97.84,20.8
7/9/2026 7:00,14643,10.3,0.6,100,8021,97.85,20.9
7/9/2026 7:15,14648,10.3,0.6,100,8022,97.86,21
7/9/2026 7:30,14653,10.3,0.6,100,8019,97.87,21.1
7/9/2026 7:45,14657,10.3,0.6,100,8019,97.92,21.4
7/9/2026 8:00,14663,10.3,0.601,100,8019,97.95,21.6
7/9/2026 8:15,14670,10.3,0.601,100,8020,97.96,21.8
7/9/2026 8:30,14678,10.3,0.601,100,8019,97.97,21.9
7/9/2026 8:45,14686,10.3,0.601,100,8020,97.98,22.2
7/9/2026 9:00,14693,10.3,0.601,100,8019,97.97,22.4
7/9/2026 9:15,14701,10.3,0.601,100,8019,97.95,22.5
7/9/2026 9:30,14626,10.3,0.605,100,8019,97.93,22.9
7/9/2026 9:45,14599,10.8,0.605,100,8019,97.93,23.3
7/9/2026 10:00,14724,10.4,0.59,100,8021,97.93,23.5
7/9/2026 10:15,14728,10.3,0.596,100,8022,97.94,23.7
7/9/2026 10:30,14733,10.3,0.598,100,8022,97.95,24
7/9/2026 10:45,14739,10.3,0.598,100,8025,97.97,24.2
7/9/2026 11:00,14743,10.3,0.598,100,8022,97.97,24.5
7/9/2026 11:15,14666,10.4,0.601,100,8024,97.98,24.8
7/9/2026 11:30,14639,10.8,0.604,100,8027,97.98,25.1
7/9/2026 11:45,14764,10.4,0.59,100,8029,97.98,25.5
7/9/2026 12:00,14768,10.3,0.596,100,8042,97.98,26.6
7/9/2026 12:15,14772,10.3,0.598,100,8059,97.97,27.9
7/9/2026 12:30,14777,10.3,0.598,100,8077,97.97,29
7/9/2026 12:45,14783,10.3,0.598,100,8091,97.96,29.6
7/9/2026 13:00,14788,10.3,0.598,100,8110,97.94,30.2
7/9/2026 13:15,14642,10.4,0.603,100,8129,97.93,31
7/9/2026 13:30,14708,10.7,0.6,100,8145,97.92,31.8
7/9/2026 13:45,14755,10.4,0.59,100,8158,97.9,32.3
7/9/2026 14:00,14738,10.3,0.596,100,8172,97.9,33
7/9/2026 14:15,14732,10.3,0.597,100,8184,97.89,33.8
7/9/2026 14:30,14735,10.3,0.597,100,8186,97.89,33.9
7/9/2026 14:45,14742,10.3,0.598,100,8194,97.88,33.7
7/9/2026 15:00,14545,10.6,0.608,100,8203,97.86,33.5
7/9/2026 15:15,14764,10.6,0.593,100,8211,97.86,34.1
7/9/2026 15:30,14765,10.4,0.592,100,8222,97.84,35.3
7/9/2026 15:45,14769,10.3,0.597,100,8231,97.84,36.6
7/9/2026 16:00,14771,10.3,0.598,100,8235,97.84,37.4
7/9/2026 16:15,14687,10.3,0.6,100,8236,97.84,38.2
7/9/2026 16:30,14655,10.8,0.605,100,8237,97.84,39
7/9/2026 16:45,14771,10.4,0.589,100,8234,97.84,39.1
7/9/2026 17:00,14764,10.3,0.594,100,8231,97.83,39.5
7/9/2026 17:15,14758,10.3,0.597,100,8228,97.84,40
7/9/2026 17:30,14751,10.3,0.598,100,8221,97.83,40.4
7/9/2026 17:45,14607,10.5,0.604,100,8215,97.82,40.3
7/9/2026 18:00,14673,10.8,0.601,100,8205,97.82,40.3
7/9/2026 18:15,14724,10.4,0.589,100,8202,97.81,40.5
7/9/2026 18:30,14712,10.3,0.596,100,8196,97.81,40.3
7/9/2026 18:45,14701,10.3,0.597,100,8190,97.82,39.4
7/9/2026 19:00,14517,10.6,0.605,100,8171,97.82,37.5
7/9/2026 19:15,14667,10.7,0.597,100,8158,97.82,34.4
7/9/2026 19:30,14687,10.4,0.59,100,8147,97.82,32
7/9/2026 19:45,14686,10.3,0.596,100,8143,97.82,30.1
7/9/2026 20:00,14688,10.3,0.598,100,8139,97.81,28.8
7/9/2026 20:15,14693,10.3,0.598,100,8136,97.8,27.8
7/9/2026 20:30,14599,10.4,0.6,100,8131,97.8,26.8
7/9/2026 20:45,14603,10.8,0.607,100,8127,97.8,26
7/9/2026 21:00,14711,10.4,0.589,100,8127,97.8,25.2
7/9/2026 21:15,14714,10.3,0.596,100,8123,97.79,24.4
7/9/2026 21:30,14710,10.3,0.598,100,8120,97.82,23.7
7/9/2026 21:45,14699,10.3,0.598,100,8117,97.83,23
7/9/2026 22:00,14686,10.3,0.598,100,8116,97.85,22.5
7/9/2026 22:15,14671,10.3,0.598,100,8117,97.88,22
7/9/2026 22:30,14459,10.6,0.608,100,8112,97.9,21.6
7/9/2026 22:45,14678,10.6,0.593,100,8113,97.92,21.2
7/9/2026 23:00,14683,10.4,0.592,100,8112,97.93,20.9
7/9/2026 23:15,14692,10.3,0.597,100,8110,97.94,20.6
7/9/2026 23:30,14700,10.3,0.597,100,8109,97.94,20.4
7/9/2026 23:45,14709,10.3,0.598,100,8106,97.94,20.1
7/10/2026 0:00,14717,10.3,0.598,100,8107,97.93,20
7/10/2026 0:15,14727,10.3,0.598,100,8076,97.92,19.9
7/10/2026 0:30,14734,10.3,0.598,100,8090,97.92,19.7
7/10/2026 0:45,14739,10.3,0.6,100,8088,97.93,19.4
7/10/2026 1:00,14741,10.3,0.6,100,8092,97.93,19.2
7/10/2026 1:15,14738,10.3,0.6,100,8087,97.94,19.1
7/10/2026 1:30,14733,10.3,0.6,100,8087,97.93,19
7/10/2026 1:45,14616,10.4,0.605,100,8087,97.93,18.9
7/10/2026 2:00,14632,10.8,0.605,100,8087,97.91,18.8
7/10/2026 2:15,14714,10.4,0.59,100,8088,97.87,18.6
7/10/2026 2:30,14704,10.3,0.596,100,8084,97.85,18.5
7/10/2026 2:45,14692,10.3,0.598,100,8085,97.89,18.3
7/10/2026 3:00,14680,10.3,0.6,100,8083,97.91,18.2
7/10/2026 3:15,14669,10.3,0.6,100,8082,97.91,18.1
7/10/2026 3:30,14657,10.3,0.6,100,8080,97.91,18
7/10/2026 3:45,14646,10.3,0.6,100,8081,97.9,17.9
7/10/2026 4:00,14636,10.3,0.601,100,8079,97.89,17.8
7/10/2026 4:15,14622,10.3,0.601,100,8079,97.93,17.7
7/10/2026 4:30,14610,10.3,0.601,100,8080,97.93,17.6
7/10/2026 4:45,14598,10.3,0.601,100,8079,97.94,17.5
7/10/2026 5:00,14587,10.3,0.601,100,8077,97.94,17.4
7/10/2026 5:15,14576,10.3,0.601,100,8077,97.92,17.3
7/10/2026 5:30,14564,10.3,0.601,100,8076,97.93,17.2
7/10/2026 5:45,14553,10.3,0.601,100,8073,97.94,17.1
7/10/2026 6:00,14541,10.3,0.601,100,8076,97.95,17.1
7/10/2026 6:15,14529,10.3,0.603,100,8073,97.98,17.2
7/10/2026 6:30,14518,10.3,0.603,100,8075,97.99,17.3
7/10/2026 6:45,14509,10.3,0.603,100,8075,97.98,17.5
7/10/2026 7:00,14434,10.3,0.601,100,8073,97.96,17.8
7/10/2026 7:15,14370,10.6,0.604,100,8071,97.95,18.3
7/10/2026 7:30,14490,10.5,0.593,100,8073,97.96,18.8
7/10/2026 7:45,14481,10.3,0.596,100,8070,97.99,19.3
7/10/2026 8:00,14477,10.3,0.6,100,8072,98.01,19.9
7/10/2026 8:15,14478,10.3,0.6,100,8072,98,20.6
7/10/2026 8:30,14480,10.3,0.6,100,8069,98,21.6
7/10/2026 8:45,14484,10.3,0.6,100,8070,98,23.1
7/10/2026 9:00,14488,10.3,0.6,100,8070,98.01,23.2
7/10/2026 9:15,14494,10.3,0.601,100,8047,98.01,23.5
7/10/2026 9:30,14422,10.3,0.601,100,8071,98.02,24
7/10/2026 9:45,14394,10.7,0.607,100,8070,98.01,24.6
7/10/2026 10:00,14515,10.4,0.592,100,8069,98.03,25.3
7/10/2026 10:15,14519,10.3,0.596,100,8069,98.03,25.5
7/10/2026 10:30,14526,10.3,0.598,100,8072,98.02,25.9
7/10/2026 10:45,14528,10.3,0.6,100,8072,98.04,26.3
7/10/2026 11:00,14521,10.3,0.6,100,8074,98.03,26.7
7/10/2026 11:15,14506,10.3,0.6,100,8074,98.04,27.2
7/10/2026 11:30,14311,10.4,0.603,100,8076,98.04,27.6
7/10/2026 11:45,14451,10.7,0.598,100,8079,98.05,28
7/10/2026 12:00,14457,10.4,0.59,100,8087,98.05,29.1
7/10/2026 12:15,14440,10.3,0.594,100,8088,98.07,29.7
7/10/2026 12:30,14425,10.3,0.597,100,8096,98.08,29.6
7/10/2026 12:45,14303,10.3,0.598,100,8103,98.08,30.2
7/10/2026 13:00,14317,10.7,0.6,100,8117,98.08,30.7
7/10/2026 13:15,14413,10.4,0.589,100,8127,98.07,31.5
7/10/2026 13:30,14421,10.3,0.593,100,8142,98.07,32.3
7/10/2026 13:45,14434,10.3,0.596,100,8155,98.07,33.7
7/10/2026 14:00,14434,10.3,0.598,100,8159,98.07,34.2
7/10/2026 14:15,14278,10.6,0.601,100,8158,98.06,33
7/10/2026 14:30,14483,10.6,0.593,100,8168,98.05,32.8
7/10/2026 14:45,14492,10.4,0.59,100,8172,98.05,33.2
7/10/2026 15:00,14504,10.3,0.596,100,8186,98.05,33.2
7/10/2026 15:15,14515,10.3,0.598,100,8202,98.04,34.7
7/10/2026 15:30,14443,10.3,0.597,100,8209,98.04,36.5
7/10/2026 15:45,14421,10.8,0.603,100,8217,98.04,37.2
7/10/2026 16:00,14548,10.4,0.589,100,8220,98.04,38.2
7/10/2026 16:15,14554,10.3,0.594,100,8217,98.04,38.6
7/10/2026 16:30,14561,10.3,0.597,100,8212,98.04,38.4
7/10/2026 16:45,14484,10.3,0.597,100,8215,98.05,38.5
7/10/2026 17:00,14460,10.8,0.603,100,8213,98.04,38.8
7/10/2026 17:15,14585,10.4,0.589,100,8211,98.05,38.9
7/10/2026 17:30,14589,10.3,0.593,100,8205,98.06,38.9
7/10/2026 17:45,14594,10.3,0.597,100,8205,98.06,39.8
7/10/2026 18:00,14463,10.4,0.604,100,8202,98.05,40.2
7/10/2026 18:15,14545,10.8,0.6,100,8196,98.06,39.9
7/10/2026 18:30,14612,10.4,0.589,100,8193,98.06,40.5
7/10/2026 18:45,14615,10.3,0.596,100,8185,98.07,40.4
7/10/2026 19:00,14615,10.3,0.597,100,8170,98.08,37.9
7/10/2026 19:15,14450,10.5,0.598,100,8154,98.09,35.2
7/10/2026 19:30,14576,10.8,0.597,100,8145,98.1,33
7/10/2026 19:45,14607,10.4,0.589,100,8141,98.09,31.5
7/10/2026 20:00,14600,10.3,0.596,100,8133,98.09,30.2
7/10/2026 20:15,14564,10.3,0.596,100,8130,98.1,29.2
7/10/2026 20:30,14417,10.8,0.607,100,8126,98.1,28.4
7/10/2026 20:45,14586,10.6,0.592,100,8123,98.11,27.6
7/10/2026 21:00,14580,10.4,0.592,100,8120,98.12,26.8
7/10/2026 21:15,14579,10.3,0.597,100,8117,98.13,26.1
7/10/2026 21:30,14580,10.3,0.598,100,8113,98.15,25.4
7/10/2026 21:45,14582,10.3,0.598,100,8113,98.17,24.9
7/10/2026 22:00,14405,10.6,0.604,100,8110,98.19,24.4
7/10/2026 22:15,14577,10.7,0.597,100,8112,98.19,24
7/10/2026 22:30,14597,10.4,0.59,100,8107,98.21,23.6
7/10/2026 22:45,14601,10.3,0.596,100,8103,98.21,23.4
7/10/2026 23:00,14607,10.3,0.597,100,8104,98.21,23.1
7/10/2026 23:15,14612,10.3,0.598,100,8102,98.21,22.8
7/10/2026 23:30,14416,10.6,0.607,100,8104,98.22,22.5
7/10/2026 23:45,14629,10.6,0.593,100,8101,98.22,22.3
7/11/2026 0:00,14628,10.3,0.592,100,8098,98.23,22.1
7/11/2026 0:15,14633,10.3,0.597,100,8091,98.24,22
7/11/2026 0:30,14637,10.3,0.598,100,8090,98.24,21.8
7/11/2026 0:45,14630,10.3,0.598,100,8088,98.23,21.6
7/11/2026 1:00,14616,10.3,0.598,100,8085,98.23,21.4
7/11/2026 1:15,14598,10.3,0.597,100,8088,98.23,21.3
7/11/2026 1:30,14565,10.3,0.598,100,8085,98.24,21.1
7/11/2026 1:45,14383,10.6,0.607,100,8083,98.24,21
7/11/2026 2:00,14577,10.6,0.593,100,8082,98.24,20.8
7/11/2026 2:15,14576,10.3,0.592,100,8081,98.24,20.6
7/11/2026 2:30,14577,10.3,0.597,100,8081,98.25,20.5
7/11/2026 2:45,14578,10.3,0.598,100,8079,98.26,20.4
7/11/2026 3:00,14581,10.3,0.598,100,8080,98.26,20.4
7/11/2026 3:15,14583,10.3,0.6,100,8079,98.27,20.3
7/11/2026 3:30,14585,10.3,0.6,100,8078,98.27,20.2
7/11/2026 3:45,14585,10.3,0.6,100,8077,98.28,20.2
7/11/2026 4:00,14412,10.5,0.608,100,8077,98.3,20.1
7/11/2026 4:15,14566,10.7,0.6,100,8076,98.3,20.1
7/11/2026 4:30,14586,10.3,0.592,100,8076,98.32,20
7/11/2026 4:45,14584,10.3,0.597,100,8074,98.34,19.9
7/11/2026 5:00,14582,10.3,0.598,100,8076,98.35,19.9
7/11/2026 5:15,14580,10.3,0.6,100,8075,98.37,19.8
7/11/2026 5:30,14579,10.3,0.6,100,8073,98.38,19.8
7/11/2026 5:45,14576,10.3,0.6,100,8070,98.4,19.7
7/11/2026 6:00,14574,10.3,0.6,100,8071,98.41,19.7
7/11/2026 6:15,14572,10.3,0.601,100,8069,98.43,19.7
7/11/2026 6:30,14571,10.3,0.601,100,8069,98.44,19.8
7/11/2026 6:45,14568,10.3,0.601,100,8069,98.46,19.9
7/11/2026 7:00,14428,10.4,0.603,100,8066,98.48,20.1
7/11/2026 7:15,14510,10.7,0.604,100,8066,98.49,20.4
7/11/2026 7:30,14565,10.4,0.59,100,8066,98.5,20.8
7/11/2026 7:45,14565,10.3,0.597,100,8066,98.51,21.3
7/11/2026 8:00,14570,10.3,0.6,100,8066,98.52,22
7/11/2026 8:15,14576,10.3,0.6,100,8064,98.51,22.6
7/11/2026 8:30,14583,10.3,0.6,100,8067,98.51,23.4
7/11/2026 8:45,14564,10.3,0.6,100,8065,98.52,25.2
7/11/2026 9:00,14432,10.7,0.608,100,8063,98.53,24.8
7/11/2026 9:15,14615,10.5,0.593,100,8062,98.54,25.2
7/11/2026 9:30,14622,10.3,0.593,100,8063,98.54,25.7
7/11/2026 9:45,14632,10.3,0.598,100,8063,98.54,26.3
7/11/2026 10:00,14641,10.3,0.598,100,8067,98.54,27.3
7/11/2026 10:15,14555,10.4,0.601,100,8066,98.54,27.9
7/11/2026 10:30,14558,10.8,0.603,100,8066,98.54,28
7/11/2026 10:45,14672,10.4,0.589,100,8068,98.55,28.6
7/11/2026 11:00,14678,10.3,0.596,100,8069,98.56,29
7/11/2026 11:15,14686,10.3,0.598,100,8069,98.57,28.8
7/11/2026 11:30,14595,10.4,0.6,100,8068,98.58,28.9
7/11/2026 11:45,14599,10.8,0.604,100,8073,98.59,29.6
7/11/2026 12:00,14710,10.4,0.589,100,8079,98.59,31.1
7/11/2026 12:15,14715,10.3,0.594,100,8077,98.59,31
7/11/2026 12:30,14720,10.3,0.597,100,8085,98.58,30.2
7/11/2026 12:45,14578,10.5,0.601,100,8100,98.57,31.2
7/11/2026 13:00,14679,10.7,0.596,100,8118,98.57,32.8
7/11/2026 13:15,14719,10.3,0.589,100,8133,98.56,34.2
7/11/2026 13:30,14707,10.3,0.596,100,8132,98.55,34.4
7/11/2026 13:45,14636,10.3,0.597,100,8123,98.55,32.9
7/11/2026 14:00,14542,10.8,0.601,100,8126,98.54,31.7
7/11/2026 14:15,14698,10.5,0.589,100,8124,98.54,31.8
7/11/2026 14:30,14704,10.3,0.592,100,8126,98.53,31.4
7/11/2026 14:45,14711,10.3,0.597,100,8138,98.53,32.6
7/11/2026 15:00,14567,10.5,0.604,100,8152,98.52,33.5
7/11/2026 15:15,14682,10.8,0.597,100,8123,98.51,35
7/11/2026 15:30,14739,10.4,0.589,100,8176,98.51,36.9
7/11/2026 15:45,14747,10.3,0.596,100,8182,98.51,37.3
7/11/2026 16:00,14632,10.4,0.598,100,8190,98.5,37.9
7/11/2026 16:15,14689,10.8,0.597,100,8180,98.5,37.5
7/11/2026 16:30,14773,10.4,0.589,100,8191,98.5,37.3
7/11/2026 16:45,14777,10.3,0.596,100,8199,98.5,39.2
7/11/2026 17:00,14674,10.4,0.6,100,8203,98.5,40.2
7/11/2026 17:15,14702,10.9,0.597,100,8202,98.5,41
7/11/2026 17:30,14798,10.4,0.589,100,8199,98.51,40.9
7/11/2026 17:45,14801,10.3,0.594,100,8197,98.51,41
7/11/2026 18:00,14630,10.7,0.604,100,8187,98.51,41.1
7/11/2026 18:15,14789,10.7,0.593,100,8183,98.52,40
7/11/2026 18:30,14815,10.3,0.59,100,8181,98.52,39.5
7/11/2026 18:45,14748,10.4,0.596,100,8171,98.51,39.2
7/11/2026 19:00,14692,11,0.601,100,8155,98.51,37.3
7/11/2026 19:15,14826,10.4,0.587,100,8146,98.51,34.8
7/11/2026 19:30,14824,10.3,0.594,100,8139,98.51,33.1
7/11/2026 19:45,14723,10.4,0.598,100,8133,98.52,31.8
7/11/2026 20:00,14713,10.9,0.597,100,8128,98.53,30.7
7/11/2026 20:15,14809,10.4,0.587,100,8125,98.53,29.9
7/11/2026 20:30,14800,10.3,0.594,100,8119,98.53,29.2
7/11/2026 20:45,14710,10.4,0.598,100,8116,98.53,28.6
7/11/2026 21:00,14672,10.9,0.603,100,8114,98.54,28
7/11/2026 21:15,14783,10.4,0.587,100,8111,98.56,27.5
7/11/2026 21:30,14778,10.3,0.594,100,8109,98.57,27
7/11/2026 21:45,14776,10.3,0.597,100,8107,98.58,26.6
7/11/2026 22:00,14631,10.6,0.604,100,8103,98.6,26.2
7/11/2026 22:15,14724,10.8,0.597,100,8100,98.62,25.9
7/11/2026 22:30,14758,10.4,0.589,100,8098,98.64,25.6
7/11/2026 22:45,14739,10.3,0.596,100,8097,98.64,25.3
7/11/2026 23:00,14680,10.3,0.597,100,8097,98.65,25.1
7/11/2026 23:15,14548,10.9,0.603,100,8092,98.66,24.9
7/11/2026 23:30,14699,10.5,0.589,100,8095,98.67,24.7
7/11/2026 23:45,14684,10.3,0.59,100,8091,98.67,24.5
7/12/2026 0:00,14671,10.3,0.596,100,8088,98.68,24.3
7/12/2026 0:15,14656,10.3,0.597,100,8067,98.69,24.2
7/12/2026 0:30,14460,10.7,0.605,100,8073,98.69,24
7/12/2026 0:45,14681,10.6,0.592,100,8073,98.69,23.7
7/12/2026 1:00,14688,10.3,0.59,100,8074,98.68,23.5
7/12/2026 1:15,14695,10.3,0.596,100,8072,98.69,23.4
7/12/2026 1:30,14702,10.3,0.598,100,8071,98.68,23.3
7/12/2026 1:45,14706,10.3,0.598,100,8069,98.68,23.2
7/12/2026 2:00,14626,10.4,0.601,100,8069,98.68,23.1
7/12/2026 2:15,14597,10.9,0.604,100,8068,98.69,23.1
7/12/2026 2:30,14715,10.4,0.589,100,8065,98.7,23
7/12/2026 2:45,14712,10.3,0.594,100,8067,98.71,22.9
7/12/2026 3:00,14708,10.3,0.598,100,8067,98.71,22.8
7/12/2026 3:15,14703,10.3,0.598,100,8066,98.71,22.6
7/12/2026 3:30,14694,10.3,0.598,100,8065,98.71,22.4
7/12/2026 3:45,14587,10.4,0.604,100,8063,98.72,22.3
7/12/2026 4:00,14568,10.8,0.605,100,8062,98.72,22.2
7/12/2026 4:15,14656,10.4,0.589,100,8061,98.73,22.1
7/12/2026 4:30,14638,10.3,0.596,100,8060,98.73,22
7/12/2026 4:45,14620,10.3,0.598,100,8057,98.74,21.9
7/12/2026 5:00,14603,10.3,0.598,100,8059,98.75,21.8
7/12/2026 5:15,14585,10.3,0.598,100,8059,98.77,21.7
7/12/2026 5:30,14568,10.3,0.6,100,8059,98.78,21.7
7/12/2026 5:45,14369,10.5,0.601,100,8056,98.8,21.6
7/12/2026 6:00,14527,10.7,0.597,100,8055,98.81,21.6
7/12/2026 6:15,14522,10.4,0.59,100,8054,98.83,21.6
7/12/2026 6:30,14504,10.3,0.597,100,8054,98.86,21.6
7/12/2026 6:45,14488,10.3,0.598,100,8054,98.87,21.7
7/12/2026 7:00,14473,10.3,0.6,100,8050,98.88,21.9
7/12/2026 7:15,14458,10.3,0.6,100,8052,98.9,22.3
7/12/2026 7:30,14444,10.3,0.6,100,8051,98.91,22.6
7/12/2026 7:45,14279,10.4,0.6,100,8050,98.89,23
7/12/2026 8:00,14393,10.8,0.601,100,8050,98.89,23.4
7/12/2026 8:15,14418,10.4,0.59,100,8050,98.89,23.8
7/12/2026 8:30,14409,10.3,0.597,100,8051,98.9,24.4
7/12/2026 8:45,14404,10.3,0.598,100,8050,98.9,25.9
7/12/2026 9:00,14319,10.3,0.601,100,8050,98.91,25.5
7/12/2026 9:15,14287,10.8,0.607,100,8050,98.92,25.7
7/12/2026 9:30,14394,10.5,0.592,100,8047,98.92,26
7/12/2026 9:45,14390,10.3,0.593,100,8048,98.91,26.4
7/12/2026 10:00,14386,10.3,0.598,100,8047,98.92,26.8
7/12/2026 10:15,14280,10.3,0.598,100,8047,98.93,27.2
7/12/2026 10:30,14300,10.8,0.6,100,8046,98.94,27.5
7/12/2026 10:45,14385,10.5,0.59,100,8042,98.94,27.9
7/12/2026 11:00,14384,10.3,0.594,100,8044,98.93,28.2
7/12/2026 11:15,14257,10.4,0.597,100,8044,98.92,28.5
7/12/2026 11:30,14331,10.9,0.603,100,8044,98.92,28.9
7/12/2026 11:45,14394,10.4,0.589,100,8046,98.89,29.4
7/12/2026 12:00,14395,10.3,0.594,100,8058,98.87,31.1
7/12/2026 12:15,14343,10.3,0.597,100,8077,98.88,32.2
7/12/2026 12:30,14263,10.8,0.6,100,8088,98.89,33.1
7/12/2026 12:45,14406,10.6,0.592,100,8107,98.88,33.9
7/12/2026 13:00,14401,10.4,0.592,100,8121,98.88,34.5
7/12/2026 13:15,14320,10.3,0.596,100,8134,98.87,34.9
7/12/2026 13:30,14246,10.8,0.601,100,8149,98.86,35.5
7/12/2026 13:45,14354,10.6,0.592,100,8160,98.85,36.2
7/12/2026 14:00,14332,10.4,0.592,100,8172,98.85,36.8
7/12/2026 14:15,14232,10.3,0.596,100,8181,98.84,37.5
7/12/2026 14:30,14195,10.8,0.6,100,8177,98.83,37.4
7/12/2026 14:45,14311,10.6,0.59,100,8172,98.84,36.7
7/12/2026 15:00,14271,10.4,0.592,100,8179,98.85,36
7/12/2026 15:15,14167,10.8,0.598,100,8191,98.85,36.8
7/12/2026 15:30,14331,10.7,0.592,100,8201,98.82,38.4
7/12/2026 15:45,14334,10.4,0.59,100,8206,98.82,39.7
7/12/2026 16:00,14148,10.6,0.601,100,8208,98.81,40.6
7/12/2026 16:15,14357,10.9,0.594,100,8209,98.81,41.3
7/12/2026 16:30,14359,10.4,0.59,100,8207,98.79,42
7/12/2026 16:45,14209,10.5,0.596,100,8202,98.8,42.7
7/12/2026 17:00,14343,11,0.597,100,8196,98.78,43.2
7/12/2026 17:15,14382,10.5,0.59,100,8191,98.77,42.9
7/12/2026 17:30,14294,10.4,0.597,100,8186,98.77,42.4
7/12/2026 17:45,14297,11,0.598,100,8180,98.77,42.8
7/12/2026 18:00,14403,10.5,0.59,100,8175,98.76,42.6
7/12/2026 18:15,14301,10.4,0.596,100,8170,98.74,41.9
7/12/2026 18:30,14332,11.1,0.597,100,8166,98.71,41.6
7/12/2026 18:45,14423,10.5,0.589,100,8158,98.71,41
7/12/2026 19:00,14331,10.4,0.593,100,8141,98.71,39.2
7/12/2026 19:15,14329,11.1,0.598,100,8131,98.71,36
7/12/2026 19:30,14426,10.6,0.59,100,8123,98.71,33.9
7/12/2026 19:45,14406,10.4,0.593,100,8114,98.71,32.5
7/12/2026 20:00,14234,10.8,0.597,100,8112,98.71,31.4
7/12/2026 20:15,14401,10.9,0.594,100,8105,98.72,30.6
7/12/2026 20:30,14369,10.4,0.592,100,8101,98.74,29.8
7/12/2026 20:45,14182,10.5,0.597,100,8100,98.74,29.1
7/12/2026 21:00,14286,11,0.598,100,8100,98.74,28.5
7/12/2026 21:15,14293,10.5,0.59,100,8095,98.73,28
7/12/2026 21:30,14227,10.4,0.596,100,8094,98.74,27.4
7/12/2026 21:45,14095,10.6,0.6,100,8089,98.75,26.8
7/12/2026 22:00,14233,10.8,0.593,100,8087,98.77,26.3
7/12/2026 22:15,14210,10.4,0.59,100,8085,98.78,25.9
7/12/2026 22:30,14099,10.4,0.594,100,8085,98.79,25.6
7/12/2026 22:45,14081,10.7,0.601,100,8082,98.8,25.3
7/12/2026 23:00,14172,10.6,0.592,100,8081,98.8,25.2
7/12/2026 23:15,14172,10.4,0.592,100,8080,98.81,25.1
7/12/2026 23:30,14038,10.4,0.594,100,8079,98.8,25
7/12/2026 23:45,14149,10.9,0.601,100,8078,98.8,24.8
7/13/2026 0:00,14205,10.6,0.59,100,8073,98.8,24.6
7/13/2026 0:15,14215,10.4,0.593,100,8069,98.8,24.6
7/13/2026 0:30,14125,10.4,0.597,100,8068,98.8,24.4
7/13/2026 0:45,14165,11,0.601,100,8066,98.81,24.3
7/13/2026 1:00,14264,10.6,0.59,100,8065,98.8,24.2
7/13/2026 1:15,14279,10.4,0.593,100,8065,98.8,23.9
7/13/2026 1:30,14295,10.4,0.597,100,8063,98.79,23.7
7/13/2026 1:45,14168,10.5,0.6,100,8064,98.79,23.4
7/13/2026 2:00,14282,11,0.601,100,8063,98.79,23
7/13/2026 2:15,14339,10.5,0.59,100,8061,98.78,22.8
7/13/2026 2:30,14349,10.4,0.596,100,8062,98.79,22.6
7/13/2026 2:45,14357,10.4,0.598,100,8058,98.8,22.4
7/13/2026 3:00,14213,10.5,0.6,100,8057,98.8,22.3
7/13/2026 3:15,14347,11,0.598,100,8057,98.8,22.2
7/13/2026 3:30,14386,10.4,0.59,100,8057,98.8,22.2
7/13/2026 3:45,14389,10.4,0.596,100,8052,98.81,22
7/13/2026 4:00,14394,10.3,0.598,100,8050,98.81,21.9
7/13/2026 4:15,14396,10.3,0.598,100,8052,98.82,21.6
7/13/2026 4:30,14308,10.3,0.598,100,8053,98.82,21.4
7/13/2026 4:45,14298,10.9,0.601,100,8051,98.84,21.1
7/13/2026 5:00,14395,10.5,0.59,100,8051,98.87,20.9
7/13/2026 5:15,14390,10.4,0.594,100,8050,98.87,20.6
7/13/2026 5:30,14384,10.3,0.598,100,8047,98.87,20.4
7/13/2026 5:45,14377,10.3,0.6,100,8048,98.87,20.3
7/13/2026 6:00,14370,10.3,0.6,100,8047,98.86,20.2
7/13/2026 6:15,14248,10.4,0.603,100,8045,98.86,20.2
7/13/2026 6:30,14173,11,0.603,100,8047,98.87,20.2
7/13/2026 6:45,14168,11.4,0.605,100,8047,98.89,20.2
7/13/2026 7:00,14161,11.4,0.601,100,8046,98.88,20.4
7/13/2026 7:15,14151,11.4,0.604,100,8044,98.9,20.7
7/13/2026 7:30,14144,11.4,0.603,100,8045,98.9,21.1
7/13/2026 7:45,14136,11.3,0.601,100,8044,98.9,21.5
7/13/2026 8:00,14131,11.3,0.601,100,8044,98.9,21.9
7/13/2026 8:15,14128,11.3,0.598,100,8044,98.9,22.4
7/13/2026 8:30,14127,11.3,0.601,100,8044,98.9,23
7/13/2026 8:45,14317,11,0.596,100,8044,98.9,24.2
7/13/2026 9:00,14309,10.6,0.592,100,8044,98.9,24.2
7/13/2026 9:15,14297,10.5,0.596,100,8044,98.9,24.6
7/13/2026 9:30,14284,10.4,0.597,100,8041,98.91,25.2
7/13/2026 9:45,14273,10.4,0.597,100,8040,98.91,25.7
7/13/2026 10:00,14265,10.4,0.597,100,8041,98.89,26.3
7/13/2026 10:15,14270,10.4,0.597,100,8042,98.88,26.8
7/13/2026 10:30,14286,10.4,0.598,100,8037,98.88,27.2
7/13/2026 10:45,14304,10.4,0.598,100,8040,98.88,27.6
7/13/2026 11:00,14325,10.4,0.6,100,8038,98.87,27.9
7/13/2026 11:15,14349,10.4,0.6,100,8039,98.86,28.2
7/13/2026 11:30,14371,10.4,0.6,100,8038,98.86,28.6
7/13/2026 11:45,14394,10.4,0.6,100,8042,98.86,29.1
7/13/2026 12:00,14418,10.4,0.601,100,8058,98.85,30.9
7/13/2026 12:15,14440,10.3,0.601,100,8072,98.86,32.3
7/13/2026 12:30,14462,10.3,0.601,100,8088,98.87,33.4
7/13/2026 12:45,14484,10.3,0.601,100,8101,98.87,34.3
7/13/2026 13:00,14504,10.3,0.601,100,8118,98.87,35
7/13/2026 13:15,14523,10.3,0.601,100,8133,98.87,35.6
7/13/2026 13:30,14536,10.3,0.601,100,8148,98.86,36.1
7/13/2026 13:45,14536,10.3,0.601,100,8161,98.84,36.9
7/13/2026 14:00,14431,10.4,0.607,100,8173,98.83,37.5
7/13/2026 14:15,14414,10.8,0.607,100,8180,98.83,38.3
7/13/2026 14:30,14345,10.7,0.605,100,8170,98.82,37.9
7/13/2026 14:45,14448,10.9,0.601,100,8165,98.81,36.8
7/13/2026 15:00,14346,11.1,0.603,100,8172,98.81,36.4
7/13/2026 15:15,14525,10.8,0.593,100,8186,98.82,37.5
7/13/2026 15:30,14526,10.4,0.592,100,8199,98.81,39.6
7/13/2026 15:45,14529,10.4,0.596,100,8199,98.81,40.8
7/13/2026 16:00,14532,10.3,0.597,100,8204,98.81,41.5
7/13/2026 16:15,14535,10.3,0.597,100,8201,98.81,42.7
7/13/2026 16:30,14536,10.3,0.597,100,8200,98.82,43.4
7/13/2026 16:45,14538,10.3,0.597,100,8189,98.81,43.7
7/13/2026 17:00,14539,10.3,0.598,100,8188,98.8,44
7/13/2026 17:15,14542,10.3,0.598,100,8181,98.79,44.1
7/13/2026 17:30,14543,10.3,0.6,100,8172,98.79,43.8
7/13/2026 17:45,14368,10.6,0.604,100,8169,98.79,43.2
7/13/2026 18:00,14435,10.8,0.603,100,8163,98.79,42.9
7/13/2026 18:15,14456,11.1,0.607,100,8156,98.77,42.7
7/13/2026 18:30,14407,10.8,0.603,100,8156,98.77,42.1
7/13/2026 18:45,14514,11,0.596,100,8148,98.77,41
7/13/2026 19:00,14389,11.2,0.605,100,8134,98.76,39.5
7/13/2026 19:15,14577,10.8,0.592,100,8124,98.74,36.6
7/13/2026 19:30,14463,10.6,0.594,100,8115,98.74,34.4
7/13/2026 19:45,14471,11.2,0.598,100,8109,98.73,32.9
7/13/2026 20:00,14467,10.6,0.59,100,8104,98.73,31.8
7/13/2026 20:15,14385,11.2,0.603,100,8099,98.73,30.8
7/13/2026 20:30,14465,10.6,0.589,100,8098,98.73,30
7/13/2026 20:45,14293,11,0.597,100,8093,98.73,29.2
7/13/2026 21:00,14457,10.9,0.592,100,8090,98.73,28.6
7/13/2026 21:15,14303,10.6,0.592,100,8088,98.73,28
7/13/2026 21:30,14371,11.2,0.594,100,8086,98.73,27.5
7/13/2026 21:45,14434,10.6,0.589,100,8079,98.73,27
7/13/2026 22:00,14442,10.4,0.594,100,8081,98.74,26.6
7/13/2026 22:15,14454,10.4,0.597,100,8079,98.75,26.2
7/13/2026 22:30,14464,10.4,0.597,100,8078,98.76,25.8
7/13/2026 22:45,14475,10.4,0.597,100,8076,98.76,25.5
7/13/2026 23:00,14298,10.6,0.608,100,8074,98.76,25.2
7/13/2026 23:15,14401,10.9,0.598,100,8071,98.77,25.1
7/13/2026 23:30,14387,11.2,0.604,100,8070,98.77,24.9
7/13/2026 23:45,14505,10.6,0.59,100,8071,98.77,24.7
7/14/2026 0:00,14358,10.7,0.6,100,8068,98.76,24.5
7/14/2026 0:15,14452,11.1,0.597,100,8062,98.77,24.4
7/14/2026 0:30,14495,10.5,0.59,100,8063,98.76,24.2
7/14/2026 0:45,14311,11,0.601,100,8060,98.77,24.1
7/14/2026 1:00,14317,11.5,0.601,100,8060,98.77,23.8
7/14/2026 1:15,14313,11.5,0.604,100,8059,98.78,23.6
7/14/2026 1:30,14308,11.5,0.601,100,8058,98.78,23.4
7/14/2026 1:45,14299,11.5,0.597,100,8055,98.79,23.1
7/14/2026 2:00,14422,11.3,0.597,100,8055,98.79,22.9
7/14/2026 2:15,14471,10.7,0.59,100,8055,98.79,22.7
7/14/2026 2:30,14458,10.5,0.594,100,8055,98.79,22.6
7/14/2026 2:45,14356,10.5,0.598,100,8054,98.8,22.4
7/14/2026 3:00,14282,11.2,0.598,100,8051,98.79,22.3
7/14/2026 3:15,14440,10.9,0.593,100,8050,98.79,22.1
7/14/2026 3:30,14427,10.5,0.593,100,8051,98.79,22
7/14/2026 3:45,14419,10.4,0.597,100,8052,98.79,21.8
7/14/2026 4:00,14223,10.7,0.598,100,8048,98.79,21.7
7/14/2026 4:15,14240,11.4,0.601,100,8046,98.79,21.6
7/14/2026 4:30,14409,11,0.596,100,8048,98.8,21.5
7/14/2026 4:45,14397,10.6,0.593,100,8047,98.81,21.4
7/14/2026 5:00,14389,10.4,0.597,100,8047,98.82,21.3
7/14/2026 5:15,14382,10.4,0.598,100,8046,98.82,21.1
7/14/2026 5:30,14188,10.7,0.601,100,8043,98.83,21
7/14/2026 5:45,14189,11.3,0.604,100,8045,98.85,20.8
7/14/2026 6:00,14184,11.4,0.601,100,8044,98.86,20.7
7/14/2026 6:15,14327,11.2,0.597,100,8043,98.87,20.6
7/14/2026 6:30,14351,10.7,0.592,100,8041,98.87,20.5
7/14/2026 6:45,14341,10.5,0.596,100,8041,98.88,20.6
7/14/2026 7:00,14325,10.4,0.598,100,8039,98.88,20.8
7/14/2026 7:15,14299,10.4,0.598,100,8040,98.89,21.1
7/14/2026 7:30,14179,10.4,0.601,100,8040,98.9,21.6
7/14/2026 7:45,14056,10.8,0.598,100,8042,98.9,22
7/14/2026 8:00,14032,11.2,0.601,100,8040,98.91,22.5
7/14/2026 8:15,14014,11.1,0.603,100,8038,98.91,23
7/14/2026 8:30,14114,11.1,0.603,100,8038,98.91,23.6
7/14/2026 8:45,14199,10.8,0.593,100,8040,98.92,24.7
7/14/2026 9:00,14201,10.6,0.593,100,8037,98.92,24.7
7/14/2026 9:15,14208,10.5,0.597,100,8038,98.92,25
7/14/2026 9:30,14214,10.5,0.597,100,8038,98.92,25.5
7/14/2026 9:45,14223,10.4,0.598,100,8035,98.9,26
7/14/2026 10:00,14232,10.4,0.598,100,8035,98.89,26.6
7/14/2026 10:15,14241,10.4,0.598,100,8036,98.87,27.1
7/14/2026 10:30,14249,10.4,0.598,100,8035,98.86,27.7
7/14/2026 10:45,14257,10.4,0.6,100,8035,98.85,28
7/14/2026 11:00,14263,10.4,0.598,100,8036,98.84,28.4
7/14/2026 11:15,14267,10.4,0.6,100,8033,98.83,28.8
7/14/2026 11:30,14270,10.4,0.6,100,8035,98.82,29.3
7/14/2026 11:45,14274,10.4,0.601,100,8038,98.8,30
7/14/2026 12:00,14277,10.4,0.601,100,8051,98.8,31.9
7/14/2026 12:15,14280,10.4,0.601,100,8069,98.79,33.5
7/14/2026 12:30,14283,10.4,0.601,100,8081,98.79,34.5
7/14/2026 12:45,14207,10.4,0.601,100,8098,98.77,35.3
7/14/2026 13:00,14175,10.7,0.607,100,8113,98.76,36
7/14/2026 13:15,14094,10.8,0.607,100,8126,98.76,36.6
7/14/2026 13:30,14134,11.1,0.604,100,8139,98.75,37.5
7/14/2026 13:45,14174,11.2,0.601,100,8153,98.75,38.4
7/14/2026 14:00,14035,11,0.6,100,8164,98.75,39.2
7/14/2026 14:15,14146,11.1,0.6,100,8171,98.74,39.8
7/14/2026 14:30,14135,11.3,0.603,100,8163,98.73,39.1
7/14/2026 14:45,14249,10.8,0.592,100,8155,98.73,38
7/14/2026 15:00,14257,10.5,0.592,100,8159,98.72,37.2
7/14/2026 15:15,14075,10.8,0.598,100,8174,98.72,38.1
7/14/2026 15:30,14209,11,0.597,100,8187,98.73,40
7/14/2026 15:45,14186,11.3,0.6,100,8190,98.73,41.8
7/14/2026 16:00,14191,10.9,0.594,100,8195,98.72,43
7/14/2026 16:15,14238,11.3,0.597,100,8191,98.71,43.9
7/14/2026 16:30,14158,11.3,0.603,100,8188,98.72,44.6
7/14/2026 16:45,14215,11.3,0.6,100,8173,98.72,45.1
7/14/2026 17:00,14283,11.4,0.597,100,8162,98.71,44.9
7/14/2026 17:15,14273,10.7,0.589,100,8158,98.71,44.4
7/14/2026 17:30,14177,11.2,0.596,100,8155,98.7,43.5
7/14/2026 17:45,14172,11.1,0.593,100,8155,98.7,43
7/14/2026 18:00,14234,11.4,0.603,100,8151,98.69,43.1
7/14/2026 18:15,14237,10.7,0.592,100,8146,98.69,42.9
7/14/2026 18:30,14116,11.1,0.593,100,8142,98.68,42.6
7/14/2026 18:45,14168,11.2,0.597,100,8139,98.66,42.2
7/14/2026 19:00,14119,11.5,0.6,100,8125,98.66,40.7
7/14/2026 19:15,14166,11.3,0.598,100,8110,98.65,37.8
7/14/2026 19:30,14212,11.5,0.6,100,8105,98.65,35.5
7/14/2026 19:45,14167,10.9,0.59,100,8097,98.65,33.8
7/14/2026 20:00,14216,11.4,0.598,100,8093,98.64,32.6
7/14/2026 20:15,14114,11.2,0.601,100,8087,98.64,31.6
7/14/2026 20:30,14211,11.4,0.6,100,8085,98.63,30.9
7/14/2026 20:45,14197,11.5,0.6,100,8080,98.64,30.2
7/14/2026 21:00,14286,10.9,0.59,100,8079,98.64,29.6
7/14/2026 21:15,14158,11.2,0.596,100,8078,98.63,28.9
7/14/2026 21:30,14318,11.1,0.592,100,8074,98.64,28.4
7/14/2026 21:45,14157,11.2,0.596,100,8073,98.65,27.9
7/14/2026 22:00,14345,11.2,0.593,100,8070,98.67,27.5
7/14/2026 22:15,14214,10.8,0.593,100,8070,98.68,27
7/14/2026 22:30,14280,11.4,0.6,100,8068,98.69,26.6
7/14/2026 22:45,14321,10.7,0.589,100,8066,98.69,26.2
7/14/2026 23:00,14303,10.5,0.593,100,8062,98.69,25.8
7/14/2026 23:15,14284,10.4,0.597,100,8061,98.69,25.4
7/14/2026 23:30,14076,10.8,0.598,100,8060,98.7,25.1
7/14/2026 23:45,14189,11.2,0.6,100,8061,98.7,24.7
7/15/2026 0:00,14188,11.4,0.6,100,8057,98.7,24.4
7/15/2026 0:15,14279,10.8,0.592,100,8028,98.7,24.2
7/15/2026 0:30,14119,11,0.597,100,8044,98.7,23.9
7/15/2026 0:45,14313,11.1,0.594,100,8043,98.7,23.6
7/15/2026 1:00,14209,10.7,0.59,100,8042,98.69,23.3
7/15/2026 1:15,14239,11.4,0.597,100,8041,98.69,23.1
7/15/2026 1:30,14327,10.7,0.59,100,8040,98.68,23
7/15/2026 1:45,14251,10.6,0.594,100,8038,98.68,22.8
7/15/2026 2:00,14226,11.2,0.6,100,8037,98.69,22.7
7/15/2026 2:15,14339,10.8,0.59,100,8037,98.69,22.6
7/15/2026 2:30,14262,10.6,0.593,100,8038,98.68,22.5
7/15/2026 2:45,14239,11.2,0.6,100,8035,98.68,22.4
7/15/2026 3:00,14352,10.8,0.59,100,8038,98.68,22.4
7/15/2026 3:15,14226,10.7,0.593,100,8035,98.67,22.3
7/15/2026 3:30,14301,11.3,0.598,100,8035,98.67,22.3
7/15/2026 3:45,14356,10.7,0.59,100,8034,98.67,22.2
7/15/2026 4:00,14325,10.5,0.596,100,8034,98.67,22.1
7/15/2026 4:15,14185,11,0.601,100,8033,98.68,22.1
7/15/2026 4:30,14341,10.9,0.593,100,8033,98.68,22.1
7/15/2026 4:45,14324,10.5,0.593,100,8030,98.68,22
7/15/2026 5:00,14207,10.5,0.6,100,8031,98.68,22
7/15/2026 5:15,14217,11.2,0.6,100,8031,98.68,22
7/15/2026 5:30,14285,10.7,0.59,100,8030,98.69,21.9
7/15/2026 5:45,14241,10.5,0.594,100,8028,98.69,21.8
7/15/2026 6:00,14070,10.9,0.6,100,8028,98.7,21.8
7/15/2026 6:15,14064,11.6,0.598,100,8027,98.71,21.7
7/15/2026 6:30,14163,11.5,0.6,100,8029,98.71,21.7
7/15/2026 6:45,14216,10.8,0.592,100,8028,98.71,21.8
7/15/2026 7:00,14202,10.6,0.594,100,8023,98.7,22
7/15/2026 7:15,14166,10.5,0.598,100,8024,98.7,22.3
7/15/2026 7:30,14031,10.8,0.6,100,8026,98.69,22.6
7/15/2026 7:45,14187,11,0.596,100,8025,98.7,23
7/15/2026 8:00,14171,10.6,0.593,100,8028,98.7,23.5
7/15/2026 8:15,14153,10.5,0.597,100,8027,98.7,24
7/15/2026 8:30,14124,10.4,0.598,100,8022,98.71,24.7
7/15/2026 8:45,13959,10.6,0.597,100,8022,98.72,25.7
7/15/2026 9:00,14132,11,0.598,100,8022,98.72,25.5
7/15/2026 9:15,13958,10.7,0.597,100,8023,98.73,24.9
7/15/2026 9:30,14089,11.1,0.6,100,8022,98.73,24.9
7/15/2026 9:45,14026,10.7,0.594,100,8022,98.73,24.9
7/15/2026 10:00,14020,11.1,0.597,100,8022,98.72,24.9
7/15/2026 10:15,14064,10.8,0.594,100,8022,98.72,25
7/15/2026 10:30,13979,11,0.598,100,8019,98.71,25.1
7/15/2026 10:45,14082,11,0.594,100,8019,98.69,25.6
7/15/2026 11:00,13983,11.1,0.598,100,8018,98.69,26.6
7/15/2026 11:15,14157,11.1,0.594,100,8020,98.67,27.5
7/15/2026 11:30,13992,11,0.597,100,8020,98.67,28.4
7/15/2026 11:45,14200,11.2,0.594,100,8025,98.67,29.2
7/15/2026 12:00,14035,11,0.594,100,8038,98.66,31.3
7/15/2026 12:15,14229,11.3,0.596,100,8056,98.66,32.9
7/15/2026 12:30,14123,10.9,0.593,100,8072,98.64,34
7/15/2026 12:45,14216,11.4,0.6,100,8084,98.64,34.6
7/15/2026 13:00,14184,10.8,0.59,100,8094,98.64,35.1
7/15/2026 13:15,14224,11.4,0.597,100,8102,98.63,35.2
7/15/2026 13:30,14215,10.9,0.596,100,8110,98.62,35.3
7/15/2026 13:45,14257,11.5,0.603,100,8113,98.6,35
7/15/2026 14:00,14233,11,0.596,100,8127,98.6,35.8
7/15/2026 14:15,14293,11.5,0.601,100,8130,98.59,36.5
7/15/2026 14:30,14243,11,0.6,100,8129,98.58,36.4
7/15/2026 14:45,14324,11.5,0.598,100,8125,98.56,36.1
7/15/2026 15:00,14257,11,0.6,100,8131,98.54,35.7
7/15/2026 15:15,14334,11.5,0.598,100,8148,98.53,36.8
7/15/2026 15:30,14248,11,0.597,100,8158,98.53,39
7/15/2026 15:45,14308,11.5,0.598,100,8171,98.52,40.2
7/15/2026 16:00,14204,11,0.593,100,8171,98.52,41
7/15/2026 16:15,14238,11.5,0.601,100,8173,98.51,41.6
7/15/2026 16:30,14192,11.7,0.605,100,8175,98.5,42.3
7/15/2026 16:45,14192,11.4,0.597,100,8172,98.49,43.2
7/15/2026 17:00,14248,11.6,0.601,100,8171,98.48,43.9
7/15/2026 17:15,14224,11.7,0.603,100,8165,98.48,44.1
7/15/2026 17:30,14321,11.1,0.592,100,8162,98.47,44.1
7/15/2026 17:45,14250,11.6,0.605,100,8152,98.45,44.3
7/15/2026 18:00,14400,11,0.59,100,8150,98.45,43.8
7/15/2026 18:15,14406,10.6,0.592,100,8144,98.43,43.7
7/15/2026 18:30,14415,10.5,0.596,100,8140,98.42,43.4
7/15/2026 18:45,14250,10.9,0.605,100,8132,98.42,43.1
7/15/2026 19:00,14361,11.2,0.596,100,8117,98.42,41.9
7/15/2026 19:15,14306,11.5,0.604,100,8106,98.41,39.1
7/15/2026 19:30,14319,11.3,0.601,100,8098,98.42,36.5
7/15/2026 19:45,14352,11.6,0.6,100,8091,98.41,34.8
7/15/2026 20:00,14314,11.8,0.601,100,8085,98.41,33.5
7/15/2026 20:15,14346,11.3,0.598,100,8080,98.41,32.5
7/15/2026 20:30,14352,11.7,0.598,100,8076,98.42,31.7
7/15/2026 20:45,14351,10.8,0.592,100,8073,98.42,31.1
7/15/2026 21:00,14280,11.5,0.601,100,8071,98.43,30.6
7/15/2026 21:15,14247,11.4,0.598,100,8069,98.44,30.1
7/15/2026 21:30,14381,11.6,0.596,100,8066,98.45,29.5
7/15/2026 21:45,14268,11.1,0.601,100,8063,98.47,29.1
7/15/2026 22:00,14397,11.5,0.597,100,8061,98.47,28.7
7/15/2026 22:15,14280,11.3,0.601,100,8059,98.47,28.4
7/15/2026 22:30,14445,11.4,0.594,100,8060,98.48,28.2
7/15/2026 22:45,14282,11.5,0.603,100,8057,98.47,28
7/15/2026 23:00,14483,11.3,0.59,100,8054,98.47,27.8
7/15/2026 23:15,14311,11.6,0.604,100,8055,98.48,27.5
7/15/2026 23:30,14368,11.5,0.6,100,8053,98.49,27.2
7/15/2026 23:45,14402,11.7,0.598,100,8050,98.49,26.9
7/16/2026 0:00,14393,10.8,0.59,100,8050,98.49,26.6
7/16/2026 0:15,14323,11.6,0.598,100,8026,98.49,26.5
7/16/2026 0:30,14414,11,0.592,100,8035,98.48,26.2
7/16/2026 0:45,14254,11.4,0.603,100,8035,98.47,25.8
7/16/2026 1:00,14416,11.2,0.592,100,8034,98.47,25.5
7/16/2026 1:15,14238,11,0.598,100,8031,98.46,25.2
7/16/2026 1:30,14397,11.4,0.596,100,8031,98.45,24.9
7/16/2026 1:45,14326,10.8,0.592,100,8034,98.45,24.7
7/16/2026 2:00,14327,11.6,0.597,100,8031,98.45,24.4
7/16/2026 2:15,14371,10.9,0.589,100,8028,98.45,24.2
7/16/2026 2:30,14287,11.5,0.604,100,8027,98.45,24
7/16/2026 2:45,14418,11,0.59,100,8027,98.46,23.8
7/16/2026 3:00,14302,10.8,0.596,100,8026,98.47,23.6
7/16/2026 3:15,14317,11.5,0.598,100,8025,98.46,23.5
7/16/2026 3:30,14387,10.8,0.589,100,8023,98.45,23.3
7/16/2026 3:45,14195,11,0.6,100,8025,98.45,23.2
7/16/2026 4:00,14356,11.3,0.594,100,8022,98.46,23
7/16/2026 4:15,14309,10.7,0.592,100,8022,98.45,22.8
7/16/2026 4:30,14191,11.2,0.597,100,8021,98.45,22.6
7/16/2026 4:45,14328,11.1,0.592,100,8022,98.44,22.5
7/16/2026 5:00,14221,10.7,0.593,100,8019,98.44,22.4
7/16/2026 5:15,14210,11.4,0.6,100,8019,98.46,22.2
7/16/2026 5:30,14291,10.9,0.592,100,8019,98.46,22
7/16/2026 5:45,14164,10.7,0.596,100,8019,98.47,21.9
7/16/2026 6:00,14202,11.4,0.6,100,8018,98.47,21.8
7/16/2026 6:15,14258,10.8,0.59,100,8017,98.48,21.6
7/16/2026 6:30,14245,10.6,0.594,100,8016,98.49,21.6
7/16/2026 6:45,14096,10.6,0.601,100,8018,98.5,21.6
7/16/2026 7:00,14139,11.4,0.603,100,8016,98.51,21.8
7/16/2026 7:15,14221,10.9,0.592,100,8018,98.51,22
7/16/2026 7:30,14196,10.6,0.594,100,8015,98.51,22.2
7/16/2026 7:45,14033,10.9,0.6,100,8016,98.52,22.4
7/16/2026 8:00,14201,11.2,0.597,100,8014,98.53,22.7
7/16/2026 8:15,14186,10.7,0.592,100,8016,98.54,23.1
7/16/2026 8:30,14054,10.6,0.594,100,8013,98.52,23.7
7/16/2026 8:45,14122,11.3,0.6,100,8015,98.51,24.3
7/16/2026 9:00,14166,10.8,0.592,100,8013,98.51,24.6
7/16/2026 9:15,13989,11,0.596,100,8012,98.51,24.9
7/16/2026 9:30,14173,11.3,0.597,100,8013,98.5,25.3
7/16/2026 9:45,14007,11,0.593,100,8015,98.5,25.6
7/16/2026 10:00,14153,11.4,0.597,100,8015,98.49,25.7
7/16/2026 10:15,14023,11,0.593,100,8012,98.48,26.2
7/16/2026 10:30,14146,11.5,0.601,100,8012,98.47,26.8
7/16/2026 10:45,14039,11,0.594,100,8012,98.47,27.5
7/16/2026 11:00,14133,11.5,0.601,100,8017,98.47,28.2
7/16/2026 11:15,14034,11,0.593,100,8018,98.47,28.8
7/16/2026 11:30,14062,11.5,0.6,100,8019,98.46,29.4
7/16/2026 11:45,13941,11.4,0.6,100,8022,98.45,30.3
7/16/2026 12:00,14121,11.4,0.597,100,8022,98.45,31
7/16/2026 12:15,13979,10.9,0.59,100,8030,98.44,31
7/16/2026 12:30,14065,11.4,0.601,100,8038,98.43,32
7/16/2026 12:45,14024,11,0.597,100,8047,98.43,32.5
7/16/2026 13:00,14094,11.5,0.598,100,8055,98.41,33.4
7/16/2026 13:15,14083,11,0.592,100,8064,98.41,33.8
7/16/2026 13:30,14131,11.6,0.6,100,8074,98.4,34.4
7/16/2026 13:45,14097,11.2,0.597,100,8082,98.38,35.1
7/16/2026 14:00,14224,11.6,0.597,100,8099,98.37,36
7/16/2026 14:15,14201,11,0.59,100,8113,98.35,37.5
7/16/2026 14:30,14213,11.6,0.6,100,8107,98.35,37.4
7/16/2026 14:45,14244,11,0.592,100,8107,98.35,36.5
7/16/2026 15:00,14188,11.6,0.601,100,8107,98.34,36
7/16/2026 15:15,14247,11,0.593,100,8129,98.34,36.8
7/16/2026 15:30,14164,11.6,0.601,100,8142,98.34,38.8
7/16/2026 15:45,14254,11.1,0.593,100,8152,98.33,40.4
7/16/2026 16:00,14148,11.5,0.598,100,8158,98.32,41.6
7/16/2026 16:15,14309,11.1,0.592,100,8163,98.3,42.4
7/16/2026 16:30,14231,10.8,0.59,100,8164,98.29,42.9
7/16/2026 16:45,14210,11.5,0.598,100,8164,98.29,43.5
7/16/2026 17:00,14209,11.2,0.593,100,8162,98.28,44
7/16/2026 17:15,14261,11.6,0.6,100,8160,98.29,44.1
7/16/2026 17:30,14256,10.9,0.592,100,8155,98.28,44
7/16/2026 17:45,14236,11.6,0.603,100,8148,98.27,44
7/16/2026 18:00,14263,11.1,0.596,100,8145,98.26,44
7/16/2026 18:15,14273,11.7,0.601,100,8140,98.24,43.8
7/16/2026 18:30,14230,11.4,0.603,100,8136,98.22,43.4
7/16/2026 18:45,14370,11.6,0.597,100,8133,98.21,42.9
7/16/2026 19:00,14239,11.4,0.601,100,8118,98.2,41.4
7/16/2026 19:15,14347,11.9,0.603,100,8105,98.2,38.6
7/16/2026 19:30,14455,10.9,0.59,100,8097,98.2,36
7/16/2026 19:45,14275,11.4,0.603,100,8091,98.2,34.3
7/16/2026 20:00,14371,11.6,0.603,100,8085,98.2,33
7/16/2026 20:15,14421,11.8,0.601,100,8081,98.2,32
7/16/2026 20:30,14467,10.8,0.59,100,8079,98.2,31
7/16/2026 20:45,14284,11.4,0.603,100,8073,98.21,30.2
7/16/2026 21:00,14439,11.2,0.592,100,8070,98.22,29.4
7/16/2026 21:15,14250,11.4,0.601,100,8070,98.23,28.7
7/16/2026 21:30,14422,11.3,0.593,100,8067,98.23,28.1
7/16/2026 21:45,14210,11.4,0.6,100,8066,98.24,27.7
7/16/2026 22:00,14407,11.3,0.593,100,8063,98.25,27.3
7/16/2026 22:15,14300,10.9,0.594,100,8063,98.26,27
7/16/2026 22:30,14337,11.6,0.603,100,8057,98.25,26.8
7/16/2026 22:45,14338,11,0.593,100,8058,98.24,26.6
7/16/2026 23:00,14342,11.7,0.601,100,8054,98.24,26.4
7/16/2026 23:15,14416,10.9,0.589,100,8055,98.25,26.1
7/16/2026 23:30,14280,11.5,0.601,100,8053,98.26,25.8
7/16/2026 23:45,14450,11.1,0.592,100,8051,98.26,25.6
7/17/2026 0:00,14324,10.9,0.596,100,8052,98.29,25.4
7/17/2026 0:15,14376,11.6,0.601,100,8049,98.28,25.1
7/17/2026 0:30,14441,10.8,0.589,100,8045,98.29,24.8
7/17/2026 0:45,14305,10.8,0.6,100,8046,98.3,24.5
7/17/2026 1:00,14380,11.5,0.603,100,8043,98.3,24.3
7/17/2026 1:15,14393,10.8,0.592,100,8041,98.29,24.1
7/17/2026 1:30,14281,11.4,0.603,100,8042,98.29,24
7/17/2026 1:45,14431,11,0.592,100,8042,98.29,23.8
7/17/2026 2:00,14294,10.9,0.598,100,8039,98.28,23.6
7/17/2026 2:15,14366,11.5,0.6,100,8040,98.28,23.5
7/17/2026 2:30,14411,10.8,0.59,100,8039,98.28,23.4
7/17/2026 2:45,14233,10.9,0.6,100,8037,98.28,23.4
7/17/2026 3:00,14338,11.4,0.597,100,8036,98.27,23.3
7/17/2026 3:15,14292,10.7,0.59,100,8032,98.26,23.3
7/17/2026 3:30,14198,11.4,0.6,100,8035,98.25,23.3
7/17/2026 3:45,14336,11,0.592,100,8035,98.24,23.3
7/17/2026 4:00,14305,10.6,0.593,100,8032,98.22,23.3
7/17/2026 4:15,14172,11.2,0.601,100,8034,98.21,23.3
7/17/2026 4:30,14343,11.1,0.593,100,8031,98.19,23.3
7/17/2026 4:45,14246,10.7,0.593,100,8031,98.18,23.3
7/17/2026 5:00,14248,11.5,0.597,100,8030,98.2,23.3
7/17/2026 5:15,14341,10.9,0.589,100,8031,98.21,23.2
7/17/2026 5:30,14245,10.6,0.594,100,8030,98.22,23.2
7/17/2026 5:45,14243,11.4,0.601,100,8029,98.21,23.1
7/17/2026 6:00,14336,10.9,0.59,100,8027,98.23,23
7/17/2026 6:15,14225,10.7,0.592,100,8025,98.25,23
7/17/2026 6:30,14247,11.5,0.603,100,8025,98.25,23
7/17/2026 6:45,14327,10.8,0.59,100,8025,98.26,23.2
7/17/2026 7:00,14320,10.6,0.594,100,8025,98.26,23.5
7/17/2026 7:15,14146,10.9,0.601,100,8025,98.26,23.7
7/17/2026 7:30,14261,11.5,0.6,100,8025,98.27,23.9
7/17/2026 7:45,14313,10.8,0.59,100,8022,98.26,23.9
7/17/2026 8:00,14191,10.7,0.598,100,8022,98.24,23.8
7/17/2026 8:15,14236,11.4,0.598,100,8022,98.23,24
7/17/2026 8:30,14288,10.8,0.59,100,8020,98.22,24.6
7/17/2026 8:45,14119,10.8,0.597,100,8022,98.21,25.5
7/17/2026 9:00,14194,11.4,0.598,100,8021,98.21,25.8
7/17/2026 9:15,14167,10.8,0.592,100,8020,98.2,26.3
7/17/2026 9:30,14027,11,0.596,100,8020,98.18,26.8
7/17/2026 9:45,14158,11.2,0.594,100,8019,98.17,27.3
7/17/2026 10:00,13983,10.8,0.592,100,8019,98.15,27.8
7/17/2026 10:15,14100,11.3,0.597,100,8019,98.13,28.4
7/17/2026 10:30,13993,10.9,0.593,100,8019,98.13,28.9
7/17/2026 10:45,14064,11.3,0.6,100,8019,98.12,29.4
7/17/2026 11:00,13990,11,0.592,100,8019,98.12,29.9
7/17/2026 11:15,14058,11.4,0.598,100,8019,98.11,30.2
7/17/2026 11:30,13974,11.1,0.594,100,8021,98.11,30.6
7/17/2026 11:45,14078,11.5,0.598,100,8022,98.1,31.2
7/17/2026 12:00,13980,11.1,0.593,100,8038,98.1,33
7/17/2026 12:15,14077,11.5,0.598,100,8053,98.09,34.2
7/17/2026 12:30,13961,11.2,0.596,100,8066,98.07,34.8
7/17/2026 12:45,14108,11.6,0.598,100,8079,98.07,35.4
7/17/2026 13:00,13991,11.1,0.593,100,8096,98.06,35.8
7/17/2026 13:15,14067,11.6,0.597,100,8110,98.04,36.6
7/17/2026 13:30,14017,11.1,0.592,100,8123,98.01,37.2
7/17/2026 13:45,13995,11.3,0.598,100,8139,98,37.6
7/17/2026 14:00,13983,11.2,0.594,100,8150,98,38.3
7/17/2026 14:15,13933,11.3,0.596,100,8157,97.99,38.9
7/17/2026 14:30,13885,11.6,0.603,100,8145,97.99,38.3
7/17/2026 14:45,14038,11.5,0.596,100,8137,97.98,36.9
7/17/2026 15:00,13842,11,0.593,100,8139,97.98,36.2
7/17/2026 15:15,14037,11.4,0.598,100,8158,97.98,37
7/17/2026 15:30,13882,11.2,0.594,100,8162,97.98,39.1
7/17/2026 15:45,14077,11.5,0.597,100,8177,97.97,40.4
7/17/2026 16:00,13897,11.2,0.593,100,8182,97.97,41.4
7/17/2026 16:15,14098,11.5,0.597,100,8178,97.95,41.8
7/17/2026 16:30,13940,11.4,0.597,100,8180,97.93,41.2
7/17/2026 16:45,13987,11.9,0.604,100,8178,97.91,41.4
7/17/2026 17:00,14115,11.8,0.597,100,8179,97.89,41.9
7/17/2026 17:15,14039,11.2,0.594,100,8179,97.87,42
7/17/2026 17:30,14105,11.8,0.597,100,8174,97.84,41.7
7/17/2026 17:45,13994,11.7,0.603,100,8172,97.83,41.8
7/17/2026 18:00,14106,11.7,0.598,100,8169,97.81,41.8
7/17/2026 18:15,14105,11.9,0.603,100,8166,97.8,41.3
7/17/2026 18:30,14017,11.8,0.603,100,8158,97.8,41
7/17/2026 18:45,14152,11.7,0.594,100,8154,97.79,40.6
7/17/2026 19:00,14098,11.9,0.598,100,8142,97.77,39.7
7/17/2026 19:15,14048,11.8,0.603,100,8131,97.76,37.4
7/17/2026 19:30,14219,11.7,0.594,100,8122,97.74,35.4
7/17/2026 19:45,14088,11.2,0.593,100,8111,97.74,34.2
7/17/2026 20:00,14163,11.8,0.598,100,8105,97.74,33.2
7/17/2026 20:15,14080,11.8,0.597,100,8104,97.73,32.4
7/17/2026 20:30,14245,11.5,0.593,100,8101,97.74,31.7
7/17/2026 20:45,14068,11.4,0.6,100,8097,97.73,31.1
7/17/2026 21:00,14244,11.6,0.594,100,8093,97.73,30.6
7/17/2026 21:15,14172,10.9,0.59,100,8088,97.73,30.1
7/17/2026 21:30,14071,11.7,0.594,100,8085,97.73,29.8
7/17/2026 21:45,14064,12.1,0.6,100,8084,97.72,29.5
7/17/2026 22:00,14046,12,0.604,100,8080,97.72,29.2
7/17/2026 22:15,14023,11.9,0.6,100,8080,97.72,29
7/17/2026 22:30,14179,11.6,0.597,100,8076,97.72,28.8
7/17/2026 22:45,14155,11,0.592,100,8076,97.72,28.6
7/17/2026 23:00,14071,10.8,0.593,100,8073,97.71,28.4
7/17/2026 23:15,13963,11.1,0.594,100,8071,97.71,28.2
7/17/2026 23:30,14087,11.2,0.594,100,8070,97.73,28
7/17/2026 23:45,13900,11,0.594,100,8066,97.75,27.9
7/18/2026 0:00,13894,11.3,0.59,100,8066,97.75,27.8
7/18/2026 0:15,14052,11.5,0.6,100,8061,97.77,27.7
7/18/2026 0:30,13939,11.2,0.598,100,8060,97.79,27.7
7/18/2026 0:45,14066,11.5,0.6,100,8057,97.81,27.7
7/18/2026 1:00,13926,11.4,0.598,100,8059,97.82,27.6
7/18/2026 1:15,14134,11.6,0.596,100,8056,97.82,27.5
7/18/2026 1:30,14143,10.9,0.592,100,8054,97.84,27.4
7/18/2026 1:45,14059,10.8,0.597,100,8053,97.86,27.2
7/18/2026 2:00,14105,11.6,0.6,100,8051,97.86,27
7/18/2026 2:15,14204,11,0.59,100,8052,97.87,26.7
7/18/2026 2:30,14048,11.1,0.598,100,8047,97.89,26.5
7/18/2026 2:45,14237,11.4,0.596,100,8047,97.91,26.2
7/18/2026 3:00,14260,10.8,0.592,100,8047,97.93,25.8
7/18/2026 3:15,14086,11.2,0.601,100,8042,97.96,25.3
7/18/2026 3:30,14303,11.4,0.596,100,8042,97.98,24.8
7/18/2026 3:45,14288,10.7,0.593,100,8044,98,24.3
7/18/2026 4:00,14128,11.3,0.603,100,8041,98.01,23.8
7/18/2026 4:15,14162,12,0.605,100,8039,98.03,23.4
7/18/2026 4:30,14333,11.6,0.596,100,8040,98.04,23.1
7/18/2026 4:45,14375,10.8,0.592,100,8038,98.06,22.8
7/18/2026 5:00,14387,10.6,0.596,100,8035,98.06,22.5
7/18/2026 5:15,14399,10.6,0.597,100,8035,98.06,22.2
7/18/2026 5:30,14409,10.5,0.598,100,8033,98.08,22
7/18/2026 5:45,14419,10.5,0.597,100,8034,98.1,21.7
7/18/2026 6:00,14429,10.5,0.598,100,8032,98.11,21.5
7/18/2026 6:15,14320,10.7,0.605,100,8035,98.12,21.4
7/18/2026 6:30,14261,11.6,0.611,100,8031,98.13,21.2
7/18/2026 6:45,14271,11.8,0.604,100,8028,98.13,21.1
7/18/2026 7:00,14424,11.4,0.598,100,8031,98.14,21.1
7/18/2026 7:15,14474,10.8,0.592,100,8029,98.15,21.3
7/18/2026 7:30,14477,10.6,0.596,100,8028,98.15,21.5
7/18/2026 7:45,14479,10.5,0.597,100,8028,98.16,21.7
7/18/2026 8:00,14478,10.5,0.598,100,8026,98.18,22
7/18/2026 8:15,14371,10.6,0.601,100,8029,98.17,22.4
7/18/2026 8:30,14354,11.3,0.604,100,8028,98.18,22.9
7/18/2026 8:45,14426,10.7,0.592,100,8028,98.19,23.4
7/18/2026 9:00,14214,11.1,0.604,100,8026,98.2,23.6
7/18/2026 9:15,14324,11.6,0.603,100,8026,98.21,23.9
7/18/2026 9:30,14382,10.8,0.59,100,8026,98.21,24.3
7/18/2026 9:45,14311,10.6,0.594,100,8023,98.21,24.6
7/18/2026 10:00,14203,11.2,0.6,100,8022,98.21,24.9
7/18/2026 10:15,14336,11,0.592,100,8025,98.21,25.3
7/18/2026 10:30,14324,10.6,0.592,100,8022,98.2,25.7
7/18/2026 10:45,14230,10.5,0.597,100,8024,98.19,26
7/18/2026 11:00,14233,11.3,0.603,100,8024,98.19,26.3
7/18/2026 11:15,14331,10.8,0.59,100,8025,98.21,26.8
7/18/2026 11:30,14190,10.8,0.598,100,8022,98.23,27.2
7/18/2026 11:45,14295,11.4,0.597,100,8031,98.23,27.8
7/18/2026 12:00,14292,10.7,0.592,100,8047,98.22,29.4
7/18/2026 12:15,14221,11.4,0.603,100,8060,98.22,30.7
7/18/2026 12:30,14368,11,0.592,100,8077,98.21,31.7
7/18/2026 12:45,14374,10.6,0.593,100,8092,98.21,32.5
7/18/2026 13:00,14315,10.5,0.598,100,8108,98.21,32.9
7/18/2026 13:15,14275,11.3,0.604,100,8122,98.21,33.5
7/18/2026 13:30,14357,10.9,0.593,100,8138,98.21,34.3
7/18/2026 13:45,14286,11.5,0.604,100,8148,98.2,34.7
7/18/2026 14:00,14433,10.9,0.592,100,8161,98.2,34.8
7/18/2026 14:15,14411,10.6,0.593,100,8171,98.21,35.9
7/18/2026 14:30,14286,11.3,0.604,100,8167,98.21,35.5
7/18/2026 14:45,14461,11,0.592,100,8158,98.2,34.6
7/18/2026 15:00,14464,10.6,0.593,100,8158,98.19,34.2
7/18/2026 15:15,14277,11.2,0.607,100,8180,98.2,35.2
7/18/2026 15:30,14484,11.1,0.593,100,8184,98.19,37.2
7/18/2026 15:45,14316,11.2,0.607,100,8193,98.2,37.8
7/18/2026 16:00,14470,11.3,0.593,100,8197,98.21,38.8
7/18/2026 16:15,14437,10.7,0.593,100,8200,98.2,39.9
7/18/2026 16:30,14364,11.5,0.603,100,8205,98.19,41.1
7/18/2026 16:45,14508,10.9,0.59,100,8202,98.18,41.8
7/18/2026 17:00,14428,10.7,0.598,100,8199,98.18,42.1
7/18/2026 17:15,14405,11.5,0.603,100,8192,98.18,42.1
7/18/2026 17:30,14522,10.8,0.59,100,8186,98.17,42
7/18/2026 17:45,14346,11.3,0.603,100,8183,98.16,41.9
7/18/2026 18:00,14524,11.2,0.593,100,8177,98.17,41.6
7/18/2026 18:15,14537,10.6,0.592,100,8171,98.16,41
7/18/2026 18:30,14360,11.2,0.6,100,8164,98.15,40.5
7/18/2026 18:45,14542,11.2,0.594,100,8160,98.15,39.8
7/18/2026 19:00,14488,10.7,0.593,100,8149,98.15,38.6
7/18/2026 19:15,14437,11.5,0.601,100,8139,98.16,36.1
7/18/2026 19:30,14569,10.8,0.59,100,8129,98.16,33.7
7/18/2026 19:45,14452,10.8,0.598,100,8121,98.17,32.1
7/18/2026 20:00,14507,11.5,0.6,100,8115,98.17,30.8
7/18/2026 20:15,14582,10.7,0.589,100,8111,98.18,29.7
7/18/2026 20:30,14557,10.5,0.596,100,8109,98.19,28.7
7/18/2026 20:45,14425,11.4,0.607,100,8103,98.19,27.8
7/18/2026 21:00,14601,10.9,0.59,100,8101,98.19,27
7/18/2026 21:15,14585,10.5,0.592,100,8099,98.2,26.2
7/18/2026 21:30,14408,11.3,0.604,100,8097,98.22,25.6
7/18/2026 21:45,14410,11.8,0.607,100,8094,98.22,24.9
7/18/2026 22:00,14490,11.7,0.601,100,8091,98.23,24.4
7/18/2026 22:15,14568,10.9,0.59,100,8091,98.24,23.9
7/18/2026 22:30,14544,10.6,0.594,100,8088,98.25,23.4
7/18/2026 22:45,14509,10.5,0.596,100,8088,98.25,23
7/18/2026 23:00,14328,11.1,0.605,100,8084,98.26,22.7
7/18/2026 23:15,14518,11,0.593,100,8086,98.26,22.4
7/18/2026 23:30,14508,10.6,0.592,100,8083,98.28,22.1
7/18/2026 23:45,14503,10.5,0.596,100,8081,98.29,21.8
7/19/2026 0:00,14337,10.8,0.603,100,8080,98.3,21.5
7/19/2026 0:15,14307,11.6,0.605,100,8074,98.32,21.3
7/19/2026 0:30,14305,11.8,0.601,100,8074,98.32,21
7/19/2026 0:45,14468,11.4,0.597,100,8075,98.33,20.8
7/19/2026 1:00,14481,10.8,0.592,100,8072,98.33,20.6
7/19/2026 1:15,14473,10.6,0.596,100,8072,98.33,20.3
7/19/2026 1:30,14467,10.5,0.597,100,8069,98.34,20.1
7/19/2026 1:45,14461,10.5,0.598,100,8068,98.36,19.9
7/19/2026 2:00,14315,10.6,0.605,100,8067,98.38,19.8
7/19/2026 2:15,14415,11.2,0.598,100,8067,98.38,19.7
7/19/2026 2:30,14455,10.6,0.59,100,8064,98.38,19.6
7/19/2026 2:45,14452,10.5,0.597,100,8065,98.38,19.4
7/19/2026 3:00,14449,10.4,0.598,100,8066,98.38,19.2
7/19/2026 3:15,14258,10.9,0.601,100,8063,98.39,19
7/19/2026 3:30,14266,11.6,0.607,100,8063,98.41,18.9
7/19/2026 3:45,14267,11.6,0.601,100,8063,98.42,18.8
7/19/2026 4:00,14268,11.6,0.605,100,8060,98.42,18.7
7/19/2026 4:15,14268,11.6,0.6,100,8060,98.41,18.6
7/19/2026 4:30,14267,11.6,0.601,100,8058,98.41,18.5
7/19/2026 4:45,14266,11.6,0.603,100,8059,98.41,18.4
7/19/2026 5:00,14265,11.6,0.603,100,8057,98.41,18.2
7/19/2026 5:15,14266,11.6,0.601,100,8058,98.4,18.1
7/19/2026 5:30,14264,11.6,0.6,100,8058,98.41,18
7/19/2026 5:45,14415,11.3,0.597,100,8056,98.42,17.9
7/19/2026 6:00,14443,10.8,0.59,100,8055,98.42,17.8
7/19/2026 6:15,14438,10.6,0.596,100,8054,98.43,17.7
7/19/2026 6:30,14436,10.6,0.597,100,8056,98.42,17.7
7/19/2026 6:45,14433,10.5,0.597,100,8054,98.42,17.9
7/19/2026 7:00,14431,10.5,0.597,100,8053,98.41,18.1
7/19/2026 7:15,14431,10.5,0.598,100,8052,98.4,18.4
7/19/2026 7:30,14429,10.4,0.598,100,8053,98.4,18.8
7/19/2026 7:45,14428,10.4,0.598,100,8054,98.4,19.4
7/19/2026 8:00,14425,10.4,0.6,100,8051,98.4,20.1
7/19/2026 8:15,14249,10.7,0.608,100,8049,98.39,20.8
7/19/2026 8:30,14246,11.4,0.608,100,8051,98.38,21.6
7/19/2026 8:45,14247,11.5,0.604,100,8051,98.38,22.4
7/19/2026 9:00,14248,11.5,0.604,100,8051,98.37,23
7/19/2026 9:15,14247,11.5,0.605,100,8051,98.38,23.6
7/19/2026 9:30,14246,11.5,0.6,100,8050,98.37,24.2
7/19/2026 9:45,14398,11.3,0.598,100,8050,98.37,24.7
7/19/2026 10:00,14426,10.8,0.59,100,8048,98.36,25.2
7/19/2026 10:15,14409,10.6,0.596,100,8049,98.35,25.7
7/19/2026 10:30,14389,10.5,0.597,100,8048,98.34,26.2
7/19/2026 10:45,14215,10.7,0.601,100,8050,98.34,26.6
7/19/2026 11:00,14327,11.2,0.598,100,8049,98.33,27.1
7/19/2026 11:15,14360,10.7,0.59,100,8050,98.33,27.7
7/19/2026 11:30,14263,10.6,0.596,100,8050,98.33,28.3
7/19/2026 11:45,14299,11.2,0.6,100,8057,98.32,29
7/19/2026 12:00,14398,10.7,0.59,100,8069,98.3,30.8
7/19/2026 12:15,14411,10.5,0.596,100,8082,98.28,31.9
7/19/2026 12:30,14283,10.7,0.601,100,8095,98.29,33.2
7/19/2026 12:45,14256,11.5,0.607,100,8110,98.27,33.8
7/19/2026 13:00,14426,11.3,0.597,100,8120,98.27,34.3
7/19/2026 13:15,14414,10.7,0.592,100,8132,98.25,34.4
7/19/2026 13:30,14347,11.3,0.605,100,8145,98.24,34.9
7/19/2026 13:45,14496,10.9,0.59,100,8155,98.24,35.4
7/19/2026 14:00,14503,10.6,0.593,100,8155,98.22,35.2
7/19/2026 14:15,14332,11,0.603,100,8157,98.21,35
7/19/2026 14:30,14517,11.1,0.594,100,8152,98.19,34.3
7/19/2026 14:45,14479,10.6,0.593,100,8151,98.18,33.4
7/19/2026 15:00,14391,11.4,0.605,100,8150,98.17,33.1
7/19/2026 15:15,14552,10.9,0.59,100,8160,98.16,33.6
7/19/2026 15:30,14462,10.7,0.598,100,8170,98.15,34.1
7/19/2026 15:45,14467,11.4,0.6,100,8176,98.14,35.2
7/19/2026 16:00,14572,10.7,0.59,100,8188,98.13,36.1
7/19/2026 16:15,14549,10.5,0.594,100,8196,98.12,37.5
7/19/2026 16:30,14420,11.3,0.605,100,8199,98.11,38.9
7/19/2026 16:45,14597,10.9,0.59,100,8202,98.11,39.2
7/19/2026 17:00,14490,10.7,0.598,100,8202,98.1,39.2
7/19/2026 17:15,14522,11.4,0.597,100,8202,98.09,39.1
7/19/2026 17:30,14546,10.8,0.592,100,8197,98.08,39.2
7/19/2026 17:45,14495,11.5,0.601,100,8197,98.08,39.1
7/19/2026 18:00,14627,10.8,0.59,100,8190,98.07,38.6
7/19/2026 18:15,14631,10.5,0.593,100,8186,98.06,37.9
7/19/2026 18:30,14465,11,0.604,100,8180,98.04,37
7/19/2026 18:45,14625,11.1,0.594,100,8177,98.02,36.1
7/19/2026 19:00,14651,10.6,0.592,100,8167,98.01,35.2
7/19/2026 19:15,14497,10.9,0.603,100,8158,98,33.1
7/19/2026 19:30,14630,11.2,0.594,100,8154,98,31.2
7/19/2026 19:45,14622,10.6,0.593,100,8142,97.98,29.9
7/19/2026 20:00,14457,11.4,0.604,100,8140,97.97,29.1
7/19/2026 20:15,14445,11.8,0.601,100,8135,97.96,28.4
7/19/2026 20:30,14427,11.7,0.605,100,8131,97.95,27.6
7/19/2026 20:45,14602,11.2,0.594,100,8127,97.94,26.9
7/19/2026 21:00,14589,10.7,0.59,100,8126,97.95,26.3
7/19/2026 21:15,14397,11,0.6,100,8123,97.95,25.8
7/19/2026 21:30,14366,11.7,0.603,100,8116,97.96,25.3
7/19/2026 21:45,14358,11.7,0.601,100,8117,97.95,24.9
7/19/2026 22:00,14527,11.4,0.596,100,8114,97.95,24.6
7/19/2026 22:15,14567,10.8,0.59,100,8112,97.95,24.3
7/19/2026 22:30,14573,10.6,0.594,100,8110,97.94,24.1
7/19/2026 22:45,14579,10.5,0.596,100,8107,97.95,23.9
7/19/2026 23:00,14399,11,0.603,100,8107,97.93,23.7
7/19/2026 23:15,14582,11.1,0.596,100,8107,97.91,23.5
7/19/2026 23:30,14588,10.6,0.592,100,8103,97.88,23.4
7/19/2026 23:45,14517,10.5,0.598,100,8102,97.87,23.2
7/20/2026 0:00,14460,11.3,0.603,100,8100,97.88,23.1
7/20/2026 0:15,14585,10.8,0.59,100,8069,97.89,23.2
7/20/2026 0:30,14583,10.5,0.594,100,8087,97.88,23.1
7/20/2026 0:45,14585,10.4,0.597,100,8084,97.86,22.9
7/20/2026 1:00,14590,10.4,0.598,100,8084,97.86,22.8
7/20/2026 1:15,14440,10.8,0.603,100,8083,97.84,22.8
7/20/2026 1:30,14418,11.5,0.603,100,8080,97.82,22.8
7/20/2026 1:45,14427,11.6,0.605,100,8079,97.82,22.7
7/20/2026 2:00,14518,11.5,0.603,100,8079,97.8,22.7
7/20/2026 2:15,14639,10.8,0.59,100,8079,97.77,22.6
7/20/2026 2:30,14642,10.6,0.593,100,8078,97.74,22.6
7/20/2026 2:45,14646,10.5,0.596,100,8076,97.72,22.6
7/20/2026 3:00,14649,10.4,0.597,100,8076,97.67,22.6
7/20/2026 3:15,14581,10.4,0.596,100,8073,97.64,22.6
7/20/2026 3:30,14453,11.3,0.608,100,8075,97.63,22.6
7/20/2026 3:45,14449,11.6,0.605,100,8073,97.65,22.7
7/20/2026 4:00,14442,11.6,0.6,100,8072,97.67,22.7
7/20/2026 4:15,14423,11.6,0.6,100,8071,97.85,22.4
7/20/2026 4:30,14483,11.4,0.6,100,8069,97.87,21.6
7/20/2026 4:45,14413,11.4,0.604,100,8067,97.7,21.2
7/20/2026 5:00,14419,11.6,0.603,100,8067,97.5,21
7/20/2026 5:15,14405,11.5,0.598,100,8066,97.57,20.8
7/20/2026 5:30,14395,11.5,0.604,100,8066,97.58,20.7
7/20/2026 5:45,14390,11.5,0.601,100,8063,97.52,20.8
7/20/2026 6:00,14512,11.4,0.598,100,8063,97.5,20.9
7/20/2026 6:15,14549,10.8,0.59,100,8063,97.82,21
7/20/2026 6:30,14547,10.6,0.594,100,8060,97.67,20.9
7/20/2026 6:45,14548,10.5,0.596,100,8060,97.5,20.8
7/20/2026 7:00,14537,10.5,0.597,100,8059,97.55,20.8
7/20/2026 7:15,14531,10.5,0.597,100,8060,97.55,20.9
7/20/2026 7:30,14519,10.5,0.597,100,8060,97.52,20.9
7/20/2026 7:45,14495,10.4,0.597,100,8056,97.53,20.8
7/20/2026 8:00,14430,10.4,0.597,100,8056,97.49,20.7
7/20/2026 8:15,14253,10.9,0.601,100,8055,97.46,20.8
7/20/2026 8:30,14235,11.4,0.604,100,8054,97.48,21
7/20/2026 8:45,14215,11.5,0.607,100,8054,97.49,21.3
7/20/2026 9:00,14203,11.5,0.603,100,8055,97.46,21.7
7/20/2026 9:15,14208,11.5,0.601,100,8057,97.44,22.4
