"LAF","ST","AST","REV-ST","REV-AST","TMP","start_time","datetime","label","leg","depth_m","depth_ft"
8.235,3497.96,3349.75,3801.61,3634.18,25.771,"2026-07-06T11:01:19.997Z",2026-07-06 08:01:19.997,"2026-07-06 08:01","down",0.234999999999999,0.770997399999998
8.49,3489.33,3334.43,3792.4,3605.06,25.056,"2026-07-06T11:01:19.997Z",2026-07-06 08:01:19.997,"2026-07-06 08:01","down",0.49,1.6076116
8.744,3484.54,3329.02,3790.44,3595.2,24.829,"2026-07-06T11:01:19.997Z",2026-07-06 08:01:19.997,"2026-07-06 08:01","down",0.744,2.44094496
8.998,3481.91,3324.76,3791.88,3595,24.741,"2026-07-06T11:01:19.997Z",2026-07-06 08:01:19.997,"2026-07-06 08:01","down",0.997999999999999,3.27427832
9.252,3478.12,3311.54,3792.04,3592.14,24.398,"2026-07-06T11:01:19.997Z",2026-07-06 08:01:19.997,"2026-07-06 08:01","down",1.252,4.10761168
9.506,3472.2,3285.92,3789.52,3579.09,23.571,"2026-07-06T11:01:19.997Z",2026-07-06 08:01:19.997,"2026-07-06 08:01","down",1.506,4.94094504
9.761,3463.8,3251.67,3784.69,3553.71,22.308,"2026-07-06T11:01:19.997Z",2026-07-06 08:01:19.997,"2026-07-06 08:01","down",1.761,5.77755924
10.015,3454.5,3215.76,3777.33,3519.14,20.846,"2026-07-06T11:01:19.997Z",2026-07-06 08:01:19.997,"2026-07-06 08:01","down",2.015,6.6108926
10.269,3448.12,3184.39,3768.5,3481.76,19.394,"2026-07-06T11:01:19.997Z",2026-07-06 08:01:19.997,"2026-07-06 08:01","down",2.269,7.44422596
10.523,3443.8,3158.87,3761.24,3447.94,18.103,"2026-07-06T11:01:19.997Z",2026-07-06 08:01:19.997,"2026-07-06 08:01","down",2.523,8.27755932
10.777,3438.2,3135.82,3756.17,3419.78,17.004,"2026-07-06T11:01:19.997Z",2026-07-06 08:01:19.997,"2026-07-06 08:01","down",2.777,9.11089268
11.032,3431.49,3113.8,3750.79,3394.97,16.052,"2026-07-06T11:01:19.997Z",2026-07-06 08:01:19.997,"2026-07-06 08:01","down",3.032,9.94750688
11.286,3426.9,3094.69,3744.54,3372.08,15.195,"2026-07-06T11:01:19.997Z",2026-07-06 08:01:19.997,"2026-07-06 08:01","down",3.286,10.78084024
11.54,3423.43,3078.22,3739.57,3352.14,14.429,"2026-07-06T11:01:19.997Z",2026-07-06 08:01:19.997,"2026-07-06 08:01","down",3.54,11.6141736
11.794,3419.19,3062.95,3736.12,3334.92,13.748,"2026-07-06T11:01:19.997Z",2026-07-06 08:01:19.997,"2026-07-06 08:01","down",3.794,12.44750696
12.048,3415.98,3049.88,3732.56,3319.3,13.145,"2026-07-06T11:01:19.997Z",2026-07-06 08:01:19.997,"2026-07-06 08:01","down",4.048,13.28084032
12.303,3415.03,3040.15,3729.51,3305.99,12.627,"2026-07-06T11:01:19.997Z",2026-07-06 08:01:19.997,"2026-07-06 08:01","down",4.303,14.11745452
12.557,3413.59,3031.27,3728.29,3295.67,12.178,"2026-07-06T11:01:19.997Z",2026-07-06 08:01:19.997,"2026-07-06 08:01","down",4.557,14.95078788
12.811,3410.29,3021.86,3727.34,3286.6,11.787,"2026-07-06T11:01:19.997Z",2026-07-06 08:01:19.997,"2026-07-06 08:01","down",4.811,15.78412124
13.065,3408.51,3014.46,3725.06,3277.4,11.441,"2026-07-06T11:01:19.997Z",2026-07-06 08:01:19.997,"2026-07-06 08:01","down",5.065,16.6174546
13.319,3408.78,3009.61,3723.1,3269.39,11.138,"2026-07-06T11:01:19.997Z",2026-07-06 08:01:19.997,"2026-07-06 08:01","down",5.319,17.45078796
13.574,3407.41,3004.21,3722.91,3263.65,10.879,"2026-07-06T11:01:19.997Z",2026-07-06 08:01:19.997,"2026-07-06 08:01","down",5.574,18.28740216
13.828,3404.34,2997.98,3722.46,3258.46,10.658,"2026-07-06T11:01:19.997Z",2026-07-06 08:01:19.997,"2026-07-06 08:01","down",5.828,19.12073552
14.082,3403.34,2993.84,3720.43,3252.87,10.469,"2026-07-06T11:01:19.997Z",2026-07-06 08:01:19.997,"2026-07-06 08:01","down",6.082,19.95406888
14.336,3403.98,2991.88,3719.13,3248.96,10.328,"2026-07-06T11:01:19.997Z",2026-07-06 08:01:19.997,"2026-07-06 08:01","down",6.336,20.78740224
14.59,3402.73,2989.6,3719.57,3247.29,10.243,"2026-07-06T11:01:19.997Z",2026-07-06 08:01:19.997,"2026-07-06 08:01","down",6.59,21.6207356
14.845,3399.98,2986.72,3719.49,3245.66,10.19,"2026-07-06T11:01:19.997Z",2026-07-06 08:01:19.997,"2026-07-06 08:01","down",6.845,22.4573498
15.099,3398.96,2985.36,3718.01,3243.54,10.156,"2026-07-06T11:01:19.997Z",2026-07-06 08:01:19.997,"2026-07-06 08:01","down",7.099,23.29068316
15.353,3399.27,2985.7,3717.28,3242.71,10.152,"2026-07-06T11:01:19.997Z",2026-07-06 08:01:19.997,"2026-07-06 08:01","down",7.353,24.12401652
15.607,3397.93,2985.67,3717.96,3243.55,10.191,"2026-07-06T11:01:19.997Z",2026-07-06 08:01:19.997,"2026-07-06 08:01","down",7.607,24.95734988
15.861,3396.62,2985.77,3717.97,3244.47,10.249,"2026-07-06T11:01:19.997Z",2026-07-06 08:01:19.997,"2026-07-06 08:01","down",7.861,25.79068324
16.116,3398.15,2988.12,3717.33,3245.55,10.319,"2026-07-06T11:01:19.997Z",2026-07-06 08:01:19.997,"2026-07-06 08:01","down",8.116,26.62729744
16.37,3400.32,2991.69,3718.46,3248.53,10.416,"2026-07-06T11:01:19.997Z",2026-07-06 08:01:19.997,"2026-07-06 08:01","down",8.37,27.4606308
16.624,3400.82,2994.82,3721.12,3253.04,10.548,"2026-07-06T11:01:19.997Z",2026-07-06 08:01:19.997,"2026-07-06 08:01","down",8.624,28.29396416
16.878,3401.09,2997.56,3722.91,3257.41,10.689,"2026-07-06T11:01:19.997Z",2026-07-06 08:01:19.997,"2026-07-06 08:01","down",8.878,29.12729752
17.132,3401.58,2999.48,3723.99,3261.24,10.804,"2026-07-06T11:01:19.997Z",2026-07-06 08:01:19.997,"2026-07-06 08:01","down",9.132,29.96063088
17.387,3400.82,2999.66,3725.35,3263.91,10.866,"2026-07-06T11:01:19.997Z",2026-07-06 08:01:19.997,"2026-07-06 08:01","down",9.387,30.79724508
17.641,3398.94,2998.31,3725.9,3264.46,10.876,"2026-07-06T11:01:19.997Z",2026-07-06 08:01:19.997,"2026-07-06 08:01","down",9.641,31.63057844
17.895,3398.2,2997.15,3725.04,3263.49,10.856,"2026-07-06T11:01:19.997Z",2026-07-06 08:01:19.997,"2026-07-06 08:01","down",9.895,32.4639118
18.149,3398.32,2996.58,3724.43,3262.91,10.836,"2026-07-06T11:01:19.997Z",2026-07-06 08:01:19.997,"2026-07-06 08:01","down",10.149,33.29724516
18.403,3396.92,2995.37,3724.96,3263.3,10.835,"2026-07-06T11:01:19.997Z",2026-07-06 08:01:19.997,"2026-07-06 08:01","down",10.403,34.13057852
18.658,3394.89,2993.6,3724.97,3263.22,10.834,"2026-07-06T11:01:19.997Z",2026-07-06 08:01:19.997,"2026-07-06 08:01","down",10.658,34.96719272
18.912,3395.52,2993.73,3724.11,3262.55,10.824,"2026-07-06T11:01:19.997Z",2026-07-06 08:01:19.997,"2026-07-06 08:01","down",10.912,35.80052608
19.166,3397.71,2995.32,3724.73,3263.24,10.818,"2026-07-06T11:01:19.997Z",2026-07-06 08:01:19.997,"2026-07-06 08:01","down",11.166,36.63385944
19.42,3397.49,2995.25,3726.82,3264.99,10.819,"2026-07-06T11:01:19.997Z",2026-07-06 08:01:19.997,"2026-07-06 08:01","down",11.42,37.4671928
19.674,3395.83,2994.15,3727.48,3265.56,10.829,"2026-07-06T11:01:19.997Z",2026-07-06 08:01:19.997,"2026-07-06 08:01","down",11.674,38.30052616
19.929,3396.34,2994.54,3726.71,3265.21,10.836,"2026-07-06T11:01:19.997Z",2026-07-06 08:01:19.997,"2026-07-06 08:01","down",11.929,39.13714036
20.183,3397.69,2995.67,3727.26,3266.23,10.848,"2026-07-06T11:01:19.997Z",2026-07-06 08:01:19.997,"2026-07-06 08:01","down",12.183,39.97047372
20.437,3396.63,2994.96,3729.02,3268.24,10.866,"2026-07-06T11:01:19.997Z",2026-07-06 08:01:19.997,"2026-07-06 08:01","down",12.437,40.80380708
20.691,3395.24,2993.89,3729.53,3269.32,10.887,"2026-07-06T11:01:19.997Z",2026-07-06 08:01:19.997,"2026-07-06 08:01","down",12.691,41.63714044
20.945,3395.61,2993.97,3729.23,3270.08,10.906,"2026-07-06T11:01:19.997Z",2026-07-06 08:01:19.997,"2026-07-06 08:01","down",12.945,42.4704738
21.2,3395.7,2993.75,3730.27,3271.98,10.923,"2026-07-06T11:01:19.997Z",2026-07-06 08:01:19.997,"2026-07-06 08:01","down",13.2,43.307088
21.454,3393.55,2992.27,3731.6,3273.5,10.944,"2026-07-06T11:01:19.997Z",2026-07-06 08:01:19.997,"2026-07-06 08:01","down",13.454,44.14042136
21.708,3392.2,2991.22,3731.05,3273.04,10.948,"2026-07-06T11:01:19.997Z",2026-07-06 08:01:19.997,"2026-07-06 08:01","down",13.708,44.97375472
21.962,3393.59,2992.2,3729.98,3272.55,10.953,"2026-07-06T11:01:19.997Z",2026-07-06 08:01:19.997,"2026-07-06 08:01","down",13.962,45.80708808
22.216,3394.31,2992.79,3730.68,3273.9,10.971,"2026-07-06T11:01:19.997Z",2026-07-06 08:01:19.997,"2026-07-06 08:01","down",14.216,46.64042144
22.471,3392.51,2991.54,3731.9,3275.96,11.005,"2026-07-06T11:01:19.997Z",2026-07-06 08:01:19.997,"2026-07-06 08:01","down",14.471,47.47703564
22.725,3391.62,2990.79,3731.92,3276.74,11.026,"2026-07-06T11:01:19.997Z",2026-07-06 08:01:19.997,"2026-07-06 08:01","down",14.725,48.310369
22.979,3393.18,2992.04,3731.98,3277.41,11.038,"2026-07-06T11:01:19.997Z",2026-07-06 08:01:19.997,"2026-07-06 08:01","down",14.979,49.14370236
23.233,3394.11,2993.73,3733.2,3279.09,11.078,"2026-07-06T11:01:19.997Z",2026-07-06 08:01:19.997,"2026-07-06 08:01","down",15.233,49.97703572
23.487,3393.51,2994.8,3734.24,3280.51,11.135,"2026-07-06T11:01:19.997Z",2026-07-06 08:01:19.997,"2026-07-06 08:01","down",15.487,50.81036908
23.742,3393.12,2995.78,3734.35,3280.93,11.181,"2026-07-06T11:01:19.997Z",2026-07-06 08:01:19.997,"2026-07-06 08:01","down",15.742,51.64698328
23.996,3392.74,2995.85,3734.53,3280.99,11.19,"2026-07-06T11:01:19.997Z",2026-07-06 08:01:19.997,"2026-07-06 08:01","down",15.996,52.48031664
24.25,3391.17,2994.47,3734.94,3280.92,11.179,"2026-07-06T11:01:19.997Z",2026-07-06 08:01:19.997,"2026-07-06 08:01","down",16.25,53.31365
24.504,3390.69,2994.13,3734.6,3280.28,11.172,"2026-07-06T11:01:19.997Z",2026-07-06 08:01:19.997,"2026-07-06 08:01","down",16.504,54.14698336
24.758,3391.92,2995.57,3734.27,3280.02,11.183,"2026-07-06T11:01:19.997Z",2026-07-06 08:01:19.997,"2026-07-06 08:01","down",16.758,54.98031672
25.013,3392.11,2996.22,3735.35,3281.05,11.199,"2026-07-06T11:01:19.997Z",2026-07-06 08:01:19.997,"2026-07-06 08:01","down",17.013,55.81693092
25.267,3390.01,2995.1,3736.24,3281.82,11.219,"2026-07-06T11:01:19.997Z",2026-07-06 08:01:19.997,"2026-07-06 08:01","down",17.267,56.65026428
25.521,3389.14,2994.64,3735.28,3281.1,11.231,"2026-07-06T11:01:19.997Z",2026-07-06 08:01:19.997,"2026-07-06 08:01","down",17.521,57.48359764
25.775,3391.02,2996.35,3734.68,3280.63,11.233,"2026-07-06T11:01:19.997Z",2026-07-06 08:01:19.997,"2026-07-06 08:01","down",17.775,58.316931
26.029,3391.83,2997.49,3736.43,3282.08,11.243,"2026-07-06T11:01:19.997Z",2026-07-06 08:01:19.997,"2026-07-06 08:01","down",18.029,59.15026436
26.284,3390.19,2996.47,3738.26,3283.6,11.252,"2026-07-06T11:01:19.997Z",2026-07-06 08:01:19.997,"2026-07-06 08:01","down",18.284,59.98687856
26.538,3389.69,2995.83,3737.97,3283.46,11.25,"2026-07-06T11:01:19.997Z",2026-07-06 08:01:19.997,"2026-07-06 08:01","down",18.538,60.82021192
26.792,3391.11,2996.89,3737.69,3283.38,11.249,"2026-07-06T11:01:19.997Z",2026-07-06 08:01:19.997,"2026-07-06 08:01","down",18.792,61.65354528
27.046,3390.75,2996.76,3739.08,3284.44,11.25,"2026-07-06T11:01:19.997Z",2026-07-06 08:01:19.997,"2026-07-06 08:01","down",19.046,62.48687864
27.3,3388.3,2995.33,3739.9,3284.85,11.263,"2026-07-06T11:01:19.997Z",2026-07-06 08:01:19.997,"2026-07-06 08:01","down",19.3,63.320212
27.555,3388.31,2995.82,3738.94,3284.03,11.277,"2026-07-06T11:01:19.997Z",2026-07-06 08:01:19.997,"2026-07-06 08:01","down",19.555,64.1568262
27.809,3390.26,2997.59,3738.94,3284.17,11.281,"2026-07-06T11:01:19.997Z",2026-07-06 08:01:19.997,"2026-07-06 08:01","down",19.809,64.99015956
28.063,3390.36,2997.8,3741.14,3285.85,11.279,"2026-07-06T11:01:19.997Z",2026-07-06 08:01:19.997,"2026-07-06 08:01","down",20.063,65.82349292
28.317,3388.84,2996.67,3742.54,3286.89,11.28,"2026-07-06T11:01:19.997Z",2026-07-06 08:01:19.997,"2026-07-06 08:01","down",20.317,66.65682628
28.571,3388.84,2996.36,3742.06,3286.56,11.273,"2026-07-06T11:01:19.997Z",2026-07-06 08:01:19.997,"2026-07-06 08:01","down",20.571,67.49015964
28.826,3390.07,2997.18,3742.13,3286.53,11.264,"2026-07-06T11:01:19.997Z",2026-07-06 08:01:19.997,"2026-07-06 08:01","down",20.826,68.32677384
29.08,3390.12,2997.1,3743.28,3287.3,11.254,"2026-07-06T11:01:19.997Z",2026-07-06 08:01:19.997,"2026-07-06 08:01","down",21.08,69.1601072
29.334,3389.17,2996.42,3743.86,3287.54,11.252,"2026-07-06T11:01:19.997Z",2026-07-06 08:01:19.997,"2026-07-06 08:01","down",21.334,69.99344056
29.588,3388.47,2995.74,3743.8,3287.27,11.244,"2026-07-06T11:01:19.997Z",2026-07-06 08:01:19.997,"2026-07-06 08:01","down",21.588,70.82677392
29.842,3387.63,2994.56,3744.03,3287.41,11.23,"2026-07-06T11:01:19.997Z",2026-07-06 08:01:19.997,"2026-07-06 08:01","down",21.842,71.66010728
30.097,3385.87,2992.64,3744.21,3287.58,11.221,"2026-07-06T11:01:19.997Z",2026-07-06 08:01:19.997,"2026-07-06 08:01","down",22.097,72.49672148
30.351,3384.97,2991.85,3743.68,3287.11,11.221,"2026-07-06T11:01:19.997Z",2026-07-06 08:01:19.997,"2026-07-06 08:01","down",22.351,73.33005484
30.605,3385.56,2992.97,3743.11,3286.67,11.239,"2026-07-06T11:01:19.997Z",2026-07-06 08:01:19.997,"2026-07-06 08:01","down",22.605,74.1633882
30.859,3385.19,2993.71,3743.19,3286.76,11.27,"2026-07-06T11:01:19.997Z",2026-07-06 08:01:19.997,"2026-07-06 08:01","down",22.859,74.99672156
31.113,3383.56,2992.97,3742.9,3286.46,11.288,"2026-07-06T11:01:19.997Z",2026-07-06 08:01:19.997,"2026-07-06 08:01","down",23.113,75.83005492
31.367,3383.52,2992.88,3741.73,3285.46,11.287,"2026-07-06T11:01:19.997Z",2026-07-06 08:01:19.997,"2026-07-06 08:01","down",23.367,76.66338828
31.622,3385.3,2994.16,3741.63,3285.43,11.28,"2026-07-06T11:01:19.997Z",2026-07-06 08:01:19.997,"2026-07-06 08:01","down",23.622,77.50000248
31.876,3385.43,2994.31,3743.58,3287.27,11.285,"2026-07-06T11:01:19.997Z",2026-07-06 08:01:19.997,"2026-07-06 08:01","down",23.876,78.33333584
32.13,3384.05,2993.65,3745.29,3288.91,11.304,"2026-07-06T11:01:19.997Z",2026-07-06 08:01:19.997,"2026-07-06 08:01","down",24.13,79.1666692
32.384,3384.34,2994.27,3745.54,3288.73,11.304,"2026-07-06T11:01:19.997Z",2026-07-06 08:01:19.997,"2026-07-06 08:01","down",24.384,80.00000256
32.638,3385.72,2995.58,3746.08,3288.55,11.29,"2026-07-06T11:01:19.997Z",2026-07-06 08:01:19.997,"2026-07-06 08:01","down",24.638,80.83333592
32.893,3384.95,2995.28,3747.49,3289.48,11.292,"2026-07-06T11:01:19.997Z",2026-07-06 08:01:19.997,"2026-07-06 08:01","down",24.893,81.66995012
33.147,3383.04,2993.79,3747.73,3289.68,11.298,"2026-07-06T11:01:19.997Z",2026-07-06 08:01:19.997,"2026-07-06 08:01","down",25.147,82.50328348
33.401,3383.36,2993.61,3746.66,3288.83,11.287,"2026-07-06T11:01:19.997Z",2026-07-06 08:01:19.997,"2026-07-06 08:01","down",25.401,83.33661684
33.655,3384.75,2994.15,3746.69,3288.95,11.27,"2026-07-06T11:01:19.997Z",2026-07-06 08:01:19.997,"2026-07-06 08:01","down",25.655,84.1699502
33.909,3384.32,2993.22,3748.15,3290.04,11.25,"2026-07-06T11:01:19.997Z",2026-07-06 08:01:19.997,"2026-07-06 08:01","down",25.909,85.00328356
34.164,3383.13,2991.57,3748.89,3290.41,11.226,"2026-07-06T11:01:19.997Z",2026-07-06 08:01:19.997,"2026-07-06 08:01","down",26.164,85.83989776
34.418,3383.43,2991.4,3748.83,3290.36,11.214,"2026-07-06T11:01:19.997Z",2026-07-06 08:01:19.997,"2026-07-06 08:01","down",26.418,86.67323112
34.672,3383.78,2991.54,3749.7,3291.29,11.213,"2026-07-06T11:01:19.997Z",2026-07-06 08:01:19.997,"2026-07-06 08:01","down",26.672,87.50656448
34.926,3382.26,2990.04,3750.79,3292.18,11.207,"2026-07-06T11:01:19.997Z",2026-07-06 08:01:19.997,"2026-07-06 08:01","down",26.926,88.33989784
35.18,3381.33,2988.66,3750.29,3291.54,11.186,"2026-07-06T11:01:19.997Z",2026-07-06 08:01:19.997,"2026-07-06 08:01","down",27.18,89.1732312
35.435,3382.59,2988.66,3749.65,3291.04,11.157,"2026-07-06T11:01:19.997Z",2026-07-06 08:01:19.997,"2026-07-06 08:01","down",27.435,90.0098454
35.689,3383.48,2988.5,3750.86,3292.21,11.133,"2026-07-06T11:01:19.997Z",2026-07-06 08:01:19.997,"2026-07-06 08:01","down",27.689,90.84317876
35.943,3382.45,2987.22,3752.48,3293.48,11.119,"2026-07-06T11:01:19.997Z",2026-07-06 08:01:19.997,"2026-07-06 08:01","down",27.943,91.67651212
36.197,3381.81,2986.14,3753.02,3293.71,11.098,"2026-07-06T11:01:19.997Z",2026-07-06 08:01:19.997,"2026-07-06 08:01","down",28.197,92.50984548
36.451,3381.98,2985.24,3753.73,3294.1,11.063,"2026-07-06T11:01:19.997Z",2026-07-06 08:01:19.997,"2026-07-06 08:01","down",28.451,93.34317884
36.706,3381.23,2983.51,3755.05,3294.96,11.025,"2026-07-06T11:01:19.997Z",2026-07-06 08:01:19.997,"2026-07-06 08:01","down",28.706,94.17979304
36.96,3379.77,2981.82,3755.32,3295.05,11.01,"2026-07-06T11:01:19.997Z",2026-07-06 08:01:19.997,"2026-07-06 08:01","down",28.96,95.0131264
37.214,3379.32,2980.98,3754.39,3294.47,11.004,"2026-07-06T11:01:19.997Z",2026-07-06 08:01:19.997,"2026-07-06 08:01","down",29.214,95.84645976
37.468,3379.3,2980.2,3754.07,3294.45,10.989,"2026-07-06T11:01:19.997Z",2026-07-06 08:01:19.997,"2026-07-06 08:01","down",29.468,96.67979312
37.722,3378.08,2978.54,3754.52,3294.87,10.973,"2026-07-06T11:01:19.997Z",2026-07-06 08:01:19.997,"2026-07-06 08:01","down",29.722,97.51312648
37.977,3376.69,2976.97,3754.32,3294.79,10.966,"2026-07-06T11:01:19.997Z",2026-07-06 08:01:19.997,"2026-07-06 08:01","down",29.977,98.34974068
38.231,3377.11,2976.9,3753.87,3294.63,10.96,"2026-07-06T11:01:19.997Z",2026-07-06 08:01:19.997,"2026-07-06 08:01","down",30.231,99.18307404
38.485,3377.65,2976.72,3754.85,3295.52,10.942,"2026-07-06T11:01:19.997Z",2026-07-06 08:01:19.997,"2026-07-06 08:01","down",30.485,100.0164074
38.739,3376.13,2975.02,3756.33,3296.62,10.927,"2026-07-06T11:01:19.997Z",2026-07-06 08:01:19.997,"2026-07-06 08:01","down",30.739,100.84974076
38.993,3374.79,2973.63,3756.37,3296.6,10.92,"2026-07-06T11:01:19.997Z",2026-07-06 08:01:19.997,"2026-07-06 08:01","down",30.993,101.68307412
39.248,3374.89,2973.23,3755.72,3296.25,10.911,"2026-07-06T11:01:19.997Z",2026-07-06 08:01:19.997,"2026-07-06 08:01","down",31.248,102.51968832
39.502,3374.35,2972.39,3756.13,3296.68,10.903,"2026-07-06T11:01:19.997Z",2026-07-06 08:01:19.997,"2026-07-06 08:01","down",31.502,103.35302168
39.756,3372.8,2970.93,3756.74,3297.03,10.896,"2026-07-06T11:01:19.997Z",2026-07-06 08:01:19.997,"2026-07-06 08:01","down",31.756,104.18635504
40.01,3372.01,2970.13,3756.34,3296.55,10.889,"2026-07-06T11:01:19.997Z",2026-07-06 08:01:19.997,"2026-07-06 08:01","down",32.01,105.0196884
40.264,3372.6,2970.36,3756.15,3296.35,10.88,"2026-07-06T11:01:19.997Z",2026-07-06 08:01:19.997,"2026-07-06 08:01","down",32.264,105.85302176
40.519,3372.6,2970.14,3756.95,3296.86,10.869,"2026-07-06T11:01:19.997Z",2026-07-06 08:01:19.997,"2026-07-06 08:01","down",32.519,106.68963596
40.773,3372.03,2969.44,3757.22,3296.96,10.86,"2026-07-06T11:01:19.997Z",2026-07-06 08:01:19.997,"2026-07-06 08:01","down",32.773,107.52296932
41.027,3373.01,2969.98,3756.63,3296.66,10.857,"2026-07-06T11:01:19.997Z",2026-07-06 08:01:19.997,"2026-07-06 08:01","down",33.027,108.35630268
41.281,3374.52,2971.1,3757.05,3297.47,10.862,"2026-07-06T11:01:19.997Z",2026-07-06 08:01:19.997,"2026-07-06 08:01","down",33.281,109.18963604
41.535,3373.9,2970.76,3758.58,3299.05,10.874,"2026-07-06T11:01:19.997Z",2026-07-06 08:01:19.997,"2026-07-06 08:01","down",33.535,110.0229694
41.79,3372.47,2969.73,3759.3,3299.64,10.879,"2026-07-06T11:01:19.997Z",2026-07-06 08:01:19.997,"2026-07-06 08:01","down",33.79,110.8595836
42.044,3372.62,2969.9,3759.14,3299.48,10.88,"2026-07-06T11:01:19.997Z",2026-07-06 08:01:19.997,"2026-07-06 08:01","down",34.044,111.69291696
42.298,3372.86,2970.01,3759.81,3300.12,10.879,"2026-07-06T11:01:19.997Z",2026-07-06 08:01:19.997,"2026-07-06 08:01","down",34.298,112.52625032
42.552,3371.35,2968.6,3761.1,3301.34,10.878,"2026-07-06T11:01:19.997Z",2026-07-06 08:01:19.997,"2026-07-06 08:01","down",34.552,113.35958368
42.806,3369.64,2966.89,3761.24,3301.48,10.873,"2026-07-06T11:01:19.997Z",2026-07-06 08:01:19.997,"2026-07-06 08:01","down",34.806,114.19291704
43.061,3369.76,2966.63,3760.48,3300.82,10.863,"2026-07-06T11:01:19.997Z",2026-07-06 08:01:19.997,"2026-07-06 08:01","down",35.061,115.02953124
43.315,3370.56,2967.19,3760.74,3301.11,10.86,"2026-07-06T11:01:19.997Z",2026-07-06 08:01:19.997,"2026-07-06 08:01","down",35.315,115.8628646
43.569,3370.1,2967.37,3761.89,3302.24,10.88,"2026-07-06T11:01:19.997Z",2026-07-06 08:01:19.997,"2026-07-06 08:01","down",35.569,116.69619796
43.823,3369.54,2967.49,3762.31,3302.71,10.9,"2026-07-06T11:01:19.997Z",2026-07-06 08:01:19.997,"2026-07-06 08:01","down",35.823,117.52953132
44.077,3369.88,2967.95,3762.3,3302.85,10.908,"2026-07-06T11:01:19.997Z",2026-07-06 08:01:19.997,"2026-07-06 08:01","down",36.077,118.36286468
44.332,3369.73,2968.07,3762.93,3303.61,10.92,"2026-07-06T11:01:19.997Z",2026-07-06 08:01:19.997,"2026-07-06 08:01","down",36.332,119.19947888
44.586,3368.67,2967.22,3763.56,3304.11,10.921,"2026-07-06T11:01:19.997Z",2026-07-06 08:01:19.997,"2026-07-06 08:01","down",36.586,120.03281224
44.84,3368.49,2966.73,3763.38,3303.75,10.907,"2026-07-06T11:01:19.997Z",2026-07-06 08:01:19.997,"2026-07-06 08:01","down",36.84,120.8661456
45.094,3369.28,2967.05,3763.57,3304,10.898,"2026-07-06T11:01:19.997Z",2026-07-06 08:01:19.997,"2026-07-06 08:01","down",37.094,121.69947896
45.348,3368.89,2966.51,3764.93,3305.45,10.899,"2026-07-06T11:01:19.997Z",2026-07-06 08:01:19.997,"2026-07-06 08:01","down",37.348,122.53281232
45.603,3367.22,2965.07,3765.74,3306.32,10.904,"2026-07-06T11:01:19.997Z",2026-07-06 08:01:19.997,"2026-07-06 08:01","down",37.603,123.36942652
45.857,3366.47,2964.47,3765.21,3305.88,10.907,"2026-07-06T11:01:19.997Z",2026-07-06 08:01:19.997,"2026-07-06 08:01","down",37.857,124.20275988
46.111,3366.17,2964.21,3765.13,3305.63,10.902,"2026-07-06T11:01:19.997Z",2026-07-06 08:01:19.997,"2026-07-06 08:01","down",38.111,125.03609324
46.365,3364.5,2962.95,3765.67,3305.87,10.902,"2026-07-06T11:01:19.997Z",2026-07-06 08:01:19.997,"2026-07-06 08:01","down",38.365,125.8694266
46.619,3363.01,2961.79,3765.05,3305.36,10.907,"2026-07-06T11:01:19.997Z",2026-07-06 08:01:19.997,"2026-07-06 08:01","down",38.619,126.70275996
46.874,3363.19,2961.74,3763.86,3304.63,10.909,"2026-07-06T11:01:19.997Z",2026-07-06 08:01:19.997,"2026-07-06 08:01","down",38.874,127.53937416
47.128,3363.59,2961.82,3764.04,3305.14,10.91,"2026-07-06T11:01:19.997Z",2026-07-06 08:01:19.997,"2026-07-06 08:01","down",39.128,128.37270752
47.382,3362.38,2960.8,3764.84,3306.02,10.916,"2026-07-06T11:01:19.997Z",2026-07-06 08:01:19.997,"2026-07-06 08:01","down",39.382,129.20604088
47.636,3361.26,2959.93,3764.7,3306,10.922,"2026-07-06T11:01:19.997Z",2026-07-06 08:01:19.997,"2026-07-06 08:01","down",39.636,130.03937424
47.89,3361.95,2960.4,3764.57,3306.14,10.925,"2026-07-06T11:01:19.997Z",2026-07-06 08:01:19.997,"2026-07-06 08:01","down",39.89,130.8727076
48.145,3362.71,2961.34,3765.97,3307.55,10.937,"2026-07-06T11:01:19.997Z",2026-07-06 08:01:19.997,"2026-07-06 08:01","down",40.145,131.7093218
48.399,3361.31,2960.97,3767.69,3308.94,10.958,"2026-07-06T11:01:19.997Z",2026-07-06 08:01:19.997,"2026-07-06 08:01","down",40.399,132.54265516
48.653,3360.41,2960.17,3767.96,3308.89,10.951,"2026-07-06T11:01:19.997Z",2026-07-06 08:01:19.997,"2026-07-06 08:01","down",40.653,133.37598852
48.907,3361.35,2960.39,3767.53,3308.36,10.93,"2026-07-06T11:01:19.997Z",2026-07-06 08:01:19.997,"2026-07-06 08:01","down",40.907,134.20932188
49.161,3361.51,2960.4,3767.75,3308.59,10.927,"2026-07-06T11:01:19.997Z",2026-07-06 08:01:19.997,"2026-07-06 08:01","down",41.161,135.04265524
49.416,3359.96,2959.19,3767.69,3308.71,10.936,"2026-07-06T11:01:19.997Z",2026-07-06 08:01:19.997,"2026-07-06 08:01","down",41.416,135.87926944
49.67,3359.34,2958.56,3766.77,3308.1,10.938,"2026-07-06T11:01:19.997Z",2026-07-06 08:01:19.997,"2026-07-06 08:01","down",41.67,136.7126028
49.924,3360.04,2958.98,3766.73,3308.05,10.932,"2026-07-06T11:01:19.997Z",2026-07-06 08:01:19.997,"2026-07-06 08:01","down",41.924,137.54593616
50.178,3359.76,2958.93,3767.95,3309.09,10.937,"2026-07-06T11:01:19.997Z",2026-07-06 08:01:19.997,"2026-07-06 08:01","down",42.178,138.37926952
50.432,3358.95,2958.36,3768.59,3309.86,10.946,"2026-07-06T11:01:19.997Z",2026-07-06 08:01:19.997,"2026-07-06 08:01","down",42.432,139.21260288
50.687,3359.63,2958.72,3768.53,3310.09,10.947,"2026-07-06T11:01:19.997Z",2026-07-06 08:01:19.997,"2026-07-06 08:01","down",42.687,140.04921708
50.941,3360.84,2959.44,3769.25,3310.84,10.94,"2026-07-06T11:01:19.997Z",2026-07-06 08:01:19.997,"2026-07-06 08:01","down",42.941,140.88255044
51.195,3360,2958.86,3770.48,3311.74,10.94,"2026-07-06T11:01:19.997Z",2026-07-06 08:01:19.997,"2026-07-06 08:01","down",43.195,141.7158838
51.449,3358.41,2957.78,3770.52,3311.6,10.945,"2026-07-06T11:01:19.997Z",2026-07-06 08:01:19.997,"2026-07-06 08:01","down",43.449,142.54921716
51.703,3358.93,2958.05,3769.82,3310.99,10.939,"2026-07-06T11:01:19.997Z",2026-07-06 08:01:19.997,"2026-07-06 08:01","down",43.703,143.38255052
51.958,3360.15,2958.85,3770.48,3311.44,10.929,"2026-07-06T11:01:19.997Z",2026-07-06 08:01:19.997,"2026-07-06 08:01","down",43.958,144.21916472
52.212,3359.47,2958.14,3772.09,3312.6,10.919,"2026-07-06T11:01:19.997Z",2026-07-06 08:01:19.997,"2026-07-06 08:01","down",44.212,145.05249808
52.466,3358.16,2956.91,3772.41,3312.94,10.918,"2026-07-06T11:01:19.997Z",2026-07-06 08:01:19.997,"2026-07-06 08:01","down",44.466,145.88583144
52.72,3358.18,2956.79,3771.79,3312.7,10.922,"2026-07-06T11:01:19.997Z",2026-07-06 08:01:19.997,"2026-07-06 08:01","down",44.72,146.7191648
52.974,3358.34,2956.76,3772.14,3313.16,10.921,"2026-07-06T11:01:19.997Z",2026-07-06 08:01:19.997,"2026-07-06 08:01","down",44.974,147.55249816
53.229,3356.9,2955.74,3773.02,3313.94,10.928,"2026-07-06T11:01:19.997Z",2026-07-06 08:01:19.997,"2026-07-06 08:01","down",45.229,148.38911236
53.483,3356.04,2955.27,3772.89,3313.8,10.936,"2026-07-06T11:01:19.997Z",2026-07-06 08:01:19.997,"2026-07-06 08:01","down",45.483,149.22244572
53.737,3356.62,2955.88,3772.57,3313.6,10.941,"2026-07-06T11:01:19.997Z",2026-07-06 08:01:19.997,"2026-07-06 08:01","down",45.737,150.05577908
53.991,3356.23,2955.65,3773.3,3314.47,10.949,"2026-07-06T11:01:19.997Z",2026-07-06 08:01:19.997,"2026-07-06 08:01","down",45.991,150.88911244
54.245,3354.62,2954.25,3773.98,3315.16,10.953,"2026-07-06T11:01:19.997Z",2026-07-06 08:01:19.997,"2026-07-06 08:01","down",46.245,151.7224458
54.5,3354.59,2954.02,3773.78,3315.07,10.949,"2026-07-06T11:01:19.997Z",2026-07-06 08:01:19.997,"2026-07-06 08:01","down",46.5,152.55906
54.754,3356.07,2955,3774.29,3315.8,10.947,"2026-07-06T11:01:19.997Z",2026-07-06 08:01:19.997,"2026-07-06 08:01","down",46.754,153.39239336
55.008,3355.93,2954.8,3776.09,3317.4,10.945,"2026-07-06T11:01:19.997Z",2026-07-06 08:01:19.997,"2026-07-06 08:01","down",47.008,154.22572672
55.262,3353.94,2953.36,3777.09,3318,10.947,"2026-07-06T11:01:19.997Z",2026-07-06 08:01:19.997,"2026-07-06 08:01","down",47.262,155.05906008
55.516,3353.26,2952.96,3776.56,3317.39,10.949,"2026-07-06T11:01:19.997Z",2026-07-06 08:01:19.997,"2026-07-06 08:01","down",47.516,155.89239344
55.771,3353.77,2953.7,3776.56,3317.35,10.956,"2026-07-06T11:01:19.997Z",2026-07-06 08:01:19.997,"2026-07-06 08:01","down",47.771,156.72900764
56.025,3353.4,2954.52,3777.66,3318.25,10.987,"2026-07-06T11:01:19.997Z",2026-07-06 08:01:19.997,"2026-07-06 08:01","down",48.025,157.562341
56.279,3352.41,2955.11,3778.31,3318.74,11.026,"2026-07-06T11:01:19.997Z",2026-07-06 08:01:19.997,"2026-07-06 08:01","down",48.279,158.39567436
56.533,3352.59,2955.86,3778.12,3318.69,11.046,"2026-07-06T11:01:19.997Z",2026-07-06 08:01:19.997,"2026-07-06 08:01","down",48.533,159.22900772
56.787,3352.81,2955.87,3778.31,3319.18,11.049,"2026-07-06T11:01:19.997Z",2026-07-06 08:01:19.997,"2026-07-06 08:01","down",48.787,160.06234108
57.042,3351.48,2954.94,3778.92,3319.98,11.062,"2026-07-06T11:01:19.997Z",2026-07-06 08:01:19.997,"2026-07-06 08:01","down",49.042,160.89895528
57.296,3350.93,2954.45,3779,3320.13,11.065,"2026-07-06T11:01:19.997Z",2026-07-06 08:01:19.997,"2026-07-06 08:01","down",49.296,161.73228864
57.55,3351.85,2954.76,3779.05,3320.2,11.051,"2026-07-06T11:01:19.997Z",2026-07-06 08:01:19.997,"2026-07-06 08:01","down",49.55,162.565622
57.804,3351.7,2954.35,3779.92,3321.02,11.044,"2026-07-06T11:01:19.997Z",2026-07-06 08:01:19.997,"2026-07-06 08:01","down",49.804,163.39895536
58.058,3349.98,2953.19,3780.62,3321.57,11.053,"2026-07-06T11:01:19.997Z",2026-07-06 08:01:19.997,"2026-07-06 08:01","down",50.058,164.23228872
58.313,3349.16,2952.56,3780.04,3321.06,11.055,"2026-07-06T11:01:19.997Z",2026-07-06 08:01:19.997,"2026-07-06 08:01","down",50.313,165.06890292
58.567,3349.22,2952.58,3779.47,3320.76,11.059,"2026-07-06T11:01:19.997Z",2026-07-06 08:01:19.997,"2026-07-06 08:01","down",50.567,165.90223628
58.821,3348.33,2952,3780.17,3321.38,11.065,"2026-07-06T11:01:19.997Z",2026-07-06 08:01:19.997,"2026-07-06 08:01","down",50.821,166.73556964
59.075,3347.37,2951.3,3780.86,3321.85,11.066,"2026-07-06T11:01:19.997Z",2026-07-06 08:01:19.997,"2026-07-06 08:01","down",51.075,167.568903
59.329,3348.4,2951.86,3781.05,3322.17,11.06,"2026-07-06T11:01:19.997Z",2026-07-06 08:01:19.997,"2026-07-06 08:01","down",51.329,168.40223636
59.584,3349.86,2952.81,3782.23,3323.5,11.058,"2026-07-06T11:01:19.997Z",2026-07-06 08:01:19.997,"2026-07-06 08:01","down",51.584,169.23885056
59.838,3349.71,2952.79,3784.32,3325.36,11.062,"2026-07-06T11:01:19.997Z",2026-07-06 08:01:19.997,"2026-07-06 08:01","down",51.838,170.07218392
60.092,3349.16,2952.31,3785.55,3326.38,11.061,"2026-07-06T11:01:19.997Z",2026-07-06 08:01:19.997,"2026-07-06 08:01","down",52.092,170.90551728
60.346,3349.94,2952.68,3785.93,3326.83,11.054,"2026-07-06T11:01:19.997Z",2026-07-06 08:01:19.997,"2026-07-06 08:01","down",52.346,171.73885064
60.6,3350.86,2953.32,3787.12,3327.99,11.052,"2026-07-06T11:01:19.997Z",2026-07-06 08:01:19.997,"2026-07-06 08:01","down",52.6,172.572184
60.855,3350.18,2952.91,3788.98,3329.45,11.053,"2026-07-06T11:01:19.997Z",2026-07-06 08:01:19.997,"2026-07-06 08:01","down",52.855,173.4087982
61.109,3349.44,2952.47,3789.82,3330.01,11.055,"2026-07-06T11:01:19.997Z",2026-07-06 08:01:19.997,"2026-07-06 08:01","down",53.109,174.24213156
61.363,3349.74,2952.7,3789.77,3330,11.055,"2026-07-06T11:01:19.997Z",2026-07-06 08:01:19.997,"2026-07-06 08:01","down",53.363,175.07546492
61.617,3349.62,2952.38,3790.17,3330.32,11.048,"2026-07-06T11:01:19.997Z",2026-07-06 08:01:19.997,"2026-07-06 08:01","down",53.617,175.90879828
61.871,3348.37,2951.37,3790.78,3330.69,11.046,"2026-07-06T11:01:19.997Z",2026-07-06 08:01:19.997,"2026-07-06 08:01","down",53.871,176.74213164
62.126,3347.86,2950.9,3790.69,3330.71,11.048,"2026-07-06T11:01:19.997Z",2026-07-06 08:01:19.997,"2026-07-06 08:01","down",54.126,177.57874584
62.38,3348.01,2951.03,3790.51,3330.89,11.057,"2026-07-06T11:01:19.997Z",2026-07-06 08:01:19.997,"2026-07-06 08:01","down",54.38,178.4120792
62.634,3347.03,2950.21,3790.97,3331.49,11.063,"2026-07-06T11:01:19.997Z",2026-07-06 08:01:19.997,"2026-07-06 08:01","down",54.634,179.24541256
62.888,3345.26,2948.78,3791.21,3331.66,11.065,"2026-07-06T11:01:19.997Z",2026-07-06 08:01:19.997,"2026-07-06 08:01","down",54.888,180.07874592
63.142,3344.91,2948.29,3790.64,3331.08,11.058,"2026-07-06T11:01:19.997Z",2026-07-06 08:01:19.997,"2026-07-06 08:01","down",55.142,180.91207928
63.397,3345.5,2948.43,3790.33,3330.83,11.048,"2026-07-06T11:01:19.997Z",2026-07-06 08:01:19.997,"2026-07-06 08:01","down",55.397,181.74869348
63.651,3345.32,2948.12,3790.76,3331.32,11.047,"2026-07-06T11:01:19.997Z",2026-07-06 08:01:19.997,"2026-07-06 08:01","down",55.651,182.58202684
63.905,3344.91,2947.6,3790.9,3331.74,11.05,"2026-07-06T11:01:19.997Z",2026-07-06 08:01:19.997,"2026-07-06 08:01","down",55.905,183.4153602
64.159,3345.56,2948,3790.81,3331.97,11.052,"2026-07-06T11:01:19.997Z",2026-07-06 08:01:19.997,"2026-07-06 08:01","down",56.159,184.24869356
64.413,3345.7,2948.45,3791.46,3332.55,11.062,"2026-07-06T11:01:19.997Z",2026-07-06 08:01:19.997,"2026-07-06 08:01","down",56.413,185.08202692
64.668,3344.04,2947.52,3792.44,3333.09,11.069,"2026-07-06T11:01:19.997Z",2026-07-06 08:01:19.997,"2026-07-06 08:01","down",56.668,185.91864112
64.922,3342.75,2946.3,3792.48,3332.76,11.057,"2026-07-06T11:01:19.997Z",2026-07-06 08:01:19.997,"2026-07-06 08:01","down",56.922,186.75197448
65.176,3343.6,2946.4,3792.2,3332.41,11.036,"2026-07-06T11:01:19.997Z",2026-07-06 08:01:19.997,"2026-07-06 08:01","down",57.176,187.58530784
65.43,3344.1,2946.75,3793.21,3333.39,11.036,"2026-07-06T11:01:19.997Z",2026-07-06 08:01:19.997,"2026-07-06 08:01","down",57.43,188.4186412
65.684,3342.26,2945.44,3794.44,3334.52,11.046,"2026-07-06T11:01:19.997Z",2026-07-06 08:01:19.997,"2026-07-06 08:01","down",57.684,189.25197456
65.939,3340.89,2943.87,3794.07,3334.28,11.038,"2026-07-06T11:01:19.997Z",2026-07-06 08:01:19.997,"2026-07-06 08:01","down",57.939,190.08858876
66.193,3341.89,2944.17,3793.5,3333.95,11.026,"2026-07-06T11:01:19.997Z",2026-07-06 08:01:19.997,"2026-07-06 08:01","down",58.193,190.92192212
66.447,3342.57,2944.62,3794.7,3335,11.022,"2026-07-06T11:01:19.997Z",2026-07-06 08:01:19.997,"2026-07-06 08:01","down",58.447,191.75525548
66.701,3341.11,2943.76,3796.12,3336.16,11.031,"2026-07-06T11:01:19.997Z",2026-07-06 08:01:19.997,"2026-07-06 08:01","down",58.701,192.58858884
66.955,3339.73,2942.89,3795.96,3335.92,11.039,"2026-07-06T11:01:19.997Z",2026-07-06 08:01:19.997,"2026-07-06 08:01","down",58.955,193.4219222
67.21,3340.04,2943.05,3795.32,3335.45,11.038,"2026-07-06T11:01:19.997Z",2026-07-06 08:01:19.997,"2026-07-06 08:01","down",59.21,194.2585364
67.464,3340.07,2942.82,3795.76,3335.97,11.034,"2026-07-06T11:01:19.997Z",2026-07-06 08:01:19.997,"2026-07-06 08:01","down",59.464,195.09186976
67.718,3339.26,2942.07,3796.51,3336.63,11.033,"2026-07-06T11:01:19.997Z",2026-07-06 08:01:19.997,"2026-07-06 08:01","down",59.718,195.92520312
67.972,3339.16,2941.89,3796.67,3336.75,11.03,"2026-07-06T11:01:19.997Z",2026-07-06 08:01:19.997,"2026-07-06 08:01","down",59.972,196.75853648
68.226,3339.21,2941.48,3796.97,3337.1,11.019,"2026-07-06T11:01:19.997Z",2026-07-06 08:01:19.997,"2026-07-06 08:01","down",60.226,197.59186984
68.481,3337.99,2940.23,3797.72,3337.84,11.016,"2026-07-06T11:01:19.997Z",2026-07-06 08:01:19.997,"2026-07-06 08:01","down",60.481,198.42848404
68.735,3336.71,2939.08,3797.93,3337.97,11.014,"2026-07-06T11:01:19.997Z",2026-07-06 08:01:19.997,"2026-07-06 08:01","down",60.735,199.2618174
68.989,3336.7,2938.98,3797.69,3337.78,11.012,"2026-07-06T11:01:19.997Z",2026-07-06 08:01:19.997,"2026-07-06 08:01","down",60.989,200.09515076
69.243,3336.76,2939.14,3798.53,3338.39,11.012,"2026-07-06T11:01:19.997Z",2026-07-06 08:01:19.997,"2026-07-06 08:01","down",61.243,200.92848412
69.497,3335.18,2938.18,3799.86,3339.37,11.02,"2026-07-06T11:01:19.997Z",2026-07-06 08:01:19.997,"2026-07-06 08:01","down",61.497,201.76181748
69.752,3333.59,2936.74,3799.88,3339.49,11.021,"2026-07-06T11:01:19.997Z",2026-07-06 08:01:19.997,"2026-07-06 08:01","down",61.752,202.59843168
70.006,3333.43,2936.27,3799.24,3338.98,11.013,"2026-07-06T11:01:19.997Z",2026-07-06 08:01:19.997,"2026-07-06 08:01","down",62.006,203.43176504
70.26,3333.38,2936.07,3799.28,3338.78,11.003,"2026-07-06T11:01:19.997Z",2026-07-06 08:01:19.997,"2026-07-06 08:01","down",62.26,204.2650984
70.514,3332.44,2935.2,3799.4,3338.7,10.996,"2026-07-06T11:01:19.997Z",2026-07-06 08:01:19.997,"2026-07-06 08:01","down",62.514,205.09843176
70.768,3332.22,2934.13,3799.04,3338.63,10.978,"2026-07-06T11:01:19.997Z",2026-07-06 08:01:19.997,"2026-07-06 08:01","down",62.768,205.93176512
71.023,3332.94,2933.31,3799.39,3339.59,10.953,"2026-07-06T11:01:19.997Z",2026-07-06 08:01:19.997,"2026-07-06 08:01","down",63.023,206.76837932
71.277,3332.99,2932.69,3801.22,3341.7,10.946,"2026-07-06T11:01:19.997Z",2026-07-06 08:01:19.997,"2026-07-06 08:01","down",63.277,207.60171268
71.531,3332.01,2931.9,3802.83,3343.21,10.951,"2026-07-06T11:01:19.997Z",2026-07-06 08:01:19.997,"2026-07-06 08:01","down",63.531,208.43504604
71.785,3332.06,2932.12,3803.27,3343.65,10.957,"2026-07-06T11:01:19.997Z",2026-07-06 08:01:19.997,"2026-07-06 08:01","down",63.785,209.2683794
72.039,3332.88,2932.84,3804.07,3344.37,10.957,"2026-07-06T11:01:19.997Z",2026-07-06 08:01:19.997,"2026-07-06 08:01","down",64.039,210.10171276
72.294,3331.9,2932.3,3805.46,3345.39,10.961,"2026-07-06T11:01:19.997Z",2026-07-06 08:01:19.997,"2026-07-06 08:01","down",64.294,210.93832696
72.548,3329.73,2930.54,3805.6,3345.2,10.958,"2026-07-06T11:01:19.997Z",2026-07-06 08:01:19.997,"2026-07-06 08:01","down",64.548,211.77166032
72.802,3329.09,2929.89,3804.03,3343.92,10.958,"2026-07-06T11:01:19.997Z",2026-07-06 08:01:19.997,"2026-07-06 08:01","down",64.802,212.60499368
73.056,3329.72,2930.39,3802.85,3343.37,10.969,"2026-07-06T11:01:19.997Z",2026-07-06 08:01:19.997,"2026-07-06 08:01","down",65.056,213.43832704
73.31,3329.79,2930.49,3803.22,3343.99,10.977,"2026-07-06T11:01:19.997Z",2026-07-06 08:01:19.997,"2026-07-06 08:01","down",65.31,214.2716604
73.565,3329.79,2930.45,3804.39,3345.05,10.977,"2026-07-06T11:01:19.997Z",2026-07-06 08:01:19.997,"2026-07-06 08:01","down",65.565,215.1082746
73.819,3330.38,2930.82,3806.02,3346.49,10.973,"2026-07-06T11:01:19.997Z",2026-07-06 08:01:19.997,"2026-07-06 08:01","down",65.819,215.94160796
74.073,3329.76,2930.1,3808.15,3348.41,10.969,"2026-07-06T11:01:19.997Z",2026-07-06 08:01:19.997,"2026-07-06 08:01","down",66.073,216.77494132
74.327,3327.84,2928.46,3809.27,3349.4,10.97,"2026-07-06T11:01:19.997Z",2026-07-06 08:01:19.997,"2026-07-06 08:01","down",66.327,217.60827468
74.581,3327.4,2928.06,3808.55,3348.69,10.968,"2026-07-06T11:01:19.997Z",2026-07-06 08:01:19.997,"2026-07-06 08:01","down",66.581,218.44160804
74.836,3328.22,2928.73,3807.87,3347.93,10.963,"2026-07-06T11:01:19.997Z",2026-07-06 08:01:19.997,"2026-07-06 08:01","down",66.836,219.27822224
75.09,3327.16,2927.98,3808.17,3347.93,10.961,"2026-07-06T11:01:19.997Z",2026-07-06 08:01:19.997,"2026-07-06 08:01","down",67.09,220.1115556
75.344,3324.69,2925.78,3807.49,3347.27,10.959,"2026-07-06T11:01:19.997Z",2026-07-06 08:01:19.997,"2026-07-06 08:01","down",67.344,220.94488896
75.598,3324.64,2925.25,3805.69,3346.03,10.954,"2026-07-06T11:01:19.997Z",2026-07-06 08:01:19.997,"2026-07-06 08:01","down",67.598,221.77822232
75.852,3326.12,2926.18,3805.78,3346.48,10.952,"2026-07-06T11:01:19.997Z",2026-07-06 08:01:19.997,"2026-07-06 08:01","down",67.852,222.61155568
76.107,3324.66,2925.31,3808,3348.58,10.968,"2026-07-06T11:01:19.997Z",2026-07-06 08:01:19.997,"2026-07-06 08:01","down",68.107,223.44816988
76.361,3321.67,2923,3809.01,3349.39,10.975,"2026-07-06T11:01:19.997Z",2026-07-06 08:01:19.997,"2026-07-06 08:01","down",68.361,224.28150324
76.615,3321.03,2922.31,3808.1,3348.44,10.967,"2026-07-06T11:01:19.997Z",2026-07-06 08:01:19.997,"2026-07-06 08:01","down",68.615,225.1148366
76.869,3321.74,2922.77,3808.07,3348.45,10.964,"2026-07-06T11:01:19.997Z",2026-07-06 08:01:19.997,"2026-07-06 08:01","down",68.869,225.94816996
77.123,3320.57,2921.7,3809.48,3349.73,10.964,"2026-07-06T11:01:19.997Z",2026-07-06 08:01:19.997,"2026-07-06 08:01","down",69.123,226.78150332
77.378,3318.77,2920.04,3809.98,3350.24,10.963,"2026-07-06T11:01:19.997Z",2026-07-06 08:01:19.997,"2026-07-06 08:01","down",69.378,227.61811752
77.632,3319.02,2920.26,3809.42,3350.07,10.971,"2026-07-06T11:01:19.997Z",2026-07-06 08:01:19.997,"2026-07-06 08:01","down",69.632,228.45145088
77.886,3319.31,2920.57,3810.01,3350.77,10.977,"2026-07-06T11:01:19.997Z",2026-07-06 08:01:19.997,"2026-07-06 08:01","down",69.886,229.28478424
78.14,3317.57,2918.96,3811.12,3351.56,10.97,"2026-07-06T11:01:19.997Z",2026-07-06 08:01:19.997,"2026-07-06 08:01","down",70.14,230.1181176
78.394,3316.43,2917.76,3810.35,3350.86,10.964,"2026-07-06T11:01:19.997Z",2026-07-06 08:01:19.997,"2026-07-06 08:01","down",70.394,230.95145096
78.649,3317.61,2918.65,3809.24,3350.1,10.966,"2026-07-06T11:01:19.997Z",2026-07-06 08:01:19.997,"2026-07-06 08:01","down",70.649,231.78806516
78.903,3318.01,2919.06,3810.36,3351,10.965,"2026-07-06T11:01:19.997Z",2026-07-06 08:01:19.997,"2026-07-06 08:01","down",70.903,232.62139852
79.157,3316.15,2917.6,3812.07,3352.15,10.961,"2026-07-06T11:01:19.997Z",2026-07-06 08:01:19.997,"2026-07-06 08:01","down",71.157,233.45473188
79.411,3315.04,2916.52,3812.19,3352.15,10.956,"2026-07-06T11:01:19.997Z",2026-07-06 08:01:19.997,"2026-07-06 08:01","down",71.411,234.28806524
79.665,3315.55,2916.94,3812.3,3352.54,10.962,"2026-07-06T11:01:19.997Z",2026-07-06 08:01:19.997,"2026-07-06 08:01","down",71.665,235.1213986
79.92,3314.86,2916.56,3813.84,3354.02,10.972,"2026-07-06T11:01:19.997Z",2026-07-06 08:01:19.997,"2026-07-06 08:01","down",71.92,235.9580128
80.174,3312.93,2914.73,3814.95,3354.77,10.962,"2026-07-06T11:01:19.997Z",2026-07-06 08:01:19.997,"2026-07-06 08:01","down",72.174,236.79134616
80.428,3311.7,2913.65,3814.68,3354.37,10.958,"2026-07-06T11:01:19.997Z",2026-07-06 08:01:19.997,"2026-07-06 08:01","down",72.428,237.62467952
80.682,3311.35,2913.32,3814.72,3354.57,10.962,"2026-07-06T11:01:19.997Z",2026-07-06 08:01:19.997,"2026-07-06 08:01","down",72.682,238.45801288
80.936,3310.67,2912.43,3815.93,3355.76,10.957,"2026-07-06T11:01:19.997Z",2026-07-06 08:01:19.997,"2026-07-06 08:01","down",72.936,239.29134624
81.191,3310.29,2911.75,3816.73,3356.55,10.949,"2026-07-06T11:01:19.997Z",2026-07-06 08:01:19.997,"2026-07-06 08:01","down",73.191,240.12796044
81.445,3311.22,2912.5,3816.9,3356.83,10.95,"2026-07-06T11:01:19.997Z",2026-07-06 08:01:19.997,"2026-07-06 08:01","down",73.445,240.9612938
81.699,3312.04,2913.52,3817.97,3357.85,10.96,"2026-07-06T11:01:19.997Z",2026-07-06 08:01:19.997,"2026-07-06 08:01","down",73.699,241.79462716
81.953,3311.26,2913.04,3819.64,3359.3,10.966,"2026-07-06T11:01:19.997Z",2026-07-06 08:01:19.997,"2026-07-06 08:01","down",73.953,242.62796052
82.207,3311.27,2912.58,3820.16,3359.94,10.957,"2026-07-06T11:01:19.997Z",2026-07-06 08:01:19.997,"2026-07-06 08:01","down",74.207,243.46129388
82.462,3312.83,2913.37,3820.49,3360.32,10.943,"2026-07-06T11:01:19.997Z",2026-07-06 08:01:19.997,"2026-07-06 08:01","down",74.462,244.29790808
82.716,3311.55,2912.31,3820.76,3361.19,10.96,"2026-07-06T11:01:19.997Z",2026-07-06 08:01:19.997,"2026-07-06 08:01","down",74.716,245.13124144
82.97,3285.01,2893.14,3818.61,3363.75,11.192,"2026-07-06T11:01:19.997Z",2026-07-06 08:01:19.997,"2026-07-06 08:01","down",74.97,245.9645748
83.224,3179.78,2811.96,3833.1,3384.78,11.741,"2026-07-06T11:01:19.997Z",2026-07-06 08:01:19.997,"2026-07-06 08:01","down",75.224,246.79790816
83.478,3042.15,2696.22,3908.57,3456.19,12.044,"2026-07-06T11:01:19.997Z",2026-07-06 08:01:19.997,"2026-07-06 08:01","down",75.478,247.63124152
83.733,2972.2,2629.92,4042.82,3568.99,11.767,"2026-07-06T11:01:19.997Z",2026-07-06 08:01:19.997,"2026-07-06 08:01","up",75.267,246.93898428
83.987,2965.25,2615.27,4150.91,3653.41,11.242,"2026-07-06T11:01:19.997Z",2026-07-06 08:01:19.997,"2026-07-06 08:01","up",75.013,246.10565092
84.241,2968.48,2614.02,4190.42,3682.08,10.972,"2026-07-06T11:01:19.997Z",2026-07-06 08:01:19.997,"2026-07-06 08:01","up",74.759,245.27231756
84.495,2967.45,2612.52,4195.24,3685.04,10.924,"2026-07-06T11:01:19.997Z",2026-07-06 08:01:19.997,"2026-07-06 08:01","up",74.505,244.4389842
84.749,2966.94,2612.33,4193.54,3683.91,10.941,"2026-07-06T11:01:19.997Z",2026-07-06 08:01:19.997,"2026-07-06 08:01","up",74.251,243.60565084
85.004,2967.08,2612.32,4192.7,3683.82,10.951,"2026-07-06T11:01:19.997Z",2026-07-06 08:01:19.997,"2026-07-06 08:01","up",73.996,242.76903664
85.258,2965.7,2611.33,4192.99,3684.32,10.964,"2026-07-06T11:01:19.997Z",2026-07-06 08:01:19.997,"2026-07-06 08:01","up",73.742,241.93570328
85.512,2965.55,2611.24,4192.61,3684.14,10.969,"2026-07-06T11:01:19.997Z",2026-07-06 08:01:19.997,"2026-07-06 08:01","up",73.488,241.10236992
85.766,2966.41,2611.98,4192.37,3684.2,10.974,"2026-07-06T11:01:19.997Z",2026-07-06 08:01:19.997,"2026-07-06 08:01","up",73.234,240.26903656
86.02,2966.9,2612.09,4193.15,3685.02,10.967,"2026-07-06T11:01:19.997Z",2026-07-06 08:01:19.997,"2026-07-06 08:01","up",72.98,239.4357032
86.275,2966.3,2611.62,4193.45,3685.41,10.971,"2026-07-06T11:01:19.997Z",2026-07-06 08:01:19.997,"2026-07-06 08:01","up",72.725,238.599089
86.529,2966.79,2611.85,4193.16,3685.49,10.973,"2026-07-06T11:01:19.997Z",2026-07-06 08:01:19.997,"2026-07-06 08:01","up",72.471,237.76575564
86.783,2968.07,2612.91,4194.42,3686.89,10.977,"2026-07-06T11:01:19.997Z",2026-07-06 08:01:19.997,"2026-07-06 08:01","up",72.217,236.93242228
87.037,2967.87,2612.95,4197,3689.13,10.984,"2026-07-06T11:01:19.997Z",2026-07-06 08:01:19.997,"2026-07-06 08:01","up",71.963,236.09908892
87.291,2966.48,2612.03,4198.21,3689.9,10.987,"2026-07-06T11:01:19.997Z",2026-07-06 08:01:19.997,"2026-07-06 08:01","up",71.709,235.26575556
87.546,2966.4,2612.06,4197.95,3689.46,10.985,"2026-07-06T11:01:19.997Z",2026-07-06 08:01:19.997,"2026-07-06 08:01","up",71.454,234.42914136
87.8,2966.55,2612.2,4198.57,3690.1,10.988,"2026-07-06T11:01:19.997Z",2026-07-06 08:01:19.997,"2026-07-06 08:01","up",71.2,233.595808
88.054,2965.1,2610.98,4199.51,3691.06,10.992,"2026-07-06T11:01:19.997Z",2026-07-06 08:01:19.997,"2026-07-06 08:01","up",70.946,232.76247464
88.308,2964.05,2609.71,4198.98,3690.61,10.982,"2026-07-06T11:01:19.997Z",2026-07-06 08:01:19.997,"2026-07-06 08:01","up",70.692,231.92914128
88.562,2964.66,2609.98,4198.47,3690.42,10.979,"2026-07-06T11:01:19.997Z",2026-07-06 08:01:19.997,"2026-07-06 08:01","up",70.438,231.09580792
88.817,2964.46,2610.2,4199.89,3691.82,10.995,"2026-07-06T11:01:19.997Z",2026-07-06 08:01:19.997,"2026-07-06 08:01","up",70.183,230.25919372
89.071,2963.07,2609.05,4201.37,3692.97,10.994,"2026-07-06T11:01:19.997Z",2026-07-06 08:01:19.997,"2026-07-06 08:01","up",69.929,229.42586036
89.325,2963.2,2608.71,4201.38,3692.98,10.98,"2026-07-06T11:01:19.997Z",2026-07-06 08:01:19.997,"2026-07-06 08:01","up",69.675,228.592527
89.579,2964.19,2609.7,4202.1,3693.72,10.986,"2026-07-06T11:01:19.997Z",2026-07-06 08:01:19.997,"2026-07-06 08:01","up",69.421,227.75919364
89.833,2963.37,2609.52,4204.64,3695.76,10.999,"2026-07-06T11:01:19.997Z",2026-07-06 08:01:19.997,"2026-07-06 08:01","up",69.167,226.92586028
90.088,2961.25,2607.75,4206,3696.68,10.996,"2026-07-06T11:01:19.997Z",2026-07-06 08:01:19.997,"2026-07-06 08:01","up",68.912,226.08924608
90.342,2961.07,2607.33,4204.81,3695.7,10.989,"2026-07-06T11:01:19.997Z",2026-07-06 08:01:19.997,"2026-07-06 08:01","up",68.658,225.25591272
90.596,2962.25,2608.11,4204.01,3695.16,10.984,"2026-07-06T11:01:19.997Z",2026-07-06 08:01:19.997,"2026-07-06 08:01","up",68.404,224.42257936
90.85,2961.95,2607.59,4204.77,3695.82,10.976,"2026-07-06T11:01:19.997Z",2026-07-06 08:01:19.997,"2026-07-06 08:01","up",68.15,223.589246
91.104,2960.69,2606.38,4204.62,3695.71,10.973,"2026-07-06T11:01:19.997Z",2026-07-06 08:01:19.997,"2026-07-06 08:01","up",67.896,222.75591264
91.359,2960.9,2606.54,4203.41,3694.88,10.978,"2026-07-06T11:01:19.997Z",2026-07-06 08:01:19.997,"2026-07-06 08:01","up",67.641,221.91929844
91.613,2961.65,2607.06,4203.87,3695.45,10.977,"2026-07-06T11:01:19.997Z",2026-07-06 08:01:19.997,"2026-07-06 08:01","up",67.387,221.08596508
91.867,2960.4,2605.89,4205.39,3696.72,10.973,"2026-07-06T11:01:19.997Z",2026-07-06 08:01:19.997,"2026-07-06 08:01","up",67.133,220.25263172
92.121,2958.45,2604.28,4205.21,3696.39,10.973,"2026-07-06T11:01:19.997Z",2026-07-06 08:01:19.997,"2026-07-06 08:01","up",66.879,219.41929836
92.375,2958.4,2604.31,4203.91,3695.33,10.977,"2026-07-06T11:01:19.997Z",2026-07-06 08:01:19.997,"2026-07-06 08:01","up",66.625,218.585965
92.63,2958.87,2604.61,4203.82,3695.46,10.978,"2026-07-06T11:01:19.997Z",2026-07-06 08:01:19.997,"2026-07-06 08:01","up",66.37,217.7493508
92.884,2957.8,2603.76,4204.3,3695.83,10.98,"2026-07-06T11:01:19.997Z",2026-07-06 08:01:19.997,"2026-07-06 08:01","up",66.116,216.91601744
93.138,2956.78,2602.94,4203.34,3694.91,10.981,"2026-07-06T11:01:19.997Z",2026-07-06 08:01:19.997,"2026-07-06 08:01","up",65.862,216.08268408
93.392,2957.23,2603.27,4202.09,3693.85,10.979,"2026-07-06T11:01:19.997Z",2026-07-06 08:01:19.997,"2026-07-06 08:01","up",65.608,215.24935072
93.646,2957.4,2603.45,4202.5,3694.25,10.981,"2026-07-06T11:01:19.997Z",2026-07-06 08:01:19.997,"2026-07-06 08:01","up",65.354,214.41601736
93.901,2956.58,2602.58,4203.4,3695.1,10.978,"2026-07-06T11:01:19.997Z",2026-07-06 08:01:19.997,"2026-07-06 08:01","up",65.099,213.57940316
94.155,2956.68,2602.31,4203.23,3695.09,10.969,"2026-07-06T11:01:19.997Z",2026-07-06 08:01:19.997,"2026-07-06 08:01","up",64.845,212.7460698
94.409,2957.48,2602.89,4203.38,3695.47,10.971,"2026-07-06T11:01:19.997Z",2026-07-06 08:01:19.997,"2026-07-06 08:01","up",64.591,211.91273644
94.663,2957.27,2602.52,4205.03,3697.05,10.968,"2026-07-06T11:01:19.997Z",2026-07-06 08:01:19.997,"2026-07-06 08:01","up",64.337,211.07940308
94.917,2956.29,2601.28,4206.34,3698.15,10.955,"2026-07-06T11:01:19.997Z",2026-07-06 08:01:19.997,"2026-07-06 08:01","up",64.083,210.24606972
95.172,2956.29,2600.96,4206.24,3698.19,10.947,"2026-07-06T11:01:19.997Z",2026-07-06 08:01:19.997,"2026-07-06 08:01","up",63.828,209.40945552
95.426,2957.05,2601.77,4206.47,3698.67,10.958,"2026-07-06T11:01:19.997Z",2026-07-06 08:01:19.997,"2026-07-06 08:01","up",63.574,208.57612216
95.68,2957.17,2602.78,4207.67,3699.82,10.989,"2026-07-06T11:01:19.997Z",2026-07-06 08:01:19.997,"2026-07-06 08:01","up",63.32,207.7427888
95.934,2957.32,2603.7,4208.26,3700.11,11.009,"2026-07-06T11:01:19.997Z",2026-07-06 08:01:19.997,"2026-07-06 08:01","up",63.066,206.90945544
96.188,2958.27,2605.05,4208.39,3699.82,11.017,"2026-07-06T11:01:19.997Z",2026-07-06 08:01:19.997,"2026-07-06 08:01","up",62.812,206.07612208
96.443,2958.63,2605.92,4209.66,3700.73,11.03,"2026-07-06T11:01:19.997Z",2026-07-06 08:01:19.997,"2026-07-06 08:01","up",62.557,205.23950788
96.697,2957.38,2604.84,4211.19,3701.97,11.028,"2026-07-06T11:01:19.997Z",2026-07-06 08:01:19.997,"2026-07-06 08:01","up",62.303,204.40617452
96.951,2956.07,2603.22,4210.98,3701.74,11.012,"2026-07-06T11:01:19.997Z",2026-07-06 08:01:19.997,"2026-07-06 08:01","up",62.049,203.57284116
97.205,2956.18,2603.13,4209.93,3700.96,11.009,"2026-07-06T11:01:19.997Z",2026-07-06 08:01:19.997,"2026-07-06 08:01","up",61.795,202.7395078
97.459,2956.19,2603.43,4210.27,3701.44,11.023,"2026-07-06T11:01:19.997Z",2026-07-06 08:01:19.997,"2026-07-06 08:01","up",61.541,201.90617444
97.714,2955.24,2602.72,4211.22,3702.4,11.03,"2026-07-06T11:01:19.997Z",2026-07-06 08:01:19.997,"2026-07-06 08:01","up",61.286,201.06956024
97.968,2955.53,2602.58,4211.15,3702.61,11.023,"2026-07-06T11:01:19.997Z",2026-07-06 08:01:19.997,"2026-07-06 08:01","up",61.032,200.23622688
98.222,2956.87,2603.86,4211.54,3703.18,11.032,"2026-07-06T11:01:19.997Z",2026-07-06 08:01:19.997,"2026-07-06 08:01","up",60.778,199.40289352
98.476,2956.45,2603.85,4213.35,3704.72,11.042,"2026-07-06T11:01:19.997Z",2026-07-06 08:01:19.997,"2026-07-06 08:01","up",60.524,198.56956016
98.73,2954.8,2602.44,4214.03,3705.24,11.042,"2026-07-06T11:01:19.997Z",2026-07-06 08:01:19.997,"2026-07-06 08:01","up",60.27,197.7362268
98.985,2955.46,2602.74,4212.75,3704.35,11.038,"2026-07-06T11:01:19.997Z",2026-07-06 08:01:19.997,"2026-07-06 08:01","up",60.015,196.8996126
99.239,2957.49,2604.42,4212.93,3704.74,11.039,"2026-07-06T11:01:19.997Z",2026-07-06 08:01:19.997,"2026-07-06 08:01","up",59.761,196.06627924
99.493,2957.33,2604.52,4215.33,3706.77,11.046,"2026-07-06T11:01:19.997Z",2026-07-06 08:01:19.997,"2026-07-06 08:01","up",59.507,195.23294588
99.747,2956.09,2603.71,4216.49,3707.61,11.051,"2026-07-06T11:01:19.997Z",2026-07-06 08:01:19.997,"2026-07-06 08:01","up",59.253,194.39961252
100.001,2956.69,2604.17,4215.7,3707.16,11.054,"2026-07-06T11:01:19.997Z",2026-07-06 08:01:19.997,"2026-07-06 08:01","up",58.999,193.56627916
100.256,2957.83,2604.82,4216.03,3707.86,11.052,"2026-07-06T11:01:19.997Z",2026-07-06 08:01:19.997,"2026-07-06 08:01","up",58.744,192.72966496
100.51,2957.34,2604.22,4218.03,3709.67,11.048,"2026-07-06T11:01:19.997Z",2026-07-06 08:01:19.997,"2026-07-06 08:01","up",58.49,191.8963316
100.764,2956.69,2603.71,4218.88,3710.45,11.05,"2026-07-06T11:01:19.997Z",2026-07-06 08:01:19.997,"2026-07-06 08:01","up",58.236,191.06299824
101.018,2957.76,2604.48,4218.43,3710.48,11.054,"2026-07-06T11:01:19.997Z",2026-07-06 08:01:19.997,"2026-07-06 08:01","up",57.982,190.22966488
101.272,2958.83,2605.29,4219.34,3711.5,11.055,"2026-07-06T11:01:19.997Z",2026-07-06 08:01:19.997,"2026-07-06 08:01","up",57.728,189.39633152
101.526,2958.24,2604.75,4221.33,3712.93,11.047,"2026-07-06T11:01:19.997Z",2026-07-06 08:01:19.997,"2026-07-06 08:01","up",57.474,188.56299816
101.781,2957.94,2604.41,4221.91,3713.22,11.039,"2026-07-06T11:01:19.997Z",2026-07-06 08:01:19.997,"2026-07-06 08:01","up",57.219,187.72638396
102.035,2959.01,2605.14,4222.03,3713.37,11.034,"2026-07-06T11:01:19.997Z",2026-07-06 08:01:19.997,"2026-07-06 08:01","up",56.965,186.8930506
102.289,2958.61,2604.85,4223.9,3714.75,11.03,"2026-07-06T11:01:19.997Z",2026-07-06 08:01:19.997,"2026-07-06 08:01","up",56.711,186.05971724
102.543,2956.47,2603.13,4225.39,3715.43,11.021,"2026-07-06T11:01:19.997Z",2026-07-06 08:01:19.997,"2026-07-06 08:01","up",56.457,185.22638388
102.797,2955.9,2602.15,4223.96,3714.09,11.004,"2026-07-06T11:01:19.997Z",2026-07-06 08:01:19.997,"2026-07-06 08:01","up",56.203,184.39305052
103.052,2957.14,2603.21,4222.36,3713.32,11.017,"2026-07-06T11:01:19.997Z",2026-07-06 08:01:19.997,"2026-07-06 08:01","up",55.948,183.55643632
103.306,2957.22,2603.71,4223.44,3714.71,11.041,"2026-07-06T11:01:19.997Z",2026-07-06 08:01:19.997,"2026-07-06 08:01","up",55.694,182.72310296
103.56,2955.89,2602.66,4225.03,3716.15,11.046,"2026-07-06T11:01:19.997Z",2026-07-06 08:01:19.997,"2026-07-06 08:01","up",55.44,181.8897696
103.814,2956.01,2602.6,4225.27,3716.26,11.038,"2026-07-06T11:01:19.997Z",2026-07-06 08:01:19.997,"2026-07-06 08:01","up",55.186,181.05643624
104.068,2957.22,2603.54,4226.05,3716.89,11.033,"2026-07-06T11:01:19.997Z",2026-07-06 08:01:19.997,"2026-07-06 08:01","up",54.932,180.22310288
104.323,2956.45,2603.31,4228.06,3718.54,11.045,"2026-07-06T11:01:19.997Z",2026-07-06 08:01:19.997,"2026-07-06 08:01","up",54.677,179.38648868
104.577,2954.61,2602.08,4228.62,3719.03,11.057,"2026-07-06T11:01:19.997Z",2026-07-06 08:01:19.997,"2026-07-06 08:01","up",54.423,178.55315532
104.831,2954.85,2602.15,4227.57,3718.42,11.06,"2026-07-06T11:01:19.997Z",2026-07-06 08:01:19.997,"2026-07-06 08:01","up",54.169,177.71982196
105.085,2956.45,2603.27,4227.99,3719.15,11.058,"2026-07-06T11:01:19.997Z",2026-07-06 08:01:19.997,"2026-07-06 08:01","up",53.915,176.8864886
105.339,2956.53,2603.49,4230.29,3721.1,11.061,"2026-07-06T11:01:19.997Z",2026-07-06 08:01:19.997,"2026-07-06 08:01","up",53.661,176.05315524
105.594,2955.58,2602.76,4231.76,3722.06,11.057,"2026-07-06T11:01:19.997Z",2026-07-06 08:01:19.997,"2026-07-06 08:01","up",53.406,175.21654104
105.848,2955.57,2602.57,4231.92,3722.11,11.05,"2026-07-06T11:01:19.997Z",2026-07-06 08:01:19.997,"2026-07-06 08:01","up",53.152,174.38320768
106.102,2955.42,2602.35,4232.78,3722.98,11.049,"2026-07-06T11:01:19.997Z",2026-07-06 08:01:19.997,"2026-07-06 08:01","up",52.898,173.54987432
106.356,2953.93,2600.98,4233.86,3724.13,11.052,"2026-07-06T11:01:19.997Z",2026-07-06 08:01:19.997,"2026-07-06 08:01","up",52.644,172.71654096
106.61,2953.07,2599.87,4233.35,3724,11.048,"2026-07-06T11:01:19.997Z",2026-07-06 08:01:19.997,"2026-07-06 08:01","up",52.39,171.8832076
106.865,2953.23,2599.89,4232.69,3723.66,11.049,"2026-07-06T11:01:19.997Z",2026-07-06 08:01:19.997,"2026-07-06 08:01","up",52.135,171.0465934
107.119,2952.88,2599.77,4233.57,3724.44,11.056,"2026-07-06T11:01:19.997Z",2026-07-06 08:01:19.997,"2026-07-06 08:01","up",51.881,170.21326004
107.373,2951.91,2598.93,4234.28,3724.94,11.053,"2026-07-06T11:01:19.997Z",2026-07-06 08:01:19.997,"2026-07-06 08:01","up",51.627,169.37992668
107.627,2951.89,2598.5,4233.81,3724.58,11.041,"2026-07-06T11:01:19.997Z",2026-07-06 08:01:19.997,"2026-07-06 08:01","up",51.373,168.54659332
107.881,2952.02,2598.73,4233.78,3724.75,11.049,"2026-07-06T11:01:19.997Z",2026-07-06 08:01:19.997,"2026-07-06 08:01","up",51.119,167.71325996
108.136,2951.01,2598.35,4234.73,3725.57,11.065,"2026-07-06T11:01:19.997Z",2026-07-06 08:01:19.997,"2026-07-06 08:01","up",50.864,166.87664576
108.39,2949.81,2597.43,4234.85,3725.69,11.07,"2026-07-06T11:01:19.997Z",2026-07-06 08:01:19.997,"2026-07-06 08:01","up",50.61,166.0433124
108.644,2950.16,2597.51,4234.19,3725.31,11.067,"2026-07-06T11:01:19.997Z",2026-07-06 08:01:19.997,"2026-07-06 08:01","up",50.356,165.20997904
108.898,2950.77,2597.91,4235.05,3726.13,11.064,"2026-07-06T11:01:19.997Z",2026-07-06 08:01:19.997,"2026-07-06 08:01","up",50.102,164.37664568
109.152,2949.63,2597.01,4236.97,3727.73,11.065,"2026-07-06T11:01:19.997Z",2026-07-06 08:01:19.997,"2026-07-06 08:01","up",49.848,163.54331232
109.407,2948.26,2595.83,4237.35,3728.05,11.066,"2026-07-06T11:01:19.997Z",2026-07-06 08:01:19.997,"2026-07-06 08:01","up",49.593,162.70669812
109.661,2948.6,2596.04,4236.34,3727.24,11.065,"2026-07-06T11:01:19.997Z",2026-07-06 08:01:19.997,"2026-07-06 08:01","up",49.339,161.87336476
109.915,2949.03,2596.38,4236.45,3727.3,11.063,"2026-07-06T11:01:19.997Z",2026-07-06 08:01:19.997,"2026-07-06 08:01","up",49.085,161.0400314
110.169,2948.01,2595.33,4237.52,3728.27,11.059,"2026-07-06T11:01:19.997Z",2026-07-06 08:01:19.997,"2026-07-06 08:01","up",48.831,160.20669804
110.423,2947.01,2593.95,4237.4,3728.3,11.045,"2026-07-06T11:01:19.997Z",2026-07-06 08:01:19.997,"2026-07-06 08:01","up",48.577,159.37336468
110.678,2946.97,2592.78,4236.87,3727.87,11.01,"2026-07-06T11:01:19.997Z",2026-07-06 08:01:19.997,"2026-07-06 08:01","up",48.322,158.53675048
110.932,2946.39,2591.26,4237.99,3728.7,10.974,"2026-07-06T11:01:19.997Z",2026-07-06 08:01:19.997,"2026-07-06 08:01","up",48.068,157.70341712
111.186,2944.72,2589.37,4239.28,3729.88,10.961,"2026-07-06T11:01:19.997Z",2026-07-06 08:01:19.997,"2026-07-06 08:01","up",47.814,156.87008376
111.44,2944.28,2588.72,4238.82,3729.86,10.961,"2026-07-06T11:01:19.997Z",2026-07-06 08:01:19.997,"2026-07-06 08:01","up",47.56,156.0367504
111.694,2945.5,2589.69,4238.63,3730.06,10.966,"2026-07-06T11:01:19.997Z",2026-07-06 08:01:19.997,"2026-07-06 08:01","up",47.306,155.20341704
111.949,2945.46,2589.81,4240.48,3731.62,10.969,"2026-07-06T11:01:19.997Z",2026-07-06 08:01:19.997,"2026-07-06 08:01","up",47.051,154.36680284
112.203,2944.05,2588.46,4241.94,3732.65,10.96,"2026-07-06T11:01:19.997Z",2026-07-06 08:01:19.997,"2026-07-06 08:01","up",46.797,153.53346948
112.457,2944.03,2588.44,4241.67,3732.42,10.96,"2026-07-06T11:01:19.997Z",2026-07-06 08:01:19.997,"2026-07-06 08:01","up",46.543,152.70013612
112.711,2944.88,2589.01,4242.34,3733.15,10.958,"2026-07-06T11:01:19.997Z",2026-07-06 08:01:19.997,"2026-07-06 08:01","up",46.289,151.86680276
112.965,2943.39,2587.61,4244.72,3735.25,10.955,"2026-07-06T11:01:19.997Z",2026-07-06 08:01:19.997,"2026-07-06 08:01","up",46.035,151.0334694
113.22,2940.66,2585.29,4245.34,3735.73,10.956,"2026-07-06T11:01:19.997Z",2026-07-06 08:01:19.997,"2026-07-06 08:01","up",45.78,150.1968552
113.474,2940.84,2585.12,4243.64,3734.5,10.952,"2026-07-06T11:01:19.997Z",2026-07-06 08:01:19.997,"2026-07-06 08:01","up",45.526,149.36352184
113.728,2942.26,2586.25,4243.83,3734.94,10.954,"2026-07-06T11:01:19.997Z",2026-07-06 08:01:19.997,"2026-07-06 08:01","up",45.272,148.53018848
113.982,2941.3,2585.69,4246.64,3737.25,10.959,"2026-07-06T11:01:19.997Z",2026-07-06 08:01:19.997,"2026-07-06 08:01","up",45.018,147.69685512
114.236,2939.24,2583.99,4247.93,3738.28,10.96,"2026-07-06T11:01:19.997Z",2026-07-06 08:01:19.997,"2026-07-06 08:01","up",44.764,146.86352176
114.491,2938.92,2583.56,4246.87,3737.67,10.963,"2026-07-06T11:01:19.997Z",2026-07-06 08:01:19.997,"2026-07-06 08:01","up",44.509,146.02690756
114.745,2939.39,2583.77,4246.91,3737.83,10.959,"2026-07-06T11:01:19.997Z",2026-07-06 08:01:19.997,"2026-07-06 08:01","up",44.255,145.1935742
114.999,2938.41,2583.12,4248.31,3738.81,10.96,"2026-07-06T11:01:19.997Z",2026-07-06 08:01:19.997,"2026-07-06 08:01","up",44.001,144.36024084
115.253,2937.07,2582.15,4248.56,3738.9,10.964,"2026-07-06T11:01:19.997Z",2026-07-06 08:01:19.997,"2026-07-06 08:01","up",43.747,143.52690748
115.507,2937.09,2581.96,4247.91,3738.56,10.963,"2026-07-06T11:01:19.997Z",2026-07-06 08:01:19.997,"2026-07-06 08:01","up",43.493,142.69357412
115.762,2937.18,2581.92,4248.35,3739.01,10.96,"2026-07-06T11:01:19.997Z",2026-07-06 08:01:19.997,"2026-07-06 08:01","up",43.238,141.85695992
116.016,2936.56,2581.33,4249.3,3739.71,10.955,"2026-07-06T11:01:19.997Z",2026-07-06 08:01:19.997,"2026-07-06 08:01","up",42.984,141.02362656
116.27,2936.77,2581.2,4249.26,3739.82,10.949,"2026-07-06T11:01:19.997Z",2026-07-06 08:01:19.997,"2026-07-06 08:01","up",42.73,140.1902932
116.524,2937.66,2581.66,4249.36,3740.27,10.946,"2026-07-06T11:01:19.997Z",2026-07-06 08:01:19.997,"2026-07-06 08:01","up",42.476,139.35695984
116.778,2937.13,2581.21,4250.72,3741.55,10.949,"2026-07-06T11:01:19.997Z",2026-07-06 08:01:19.997,"2026-07-06 08:01","up",42.222,138.52362648
117.033,2935.83,2580.25,4251.5,3742.08,10.951,"2026-07-06T11:01:19.997Z",2026-07-06 08:01:19.997,"2026-07-06 08:01","up",41.967,137.68701228
117.287,2936.22,2580.44,4250.84,3741.6,10.948,"2026-07-06T11:01:19.997Z",2026-07-06 08:01:19.997,"2026-07-06 08:01","up",41.713,136.85367892
117.541,2937.78,2581.57,4251.26,3742.15,10.944,"2026-07-06T11:01:19.997Z",2026-07-06 08:01:19.997,"2026-07-06 08:01","up",41.459,136.02034556
117.795,2938.01,2581.83,4253.6,3743.99,10.942,"2026-07-06T11:01:19.997Z",2026-07-06 08:01:19.997,"2026-07-06 08:01","up",41.205,135.1870122
118.049,2937.77,2581.66,4255.26,3745.32,10.94,"2026-07-06T11:01:19.997Z",2026-07-06 08:01:19.997,"2026-07-06 08:01","up",40.951,134.35367884
118.304,2938.62,2582.47,4255.73,3746.12,10.951,"2026-07-06T11:01:19.997Z",2026-07-06 08:01:19.997,"2026-07-06 08:01","up",40.696,133.51706464
118.558,2939.55,2583.04,4257.49,3747.77,10.945,"2026-07-06T11:01:19.997Z",2026-07-06 08:01:19.997,"2026-07-06 08:01","up",40.442,132.68373128
118.812,2938.76,2582.15,4259.92,3749.57,10.931,"2026-07-06T11:01:19.997Z",2026-07-06 08:01:19.997,"2026-07-06 08:01","up",40.188,131.85039792
119.066,2937.67,2580.83,4260.42,3749.99,10.919,"2026-07-06T11:01:19.997Z",2026-07-06 08:01:19.997,"2026-07-06 08:01","up",39.934,131.01706456
119.32,2937.92,2580.6,4259.89,3749.82,10.911,"2026-07-06T11:01:19.997Z",2026-07-06 08:01:19.997,"2026-07-06 08:01","up",39.68,130.1837312
119.575,2937.78,2580.62,4260.83,3750.6,10.915,"2026-07-06T11:01:19.997Z",2026-07-06 08:01:19.997,"2026-07-06 08:01","up",39.425,129.347117
119.829,2935.96,2579.38,4262.16,3751.51,10.92,"2026-07-06T11:01:19.997Z",2026-07-06 08:01:19.997,"2026-07-06 08:01","up",39.171,128.51378364
120.083,2934.52,2578.25,4261.5,3750.88,10.923,"2026-07-06T11:01:19.997Z",2026-07-06 08:01:19.997,"2026-07-06 08:01","up",38.917,127.68045028
120.337,2935.04,2578.57,4260.23,3749.96,10.923,"2026-07-06T11:01:19.997Z",2026-07-06 08:01:19.997,"2026-07-06 08:01","up",38.663,126.84711692
120.591,2935.59,2578.85,4261.05,3750.72,10.918,"2026-07-06T11:01:19.997Z",2026-07-06 08:01:19.997,"2026-07-06 08:01","up",38.409,126.01378356
120.846,2934.52,2577.83,4262.67,3752.09,10.914,"2026-07-06T11:01:19.997Z",2026-07-06 08:01:19.997,"2026-07-06 08:01","up",38.154,125.17716936
121.1,2933.32,2576.7,4262.78,3752.14,10.91,"2026-07-06T11:01:19.997Z",2026-07-06 08:01:19.997,"2026-07-06 08:01","up",37.9,124.343836
121.354,2932.86,2576.34,4262.36,3751.62,10.908,"2026-07-06T11:01:19.997Z",2026-07-06 08:01:19.997,"2026-07-06 08:01","up",37.646,123.51050264
121.608,2932.19,2575.69,4262.4,3751.63,10.906,"2026-07-06T11:01:19.997Z",2026-07-06 08:01:19.997,"2026-07-06 08:01","up",37.392,122.67716928
121.862,2931.57,2575.01,4261.82,3751.42,10.908,"2026-07-06T11:01:19.997Z",2026-07-06 08:01:19.997,"2026-07-06 08:01","up",37.138,121.84383592
122.117,2932.17,2575.47,4260.94,3750.85,10.911,"2026-07-06T11:01:19.997Z",2026-07-06 08:01:19.997,"2026-07-06 08:01","up",36.883,121.00722172
122.371,2932.6,2575.97,4261.58,3751.25,10.911,"2026-07-06T11:01:19.997Z",2026-07-06 08:01:19.997,"2026-07-06 08:01","up",36.629,120.17388836
122.625,2931.58,2575.08,4262.97,3752.3,10.907,"2026-07-06T11:01:19.997Z",2026-07-06 08:01:19.997,"2026-07-06 08:01","up",36.375,119.340555
122.879,2930.82,2574.06,4263.02,3752.48,10.899,"2026-07-06T11:01:19.997Z",2026-07-06 08:01:19.997,"2026-07-06 08:01","up",36.121,118.50722164
123.133,2931.9,2574.53,4262.84,3752.68,10.891,"2026-07-06T11:01:19.997Z",2026-07-06 08:01:19.997,"2026-07-06 08:01","up",35.867,117.67388828
123.388,2933.07,2575.2,4264.66,3754.37,10.882,"2026-07-06T11:01:19.997Z",2026-07-06 08:01:19.997,"2026-07-06 08:01","up",35.612,116.83727408
123.642,2932.44,2574.58,4267.14,3756.29,10.874,"2026-07-06T11:01:19.997Z",2026-07-06 08:01:19.997,"2026-07-06 08:01","up",35.358,116.00394072
123.896,2931.97,2573.99,4267.84,3756.72,10.864,"2026-07-06T11:01:19.997Z",2026-07-06 08:01:19.997,"2026-07-06 08:01","up",35.104,115.17060736
124.15,2932.48,2574.42,4267.91,3756.8,10.863,"2026-07-06T11:01:19.997Z",2026-07-06 08:01:19.997,"2026-07-06 08:01","up",34.85,114.337274
124.404,2931.9,2574.34,4269.11,3757.83,10.877,"2026-07-06T11:01:19.997Z",2026-07-06 08:01:19.997,"2026-07-06 08:01","up",34.596,113.50394064
124.659,2930.18,2572.81,4269.39,3758.21,10.879,"2026-07-06T11:01:19.997Z",2026-07-06 08:01:19.997,"2026-07-06 08:01","up",34.341,112.66732644
124.913,2929.83,2572.09,4267.83,3757.14,10.873,"2026-07-06T11:01:19.997Z",2026-07-06 08:01:19.997,"2026-07-06 08:01","up",34.087,111.83399308
125.167,2930.64,2572.62,4267.43,3756.86,10.868,"2026-07-06T11:01:19.997Z",2026-07-06 08:01:19.997,"2026-07-06 08:01","up",33.833,111.00065972
125.421,2929.85,2571.89,4269.17,3758.18,10.862,"2026-07-06T11:01:19.997Z",2026-07-06 08:01:19.997,"2026-07-06 08:01","up",33.579,110.16732636
125.675,2927.94,2570.5,4269.93,3758.89,10.873,"2026-07-06T11:01:19.997Z",2026-07-06 08:01:19.997,"2026-07-06 08:01","up",33.325,109.333993
125.93,2927.78,2570.33,4268.92,3758.25,10.877,"2026-07-06T11:01:19.997Z",2026-07-06 08:01:19.997,"2026-07-06 08:01","up",33.07,108.4973788
126.184,2928.33,2570.74,4269.05,3758.32,10.874,"2026-07-06T11:01:19.997Z",2026-07-06 08:01:19.997,"2026-07-06 08:01","up",32.816,107.66404544
126.438,2927.45,2570.17,4270.55,3759.45,10.876,"2026-07-06T11:01:19.997Z",2026-07-06 08:01:19.997,"2026-07-06 08:01","up",32.562,106.83071208
126.692,2926.51,2569.38,4270.77,3759.64,10.877,"2026-07-06T11:01:19.997Z",2026-07-06 08:01:19.997,"2026-07-06 08:01","up",32.308,105.99737872
126.946,2927.2,2569.92,4269.78,3759.01,10.88,"2026-07-06T11:01:19.997Z",2026-07-06 08:01:19.997,"2026-07-06 08:01","up",32.054,105.16404536
127.201,2927.91,2570.82,4270.08,3759.55,10.896,"2026-07-06T11:01:19.997Z",2026-07-06 08:01:19.997,"2026-07-06 08:01","up",31.799,104.32743116
127.455,2926.77,2570.23,4271.55,3760.8,10.908,"2026-07-06T11:01:19.997Z",2026-07-06 08:01:19.997,"2026-07-06 08:01","up",31.545,103.4940978
127.709,2925.42,2569.15,4271.57,3760.68,10.909,"2026-07-06T11:01:19.997Z",2026-07-06 08:01:19.997,"2026-07-06 08:01","up",31.291,102.66076444
127.963,2925.73,2569.41,4270.38,3759.82,10.912,"2026-07-06T11:01:19.997Z",2026-07-06 08:01:19.997,"2026-07-06 08:01","up",31.037,101.82743108
128.217,2926.15,2570.09,4270.59,3760.09,10.924,"2026-07-06T11:01:19.997Z",2026-07-06 08:01:19.997,"2026-07-06 08:01","up",30.783,100.99409772
128.472,2925.07,2569.84,4271.76,3760.96,10.944,"2026-07-06T11:01:19.997Z",2026-07-06 08:01:19.997,"2026-07-06 08:01","up",30.528,100.15748352
128.726,2924.29,2569.59,4271.6,3760.88,10.959,"2026-07-06T11:01:19.997Z",2026-07-06 08:01:19.997,"2026-07-06 08:01","up",30.274,99.32415016
128.98,2924.83,2570.22,4270.99,3760.83,10.975,"2026-07-06T11:01:19.997Z",2026-07-06 08:01:19.997,"2026-07-06 08:01","up",30.02,98.4908168
129.234,2924.75,2570.78,4272.03,3761.99,11.001,"2026-07-06T11:01:19.997Z",2026-07-06 08:01:19.997,"2026-07-06 08:01","up",29.766,97.65748344
129.488,2923.88,2570.74,4273.33,3763.05,11.022,"2026-07-06T11:01:19.997Z",2026-07-06 08:01:19.997,"2026-07-06 08:01","up",29.512,96.82415008
129.743,2923.97,2571.11,4273.37,3763.06,11.031,"2026-07-06T11:01:19.997Z",2026-07-06 08:01:19.997,"2026-07-06 08:01","up",29.257,95.98753588
129.997,2925.11,2572.44,4273.76,3763.38,11.042,"2026-07-06T11:01:19.997Z",2026-07-06 08:01:19.997,"2026-07-06 08:01","up",29.003,95.15420252
130.251,2925.56,2573.71,4275.45,3764.85,11.069,"2026-07-06T11:01:19.997Z",2026-07-06 08:01:19.997,"2026-07-06 08:01","up",28.749,94.32086916
130.505,2925.37,2574.27,4276.92,3766.36,11.098,"2026-07-06T11:01:19.997Z",2026-07-06 08:01:19.997,"2026-07-06 08:01","up",28.495,93.4875358
130.759,2925.32,2574.84,4277.42,3767.1,11.125,"2026-07-06T11:01:19.997Z",2026-07-06 08:01:19.997,"2026-07-06 08:01","up",28.241,92.65420244
131.014,2924.67,2574.86,4277.92,3767.52,11.143,"2026-07-06T11:01:19.997Z",2026-07-06 08:01:19.997,"2026-07-06 08:01","up",27.986,91.81758824
131.268,2923.34,2574.35,4278,3767.43,11.161,"2026-07-06T11:01:19.997Z",2026-07-06 08:01:19.997,"2026-07-06 08:01","up",27.732,90.98425488
131.522,2923.29,2574.69,4276.64,3766.56,11.181,"2026-07-06T11:01:19.997Z",2026-07-06 08:01:19.997,"2026-07-06 08:01","up",27.478,90.15092152
131.776,2924.97,2576.28,4275.73,3766.49,11.201,"2026-07-06T11:01:19.997Z",2026-07-06 08:01:19.997,"2026-07-06 08:01","up",27.224,89.31758816
132.03,2925.68,2577.26,4277.72,3768.6,11.22,"2026-07-06T11:01:19.997Z",2026-07-06 08:01:19.997,"2026-07-06 08:01","up",26.97,88.4842548
132.285,2924.24,2576.47,4280.33,3770.78,11.234,"2026-07-06T11:01:19.997Z",2026-07-06 08:01:19.997,"2026-07-06 08:01","up",26.715,87.6476406
132.539,2922.71,2575.52,4280.13,3770.73,11.249,"2026-07-06T11:01:19.997Z",2026-07-06 08:01:19.997,"2026-07-06 08:01","up",26.461,86.81430724
132.793,2922.75,2575.7,4278.76,3769.87,11.262,"2026-07-06T11:01:19.997Z",2026-07-06 08:01:19.997,"2026-07-06 08:01","up",26.207,85.98097388
133.047,2923.04,2576.14,4279.24,3770.36,11.269,"2026-07-06T11:01:19.997Z",2026-07-06 08:01:19.997,"2026-07-06 08:01","up",25.953,85.14764052
133.301,2922.37,2576.08,4280.6,3771.47,11.284,"2026-07-06T11:01:19.997Z",2026-07-06 08:01:19.997,"2026-07-06 08:01","up",25.699,84.31430716
133.556,2921.96,2575.86,4280.77,3771.82,11.293,"2026-07-06T11:01:19.997Z",2026-07-06 08:01:19.997,"2026-07-06 08:01","up",25.444,83.47769296
133.81,2922.12,2575.78,4280.38,3771.95,11.296,"2026-07-06T11:01:19.997Z",2026-07-06 08:01:19.997,"2026-07-06 08:01","up",25.19,82.6443596
134.064,2922.1,2575.69,4280.62,3772.63,11.305,"2026-07-06T11:01:19.997Z",2026-07-06 08:01:19.997,"2026-07-06 08:01","up",24.936,81.81102624
134.318,2922.39,2575.81,4281.11,3773.48,11.31,"2026-07-06T11:01:19.997Z",2026-07-06 08:01:19.997,"2026-07-06 08:01","up",24.682,80.97769288
134.572,2923.55,2576.43,4281.97,3774.61,11.305,"2026-07-06T11:01:19.997Z",2026-07-06 08:01:19.997,"2026-07-06 08:01","up",24.428,80.14435952
134.827,2924.32,2576.87,4283.87,3776.58,11.304,"2026-07-06T11:01:19.997Z",2026-07-06 08:01:19.997,"2026-07-06 08:01","up",24.173,79.30774532
135.081,2923.58,2575.95,4285.64,3778.28,11.298,"2026-07-06T11:01:19.997Z",2026-07-06 08:01:19.997,"2026-07-06 08:01","up",23.919,78.47441196
135.335,2922.8,2575.01,4285.74,3778.3,11.288,"2026-07-06T11:01:19.997Z",2026-07-06 08:01:19.997,"2026-07-06 08:01","up",23.665,77.6410786
135.589,2923.4,2575.07,4285.3,3778.02,11.276,"2026-07-06T11:01:19.997Z",2026-07-06 08:01:19.997,"2026-07-06 08:01","up",23.411,76.80774524
135.843,2923.92,2575.06,4286.42,3779.28,11.266,"2026-07-06T11:01:19.997Z",2026-07-06 08:01:19.997,"2026-07-06 08:01","up",23.157,75.97441188
136.098,2923.18,2573.75,4288.23,3781.02,11.248,"2026-07-06T11:01:19.997Z",2026-07-06 08:01:19.997,"2026-07-06 08:01","up",22.902,75.13779768
136.352,2922.89,2572.74,4288.84,3781.91,11.231,"2026-07-06T11:01:19.997Z",2026-07-06 08:01:19.997,"2026-07-06 08:01","up",22.648,74.30446432
136.606,2923.63,2573.38,4289.39,3782.76,11.239,"2026-07-06T11:01:19.997Z",2026-07-06 08:01:19.997,"2026-07-06 08:01","up",22.394,73.47113096
136.86,2923.24,2573.53,4291.16,3784.25,11.253,"2026-07-06T11:01:19.997Z",2026-07-06 08:01:19.997,"2026-07-06 08:01","up",22.14,72.6377976
137.114,2921.79,2572.6,4292.4,3785.04,11.258,"2026-07-06T11:01:19.997Z",2026-07-06 08:01:19.997,"2026-07-06 08:01","up",21.886,71.80446424
137.369,2921.61,2572.06,4291.75,3784.48,11.246,"2026-07-06T11:01:19.997Z",2026-07-06 08:01:19.997,"2026-07-06 08:01","up",21.631,70.96785004
137.623,2922.6,2572.67,4291.36,3784.44,11.244,"2026-07-06T11:01:19.997Z",2026-07-06 08:01:19.997,"2026-07-06 08:01","up",21.377,70.13451668
137.877,2922.11,2572.43,4292.82,3785.85,11.253,"2026-07-06T11:01:19.997Z",2026-07-06 08:01:19.997,"2026-07-06 08:01","up",21.123,69.30118332
138.131,2919.85,2570.58,4293.68,3786.74,11.26,"2026-07-06T11:01:19.997Z",2026-07-06 08:01:19.997,"2026-07-06 08:01","up",20.869,68.46784996
138.385,2918.76,2569.44,4292.27,3785.88,11.263,"2026-07-06T11:01:19.997Z",2026-07-06 08:01:19.997,"2026-07-06 08:01","up",20.615,67.6345166
138.64,2919.08,2569.48,4291.06,3785.09,11.261,"2026-07-06T11:01:19.997Z",2026-07-06 08:01:19.997,"2026-07-06 08:01","up",20.36,66.7979024
138.894,2918.69,2568.99,4291.82,3785.63,11.254,"2026-07-06T11:01:19.997Z",2026-07-06 08:01:19.997,"2026-07-06 08:01","up",20.106,65.96456904
139.148,2917.7,2567.76,4292.56,3786.1,11.238,"2026-07-06T11:01:19.997Z",2026-07-06 08:01:19.997,"2026-07-06 08:01","up",19.852,65.13123568
139.402,2917.58,2567.13,4291.95,3785.88,11.228,"2026-07-06T11:01:19.997Z",2026-07-06 08:01:19.997,"2026-07-06 08:01","up",19.598,64.29790232
139.656,2917.37,2566.73,4291.83,3786.15,11.229,"2026-07-06T11:01:19.997Z",2026-07-06 08:01:19.997,"2026-07-06 08:01","up",19.344,63.46456896
139.911,2916.28,2565.71,4292.78,3787.12,11.23,"2026-07-06T11:01:19.997Z",2026-07-06 08:01:19.997,"2026-07-06 08:01","up",19.089,62.62795476
140.165,2915.64,2564.89,4293.04,3787.59,11.227,"2026-07-06T11:01:19.997Z",2026-07-06 08:01:19.997,"2026-07-06 08:01","up",18.835,61.7946214
140.419,2916.3,2565.26,4292.95,3787.85,11.228,"2026-07-06T11:01:19.997Z",2026-07-06 08:01:19.997,"2026-07-06 08:01","up",18.581,60.96128804
140.673,2917.01,2565.68,4294.23,3789.11,11.224,"2026-07-06T11:01:19.997Z",2026-07-06 08:01:19.997,"2026-07-06 08:01","up",18.327,60.12795468
140.927,2916.56,2565.17,4295.95,3790.62,11.22,"2026-07-06T11:01:19.997Z",2026-07-06 08:01:19.997,"2026-07-06 08:01","up",18.073,59.29462132
141.182,2915.97,2564.68,4296.54,3791.23,11.223,"2026-07-06T11:01:19.997Z",2026-07-06 08:01:19.997,"2026-07-06 08:01","up",17.818,58.45800712
141.436,2915.8,2564.39,4296.85,3791.75,11.223,"2026-07-06T11:01:19.997Z",2026-07-06 08:01:19.997,"2026-07-06 08:01","up",17.564,57.62467376
141.69,2915.21,2563.41,4297.75,3792.69,11.212,"2026-07-06T11:01:19.997Z",2026-07-06 08:01:19.997,"2026-07-06 08:01","up",17.31,56.7913404
141.944,2914.11,2562.01,4297.97,3793.16,11.204,"2026-07-06T11:01:19.997Z",2026-07-06 08:01:19.997,"2026-07-06 08:01","up",17.056,55.95800704
142.198,2914.13,2561.34,4297.37,3793.07,11.191,"2026-07-06T11:01:19.997Z",2026-07-06 08:01:19.997,"2026-07-06 08:01","up",16.802,55.12467368
142.453,2915,2561.46,4298.14,3793.68,11.168,"2026-07-06T11:01:19.997Z",2026-07-06 08:01:19.997,"2026-07-06 08:01","up",16.547,54.28805948
142.707,2914.74,2561.07,4300.34,3795.2,11.154,"2026-07-06T11:01:19.997Z",2026-07-06 08:01:19.997,"2026-07-06 08:01","up",16.293,53.45472612
142.961,2913.36,2559.83,4301.56,3796.39,11.155,"2026-07-06T11:01:19.997Z",2026-07-06 08:01:19.997,"2026-07-06 08:01","up",16.039,52.62139276
143.215,2912.9,2558.53,4301.29,3796.91,11.143,"2026-07-06T11:01:19.997Z",2026-07-06 08:01:19.997,"2026-07-06 08:01","up",15.785,51.7880594
143.469,2912.84,2557.27,4301.58,3797.75,11.116,"2026-07-06T11:01:19.997Z",2026-07-06 08:01:19.997,"2026-07-06 08:01","up",15.531,50.95472604
143.724,2911.51,2555.21,4302.69,3798.55,11.083,"2026-07-06T11:01:19.997Z",2026-07-06 08:01:19.997,"2026-07-06 08:01","up",15.276,50.11811184
143.978,2910.08,2553.3,4302.57,3797.94,11.05,"2026-07-06T11:01:19.997Z",2026-07-06 08:01:19.997,"2026-07-06 08:01","up",15.022,49.28477848
144.232,2910.25,2553.07,4301.61,3796.54,11.026,"2026-07-06T11:01:19.997Z",2026-07-06 08:01:19.997,"2026-07-06 08:01","up",14.768,48.45144512
144.486,2910.47,2553.23,4301.9,3796.07,11.009,"2026-07-06T11:01:19.997Z",2026-07-06 08:01:19.997,"2026-07-06 08:01","up",14.514,47.61811176
144.74,2909.12,2552,4302.57,3795.67,10.985,"2026-07-06T11:01:19.997Z",2026-07-06 08:01:19.997,"2026-07-06 08:01","up",14.26,46.7847784
144.995,2907.84,2550.54,4301.42,3793.61,10.951,"2026-07-06T11:01:19.997Z",2026-07-06 08:01:19.997,"2026-07-06 08:01","up",14.005,45.9481642
145.249,2908.05,2550.62,4299.97,3791.75,10.935,"2026-07-06T11:01:19.997Z",2026-07-06 08:01:19.997,"2026-07-06 08:01","up",13.751,45.11483084
145.503,2908.3,2550.8,4300.42,3791.72,10.924,"2026-07-06T11:01:19.997Z",2026-07-06 08:01:19.997,"2026-07-06 08:01","up",13.497,44.28149748
145.757,2907.31,2549.78,4301.37,3792.08,10.909,"2026-07-06T11:01:19.997Z",2026-07-06 08:01:19.997,"2026-07-06 08:01","up",13.243,43.44816412
146.011,2906.73,2549.03,4300.72,3791.14,10.893,"2026-07-06T11:01:19.997Z",2026-07-06 08:01:19.997,"2026-07-06 08:01","up",12.989,42.61483076
146.266,2906.95,2549.37,4299.68,3789.8,10.888,"2026-07-06T11:01:19.997Z",2026-07-06 08:01:19.997,"2026-07-06 08:01","up",12.734,41.77821656
146.52,2906.54,2549.34,4300.17,3789.46,10.882,"2026-07-06T11:01:19.997Z",2026-07-06 08:01:19.997,"2026-07-06 08:01","up",12.48,40.9448832
146.774,2905.37,2548.6,4300.55,3789.03,10.874,"2026-07-06T11:01:19.997Z",2026-07-06 08:01:19.997,"2026-07-06 08:01","up",12.226,40.11154984
147.028,2905.65,2548.47,4299.72,3787.98,10.855,"2026-07-06T11:01:19.997Z",2026-07-06 08:01:19.997,"2026-07-06 08:01","up",11.972,39.27821648
147.282,2907.22,2549.31,4300,3787.99,10.833,"2026-07-06T11:01:19.997Z",2026-07-06 08:01:19.997,"2026-07-06 08:01","up",11.718,38.44488312
147.537,2907.24,2549.36,4302.39,3789.58,10.822,"2026-07-06T11:01:19.997Z",2026-07-06 08:01:19.997,"2026-07-06 08:01","up",11.463,37.60826892
147.791,2905.67,2548.09,4304.12,3790.66,10.816,"2026-07-06T11:01:19.997Z",2026-07-06 08:01:19.997,"2026-07-06 08:01","up",11.209,36.77493556
148.045,2905.13,2547.48,4303.61,3790.14,10.81,"2026-07-06T11:01:19.997Z",2026-07-06 08:01:19.997,"2026-07-06 08:01","up",10.955,35.9416022
148.299,2905.72,2547.8,4303.11,3789.8,10.806,"2026-07-06T11:01:19.997Z",2026-07-06 08:01:19.997,"2026-07-06 08:01","up",10.701,35.10826884
148.553,2905.41,2547.56,4303.85,3790.45,10.806,"2026-07-06T11:01:19.997Z",2026-07-06 08:01:19.997,"2026-07-06 08:01","up",10.447,34.27493548
148.808,2904.55,2546.97,4304.08,3790.7,10.813,"2026-07-06T11:01:19.997Z",2026-07-06 08:01:19.997,"2026-07-06 08:01","up",10.192,33.43832128
149.062,2904.84,2547.43,4303.52,3790.59,10.828,"2026-07-06T11:01:19.997Z",2026-07-06 08:01:19.997,"2026-07-06 08:01","up",9.93799999999999,32.60498792
149.316,2905.7,2548.31,4304.01,3791.63,10.846,"2026-07-06T11:01:19.997Z",2026-07-06 08:01:19.997,"2026-07-06 08:01","up",9.684,31.77165456
149.57,2905.63,2547.99,4305.69,3793.55,10.847,"2026-07-06T11:01:19.997Z",2026-07-06 08:01:19.997,"2026-07-06 08:01","up",9.43000000000001,30.9383212
149.824,2905.46,2546.54,4307.17,3794.67,10.8,"2026-07-06T11:01:19.997Z",2026-07-06 08:01:19.997,"2026-07-06 08:01","up",9.17599999999999,30.10498784
150.079,2905.45,2544.39,4308.41,3793.86,10.688,"2026-07-06T11:01:19.997Z",2026-07-06 08:01:19.997,"2026-07-06 08:01","up",8.92099999999999,29.26837364
150.333,2904.28,2541.76,4309.41,3791.08,10.555,"2026-07-06T11:01:19.997Z",2026-07-06 08:01:19.997,"2026-07-06 08:01","up",8.667,28.43504028
150.587,2902.09,2538.45,4308.95,3787.15,10.432,"2026-07-06T11:01:19.997Z",2026-07-06 08:01:19.997,"2026-07-06 08:01","up",8.41300000000001,27.60170692
150.841,2900.96,2535.76,4306.69,3782.92,10.326,"2026-07-06T11:01:19.997Z",2026-07-06 08:01:19.997,"2026-07-06 08:01","up",8.15899999999999,26.76837356
151.095,2901.2,2534.51,4305,3779.78,10.242,"2026-07-06T11:01:19.997Z",2026-07-06 08:01:19.997,"2026-07-06 08:01","up",7.905,25.9350402
151.35,2901,2533.57,4305.31,3778.49,10.182,"2026-07-06T11:01:19.997Z",2026-07-06 08:01:19.997,"2026-07-06 08:01","up",7.65000000000001,25.098426
151.604,2900.1,2532.38,4305.61,3777.83,10.148,"2026-07-06T11:01:19.997Z",2026-07-06 08:01:19.997,"2026-07-06 08:01","up",7.39599999999999,24.26509264
151.858,2899.94,2532.04,4304.92,3776.99,10.137,"2026-07-06T11:01:19.997Z",2026-07-06 08:01:19.997,"2026-07-06 08:01","up",7.142,23.43175928
152.112,2900.13,2532.82,4304.68,3776.88,10.159,"2026-07-06T11:01:19.997Z",2026-07-06 08:01:19.997,"2026-07-06 08:01","up",6.888,22.59842592
152.366,2899.33,2533.32,4305.21,3777.96,10.212,"2026-07-06T11:01:19.997Z",2026-07-06 08:01:19.997,"2026-07-06 08:01","up",6.63399999999999,21.76509256
152.621,2898.5,2534.28,4305.13,3779.62,10.305,"2026-07-06T11:01:19.997Z",2026-07-06 08:01:19.997,"2026-07-06 08:01","up",6.37899999999999,20.92847836
152.875,2899.2,2537.18,4304.91,3782.28,10.444,"2026-07-06T11:01:19.997Z",2026-07-06 08:01:19.997,"2026-07-06 08:01","up",6.125,20.095145
153.129,2900.58,2541.33,4306.3,3786.98,10.617,"2026-07-06T11:01:19.997Z",2026-07-06 08:01:19.997,"2026-07-06 08:01","up",5.87100000000001,19.26181164
153.383,2900.72,2545.01,4308.82,3793.21,10.822,"2026-07-06T11:01:19.997Z",2026-07-06 08:01:19.997,"2026-07-06 08:01","up",5.61699999999999,18.42847828
153.637,2900.64,2549.12,4310,3799.59,11.077,"2026-07-06T11:01:19.997Z",2026-07-06 08:01:19.997,"2026-07-06 08:01","up",5.363,17.59514492
153.892,2902.22,2555.29,4310.47,3806.69,11.381,"2026-07-06T11:01:19.997Z",2026-07-06 08:01:19.997,"2026-07-06 08:01","up",5.108,16.75853072
154.146,2904.59,2562.9,4313,3816.22,11.723,"2026-07-06T11:01:19.997Z",2026-07-06 08:01:19.997,"2026-07-06 08:01","up",4.85400000000001,15.92519736
154.4,2906,2570.76,4317.14,3827.97,12.119,"2026-07-06T11:01:19.997Z",2026-07-06 08:01:19.997,"2026-07-06 08:01","up",4.59999999999999,15.091864
154.654,2907.28,2579.42,4320.57,3840.56,12.575,"2026-07-06T11:01:19.997Z",2026-07-06 08:01:19.997,"2026-07-06 08:01","up",4.346,14.25853064
154.908,2909.51,2589.97,4323.69,3854.42,13.101,"2026-07-06T11:01:19.997Z",2026-07-06 08:01:19.997,"2026-07-06 08:01","up",4.09200000000001,13.42519728
155.163,2911.77,2601.52,4327.85,3870.77,13.692,"2026-07-06T11:01:19.997Z",2026-07-06 08:01:19.997,"2026-07-06 08:01","up",3.83699999999999,12.58858308
155.417,2914.15,2614.12,4332.25,3889.16,14.353,"2026-07-06T11:01:19.997Z",2026-07-06 08:01:19.997,"2026-07-06 08:01","up",3.583,11.75524972
155.671,2918.42,2629.48,4336.63,3909.49,15.091,"2026-07-06T11:01:19.997Z",2026-07-06 08:01:19.997,"2026-07-06 08:01","up",3.32900000000001,10.92191636
155.925,2923.6,2647.42,4342.74,3933.17,15.925,"2026-07-06T11:01:19.997Z",2026-07-06 08:01:19.997,"2026-07-06 08:01","up",3.07499999999999,10.088583
156.179,2927.55,2666.51,4350.47,3960.29,16.874,"2026-07-06T11:01:19.997Z",2026-07-06 08:01:19.997,"2026-07-06 08:01","up",2.821,9.25524963999999
156.434,2931.53,2688.25,4357.5,3989.71,17.972,"2026-07-06T11:01:19.997Z",2026-07-06 08:01:19.997,"2026-07-06 08:01","up",2.566,8.41863544000001
156.688,2937.86,2714.63,4363.95,4022.81,19.242,"2026-07-06T11:01:19.997Z",2026-07-06 08:01:19.997,"2026-07-06 08:01","up",2.31200000000001,7.58530208000004
156.942,2945.51,2744.64,4372.75,4062.37,20.681,"2026-07-06T11:01:19.997Z",2026-07-06 08:01:19.997,"2026-07-06 08:01","up",2.05799999999999,6.75196871999998
157.196,2951.79,2773.51,4384.15,4106.91,22.177,"2026-07-06T11:01:19.997Z",2026-07-06 08:01:19.997,"2026-07-06 08:01","up",1.804,5.91863536000001
157.45,2956.13,2795.27,4394.75,4149.85,23.478,"2026-07-06T11:01:19.997Z",2026-07-06 08:01:19.997,"2026-07-06 08:01","up",1.55000000000001,5.08530200000004
157.705,2958.63,2806.02,4402.76,4183.24,24.318,"2026-07-06T11:01:19.997Z",2026-07-06 08:01:19.997,"2026-07-06 08:01","up",1.29499999999999,4.24868779999996
157.959,2958.28,2807.14,4408.56,4202.43,24.665,"2026-07-06T11:01:19.997Z",2026-07-06 08:01:19.997,"2026-07-06 08:01","up",1.041,3.41535443999999
158.213,2956.32,2805.1,4412.5,4210.48,24.752,"2026-07-06T11:01:19.997Z",2026-07-06 08:01:19.997,"2026-07-06 08:01","up",0.787000000000006,2.58202108000002
158.467,2956.94,2809.86,4417.28,4217.77,24.949,"2026-07-06T11:01:19.997Z",2026-07-06 08:01:19.997,"2026-07-06 08:01","up",0.532999999999987,1.74868771999996
158.721,2962.7,2830.74,4425.38,4234.95,25.659,"2026-07-06T11:01:19.997Z",2026-07-06 08:01:19.997,"2026-07-06 08:01","up",0.278999999999996,0.915354359999988
158.976,2975.64,2867.28,4434.03,4269.23,27.013,"2026-07-06T11:01:19.997Z",2026-07-06 08:01:19.997,"2026-07-06 08:01","up",0.0240000000000009,0.078740160000003
8.235,3675.63,3712.12,3922.63,3939.99,38.805,"2026-07-06T17:02:56.854Z",2026-07-06 14:02:56.854,"2026-07-06 14:02","down",0.234999999999999,0.770997399999998
8.49,3658.26,3670.82,3923.9,3945.71,38.269,"2026-07-06T17:02:56.854Z",2026-07-06 14:02:56.854,"2026-07-06 14:02","down",0.49,1.6076116
8.744,3628.27,3573.31,3916.35,3901.96,35.488,"2026-07-06T17:02:56.854Z",2026-07-06 14:02:56.854,"2026-07-06 14:02","down",0.744,2.44094496
8.998,3599.44,3465.27,3895.1,3801.86,31.275,"2026-07-06T17:02:56.854Z",2026-07-06 14:02:56.854,"2026-07-06 14:02","down",0.997999999999999,3.27427832
9.252,3580.12,3383.96,3868.35,3689.65,27.348,"2026-07-06T17:02:56.854Z",2026-07-06 14:02:56.854,"2026-07-06 14:02","down",1.252,4.10761168
9.506,3569.95,3332.71,3847.17,3604.39,24.538,"2026-07-06T17:02:56.854Z",2026-07-06 14:02:56.854,"2026-07-06 14:02","down",1.506,4.94094504
9.761,3561.85,3294,3834.36,3549.62,22.587,"2026-07-06T17:02:56.854Z",2026-07-06 14:02:56.854,"2026-07-06 14:02","down",1.761,5.77755924
10.015,3552.66,3257.7,3824.94,3508.86,21.002,"2026-07-06T17:02:56.854Z",2026-07-06 14:02:56.854,"2026-07-06 14:02","down",2.015,6.6108926
10.269,3545.43,3225.48,3815.81,3471.86,19.564,"2026-07-06T17:02:56.854Z",2026-07-06 14:02:56.854,"2026-07-06 14:02","down",2.269,7.44422596
10.523,3540.53,3198.73,3808.54,3439.02,18.279,"2026-07-06T17:02:56.854Z",2026-07-06 14:02:56.854,"2026-07-06 14:02","down",2.523,8.27755932
10.777,3534.73,3174.65,3803.28,3411.16,17.168,"2026-07-06T17:02:56.854Z",2026-07-06 14:02:56.854,"2026-07-06 14:02","down",2.777,9.11089268
11.032,3527.9,3152.28,3797.69,3386.33,16.213,"2026-07-06T17:02:56.854Z",2026-07-06 14:02:56.854,"2026-07-06 14:02","down",3.032,9.94750688
11.286,3523.34,3133.35,3791.56,3363.73,15.364,"2026-07-06T17:02:56.854Z",2026-07-06 14:02:56.854,"2026-07-06 14:02","down",3.286,10.78084024
11.54,3520.4,3117.07,3786.83,3344.31,14.597,"2026-07-06T17:02:56.854Z",2026-07-06 14:02:56.854,"2026-07-06 14:02","down",3.54,11.6141736
11.794,3516.51,3101.84,3783.39,3327.52,13.919,"2026-07-06T17:02:56.854Z",2026-07-06 14:02:56.854,"2026-07-06 14:02","down",3.794,12.44750696
12.048,3513.27,3088.65,3779.84,3312.08,13.318,"2026-07-06T17:02:56.854Z",2026-07-06 14:02:56.854,"2026-07-06 14:02","down",4.048,13.28084032
12.303,3512.55,3078.51,3777.13,3298.82,12.777,"2026-07-06T17:02:56.854Z",2026-07-06 14:02:56.854,"2026-07-06 14:02","down",4.303,14.11745452
12.557,3511.5,3069.62,3776.34,3288.56,12.312,"2026-07-06T17:02:56.854Z",2026-07-06 14:02:56.854,"2026-07-06 14:02","down",4.557,14.95078788
12.811,3508.07,3060.2,3775.37,3279.49,11.924,"2026-07-06T17:02:56.854Z",2026-07-06 14:02:56.854,"2026-07-06 14:02","down",4.811,15.78412124
13.065,3505.3,3051.96,3772.79,3270.3,11.585,"2026-07-06T17:02:56.854Z",2026-07-06 14:02:56.854,"2026-07-06 14:02","down",5.065,16.6174546
13.319,3504.85,3046.08,3770.87,3262.6,11.279,"2026-07-06T17:02:56.854Z",2026-07-06 14:02:56.854,"2026-07-06 14:02","down",5.319,17.45078796
13.574,3503.43,3040.22,3770.76,3257.03,11.011,"2026-07-06T17:02:56.854Z",2026-07-06 14:02:56.854,"2026-07-06 14:02","down",5.574,18.28740216
13.828,3500.13,3033.8,3770.13,3251.68,10.789,"2026-07-06T17:02:56.854Z",2026-07-06 14:02:56.854,"2026-07-06 14:02","down",5.828,19.12073552
14.082,3498.6,3029.51,3768.13,3246.02,10.607,"2026-07-06T17:02:56.854Z",2026-07-06 14:02:56.854,"2026-07-06 14:02","down",6.082,19.95406888
14.336,3499.03,3027.63,3766.88,3242,10.469,"2026-07-06T17:02:56.854Z",2026-07-06 14:02:56.854,"2026-07-06 14:02","down",6.336,20.78740224
14.59,3497.99,3025.27,3767.19,3240.16,10.375,"2026-07-06T17:02:56.854Z",2026-07-06 14:02:56.854,"2026-07-06 14:02","down",6.59,21.6207356
14.845,3495.17,3022.13,3766.95,3238.6,10.32,"2026-07-06T17:02:56.854Z",2026-07-06 14:02:56.854,"2026-07-06 14:02","down",6.845,22.4573498
15.099,3493.96,3020.85,3765.6,3236.8,10.297,"2026-07-06T17:02:56.854Z",2026-07-06 14:02:56.854,"2026-07-06 14:02","down",7.099,23.29068316
15.353,3494.54,3021.34,3765.14,3236.3,10.295,"2026-07-06T17:02:56.854Z",2026-07-06 14:02:56.854,"2026-07-06 14:02","down",7.353,24.12401652
15.607,3493.61,3021.23,3765.76,3237.07,10.32,"2026-07-06T17:02:56.854Z",2026-07-06 14:02:56.854,"2026-07-06 14:02","down",7.607,24.95734988
15.861,3492.36,3021.44,3765.66,3237.94,10.38,"2026-07-06T17:02:56.854Z",2026-07-06 14:02:56.854,"2026-07-06 14:02","down",7.861,25.79068324
16.116,3493.99,3024.24,3765.41,3239.74,10.47,"2026-07-06T17:02:56.854Z",2026-07-06 14:02:56.854,"2026-07-06 14:02","down",8.116,26.62729744
16.37,3496.73,3028.39,3767.18,3243.53,10.577,"2026-07-06T17:02:56.854Z",2026-07-06 14:02:56.854,"2026-07-06 14:02","down",8.37,27.4606308
16.624,3497.43,3032.59,3770.1,3248.3,10.734,"2026-07-06T17:02:56.854Z",2026-07-06 14:02:56.854,"2026-07-06 14:02","down",8.624,28.29396416
16.878,3497.71,3037.01,3772.03,3253.04,10.928,"2026-07-06T17:02:56.854Z",2026-07-06 14:02:56.854,"2026-07-06 14:02","down",8.878,29.12729752
17.132,3498.71,3040.52,3773.52,3257.91,11.093,"2026-07-06T17:02:56.854Z",2026-07-06 14:02:56.854,"2026-07-06 14:02","down",9.132,29.96063088
17.387,3498.43,3041.49,3775.2,3262,11.195,"2026-07-06T17:02:56.854Z",2026-07-06 14:02:56.854,"2026-07-06 14:02","down",9.387,30.79724508
17.641,3496.29,3040.27,3775.62,3263.67,11.246,"2026-07-06T17:02:56.854Z",2026-07-06 14:02:56.854,"2026-07-06 14:02","down",9.641,31.63057844
17.895,3495.1,3039.18,3774.7,3263.42,11.258,"2026-07-06T17:02:56.854Z",2026-07-06 14:02:56.854,"2026-07-06 14:02","down",9.895,32.4639118
18.149,3495.25,3038.93,3774.3,3263.14,11.249,"2026-07-06T17:02:56.854Z",2026-07-06 14:02:56.854,"2026-07-06 14:02","down",10.149,33.29724516
18.403,3494.14,3037.8,3774.82,3263.27,11.237,"2026-07-06T17:02:56.854Z",2026-07-06 14:02:56.854,"2026-07-06 14:02","down",10.403,34.13057852
18.658,3492.14,3035.79,3774.61,3262.73,11.22,"2026-07-06T17:02:56.854Z",2026-07-06 14:02:56.854,"2026-07-06 14:02","down",10.658,34.96719272
18.912,3492.87,3035.51,3773.73,3261.77,11.189,"2026-07-06T17:02:56.854Z",2026-07-06 14:02:56.854,"2026-07-06 14:02","down",10.912,35.80052608
19.166,3494.76,3036.54,3774.62,3262.26,11.166,"2026-07-06T17:02:56.854Z",2026-07-06 14:02:56.854,"2026-07-06 14:02","down",11.166,36.63385944
19.42,3493.96,3036.04,3776.84,3263.79,11.161,"2026-07-06T17:02:56.854Z",2026-07-06 14:02:56.854,"2026-07-06 14:02","down",11.42,37.4671928
19.674,3492.09,3034.73,3777.39,3263.99,11.163,"2026-07-06T17:02:56.854Z",2026-07-06 14:02:56.854,"2026-07-06 14:02","down",11.674,38.30052616
19.929,3492.59,3034.78,3776.6,3263.16,11.148,"2026-07-06T17:02:56.854Z",2026-07-06 14:02:56.854,"2026-07-06 14:02","down",11.929,39.13714036
20.183,3494.08,3035.41,3777.14,3263.67,11.131,"2026-07-06T17:02:56.854Z",2026-07-06 14:02:56.854,"2026-07-06 14:02","down",12.183,39.97047372
20.437,3493.08,3034.55,3778.63,3264.98,11.132,"2026-07-06T17:02:56.854Z",2026-07-06 14:02:56.854,"2026-07-06 14:02","down",12.437,40.80380708
20.691,3491.23,3033.15,3779.03,3265.16,11.133,"2026-07-06T17:02:56.854Z",2026-07-06 14:02:56.854,"2026-07-06 14:02","down",12.691,41.63714044
20.945,3491.59,3032.93,3779.01,3264.93,11.113,"2026-07-06T17:02:56.854Z",2026-07-06 14:02:56.854,"2026-07-06 14:02","down",12.945,42.4704738
21.2,3492.15,3032.91,3779.99,3265.6,11.094,"2026-07-06T17:02:56.854Z",2026-07-06 14:02:56.854,"2026-07-06 14:02","down",13.2,43.307088
21.454,3490.21,3031.4,3780.54,3266.08,11.099,"2026-07-06T17:02:56.854Z",2026-07-06 14:02:56.854,"2026-07-06 14:02","down",13.454,44.14042136
21.708,3488.43,3030.13,3779.34,3265.27,11.113,"2026-07-06T17:02:56.854Z",2026-07-06 14:02:56.854,"2026-07-06 14:02","down",13.708,44.97375472
21.962,3489.58,3030.83,3778.37,3264.72,11.112,"2026-07-06T17:02:56.854Z",2026-07-06 14:02:56.854,"2026-07-06 14:02","down",13.962,45.80708808
22.216,3490.48,3031.3,3779.34,3265.73,11.108,"2026-07-06T17:02:56.854Z",2026-07-06 14:02:56.854,"2026-07-06 14:02","down",14.216,46.64042144
22.471,3488.48,3029.74,3780.36,3266.53,11.111,"2026-07-06T17:02:56.854Z",2026-07-06 14:02:56.854,"2026-07-06 14:02","down",14.471,47.47703564
22.725,3487.24,3028.39,3779.74,3265.92,11.101,"2026-07-06T17:02:56.854Z",2026-07-06 14:02:56.854,"2026-07-06 14:02","down",14.725,48.310369
22.979,3488.34,3028.74,3779.37,3265.69,11.087,"2026-07-06T17:02:56.854Z",2026-07-06 14:02:56.854,"2026-07-06 14:02","down",14.979,49.14370236
23.233,3488.85,3028.87,3780.65,3266.73,11.076,"2026-07-06T17:02:56.854Z",2026-07-06 14:02:56.854,"2026-07-06 14:02","down",15.233,49.97703572
23.487,3488.28,3028.1,3781.86,3267.44,11.06,"2026-07-06T17:02:56.854Z",2026-07-06 14:02:56.854,"2026-07-06 14:02","down",15.487,50.81036908
23.742,3488.34,3027.89,3782.06,3267.38,11.047,"2026-07-06T17:02:56.854Z",2026-07-06 14:02:56.854,"2026-07-06 14:02","down",15.742,51.64698328
23.996,3488.27,3027.92,3782.55,3267.85,11.051,"2026-07-06T17:02:56.854Z",2026-07-06 14:02:56.854,"2026-07-06 14:02","down",15.996,52.48031664
24.25,3486.36,3026.82,3783.17,3268.65,11.073,"2026-07-06T17:02:56.854Z",2026-07-06 14:02:56.854,"2026-07-06 14:02","down",16.25,53.31365
24.504,3484.87,3025.71,3782.76,3268.44,11.082,"2026-07-06T17:02:56.854Z",2026-07-06 14:02:56.854,"2026-07-06 14:02","down",16.504,54.14698336
24.758,3485.76,3025.92,3782.4,3268.14,11.066,"2026-07-06T17:02:56.854Z",2026-07-06 14:02:56.854,"2026-07-06 14:02","down",16.758,54.98031672
25.013,3486.16,3025.72,3783.37,3268.86,11.048,"2026-07-06T17:02:56.854Z",2026-07-06 14:02:56.854,"2026-07-06 14:02","down",17.013,55.81693092
25.267,3484.09,3024.01,3784,3269.16,11.044,"2026-07-06T17:02:56.854Z",2026-07-06 14:02:56.854,"2026-07-06 14:02","down",17.267,56.65026428
25.521,3482.93,3023.05,3783.09,3268.37,11.045,"2026-07-06T17:02:56.854Z",2026-07-06 14:02:56.854,"2026-07-06 14:02","down",17.521,57.48359764
25.775,3484.54,3023.99,3782.82,3268.45,11.041,"2026-07-06T17:02:56.854Z",2026-07-06 14:02:56.854,"2026-07-06 14:02","down",17.775,58.316931
26.029,3485.11,3024.44,3784.63,3270.42,11.05,"2026-07-06T17:02:56.854Z",2026-07-06 14:02:56.854,"2026-07-06 14:02","down",18.029,59.15026436
26.284,3483.01,3023,3786.08,3271.95,11.068,"2026-07-06T17:02:56.854Z",2026-07-06 14:02:56.854,"2026-07-06 14:02","down",18.284,59.98687856
26.538,3482.44,3022.44,3785.56,3271.81,11.074,"2026-07-06T17:02:56.854Z",2026-07-06 14:02:56.854,"2026-07-06 14:02","down",18.538,60.82021192
26.792,3484.39,3023.59,3785.52,3272.18,11.069,"2026-07-06T17:02:56.854Z",2026-07-06 14:02:56.854,"2026-07-06 14:02","down",18.792,61.65354528
27.046,3484.45,3023.53,3787.14,3273.88,11.074,"2026-07-06T17:02:56.854Z",2026-07-06 14:02:56.854,"2026-07-06 14:02","down",19.046,62.48687864
27.3,3481.97,3021.58,3787.95,3274.8,11.085,"2026-07-06T17:02:56.854Z",2026-07-06 14:02:56.854,"2026-07-06 14:02","down",19.3,63.320212
27.555,3481.57,3020.9,3787.21,3274.61,11.087,"2026-07-06T17:02:56.854Z",2026-07-06 14:02:56.854,"2026-07-06 14:02","down",19.555,64.1568262
27.809,3483.51,3022.06,3787.76,3275.59,11.086,"2026-07-06T17:02:56.854Z",2026-07-06 14:02:56.854,"2026-07-06 14:02","down",19.809,64.99015956
28.063,3483.69,3022.28,3790.23,3277.93,11.093,"2026-07-06T17:02:56.854Z",2026-07-06 14:02:56.854,"2026-07-06 14:02","down",20.063,65.82349292
28.317,3481.78,3020.84,3791.55,3279.18,11.101,"2026-07-06T17:02:56.854Z",2026-07-06 14:02:56.854,"2026-07-06 14:02","down",20.317,66.65682628
28.571,3481.26,3020.26,3791.09,3278.88,11.101,"2026-07-06T17:02:56.854Z",2026-07-06 14:02:56.854,"2026-07-06 14:02","down",20.571,67.49015964
28.826,3482.2,3021.04,3791.44,3279.28,11.102,"2026-07-06T17:02:56.854Z",2026-07-06 14:02:56.854,"2026-07-06 14:02","down",20.826,68.32677384
29.08,3482.24,3021.16,3793.1,3280.94,11.11,"2026-07-06T17:02:56.854Z",2026-07-06 14:02:56.854,"2026-07-06 14:02","down",21.08,69.1601072
29.334,3481.46,3020.29,3794.13,3281.95,11.108,"2026-07-06T17:02:56.854Z",2026-07-06 14:02:56.854,"2026-07-06 14:02","down",21.334,69.99344056
29.588,3481.02,3019.75,3794.01,3281.86,11.103,"2026-07-06T17:02:56.854Z",2026-07-06 14:02:56.854,"2026-07-06 14:02","down",21.588,70.82677392
29.842,3480.43,3019.4,3793.79,3281.81,11.112,"2026-07-06T17:02:56.854Z",2026-07-06 14:02:56.854,"2026-07-06 14:02","down",21.842,71.66010728
30.097,3478.68,3018.24,3793.61,3281.94,11.129,"2026-07-06T17:02:56.854Z",2026-07-06 14:02:56.854,"2026-07-06 14:02","down",22.097,72.49672148
30.351,3477.49,3017.23,3792.83,3281.76,11.142,"2026-07-06T17:02:56.854Z",2026-07-06 14:02:56.854,"2026-07-06 14:02","down",22.351,73.33005484
30.605,3477.43,3016.91,3792.26,3282.04,11.154,"2026-07-06T17:02:56.854Z",2026-07-06 14:02:56.854,"2026-07-06 14:02","down",22.605,74.1633882
30.859,3476.79,3016.34,3792.72,3283.25,11.175,"2026-07-06T17:02:56.854Z",2026-07-06 14:02:56.854,"2026-07-06 14:02","down",22.859,74.99672156
31.113,3474.97,3014.74,3793.08,3284.2,11.19,"2026-07-06T17:02:56.854Z",2026-07-06 14:02:56.854,"2026-07-06 14:02","down",23.113,75.83005492
31.367,3474.64,3014.09,3792.63,3284.71,11.203,"2026-07-06T17:02:56.854Z",2026-07-06 14:02:56.854,"2026-07-06 14:02","down",23.367,76.66338828
31.622,3476.44,3015.27,3793.22,3286.21,11.218,"2026-07-06T17:02:56.854Z",2026-07-06 14:02:56.854,"2026-07-06 14:02","down",23.622,77.50000248
31.876,3477.06,3015.85,3795.42,3288.45,11.227,"2026-07-06T17:02:56.854Z",2026-07-06 14:02:56.854,"2026-07-06 14:02","down",23.876,78.33333584
32.13,3476.19,3015.06,3796.96,3289.85,11.228,"2026-07-06T17:02:56.854Z",2026-07-06 14:02:56.854,"2026-07-06 14:02","down",24.13,79.1666692
32.384,3476.51,3015.17,3797.26,3290.84,11.242,"2026-07-06T17:02:56.854Z",2026-07-06 14:02:56.854,"2026-07-06 14:02","down",24.384,80.00000256
32.638,3477.73,3016.2,3798.28,3292.8,11.269,"2026-07-06T17:02:56.854Z",2026-07-06 14:02:56.854,"2026-07-06 14:02","down",24.638,80.83333592
32.893,3476.92,3015.85,3800.09,3295.01,11.295,"2026-07-06T17:02:56.854Z",2026-07-06 14:02:56.854,"2026-07-06 14:02","down",24.893,81.66995012
33.147,3474.75,3014.21,3800.34,3295.63,11.312,"2026-07-06T17:02:56.854Z",2026-07-06 14:02:56.854,"2026-07-06 14:02","down",25.147,82.50328348
33.401,3474.46,3013.86,3799.12,3294.9,11.317,"2026-07-06T17:02:56.854Z",2026-07-06 14:02:56.854,"2026-07-06 14:02","down",25.401,83.33661684
33.655,3475.73,3014.57,3799.39,3294.68,11.295,"2026-07-06T17:02:56.854Z",2026-07-06 14:02:56.854,"2026-07-06 14:02","down",25.655,84.1699502
33.909,3475.26,3014.04,3801.02,3294.82,11.259,"2026-07-06T17:02:56.854Z",2026-07-06 14:02:56.854,"2026-07-06 14:02","down",25.909,85.00328356
34.164,3474.14,3013.08,3801.26,3293.7,11.226,"2026-07-06T17:02:56.854Z",2026-07-06 14:02:56.854,"2026-07-06 14:02","down",26.164,85.83989776
34.418,3474.67,3013.34,3800.47,3291.99,11.194,"2026-07-06T17:02:56.854Z",2026-07-06 14:02:56.854,"2026-07-06 14:02","down",26.418,86.67323112
34.672,3474.97,3013.51,3800.93,3291.39,11.166,"2026-07-06T17:02:56.854Z",2026-07-06 14:02:56.854,"2026-07-06 14:02","down",26.672,87.50656448
34.926,3473.1,3012.15,3801.66,3290.94,11.146,"2026-07-06T17:02:56.854Z",2026-07-06 14:02:56.854,"2026-07-06 14:02","down",26.926,88.33989784
35.18,3471.69,3011.14,3800.75,3289.4,11.133,"2026-07-06T17:02:56.854Z",2026-07-06 14:02:56.854,"2026-07-06 14:02","down",27.18,89.1732312
35.435,3472.77,3011.81,3799.85,3288.08,11.111,"2026-07-06T17:02:56.854Z",2026-07-06 14:02:56.854,"2026-07-06 14:02","down",27.435,90.0098454
35.689,3474.06,3012.45,3800.93,3288.03,11.073,"2026-07-06T17:02:56.854Z",2026-07-06 14:02:56.854,"2026-07-06 14:02","down",27.689,90.84317876
35.943,3473.66,3011.95,3802.44,3288.16,11.039,"2026-07-06T17:02:56.854Z",2026-07-06 14:02:56.854,"2026-07-06 14:02","down",27.943,91.67651212
36.197,3473.67,3011.75,3802.77,3287.69,11.014,"2026-07-06T17:02:56.854Z",2026-07-06 14:02:56.854,"2026-07-06 14:02","down",28.197,92.50984548
36.451,3474.23,3012.22,3803.28,3287.7,11.003,"2026-07-06T17:02:56.854Z",2026-07-06 14:02:56.854,"2026-07-06 14:02","down",28.451,93.34317884
36.706,3473.43,3011.79,3804.41,3288.37,11.002,"2026-07-06T17:02:56.854Z",2026-07-06 14:02:56.854,"2026-07-06 14:02","down",28.706,94.17979304
36.96,3471.63,3010.5,3804.48,3288.21,11.004,"2026-07-06T17:02:56.854Z",2026-07-06 14:02:56.854,"2026-07-06 14:02","down",28.96,95.0131264
37.214,3471.09,3009.93,3803.56,3287.3,10.998,"2026-07-06T17:02:56.854Z",2026-07-06 14:02:56.854,"2026-07-06 14:02","down",29.214,95.84645976
37.468,3471.34,3009.79,3803.46,3287.28,10.99,"2026-07-06T17:02:56.854Z",2026-07-06 14:02:56.854,"2026-07-06 14:02","down",29.468,96.67979312
37.722,3470.05,3008.74,3804.07,3287.84,10.992,"2026-07-06T17:02:56.854Z",2026-07-06 14:02:56.854,"2026-07-06 14:02","down",29.722,97.51312648
37.977,3468.61,3007.62,3803.88,3287.7,10.997,"2026-07-06T17:02:56.854Z",2026-07-06 14:02:56.854,"2026-07-06 14:02","down",29.977,98.34974068
38.231,3469.48,3008.12,3803.55,3287.53,10.993,"2026-07-06T17:02:56.854Z",2026-07-06 14:02:56.854,"2026-07-06 14:02","down",30.231,99.18307404
38.485,3470.68,3008.73,3804.66,3288.54,10.982,"2026-07-06T17:02:56.854Z",2026-07-06 14:02:56.854,"2026-07-06 14:02","down",30.485,100.0164074
38.739,3469.68,3008.11,3806.33,3289.76,10.983,"2026-07-06T17:02:56.854Z",2026-07-06 14:02:56.854,"2026-07-06 14:02","down",30.739,100.84974076
38.993,3468.38,3007.4,3806.72,3289.94,10.991,"2026-07-06T17:02:56.854Z",2026-07-06 14:02:56.854,"2026-07-06 14:02","down",30.993,101.68307412
39.248,3468.56,3007.52,3806.49,3289.97,10.996,"2026-07-06T17:02:56.854Z",2026-07-06 14:02:56.854,"2026-07-06 14:02","down",31.248,102.51968832
39.502,3468.03,3007.08,3806.78,3290.52,11.004,"2026-07-06T17:02:56.854Z",2026-07-06 14:02:56.854,"2026-07-06 14:02","down",31.502,103.35302168
39.756,3466.19,3005.46,3806.77,3290.37,11,"2026-07-06T17:02:56.854Z",2026-07-06 14:02:56.854,"2026-07-06 14:02","down",31.756,104.18635504
40.01,3465.62,3004.8,3806.01,3289.46,10.989,"2026-07-06T17:02:56.854Z",2026-07-06 14:02:56.854,"2026-07-06 14:02","down",32.01,105.0196884
40.264,3466.25,3005.07,3805.96,3289.36,10.979,"2026-07-06T17:02:56.854Z",2026-07-06 14:02:56.854,"2026-07-06 14:02","down",32.264,105.85302176
40.519,3465.61,3004.51,3807.06,3290.39,10.981,"2026-07-06T17:02:56.854Z",2026-07-06 14:02:56.854,"2026-07-06 14:02","down",32.519,106.68963596
40.773,3464.05,3003.2,3807.53,3290.96,10.987,"2026-07-06T17:02:56.854Z",2026-07-06 14:02:56.854,"2026-07-06 14:02","down",32.773,107.52296932
41.027,3464.2,3003.16,3807.1,3290.76,10.986,"2026-07-06T17:02:56.854Z",2026-07-06 14:02:56.854,"2026-07-06 14:02","down",33.027,108.35630268
41.281,3465.43,3004.02,3807.64,3291.3,10.982,"2026-07-06T17:02:56.854Z",2026-07-06 14:02:56.854,"2026-07-06 14:02","down",33.281,109.18963604
41.535,3465.1,3003.82,3809.34,3292.69,10.983,"2026-07-06T17:02:56.854Z",2026-07-06 14:02:56.854,"2026-07-06 14:02","down",33.535,110.0229694
41.79,3463.87,3002.92,3810.2,3293.38,10.986,"2026-07-06T17:02:56.854Z",2026-07-06 14:02:56.854,"2026-07-06 14:02","down",33.79,110.8595836
42.044,3464.07,3002.97,3809.99,3293.38,10.987,"2026-07-06T17:02:56.854Z",2026-07-06 14:02:56.854,"2026-07-06 14:02","down",34.044,111.69291696
42.298,3464.56,3003.3,3810.42,3293.98,10.99,"2026-07-06T17:02:56.854Z",2026-07-06 14:02:56.854,"2026-07-06 14:02","down",34.298,112.52625032
42.552,3462.86,3001.94,3811.38,3294.74,10.992,"2026-07-06T17:02:56.854Z",2026-07-06 14:02:56.854,"2026-07-06 14:02","down",34.552,113.35958368
42.806,3460.58,3000.03,3811.2,3294.45,10.99,"2026-07-06T17:02:56.854Z",2026-07-06 14:02:56.854,"2026-07-06 14:02","down",34.806,114.19291704
43.061,3460.31,2999.72,3810.26,3293.82,10.993,"2026-07-06T17:02:56.854Z",2026-07-06 14:02:56.854,"2026-07-06 14:02","down",35.061,115.02953124
43.315,3461.14,3000.39,3810.5,3294.29,10.998,"2026-07-06T17:02:56.854Z",2026-07-06 14:02:56.854,"2026-07-06 14:02","down",35.315,115.8628646
43.569,3460.95,3000.25,3811.8,3295.41,10.999,"2026-07-06T17:02:56.854Z",2026-07-06 14:02:56.854,"2026-07-06 14:02","down",35.569,116.69619796
43.823,3460.37,2999.77,3812.5,3295.98,10.998,"2026-07-06T17:02:56.854Z",2026-07-06 14:02:56.854,"2026-07-06 14:02","down",35.823,117.52953132
44.077,3460.69,3000,3812.69,3296.42,11.004,"2026-07-06T17:02:56.854Z",2026-07-06 14:02:56.854,"2026-07-06 14:02","down",36.077,118.36286468
44.332,3460.68,2999.95,3813.52,3297.66,11.016,"2026-07-06T17:02:56.854Z",2026-07-06 14:02:56.854,"2026-07-06 14:02","down",36.332,119.19947888
44.586,3459.44,2998.88,3814.52,3298.84,11.024,"2026-07-06T17:02:56.854Z",2026-07-06 14:02:56.854,"2026-07-06 14:02","down",36.586,120.03281224
44.84,3458.92,2998.36,3814.78,3298.96,11.02,"2026-07-06T17:02:56.854Z",2026-07-06 14:02:56.854,"2026-07-06 14:02","down",36.84,120.8661456
45.094,3459.6,2998.84,3815.23,3299.12,11.011,"2026-07-06T17:02:56.854Z",2026-07-06 14:02:56.854,"2026-07-06 14:02","down",37.094,121.69947896
45.348,3459,2998.55,3816.42,3299.9,11.011,"2026-07-06T17:02:56.854Z",2026-07-06 14:02:56.854,"2026-07-06 14:02","down",37.348,122.53281232
45.603,3457.31,2997.16,3816.88,3300.24,11.011,"2026-07-06T17:02:56.854Z",2026-07-06 14:02:56.854,"2026-07-06 14:02","down",37.603,123.36942652
45.857,3456.7,2996.43,3816.31,3299.85,11.009,"2026-07-06T17:02:56.854Z",2026-07-06 14:02:56.854,"2026-07-06 14:02","down",37.857,124.20275988
46.111,3456.69,2996.15,3816.23,3299.78,11.001,"2026-07-06T17:02:56.854Z",2026-07-06 14:02:56.854,"2026-07-06 14:02","down",38.111,125.03609324
46.365,3455.13,2994.81,3816.59,3299.98,10.999,"2026-07-06T17:02:56.854Z",2026-07-06 14:02:56.854,"2026-07-06 14:02","down",38.365,125.8694266
46.619,3453.46,2993.39,3816.05,3299.48,10.999,"2026-07-06T17:02:56.854Z",2026-07-06 14:02:56.854,"2026-07-06 14:02","down",38.619,126.70275996
46.874,3453.92,2993.55,3815.3,3298.94,10.994,"2026-07-06T17:02:56.854Z",2026-07-06 14:02:56.854,"2026-07-06 14:02","down",38.874,127.53937416
47.128,3454.81,2994,3815.67,3299.37,10.988,"2026-07-06T17:02:56.854Z",2026-07-06 14:02:56.854,"2026-07-06 14:02","down",39.128,128.37270752
47.382,3454.11,2993.38,3816.26,3299.88,10.988,"2026-07-06T17:02:56.854Z",2026-07-06 14:02:56.854,"2026-07-06 14:02","down",39.382,129.20604088
47.636,3453.13,2992.98,3815.99,3299.54,10.998,"2026-07-06T17:02:56.854Z",2026-07-06 14:02:56.854,"2026-07-06 14:02","down",39.636,130.03937424
47.89,3453.87,2993.77,3815.97,3299.53,11.002,"2026-07-06T17:02:56.854Z",2026-07-06 14:02:56.854,"2026-07-06 14:02","down",39.89,130.8727076
48.145,3454.84,2994.25,3817.27,3300.81,10.996,"2026-07-06T17:02:56.854Z",2026-07-06 14:02:56.854,"2026-07-06 14:02","down",40.145,131.7093218
48.399,3453.82,2993.28,3818.45,3302.21,11.003,"2026-07-06T17:02:56.854Z",2026-07-06 14:02:56.854,"2026-07-06 14:02","down",40.399,132.54265516
48.653,3452.39,2992.18,3818.08,3302.33,11.018,"2026-07-06T17:02:56.854Z",2026-07-06 14:02:56.854,"2026-07-06 14:02","down",40.653,133.37598852
48.907,3452.82,2992.27,3817.33,3301.97,11.018,"2026-07-06T17:02:56.854Z",2026-07-06 14:02:56.854,"2026-07-06 14:02","down",40.907,134.20932188
49.161,3452.85,2992.04,3817.79,3302.42,11.012,"2026-07-06T17:02:56.854Z",2026-07-06 14:02:56.854,"2026-07-06 14:02","down",41.161,135.04265524
49.416,3451.52,2991.14,3818.38,3302.74,11.014,"2026-07-06T17:02:56.854Z",2026-07-06 14:02:56.854,"2026-07-06 14:02","down",41.416,135.87926944
49.67,3451.08,2990.8,3817.97,3302.39,11.015,"2026-07-06T17:02:56.854Z",2026-07-06 14:02:56.854,"2026-07-06 14:02","down",41.67,136.7126028
49.924,3452.2,2991.41,3818.11,3302.65,11.009,"2026-07-06T17:02:56.854Z",2026-07-06 14:02:56.854,"2026-07-06 14:02","down",41.924,137.54593616
50.178,3452.06,2991.39,3819.46,3303.81,11.011,"2026-07-06T17:02:56.854Z",2026-07-06 14:02:56.854,"2026-07-06 14:02","down",42.178,138.37926952
50.432,3450.81,2990.5,3820.29,3304.41,11.014,"2026-07-06T17:02:56.854Z",2026-07-06 14:02:56.854,"2026-07-06 14:02","down",42.432,139.21260288
50.687,3451.11,2990.4,3820.3,3304.42,11.004,"2026-07-06T17:02:56.854Z",2026-07-06 14:02:56.854,"2026-07-06 14:02","down",42.687,140.04921708
50.941,3452.04,2991,3821.01,3305.15,11.001,"2026-07-06T17:02:56.854Z",2026-07-06 14:02:56.854,"2026-07-06 14:02","down",42.941,140.88255044
51.195,3451.37,2990.58,3822.02,3306.02,11.005,"2026-07-06T17:02:56.854Z",2026-07-06 14:02:56.854,"2026-07-06 14:02","down",43.195,141.7158838
51.449,3449.87,2989.58,3821.76,3305.75,11.012,"2026-07-06T17:02:56.854Z",2026-07-06 14:02:56.854,"2026-07-06 14:02","down",43.449,142.54921716
51.703,3450.07,2989.76,3820.95,3305.19,11.016,"2026-07-06T17:02:56.854Z",2026-07-06 14:02:56.854,"2026-07-06 14:02","down",43.703,143.38255052
51.958,3450.72,2990.27,3821.4,3305.88,11.022,"2026-07-06T17:02:56.854Z",2026-07-06 14:02:56.854,"2026-07-06 14:02","down",43.958,144.21916472
52.212,3449.89,2989.45,3822.54,3306.88,11.02,"2026-07-06T17:02:56.854Z",2026-07-06 14:02:56.854,"2026-07-06 14:02","down",44.212,145.05249808
52.466,3448.79,2988.28,3822.55,3306.67,11.008,"2026-07-06T17:02:56.854Z",2026-07-06 14:02:56.854,"2026-07-06 14:02","down",44.466,145.88583144
52.72,3448.95,2988.36,3822.04,3306.29,11.008,"2026-07-06T17:02:56.854Z",2026-07-06 14:02:56.854,"2026-07-06 14:02","down",44.72,146.7191648
52.974,3448.9,2988.6,3822.72,3307.06,11.021,"2026-07-06T17:02:56.854Z",2026-07-06 14:02:56.854,"2026-07-06 14:02","down",44.974,147.55249816
53.229,3447.48,2987.61,3823.64,3307.83,11.027,"2026-07-06T17:02:56.854Z",2026-07-06 14:02:56.854,"2026-07-06 14:02","down",45.229,148.38911236
53.483,3446.66,2986.93,3823.35,3307.68,11.03,"2026-07-06T17:02:56.854Z",2026-07-06 14:02:56.854,"2026-07-06 14:02","down",45.483,149.22244572
53.737,3447.25,2987,3823.22,3307.85,11.025,"2026-07-06T17:02:56.854Z",2026-07-06 14:02:56.854,"2026-07-06 14:02","down",45.737,150.05577908
53.991,3446.98,2986.55,3824.35,3308.74,11.017,"2026-07-06T17:02:56.854Z",2026-07-06 14:02:56.854,"2026-07-06 14:02","down",45.991,150.88911244
54.245,3445.59,2985.4,3824.99,3309.02,11.011,"2026-07-06T17:02:56.854Z",2026-07-06 14:02:56.854,"2026-07-06 14:02","down",46.245,151.7224458
54.5,3445.46,2985.22,3824.59,3308.65,11.009,"2026-07-06T17:02:56.854Z",2026-07-06 14:02:56.854,"2026-07-06 14:02","down",46.5,152.55906
54.754,3446.53,2986.24,3825.16,3309.23,11.014,"2026-07-06T17:02:56.854Z",2026-07-06 14:02:56.854,"2026-07-06 14:02","down",46.754,153.39239336
55.008,3446.02,2986.22,3826.82,3310.61,11.024,"2026-07-06T17:02:56.854Z",2026-07-06 14:02:56.854,"2026-07-06 14:02","down",47.008,154.22572672
55.262,3443.94,2984.5,3827.39,3310.97,11.023,"2026-07-06T17:02:56.854Z",2026-07-06 14:02:56.854,"2026-07-06 14:02","down",47.262,155.05906008
55.516,3443.28,2983.57,3826.65,3310.51,11.018,"2026-07-06T17:02:56.854Z",2026-07-06 14:02:56.854,"2026-07-06 14:02","down",47.516,155.89239344
55.771,3443.97,2983.98,3826.65,3310.97,11.024,"2026-07-06T17:02:56.854Z",2026-07-06 14:02:56.854,"2026-07-06 14:02","down",47.771,156.72900764
56.025,3443.42,2983.85,3827.68,3312.64,11.054,"2026-07-06T17:02:56.854Z",2026-07-06 14:02:56.854,"2026-07-06 14:02","down",48.025,157.562341
56.279,3442.14,2982.88,3828.31,3314.64,11.094,"2026-07-06T17:02:56.854Z",2026-07-06 14:02:56.854,"2026-07-06 14:02","down",48.279,158.39567436
56.533,3442.18,2982.72,3828.56,3316.39,11.127,"2026-07-06T17:02:56.854Z",2026-07-06 14:02:56.854,"2026-07-06 14:02","down",48.533,159.22900772
56.787,3442.59,2982.97,3829.44,3317.86,11.142,"2026-07-06T17:02:56.854Z",2026-07-06 14:02:56.854,"2026-07-06 14:02","down",48.787,160.06234108
57.042,3441.4,2982.03,3830.39,3318.8,11.148,"2026-07-06T17:02:56.854Z",2026-07-06 14:02:56.854,"2026-07-06 14:02","down",49.042,160.89895528
57.296,3440.25,2981.12,3830.3,3318.88,11.154,"2026-07-06T17:02:56.854Z",2026-07-06 14:02:56.854,"2026-07-06 14:02","down",49.296,161.73228864
57.55,3440.71,2981.59,3830.13,3318.97,11.162,"2026-07-06T17:02:56.854Z",2026-07-06 14:02:56.854,"2026-07-06 14:02","down",49.55,162.565622
57.804,3440.85,2981.76,3831.17,3320.01,11.167,"2026-07-06T17:02:56.854Z",2026-07-06 14:02:56.854,"2026-07-06 14:02","down",49.804,163.39895536
58.058,3439.63,2980.68,3832.28,3320.81,11.162,"2026-07-06T17:02:56.854Z",2026-07-06 14:02:56.854,"2026-07-06 14:02","down",50.058,164.23228872
58.313,3438.77,2979.73,3832.14,3320.45,11.151,"2026-07-06T17:02:56.854Z",2026-07-06 14:02:56.854,"2026-07-06 14:02","down",50.313,165.06890292
58.567,3438.92,2979.76,3831.79,3320.16,11.148,"2026-07-06T17:02:56.854Z",2026-07-06 14:02:56.854,"2026-07-06 14:02","down",50.567,165.90223628
58.821,3438.52,2979.32,3832.18,3320.68,11.15,"2026-07-06T17:02:56.854Z",2026-07-06 14:02:56.854,"2026-07-06 14:02","down",50.821,166.73556964
59.075,3437.61,2978.3,3832.42,3321.14,11.15,"2026-07-06T17:02:56.854Z",2026-07-06 14:02:56.854,"2026-07-06 14:02","down",51.075,167.568903
59.329,3438.06,2978.63,3832.7,3321.58,11.153,"2026-07-06T17:02:56.854Z",2026-07-06 14:02:56.854,"2026-07-06 14:02","down",51.329,168.40223636
59.584,3439.39,2979.7,3834.25,3322.91,11.151,"2026-07-06T17:02:56.854Z",2026-07-06 14:02:56.854,"2026-07-06 14:02","down",51.584,169.23885056
59.838,3439.76,2979.93,3836.3,3324.56,11.145,"2026-07-06T17:02:56.854Z",2026-07-06 14:02:56.854,"2026-07-06 14:02","down",51.838,170.07218392
60.092,3439.27,2979.63,3837.36,3325.27,11.143,"2026-07-06T17:02:56.854Z",2026-07-06 14:02:56.854,"2026-07-06 14:02","down",52.092,170.90551728
60.346,3439.74,2979.92,3837.82,3325.63,11.139,"2026-07-06T17:02:56.854Z",2026-07-06 14:02:56.854,"2026-07-06 14:02","down",52.346,171.73885064
60.6,3440.69,2980.44,3839.15,3326.83,11.131,"2026-07-06T17:02:56.854Z",2026-07-06 14:02:56.854,"2026-07-06 14:02","down",52.6,172.572184
60.855,3440.26,2980.04,3840.88,3328.4,11.132,"2026-07-06T17:02:56.854Z",2026-07-06 14:02:56.854,"2026-07-06 14:02","down",52.855,173.4087982
61.109,3439.29,2979.53,3841.5,3329,11.143,"2026-07-06T17:02:56.854Z",2026-07-06 14:02:56.854,"2026-07-06 14:02","down",53.109,174.24213156
61.363,3439.47,2979.85,3841.53,3328.92,11.145,"2026-07-06T17:02:56.854Z",2026-07-06 14:02:56.854,"2026-07-06 14:02","down",53.363,175.07546492
61.617,3439.46,2979.85,3842.11,3329.38,11.144,"2026-07-06T17:02:56.854Z",2026-07-06 14:02:56.854,"2026-07-06 14:02","down",53.617,175.90879828
61.871,3438.34,2978.79,3842.59,3330,11.147,"2026-07-06T17:02:56.854Z",2026-07-06 14:02:56.854,"2026-07-06 14:02","down",53.871,176.74213164
62.126,3437.6,2977.93,3842.3,3330.1,11.15,"2026-07-06T17:02:56.854Z",2026-07-06 14:02:56.854,"2026-07-06 14:02","down",54.126,177.57874584
62.38,3437.9,2977.86,3842.39,3330.43,11.147,"2026-07-06T17:02:56.854Z",2026-07-06 14:02:56.854,"2026-07-06 14:02","down",54.38,178.4120792
62.634,3437,2977.1,3843.35,3331.07,11.142,"2026-07-06T17:02:56.854Z",2026-07-06 14:02:56.854,"2026-07-06 14:02","down",54.634,179.24541256
62.888,3435.16,2975.74,3843.61,3330.99,11.141,"2026-07-06T17:02:56.854Z",2026-07-06 14:02:56.854,"2026-07-06 14:02","down",54.888,180.07874592
63.142,3434.66,2975.18,3842.92,3330.39,11.138,"2026-07-06T17:02:56.854Z",2026-07-06 14:02:56.854,"2026-07-06 14:02","down",55.142,180.91207928
63.397,3435.05,2975.44,3843.08,3330.5,11.135,"2026-07-06T17:02:56.854Z",2026-07-06 14:02:56.854,"2026-07-06 14:02","down",55.397,181.74869348
63.651,3434.19,2974.94,3844.16,3331.28,11.138,"2026-07-06T17:02:56.854Z",2026-07-06 14:02:56.854,"2026-07-06 14:02","down",55.651,182.58202684
63.905,3432.97,2974.06,3844.77,3331.79,11.142,"2026-07-06T17:02:56.854Z",2026-07-06 14:02:56.854,"2026-07-06 14:02","down",55.905,183.4153602
64.159,3433.32,2974.16,3844.91,3332.18,11.143,"2026-07-06T17:02:56.854Z",2026-07-06 14:02:56.854,"2026-07-06 14:02","down",56.159,184.24869356
64.413,3433.8,2974.35,3845.74,3333.21,11.145,"2026-07-06T17:02:56.854Z",2026-07-06 14:02:56.854,"2026-07-06 14:02","down",56.413,185.08202692
64.668,3432.53,2973.29,3846.54,3333.89,11.146,"2026-07-06T17:02:56.854Z",2026-07-06 14:02:56.854,"2026-07-06 14:02","down",56.668,185.91864112
64.922,3431.32,2972.3,3845.87,3333.18,11.144,"2026-07-06T17:02:56.854Z",2026-07-06 14:02:56.854,"2026-07-06 14:02","down",56.922,186.75197448
65.176,3432.02,2972.68,3845.01,3332.32,11.135,"2026-07-06T17:02:56.854Z",2026-07-06 14:02:56.854,"2026-07-06 14:02","down",57.176,187.58530784
65.43,3432.6,2973.24,3845.72,3332.8,11.133,"2026-07-06T17:02:56.854Z",2026-07-06 14:02:56.854,"2026-07-06 14:02","down",57.43,188.4186412
65.684,3431.18,2972.07,3846.69,3333.65,11.135,"2026-07-06T17:02:56.854Z",2026-07-06 14:02:56.854,"2026-07-06 14:02","down",57.684,189.25197456
65.939,3430.1,2970.69,3846.25,3333.4,11.126,"2026-07-06T17:02:56.854Z",2026-07-06 14:02:56.854,"2026-07-06 14:02","down",57.939,190.08858876
66.193,3430.92,2971.09,3845.91,3333.21,11.12,"2026-07-06T17:02:56.854Z",2026-07-06 14:02:56.854,"2026-07-06 14:02","down",58.193,190.92192212
66.447,3431.1,2971.32,3847.11,3334.24,11.121,"2026-07-06T17:02:56.854Z",2026-07-06 14:02:56.854,"2026-07-06 14:02","down",58.447,191.75525548
66.701,3429.58,2970.08,3848.22,3335.13,11.122,"2026-07-06T17:02:56.854Z",2026-07-06 14:02:56.854,"2026-07-06 14:02","down",58.701,192.58858884
66.955,3428.47,2968.99,3847.78,3334.77,11.119,"2026-07-06T17:02:56.854Z",2026-07-06 14:02:56.854,"2026-07-06 14:02","down",58.955,193.4219222
67.21,3428.7,2969.04,3847.25,3334.45,11.118,"2026-07-06T17:02:56.854Z",2026-07-06 14:02:56.854,"2026-07-06 14:02","down",59.21,194.2585364
67.464,3428.61,2969.17,3847.96,3335.13,11.125,"2026-07-06T17:02:56.854Z",2026-07-06 14:02:56.854,"2026-07-06 14:02","down",59.464,195.09186976
67.718,3427.93,2968.61,3849.19,3335.93,11.119,"2026-07-06T17:02:56.854Z",2026-07-06 14:02:56.854,"2026-07-06 14:02","down",59.718,195.92520312
67.972,3428.02,2968.28,3850,3336.35,11.101,"2026-07-06T17:02:56.854Z",2026-07-06 14:02:56.854,"2026-07-06 14:02","down",59.972,196.75853648
68.226,3428.14,2968.45,3850.84,3337.01,11.101,"2026-07-06T17:02:56.854Z",2026-07-06 14:02:56.854,"2026-07-06 14:02","down",60.226,197.59186984
68.481,3427.05,2967.8,3851.63,3337.76,11.111,"2026-07-06T17:02:56.854Z",2026-07-06 14:02:56.854,"2026-07-06 14:02","down",60.481,198.42848404
68.735,3425.75,2966.89,3851.67,3337.89,11.119,"2026-07-06T17:02:56.854Z",2026-07-06 14:02:56.854,"2026-07-06 14:02","down",60.735,199.2618174
68.989,3425.99,2966.93,3851.46,3337.93,11.12,"2026-07-06T17:02:56.854Z",2026-07-06 14:02:56.854,"2026-07-06 14:02","down",60.989,200.09515076
69.243,3426.5,2967.21,3852.3,3338.72,11.117,"2026-07-06T17:02:56.854Z",2026-07-06 14:02:56.854,"2026-07-06 14:02","down",61.243,200.92848412
69.497,3425.13,2966.21,3853.39,3339.49,11.118,"2026-07-06T17:02:56.854Z",2026-07-06 14:02:56.854,"2026-07-06 14:02","down",61.497,201.76181748
69.752,3423.42,2964.6,3853.12,3339.24,11.114,"2026-07-06T17:02:56.854Z",2026-07-06 14:02:56.854,"2026-07-06 14:02","down",61.752,202.59843168
70.006,3423.24,2964.13,3852.15,3338.47,11.107,"2026-07-06T17:02:56.854Z",2026-07-06 14:02:56.854,"2026-07-06 14:02","down",62.006,203.43176504
70.26,3423.24,2964.03,3851.84,3338.23,11.105,"2026-07-06T17:02:56.854Z",2026-07-06 14:02:56.854,"2026-07-06 14:02","down",62.26,204.2650984
70.514,3422.1,2963,3851.88,3338.34,11.106,"2026-07-06T17:02:56.854Z",2026-07-06 14:02:56.854,"2026-07-06 14:02","down",62.514,205.09843176
70.768,3421.67,2962.65,3851.83,3338.21,11.104,"2026-07-06T17:02:56.854Z",2026-07-06 14:02:56.854,"2026-07-06 14:02","down",62.768,205.93176512
71.023,3422.78,2963.55,3852.6,3338.06,11.082,"2026-07-06T17:02:56.854Z",2026-07-06 14:02:56.854,"2026-07-06 14:02","down",63.023,206.76837932
71.277,3423.02,2963.94,3854.24,3338.12,11.053,"2026-07-06T17:02:56.854Z",2026-07-06 14:02:56.854,"2026-07-06 14:02","down",63.277,207.60171268
71.531,3422.04,2963.29,3855.08,3338.14,11.041,"2026-07-06T17:02:56.854Z",2026-07-06 14:02:56.854,"2026-07-06 14:02","down",63.531,208.43504604
71.785,3422.12,2963.01,3854.99,3338.14,11.033,"2026-07-06T17:02:56.854Z",2026-07-06 14:02:56.854,"2026-07-06 14:02","down",63.785,209.2683794
72.039,3422.89,2963.18,3855.78,3339.16,11.027,"2026-07-06T17:02:56.854Z",2026-07-06 14:02:56.854,"2026-07-06 14:02","down",64.039,210.10171276
72.294,3421.58,2962.18,3857.6,3340.9,11.035,"2026-07-06T17:02:56.854Z",2026-07-06 14:02:56.854,"2026-07-06 14:02","down",64.294,210.93832696
72.548,3419.02,2960.44,3858.31,3341.39,11.045,"2026-07-06T17:02:56.854Z",2026-07-06 14:02:56.854,"2026-07-06 14:02","down",64.548,211.77166032
72.802,3418.21,2959.76,3857.35,3340.61,11.048,"2026-07-06T17:02:56.854Z",2026-07-06 14:02:56.854,"2026-07-06 14:02","down",64.802,212.60499368
73.056,3418.79,2960.05,3856.75,3340.43,11.05,"2026-07-06T17:02:56.854Z",2026-07-06 14:02:56.854,"2026-07-06 14:02","down",65.056,213.43832704
73.31,3418.94,2960.15,3857.15,3341.13,11.058,"2026-07-06T17:02:56.854Z",2026-07-06 14:02:56.854,"2026-07-06 14:02","down",65.31,214.2716604
73.565,3419.19,2960.23,3857.57,3341.92,11.065,"2026-07-06T17:02:56.854Z",2026-07-06 14:02:56.854,"2026-07-06 14:02","down",65.565,215.1082746
73.819,3420.06,2960.7,3858.49,3342.92,11.062,"2026-07-06T17:02:56.854Z",2026-07-06 14:02:56.854,"2026-07-06 14:02","down",65.819,215.94160796
74.073,3419.83,2960.35,3860.38,3344.3,11.051,"2026-07-06T17:02:56.854Z",2026-07-06 14:02:56.854,"2026-07-06 14:02","down",66.073,216.77494132
74.327,3417.8,2958.9,3861.55,3344.96,11.051,"2026-07-06T17:02:56.854Z",2026-07-06 14:02:56.854,"2026-07-06 14:02","down",66.327,217.60827468
74.581,3416.81,2958.03,3860.92,3344.34,11.049,"2026-07-06T17:02:56.854Z",2026-07-06 14:02:56.854,"2026-07-06 14:02","down",66.581,218.44160804
74.836,3417.28,2958.24,3860.36,3343.99,11.047,"2026-07-06T17:02:56.854Z",2026-07-06 14:02:56.854,"2026-07-06 14:02","down",66.836,219.27822224
75.09,3415.94,2957.35,3860.91,3344.39,11.052,"2026-07-06T17:02:56.854Z",2026-07-06 14:02:56.854,"2026-07-06 14:02","down",67.09,220.1115556
75.344,3413.38,2955.24,3860.47,3343.88,11.052,"2026-07-06T17:02:56.854Z",2026-07-06 14:02:56.854,"2026-07-06 14:02","down",67.344,220.94488896
75.598,3413.39,2954.78,3858.72,3342.64,11.046,"2026-07-06T17:02:56.854Z",2026-07-06 14:02:56.854,"2026-07-06 14:02","down",67.598,221.77822232
75.852,3415.38,2956.31,3858.77,3342.92,11.046,"2026-07-06T17:02:56.854Z",2026-07-06 14:02:56.854,"2026-07-06 14:02","down",67.852,222.61155568
76.107,3415.12,2956.24,3860.91,3344.5,11.044,"2026-07-06T17:02:56.854Z",2026-07-06 14:02:56.854,"2026-07-06 14:02","down",68.107,223.44816988
76.361,3412.82,2954.28,3861.62,3344.88,11.039,"2026-07-06T17:02:56.854Z",2026-07-06 14:02:56.854,"2026-07-06 14:02","down",68.361,224.28150324
76.615,3412.1,2953.54,3860.41,3344.05,11.041,"2026-07-06T17:02:56.854Z",2026-07-06 14:02:56.854,"2026-07-06 14:02","down",68.615,225.1148366
76.869,3412.58,2953.94,3860.36,3344.17,11.045,"2026-07-06T17:02:56.854Z",2026-07-06 14:02:56.854,"2026-07-06 14:02","down",68.869,225.94816996
77.123,3411.38,2953.08,3861.43,3345.08,11.049,"2026-07-06T17:02:56.854Z",2026-07-06 14:02:56.854,"2026-07-06 14:02","down",69.123,226.78150332
77.378,3409.61,2951.75,3861.15,3345.05,11.06,"2026-07-06T17:02:56.854Z",2026-07-06 14:02:56.854,"2026-07-06 14:02","down",69.378,227.61811752
77.632,3410.41,2952.2,3860.39,3344.73,11.062,"2026-07-06T17:02:56.854Z",2026-07-06 14:02:56.854,"2026-07-06 14:02","down",69.632,228.45145088
77.886,3411.32,2952.72,3861.59,3345.85,11.056,"2026-07-06T17:02:56.854Z",2026-07-06 14:02:56.854,"2026-07-06 14:02","down",69.886,229.28478424
78.14,3409.39,2951.18,3863.04,3346.84,11.053,"2026-07-06T17:02:56.854Z",2026-07-06 14:02:56.854,"2026-07-06 14:02","down",70.14,230.1181176
78.394,3407.5,2949.56,3862.01,3345.86,11.052,"2026-07-06T17:02:56.854Z",2026-07-06 14:02:56.854,"2026-07-06 14:02","down",70.394,230.95145096
78.649,3408.29,2949.81,3860.73,3344.95,11.044,"2026-07-06T17:02:56.854Z",2026-07-06 14:02:56.854,"2026-07-06 14:02","down",70.649,231.78806516
78.903,3408.81,2950.23,3861.87,3345.97,11.044,"2026-07-06T17:02:56.854Z",2026-07-06 14:02:56.854,"2026-07-06 14:02","down",70.903,232.62139852
79.157,3407.18,2949.01,3863.3,3347.04,11.045,"2026-07-06T17:02:56.854Z",2026-07-06 14:02:56.854,"2026-07-06 14:02","down",71.157,233.45473188
79.411,3406.11,2948.12,3863.01,3346.73,11.045,"2026-07-06T17:02:56.854Z",2026-07-06 14:02:56.854,"2026-07-06 14:02","down",71.411,234.28806524
79.665,3407.03,2948.55,3862.9,3346.63,11.035,"2026-07-06T17:02:56.854Z",2026-07-06 14:02:56.854,"2026-07-06 14:02","down",71.665,235.1213986
79.92,3406.94,2948.65,3864.02,3347.49,11.036,"2026-07-06T17:02:56.854Z",2026-07-06 14:02:56.854,"2026-07-06 14:02","down",71.92,235.9580128
80.174,3405.13,2947.34,3864.51,3347.79,11.041,"2026-07-06T17:02:56.854Z",2026-07-06 14:02:56.854,"2026-07-06 14:02","down",72.174,236.79134616
80.428,3403.98,2946.41,3863.82,3347.19,11.043,"2026-07-06T17:02:56.854Z",2026-07-06 14:02:56.854,"2026-07-06 14:02","down",72.428,237.62467952
80.682,3403.85,2946.22,3863.78,3347.24,11.043,"2026-07-06T17:02:56.854Z",2026-07-06 14:02:56.854,"2026-07-06 14:02","down",72.682,238.45801288
80.936,3403.05,2945.5,3864.68,3348.04,11.042,"2026-07-06T17:02:56.854Z",2026-07-06 14:02:56.854,"2026-07-06 14:02","down",72.936,239.29134624
81.191,3402.17,2944.5,3865.11,3348.44,11.036,"2026-07-06T17:02:56.854Z",2026-07-06 14:02:56.854,"2026-07-06 14:02","down",73.191,240.12796044
81.445,3402.73,2944.63,3865.42,3348.85,11.029,"2026-07-06T17:02:56.854Z",2026-07-06 14:02:56.854,"2026-07-06 14:02","down",73.445,240.9612938
81.699,3403.49,2945.36,3866.99,3350.24,11.033,"2026-07-06T17:02:56.854Z",2026-07-06 14:02:56.854,"2026-07-06 14:02","down",73.699,241.79462716
81.953,3402.95,2945.13,3868.8,3351.75,11.038,"2026-07-06T17:02:56.854Z",2026-07-06 14:02:56.854,"2026-07-06 14:02","down",73.953,242.62796052
82.207,3402.98,2944.9,3869.07,3352.28,11.038,"2026-07-06T17:02:56.854Z",2026-07-06 14:02:56.854,"2026-07-06 14:02","down",74.207,243.46129388
82.462,3404.78,2946,3869.56,3352.96,11.031,"2026-07-06T17:02:56.854Z",2026-07-06 14:02:56.854,"2026-07-06 14:02","down",74.462,244.29790808
82.716,3404.11,2945.59,3870.35,3354.49,11.057,"2026-07-06T17:02:56.854Z",2026-07-06 14:02:56.854,"2026-07-06 14:02","down",74.716,245.13124144
82.97,3380.63,2929.42,3868.8,3357.96,11.296,"2026-07-06T17:02:56.854Z",2026-07-06 14:02:56.854,"2026-07-06 14:02","down",74.97,245.9645748
83.224,3278.67,2852.72,3886.92,3381.72,11.839,"2026-07-06T17:02:56.854Z",2026-07-06 14:02:56.854,"2026-07-06 14:02","down",75.224,246.79790816
83.478,3134.78,2734.32,3970.12,3457.71,12.137,"2026-07-06T17:02:56.854Z",2026-07-06 14:02:56.854,"2026-07-06 14:02","down",75.478,247.63124152
83.733,3056.34,2661.61,4108.6,3571.21,11.834,"2026-07-06T17:02:56.854Z",2026-07-06 14:02:56.854,"2026-07-06 14:02","up",75.267,246.93898428
83.987,3046.47,2643.87,4213.12,3651.24,11.295,"2026-07-06T17:02:56.854Z",2026-07-06 14:02:56.854,"2026-07-06 14:02","up",75.013,246.10565092
84.241,3050.07,2642.37,4248.87,3676.94,11.029,"2026-07-06T17:02:56.854Z",2026-07-06 14:02:56.854,"2026-07-06 14:02","up",74.759,245.27231756
84.495,3048.92,2640.68,4252.85,3679.36,10.983,"2026-07-06T17:02:56.854Z",2026-07-06 14:02:56.854,"2026-07-06 14:02","up",74.505,244.4389842
84.749,3048.4,2640.21,4251.28,3678.25,10.988,"2026-07-06T17:02:56.854Z",2026-07-06 14:02:56.854,"2026-07-06 14:02","up",74.251,243.60565084
85.004,3048.67,2640.33,4250.66,3678.29,10.998,"2026-07-06T17:02:56.854Z",2026-07-06 14:02:56.854,"2026-07-06 14:02","up",73.996,242.76903664
85.258,3046.86,2639.31,4250.8,3678.79,11.024,"2026-07-06T17:02:56.854Z",2026-07-06 14:02:56.854,"2026-07-06 14:02","up",73.742,241.93570328
85.512,3046.06,2638.53,4250.1,3678.35,11.025,"2026-07-06T17:02:56.854Z",2026-07-06 14:02:56.854,"2026-07-06 14:02","up",73.488,241.10236992
85.766,3046.48,2638.8,4249.61,3678.05,11.025,"2026-07-06T17:02:56.854Z",2026-07-06 14:02:56.854,"2026-07-06 14:02","up",73.234,240.26903656
86.02,3046.59,2638.73,4250.18,3678.69,11.023,"2026-07-06T17:02:56.854Z",2026-07-06 14:02:56.854,"2026-07-06 14:02","up",72.98,239.4357032
86.275,3045.91,2638.11,4250.47,3679.28,11.029,"2026-07-06T17:02:56.854Z",2026-07-06 14:02:56.854,"2026-07-06 14:02","up",72.725,238.599089
86.529,3046.69,2638.64,4250.53,3679.6,11.031,"2026-07-06T17:02:56.854Z",2026-07-06 14:02:56.854,"2026-07-06 14:02","up",72.471,237.76575564
86.783,3048.08,2639.98,4252.35,3680.94,11.03,"2026-07-06T17:02:56.854Z",2026-07-06 14:02:56.854,"2026-07-06 14:02","up",72.217,236.93242228
87.037,3047.76,2639.97,4255.36,3683.04,11.027,"2026-07-06T17:02:56.854Z",2026-07-06 14:02:56.854,"2026-07-06 14:02","up",71.963,236.09908892
87.291,3046.52,2638.81,4256.6,3683.84,11.018,"2026-07-06T17:02:56.854Z",2026-07-06 14:02:56.854,"2026-07-06 14:02","up",71.709,235.26575556
87.546,3046.58,2638.86,4256.12,3683.62,11.022,"2026-07-06T17:02:56.854Z",2026-07-06 14:02:56.854,"2026-07-06 14:02","up",71.454,234.42914136
87.8,3046.69,2639.28,4256.56,3684.36,11.041,"2026-07-06T17:02:56.854Z",2026-07-06 14:02:56.854,"2026-07-06 14:02","up",71.2,233.595808
88.054,3045.14,2638.1,4257.58,3685.28,11.047,"2026-07-06T17:02:56.854Z",2026-07-06 14:02:56.854,"2026-07-06 14:02","up",70.946,232.76247464
88.308,3043.79,2636.64,4257.29,3684.76,11.031,"2026-07-06T17:02:56.854Z",2026-07-06 14:02:56.854,"2026-07-06 14:02","up",70.692,231.92914128
88.562,3044.27,2636.61,4256.81,3684.35,11.017,"2026-07-06T17:02:56.854Z",2026-07-06 14:02:56.854,"2026-07-06 14:02","up",70.438,231.09580792
88.817,3044.58,2636.63,4257.96,3685.63,11.016,"2026-07-06T17:02:56.854Z",2026-07-06 14:02:56.854,"2026-07-06 14:02","up",70.183,230.25919372
89.071,3043.49,2635.87,4259.27,3686.92,11.025,"2026-07-06T17:02:56.854Z",2026-07-06 14:02:56.854,"2026-07-06 14:02","up",69.929,229.42586036
89.325,3043.38,2635.85,4259.46,3687.26,11.032,"2026-07-06T17:02:56.854Z",2026-07-06 14:02:56.854,"2026-07-06 14:02","up",69.675,228.592527
89.579,3044.82,2636.84,4260.46,3688.36,11.029,"2026-07-06T17:02:56.854Z",2026-07-06 14:02:56.854,"2026-07-06 14:02","up",69.421,227.75919364
89.833,3044.84,2636.77,4262.94,3690.34,11.023,"2026-07-06T17:02:56.854Z",2026-07-06 14:02:56.854,"2026-07-06 14:02","up",69.167,226.92586028
90.088,3043.12,2635.39,4263.89,3690.91,11.02,"2026-07-06T17:02:56.854Z",2026-07-06 14:02:56.854,"2026-07-06 14:02","up",68.912,226.08924608
90.342,3042.59,2634.85,4262.75,3690.02,11.02,"2026-07-06T17:02:56.854Z",2026-07-06 14:02:56.854,"2026-07-06 14:02","up",68.658,225.25591272
90.596,3043.67,2635.64,4262.67,3690.17,11.02,"2026-07-06T17:02:56.854Z",2026-07-06 14:02:56.854,"2026-07-06 14:02","up",68.404,224.42257936
90.85,3043.34,2635.38,4264.19,3691.51,11.022,"2026-07-06T17:02:56.854Z",2026-07-06 14:02:56.854,"2026-07-06 14:02","up",68.15,223.589246
91.104,3041.99,2634.16,4264.39,3691.61,11.018,"2026-07-06T17:02:56.854Z",2026-07-06 14:02:56.854,"2026-07-06 14:02","up",67.896,222.75591264
91.359,3042.11,2634.26,4263.46,3690.85,11.019,"2026-07-06T17:02:56.854Z",2026-07-06 14:02:56.854,"2026-07-06 14:02","up",67.641,221.91929844
91.613,3042.55,2634.93,4264.04,3691.41,11.03,"2026-07-06T17:02:56.854Z",2026-07-06 14:02:56.854,"2026-07-06 14:02","up",67.387,221.08596508
91.867,3041.09,2633.91,4265.31,3692.36,11.034,"2026-07-06T17:02:56.854Z",2026-07-06 14:02:56.854,"2026-07-06 14:02","up",67.133,220.25263172
92.121,3039.1,2632.16,4264.77,3691.78,11.031,"2026-07-06T17:02:56.854Z",2026-07-06 14:02:56.854,"2026-07-06 14:02","up",66.879,219.41929836
92.375,3038.79,2631.77,4263.25,3690.67,11.032,"2026-07-06T17:02:56.854Z",2026-07-06 14:02:56.854,"2026-07-06 14:02","up",66.625,218.585965
92.63,3038.89,2631.64,4263.3,3690.9,11.029,"2026-07-06T17:02:56.854Z",2026-07-06 14:02:56.854,"2026-07-06 14:02","up",66.37,217.7493508
92.884,3037.46,2630.35,4264.06,3691.49,11.026,"2026-07-06T17:02:56.854Z",2026-07-06 14:02:56.854,"2026-07-06 14:02","up",66.116,216.91601744
93.138,3035.92,2629.19,4263.26,3690.97,11.035,"2026-07-06T17:02:56.854Z",2026-07-06 14:02:56.854,"2026-07-06 14:02","up",65.862,216.08268408
93.392,3035.74,2629.23,4262.08,3690.32,11.05,"2026-07-06T17:02:56.854Z",2026-07-06 14:02:56.854,"2026-07-06 14:02","up",65.608,215.24935072
93.646,3035.8,2629.34,4262.29,3690.7,11.056,"2026-07-06T17:02:56.854Z",2026-07-06 14:02:56.854,"2026-07-06 14:02","up",65.354,214.41601736
93.901,3034.93,2628.64,4262.82,3691.16,11.058,"2026-07-06T17:02:56.854Z",2026-07-06 14:02:56.854,"2026-07-06 14:02","up",65.099,213.57940316
94.155,3034.77,2628.22,4262.69,3690.98,11.047,"2026-07-06T17:02:56.854Z",2026-07-06 14:02:56.854,"2026-07-06 14:02","up",64.845,212.7460698
94.409,3035.8,2628.88,4263.15,3691.38,11.04,"2026-07-06T17:02:56.854Z",2026-07-06 14:02:56.854,"2026-07-06 14:02","up",64.591,211.91273644
94.663,3036.09,2629.02,4264.84,3692.72,11.034,"2026-07-06T17:02:56.854Z",2026-07-06 14:02:56.854,"2026-07-06 14:02","up",64.337,211.07940308
94.917,3035.08,2628.03,4265.93,3693.24,11.02,"2026-07-06T17:02:56.854Z",2026-07-06 14:02:56.854,"2026-07-06 14:02","up",64.083,210.24606972
95.172,3034.69,2627.46,4265.63,3692.77,11.008,"2026-07-06T17:02:56.854Z",2026-07-06 14:02:56.854,"2026-07-06 14:02","up",63.828,209.40945552
95.426,3034.82,2627.62,4265.91,3693.29,11.016,"2026-07-06T17:02:56.854Z",2026-07-06 14:02:56.854,"2026-07-06 14:02","up",63.574,208.57612216
95.68,3034.11,2627.22,4267.47,3695.04,11.032,"2026-07-06T17:02:56.854Z",2026-07-06 14:02:56.854,"2026-07-06 14:02","up",63.32,207.7427888
95.934,3033.17,2626.26,4268.55,3697.02,11.051,"2026-07-06T17:02:56.854Z",2026-07-06 14:02:56.854,"2026-07-06 14:02","up",63.066,206.90945544
96.188,3033.4,2626.22,4269.3,3699.22,11.078,"2026-07-06T17:02:56.854Z",2026-07-06 14:02:56.854,"2026-07-06 14:02","up",62.812,206.07612208
96.443,3033.68,2626.44,4271.37,3701.67,11.092,"2026-07-06T17:02:56.854Z",2026-07-06 14:02:56.854,"2026-07-06 14:02","up",62.557,205.23950788
96.697,3032.35,2625.48,4273.32,3703.13,11.093,"2026-07-06T17:02:56.854Z",2026-07-06 14:02:56.854,"2026-07-06 14:02","up",62.303,204.40617452
96.951,3030.89,2624.05,4272.87,3702.59,11.085,"2026-07-06T17:02:56.854Z",2026-07-06 14:02:56.854,"2026-07-06 14:02","up",62.049,203.57284116
97.205,3031,2623.8,4271.5,3701.66,11.08,"2026-07-06T17:02:56.854Z",2026-07-06 14:02:56.854,"2026-07-06 14:02","up",61.795,202.7395078
97.459,3030.95,2623.77,4271.67,3702.11,11.087,"2026-07-06T17:02:56.854Z",2026-07-06 14:02:56.854,"2026-07-06 14:02","up",61.541,201.90617444
97.714,3029.81,2622.8,4272.24,3702.73,11.09,"2026-07-06T17:02:56.854Z",2026-07-06 14:02:56.854,"2026-07-06 14:02","up",61.286,201.06956024
97.968,3029.43,2622.37,4271.76,3702.29,11.086,"2026-07-06T17:02:56.854Z",2026-07-06 14:02:56.854,"2026-07-06 14:02","up",61.032,200.23622688
98.222,3030.4,2623.08,4271.96,3702.46,11.082,"2026-07-06T17:02:56.854Z",2026-07-06 14:02:56.854,"2026-07-06 14:02","up",60.778,199.40289352
98.476,3030.19,2622.89,4273.68,3703.92,11.081,"2026-07-06T17:02:56.854Z",2026-07-06 14:02:56.854,"2026-07-06 14:02","up",60.524,198.56956016
98.73,3028.55,2621.4,4274.5,3704.66,11.08,"2026-07-06T17:02:56.854Z",2026-07-06 14:02:56.854,"2026-07-06 14:02","up",60.27,197.7362268
98.985,3028.44,2621.3,4273.87,3704.3,11.083,"2026-07-06T17:02:56.854Z",2026-07-06 14:02:56.854,"2026-07-06 14:02","up",60.015,196.8996126
99.239,3029.95,2622.62,4274.67,3705.22,11.089,"2026-07-06T17:02:56.854Z",2026-07-06 14:02:56.854,"2026-07-06 14:02","up",59.761,196.06627924
99.493,3030.13,2622.86,4276.85,3707.27,11.096,"2026-07-06T17:02:56.854Z",2026-07-06 14:02:56.854,"2026-07-06 14:02","up",59.507,195.23294588
99.747,3028.86,2621.96,4277.52,3707.93,11.104,"2026-07-06T17:02:56.854Z",2026-07-06 14:02:56.854,"2026-07-06 14:02","up",59.253,194.39961252
100.001,3028.71,2621.86,4277.11,3707.7,11.107,"2026-07-06T17:02:56.854Z",2026-07-06 14:02:56.854,"2026-07-06 14:02","up",58.999,193.56627916
100.256,3029.63,2622.42,4278.26,3708.82,11.102,"2026-07-06T17:02:56.854Z",2026-07-06 14:02:56.854,"2026-07-06 14:02","up",58.744,192.72966496
100.51,3029.22,2622.22,4280.62,3710.64,11.103,"2026-07-06T17:02:56.854Z",2026-07-06 14:02:56.854,"2026-07-06 14:02","up",58.49,191.8963316
100.764,3028.46,2621.54,4281.66,3711.28,11.096,"2026-07-06T17:02:56.854Z",2026-07-06 14:02:56.854,"2026-07-06 14:02","up",58.236,191.06299824
101.018,3029.17,2621.87,4281.66,3711.42,11.09,"2026-07-06T17:02:56.854Z",2026-07-06 14:02:56.854,"2026-07-06 14:02","up",57.982,190.22966488
101.272,3029.96,2622.6,4282.9,3712.78,11.098,"2026-07-06T17:02:56.854Z",2026-07-06 14:02:56.854,"2026-07-06 14:02","up",57.728,189.39633152
101.526,3028.93,2621.99,4284.58,3714.42,11.111,"2026-07-06T17:02:56.854Z",2026-07-06 14:02:56.854,"2026-07-06 14:02","up",57.474,188.56299816
101.781,3028.12,2621.15,4284.7,3714.71,11.111,"2026-07-06T17:02:56.854Z",2026-07-06 14:02:56.854,"2026-07-06 14:02","up",57.219,187.72638396
102.035,3028.86,2621.71,4284.85,3715,11.112,"2026-07-06T17:02:56.854Z",2026-07-06 14:02:56.854,"2026-07-06 14:02","up",56.965,186.8930506
102.289,3028.61,2621.73,4286.52,3716.55,11.122,"2026-07-06T17:02:56.854Z",2026-07-06 14:02:56.854,"2026-07-06 14:02","up",56.711,186.05971724
102.543,3026.43,2619.94,4287.3,3717.19,11.124,"2026-07-06T17:02:56.854Z",2026-07-06 14:02:56.854,"2026-07-06 14:02","up",56.457,185.22638388
102.797,3025.36,2618.73,4285.98,3715.9,11.112,"2026-07-06T17:02:56.854Z",2026-07-06 14:02:56.854,"2026-07-06 14:02","up",56.203,184.39305052
103.052,3026.54,2619.55,4285.3,3715.38,11.106,"2026-07-06T17:02:56.854Z",2026-07-06 14:02:56.854,"2026-07-06 14:02","up",55.948,183.55643632
103.306,3027.18,2620.21,4286.74,3716.69,11.112,"2026-07-06T17:02:56.854Z",2026-07-06 14:02:56.854,"2026-07-06 14:02","up",55.694,182.72310296
103.56,3026.24,2619.42,4287.62,3717.61,11.116,"2026-07-06T17:02:56.854Z",2026-07-06 14:02:56.854,"2026-07-06 14:02","up",55.44,181.8897696
103.814,3026.36,2619.27,4287.04,3717.64,11.12,"2026-07-06T17:02:56.854Z",2026-07-06 14:02:56.854,"2026-07-06 14:02","up",55.186,181.05643624
104.068,3027.6,2620.26,4287.74,3718.58,11.124,"2026-07-06T17:02:56.854Z",2026-07-06 14:02:56.854,"2026-07-06 14:02","up",54.932,180.22310288
104.323,3027.2,2619.98,4290.02,3720.26,11.12,"2026-07-06T17:02:56.854Z",2026-07-06 14:02:56.854,"2026-07-06 14:02","up",54.677,179.38648868
104.577,3025.31,2618.49,4290.8,3720.68,11.119,"2026-07-06T17:02:56.854Z",2026-07-06 14:02:56.854,"2026-07-06 14:02","up",54.423,178.55315532
104.831,3025.01,2618.16,4290.06,3720.29,11.122,"2026-07-06T17:02:56.854Z",2026-07-06 14:02:56.854,"2026-07-06 14:02","up",54.169,177.71982196
105.085,3026.39,2619.05,4290.94,3721.28,11.118,"2026-07-06T17:02:56.854Z",2026-07-06 14:02:56.854,"2026-07-06 14:02","up",53.915,176.8864886
105.339,3026.64,2619.18,4293.44,3723.27,11.111,"2026-07-06T17:02:56.854Z",2026-07-06 14:02:56.854,"2026-07-06 14:02","up",53.661,176.05315524
105.594,3025.71,2618.39,4294.75,3724.19,11.106,"2026-07-06T17:02:56.854Z",2026-07-06 14:02:56.854,"2026-07-06 14:02","up",53.406,175.21654104
105.848,3025.79,2618.37,4294.87,3724.41,11.106,"2026-07-06T17:02:56.854Z",2026-07-06 14:02:56.854,"2026-07-06 14:02","up",53.152,174.38320768
106.102,3026.03,2618.75,4295.93,3725.43,11.114,"2026-07-06T17:02:56.854Z",2026-07-06 14:02:56.854,"2026-07-06 14:02","up",52.898,173.54987432
106.356,3024.88,2617.85,4297.2,3726.41,11.114,"2026-07-06T17:02:56.854Z",2026-07-06 14:02:56.854,"2026-07-06 14:02","up",52.644,172.71654096
106.61,3024,2616.87,4296.84,3726.21,11.11,"2026-07-06T17:02:56.854Z",2026-07-06 14:02:56.854,"2026-07-06 14:02","up",52.39,171.8832076
106.865,3024.21,2617.11,4296.19,3726.02,11.12,"2026-07-06T17:02:56.854Z",2026-07-06 14:02:56.854,"2026-07-06 14:02","up",52.135,171.0465934
107.119,3023.86,2617.03,4297,3726.78,11.129,"2026-07-06T17:02:56.854Z",2026-07-06 14:02:56.854,"2026-07-06 14:02","up",51.881,170.21326004
107.373,3022.73,2616.12,4297.55,3727.11,11.127,"2026-07-06T17:02:56.854Z",2026-07-06 14:02:56.854,"2026-07-06 14:02","up",51.627,169.37992668
107.627,3022.27,2615.65,4296.82,3726.45,11.124,"2026-07-06T17:02:56.854Z",2026-07-06 14:02:56.854,"2026-07-06 14:02","up",51.373,168.54659332
107.881,3022.42,2615.59,4296.57,3726.28,11.119,"2026-07-06T17:02:56.854Z",2026-07-06 14:02:56.854,"2026-07-06 14:02","up",51.119,167.71325996
108.136,3021.54,2614.81,4297.17,3726.97,11.122,"2026-07-06T17:02:56.854Z",2026-07-06 14:02:56.854,"2026-07-06 14:02","up",50.864,166.87664576
108.39,3020.42,2613.8,4296.96,3727.1,11.128,"2026-07-06T17:02:56.854Z",2026-07-06 14:02:56.854,"2026-07-06 14:02","up",50.61,166.0433124
108.644,3020.77,2613.91,4296.29,3726.8,11.129,"2026-07-06T17:02:56.854Z",2026-07-06 14:02:56.854,"2026-07-06 14:02","up",50.356,165.20997904
108.898,3021.51,2614.54,4297.21,3727.57,11.127,"2026-07-06T17:02:56.854Z",2026-07-06 14:02:56.854,"2026-07-06 14:02","up",50.102,164.37664568
109.152,3020.75,2613.81,4298.91,3728.74,11.119,"2026-07-06T17:02:56.854Z",2026-07-06 14:02:56.854,"2026-07-06 14:02","up",49.848,163.54331232
109.407,3019.26,2612.57,4298.95,3728.85,11.122,"2026-07-06T17:02:56.854Z",2026-07-06 14:02:56.854,"2026-07-06 14:02","up",49.593,162.70669812
109.661,3019.09,2612.54,4298.22,3728.42,11.13,"2026-07-06T17:02:56.854Z",2026-07-06 14:02:56.854,"2026-07-06 14:02","up",49.339,161.87336476
109.915,3019.45,2612.91,4298.99,3728.95,11.129,"2026-07-06T17:02:56.854Z",2026-07-06 14:02:56.854,"2026-07-06 14:02","up",49.085,161.0400314
110.169,3018.34,2611.95,4300.14,3729.74,11.124,"2026-07-06T17:02:56.854Z",2026-07-06 14:02:56.854,"2026-07-06 14:02","up",48.831,160.20669804
110.423,3017.11,2610.9,4299.57,3729.21,11.124,"2026-07-06T17:02:56.854Z",2026-07-06 14:02:56.854,"2026-07-06 14:02","up",48.577,159.37336468
110.678,3017.59,2610.92,4298.74,3727.86,11.097,"2026-07-06T17:02:56.854Z",2026-07-06 14:02:56.854,"2026-07-06 14:02","up",48.322,158.53675048
110.932,3017.75,2610.67,4299.46,3726.66,11.044,"2026-07-06T17:02:56.854Z",2026-07-06 14:02:56.854,"2026-07-06 14:02","up",48.068,157.70341712
111.186,3016.18,2609.26,4299.81,3725.25,11.003,"2026-07-06T17:02:56.854Z",2026-07-06 14:02:56.854,"2026-07-06 14:02","up",47.814,156.87008376
111.44,3015.53,2608.57,4298.42,3723.63,10.99,"2026-07-06T17:02:56.854Z",2026-07-06 14:02:56.854,"2026-07-06 14:02","up",47.56,156.0367504
111.694,3016.66,2609.25,4297.95,3723.45,10.986,"2026-07-06T17:02:56.854Z",2026-07-06 14:02:56.854,"2026-07-06 14:02","up",47.306,155.20341704
111.949,3016.37,2609.26,4299.82,3725.23,10.997,"2026-07-06T17:02:56.854Z",2026-07-06 14:02:56.854,"2026-07-06 14:02","up",47.051,154.36680284
112.203,3014.65,2608.14,4301.16,3726.35,11.008,"2026-07-06T17:02:56.854Z",2026-07-06 14:02:56.854,"2026-07-06 14:02","up",46.797,153.53346948
112.457,3014.65,2608.09,4300.93,3726.15,11.007,"2026-07-06T17:02:56.854Z",2026-07-06 14:02:56.854,"2026-07-06 14:02","up",46.543,152.70013612
112.711,3016.01,2608.86,4301.98,3727.14,10.996,"2026-07-06T17:02:56.854Z",2026-07-06 14:02:56.854,"2026-07-06 14:02","up",46.289,151.86680276
112.965,3015.12,2607.87,4304.49,3729.25,10.987,"2026-07-06T17:02:56.854Z",2026-07-06 14:02:56.854,"2026-07-06 14:02","up",46.035,151.0334694
113.22,3012.77,2605.86,4304.71,3729.58,10.991,"2026-07-06T17:02:56.854Z",2026-07-06 14:02:56.854,"2026-07-06 14:02","up",45.78,150.1968552
113.474,3012.66,2605.71,4302.95,3728.35,10.996,"2026-07-06T17:02:56.854Z",2026-07-06 14:02:56.854,"2026-07-06 14:02","up",45.526,149.36352184
113.728,3014.2,2606.97,4303.39,3728.72,10.993,"2026-07-06T17:02:56.854Z",2026-07-06 14:02:56.854,"2026-07-06 14:02","up",45.272,148.53018848
113.982,3013.91,2606.79,4305.82,3730.61,10.991,"2026-07-06T17:02:56.854Z",2026-07-06 14:02:56.854,"2026-07-06 14:02","up",45.018,147.69685512
114.236,3012.11,2605.21,4306.33,3730.92,10.987,"2026-07-06T17:02:56.854Z",2026-07-06 14:02:56.854,"2026-07-06 14:02","up",44.764,146.86352176
114.491,3011.44,2604.48,4304.89,3729.84,10.986,"2026-07-06T17:02:56.854Z",2026-07-06 14:02:56.854,"2026-07-06 14:02","up",44.509,146.02690756
114.745,3011.87,2604.88,4304.6,3729.76,10.991,"2026-07-06T17:02:56.854Z",2026-07-06 14:02:56.854,"2026-07-06 14:02","up",44.255,145.1935742
114.999,3011.32,2604.35,4305.39,3730.34,10.986,"2026-07-06T17:02:56.854Z",2026-07-06 14:02:56.854,"2026-07-06 14:02","up",44.001,144.36024084
115.253,3010.29,2603.3,4305.11,3730.08,10.981,"2026-07-06T17:02:56.854Z",2026-07-06 14:02:56.854,"2026-07-06 14:02","up",43.747,143.52690748
115.507,3010.23,2603.03,4304.23,3729.64,10.981,"2026-07-06T17:02:56.854Z",2026-07-06 14:02:56.854,"2026-07-06 14:02","up",43.493,142.69357412
115.762,3010.35,2603.08,4304.65,3730.22,10.984,"2026-07-06T17:02:56.854Z",2026-07-06 14:02:56.854,"2026-07-06 14:02","up",43.238,141.85695992
116.016,3009.39,2602.52,4305.69,3731.03,10.991,"2026-07-06T17:02:56.854Z",2026-07-06 14:02:56.854,"2026-07-06 14:02","up",42.984,141.02362656
116.27,3009.11,2602.15,4305.81,3731.28,10.99,"2026-07-06T17:02:56.854Z",2026-07-06 14:02:56.854,"2026-07-06 14:02","up",42.73,140.1902932
116.524,3009.88,2602.56,4306.16,3731.83,10.988,"2026-07-06T17:02:56.854Z",2026-07-06 14:02:56.854,"2026-07-06 14:02","up",42.476,139.35695984
116.778,3009.48,2602.55,4307.6,3732.97,10.996,"2026-07-06T17:02:56.854Z",2026-07-06 14:02:56.854,"2026-07-06 14:02","up",42.222,138.52362648
117.033,3008.07,2601.51,4308.07,3733.4,11.002,"2026-07-06T17:02:56.854Z",2026-07-06 14:02:56.854,"2026-07-06 14:02","up",41.967,137.68701228
117.287,3008.6,2601.63,4307.36,3733.14,10.999,"2026-07-06T17:02:56.854Z",2026-07-06 14:02:56.854,"2026-07-06 14:02","up",41.713,136.85367892
117.541,3010.4,2602.98,4308.26,3734.01,10.994,"2026-07-06T17:02:56.854Z",2026-07-06 14:02:56.854,"2026-07-06 14:02","up",41.459,136.02034556
117.795,3010.67,2603.1,4311.04,3736.22,10.987,"2026-07-06T17:02:56.854Z",2026-07-06 14:02:56.854,"2026-07-06 14:02","up",41.205,135.1870122
118.049,3010.06,2602.49,4312.71,3737.74,10.986,"2026-07-06T17:02:56.854Z",2026-07-06 14:02:56.854,"2026-07-06 14:02","up",40.951,134.35367884
118.304,3010.94,2603.2,4313.01,3738.29,10.99,"2026-07-06T17:02:56.854Z",2026-07-06 14:02:56.854,"2026-07-06 14:02","up",40.696,133.51706464
118.558,3012.19,2604.27,4314.47,3739.45,10.987,"2026-07-06T17:02:56.854Z",2026-07-06 14:02:56.854,"2026-07-06 14:02","up",40.442,132.68373128
118.812,3011.54,2603.88,4316.53,3740.55,10.978,"2026-07-06T17:02:56.854Z",2026-07-06 14:02:56.854,"2026-07-06 14:02","up",40.188,131.85039792
119.066,3010.45,2603,4316.78,3740.26,10.968,"2026-07-06T17:02:56.854Z",2026-07-06 14:02:56.854,"2026-07-06 14:02","up",39.934,131.01706456
119.32,3010.83,2603.02,4316.28,3739.84,10.959,"2026-07-06T17:02:56.854Z",2026-07-06 14:02:56.854,"2026-07-06 14:02","up",39.68,130.1837312
119.575,3010.96,2603.15,4317.22,3740.75,10.961,"2026-07-06T17:02:56.854Z",2026-07-06 14:02:56.854,"2026-07-06 14:02","up",39.425,129.347117
119.829,3009.15,2601.9,4318.24,3741.59,10.971,"2026-07-06T17:02:56.854Z",2026-07-06 14:02:56.854,"2026-07-06 14:02","up",39.171,128.51378364
120.083,3007.54,2600.6,4317.4,3740.98,10.976,"2026-07-06T17:02:56.854Z",2026-07-06 14:02:56.854,"2026-07-06 14:02","up",38.917,127.68045028
120.337,3007.74,2600.54,4316.45,3740.47,10.976,"2026-07-06T17:02:56.854Z",2026-07-06 14:02:56.854,"2026-07-06 14:02","up",38.663,126.84711692
120.591,3007.93,2600.56,4317.65,3741.56,10.972,"2026-07-06T17:02:56.854Z",2026-07-06 14:02:56.854,"2026-07-06 14:02","up",38.409,126.01378356
120.846,3006.64,2599.47,4319.13,3742.79,10.972,"2026-07-06T17:02:56.854Z",2026-07-06 14:02:56.854,"2026-07-06 14:02","up",38.154,125.17716936
121.1,3005.4,2598.48,4318.85,3742.74,10.979,"2026-07-06T17:02:56.854Z",2026-07-06 14:02:56.854,"2026-07-06 14:02","up",37.9,124.343836
121.354,3004.97,2597.99,4318.1,3742.37,10.981,"2026-07-06T17:02:56.854Z",2026-07-06 14:02:56.854,"2026-07-06 14:02","up",37.646,123.51050264
121.608,3004.16,2597.18,4317.95,3742.47,10.983,"2026-07-06T17:02:56.854Z",2026-07-06 14:02:56.854,"2026-07-06 14:02","up",37.392,122.67716928
121.862,3003.18,2596.38,4317.5,3742.27,10.989,"2026-07-06T17:02:56.854Z",2026-07-06 14:02:56.854,"2026-07-06 14:02","up",37.138,121.84383592
122.117,3003.62,2596.55,4317.08,3741.93,10.983,"2026-07-06T17:02:56.854Z",2026-07-06 14:02:56.854,"2026-07-06 14:02","up",36.883,121.00722172
122.371,3004.24,2597,4318.26,3742.69,10.974,"2026-07-06T17:02:56.854Z",2026-07-06 14:02:56.854,"2026-07-06 14:02","up",36.629,120.17388836
122.625,3003.39,2596.51,4319.97,3743.96,10.977,"2026-07-06T17:02:56.854Z",2026-07-06 14:02:56.854,"2026-07-06 14:02","up",36.375,119.340555
122.879,3002.66,2595.85,4320.14,3744.24,10.979,"2026-07-06T17:02:56.854Z",2026-07-06 14:02:56.854,"2026-07-06 14:02","up",36.121,118.50722164
123.133,3003.77,2596.2,4320.07,3744.33,10.962,"2026-07-06T17:02:56.854Z",2026-07-06 14:02:56.854,"2026-07-06 14:02","up",35.867,117.67388828
123.388,3004.84,2596.96,4322,3745.73,10.951,"2026-07-06T17:02:56.854Z",2026-07-06 14:02:56.854,"2026-07-06 14:02","up",35.612,116.83727408
123.642,3004.23,2596.7,4324.38,3747.44,10.952,"2026-07-06T17:02:56.854Z",2026-07-06 14:02:56.854,"2026-07-06 14:02","up",35.358,116.00394072
123.896,3003.86,2596.42,4324.99,3747.99,10.954,"2026-07-06T17:02:56.854Z",2026-07-06 14:02:56.854,"2026-07-06 14:02","up",35.104,115.17060736
124.15,3004.56,2596.91,4325.39,3748.4,10.951,"2026-07-06T17:02:56.854Z",2026-07-06 14:02:56.854,"2026-07-06 14:02","up",34.85,114.337274
124.404,3004.12,2596.57,4326.96,3749.56,10.948,"2026-07-06T17:02:56.854Z",2026-07-06 14:02:56.854,"2026-07-06 14:02","up",34.596,113.50394064
124.659,3002.24,2594.97,4327.41,3749.93,10.948,"2026-07-06T17:02:56.854Z",2026-07-06 14:02:56.854,"2026-07-06 14:02","up",34.341,112.66732644
124.913,3001.58,2594.37,4325.99,3749.17,10.958,"2026-07-06T17:02:56.854Z",2026-07-06 14:02:56.854,"2026-07-06 14:02","up",34.087,111.83399308
125.167,3002.58,2595.23,4325.81,3749.39,10.966,"2026-07-06T17:02:56.854Z",2026-07-06 14:02:56.854,"2026-07-06 14:02","up",33.833,111.00065972
125.421,3002.09,2595.06,4327.78,3750.87,10.969,"2026-07-06T17:02:56.854Z",2026-07-06 14:02:56.854,"2026-07-06 14:02","up",33.579,110.16732636
125.675,3000.22,2593.47,4328.61,3751.3,10.964,"2026-07-06T17:02:56.854Z",2026-07-06 14:02:56.854,"2026-07-06 14:02","up",33.325,109.333993
125.93,3000.06,2592.94,4327.56,3750.61,10.956,"2026-07-06T17:02:56.854Z",2026-07-06 14:02:56.854,"2026-07-06 14:02","up",33.07,108.4973788
126.184,3001.03,2593.55,4327.87,3750.98,10.951,"2026-07-06T17:02:56.854Z",2026-07-06 14:02:56.854,"2026-07-06 14:02","up",32.816,107.66404544
126.438,3000.41,2593.26,4329.68,3752.23,10.952,"2026-07-06T17:02:56.854Z",2026-07-06 14:02:56.854,"2026-07-06 14:02","up",32.562,106.83071208
126.692,2998.93,2592.15,4330.04,3752.35,10.953,"2026-07-06T17:02:56.854Z",2026-07-06 14:02:56.854,"2026-07-06 14:02","up",32.308,105.99737872
126.946,2998.81,2591.8,4329.11,3751.8,10.951,"2026-07-06T17:02:56.854Z",2026-07-06 14:02:56.854,"2026-07-06 14:02","up",32.054,105.16404536
127.201,2999.17,2591.97,4329.4,3752.49,10.956,"2026-07-06T17:02:56.854Z",2026-07-06 14:02:56.854,"2026-07-06 14:02","up",31.799,104.32743116
127.455,2998.04,2591.04,4330.68,3753.58,10.957,"2026-07-06T17:02:56.854Z",2026-07-06 14:02:56.854,"2026-07-06 14:02","up",31.545,103.4940978
127.709,2996.64,2589.64,4330.5,3753.31,10.948,"2026-07-06T17:02:56.854Z",2026-07-06 14:02:56.854,"2026-07-06 14:02","up",31.291,102.66076444
127.963,2996.96,2589.68,4329.47,3752.67,10.947,"2026-07-06T17:02:56.854Z",2026-07-06 14:02:56.854,"2026-07-06 14:02","up",31.037,101.82743108
128.217,2997.45,2590.09,4330.3,3753.45,10.947,"2026-07-06T17:02:56.854Z",2026-07-06 14:02:56.854,"2026-07-06 14:02","up",30.783,100.99409772
128.472,2996.16,2589.11,4331.96,3754.54,10.944,"2026-07-06T17:02:56.854Z",2026-07-06 14:02:56.854,"2026-07-06 14:02","up",30.528,100.15748352
128.726,2994.97,2588.17,4331.68,3754.4,10.949,"2026-07-06T17:02:56.854Z",2026-07-06 14:02:56.854,"2026-07-06 14:02","up",30.274,99.32415016
128.98,2995.42,2588.44,4331.05,3754.28,10.955,"2026-07-06T17:02:56.854Z",2026-07-06 14:02:56.854,"2026-07-06 14:02","up",30.02,98.4908168
129.234,2995.87,2588.61,4332.22,3755.32,10.948,"2026-07-06T17:02:56.854Z",2026-07-06 14:02:56.854,"2026-07-06 14:02","up",29.766,97.65748344
129.488,2994.93,2587.95,4333.32,3756.01,10.947,"2026-07-06T17:02:56.854Z",2026-07-06 14:02:56.854,"2026-07-06 14:02","up",29.512,96.82415008
129.743,2994.54,2587.69,4332.93,3755.86,10.954,"2026-07-06T17:02:56.854Z",2026-07-06 14:02:56.854,"2026-07-06 14:02","up",29.257,95.98753588
129.997,2995.49,2588.3,4333,3756.38,10.957,"2026-07-06T17:02:56.854Z",2026-07-06 14:02:56.854,"2026-07-06 14:02","up",29.003,95.15420252
130.251,2996.01,2588.55,4334.78,3758.01,10.953,"2026-07-06T17:02:56.854Z",2026-07-06 14:02:56.854,"2026-07-06 14:02","up",28.749,94.32086916
130.505,2995.77,2588.3,4336.74,3759.83,10.954,"2026-07-06T17:02:56.854Z",2026-07-06 14:02:56.854,"2026-07-06 14:02","up",28.495,93.4875358
130.759,2995.53,2588.37,4337.8,3761.38,10.977,"2026-07-06T17:02:56.854Z",2026-07-06 14:02:56.854,"2026-07-06 14:02","up",28.241,92.65420244
131.014,2994.76,2588,4338.59,3762.95,11.006,"2026-07-06T17:02:56.854Z",2026-07-06 14:02:56.854,"2026-07-06 14:02","up",27.986,91.81758824
131.268,2993.22,2586.81,4338.79,3763.97,11.03,"2026-07-06T17:02:56.854Z",2026-07-06 14:02:56.854,"2026-07-06 14:02","up",27.732,90.98425488
131.522,2992.71,2586.08,4337.94,3764.41,11.047,"2026-07-06T17:02:56.854Z",2026-07-06 14:02:56.854,"2026-07-06 14:02","up",27.478,90.15092152
131.776,2994.24,2586.81,4338.08,3765.97,11.059,"2026-07-06T17:02:56.854Z",2026-07-06 14:02:56.854,"2026-07-06 14:02","up",27.224,89.31758816
132.03,2995.47,2587.72,4340.81,3769.31,11.076,"2026-07-06T17:02:56.854Z",2026-07-06 14:02:56.854,"2026-07-06 14:02","up",26.97,88.4842548
132.285,2994.28,2587.01,4343.41,3772.28,11.102,"2026-07-06T17:02:56.854Z",2026-07-06 14:02:56.854,"2026-07-06 14:02","up",26.715,87.6476406
132.539,2992.86,2585.78,4343.3,3773.27,11.126,"2026-07-06T17:02:56.854Z",2026-07-06 14:02:56.854,"2026-07-06 14:02","up",26.461,86.81430724
132.793,2992.95,2585.76,4342.41,3774.03,11.157,"2026-07-06T17:02:56.854Z",2026-07-06 14:02:56.854,"2026-07-06 14:02","up",26.207,85.98097388
133.047,2993.19,2586.31,4343.3,3776.54,11.207,"2026-07-06T17:02:56.854Z",2026-07-06 14:02:56.854,"2026-07-06 14:02","up",25.953,85.14764052
133.301,2992.21,2586.06,4345.02,3779.48,11.258,"2026-07-06T17:02:56.854Z",2026-07-06 14:02:56.854,"2026-07-06 14:02","up",25.699,84.31430716
133.556,2991.4,2585.35,4345.57,3781.08,11.282,"2026-07-06T17:02:56.854Z",2026-07-06 14:02:56.854,"2026-07-06 14:02","up",25.444,83.47769296
133.81,2991.33,2584.82,4345.24,3781.67,11.287,"2026-07-06T17:02:56.854Z",2026-07-06 14:02:56.854,"2026-07-06 14:02","up",25.19,82.6443596
134.064,2990.99,2584.35,4345.42,3781.95,11.284,"2026-07-06T17:02:56.854Z",2026-07-06 14:02:56.854,"2026-07-06 14:02","up",24.936,81.81102624
134.318,2990.83,2584.05,4345.88,3781.98,11.27,"2026-07-06T17:02:56.854Z",2026-07-06 14:02:56.854,"2026-07-06 14:02","up",24.682,80.97769288
134.572,2991.71,2584.55,4346.54,3781.93,11.248,"2026-07-06T17:02:56.854Z",2026-07-06 14:02:56.854,"2026-07-06 14:02","up",24.428,80.14435952
134.827,2992.55,2585.46,4348.14,3781.95,11.224,"2026-07-06T17:02:56.854Z",2026-07-06 14:02:56.854,"2026-07-06 14:02","up",24.173,79.30774532
135.081,2992.1,2585.04,4350.02,3782.33,11.195,"2026-07-06T17:02:56.854Z",2026-07-06 14:02:56.854,"2026-07-06 14:02","up",23.919,78.47441196
135.335,2991.07,2584.04,4350.73,3782.76,11.187,"2026-07-06T17:02:56.854Z",2026-07-06 14:02:56.854,"2026-07-06 14:02","up",23.665,77.6410786
135.589,2991.17,2584.14,4350.86,3782.98,11.19,"2026-07-06T17:02:56.854Z",2026-07-06 14:02:56.854,"2026-07-06 14:02","up",23.411,76.80774524
135.843,2991.7,2584.59,4352.03,3783.48,11.178,"2026-07-06T17:02:56.854Z",2026-07-06 14:02:56.854,"2026-07-06 14:02","up",23.157,75.97441188
136.098,2991.39,2584.32,4353.41,3783.55,11.153,"2026-07-06T17:02:56.854Z",2026-07-06 14:02:56.854,"2026-07-06 14:02","up",22.902,75.13779768
136.352,2991.37,2584.09,4353.6,3782.51,11.12,"2026-07-06T17:02:56.854Z",2026-07-06 14:02:56.854,"2026-07-06 14:02","up",22.648,74.30446432
136.606,2992.24,2584.82,4354,3781.9,11.098,"2026-07-06T17:02:56.854Z",2026-07-06 14:02:56.854,"2026-07-06 14:02","up",22.394,73.47113096
136.86,2992.08,2585.04,4355.72,3782.75,11.095,"2026-07-06T17:02:56.854Z",2026-07-06 14:02:56.854,"2026-07-06 14:02","up",22.14,72.6377976
137.114,2990.51,2583.65,4356.41,3783.22,11.091,"2026-07-06T17:02:56.854Z",2026-07-06 14:02:56.854,"2026-07-06 14:02","up",21.886,71.80446424
137.369,2989.91,2582.82,4355.25,3782.62,11.09,"2026-07-06T17:02:56.854Z",2026-07-06 14:02:56.854,"2026-07-06 14:02","up",21.631,70.96785004
137.623,2990.42,2583.28,4355.3,3782.86,11.095,"2026-07-06T17:02:56.854Z",2026-07-06 14:02:56.854,"2026-07-06 14:02","up",21.377,70.13451668
137.877,2989.95,2583.01,4357.14,3784.1,11.092,"2026-07-06T17:02:56.854Z",2026-07-06 14:02:56.854,"2026-07-06 14:02","up",21.123,69.30118332
138.131,2988.08,2581.39,4357.55,3783.98,11.081,"2026-07-06T17:02:56.854Z",2026-07-06 14:02:56.854,"2026-07-06 14:02","up",20.869,68.46784996
138.385,2987.25,2580.22,4355.92,3782.29,11.06,"2026-07-06T17:02:56.854Z",2026-07-06 14:02:56.854,"2026-07-06 14:02","up",20.615,67.6345166
138.64,2987.45,2580.23,4355.22,3781.67,11.054,"2026-07-06T17:02:56.854Z",2026-07-06 14:02:56.854,"2026-07-06 14:02","up",20.36,66.7979024
138.894,2986.9,2579.9,4356.37,3782.45,11.054,"2026-07-06T17:02:56.854Z",2026-07-06 14:02:56.854,"2026-07-06 14:02","up",20.106,65.96456904
139.148,2985.91,2579.07,4356.98,3782.56,11.046,"2026-07-06T17:02:56.854Z",2026-07-06 14:02:56.854,"2026-07-06 14:02","up",19.852,65.13123568
139.402,2985.99,2578.94,4356.57,3781.85,11.032,"2026-07-06T17:02:56.854Z",2026-07-06 14:02:56.854,"2026-07-06 14:02","up",19.598,64.29790232
139.656,2986.24,2579.18,4356.81,3781.7,11.025,"2026-07-06T17:02:56.854Z",2026-07-06 14:02:56.854,"2026-07-06 14:02","up",19.344,63.46456896
139.911,2985.22,2578.5,4357.47,3781.83,11.021,"2026-07-06T17:02:56.854Z",2026-07-06 14:02:56.854,"2026-07-06 14:02","up",19.089,62.62795476
140.165,2984.32,2577.69,4357.01,3781.16,11.014,"2026-07-06T17:02:56.854Z",2026-07-06 14:02:56.854,"2026-07-06 14:02","up",18.835,61.7946214
140.419,2984.72,2578,4356.37,3780.64,11.014,"2026-07-06T17:02:56.854Z",2026-07-06 14:02:56.854,"2026-07-06 14:02","up",18.581,60.96128804
140.673,2985.16,2578.6,4357.35,3781.5,11.021,"2026-07-06T17:02:56.854Z",2026-07-06 14:02:56.854,"2026-07-06 14:02","up",18.327,60.12795468
140.927,2984.6,2578.29,4358.9,3782.77,11.025,"2026-07-06T17:02:56.854Z",2026-07-06 14:02:56.854,"2026-07-06 14:02","up",18.073,59.29462132
141.182,2984.18,2577.78,4359.42,3783.16,11.019,"2026-07-06T17:02:56.854Z",2026-07-06 14:02:56.854,"2026-07-06 14:02","up",17.818,58.45800712
141.436,2984.46,2577.83,4359.84,3783.28,11.007,"2026-07-06T17:02:56.854Z",2026-07-06 14:02:56.854,"2026-07-06 14:02","up",17.564,57.62467376
141.69,2984.03,2577.47,4360.97,3783.93,11,"2026-07-06T17:02:56.854Z",2026-07-06 14:02:56.854,"2026-07-06 14:02","up",17.31,56.7913404
141.944,2982.93,2576.63,4361.28,3784.33,11.007,"2026-07-06T17:02:56.854Z",2026-07-06 14:02:56.854,"2026-07-06 14:02","up",17.056,55.95800704
142.198,2982.91,2576.56,4360.7,3784.38,11.017,"2026-07-06T17:02:56.854Z",2026-07-06 14:02:56.854,"2026-07-06 14:02","up",16.802,55.12467368
142.453,2983.54,2577.2,4361.35,3785.21,11.026,"2026-07-06T17:02:56.854Z",2026-07-06 14:02:56.854,"2026-07-06 14:02","up",16.547,54.28805948
142.707,2983.08,2576.8,4363.16,3786.48,11.02,"2026-07-06T17:02:56.854Z",2026-07-06 14:02:56.854,"2026-07-06 14:02","up",16.293,53.45472612
142.961,2981.93,2575.8,4363.78,3786.72,11.013,"2026-07-06T17:02:56.854Z",2026-07-06 14:02:56.854,"2026-07-06 14:02","up",16.039,52.62139276
143.215,2982.12,2575.7,4363.44,3786.38,11.003,"2026-07-06T17:02:56.854Z",2026-07-06 14:02:56.854,"2026-07-06 14:02","up",15.785,51.7880594
143.469,2982.87,2576.43,4364.2,3787.02,11.005,"2026-07-06T17:02:56.854Z",2026-07-06 14:02:56.854,"2026-07-06 14:02","up",15.531,50.95472604
143.724,2982.3,2576.33,4365.52,3788.11,11.017,"2026-07-06T17:02:56.854Z",2026-07-06 14:02:56.854,"2026-07-06 14:02","up",15.276,50.11811184
143.978,2981.25,2575.6,4365.15,3788.03,11.028,"2026-07-06T17:02:56.854Z",2026-07-06 14:02:56.854,"2026-07-06 14:02","up",15.022,49.28477848
144.232,2981.39,2575.98,4364,3787.73,11.052,"2026-07-06T17:02:56.854Z",2026-07-06 14:02:56.854,"2026-07-06 14:02","up",14.768,48.45144512
144.486,2981.57,2576.23,4364.36,3788.52,11.065,"2026-07-06T17:02:56.854Z",2026-07-06 14:02:56.854,"2026-07-06 14:02","up",14.514,47.61811176
144.74,2980.31,2575.23,4365.21,3789.22,11.068,"2026-07-06T17:02:56.854Z",2026-07-06 14:02:56.854,"2026-07-06 14:02","up",14.26,46.7847784
144.995,2978.96,2574.1,4364.44,3788.53,11.068,"2026-07-06T17:02:56.854Z",2026-07-06 14:02:56.854,"2026-07-06 14:02","up",14.005,45.9481642
145.249,2978.94,2573.97,4363.35,3787.6,11.065,"2026-07-06T17:02:56.854Z",2026-07-06 14:02:56.854,"2026-07-06 14:02","up",13.751,45.11483084
145.503,2978.91,2573.94,4363.91,3787.96,11.062,"2026-07-06T17:02:56.854Z",2026-07-06 14:02:56.854,"2026-07-06 14:02","up",13.497,44.28149748
145.757,2977.67,2573.05,4364.89,3788.67,11.065,"2026-07-06T17:02:56.854Z",2026-07-06 14:02:56.854,"2026-07-06 14:02","up",13.243,43.44816412
146.011,2976.77,2572.41,4364.32,3788.49,11.076,"2026-07-06T17:02:56.854Z",2026-07-06 14:02:56.854,"2026-07-06 14:02","up",12.989,42.61483076
146.266,2977.21,2572.61,4363.73,3788.4,11.079,"2026-07-06T17:02:56.854Z",2026-07-06 14:02:56.854,"2026-07-06 14:02","up",12.734,41.77821656
146.52,2977.38,2572.78,4364.7,3789.3,11.082,"2026-07-06T17:02:56.854Z",2026-07-06 14:02:56.854,"2026-07-06 14:02","up",12.48,40.9448832
146.774,2976.54,2572.38,4365.63,3790.08,11.092,"2026-07-06T17:02:56.854Z",2026-07-06 14:02:56.854,"2026-07-06 14:02","up",12.226,40.11154984
147.028,2976.41,2572.24,4365.43,3790.32,11.1,"2026-07-06T17:02:56.854Z",2026-07-06 14:02:56.854,"2026-07-06 14:02","up",11.972,39.27821648
147.282,2977.41,2572.96,4365.91,3791.28,11.107,"2026-07-06T17:02:56.854Z",2026-07-06 14:02:56.854,"2026-07-06 14:02","up",11.718,38.44488312
147.537,2977.59,2573.32,4367.98,3793.24,11.117,"2026-07-06T17:02:56.854Z",2026-07-06 14:02:56.854,"2026-07-06 14:02","up",11.463,37.60826892
147.791,2976.57,2572.65,4369.31,3794.45,11.126,"2026-07-06T17:02:56.854Z",2026-07-06 14:02:56.854,"2026-07-06 14:02","up",11.209,36.77493556
148.045,2976.19,2572.47,4368.85,3794.36,11.137,"2026-07-06T17:02:56.854Z",2026-07-06 14:02:56.854,"2026-07-06 14:02","up",10.955,35.9416022
148.299,2976.76,2573.19,4369.07,3794.79,11.15,"2026-07-06T17:02:56.854Z",2026-07-06 14:02:56.854,"2026-07-06 14:02","up",10.701,35.10826884
148.553,2976.84,2573.49,4370.69,3796.4,11.162,"2026-07-06T17:02:56.854Z",2026-07-06 14:02:56.854,"2026-07-06 14:02","up",10.447,34.27493548
148.808,2976.15,2573.1,4371.63,3797.54,11.176,"2026-07-06T17:02:56.854Z",2026-07-06 14:02:56.854,"2026-07-06 14:02","up",10.192,33.43832128
149.062,2976.18,2572.9,4371.56,3797.86,11.177,"2026-07-06T17:02:56.854Z",2026-07-06 14:02:56.854,"2026-07-06 14:02","up",9.93799999999999,32.60498792
149.316,2976.72,2572.85,4372.39,3798.8,11.165,"2026-07-06T17:02:56.854Z",2026-07-06 14:02:56.854,"2026-07-06 14:02","up",9.684,31.77165456
149.57,2976.63,2572.13,4373.98,3800.01,11.14,"2026-07-06T17:02:56.854Z",2026-07-06 14:02:56.854,"2026-07-06 14:02","up",9.43000000000001,30.9383212
149.824,2976.13,2570.02,4374.89,3799.46,11.056,"2026-07-06T17:02:56.854Z",2026-07-06 14:02:56.854,"2026-07-06 14:02","up",9.17599999999999,30.10498784
150.079,2975.77,2566.47,4375.41,3796.54,10.876,"2026-07-06T17:02:56.854Z",2026-07-06 14:02:56.854,"2026-07-06 14:02","up",8.92099999999999,29.26837364
150.333,2974.6,2562.42,4375.94,3792.16,10.67,"2026-07-06T17:02:56.854Z",2026-07-06 14:02:56.854,"2026-07-06 14:02","up",8.667,28.43504028
150.587,2972.34,2558.39,4375.15,3787.38,10.513,"2026-07-06T17:02:56.854Z",2026-07-06 14:02:56.854,"2026-07-06 14:02","up",8.41300000000001,27.60170692
150.841,2970.96,2555.37,4372.74,3782.84,10.399,"2026-07-06T17:02:56.854Z",2026-07-06 14:02:56.854,"2026-07-06 14:02","up",8.15899999999999,26.76837356
151.095,2970.94,2553.97,4371.4,3779.81,10.313,"2026-07-06T17:02:56.854Z",2026-07-06 14:02:56.854,"2026-07-06 14:02","up",7.905,25.9350402
151.35,2970.46,2552.95,4372.16,3778.64,10.252,"2026-07-06T17:02:56.854Z",2026-07-06 14:02:56.854,"2026-07-06 14:02","up",7.65000000000001,25.098426
151.604,2969.34,2551.82,4372.57,3777.86,10.222,"2026-07-06T17:02:56.854Z",2026-07-06 14:02:56.854,"2026-07-06 14:02","up",7.39599999999999,24.26509264
151.858,2969.11,2551.7,4371.83,3776.98,10.219,"2026-07-06T17:02:56.854Z",2026-07-06 14:02:56.854,"2026-07-06 14:02","up",7.142,23.43175928
152.112,2969.35,2552.47,4371.67,3777.27,10.247,"2026-07-06T17:02:56.854Z",2026-07-06 14:02:56.854,"2026-07-06 14:02","up",6.888,22.59842592
152.366,2968.72,2552.93,4372.14,3778.83,10.305,"2026-07-06T17:02:56.854Z",2026-07-06 14:02:56.854,"2026-07-06 14:02","up",6.63399999999999,21.76509256
152.621,2967.66,2553.66,4371.77,3780.46,10.401,"2026-07-06T17:02:56.854Z",2026-07-06 14:02:56.854,"2026-07-06 14:02","up",6.37899999999999,20.92847836
152.875,2968.08,2556.25,4371.39,3782.94,10.536,"2026-07-06T17:02:56.854Z",2026-07-06 14:02:56.854,"2026-07-06 14:02","up",6.125,20.095145
153.129,2969.42,2560.5,4373.27,3787.96,10.712,"2026-07-06T17:02:56.854Z",2026-07-06 14:02:56.854,"2026-07-06 14:02","up",5.87100000000001,19.26181164
153.383,2969.54,2564.4,4376.37,3794.8,10.927,"2026-07-06T17:02:56.854Z",2026-07-06 14:02:56.854,"2026-07-06 14:02","up",5.61699999999999,18.42847828
153.637,2969.22,2568.37,4377.9,3801.67,11.188,"2026-07-06T17:02:56.854Z",2026-07-06 14:02:56.854,"2026-07-06 14:02","up",5.363,17.59514492
153.892,2970.82,2574.28,4378.66,3809.12,11.485,"2026-07-06T17:02:56.854Z",2026-07-06 14:02:56.854,"2026-07-06 14:02","up",5.108,16.75853072
154.146,2973.49,2581.93,4381.4,3818.93,11.823,"2026-07-06T17:02:56.854Z",2026-07-06 14:02:56.854,"2026-07-06 14:02","up",4.85400000000001,15.92519736
154.4,2975.5,2589.94,4385.63,3830.82,12.207,"2026-07-06T17:02:56.854Z",2026-07-06 14:02:56.854,"2026-07-06 14:02","up",4.59999999999999,15.091864
154.654,2977.21,2598.59,4389.03,3843.47,12.654,"2026-07-06T17:02:56.854Z",2026-07-06 14:02:56.854,"2026-07-06 14:02","up",4.346,14.25853064
154.908,2979.55,2608.96,4392.25,3857.47,13.171,"2026-07-06T17:02:56.854Z",2026-07-06 14:02:56.854,"2026-07-06 14:02","up",4.09200000000001,13.42519728
155.163,2981.81,2620.46,4396.59,3874.01,13.761,"2026-07-06T17:02:56.854Z",2026-07-06 14:02:56.854,"2026-07-06 14:02","up",3.83699999999999,12.58858308
155.417,2984.1,2633.29,4400.84,3892.57,14.439,"2026-07-06T17:02:56.854Z",2026-07-06 14:02:56.854,"2026-07-06 14:02","up",3.583,11.75524972
155.671,2988.19,2648.87,4405.15,3913.3,15.201,"2026-07-06T17:02:56.854Z",2026-07-06 14:02:56.854,"2026-07-06 14:02","up",3.32900000000001,10.92191636
155.925,2993.49,2666.82,4411.62,3937.54,16.038,"2026-07-06T17:02:56.854Z",2026-07-06 14:02:56.854,"2026-07-06 14:02","up",3.07499999999999,10.088583
156.179,2997.65,2686.03,4419.74,3965.12,16.988,"2026-07-06T17:02:56.854Z",2026-07-06 14:02:56.854,"2026-07-06 14:02","up",2.821,9.25524963999999
156.434,3001.45,2707.52,4426.85,3995.13,18.095,"2026-07-06T17:02:56.854Z",2026-07-06 14:02:56.854,"2026-07-06 14:02","up",2.566,8.41863544000001
156.688,3007.43,2733.53,4433.63,4028.92,19.371,"2026-07-06T17:02:56.854Z",2026-07-06 14:02:56.854,"2026-07-06 14:02","up",2.31200000000001,7.58530208000004
156.942,3014.91,2763.04,4443.11,4068.66,20.791,"2026-07-06T17:02:56.854Z",2026-07-06 14:02:56.854,"2026-07-06 14:02","up",2.05799999999999,6.75196871999998
157.196,3021.88,2793.65,4454.79,4113.49,22.325,"2026-07-06T17:02:56.854Z",2026-07-06 14:02:56.854,"2026-07-06 14:02","up",1.804,5.91863536000001
157.45,3030.9,2832.15,4465.96,4163.01,24.161,"2026-07-06T17:02:56.854Z",2026-07-06 14:02:56.854,"2026-07-06 14:02","up",1.55000000000001,5.08530200000004
157.705,3046.53,2894.34,4479.4,4228.69,26.862,"2026-07-06T17:02:56.854Z",2026-07-06 14:02:56.854,"2026-07-06 14:02","up",1.29499999999999,4.24868779999996
157.959,3067.05,2980.35,4502.89,4330.42,30.746,"2026-07-06T17:02:56.854Z",2026-07-06 14:02:56.854,"2026-07-06 14:02","up",1.041,3.41535443999999
158.213,3083.96,3061.17,4537.83,4465.84,35.048,"2026-07-06T17:02:56.854Z",2026-07-06 14:02:56.854,"2026-07-06 14:02","up",0.787000000000006,2.58202108000002
158.467,3089.65,3096.19,4574.31,4591.52,37.958,"2026-07-06T17:02:56.854Z",2026-07-06 14:02:56.854,"2026-07-06 14:02","up",0.532999999999987,1.74868771999996
158.721,3087.41,3088.97,4595.62,4651.89,38.642,"2026-07-06T17:02:56.854Z",2026-07-06 14:02:56.854,"2026-07-06 14:02","up",0.278999999999996,0.915354359999988
158.976,3089.97,3084.4,4596.01,4649.36,38.346,"2026-07-06T17:02:56.854Z",2026-07-06 14:02:56.854,"2026-07-06 14:02","up",0.0240000000000009,0.078740160000003
8.235,3467.7,3358.19,3823.93,3687.99,35.972,"2026-07-06T23:04:31.382Z",2026-07-06 20:04:31.382,"2026-07-06 20:04","down",0.234999999999999,0.770997399999998
8.49,3459.21,3342.75,3816.54,3663.8,35.3,"2026-07-06T23:04:31.382Z",2026-07-06 20:04:31.382,"2026-07-06 20:04","down",0.49,1.6076116
8.744,3446,3308.39,3814.83,3649.69,34.326,"2026-07-06T23:04:31.382Z",2026-07-06 20:04:31.382,"2026-07-06 20:04","down",0.744,2.44094496
8.998,3425.74,3238.11,3808.08,3611.13,31.952,"2026-07-06T23:04:31.382Z",2026-07-06 20:04:31.382,"2026-07-06 20:04","down",0.997999999999999,3.27427832
9.252,3404.04,3155.35,3791.13,3537.46,28.547,"2026-07-06T23:04:31.382Z",2026-07-06 20:04:31.382,"2026-07-06 20:04","down",1.252,4.10761168
9.506,3389.09,3090.81,3771.09,3455.72,25.342,"2026-07-06T23:04:31.382Z",2026-07-06 20:04:31.382,"2026-07-06 20:04","down",1.506,4.94094504
9.761,3378.95,3045.63,3755.8,3392.26,22.943,"2026-07-06T23:04:31.382Z",2026-07-06 20:04:31.382,"2026-07-06 20:04","down",1.761,5.77755924
10.015,3369.81,3009.16,3744.78,3346.53,21.139,"2026-07-06T23:04:31.382Z",2026-07-06 20:04:31.382,"2026-07-06 20:04","down",2.015,6.6108926
10.269,3362.72,2978.38,3735.53,3309.3,19.631,"2026-07-06T23:04:31.382Z",2026-07-06 20:04:31.382,"2026-07-06 20:04","down",2.269,7.44422596
10.523,3358.14,2953.31,3728.7,3278.09,18.328,"2026-07-06T23:04:31.382Z",2026-07-06 20:04:31.382,"2026-07-06 20:04","down",2.523,8.27755932
10.777,3352.69,2931.03,3723.73,3251.93,17.221,"2026-07-06T23:04:31.382Z",2026-07-06 20:04:31.382,"2026-07-06 20:04","down",2.777,9.11089268
11.032,3346.14,2910,3718.25,3228.47,16.261,"2026-07-06T23:04:31.382Z",2026-07-06 20:04:31.382,"2026-07-06 20:04","down",3.032,9.94750688
11.286,3341.43,2891.7,3712.24,3207.07,15.402,"2026-07-06T23:04:31.382Z",2026-07-06 20:04:31.382,"2026-07-06 20:04","down",3.286,10.78084024
11.54,3338.5,2876.22,3707.65,3188.63,14.626,"2026-07-06T23:04:31.382Z",2026-07-06 20:04:31.382,"2026-07-06 20:04","down",3.54,11.6141736
11.794,3334.71,2861.92,3704.22,3172.57,13.943,"2026-07-06T23:04:31.382Z",2026-07-06 20:04:31.382,"2026-07-06 20:04","down",3.794,12.44750696
12.048,3331.19,2849.46,3700.67,3157.89,13.348,"2026-07-06T23:04:31.382Z",2026-07-06 20:04:31.382,"2026-07-06 20:04","down",4.048,13.28084032
12.303,3330.03,2840.07,3698.03,3145.41,12.822,"2026-07-06T23:04:31.382Z",2026-07-06 20:04:31.382,"2026-07-06 20:04","down",4.303,14.11745452
12.557,3329.14,2831.84,3697.19,3135.75,12.358,"2026-07-06T23:04:31.382Z",2026-07-06 20:04:31.382,"2026-07-06 20:04","down",4.557,14.95078788
12.811,3325.95,2822.92,3696.29,3127.03,11.958,"2026-07-06T23:04:31.382Z",2026-07-06 20:04:31.382,"2026-07-06 20:04","down",4.811,15.78412124
13.065,3323.38,2815.18,3693.75,3118.16,11.611,"2026-07-06T23:04:31.382Z",2026-07-06 20:04:31.382,"2026-07-06 20:04","down",5.065,16.6174546
13.319,3323.38,2809.97,3691.55,3110.74,11.305,"2026-07-06T23:04:31.382Z",2026-07-06 20:04:31.382,"2026-07-06 20:04","down",5.319,17.45078796
13.574,3322.45,2804.88,3691.08,3105.31,11.041,"2026-07-06T23:04:31.382Z",2026-07-06 20:04:31.382,"2026-07-06 20:04","down",5.574,18.28740216
13.828,3319.12,2798.9,3690.22,3100.22,10.829,"2026-07-06T23:04:31.382Z",2026-07-06 20:04:31.382,"2026-07-06 20:04","down",5.828,19.12073552
14.082,3317.16,2794.55,3688.27,3095.1,10.655,"2026-07-06T23:04:31.382Z",2026-07-06 20:04:31.382,"2026-07-06 20:04","down",6.082,19.95406888
14.336,3317.45,2792.63,3687.49,3091.65,10.514,"2026-07-06T23:04:31.382Z",2026-07-06 20:04:31.382,"2026-07-06 20:04","down",6.336,20.78740224
14.59,3316.68,2790.52,3688.08,3089.99,10.413,"2026-07-06T23:04:31.382Z",2026-07-06 20:04:31.382,"2026-07-06 20:04","down",6.59,21.6207356
14.845,3314.43,2787.84,3687.78,3088.36,10.352,"2026-07-06T23:04:31.382Z",2026-07-06 20:04:31.382,"2026-07-06 20:04","down",6.845,22.4573498
15.099,3313.29,2786.61,3686.26,3086.65,10.332,"2026-07-06T23:04:31.382Z",2026-07-06 20:04:31.382,"2026-07-06 20:04","down",7.099,23.29068316
15.353,3313.62,2786.95,3685.64,3086.37,10.34,"2026-07-06T23:04:31.382Z",2026-07-06 20:04:31.382,"2026-07-06 20:04","down",7.353,24.12401652
15.607,3312.93,2787.23,3686.15,3087.27,10.379,"2026-07-06T23:04:31.382Z",2026-07-06 20:04:31.382,"2026-07-06 20:04","down",7.607,24.95734988
15.861,3312.02,2787.69,3686.05,3088.1,10.44,"2026-07-06T23:04:31.382Z",2026-07-06 20:04:31.382,"2026-07-06 20:04","down",7.861,25.79068324
16.116,3313.66,2790.09,3686.03,3089.59,10.512,"2026-07-06T23:04:31.382Z",2026-07-06 20:04:31.382,"2026-07-06 20:04","down",8.116,26.62729744
16.37,3316.32,2794.09,3688.04,3093.33,10.619,"2026-07-06T23:04:31.382Z",2026-07-06 20:04:31.382,"2026-07-06 20:04","down",8.37,27.4606308
16.624,3317.23,2798.39,3691.03,3098.6,10.799,"2026-07-06T23:04:31.382Z",2026-07-06 20:04:31.382,"2026-07-06 20:04","down",8.624,28.29396416
16.878,3317.39,2802.77,3693.08,3103.92,11.024,"2026-07-06T23:04:31.382Z",2026-07-06 20:04:31.382,"2026-07-06 20:04","down",8.878,29.12729752
17.132,3317.86,2805.95,3694.79,3109.09,11.207,"2026-07-06T23:04:31.382Z",2026-07-06 20:04:31.382,"2026-07-06 20:04","down",9.132,29.96063088
17.387,3316.85,2806.33,3696.58,3113.18,11.313,"2026-07-06T23:04:31.382Z",2026-07-06 20:04:31.382,"2026-07-06 20:04","down",9.387,30.79724508
17.641,3314.51,2804.96,3696.92,3114.57,11.361,"2026-07-06T23:04:31.382Z",2026-07-06 20:04:31.382,"2026-07-06 20:04","down",9.641,31.63057844
17.895,3313.73,2804.49,3695.91,3114.22,11.38,"2026-07-06T23:04:31.382Z",2026-07-06 20:04:31.382,"2026-07-06 20:04","down",9.895,32.4639118
18.149,3314.79,2805.59,3695.73,3114.62,11.402,"2026-07-06T23:04:31.382Z",2026-07-06 20:04:31.382,"2026-07-06 20:04","down",10.149,33.29724516
18.403,3314.53,2806.12,3696.52,3115.94,11.442,"2026-07-06T23:04:31.382Z",2026-07-06 20:04:31.382,"2026-07-06 20:04","down",10.403,34.13057852
18.658,3312.52,2804.9,3696.29,3116.27,11.47,"2026-07-06T23:04:31.382Z",2026-07-06 20:04:31.382,"2026-07-06 20:04","down",10.658,34.96719272
18.912,3312.36,2804.3,3695.3,3115.56,11.46,"2026-07-06T23:04:31.382Z",2026-07-06 20:04:31.382,"2026-07-06 20:04","down",10.912,35.80052608
19.166,3314.55,2805.78,3695.98,3116.06,11.446,"2026-07-06T23:04:31.382Z",2026-07-06 20:04:31.382,"2026-07-06 20:04","down",11.166,36.63385944
19.42,3315.03,2806.59,3697.82,3117.57,11.457,"2026-07-06T23:04:31.382Z",2026-07-06 20:04:31.382,"2026-07-06 20:04","down",11.42,37.4671928
19.674,3313.71,2805.5,3697.97,3117.76,11.46,"2026-07-06T23:04:31.382Z",2026-07-06 20:04:31.382,"2026-07-06 20:04","down",11.674,38.30052616
19.929,3313.87,2804.66,3696.99,3116.82,11.428,"2026-07-06T23:04:31.382Z",2026-07-06 20:04:31.382,"2026-07-06 20:04","down",11.929,39.13714036
20.183,3314.93,2804.41,3697.8,3116.87,11.376,"2026-07-06T23:04:31.382Z",2026-07-06 20:04:31.382,"2026-07-06 20:04","down",12.183,39.97047372
20.437,3313.71,2802.93,3699.6,3117.52,11.34,"2026-07-06T23:04:31.382Z",2026-07-06 20:04:31.382,"2026-07-06 20:04","down",12.437,40.80380708
20.691,3311.37,2800.87,3699.88,3117.31,11.325,"2026-07-06T23:04:31.382Z",2026-07-06 20:04:31.382,"2026-07-06 20:04","down",12.691,41.63714044
20.945,3310.99,2800.38,3699.51,3116.91,11.317,"2026-07-06T23:04:31.382Z",2026-07-06 20:04:31.382,"2026-07-06 20:04","down",12.945,42.4704738
21.2,3311.3,2800.24,3700.34,3117.53,11.304,"2026-07-06T23:04:31.382Z",2026-07-06 20:04:31.382,"2026-07-06 20:04","down",13.2,43.307088
21.454,3309.67,2798.74,3701.01,3117.97,11.296,"2026-07-06T23:04:31.382Z",2026-07-06 20:04:31.382,"2026-07-06 20:04","down",13.454,44.14042136
21.708,3307.82,2797.2,3700.1,3116.93,11.29,"2026-07-06T23:04:31.382Z",2026-07-06 20:04:31.382,"2026-07-06 20:04","down",13.708,44.97375472
21.962,3308.4,2797.46,3699.25,3116.02,11.278,"2026-07-06T23:04:31.382Z",2026-07-06 20:04:31.382,"2026-07-06 20:04","down",13.962,45.80708808
22.216,3309.31,2797.93,3700,3116.61,11.267,"2026-07-06T23:04:31.382Z",2026-07-06 20:04:31.382,"2026-07-06 20:04","down",14.216,46.64042144
22.471,3307.91,2796.57,3700.71,3117.28,11.264,"2026-07-06T23:04:31.382Z",2026-07-06 20:04:31.382,"2026-07-06 20:04","down",14.471,47.47703564
22.725,3306.44,2795.27,3700.03,3116.73,11.263,"2026-07-06T23:04:31.382Z",2026-07-06 20:04:31.382,"2026-07-06 20:04","down",14.725,48.310369
22.979,3307.25,2795.57,3699.76,3116.59,11.254,"2026-07-06T23:04:31.382Z",2026-07-06 20:04:31.382,"2026-07-06 20:04","down",14.979,49.14370236
23.233,3308.06,2795.8,3701.09,3118.02,11.249,"2026-07-06T23:04:31.382Z",2026-07-06 20:04:31.382,"2026-07-06 20:04","down",15.233,49.97703572
23.487,3307.3,2795.17,3702.51,3120.12,11.273,"2026-07-06T23:04:31.382Z",2026-07-06 20:04:31.382,"2026-07-06 20:04","down",15.487,50.81036908
23.742,3306.89,2794.98,3703.29,3122.24,11.317,"2026-07-06T23:04:31.382Z",2026-07-06 20:04:31.382,"2026-07-06 20:04","down",15.742,51.64698328
23.996,3306.93,2794.9,3704.2,3124.22,11.346,"2026-07-06T23:04:31.382Z",2026-07-06 20:04:31.382,"2026-07-06 20:04","down",15.996,52.48031664
24.25,3305.57,2793.9,3704.76,3125.23,11.365,"2026-07-06T23:04:31.382Z",2026-07-06 20:04:31.382,"2026-07-06 20:04","down",16.25,53.31365
24.504,3304.35,2793,3704.22,3125.29,11.383,"2026-07-06T23:04:31.382Z",2026-07-06 20:04:31.382,"2026-07-06 20:04","down",16.504,54.14698336
24.758,3305.07,2793.42,3704.08,3126.12,11.403,"2026-07-06T23:04:31.382Z",2026-07-06 20:04:31.382,"2026-07-06 20:04","down",16.758,54.98031672
25.013,3305.41,2793.48,3705.52,3128.1,11.417,"2026-07-06T23:04:31.382Z",2026-07-06 20:04:31.382,"2026-07-06 20:04","down",17.013,55.81693092
25.267,3303.47,2792.13,3706.68,3129.44,11.435,"2026-07-06T23:04:31.382Z",2026-07-06 20:04:31.382,"2026-07-06 20:04","down",17.267,56.65026428
25.521,3301.99,2791.23,3706.3,3129.71,11.461,"2026-07-06T23:04:31.382Z",2026-07-06 20:04:31.382,"2026-07-06 20:04","down",17.521,57.48359764
25.775,3303.52,2792.43,3706.42,3130.46,11.476,"2026-07-06T23:04:31.382Z",2026-07-06 20:04:31.382,"2026-07-06 20:04","down",17.775,58.316931
26.029,3304.91,2793.74,3708.22,3132.36,11.49,"2026-07-06T23:04:31.382Z",2026-07-06 20:04:31.382,"2026-07-06 20:04","down",18.029,59.15026436
26.284,3303.51,2793.11,3709.43,3133.53,11.511,"2026-07-06T23:04:31.382Z",2026-07-06 20:04:31.382,"2026-07-06 20:04","down",18.284,59.98687856
26.538,3302.59,2792.4,3708.68,3133.2,11.521,"2026-07-06T23:04:31.382Z",2026-07-06 20:04:31.382,"2026-07-06 20:04","down",18.538,60.82021192
26.792,3304.04,2793.64,3708.57,3133.46,11.531,"2026-07-06T23:04:31.382Z",2026-07-06 20:04:31.382,"2026-07-06 20:04","down",18.792,61.65354528
27.046,3304.21,2794.31,3710.39,3135.08,11.549,"2026-07-06T23:04:31.382Z",2026-07-06 20:04:31.382,"2026-07-06 20:04","down",19.046,62.48687864
27.3,3302.25,2792.95,3711.4,3136.02,11.56,"2026-07-06T23:04:31.382Z",2026-07-06 20:04:31.382,"2026-07-06 20:04","down",19.3,63.320212
27.555,3302.28,2792.96,3710.77,3136,11.574,"2026-07-06T23:04:31.382Z",2026-07-06 20:04:31.382,"2026-07-06 20:04","down",19.555,64.1568262
27.809,3304.54,2794.99,3711.33,3137.08,11.593,"2026-07-06T23:04:31.382Z",2026-07-06 20:04:31.382,"2026-07-06 20:04","down",19.809,64.99015956
28.063,3304.94,2795.91,3713.58,3139.22,11.617,"2026-07-06T23:04:31.382Z",2026-07-06 20:04:31.382,"2026-07-06 20:04","down",20.063,65.82349292
28.317,3303.02,2794.96,3714.73,3140.26,11.639,"2026-07-06T23:04:31.382Z",2026-07-06 20:04:31.382,"2026-07-06 20:04","down",20.317,66.65682628
28.571,3302.01,2794.28,3714.21,3139.97,11.648,"2026-07-06T23:04:31.382Z",2026-07-06 20:04:31.382,"2026-07-06 20:04","down",20.571,67.49015964
28.826,3302.97,2794.93,3714.31,3140.07,11.644,"2026-07-06T23:04:31.382Z",2026-07-06 20:04:31.382,"2026-07-06 20:04","down",20.826,68.32677384
29.08,3303.55,2795.31,3715.63,3141.06,11.637,"2026-07-06T23:04:31.382Z",2026-07-06 20:04:31.382,"2026-07-06 20:04","down",21.08,69.1601072
29.334,3303.08,2795.01,3716.52,3141.69,11.637,"2026-07-06T23:04:31.382Z",2026-07-06 20:04:31.382,"2026-07-06 20:04","down",21.334,69.99344056
29.588,3302.41,2794.93,3716.59,3141.72,11.651,"2026-07-06T23:04:31.382Z",2026-07-06 20:04:31.382,"2026-07-06 20:04","down",21.588,70.82677392
29.842,3301.62,2794.74,3716.64,3141.65,11.662,"2026-07-06T23:04:31.382Z",2026-07-06 20:04:31.382,"2026-07-06 20:04","down",21.842,71.66010728
30.097,3300.22,2793.35,3716.53,3141.26,11.648,"2026-07-06T23:04:31.382Z",2026-07-06 20:04:31.382,"2026-07-06 20:04","down",22.097,72.49672148
30.351,3299.41,2792.23,3715.94,3140.58,11.63,"2026-07-06T23:04:31.382Z",2026-07-06 20:04:31.382,"2026-07-06 20:04","down",22.351,73.33005484
30.605,3299.94,2793.22,3715.75,3140.63,11.652,"2026-07-06T23:04:31.382Z",2026-07-06 20:04:31.382,"2026-07-06 20:04","down",22.605,74.1633882
30.859,3300.01,2794.48,3716.27,3141.89,11.71,"2026-07-06T23:04:31.382Z",2026-07-06 20:04:31.382,"2026-07-06 20:04","down",22.859,74.99672156
31.113,3298.51,2794.24,3716.26,3142.89,11.768,"2026-07-06T23:04:31.382Z",2026-07-06 20:04:31.382,"2026-07-06 20:04","down",23.113,75.83005492
31.367,3297.8,2794.12,3715.43,3142.81,11.799,"2026-07-06T23:04:31.382Z",2026-07-06 20:04:31.382,"2026-07-06 20:04","down",23.367,76.66338828
31.622,3299.02,2795.07,3715.78,3143.41,11.805,"2026-07-06T23:04:31.382Z",2026-07-06 20:04:31.382,"2026-07-06 20:04","down",23.622,77.50000248
31.876,3299.48,2795.4,3717.76,3145.23,11.807,"2026-07-06T23:04:31.382Z",2026-07-06 20:04:31.382,"2026-07-06 20:04","down",23.876,78.33333584
32.13,3298.51,2795.06,3719.15,3146.48,11.824,"2026-07-06T23:04:31.382Z",2026-07-06 20:04:31.382,"2026-07-06 20:04","down",24.13,79.1666692
32.384,3298.54,2795.77,3719.39,3147.03,11.854,"2026-07-06T23:04:31.382Z",2026-07-06 20:04:31.382,"2026-07-06 20:04","down",24.384,80.00000256
32.638,3300.18,2797.45,3720.36,3148.24,11.872,"2026-07-06T23:04:31.382Z",2026-07-06 20:04:31.382,"2026-07-06 20:04","down",24.638,80.83333592
32.893,3300.12,2798.17,3722.02,3149.72,11.898,"2026-07-06T23:04:31.382Z",2026-07-06 20:04:31.382,"2026-07-06 20:04","down",24.893,81.66995012
33.147,3298.19,2797.23,3722.34,3150.02,11.919,"2026-07-06T23:04:31.382Z",2026-07-06 20:04:31.382,"2026-07-06 20:04","down",25.147,82.50328348
33.401,3297.72,2796.35,3721.58,3149.42,11.906,"2026-07-06T23:04:31.382Z",2026-07-06 20:04:31.382,"2026-07-06 20:04","down",25.401,83.33661684
33.655,3298.98,2796.3,3721.98,3149.72,11.872,"2026-07-06T23:04:31.382Z",2026-07-06 20:04:31.382,"2026-07-06 20:04","down",25.655,84.1699502
33.909,3298.81,2795.24,3723.37,3150.81,11.842,"2026-07-06T23:04:31.382Z",2026-07-06 20:04:31.382,"2026-07-06 20:04","down",25.909,85.00328356
34.164,3297.63,2793.66,3723.9,3151.07,11.819,"2026-07-06T23:04:31.382Z",2026-07-06 20:04:31.382,"2026-07-06 20:04","down",26.164,85.83989776
34.418,3297.42,2792.77,3724.17,3150.92,11.788,"2026-07-06T23:04:31.382Z",2026-07-06 20:04:31.382,"2026-07-06 20:04","down",26.418,86.67323112
34.672,3297.26,2791.75,3725.33,3151.49,11.75,"2026-07-06T23:04:31.382Z",2026-07-06 20:04:31.382,"2026-07-06 20:04","down",26.672,87.50656448
34.926,3295.21,2789.46,3725.9,3151.84,11.73,"2026-07-06T23:04:31.382Z",2026-07-06 20:04:31.382,"2026-07-06 20:04","down",26.926,88.33989784
35.18,3293.63,2787.38,3724.88,3151.18,11.713,"2026-07-06T23:04:31.382Z",2026-07-06 20:04:31.382,"2026-07-06 20:04","down",27.18,89.1732312
35.435,3294.51,2786.88,3724.36,3151.07,11.684,"2026-07-06T23:04:31.382Z",2026-07-06 20:04:31.382,"2026-07-06 20:04","down",27.435,90.0098454
35.689,3295.43,2786.41,3725.85,3152.22,11.643,"2026-07-06T23:04:31.382Z",2026-07-06 20:04:31.382,"2026-07-06 20:04","down",27.689,90.84317876
35.943,3294.46,2784.7,3727.58,3153.02,11.599,"2026-07-06T23:04:31.382Z",2026-07-06 20:04:31.382,"2026-07-06 20:04","down",27.943,91.67651212
36.197,3293.61,2783.23,3728.24,3152.77,11.554,"2026-07-06T23:04:31.382Z",2026-07-06 20:04:31.382,"2026-07-06 20:04","down",28.197,92.50984548
36.451,3293.76,2782.43,3728.83,3152.43,11.504,"2026-07-06T23:04:31.382Z",2026-07-06 20:04:31.382,"2026-07-06 20:04","down",28.451,93.34317884
36.706,3293.06,2781.15,3729.77,3152.11,11.454,"2026-07-06T23:04:31.382Z",2026-07-06 20:04:31.382,"2026-07-06 20:04","down",28.706,94.17979304
36.96,3291.17,2779.29,3729.66,3151.05,11.42,"2026-07-06T23:04:31.382Z",2026-07-06 20:04:31.382,"2026-07-06 20:04","down",28.96,95.0131264
37.214,3290.52,2778.03,3728.64,3149.91,11.391,"2026-07-06T23:04:31.382Z",2026-07-06 20:04:31.382,"2026-07-06 20:04","down",29.214,95.84645976
37.468,3290.26,2777.2,3728.45,3149.46,11.365,"2026-07-06T23:04:31.382Z",2026-07-06 20:04:31.382,"2026-07-06 20:04","down",29.468,96.67979312
37.722,3288.62,2775.93,3728.78,3148.92,11.346,"2026-07-06T23:04:31.382Z",2026-07-06 20:04:31.382,"2026-07-06 20:04","down",29.722,97.51312648
37.977,3287.31,2774.74,3728.17,3147.66,11.324,"2026-07-06T23:04:31.382Z",2026-07-06 20:04:31.382,"2026-07-06 20:04","down",29.977,98.34974068
38.231,3288.72,2775.17,3727.57,3146.78,11.291,"2026-07-06T23:04:31.382Z",2026-07-06 20:04:31.382,"2026-07-06 20:04","down",30.231,99.18307404
38.485,3290.46,2776.18,3728.48,3147.12,11.266,"2026-07-06T23:04:31.382Z",2026-07-06 20:04:31.382,"2026-07-06 20:04","down",30.485,100.0164074
38.739,3289.54,2775.58,3729.73,3147.43,11.251,"2026-07-06T23:04:31.382Z",2026-07-06 20:04:31.382,"2026-07-06 20:04","down",30.739,100.84974076
38.993,3287.87,2774.52,3729.75,3146.75,11.243,"2026-07-06T23:04:31.382Z",2026-07-06 20:04:31.382,"2026-07-06 20:04","down",30.993,101.68307412
39.248,3287.9,2774.5,3729.43,3146.11,11.232,"2026-07-06T23:04:31.382Z",2026-07-06 20:04:31.382,"2026-07-06 20:04","down",31.248,102.51968832
39.502,3287.81,2774.23,3729.83,3146.09,11.217,"2026-07-06T23:04:31.382Z",2026-07-06 20:04:31.382,"2026-07-06 20:04","down",31.502,103.35302168
39.756,3286.41,2773.11,3729.93,3145.52,11.201,"2026-07-06T23:04:31.382Z",2026-07-06 20:04:31.382,"2026-07-06 20:04","down",31.756,104.18635504
40.01,3285.66,2772.47,3729.17,3144.24,11.184,"2026-07-06T23:04:31.382Z",2026-07-06 20:04:31.382,"2026-07-06 20:04","down",32.01,105.0196884
40.264,3286.29,2772.8,3728.98,3143.55,11.164,"2026-07-06T23:04:31.382Z",2026-07-06 20:04:31.382,"2026-07-06 20:04","down",32.264,105.85302176
40.519,3286.25,2772.78,3729.73,3143.75,11.153,"2026-07-06T23:04:31.382Z",2026-07-06 20:04:31.382,"2026-07-06 20:04","down",32.519,106.68963596
40.773,3285.12,2771.78,3729.9,3143.73,11.147,"2026-07-06T23:04:31.382Z",2026-07-06 20:04:31.382,"2026-07-06 20:04","down",32.773,107.52296932
41.027,3284.86,2771.36,3729.34,3143.22,11.14,"2026-07-06T23:04:31.382Z",2026-07-06 20:04:31.382,"2026-07-06 20:04","down",33.027,108.35630268
41.281,3285.62,2771.94,3729.87,3143.42,11.131,"2026-07-06T23:04:31.382Z",2026-07-06 20:04:31.382,"2026-07-06 20:04","down",33.281,109.18963604
41.535,3285.6,2772,3731.43,3144.37,11.124,"2026-07-06T23:04:31.382Z",2026-07-06 20:04:31.382,"2026-07-06 20:04","down",33.535,110.0229694
41.79,3284.86,2771.34,3731.97,3144.76,11.121,"2026-07-06T23:04:31.382Z",2026-07-06 20:04:31.382,"2026-07-06 20:04","down",33.79,110.8595836
42.044,3284.96,2771.34,3731.78,3144.74,11.123,"2026-07-06T23:04:31.382Z",2026-07-06 20:04:31.382,"2026-07-06 20:04","down",34.044,111.69291696
42.298,3285.31,2771.84,3732.58,3145.34,11.127,"2026-07-06T23:04:31.382Z",2026-07-06 20:04:31.382,"2026-07-06 20:04","down",34.298,112.52625032
42.552,3283.99,2770.96,3733.59,3145.87,11.125,"2026-07-06T23:04:31.382Z",2026-07-06 20:04:31.382,"2026-07-06 20:04","down",34.552,113.35958368
42.806,3282.14,2769.24,3733.01,3145.28,11.118,"2026-07-06T23:04:31.382Z",2026-07-06 20:04:31.382,"2026-07-06 20:04","down",34.806,114.19291704
43.061,3282.16,2768.97,3731.89,3144.58,11.116,"2026-07-06T23:04:31.382Z",2026-07-06 20:04:31.382,"2026-07-06 20:04","down",35.061,115.02953124
43.315,3283,2769.68,3732.34,3145.15,11.12,"2026-07-06T23:04:31.382Z",2026-07-06 20:04:31.382,"2026-07-06 20:04","down",35.315,115.8628646
43.569,3282.64,2769.63,3733.75,3146.24,11.126,"2026-07-06T23:04:31.382Z",2026-07-06 20:04:31.382,"2026-07-06 20:04","down",35.569,116.69619796
43.823,3282.2,2769.4,3734.39,3146.77,11.13,"2026-07-06T23:04:31.382Z",2026-07-06 20:04:31.382,"2026-07-06 20:04","down",35.823,117.52953132
44.077,3282.52,2769.88,3734.64,3147.38,11.147,"2026-07-06T23:04:31.382Z",2026-07-06 20:04:31.382,"2026-07-06 20:04","down",36.077,118.36286468
44.332,3282.56,2770.01,3735.5,3148.43,11.158,"2026-07-06T23:04:31.382Z",2026-07-06 20:04:31.382,"2026-07-06 20:04","down",36.332,119.19947888
44.586,3281.56,2769.17,3736.29,3148.97,11.155,"2026-07-06T23:04:31.382Z",2026-07-06 20:04:31.382,"2026-07-06 20:04","down",36.586,120.03281224
44.84,3281.07,2768.55,3736.28,3148.94,11.149,"2026-07-06T23:04:31.382Z",2026-07-06 20:04:31.382,"2026-07-06 20:04","down",36.84,120.8661456
45.094,3281.96,2769.05,3736.71,3149.51,11.146,"2026-07-06T23:04:31.382Z",2026-07-06 20:04:31.382,"2026-07-06 20:04","down",37.094,121.69947896
45.348,3282.36,2769.38,3738.06,3150.56,11.144,"2026-07-06T23:04:31.382Z",2026-07-06 20:04:31.382,"2026-07-06 20:04","down",37.348,122.53281232
45.603,3281.45,2768.96,3738.65,3150.84,11.148,"2026-07-06T23:04:31.382Z",2026-07-06 20:04:31.382,"2026-07-06 20:04","down",37.603,123.36942652
45.857,3281.1,2768.63,3738.14,3150.44,11.148,"2026-07-06T23:04:31.382Z",2026-07-06 20:04:31.382,"2026-07-06 20:04","down",37.857,124.20275988
46.111,3280.76,2768.19,3738.01,3150.51,11.148,"2026-07-06T23:04:31.382Z",2026-07-06 20:04:31.382,"2026-07-06 20:04","down",38.111,125.03609324
46.365,3278.96,2766.69,3738.17,3150.69,11.15,"2026-07-06T23:04:31.382Z",2026-07-06 20:04:31.382,"2026-07-06 20:04","down",38.365,125.8694266
46.619,3277.16,2765.08,3737.38,3150.06,11.148,"2026-07-06T23:04:31.382Z",2026-07-06 20:04:31.382,"2026-07-06 20:04","down",38.619,126.70275996
46.874,3276.91,2764.73,3736.55,3149.5,11.148,"2026-07-06T23:04:31.382Z",2026-07-06 20:04:31.382,"2026-07-06 20:04","down",38.874,127.53937416
47.128,3277.07,2764.83,3737.16,3149.85,11.142,"2026-07-06T23:04:31.382Z",2026-07-06 20:04:31.382,"2026-07-06 20:04","down",39.128,128.37270752
47.382,3276.28,2764.13,3738.03,3150.37,11.135,"2026-07-06T23:04:31.382Z",2026-07-06 20:04:31.382,"2026-07-06 20:04","down",39.382,129.20604088
47.636,3275.77,2763.42,3737.71,3150.33,11.133,"2026-07-06T23:04:31.382Z",2026-07-06 20:04:31.382,"2026-07-06 20:04","down",39.636,130.03937424
47.89,3276.67,2764.31,3737.53,3150.55,11.147,"2026-07-06T23:04:31.382Z",2026-07-06 20:04:31.382,"2026-07-06 20:04","down",39.89,130.8727076
48.145,3277.62,2765.65,3739.05,3152.07,11.17,"2026-07-06T23:04:31.382Z",2026-07-06 20:04:31.382,"2026-07-06 20:04","down",40.145,131.7093218
48.399,3276.78,2765.38,3740.8,3153.98,11.195,"2026-07-06T23:04:31.382Z",2026-07-06 20:04:31.382,"2026-07-06 20:04","down",40.399,132.54265516
48.653,3275.37,2764.24,3740.91,3154.72,11.214,"2026-07-06T23:04:31.382Z",2026-07-06 20:04:31.382,"2026-07-06 20:04","down",40.653,133.37598852
48.907,3275.5,2764.15,3740.46,3154.78,11.219,"2026-07-06T23:04:31.382Z",2026-07-06 20:04:31.382,"2026-07-06 20:04","down",40.907,134.20932188
49.161,3275.75,2764.3,3741.11,3155.39,11.219,"2026-07-06T23:04:31.382Z",2026-07-06 20:04:31.382,"2026-07-06 20:04","down",41.161,135.04265524
49.416,3274.51,2763.21,3741.76,3155.85,11.215,"2026-07-06T23:04:31.382Z",2026-07-06 20:04:31.382,"2026-07-06 20:04","down",41.416,135.87926944
49.67,3273.73,2762.57,3741.64,3155.73,11.215,"2026-07-06T23:04:31.382Z",2026-07-06 20:04:31.382,"2026-07-06 20:04","down",41.67,136.7126028
49.924,3274.36,2763.06,3742.14,3156.23,11.216,"2026-07-06T23:04:31.382Z",2026-07-06 20:04:31.382,"2026-07-06 20:04","down",41.924,137.54593616
50.178,3274.37,2762.97,3743.59,3157.33,11.21,"2026-07-06T23:04:31.382Z",2026-07-06 20:04:31.382,"2026-07-06 20:04","down",42.178,138.37926952
50.432,3273.61,2762.27,3744.27,3157.68,11.202,"2026-07-06T23:04:31.382Z",2026-07-06 20:04:31.382,"2026-07-06 20:04","down",42.432,139.21260288
50.687,3273.46,2762.06,3743.96,3157.49,11.201,"2026-07-06T23:04:31.382Z",2026-07-06 20:04:31.382,"2026-07-06 20:04","down",42.687,140.04921708
50.941,3273.69,2761.99,3744.36,3157.87,11.195,"2026-07-06T23:04:31.382Z",2026-07-06 20:04:31.382,"2026-07-06 20:04","down",42.941,140.88255044
51.195,3272.72,2761.22,3745.15,3158.3,11.189,"2026-07-06T23:04:31.382Z",2026-07-06 20:04:31.382,"2026-07-06 20:04","down",43.195,141.7158838
51.449,3271.22,2760.04,3744.77,3157.91,11.19,"2026-07-06T23:04:31.382Z",2026-07-06 20:04:31.382,"2026-07-06 20:04","down",43.449,142.54921716
51.703,3271.39,2759.98,3743.81,3157.25,11.188,"2026-07-06T23:04:31.382Z",2026-07-06 20:04:31.382,"2026-07-06 20:04","down",43.703,143.38255052
51.958,3272.4,2760.64,3743.91,3157.34,11.183,"2026-07-06T23:04:31.382Z",2026-07-06 20:04:31.382,"2026-07-06 20:04","down",43.958,144.21916472
52.212,3271.83,2760.38,3744.58,3157.85,11.188,"2026-07-06T23:04:31.382Z",2026-07-06 20:04:31.382,"2026-07-06 20:04","down",44.212,145.05249808
52.466,3270.56,2759.42,3744.39,3157.83,11.195,"2026-07-06T23:04:31.382Z",2026-07-06 20:04:31.382,"2026-07-06 20:04","down",44.466,145.88583144
52.72,3270.61,2759.15,3744.08,3157.79,11.191,"2026-07-06T23:04:31.382Z",2026-07-06 20:04:31.382,"2026-07-06 20:04","down",44.72,146.7191648
52.974,3270.97,2759.42,3744.9,3158.55,11.192,"2026-07-06T23:04:31.382Z",2026-07-06 20:04:31.382,"2026-07-06 20:04","down",44.974,147.55249816
53.229,3270.01,2758.89,3745.77,3159.15,11.197,"2026-07-06T23:04:31.382Z",2026-07-06 20:04:31.382,"2026-07-06 20:04","down",45.229,148.38911236
53.483,3269.27,2758.21,3745.7,3159.1,11.196,"2026-07-06T23:04:31.382Z",2026-07-06 20:04:31.382,"2026-07-06 20:04","down",45.483,149.22244572
53.737,3269.87,2758.33,3745.85,3159.39,11.188,"2026-07-06T23:04:31.382Z",2026-07-06 20:04:31.382,"2026-07-06 20:04","down",45.737,150.05577908
53.991,3269.78,2758.1,3746.86,3160.14,11.181,"2026-07-06T23:04:31.382Z",2026-07-06 20:04:31.382,"2026-07-06 20:04","down",45.991,150.88911244
54.245,3268.27,2756.91,3747.14,3160.26,11.18,"2026-07-06T23:04:31.382Z",2026-07-06 20:04:31.382,"2026-07-06 20:04","down",46.245,151.7224458
54.5,3267.7,2756.33,3746.52,3159.84,11.18,"2026-07-06T23:04:31.382Z",2026-07-06 20:04:31.382,"2026-07-06 20:04","down",46.5,152.55906
54.754,3268.84,2757.09,3747.08,3160.39,11.176,"2026-07-06T23:04:31.382Z",2026-07-06 20:04:31.382,"2026-07-06 20:04","down",46.754,153.39239336
55.008,3268.84,2757.03,3748.86,3161.83,11.173,"2026-07-06T23:04:31.382Z",2026-07-06 20:04:31.382,"2026-07-06 20:04","down",47.008,154.22572672
55.262,3266.63,2755.4,3749.51,3162.39,11.18,"2026-07-06T23:04:31.382Z",2026-07-06 20:04:31.382,"2026-07-06 20:04","down",47.262,155.05906008
55.516,3265.11,2754.15,3749,3162.14,11.186,"2026-07-06T23:04:31.382Z",2026-07-06 20:04:31.382,"2026-07-06 20:04","down",47.516,155.89239344
55.771,3265.46,2754.43,3749.17,3162.72,11.196,"2026-07-06T23:04:31.382Z",2026-07-06 20:04:31.382,"2026-07-06 20:04","down",47.771,156.72900764
56.025,3265.76,2755.82,3750.13,3164.32,11.252,"2026-07-06T23:04:31.382Z",2026-07-06 20:04:31.382,"2026-07-06 20:04","down",48.025,157.562341
56.279,3265.37,2757.14,3750.68,3166.12,11.338,"2026-07-06T23:04:31.382Z",2026-07-06 20:04:31.382,"2026-07-06 20:04","down",48.279,158.39567436
56.533,3265.37,2758.2,3750.91,3167.92,11.412,"2026-07-06T23:04:31.382Z",2026-07-06 20:04:31.382,"2026-07-06 20:04","down",48.533,159.22900772
56.787,3265.62,2758.64,3751.88,3169.68,11.444,"2026-07-06T23:04:31.382Z",2026-07-06 20:04:31.382,"2026-07-06 20:04","down",48.787,160.06234108
57.042,3264.89,2757.84,3752.9,3170.63,11.441,"2026-07-06T23:04:31.382Z",2026-07-06 20:04:31.382,"2026-07-06 20:04","down",49.042,160.89895528
57.296,3264.09,2757.08,3752.75,3170.43,11.437,"2026-07-06T23:04:31.382Z",2026-07-06 20:04:31.382,"2026-07-06 20:04","down",49.296,161.73228864
57.55,3264.53,2757.54,3752.7,3170.45,11.441,"2026-07-06T23:04:31.382Z",2026-07-06 20:04:31.382,"2026-07-06 20:04","down",49.55,162.565622
57.804,3264.77,2757.79,3753.95,3171.51,11.442,"2026-07-06T23:04:31.382Z",2026-07-06 20:04:31.382,"2026-07-06 20:04","down",49.804,163.39895536
58.058,3263.29,2756.56,3755.08,3172.3,11.439,"2026-07-06T23:04:31.382Z",2026-07-06 20:04:31.382,"2026-07-06 20:04","down",50.058,164.23228872
58.313,3261.88,2755.22,3754.79,3172.08,11.435,"2026-07-06T23:04:31.382Z",2026-07-06 20:04:31.382,"2026-07-06 20:04","down",50.313,165.06890292
58.567,3261.77,2754.92,3754.42,3172.12,11.438,"2026-07-06T23:04:31.382Z",2026-07-06 20:04:31.382,"2026-07-06 20:04","down",50.567,165.90223628
58.821,3261.25,2754.33,3755.1,3172.94,11.44,"2026-07-06T23:04:31.382Z",2026-07-06 20:04:31.382,"2026-07-06 20:04","down",50.821,166.73556964
59.075,3260.27,2753.51,3755.8,3173.48,11.439,"2026-07-06T23:04:31.382Z",2026-07-06 20:04:31.382,"2026-07-06 20:04","down",51.075,167.568903
59.329,3260.93,2754.21,3756.31,3173.9,11.443,"2026-07-06T23:04:31.382Z",2026-07-06 20:04:31.382,"2026-07-06 20:04","down",51.329,168.40223636
59.584,3262.85,2755.67,3757.9,3175.28,11.439,"2026-07-06T23:04:31.382Z",2026-07-06 20:04:31.382,"2026-07-06 20:04","down",51.584,169.23885056
59.838,3263.21,2756.04,3760.01,3177.08,11.441,"2026-07-06T23:04:31.382Z",2026-07-06 20:04:31.382,"2026-07-06 20:04","down",51.838,170.07218392
60.092,3262.62,2755.61,3760.85,3177.89,11.446,"2026-07-06T23:04:31.382Z",2026-07-06 20:04:31.382,"2026-07-06 20:04","down",52.092,170.90551728
60.346,3263.19,2755.78,3760.87,3178.06,11.441,"2026-07-06T23:04:31.382Z",2026-07-06 20:04:31.382,"2026-07-06 20:04","down",52.346,171.73885064
60.6,3264.46,2756.53,3761.92,3178.98,11.432,"2026-07-06T23:04:31.382Z",2026-07-06 20:04:31.382,"2026-07-06 20:04","down",52.6,172.572184
60.855,3263.82,2756.39,3763.52,3180.21,11.44,"2026-07-06T23:04:31.382Z",2026-07-06 20:04:31.382,"2026-07-06 20:04","down",52.855,173.4087982
61.109,3262.28,2755.4,3763.94,3180.48,11.448,"2026-07-06T23:04:31.382Z",2026-07-06 20:04:31.382,"2026-07-06 20:04","down",53.109,174.24213156
61.363,3261.5,2754.76,3763.89,3180.39,11.447,"2026-07-06T23:04:31.382Z",2026-07-06 20:04:31.382,"2026-07-06 20:04","down",53.363,175.07546492
61.617,3261.15,2754.41,3764.84,3181.05,11.442,"2026-07-06T23:04:31.382Z",2026-07-06 20:04:31.382,"2026-07-06 20:04","down",53.617,175.90879828
61.871,3260.44,2753.76,3765.69,3181.83,11.442,"2026-07-06T23:04:31.382Z",2026-07-06 20:04:31.382,"2026-07-06 20:04","down",53.871,176.74213164
62.126,3260.15,2753.28,3765.51,3181.93,11.442,"2026-07-06T23:04:31.382Z",2026-07-06 20:04:31.382,"2026-07-06 20:04","down",54.126,177.57874584
62.38,3260.52,2753.46,3765.36,3182.07,11.444,"2026-07-06T23:04:31.382Z",2026-07-06 20:04:31.382,"2026-07-06 20:04","down",54.38,178.4120792
62.634,3260.19,2753.12,3765.82,3182.59,11.446,"2026-07-06T23:04:31.382Z",2026-07-06 20:04:31.382,"2026-07-06 20:04","down",54.634,179.24541256
62.888,3258.81,2751.75,3765.74,3182.45,11.438,"2026-07-06T23:04:31.382Z",2026-07-06 20:04:31.382,"2026-07-06 20:04","down",54.888,180.07874592
63.142,3258.57,2751.35,3765.14,3181.87,11.43,"2026-07-06T23:04:31.382Z",2026-07-06 20:04:31.382,"2026-07-06 20:04","down",55.142,180.91207928
63.397,3259.41,2752.11,3765.58,3182.4,11.435,"2026-07-06T23:04:31.382Z",2026-07-06 20:04:31.382,"2026-07-06 20:04","down",55.397,181.74869348
63.651,3259.68,2752.36,3766.89,3183.65,11.44,"2026-07-06T23:04:31.382Z",2026-07-06 20:04:31.382,"2026-07-06 20:04","down",55.651,182.58202684
63.905,3259.25,2752.07,3767.27,3183.97,11.442,"2026-07-06T23:04:31.382Z",2026-07-06 20:04:31.382,"2026-07-06 20:04","down",55.905,183.4153602
64.159,3259.62,2752.36,3767.02,3183.78,11.442,"2026-07-06T23:04:31.382Z",2026-07-06 20:04:31.382,"2026-07-06 20:04","down",56.159,184.24869356
64.413,3260.39,2752.9,3767.66,3184.17,11.435,"2026-07-06T23:04:31.382Z",2026-07-06 20:04:31.382,"2026-07-06 20:04","down",56.413,185.08202692
64.668,3259.55,2752.42,3768.45,3184.42,11.431,"2026-07-06T23:04:31.382Z",2026-07-06 20:04:31.382,"2026-07-06 20:04","down",56.668,185.91864112
64.922,3257.69,2750.93,3767.79,3183.79,11.431,"2026-07-06T23:04:31.382Z",2026-07-06 20:04:31.382,"2026-07-06 20:04","down",56.922,186.75197448
65.176,3257.39,2750.3,3766.89,3183.39,11.429,"2026-07-06T23:04:31.382Z",2026-07-06 20:04:31.382,"2026-07-06 20:04","down",57.176,187.58530784
65.43,3257.93,2750.42,3767.61,3184.1,11.422,"2026-07-06T23:04:31.382Z",2026-07-06 20:04:31.382,"2026-07-06 20:04","down",57.43,188.4186412
65.684,3256.39,2749.2,3768.74,3184.89,11.42,"2026-07-06T23:04:31.382Z",2026-07-06 20:04:31.382,"2026-07-06 20:04","down",57.684,189.25197456
65.939,3254.1,2747.49,3768.4,3184.53,11.425,"2026-07-06T23:04:31.382Z",2026-07-06 20:04:31.382,"2026-07-06 20:04","down",57.939,190.08858876
66.193,3253.99,2747.1,3768.01,3184.35,11.419,"2026-07-06T23:04:31.382Z",2026-07-06 20:04:31.382,"2026-07-06 20:04","down",58.193,190.92192212
66.447,3254.55,2747.14,3769.21,3185.44,11.408,"2026-07-06T23:04:31.382Z",2026-07-06 20:04:31.382,"2026-07-06 20:04","down",58.447,191.75525548
66.701,3253.6,2746.24,3770.45,3186.44,11.404,"2026-07-06T23:04:31.382Z",2026-07-06 20:04:31.382,"2026-07-06 20:04","down",58.701,192.58858884
66.955,3252.51,2745.37,3770.28,3186.4,11.408,"2026-07-06T23:04:31.382Z",2026-07-06 20:04:31.382,"2026-07-06 20:04","down",58.955,193.4219222
67.21,3252.24,2745.21,3770.14,3186.36,11.412,"2026-07-06T23:04:31.382Z",2026-07-06 20:04:31.382,"2026-07-06 20:04","down",59.21,194.2585364
67.464,3251.86,2745.12,3770.82,3186.91,11.419,"2026-07-06T23:04:31.382Z",2026-07-06 20:04:31.382,"2026-07-06 20:04","down",59.464,195.09186976
67.718,3251.14,2744.57,3771.18,3187.25,11.422,"2026-07-06T23:04:31.382Z",2026-07-06 20:04:31.382,"2026-07-06 20:04","down",59.718,195.92520312
67.972,3251.08,2744.32,3771.05,3187.22,11.418,"2026-07-06T23:04:31.382Z",2026-07-06 20:04:31.382,"2026-07-06 20:04","down",59.972,196.75853648
68.226,3251.33,2744.17,3771.67,3187.54,11.401,"2026-07-06T23:04:31.382Z",2026-07-06 20:04:31.382,"2026-07-06 20:04","down",60.226,197.59186984
68.481,3250.56,2743.39,3772.62,3188.08,11.39,"2026-07-06T23:04:31.382Z",2026-07-06 20:04:31.382,"2026-07-06 20:04","down",60.481,198.42848404
68.735,3249.33,2742.57,3772.47,3188.1,11.401,"2026-07-06T23:04:31.382Z",2026-07-06 20:04:31.382,"2026-07-06 20:04","down",60.735,199.2618174
68.989,3249.3,2742.48,3772.01,3188.04,11.407,"2026-07-06T23:04:31.382Z",2026-07-06 20:04:31.382,"2026-07-06 20:04","down",60.989,200.09515076
69.243,3249.46,2742.42,3772.77,3188.72,11.403,"2026-07-06T23:04:31.382Z",2026-07-06 20:04:31.382,"2026-07-06 20:04","down",61.243,200.92848412
69.497,3248.24,2741.52,3773.7,3189.32,11.402,"2026-07-06T23:04:31.382Z",2026-07-06 20:04:31.382,"2026-07-06 20:04","down",61.497,201.76181748
69.752,3246.77,2740.41,3773.09,3188.86,11.407,"2026-07-06T23:04:31.382Z",2026-07-06 20:04:31.382,"2026-07-06 20:04","down",61.752,202.59843168
70.006,3246.23,2739.91,3771.85,3188.14,11.414,"2026-07-06T23:04:31.382Z",2026-07-06 20:04:31.382,"2026-07-06 20:04","down",62.006,203.43176504
70.26,3246.03,2739.41,3771.67,3188.17,11.409,"2026-07-06T23:04:31.382Z",2026-07-06 20:04:31.382,"2026-07-06 20:04","down",62.26,204.2650984
70.514,3245.04,2738.38,3772.24,3188.55,11.4,"2026-07-06T23:04:31.382Z",2026-07-06 20:04:31.382,"2026-07-06 20:04","down",62.514,205.09843176
70.768,3244.7,2737.31,3772.66,3188.44,11.364,"2026-07-06T23:04:31.382Z",2026-07-06 20:04:31.382,"2026-07-06 20:04","down",62.768,205.93176512
71.023,3245.17,2736.13,3773.25,3187.66,11.282,"2026-07-06T23:04:31.382Z",2026-07-06 20:04:31.382,"2026-07-06 20:04","down",63.023,206.76837932
71.277,3245.05,2734.9,3774.2,3186.46,11.195,"2026-07-06T23:04:31.382Z",2026-07-06 20:04:31.382,"2026-07-06 20:04","down",63.277,207.60171268
71.531,3244.47,2734.11,3774.6,3185.38,11.149,"2026-07-06T23:04:31.382Z",2026-07-06 20:04:31.382,"2026-07-06 20:04","down",63.531,208.43504604
71.785,3244.64,2734.43,3774.52,3185.21,11.151,"2026-07-06T23:04:31.382Z",2026-07-06 20:04:31.382,"2026-07-06 20:04","down",63.785,209.2683794
72.039,3245.31,2735.3,3775.38,3186.38,11.172,"2026-07-06T23:04:31.382Z",2026-07-06 20:04:31.382,"2026-07-06 20:04","down",64.039,210.10171276
72.294,3244.71,2735.27,3777.06,3187.95,11.19,"2026-07-06T23:04:31.382Z",2026-07-06 20:04:31.382,"2026-07-06 20:04","down",64.294,210.93832696
72.548,3243.05,2734.04,3777.34,3188.3,11.199,"2026-07-06T23:04:31.382Z",2026-07-06 20:04:31.382,"2026-07-06 20:04","down",64.548,211.77166032
72.802,3242.15,2733.25,3776.13,3187.82,11.212,"2026-07-06T23:04:31.382Z",2026-07-06 20:04:31.382,"2026-07-06 20:04","down",64.802,212.60499368
73.056,3242.57,2733.51,3775.84,3188.16,11.225,"2026-07-06T23:04:31.382Z",2026-07-06 20:04:31.382,"2026-07-06 20:04","down",65.056,213.43832704
73.31,3242.97,2733.88,3776.88,3189.36,11.234,"2026-07-06T23:04:31.382Z",2026-07-06 20:04:31.382,"2026-07-06 20:04","down",65.31,214.2716604
73.565,3243.17,2734.08,3778.07,3190.57,11.24,"2026-07-06T23:04:31.382Z",2026-07-06 20:04:31.382,"2026-07-06 20:04","down",65.565,215.1082746
73.819,3243.64,2734.35,3779.54,3191.79,11.236,"2026-07-06T23:04:31.382Z",2026-07-06 20:04:31.382,"2026-07-06 20:04","down",65.819,215.94160796
74.073,3243.19,2733.88,3781.38,3193.13,11.228,"2026-07-06T23:04:31.382Z",2026-07-06 20:04:31.382,"2026-07-06 20:04","down",66.073,216.77494132
74.327,3241.15,2732.16,3782.22,3193.6,11.221,"2026-07-06T23:04:31.382Z",2026-07-06 20:04:31.382,"2026-07-06 20:04","down",66.327,217.60827468
74.581,3239.61,2730.7,3781.61,3193.03,11.215,"2026-07-06T23:04:31.382Z",2026-07-06 20:04:31.382,"2026-07-06 20:04","down",66.581,218.44160804
74.836,3239.49,2730.75,3781.42,3193.01,11.223,"2026-07-06T23:04:31.382Z",2026-07-06 20:04:31.382,"2026-07-06 20:04","down",66.836,219.27822224
75.09,3238.28,2730.07,3782.19,3193.61,11.232,"2026-07-06T23:04:31.382Z",2026-07-06 20:04:31.382,"2026-07-06 20:04","down",67.09,220.1115556
75.344,3235.64,2727.81,3781.75,3193.06,11.227,"2026-07-06T23:04:31.382Z",2026-07-06 20:04:31.382,"2026-07-06 20:04","down",67.344,220.94488896
75.598,3235.21,2726.92,3780,3191.74,11.215,"2026-07-06T23:04:31.382Z",2026-07-06 20:04:31.382,"2026-07-06 20:04","down",67.598,221.77822232
75.852,3236.91,2728,3780.11,3192.01,11.208,"2026-07-06T23:04:31.382Z",2026-07-06 20:04:31.382,"2026-07-06 20:04","down",67.852,222.61155568
76.107,3236.9,2727.98,3782.01,3193.55,11.206,"2026-07-06T23:04:31.382Z",2026-07-06 20:04:31.382,"2026-07-06 20:04","down",68.107,223.44816988
76.361,3234.92,2726.46,3782.37,3193.76,11.208,"2026-07-06T23:04:31.382Z",2026-07-06 20:04:31.382,"2026-07-06 20:04","down",68.361,224.28150324
76.615,3234.2,2725.86,3781.23,3192.85,11.21,"2026-07-06T23:04:31.382Z",2026-07-06 20:04:31.382,"2026-07-06 20:04","down",68.615,225.1148366
76.869,3234.59,2726.28,3781.32,3192.91,11.213,"2026-07-06T23:04:31.382Z",2026-07-06 20:04:31.382,"2026-07-06 20:04","down",68.869,225.94816996
77.123,3233.53,2725.63,3782.01,3193.4,11.217,"2026-07-06T23:04:31.382Z",2026-07-06 20:04:31.382,"2026-07-06 20:04","down",69.123,226.78150332
77.378,3232.03,2724.33,3781.05,3192.68,11.219,"2026-07-06T23:04:31.382Z",2026-07-06 20:04:31.382,"2026-07-06 20:04","down",69.378,227.61811752
77.632,3232.3,2724.32,3779.75,3191.77,11.216,"2026-07-06T23:04:31.382Z",2026-07-06 20:04:31.382,"2026-07-06 20:04","down",69.632,228.45145088
77.886,3232.88,2724.72,3780.43,3192.45,11.216,"2026-07-06T23:04:31.382Z",2026-07-06 20:04:31.382,"2026-07-06 20:04","down",69.886,229.28478424
78.14,3231.17,2723.42,3781.41,3193.2,11.219,"2026-07-06T23:04:31.382Z",2026-07-06 20:04:31.382,"2026-07-06 20:04","down",70.14,230.1181176
78.394,3229.46,2721.94,3780.43,3192.36,11.217,"2026-07-06T23:04:31.382Z",2026-07-06 20:04:31.382,"2026-07-06 20:04","down",70.394,230.95145096
78.649,3230.48,2722.62,3779.7,3191.95,11.217,"2026-07-06T23:04:31.382Z",2026-07-06 20:04:31.382,"2026-07-06 20:04","down",70.649,231.78806516
78.903,3231.76,2723.67,3781.29,3193.34,11.218,"2026-07-06T23:04:31.382Z",2026-07-06 20:04:31.382,"2026-07-06 20:04","down",70.903,232.62139852
79.157,3230.55,2722.49,3782.9,3194.53,11.208,"2026-07-06T23:04:31.382Z",2026-07-06 20:04:31.382,"2026-07-06 20:04","down",71.157,233.45473188
79.411,3229.4,2721.1,3782.86,3194.41,11.193,"2026-07-06T23:04:31.382Z",2026-07-06 20:04:31.382,"2026-07-06 20:04","down",71.411,234.28806524
79.665,3230.22,2721.54,3783.09,3194.67,11.187,"2026-07-06T23:04:31.382Z",2026-07-06 20:04:31.382,"2026-07-06 20:04","down",71.665,235.1213986
79.92,3230.15,2721.61,3784.3,3195.75,11.193,"2026-07-06T23:04:31.382Z",2026-07-06 20:04:31.382,"2026-07-06 20:04","down",71.92,235.9580128
80.174,3227.89,2720.13,3784.56,3196.14,11.21,"2026-07-06T23:04:31.382Z",2026-07-06 20:04:31.382,"2026-07-06 20:04","down",72.174,236.79134616
80.428,3226.02,2718.76,3783.83,3195.65,11.22,"2026-07-06T23:04:31.382Z",2026-07-06 20:04:31.382,"2026-07-06 20:04","down",72.428,237.62467952
80.682,3225.68,2718.28,3783.9,3195.84,11.217,"2026-07-06T23:04:31.382Z",2026-07-06 20:04:31.382,"2026-07-06 20:04","down",72.682,238.45801288
80.936,3225.26,2717.82,3785.04,3196.97,11.218,"2026-07-06T23:04:31.382Z",2026-07-06 20:04:31.382,"2026-07-06 20:04","down",72.936,239.29134624
81.191,3224.35,2717.06,3786,3198.04,11.225,"2026-07-06T23:04:31.382Z",2026-07-06 20:04:31.382,"2026-07-06 20:04","down",73.191,240.12796044
81.445,3224.91,2717.31,3786.92,3198.89,11.22,"2026-07-06T23:04:31.382Z",2026-07-06 20:04:31.382,"2026-07-06 20:04","down",73.445,240.9612938
81.699,3225.86,2718.05,3788.51,3200.02,11.213,"2026-07-06T23:04:31.382Z",2026-07-06 20:04:31.382,"2026-07-06 20:04","down",73.699,241.79462716
81.953,3225.16,2717.37,3789.72,3200.82,11.204,"2026-07-06T23:04:31.382Z",2026-07-06 20:04:31.382,"2026-07-06 20:04","down",73.953,242.62796052
82.207,3224.67,2716.6,3789.96,3200.98,11.192,"2026-07-06T23:04:31.382Z",2026-07-06 20:04:31.382,"2026-07-06 20:04","down",74.207,243.46129388
82.462,3226.29,2717.32,3791.16,3201.96,11.171,"2026-07-06T23:04:31.382Z",2026-07-06 20:04:31.382,"2026-07-06 20:04","down",74.462,244.29790808
82.716,3226.25,2717.36,3792.34,3203.92,11.199,"2026-07-06T23:04:31.382Z",2026-07-06 20:04:31.382,"2026-07-06 20:04","down",74.716,245.13124144
82.97,3207.32,2704.71,3790.9,3207.87,11.436,"2026-07-06T23:04:31.382Z",2026-07-06 20:04:31.382,"2026-07-06 20:04","down",74.97,245.9645748
83.224,3115.99,2638.36,3811.22,3232.68,11.975,"2026-07-06T23:04:31.382Z",2026-07-06 20:04:31.382,"2026-07-06 20:04","down",75.224,246.79790816
83.478,2974.98,2526.6,3896.82,3307.86,12.296,"2026-07-06T23:04:31.382Z",2026-07-06 20:04:31.382,"2026-07-06 20:04","down",75.478,247.63124152
83.733,2891.53,2452.8,4031.1,3414.28,12.009,"2026-07-06T23:04:31.382Z",2026-07-06 20:04:31.382,"2026-07-06 20:04","up",75.267,246.93898428
83.987,2878.33,2433.09,4126.4,3484.88,11.471,"2026-07-06T23:04:31.382Z",2026-07-06 20:04:31.382,"2026-07-06 20:04","up",75.013,246.10565092
84.241,2882.63,2431.6,4156.35,3505.66,11.187,"2026-07-06T23:04:31.382Z",2026-07-06 20:04:31.382,"2026-07-06 20:04","up",74.759,245.27231756
84.495,2882.06,2430.41,4158.55,3507,11.15,"2026-07-06T23:04:31.382Z",2026-07-06 20:04:31.382,"2026-07-06 20:04","up",74.505,244.4389842
84.749,2881.71,2430.3,4156.73,3506.03,11.17,"2026-07-06T23:04:31.382Z",2026-07-06 20:04:31.382,"2026-07-06 20:04","up",74.251,243.60565084
85.004,2882.15,2430.68,4156.58,3506.37,11.181,"2026-07-06T23:04:31.382Z",2026-07-06 20:04:31.382,"2026-07-06 20:04","up",73.996,242.76903664
85.258,2880.51,2429.71,4157.26,3506.91,11.195,"2026-07-06T23:04:31.382Z",2026-07-06 20:04:31.382,"2026-07-06 20:04","up",73.742,241.93570328
85.512,2879.33,2428.51,4156.92,3506.78,11.191,"2026-07-06T23:04:31.382Z",2026-07-06 20:04:31.382,"2026-07-06 20:04","up",73.488,241.10236992
85.766,2879.37,2428.32,4156.88,3507.12,11.193,"2026-07-06T23:04:31.382Z",2026-07-06 20:04:31.382,"2026-07-06 20:04","up",73.234,240.26903656
86.02,2879.8,2428.5,4157.94,3508.24,11.192,"2026-07-06T23:04:31.382Z",2026-07-06 20:04:31.382,"2026-07-06 20:04","up",72.98,239.4357032
86.275,2879.43,2428.22,4158.9,3509.25,11.198,"2026-07-06T23:04:31.382Z",2026-07-06 20:04:31.382,"2026-07-06 20:04","up",72.725,238.599089
86.529,2880.29,2428.8,4159.93,3510.32,11.197,"2026-07-06T23:04:31.382Z",2026-07-06 20:04:31.382,"2026-07-06 20:04","up",72.471,237.76575564
86.783,2881.86,2430.27,4162.54,3512.25,11.196,"2026-07-06T23:04:31.382Z",2026-07-06 20:04:31.382,"2026-07-06 20:04","up",72.217,236.93242228
87.037,2882.11,2430.68,4165.67,3514.23,11.187,"2026-07-06T23:04:31.382Z",2026-07-06 20:04:31.382,"2026-07-06 20:04","up",71.963,236.09908892
87.291,2880.97,2429.74,4166.52,3514.66,11.181,"2026-07-06T23:04:31.382Z",2026-07-06 20:04:31.382,"2026-07-06 20:04","up",71.709,235.26575556
87.546,2880.79,2429.69,4165.9,3514.37,11.19,"2026-07-06T23:04:31.382Z",2026-07-06 20:04:31.382,"2026-07-06 20:04","up",71.454,234.42914136
87.8,2881.25,2430.09,4166.54,3515.17,11.197,"2026-07-06T23:04:31.382Z",2026-07-06 20:04:31.382,"2026-07-06 20:04","up",71.2,233.595808
88.054,2880.51,2429.32,4167.45,3515.93,11.191,"2026-07-06T23:04:31.382Z",2026-07-06 20:04:31.382,"2026-07-06 20:04","up",70.946,232.76247464
88.308,2879.69,2428.45,4166.81,3515.38,11.185,"2026-07-06T23:04:31.382Z",2026-07-06 20:04:31.382,"2026-07-06 20:04","up",70.692,231.92914128
88.562,2880.35,2428.94,4166.05,3514.94,11.188,"2026-07-06T23:04:31.382Z",2026-07-06 20:04:31.382,"2026-07-06 20:04","up",70.438,231.09580792
88.817,2880.72,2429.34,4166.57,3515.54,11.195,"2026-07-06T23:04:31.382Z",2026-07-06 20:04:31.382,"2026-07-06 20:04","up",70.183,230.25919372
89.071,2879.55,2428.45,4166.77,3515.82,11.2,"2026-07-06T23:04:31.382Z",2026-07-06 20:04:31.382,"2026-07-06 20:04","up",69.929,229.42586036
89.325,2879.38,2428.01,4166.15,3515.5,11.195,"2026-07-06T23:04:31.382Z",2026-07-06 20:04:31.382,"2026-07-06 20:04","up",69.675,228.592527
89.579,2880.63,2428.99,4167.03,3516.25,11.193,"2026-07-06T23:04:31.382Z",2026-07-06 20:04:31.382,"2026-07-06 20:04","up",69.421,227.75919364
89.833,2880.66,2429.25,4169.5,3517.98,11.192,"2026-07-06T23:04:31.382Z",2026-07-06 20:04:31.382,"2026-07-06 20:04","up",69.167,226.92586028
90.088,2878.91,2427.86,4170.21,3518.44,11.192,"2026-07-06T23:04:31.382Z",2026-07-06 20:04:31.382,"2026-07-06 20:04","up",68.912,226.08924608
90.342,2878.2,2427.05,4168.78,3517.59,11.193,"2026-07-06T23:04:31.382Z",2026-07-06 20:04:31.382,"2026-07-06 20:04","up",68.658,225.25591272
90.596,2879.01,2427.56,4168.62,3517.71,11.193,"2026-07-06T23:04:31.382Z",2026-07-06 20:04:31.382,"2026-07-06 20:04","up",68.404,224.42257936
90.85,2878.68,2427.33,4170.12,3518.79,11.19,"2026-07-06T23:04:31.382Z",2026-07-06 20:04:31.382,"2026-07-06 20:04","up",68.15,223.589246
91.104,2877.4,2426.38,4170.45,3518.94,11.192,"2026-07-06T23:04:31.382Z",2026-07-06 20:04:31.382,"2026-07-06 20:04","up",67.896,222.75591264
91.359,2877.69,2426.46,4169.94,3518.69,11.19,"2026-07-06T23:04:31.382Z",2026-07-06 20:04:31.382,"2026-07-06 20:04","up",67.641,221.91929844
91.613,2878.4,2426.98,4170.85,3519.54,11.19,"2026-07-06T23:04:31.382Z",2026-07-06 20:04:31.382,"2026-07-06 20:04","up",67.387,221.08596508
91.867,2877.23,2426.35,4171.9,3520.33,11.2,"2026-07-06T23:04:31.382Z",2026-07-06 20:04:31.382,"2026-07-06 20:04","up",67.133,220.25263172
92.121,2875.37,2424.98,4171.14,3519.73,11.208,"2026-07-06T23:04:31.382Z",2026-07-06 20:04:31.382,"2026-07-06 20:04","up",66.879,219.41929836
92.375,2875.06,2424.51,4170.04,3519.02,11.206,"2026-07-06T23:04:31.382Z",2026-07-06 20:04:31.382,"2026-07-06 20:04","up",66.625,218.585965
92.63,2874.96,2424.34,4170.62,3519.64,11.205,"2026-07-06T23:04:31.382Z",2026-07-06 20:04:31.382,"2026-07-06 20:04","up",66.37,217.7493508
92.884,2873.24,2423.09,4171.35,3520.41,11.216,"2026-07-06T23:04:31.382Z",2026-07-06 20:04:31.382,"2026-07-06 20:04","up",66.116,216.91601744
93.138,2871.41,2421.65,4170.51,3520.04,11.228,"2026-07-06T23:04:31.382Z",2026-07-06 20:04:31.382,"2026-07-06 20:04","up",65.862,216.08268408
93.392,2871.35,2421.39,4169.76,3519.65,11.227,"2026-07-06T23:04:31.382Z",2026-07-06 20:04:31.382,"2026-07-06 20:04","up",65.608,215.24935072
93.646,2871.39,2421.3,4170.6,3520.26,11.22,"2026-07-06T23:04:31.382Z",2026-07-06 20:04:31.382,"2026-07-06 20:04","up",65.354,214.41601736
93.901,2870.08,2420.21,4171.36,3520.72,11.216,"2026-07-06T23:04:31.382Z",2026-07-06 20:04:31.382,"2026-07-06 20:04","up",65.099,213.57940316
94.155,2869.14,2419.32,4171.11,3520.46,11.211,"2026-07-06T23:04:31.382Z",2026-07-06 20:04:31.382,"2026-07-06 20:04","up",64.845,212.7460698
94.409,2869.86,2419.52,4171.65,3520.72,11.193,"2026-07-06T23:04:31.382Z",2026-07-06 20:04:31.382,"2026-07-06 20:04","up",64.591,211.91273644
94.663,2869.98,2419.5,4173.43,3521.54,11.172,"2026-07-06T23:04:31.382Z",2026-07-06 20:04:31.382,"2026-07-06 20:04","up",64.337,211.07940308
94.917,2868.75,2418.71,4174.21,3521.49,11.164,"2026-07-06T23:04:31.382Z",2026-07-06 20:04:31.382,"2026-07-06 20:04","up",64.083,210.24606972
95.172,2868.19,2418.13,4173.58,3520.7,11.154,"2026-07-06T23:04:31.382Z",2026-07-06 20:04:31.382,"2026-07-06 20:04","up",63.828,209.40945552
95.426,2868.59,2418.17,4173.71,3520.71,11.142,"2026-07-06T23:04:31.382Z",2026-07-06 20:04:31.382,"2026-07-06 20:04","up",63.574,208.57612216
95.68,2868.46,2418.65,4174.88,3522.3,11.176,"2026-07-06T23:04:31.382Z",2026-07-06 20:04:31.382,"2026-07-06 20:04","up",63.32,207.7427888
95.934,2868.29,2419.8,4175.69,3525.15,11.272,"2026-07-06T23:04:31.382Z",2026-07-06 20:04:31.382,"2026-07-06 20:04","up",63.066,206.90945544
96.188,2869.46,2421.54,4176.58,3528.56,11.362,"2026-07-06T23:04:31.382Z",2026-07-06 20:04:31.382,"2026-07-06 20:04","up",62.812,206.07612208
96.443,2870.64,2422.45,4178.65,3531.44,11.386,"2026-07-06T23:04:31.382Z",2026-07-06 20:04:31.382,"2026-07-06 20:04","up",62.557,205.23950788
96.697,2869.58,2421.6,4180.38,3532.81,11.385,"2026-07-06T23:04:31.382Z",2026-07-06 20:04:31.382,"2026-07-06 20:04","up",62.303,204.40617452
96.951,2867.54,2420.21,4180.1,3532.47,11.394,"2026-07-06T23:04:31.382Z",2026-07-06 20:04:31.382,"2026-07-06 20:04","up",62.049,203.57284116
97.205,2867.11,2419.77,4179.39,3532.02,11.395,"2026-07-06T23:04:31.382Z",2026-07-06 20:04:31.382,"2026-07-06 20:04","up",61.795,202.7395078
97.459,2867.45,2419.84,4180.14,3532.74,11.39,"2026-07-06T23:04:31.382Z",2026-07-06 20:04:31.382,"2026-07-06 20:04","up",61.541,201.90617444
97.714,2866.42,2419.06,4180.96,3533.36,11.391,"2026-07-06T23:04:31.382Z",2026-07-06 20:04:31.382,"2026-07-06 20:04","up",61.286,201.06956024
97.968,2865.82,2418.48,4180.61,3533.2,11.392,"2026-07-06T23:04:31.382Z",2026-07-06 20:04:31.382,"2026-07-06 20:04","up",61.032,200.23622688
98.222,2866.78,2419.22,4181.08,3533.71,11.392,"2026-07-06T23:04:31.382Z",2026-07-06 20:04:31.382,"2026-07-06 20:04","up",60.778,199.40289352
98.476,2866.93,2419.3,4182.89,3535.13,11.388,"2026-07-06T23:04:31.382Z",2026-07-06 20:04:31.382,"2026-07-06 20:04","up",60.524,198.56956016
98.73,2865.42,2418.12,4183.26,3535.53,11.393,"2026-07-06T23:04:31.382Z",2026-07-06 20:04:31.382,"2026-07-06 20:04","up",60.27,197.7362268
98.985,2865.29,2418.03,4182.12,3534.95,11.402,"2026-07-06T23:04:31.382Z",2026-07-06 20:04:31.382,"2026-07-06 20:04","up",60.015,196.8996126
99.239,2867.08,2419.47,4182.8,3535.7,11.404,"2026-07-06T23:04:31.382Z",2026-07-06 20:04:31.382,"2026-07-06 20:04","up",59.761,196.06627924
99.493,2867.37,2420.05,4185.36,3537.66,11.411,"2026-07-06T23:04:31.382Z",2026-07-06 20:04:31.382,"2026-07-06 20:04","up",59.507,195.23294588
99.747,2865.59,2418.84,4186.56,3538.58,11.419,"2026-07-06T23:04:31.382Z",2026-07-06 20:04:31.382,"2026-07-06 20:04","up",59.253,194.39961252
100.001,2865.02,2418.24,4186.4,3538.8,11.423,"2026-07-06T23:04:31.382Z",2026-07-06 20:04:31.382,"2026-07-06 20:04","up",58.999,193.56627916
100.256,2865.77,2418.72,4187.75,3540.12,11.422,"2026-07-06T23:04:31.382Z",2026-07-06 20:04:31.382,"2026-07-06 20:04","up",58.744,192.72966496
100.51,2865.58,2418.54,4189.93,3541.75,11.416,"2026-07-06T23:04:31.382Z",2026-07-06 20:04:31.382,"2026-07-06 20:04","up",58.49,191.8963316
100.764,2864.46,2417.8,4190.5,3542.16,11.422,"2026-07-06T23:04:31.382Z",2026-07-06 20:04:31.382,"2026-07-06 20:04","up",58.236,191.06299824
101.018,2864.85,2417.93,4190.34,3542.28,11.421,"2026-07-06T23:04:31.382Z",2026-07-06 20:04:31.382,"2026-07-06 20:04","up",57.982,190.22966488
101.272,2866.01,2418.5,4191.74,3543.59,11.41,"2026-07-06T23:04:31.382Z",2026-07-06 20:04:31.382,"2026-07-06 20:04","up",57.728,189.39633152
101.526,2865.62,2418.02,4193.53,3545.06,11.404,"2026-07-06T23:04:31.382Z",2026-07-06 20:04:31.382,"2026-07-06 20:04","up",57.474,188.56299816
101.781,2864.97,2417.56,4193.93,3545.34,11.405,"2026-07-06T23:04:31.382Z",2026-07-06 20:04:31.382,"2026-07-06 20:04","up",57.219,187.72638396
102.035,2865.71,2418.21,4194.42,3545.75,11.406,"2026-07-06T23:04:31.382Z",2026-07-06 20:04:31.382,"2026-07-06 20:04","up",56.965,186.8930506
102.289,2865.47,2418.18,4195.94,3547.15,11.415,"2026-07-06T23:04:31.382Z",2026-07-06 20:04:31.382,"2026-07-06 20:04","up",56.711,186.05971724
102.543,2862.96,2416.31,4196.1,3547.37,11.426,"2026-07-06T23:04:31.382Z",2026-07-06 20:04:31.382,"2026-07-06 20:04","up",56.457,185.22638388
102.797,2861.63,2414.98,4194.14,3545.92,11.423,"2026-07-06T23:04:31.382Z",2026-07-06 20:04:31.382,"2026-07-06 20:04","up",56.203,184.39305052
103.052,2862.54,2415.42,4193.24,3545.45,11.419,"2026-07-06T23:04:31.382Z",2026-07-06 20:04:31.382,"2026-07-06 20:04","up",55.948,183.55643632
103.306,2863,2415.96,4194.73,3546.69,11.424,"2026-07-06T23:04:31.382Z",2026-07-06 20:04:31.382,"2026-07-06 20:04","up",55.694,182.72310296
103.56,2861.99,2415.38,4195.91,3547.7,11.433,"2026-07-06T23:04:31.382Z",2026-07-06 20:04:31.382,"2026-07-06 20:04","up",55.44,181.8897696
103.814,2861.75,2415.04,4196,3547.93,11.432,"2026-07-06T23:04:31.382Z",2026-07-06 20:04:31.382,"2026-07-06 20:04","up",55.186,181.05643624
104.068,2862.6,2415.54,4197.3,3548.92,11.422,"2026-07-06T23:04:31.382Z",2026-07-06 20:04:31.382,"2026-07-06 20:04","up",54.932,180.22310288
104.323,2862.32,2415.04,4199.66,3550.54,11.404,"2026-07-06T23:04:31.382Z",2026-07-06 20:04:31.382,"2026-07-06 20:04","up",54.677,179.38648868
104.577,2860.77,2413.89,4200.17,3550.94,11.409,"2026-07-06T23:04:31.382Z",2026-07-06 20:04:31.382,"2026-07-06 20:04","up",54.423,178.55315532
104.831,2860.58,2413.81,4199.25,3550.54,11.42,"2026-07-06T23:04:31.382Z",2026-07-06 20:04:31.382,"2026-07-06 20:04","up",54.169,177.71982196
105.085,2861.84,2414.72,4199.97,3551.45,11.422,"2026-07-06T23:04:31.382Z",2026-07-06 20:04:31.382,"2026-07-06 20:04","up",53.915,176.8864886
105.339,2862.06,2414.93,4202.24,3553.24,11.42,"2026-07-06T23:04:31.382Z",2026-07-06 20:04:31.382,"2026-07-06 20:04","up",53.661,176.05315524
105.594,2861.38,2414.46,4203.33,3553.98,11.419,"2026-07-06T23:04:31.382Z",2026-07-06 20:04:31.382,"2026-07-06 20:04","up",53.406,175.21654104
105.848,2861.88,2414.64,4203.45,3554.22,11.414,"2026-07-06T23:04:31.382Z",2026-07-06 20:04:31.382,"2026-07-06 20:04","up",53.152,174.38320768
106.102,2862.24,2414.97,4204.54,3555.33,11.42,"2026-07-06T23:04:31.382Z",2026-07-06 20:04:31.382,"2026-07-06 20:04","up",52.898,173.54987432
106.356,2860.92,2413.9,4205.64,3556.26,11.421,"2026-07-06T23:04:31.382Z",2026-07-06 20:04:31.382,"2026-07-06 20:04","up",52.644,172.71654096
106.61,2859.82,2412.89,4205.03,3555.9,11.422,"2026-07-06T23:04:31.382Z",2026-07-06 20:04:31.382,"2026-07-06 20:04","up",52.39,171.8832076
106.865,2860.26,2413.14,4204.58,3555.6,11.419,"2026-07-06T23:04:31.382Z",2026-07-06 20:04:31.382,"2026-07-06 20:04","up",52.135,171.0465934
107.119,2860.52,2413.3,4205.56,3556.18,11.412,"2026-07-06T23:04:31.382Z",2026-07-06 20:04:31.382,"2026-07-06 20:04","up",51.881,170.21326004
107.373,2859.27,2412.38,4205.97,3556.35,11.412,"2026-07-06T23:04:31.382Z",2026-07-06 20:04:31.382,"2026-07-06 20:04","up",51.627,169.37992668
107.627,2858.46,2411.62,4205.32,3555.94,11.413,"2026-07-06T23:04:31.382Z",2026-07-06 20:04:31.382,"2026-07-06 20:04","up",51.373,168.54659332
107.881,2858.64,2411.49,4205.62,3556.17,11.402,"2026-07-06T23:04:31.382Z",2026-07-06 20:04:31.382,"2026-07-06 20:04","up",51.119,167.71325996
108.136,2858.06,2411,4206.67,3556.94,11.399,"2026-07-06T23:04:31.382Z",2026-07-06 20:04:31.382,"2026-07-06 20:04","up",50.864,166.87664576
108.39,2856.83,2410.16,4206.39,3556.94,11.412,"2026-07-06T23:04:31.382Z",2026-07-06 20:04:31.382,"2026-07-06 20:04","up",50.61,166.0433124
108.644,2856.7,2410.06,4205.63,3556.61,11.42,"2026-07-06T23:04:31.382Z",2026-07-06 20:04:31.382,"2026-07-06 20:04","up",50.356,165.20997904
108.898,2857.13,2410.36,4206.59,3557.52,11.42,"2026-07-06T23:04:31.382Z",2026-07-06 20:04:31.382,"2026-07-06 20:04","up",50.102,164.37664568
109.152,2856.25,2409.81,4208.3,3558.81,11.423,"2026-07-06T23:04:31.382Z",2026-07-06 20:04:31.382,"2026-07-06 20:04","up",49.848,163.54331232
109.407,2855.01,2408.85,4208.46,3558.9,11.425,"2026-07-06T23:04:31.382Z",2026-07-06 20:04:31.382,"2026-07-06 20:04","up",49.593,162.70669812
109.661,2854.99,2408.61,4207.82,3558.69,11.425,"2026-07-06T23:04:31.382Z",2026-07-06 20:04:31.382,"2026-07-06 20:04","up",49.339,161.87336476
109.915,2855.15,2408.7,4208.54,3559.57,11.43,"2026-07-06T23:04:31.382Z",2026-07-06 20:04:31.382,"2026-07-06 20:04","up",49.085,161.0400314
110.169,2853.79,2407.69,4209.59,3560.36,11.432,"2026-07-06T23:04:31.382Z",2026-07-06 20:04:31.382,"2026-07-06 20:04","up",48.831,160.20669804
110.423,2852.38,2405.98,4209.12,3559.59,11.405,"2026-07-06T23:04:31.382Z",2026-07-06 20:04:31.382,"2026-07-06 20:04","up",48.577,159.37336468
110.678,2852.41,2404.52,4208.35,3558.01,11.332,"2026-07-06T23:04:31.382Z",2026-07-06 20:04:31.382,"2026-07-06 20:04","up",48.322,158.53675048
110.932,2852.23,2402.96,4208.82,3556.58,11.239,"2026-07-06T23:04:31.382Z",2026-07-06 20:04:31.382,"2026-07-06 20:04","up",48.068,157.70341712
111.186,2850.7,2401.22,4209.06,3555.01,11.182,"2026-07-06T23:04:31.382Z",2026-07-06 20:04:31.382,"2026-07-06 20:04","up",47.814,156.87008376
111.44,2850.15,2400.71,4208.11,3553.59,11.166,"2026-07-06T23:04:31.382Z",2026-07-06 20:04:31.382,"2026-07-06 20:04","up",47.56,156.0367504
111.694,2851.17,2401.31,4208.32,3553.8,11.157,"2026-07-06T23:04:31.382Z",2026-07-06 20:04:31.382,"2026-07-06 20:04","up",47.306,155.20341704
111.949,2851.2,2401.15,4210.47,3555.59,11.15,"2026-07-06T23:04:31.382Z",2026-07-06 20:04:31.382,"2026-07-06 20:04","up",47.051,154.36680284
112.203,2849.63,2400.06,4211.52,3556.55,11.16,"2026-07-06T23:04:31.382Z",2026-07-06 20:04:31.382,"2026-07-06 20:04","up",46.797,153.53346948
112.457,2849.32,2399.96,4211,3556.56,11.177,"2026-07-06T23:04:31.382Z",2026-07-06 20:04:31.382,"2026-07-06 20:04","up",46.543,152.70013612
112.711,2850.65,2400.9,4212.09,3557.74,11.176,"2026-07-06T23:04:31.382Z",2026-07-06 20:04:31.382,"2026-07-06 20:04","up",46.289,151.86680276
112.965,2850.3,2400.53,4214.45,3559.47,11.167,"2026-07-06T23:04:31.382Z",2026-07-06 20:04:31.382,"2026-07-06 20:04","up",46.035,151.0334694
113.22,2848.22,2398.84,4214.26,3559.32,11.17,"2026-07-06T23:04:31.382Z",2026-07-06 20:04:31.382,"2026-07-06 20:04","up",45.78,150.1968552
113.474,2848.08,2398.49,4212.36,3558.18,11.172,"2026-07-06T23:04:31.382Z",2026-07-06 20:04:31.382,"2026-07-06 20:04","up",45.526,149.36352184
113.728,2849.46,2399.54,4213,3558.89,11.173,"2026-07-06T23:04:31.382Z",2026-07-06 20:04:31.382,"2026-07-06 20:04","up",45.272,148.53018848
113.982,2849.02,2399.28,4215.43,3560.68,11.171,"2026-07-06T23:04:31.382Z",2026-07-06 20:04:31.382,"2026-07-06 20:04","up",45.018,147.69685512
114.236,2847.13,2397.75,4215.69,3560.72,11.168,"2026-07-06T23:04:31.382Z",2026-07-06 20:04:31.382,"2026-07-06 20:04","up",44.764,146.86352176
114.491,2846.48,2397.23,4214.35,3559.69,11.172,"2026-07-06T23:04:31.382Z",2026-07-06 20:04:31.382,"2026-07-06 20:04","up",44.509,146.02690756
114.745,2846.82,2397.51,4214.57,3560,11.174,"2026-07-06T23:04:31.382Z",2026-07-06 20:04:31.382,"2026-07-06 20:04","up",44.255,145.1935742
114.999,2846.37,2397.13,4215.75,3561.01,11.175,"2026-07-06T23:04:31.382Z",2026-07-06 20:04:31.382,"2026-07-06 20:04","up",44.001,144.36024084
115.253,2845.36,2396.36,4215.65,3560.91,11.177,"2026-07-06T23:04:31.382Z",2026-07-06 20:04:31.382,"2026-07-06 20:04","up",43.747,143.52690748
115.507,2844.99,2396.25,4215.26,3560.64,11.186,"2026-07-06T23:04:31.382Z",2026-07-06 20:04:31.382,"2026-07-06 20:04","up",43.493,142.69357412
115.762,2844.97,2396.34,4216.44,3561.68,11.19,"2026-07-06T23:04:31.382Z",2026-07-06 20:04:31.382,"2026-07-06 20:04","up",43.238,141.85695992
116.016,2844.52,2395.65,4217.93,3562.72,11.174,"2026-07-06T23:04:31.382Z",2026-07-06 20:04:31.382,"2026-07-06 20:04","up",42.984,141.02362656
116.27,2844.25,2395.25,4218.19,3562.86,11.167,"2026-07-06T23:04:31.382Z",2026-07-06 20:04:31.382,"2026-07-06 20:04","up",42.73,140.1902932
116.524,2844.7,2395.71,4218.68,3563.49,11.174,"2026-07-06T23:04:31.382Z",2026-07-06 20:04:31.382,"2026-07-06 20:04","up",42.476,139.35695984
116.778,2844.12,2395.36,4220.07,3564.88,11.184,"2026-07-06T23:04:31.382Z",2026-07-06 20:04:31.382,"2026-07-06 20:04","up",42.222,138.52362648
117.033,2842.58,2394.07,4220.46,3565.48,11.191,"2026-07-06T23:04:31.382Z",2026-07-06 20:04:31.382,"2026-07-06 20:04","up",41.967,137.68701228
117.287,2842.52,2393.88,4219.9,3565.37,11.194,"2026-07-06T23:04:31.382Z",2026-07-06 20:04:31.382,"2026-07-06 20:04","up",41.713,136.85367892
117.541,2843.92,2394.88,4221.14,3566.62,11.193,"2026-07-06T23:04:31.382Z",2026-07-06 20:04:31.382,"2026-07-06 20:04","up",41.459,136.02034556
117.795,2844.17,2395.13,4223.95,3569.02,11.195,"2026-07-06T23:04:31.382Z",2026-07-06 20:04:31.382,"2026-07-06 20:04","up",41.205,135.1870122
118.049,2843.76,2394.8,4225.55,3570.36,11.195,"2026-07-06T23:04:31.382Z",2026-07-06 20:04:31.382,"2026-07-06 20:04","up",40.951,134.35367884
118.304,2844.5,2395.16,4225.98,3570.92,11.19,"2026-07-06T23:04:31.382Z",2026-07-06 20:04:31.382,"2026-07-06 20:04","up",40.696,133.51706464
118.558,2845.29,2395.46,4227.49,3572.02,11.174,"2026-07-06T23:04:31.382Z",2026-07-06 20:04:31.382,"2026-07-06 20:04","up",40.442,132.68373128
118.812,2844.68,2394.74,4229.3,3572.59,11.144,"2026-07-06T23:04:31.382Z",2026-07-06 20:04:31.382,"2026-07-06 20:04","up",40.188,131.85039792
119.066,2843.66,2393.74,4229.27,3571.89,11.123,"2026-07-06T23:04:31.382Z",2026-07-06 20:04:31.382,"2026-07-06 20:04","up",39.934,131.01706456
119.32,2843.57,2393.44,4228.58,3571.41,11.118,"2026-07-06T23:04:31.382Z",2026-07-06 20:04:31.382,"2026-07-06 20:04","up",39.68,130.1837312
119.575,2843.24,2393.2,4229.36,3572.04,11.119,"2026-07-06T23:04:31.382Z",2026-07-06 20:04:31.382,"2026-07-06 20:04","up",39.425,129.347117
119.829,2841.6,2392.25,4230.25,3572.48,11.126,"2026-07-06T23:04:31.382Z",2026-07-06 20:04:31.382,"2026-07-06 20:04","up",39.171,128.51378364
120.083,2840.4,2391.31,4229.27,3571.7,11.13,"2026-07-06T23:04:31.382Z",2026-07-06 20:04:31.382,"2026-07-06 20:04","up",38.917,127.68045028
120.337,2841.11,2391.59,4228.37,3571.21,11.125,"2026-07-06T23:04:31.382Z",2026-07-06 20:04:31.382,"2026-07-06 20:04","up",38.663,126.84711692
120.591,2841.83,2391.97,4229.83,3572.29,11.114,"2026-07-06T23:04:31.382Z",2026-07-06 20:04:31.382,"2026-07-06 20:04","up",38.409,126.01378356
120.846,2840.65,2391.19,4231.47,3573.4,11.115,"2026-07-06T23:04:31.382Z",2026-07-06 20:04:31.382,"2026-07-06 20:04","up",38.154,125.17716936
121.1,2838.99,2390.02,4231.12,3573.16,11.124,"2026-07-06T23:04:31.382Z",2026-07-06 20:04:31.382,"2026-07-06 20:04","up",37.9,124.343836
121.354,2838.48,2389.43,4230.34,3572.68,11.122,"2026-07-06T23:04:31.382Z",2026-07-06 20:04:31.382,"2026-07-06 20:04","up",37.646,123.51050264
121.608,2838.04,2388.9,4230.3,3572.71,11.118,"2026-07-06T23:04:31.382Z",2026-07-06 20:04:31.382,"2026-07-06 20:04","up",37.392,122.67716928
121.862,2837.41,2388.51,4229.95,3572.6,11.127,"2026-07-06T23:04:31.382Z",2026-07-06 20:04:31.382,"2026-07-06 20:04","up",37.138,121.84383592
122.117,2838.33,2389.05,4229.61,3572.6,11.126,"2026-07-06T23:04:31.382Z",2026-07-06 20:04:31.382,"2026-07-06 20:04","up",36.883,121.00722172
122.371,2839.37,2389.91,4230.81,3573.57,11.125,"2026-07-06T23:04:31.382Z",2026-07-06 20:04:31.382,"2026-07-06 20:04","up",36.629,120.17388836
122.625,2838.62,2389.42,4232.23,3574.54,11.124,"2026-07-06T23:04:31.382Z",2026-07-06 20:04:31.382,"2026-07-06 20:04","up",36.375,119.340555
122.879,2837.56,2388.34,4231.88,3574.29,11.118,"2026-07-06T23:04:31.382Z",2026-07-06 20:04:31.382,"2026-07-06 20:04","up",36.121,118.50722164
123.133,2838.38,2388.54,4231.58,3574.15,11.104,"2026-07-06T23:04:31.382Z",2026-07-06 20:04:31.382,"2026-07-06 20:04","up",35.867,117.67388828
123.388,2839.55,2389.22,4233.23,3575.26,11.087,"2026-07-06T23:04:31.382Z",2026-07-06 20:04:31.382,"2026-07-06 20:04","up",35.612,116.83727408
123.642,2839.03,2388.91,4235.15,3576.51,11.082,"2026-07-06T23:04:31.382Z",2026-07-06 20:04:31.382,"2026-07-06 20:04","up",35.358,116.00394072
123.896,2838.16,2388.41,4235.59,3576.9,11.091,"2026-07-06T23:04:31.382Z",2026-07-06 20:04:31.382,"2026-07-06 20:04","up",35.104,115.17060736
124.15,2838.31,2388.49,4235.97,3577.54,11.097,"2026-07-06T23:04:31.382Z",2026-07-06 20:04:31.382,"2026-07-06 20:04","up",34.85,114.337274
124.404,2837.79,2388.02,4237.44,3578.9,11.099,"2026-07-06T23:04:31.382Z",2026-07-06 20:04:31.382,"2026-07-06 20:04","up",34.596,113.50394064
124.659,2836.1,2386.65,4237.76,3579.26,11.102,"2026-07-06T23:04:31.382Z",2026-07-06 20:04:31.382,"2026-07-06 20:04","up",34.341,112.66732644
124.913,2835.45,2385.99,4236.6,3578.68,11.108,"2026-07-06T23:04:31.382Z",2026-07-06 20:04:31.382,"2026-07-06 20:04","up",34.087,111.83399308
125.167,2836.55,2386.69,4236.88,3579.33,11.109,"2026-07-06T23:04:31.382Z",2026-07-06 20:04:31.382,"2026-07-06 20:04","up",33.833,111.00065972
125.421,2836.36,2386.57,4238.91,3581.05,11.111,"2026-07-06T23:04:31.382Z",2026-07-06 20:04:31.382,"2026-07-06 20:04","up",33.579,110.16732636
125.675,2834.56,2385.15,4239.36,3581.55,11.117,"2026-07-06T23:04:31.382Z",2026-07-06 20:04:31.382,"2026-07-06 20:04","up",33.325,109.333993
125.93,2833.99,2384.36,4238.21,3581.11,11.118,"2026-07-06T23:04:31.382Z",2026-07-06 20:04:31.382,"2026-07-06 20:04","up",33.07,108.4973788
126.184,2834.61,2384.78,4238.83,3581.94,11.122,"2026-07-06T23:04:31.382Z",2026-07-06 20:04:31.382,"2026-07-06 20:04","up",32.816,107.66404544
126.438,2834.21,2384.42,4240.58,3583.66,11.127,"2026-07-06T23:04:31.382Z",2026-07-06 20:04:31.382,"2026-07-06 20:04","up",32.562,106.83071208
126.692,2832.93,2383.28,4240.59,3584.21,11.138,"2026-07-06T23:04:31.382Z",2026-07-06 20:04:31.382,"2026-07-06 20:04","up",32.308,105.99737872
126.946,2832.96,2383.34,4239.92,3584.27,11.153,"2026-07-06T23:04:31.382Z",2026-07-06 20:04:31.382,"2026-07-06 20:04","up",32.054,105.16404536
127.201,2833.62,2384.05,4240.88,3585.56,11.17,"2026-07-06T23:04:31.382Z",2026-07-06 20:04:31.382,"2026-07-06 20:04","up",31.799,104.32743116
127.455,2832.81,2383.33,4242.43,3587.37,11.181,"2026-07-06T23:04:31.382Z",2026-07-06 20:04:31.382,"2026-07-06 20:04","up",31.545,103.4940978
127.709,2831.24,2381.82,4242.3,3587.98,11.19,"2026-07-06T23:04:31.382Z",2026-07-06 20:04:31.382,"2026-07-06 20:04","up",31.291,102.66076444
127.963,2831.07,2381.61,4241.51,3588.16,11.208,"2026-07-06T23:04:31.382Z",2026-07-06 20:04:31.382,"2026-07-06 20:04","up",31.037,101.82743108
128.217,2831.49,2382.25,4242.56,3589.68,11.233,"2026-07-06T23:04:31.382Z",2026-07-06 20:04:31.382,"2026-07-06 20:04","up",30.783,100.99409772
128.472,2830.59,2381.72,4244.05,3591.51,11.254,"2026-07-06T23:04:31.382Z",2026-07-06 20:04:31.382,"2026-07-06 20:04","up",30.528,100.15748352
128.726,2829.75,2380.85,4243.74,3592.06,11.267,"2026-07-06T23:04:31.382Z",2026-07-06 20:04:31.382,"2026-07-06 20:04","up",30.274,99.32415016
128.98,2830.39,2381.18,4243.45,3592.64,11.279,"2026-07-06T23:04:31.382Z",2026-07-06 20:04:31.382,"2026-07-06 20:04","up",30.02,98.4908168
129.234,2830.7,2381.6,4244.9,3594.59,11.302,"2026-07-06T23:04:31.382Z",2026-07-06 20:04:31.382,"2026-07-06 20:04","up",29.766,97.65748344
129.488,2829.76,2381.35,4246.26,3596.68,11.342,"2026-07-06T23:04:31.382Z",2026-07-06 20:04:31.382,"2026-07-06 20:04","up",29.512,96.82415008
129.743,2829.54,2381.28,4246.13,3597.6,11.371,"2026-07-06T23:04:31.382Z",2026-07-06 20:04:31.382,"2026-07-06 20:04","up",29.257,95.98753588
129.997,2830.46,2382.33,4246.34,3598.42,11.395,"2026-07-06T23:04:31.382Z",2026-07-06 20:04:31.382,"2026-07-06 20:04","up",29.003,95.15420252
130.251,2830.93,2383.61,4248.28,3600.64,11.44,"2026-07-06T23:04:31.382Z",2026-07-06 20:04:31.382,"2026-07-06 20:04","up",28.749,94.32086916
130.505,2830.77,2384.12,4250.47,3603.55,11.487,"2026-07-06T23:04:31.382Z",2026-07-06 20:04:31.382,"2026-07-06 20:04","up",28.495,93.4875358
130.759,2830.81,2384.77,4251.8,3605.84,11.536,"2026-07-06T23:04:31.382Z",2026-07-06 20:04:31.382,"2026-07-06 20:04","up",28.241,92.65420244
131.014,2830.59,2385.1,4252.73,3607.34,11.571,"2026-07-06T23:04:31.382Z",2026-07-06 20:04:31.382,"2026-07-06 20:04","up",27.986,91.81758824
131.268,2829.51,2384.77,4252.6,3607.78,11.604,"2026-07-06T23:04:31.382Z",2026-07-06 20:04:31.382,"2026-07-06 20:04","up",27.732,90.98425488
131.522,2828.95,2385.35,4251.09,3607.38,11.661,"2026-07-06T23:04:31.382Z",2026-07-06 20:04:31.382,"2026-07-06 20:04","up",27.478,90.15092152
131.776,2830.62,2387.39,4250.85,3607.96,11.702,"2026-07-06T23:04:31.382Z",2026-07-06 20:04:31.382,"2026-07-06 20:04","up",27.224,89.31758816
132.03,2832.29,2389.22,4253.67,3610.35,11.717,"2026-07-06T23:04:31.382Z",2026-07-06 20:04:31.382,"2026-07-06 20:04","up",26.97,88.4842548
132.285,2831.58,2389.46,4256.38,3612.4,11.741,"2026-07-06T23:04:31.382Z",2026-07-06 20:04:31.382,"2026-07-06 20:04","up",26.715,87.6476406
132.539,2830.03,2388.97,4256.24,3612.43,11.773,"2026-07-06T23:04:31.382Z",2026-07-06 20:04:31.382,"2026-07-06 20:04","up",26.461,86.81430724
132.793,2830.09,2389.43,4255.27,3611.99,11.796,"2026-07-06T23:04:31.382Z",2026-07-06 20:04:31.382,"2026-07-06 20:04","up",26.207,85.98097388
133.047,2830.63,2390.31,4255.83,3612.76,11.818,"2026-07-06T23:04:31.382Z",2026-07-06 20:04:31.382,"2026-07-06 20:04","up",25.953,85.14764052
133.301,2829.91,2390.4,4256.88,3613.92,11.848,"2026-07-06T23:04:31.382Z",2026-07-06 20:04:31.382,"2026-07-06 20:04","up",25.699,84.31430716
133.556,2829.17,2390.2,4256.77,3614.28,11.874,"2026-07-06T23:04:31.382Z",2026-07-06 20:04:31.382,"2026-07-06 20:04","up",25.444,83.47769296
133.81,2829.09,2390.29,4256.41,3614.47,11.891,"2026-07-06T23:04:31.382Z",2026-07-06 20:04:31.382,"2026-07-06 20:04","up",25.19,82.6443596
134.064,2829.07,2390.06,4256.72,3614.96,11.889,"2026-07-06T23:04:31.382Z",2026-07-06 20:04:31.382,"2026-07-06 20:04","up",24.936,81.81102624
134.318,2828.77,2389.31,4257.28,3615.28,11.868,"2026-07-06T23:04:31.382Z",2026-07-06 20:04:31.382,"2026-07-06 20:04","up",24.682,80.97769288
134.572,2829.21,2388.89,4258.28,3615.76,11.832,"2026-07-06T23:04:31.382Z",2026-07-06 20:04:31.382,"2026-07-06 20:04","up",24.428,80.14435952
134.827,2829.88,2388.75,4260.17,3617.04,11.799,"2026-07-06T23:04:31.382Z",2026-07-06 20:04:31.382,"2026-07-06 20:04","up",24.173,79.30774532
135.081,2829.25,2388.1,4261.89,3618.23,11.789,"2026-07-06T23:04:31.382Z",2026-07-06 20:04:31.382,"2026-07-06 20:04","up",23.919,78.47441196
135.335,2828.13,2387.17,4262.22,3618.29,11.784,"2026-07-06T23:04:31.382Z",2026-07-06 20:04:31.382,"2026-07-06 20:04","up",23.665,77.6410786
135.589,2828.15,2386.85,4262.31,3618.2,11.768,"2026-07-06T23:04:31.382Z",2026-07-06 20:04:31.382,"2026-07-06 20:04","up",23.411,76.80774524
135.843,2828.42,2386.39,4263.61,3618.86,11.734,"2026-07-06T23:04:31.382Z",2026-07-06 20:04:31.382,"2026-07-06 20:04","up",23.157,75.97441188
136.098,2827.78,2384.84,4264.67,3618.88,11.678,"2026-07-06T23:04:31.382Z",2026-07-06 20:04:31.382,"2026-07-06 20:04","up",22.902,75.13779768
136.352,2827.44,2383.54,4264.41,3617.82,11.623,"2026-07-06T23:04:31.382Z",2026-07-06 20:04:31.382,"2026-07-06 20:04","up",22.648,74.30446432
136.606,2828.19,2384.07,4264.74,3617.87,11.614,"2026-07-06T23:04:31.382Z",2026-07-06 20:04:31.382,"2026-07-06 20:04","up",22.394,73.47113096
136.86,2828.6,2384.63,4266.54,3619.62,11.627,"2026-07-06T23:04:31.382Z",2026-07-06 20:04:31.382,"2026-07-06 20:04","up",22.14,72.6377976
137.114,2827.72,2383.86,4267.48,3620.74,11.633,"2026-07-06T23:04:31.382Z",2026-07-06 20:04:31.382,"2026-07-06 20:04","up",21.886,71.80446424
137.369,2827.21,2383.08,4266.86,3620.41,11.625,"2026-07-06T23:04:31.382Z",2026-07-06 20:04:31.382,"2026-07-06 20:04","up",21.631,70.96785004
137.623,2827.66,2383.44,4267.16,3620.46,11.62,"2026-07-06T23:04:31.382Z",2026-07-06 20:04:31.382,"2026-07-06 20:04","up",21.377,70.13451668
137.877,2827.33,2383.1,4268.82,3621.63,11.612,"2026-07-06T23:04:31.382Z",2026-07-06 20:04:31.382,"2026-07-06 20:04","up",21.123,69.30118332
138.131,2825.58,2381.2,4269.05,3622.07,11.603,"2026-07-06T23:04:31.382Z",2026-07-06 20:04:31.382,"2026-07-06 20:04","up",20.869,68.46784996
138.385,2824.56,2380.04,4267.19,3621.06,11.605,"2026-07-06T23:04:31.382Z",2026-07-06 20:04:31.382,"2026-07-06 20:04","up",20.615,67.6345166
138.64,2824.95,2380.08,4266.02,3620.5,11.605,"2026-07-06T23:04:31.382Z",2026-07-06 20:04:31.382,"2026-07-06 20:04","up",20.36,66.7979024
138.894,2824.76,2379.81,4266.74,3620.84,11.595,"2026-07-06T23:04:31.382Z",2026-07-06 20:04:31.382,"2026-07-06 20:04","up",20.106,65.96456904
139.148,2823.61,2378.5,4267.24,3620.78,11.572,"2026-07-06T23:04:31.382Z",2026-07-06 20:04:31.382,"2026-07-06 20:04","up",19.852,65.13123568
139.402,2823.16,2377.31,4266.76,3620.04,11.535,"2026-07-06T23:04:31.382Z",2026-07-06 20:04:31.382,"2026-07-06 20:04","up",19.598,64.29790232
139.656,2823.02,2376.8,4266.83,3619.63,11.51,"2026-07-06T23:04:31.382Z",2026-07-06 20:04:31.382,"2026-07-06 20:04","up",19.344,63.46456896
139.911,2821.89,2375.82,4267.31,3619.4,11.495,"2026-07-06T23:04:31.382Z",2026-07-06 20:04:31.382,"2026-07-06 20:04","up",19.089,62.62795476
140.165,2820.74,2374.73,4266.95,3618.81,11.484,"2026-07-06T23:04:31.382Z",2026-07-06 20:04:31.382,"2026-07-06 20:04","up",18.835,61.7946214
140.419,2820.96,2374.81,4266.83,3618.93,11.485,"2026-07-06T23:04:31.382Z",2026-07-06 20:04:31.382,"2026-07-06 20:04","up",18.581,60.96128804
140.673,2821.81,2375.32,4268.18,3620.38,11.485,"2026-07-06T23:04:31.382Z",2026-07-06 20:04:31.382,"2026-07-06 20:04","up",18.327,60.12795468
140.927,2821.72,2374.8,4269.48,3621.46,11.468,"2026-07-06T23:04:31.382Z",2026-07-06 20:04:31.382,"2026-07-06 20:04","up",18.073,59.29462132
141.182,2821.07,2373.94,4269.52,3621.16,11.45,"2026-07-06T23:04:31.382Z",2026-07-06 20:04:31.382,"2026-07-06 20:04","up",17.818,58.45800712
141.436,2820.89,2373.73,4269.56,3620.72,11.437,"2026-07-06T23:04:31.382Z",2026-07-06 20:04:31.382,"2026-07-06 20:04","up",17.564,57.62467376
141.69,2820.56,2373.19,4270.18,3620.62,11.413,"2026-07-06T23:04:31.382Z",2026-07-06 20:04:31.382,"2026-07-06 20:04","up",17.31,56.7913404
141.944,2819.7,2372.29,4269.93,3619.97,11.397,"2026-07-06T23:04:31.382Z",2026-07-06 20:04:31.382,"2026-07-06 20:04","up",17.056,55.95800704
142.198,2819.66,2372.03,4269.27,3619.15,11.382,"2026-07-06T23:04:31.382Z",2026-07-06 20:04:31.382,"2026-07-06 20:04","up",16.802,55.12467368
142.453,2820.41,2372.41,4270.25,3619.11,11.354,"2026-07-06T23:04:31.382Z",2026-07-06 20:04:31.382,"2026-07-06 20:04","up",16.547,54.28805948
142.707,2820,2371.96,4272.19,3619.61,11.323,"2026-07-06T23:04:31.382Z",2026-07-06 20:04:31.382,"2026-07-06 20:04","up",16.293,53.45472612
142.961,2818.54,2370.64,4272.66,3619.37,11.305,"2026-07-06T23:04:31.382Z",2026-07-06 20:04:31.382,"2026-07-06 20:04","up",16.039,52.62139276
143.215,2818.29,2370.19,4271.95,3618.15,11.283,"2026-07-06T23:04:31.382Z",2026-07-06 20:04:31.382,"2026-07-06 20:04","up",15.785,51.7880594
143.469,2818.77,2370.77,4272.33,3616.99,11.255,"2026-07-06T23:04:31.382Z",2026-07-06 20:04:31.382,"2026-07-06 20:04","up",15.531,50.95472604
143.724,2818.21,2370.69,4273.27,3616.02,11.227,"2026-07-06T23:04:31.382Z",2026-07-06 20:04:31.382,"2026-07-06 20:04","up",15.276,50.11811184
143.978,2816.81,2369.71,4272.78,3614.66,11.212,"2026-07-06T23:04:31.382Z",2026-07-06 20:04:31.382,"2026-07-06 20:04","up",15.022,49.28477848
144.232,2816.36,2369.42,4271.88,3613.91,11.216,"2026-07-06T23:04:31.382Z",2026-07-06 20:04:31.382,"2026-07-06 20:04","up",14.768,48.45144512
144.486,2816.49,2369.61,4272.65,3614.72,11.222,"2026-07-06T23:04:31.382Z",2026-07-06 20:04:31.382,"2026-07-06 20:04","up",14.514,47.61811176
144.74,2815.61,2368.96,4273.53,3615.47,11.226,"2026-07-06T23:04:31.382Z",2026-07-06 20:04:31.382,"2026-07-06 20:04","up",14.26,46.7847784
144.995,2814.55,2368.16,4272.62,3614.85,11.233,"2026-07-06T23:04:31.382Z",2026-07-06 20:04:31.382,"2026-07-06 20:04","up",14.005,45.9481642
145.249,2814.9,2368.26,4271.71,3614.28,11.23,"2026-07-06T23:04:31.382Z",2026-07-06 20:04:31.382,"2026-07-06 20:04","up",13.751,45.11483084
145.503,2815.16,2368.57,4272.58,3615.23,11.238,"2026-07-06T23:04:31.382Z",2026-07-06 20:04:31.382,"2026-07-06 20:04","up",13.497,44.28149748
145.757,2813.83,2368.01,4273.71,3616.49,11.265,"2026-07-06T23:04:31.382Z",2026-07-06 20:04:31.382,"2026-07-06 20:04","up",13.243,43.44816412
146.011,2812.58,2367.36,4273.43,3616.64,11.288,"2026-07-06T23:04:31.382Z",2026-07-06 20:04:31.382,"2026-07-06 20:04","up",12.989,42.61483076
146.266,2812.71,2367.48,4273.23,3616.77,11.296,"2026-07-06T23:04:31.382Z",2026-07-06 20:04:31.382,"2026-07-06 20:04","up",12.734,41.77821656
146.52,2812.8,2367.79,4274.28,3617.75,11.306,"2026-07-06T23:04:31.382Z",2026-07-06 20:04:31.382,"2026-07-06 20:04","up",12.48,40.9448832
146.774,2812.07,2367.77,4274.87,3618.64,11.336,"2026-07-06T23:04:31.382Z",2026-07-06 20:04:31.382,"2026-07-06 20:04","up",12.226,40.11154984
147.028,2812.09,2368.4,4274.25,3619.44,11.389,"2026-07-06T23:04:31.382Z",2026-07-06 20:04:31.382,"2026-07-06 20:04","up",11.972,39.27821648
147.282,2813.61,2369.95,4274.91,3621.32,11.429,"2026-07-06T23:04:31.382Z",2026-07-06 20:04:31.382,"2026-07-06 20:04","up",11.718,38.44488312
147.537,2814.26,2370.4,4277.46,3623.65,11.429,"2026-07-06T23:04:31.382Z",2026-07-06 20:04:31.382,"2026-07-06 20:04","up",11.463,37.60826892
147.791,2813.23,2369.36,4278.71,3624.13,11.41,"2026-07-06T23:04:31.382Z",2026-07-06 20:04:31.382,"2026-07-06 20:04","up",11.209,36.77493556
148.045,2812.69,2368.67,4277.94,3623.32,11.398,"2026-07-06T23:04:31.382Z",2026-07-06 20:04:31.382,"2026-07-06 20:04","up",10.955,35.9416022
148.299,2812.91,2368.9,4278.05,3623.63,11.404,"2026-07-06T23:04:31.382Z",2026-07-06 20:04:31.382,"2026-07-06 20:04","up",10.701,35.10826884
148.553,2812.17,2368.06,4279.57,3624.59,11.389,"2026-07-06T23:04:31.382Z",2026-07-06 20:04:31.382,"2026-07-06 20:04","up",10.447,34.27493548
148.808,2810.81,2366.41,4279.93,3624.14,11.354,"2026-07-06T23:04:31.382Z",2026-07-06 20:04:31.382,"2026-07-06 20:04","up",10.192,33.43832128
149.062,2810.81,2365.75,4279.17,3623.05,11.32,"2026-07-06T23:04:31.382Z",2026-07-06 20:04:31.382,"2026-07-06 20:04","up",9.93799999999999,32.60498792
149.316,2811.57,2366.08,4279.65,3623.22,11.304,"2026-07-06T23:04:31.382Z",2026-07-06 20:04:31.382,"2026-07-06 20:04","up",9.684,31.77165456
149.57,2811.77,2365.58,4281.23,3624.02,11.268,"2026-07-06T23:04:31.382Z",2026-07-06 20:04:31.382,"2026-07-06 20:04","up",9.43000000000001,30.9383212
149.824,2811.48,2363.2,4282.27,3623.4,11.157,"2026-07-06T23:04:31.382Z",2026-07-06 20:04:31.382,"2026-07-06 20:04","up",9.17599999999999,30.10498784
150.079,2810.96,2359.89,4282.89,3620.54,10.977,"2026-07-06T23:04:31.382Z",2026-07-06 20:04:31.382,"2026-07-06 20:04","up",8.92099999999999,29.26837364
150.333,2809.48,2356,4283.55,3616.31,10.773,"2026-07-06T23:04:31.382Z",2026-07-06 20:04:31.382,"2026-07-06 20:04","up",8.667,28.43504028
150.587,2807.21,2351.73,4282.79,3611.42,10.591,"2026-07-06T23:04:31.382Z",2026-07-06 20:04:31.382,"2026-07-06 20:04","up",8.41300000000001,27.60170692
150.841,2805.78,2348.67,4280.13,3606.53,10.463,"2026-07-06T23:04:31.382Z",2026-07-06 20:04:31.382,"2026-07-06 20:04","up",8.15899999999999,26.76837356
151.095,2805.65,2347.52,4278.2,3603.27,10.388,"2026-07-06T23:04:31.382Z",2026-07-06 20:04:31.382,"2026-07-06 20:04","up",7.905,25.9350402
151.35,2805.29,2346.77,4278.52,3602.15,10.34,"2026-07-06T23:04:31.382Z",2026-07-06 20:04:31.382,"2026-07-06 20:04","up",7.65000000000001,25.098426
151.604,2804.4,2345.63,4278.99,3601.47,10.301,"2026-07-06T23:04:31.382Z",2026-07-06 20:04:31.382,"2026-07-06 20:04","up",7.39599999999999,24.26509264
151.858,2804.09,2345.14,4278.67,3600.84,10.285,"2026-07-06T23:04:31.382Z",2026-07-06 20:04:31.382,"2026-07-06 20:04","up",7.142,23.43175928
152.112,2804.18,2345.74,4278.96,3601.33,10.309,"2026-07-06T23:04:31.382Z",2026-07-06 20:04:31.382,"2026-07-06 20:04","up",6.888,22.59842592
152.366,2803.54,2346.22,4279.74,3602.78,10.363,"2026-07-06T23:04:31.382Z",2026-07-06 20:04:31.382,"2026-07-06 20:04","up",6.63399999999999,21.76509256
152.621,2802.75,2346.93,4279.45,3604.23,10.452,"2026-07-06T23:04:31.382Z",2026-07-06 20:04:31.382,"2026-07-06 20:04","up",6.37899999999999,20.92847836
152.875,2803.15,2349.26,4278.99,3606.63,10.587,"2026-07-06T23:04:31.382Z",2026-07-06 20:04:31.382,"2026-07-06 20:04","up",6.125,20.095145
153.129,2804.42,2352.91,4280.64,3611.45,10.758,"2026-07-06T23:04:31.382Z",2026-07-06 20:04:31.382,"2026-07-06 20:04","up",5.87100000000001,19.26181164
153.383,2804.7,2356.48,4283.27,3617.77,10.971,"2026-07-06T23:04:31.382Z",2026-07-06 20:04:31.382,"2026-07-06 20:04","up",5.61699999999999,18.42847828
153.637,2804.62,2360.28,4284.35,3624.12,11.234,"2026-07-06T23:04:31.382Z",2026-07-06 20:04:31.382,"2026-07-06 20:04","up",5.363,17.59514492
153.892,2805.95,2365.66,4284.99,3631.34,11.54,"2026-07-06T23:04:31.382Z",2026-07-06 20:04:31.382,"2026-07-06 20:04","up",5.108,16.75853072
154.146,2808.08,2372.45,4287.79,3640.96,11.885,"2026-07-06T23:04:31.382Z",2026-07-06 20:04:31.382,"2026-07-06 20:04","up",4.85400000000001,15.92519736
154.4,2809.54,2379.46,4291.72,3652.35,12.276,"2026-07-06T23:04:31.382Z",2026-07-06 20:04:31.382,"2026-07-06 20:04","up",4.59999999999999,15.091864
154.654,2811.08,2387.16,4294.89,3664.37,12.718,"2026-07-06T23:04:31.382Z",2026-07-06 20:04:31.382,"2026-07-06 20:04","up",4.346,14.25853064
154.908,2813.46,2396.91,4298.12,3677.85,13.24,"2026-07-06T23:04:31.382Z",2026-07-06 20:04:31.382,"2026-07-06 20:04","up",4.09200000000001,13.42519728
155.163,2815.62,2407.83,4302.4,3693.7,13.843,"2026-07-06T23:04:31.382Z",2026-07-06 20:04:31.382,"2026-07-06 20:04","up",3.83699999999999,12.58858308
155.417,2817.7,2419.38,4306.5,3711.27,14.514,"2026-07-06T23:04:31.382Z",2026-07-06 20:04:31.382,"2026-07-06 20:04","up",3.583,11.75524972
155.671,2821.47,2433.31,4310.62,3731.06,15.267,"2026-07-06T23:04:31.382Z",2026-07-06 20:04:31.382,"2026-07-06 20:04","up",3.32900000000001,10.92191636
155.925,2826.56,2449.74,4317.15,3754.59,16.106,"2026-07-06T23:04:31.382Z",2026-07-06 20:04:31.382,"2026-07-06 20:04","up",3.07499999999999,10.088583
156.179,2830.68,2467.02,4325.29,3781.19,17.041,"2026-07-06T23:04:31.382Z",2026-07-06 20:04:31.382,"2026-07-06 20:04","up",2.821,9.25524963999999
156.434,2834.11,2486.27,4331.84,3809.52,18.137,"2026-07-06T23:04:31.382Z",2026-07-06 20:04:31.382,"2026-07-06 20:04","up",2.566,8.41863544000001
156.688,2839.44,2510.19,4337.97,3841.6,19.432,"2026-07-06T23:04:31.382Z",2026-07-06 20:04:31.382,"2026-07-06 20:04","up",2.31200000000001,7.58530208000004
156.942,2846.85,2538.48,4347.16,3880.54,20.909,"2026-07-06T23:04:31.382Z",2026-07-06 20:04:31.382,"2026-07-06 20:04","up",2.05799999999999,6.75196871999998
157.196,2854.87,2571.32,4358.91,3926.75,22.638,"2026-07-06T23:04:31.382Z",2026-07-06 20:04:31.382,"2026-07-06 20:04","up",1.804,5.91863536000001
157.45,2866.36,2617.89,4371.98,3984.38,24.969,"2026-07-06T23:04:31.382Z",2026-07-06 20:04:31.382,"2026-07-06 20:04","up",1.55000000000001,5.08530200000004
157.705,2883.08,2684.12,4390.15,4064,28.209,"2026-07-06T23:04:31.382Z",2026-07-06 20:04:31.382,"2026-07-06 20:04","up",1.29499999999999,4.24868779999996
157.959,2897.71,2747.97,4415.58,4162.18,31.688,"2026-07-06T23:04:31.382Z",2026-07-06 20:04:31.382,"2026-07-06 20:04","up",1.041,3.41535443999999
158.213,2903.22,2781.14,4440.06,4247.27,34.096,"2026-07-06T23:04:31.382Z",2026-07-06 20:04:31.382,"2026-07-06 20:04","up",0.787000000000006,2.58202108000002
158.467,2903.04,2788.09,4455.66,4293.82,35.073,"2026-07-06T23:04:31.382Z",2026-07-06 20:04:31.382,"2026-07-06 20:04","up",0.532999999999987,1.74868771999996
158.721,2906.76,2801.76,4464.67,4317.1,35.763,"2026-07-06T23:04:31.382Z",2026-07-06 20:04:31.382,"2026-07-06 20:04","up",0.278999999999996,0.915354359999988
158.976,2918.68,2836.92,4472.86,4353.88,37.257,"2026-07-06T23:04:31.382Z",2026-07-06 20:04:31.382,"2026-07-06 20:04","up",0.0240000000000009,0.078740160000003
8.235,3744.31,3583.25,3809.44,3642.12,28.519,"2026-07-07T04:54:07.785Z",2026-07-07 01:54:07.785,"2026-07-07 01:54","down",0.234999999999999,0.770997399999998
8.49,3736.53,3567.24,3799.38,3609.99,27.709,"2026-07-07T04:54:07.785Z",2026-07-07 01:54:07.785,"2026-07-07 01:54","down",0.49,1.6076116
8.744,3730.86,3557.51,3797.8,3600.65,27.392,"2026-07-07T04:54:07.785Z",2026-07-07 01:54:07.785,"2026-07-07 01:54","down",0.744,2.44094496
8.998,3724.1,3538.92,3799.14,3597.04,26.945,"2026-07-07T04:54:07.785Z",2026-07-07 01:54:07.785,"2026-07-07 01:54","down",0.997999999999999,3.27427832
9.252,3715.07,3505.77,3796.64,3581.67,25.958,"2026-07-07T04:54:07.785Z",2026-07-07 01:54:07.785,"2026-07-07 01:54","down",1.252,4.10761168
9.506,3705.87,3464.52,3789.52,3550.66,24.466,"2026-07-07T04:54:07.785Z",2026-07-07 01:54:07.785,"2026-07-07 01:54","down",1.506,4.94094504
9.761,3695.68,3421.9,3780.67,3510.39,22.76,"2026-07-07T04:54:07.785Z",2026-07-07 01:54:07.785,"2026-07-07 01:54","down",1.761,5.77755924
10.015,3685.2,3381.65,3771.26,3468.34,21.086,"2026-07-07T04:54:07.785Z",2026-07-07 01:54:07.785,"2026-07-07 01:54","down",2.015,6.6108926
10.269,3677.99,3347.73,3761.82,3429.23,19.573,"2026-07-07T04:54:07.785Z",2026-07-07 01:54:07.785,"2026-07-07 01:54","down",2.269,7.44422596
10.523,3673.41,3320.27,3754.32,3395.84,18.266,"2026-07-07T04:54:07.785Z",2026-07-07 01:54:07.785,"2026-07-07 01:54","down",2.523,8.27755932
10.777,3667.4,3295.43,3749.01,3368.12,17.157,"2026-07-07T04:54:07.785Z",2026-07-07 01:54:07.785,"2026-07-07 01:54","down",2.777,9.11089268
11.032,3660.19,3272.25,3743.49,3343.44,16.202,"2026-07-07T04:54:07.785Z",2026-07-07 01:54:07.785,"2026-07-07 01:54","down",3.032,9.94750688
11.286,3655.2,3252.3,3737.17,3320.69,15.346,"2026-07-07T04:54:07.785Z",2026-07-07 01:54:07.785,"2026-07-07 01:54","down",3.286,10.78084024
11.54,3651.57,3234.78,3731.94,3300.85,14.572,"2026-07-07T04:54:07.785Z",2026-07-07 01:54:07.785,"2026-07-07 01:54","down",3.54,11.6141736
11.794,3647.16,3218.38,3728.15,3283.71,13.882,"2026-07-07T04:54:07.785Z",2026-07-07 01:54:07.785,"2026-07-07 01:54","down",3.794,12.44750696
12.048,3643.52,3204.42,3724.87,3268.51,13.276,"2026-07-07T04:54:07.785Z",2026-07-07 01:54:07.785,"2026-07-07 01:54","down",4.048,13.28084032
12.303,3642.15,3193.79,3722.61,3255.88,12.749,"2026-07-07T04:54:07.785Z",2026-07-07 01:54:07.785,"2026-07-07 01:54","down",4.303,14.11745452
12.557,3640.28,3183.96,3721.91,3245.9,12.288,"2026-07-07T04:54:07.785Z",2026-07-07 01:54:07.785,"2026-07-07 01:54","down",4.557,14.95078788
12.811,3636.17,3173.56,3720.88,3236.64,11.89,"2026-07-07T04:54:07.785Z",2026-07-07 01:54:07.785,"2026-07-07 01:54","down",4.811,15.78412124
13.065,3633.74,3165.22,3718.13,3227.12,11.54,"2026-07-07T04:54:07.785Z",2026-07-07 01:54:07.785,"2026-07-07 01:54","down",5.065,16.6174546
13.319,3633.93,3159.66,3715.8,3219.1,11.232,"2026-07-07T04:54:07.785Z",2026-07-07 01:54:07.785,"2026-07-07 01:54","down",5.319,17.45078796
13.574,3632.69,3154.06,3715.49,3213.55,10.974,"2026-07-07T04:54:07.785Z",2026-07-07 01:54:07.785,"2026-07-07 01:54","down",5.574,18.28740216
13.828,3629.28,3147.41,3714.98,3208.53,10.757,"2026-07-07T04:54:07.785Z",2026-07-07 01:54:07.785,"2026-07-07 01:54","down",5.828,19.12073552
14.082,3627.3,3142.47,3713.04,3203.14,10.575,"2026-07-07T04:54:07.785Z",2026-07-07 01:54:07.785,"2026-07-07 01:54","down",6.082,19.95406888
14.336,3627.51,3140.1,3711.87,3199.26,10.432,"2026-07-07T04:54:07.785Z",2026-07-07 01:54:07.785,"2026-07-07 01:54","down",6.336,20.78740224
14.59,3626.53,3137.87,3712.21,3197.43,10.34,"2026-07-07T04:54:07.785Z",2026-07-07 01:54:07.785,"2026-07-07 01:54","down",6.59,21.6207356
14.845,3624.21,3135.36,3712.03,3195.73,10.287,"2026-07-07T04:54:07.785Z",2026-07-07 01:54:07.785,"2026-07-07 01:54","down",6.845,22.4573498
15.099,3623.35,3134.32,3710.86,3193.76,10.254,"2026-07-07T04:54:07.785Z",2026-07-07 01:54:07.785,"2026-07-07 01:54","down",7.099,23.29068316
15.353,3623.63,3134.82,3710.38,3193.17,10.256,"2026-07-07T04:54:07.785Z",2026-07-07 01:54:07.785,"2026-07-07 01:54","down",7.353,24.12401652
15.607,3622.87,3135.2,3710.69,3194.04,10.299,"2026-07-07T04:54:07.785Z",2026-07-07 01:54:07.785,"2026-07-07 01:54","down",7.607,24.95734988
15.861,3622.23,3136.07,3710.34,3194.81,10.365,"2026-07-07T04:54:07.785Z",2026-07-07 01:54:07.785,"2026-07-07 01:54","down",7.861,25.79068324
16.116,3624.55,3139.25,3710.04,3196.09,10.436,"2026-07-07T04:54:07.785Z",2026-07-07 01:54:07.785,"2026-07-07 01:54","down",8.116,26.62729744
16.37,3627.06,3143.46,3711.9,3199.66,10.541,"2026-07-07T04:54:07.785Z",2026-07-07 01:54:07.785,"2026-07-07 01:54","down",8.37,27.4606308
16.624,3627.07,3146.34,3714.88,3204.52,10.677,"2026-07-07T04:54:07.785Z",2026-07-07 01:54:07.785,"2026-07-07 01:54","down",8.624,28.29396416
16.878,3626.91,3149,3716.53,3208.71,10.824,"2026-07-07T04:54:07.785Z",2026-07-07 01:54:07.785,"2026-07-07 01:54","down",8.878,29.12729752
17.132,3627.71,3151.71,3717.65,3212.5,10.951,"2026-07-07T04:54:07.785Z",2026-07-07 01:54:07.785,"2026-07-07 01:54","down",9.132,29.96063088
17.387,3626.96,3152.13,3719.48,3215.97,11.028,"2026-07-07T04:54:07.785Z",2026-07-07 01:54:07.785,"2026-07-07 01:54","down",9.387,30.79724508
17.641,3624.55,3150.11,3720.5,3217.52,11.047,"2026-07-07T04:54:07.785Z",2026-07-07 01:54:07.785,"2026-07-07 01:54","down",9.641,31.63057844
17.895,3623.53,3148.69,3719.91,3216.99,11.033,"2026-07-07T04:54:07.785Z",2026-07-07 01:54:07.785,"2026-07-07 01:54","down",9.895,32.4639118
18.149,3624.17,3148.88,3719.49,3216.46,11.019,"2026-07-07T04:54:07.785Z",2026-07-07 01:54:07.785,"2026-07-07 01:54","down",10.149,33.29724516
18.403,3623.49,3148.4,3719.9,3216.88,11.024,"2026-07-07T04:54:07.785Z",2026-07-07 01:54:07.785,"2026-07-07 01:54","down",10.403,34.13057852
18.658,3621.55,3146.83,3719.58,3216.81,11.032,"2026-07-07T04:54:07.785Z",2026-07-07 01:54:07.785,"2026-07-07 01:54","down",10.658,34.96719272
18.912,3622.04,3146.94,3718.6,3215.98,11.024,"2026-07-07T04:54:07.785Z",2026-07-07 01:54:07.785,"2026-07-07 01:54","down",10.912,35.80052608
19.166,3623.91,3148.33,3719.09,3216.41,11.018,"2026-07-07T04:54:07.785Z",2026-07-07 01:54:07.785,"2026-07-07 01:54","down",11.166,36.63385944
19.42,3622.76,3147.62,3720.82,3217.88,11.025,"2026-07-07T04:54:07.785Z",2026-07-07 01:54:07.785,"2026-07-07 01:54","down",11.42,37.4671928
19.674,3620.52,3145.8,3721.24,3218.19,11.027,"2026-07-07T04:54:07.785Z",2026-07-07 01:54:07.785,"2026-07-07 01:54","down",11.674,38.30052616
19.929,3621.41,3145.83,3720.66,3217.67,11.007,"2026-07-07T04:54:07.785Z",2026-07-07 01:54:07.785,"2026-07-07 01:54","down",11.929,39.13714036
20.183,3623.28,3147.02,3721.67,3218.44,10.992,"2026-07-07T04:54:07.785Z",2026-07-07 01:54:07.785,"2026-07-07 01:54","down",12.183,39.97047372
20.437,3622.35,3146.68,3723.59,3219.98,11.002,"2026-07-07T04:54:07.785Z",2026-07-07 01:54:07.785,"2026-07-07 01:54","down",12.437,40.80380708
20.691,3620.77,3145.89,3723.84,3220.24,11.018,"2026-07-07T04:54:07.785Z",2026-07-07 01:54:07.785,"2026-07-07 01:54","down",12.691,41.63714044
20.945,3621.21,3146.68,3723.18,3220.05,11.039,"2026-07-07T04:54:07.785Z",2026-07-07 01:54:07.785,"2026-07-07 01:54","down",12.945,42.4704738
21.2,3621.69,3147.08,3723.83,3221,11.049,"2026-07-07T04:54:07.785Z",2026-07-07 01:54:07.785,"2026-07-07 01:54","down",13.2,43.307088
21.454,3619.94,3145.61,3724.8,3221.97,11.053,"2026-07-07T04:54:07.785Z",2026-07-07 01:54:07.785,"2026-07-07 01:54","down",13.454,44.14042136
21.708,3618.26,3144.71,3724.12,3221.63,11.075,"2026-07-07T04:54:07.785Z",2026-07-07 01:54:07.785,"2026-07-07 01:54","down",13.708,44.97375472
21.962,3619.25,3146.1,3723.21,3221.46,11.105,"2026-07-07T04:54:07.785Z",2026-07-07 01:54:07.785,"2026-07-07 01:54","down",13.962,45.80708808
22.216,3620.11,3147.39,3723.95,3222.92,11.141,"2026-07-07T04:54:07.785Z",2026-07-07 01:54:07.785,"2026-07-07 01:54","down",14.216,46.64042144
22.471,3618.63,3146.93,3724.89,3224.51,11.183,"2026-07-07T04:54:07.785Z",2026-07-07 01:54:07.785,"2026-07-07 01:54","down",14.471,47.47703564
22.725,3618.01,3146.86,3724.55,3224.92,11.214,"2026-07-07T04:54:07.785Z",2026-07-07 01:54:07.785,"2026-07-07 01:54","down",14.725,48.310369
22.979,3619.93,3148.84,3724.64,3225.85,11.244,"2026-07-07T04:54:07.785Z",2026-07-07 01:54:07.785,"2026-07-07 01:54","down",14.979,49.14370236
23.233,3621.16,3151.52,3726.35,3228.44,11.316,"2026-07-07T04:54:07.785Z",2026-07-07 01:54:07.785,"2026-07-07 01:54","down",15.233,49.97703572
23.487,3620.56,3153.46,3727.78,3231.12,11.419,"2026-07-07T04:54:07.785Z",2026-07-07 01:54:07.785,"2026-07-07 01:54","down",15.487,50.81036908
23.742,3620.52,3155.05,3728.12,3233.29,11.511,"2026-07-07T04:54:07.785Z",2026-07-07 01:54:07.785,"2026-07-07 01:54","down",15.742,51.64698328
23.996,3620.69,3155.67,3728.65,3235.44,11.567,"2026-07-07T04:54:07.785Z",2026-07-07 01:54:07.785,"2026-07-07 01:54","down",15.996,52.48031664
24.25,3619.2,3154.62,3729.25,3236.82,11.596,"2026-07-07T04:54:07.785Z",2026-07-07 01:54:07.785,"2026-07-07 01:54","down",16.25,53.31365
24.504,3617.99,3153.96,3728.82,3236.8,11.616,"2026-07-07T04:54:07.785Z",2026-07-07 01:54:07.785,"2026-07-07 01:54","down",16.504,54.14698336
24.758,3618.77,3154.39,3728.48,3236.82,11.617,"2026-07-07T04:54:07.785Z",2026-07-07 01:54:07.785,"2026-07-07 01:54","down",16.758,54.98031672
25.013,3618.89,3154.14,3729.65,3237.97,11.611,"2026-07-07T04:54:07.785Z",2026-07-07 01:54:07.785,"2026-07-07 01:54","down",17.013,55.81693092
25.267,3617.18,3153.25,3730.84,3238.91,11.625,"2026-07-07T04:54:07.785Z",2026-07-07 01:54:07.785,"2026-07-07 01:54","down",17.267,56.65026428
25.521,3616.56,3153.12,3730.45,3239.06,11.649,"2026-07-07T04:54:07.785Z",2026-07-07 01:54:07.785,"2026-07-07 01:54","down",17.521,57.48359764
25.775,3618.34,3154.7,3730.37,3239.95,11.674,"2026-07-07T04:54:07.785Z",2026-07-07 01:54:07.785,"2026-07-07 01:54","down",17.775,58.316931
26.029,3618.75,3155.29,3732.35,3242.14,11.692,"2026-07-07T04:54:07.785Z",2026-07-07 01:54:07.785,"2026-07-07 01:54","down",18.029,59.15026436
26.284,3616.63,3153.7,3734.03,3243.56,11.698,"2026-07-07T04:54:07.785Z",2026-07-07 01:54:07.785,"2026-07-07 01:54","down",18.284,59.98687856
26.538,3616.08,3152.89,3733.67,3243.21,11.688,"2026-07-07T04:54:07.785Z",2026-07-07 01:54:07.785,"2026-07-07 01:54","down",18.538,60.82021192
26.792,3617.81,3153.93,3733.71,3243.26,11.677,"2026-07-07T04:54:07.785Z",2026-07-07 01:54:07.785,"2026-07-07 01:54","down",18.792,61.65354528
27.046,3617.54,3153.91,3735.39,3244.69,11.682,"2026-07-07T04:54:07.785Z",2026-07-07 01:54:07.785,"2026-07-07 01:54","down",19.046,62.48687864
27.3,3614.75,3151.88,3736.1,3245.36,11.693,"2026-07-07T04:54:07.785Z",2026-07-07 01:54:07.785,"2026-07-07 01:54","down",19.3,63.320212
27.555,3614.41,3151.46,3734.94,3244.63,11.697,"2026-07-07T04:54:07.785Z",2026-07-07 01:54:07.785,"2026-07-07 01:54","down",19.555,64.1568262
27.809,3616.69,3153.18,3734.88,3244.9,11.699,"2026-07-07T04:54:07.785Z",2026-07-07 01:54:07.785,"2026-07-07 01:54","down",19.809,64.99015956
28.063,3617.1,3153.71,3736.88,3246.77,11.707,"2026-07-07T04:54:07.785Z",2026-07-07 01:54:07.785,"2026-07-07 01:54","down",20.063,65.82349292
28.317,3615.12,3152.3,3738.22,3247.88,11.714,"2026-07-07T04:54:07.785Z",2026-07-07 01:54:07.785,"2026-07-07 01:54","down",20.317,66.65682628
28.571,3614.42,3151.63,3738.05,3247.84,11.715,"2026-07-07T04:54:07.785Z",2026-07-07 01:54:07.785,"2026-07-07 01:54","down",20.571,67.49015964
28.826,3615.21,3152.16,3738.32,3248.23,11.715,"2026-07-07T04:54:07.785Z",2026-07-07 01:54:07.785,"2026-07-07 01:54","down",20.826,68.32677384
29.08,3615.44,3152.16,3739.56,3249.07,11.703,"2026-07-07T04:54:07.785Z",2026-07-07 01:54:07.785,"2026-07-07 01:54","down",21.08,69.1601072
29.334,3614.8,3151.7,3740.32,3249.27,11.694,"2026-07-07T04:54:07.785Z",2026-07-07 01:54:07.785,"2026-07-07 01:54","down",21.334,69.99344056
29.588,3614.52,3151.34,3740.34,3249.23,11.689,"2026-07-07T04:54:07.785Z",2026-07-07 01:54:07.785,"2026-07-07 01:54","down",21.588,70.82677392
29.842,3613.85,3150.53,3740.55,3249.61,11.689,"2026-07-07T04:54:07.785Z",2026-07-07 01:54:07.785,"2026-07-07 01:54","down",21.842,71.66010728
30.097,3611.99,3148.84,3740.73,3249.81,11.687,"2026-07-07T04:54:07.785Z",2026-07-07 01:54:07.785,"2026-07-07 01:54","down",22.097,72.49672148
30.351,3610.47,3147.72,3740.32,3249.16,11.686,"2026-07-07T04:54:07.785Z",2026-07-07 01:54:07.785,"2026-07-07 01:54","down",22.351,73.33005484
30.605,3610.58,3148.04,3740.12,3248.75,11.686,"2026-07-07T04:54:07.785Z",2026-07-07 01:54:07.785,"2026-07-07 01:54","down",22.605,74.1633882
30.859,3610.25,3147.69,3740.65,3249.64,11.695,"2026-07-07T04:54:07.785Z",2026-07-07 01:54:07.785,"2026-07-07 01:54","down",22.859,74.99672156
31.113,3608.21,3146.03,3740.72,3250.37,11.715,"2026-07-07T04:54:07.785Z",2026-07-07 01:54:07.785,"2026-07-07 01:54","down",23.113,75.83005492
31.367,3607.36,3145.25,3739.86,3250.01,11.724,"2026-07-07T04:54:07.785Z",2026-07-07 01:54:07.785,"2026-07-07 01:54","down",23.367,76.66338828
31.622,3608.61,3146.11,3739.89,3250.21,11.723,"2026-07-07T04:54:07.785Z",2026-07-07 01:54:07.785,"2026-07-07 01:54","down",23.622,77.50000248
31.876,3608.76,3146.27,3741.53,3251.73,11.726,"2026-07-07T04:54:07.785Z",2026-07-07 01:54:07.785,"2026-07-07 01:54","down",23.876,78.33333584
32.13,3607.63,3145.29,3742.9,3253.05,11.729,"2026-07-07T04:54:07.785Z",2026-07-07 01:54:07.785,"2026-07-07 01:54","down",24.13,79.1666692
32.384,3608.1,3145.6,3743.4,3253.59,11.729,"2026-07-07T04:54:07.785Z",2026-07-07 01:54:07.785,"2026-07-07 01:54","down",24.384,80.00000256
32.638,3609.53,3146.9,3744.61,3254.69,11.732,"2026-07-07T04:54:07.785Z",2026-07-07 01:54:07.785,"2026-07-07 01:54","down",24.638,80.83333592
32.893,3608.47,3146.42,3746.16,3256.1,11.746,"2026-07-07T04:54:07.785Z",2026-07-07 01:54:07.785,"2026-07-07 01:54","down",24.893,81.66995012
33.147,3606.15,3144.77,3745.91,3256.13,11.762,"2026-07-07T04:54:07.785Z",2026-07-07 01:54:07.785,"2026-07-07 01:54","down",25.147,82.50328348
33.401,3606.54,3144.51,3744.69,3255.29,11.752,"2026-07-07T04:54:07.785Z",2026-07-07 01:54:07.785,"2026-07-07 01:54","down",25.401,83.33661684
33.655,3608.23,3145.42,3745.05,3255.49,11.734,"2026-07-07T04:54:07.785Z",2026-07-07 01:54:07.785,"2026-07-07 01:54","down",25.655,84.1699502
33.909,3607.73,3145.04,3746.67,3256.54,11.726,"2026-07-07T04:54:07.785Z",2026-07-07 01:54:07.785,"2026-07-07 01:54","down",25.909,85.00328356
34.164,3606.59,3144.04,3747.18,3256.76,11.72,"2026-07-07T04:54:07.785Z",2026-07-07 01:54:07.785,"2026-07-07 01:54","down",26.164,85.83989776
34.418,3607.41,3144.4,3746.89,3256.51,11.711,"2026-07-07T04:54:07.785Z",2026-07-07 01:54:07.785,"2026-07-07 01:54","down",26.418,86.67323112
34.672,3607.66,3144.63,3747.75,3257.16,11.708,"2026-07-07T04:54:07.785Z",2026-07-07 01:54:07.785,"2026-07-07 01:54","down",26.672,87.50656448
34.926,3605.42,3143.05,3748.65,3257.86,11.716,"2026-07-07T04:54:07.785Z",2026-07-07 01:54:07.785,"2026-07-07 01:54","down",26.926,88.33989784
35.18,3604.02,3141.78,3747.72,3257.29,11.721,"2026-07-07T04:54:07.785Z",2026-07-07 01:54:07.785,"2026-07-07 01:54","down",27.18,89.1732312
35.435,3605.07,3142.15,3746.81,3256.92,11.717,"2026-07-07T04:54:07.785Z",2026-07-07 01:54:07.785,"2026-07-07 01:54","down",27.435,90.0098454
35.689,3605.59,3142.48,3748,3258.11,11.718,"2026-07-07T04:54:07.785Z",2026-07-07 01:54:07.785,"2026-07-07 01:54","down",27.689,90.84317876
35.943,3604.98,3141.98,3749.68,3259.41,11.715,"2026-07-07T04:54:07.785Z",2026-07-07 01:54:07.785,"2026-07-07 01:54","down",27.943,91.67651212
36.197,3605.11,3141.68,3750.34,3259.69,11.696,"2026-07-07T04:54:07.785Z",2026-07-07 01:54:07.785,"2026-07-07 01:54","down",28.197,92.50984548
36.451,3605.48,3141.56,3751.1,3260.05,11.676,"2026-07-07T04:54:07.785Z",2026-07-07 01:54:07.785,"2026-07-07 01:54","down",28.451,93.34317884
36.706,3604.33,3140.34,3752.43,3260.85,11.661,"2026-07-07T04:54:07.785Z",2026-07-07 01:54:07.785,"2026-07-07 01:54","down",28.706,94.17979304
36.96,3602.45,3138.62,3752.7,3260.76,11.651,"2026-07-07T04:54:07.785Z",2026-07-07 01:54:07.785,"2026-07-07 01:54","down",28.96,95.0131264
37.214,3601.84,3137.92,3751.88,3260.01,11.645,"2026-07-07T04:54:07.785Z",2026-07-07 01:54:07.785,"2026-07-07 01:54","down",29.214,95.84645976
37.468,3601.66,3137.52,3751.81,3259.99,11.64,"2026-07-07T04:54:07.785Z",2026-07-07 01:54:07.785,"2026-07-07 01:54","down",29.468,96.67979312
37.722,3600.02,3135.54,3752.41,3260.35,11.621,"2026-07-07T04:54:07.785Z",2026-07-07 01:54:07.785,"2026-07-07 01:54","down",29.722,97.51312648
37.977,3598.64,3133.81,3752.11,3259.8,11.599,"2026-07-07T04:54:07.785Z",2026-07-07 01:54:07.785,"2026-07-07 01:54","down",29.977,98.34974068
38.231,3599.53,3134.59,3751.49,3259.08,11.595,"2026-07-07T04:54:07.785Z",2026-07-07 01:54:07.785,"2026-07-07 01:54","down",30.231,99.18307404
38.485,3600.85,3135.96,3752.5,3259.96,11.601,"2026-07-07T04:54:07.785Z",2026-07-07 01:54:07.785,"2026-07-07 01:54","down",30.485,100.0164074
38.739,3600.19,3135.54,3754.28,3261.53,11.605,"2026-07-07T04:54:07.785Z",2026-07-07 01:54:07.785,"2026-07-07 01:54","down",30.739,100.84974076
38.993,3599.37,3134.73,3754.78,3262.01,11.604,"2026-07-07T04:54:07.785Z",2026-07-07 01:54:07.785,"2026-07-07 01:54","down",30.993,101.68307412
39.248,3599.77,3134.92,3754.63,3262.04,11.604,"2026-07-07T04:54:07.785Z",2026-07-07 01:54:07.785,"2026-07-07 01:54","down",31.248,102.51968832
39.502,3598.72,3134.29,3755.14,3262.74,11.618,"2026-07-07T04:54:07.785Z",2026-07-07 01:54:07.785,"2026-07-07 01:54","down",31.502,103.35302168
39.756,3596.03,3132.16,3755.39,3263.21,11.631,"2026-07-07T04:54:07.785Z",2026-07-07 01:54:07.785,"2026-07-07 01:54","down",31.756,104.18635504
40.01,3594.95,3131.08,3754.72,3262.64,11.627,"2026-07-07T04:54:07.785Z",2026-07-07 01:54:07.785,"2026-07-07 01:54","down",32.01,105.0196884
40.264,3595.59,3131.5,3754.6,3262.24,11.616,"2026-07-07T04:54:07.785Z",2026-07-07 01:54:07.785,"2026-07-07 01:54","down",32.264,105.85302176
40.519,3595.09,3131.04,3755.55,3262.79,11.608,"2026-07-07T04:54:07.785Z",2026-07-07 01:54:07.785,"2026-07-07 01:54","down",32.519,106.68963596
40.773,3593.92,3129.97,3756,3263.2,11.607,"2026-07-07T04:54:07.785Z",2026-07-07 01:54:07.785,"2026-07-07 01:54","down",32.773,107.52296932
41.027,3594.59,3130.14,3755.71,3263.15,11.601,"2026-07-07T04:54:07.785Z",2026-07-07 01:54:07.785,"2026-07-07 01:54","down",33.027,108.35630268
41.281,3596.15,3131.1,3756.64,3264.09,11.594,"2026-07-07T04:54:07.785Z",2026-07-07 01:54:07.785,"2026-07-07 01:54","down",33.281,109.18963604
41.535,3595.59,3130.59,3758.78,3265.73,11.588,"2026-07-07T04:54:07.785Z",2026-07-07 01:54:07.785,"2026-07-07 01:54","down",33.535,110.0229694
41.79,3594.25,3129.48,3759.82,3266.17,11.577,"2026-07-07T04:54:07.785Z",2026-07-07 01:54:07.785,"2026-07-07 01:54","down",33.79,110.8595836
42.044,3594.4,3129.58,3759.55,3265.85,11.574,"2026-07-07T04:54:07.785Z",2026-07-07 01:54:07.785,"2026-07-07 01:54","down",34.044,111.69291696
42.298,3594.8,3129.85,3759.95,3266.4,11.577,"2026-07-07T04:54:07.785Z",2026-07-07 01:54:07.785,"2026-07-07 01:54","down",34.298,112.52625032
42.552,3593.49,3128.55,3760.96,3267.25,11.572,"2026-07-07T04:54:07.785Z",2026-07-07 01:54:07.785,"2026-07-07 01:54","down",34.552,113.35958368
42.806,3591.71,3126.6,3760.96,3267.04,11.556,"2026-07-07T04:54:07.785Z",2026-07-07 01:54:07.785,"2026-07-07 01:54","down",34.806,114.19291704
43.061,3591.32,3126.05,3760.34,3266.42,11.548,"2026-07-07T04:54:07.785Z",2026-07-07 01:54:07.785,"2026-07-07 01:54","down",35.061,115.02953124
43.315,3591.84,3126.48,3760.82,3266.86,11.549,"2026-07-07T04:54:07.785Z",2026-07-07 01:54:07.785,"2026-07-07 01:54","down",35.315,115.8628646
43.569,3591.5,3126,3762.09,3267.89,11.542,"2026-07-07T04:54:07.785Z",2026-07-07 01:54:07.785,"2026-07-07 01:54","down",35.569,116.69619796
43.823,3591.08,3125.03,3762.58,3268.08,11.519,"2026-07-07T04:54:07.785Z",2026-07-07 01:54:07.785,"2026-07-07 01:54","down",35.823,117.52953132
44.077,3591.51,3124.7,3762.52,3267.74,11.493,"2026-07-07T04:54:07.785Z",2026-07-07 01:54:07.785,"2026-07-07 01:54","down",36.077,118.36286468
44.332,3591.41,3124.52,3763.06,3267.88,11.482,"2026-07-07T04:54:07.785Z",2026-07-07 01:54:07.785,"2026-07-07 01:54","down",36.332,119.19947888
44.586,3589.91,3123.41,3763.57,3267.89,11.476,"2026-07-07T04:54:07.785Z",2026-07-07 01:54:07.785,"2026-07-07 01:54","down",36.586,120.03281224
44.84,3589.09,3122.57,3762.94,3267.14,11.468,"2026-07-07T04:54:07.785Z",2026-07-07 01:54:07.785,"2026-07-07 01:54","down",36.84,120.8661456
45.094,3589.77,3122.78,3762.46,3266.82,11.46,"2026-07-07T04:54:07.785Z",2026-07-07 01:54:07.785,"2026-07-07 01:54","down",37.094,121.69947896
45.348,3589.54,3122.52,3763.21,3267.54,11.46,"2026-07-07T04:54:07.785Z",2026-07-07 01:54:07.785,"2026-07-07 01:54","down",37.348,122.53281232
45.603,3588.01,3121.25,3763.75,3267.83,11.457,"2026-07-07T04:54:07.785Z",2026-07-07 01:54:07.785,"2026-07-07 01:54","down",37.603,123.36942652
45.857,3587.39,3120.39,3763.26,3267.17,11.442,"2026-07-07T04:54:07.785Z",2026-07-07 01:54:07.785,"2026-07-07 01:54","down",37.857,124.20275988
46.111,3587,3119.63,3762.99,3266.95,11.432,"2026-07-07T04:54:07.785Z",2026-07-07 01:54:07.785,"2026-07-07 01:54","down",38.111,125.03609324
46.365,3585.27,3117.72,3763.26,3267.2,11.421,"2026-07-07T04:54:07.785Z",2026-07-07 01:54:07.785,"2026-07-07 01:54","down",38.365,125.8694266
46.619,3583.53,3115.66,3762.8,3266.47,11.398,"2026-07-07T04:54:07.785Z",2026-07-07 01:54:07.785,"2026-07-07 01:54","down",38.619,126.70275996
46.874,3583.56,3115.17,3761.99,3265.26,11.371,"2026-07-07T04:54:07.785Z",2026-07-07 01:54:07.785,"2026-07-07 01:54","down",38.874,127.53937416
47.128,3583.63,3115.15,3762.23,3265.05,11.358,"2026-07-07T04:54:07.785Z",2026-07-07 01:54:07.785,"2026-07-07 01:54","down",39.128,128.37270752
47.382,3582.03,3113.77,3762.78,3265.3,11.352,"2026-07-07T04:54:07.785Z",2026-07-07 01:54:07.785,"2026-07-07 01:54","down",39.382,129.20604088
47.636,3580.87,3112.75,3762.4,3264.97,11.352,"2026-07-07T04:54:07.785Z",2026-07-07 01:54:07.785,"2026-07-07 01:54","down",39.636,130.03937424
47.89,3581.64,3113.73,3762.22,3265.07,11.367,"2026-07-07T04:54:07.785Z",2026-07-07 01:54:07.785,"2026-07-07 01:54","down",39.89,130.8727076
48.145,3582.44,3115.39,3763.6,3266.9,11.409,"2026-07-07T04:54:07.785Z",2026-07-07 01:54:07.785,"2026-07-07 01:54","down",40.145,131.7093218
48.399,3580.99,3115.25,3765.23,3269.33,11.465,"2026-07-07T04:54:07.785Z",2026-07-07 01:54:07.785,"2026-07-07 01:54","down",40.399,132.54265516
48.653,3579.63,3114.27,3765.28,3270.31,11.495,"2026-07-07T04:54:07.785Z",2026-07-07 01:54:07.785,"2026-07-07 01:54","down",40.653,133.37598852
48.907,3579.93,3114.17,3764.83,3270.18,11.492,"2026-07-07T04:54:07.785Z",2026-07-07 01:54:07.785,"2026-07-07 01:54","down",40.907,134.20932188
49.161,3579.77,3113.53,3765.51,3270.67,11.476,"2026-07-07T04:54:07.785Z",2026-07-07 01:54:07.785,"2026-07-07 01:54","down",41.161,135.04265524
49.416,3578.24,3112.05,3766.25,3271.34,11.473,"2026-07-07T04:54:07.785Z",2026-07-07 01:54:07.785,"2026-07-07 01:54","down",41.416,135.87926944
49.67,3577.8,3111.55,3765.96,3271.38,11.477,"2026-07-07T04:54:07.785Z",2026-07-07 01:54:07.785,"2026-07-07 01:54","down",41.67,136.7126028
49.924,3578.67,3112.32,3766.18,3271.85,11.484,"2026-07-07T04:54:07.785Z",2026-07-07 01:54:07.785,"2026-07-07 01:54","down",41.924,137.54593616
50.178,3578.38,3112.25,3767.66,3273.04,11.487,"2026-07-07T04:54:07.785Z",2026-07-07 01:54:07.785,"2026-07-07 01:54","down",42.178,138.37926952
50.432,3577.24,3111.33,3768.7,3273.62,11.48,"2026-07-07T04:54:07.785Z",2026-07-07 01:54:07.785,"2026-07-07 01:54","down",42.432,139.21260288
50.687,3577.4,3111.19,3768.93,3273.62,11.468,"2026-07-07T04:54:07.785Z",2026-07-07 01:54:07.785,"2026-07-07 01:54","down",42.687,140.04921708
50.941,3577.98,3111.09,3769.83,3274.23,11.447,"2026-07-07T04:54:07.785Z",2026-07-07 01:54:07.785,"2026-07-07 01:54","down",42.941,140.88255044
51.195,3576.9,3109.76,3771,3274.87,11.427,"2026-07-07T04:54:07.785Z",2026-07-07 01:54:07.785,"2026-07-07 01:54","down",43.195,141.7158838
51.449,3575.02,3108.18,3770.87,3274.49,11.422,"2026-07-07T04:54:07.785Z",2026-07-07 01:54:07.785,"2026-07-07 01:54","down",43.449,142.54921716
51.703,3574.72,3108.09,3770.05,3273.86,11.428,"2026-07-07T04:54:07.785Z",2026-07-07 01:54:07.785,"2026-07-07 01:54","down",43.703,143.38255052
51.958,3575.49,3108.67,3770.69,3274.54,11.429,"2026-07-07T04:54:07.785Z",2026-07-07 01:54:07.785,"2026-07-07 01:54","down",43.958,144.21916472
52.212,3574.87,3108.23,3772.47,3276.14,11.433,"2026-07-07T04:54:07.785Z",2026-07-07 01:54:07.785,"2026-07-07 01:54","down",44.212,145.05249808
52.466,3574.05,3107.48,3773.19,3276.75,11.432,"2026-07-07T04:54:07.785Z",2026-07-07 01:54:07.785,"2026-07-07 01:54","down",44.466,145.88583144
52.72,3574.23,3107.55,3772.91,3276.53,11.43,"2026-07-07T04:54:07.785Z",2026-07-07 01:54:07.785,"2026-07-07 01:54","down",44.72,146.7191648
52.974,3574,3107.49,3773.25,3277,11.438,"2026-07-07T04:54:07.785Z",2026-07-07 01:54:07.785,"2026-07-07 01:54","down",44.974,147.55249816
53.229,3572.35,3106.17,3773.94,3277.74,11.445,"2026-07-07T04:54:07.785Z",2026-07-07 01:54:07.785,"2026-07-07 01:54","down",45.229,148.38911236
53.483,3571.63,3105.52,3773.74,3277.61,11.445,"2026-07-07T04:54:07.785Z",2026-07-07 01:54:07.785,"2026-07-07 01:54","down",45.483,149.22244572
53.737,3572.59,3106.15,3773.68,3277.58,11.44,"2026-07-07T04:54:07.785Z",2026-07-07 01:54:07.785,"2026-07-07 01:54","down",45.737,150.05577908
53.991,3572.74,3106.1,3774.94,3278.74,11.437,"2026-07-07T04:54:07.785Z",2026-07-07 01:54:07.785,"2026-07-07 01:54","down",45.991,150.88911244
54.245,3571.16,3104.85,3775.91,3279.68,11.443,"2026-07-07T04:54:07.785Z",2026-07-07 01:54:07.785,"2026-07-07 01:54","down",46.245,151.7224458
54.5,3570.79,3104.49,3775.66,3279.66,11.447,"2026-07-07T04:54:07.785Z",2026-07-07 01:54:07.785,"2026-07-07 01:54","down",46.5,152.55906
54.754,3572.34,3105.51,3776.14,3280.15,11.44,"2026-07-07T04:54:07.785Z",2026-07-07 01:54:07.785,"2026-07-07 01:54","down",46.754,153.39239336
55.008,3571.92,3105.33,3777.76,3281.36,11.44,"2026-07-07T04:54:07.785Z",2026-07-07 01:54:07.785,"2026-07-07 01:54","down",47.008,154.22572672
55.262,3569.76,3103.61,3778.12,3281.48,11.44,"2026-07-07T04:54:07.785Z",2026-07-07 01:54:07.785,"2026-07-07 01:54","down",47.262,155.05906008
55.516,3569,3102.83,3776.79,3280.34,11.436,"2026-07-07T04:54:07.785Z",2026-07-07 01:54:07.785,"2026-07-07 01:54","down",47.516,155.89239344
55.771,3569.38,3103.11,3776.06,3279.82,11.438,"2026-07-07T04:54:07.785Z",2026-07-07 01:54:07.785,"2026-07-07 01:54","down",47.771,156.72900764
56.025,3568.67,3102.83,3776.38,3280.26,11.451,"2026-07-07T04:54:07.785Z",2026-07-07 01:54:07.785,"2026-07-07 01:54","down",48.025,157.562341
56.279,3567.38,3102.34,3776.34,3280.62,11.479,"2026-07-07T04:54:07.785Z",2026-07-07 01:54:07.785,"2026-07-07 01:54","down",48.279,158.39567436
56.533,3566.96,3102.43,3776.19,3281.28,11.511,"2026-07-07T04:54:07.785Z",2026-07-07 01:54:07.785,"2026-07-07 01:54","down",48.533,159.22900772
56.787,3567.17,3102.46,3777.19,3282.82,11.524,"2026-07-07T04:54:07.785Z",2026-07-07 01:54:07.785,"2026-07-07 01:54","down",48.787,160.06234108
57.042,3566.35,3101.73,3778.57,3284.23,11.529,"2026-07-07T04:54:07.785Z",2026-07-07 01:54:07.785,"2026-07-07 01:54","down",49.042,160.89895528
57.296,3565.61,3101.24,3778.93,3284.54,11.533,"2026-07-07T04:54:07.785Z",2026-07-07 01:54:07.785,"2026-07-07 01:54","down",49.296,161.73228864
57.55,3566.06,3101.9,3779.07,3284.68,11.541,"2026-07-07T04:54:07.785Z",2026-07-07 01:54:07.785,"2026-07-07 01:54","down",49.55,162.565622
57.804,3566.49,3102.42,3780.06,3285.79,11.551,"2026-07-07T04:54:07.785Z",2026-07-07 01:54:07.785,"2026-07-07 01:54","down",49.804,163.39895536
58.058,3565.55,3101.44,3780.86,3286.61,11.55,"2026-07-07T04:54:07.785Z",2026-07-07 01:54:07.785,"2026-07-07 01:54","down",50.058,164.23228872
58.313,3564.4,3100.1,3780.47,3286.22,11.539,"2026-07-07T04:54:07.785Z",2026-07-07 01:54:07.785,"2026-07-07 01:54","down",50.313,165.06890292
58.567,3564.13,3099.87,3780.24,3286.08,11.541,"2026-07-07T04:54:07.785Z",2026-07-07 01:54:07.785,"2026-07-07 01:54","down",50.567,165.90223628
58.821,3563.2,3099.38,3780.86,3286.74,11.553,"2026-07-07T04:54:07.785Z",2026-07-07 01:54:07.785,"2026-07-07 01:54","down",50.821,166.73556964
59.075,3562.11,3098.35,3781.03,3286.98,11.553,"2026-07-07T04:54:07.785Z",2026-07-07 01:54:07.785,"2026-07-07 01:54","down",51.075,167.568903
59.329,3562.86,3098.59,3780.93,3286.94,11.543,"2026-07-07T04:54:07.785Z",2026-07-07 01:54:07.785,"2026-07-07 01:54","down",51.329,168.40223636
59.584,3564.09,3099.5,3782.29,3288.04,11.537,"2026-07-07T04:54:07.785Z",2026-07-07 01:54:07.785,"2026-07-07 01:54","down",51.584,169.23885056
59.838,3563.68,3099.42,3784.6,3290.05,11.544,"2026-07-07T04:54:07.785Z",2026-07-07 01:54:07.785,"2026-07-07 01:54","down",51.838,170.07218392
60.092,3562.6,3098.62,3785.68,3291.22,11.554,"2026-07-07T04:54:07.785Z",2026-07-07 01:54:07.785,"2026-07-07 01:54","down",52.092,170.90551728
60.346,3563.11,3098.79,3785.86,3291.36,11.546,"2026-07-07T04:54:07.785Z",2026-07-07 01:54:07.785,"2026-07-07 01:54","down",52.346,171.73885064
60.6,3564.23,3099.4,3786.95,3292.21,11.534,"2026-07-07T04:54:07.785Z",2026-07-07 01:54:07.785,"2026-07-07 01:54","down",52.6,172.572184
60.855,3563.58,3098.71,3788.75,3293.73,11.529,"2026-07-07T04:54:07.785Z",2026-07-07 01:54:07.785,"2026-07-07 01:54","down",52.855,173.4087982
61.109,3562.3,3097.64,3789.55,3294.47,11.532,"2026-07-07T04:54:07.785Z",2026-07-07 01:54:07.785,"2026-07-07 01:54","down",53.109,174.24213156
61.363,3562.5,3097.71,3789.8,3294.87,11.534,"2026-07-07T04:54:07.785Z",2026-07-07 01:54:07.785,"2026-07-07 01:54","down",53.363,175.07546492
61.617,3562.56,3097.88,3791.08,3295.95,11.536,"2026-07-07T04:54:07.785Z",2026-07-07 01:54:07.785,"2026-07-07 01:54","down",53.617,175.90879828
61.871,3561.4,3097.26,3792.44,3297.01,11.543,"2026-07-07T04:54:07.785Z",2026-07-07 01:54:07.785,"2026-07-07 01:54","down",53.871,176.74213164
62.126,3560.88,3096.64,3792.64,3297.5,11.546,"2026-07-07T04:54:07.785Z",2026-07-07 01:54:07.785,"2026-07-07 01:54","down",54.126,177.57874584
62.38,3561.24,3096.51,3792.88,3297.94,11.541,"2026-07-07T04:54:07.785Z",2026-07-07 01:54:07.785,"2026-07-07 01:54","down",54.38,178.4120792
62.634,3560.17,3095.65,3793.91,3298.46,11.533,"2026-07-07T04:54:07.785Z",2026-07-07 01:54:07.785,"2026-07-07 01:54","down",54.634,179.24541256
62.888,3558.33,3094.22,3794.27,3298.41,11.528,"2026-07-07T04:54:07.785Z",2026-07-07 01:54:07.785,"2026-07-07 01:54","down",54.888,180.07874592
63.142,3557.92,3093.77,3793.52,3297.82,11.527,"2026-07-07T04:54:07.785Z",2026-07-07 01:54:07.785,"2026-07-07 01:54","down",55.142,180.91207928
63.397,3558.48,3094.16,3793.34,3297.9,11.531,"2026-07-07T04:54:07.785Z",2026-07-07 01:54:07.785,"2026-07-07 01:54","down",55.397,181.74869348
63.651,3557.93,3093.66,3794.37,3299.01,11.535,"2026-07-07T04:54:07.785Z",2026-07-07 01:54:07.785,"2026-07-07 01:54","down",55.651,182.58202684
63.905,3556.54,3092.6,3795.41,3299.92,11.539,"2026-07-07T04:54:07.785Z",2026-07-07 01:54:07.785,"2026-07-07 01:54","down",55.905,183.4153602
64.159,3556.53,3092.62,3796.11,3300.36,11.536,"2026-07-07T04:54:07.785Z",2026-07-07 01:54:07.785,"2026-07-07 01:54","down",56.159,184.24869356
64.413,3556.87,3092.79,3797.17,3301.34,11.534,"2026-07-07T04:54:07.785Z",2026-07-07 01:54:07.785,"2026-07-07 01:54","down",56.413,185.08202692
64.668,3555.44,3091.47,3798.22,3302.33,11.534,"2026-07-07T04:54:07.785Z",2026-07-07 01:54:07.785,"2026-07-07 01:54","down",56.668,185.91864112
64.922,3554.08,3090.08,3798.25,3302.3,11.527,"2026-07-07T04:54:07.785Z",2026-07-07 01:54:07.785,"2026-07-07 01:54","down",56.922,186.75197448
65.176,3554.74,3090.32,3797.88,3302.05,11.52,"2026-07-07T04:54:07.785Z",2026-07-07 01:54:07.785,"2026-07-07 01:54","down",57.176,187.58530784
65.43,3555.41,3090.63,3798.57,3302.79,11.516,"2026-07-07T04:54:07.785Z",2026-07-07 01:54:07.785,"2026-07-07 01:54","down",57.43,188.4186412
65.684,3553.87,3089.49,3799.6,3303.72,11.522,"2026-07-07T04:54:07.785Z",2026-07-07 01:54:07.785,"2026-07-07 01:54","down",57.684,189.25197456
65.939,3552.52,3088.42,3799.51,3303.5,11.522,"2026-07-07T04:54:07.785Z",2026-07-07 01:54:07.785,"2026-07-07 01:54","down",57.939,190.08858876
66.193,3553.58,3089.04,3799.31,3303.29,11.512,"2026-07-07T04:54:07.785Z",2026-07-07 01:54:07.785,"2026-07-07 01:54","down",58.193,190.92192212
66.447,3554.07,3089.34,3800.62,3304.51,11.511,"2026-07-07T04:54:07.785Z",2026-07-07 01:54:07.785,"2026-07-07 01:54","down",58.447,191.75525548
66.701,3552.41,3088.12,3802.29,3305.9,11.515,"2026-07-07T04:54:07.785Z",2026-07-07 01:54:07.785,"2026-07-07 01:54","down",58.701,192.58858884
66.955,3551.41,3087.26,3802.58,3306.14,11.516,"2026-07-07T04:54:07.785Z",2026-07-07 01:54:07.785,"2026-07-07 01:54","down",58.955,193.4219222
67.21,3552.02,3087.66,3802.39,3306.09,11.515,"2026-07-07T04:54:07.785Z",2026-07-07 01:54:07.785,"2026-07-07 01:54","down",59.21,194.2585364
67.464,3551.75,3087.34,3803.12,3306.58,11.509,"2026-07-07T04:54:07.785Z",2026-07-07 01:54:07.785,"2026-07-07 01:54","down",59.464,195.09186976
67.718,3550.17,3086.15,3804.16,3307.22,11.507,"2026-07-07T04:54:07.785Z",2026-07-07 01:54:07.785,"2026-07-07 01:54","down",59.718,195.92520312
67.972,3549.64,3085.82,3804.58,3307.68,11.513,"2026-07-07T04:54:07.785Z",2026-07-07 01:54:07.785,"2026-07-07 01:54","down",59.972,196.75853648
68.226,3550.16,3085.93,3804.85,3308.2,11.511,"2026-07-07T04:54:07.785Z",2026-07-07 01:54:07.785,"2026-07-07 01:54","down",60.226,197.59186984
68.481,3549.73,3085.3,3805.14,3308.54,11.506,"2026-07-07T04:54:07.785Z",2026-07-07 01:54:07.785,"2026-07-07 01:54","down",60.481,198.42848404
68.735,3549.07,3084.71,3804.47,3308.03,11.508,"2026-07-07T04:54:07.785Z",2026-07-07 01:54:07.785,"2026-07-07 01:54","down",60.735,199.2618174
68.989,3549.83,3085.25,3803.47,3307.28,11.507,"2026-07-07T04:54:07.785Z",2026-07-07 01:54:07.785,"2026-07-07 01:54","down",60.989,200.09515076
69.243,3550.45,3085.7,3803.92,3307.64,11.504,"2026-07-07T04:54:07.785Z",2026-07-07 01:54:07.785,"2026-07-07 01:54","down",61.243,200.92848412
69.497,3548.96,3084.37,3805.19,3308.45,11.496,"2026-07-07T04:54:07.785Z",2026-07-07 01:54:07.785,"2026-07-07 01:54","down",61.497,201.76181748
69.752,3546.69,3082.53,3805.1,3308.24,11.496,"2026-07-07T04:54:07.785Z",2026-07-07 01:54:07.785,"2026-07-07 01:54","down",61.752,202.59843168
70.006,3545.57,3081.71,3803.85,3307.48,11.509,"2026-07-07T04:54:07.785Z",2026-07-07 01:54:07.785,"2026-07-07 01:54","down",62.006,203.43176504
70.26,3544.87,3081.13,3803.41,3307.36,11.516,"2026-07-07T04:54:07.785Z",2026-07-07 01:54:07.785,"2026-07-07 01:54","down",62.26,204.2650984
70.514,3543.51,3079.87,3803.65,3307.6,11.515,"2026-07-07T04:54:07.785Z",2026-07-07 01:54:07.785,"2026-07-07 01:54","down",62.514,205.09843176
70.768,3542.9,3077.83,3803.38,3307.13,11.467,"2026-07-07T04:54:07.785Z",2026-07-07 01:54:07.785,"2026-07-07 01:54","down",62.768,205.93176512
71.023,3543.48,3074.99,3803.29,3305.56,11.339,"2026-07-07T04:54:07.785Z",2026-07-07 01:54:07.785,"2026-07-07 01:54","down",63.023,206.76837932
71.277,3543.55,3072.84,3804.11,3303.36,11.204,"2026-07-07T04:54:07.785Z",2026-07-07 01:54:07.785,"2026-07-07 01:54","down",63.277,207.60171268
71.531,3542.68,3072,3804.72,3301.79,11.149,"2026-07-07T04:54:07.785Z",2026-07-07 01:54:07.785,"2026-07-07 01:54","down",63.531,208.43504604
71.785,3542.78,3072.7,3805.09,3301.96,11.162,"2026-07-07T04:54:07.785Z",2026-07-07 01:54:07.785,"2026-07-07 01:54","down",63.785,209.2683794
72.039,3543.8,3073.79,3806.47,3303.67,11.18,"2026-07-07T04:54:07.785Z",2026-07-07 01:54:07.785,"2026-07-07 01:54","down",64.039,210.10171276
72.294,3542.96,3073.28,3808.36,3305.63,11.194,"2026-07-07T04:54:07.785Z",2026-07-07 01:54:07.785,"2026-07-07 01:54","down",64.294,210.93832696
72.548,3540.22,3071.5,3808.82,3306.36,11.219,"2026-07-07T04:54:07.785Z",2026-07-07 01:54:07.785,"2026-07-07 01:54","down",64.548,211.77166032
72.802,3538.49,3070.68,3808.08,3306.19,11.249,"2026-07-07T04:54:07.785Z",2026-07-07 01:54:07.785,"2026-07-07 01:54","down",64.802,212.60499368
73.056,3538.28,3070.68,3808.06,3306.7,11.268,"2026-07-07T04:54:07.785Z",2026-07-07 01:54:07.785,"2026-07-07 01:54","down",65.056,213.43832704
73.31,3538.32,3070.41,3808.96,3307.93,11.271,"2026-07-07T04:54:07.785Z",2026-07-07 01:54:07.785,"2026-07-07 01:54","down",65.31,214.2716604
73.565,3538.71,3070.47,3809.86,3309.03,11.271,"2026-07-07T04:54:07.785Z",2026-07-07 01:54:07.785,"2026-07-07 01:54","down",65.565,215.1082746
73.819,3539.6,3071.22,3811.08,3310.28,11.275,"2026-07-07T04:54:07.785Z",2026-07-07 01:54:07.785,"2026-07-07 01:54","down",65.819,215.94160796
74.073,3539.35,3071.09,3812.87,3311.68,11.274,"2026-07-07T04:54:07.785Z",2026-07-07 01:54:07.785,"2026-07-07 01:54","down",66.073,216.77494132
74.327,3537.67,3069.61,3813.78,3312.1,11.264,"2026-07-07T04:54:07.785Z",2026-07-07 01:54:07.785,"2026-07-07 01:54","down",66.327,217.60827468
74.581,3536.82,3068.9,3813.21,3311.54,11.263,"2026-07-07T04:54:07.785Z",2026-07-07 01:54:07.785,"2026-07-07 01:54","down",66.581,218.44160804
74.836,3536.98,3069.11,3812.96,3311.49,11.269,"2026-07-07T04:54:07.785Z",2026-07-07 01:54:07.785,"2026-07-07 01:54","down",66.836,219.27822224
75.09,3535.41,3067.75,3813.78,3312.12,11.267,"2026-07-07T04:54:07.785Z",2026-07-07 01:54:07.785,"2026-07-07 01:54","down",67.09,220.1115556
75.344,3532.66,3065.15,3813.72,3311.83,11.255,"2026-07-07T04:54:07.785Z",2026-07-07 01:54:07.785,"2026-07-07 01:54","down",67.344,220.94488896
75.598,3532.78,3064.89,3812.22,3310.72,11.25,"2026-07-07T04:54:07.785Z",2026-07-07 01:54:07.785,"2026-07-07 01:54","down",67.598,221.77822232
75.852,3534.91,3066.51,3812.09,3310.95,11.253,"2026-07-07T04:54:07.785Z",2026-07-07 01:54:07.785,"2026-07-07 01:54","down",67.852,222.61155568
76.107,3534.04,3065.88,3813.94,3312.47,11.254,"2026-07-07T04:54:07.785Z",2026-07-07 01:54:07.785,"2026-07-07 01:54","down",68.107,223.44816988
76.361,3531.01,3063.52,3814.42,3312.65,11.255,"2026-07-07T04:54:07.785Z",2026-07-07 01:54:07.785,"2026-07-07 01:54","down",68.361,224.28150324
76.615,3530.34,3062.77,3812.77,3311.34,11.254,"2026-07-07T04:54:07.785Z",2026-07-07 01:54:07.785,"2026-07-07 01:54","down",68.615,225.1148366
76.869,3530.99,3063.17,3812.19,3311.03,11.254,"2026-07-07T04:54:07.785Z",2026-07-07 01:54:07.785,"2026-07-07 01:54","down",68.869,225.94816996
77.123,3529.26,3061.94,3813.12,3311.83,11.261,"2026-07-07T04:54:07.785Z",2026-07-07 01:54:07.785,"2026-07-07 01:54","down",69.123,226.78150332
77.378,3527.18,3060.27,3812.91,3311.6,11.264,"2026-07-07T04:54:07.785Z",2026-07-07 01:54:07.785,"2026-07-07 01:54","down",69.378,227.61811752
77.632,3527.72,3060.54,3811.55,3310.48,11.26,"2026-07-07T04:54:07.785Z",2026-07-07 01:54:07.785,"2026-07-07 01:54","down",69.632,228.45145088
77.886,3527.77,3060.55,3811.4,3310.43,11.261,"2026-07-07T04:54:07.785Z",2026-07-07 01:54:07.785,"2026-07-07 01:54","down",69.886,229.28478424
78.14,3525.38,3058.61,3811.88,3310.63,11.259,"2026-07-07T04:54:07.785Z",2026-07-07 01:54:07.785,"2026-07-07 01:54","down",70.14,230.1181176
78.394,3523.79,3057.12,3810.77,3309.51,11.252,"2026-07-07T04:54:07.785Z",2026-07-07 01:54:07.785,"2026-07-07 01:54","down",70.394,230.95145096
78.649,3525.1,3057.71,3809.57,3308.58,11.24,"2026-07-07T04:54:07.785Z",2026-07-07 01:54:07.785,"2026-07-07 01:54","down",70.649,231.78806516
78.903,3525.82,3058.09,3810.54,3309.52,11.236,"2026-07-07T04:54:07.785Z",2026-07-07 01:54:07.785,"2026-07-07 01:54","down",70.903,232.62139852
79.157,3523.91,3056.79,3811.8,3310.84,11.251,"2026-07-07T04:54:07.785Z",2026-07-07 01:54:07.785,"2026-07-07 01:54","down",71.157,233.45473188
79.411,3522.77,3055.92,3811.59,3310.86,11.26,"2026-07-07T04:54:07.785Z",2026-07-07 01:54:07.785,"2026-07-07 01:54","down",71.411,234.28806524
79.665,3523.76,3056.43,3811.78,3311.06,11.251,"2026-07-07T04:54:07.785Z",2026-07-07 01:54:07.785,"2026-07-07 01:54","down",71.665,235.1213986
79.92,3523.71,3056.17,3813.62,3312.47,11.24,"2026-07-07T04:54:07.785Z",2026-07-07 01:54:07.785,"2026-07-07 01:54","down",71.92,235.9580128
80.174,3521.69,3054.68,3814.76,3313.07,11.238,"2026-07-07T04:54:07.785Z",2026-07-07 01:54:07.785,"2026-07-07 01:54","down",72.174,236.79134616
80.428,3520.37,3053.83,3813.87,3312.22,11.244,"2026-07-07T04:54:07.785Z",2026-07-07 01:54:07.785,"2026-07-07 01:54","down",72.428,237.62467952
80.682,3519.96,3053.46,3812.78,3311.62,11.252,"2026-07-07T04:54:07.785Z",2026-07-07 01:54:07.785,"2026-07-07 01:54","down",72.682,238.45801288
80.936,3519.27,3052.71,3812.69,3311.94,11.258,"2026-07-07T04:54:07.785Z",2026-07-07 01:54:07.785,"2026-07-07 01:54","down",72.936,239.29134624
81.191,3518.62,3052.05,3812.59,3312.2,11.264,"2026-07-07T04:54:07.785Z",2026-07-07 01:54:07.785,"2026-07-07 01:54","down",73.191,240.12796044
81.445,3519.17,3052.3,3812.61,3312.42,11.263,"2026-07-07T04:54:07.785Z",2026-07-07 01:54:07.785,"2026-07-07 01:54","down",73.445,240.9612938
81.699,3519.86,3052.78,3813.94,3313.62,11.261,"2026-07-07T04:54:07.785Z",2026-07-07 01:54:07.785,"2026-07-07 01:54","down",73.699,241.79462716
81.953,3519.13,3052.23,3815.86,3315.1,11.259,"2026-07-07T04:54:07.785Z",2026-07-07 01:54:07.785,"2026-07-07 01:54","down",73.953,242.62796052
82.207,3519.29,3052.06,3816.62,3315.79,11.251,"2026-07-07T04:54:07.785Z",2026-07-07 01:54:07.785,"2026-07-07 01:54","down",74.207,243.46129388
82.462,3521.03,3053.02,3817.32,3316.47,11.238,"2026-07-07T04:54:07.785Z",2026-07-07 01:54:07.785,"2026-07-07 01:54","down",74.462,244.29790808
82.716,3519.85,3051.99,3818.07,3317.87,11.257,"2026-07-07T04:54:07.785Z",2026-07-07 01:54:07.785,"2026-07-07 01:54","down",74.716,245.13124144
82.97,3494.33,3034.14,3816.35,3321.22,11.497,"2026-07-07T04:54:07.785Z",2026-07-07 01:54:07.785,"2026-07-07 01:54","down",74.97,245.9645748
83.224,3388.2,2954.05,3833.05,3344.12,12.052,"2026-07-07T04:54:07.785Z",2026-07-07 01:54:07.785,"2026-07-07 01:54","down",75.224,246.79790816
83.478,3242.82,2834.06,3914.34,3418.96,12.351,"2026-07-07T04:54:07.785Z",2026-07-07 01:54:07.785,"2026-07-07 01:54","down",75.478,247.63124152
83.733,3165.72,2762.3,4053.57,3533.36,12.045,"2026-07-07T04:54:07.785Z",2026-07-07 01:54:07.785,"2026-07-07 01:54","up",75.267,246.93898428
83.987,3156.83,2745.34,4161.11,3615.62,11.496,"2026-07-07T04:54:07.785Z",2026-07-07 01:54:07.785,"2026-07-07 01:54","up",75.013,246.10565092
84.241,3160.56,2743.71,4198.47,3642.27,11.214,"2026-07-07T04:54:07.785Z",2026-07-07 01:54:07.785,"2026-07-07 01:54","up",74.759,245.27231756
84.495,3159.44,2742.11,4202.65,3644.84,11.171,"2026-07-07T04:54:07.785Z",2026-07-07 01:54:07.785,"2026-07-07 01:54","up",74.505,244.4389842
84.749,3158.64,2742.03,4201.1,3643.68,11.194,"2026-07-07T04:54:07.785Z",2026-07-07 01:54:07.785,"2026-07-07 01:54","up",74.251,243.60565084
85.004,3158.37,2742.36,4200.31,3643.25,11.217,"2026-07-07T04:54:07.785Z",2026-07-07 01:54:07.785,"2026-07-07 01:54","up",73.996,242.76903664
85.258,3156.5,2741.24,4200.03,3643.12,11.235,"2026-07-07T04:54:07.785Z",2026-07-07 01:54:07.785,"2026-07-07 01:54","up",73.742,241.93570328
85.512,3155.87,2740.33,4198.54,3642.17,11.231,"2026-07-07T04:54:07.785Z",2026-07-07 01:54:07.785,"2026-07-07 01:54","up",73.488,241.10236992
85.766,3156.31,2740.54,4197.12,3641.41,11.237,"2026-07-07T04:54:07.785Z",2026-07-07 01:54:07.785,"2026-07-07 01:54","up",73.234,240.26903656
86.02,3156.4,2740.46,4197.3,3641.78,11.237,"2026-07-07T04:54:07.785Z",2026-07-07 01:54:07.785,"2026-07-07 01:54","up",72.98,239.4357032
86.275,3155.59,2739.58,4198.19,3642.61,11.234,"2026-07-07T04:54:07.785Z",2026-07-07 01:54:07.785,"2026-07-07 01:54","up",72.725,238.599089
86.529,3156.22,2739.71,4199,3643.4,11.222,"2026-07-07T04:54:07.785Z",2026-07-07 01:54:07.785,"2026-07-07 01:54","up",72.471,237.76575564
86.783,3157.66,2740.81,4200.99,3645.13,11.218,"2026-07-07T04:54:07.785Z",2026-07-07 01:54:07.785,"2026-07-07 01:54","up",72.217,236.93242228
87.037,3157.38,2740.79,4204.04,3647.62,11.221,"2026-07-07T04:54:07.785Z",2026-07-07 01:54:07.785,"2026-07-07 01:54","up",71.963,236.09908892
87.291,3156.01,2739.81,4205.5,3648.8,11.226,"2026-07-07T04:54:07.785Z",2026-07-07 01:54:07.785,"2026-07-07 01:54","up",71.709,235.26575556
87.546,3155.81,2739.47,4205.29,3648.7,11.222,"2026-07-07T04:54:07.785Z",2026-07-07 01:54:07.785,"2026-07-07 01:54","up",71.454,234.42914136
87.8,3155.7,2739.3,4206.06,3649.49,11.223,"2026-07-07T04:54:07.785Z",2026-07-07 01:54:07.785,"2026-07-07 01:54","up",71.2,233.595808
88.054,3154.16,2738.07,4207.29,3650.67,11.229,"2026-07-07T04:54:07.785Z",2026-07-07 01:54:07.785,"2026-07-07 01:54","up",70.946,232.76247464
88.308,3153.18,2737.09,4206.99,3650.54,11.228,"2026-07-07T04:54:07.785Z",2026-07-07 01:54:07.785,"2026-07-07 01:54","up",70.692,231.92914128
88.562,3153.86,2737.55,4206.41,3650.07,11.225,"2026-07-07T04:54:07.785Z",2026-07-07 01:54:07.785,"2026-07-07 01:54","up",70.438,231.09580792
88.817,3153.95,2737.85,4207.11,3650.6,11.23,"2026-07-07T04:54:07.785Z",2026-07-07 01:54:07.785,"2026-07-07 01:54","up",70.183,230.25919372
89.071,3152.71,2736.79,4207.6,3651.09,11.232,"2026-07-07T04:54:07.785Z",2026-07-07 01:54:07.785,"2026-07-07 01:54","up",69.929,229.42586036
89.325,3153.06,2736.46,4207.22,3650.95,11.216,"2026-07-07T04:54:07.785Z",2026-07-07 01:54:07.785,"2026-07-07 01:54","up",69.675,228.592527
89.579,3154.49,2737.6,4208.08,3651.73,11.214,"2026-07-07T04:54:07.785Z",2026-07-07 01:54:07.785,"2026-07-07 01:54","up",69.421,227.75919364
89.833,3153.88,2737.55,4210.51,3653.71,11.226,"2026-07-07T04:54:07.785Z",2026-07-07 01:54:07.785,"2026-07-07 01:54","up",69.167,226.92586028
90.088,3151.78,2735.9,4211.51,3654.67,11.233,"2026-07-07T04:54:07.785Z",2026-07-07 01:54:07.785,"2026-07-07 01:54","up",68.912,226.08924608
90.342,3151.42,2735.23,4210.5,3654.06,11.228,"2026-07-07T04:54:07.785Z",2026-07-07 01:54:07.785,"2026-07-07 01:54","up",68.658,225.25591272
90.596,3152.19,2735.84,4210.51,3654.01,11.225,"2026-07-07T04:54:07.785Z",2026-07-07 01:54:07.785,"2026-07-07 01:54","up",68.404,224.42257936
90.85,3151.33,2735.41,4212.16,3655.05,11.226,"2026-07-07T04:54:07.785Z",2026-07-07 01:54:07.785,"2026-07-07 01:54","up",68.15,223.589246
91.104,3149.88,2734.29,4212.56,3655.39,11.23,"2026-07-07T04:54:07.785Z",2026-07-07 01:54:07.785,"2026-07-07 01:54","up",67.896,222.75591264
91.359,3150.45,2734.45,4211.71,3654.91,11.226,"2026-07-07T04:54:07.785Z",2026-07-07 01:54:07.785,"2026-07-07 01:54","up",67.641,221.91929844
91.613,3151.51,2735.11,4212.3,3655.5,11.22,"2026-07-07T04:54:07.785Z",2026-07-07 01:54:07.785,"2026-07-07 01:54","up",67.387,221.08596508
91.867,3150.35,2734.26,4213.5,3656.67,11.227,"2026-07-07T04:54:07.785Z",2026-07-07 01:54:07.785,"2026-07-07 01:54","up",67.133,220.25263172
92.121,3148.63,2732.76,4212.88,3656.39,11.233,"2026-07-07T04:54:07.785Z",2026-07-07 01:54:07.785,"2026-07-07 01:54","up",66.879,219.41929836
92.375,3148.9,2732.75,4211.64,3655.44,11.228,"2026-07-07T04:54:07.785Z",2026-07-07 01:54:07.785,"2026-07-07 01:54","up",66.625,218.585965
92.63,3149.36,2733.2,4212.05,3655.68,11.227,"2026-07-07T04:54:07.785Z",2026-07-07 01:54:07.785,"2026-07-07 01:54","up",66.37,217.7493508
92.884,3147.79,2732.3,4212.95,3656.32,11.238,"2026-07-07T04:54:07.785Z",2026-07-07 01:54:07.785,"2026-07-07 01:54","up",66.116,216.91601744
93.138,3146.1,2731.09,4212.38,3655.93,11.248,"2026-07-07T04:54:07.785Z",2026-07-07 01:54:07.785,"2026-07-07 01:54","up",65.862,216.08268408
93.392,3146.13,2730.89,4211.52,3655.46,11.248,"2026-07-07T04:54:07.785Z",2026-07-07 01:54:07.785,"2026-07-07 01:54","up",65.608,215.24935072
93.646,3146.17,2730.69,4211.84,3655.81,11.242,"2026-07-07T04:54:07.785Z",2026-07-07 01:54:07.785,"2026-07-07 01:54","up",65.354,214.41601736
93.901,3145.18,2729.63,4212.22,3655.87,11.23,"2026-07-07T04:54:07.785Z",2026-07-07 01:54:07.785,"2026-07-07 01:54","up",65.099,213.57940316
94.155,3144.88,2728.85,4211.78,3655.08,11.205,"2026-07-07T04:54:07.785Z",2026-07-07 01:54:07.785,"2026-07-07 01:54","up",64.845,212.7460698
94.409,3145.49,2728.87,4211.84,3654.72,11.18,"2026-07-07T04:54:07.785Z",2026-07-07 01:54:07.785,"2026-07-07 01:54","up",64.591,211.91273644
94.663,3144.77,2728.06,4212.97,3655.28,11.164,"2026-07-07T04:54:07.785Z",2026-07-07 01:54:07.785,"2026-07-07 01:54","up",64.337,211.07940308
94.917,3142.75,2726.29,4213.51,3655.19,11.151,"2026-07-07T04:54:07.785Z",2026-07-07 01:54:07.785,"2026-07-07 01:54","up",64.083,210.24606972
95.172,3141.9,2725.01,4212.8,3654,11.121,"2026-07-07T04:54:07.785Z",2026-07-07 01:54:07.785,"2026-07-07 01:54","up",63.828,209.40945552
95.426,3142.34,2725.05,4212.7,3653.7,11.106,"2026-07-07T04:54:07.785Z",2026-07-07 01:54:07.785,"2026-07-07 01:54","up",63.574,208.57612216
95.68,3142.53,2726.76,4214.27,3655.77,11.169,"2026-07-07T04:54:07.785Z",2026-07-07 01:54:07.785,"2026-07-07 01:54","up",63.32,207.7427888
95.934,3142.69,2729.55,4215.96,3659.71,11.308,"2026-07-07T04:54:07.785Z",2026-07-07 01:54:07.785,"2026-07-07 01:54","up",63.066,206.90945544
96.188,3143.71,2731.9,4217.2,3664.11,11.429,"2026-07-07T04:54:07.785Z",2026-07-07 01:54:07.785,"2026-07-07 01:54","up",62.812,206.07612208
96.443,3144.27,2732.55,4219.03,3667.53,11.476,"2026-07-07T04:54:07.785Z",2026-07-07 01:54:07.785,"2026-07-07 01:54","up",62.557,205.23950788
96.697,3142.7,2731.33,4220.66,3669.03,11.482,"2026-07-07T04:54:07.785Z",2026-07-07 01:54:07.785,"2026-07-07 01:54","up",62.303,204.40617452
96.951,3140.99,2730.02,4220.28,3668.55,11.484,"2026-07-07T04:54:07.785Z",2026-07-07 01:54:07.785,"2026-07-07 01:54","up",62.049,203.57284116
97.205,3141.13,2730.02,4219.15,3667.86,11.487,"2026-07-07T04:54:07.785Z",2026-07-07 01:54:07.785,"2026-07-07 01:54","up",61.795,202.7395078
97.459,3141.54,2729.98,4219.42,3668.32,11.48,"2026-07-07T04:54:07.785Z",2026-07-07 01:54:07.785,"2026-07-07 01:54","up",61.541,201.90617444
97.714,3140.66,2729.2,4219.95,3668.74,11.479,"2026-07-07T04:54:07.785Z",2026-07-07 01:54:07.785,"2026-07-07 01:54","up",61.286,201.06956024
97.968,3140.27,2728.82,4219.23,3668.22,11.48,"2026-07-07T04:54:07.785Z",2026-07-07 01:54:07.785,"2026-07-07 01:54","up",61.032,200.23622688
98.222,3141.08,2729.23,4219.36,3668.53,11.475,"2026-07-07T04:54:07.785Z",2026-07-07 01:54:07.785,"2026-07-07 01:54","up",60.778,199.40289352
98.476,3140.37,2728.43,4221.51,3670.23,11.466,"2026-07-07T04:54:07.785Z",2026-07-07 01:54:07.785,"2026-07-07 01:54","up",60.524,198.56956016
98.73,3138.36,2726.88,4222.69,3670.98,11.465,"2026-07-07T04:54:07.785Z",2026-07-07 01:54:07.785,"2026-07-07 01:54","up",60.27,197.7362268
98.985,3138.42,2727.07,4221.82,3670.32,11.472,"2026-07-07T04:54:07.785Z",2026-07-07 01:54:07.785,"2026-07-07 01:54","up",60.015,196.8996126
99.239,3139.92,2728.24,4222.23,3670.81,11.47,"2026-07-07T04:54:07.785Z",2026-07-07 01:54:07.785,"2026-07-07 01:54","up",59.761,196.06627924
99.493,3139.73,2727.9,4224.56,3672.71,11.462,"2026-07-07T04:54:07.785Z",2026-07-07 01:54:07.785,"2026-07-07 01:54","up",59.507,195.23294588
99.747,3138.61,2726.71,4225.52,3673.53,11.455,"2026-07-07T04:54:07.785Z",2026-07-07 01:54:07.785,"2026-07-07 01:54","up",59.253,194.39961252
100.001,3139.25,2727.07,4224.92,3673.33,11.457,"2026-07-07T04:54:07.785Z",2026-07-07 01:54:07.785,"2026-07-07 01:54","up",58.999,193.56627916
100.256,3140.68,2728.31,4225.66,3674.31,11.465,"2026-07-07T04:54:07.785Z",2026-07-07 01:54:07.785,"2026-07-07 01:54","up",58.744,192.72966496
100.51,3140.18,2728.17,4227.7,3676.02,11.472,"2026-07-07T04:54:07.785Z",2026-07-07 01:54:07.785,"2026-07-07 01:54","up",58.49,191.8963316
100.764,3139.06,2727.42,4228.73,3676.71,11.474,"2026-07-07T04:54:07.785Z",2026-07-07 01:54:07.785,"2026-07-07 01:54","up",58.236,191.06299824
101.018,3139.62,2727.94,4229.06,3677.27,11.481,"2026-07-07T04:54:07.785Z",2026-07-07 01:54:07.785,"2026-07-07 01:54","up",57.982,190.22966488
101.272,3140.34,2728.58,4230.65,3679,11.49,"2026-07-07T04:54:07.785Z",2026-07-07 01:54:07.785,"2026-07-07 01:54","up",57.728,189.39633152
101.526,3139.16,2727.73,4232.65,3680.7,11.494,"2026-07-07T04:54:07.785Z",2026-07-07 01:54:07.785,"2026-07-07 01:54","up",57.474,188.56299816
101.781,3138.28,2726.9,4233.08,3680.9,11.488,"2026-07-07T04:54:07.785Z",2026-07-07 01:54:07.785,"2026-07-07 01:54","up",57.219,187.72638396
102.035,3139.21,2727.62,4233.05,3680.95,11.487,"2026-07-07T04:54:07.785Z",2026-07-07 01:54:07.785,"2026-07-07 01:54","up",56.965,186.8930506
102.289,3138.98,2727.41,4234.24,3682.03,11.488,"2026-07-07T04:54:07.785Z",2026-07-07 01:54:07.785,"2026-07-07 01:54","up",56.711,186.05971724
102.543,3136.7,2725.52,4234.73,3682.38,11.489,"2026-07-07T04:54:07.785Z",2026-07-07 01:54:07.785,"2026-07-07 01:54","up",56.457,185.22638388
102.797,3135.85,2724.65,4233.37,3681.34,11.488,"2026-07-07T04:54:07.785Z",2026-07-07 01:54:07.785,"2026-07-07 01:54","up",56.203,184.39305052
103.052,3136.9,2725.3,4232.92,3681.31,11.488,"2026-07-07T04:54:07.785Z",2026-07-07 01:54:07.785,"2026-07-07 01:54","up",55.948,183.55643632
103.306,3136.94,2725.36,4234.88,3683.16,11.493,"2026-07-07T04:54:07.785Z",2026-07-07 01:54:07.785,"2026-07-07 01:54","up",55.694,182.72310296
103.56,3135.69,2724.37,4236.53,3684.43,11.492,"2026-07-07T04:54:07.785Z",2026-07-07 01:54:07.785,"2026-07-07 01:54","up",55.44,181.8897696
103.814,3135.65,2724.36,4236.23,3684.23,11.494,"2026-07-07T04:54:07.785Z",2026-07-07 01:54:07.785,"2026-07-07 01:54","up",55.186,181.05643624
104.068,3136.51,2725.07,4236.31,3684.58,11.499,"2026-07-07T04:54:07.785Z",2026-07-07 01:54:07.785,"2026-07-07 01:54","up",54.932,180.22310288
104.323,3135.56,2724.38,4237.85,3685.93,11.503,"2026-07-07T04:54:07.785Z",2026-07-07 01:54:07.785,"2026-07-07 01:54","up",54.677,179.38648868
104.577,3133.63,2722.67,4238.38,3686.27,11.5,"2026-07-07T04:54:07.785Z",2026-07-07 01:54:07.785,"2026-07-07 01:54","up",54.423,178.55315532
104.831,3133.7,2722.53,4237.23,3685.47,11.498,"2026-07-07T04:54:07.785Z",2026-07-07 01:54:07.785,"2026-07-07 01:54","up",54.169,177.71982196
105.085,3135,2723.45,4237.39,3685.87,11.498,"2026-07-07T04:54:07.785Z",2026-07-07 01:54:07.785,"2026-07-07 01:54","up",53.915,176.8864886
105.339,3134.91,2723.33,4239.46,3687.47,11.492,"2026-07-07T04:54:07.785Z",2026-07-07 01:54:07.785,"2026-07-07 01:54","up",53.661,176.05315524
105.594,3134.14,2722.59,4240.46,3688.08,11.484,"2026-07-07T04:54:07.785Z",2026-07-07 01:54:07.785,"2026-07-07 01:54","up",53.406,175.21654104
105.848,3134.49,2722.75,4240.04,3687.79,11.481,"2026-07-07T04:54:07.785Z",2026-07-07 01:54:07.785,"2026-07-07 01:54","up",53.152,174.38320768
106.102,3134.58,2722.85,4240.46,3688.28,11.485,"2026-07-07T04:54:07.785Z",2026-07-07 01:54:07.785,"2026-07-07 01:54","up",52.898,173.54987432
106.356,3133.09,2721.54,4241.26,3689.01,11.485,"2026-07-07T04:54:07.785Z",2026-07-07 01:54:07.785,"2026-07-07 01:54","up",52.644,172.71654096
106.61,3132.11,2720.66,4240.66,3688.69,11.489,"2026-07-07T04:54:07.785Z",2026-07-07 01:54:07.785,"2026-07-07 01:54","up",52.39,171.8832076
106.865,3132.45,2720.98,4240.05,3688.46,11.496,"2026-07-07T04:54:07.785Z",2026-07-07 01:54:07.785,"2026-07-07 01:54","up",52.135,171.0465934
107.119,3132.21,2720.81,4241.04,3689.33,11.497,"2026-07-07T04:54:07.785Z",2026-07-07 01:54:07.785,"2026-07-07 01:54","up",51.881,170.21326004
107.373,3130.73,2719.61,4241.82,3689.91,11.498,"2026-07-07T04:54:07.785Z",2026-07-07 01:54:07.785,"2026-07-07 01:54","up",51.627,169.37992668
107.627,3130.09,2718.84,4241.36,3689.47,11.49,"2026-07-07T04:54:07.785Z",2026-07-07 01:54:07.785,"2026-07-07 01:54","up",51.373,168.54659332
107.881,3130.41,2718.81,4241.35,3689.45,11.481,"2026-07-07T04:54:07.785Z",2026-07-07 01:54:07.785,"2026-07-07 01:54","up",51.119,167.71325996
108.136,3129.58,2718.22,4242.29,3690.27,11.485,"2026-07-07T04:54:07.785Z",2026-07-07 01:54:07.785,"2026-07-07 01:54","up",50.864,166.87664576
108.39,3127.97,2716.99,4242.43,3690.5,11.493,"2026-07-07T04:54:07.785Z",2026-07-07 01:54:07.785,"2026-07-07 01:54","up",50.61,166.0433124
108.644,3128,2716.8,4241.87,3690.13,11.488,"2026-07-07T04:54:07.785Z",2026-07-07 01:54:07.785,"2026-07-07 01:54","up",50.356,165.20997904
108.898,3128.58,2717.12,4242.76,3690.88,11.482,"2026-07-07T04:54:07.785Z",2026-07-07 01:54:07.785,"2026-07-07 01:54","up",50.102,164.37664568
109.152,3127.48,2716.21,4244.46,3692.32,11.483,"2026-07-07T04:54:07.785Z",2026-07-07 01:54:07.785,"2026-07-07 01:54","up",49.848,163.54331232
109.407,3125.94,2714.82,4244.58,3692.5,11.483,"2026-07-07T04:54:07.785Z",2026-07-07 01:54:07.785,"2026-07-07 01:54","up",49.593,162.70669812
109.661,3126.12,2715.06,4243.73,3691.95,11.49,"2026-07-07T04:54:07.785Z",2026-07-07 01:54:07.785,"2026-07-07 01:54","up",49.339,161.87336476
109.915,3126.42,2715.46,4244.38,3692.66,11.497,"2026-07-07T04:54:07.785Z",2026-07-07 01:54:07.785,"2026-07-07 01:54","up",49.085,161.0400314
110.169,3124.86,2714.02,4245.99,3693.98,11.493,"2026-07-07T04:54:07.785Z",2026-07-07 01:54:07.785,"2026-07-07 01:54","up",48.831,160.20669804
110.423,3123.46,2712.16,4246.23,3693.87,11.465,"2026-07-07T04:54:07.785Z",2026-07-07 01:54:07.785,"2026-07-07 01:54","up",48.577,159.37336468
110.678,3123.92,2711.78,4246.02,3693,11.426,"2026-07-07T04:54:07.785Z",2026-07-07 01:54:07.785,"2026-07-07 01:54","up",48.322,158.53675048
110.932,3123.86,2711.54,4247.14,3693.12,11.401,"2026-07-07T04:54:07.785Z",2026-07-07 01:54:07.785,"2026-07-07 01:54","up",48.068,157.70341712
111.186,3122.26,2710.14,4247.99,3693.45,11.391,"2026-07-07T04:54:07.785Z",2026-07-07 01:54:07.785,"2026-07-07 01:54","up",47.814,156.87008376
111.44,3121.69,2709.57,4247.28,3692.77,11.387,"2026-07-07T04:54:07.785Z",2026-07-07 01:54:07.785,"2026-07-07 01:54","up",47.56,156.0367504
111.694,3122.99,2710.58,4247.11,3692.71,11.386,"2026-07-07T04:54:07.785Z",2026-07-07 01:54:07.785,"2026-07-07 01:54","up",47.306,155.20341704
111.949,3123.34,2710.89,4248.8,3694.2,11.386,"2026-07-07T04:54:07.785Z",2026-07-07 01:54:07.785,"2026-07-07 01:54","up",47.051,154.36680284
112.203,3122.1,2709.93,4249.76,3695.04,11.39,"2026-07-07T04:54:07.785Z",2026-07-07 01:54:07.785,"2026-07-07 01:54","up",46.797,153.53346948
112.457,3122.21,2709.95,4249.02,3694.76,11.396,"2026-07-07T04:54:07.785Z",2026-07-07 01:54:07.785,"2026-07-07 01:54","up",46.543,152.70013612
112.711,3123.4,2710.83,4249.52,3695.53,11.399,"2026-07-07T04:54:07.785Z",2026-07-07 01:54:07.785,"2026-07-07 01:54","up",46.289,151.86680276
112.965,3122.44,2710.12,4251.83,3697.37,11.399,"2026-07-07T04:54:07.785Z",2026-07-07 01:54:07.785,"2026-07-07 01:54","up",46.035,151.0334694
113.22,3120.15,2708.2,4252.3,3697.75,11.4,"2026-07-07T04:54:07.785Z",2026-07-07 01:54:07.785,"2026-07-07 01:54","up",45.78,150.1968552
113.474,3120.34,2708.01,4250.55,3696.57,11.397,"2026-07-07T04:54:07.785Z",2026-07-07 01:54:07.785,"2026-07-07 01:54","up",45.526,149.36352184
113.728,3122.1,2709.52,4250.64,3696.65,11.396,"2026-07-07T04:54:07.785Z",2026-07-07 01:54:07.785,"2026-07-07 01:54","up",45.272,148.53018848
113.982,3121.61,2709.36,4253.08,3698.21,11.392,"2026-07-07T04:54:07.785Z",2026-07-07 01:54:07.785,"2026-07-07 01:54","up",45.018,147.69685512
114.236,3119.73,2707.75,4253.76,3698.58,11.387,"2026-07-07T04:54:07.785Z",2026-07-07 01:54:07.785,"2026-07-07 01:54","up",44.764,146.86352176
114.491,3119.31,2707.19,4252.29,3697.74,11.391,"2026-07-07T04:54:07.785Z",2026-07-07 01:54:07.785,"2026-07-07 01:54","up",44.509,146.02690756
114.745,3119.62,2707.2,4252.19,3697.99,11.391,"2026-07-07T04:54:07.785Z",2026-07-07 01:54:07.785,"2026-07-07 01:54","up",44.255,145.1935742
114.999,3118.42,2705.92,4253.57,3699.05,11.38,"2026-07-07T04:54:07.785Z",2026-07-07 01:54:07.785,"2026-07-07 01:54","up",44.001,144.36024084
115.253,3116.73,2704.44,4254.07,3699.25,11.375,"2026-07-07T04:54:07.785Z",2026-07-07 01:54:07.785,"2026-07-07 01:54","up",43.747,143.52690748
115.507,3116.53,2704.53,4253.93,3699.06,11.381,"2026-07-07T04:54:07.785Z",2026-07-07 01:54:07.785,"2026-07-07 01:54","up",43.493,142.69357412
115.762,3116.99,2704.98,4254.61,3699.69,11.384,"2026-07-07T04:54:07.785Z",2026-07-07 01:54:07.785,"2026-07-07 01:54","up",43.238,141.85695992
116.016,3116.41,2704.69,4255.39,3700.67,11.397,"2026-07-07T04:54:07.785Z",2026-07-07 01:54:07.785,"2026-07-07 01:54","up",42.984,141.02362656
116.27,3115.9,2704.54,4255.32,3701.3,11.422,"2026-07-07T04:54:07.785Z",2026-07-07 01:54:07.785,"2026-07-07 01:54","up",42.73,140.1902932
116.524,3116.46,2704.8,4255.71,3702.3,11.43,"2026-07-07T04:54:07.785Z",2026-07-07 01:54:07.785,"2026-07-07 01:54","up",42.476,139.35695984
116.778,3116.22,2704.29,4257.31,3703.6,11.418,"2026-07-07T04:54:07.785Z",2026-07-07 01:54:07.785,"2026-07-07 01:54","up",42.222,138.52362648
117.033,3114.93,2703.15,4257.83,3703.68,11.409,"2026-07-07T04:54:07.785Z",2026-07-07 01:54:07.785,"2026-07-07 01:54","up",41.967,137.68701228
117.287,3114.98,2703.22,4256.63,3702.9,11.416,"2026-07-07T04:54:07.785Z",2026-07-07 01:54:07.785,"2026-07-07 01:54","up",41.713,136.85367892
117.541,3116.26,2704.41,4256.8,3703.51,11.429,"2026-07-07T04:54:07.785Z",2026-07-07 01:54:07.785,"2026-07-07 01:54","up",41.459,136.02034556
117.795,3116.32,2704.44,4259.21,3705.64,11.429,"2026-07-07T04:54:07.785Z",2026-07-07 01:54:07.785,"2026-07-07 01:54","up",41.205,135.1870122
118.049,3115.67,2704.01,4260.95,3707.02,11.431,"2026-07-07T04:54:07.785Z",2026-07-07 01:54:07.785,"2026-07-07 01:54","up",40.951,134.35367884
118.304,3116.09,2704.34,4261.39,3707.64,11.435,"2026-07-07T04:54:07.785Z",2026-07-07 01:54:07.785,"2026-07-07 01:54","up",40.696,133.51706464
118.558,3116.72,2703.96,4262.78,3708.79,11.405,"2026-07-07T04:54:07.785Z",2026-07-07 01:54:07.785,"2026-07-07 01:54","up",40.442,132.68373128
118.812,3115.88,2702.37,4264.48,3709.17,11.353,"2026-07-07T04:54:07.785Z",2026-07-07 01:54:07.785,"2026-07-07 01:54","up",40.188,131.85039792
119.066,3114.56,2701.06,4264.37,3707.82,11.319,"2026-07-07T04:54:07.785Z",2026-07-07 01:54:07.785,"2026-07-07 01:54","up",39.934,131.01706456
119.32,3114.68,2701.13,4263.61,3706.67,11.307,"2026-07-07T04:54:07.785Z",2026-07-07 01:54:07.785,"2026-07-07 01:54","up",39.68,130.1837312
119.575,3114.88,2701.4,4264.26,3707.27,11.311,"2026-07-07T04:54:07.785Z",2026-07-07 01:54:07.785,"2026-07-07 01:54","up",39.425,129.347117
119.829,3113.39,2700.29,4265.11,3708.19,11.321,"2026-07-07T04:54:07.785Z",2026-07-07 01:54:07.785,"2026-07-07 01:54","up",39.171,128.51378364
120.083,3112.39,2699.53,4264.25,3707.76,11.331,"2026-07-07T04:54:07.785Z",2026-07-07 01:54:07.785,"2026-07-07 01:54","up",38.917,127.68045028
120.337,3113.66,2700.91,4263.26,3707.43,11.352,"2026-07-07T04:54:07.785Z",2026-07-07 01:54:07.785,"2026-07-07 01:54","up",38.663,126.84711692
120.591,3114.71,2702.13,4264.46,3709.06,11.375,"2026-07-07T04:54:07.785Z",2026-07-07 01:54:07.785,"2026-07-07 01:54","up",38.409,126.01378356
120.846,3113.83,2701.47,4266.19,3710.86,11.385,"2026-07-07T04:54:07.785Z",2026-07-07 01:54:07.785,"2026-07-07 01:54","up",38.154,125.17716936
121.1,3112.51,2700.28,4266.16,3710.89,11.385,"2026-07-07T04:54:07.785Z",2026-07-07 01:54:07.785,"2026-07-07 01:54","up",37.9,124.343836
121.354,3111.73,2699.62,4265.52,3710.48,11.389,"2026-07-07T04:54:07.785Z",2026-07-07 01:54:07.785,"2026-07-07 01:54","up",37.646,123.51050264
121.608,3110.61,2698.76,4265.56,3710.75,11.397,"2026-07-07T04:54:07.785Z",2026-07-07 01:54:07.785,"2026-07-07 01:54","up",37.392,122.67716928
121.862,3109.85,2698.15,4265.33,3710.76,11.403,"2026-07-07T04:54:07.785Z",2026-07-07 01:54:07.785,"2026-07-07 01:54","up",37.138,121.84383592
122.117,3110.77,2698.6,4264.86,3710.62,11.399,"2026-07-07T04:54:07.785Z",2026-07-07 01:54:07.785,"2026-07-07 01:54","up",36.883,121.00722172
122.371,3111.71,2699.33,4265.74,3711.73,11.404,"2026-07-07T04:54:07.785Z",2026-07-07 01:54:07.785,"2026-07-07 01:54","up",36.629,120.17388836
122.625,3110.86,2699.22,4267.37,3713.47,11.431,"2026-07-07T04:54:07.785Z",2026-07-07 01:54:07.785,"2026-07-07 01:54","up",36.375,119.340555
122.879,3109.95,2699.15,4267.72,3714.26,11.464,"2026-07-07T04:54:07.785Z",2026-07-07 01:54:07.785,"2026-07-07 01:54","up",36.121,118.50722164
123.133,3110.87,2700.34,4267.77,3715.14,11.495,"2026-07-07T04:54:07.785Z",2026-07-07 01:54:07.785,"2026-07-07 01:54","up",35.867,117.67388828
123.388,3111.69,2701.16,4269.67,3717.39,11.512,"2026-07-07T04:54:07.785Z",2026-07-07 01:54:07.785,"2026-07-07 01:54","up",35.612,116.83727408
123.642,3110.63,2700.47,4272.12,3719.59,11.521,"2026-07-07T04:54:07.785Z",2026-07-07 01:54:07.785,"2026-07-07 01:54","up",35.358,116.00394072
123.896,3109.99,2699.92,4273.07,3720.49,11.523,"2026-07-07T04:54:07.785Z",2026-07-07 01:54:07.785,"2026-07-07 01:54","up",35.104,115.17060736
124.15,3110.69,2700.43,4273.96,3721.32,11.521,"2026-07-07T04:54:07.785Z",2026-07-07 01:54:07.785,"2026-07-07 01:54","up",34.85,114.337274
124.404,3110.3,2700.02,4275.8,3722.9,11.518,"2026-07-07T04:54:07.785Z",2026-07-07 01:54:07.785,"2026-07-07 01:54","up",34.596,113.50394064
124.659,3108.53,2698.54,4276.26,3723.53,11.525,"2026-07-07T04:54:07.785Z",2026-07-07 01:54:07.785,"2026-07-07 01:54","up",34.341,112.66732644
124.913,3108.27,2698.17,4274.95,3722.82,11.53,"2026-07-07T04:54:07.785Z",2026-07-07 01:54:07.785,"2026-07-07 01:54","up",34.087,111.83399308
125.167,3109.38,2699.24,4275.05,3723.07,11.537,"2026-07-07T04:54:07.785Z",2026-07-07 01:54:07.785,"2026-07-07 01:54","up",33.833,111.00065972
125.421,3108.81,2699.1,4277.35,3724.8,11.542,"2026-07-07T04:54:07.785Z",2026-07-07 01:54:07.785,"2026-07-07 01:54","up",33.579,110.16732636
125.675,3106.95,2697.6,4278.39,3725.61,11.543,"2026-07-07T04:54:07.785Z",2026-07-07 01:54:07.785,"2026-07-07 01:54","up",33.325,109.333993
125.93,3106.8,2697.03,4277.35,3725.03,11.537,"2026-07-07T04:54:07.785Z",2026-07-07 01:54:07.785,"2026-07-07 01:54","up",33.07,108.4973788
126.184,3107.39,2697.42,4277.45,3725.36,11.539,"2026-07-07T04:54:07.785Z",2026-07-07 01:54:07.785,"2026-07-07 01:54","up",32.816,107.66404544
126.438,3106.44,2696.88,4279.19,3726.79,11.546,"2026-07-07T04:54:07.785Z",2026-07-07 01:54:07.785,"2026-07-07 01:54","up",32.562,106.83071208
126.692,3105.13,2695.96,4279.74,3727.34,11.554,"2026-07-07T04:54:07.785Z",2026-07-07 01:54:07.785,"2026-07-07 01:54","up",32.308,105.99737872
126.946,3105.36,2696.32,4279.09,3727.05,11.565,"2026-07-07T04:54:07.785Z",2026-07-07 01:54:07.785,"2026-07-07 01:54","up",32.054,105.16404536
127.201,3105.64,2696.67,4279.65,3727.77,11.574,"2026-07-07T04:54:07.785Z",2026-07-07 01:54:07.785,"2026-07-07 01:54","up",31.799,104.32743116
127.455,3104.29,2695.41,4281.2,3729.15,11.572,"2026-07-07T04:54:07.785Z",2026-07-07 01:54:07.785,"2026-07-07 01:54","up",31.545,103.4940978
127.709,3102.77,2693.83,4281.25,3729.08,11.561,"2026-07-07T04:54:07.785Z",2026-07-07 01:54:07.785,"2026-07-07 01:54","up",31.291,102.66076444
127.963,3103.07,2693.68,4280.13,3728.16,11.55,"2026-07-07T04:54:07.785Z",2026-07-07 01:54:07.785,"2026-07-07 01:54","up",31.037,101.82743108
128.217,3103.44,2693.68,4280.5,3728.5,11.54,"2026-07-07T04:54:07.785Z",2026-07-07 01:54:07.785,"2026-07-07 01:54","up",30.783,100.99409772
128.472,3102.5,2692.75,4281.79,3729.27,11.528,"2026-07-07T04:54:07.785Z",2026-07-07 01:54:07.785,"2026-07-07 01:54","up",30.528,100.15748352
128.726,3101.92,2692.32,4281.51,3728.77,11.525,"2026-07-07T04:54:07.785Z",2026-07-07 01:54:07.785,"2026-07-07 01:54","up",30.274,99.32415016
128.98,3102.69,2693.29,4281,3728.57,11.54,"2026-07-07T04:54:07.785Z",2026-07-07 01:54:07.785,"2026-07-07 01:54","up",30.02,98.4908168
129.234,3102.91,2693.89,4282.35,3730.28,11.564,"2026-07-07T04:54:07.785Z",2026-07-07 01:54:07.785,"2026-07-07 01:54","up",29.766,97.65748344
129.488,3101.82,2693.25,4283.66,3731.99,11.587,"2026-07-07T04:54:07.785Z",2026-07-07 01:54:07.785,"2026-07-07 01:54","up",29.512,96.82415008
129.743,3101.44,2692.88,4283.26,3732.22,11.599,"2026-07-07T04:54:07.785Z",2026-07-07 01:54:07.785,"2026-07-07 01:54","up",29.257,95.98753588
129.997,3102.43,2693.67,4283.24,3732.6,11.606,"2026-07-07T04:54:07.785Z",2026-07-07 01:54:07.785,"2026-07-07 01:54","up",29.003,95.15420252
130.251,3103.16,2694.62,4284.94,3734.22,11.619,"2026-07-07T04:54:07.785Z",2026-07-07 01:54:07.785,"2026-07-07 01:54","up",28.749,94.32086916
130.505,3103.24,2694.93,4286.53,3735.74,11.629,"2026-07-07T04:54:07.785Z",2026-07-07 01:54:07.785,"2026-07-07 01:54","up",28.495,93.4875358
130.759,3103.24,2695.19,4287.08,3736.44,11.642,"2026-07-07T04:54:07.785Z",2026-07-07 01:54:07.785,"2026-07-07 01:54","up",28.241,92.65420244
131.014,3102.57,2694.89,4287.47,3737.06,11.657,"2026-07-07T04:54:07.785Z",2026-07-07 01:54:07.785,"2026-07-07 01:54","up",27.986,91.81758824
131.268,3100.58,2693.52,4287.45,3737.33,11.675,"2026-07-07T04:54:07.785Z",2026-07-07 01:54:07.785,"2026-07-07 01:54","up",27.732,90.98425488
131.522,3099.64,2692.65,4286.37,3736.95,11.686,"2026-07-07T04:54:07.785Z",2026-07-07 01:54:07.785,"2026-07-07 01:54","up",27.478,90.15092152
131.776,3101.25,2693.87,4286.2,3737.35,11.693,"2026-07-07T04:54:07.785Z",2026-07-07 01:54:07.785,"2026-07-07 01:54","up",27.224,89.31758816
132.03,3102.24,2694.56,4288.64,3739.46,11.687,"2026-07-07T04:54:07.785Z",2026-07-07 01:54:07.785,"2026-07-07 01:54","up",26.97,88.4842548
132.285,3100.52,2693.07,4291.09,3741.08,11.675,"2026-07-07T04:54:07.785Z",2026-07-07 01:54:07.785,"2026-07-07 01:54","up",26.715,87.6476406
132.539,3098.6,2691.44,4290.88,3740.8,11.674,"2026-07-07T04:54:07.785Z",2026-07-07 01:54:07.785,"2026-07-07 01:54","up",26.461,86.81430724
132.793,3098.53,2691.37,4289.53,3740.19,11.687,"2026-07-07T04:54:07.785Z",2026-07-07 01:54:07.785,"2026-07-07 01:54","up",26.207,85.98097388
133.047,3098.7,2691.63,4289.81,3740.76,11.698,"2026-07-07T04:54:07.785Z",2026-07-07 01:54:07.785,"2026-07-07 01:54","up",25.953,85.14764052
133.301,3097.97,2691.08,4290.99,3741.7,11.698,"2026-07-07T04:54:07.785Z",2026-07-07 01:54:07.785,"2026-07-07 01:54","up",25.699,84.31430716
133.556,3097.5,2690.49,4290.98,3741.76,11.694,"2026-07-07T04:54:07.785Z",2026-07-07 01:54:07.785,"2026-07-07 01:54","up",25.444,83.47769296
133.81,3097.53,2690.57,4290.35,3741.55,11.704,"2026-07-07T04:54:07.785Z",2026-07-07 01:54:07.785,"2026-07-07 01:54","up",25.19,82.6443596
134.064,3097.37,2690.6,4290.55,3741.9,11.713,"2026-07-07T04:54:07.785Z",2026-07-07 01:54:07.785,"2026-07-07 01:54","up",24.936,81.81102624
134.318,3097.45,2690.63,4291.13,3742.36,11.711,"2026-07-07T04:54:07.785Z",2026-07-07 01:54:07.785,"2026-07-07 01:54","up",24.682,80.97769288
134.572,3098.67,2691.37,4292.11,3743.15,11.699,"2026-07-07T04:54:07.785Z",2026-07-07 01:54:07.785,"2026-07-07 01:54","up",24.428,80.14435952
134.827,3099.89,2692.25,4294.08,3744.73,11.691,"2026-07-07T04:54:07.785Z",2026-07-07 01:54:07.785,"2026-07-07 01:54","up",24.173,79.30774532
135.081,3099.38,2691.95,4296.08,3746.1,11.686,"2026-07-07T04:54:07.785Z",2026-07-07 01:54:07.785,"2026-07-07 01:54","up",23.919,78.47441196
135.335,3098.24,2690.94,4296.58,3746.39,11.682,"2026-07-07T04:54:07.785Z",2026-07-07 01:54:07.785,"2026-07-07 01:54","up",23.665,77.6410786
135.589,3098.51,2690.64,4296.48,3746.59,11.672,"2026-07-07T04:54:07.785Z",2026-07-07 01:54:07.785,"2026-07-07 01:54","up",23.411,76.80774524
135.843,3098.99,2690.59,4297.65,3747.66,11.659,"2026-07-07T04:54:07.785Z",2026-07-07 01:54:07.785,"2026-07-07 01:54","up",23.157,75.97441188
136.098,3098.31,2689.69,4299.17,3748.46,11.637,"2026-07-07T04:54:07.785Z",2026-07-07 01:54:07.785,"2026-07-07 01:54","up",22.902,75.13779768
136.352,3097.9,2689.23,4299.42,3748.12,11.621,"2026-07-07T04:54:07.785Z",2026-07-07 01:54:07.785,"2026-07-07 01:54","up",22.648,74.30446432
136.606,3098.93,2690.13,4299.68,3748.16,11.618,"2026-07-07T04:54:07.785Z",2026-07-07 01:54:07.785,"2026-07-07 01:54","up",22.394,73.47113096
136.86,3099.26,2690.47,4301.17,3749.41,11.619,"2026-07-07T04:54:07.785Z",2026-07-07 01:54:07.785,"2026-07-07 01:54","up",22.14,72.6377976
137.114,3098.05,2689.54,4302.05,3750.4,11.627,"2026-07-07T04:54:07.785Z",2026-07-07 01:54:07.785,"2026-07-07 01:54","up",21.886,71.80446424
137.369,3097.7,2689.05,4301.37,3750.17,11.629,"2026-07-07T04:54:07.785Z",2026-07-07 01:54:07.785,"2026-07-07 01:54","up",21.631,70.96785004
137.623,3098.83,2689.9,4301.52,3750.24,11.623,"2026-07-07T04:54:07.785Z",2026-07-07 01:54:07.785,"2026-07-07 01:54","up",21.377,70.13451668
137.877,3098.51,2689.98,4303.28,3751.62,11.631,"2026-07-07T04:54:07.785Z",2026-07-07 01:54:07.785,"2026-07-07 01:54","up",21.123,69.30118332
138.131,3096.1,2688.34,4303.83,3752.46,11.654,"2026-07-07T04:54:07.785Z",2026-07-07 01:54:07.785,"2026-07-07 01:54","up",20.869,68.46784996
138.385,3094.58,2687.18,4302.2,3751.67,11.673,"2026-07-07T04:54:07.785Z",2026-07-07 01:54:07.785,"2026-07-07 01:54","up",20.615,67.6345166
138.64,3094.69,2687.08,4301.35,3751.27,11.674,"2026-07-07T04:54:07.785Z",2026-07-07 01:54:07.785,"2026-07-07 01:54","up",20.36,66.7979024
138.894,3094.32,2686.74,4302.52,3752.19,11.672,"2026-07-07T04:54:07.785Z",2026-07-07 01:54:07.785,"2026-07-07 01:54","up",20.106,65.96456904
139.148,3093.4,2685.68,4303.33,3752.69,11.659,"2026-07-07T04:54:07.785Z",2026-07-07 01:54:07.785,"2026-07-07 01:54","up",19.852,65.13123568
139.402,3093.27,2685.11,4302.92,3752.17,11.641,"2026-07-07T04:54:07.785Z",2026-07-07 01:54:07.785,"2026-07-07 01:54","up",19.598,64.29790232
139.656,3093.05,2684.76,4303.09,3752.12,11.631,"2026-07-07T04:54:07.785Z",2026-07-07 01:54:07.785,"2026-07-07 01:54","up",19.344,63.46456896
139.911,3091.76,2683.67,4303.9,3752.64,11.628,"2026-07-07T04:54:07.785Z",2026-07-07 01:54:07.785,"2026-07-07 01:54","up",19.089,62.62795476
140.165,3090.7,2682.75,4303.76,3752.67,11.632,"2026-07-07T04:54:07.785Z",2026-07-07 01:54:07.785,"2026-07-07 01:54","up",18.835,61.7946214
140.419,3090.93,2682.95,4303.34,3752.79,11.642,"2026-07-07T04:54:07.785Z",2026-07-07 01:54:07.785,"2026-07-07 01:54","up",18.581,60.96128804
140.673,3091.34,2683.19,4304.31,3753.96,11.646,"2026-07-07T04:54:07.785Z",2026-07-07 01:54:07.785,"2026-07-07 01:54","up",18.327,60.12795468
140.927,3090.58,2682.33,4305.98,3755.3,11.637,"2026-07-07T04:54:07.785Z",2026-07-07 01:54:07.785,"2026-07-07 01:54","up",18.073,59.29462132
141.182,3089.89,2681.52,4306.73,3755.6,11.623,"2026-07-07T04:54:07.785Z",2026-07-07 01:54:07.785,"2026-07-07 01:54","up",17.818,58.45800712
141.436,3089.99,2680.99,4306.91,3755.38,11.595,"2026-07-07T04:54:07.785Z",2026-07-07 01:54:07.785,"2026-07-07 01:54","up",17.564,57.62467376
141.69,3089.8,2680.37,4307.41,3755.11,11.565,"2026-07-07T04:54:07.785Z",2026-07-07 01:54:07.785,"2026-07-07 01:54","up",17.31,56.7913404
141.944,3089.34,2680.15,4307.57,3754.67,11.557,"2026-07-07T04:54:07.785Z",2026-07-07 01:54:07.785,"2026-07-07 01:54","up",17.056,55.95800704
142.198,3089.77,2680.36,4307.58,3754.81,11.555,"2026-07-07T04:54:07.785Z",2026-07-07 01:54:07.785,"2026-07-07 01:54","up",16.802,55.12467368
142.453,3090.32,2680.6,4308.63,3755.77,11.549,"2026-07-07T04:54:07.785Z",2026-07-07 01:54:07.785,"2026-07-07 01:54","up",16.547,54.28805948
142.707,3089.45,2679.74,4310.34,3756.9,11.538,"2026-07-07T04:54:07.785Z",2026-07-07 01:54:07.785,"2026-07-07 01:54","up",16.293,53.45472612
142.961,3087.99,2677.8,4310.71,3756.92,11.51,"2026-07-07T04:54:07.785Z",2026-07-07 01:54:07.785,"2026-07-07 01:54","up",16.039,52.62139276
143.215,3087.89,2676.38,4309.8,3755.27,11.449,"2026-07-07T04:54:07.785Z",2026-07-07 01:54:07.785,"2026-07-07 01:54","up",15.785,51.7880594
143.469,3088.22,2674.98,4309.6,3753.15,11.352,"2026-07-07T04:54:07.785Z",2026-07-07 01:54:07.785,"2026-07-07 01:54","up",15.531,50.95472604
143.724,3087.04,2672.7,4310.17,3751.41,11.263,"2026-07-07T04:54:07.785Z",2026-07-07 01:54:07.785,"2026-07-07 01:54","up",15.276,50.11811184
143.978,3085.48,2670.68,4309.79,3749.52,11.207,"2026-07-07T04:54:07.785Z",2026-07-07 01:54:07.785,"2026-07-07 01:54","up",15.022,49.28477848
144.232,3085.39,2669.82,4308.84,3747.66,11.159,"2026-07-07T04:54:07.785Z",2026-07-07 01:54:07.785,"2026-07-07 01:54","up",14.768,48.45144512
144.486,3085.11,2668.96,4309.21,3747.13,11.121,"2026-07-07T04:54:07.785Z",2026-07-07 01:54:07.785,"2026-07-07 01:54","up",14.514,47.61811176
144.74,3083.17,2666.75,4310.28,3747.23,11.086,"2026-07-07T04:54:07.785Z",2026-07-07 01:54:07.785,"2026-07-07 01:54","up",14.26,46.7847784
144.995,3081.44,2664.73,4309.72,3746.04,11.053,"2026-07-07T04:54:07.785Z",2026-07-07 01:54:07.785,"2026-07-07 01:54","up",14.005,45.9481642
145.249,3081.5,2664.18,4308.52,3744.52,11.024,"2026-07-07T04:54:07.785Z",2026-07-07 01:54:07.785,"2026-07-07 01:54","up",13.751,45.11483084
145.503,3081.76,2663.99,4309.18,3744.6,11,"2026-07-07T04:54:07.785Z",2026-07-07 01:54:07.785,"2026-07-07 01:54","up",13.497,44.28149748
145.757,3080.44,2662.73,4310.34,3745.28,10.989,"2026-07-07T04:54:07.785Z",2026-07-07 01:54:07.785,"2026-07-07 01:54","up",13.243,43.44816412
146.011,3079.19,2661.58,4309.68,3744.7,10.986,"2026-07-07T04:54:07.785Z",2026-07-07 01:54:07.785,"2026-07-07 01:54","up",12.989,42.61483076
146.266,3079.4,2661.3,4308.89,3743.89,10.969,"2026-07-07T04:54:07.785Z",2026-07-07 01:54:07.785,"2026-07-07 01:54","up",12.734,41.77821656
146.52,3079.5,2661.01,4309.7,3744.22,10.949,"2026-07-07T04:54:07.785Z",2026-07-07 01:54:07.785,"2026-07-07 01:54","up",12.48,40.9448832
146.774,3078.86,2660.38,4310.46,3744.48,10.938,"2026-07-07T04:54:07.785Z",2026-07-07 01:54:07.785,"2026-07-07 01:54","up",12.226,40.11154984
147.028,3079.03,2660.55,4310.15,3744.32,10.941,"2026-07-07T04:54:07.785Z",2026-07-07 01:54:07.785,"2026-07-07 01:54","up",11.972,39.27821648
147.282,3080.25,2661.6,4310.82,3745.47,10.953,"2026-07-07T04:54:07.785Z",2026-07-07 01:54:07.785,"2026-07-07 01:54","up",11.718,38.44488312
147.537,3080.24,2661.52,4313.21,3747.63,10.953,"2026-07-07T04:54:07.785Z",2026-07-07 01:54:07.785,"2026-07-07 01:54","up",11.463,37.60826892
147.791,3078.67,2660.11,4314.52,3748.37,10.942,"2026-07-07T04:54:07.785Z",2026-07-07 01:54:07.785,"2026-07-07 01:54","up",11.209,36.77493556
148.045,3078.05,2659.66,4313.75,3747.62,10.943,"2026-07-07T04:54:07.785Z",2026-07-07 01:54:07.785,"2026-07-07 01:54","up",10.955,35.9416022
148.299,3078.65,2660.21,4313.61,3747.63,10.947,"2026-07-07T04:54:07.785Z",2026-07-07 01:54:07.785,"2026-07-07 01:54","up",10.701,35.10826884
148.553,3078.57,2660.09,4315.18,3748.99,10.946,"2026-07-07T04:54:07.785Z",2026-07-07 01:54:07.785,"2026-07-07 01:54","up",10.447,34.27493548
148.808,3077.69,2659.28,4315.97,3749.95,10.95,"2026-07-07T04:54:07.785Z",2026-07-07 01:54:07.785,"2026-07-07 01:54","up",10.192,33.43832128
149.062,3077.53,2659.23,4315.8,3750.25,10.963,"2026-07-07T04:54:07.785Z",2026-07-07 01:54:07.785,"2026-07-07 01:54","up",9.93799999999999,32.60498792
149.316,3077.88,2659.8,4316.83,3751.3,10.975,"2026-07-07T04:54:07.785Z",2026-07-07 01:54:07.785,"2026-07-07 01:54","up",9.684,31.77165456
149.57,3077.87,2659.3,4318.67,3752.7,10.955,"2026-07-07T04:54:07.785Z",2026-07-07 01:54:07.785,"2026-07-07 01:54","up",9.43000000000001,30.9383212
149.824,3077.73,2657.52,4319.54,3752.72,10.886,"2026-07-07T04:54:07.785Z",2026-07-07 01:54:07.785,"2026-07-07 01:54","up",9.17599999999999,30.10498784
150.079,3077.56,2654.94,4319.93,3750.99,10.764,"2026-07-07T04:54:07.785Z",2026-07-07 01:54:07.785,"2026-07-07 01:54","up",8.92099999999999,29.26837364
150.333,3076.31,2651.55,4320.59,3748.06,10.613,"2026-07-07T04:54:07.785Z",2026-07-07 01:54:07.785,"2026-07-07 01:54","up",8.667,28.43504028
150.587,3074,2647.68,4320.22,3744.21,10.475,"2026-07-07T04:54:07.785Z",2026-07-07 01:54:07.785,"2026-07-07 01:54","up",8.41300000000001,27.60170692
150.841,3072.47,2644.8,4318.01,3739.96,10.374,"2026-07-07T04:54:07.785Z",2026-07-07 01:54:07.785,"2026-07-07 01:54","up",8.15899999999999,26.76837356
151.095,3072.57,2643.56,4316.29,3736.8,10.295,"2026-07-07T04:54:07.785Z",2026-07-07 01:54:07.785,"2026-07-07 01:54","up",7.905,25.9350402
151.35,3072.47,2642.48,4316.71,3735.44,10.225,"2026-07-07T04:54:07.785Z",2026-07-07 01:54:07.785,"2026-07-07 01:54","up",7.65000000000001,25.098426
151.604,3071.19,2641.17,4317.31,3734.64,10.189,"2026-07-07T04:54:07.785Z",2026-07-07 01:54:07.785,"2026-07-07 01:54","up",7.39599999999999,24.26509264
151.858,3070.36,2640.7,4316.85,3733.91,10.19,"2026-07-07T04:54:07.785Z",2026-07-07 01:54:07.785,"2026-07-07 01:54","up",7.142,23.43175928
152.112,3070.41,2641.13,4316.99,3734.24,10.206,"2026-07-07T04:54:07.785Z",2026-07-07 01:54:07.785,"2026-07-07 01:54","up",6.888,22.59842592
152.366,3069.59,2641.53,4318.07,3735.72,10.254,"2026-07-07T04:54:07.785Z",2026-07-07 01:54:07.785,"2026-07-07 01:54","up",6.63399999999999,21.76509256
152.621,3068.86,2642.43,4318.14,3737.26,10.335,"2026-07-07T04:54:07.785Z",2026-07-07 01:54:07.785,"2026-07-07 01:54","up",6.37899999999999,20.92847836
152.875,3070.04,2645.56,4317.59,3739.57,10.463,"2026-07-07T04:54:07.785Z",2026-07-07 01:54:07.785,"2026-07-07 01:54","up",6.125,20.095145
153.129,3071.77,2650.24,4318.74,3744.52,10.652,"2026-07-07T04:54:07.785Z",2026-07-07 01:54:07.785,"2026-07-07 01:54","up",5.87100000000001,19.26181164
153.383,3072.05,2654.53,4321.41,3751.39,10.881,"2026-07-07T04:54:07.785Z",2026-07-07 01:54:07.785,"2026-07-07 01:54","up",5.61699999999999,18.42847828
153.637,3071.91,2658.94,4322.9,3758.07,11.144,"2026-07-07T04:54:07.785Z",2026-07-07 01:54:07.785,"2026-07-07 01:54","up",5.363,17.59514492
153.892,3073.41,2665.05,4323.47,3765.18,11.443,"2026-07-07T04:54:07.785Z",2026-07-07 01:54:07.785,"2026-07-07 01:54","up",5.108,16.75853072
154.146,3075.87,2672.56,4326.15,3774.87,11.775,"2026-07-07T04:54:07.785Z",2026-07-07 01:54:07.785,"2026-07-07 01:54","up",4.85400000000001,15.92519736
154.4,3077.7,2680.72,4330.45,3786.84,12.165,"2026-07-07T04:54:07.785Z",2026-07-07 01:54:07.785,"2026-07-07 01:54","up",4.59999999999999,15.091864
154.654,3079.61,2689.99,4333.99,3799.71,12.622,"2026-07-07T04:54:07.785Z",2026-07-07 01:54:07.785,"2026-07-07 01:54","up",4.346,14.25853064
154.908,3082.15,2700.92,4337.33,3813.84,13.145,"2026-07-07T04:54:07.785Z",2026-07-07 01:54:07.785,"2026-07-07 01:54","up",4.09200000000001,13.42519728
155.163,3084.3,2712.9,4341.57,3830.09,13.742,"2026-07-07T04:54:07.785Z",2026-07-07 01:54:07.785,"2026-07-07 01:54","up",3.83699999999999,12.58858308
155.417,3086.47,2726.27,4345.75,3848.16,14.422,"2026-07-07T04:54:07.785Z",2026-07-07 01:54:07.785,"2026-07-07 01:54","up",3.583,11.75524972
155.671,3090.45,2742.49,4349.98,3868.45,15.189,"2026-07-07T04:54:07.785Z",2026-07-07 01:54:07.785,"2026-07-07 01:54","up",3.32900000000001,10.92191636
155.925,3095.72,2761.09,4356.32,3892.28,16.031,"2026-07-07T04:54:07.785Z",2026-07-07 01:54:07.785,"2026-07-07 01:54","up",3.07499999999999,10.088583
156.179,3100.14,2780.85,4364.39,3919.5,16.972,"2026-07-07T04:54:07.785Z",2026-07-07 01:54:07.785,"2026-07-07 01:54","up",2.821,9.25524963999999
156.434,3104.3,2803.2,4371.64,3949.08,18.068,"2026-07-07T04:54:07.785Z",2026-07-07 01:54:07.785,"2026-07-07 01:54","up",2.566,8.41863544000001
156.688,3110.8,2830.72,4378.47,3982.39,19.349,"2026-07-07T04:54:07.785Z",2026-07-07 01:54:07.785,"2026-07-07 01:54","up",2.31200000000001,7.58530208000004
156.942,3119.27,2863.2,4387.68,4022.48,20.829,"2026-07-07T04:54:07.785Z",2026-07-07 01:54:07.785,"2026-07-07 01:54","up",2.05799999999999,6.75196871999998
157.196,3127.26,2898.26,4399.62,4069.57,22.498,"2026-07-07T04:54:07.785Z",2026-07-07 01:54:07.785,"2026-07-07 01:54","up",1.804,5.91863536000001
157.45,3134.83,2933.22,4411.96,4120.14,24.241,"2026-07-07T04:54:07.785Z",2026-07-07 01:54:07.785,"2026-07-07 01:54","up",1.55000000000001,5.08530200000004
157.705,3141.54,2961.78,4423.81,4168.86,25.772,"2026-07-07T04:54:07.785Z",2026-07-07 01:54:07.785,"2026-07-07 01:54","up",1.29499999999999,4.24868779999996
157.959,3144.27,2976.47,4434.64,4207.82,26.788,"2026-07-07T04:54:07.785Z",2026-07-07 01:54:07.785,"2026-07-07 01:54","up",1.041,3.41535443999999
158.213,3143.06,2979.03,4442.18,4230.58,27.249,"2026-07-07T04:54:07.785Z",2026-07-07 01:54:07.785,"2026-07-07 01:54","up",0.787000000000006,2.58202108000002
158.467,3143.13,2983.44,4447.66,4242.3,27.529,"2026-07-07T04:54:07.785Z",2026-07-07 01:54:07.785,"2026-07-07 01:54","up",0.532999999999987,1.74868771999996
158.721,3149.68,3007.11,4454.93,4259.35,28.3,"2026-07-07T04:54:07.785Z",2026-07-07 01:54:07.785,"2026-07-07 01:54","up",0.278999999999996,0.915354359999988
158.976,3164.24,3050.39,4464.19,4298.31,29.881,"2026-07-07T04:54:07.785Z",2026-07-07 01:54:07.785,"2026-07-07 01:54","up",0.0240000000000009,0.078740160000003
8.235,3366.37,3207.43,3762.81,3579.15,24.635,"2026-07-07T10:55:45.346Z",2026-07-07 07:55:45.346,"2026-07-07 07:55","down",0.234999999999999,0.770997399999998
8.49,3358.07,3196.35,3753.08,3548.65,23.996,"2026-07-07T10:55:45.346Z",2026-07-07 07:55:45.346,"2026-07-07 07:55","down",0.49,1.6076116
8.744,3354.75,3199.23,3751.74,3543.41,24.067,"2026-07-07T10:55:45.346Z",2026-07-07 07:55:45.346,"2026-07-07 07:55","down",0.744,2.44094496
8.998,3353.67,3203.7,3755.26,3552.95,24.385,"2026-07-07T10:55:45.346Z",2026-07-07 07:55:45.346,"2026-07-07 07:55","down",0.997999999999999,3.27427832
9.252,3350.89,3196.29,3758.18,3560.82,24.38,"2026-07-07T10:55:45.346Z",2026-07-07 07:55:45.346,"2026-07-07 07:55","down",1.252,4.10761168
9.506,3345.66,3172.98,3757.75,3555.21,23.719,"2026-07-07T10:55:45.346Z",2026-07-07 07:55:45.346,"2026-07-07 07:55","down",1.506,4.94094504
9.761,3337.31,3139.49,3753.65,3532.49,22.497,"2026-07-07T10:55:45.346Z",2026-07-07 07:55:45.346,"2026-07-07 07:55","down",1.761,5.77755924
10.015,3327.83,3104.1,3746.2,3497.78,21.021,"2026-07-07T10:55:45.346Z",2026-07-07 07:55:45.346,"2026-07-07 07:55","down",2.015,6.6108926
10.269,3320.96,3073.08,3737.18,3459.98,19.555,"2026-07-07T10:55:45.346Z",2026-07-07 07:55:45.346,"2026-07-07 07:55","down",2.269,7.44422596
10.523,3316.46,3047.51,3729.84,3426.07,18.239,"2026-07-07T10:55:45.346Z",2026-07-07 07:55:45.346,"2026-07-07 07:55","down",2.523,8.27755932
10.777,3310.82,3024.73,3724.82,3397.76,17.122,"2026-07-07T10:55:45.346Z",2026-07-07 07:55:45.346,"2026-07-07 07:55","down",2.777,9.11089268
11.032,3304.3,3003.65,3719.54,3372.86,16.168,"2026-07-07T10:55:45.346Z",2026-07-07 07:55:45.346,"2026-07-07 07:55","down",3.032,9.94750688
11.286,3300.07,2985.47,3713.27,3350.02,15.312,"2026-07-07T10:55:45.346Z",2026-07-07 07:55:45.346,"2026-07-07 07:55","down",3.286,10.78084024
11.54,3297.11,2969.5,3708.11,3329.87,14.529,"2026-07-07T10:55:45.346Z",2026-07-07 07:55:45.346,"2026-07-07 07:55","down",3.54,11.6141736
11.794,3292.81,2954.67,3704.45,3312.3,13.844,"2026-07-07T10:55:45.346Z",2026-07-07 07:55:45.346,"2026-07-07 07:55","down",3.794,12.44750696
12.048,3289.51,2942.01,3701.01,3296.69,13.24,"2026-07-07T10:55:45.346Z",2026-07-07 07:55:45.346,"2026-07-07 07:55","down",4.048,13.28084032
12.303,3288.94,2932.41,3698.34,3283.57,12.701,"2026-07-07T10:55:45.346Z",2026-07-07 07:55:45.346,"2026-07-07 07:55","down",4.303,14.11745452
12.557,3287.86,2923.86,3697.34,3273.22,12.238,"2026-07-07T10:55:45.346Z",2026-07-07 07:55:45.346,"2026-07-07 07:55","down",4.557,14.95078788
12.811,3284.57,2914.62,3696.3,3263.93,11.84,"2026-07-07T10:55:45.346Z",2026-07-07 07:55:45.346,"2026-07-07 07:55","down",4.811,15.78412124
13.065,3282.53,2906.95,3693.74,3254.47,11.485,"2026-07-07T10:55:45.346Z",2026-07-07 07:55:45.346,"2026-07-07 07:55","down",5.065,16.6174546
13.319,3282.61,2901.63,3691.44,3246.24,11.169,"2026-07-07T10:55:45.346Z",2026-07-07 07:55:45.346,"2026-07-07 07:55","down",5.319,17.45078796
13.574,3281.4,2896.28,3691.03,3240.4,10.904,"2026-07-07T10:55:45.346Z",2026-07-07 07:55:45.346,"2026-07-07 07:55","down",5.574,18.28740216
13.828,3278.29,2890.36,3690.73,3235.47,10.691,"2026-07-07T10:55:45.346Z",2026-07-07 07:55:45.346,"2026-07-07 07:55","down",5.828,19.12073552
14.082,3276.89,2885.97,3689.33,3230.4,10.501,"2026-07-07T10:55:45.346Z",2026-07-07 07:55:45.346,"2026-07-07 07:55","down",6.082,19.95406888
14.336,3277.49,2884.11,3688.57,3226.55,10.35,"2026-07-07T10:55:45.346Z",2026-07-07 07:55:45.346,"2026-07-07 07:55","down",6.336,20.78740224
14.59,3276.42,2882.36,3689.17,3224.57,10.262,"2026-07-07T10:55:45.346Z",2026-07-07 07:55:45.346,"2026-07-07 07:55","down",6.59,21.6207356
14.845,3274.05,2879.93,3689.09,3222.75,10.207,"2026-07-07T10:55:45.346Z",2026-07-07 07:55:45.346,"2026-07-07 07:55","down",6.845,22.4573498
15.099,3273.44,2878.91,3687.59,3220.72,10.174,"2026-07-07T10:55:45.346Z",2026-07-07 07:55:45.346,"2026-07-07 07:55","down",7.099,23.29068316
15.353,3273.79,2879.13,3686.81,3220.15,10.175,"2026-07-07T10:55:45.346Z",2026-07-07 07:55:45.346,"2026-07-07 07:55","down",7.353,24.12401652
15.607,3272.38,2878.8,3687.44,3221.18,10.213,"2026-07-07T10:55:45.346Z",2026-07-07 07:55:45.346,"2026-07-07 07:55","down",7.607,24.95734988
15.861,3271.18,2878.95,3687.65,3222.43,10.276,"2026-07-07T10:55:45.346Z",2026-07-07 07:55:45.346,"2026-07-07 07:55","down",7.861,25.79068324
16.116,3272.87,2881.63,3687.62,3224.03,10.352,"2026-07-07T10:55:45.346Z",2026-07-07 07:55:45.346,"2026-07-07 07:55","down",8.116,26.62729744
16.37,3275.04,2885.32,3689.36,3227.34,10.45,"2026-07-07T10:55:45.346Z",2026-07-07 07:55:45.346,"2026-07-07 07:55","down",8.37,27.4606308
16.624,3275.07,2887.48,3692.03,3231.56,10.56,"2026-07-07T10:55:45.346Z",2026-07-07 07:55:45.346,"2026-07-07 07:55","down",8.624,28.29396416
16.878,3274.97,2889.21,3693.45,3234.89,10.666,"2026-07-07T10:55:45.346Z",2026-07-07 07:55:45.346,"2026-07-07 07:55","down",8.878,29.12729752
17.132,3275.65,2891.29,3694.36,3237.6,10.759,"2026-07-07T10:55:45.346Z",2026-07-07 07:55:45.346,"2026-07-07 07:55","down",9.132,29.96063088
17.387,3274.88,2891.62,3695.59,3240.05,10.823,"2026-07-07T10:55:45.346Z",2026-07-07 07:55:45.346,"2026-07-07 07:55","down",9.387,30.79724508
17.641,3272.89,2890.18,3695.75,3240.97,10.852,"2026-07-07T10:55:45.346Z",2026-07-07 07:55:45.346,"2026-07-07 07:55","down",9.641,31.63057844
17.895,3272.38,2889.31,3694.69,3240.34,10.848,"2026-07-07T10:55:45.346Z",2026-07-07 07:55:45.346,"2026-07-07 07:55","down",9.895,32.4639118
18.149,3272.84,2889.46,3694.22,3240.11,10.845,"2026-07-07T10:55:45.346Z",2026-07-07 07:55:45.346,"2026-07-07 07:55","down",10.149,33.29724516
18.403,3271.86,2888.93,3694.71,3240.76,10.861,"2026-07-07T10:55:45.346Z",2026-07-07 07:55:45.346,"2026-07-07 07:55","down",10.403,34.13057852
18.658,3270.25,2887.73,3694.41,3240.68,10.872,"2026-07-07T10:55:45.346Z",2026-07-07 07:55:45.346,"2026-07-07 07:55","down",10.658,34.96719272
18.912,3271.17,2888,3693.31,3239.99,10.863,"2026-07-07T10:55:45.346Z",2026-07-07 07:55:45.346,"2026-07-07 07:55","down",10.912,35.80052608
19.166,3273.3,2889.48,3693.83,3240.66,10.857,"2026-07-07T10:55:45.346Z",2026-07-07 07:55:45.346,"2026-07-07 07:55","down",11.166,36.63385944
19.42,3272.45,2889.21,3695.96,3242.38,10.867,"2026-07-07T10:55:45.346Z",2026-07-07 07:55:45.346,"2026-07-07 07:55","down",11.42,37.4671928
19.674,3270.23,2887.41,3696.68,3242.93,10.87,"2026-07-07T10:55:45.346Z",2026-07-07 07:55:45.346,"2026-07-07 07:55","down",11.674,38.30052616
19.929,3270.59,2887.15,3695.98,3242.48,10.857,"2026-07-07T10:55:45.346Z",2026-07-07 07:55:45.346,"2026-07-07 07:55","down",11.929,39.13714036
20.183,3271.79,2888.12,3696.6,3243.24,10.86,"2026-07-07T10:55:45.346Z",2026-07-07 07:55:45.346,"2026-07-07 07:55","down",12.183,39.97047372
20.437,3270.9,2887.83,3698.3,3244.93,10.88,"2026-07-07T10:55:45.346Z",2026-07-07 07:55:45.346,"2026-07-07 07:55","down",12.437,40.80380708
20.691,3269.34,2887.05,3698.83,3245.55,10.901,"2026-07-07T10:55:45.346Z",2026-07-07 07:55:45.346,"2026-07-07 07:55","down",12.691,41.63714044
20.945,3269.94,2887.89,3698.78,3245.85,10.919,"2026-07-07T10:55:45.346Z",2026-07-07 07:55:45.346,"2026-07-07 07:55","down",12.945,42.4704738
21.2,3270.36,2888.43,3699.97,3247.54,10.94,"2026-07-07T10:55:45.346Z",2026-07-07 07:55:45.346,"2026-07-07 07:55","down",13.2,43.307088
21.454,3268.44,2887.32,3701.23,3249.02,10.967,"2026-07-07T10:55:45.346Z",2026-07-07 07:55:45.346,"2026-07-07 07:55","down",13.454,44.14042136
21.708,3266.85,2886.7,3700.65,3248.6,10.992,"2026-07-07T10:55:45.346Z",2026-07-07 07:55:45.346,"2026-07-07 07:55","down",13.708,44.97375472
21.962,3267.9,2887.88,3699.62,3248.26,11.014,"2026-07-07T10:55:45.346Z",2026-07-07 07:55:45.346,"2026-07-07 07:55","down",13.962,45.80708808
22.216,3268.77,2889.1,3700.32,3249.91,11.053,"2026-07-07T10:55:45.346Z",2026-07-07 07:55:45.346,"2026-07-07 07:55","down",14.216,46.64042144
22.471,3267.47,2888.9,3701.39,3252,11.111,"2026-07-07T10:55:45.346Z",2026-07-07 07:55:45.346,"2026-07-07 07:55","down",14.471,47.47703564
22.725,3267.28,2889.57,3700.92,3252.67,11.163,"2026-07-07T10:55:45.346Z",2026-07-07 07:55:45.346,"2026-07-07 07:55","down",14.725,48.310369
22.979,3269.22,2891.95,3700.46,3253.49,11.214,"2026-07-07T10:55:45.346Z",2026-07-07 07:55:45.346,"2026-07-07 07:55","down",14.979,49.14370236
23.233,3269.98,2893.75,3701.88,3256.11,11.281,"2026-07-07T10:55:45.346Z",2026-07-07 07:55:45.346,"2026-07-07 07:55","down",15.233,49.97703572
23.487,3269.08,2894.41,3703.74,3259.05,11.357,"2026-07-07T10:55:45.346Z",2026-07-07 07:55:45.346,"2026-07-07 07:55","down",15.487,50.81036908
23.742,3268.8,2894.94,3704.44,3260.88,11.411,"2026-07-07T10:55:45.346Z",2026-07-07 07:55:45.346,"2026-07-07 07:55","down",15.742,51.64698328
23.996,3268.3,2894.94,3704.75,3262.02,11.446,"2026-07-07T10:55:45.346Z",2026-07-07 07:55:45.346,"2026-07-07 07:55","down",15.996,52.48031664
24.25,3266.26,2893.35,3705.05,3262.6,11.461,"2026-07-07T10:55:45.346Z",2026-07-07 07:55:45.346,"2026-07-07 07:55","down",16.25,53.31365
24.504,3265.14,2892.19,3704.64,3262.36,11.459,"2026-07-07T10:55:45.346Z",2026-07-07 07:55:45.346,"2026-07-07 07:55","down",16.504,54.14698336
24.758,3266.05,2892.55,3704.52,3262.47,11.451,"2026-07-07T10:55:45.346Z",2026-07-07 07:55:45.346,"2026-07-07 07:55","down",16.758,54.98031672
25.013,3265.99,2892.44,3705.86,3263.68,11.451,"2026-07-07T10:55:45.346Z",2026-07-07 07:55:45.346,"2026-07-07 07:55","down",17.013,55.81693092
25.267,3263.95,2891.26,3706.88,3264.39,11.464,"2026-07-07T10:55:45.346Z",2026-07-07 07:55:45.346,"2026-07-07 07:55","down",17.267,56.65026428
25.521,3263.39,2890.97,3705.93,3263.78,11.476,"2026-07-07T10:55:45.346Z",2026-07-07 07:55:45.346,"2026-07-07 07:55","down",17.521,57.48359764
25.775,3265.41,2892.7,3705.25,3263.78,11.489,"2026-07-07T10:55:45.346Z",2026-07-07 07:55:45.346,"2026-07-07 07:55","down",17.775,58.316931
26.029,3265.68,2893.42,3706.92,3265.6,11.512,"2026-07-07T10:55:45.346Z",2026-07-07 07:55:45.346,"2026-07-07 07:55","down",18.029,59.15026436
26.284,3263.42,2891.69,3708.71,3267.11,11.519,"2026-07-07T10:55:45.346Z",2026-07-07 07:55:45.346,"2026-07-07 07:55","down",18.284,59.98687856
26.538,3262.84,2890.67,3708.42,3266.86,11.504,"2026-07-07T10:55:45.346Z",2026-07-07 07:55:45.346,"2026-07-07 07:55","down",18.538,60.82021192
26.792,3264.31,2891.43,3708.07,3266.77,11.494,"2026-07-07T10:55:45.346Z",2026-07-07 07:55:45.346,"2026-07-07 07:55","down",18.792,61.65354528
27.046,3264.13,2891.25,3709.45,3268.02,11.494,"2026-07-07T10:55:45.346Z",2026-07-07 07:55:45.346,"2026-07-07 07:55","down",19.046,62.48687864
27.3,3262,2889.73,3710.29,3268.83,11.507,"2026-07-07T10:55:45.346Z",2026-07-07 07:55:45.346,"2026-07-07 07:55","down",19.3,63.320212
27.555,3262.09,2889.72,3709.45,3268.49,11.515,"2026-07-07T10:55:45.346Z",2026-07-07 07:55:45.346,"2026-07-07 07:55","down",19.555,64.1568262
27.809,3264.07,2891.15,3709.62,3268.99,11.514,"2026-07-07T10:55:45.346Z",2026-07-07 07:55:45.346,"2026-07-07 07:55","down",19.809,64.99015956
28.063,3263.95,2891.19,3711.74,3270.74,11.515,"2026-07-07T10:55:45.346Z",2026-07-07 07:55:45.346,"2026-07-07 07:55","down",20.063,65.82349292
28.317,3262.4,2890.04,3713.01,3271.63,11.516,"2026-07-07T10:55:45.346Z",2026-07-07 07:55:45.346,"2026-07-07 07:55","down",20.317,66.65682628
28.571,3262.72,2890.07,3712.42,3271.26,11.512,"2026-07-07T10:55:45.346Z",2026-07-07 07:55:45.346,"2026-07-07 07:55","down",20.571,67.49015964
28.826,3264.14,2890.94,3712.31,3271.42,11.508,"2026-07-07T10:55:45.346Z",2026-07-07 07:55:45.346,"2026-07-07 07:55","down",20.826,68.32677384
29.08,3264.16,2890.91,3713.56,3272.35,11.502,"2026-07-07T10:55:45.346Z",2026-07-07 07:55:45.346,"2026-07-07 07:55","down",21.08,69.1601072
29.334,3263.02,2890.37,3714.42,3272.75,11.506,"2026-07-07T10:55:45.346Z",2026-07-07 07:55:45.346,"2026-07-07 07:55","down",21.334,69.99344056
29.588,3262.34,2889.87,3714.2,3272.53,11.509,"2026-07-07T10:55:45.346Z",2026-07-07 07:55:45.346,"2026-07-07 07:55","down",21.588,70.82677392
29.842,3261.58,2888.97,3713.98,3272.44,11.505,"2026-07-07T10:55:45.346Z",2026-07-07 07:55:45.346,"2026-07-07 07:55","down",21.842,71.66010728
30.097,3260.07,2887.48,3714.11,3272.36,11.495,"2026-07-07T10:55:45.346Z",2026-07-07 07:55:45.346,"2026-07-07 07:55","down",22.097,72.49672148
30.351,3258.74,2886.42,3713.82,3271.9,11.494,"2026-07-07T10:55:45.346Z",2026-07-07 07:55:45.346,"2026-07-07 07:55","down",22.351,73.33005484
30.605,3258.63,2886.1,3713.47,3271.85,11.493,"2026-07-07T10:55:45.346Z",2026-07-07 07:55:45.346,"2026-07-07 07:55","down",22.605,74.1633882
30.859,3257.98,2885.51,3713.74,3272.6,11.506,"2026-07-07T10:55:45.346Z",2026-07-07 07:55:45.346,"2026-07-07 07:55","down",22.859,74.99672156
31.113,3256.3,2884.22,3713.65,3272.84,11.52,"2026-07-07T10:55:45.346Z",2026-07-07 07:55:45.346,"2026-07-07 07:55","down",23.113,75.83005492
31.367,3255.89,2883.99,3712.88,3272.22,11.526,"2026-07-07T10:55:45.346Z",2026-07-07 07:55:45.346,"2026-07-07 07:55","down",23.367,76.66338828
31.622,3257.12,2884.87,3713.26,3272.66,11.522,"2026-07-07T10:55:45.346Z",2026-07-07 07:55:45.346,"2026-07-07 07:55","down",23.622,77.50000248
31.876,3257.51,2885.19,3715.15,3274.47,11.525,"2026-07-07T10:55:45.346Z",2026-07-07 07:55:45.346,"2026-07-07 07:55","down",23.876,78.33333584
32.13,3257.04,2884.75,3716.32,3275.59,11.527,"2026-07-07T10:55:45.346Z",2026-07-07 07:55:45.346,"2026-07-07 07:55","down",24.13,79.1666692
32.384,3257.68,2884.78,3716.07,3275.39,11.512,"2026-07-07T10:55:45.346Z",2026-07-07 07:55:45.346,"2026-07-07 07:55","down",24.384,80.00000256
32.638,3258.44,2885.4,3716.64,3275.86,11.509,"2026-07-07T10:55:45.346Z",2026-07-07 07:55:45.346,"2026-07-07 07:55","down",24.638,80.83333592
32.893,3257.22,2884.79,3718.41,3277.49,11.525,"2026-07-07T10:55:45.346Z",2026-07-07 07:55:45.346,"2026-07-07 07:55","down",24.893,81.66995012
33.147,3255.08,2883.18,3718.89,3278,11.535,"2026-07-07T10:55:45.346Z",2026-07-07 07:55:45.346,"2026-07-07 07:55","down",25.147,82.50328348
33.401,3255.01,2882.84,3717.85,3277.13,11.528,"2026-07-07T10:55:45.346Z",2026-07-07 07:55:45.346,"2026-07-07 07:55","down",25.401,83.33661684
33.655,3256.11,2883.56,3718.15,3277.37,11.521,"2026-07-07T10:55:45.346Z",2026-07-07 07:55:45.346,"2026-07-07 07:55","down",25.655,84.1699502
33.909,3255.65,2883.29,3719.93,3278.86,11.522,"2026-07-07T10:55:45.346Z",2026-07-07 07:55:45.346,"2026-07-07 07:55","down",25.909,85.00328356
34.164,3254.24,2882.06,3720.62,3279.55,11.525,"2026-07-07T10:55:45.346Z",2026-07-07 07:55:45.346,"2026-07-07 07:55","down",26.164,85.83989776
34.418,3254.65,2882.18,3720.34,3279.48,11.522,"2026-07-07T10:55:45.346Z",2026-07-07 07:55:45.346,"2026-07-07 07:55","down",26.418,86.67323112
34.672,3255.01,2882.42,3721.23,3280.19,11.518,"2026-07-07T10:55:45.346Z",2026-07-07 07:55:45.346,"2026-07-07 07:55","down",26.672,87.50656448
34.926,3253.31,2881.1,3722.37,3281.02,11.519,"2026-07-07T10:55:45.346Z",2026-07-07 07:55:45.346,"2026-07-07 07:55","down",26.926,88.33989784
35.18,3252.53,2880.44,3721.69,3280.61,11.525,"2026-07-07T10:55:45.346Z",2026-07-07 07:55:45.346,"2026-07-07 07:55","down",27.18,89.1732312
35.435,3254.32,2881.61,3720.87,3280.27,11.522,"2026-07-07T10:55:45.346Z",2026-07-07 07:55:45.346,"2026-07-07 07:55","down",27.435,90.0098454
35.689,3255.38,2882.28,3722.38,3281.42,11.511,"2026-07-07T10:55:45.346Z",2026-07-07 07:55:45.346,"2026-07-07 07:55","down",27.689,90.84317876
35.943,3254.78,2881.64,3724.59,3282.98,11.497,"2026-07-07T10:55:45.346Z",2026-07-07 07:55:45.346,"2026-07-07 07:55","down",27.943,91.67651212
36.197,3254.58,2880.99,3725.49,3283.77,11.483,"2026-07-07T10:55:45.346Z",2026-07-07 07:55:45.346,"2026-07-07 07:55","down",28.197,92.50984548
36.451,3254.66,2880.14,3726.29,3284.14,11.448,"2026-07-07T10:55:45.346Z",2026-07-07 07:55:45.346,"2026-07-07 07:55","down",28.451,93.34317884
36.706,3253.65,2878.36,3727.72,3284.28,11.393,"2026-07-07T10:55:45.346Z",2026-07-07 07:55:45.346,"2026-07-07 07:55","down",28.706,94.17979304
36.96,3252.19,2876.91,3728.22,3283.87,11.367,"2026-07-07T10:55:45.346Z",2026-07-07 07:55:45.346,"2026-07-07 07:55","down",28.96,95.0131264
37.214,3251.72,2876.78,3727.64,3283.48,11.378,"2026-07-07T10:55:45.346Z",2026-07-07 07:55:45.346,"2026-07-07 07:55","down",29.214,95.84645976
37.468,3251.55,2876.88,3727.67,3284.03,11.399,"2026-07-07T10:55:45.346Z",2026-07-07 07:55:45.346,"2026-07-07 07:55","down",29.468,96.67979312
37.722,3250.3,2876.09,3728.21,3284.71,11.414,"2026-07-07T10:55:45.346Z",2026-07-07 07:55:45.346,"2026-07-07 07:55","down",29.722,97.51312648
37.977,3249.34,2875.44,3727.91,3284.41,11.419,"2026-07-07T10:55:45.346Z",2026-07-07 07:55:45.346,"2026-07-07 07:55","down",29.977,98.34974068
38.231,3250.33,2876.02,3727.44,3284.1,11.412,"2026-07-07T10:55:45.346Z",2026-07-07 07:55:45.346,"2026-07-07 07:55","down",30.231,99.18307404
38.485,3251.39,2876.57,3728.56,3285.22,11.405,"2026-07-07T10:55:45.346Z",2026-07-07 07:55:45.346,"2026-07-07 07:55","down",30.485,100.0164074
38.739,3250.69,2876.08,3730.23,3286.62,11.407,"2026-07-07T10:55:45.346Z",2026-07-07 07:55:45.346,"2026-07-07 07:55","down",30.739,100.84974076
38.993,3250.5,2875.79,3730.36,3286.55,11.398,"2026-07-07T10:55:45.346Z",2026-07-07 07:55:45.346,"2026-07-07 07:55","down",30.993,101.68307412
39.248,3250.99,2875.91,3729.86,3286.03,11.387,"2026-07-07T10:55:45.346Z",2026-07-07 07:55:45.346,"2026-07-07 07:55","down",31.248,102.51968832
39.502,3249.62,2874.76,3730.29,3286.42,11.39,"2026-07-07T10:55:45.346Z",2026-07-07 07:55:45.346,"2026-07-07 07:55","down",31.502,103.35302168
39.756,3247.09,2872.81,3730.77,3286.9,11.399,"2026-07-07T10:55:45.346Z",2026-07-07 07:55:45.346,"2026-07-07 07:55","down",31.756,104.18635504
40.01,3246.65,2872.04,3730.27,3286.62,11.392,"2026-07-07T10:55:45.346Z",2026-07-07 07:55:45.346,"2026-07-07 07:55","down",32.01,105.0196884
40.264,3247.68,2872.66,3729.92,3286.46,11.387,"2026-07-07T10:55:45.346Z",2026-07-07 07:55:45.346,"2026-07-07 07:55","down",32.264,105.85302176
40.519,3247.11,2872.32,3730.51,3286.97,11.392,"2026-07-07T10:55:45.346Z",2026-07-07 07:55:45.346,"2026-07-07 07:55","down",32.519,106.68963596
40.773,3245.26,2870.83,3730.84,3287.15,11.393,"2026-07-07T10:55:45.346Z",2026-07-07 07:55:45.346,"2026-07-07 07:55","down",32.773,107.52296932
41.027,3244.93,2870.31,3730.61,3286.97,11.387,"2026-07-07T10:55:45.346Z",2026-07-07 07:55:45.346,"2026-07-07 07:55","down",33.027,108.35630268
41.281,3245.96,2870.87,3731.51,3287.76,11.377,"2026-07-07T10:55:45.346Z",2026-07-07 07:55:45.346,"2026-07-07 07:55","down",33.281,109.18963604
41.535,3245.46,2870.33,3733.4,3289.16,11.367,"2026-07-07T10:55:45.346Z",2026-07-07 07:55:45.346,"2026-07-07 07:55","down",33.535,110.0229694
41.79,3244.22,2869.08,3734.16,3289.61,11.357,"2026-07-07T10:55:45.346Z",2026-07-07 07:55:45.346,"2026-07-07 07:55","down",33.79,110.8595836
42.044,3244.37,2868.97,3733.94,3289.44,11.351,"2026-07-07T10:55:45.346Z",2026-07-07 07:55:45.346,"2026-07-07 07:55","down",34.044,111.69291696
42.298,3244.86,2869.3,3734.71,3290.12,11.348,"2026-07-07T10:55:45.346Z",2026-07-07 07:55:45.346,"2026-07-07 07:55","down",34.298,112.52625032
42.552,3243.71,2868.49,3736.08,3291.15,11.349,"2026-07-07T10:55:45.346Z",2026-07-07 07:55:45.346,"2026-07-07 07:55","down",34.552,113.35958368
42.806,3242.13,2867.26,3735.83,3290.97,11.355,"2026-07-07T10:55:45.346Z",2026-07-07 07:55:45.346,"2026-07-07 07:55","down",34.806,114.19291704
43.061,3242.13,2867.23,3734.49,3290.07,11.361,"2026-07-07T10:55:45.346Z",2026-07-07 07:55:45.346,"2026-07-07 07:55","down",35.061,115.02953124
43.315,3242.77,2867.61,3734.53,3290.39,11.363,"2026-07-07T10:55:45.346Z",2026-07-07 07:55:45.346,"2026-07-07 07:55","down",35.315,115.8628646
43.569,3242.22,2866.93,3735.99,3291.61,11.356,"2026-07-07T10:55:45.346Z",2026-07-07 07:55:45.346,"2026-07-07 07:55","down",35.569,116.69619796
43.823,3241.51,2865.82,3736.85,3292.08,11.335,"2026-07-07T10:55:45.346Z",2026-07-07 07:55:45.346,"2026-07-07 07:55","down",35.823,117.52953132
44.077,3241.5,2865.5,3736.88,3291.96,11.322,"2026-07-07T10:55:45.346Z",2026-07-07 07:55:45.346,"2026-07-07 07:55","down",36.077,118.36286468
44.332,3240.83,2864.99,3737.36,3292.19,11.319,"2026-07-07T10:55:45.346Z",2026-07-07 07:55:45.346,"2026-07-07 07:55","down",36.332,119.19947888
44.586,3239.56,2863.94,3737.82,3292.34,11.315,"2026-07-07T10:55:45.346Z",2026-07-07 07:55:45.346,"2026-07-07 07:55","down",36.586,120.03281224
44.84,3239.93,2864.11,3737.44,3292.07,11.312,"2026-07-07T10:55:45.346Z",2026-07-07 07:55:45.346,"2026-07-07 07:55","down",36.84,120.8661456
45.094,3241.7,2865.37,3737.52,3292.34,11.308,"2026-07-07T10:55:45.346Z",2026-07-07 07:55:45.346,"2026-07-07 07:55","down",37.094,121.69947896
45.348,3241.38,2865.04,3738.86,3293.54,11.307,"2026-07-07T10:55:45.346Z",2026-07-07 07:55:45.346,"2026-07-07 07:55","down",37.348,122.53281232
45.603,3239.27,2863.27,3739.91,3294.3,11.306,"2026-07-07T10:55:45.346Z",2026-07-07 07:55:45.346,"2026-07-07 07:55","down",37.603,123.36942652
45.857,3238.45,2862.55,3739.85,3293.99,11.299,"2026-07-07T10:55:45.346Z",2026-07-07 07:55:45.346,"2026-07-07 07:55","down",37.857,124.20275988
46.111,3238.21,2862.29,3739.78,3293.83,11.296,"2026-07-07T10:55:45.346Z",2026-07-07 07:55:45.346,"2026-07-07 07:55","down",38.111,125.03609324
46.365,3236.89,2860.61,3739.98,3294.1,11.283,"2026-07-07T10:55:45.346Z",2026-07-07 07:55:45.346,"2026-07-07 07:55","down",38.365,125.8694266
46.619,3235.64,2858.97,3739.63,3293.63,11.263,"2026-07-07T10:55:45.346Z",2026-07-07 07:55:45.346,"2026-07-07 07:55","down",38.619,126.70275996
46.874,3235.44,2858.66,3739.16,3292.95,11.252,"2026-07-07T10:55:45.346Z",2026-07-07 07:55:45.346,"2026-07-07 07:55","down",38.874,127.53937416
47.128,3234.98,2858.32,3739.7,3293.37,11.253,"2026-07-07T10:55:45.346Z",2026-07-07 07:55:45.346,"2026-07-07 07:55","down",39.128,128.37270752
47.382,3233.52,2857.18,3740.48,3294.06,11.257,"2026-07-07T10:55:45.346Z",2026-07-07 07:55:45.346,"2026-07-07 07:55","down",39.382,129.20604088
47.636,3232.91,2856.69,3740.11,3293.71,11.258,"2026-07-07T10:55:45.346Z",2026-07-07 07:55:45.346,"2026-07-07 07:55","down",39.636,130.03937424
47.89,3233.91,2858.1,3739.57,3293.46,11.279,"2026-07-07T10:55:45.346Z",2026-07-07 07:55:45.346,"2026-07-07 07:55","down",39.89,130.8727076
48.145,3234.52,2860.24,3740.68,3295.23,11.346,"2026-07-07T10:55:45.346Z",2026-07-07 07:55:45.346,"2026-07-07 07:55","down",40.145,131.7093218
48.399,3233.12,2860.5,3742.48,3298.23,11.426,"2026-07-07T10:55:45.346Z",2026-07-07 07:55:45.346,"2026-07-07 07:55","down",40.399,132.54265516
48.653,3231.96,2859.53,3742.81,3299.94,11.464,"2026-07-07T10:55:45.346Z",2026-07-07 07:55:45.346,"2026-07-07 07:55","down",40.653,133.37598852
48.907,3232.3,2859.27,3742.09,3300.03,11.466,"2026-07-07T10:55:45.346Z",2026-07-07 07:55:45.346,"2026-07-07 07:55","down",40.907,134.20932188
49.161,3232.24,2859.03,3742.24,3300.11,11.459,"2026-07-07T10:55:45.346Z",2026-07-07 07:55:45.346,"2026-07-07 07:55","down",41.161,135.04265524
49.416,3231.06,2858.05,3742.6,3300.18,11.455,"2026-07-07T10:55:45.346Z",2026-07-07 07:55:45.346,"2026-07-07 07:55","down",41.416,135.87926944
49.67,3230.84,2857.75,3741.99,3299.73,11.454,"2026-07-07T10:55:45.346Z",2026-07-07 07:55:45.346,"2026-07-07 07:55","down",41.67,136.7126028
49.924,3231.74,2858.46,3741.9,3299.94,11.459,"2026-07-07T10:55:45.346Z",2026-07-07 07:55:45.346,"2026-07-07 07:55","down",41.924,137.54593616
50.178,3231.46,2858.33,3743.28,3301.24,11.464,"2026-07-07T10:55:45.346Z",2026-07-07 07:55:45.346,"2026-07-07 07:55","down",42.178,138.37926952
50.432,3230.47,2857.19,3744.41,3302.21,11.456,"2026-07-07T10:55:45.346Z",2026-07-07 07:55:45.346,"2026-07-07 07:55","down",42.432,139.21260288
50.687,3230.53,2856.66,3744.65,3302.34,11.437,"2026-07-07T10:55:45.346Z",2026-07-07 07:55:45.346,"2026-07-07 07:55","down",42.687,140.04921708
50.941,3230.83,2856.45,3745.25,3302.35,11.409,"2026-07-07T10:55:45.346Z",2026-07-07 07:55:45.346,"2026-07-07 07:55","down",42.941,140.88255044
51.195,3229.73,2855.5,3746.07,3302.54,11.397,"2026-07-07T10:55:45.346Z",2026-07-07 07:55:45.346,"2026-07-07 07:55","down",43.195,141.7158838
51.449,3228.37,2854.55,3745.95,3302.32,11.401,"2026-07-07T10:55:45.346Z",2026-07-07 07:55:45.346,"2026-07-07 07:55","down",43.449,142.54921716
51.703,3229.02,2855.11,3745.38,3302.06,11.407,"2026-07-07T10:55:45.346Z",2026-07-07 07:55:45.346,"2026-07-07 07:55","down",43.703,143.38255052
51.958,3230.49,2856.08,3746.12,3303.09,11.407,"2026-07-07T10:55:45.346Z",2026-07-07 07:55:45.346,"2026-07-07 07:55","down",43.958,144.21916472
52.212,3230.32,2855.81,3747.86,3304.82,11.408,"2026-07-07T10:55:45.346Z",2026-07-07 07:55:45.346,"2026-07-07 07:55","down",44.212,145.05249808
52.466,3229.37,2855.05,3748.54,3305.48,11.412,"2026-07-07T10:55:45.346Z",2026-07-07 07:55:45.346,"2026-07-07 07:55","down",44.466,145.88583144
52.72,3229.31,2855.03,3748.32,3305.33,11.414,"2026-07-07T10:55:45.346Z",2026-07-07 07:55:45.346,"2026-07-07 07:55","down",44.72,146.7191648
52.974,3229.04,2854.92,3748.89,3305.76,11.416,"2026-07-07T10:55:45.346Z",2026-07-07 07:55:45.346,"2026-07-07 07:55","down",44.974,147.55249816
53.229,3227.39,2853.74,3749.73,3306.36,11.421,"2026-07-07T10:55:45.346Z",2026-07-07 07:55:45.346,"2026-07-07 07:55","down",45.229,148.38911236
53.483,3226.54,2852.91,3749.66,3306.13,11.414,"2026-07-07T10:55:45.346Z",2026-07-07 07:55:45.346,"2026-07-07 07:55","down",45.483,149.22244572
53.737,3227.22,2853.32,3749.49,3305.86,11.406,"2026-07-07T10:55:45.346Z",2026-07-07 07:55:45.346,"2026-07-07 07:55","down",45.737,150.05577908
53.991,3226.8,2852.81,3750.15,3306.4,11.4,"2026-07-07T10:55:45.346Z",2026-07-07 07:55:45.346,"2026-07-07 07:55","down",45.991,150.88911244
54.245,3225.21,2851.51,3750.4,3306.62,11.404,"2026-07-07T10:55:45.346Z",2026-07-07 07:55:45.346,"2026-07-07 07:55","down",46.245,151.7224458
54.5,3225.27,2851.63,3749.8,3306.39,11.413,"2026-07-07T10:55:45.346Z",2026-07-07 07:55:45.346,"2026-07-07 07:55","down",46.5,152.55906
54.754,3226.49,2852.57,3750.21,3307.14,11.419,"2026-07-07T10:55:45.346Z",2026-07-07 07:55:45.346,"2026-07-07 07:55","down",46.754,153.39239336
55.008,3225.86,2852.02,3752.01,3308.87,11.423,"2026-07-07T10:55:45.346Z",2026-07-07 07:55:45.346,"2026-07-07 07:55","down",47.008,154.22572672
55.262,3223.96,2850.34,3753.07,3309.69,11.42,"2026-07-07T10:55:45.346Z",2026-07-07 07:55:45.346,"2026-07-07 07:55","down",47.262,155.05906008
55.516,3223.3,2849.71,3752.39,3309.08,11.418,"2026-07-07T10:55:45.346Z",2026-07-07 07:55:45.346,"2026-07-07 07:55","down",47.516,155.89239344
55.771,3223.85,2849.99,3751.82,3308.71,11.415,"2026-07-07T10:55:45.346Z",2026-07-07 07:55:45.346,"2026-07-07 07:55","down",47.771,156.72900764
56.025,3223.32,2849.45,3752.36,3309.14,11.412,"2026-07-07T10:55:45.346Z",2026-07-07 07:55:45.346,"2026-07-07 07:55","down",48.025,157.562341
56.279,3222.38,2848.66,3752.77,3309.45,11.412,"2026-07-07T10:55:45.346Z",2026-07-07 07:55:45.346,"2026-07-07 07:55","down",48.279,158.39567436
56.533,3222.45,2848.8,3752.69,3309.78,11.425,"2026-07-07T10:55:45.346Z",2026-07-07 07:55:45.346,"2026-07-07 07:55","down",48.533,159.22900772
56.787,3222.55,2849.05,3753.3,3310.72,11.439,"2026-07-07T10:55:45.346Z",2026-07-07 07:55:45.346,"2026-07-07 07:55","down",48.787,160.06234108
57.042,3221.61,2848.25,3754.45,3311.59,11.437,"2026-07-07T10:55:45.346Z",2026-07-07 07:55:45.346,"2026-07-07 07:55","down",49.042,160.89895528
57.296,3221.26,2847.67,3754.73,3311.56,11.422,"2026-07-07T10:55:45.346Z",2026-07-07 07:55:45.346,"2026-07-07 07:55","down",49.296,161.73228864
57.55,3222.13,2848.19,3754.59,3311.45,11.415,"2026-07-07T10:55:45.346Z",2026-07-07 07:55:45.346,"2026-07-07 07:55","down",49.55,162.565622
57.804,3222.16,2848.28,3755.19,3311.99,11.417,"2026-07-07T10:55:45.346Z",2026-07-07 07:55:45.346,"2026-07-07 07:55","down",49.804,163.39895536
58.058,3220.47,2847.09,3755.57,3312.32,11.426,"2026-07-07T10:55:45.346Z",2026-07-07 07:55:45.346,"2026-07-07 07:55","down",50.058,164.23228872
58.313,3219.04,2845.97,3754.8,3311.81,11.434,"2026-07-07T10:55:45.346Z",2026-07-07 07:55:45.346,"2026-07-07 07:55","down",50.313,165.06890292
58.567,3218.9,2845.65,3754.37,3311.56,11.432,"2026-07-07T10:55:45.346Z",2026-07-07 07:55:45.346,"2026-07-07 07:55","down",50.567,165.90223628
58.821,3218.3,2845.18,3755.21,3312.36,11.435,"2026-07-07T10:55:45.346Z",2026-07-07 07:55:45.346,"2026-07-07 07:55","down",50.821,166.73556964
59.075,3218.04,2844.81,3755.92,3313.02,11.432,"2026-07-07T10:55:45.346Z",2026-07-07 07:55:45.346,"2026-07-07 07:55","down",51.075,167.568903
59.329,3219.5,2845.87,3756.01,3313.18,11.427,"2026-07-07T10:55:45.346Z",2026-07-07 07:55:45.346,"2026-07-07 07:55","down",51.329,168.40223636
59.584,3221.12,2847.08,3756.79,3313.95,11.422,"2026-07-07T10:55:45.346Z",2026-07-07 07:55:45.346,"2026-07-07 07:55","down",51.584,169.23885056
59.838,3220.84,2846.94,3758.35,3315.34,11.426,"2026-07-07T10:55:45.346Z",2026-07-07 07:55:45.346,"2026-07-07 07:55","down",51.838,170.07218392
60.092,3219.87,2846.29,3759.28,3316.24,11.434,"2026-07-07T10:55:45.346Z",2026-07-07 07:55:45.346,"2026-07-07 07:55","down",52.092,170.90551728
60.346,3220.21,2846.55,3759.7,3316.78,11.437,"2026-07-07T10:55:45.346Z",2026-07-07 07:55:45.346,"2026-07-07 07:55","down",52.346,171.73885064
60.6,3220.82,2847.12,3760.97,3318.01,11.441,"2026-07-07T10:55:45.346Z",2026-07-07 07:55:45.346,"2026-07-07 07:55","down",52.6,172.572184
60.855,3219.89,2846.27,3762.64,3319.38,11.437,"2026-07-07T10:55:45.346Z",2026-07-07 07:55:45.346,"2026-07-07 07:55","down",52.855,173.4087982
61.109,3219.04,2845.12,3763.18,3319.66,11.421,"2026-07-07T10:55:45.346Z",2026-07-07 07:55:45.346,"2026-07-07 07:55","down",53.109,174.24213156
61.363,3219.29,2845.41,3763.17,3319.48,11.418,"2026-07-07T10:55:45.346Z",2026-07-07 07:55:45.346,"2026-07-07 07:55","down",53.363,175.07546492
61.617,3219.1,2845.54,3763.91,3320.17,11.428,"2026-07-07T10:55:45.346Z",2026-07-07 07:55:45.346,"2026-07-07 07:55","down",53.617,175.90879828
61.871,3217.89,2844.43,3764.61,3320.97,11.432,"2026-07-07T10:55:45.346Z",2026-07-07 07:55:45.346,"2026-07-07 07:55","down",53.871,176.74213164
62.126,3217.56,2843.96,3764.39,3321.06,11.433,"2026-07-07T10:55:45.346Z",2026-07-07 07:55:45.346,"2026-07-07 07:55","down",54.126,177.57874584
62.38,3217.95,2844.32,3764.47,3321.37,11.44,"2026-07-07T10:55:45.346Z",2026-07-07 07:55:45.346,"2026-07-07 07:55","down",54.38,178.4120792
62.634,3217.21,2843.63,3765.29,3322.17,11.441,"2026-07-07T10:55:45.346Z",2026-07-07 07:55:45.346,"2026-07-07 07:55","down",54.634,179.24541256
62.888,3215.35,2842,3765.5,3322.31,11.44,"2026-07-07T10:55:45.346Z",2026-07-07 07:55:45.346,"2026-07-07 07:55","down",54.888,180.07874592
63.142,3214.79,2841.26,3764.81,3321.66,11.432,"2026-07-07T10:55:45.346Z",2026-07-07 07:55:45.346,"2026-07-07 07:55","down",55.142,180.91207928
63.397,3215.1,2841.57,3764.81,3321.75,11.435,"2026-07-07T10:55:45.346Z",2026-07-07 07:55:45.346,"2026-07-07 07:55","down",55.397,181.74869348
63.651,3214.56,2841.4,3766.01,3322.83,11.445,"2026-07-07T10:55:45.346Z",2026-07-07 07:55:45.346,"2026-07-07 07:55","down",55.651,182.58202684
63.905,3213.89,2840.76,3766.79,3323.46,11.442,"2026-07-07T10:55:45.346Z",2026-07-07 07:55:45.346,"2026-07-07 07:55","down",55.905,183.4153602
64.159,3214.44,2840.81,3766.74,3323.49,11.431,"2026-07-07T10:55:45.346Z",2026-07-07 07:55:45.346,"2026-07-07 07:55","down",56.159,184.24869356
64.413,3214.59,2840.64,3767.41,3324.12,11.423,"2026-07-07T10:55:45.346Z",2026-07-07 07:55:45.346,"2026-07-07 07:55","down",56.413,185.08202692
64.668,3213.3,2839.56,3768.54,3324.98,11.421,"2026-07-07T10:55:45.346Z",2026-07-07 07:55:45.346,"2026-07-07 07:55","down",56.668,185.91864112
64.922,3212.41,2838.93,3768.42,3324.76,11.423,"2026-07-07T10:55:45.346Z",2026-07-07 07:55:45.346,"2026-07-07 07:55","down",56.922,186.75197448
65.176,3213.24,2839.53,3767.69,3324.22,11.422,"2026-07-07T10:55:45.346Z",2026-07-07 07:55:45.346,"2026-07-07 07:55","down",57.176,187.58530784
65.43,3213.74,2839.84,3768.23,3324.75,11.419,"2026-07-07T10:55:45.346Z",2026-07-07 07:55:45.346,"2026-07-07 07:55","down",57.43,188.4186412
65.684,3212.3,2838.52,3769.29,3325.62,11.416,"2026-07-07T10:55:45.346Z",2026-07-07 07:55:45.346,"2026-07-07 07:55","down",57.684,189.25197456
65.939,3211.17,2837.4,3769.05,3325.48,11.414,"2026-07-07T10:55:45.346Z",2026-07-07 07:55:45.346,"2026-07-07 07:55","down",57.939,190.08858876
66.193,3211.78,2837.82,3768.38,3325.11,11.416,"2026-07-07T10:55:45.346Z",2026-07-07 07:55:45.346,"2026-07-07 07:55","down",58.193,190.92192212
66.447,3211.86,2837.79,3769.34,3325.94,11.413,"2026-07-07T10:55:45.346Z",2026-07-07 07:55:45.346,"2026-07-07 07:55","down",58.447,191.75525548
66.701,3209.97,2836.42,3771.02,3327.28,11.418,"2026-07-07T10:55:45.346Z",2026-07-07 07:55:45.346,"2026-07-07 07:55","down",58.701,192.58858884
66.955,3208.38,2835.14,3771.54,3327.62,11.419,"2026-07-07T10:55:45.346Z",2026-07-07 07:55:45.346,"2026-07-07 07:55","down",58.955,193.4219222
67.21,3207.93,2834.77,3771.41,3327.24,11.413,"2026-07-07T10:55:45.346Z",2026-07-07 07:55:45.346,"2026-07-07 07:55","down",59.21,194.2585364
67.464,3207.52,2834.21,3771.72,3327.42,11.405,"2026-07-07T10:55:45.346Z",2026-07-07 07:55:45.346,"2026-07-07 07:55","down",59.464,195.09186976
67.718,3206.67,2833.41,3772.07,3327.91,11.408,"2026-07-07T10:55:45.346Z",2026-07-07 07:55:45.346,"2026-07-07 07:55","down",59.718,195.92520312
67.972,3206.52,2833.24,3772.2,3328.29,11.413,"2026-07-07T10:55:45.346Z",2026-07-07 07:55:45.346,"2026-07-07 07:55","down",59.972,196.75853648
68.226,3206.89,2833.46,3773.03,3329.3,11.417,"2026-07-07T10:55:45.346Z",2026-07-07 07:55:45.346,"2026-07-07 07:55","down",60.226,197.59186984
68.481,3206.08,2832.67,3774.32,3330.65,11.421,"2026-07-07T10:55:45.346Z",2026-07-07 07:55:45.346,"2026-07-07 07:55","down",60.481,198.42848404
68.735,3204.93,2831.44,3774.82,3331.15,11.416,"2026-07-07T10:55:45.346Z",2026-07-07 07:55:45.346,"2026-07-07 07:55","down",60.735,199.2618174
68.989,3204.96,2831.35,3774.94,3331.22,11.411,"2026-07-07T10:55:45.346Z",2026-07-07 07:55:45.346,"2026-07-07 07:55","down",60.989,200.09515076
69.243,3205.18,2831.48,3775.87,3331.92,11.406,"2026-07-07T10:55:45.346Z",2026-07-07 07:55:45.346,"2026-07-07 07:55","down",61.243,200.92848412
69.497,3203.9,2830.44,3776.89,3332.62,11.404,"2026-07-07T10:55:45.346Z",2026-07-07 07:55:45.346,"2026-07-07 07:55","down",61.497,201.76181748
69.752,3202.29,2829.31,3776.43,3331.97,11.406,"2026-07-07T10:55:45.346Z",2026-07-07 07:55:45.346,"2026-07-07 07:55","down",61.752,202.59843168
70.006,3202.09,2829.11,3774.95,3330.66,11.406,"2026-07-07T10:55:45.346Z",2026-07-07 07:55:45.346,"2026-07-07 07:55","down",62.006,203.43176504
70.26,3201.93,2828.87,3774.13,3330.28,11.411,"2026-07-07T10:55:45.346Z",2026-07-07 07:55:45.346,"2026-07-07 07:55","down",62.26,204.2650984
70.514,3200.41,2827.41,3773.91,3330.39,11.416,"2026-07-07T10:55:45.346Z",2026-07-07 07:55:45.346,"2026-07-07 07:55","down",62.514,205.09843176
70.768,3199.57,2825.08,3773.44,3329.73,11.362,"2026-07-07T10:55:45.346Z",2026-07-07 07:55:45.346,"2026-07-07 07:55","down",62.768,205.93176512
71.023,3200.02,2822.4,3773.47,3328.19,11.231,"2026-07-07T10:55:45.346Z",2026-07-07 07:55:45.346,"2026-07-07 07:55","down",63.023,206.76837932
71.277,3199.71,2820.34,3774.62,3326.24,11.104,"2026-07-07T10:55:45.346Z",2026-07-07 07:55:45.346,"2026-07-07 07:55","down",63.277,207.60171268
71.531,3198.62,2819.36,3775.72,3324.92,11.045,"2026-07-07T10:55:45.346Z",2026-07-07 07:55:45.346,"2026-07-07 07:55","down",63.531,208.43504604
71.785,3198.81,2819.76,3776.35,3325.15,11.044,"2026-07-07T10:55:45.346Z",2026-07-07 07:55:45.346,"2026-07-07 07:55","down",63.785,209.2683794
72.039,3199.56,2820.56,3777.58,3326.83,11.063,"2026-07-07T10:55:45.346Z",2026-07-07 07:55:45.346,"2026-07-07 07:55","down",64.039,210.10171276
72.294,3198.14,2819.97,3779.24,3328.92,11.099,"2026-07-07T10:55:45.346Z",2026-07-07 07:55:45.346,"2026-07-07 07:55","down",64.294,210.93832696
72.548,3195.81,2818.39,3779.55,3329.78,11.128,"2026-07-07T10:55:45.346Z",2026-07-07 07:55:45.346,"2026-07-07 07:55","down",64.548,211.77166032
72.802,3195.27,2817.85,3778.36,3329.33,11.141,"2026-07-07T10:55:45.346Z",2026-07-07 07:55:45.346,"2026-07-07 07:55","down",64.802,212.60499368
73.056,3196,2818.52,3777.78,3329.21,11.152,"2026-07-07T10:55:45.346Z",2026-07-07 07:55:45.346,"2026-07-07 07:55","down",65.056,213.43832704
73.31,3196.51,2819.27,3778.59,3330.09,11.165,"2026-07-07T10:55:45.346Z",2026-07-07 07:55:45.346,"2026-07-07 07:55","down",65.31,214.2716604
73.565,3197.12,2819.91,3779.72,3331.29,11.173,"2026-07-07T10:55:45.346Z",2026-07-07 07:55:45.346,"2026-07-07 07:55","down",65.565,215.1082746
73.819,3197.92,2820.45,3781.04,3332.52,11.17,"2026-07-07T10:55:45.346Z",2026-07-07 07:55:45.346,"2026-07-07 07:55","down",65.819,215.94160796
74.073,3197.17,2819.66,3782.94,3334.11,11.163,"2026-07-07T10:55:45.346Z",2026-07-07 07:55:45.346,"2026-07-07 07:55","down",66.073,216.77494132
74.327,3195.17,2818.02,3784.04,3334.97,11.165,"2026-07-07T10:55:45.346Z",2026-07-07 07:55:45.346,"2026-07-07 07:55","down",66.327,217.60827468
74.581,3194.53,2817.5,3783.53,3334.51,11.166,"2026-07-07T10:55:45.346Z",2026-07-07 07:55:45.346,"2026-07-07 07:55","down",66.581,218.44160804
74.836,3195.13,2817.75,3783.4,3334.38,11.157,"2026-07-07T10:55:45.346Z",2026-07-07 07:55:45.346,"2026-07-07 07:55","down",66.836,219.27822224
75.09,3193.97,2816.9,3784.68,3335.4,11.159,"2026-07-07T10:55:45.346Z",2026-07-07 07:55:45.346,"2026-07-07 07:55","down",67.09,220.1115556
75.344,3192.04,2815.39,3785.01,3335.55,11.162,"2026-07-07T10:55:45.346Z",2026-07-07 07:55:45.346,"2026-07-07 07:55","down",67.344,220.94488896
75.598,3192.44,2815.56,3783.76,3334.37,11.154,"2026-07-07T10:55:45.346Z",2026-07-07 07:55:45.346,"2026-07-07 07:55","down",67.598,221.77822232
75.852,3194.1,2816.69,3783.69,3334.39,11.146,"2026-07-07T10:55:45.346Z",2026-07-07 07:55:45.346,"2026-07-07 07:55","down",67.852,222.61155568
76.107,3193.32,2816.03,3785.41,3336.01,11.15,"2026-07-07T10:55:45.346Z",2026-07-07 07:55:45.346,"2026-07-07 07:55","down",68.107,223.44816988
76.361,3191.08,2814.24,3785.85,3336.46,11.157,"2026-07-07T10:55:45.346Z",2026-07-07 07:55:45.346,"2026-07-07 07:55","down",68.361,224.28150324
76.615,3190.78,2813.72,3784.51,3335.43,11.153,"2026-07-07T10:55:45.346Z",2026-07-07 07:55:45.346,"2026-07-07 07:55","down",68.615,225.1148366
76.869,3190.99,2813.76,3784.44,3335.54,11.153,"2026-07-07T10:55:45.346Z",2026-07-07 07:55:45.346,"2026-07-07 07:55","down",68.869,225.94816996
77.123,3189.3,2812.47,3785.84,3336.78,11.159,"2026-07-07T10:55:45.346Z",2026-07-07 07:55:45.346,"2026-07-07 07:55","down",69.123,226.78150332
77.378,3187.47,2811.05,3785.91,3336.81,11.164,"2026-07-07T10:55:45.346Z",2026-07-07 07:55:45.346,"2026-07-07 07:55","down",69.378,227.61811752
77.632,3187.99,2811.35,3784.69,3335.95,11.165,"2026-07-07T10:55:45.346Z",2026-07-07 07:55:45.346,"2026-07-07 07:55","down",69.632,228.45145088
77.886,3188.26,2811.54,3784.9,3336.32,11.168,"2026-07-07T10:55:45.346Z",2026-07-07 07:55:45.346,"2026-07-07 07:55","down",69.886,229.28478424
78.14,3185.79,2809.62,3786.14,3337.28,11.172,"2026-07-07T10:55:45.346Z",2026-07-07 07:55:45.346,"2026-07-07 07:55","down",70.14,230.1181176
78.394,3183.81,2807.76,3785.88,3336.95,11.166,"2026-07-07T10:55:45.346Z",2026-07-07 07:55:45.346,"2026-07-07 07:55","down",70.394,230.95145096
78.649,3184.31,2807.76,3785.13,3336.32,11.154,"2026-07-07T10:55:45.346Z",2026-07-07 07:55:45.346,"2026-07-07 07:55","down",70.649,231.78806516
78.903,3184.41,2807.72,3786.11,3337.05,11.147,"2026-07-07T10:55:45.346Z",2026-07-07 07:55:45.346,"2026-07-07 07:55","down",70.903,232.62139852
79.157,3182.77,2806.33,3787.26,3337.9,11.144,"2026-07-07T10:55:45.346Z",2026-07-07 07:55:45.346,"2026-07-07 07:55","down",71.157,233.45473188
79.411,3182.27,2805.62,3786.65,3337.58,11.142,"2026-07-07T10:55:45.346Z",2026-07-07 07:55:45.346,"2026-07-07 07:55","down",71.411,234.28806524
79.665,3183.78,2806.65,3786.07,3337.41,11.142,"2026-07-07T10:55:45.346Z",2026-07-07 07:55:45.346,"2026-07-07 07:55","down",71.665,235.1213986
79.92,3184.02,2806.91,3787.12,3338.29,11.142,"2026-07-07T10:55:45.346Z",2026-07-07 07:55:45.346,"2026-07-07 07:55","down",71.92,235.9580128
80.174,3182.45,2805.82,3787.79,3338.71,11.146,"2026-07-07T10:55:45.346Z",2026-07-07 07:55:45.346,"2026-07-07 07:55","down",72.174,236.79134616
80.428,3181.24,2804.87,3786.98,3338.08,11.152,"2026-07-07T10:55:45.346Z",2026-07-07 07:55:45.346,"2026-07-07 07:55","down",72.428,237.62467952
80.682,3180.51,2804.22,3786.61,3337.93,11.156,"2026-07-07T10:55:45.346Z",2026-07-07 07:55:45.346,"2026-07-07 07:55","down",72.682,238.45801288
80.936,3179.32,2803.06,3787.44,3338.61,11.152,"2026-07-07T10:55:45.346Z",2026-07-07 07:55:45.346,"2026-07-07 07:55","down",72.936,239.29134624
81.191,3178.39,2802.13,3787.78,3339.01,11.151,"2026-07-07T10:55:45.346Z",2026-07-07 07:55:45.346,"2026-07-07 07:55","down",73.191,240.12796044
81.445,3179.17,2802.4,3787.61,3339.16,11.146,"2026-07-07T10:55:45.346Z",2026-07-07 07:55:45.346,"2026-07-07 07:55","down",73.445,240.9612938
81.699,3180.04,2802.99,3788.35,3339.92,11.143,"2026-07-07T10:55:45.346Z",2026-07-07 07:55:45.346,"2026-07-07 07:55","down",73.699,241.79462716
81.953,3179.5,2802.77,3789.86,3341.07,11.146,"2026-07-07T10:55:45.346Z",2026-07-07 07:55:45.346,"2026-07-07 07:55","down",73.953,242.62796052
82.207,3179.3,2802.63,3790.66,3341.82,11.149,"2026-07-07T10:55:45.346Z",2026-07-07 07:55:45.346,"2026-07-07 07:55","down",74.207,243.46129388
82.462,3180.32,2803.39,3791.6,3342.73,11.146,"2026-07-07T10:55:45.346Z",2026-07-07 07:55:45.346,"2026-07-07 07:55","down",74.462,244.29790808
82.716,3178.49,2802.04,3792.51,3344.27,11.173,"2026-07-07T10:55:45.346Z",2026-07-07 07:55:45.346,"2026-07-07 07:55","down",74.716,245.13124144
82.97,3150.7,2782.12,3790.71,3347.38,11.428,"2026-07-07T10:55:45.346Z",2026-07-07 07:55:45.346,"2026-07-07 07:55","down",74.97,245.9645748
83.224,3041.31,2697.4,3804.84,3368.2,12.008,"2026-07-07T10:55:45.346Z",2026-07-07 07:55:45.346,"2026-07-07 07:55","down",75.224,246.79790816
83.478,2898.49,2576.8,3879.78,3439.08,12.318,"2026-07-07T10:55:45.346Z",2026-07-07 07:55:45.346,"2026-07-07 07:55","down",75.478,247.63124152
83.733,2825.7,2507.63,4014.6,3552.4,12.022,"2026-07-07T10:55:45.346Z",2026-07-07 07:55:45.346,"2026-07-07 07:55","up",75.267,246.93898428
83.987,2818.44,2491.8,4123.99,3637.95,11.446,"2026-07-07T10:55:45.346Z",2026-07-07 07:55:45.346,"2026-07-07 07:55","up",75.013,246.10565092
84.241,2821.75,2490.31,4164.06,3667.33,11.161,"2026-07-07T10:55:45.346Z",2026-07-07 07:55:45.346,"2026-07-07 07:55","up",74.759,245.27231756
84.495,2820.76,2489.06,4168.81,3670.52,11.126,"2026-07-07T10:55:45.346Z",2026-07-07 07:55:45.346,"2026-07-07 07:55","up",74.505,244.4389842
84.749,2820.2,2488.94,4166.86,3669.22,11.148,"2026-07-07T10:55:45.346Z",2026-07-07 07:55:45.346,"2026-07-07 07:55","up",74.251,243.60565084
85.004,2820.25,2488.71,4165.78,3668.87,11.153,"2026-07-07T10:55:45.346Z",2026-07-07 07:55:45.346,"2026-07-07 07:55","up",73.996,242.76903664
85.258,2818.57,2487.37,4165.87,3669.11,11.161,"2026-07-07T10:55:45.346Z",2026-07-07 07:55:45.346,"2026-07-07 07:55","up",73.742,241.93570328
85.512,2818.29,2486.82,4165.27,3668.52,11.149,"2026-07-07T10:55:45.346Z",2026-07-07 07:55:45.346,"2026-07-07 07:55","up",73.488,241.10236992
85.766,2819.29,2487.5,4164.81,3668.19,11.144,"2026-07-07T10:55:45.346Z",2026-07-07 07:55:45.346,"2026-07-07 07:55","up",73.234,240.26903656
86.02,2819.71,2487.97,4165.62,3669.17,11.154,"2026-07-07T10:55:45.346Z",2026-07-07 07:55:45.346,"2026-07-07 07:55","up",72.98,239.4357032
86.275,2819.01,2487.83,4166.5,3670.22,11.176,"2026-07-07T10:55:45.346Z",2026-07-07 07:55:45.346,"2026-07-07 07:55","up",72.725,238.599089
86.529,2819.59,2488.48,4166.74,3670.67,11.186,"2026-07-07T10:55:45.346Z",2026-07-07 07:55:45.346,"2026-07-07 07:55","up",72.471,237.76575564
86.783,2820.86,2489.45,4168.04,3671.78,11.18,"2026-07-07T10:55:45.346Z",2026-07-07 07:55:45.346,"2026-07-07 07:55","up",72.217,236.93242228
87.037,2820.61,2489.31,4170.55,3673.66,11.175,"2026-07-07T10:55:45.346Z",2026-07-07 07:55:45.346,"2026-07-07 07:55","up",71.963,236.09908892
87.291,2819.68,2488.57,4171.72,3674.41,11.172,"2026-07-07T10:55:45.346Z",2026-07-07 07:55:45.346,"2026-07-07 07:55","up",71.709,235.26575556
87.546,2819.97,2488.83,4171.31,3674.01,11.171,"2026-07-07T10:55:45.346Z",2026-07-07 07:55:45.346,"2026-07-07 07:55","up",71.454,234.42914136
87.8,2820.04,2488.97,4171.63,3674.36,11.175,"2026-07-07T10:55:45.346Z",2026-07-07 07:55:45.346,"2026-07-07 07:55","up",71.2,233.595808
88.054,2818.43,2487.63,4172.69,3675.38,11.18,"2026-07-07T10:55:45.346Z",2026-07-07 07:55:45.346,"2026-07-07 07:55","up",70.946,232.76247464
88.308,2817.41,2486.45,4172.83,3675.63,11.173,"2026-07-07T10:55:45.346Z",2026-07-07 07:55:45.346,"2026-07-07 07:55","up",70.692,231.92914128
88.562,2817.95,2486.75,4172.84,3675.79,11.171,"2026-07-07T10:55:45.346Z",2026-07-07 07:55:45.346,"2026-07-07 07:55","up",70.438,231.09580792
88.817,2818.28,2486.95,4174.04,3676.87,11.168,"2026-07-07T10:55:45.346Z",2026-07-07 07:55:45.346,"2026-07-07 07:55","up",70.183,230.25919372
89.071,2817.69,2486.18,4174.69,3677.44,11.16,"2026-07-07T10:55:45.346Z",2026-07-07 07:55:45.346,"2026-07-07 07:55","up",69.929,229.42586036
89.325,2818.41,2486.43,4173.99,3677.08,11.153,"2026-07-07T10:55:45.346Z",2026-07-07 07:55:45.346,"2026-07-07 07:55","up",69.675,228.592527
89.579,2820.04,2487.86,4174.59,3677.73,11.155,"2026-07-07T10:55:45.346Z",2026-07-07 07:55:45.346,"2026-07-07 07:55","up",69.421,227.75919364
89.833,2820.07,2488.18,4177.23,3679.83,11.16,"2026-07-07T10:55:45.346Z",2026-07-07 07:55:45.346,"2026-07-07 07:55","up",69.167,226.92586028
90.088,2818.72,2487.16,4178.82,3681.09,11.162,"2026-07-07T10:55:45.346Z",2026-07-07 07:55:45.346,"2026-07-07 07:55","up",68.912,226.08924608
90.342,2818.59,2486.85,4178.37,3680.74,11.157,"2026-07-07T10:55:45.346Z",2026-07-07 07:55:45.346,"2026-07-07 07:55","up",68.658,225.25591272
90.596,2819.39,2487.42,4178.38,3681.01,11.158,"2026-07-07T10:55:45.346Z",2026-07-07 07:55:45.346,"2026-07-07 07:55","up",68.404,224.42257936
90.85,2818.89,2486.93,4179.77,3682.33,11.159,"2026-07-07T10:55:45.346Z",2026-07-07 07:55:45.346,"2026-07-07 07:55","up",68.15,223.589246
91.104,2817.79,2485.95,4180.15,3682.5,11.155,"2026-07-07T10:55:45.346Z",2026-07-07 07:55:45.346,"2026-07-07 07:55","up",67.896,222.75591264
91.359,2818.21,2486.14,4179.21,3681.68,11.149,"2026-07-07T10:55:45.346Z",2026-07-07 07:55:45.346,"2026-07-07 07:55","up",67.641,221.91929844
91.613,2818.71,2486.51,4179.72,3682.17,11.147,"2026-07-07T10:55:45.346Z",2026-07-07 07:55:45.346,"2026-07-07 07:55","up",67.387,221.08596508
91.867,2817.29,2485.56,4181.23,3683.48,11.157,"2026-07-07T10:55:45.346Z",2026-07-07 07:55:45.346,"2026-07-07 07:55","up",67.133,220.25263172
92.121,2815.73,2484.41,4180.94,3683.38,11.168,"2026-07-07T10:55:45.346Z",2026-07-07 07:55:45.346,"2026-07-07 07:55","up",66.879,219.41929836
92.375,2815.68,2484.36,4179.64,3682.39,11.172,"2026-07-07T10:55:45.346Z",2026-07-07 07:55:45.346,"2026-07-07 07:55","up",66.625,218.585965
92.63,2815.15,2484.05,4179.88,3682.57,11.176,"2026-07-07T10:55:45.346Z",2026-07-07 07:55:45.346,"2026-07-07 07:55","up",66.37,217.7493508
92.884,2812.97,2482.4,4180.53,3683.23,11.187,"2026-07-07T10:55:45.346Z",2026-07-07 07:55:45.346,"2026-07-07 07:55","up",66.116,216.91601744
93.138,2811.33,2480.75,4179.41,3682.47,11.185,"2026-07-07T10:55:45.346Z",2026-07-07 07:55:45.346,"2026-07-07 07:55","up",65.862,216.08268408
93.392,2811.17,2480.26,4177.79,3681.32,11.18,"2026-07-07T10:55:45.346Z",2026-07-07 07:55:45.346,"2026-07-07 07:55","up",65.608,215.24935072
93.646,2810.9,2479.95,4177.59,3681.27,11.18,"2026-07-07T10:55:45.346Z",2026-07-07 07:55:45.346,"2026-07-07 07:55","up",65.354,214.41601736
93.901,2809.95,2479.01,4177.95,3681.38,11.173,"2026-07-07T10:55:45.346Z",2026-07-07 07:55:45.346,"2026-07-07 07:55","up",65.099,213.57940316
94.155,2809.94,2478.53,4177.81,3680.97,11.15,"2026-07-07T10:55:45.346Z",2026-07-07 07:55:45.346,"2026-07-07 07:55","up",64.845,212.7460698
94.409,2810.84,2478.87,4178.34,3681.14,11.128,"2026-07-07T10:55:45.346Z",2026-07-07 07:55:45.346,"2026-07-07 07:55","up",64.591,211.91273644
94.663,2810.23,2478.34,4180.19,3682.21,11.115,"2026-07-07T10:55:45.346Z",2026-07-07 07:55:45.346,"2026-07-07 07:55","up",64.337,211.07940308
94.917,2808.34,2476.52,4181.22,3682.48,11.096,"2026-07-07T10:55:45.346Z",2026-07-07 07:55:45.346,"2026-07-07 07:55","up",64.083,210.24606972
95.172,2807.56,2475.22,4180.44,3681.37,11.065,"2026-07-07T10:55:45.346Z",2026-07-07 07:55:45.346,"2026-07-07 07:55","up",63.828,209.40945552
95.426,2808.03,2475.41,4180.17,3681.02,11.055,"2026-07-07T10:55:45.346Z",2026-07-07 07:55:45.346,"2026-07-07 07:55","up",63.574,208.57612216
95.68,2808.5,2477.08,4181.58,3682.93,11.113,"2026-07-07T10:55:45.346Z",2026-07-07 07:55:45.346,"2026-07-07 07:55","up",63.32,207.7427888
95.934,2808.8,2479.56,4183.15,3686.54,11.239,"2026-07-07T10:55:45.346Z",2026-07-07 07:55:45.346,"2026-07-07 07:55","up",63.066,206.90945544
96.188,2809.78,2481.61,4184.36,3690.83,11.352,"2026-07-07T10:55:45.346Z",2026-07-07 07:55:45.346,"2026-07-07 07:55","up",62.812,206.07612208
96.443,2810.21,2482.17,4186.36,3694.5,11.401,"2026-07-07T10:55:45.346Z",2026-07-07 07:55:45.346,"2026-07-07 07:55","up",62.557,205.23950788
96.697,2808.63,2480.81,4188.22,3696.39,11.408,"2026-07-07T10:55:45.346Z",2026-07-07 07:55:45.346,"2026-07-07 07:55","up",62.303,204.40617452
96.951,2807.11,2479.36,4188.02,3696.09,11.401,"2026-07-07T10:55:45.346Z",2026-07-07 07:55:45.346,"2026-07-07 07:55","up",62.049,203.57284116
97.205,2807.16,2479.19,4186.87,3695.16,11.396,"2026-07-07T10:55:45.346Z",2026-07-07 07:55:45.346,"2026-07-07 07:55","up",61.795,202.7395078
97.459,2806.93,2479.11,4187.23,3695.59,11.403,"2026-07-07T10:55:45.346Z",2026-07-07 07:55:45.346,"2026-07-07 07:55","up",61.541,201.90617444
97.714,2805.67,2478.23,4188.06,3696.26,11.409,"2026-07-07T10:55:45.346Z",2026-07-07 07:55:45.346,"2026-07-07 07:55","up",61.286,201.06956024
97.968,2805.49,2477.83,4187.41,3695.69,11.401,"2026-07-07T10:55:45.346Z",2026-07-07 07:55:45.346,"2026-07-07 07:55","up",61.032,200.23622688
98.222,2806.39,2478.34,4187.04,3695.49,11.395,"2026-07-07T10:55:45.346Z",2026-07-07 07:55:45.346,"2026-07-07 07:55","up",60.778,199.40289352
98.476,2805.62,2478.13,4188.35,3696.54,11.408,"2026-07-07T10:55:45.346Z",2026-07-07 07:55:45.346,"2026-07-07 07:55","up",60.524,198.56956016
98.73,2804,2477,4188.9,3696.94,11.416,"2026-07-07T10:55:45.346Z",2026-07-07 07:55:45.346,"2026-07-07 07:55","up",60.27,197.7362268
98.985,2804.53,2477.09,4187.98,3696.57,11.414,"2026-07-07T10:55:45.346Z",2026-07-07 07:55:45.346,"2026-07-07 07:55","up",60.015,196.8996126
99.239,2805.98,2478.04,4188.78,3697.75,11.413,"2026-07-07T10:55:45.346Z",2026-07-07 07:55:45.346,"2026-07-07 07:55","up",59.761,196.06627924
99.493,2805.64,2477.81,4191.77,3700.32,11.414,"2026-07-07T10:55:45.346Z",2026-07-07 07:55:45.346,"2026-07-07 07:55","up",59.507,195.23294588
99.747,2804.26,2476.79,4193.36,3701.6,11.418,"2026-07-07T10:55:45.346Z",2026-07-07 07:55:45.346,"2026-07-07 07:55","up",59.253,194.39961252
100.001,2804.41,2476.93,4193.07,3701.53,11.422,"2026-07-07T10:55:45.346Z",2026-07-07 07:55:45.346,"2026-07-07 07:55","up",58.999,193.56627916
100.256,2805.26,2477.76,4193.87,3702.36,11.428,"2026-07-07T10:55:45.346Z",2026-07-07 07:55:45.346,"2026-07-07 07:55","up",58.744,192.72966496
100.51,2804.74,2477.3,4195.73,3703.85,11.425,"2026-07-07T10:55:45.346Z",2026-07-07 07:55:45.346,"2026-07-07 07:55","up",58.49,191.8963316
100.764,2804,2476.61,4196.18,3704.14,11.421,"2026-07-07T10:55:45.346Z",2026-07-07 07:55:45.346,"2026-07-07 07:55","up",58.236,191.06299824
101.018,2804.77,2477.01,4195.68,3703.84,11.414,"2026-07-07T10:55:45.346Z",2026-07-07 07:55:45.346,"2026-07-07 07:55","up",57.982,190.22966488
101.272,2805.44,2477.49,4196.6,3704.82,11.415,"2026-07-07T10:55:45.346Z",2026-07-07 07:55:45.346,"2026-07-07 07:55","up",57.728,189.39633152
101.526,2804.54,2476.78,4198.3,3706.15,11.414,"2026-07-07T10:55:45.346Z",2026-07-07 07:55:45.346,"2026-07-07 07:55","up",57.474,188.56299816
101.781,2803.94,2476.23,4198.46,3706.15,11.41,"2026-07-07T10:55:45.346Z",2026-07-07 07:55:45.346,"2026-07-07 07:55","up",57.219,187.72638396
102.035,2804.36,2476.8,4198.1,3706.18,11.424,"2026-07-07T10:55:45.346Z",2026-07-07 07:55:45.346,"2026-07-07 07:55","up",56.965,186.8930506
102.289,2803.52,2476.37,4199.31,3707.43,11.439,"2026-07-07T10:55:45.346Z",2026-07-07 07:55:45.346,"2026-07-07 07:55","up",56.711,186.05971724
102.543,2801.4,2474.54,4200.24,3707.98,11.434,"2026-07-07T10:55:45.346Z",2026-07-07 07:55:45.346,"2026-07-07 07:55","up",56.457,185.22638388
102.797,2800.5,2473.55,4198.96,3706.92,11.429,"2026-07-07T10:55:45.346Z",2026-07-07 07:55:45.346,"2026-07-07 07:55","up",56.203,184.39305052
103.052,2801.31,2474.09,4198.02,3706.59,11.435,"2026-07-07T10:55:45.346Z",2026-07-07 07:55:45.346,"2026-07-07 07:55","up",55.948,183.55643632
103.306,2801.35,2474.01,4199.56,3708.03,11.433,"2026-07-07T10:55:45.346Z",2026-07-07 07:55:45.346,"2026-07-07 07:55","up",55.694,182.72310296
103.56,2800.25,2473.02,4201.25,3709.26,11.426,"2026-07-07T10:55:45.346Z",2026-07-07 07:55:45.346,"2026-07-07 07:55","up",55.44,181.8897696
103.814,2800.57,2473.18,4201.42,3709.37,11.421,"2026-07-07T10:55:45.346Z",2026-07-07 07:55:45.346,"2026-07-07 07:55","up",55.186,181.05643624
104.068,2801.91,2474.05,4202.26,3710.27,11.413,"2026-07-07T10:55:45.346Z",2026-07-07 07:55:45.346,"2026-07-07 07:55","up",54.932,180.22310288
104.323,2801.3,2473.87,4204.44,3712.25,11.427,"2026-07-07T10:55:45.346Z",2026-07-07 07:55:45.346,"2026-07-07 07:55","up",54.677,179.38648868
104.577,2799.59,2472.83,4205.16,3713,11.446,"2026-07-07T10:55:45.346Z",2026-07-07 07:55:45.346,"2026-07-07 07:55","up",54.423,178.55315532
104.831,2799.61,2472.55,4204.11,3712.33,11.442,"2026-07-07T10:55:45.346Z",2026-07-07 07:55:45.346,"2026-07-07 07:55","up",54.169,177.71982196
105.085,2800.78,2473.09,4204.48,3712.72,11.426,"2026-07-07T10:55:45.346Z",2026-07-07 07:55:45.346,"2026-07-07 07:55","up",53.915,176.8864886
105.339,2800.71,2473.16,4206.85,3714.58,11.425,"2026-07-07T10:55:45.346Z",2026-07-07 07:55:45.346,"2026-07-07 07:55","up",53.661,176.05315524
105.594,2799.95,2472.78,4208.3,3715.75,11.433,"2026-07-07T10:55:45.346Z",2026-07-07 07:55:45.346,"2026-07-07 07:55","up",53.406,175.21654104
105.848,2800.39,2473.26,4208.38,3716,11.44,"2026-07-07T10:55:45.346Z",2026-07-07 07:55:45.346,"2026-07-07 07:55","up",53.152,174.38320768
106.102,2800.79,2473.51,4209.42,3717.18,11.443,"2026-07-07T10:55:45.346Z",2026-07-07 07:55:45.346,"2026-07-07 07:55","up",52.898,173.54987432
106.356,2799.68,2472.48,4211.12,3718.74,11.442,"2026-07-07T10:55:45.346Z",2026-07-07 07:55:45.346,"2026-07-07 07:55","up",52.644,172.71654096
106.61,2798.94,2471.77,4211.34,3718.86,11.438,"2026-07-07T10:55:45.346Z",2026-07-07 07:55:45.346,"2026-07-07 07:55","up",52.39,171.8832076
106.865,2799.35,2472.08,4211,3718.52,11.435,"2026-07-07T10:55:45.346Z",2026-07-07 07:55:45.346,"2026-07-07 07:55","up",52.135,171.0465934
107.119,2799.14,2471.84,4211.66,3719.11,11.434,"2026-07-07T10:55:45.346Z",2026-07-07 07:55:45.346,"2026-07-07 07:55","up",51.881,170.21326004
107.373,2798.03,2470.89,4212,3719.39,11.435,"2026-07-07T10:55:45.346Z",2026-07-07 07:55:45.346,"2026-07-07 07:55","up",51.627,169.37992668
107.627,2797.61,2470.4,4211.25,3718.79,11.432,"2026-07-07T10:55:45.346Z",2026-07-07 07:55:45.346,"2026-07-07 07:55","up",51.373,168.54659332
107.881,2797.81,2470.4,4211.11,3718.81,11.429,"2026-07-07T10:55:45.346Z",2026-07-07 07:55:45.346,"2026-07-07 07:55","up",51.119,167.71325996
108.136,2796.96,2469.55,4212.07,3719.67,11.426,"2026-07-07T10:55:45.346Z",2026-07-07 07:55:45.346,"2026-07-07 07:55","up",50.864,166.87664576
108.39,2795.9,2468.35,4212.1,3719.79,11.419,"2026-07-07T10:55:45.346Z",2026-07-07 07:55:45.346,"2026-07-07 07:55","up",50.61,166.0433124
108.644,2796.32,2468.58,4211.3,3719.29,11.419,"2026-07-07T10:55:45.346Z",2026-07-07 07:55:45.346,"2026-07-07 07:55","up",50.356,165.20997904
108.898,2796.9,2469.39,4212.09,3719.9,11.427,"2026-07-07T10:55:45.346Z",2026-07-07 07:55:45.346,"2026-07-07 07:55","up",50.102,164.37664568
109.152,2796.1,2468.96,4213.86,3721.31,11.433,"2026-07-07T10:55:45.346Z",2026-07-07 07:55:45.346,"2026-07-07 07:55","up",49.848,163.54331232
109.407,2795.04,2468.04,4214.06,3721.6,11.436,"2026-07-07T10:55:45.346Z",2026-07-07 07:55:45.346,"2026-07-07 07:55","up",49.593,162.70669812
109.661,2795.14,2467.85,4213.35,3720.99,11.427,"2026-07-07T10:55:45.346Z",2026-07-07 07:55:45.346,"2026-07-07 07:55","up",49.339,161.87336476
109.915,2795.11,2467.67,4213.97,3721.4,11.419,"2026-07-07T10:55:45.346Z",2026-07-07 07:55:45.346,"2026-07-07 07:55","up",49.085,161.0400314
110.169,2793.6,2466.51,4215.05,3722.32,11.424,"2026-07-07T10:55:45.346Z",2026-07-07 07:55:45.346,"2026-07-07 07:55","up",48.831,160.20669804
110.423,2792.25,2465.08,4214.52,3721.82,11.415,"2026-07-07T10:55:45.346Z",2026-07-07 07:55:45.346,"2026-07-07 07:55","up",48.577,159.37336468
110.678,2792.24,2464.63,4213.71,3720.93,11.396,"2026-07-07T10:55:45.346Z",2026-07-07 07:55:45.346,"2026-07-07 07:55","up",48.322,158.53675048
110.932,2792.04,2464.6,4214.7,3721.67,11.398,"2026-07-07T10:55:45.346Z",2026-07-07 07:55:45.346,"2026-07-07 07:55","up",48.068,157.70341712
111.186,2790.84,2463.76,4215.97,3722.75,11.405,"2026-07-07T10:55:45.346Z",2026-07-07 07:55:45.346,"2026-07-07 07:55","up",47.814,156.87008376
111.44,2790.77,2463.49,4215.46,3722.34,11.398,"2026-07-07T10:55:45.346Z",2026-07-07 07:55:45.346,"2026-07-07 07:55","up",47.56,156.0367504
111.694,2791.97,2464.13,4215.07,3722.28,11.391,"2026-07-07T10:55:45.346Z",2026-07-07 07:55:45.346,"2026-07-07 07:55","up",47.306,155.20341704
111.949,2792.03,2464.07,4216.76,3723.93,11.39,"2026-07-07T10:55:45.346Z",2026-07-07 07:55:45.346,"2026-07-07 07:55","up",47.051,154.36680284
112.203,2790.7,2463.01,4218.16,3725.08,11.392,"2026-07-07T10:55:45.346Z",2026-07-07 07:55:45.346,"2026-07-07 07:55","up",46.797,153.53346948
112.457,2790.77,2463.17,4217.93,3724.93,11.397,"2026-07-07T10:55:45.346Z",2026-07-07 07:55:45.346,"2026-07-07 07:55","up",46.543,152.70013612
112.711,2791.75,2464.07,4218.78,3725.9,11.403,"2026-07-07T10:55:45.346Z",2026-07-07 07:55:45.346,"2026-07-07 07:55","up",46.289,151.86680276
112.965,2790.61,2463.3,4221.41,3728.2,11.41,"2026-07-07T10:55:45.346Z",2026-07-07 07:55:45.346,"2026-07-07 07:55","up",46.035,151.0334694
113.22,2788.43,2461.36,4221.93,3728.47,11.406,"2026-07-07T10:55:45.346Z",2026-07-07 07:55:45.346,"2026-07-07 07:55","up",45.78,150.1968552
113.474,2788.66,2461.18,4219.7,3726.73,11.398,"2026-07-07T10:55:45.346Z",2026-07-07 07:55:45.346,"2026-07-07 07:55","up",45.526,149.36352184
113.728,2790.04,2462.15,4219.26,3726.88,11.401,"2026-07-07T10:55:45.346Z",2026-07-07 07:55:45.346,"2026-07-07 07:55","up",45.272,148.53018848
113.982,2789.37,2461.72,4221.73,3729.19,11.41,"2026-07-07T10:55:45.346Z",2026-07-07 07:55:45.346,"2026-07-07 07:55","up",45.018,147.69685512
114.236,2787.76,2460.47,4222.98,3730.12,11.412,"2026-07-07T10:55:45.346Z",2026-07-07 07:55:45.346,"2026-07-07 07:55","up",44.764,146.86352176
114.491,2787.69,2460.1,4222.05,3729.42,11.404,"2026-07-07T10:55:45.346Z",2026-07-07 07:55:45.346,"2026-07-07 07:55","up",44.509,146.02690756
114.745,2787.97,2460.32,4222.08,3729.61,11.407,"2026-07-07T10:55:45.346Z",2026-07-07 07:55:45.346,"2026-07-07 07:55","up",44.255,145.1935742
114.999,2786.82,2459.54,4223.27,3730.44,11.41,"2026-07-07T10:55:45.346Z",2026-07-07 07:55:45.346,"2026-07-07 07:55","up",44.001,144.36024084
115.253,2785.85,2458.47,4223.16,3730,11.395,"2026-07-07T10:55:45.346Z",2026-07-07 07:55:45.346,"2026-07-07 07:55","up",43.747,143.52690748
115.507,2786.16,2458.39,4222.13,3728.96,11.38,"2026-07-07T10:55:45.346Z",2026-07-07 07:55:45.346,"2026-07-07 07:55","up",43.493,142.69357412
115.762,2786.37,2458.69,4222.29,3729.26,11.387,"2026-07-07T10:55:45.346Z",2026-07-07 07:55:45.346,"2026-07-07 07:55","up",43.238,141.85695992
116.016,2785.8,2458.42,4223.24,3730.45,11.403,"2026-07-07T10:55:45.346Z",2026-07-07 07:55:45.346,"2026-07-07 07:55","up",42.984,141.02362656
116.27,2785.72,2458.52,4223.58,3731.31,11.421,"2026-07-07T10:55:45.346Z",2026-07-07 07:55:45.346,"2026-07-07 07:55","up",42.73,140.1902932
116.524,2786.08,2459.12,4224.03,3732.28,11.444,"2026-07-07T10:55:45.346Z",2026-07-07 07:55:45.346,"2026-07-07 07:55","up",42.476,139.35695984
116.778,2785.31,2458.62,4225.46,3733.68,11.453,"2026-07-07T10:55:45.346Z",2026-07-07 07:55:45.346,"2026-07-07 07:55","up",42.222,138.52362648
117.033,2784.1,2457.51,4225.94,3734.13,11.452,"2026-07-07T10:55:45.346Z",2026-07-07 07:55:45.346,"2026-07-07 07:55","up",41.967,137.68701228
117.287,2784.68,2457.91,4224.81,3733.45,11.456,"2026-07-07T10:55:45.346Z",2026-07-07 07:55:45.346,"2026-07-07 07:55","up",41.713,136.85367892
117.541,2786.48,2459.34,4225.08,3733.82,11.453,"2026-07-07T10:55:45.346Z",2026-07-07 07:55:45.346,"2026-07-07 07:55","up",41.459,136.02034556
117.795,2786.92,2459.74,4227.35,3735.52,11.447,"2026-07-07T10:55:45.346Z",2026-07-07 07:55:45.346,"2026-07-07 07:55","up",41.205,135.1870122
118.049,2786.59,2459.79,4228.64,3736.78,11.461,"2026-07-07T10:55:45.346Z",2026-07-07 07:55:45.346,"2026-07-07 07:55","up",40.951,134.35367884
118.304,2787.31,2460.01,4228.7,3737.52,11.462,"2026-07-07T10:55:45.346Z",2026-07-07 07:55:45.346,"2026-07-07 07:55","up",40.696,133.51706464
118.558,2787.87,2459.02,4230.03,3738.39,11.405,"2026-07-07T10:55:45.346Z",2026-07-07 07:55:45.346,"2026-07-07 07:55","up",40.442,132.68373128
118.812,2786.91,2457.13,4231.93,3738.09,11.325,"2026-07-07T10:55:45.346Z",2026-07-07 07:55:45.346,"2026-07-07 07:55","up",40.188,131.85039792
119.066,2785.86,2455.81,4232.02,3736.07,11.264,"2026-07-07T10:55:45.346Z",2026-07-07 07:55:45.346,"2026-07-07 07:55","up",39.934,131.01706456
119.32,2786,2455.68,4231.07,3734.39,11.237,"2026-07-07T10:55:45.346Z",2026-07-07 07:55:45.346,"2026-07-07 07:55","up",39.68,130.1837312
119.575,2786.06,2455.57,4231.26,3734.54,11.231,"2026-07-07T10:55:45.346Z",2026-07-07 07:55:45.346,"2026-07-07 07:55","up",39.425,129.347117
119.829,2784.5,2454.37,4231.78,3735.03,11.238,"2026-07-07T10:55:45.346Z",2026-07-07 07:55:45.346,"2026-07-07 07:55","up",39.171,128.51378364
120.083,2783.14,2453.32,4230.65,3734.35,11.249,"2026-07-07T10:55:45.346Z",2026-07-07 07:55:45.346,"2026-07-07 07:55","up",38.917,127.68045028
120.337,2783.58,2454.02,4229.47,3733.93,11.274,"2026-07-07T10:55:45.346Z",2026-07-07 07:55:45.346,"2026-07-07 07:55","up",38.663,126.84711692
120.591,2783.91,2454.69,4230.94,3735.49,11.293,"2026-07-07T10:55:45.346Z",2026-07-07 07:55:45.346,"2026-07-07 07:55","up",38.409,126.01378356
120.846,2782.9,2453.72,4233.26,3737.39,11.287,"2026-07-07T10:55:45.346Z",2026-07-07 07:55:45.346,"2026-07-07 07:55","up",38.154,125.17716936
121.1,2781.66,2452.38,4233.44,3737.56,11.279,"2026-07-07T10:55:45.346Z",2026-07-07 07:55:45.346,"2026-07-07 07:55","up",37.9,124.343836
121.354,2781.13,2451.8,4232.62,3736.99,11.279,"2026-07-07T10:55:45.346Z",2026-07-07 07:55:45.346,"2026-07-07 07:55","up",37.646,123.51050264
121.608,2780.45,2451.34,4232.37,3736.83,11.285,"2026-07-07T10:55:45.346Z",2026-07-07 07:55:45.346,"2026-07-07 07:55","up",37.392,122.67716928
121.862,2780.01,2450.9,4231.95,3736.72,11.289,"2026-07-07T10:55:45.346Z",2026-07-07 07:55:45.346,"2026-07-07 07:55","up",37.138,121.84383592
122.117,2780.79,2451.63,4231.63,3736.86,11.3,"2026-07-07T10:55:45.346Z",2026-07-07 07:55:45.346,"2026-07-07 07:55","up",36.883,121.00722172
122.371,2781.43,2452.41,4233.1,3738.24,11.309,"2026-07-07T10:55:45.346Z",2026-07-07 07:55:45.346,"2026-07-07 07:55","up",36.629,120.17388836
122.625,2780.7,2451.81,4235.17,3739.92,11.307,"2026-07-07T10:55:45.346Z",2026-07-07 07:55:45.346,"2026-07-07 07:55","up",36.375,119.340555
122.879,2780.06,2451.14,4235.34,3740.29,11.308,"2026-07-07T10:55:45.346Z",2026-07-07 07:55:45.346,"2026-07-07 07:55","up",36.121,118.50722164
123.133,2781.01,2452,4234.92,3740.38,11.319,"2026-07-07T10:55:45.346Z",2026-07-07 07:55:45.346,"2026-07-07 07:55","up",35.867,117.67388828
123.388,2782.02,2453.06,4236.5,3741.94,11.329,"2026-07-07T10:55:45.346Z",2026-07-07 07:55:45.346,"2026-07-07 07:55","up",35.612,116.83727408
123.642,2781.67,2452.97,4238.8,3743.96,11.336,"2026-07-07T10:55:45.346Z",2026-07-07 07:55:45.346,"2026-07-07 07:55","up",35.358,116.00394072
123.896,2781.23,2452.87,4239.58,3744.72,11.347,"2026-07-07T10:55:45.346Z",2026-07-07 07:55:45.346,"2026-07-07 07:55","up",35.104,115.17060736
124.15,2781.62,2453.23,4239.81,3745.1,11.352,"2026-07-07T10:55:45.346Z",2026-07-07 07:55:45.346,"2026-07-07 07:55","up",34.85,114.337274
124.404,2781.05,2452.74,4240.9,3746.19,11.355,"2026-07-07T10:55:45.346Z",2026-07-07 07:55:45.346,"2026-07-07 07:55","up",34.596,113.50394064
124.659,2779.52,2451.35,4241.17,3746.62,11.358,"2026-07-07T10:55:45.346Z",2026-07-07 07:55:45.346,"2026-07-07 07:55","up",34.341,112.66732644
124.913,2779.67,2451.15,4239.82,3745.88,11.357,"2026-07-07T10:55:45.346Z",2026-07-07 07:55:45.346,"2026-07-07 07:55","up",34.087,111.83399308
125.167,2780.91,2452.33,4239.61,3745.96,11.366,"2026-07-07T10:55:45.346Z",2026-07-07 07:55:45.346,"2026-07-07 07:55","up",33.833,111.00065972
125.421,2780.39,2452.21,4241.48,3747.62,11.378,"2026-07-07T10:55:45.346Z",2026-07-07 07:55:45.346,"2026-07-07 07:55","up",33.579,110.16732636
125.675,2778.62,2450.69,4242.21,3748.37,11.381,"2026-07-07T10:55:45.346Z",2026-07-07 07:55:45.346,"2026-07-07 07:55","up",33.325,109.333993
125.93,2778.35,2450.07,4240.94,3747.64,11.377,"2026-07-07T10:55:45.346Z",2026-07-07 07:55:45.346,"2026-07-07 07:55","up",33.07,108.4973788
126.184,2778.87,2450.48,4240.87,3747.92,11.383,"2026-07-07T10:55:45.346Z",2026-07-07 07:55:45.346,"2026-07-07 07:55","up",32.816,107.66404544
126.438,2778.15,2450.09,4242.45,3749.26,11.39,"2026-07-07T10:55:45.346Z",2026-07-07 07:55:45.346,"2026-07-07 07:55","up",32.562,106.83071208
126.692,2777.06,2448.98,4242.88,3749.52,11.383,"2026-07-07T10:55:45.346Z",2026-07-07 07:55:45.346,"2026-07-07 07:55","up",32.308,105.99737872
126.946,2777.23,2449.1,4242.06,3749,11.386,"2026-07-07T10:55:45.346Z",2026-07-07 07:55:45.346,"2026-07-07 07:55","up",32.054,105.16404536
127.201,2777.5,2449.69,4242.41,3749.57,11.404,"2026-07-07T10:55:45.346Z",2026-07-07 07:55:45.346,"2026-07-07 07:55","up",31.799,104.32743116
127.455,2776.42,2449.07,4243.79,3750.76,11.415,"2026-07-07T10:55:45.346Z",2026-07-07 07:55:45.346,"2026-07-07 07:55","up",31.545,103.4940978
127.709,2775.34,2447.92,4244.05,3750.93,11.406,"2026-07-07T10:55:45.346Z",2026-07-07 07:55:45.346,"2026-07-07 07:55","up",31.291,102.66076444
127.963,2775.95,2447.98,4243.66,3750.66,11.392,"2026-07-07T10:55:45.346Z",2026-07-07 07:55:45.346,"2026-07-07 07:55","up",31.037,101.82743108
128.217,2776.58,2448.51,4244.7,3751.48,11.389,"2026-07-07T10:55:45.346Z",2026-07-07 07:55:45.346,"2026-07-07 07:55","up",30.783,100.99409772
128.472,2775.68,2447.83,4246.14,3752.57,11.389,"2026-07-07T10:55:45.346Z",2026-07-07 07:55:45.346,"2026-07-07 07:55","up",30.528,100.15748352
128.726,2775.12,2447.16,4245.67,3752.31,11.386,"2026-07-07T10:55:45.346Z",2026-07-07 07:55:45.346,"2026-07-07 07:55","up",30.274,99.32415016
128.98,2775.71,2447.45,4244.73,3751.69,11.383,"2026-07-07T10:55:45.346Z",2026-07-07 07:55:45.346,"2026-07-07 07:55","up",30.02,98.4908168
129.234,2775.53,2447.5,4245.63,3752.4,11.388,"2026-07-07T10:55:45.346Z",2026-07-07 07:55:45.346,"2026-07-07 07:55","up",29.766,97.65748344
129.488,2774.32,2446.77,4246.85,3753.46,11.399,"2026-07-07T10:55:45.346Z",2026-07-07 07:55:45.346,"2026-07-07 07:55","up",29.512,96.82415008
129.743,2774.07,2446.23,4246.72,3753.39,11.389,"2026-07-07T10:55:45.346Z",2026-07-07 07:55:45.346,"2026-07-07 07:55","up",29.257,95.98753588
129.997,2774.9,2446.51,4246.77,3753.4,11.373,"2026-07-07T10:55:45.346Z",2026-07-07 07:55:45.346,"2026-07-07 07:55","up",29.003,95.15420252
130.251,2775.19,2447.32,4248.28,3754.89,11.395,"2026-07-07T10:55:45.346Z",2026-07-07 07:55:45.346,"2026-07-07 07:55","up",28.749,94.32086916
130.505,2775.09,2447.9,4250.11,3757.14,11.432,"2026-07-07T10:55:45.346Z",2026-07-07 07:55:45.346,"2026-07-07 07:55","up",28.495,93.4875358
130.759,2775.04,2448.19,4251.43,3759.15,11.463,"2026-07-07T10:55:45.346Z",2026-07-07 07:55:45.346,"2026-07-07 07:55","up",28.241,92.65420244
131.014,2774.24,2447.91,4252.66,3760.68,11.487,"2026-07-07T10:55:45.346Z",2026-07-07 07:55:45.346,"2026-07-07 07:55","up",27.986,91.81758824
131.268,2772.4,2446.44,4253.01,3761.2,11.497,"2026-07-07T10:55:45.346Z",2026-07-07 07:55:45.346,"2026-07-07 07:55","up",27.732,90.98425488
131.522,2771.7,2445.5,4251.89,3760.73,11.498,"2026-07-07T10:55:45.346Z",2026-07-07 07:55:45.346,"2026-07-07 07:55","up",27.478,90.15092152
131.776,2773.08,2446.45,4251.55,3761.04,11.502,"2026-07-07T10:55:45.346Z",2026-07-07 07:55:45.346,"2026-07-07 07:55","up",27.224,89.31758816
132.03,2774.01,2447.23,4253.83,3763.2,11.504,"2026-07-07T10:55:45.346Z",2026-07-07 07:55:45.346,"2026-07-07 07:55","up",26.97,88.4842548
132.285,2772.85,2446.41,4256.39,3765.24,11.506,"2026-07-07T10:55:45.346Z",2026-07-07 07:55:45.346,"2026-07-07 07:55","up",26.715,87.6476406
132.539,2771.54,2445.27,4256.38,3765.16,11.505,"2026-07-07T10:55:45.346Z",2026-07-07 07:55:45.346,"2026-07-07 07:55","up",26.461,86.81430724
132.793,2771.75,2445.29,4255.1,3764.28,11.505,"2026-07-07T10:55:45.346Z",2026-07-07 07:55:45.346,"2026-07-07 07:55","up",26.207,85.98097388
133.047,2771.97,2445.7,4255.22,3764.53,11.515,"2026-07-07T10:55:45.346Z",2026-07-07 07:55:45.346,"2026-07-07 07:55","up",25.953,85.14764052
133.301,2771.23,2445.33,4256.3,3765.36,11.522,"2026-07-07T10:55:45.346Z",2026-07-07 07:55:45.346,"2026-07-07 07:55","up",25.699,84.31430716
133.556,2770.79,2444.77,4256.63,3765.56,11.514,"2026-07-07T10:55:45.346Z",2026-07-07 07:55:45.346,"2026-07-07 07:55","up",25.444,83.47769296
133.81,2770.78,2444.54,4256.59,3765.76,11.512,"2026-07-07T10:55:45.346Z",2026-07-07 07:55:45.346,"2026-07-07 07:55","up",25.19,82.6443596
134.064,2770.33,2444.08,4256.99,3766.56,11.52,"2026-07-07T10:55:45.346Z",2026-07-07 07:55:45.346,"2026-07-07 07:55","up",24.936,81.81102624
134.318,2770.16,2443.77,4257.51,3767.26,11.52,"2026-07-07T10:55:45.346Z",2026-07-07 07:55:45.346,"2026-07-07 07:55","up",24.682,80.97769288
134.572,2771.2,2444.53,4258.38,3767.98,11.513,"2026-07-07T10:55:45.346Z",2026-07-07 07:55:45.346,"2026-07-07 07:55","up",24.428,80.14435952
134.827,2771.86,2445.23,4260.25,3769.48,11.514,"2026-07-07T10:55:45.346Z",2026-07-07 07:55:45.346,"2026-07-07 07:55","up",24.173,79.30774532
135.081,2770.95,2444.52,4262.25,3771.17,11.515,"2026-07-07T10:55:45.346Z",2026-07-07 07:55:45.346,"2026-07-07 07:55","up",23.919,78.47441196
135.335,2770.07,2443.64,4262.85,3771.66,11.511,"2026-07-07T10:55:45.346Z",2026-07-07 07:55:45.346,"2026-07-07 07:55","up",23.665,77.6410786
135.589,2770.51,2443.79,4262.74,3771.58,11.503,"2026-07-07T10:55:45.346Z",2026-07-07 07:55:45.346,"2026-07-07 07:55","up",23.411,76.80774524
135.843,2770.85,2443.75,4263.85,3772.49,11.49,"2026-07-07T10:55:45.346Z",2026-07-07 07:55:45.346,"2026-07-07 07:55","up",23.157,75.97441188
136.098,2770,2442.87,4265.48,3773.74,11.481,"2026-07-07T10:55:45.346Z",2026-07-07 07:55:45.346,"2026-07-07 07:55","up",22.902,75.13779768
136.352,2769.61,2442.43,4265.88,3774.02,11.476,"2026-07-07T10:55:45.346Z",2026-07-07 07:55:45.346,"2026-07-07 07:55","up",22.648,74.30446432
136.606,2770.35,2442.95,4266.21,3774.25,11.47,"2026-07-07T10:55:45.346Z",2026-07-07 07:55:45.346,"2026-07-07 07:55","up",22.394,73.47113096
136.86,2770.37,2442.93,4267.86,3775.5,11.464,"2026-07-07T10:55:45.346Z",2026-07-07 07:55:45.346,"2026-07-07 07:55","up",22.14,72.6377976
137.114,2769.18,2442.11,4268.85,3776.28,11.47,"2026-07-07T10:55:45.346Z",2026-07-07 07:55:45.346,"2026-07-07 07:55","up",21.886,71.80446424
137.369,2768.83,2441.87,4267.9,3775.83,11.481,"2026-07-07T10:55:45.346Z",2026-07-07 07:55:45.346,"2026-07-07 07:55","up",21.631,70.96785004
137.623,2769.48,2442.4,4267.67,3775.97,11.487,"2026-07-07T10:55:45.346Z",2026-07-07 07:55:45.346,"2026-07-07 07:55","up",21.377,70.13451668
137.877,2769.08,2442.12,4269.44,3777.26,11.483,"2026-07-07T10:55:45.346Z",2026-07-07 07:55:45.346,"2026-07-07 07:55","up",21.123,69.30118332
138.131,2767.3,2440.86,4270.2,3777.73,11.489,"2026-07-07T10:55:45.346Z",2026-07-07 07:55:45.346,"2026-07-07 07:55","up",20.869,68.46784996
138.385,2766.53,2440.14,4268.45,3776.58,11.497,"2026-07-07T10:55:45.346Z",2026-07-07 07:55:45.346,"2026-07-07 07:55","up",20.615,67.6345166
138.64,2766.8,2440.11,4267.07,3775.99,11.502,"2026-07-07T10:55:45.346Z",2026-07-07 07:55:45.346,"2026-07-07 07:55","up",20.36,66.7979024
138.894,2766.41,2439.72,4267.89,3776.87,11.504,"2026-07-07T10:55:45.346Z",2026-07-07 07:55:45.346,"2026-07-07 07:55","up",20.106,65.96456904
139.148,2765.25,2438.75,4268.77,3777.47,11.501,"2026-07-07T10:55:45.346Z",2026-07-07 07:55:45.346,"2026-07-07 07:55","up",19.852,65.13123568
139.402,2765.02,2438.31,4268.81,3777.35,11.49,"2026-07-07T10:55:45.346Z",2026-07-07 07:55:45.346,"2026-07-07 07:55","up",19.598,64.29790232
139.656,2765.3,2438.22,4269.39,3777.68,11.474,"2026-07-07T10:55:45.346Z",2026-07-07 07:55:45.346,"2026-07-07 07:55","up",19.344,63.46456896
139.911,2764.65,2437.69,4270.05,3778.25,11.475,"2026-07-07T10:55:45.346Z",2026-07-07 07:55:45.346,"2026-07-07 07:55","up",19.089,62.62795476
140.165,2763.93,2437.05,4269.58,3778.03,11.48,"2026-07-07T10:55:45.346Z",2026-07-07 07:55:45.346,"2026-07-07 07:55","up",18.835,61.7946214
140.419,2764.32,2437.28,4269.04,3777.8,11.481,"2026-07-07T10:55:45.346Z",2026-07-07 07:55:45.346,"2026-07-07 07:55","up",18.581,60.96128804
140.673,2764.77,2437.62,4269.83,3778.64,11.482,"2026-07-07T10:55:45.346Z",2026-07-07 07:55:45.346,"2026-07-07 07:55","up",18.327,60.12795468
140.927,2764.16,2437.07,4271,3779.71,11.483,"2026-07-07T10:55:45.346Z",2026-07-07 07:55:45.346,"2026-07-07 07:55","up",18.073,59.29462132
141.182,2763.6,2436.61,4271.31,3779.86,11.481,"2026-07-07T10:55:45.346Z",2026-07-07 07:55:45.346,"2026-07-07 07:55","up",17.818,58.45800712
141.436,2763.47,2436.25,4271.59,3779.75,11.465,"2026-07-07T10:55:45.346Z",2026-07-07 07:55:45.346,"2026-07-07 07:55","up",17.564,57.62467376
141.69,2763.08,2435.5,4272.49,3780.09,11.441,"2026-07-07T10:55:45.346Z",2026-07-07 07:55:45.346,"2026-07-07 07:55","up",17.31,56.7913404
141.944,2762.49,2434.91,4272.71,3779.98,11.432,"2026-07-07T10:55:45.346Z",2026-07-07 07:55:45.346,"2026-07-07 07:55","up",17.056,55.95800704
142.198,2762.79,2434.96,4272.06,3779.53,11.427,"2026-07-07T10:55:45.346Z",2026-07-07 07:55:45.346,"2026-07-07 07:55","up",16.802,55.12467368
142.453,2763.61,2435.56,4272.45,3779.91,11.423,"2026-07-07T10:55:45.346Z",2026-07-07 07:55:45.346,"2026-07-07 07:55","up",16.547,54.28805948
142.707,2763.16,2435.41,4273.94,3780.91,11.425,"2026-07-07T10:55:45.346Z",2026-07-07 07:55:45.346,"2026-07-07 07:55","up",16.293,53.45472612
142.961,2761.94,2434.36,4274.46,3781.05,11.419,"2026-07-07T10:55:45.346Z",2026-07-07 07:55:45.346,"2026-07-07 07:55","up",16.039,52.62139276
143.215,2761.99,2433.41,4273.85,3780.34,11.38,"2026-07-07T10:55:45.346Z",2026-07-07 07:55:45.346,"2026-07-07 07:55","up",15.785,51.7880594
143.469,2762.17,2432.29,4274.17,3780.08,11.325,"2026-07-07T10:55:45.346Z",2026-07-07 07:55:45.346,"2026-07-07 07:55","up",15.531,50.95472604
143.724,2760.66,2430.11,4275.17,3779.55,11.263,"2026-07-07T10:55:45.346Z",2026-07-07 07:55:45.346,"2026-07-07 07:55","up",15.276,50.11811184
143.978,2758.97,2427.71,4274.74,3777.42,11.193,"2026-07-07T10:55:45.346Z",2026-07-07 07:55:45.346,"2026-07-07 07:55","up",15.022,49.28477848
144.232,2758.73,2426.67,4273.5,3774.97,11.135,"2026-07-07T10:55:45.346Z",2026-07-07 07:55:45.346,"2026-07-07 07:55","up",14.768,48.45144512
144.486,2758.58,2426.03,4273.74,3774.2,11.095,"2026-07-07T10:55:45.346Z",2026-07-07 07:55:45.346,"2026-07-07 07:55","up",14.514,47.61811176
144.74,2757.2,2424.27,4274.52,3773.93,11.055,"2026-07-07T10:55:45.346Z",2026-07-07 07:55:45.346,"2026-07-07 07:55","up",14.26,46.7847784
144.995,2755.91,2422.4,4273.54,3771.9,11.004,"2026-07-07T10:55:45.346Z",2026-07-07 07:55:45.346,"2026-07-07 07:55","up",14.005,45.9481642
145.249,2755.8,2421.8,4271.91,3769.49,10.965,"2026-07-07T10:55:45.346Z",2026-07-07 07:55:45.346,"2026-07-07 07:55","up",13.751,45.11483084
145.503,2755.54,2421.31,4272.13,3769.19,10.945,"2026-07-07T10:55:45.346Z",2026-07-07 07:55:45.346,"2026-07-07 07:55","up",13.497,44.28149748
145.757,2754.46,2419.92,4273.38,3769.92,10.922,"2026-07-07T10:55:45.346Z",2026-07-07 07:55:45.346,"2026-07-07 07:55","up",13.243,43.44816412
146.011,2753.93,2418.87,4273.23,3769.27,10.89,"2026-07-07T10:55:45.346Z",2026-07-07 07:55:45.346,"2026-07-07 07:55","up",12.989,42.61483076
146.266,2754.28,2418.71,4272.34,3768.09,10.865,"2026-07-07T10:55:45.346Z",2026-07-07 07:55:45.346,"2026-07-07 07:55","up",12.734,41.77821656
146.52,2753.83,2418.14,4272.67,3767.89,10.848,"2026-07-07T10:55:45.346Z",2026-07-07 07:55:45.346,"2026-07-07 07:55","up",12.48,40.9448832
146.774,2752.44,2416.81,4273.04,3767.7,10.833,"2026-07-07T10:55:45.346Z",2026-07-07 07:55:45.346,"2026-07-07 07:55","up",12.226,40.11154984
147.028,2752.19,2416.43,4272.48,3767.04,10.824,"2026-07-07T10:55:45.346Z",2026-07-07 07:55:45.346,"2026-07-07 07:55","up",11.972,39.27821648
147.282,2753.04,2417.15,4272.88,3767.48,10.824,"2026-07-07T10:55:45.346Z",2026-07-07 07:55:45.346,"2026-07-07 07:55","up",11.718,38.44488312
147.537,2752.99,2417.23,4274.74,3769.09,10.828,"2026-07-07T10:55:45.346Z",2026-07-07 07:55:45.346,"2026-07-07 07:55","up",11.463,37.60826892
147.791,2751.82,2416.16,4275.5,3769.56,10.823,"2026-07-07T10:55:45.346Z",2026-07-07 07:55:45.346,"2026-07-07 07:55","up",11.209,36.77493556
148.045,2751.51,2415.69,4274.44,3768.78,10.819,"2026-07-07T10:55:45.346Z",2026-07-07 07:55:45.346,"2026-07-07 07:55","up",10.955,35.9416022
148.299,2752.13,2416.27,4274.39,3769.2,10.83,"2026-07-07T10:55:45.346Z",2026-07-07 07:55:45.346,"2026-07-07 07:55","up",10.701,35.10826884
148.553,2752.01,2416.22,4276.31,3770.93,10.833,"2026-07-07T10:55:45.346Z",2026-07-07 07:55:45.346,"2026-07-07 07:55","up",10.447,34.27493548
148.808,2751.23,2415.38,4277.46,3771.82,10.825,"2026-07-07T10:55:45.346Z",2026-07-07 07:55:45.346,"2026-07-07 07:55","up",10.192,33.43832128
149.062,2751.33,2415.39,4277.32,3771.65,10.821,"2026-07-07T10:55:45.346Z",2026-07-07 07:55:45.346,"2026-07-07 07:55","up",9.93799999999999,32.60498792
149.316,2751.82,2415.77,4278.19,3772.31,10.817,"2026-07-07T10:55:45.346Z",2026-07-07 07:55:45.346,"2026-07-07 07:55","up",9.684,31.77165456
149.57,2752.06,2415.25,4279.84,3773.56,10.788,"2026-07-07T10:55:45.346Z",2026-07-07 07:55:45.346,"2026-07-07 07:55","up",9.43000000000001,30.9383212
149.824,2752.24,2414.19,4280.52,3773.48,10.73,"2026-07-07T10:55:45.346Z",2026-07-07 07:55:45.346,"2026-07-07 07:55","up",9.17599999999999,30.10498784
150.079,2752.18,2412.72,4281.09,3772.24,10.643,"2026-07-07T10:55:45.346Z",2026-07-07 07:55:45.346,"2026-07-07 07:55","up",8.92099999999999,29.26837364
150.333,2750.88,2410.02,4282.42,3770.84,10.532,"2026-07-07T10:55:45.346Z",2026-07-07 07:55:45.346,"2026-07-07 07:55","up",8.667,28.43504028
150.587,2748.46,2406.39,4282.78,3768.56,10.422,"2026-07-07T10:55:45.346Z",2026-07-07 07:55:45.346,"2026-07-07 07:55","up",8.41300000000001,27.60170692
150.841,2747.18,2403.92,4281.14,3765,10.329,"2026-07-07T10:55:45.346Z",2026-07-07 07:55:45.346,"2026-07-07 07:55","up",8.15899999999999,26.76837356
151.095,2747.2,2403.08,4279.74,3761.94,10.259,"2026-07-07T10:55:45.346Z",2026-07-07 07:55:45.346,"2026-07-07 07:55","up",7.905,25.9350402
151.35,2746.88,2402.16,4280.39,3760.73,10.197,"2026-07-07T10:55:45.346Z",2026-07-07 07:55:45.346,"2026-07-07 07:55","up",7.65000000000001,25.098426
151.604,2745.81,2400.71,4281.24,3760.26,10.152,"2026-07-07T10:55:45.346Z",2026-07-07 07:55:45.346,"2026-07-07 07:55","up",7.39599999999999,24.26509264
151.858,2745.25,2400.16,4280.89,3759.8,10.147,"2026-07-07T10:55:45.346Z",2026-07-07 07:55:45.346,"2026-07-07 07:55","up",7.142,23.43175928
152.112,2745.24,2400.75,4280.85,3760.35,10.18,"2026-07-07T10:55:45.346Z",2026-07-07 07:55:45.346,"2026-07-07 07:55","up",6.888,22.59842592
152.366,2744.66,2401.06,4281.58,3761.95,10.23,"2026-07-07T10:55:45.346Z",2026-07-07 07:55:45.346,"2026-07-07 07:55","up",6.63399999999999,21.76509256
152.621,2744.05,2402.05,4281.6,3763.55,10.318,"2026-07-07T10:55:45.346Z",2026-07-07 07:55:45.346,"2026-07-07 07:55","up",6.37899999999999,20.92847836
152.875,2744.8,2405.01,4281.25,3765.87,10.455,"2026-07-07T10:55:45.346Z",2026-07-07 07:55:45.346,"2026-07-07 07:55","up",6.125,20.095145
153.129,2745.96,2409,4282.5,3770.59,10.639,"2026-07-07T10:55:45.346Z",2026-07-07 07:55:45.346,"2026-07-07 07:55","up",5.87100000000001,19.26181164
153.383,2745.93,2412.5,4285,3777.29,10.86,"2026-07-07T10:55:45.346Z",2026-07-07 07:55:45.346,"2026-07-07 07:55","up",5.61699999999999,18.42847828
153.637,2746.04,2416.6,4286.57,3784.22,11.122,"2026-07-07T10:55:45.346Z",2026-07-07 07:55:45.346,"2026-07-07 07:55","up",5.363,17.59514492
153.892,2747.89,2422.71,4287.65,3791.68,11.421,"2026-07-07T10:55:45.346Z",2026-07-07 07:55:45.346,"2026-07-07 07:55","up",5.108,16.75853072
154.146,2750.33,2430.05,4290.44,3801.43,11.762,"2026-07-07T10:55:45.346Z",2026-07-07 07:55:45.346,"2026-07-07 07:55","up",4.85400000000001,15.92519736
154.4,2751.89,2437.59,4294.58,3813.41,12.159,"2026-07-07T10:55:45.346Z",2026-07-07 07:55:45.346,"2026-07-07 07:55","up",4.59999999999999,15.091864
154.654,2753.59,2446.07,4298.17,3826.27,12.614,"2026-07-07T10:55:45.346Z",2026-07-07 07:55:45.346,"2026-07-07 07:55","up",4.346,14.25853064
154.908,2755.97,2456.13,4301.68,3840.37,13.131,"2026-07-07T10:55:45.346Z",2026-07-07 07:55:45.346,"2026-07-07 07:55","up",4.09200000000001,13.42519728
155.163,2758.02,2467.31,4306.07,3856.82,13.732,"2026-07-07T10:55:45.346Z",2026-07-07 07:55:45.346,"2026-07-07 07:55","up",3.83699999999999,12.58858308
155.417,2760.18,2479.81,4310.15,3875.27,14.423,"2026-07-07T10:55:45.346Z",2026-07-07 07:55:45.346,"2026-07-07 07:55","up",3.583,11.75524972
155.671,2764.23,2494.73,4313.99,3895.56,15.185,"2026-07-07T10:55:45.346Z",2026-07-07 07:55:45.346,"2026-07-07 07:55","up",3.32900000000001,10.92191636
155.925,2769.18,2511.87,4320.01,3919.2,16.024,"2026-07-07T10:55:45.346Z",2026-07-07 07:55:45.346,"2026-07-07 07:55","up",3.07499999999999,10.088583
156.179,2772.92,2530.15,4327.99,3946.2,16.974,"2026-07-07T10:55:45.346Z",2026-07-07 07:55:45.346,"2026-07-07 07:55","up",2.821,9.25524963999999
156.434,2776.66,2550.85,4334.85,3975.37,18.076,"2026-07-07T10:55:45.346Z",2026-07-07 07:55:45.346,"2026-07-07 07:55","up",2.566,8.41863544000001
156.688,2782.75,2576.19,4340.95,4008.37,19.361,"2026-07-07T10:55:45.346Z",2026-07-07 07:55:45.346,"2026-07-07 07:55","up",2.31200000000001,7.58530208000004
156.942,2790.37,2605.25,4349.63,4047.96,20.814,"2026-07-07T10:55:45.346Z",2026-07-07 07:55:45.346,"2026-07-07 07:55","up",2.05799999999999,6.75196871999998
157.196,2796.57,2632.99,4361.1,4092.88,22.324,"2026-07-07T10:55:45.346Z",2026-07-07 07:55:45.346,"2026-07-07 07:55","up",1.804,5.91863536000001
157.45,2800,2651.94,4372.06,4136.21,23.593,"2026-07-07T10:55:45.346Z",2026-07-07 07:55:45.346,"2026-07-07 07:55","up",1.55000000000001,5.08530200000004
157.705,2800.67,2657.21,4379.95,4167.58,24.279,"2026-07-07T10:55:45.346Z",2026-07-07 07:55:45.346,"2026-07-07 07:55","up",1.29499999999999,4.24868779999996
157.959,2798.55,2650.86,4383.92,4179.33,24.304,"2026-07-07T10:55:45.346Z",2026-07-07 07:55:45.346,"2026-07-07 07:55","up",1.041,3.41535443999999
158.213,2795.2,2641.41,4384.58,4174.95,23.977,"2026-07-07T10:55:45.346Z",2026-07-07 07:55:45.346,"2026-07-07 07:55","up",0.787000000000006,2.58202108000002
158.467,2794.79,2641.86,4385.67,4169.22,23.857,"2026-07-07T10:55:45.346Z",2026-07-07 07:55:45.346,"2026-07-07 07:55","up",0.532999999999987,1.74868771999996
158.721,2800.51,2662.99,4390.87,4178.67,24.498,"2026-07-07T10:55:45.346Z",2026-07-07 07:55:45.346,"2026-07-07 07:55","up",0.278999999999996,0.915354359999988
158.976,2813.53,2700.7,4399.1,4213.42,25.959,"2026-07-07T10:55:45.346Z",2026-07-07 07:55:45.346,"2026-07-07 07:55","up",0.0240000000000009,0.078740160000003
8.235,3641.07,3635.63,4006.2,3975.07,35.689,"2026-07-07T16:57:19.326Z",2026-07-07 13:57:19.326,"2026-07-07 13:57","down",0.234999999999999,0.770997399999998
8.49,3627.16,3602.43,4004.31,3970.91,35.105,"2026-07-07T16:57:19.326Z",2026-07-07 13:57:19.326,"2026-07-07 13:57","down",0.49,1.6076116
8.744,3604.64,3529.92,3998.9,3938.56,33.057,"2026-07-07T16:57:19.326Z",2026-07-07 13:57:19.326,"2026-07-07 13:57","down",0.744,2.44094496
8.998,3581.96,3445.79,3984.26,3866.43,29.919,"2026-07-07T16:57:19.326Z",2026-07-07 13:57:19.326,"2026-07-07 13:57","down",0.997999999999999,3.27427832
9.252,3565.94,3379.26,3963.92,3779.66,26.849,"2026-07-07T16:57:19.326Z",2026-07-07 13:57:19.326,"2026-07-07 13:57","down",1.252,4.10761168
9.506,3556.77,3334.43,3946.16,3708.14,24.499,"2026-07-07T16:57:19.326Z",2026-07-07 13:57:19.326,"2026-07-07 13:57","down",1.506,4.94094504
9.761,3548.4,3296.96,3934.46,3658.06,22.713,"2026-07-07T16:57:19.326Z",2026-07-07 13:57:19.326,"2026-07-07 13:57","down",1.761,5.77755924
10.015,3538.93,3260.04,3925.23,3617.45,21.142,"2026-07-07T16:57:19.326Z",2026-07-07 13:57:19.326,"2026-07-07 13:57","down",2.015,6.6108926
10.269,3531.85,3227.39,3916.01,3578.97,19.678,"2026-07-07T16:57:19.326Z",2026-07-07 13:57:19.326,"2026-07-07 13:57","down",2.269,7.44422596
10.523,3527.23,3200.61,3908.59,3544.74,18.374,"2026-07-07T16:57:19.326Z",2026-07-07 13:57:19.326,"2026-07-07 13:57","down",2.523,8.27755932
10.777,3521.29,3176.59,3903.28,3515.98,17.265,"2026-07-07T16:57:19.326Z",2026-07-07 13:57:19.326,"2026-07-07 13:57","down",2.777,9.11089268
11.032,3514.2,3154.04,3897.64,3490.29,16.308,"2026-07-07T16:57:19.326Z",2026-07-07 13:57:19.326,"2026-07-07 13:57","down",3.032,9.94750688
11.286,3509.46,3134.46,3891.34,3466.61,15.436,"2026-07-07T16:57:19.326Z",2026-07-07 13:57:19.326,"2026-07-07 13:57","down",3.286,10.78084024
11.54,3506.16,3117.43,3886.36,3446.08,14.647,"2026-07-07T16:57:19.326Z",2026-07-07 13:57:19.326,"2026-07-07 13:57","down",3.54,11.6141736
11.794,3502.12,3101.94,3882.65,3428.39,13.961,"2026-07-07T16:57:19.326Z",2026-07-07 13:57:19.326,"2026-07-07 13:57","down",3.794,12.44750696
12.048,3498.98,3088.85,3878.87,3412.23,13.357,"2026-07-07T16:57:19.326Z",2026-07-07 13:57:19.326,"2026-07-07 13:57","down",4.048,13.28084032
12.303,3498.21,3078.94,3875.92,3398.36,12.821,"2026-07-07T16:57:19.326Z",2026-07-07 13:57:19.326,"2026-07-07 13:57","down",4.303,14.11745452
12.557,3496.95,3070.11,3874.78,3387.6,12.365,"2026-07-07T16:57:19.326Z",2026-07-07 13:57:19.326,"2026-07-07 13:57","down",4.557,14.95078788
12.811,3493.56,3060.68,3873.66,3378.26,11.979,"2026-07-07T16:57:19.326Z",2026-07-07 13:57:19.326,"2026-07-07 13:57","down",4.811,15.78412124
13.065,3491.28,3052.35,3871.24,3368.92,11.624,"2026-07-07T16:57:19.326Z",2026-07-07 13:57:19.326,"2026-07-07 13:57","down",5.065,16.6174546
13.319,3491.33,3046.56,3869.38,3360.91,11.304,"2026-07-07T16:57:19.326Z",2026-07-07 13:57:19.326,"2026-07-07 13:57","down",5.319,17.45078796
13.574,3490.1,3040.93,3869.17,3354.98,11.035,"2026-07-07T16:57:19.326Z",2026-07-07 13:57:19.326,"2026-07-07 13:57","down",5.574,18.28740216
13.828,3486.68,3034.64,3868.47,3349.32,10.818,"2026-07-07T16:57:19.326Z",2026-07-07 13:57:19.326,"2026-07-07 13:57","down",5.828,19.12073552
14.082,3484.95,3030.21,3866.41,3343.43,10.635,"2026-07-07T16:57:19.326Z",2026-07-07 13:57:19.326,"2026-07-07 13:57","down",6.082,19.95406888
14.336,3485.36,3028.12,3865.35,3339.49,10.492,"2026-07-07T16:57:19.326Z",2026-07-07 13:57:19.326,"2026-07-07 13:57","down",6.336,20.78740224
14.59,3484.37,3025.74,3866.03,3337.83,10.394,"2026-07-07T16:57:19.326Z",2026-07-07 13:57:19.326,"2026-07-07 13:57","down",6.59,21.6207356
14.845,3481.73,3022.85,3865.92,3336.26,10.341,"2026-07-07T16:57:19.326Z",2026-07-07 13:57:19.326,"2026-07-07 13:57","down",6.845,22.4573498
15.099,3480.73,3021.51,3864.32,3334.3,10.314,"2026-07-07T16:57:19.326Z",2026-07-07 13:57:19.326,"2026-07-07 13:57","down",7.099,23.29068316
15.353,3481.09,3021.67,3863.52,3333.47,10.306,"2026-07-07T16:57:19.326Z",2026-07-07 13:57:19.326,"2026-07-07 13:57","down",7.353,24.12401652
15.607,3480.37,3021.91,3863.88,3334.01,10.336,"2026-07-07T16:57:19.326Z",2026-07-07 13:57:19.326,"2026-07-07 13:57","down",7.607,24.95734988
15.861,3479.71,3022.78,3863.65,3334.81,10.4,"2026-07-07T16:57:19.326Z",2026-07-07 13:57:19.326,"2026-07-07 13:57","down",7.861,25.79068324
16.116,3481.46,3025.77,3863.3,3336.3,10.485,"2026-07-07T16:57:19.326Z",2026-07-07 13:57:19.326,"2026-07-07 13:57","down",8.116,26.62729744
16.37,3483.77,3029.71,3864.99,3340.02,10.595,"2026-07-07T16:57:19.326Z",2026-07-07 13:57:19.326,"2026-07-07 13:57","down",8.37,27.4606308
16.624,3484.37,3033.58,3868.05,3345.28,10.752,"2026-07-07T16:57:19.326Z",2026-07-07 13:57:19.326,"2026-07-07 13:57","down",8.624,28.29396416
16.878,3484.86,3038.04,3870.22,3350.62,10.95,"2026-07-07T16:57:19.326Z",2026-07-07 13:57:19.326,"2026-07-07 13:57","down",8.878,29.12729752
17.132,3485.94,3041.36,3871.75,3355.65,11.108,"2026-07-07T16:57:19.326Z",2026-07-07 13:57:19.326,"2026-07-07 13:57","down",9.132,29.96063088
17.387,3485.61,3041.59,3873.17,3359.09,11.177,"2026-07-07T16:57:19.326Z",2026-07-07 13:57:19.326,"2026-07-07 13:57","down",9.387,30.79724508
17.641,3483.5,3039.91,3873.39,3359.93,11.198,"2026-07-07T16:57:19.326Z",2026-07-07 13:57:19.326,"2026-07-07 13:57","down",9.641,31.63057844
17.895,3482.51,3039.01,3872.33,3359.22,11.202,"2026-07-07T16:57:19.326Z",2026-07-07 13:57:19.326,"2026-07-07 13:57","down",9.895,32.4639118
18.149,3482.95,3039.02,3871.95,3359.3,11.202,"2026-07-07T16:57:19.326Z",2026-07-07 13:57:19.326,"2026-07-07 13:57","down",10.149,33.29724516
18.403,3481.83,3037.92,3872.82,3360.66,11.214,"2026-07-07T16:57:19.326Z",2026-07-07 13:57:19.326,"2026-07-07 13:57","down",10.403,34.13057852
18.658,3479.37,3035.73,3873.05,3361.4,11.226,"2026-07-07T16:57:19.326Z",2026-07-07 13:57:19.326,"2026-07-07 13:57","down",10.658,34.96719272
18.912,3479.44,3035.34,3872.31,3361.2,11.225,"2026-07-07T16:57:19.326Z",2026-07-07 13:57:19.326,"2026-07-07 13:57","down",10.912,35.80052608
19.166,3481.25,3036.48,3873.05,3362.35,11.225,"2026-07-07T16:57:19.326Z",2026-07-07 13:57:19.326,"2026-07-07 13:57","down",11.166,36.63385944
19.42,3480.57,3036.12,3875.18,3364.94,11.25,"2026-07-07T16:57:19.326Z",2026-07-07 13:57:19.326,"2026-07-07 13:57","down",11.42,37.4671928
19.674,3478.63,3034.55,3875.59,3366.01,11.271,"2026-07-07T16:57:19.326Z",2026-07-07 13:57:19.326,"2026-07-07 13:57","down",11.674,38.30052616
19.929,3479.34,3034.34,3874.51,3365.23,11.252,"2026-07-07T16:57:19.326Z",2026-07-07 13:57:19.326,"2026-07-07 13:57","down",11.929,39.13714036
20.183,3480.93,3035.29,3875.07,3365.56,11.236,"2026-07-07T16:57:19.326Z",2026-07-07 13:57:19.326,"2026-07-07 13:57","down",12.183,39.97047372
20.437,3479.97,3035.26,3876.92,3367.26,11.261,"2026-07-07T16:57:19.326Z",2026-07-07 13:57:19.326,"2026-07-07 13:57","down",12.437,40.80380708
20.691,3478.47,3034.67,3877.62,3368.87,11.306,"2026-07-07T16:57:19.326Z",2026-07-07 13:57:19.326,"2026-07-07 13:57","down",12.691,41.63714044
20.945,3479.34,3035.44,3877.62,3370.23,11.34,"2026-07-07T16:57:19.326Z",2026-07-07 13:57:19.326,"2026-07-07 13:57","down",12.945,42.4704738
21.2,3479.8,3035.82,3878.74,3371.77,11.353,"2026-07-07T16:57:19.326Z",2026-07-07 13:57:19.326,"2026-07-07 13:57","down",13.2,43.307088
21.454,3477.33,3034.2,3879.78,3372.26,11.358,"2026-07-07T16:57:19.326Z",2026-07-07 13:57:19.326,"2026-07-07 13:57","down",13.454,44.14042136
21.708,3475.39,3032.98,3879.03,3370.9,11.353,"2026-07-07T16:57:19.326Z",2026-07-07 13:57:19.326,"2026-07-07 13:57","down",13.708,44.97375472
21.962,3476.59,3034.13,3878.28,3369.86,11.347,"2026-07-07T16:57:19.326Z",2026-07-07 13:57:19.326,"2026-07-07 13:57","down",13.962,45.80708808
22.216,3477.56,3035.54,3879.16,3370.59,11.361,"2026-07-07T16:57:19.326Z",2026-07-07 13:57:19.326,"2026-07-07 13:57","down",14.216,46.64042144
22.471,3476.14,3035.36,3880.04,3371.52,11.395,"2026-07-07T16:57:19.326Z",2026-07-07 13:57:19.326,"2026-07-07 13:57","down",14.471,47.47703564
22.725,3475.54,3035.56,3879.29,3370.85,11.414,"2026-07-07T16:57:19.326Z",2026-07-07 13:57:19.326,"2026-07-07 13:57","down",14.725,48.310369
22.979,3477.08,3037.17,3878.64,3370.19,11.419,"2026-07-07T16:57:19.326Z",2026-07-07 13:57:19.326,"2026-07-07 13:57","down",14.979,49.14370236
23.233,3477.74,3038.56,3879.59,3370.81,11.436,"2026-07-07T16:57:19.326Z",2026-07-07 13:57:19.326,"2026-07-07 13:57","down",15.233,49.97703572
23.487,3477,3039.07,3880.54,3371.21,11.458,"2026-07-07T16:57:19.326Z",2026-07-07 13:57:19.326,"2026-07-07 13:57","down",15.487,50.81036908
23.742,3477.02,3039.84,3880.56,3370.77,11.467,"2026-07-07T16:57:19.326Z",2026-07-07 13:57:19.326,"2026-07-07 13:57","down",15.742,51.64698328
23.996,3477.01,3040.19,3880.89,3370.59,11.466,"2026-07-07T16:57:19.326Z",2026-07-07 13:57:19.326,"2026-07-07 13:57","down",15.996,52.48031664
24.25,3475.61,3039.13,3881.46,3370.72,11.461,"2026-07-07T16:57:19.326Z",2026-07-07 13:57:19.326,"2026-07-07 13:57","down",16.25,53.31365
24.504,3474.5,3038.43,3881,3370.25,11.467,"2026-07-07T16:57:19.326Z",2026-07-07 13:57:19.326,"2026-07-07 13:57","down",16.504,54.14698336
24.758,3474.9,3039,3880.4,3369.79,11.474,"2026-07-07T16:57:19.326Z",2026-07-07 13:57:19.326,"2026-07-07 13:57","down",16.758,54.98031672
25.013,3474.77,3038.88,3881.22,3370.21,11.467,"2026-07-07T16:57:19.326Z",2026-07-07 13:57:19.326,"2026-07-07 13:57","down",17.013,55.81693092
25.267,3472.84,3037.29,3881.84,3370.33,11.459,"2026-07-07T16:57:19.326Z",2026-07-07 13:57:19.326,"2026-07-07 13:57","down",17.267,56.65026428
25.521,3472.08,3036.62,3880.98,3369.41,11.455,"2026-07-07T16:57:19.326Z",2026-07-07 13:57:19.326,"2026-07-07 13:57","down",17.521,57.48359764
25.775,3473.8,3037.88,3880.84,3369.29,11.448,"2026-07-07T16:57:19.326Z",2026-07-07 13:57:19.326,"2026-07-07 13:57","down",17.775,58.316931
26.029,3474.17,3038.42,3882.7,3370.88,11.453,"2026-07-07T16:57:19.326Z",2026-07-07 13:57:19.326,"2026-07-07 13:57","down",18.029,59.15026436
26.284,3472.17,3037.13,3883.91,3371.9,11.466,"2026-07-07T16:57:19.326Z",2026-07-07 13:57:19.326,"2026-07-07 13:57","down",18.284,59.98687856
26.538,3471.48,3036.42,3883.05,3371.32,11.467,"2026-07-07T16:57:19.326Z",2026-07-07 13:57:19.326,"2026-07-07 13:57","down",18.538,60.82021192
26.792,3473.08,3037.26,3882.85,3371.38,11.457,"2026-07-07T16:57:19.326Z",2026-07-07 13:57:19.326,"2026-07-07 13:57","down",18.792,61.65354528
27.046,3472.96,3036.96,3884.68,3372.9,11.45,"2026-07-07T16:57:19.326Z",2026-07-07 13:57:19.326,"2026-07-07 13:57","down",19.046,62.48687864
27.3,3470.6,3035.1,3885.6,3373.43,11.449,"2026-07-07T16:57:19.326Z",2026-07-07 13:57:19.326,"2026-07-07 13:57","down",19.3,63.320212
27.555,3470.45,3034.8,3884.38,3372.35,11.444,"2026-07-07T16:57:19.326Z",2026-07-07 13:57:19.326,"2026-07-07 13:57","down",19.555,64.1568262
27.809,3472.45,3036.06,3884.08,3372.23,11.434,"2026-07-07T16:57:19.326Z",2026-07-07 13:57:19.326,"2026-07-07 13:57","down",19.809,64.99015956
28.063,3472.64,3036.19,3885.72,3373.75,11.435,"2026-07-07T16:57:19.326Z",2026-07-07 13:57:19.326,"2026-07-07 13:57","down",20.063,65.82349292
28.317,3470.93,3035.26,3886.62,3374.58,11.452,"2026-07-07T16:57:19.326Z",2026-07-07 13:57:19.326,"2026-07-07 13:57","down",20.317,66.65682628
28.571,3470.63,3035.05,3886.02,3374.15,11.456,"2026-07-07T16:57:19.326Z",2026-07-07 13:57:19.326,"2026-07-07 13:57","down",20.571,67.49015964
28.826,3471.57,3035.38,3886.27,3374.46,11.444,"2026-07-07T16:57:19.326Z",2026-07-07 13:57:19.326,"2026-07-07 13:57","down",20.826,68.32677384
29.08,3471.72,3035.08,3887.93,3375.85,11.431,"2026-07-07T16:57:19.326Z",2026-07-07 13:57:19.326,"2026-07-07 13:57","down",21.08,69.1601072
29.334,3470.66,3034.25,3889.13,3376.75,11.43,"2026-07-07T16:57:19.326Z",2026-07-07 13:57:19.326,"2026-07-07 13:57","down",21.334,69.99344056
29.588,3469.8,3033.59,3889.29,3376.89,11.433,"2026-07-07T16:57:19.326Z",2026-07-07 13:57:19.326,"2026-07-07 13:57","down",21.588,70.82677392
29.842,3469.29,3032.76,3889.37,3377.09,11.425,"2026-07-07T16:57:19.326Z",2026-07-07 13:57:19.326,"2026-07-07 13:57","down",21.842,71.66010728
30.097,3467.75,3031.17,3889.39,3377.05,11.417,"2026-07-07T16:57:19.326Z",2026-07-07 13:57:19.326,"2026-07-07 13:57","down",22.097,72.49672148
30.351,3466.67,3030.17,3888.73,3376.32,11.412,"2026-07-07T16:57:19.326Z",2026-07-07 13:57:19.326,"2026-07-07 13:57","down",22.351,73.33005484
30.605,3466.84,3030.33,3888.22,3375.98,11.415,"2026-07-07T16:57:19.326Z",2026-07-07 13:57:19.326,"2026-07-07 13:57","down",22.605,74.1633882
30.859,3466.2,3029.91,3888.6,3376.46,11.422,"2026-07-07T16:57:19.326Z",2026-07-07 13:57:19.326,"2026-07-07 13:57","down",22.859,74.99672156
31.113,3464.31,3028.44,3888.52,3376.44,11.428,"2026-07-07T16:57:19.326Z",2026-07-07 13:57:19.326,"2026-07-07 13:57","down",23.113,75.83005492
31.367,3464.14,3027.95,3887.49,3375.72,11.423,"2026-07-07T16:57:19.326Z",2026-07-07 13:57:19.326,"2026-07-07 13:57","down",23.367,76.66338828
31.622,3466.01,3029.32,3887.63,3376.16,11.424,"2026-07-07T16:57:19.326Z",2026-07-07 13:57:19.326,"2026-07-07 13:57","down",23.622,77.50000248
31.876,3466.68,3029.97,3889.63,3377.88,11.425,"2026-07-07T16:57:19.326Z",2026-07-07 13:57:19.326,"2026-07-07 13:57","down",23.876,78.33333584
32.13,3465.68,3029.08,3890.93,3378.74,11.418,"2026-07-07T16:57:19.326Z",2026-07-07 13:57:19.326,"2026-07-07 13:57","down",24.13,79.1666692
32.384,3465.46,3028.85,3890.81,3378.44,11.412,"2026-07-07T16:57:19.326Z",2026-07-07 13:57:19.326,"2026-07-07 13:57","down",24.384,80.00000256
32.638,3466.11,3029.55,3891.48,3378.88,11.413,"2026-07-07T16:57:19.326Z",2026-07-07 13:57:19.326,"2026-07-07 13:57","down",24.638,80.83333592
32.893,3465.34,3028.93,3893.15,3380.17,11.41,"2026-07-07T16:57:19.326Z",2026-07-07 13:57:19.326,"2026-07-07 13:57","down",24.893,81.66995012
33.147,3463.66,3027.3,3893.29,3380.3,11.405,"2026-07-07T16:57:19.326Z",2026-07-07 13:57:19.326,"2026-07-07 13:57","down",25.147,82.50328348
33.401,3464.06,3027.1,3892.09,3379.48,11.396,"2026-07-07T16:57:19.326Z",2026-07-07 13:57:19.326,"2026-07-07 13:57","down",25.401,83.33661684
33.655,3465.94,3027.89,3892.62,3379.92,11.372,"2026-07-07T16:57:19.326Z",2026-07-07 13:57:19.326,"2026-07-07 13:57","down",25.655,84.1699502
33.909,3465.84,3027.31,3894.74,3381.45,11.35,"2026-07-07T16:57:19.326Z",2026-07-07 13:57:19.326,"2026-07-07 13:57","down",25.909,85.00328356
34.164,3464.55,3026.02,3895.57,3382.07,11.344,"2026-07-07T16:57:19.326Z",2026-07-07 13:57:19.326,"2026-07-07 13:57","down",26.164,85.83989776
34.418,3464.48,3025.85,3895.24,3381.9,11.343,"2026-07-07T16:57:19.326Z",2026-07-07 13:57:19.326,"2026-07-07 13:57","down",26.418,86.67323112
34.672,3464.24,3025.63,3895.87,3382.31,11.339,"2026-07-07T16:57:19.326Z",2026-07-07 13:57:19.326,"2026-07-07 13:57","down",26.672,87.50656448
34.926,3462.14,3023.98,3896.59,3382.87,11.343,"2026-07-07T16:57:19.326Z",2026-07-07 13:57:19.326,"2026-07-07 13:57","down",26.926,88.33989784
35.18,3460.73,3022.62,3895.8,3382.47,11.347,"2026-07-07T16:57:19.326Z",2026-07-07 13:57:19.326,"2026-07-07 13:57","down",27.18,89.1732312
35.435,3461.91,3022.92,3895.18,3382.3,11.335,"2026-07-07T16:57:19.326Z",2026-07-07 13:57:19.326,"2026-07-07 13:57","down",27.435,90.0098454
35.689,3462.89,3023.12,3896.59,3383.66,11.321,"2026-07-07T16:57:19.326Z",2026-07-07 13:57:19.326,"2026-07-07 13:57","down",27.689,90.84317876
35.943,3462.2,3022.23,3898.49,3385.18,11.309,"2026-07-07T16:57:19.326Z",2026-07-07 13:57:19.326,"2026-07-07 13:57","down",27.943,91.67651212
36.197,3461.79,3021.51,3899.24,3385.65,11.295,"2026-07-07T16:57:19.326Z",2026-07-07 13:57:19.326,"2026-07-07 13:57","down",28.197,92.50984548
36.451,3461.99,3020.96,3899.94,3386.1,11.271,"2026-07-07T16:57:19.326Z",2026-07-07 13:57:19.326,"2026-07-07 13:57","down",28.451,93.34317884
36.706,3461.13,3019.83,3901.17,3387.03,11.257,"2026-07-07T16:57:19.326Z",2026-07-07 13:57:19.326,"2026-07-07 13:57","down",28.706,94.17979304
36.96,3459.4,3018.22,3901.43,3387.27,11.254,"2026-07-07T16:57:19.326Z",2026-07-07 13:57:19.326,"2026-07-07 13:57","down",28.96,95.0131264
37.214,3458.91,3017.24,3900.68,3386.73,11.242,"2026-07-07T16:57:19.326Z",2026-07-07 13:57:19.326,"2026-07-07 13:57","down",29.214,95.84645976
37.468,3458.91,3016.93,3900.58,3386.76,11.236,"2026-07-07T16:57:19.326Z",2026-07-07 13:57:19.326,"2026-07-07 13:57","down",29.468,96.67979312
37.722,3457.72,3015.84,3901.12,3387.28,11.236,"2026-07-07T16:57:19.326Z",2026-07-07 13:57:19.326,"2026-07-07 13:57","down",29.722,97.51312648
37.977,3456.85,3014.95,3900.88,3387.03,11.231,"2026-07-07T16:57:19.326Z",2026-07-07 13:57:19.326,"2026-07-07 13:57","down",29.977,98.34974068
38.231,3458.24,3015.61,3900.32,3386.62,11.218,"2026-07-07T16:57:19.326Z",2026-07-07 13:57:19.326,"2026-07-07 13:57","down",30.231,99.18307404
38.485,3459.55,3016.37,3901.26,3387.6,11.211,"2026-07-07T16:57:19.326Z",2026-07-07 13:57:19.326,"2026-07-07 13:57","down",30.485,100.0164074
38.739,3458.4,3015.25,3902.99,3389.01,11.206,"2026-07-07T16:57:19.326Z",2026-07-07 13:57:19.326,"2026-07-07 13:57","down",30.739,100.84974076
38.993,3456.97,3013.99,3903.56,3389.27,11.199,"2026-07-07T16:57:19.326Z",2026-07-07 13:57:19.326,"2026-07-07 13:57","down",30.993,101.68307412
39.248,3457.17,3013.86,3903.53,3389.21,11.19,"2026-07-07T16:57:19.326Z",2026-07-07 13:57:19.326,"2026-07-07 13:57","down",31.248,102.51968832
39.502,3456.7,3013.09,3904.05,3389.81,11.184,"2026-07-07T16:57:19.326Z",2026-07-07 13:57:19.326,"2026-07-07 13:57","down",31.502,103.35302168
39.756,3454.59,3011.16,3904.14,3389.93,11.182,"2026-07-07T16:57:19.326Z",2026-07-07 13:57:19.326,"2026-07-07 13:57","down",31.756,104.18635504
40.01,3453.72,3010.19,3903.36,3389.14,11.174,"2026-07-07T16:57:19.326Z",2026-07-07 13:57:19.326,"2026-07-07 13:57","down",32.01,105.0196884
40.264,3454.5,3010.42,3903.44,3389.09,11.158,"2026-07-07T16:57:19.326Z",2026-07-07 13:57:19.326,"2026-07-07 13:57","down",32.264,105.85302176
40.519,3454.19,3009.84,3904.82,3390.15,11.146,"2026-07-07T16:57:19.326Z",2026-07-07 13:57:19.326,"2026-07-07 13:57","down",32.519,106.68963596
40.773,3452.51,3008.34,3905.49,3390.65,11.143,"2026-07-07T16:57:19.326Z",2026-07-07 13:57:19.326,"2026-07-07 13:57","down",32.773,107.52296932
41.027,3452.05,3008,3905.02,3390.42,11.149,"2026-07-07T16:57:19.326Z",2026-07-07 13:57:19.326,"2026-07-07 13:57","down",33.027,108.35630268
41.281,3453.12,3008.73,3905.45,3391.1,11.151,"2026-07-07T16:57:19.326Z",2026-07-07 13:57:19.326,"2026-07-07 13:57","down",33.281,109.18963604
41.535,3453.3,3008.63,3907.17,3392.61,11.145,"2026-07-07T16:57:19.326Z",2026-07-07 13:57:19.326,"2026-07-07 13:57","down",33.535,110.0229694
41.79,3452.05,3007.81,3908.1,3393.2,11.147,"2026-07-07T16:57:19.326Z",2026-07-07 13:57:19.326,"2026-07-07 13:57","down",33.79,110.8595836
42.044,3451.58,3007.88,3907.81,3392.99,11.161,"2026-07-07T16:57:19.326Z",2026-07-07 13:57:19.326,"2026-07-07 13:57","down",34.044,111.69291696
42.298,3451.69,3007.97,3908.09,3393.47,11.167,"2026-07-07T16:57:19.326Z",2026-07-07 13:57:19.326,"2026-07-07 13:57","down",34.298,112.52625032
42.552,3450.33,3006.59,3908.89,3394.33,11.165,"2026-07-07T16:57:19.326Z",2026-07-07 13:57:19.326,"2026-07-07 13:57","down",34.552,113.35958368
42.806,3448.35,3004.92,3908.72,3394.13,11.166,"2026-07-07T16:57:19.326Z",2026-07-07 13:57:19.326,"2026-07-07 13:57","down",34.806,114.19291704
43.061,3448.24,3004.71,3908.08,3393.45,11.159,"2026-07-07T16:57:19.326Z",2026-07-07 13:57:19.326,"2026-07-07 13:57","down",35.061,115.02953124
43.315,3449.06,3005.2,3908.76,3393.97,11.151,"2026-07-07T16:57:19.326Z",2026-07-07 13:57:19.326,"2026-07-07 13:57","down",35.315,115.8628646
43.569,3448.72,3005.1,3910.24,3395.23,11.156,"2026-07-07T16:57:19.326Z",2026-07-07 13:57:19.326,"2026-07-07 13:57","down",35.569,116.69619796
43.823,3447.97,3004.92,3910.75,3395.69,11.17,"2026-07-07T16:57:19.326Z",2026-07-07 13:57:19.326,"2026-07-07 13:57","down",35.823,117.52953132
44.077,3448.31,3005.47,3910.95,3395.91,11.178,"2026-07-07T16:57:19.326Z",2026-07-07 13:57:19.326,"2026-07-07 13:57","down",36.077,118.36286468
44.332,3448.67,3005.63,3912,3396.89,11.176,"2026-07-07T16:57:19.326Z",2026-07-07 13:57:19.326,"2026-07-07 13:57","down",36.332,119.19947888
44.586,3447.47,3004.77,3912.85,3397.63,11.181,"2026-07-07T16:57:19.326Z",2026-07-07 13:57:19.326,"2026-07-07 13:57","down",36.586,120.03281224
44.84,3446.74,3004.27,3912.57,3397.46,11.186,"2026-07-07T16:57:19.326Z",2026-07-07 13:57:19.326,"2026-07-07 13:57","down",36.84,120.8661456
45.094,3447.58,3004.83,3912.56,3397.78,11.189,"2026-07-07T16:57:19.326Z",2026-07-07 13:57:19.326,"2026-07-07 13:57","down",37.094,121.69947896
45.348,3447.32,3004.58,3913.91,3399.04,11.191,"2026-07-07T16:57:19.326Z",2026-07-07 13:57:19.326,"2026-07-07 13:57","down",37.348,122.53281232
45.603,3445.61,3003.22,3914.98,3399.7,11.188,"2026-07-07T16:57:19.326Z",2026-07-07 13:57:19.326,"2026-07-07 13:57","down",37.603,123.36942652
45.857,3444.91,3002.49,3914.62,3399.3,11.182,"2026-07-07T16:57:19.326Z",2026-07-07 13:57:19.326,"2026-07-07 13:57","down",37.857,124.20275988
46.111,3445.05,3002.4,3914.31,3399.05,11.177,"2026-07-07T16:57:19.326Z",2026-07-07 13:57:19.326,"2026-07-07 13:57","down",38.111,125.03609324
46.365,3443.59,3001.39,3914.46,3399.13,11.183,"2026-07-07T16:57:19.326Z",2026-07-07 13:57:19.326,"2026-07-07 13:57","down",38.365,125.8694266
46.619,3441.92,3000.03,3913.85,3398.61,11.186,"2026-07-07T16:57:19.326Z",2026-07-07 13:57:19.326,"2026-07-07 13:57","down",38.619,126.70275996
46.874,3442.08,3000.07,3913.12,3397.93,11.182,"2026-07-07T16:57:19.326Z",2026-07-07 13:57:19.326,"2026-07-07 13:57","down",38.874,127.53937416
47.128,3442.61,3000.32,3913.69,3398.36,11.175,"2026-07-07T16:57:19.326Z",2026-07-07 13:57:19.326,"2026-07-07 13:57","down",39.128,128.37270752
47.382,3441.63,2999.29,3914.76,3399.41,11.172,"2026-07-07T16:57:19.326Z",2026-07-07 13:57:19.326,"2026-07-07 13:57","down",39.382,129.20604088
47.636,3440.79,2998.58,3914.79,3399.77,11.182,"2026-07-07T16:57:19.326Z",2026-07-07 13:57:19.326,"2026-07-07 13:57","down",39.636,130.03937424
47.89,3441.63,2999.53,3914.77,3400.03,11.194,"2026-07-07T16:57:19.326Z",2026-07-07 13:57:19.326,"2026-07-07 13:57","down",39.89,130.8727076
48.145,3442.52,3000.94,3916.19,3401.22,11.211,"2026-07-07T16:57:19.326Z",2026-07-07 13:57:19.326,"2026-07-07 13:57","down",40.145,131.7093218
48.399,3441.27,3000.57,3917.56,3402.37,11.23,"2026-07-07T16:57:19.326Z",2026-07-07 13:57:19.326,"2026-07-07 13:57","down",40.399,132.54265516
48.653,3439.53,2999.43,3917.47,3402.4,11.244,"2026-07-07T16:57:19.326Z",2026-07-07 13:57:19.326,"2026-07-07 13:57","down",40.653,133.37598852
48.907,3439.45,2999.06,3917.03,3402.07,11.236,"2026-07-07T16:57:19.326Z",2026-07-07 13:57:19.326,"2026-07-07 13:57","down",40.907,134.20932188
49.161,3439.48,2998.66,3917.59,3402.39,11.22,"2026-07-07T16:57:19.326Z",2026-07-07 13:57:19.326,"2026-07-07 13:57","down",41.161,135.04265524
49.416,3438.39,2997.61,3918.12,3402.67,11.213,"2026-07-07T16:57:19.326Z",2026-07-07 13:57:19.326,"2026-07-07 13:57","down",41.416,135.87926944
49.67,3437.95,2997.33,3917.94,3402.59,11.218,"2026-07-07T16:57:19.326Z",2026-07-07 13:57:19.326,"2026-07-07 13:57","down",41.67,136.7126028
49.924,3438.6,2997.89,3918.33,3403.15,11.223,"2026-07-07T16:57:19.326Z",2026-07-07 13:57:19.326,"2026-07-07 13:57","down",41.924,137.54593616
50.178,3438.55,2997.69,3919.53,3404.36,11.223,"2026-07-07T16:57:19.326Z",2026-07-07 13:57:19.326,"2026-07-07 13:57","down",42.178,138.37926952
50.432,3437.56,2996.76,3920.17,3404.79,11.218,"2026-07-07T16:57:19.326Z",2026-07-07 13:57:19.326,"2026-07-07 13:57","down",42.432,139.21260288
50.687,3437.42,2996.4,3920.13,3404.68,11.209,"2026-07-07T16:57:19.326Z",2026-07-07 13:57:19.326,"2026-07-07 13:57","down",42.687,140.04921708
50.941,3437.78,2996.53,3920.9,3405.5,11.208,"2026-07-07T16:57:19.326Z",2026-07-07 13:57:19.326,"2026-07-07 13:57","down",42.941,140.88255044
51.195,3436.93,2995.73,3922.22,3406.65,11.206,"2026-07-07T16:57:19.326Z",2026-07-07 13:57:19.326,"2026-07-07 13:57","down",43.195,141.7158838
51.449,3435.83,2994.67,3922.26,3406.65,11.203,"2026-07-07T16:57:19.326Z",2026-07-07 13:57:19.326,"2026-07-07 13:57","down",43.449,142.54921716
51.703,3436.19,2994.8,3921.48,3406.14,11.202,"2026-07-07T16:57:19.326Z",2026-07-07 13:57:19.326,"2026-07-07 13:57","down",43.703,143.38255052
51.958,3436.84,2995.36,3922.13,3406.97,11.208,"2026-07-07T16:57:19.326Z",2026-07-07 13:57:19.326,"2026-07-07 13:57","down",43.958,144.21916472
52.212,3435.91,2994.69,3923.72,3408.45,11.214,"2026-07-07T16:57:19.326Z",2026-07-07 13:57:19.326,"2026-07-07 13:57","down",44.212,145.05249808
52.466,3434.54,2993.53,3924.06,3408.65,11.213,"2026-07-07T16:57:19.326Z",2026-07-07 13:57:19.326,"2026-07-07 13:57","down",44.466,145.88583144
52.72,3434.78,2993.52,3923.68,3408.24,11.205,"2026-07-07T16:57:19.326Z",2026-07-07 13:57:19.326,"2026-07-07 13:57","down",44.72,146.7191648
52.974,3435.1,2993.46,3924.33,3408.88,11.197,"2026-07-07T16:57:19.326Z",2026-07-07 13:57:19.326,"2026-07-07 13:57","down",44.974,147.55249816
53.229,3433.73,2992.41,3925.21,3409.79,11.205,"2026-07-07T16:57:19.326Z",2026-07-07 13:57:19.326,"2026-07-07 13:57","down",45.229,148.38911236
53.483,3432.87,2991.9,3925.08,3409.71,11.212,"2026-07-07T16:57:19.326Z",2026-07-07 13:57:19.326,"2026-07-07 13:57","down",45.483,149.22244572
53.737,3433.74,2992.57,3925.05,3409.7,11.21,"2026-07-07T16:57:19.326Z",2026-07-07 13:57:19.326,"2026-07-07 13:57","down",45.737,150.05577908
53.991,3433.67,2992.59,3926.23,3410.71,11.212,"2026-07-07T16:57:19.326Z",2026-07-07 13:57:19.326,"2026-07-07 13:57","down",45.991,150.88911244
54.245,3432.39,2991.46,3927.13,3411.46,11.211,"2026-07-07T16:57:19.326Z",2026-07-07 13:57:19.326,"2026-07-07 13:57","down",46.245,151.7224458
54.5,3432.46,2991.42,3926.86,3411.39,11.212,"2026-07-07T16:57:19.326Z",2026-07-07 13:57:19.326,"2026-07-07 13:57","down",46.5,152.55906
54.754,3433.78,2992.27,3927.32,3412,11.209,"2026-07-07T16:57:19.326Z",2026-07-07 13:57:19.326,"2026-07-07 13:57","down",46.754,153.39239336
55.008,3433.44,2991.62,3929.09,3413.49,11.198,"2026-07-07T16:57:19.326Z",2026-07-07 13:57:19.326,"2026-07-07 13:57","down",47.008,154.22572672
55.262,3431.42,2989.82,3929.88,3413.92,11.191,"2026-07-07T16:57:19.326Z",2026-07-07 13:57:19.326,"2026-07-07 13:57","down",47.262,155.05906008
55.516,3430.7,2989.25,3929.01,3413.05,11.19,"2026-07-07T16:57:19.326Z",2026-07-07 13:57:19.326,"2026-07-07 13:57","down",47.516,155.89239344
55.771,3431.08,2989.63,3928.56,3412.68,11.191,"2026-07-07T16:57:19.326Z",2026-07-07 13:57:19.326,"2026-07-07 13:57","down",47.771,156.72900764
56.025,3430.53,2989.57,3929.28,3413.14,11.199,"2026-07-07T16:57:19.326Z",2026-07-07 13:57:19.326,"2026-07-07 13:57","down",48.025,157.562341
56.279,3429.81,2989.16,3929.66,3413.28,11.2,"2026-07-07T16:57:19.326Z",2026-07-07 13:57:19.326,"2026-07-07 13:57","down",48.279,158.39567436
56.533,3430.13,2989.44,3929.38,3413.33,11.207,"2026-07-07T16:57:19.326Z",2026-07-07 13:57:19.326,"2026-07-07 13:57","down",48.533,159.22900772
56.787,3430.11,2989.66,3929.76,3414.18,11.227,"2026-07-07T16:57:19.326Z",2026-07-07 13:57:19.326,"2026-07-07 13:57","down",48.787,160.06234108
57.042,3428.87,2988.79,3930.42,3414.88,11.236,"2026-07-07T16:57:19.326Z",2026-07-07 13:57:19.326,"2026-07-07 13:57","down",49.042,160.89895528
57.296,3428.13,2988.15,3930.1,3414.48,11.233,"2026-07-07T16:57:19.326Z",2026-07-07 13:57:19.326,"2026-07-07 13:57","down",49.296,161.73228864
57.55,3428.82,2988.47,3929.86,3414.32,11.227,"2026-07-07T16:57:19.326Z",2026-07-07 13:57:19.326,"2026-07-07 13:57","down",49.55,162.565622
57.804,3428.87,2988.35,3930.93,3415.3,11.223,"2026-07-07T16:57:19.326Z",2026-07-07 13:57:19.326,"2026-07-07 13:57","down",49.804,163.39895536
58.058,3427.31,2987.03,3931.72,3415.95,11.223,"2026-07-07T16:57:19.326Z",2026-07-07 13:57:19.326,"2026-07-07 13:57","down",50.058,164.23228872
58.313,3425.93,2985.89,3931.22,3415.64,11.228,"2026-07-07T16:57:19.326Z",2026-07-07 13:57:19.326,"2026-07-07 13:57","down",50.313,165.06890292
58.567,3425.82,2985.75,3930.97,3415.66,11.233,"2026-07-07T16:57:19.326Z",2026-07-07 13:57:19.326,"2026-07-07 13:57","down",50.567,165.90223628
58.821,3425.28,2985.17,3931.63,3416.29,11.231,"2026-07-07T16:57:19.326Z",2026-07-07 13:57:19.326,"2026-07-07 13:57","down",50.821,166.73556964
59.075,3424.15,2984.33,3931.97,3416.49,11.233,"2026-07-07T16:57:19.326Z",2026-07-07 13:57:19.326,"2026-07-07 13:57","down",51.075,167.568903
59.329,3424.78,2984.54,3932.19,3416.79,11.226,"2026-07-07T16:57:19.326Z",2026-07-07 13:57:19.326,"2026-07-07 13:57","down",51.329,168.40223636
59.584,3426.48,2985.47,3933.86,3418.5,11.217,"2026-07-07T16:57:19.326Z",2026-07-07 13:57:19.326,"2026-07-07 13:57","down",51.584,169.23885056
59.838,3426.68,2985.78,3936.32,3420.7,11.222,"2026-07-07T16:57:19.326Z",2026-07-07 13:57:19.326,"2026-07-07 13:57","down",51.838,170.07218392
60.092,3426.19,2985.59,3937.55,3421.66,11.226,"2026-07-07T16:57:19.326Z",2026-07-07 13:57:19.326,"2026-07-07 13:57","down",52.092,170.90551728
60.346,3426.88,2986.24,3937.86,3421.92,11.227,"2026-07-07T16:57:19.326Z",2026-07-07 13:57:19.326,"2026-07-07 13:57","down",52.346,171.73885064
60.6,3427.95,2987.11,3939.02,3423.04,11.228,"2026-07-07T16:57:19.326Z",2026-07-07 13:57:19.326,"2026-07-07 13:57","down",52.6,172.572184
60.855,3427.47,2986.74,3940.65,3424.63,11.234,"2026-07-07T16:57:19.326Z",2026-07-07 13:57:19.326,"2026-07-07 13:57","down",52.855,173.4087982
61.109,3426.48,2985.95,3940.98,3425.07,11.24,"2026-07-07T16:57:19.326Z",2026-07-07 13:57:19.326,"2026-07-07 13:57","down",53.109,174.24213156
61.363,3426.3,2986.02,3940.58,3424.74,11.246,"2026-07-07T16:57:19.326Z",2026-07-07 13:57:19.326,"2026-07-07 13:57","down",53.363,175.07546492
61.617,3426.23,2985.69,3941.2,3425.02,11.233,"2026-07-07T16:57:19.326Z",2026-07-07 13:57:19.326,"2026-07-07 13:57","down",53.617,175.90879828
61.871,3425.64,2984.72,3942,3425.51,11.215,"2026-07-07T16:57:19.326Z",2026-07-07 13:57:19.326,"2026-07-07 13:57","down",53.871,176.74213164
62.126,3425.51,2984.21,3941.93,3425.57,11.206,"2026-07-07T16:57:19.326Z",2026-07-07 13:57:19.326,"2026-07-07 13:57","down",54.126,177.57874584
62.38,3425.58,2984.53,3941.97,3425.71,11.216,"2026-07-07T16:57:19.326Z",2026-07-07 13:57:19.326,"2026-07-07 13:57","down",54.38,178.4120792
62.634,3424.33,2983.86,3942.62,3426.16,11.225,"2026-07-07T16:57:19.326Z",2026-07-07 13:57:19.326,"2026-07-07 13:57","down",54.634,179.24541256
62.888,3422.48,2982.23,3942.68,3426.12,11.223,"2026-07-07T16:57:19.326Z",2026-07-07 13:57:19.326,"2026-07-07 13:57","down",54.888,180.07874592
63.142,3422.37,2981.62,3941.86,3425.67,11.215,"2026-07-07T16:57:19.326Z",2026-07-07 13:57:19.326,"2026-07-07 13:57","down",55.142,180.91207928
63.397,3423.28,2982.06,3941.84,3425.99,11.213,"2026-07-07T16:57:19.326Z",2026-07-07 13:57:19.326,"2026-07-07 13:57","down",55.397,181.74869348
63.651,3423.07,2982.01,3943.02,3427.04,11.218,"2026-07-07T16:57:19.326Z",2026-07-07 13:57:19.326,"2026-07-07 13:57","down",55.651,182.58202684
63.905,3422.13,2981.36,3943.67,3427.54,11.22,"2026-07-07T16:57:19.326Z",2026-07-07 13:57:19.326,"2026-07-07 13:57","down",55.905,183.4153602
64.159,3422.29,2981.54,3943.58,3427.44,11.221,"2026-07-07T16:57:19.326Z",2026-07-07 13:57:19.326,"2026-07-07 13:57","down",56.159,184.24869356
64.413,3422.63,2981.7,3944.08,3427.84,11.217,"2026-07-07T16:57:19.326Z",2026-07-07 13:57:19.326,"2026-07-07 13:57","down",56.413,185.08202692
64.668,3421.51,2980.73,3944.83,3428.59,11.219,"2026-07-07T16:57:19.326Z",2026-07-07 13:57:19.326,"2026-07-07 13:57","down",56.668,185.91864112
64.922,3420.5,2979.75,3944.43,3428.61,11.225,"2026-07-07T16:57:19.326Z",2026-07-07 13:57:19.326,"2026-07-07 13:57","down",56.922,186.75197448
65.176,3421.02,2980.19,3943.84,3428.33,11.23,"2026-07-07T16:57:19.326Z",2026-07-07 13:57:19.326,"2026-07-07 13:57","down",57.176,187.58530784
65.43,3421.42,2980.55,3944.81,3429.1,11.229,"2026-07-07T16:57:19.326Z",2026-07-07 13:57:19.326,"2026-07-07 13:57","down",57.43,188.4186412
65.684,3419.72,2979.12,3946.17,3430.16,11.228,"2026-07-07T16:57:19.326Z",2026-07-07 13:57:19.326,"2026-07-07 13:57","down",57.684,189.25197456
65.939,3418.21,2977.68,3946.14,3429.9,11.218,"2026-07-07T16:57:19.326Z",2026-07-07 13:57:19.326,"2026-07-07 13:57","down",57.939,190.08858876
66.193,3418.87,2978.01,3945.88,3429.5,11.207,"2026-07-07T16:57:19.326Z",2026-07-07 13:57:19.326,"2026-07-07 13:57","down",58.193,190.92192212
66.447,3419.22,2978.18,3947.11,3430.59,11.204,"2026-07-07T16:57:19.326Z",2026-07-07 13:57:19.326,"2026-07-07 13:57","down",58.447,191.75525548
66.701,3417.4,2976.75,3948.36,3431.9,11.214,"2026-07-07T16:57:19.326Z",2026-07-07 13:57:19.326,"2026-07-07 13:57","down",58.701,192.58858884
66.955,3415.81,2975.29,3948.12,3432.04,11.22,"2026-07-07T16:57:19.326Z",2026-07-07 13:57:19.326,"2026-07-07 13:57","down",58.955,193.4219222
67.21,3415.74,2975.04,3947.85,3431.88,11.216,"2026-07-07T16:57:19.326Z",2026-07-07 13:57:19.326,"2026-07-07 13:57","down",59.21,194.2585364
67.464,3415.39,2974.84,3948.67,3432.33,11.213,"2026-07-07T16:57:19.326Z",2026-07-07 13:57:19.326,"2026-07-07 13:57","down",59.464,195.09186976
67.718,3414.54,2974.1,3949.49,3432.83,11.208,"2026-07-07T16:57:19.326Z",2026-07-07 13:57:19.326,"2026-07-07 13:57","down",59.718,195.92520312
67.972,3414.61,2974.01,3949.72,3433.09,11.205,"2026-07-07T16:57:19.326Z",2026-07-07 13:57:19.326,"2026-07-07 13:57","down",59.972,196.75853648
68.226,3415.03,2974.13,3950.46,3433.83,11.201,"2026-07-07T16:57:19.326Z",2026-07-07 13:57:19.326,"2026-07-07 13:57","down",60.226,197.59186984
68.481,3414.19,2973.32,3951.34,3434.68,11.201,"2026-07-07T16:57:19.326Z",2026-07-07 13:57:19.326,"2026-07-07 13:57","down",60.481,198.42848404
68.735,3413.02,2972.46,3951.05,3434.66,11.211,"2026-07-07T16:57:19.326Z",2026-07-07 13:57:19.326,"2026-07-07 13:57","down",60.735,199.2618174
68.989,3413.33,2972.39,3950.62,3434.36,11.203,"2026-07-07T16:57:19.326Z",2026-07-07 13:57:19.326,"2026-07-07 13:57","down",60.989,200.09515076
69.243,3413.75,2972.14,3951.49,3435.05,11.184,"2026-07-07T16:57:19.326Z",2026-07-07 13:57:19.326,"2026-07-07 13:57","down",61.243,200.92848412
69.497,3412.51,2970.89,3952.52,3435.78,11.175,"2026-07-07T16:57:19.326Z",2026-07-07 13:57:19.326,"2026-07-07 13:57","down",61.497,201.76181748
69.752,3410.85,2969.43,3952.2,3435.36,11.171,"2026-07-07T16:57:19.326Z",2026-07-07 13:57:19.326,"2026-07-07 13:57","down",61.752,202.59843168
70.006,3410.41,2968.81,3951.37,3434.58,11.163,"2026-07-07T16:57:19.326Z",2026-07-07 13:57:19.326,"2026-07-07 13:57","down",62.006,203.43176504
70.26,3410.15,2968.57,3951.53,3434.61,11.16,"2026-07-07T16:57:19.326Z",2026-07-07 13:57:19.326,"2026-07-07 13:57","down",62.26,204.2650984
70.514,3408.91,2967.48,3952.24,3435.11,11.157,"2026-07-07T16:57:19.326Z",2026-07-07 13:57:19.326,"2026-07-07 13:57","down",62.514,205.09843176
70.768,3408.47,2966.72,3952.49,3435.46,11.149,"2026-07-07T16:57:19.326Z",2026-07-07 13:57:19.326,"2026-07-07 13:57","down",62.768,205.93176512
71.023,3409.38,2966.9,3953.03,3436.48,11.145,"2026-07-07T16:57:19.326Z",2026-07-07 13:57:19.326,"2026-07-07 13:57","down",63.023,206.76837932
71.277,3409.46,2966.64,3954.92,3438.63,11.149,"2026-07-07T16:57:19.326Z",2026-07-07 13:57:19.326,"2026-07-07 13:57","down",63.277,207.60171268
71.531,3408.51,2965.91,3956.68,3440.28,11.154,"2026-07-07T16:57:19.326Z",2026-07-07 13:57:19.326,"2026-07-07 13:57","down",63.531,208.43504604
71.785,3408.69,2966.18,3957.09,3440.73,11.16,"2026-07-07T16:57:19.326Z",2026-07-07 13:57:19.326,"2026-07-07 13:57","down",63.785,209.2683794
72.039,3409.36,2966.91,3957.73,3441.31,11.164,"2026-07-07T16:57:19.326Z",2026-07-07 13:57:19.326,"2026-07-07 13:57","down",64.039,210.10171276
72.294,3408.17,2966.01,3959.21,3442.41,11.164,"2026-07-07T16:57:19.326Z",2026-07-07 13:57:19.326,"2026-07-07 13:57","down",64.294,210.93832696
72.548,3405.91,2964.22,3959.6,3442.63,11.166,"2026-07-07T16:57:19.326Z",2026-07-07 13:57:19.326,"2026-07-07 13:57","down",64.548,211.77166032
72.802,3405.17,2963.35,3958.44,3441.83,11.164,"2026-07-07T16:57:19.326Z",2026-07-07 13:57:19.326,"2026-07-07 13:57","down",64.802,212.60499368
73.056,3405.48,2963.37,3957.63,3441.56,11.168,"2026-07-07T16:57:19.326Z",2026-07-07 13:57:19.326,"2026-07-07 13:57","down",65.056,213.43832704
73.31,3405.48,2963.36,3957.84,3442.17,11.178,"2026-07-07T16:57:19.326Z",2026-07-07 13:57:19.326,"2026-07-07 13:57","down",65.31,214.2716604
73.565,3405.67,2963.66,3958.4,3442.79,11.185,"2026-07-07T16:57:19.326Z",2026-07-07 13:57:19.326,"2026-07-07 13:57","down",65.565,215.1082746
73.819,3406.65,2964.45,3959.44,3443.49,11.178,"2026-07-07T16:57:19.326Z",2026-07-07 13:57:19.326,"2026-07-07 13:57","down",65.819,215.94160796
74.073,3406.42,2964.28,3961.12,3444.67,11.172,"2026-07-07T16:57:19.326Z",2026-07-07 13:57:19.326,"2026-07-07 13:57","down",66.073,216.77494132
74.327,3404.28,2962.57,3961.91,3445.18,11.172,"2026-07-07T16:57:19.326Z",2026-07-07 13:57:19.326,"2026-07-07 13:57","down",66.327,217.60827468
74.581,3403.08,2961.45,3960.97,3444.45,11.173,"2026-07-07T16:57:19.326Z",2026-07-07 13:57:19.326,"2026-07-07 13:57","down",66.581,218.44160804
74.836,3403.13,2961.18,3960.46,3444.28,11.17,"2026-07-07T16:57:19.326Z",2026-07-07 13:57:19.326,"2026-07-07 13:57","down",66.836,219.27822224
75.09,3401.69,2959.82,3961.32,3445.18,11.171,"2026-07-07T16:57:19.326Z",2026-07-07 13:57:19.326,"2026-07-07 13:57","down",67.09,220.1115556
75.344,3399.11,2957.71,3961.21,3445.07,11.174,"2026-07-07T16:57:19.326Z",2026-07-07 13:57:19.326,"2026-07-07 13:57","down",67.344,220.94488896
75.598,3399.29,2957.69,3959.62,3443.85,11.173,"2026-07-07T16:57:19.326Z",2026-07-07 13:57:19.326,"2026-07-07 13:57","down",67.598,221.77822232
75.852,3401.31,2959.15,3959.68,3444.22,11.172,"2026-07-07T16:57:19.326Z",2026-07-07 13:57:19.326,"2026-07-07 13:57","down",67.852,222.61155568
76.107,3400.86,2959.02,3962.25,3446.44,11.179,"2026-07-07T16:57:19.326Z",2026-07-07 13:57:19.326,"2026-07-07 13:57","down",68.107,223.44816988
76.361,3398.74,2957.54,3963.85,3447.57,11.184,"2026-07-07T16:57:19.326Z",2026-07-07 13:57:19.326,"2026-07-07 13:57","down",68.361,224.28150324
76.615,3398.66,2957.2,3963.08,3446.85,11.175,"2026-07-07T16:57:19.326Z",2026-07-07 13:57:19.326,"2026-07-07 13:57","down",68.615,225.1148366
76.869,3399.45,2957.64,3962.77,3446.63,11.169,"2026-07-07T16:57:19.326Z",2026-07-07 13:57:19.326,"2026-07-07 13:57","down",68.869,225.94816996
77.123,3397.98,2956.51,3963.67,3447.23,11.169,"2026-07-07T16:57:19.326Z",2026-07-07 13:57:19.326,"2026-07-07 13:57","down",69.123,226.78150332
77.378,3395.99,2954.81,3963.42,3446.77,11.164,"2026-07-07T16:57:19.326Z",2026-07-07 13:57:19.326,"2026-07-07 13:57","down",69.378,227.61811752
77.632,3396.56,2954.78,3962.37,3445.91,11.15,"2026-07-07T16:57:19.326Z",2026-07-07 13:57:19.326,"2026-07-07 13:57","down",69.632,228.45145088
77.886,3397.15,2955.03,3962.92,3446.55,11.146,"2026-07-07T16:57:19.326Z",2026-07-07 13:57:19.326,"2026-07-07 13:57","down",69.886,229.28478424
78.14,3394.76,2953.41,3964.02,3447.46,11.158,"2026-07-07T16:57:19.326Z",2026-07-07 13:57:19.326,"2026-07-07 13:57","down",70.14,230.1181176
78.394,3392.48,2951.71,3963.07,3446.71,11.169,"2026-07-07T16:57:19.326Z",2026-07-07 13:57:19.326,"2026-07-07 13:57","down",70.394,230.95145096
78.649,3393,2952.19,3961.74,3445.92,11.178,"2026-07-07T16:57:19.326Z",2026-07-07 13:57:19.326,"2026-07-07 13:57","down",70.649,231.78806516
78.903,3393.51,2952.73,3962.66,3446.84,11.184,"2026-07-07T16:57:19.326Z",2026-07-07 13:57:19.326,"2026-07-07 13:57","down",70.903,232.62139852
79.157,3391.84,2951.32,3964.03,3447.83,11.18,"2026-07-07T16:57:19.326Z",2026-07-07 13:57:19.326,"2026-07-07 13:57","down",71.157,233.45473188
79.411,3390.93,2950.18,3963.65,3447.46,11.169,"2026-07-07T16:57:19.326Z",2026-07-07 13:57:19.326,"2026-07-07 13:57","down",71.411,234.28806524
79.665,3391.92,2950.71,3963.22,3447.13,11.161,"2026-07-07T16:57:19.326Z",2026-07-07 13:57:19.326,"2026-07-07 13:57","down",71.665,235.1213986
79.92,3391.72,2950.62,3964.18,3447.93,11.162,"2026-07-07T16:57:19.326Z",2026-07-07 13:57:19.326,"2026-07-07 13:57","down",71.92,235.9580128
80.174,3389.64,2949.15,3964.68,3448.44,11.174,"2026-07-07T16:57:19.326Z",2026-07-07 13:57:19.326,"2026-07-07 13:57","down",72.174,236.79134616
80.428,3388.36,2948.06,3963.98,3447.97,11.178,"2026-07-07T16:57:19.326Z",2026-07-07 13:57:19.326,"2026-07-07 13:57","down",72.428,237.62467952
80.682,3388.13,2947.59,3963.93,3447.98,11.171,"2026-07-07T16:57:19.326Z",2026-07-07 13:57:19.326,"2026-07-07 13:57","down",72.682,238.45801288
80.936,3387.71,2947.05,3964.96,3448.95,11.168,"2026-07-07T16:57:19.326Z",2026-07-07 13:57:19.326,"2026-07-07 13:57","down",72.936,239.29134624
81.191,3387.66,2946.88,3965.43,3449.58,11.17,"2026-07-07T16:57:19.326Z",2026-07-07 13:57:19.326,"2026-07-07 13:57","down",73.191,240.12796044
81.445,3388.82,2947.63,3965.28,3449.81,11.172,"2026-07-07T16:57:19.326Z",2026-07-07 13:57:19.326,"2026-07-07 13:57","down",73.445,240.9612938
81.699,3389.38,2948.22,3966.07,3450.76,11.181,"2026-07-07T16:57:19.326Z",2026-07-07 13:57:19.326,"2026-07-07 13:57","down",73.699,241.79462716
81.953,3388.3,2947.36,3967.52,3451.87,11.179,"2026-07-07T16:57:19.326Z",2026-07-07 13:57:19.326,"2026-07-07 13:57","down",73.953,242.62796052
82.207,3388.14,2946.85,3968.03,3452.18,11.165,"2026-07-07T16:57:19.326Z",2026-07-07 13:57:19.326,"2026-07-07 13:57","down",74.207,243.46129388
82.462,3389.84,2947.85,3968.82,3452.9,11.153,"2026-07-07T16:57:19.326Z",2026-07-07 13:57:19.326,"2026-07-07 13:57","down",74.462,244.29790808
82.716,3388.79,2947.03,3970.04,3454.68,11.173,"2026-07-07T16:57:19.326Z",2026-07-07 13:57:19.326,"2026-07-07 13:57","down",74.716,245.13124144
82.97,3364.47,2929.81,3968.89,3458.4,11.4,"2026-07-07T16:57:19.326Z",2026-07-07 13:57:19.326,"2026-07-07 13:57","down",74.97,245.9645748
83.224,3261.7,2851.97,3985.69,3481.47,11.948,"2026-07-07T16:57:19.326Z",2026-07-07 13:57:19.326,"2026-07-07 13:57","down",75.224,246.79790816
83.478,3118.77,2733.92,4065.23,3555.3,12.265,"2026-07-07T16:57:19.326Z",2026-07-07 13:57:19.326,"2026-07-07 13:57","down",75.478,247.63124152
83.733,3041.84,2662.63,4200.79,3667.14,11.989,"2026-07-07T16:57:19.326Z",2026-07-07 13:57:19.326,"2026-07-07 13:57","up",75.267,246.93898428
83.987,3032.61,2645.62,4305.24,3746.85,11.448,"2026-07-07T16:57:19.326Z",2026-07-07 13:57:19.326,"2026-07-07 13:57","up",75.013,246.10565092
84.241,3036.43,2644.21,4341.24,3772.2,11.165,"2026-07-07T16:57:19.326Z",2026-07-07 13:57:19.326,"2026-07-07 13:57","up",74.759,245.27231756
84.495,3035.19,2642.39,4344.68,3774.26,11.121,"2026-07-07T16:57:19.326Z",2026-07-07 13:57:19.326,"2026-07-07 13:57","up",74.505,244.4389842
84.749,3034.21,2641.97,4342.49,3772.74,11.143,"2026-07-07T16:57:19.326Z",2026-07-07 13:57:19.326,"2026-07-07 13:57","up",74.251,243.60565084
85.004,3034.15,2642.21,4341.41,3772.1,11.159,"2026-07-07T16:57:19.326Z",2026-07-07 13:57:19.326,"2026-07-07 13:57","up",73.996,242.76903664
85.258,3032.33,2640.86,4341.13,3772.18,11.174,"2026-07-07T16:57:19.326Z",2026-07-07 13:57:19.326,"2026-07-07 13:57","up",73.742,241.93570328
85.512,3031.72,2639.76,4340.02,3771.68,11.166,"2026-07-07T16:57:19.326Z",2026-07-07 13:57:19.326,"2026-07-07 13:57","up",73.488,241.10236992
85.766,3032.27,2640.01,4339.5,3771.64,11.168,"2026-07-07T16:57:19.326Z",2026-07-07 13:57:19.326,"2026-07-07 13:57","up",73.234,240.26903656
86.02,3032.5,2640.25,4340.6,3772.65,11.17,"2026-07-07T16:57:19.326Z",2026-07-07 13:57:19.326,"2026-07-07 13:57","up",72.98,239.4357032
86.275,3032.05,2639.82,4341.68,3773.5,11.167,"2026-07-07T16:57:19.326Z",2026-07-07 13:57:19.326,"2026-07-07 13:57","up",72.725,238.599089
86.529,3033.07,2640.35,4342.13,3773.96,11.158,"2026-07-07T16:57:19.326Z",2026-07-07 13:57:19.326,"2026-07-07 13:57","up",72.471,237.76575564
86.783,3034.52,2641.61,4343.82,3775.33,11.155,"2026-07-07T16:57:19.326Z",2026-07-07 13:57:19.326,"2026-07-07 13:57","up",72.217,236.93242228
87.037,3034.09,2641.35,4346.7,3777.36,11.149,"2026-07-07T16:57:19.326Z",2026-07-07 13:57:19.326,"2026-07-07 13:57","up",71.963,236.09908892
87.291,3032.64,2640.21,4347.89,3778.17,11.147,"2026-07-07T16:57:19.326Z",2026-07-07 13:57:19.326,"2026-07-07 13:57","up",71.709,235.26575556
87.546,3032.59,2640.17,4347.55,3778.06,11.151,"2026-07-07T16:57:19.326Z",2026-07-07 13:57:19.326,"2026-07-07 13:57","up",71.454,234.42914136
87.8,3032.7,2640.44,4348.37,3778.88,11.159,"2026-07-07T16:57:19.326Z",2026-07-07 13:57:19.326,"2026-07-07 13:57","up",71.2,233.595808
88.054,3031.35,2639.55,4349.51,3779.85,11.168,"2026-07-07T16:57:19.326Z",2026-07-07 13:57:19.326,"2026-07-07 13:57","up",70.946,232.76247464
88.308,3030.42,2638.6,4348.78,3779.4,11.168,"2026-07-07T16:57:19.326Z",2026-07-07 13:57:19.326,"2026-07-07 13:57","up",70.692,231.92914128
88.562,3030.85,2638.58,4348.06,3778.91,11.158,"2026-07-07T16:57:19.326Z",2026-07-07 13:57:19.326,"2026-07-07 13:57","up",70.438,231.09580792
88.817,3030.64,2638.23,4349.21,3779.83,11.151,"2026-07-07T16:57:19.326Z",2026-07-07 13:57:19.326,"2026-07-07 13:57","up",70.183,230.25919372
89.071,3029.09,2637.07,4350.24,3780.81,11.159,"2026-07-07T16:57:19.326Z",2026-07-07 13:57:19.326,"2026-07-07 13:57","up",69.929,229.42586036
89.325,3029.22,2637.06,4350.09,3781.02,11.163,"2026-07-07T16:57:19.326Z",2026-07-07 13:57:19.326,"2026-07-07 13:57","up",69.675,228.592527
89.579,3030.97,2638.17,4351.1,3782.06,11.153,"2026-07-07T16:57:19.326Z",2026-07-07 13:57:19.326,"2026-07-07 13:57","up",69.421,227.75919364
89.833,3031.08,2638.24,4353.82,3784.23,11.148,"2026-07-07T16:57:19.326Z",2026-07-07 13:57:19.326,"2026-07-07 13:57","up",69.167,226.92586028
90.088,3029.28,2637,4354.98,3785.15,11.156,"2026-07-07T16:57:19.326Z",2026-07-07 13:57:19.326,"2026-07-07 13:57","up",68.912,226.08924608
90.342,3028.86,2636.59,4353.78,3784.41,11.162,"2026-07-07T16:57:19.326Z",2026-07-07 13:57:19.326,"2026-07-07 13:57","up",68.658,225.25591272
90.596,3029.85,2637.33,4353.53,3784.48,11.164,"2026-07-07T16:57:19.326Z",2026-07-07 13:57:19.326,"2026-07-07 13:57","up",68.404,224.42257936
90.85,3029.41,2636.83,4355.2,3785.77,11.157,"2026-07-07T16:57:19.326Z",2026-07-07 13:57:19.326,"2026-07-07 13:57","up",68.15,223.589246
91.104,3028.2,2635.71,4355.97,3786.18,11.149,"2026-07-07T16:57:19.326Z",2026-07-07 13:57:19.326,"2026-07-07 13:57","up",67.896,222.75591264
91.359,3028.45,2635.97,4355.55,3785.85,11.151,"2026-07-07T16:57:19.326Z",2026-07-07 13:57:19.326,"2026-07-07 13:57","up",67.641,221.91929844
91.613,3029.12,2636.65,4356.51,3786.8,11.157,"2026-07-07T16:57:19.326Z",2026-07-07 13:57:19.326,"2026-07-07 13:57","up",67.387,221.08596508
91.867,3027.8,2635.45,4357.97,3787.9,11.151,"2026-07-07T16:57:19.326Z",2026-07-07 13:57:19.326,"2026-07-07 13:57","up",67.133,220.25263172
92.121,3026.03,2633.68,4357.25,3787.16,11.141,"2026-07-07T16:57:19.326Z",2026-07-07 13:57:19.326,"2026-07-07 13:57","up",66.879,219.41929836
92.375,3025.83,2633.52,4355.6,3785.87,11.145,"2026-07-07T16:57:19.326Z",2026-07-07 13:57:19.326,"2026-07-07 13:57","up",66.625,218.585965
92.63,3025.53,2633.56,4355.65,3785.98,11.156,"2026-07-07T16:57:19.326Z",2026-07-07 13:57:19.326,"2026-07-07 13:57","up",66.37,217.7493508
92.884,3023.74,2632.23,4356.24,3786.39,11.161,"2026-07-07T16:57:19.326Z",2026-07-07 13:57:19.326,"2026-07-07 13:57","up",66.116,216.91601744
93.138,3022.25,2630.74,4355.24,3785.59,11.156,"2026-07-07T16:57:19.326Z",2026-07-07 13:57:19.326,"2026-07-07 13:57","up",65.862,216.08268408
93.392,3022.27,2630.54,4353.92,3784.88,11.159,"2026-07-07T16:57:19.326Z",2026-07-07 13:57:19.326,"2026-07-07 13:57","up",65.608,215.24935072
93.646,3022.16,2630.41,4354.14,3785.55,11.169,"2026-07-07T16:57:19.326Z",2026-07-07 13:57:19.326,"2026-07-07 13:57","up",65.354,214.41601736
93.901,3021.15,2629.46,4354.82,3786.39,11.172,"2026-07-07T16:57:19.326Z",2026-07-07 13:57:19.326,"2026-07-07 13:57","up",65.099,213.57940316
94.155,3020.76,2628.9,4354.7,3786.31,11.166,"2026-07-07T16:57:19.326Z",2026-07-07 13:57:19.326,"2026-07-07 13:57","up",64.845,212.7460698
94.409,3021.15,2629.3,4355.21,3786.53,11.162,"2026-07-07T16:57:19.326Z",2026-07-07 13:57:19.326,"2026-07-07 13:57","up",64.591,211.91273644
94.663,3020.7,2629.11,4357.12,3787.82,11.161,"2026-07-07T16:57:19.326Z",2026-07-07 13:57:19.326,"2026-07-07 13:57","up",64.337,211.07940308
94.917,3019.26,2627.74,4358.24,3788.54,11.151,"2026-07-07T16:57:19.326Z",2026-07-07 13:57:19.326,"2026-07-07 13:57","up",64.083,210.24606972
95.172,3018.63,2626.77,4357.64,3788.3,11.144,"2026-07-07T16:57:19.326Z",2026-07-07 13:57:19.326,"2026-07-07 13:57","up",63.828,209.40945552
95.426,3018.79,2626.83,4357.77,3788.94,11.154,"2026-07-07T16:57:19.326Z",2026-07-07 13:57:19.326,"2026-07-07 13:57","up",63.574,208.57612216
95.68,3018.45,2626.66,4359.24,3790.28,11.159,"2026-07-07T16:57:19.326Z",2026-07-07 13:57:19.326,"2026-07-07 13:57","up",63.32,207.7427888
95.934,3018.02,2626.6,4360.01,3790.38,11.156,"2026-07-07T16:57:19.326Z",2026-07-07 13:57:19.326,"2026-07-07 13:57","up",63.066,206.90945544
96.188,3018.7,2627.42,4360.23,3789.88,11.148,"2026-07-07T16:57:19.326Z",2026-07-07 13:57:19.326,"2026-07-07 13:57","up",62.812,206.07612208
96.443,3019.3,2628.13,4361.79,3790.88,11.147,"2026-07-07T16:57:19.326Z",2026-07-07 13:57:19.326,"2026-07-07 13:57","up",62.557,205.23950788
96.697,3018.24,2627.36,4363.63,3792.28,11.147,"2026-07-07T16:57:19.326Z",2026-07-07 13:57:19.326,"2026-07-07 13:57","up",62.303,204.40617452
96.951,3016.87,2626.12,4363.53,3792.18,11.145,"2026-07-07T16:57:19.326Z",2026-07-07 13:57:19.326,"2026-07-07 13:57","up",62.049,203.57284116
97.205,3016.75,2625.99,4362.66,3791.71,11.151,"2026-07-07T16:57:19.326Z",2026-07-07 13:57:19.326,"2026-07-07 13:57","up",61.795,202.7395078
97.459,3016.63,2625.89,4363.38,3792.45,11.153,"2026-07-07T16:57:19.326Z",2026-07-07 13:57:19.326,"2026-07-07 13:57","up",61.541,201.90617444
97.714,3015.57,2624.96,4364.22,3793.28,11.155,"2026-07-07T16:57:19.326Z",2026-07-07 13:57:19.326,"2026-07-07 13:57","up",61.286,201.06956024
97.968,3015.35,2624.76,4363.66,3793.23,11.165,"2026-07-07T16:57:19.326Z",2026-07-07 13:57:19.326,"2026-07-07 13:57","up",61.032,200.23622688
98.222,3016.29,2625.55,4364,3793.85,11.171,"2026-07-07T16:57:19.326Z",2026-07-07 13:57:19.326,"2026-07-07 13:57","up",60.778,199.40289352
98.476,3015.88,2625.33,4366.18,3795.72,11.174,"2026-07-07T16:57:19.326Z",2026-07-07 13:57:19.326,"2026-07-07 13:57","up",60.524,198.56956016
98.73,3014.15,2623.95,4367.17,3796.56,11.178,"2026-07-07T16:57:19.326Z",2026-07-07 13:57:19.326,"2026-07-07 13:57","up",60.27,197.7362268
98.985,3014.11,2623.83,4366.22,3796.04,11.182,"2026-07-07T16:57:19.326Z",2026-07-07 13:57:19.326,"2026-07-07 13:57","up",60.015,196.8996126
99.239,3015.43,2624.96,4366.77,3796.82,11.188,"2026-07-07T16:57:19.326Z",2026-07-07 13:57:19.326,"2026-07-07 13:57","up",59.761,196.06627924
99.493,3015.08,2624.89,4369.48,3798.99,11.191,"2026-07-07T16:57:19.326Z",2026-07-07 13:57:19.326,"2026-07-07 13:57","up",59.507,195.23294588
99.747,3013.64,2623.73,4370.74,3799.86,11.189,"2026-07-07T16:57:19.326Z",2026-07-07 13:57:19.326,"2026-07-07 13:57","up",59.253,194.39961252
100.001,3013.57,2623.59,4370.25,3799.6,11.191,"2026-07-07T16:57:19.326Z",2026-07-07 13:57:19.326,"2026-07-07 13:57","up",58.999,193.56627916
100.256,3014.52,2624.04,4370.98,3800.57,11.186,"2026-07-07T16:57:19.326Z",2026-07-07 13:57:19.326,"2026-07-07 13:57","up",58.744,192.72966496
100.51,3014.26,2623.76,4373.02,3802.42,11.186,"2026-07-07T16:57:19.326Z",2026-07-07 13:57:19.326,"2026-07-07 13:57","up",58.49,191.8963316
100.764,3013.53,2623.24,4374,3803.2,11.188,"2026-07-07T16:57:19.326Z",2026-07-07 13:57:19.326,"2026-07-07 13:57","up",58.236,191.06299824
101.018,3014.16,2623.72,4374.11,3803.43,11.189,"2026-07-07T16:57:19.326Z",2026-07-07 13:57:19.326,"2026-07-07 13:57","up",57.982,190.22966488
101.272,3014.92,2624.4,4375.5,3804.83,11.194,"2026-07-07T16:57:19.326Z",2026-07-07 13:57:19.326,"2026-07-07 13:57","up",57.728,189.39633152
101.526,3013.73,2623.61,4377.41,3806.46,11.201,"2026-07-07T16:57:19.326Z",2026-07-07 13:57:19.326,"2026-07-07 13:57","up",57.474,188.56299816
101.781,3012.58,2622.88,4377.65,3806.62,11.208,"2026-07-07T16:57:19.326Z",2026-07-07 13:57:19.326,"2026-07-07 13:57","up",57.219,187.72638396
102.035,3013.23,2623.51,4377.55,3806.69,11.214,"2026-07-07T16:57:19.326Z",2026-07-07 13:57:19.326,"2026-07-07 13:57","up",56.965,186.8930506
102.289,3013.09,2623.3,4378.98,3808.04,11.214,"2026-07-07T16:57:19.326Z",2026-07-07 13:57:19.326,"2026-07-07 13:57","up",56.711,186.05971724
102.543,3011.12,2621.68,4379.7,3808.65,11.216,"2026-07-07T16:57:19.326Z",2026-07-07 13:57:19.326,"2026-07-07 13:57","up",56.457,185.22638388
102.797,3010.22,2620.87,4378.38,3807.54,11.216,"2026-07-07T16:57:19.326Z",2026-07-07 13:57:19.326,"2026-07-07 13:57","up",56.203,184.39305052
103.052,3011.15,2621.5,4377.91,3807.11,11.21,"2026-07-07T16:57:19.326Z",2026-07-07 13:57:19.326,"2026-07-07 13:57","up",55.948,183.55643632
103.306,3011.22,2621.67,4379.68,3808.46,11.209,"2026-07-07T16:57:19.326Z",2026-07-07 13:57:19.326,"2026-07-07 13:57","up",55.694,182.72310296
103.56,3010.11,2620.79,4380.83,3809.41,11.211,"2026-07-07T16:57:19.326Z",2026-07-07 13:57:19.326,"2026-07-07 13:57","up",55.44,181.8897696
103.814,3010.29,2620.76,4380.26,3809.25,11.213,"2026-07-07T16:57:19.326Z",2026-07-07 13:57:19.326,"2026-07-07 13:57","up",55.186,181.05643624
104.068,3011.47,2621.52,4380.84,3810.06,11.211,"2026-07-07T16:57:19.326Z",2026-07-07 13:57:19.326,"2026-07-07 13:57","up",54.932,180.22310288
104.323,3011,2621.19,4382.93,3811.74,11.21,"2026-07-07T16:57:19.326Z",2026-07-07 13:57:19.326,"2026-07-07 13:57","up",54.677,179.38648868
104.577,3009.46,2619.93,4383.4,3812.06,11.211,"2026-07-07T16:57:19.326Z",2026-07-07 13:57:19.326,"2026-07-07 13:57","up",54.423,178.55315532
104.831,3009.67,2619.88,4382.18,3811.3,11.21,"2026-07-07T16:57:19.326Z",2026-07-07 13:57:19.326,"2026-07-07 13:57","up",54.169,177.71982196
105.085,3010.97,2621.06,4382.6,3811.98,11.219,"2026-07-07T16:57:19.326Z",2026-07-07 13:57:19.326,"2026-07-07 13:57","up",53.915,176.8864886
105.339,3010.77,2621.15,4384.95,3813.89,11.224,"2026-07-07T16:57:19.326Z",2026-07-07 13:57:19.326,"2026-07-07 13:57","up",53.661,176.05315524
105.594,3009.93,2620.37,4386.35,3814.69,11.213,"2026-07-07T16:57:19.326Z",2026-07-07 13:57:19.326,"2026-07-07 13:57","up",53.406,175.21654104
105.848,3010.42,2620.46,4386.5,3814.68,11.199,"2026-07-07T16:57:19.326Z",2026-07-07 13:57:19.326,"2026-07-07 13:57","up",53.152,174.38320768
106.102,3010.59,2620.51,4387.5,3815.53,11.196,"2026-07-07T16:57:19.326Z",2026-07-07 13:57:19.326,"2026-07-07 13:57","up",52.898,173.54987432
106.356,3008.99,2619.35,4388.56,3816.4,11.202,"2026-07-07T16:57:19.326Z",2026-07-07 13:57:19.326,"2026-07-07 13:57","up",52.644,172.71654096
106.61,3007.83,2618.52,4387.86,3816.07,11.214,"2026-07-07T16:57:19.326Z",2026-07-07 13:57:19.326,"2026-07-07 13:57","up",52.39,171.8832076
106.865,3008.24,2618.9,4387.21,3815.8,11.221,"2026-07-07T16:57:19.326Z",2026-07-07 13:57:19.326,"2026-07-07 13:57","up",52.135,171.0465934
107.119,3008.23,2618.71,4388.12,3816.62,11.216,"2026-07-07T16:57:19.326Z",2026-07-07 13:57:19.326,"2026-07-07 13:57","up",51.881,170.21326004
107.373,3007.02,2617.56,4388.74,3817.11,11.212,"2026-07-07T16:57:19.326Z",2026-07-07 13:57:19.326,"2026-07-07 13:57","up",51.627,169.37992668
107.627,3006.61,2617.19,4388.18,3816.65,11.212,"2026-07-07T16:57:19.326Z",2026-07-07 13:57:19.326,"2026-07-07 13:57","up",51.373,168.54659332
107.881,3006.9,2617.42,4388.14,3816.64,11.212,"2026-07-07T16:57:19.326Z",2026-07-07 13:57:19.326,"2026-07-07 13:57","up",51.119,167.71325996
108.136,3005.96,2616.64,4388.98,3817.28,11.211,"2026-07-07T16:57:19.326Z",2026-07-07 13:57:19.326,"2026-07-07 13:57","up",50.864,166.87664576
108.39,3004.71,2615.41,4388.91,3817.3,11.208,"2026-07-07T16:57:19.326Z",2026-07-07 13:57:19.326,"2026-07-07 13:57","up",50.61,166.0433124
108.644,3005.24,2615.57,4388.31,3816.9,11.201,"2026-07-07T16:57:19.326Z",2026-07-07 13:57:19.326,"2026-07-07 13:57","up",50.356,165.20997904
108.898,3006.22,2616.28,4389.18,3817.63,11.196,"2026-07-07T16:57:19.326Z",2026-07-07 13:57:19.326,"2026-07-07 13:57","up",50.102,164.37664568
109.152,3005.4,2615.68,4390.74,3818.9,11.198,"2026-07-07T16:57:19.326Z",2026-07-07 13:57:19.326,"2026-07-07 13:57","up",49.848,163.54331232
109.407,3004.05,2614.51,4390.75,3818.99,11.2,"2026-07-07T16:57:19.326Z",2026-07-07 13:57:19.326,"2026-07-07 13:57","up",49.593,162.70669812
109.661,3004.37,2614.79,4389.98,3818.57,11.205,"2026-07-07T16:57:19.326Z",2026-07-07 13:57:19.326,"2026-07-07 13:57","up",49.339,161.87336476
109.915,3005,2615.31,4390.61,3819.28,11.208,"2026-07-07T16:57:19.326Z",2026-07-07 13:57:19.326,"2026-07-07 13:57","up",49.085,161.0400314
110.169,3004.02,2614.53,4391.78,3820.15,11.207,"2026-07-07T16:57:19.326Z",2026-07-07 13:57:19.326,"2026-07-07 13:57","up",48.831,160.20669804
110.423,3002.91,2613.64,4391.31,3819.77,11.21,"2026-07-07T16:57:19.326Z",2026-07-07 13:57:19.326,"2026-07-07 13:57","up",48.577,159.37336468
110.678,3003.24,2613.57,4390.62,3819.37,11.203,"2026-07-07T16:57:19.326Z",2026-07-07 13:57:19.326,"2026-07-07 13:57","up",48.322,158.53675048
110.932,3003.16,2613.21,4391.73,3820.17,11.19,"2026-07-07T16:57:19.326Z",2026-07-07 13:57:19.326,"2026-07-07 13:57","up",48.068,157.70341712
111.186,3001.78,2611.81,4392.4,3820.73,11.183,"2026-07-07T16:57:19.326Z",2026-07-07 13:57:19.326,"2026-07-07 13:57","up",47.814,156.87008376
111.44,3001.26,2611.37,4391.05,3820.05,11.195,"2026-07-07T16:57:19.326Z",2026-07-07 13:57:19.326,"2026-07-07 13:57","up",47.56,156.0367504
111.694,3002.38,2612.25,4390.74,3820.05,11.197,"2026-07-07T16:57:19.326Z",2026-07-07 13:57:19.326,"2026-07-07 13:57","up",47.306,155.20341704
111.949,3002.72,2612.39,4392.81,3821.54,11.186,"2026-07-07T16:57:19.326Z",2026-07-07 13:57:19.326,"2026-07-07 13:57","up",47.051,154.36680284
112.203,3001.49,2611.29,4394.05,3822.42,11.18,"2026-07-07T16:57:19.326Z",2026-07-07 13:57:19.326,"2026-07-07 13:57","up",46.797,153.53346948
112.457,3001.54,2611.34,4393.63,3822.33,11.187,"2026-07-07T16:57:19.326Z",2026-07-07 13:57:19.326,"2026-07-07 13:57","up",46.543,152.70013612
112.711,3003.03,2612.54,4394.73,3823.45,11.187,"2026-07-07T16:57:19.326Z",2026-07-07 13:57:19.326,"2026-07-07 13:57","up",46.289,151.86680276
112.965,3002.44,2612.03,4397.5,3825.59,11.181,"2026-07-07T16:57:19.326Z",2026-07-07 13:57:19.326,"2026-07-07 13:57","up",46.035,151.0334694
113.22,3000.19,2610.19,4397.86,3825.88,11.185,"2026-07-07T16:57:19.326Z",2026-07-07 13:57:19.326,"2026-07-07 13:57","up",45.78,150.1968552
113.474,3000.2,2610.06,4395.67,3824.49,11.191,"2026-07-07T16:57:19.326Z",2026-07-07 13:57:19.326,"2026-07-07 13:57","up",45.526,149.36352184
113.728,3001.94,2611.32,4395.61,3824.71,11.189,"2026-07-07T16:57:19.326Z",2026-07-07 13:57:19.326,"2026-07-07 13:57","up",45.272,148.53018848
113.982,3001.66,2610.95,4398.05,3826.55,11.179,"2026-07-07T16:57:19.326Z",2026-07-07 13:57:19.326,"2026-07-07 13:57","up",45.018,147.69685512
114.236,2999.65,2609.41,4398.78,3826.89,11.179,"2026-07-07T16:57:19.326Z",2026-07-07 13:57:19.326,"2026-07-07 13:57","up",44.764,146.86352176
114.491,2999.04,2608.97,4397.26,3825.71,11.185,"2026-07-07T16:57:19.326Z",2026-07-07 13:57:19.326,"2026-07-07 13:57","up",44.509,146.02690756
114.745,2999.48,2609.33,4396.82,3825.47,11.187,"2026-07-07T16:57:19.326Z",2026-07-07 13:57:19.326,"2026-07-07 13:57","up",44.255,145.1935742
114.999,2998.75,2608.87,4397.79,3826.2,11.191,"2026-07-07T16:57:19.326Z",2026-07-07 13:57:19.326,"2026-07-07 13:57","up",44.001,144.36024084
115.253,2997.82,2607.84,4397.8,3826.11,11.182,"2026-07-07T16:57:19.326Z",2026-07-07 13:57:19.326,"2026-07-07 13:57","up",43.747,143.52690748
115.507,2997.95,2607.59,4397.06,3825.65,11.174,"2026-07-07T16:57:19.326Z",2026-07-07 13:57:19.326,"2026-07-07 13:57","up",43.493,142.69357412
115.762,2998.07,2607.59,4397.36,3826.27,11.178,"2026-07-07T16:57:19.326Z",2026-07-07 13:57:19.326,"2026-07-07 13:57","up",43.238,141.85695992
116.016,2997.27,2606.92,4398.23,3827.09,11.18,"2026-07-07T16:57:19.326Z",2026-07-07 13:57:19.326,"2026-07-07 13:57","up",42.984,141.02362656
116.27,2997.09,2606.86,4398.37,3827.05,11.18,"2026-07-07T16:57:19.326Z",2026-07-07 13:57:19.326,"2026-07-07 13:57","up",42.73,140.1902932
116.524,2997.51,2607.48,4398.75,3827.22,11.185,"2026-07-07T16:57:19.326Z",2026-07-07 13:57:19.326,"2026-07-07 13:57","up",42.476,139.35695984
116.778,2996.54,2607.14,4399.99,3828.21,11.199,"2026-07-07T16:57:19.326Z",2026-07-07 13:57:19.326,"2026-07-07 13:57","up",42.222,138.52362648
117.033,2994.93,2605.88,4400.14,3828.54,11.208,"2026-07-07T16:57:19.326Z",2026-07-07 13:57:19.326,"2026-07-07 13:57","up",41.967,137.68701228
117.287,2995.37,2605.78,4399.28,3828.22,11.202,"2026-07-07T16:57:19.326Z",2026-07-07 13:57:19.326,"2026-07-07 13:57","up",41.713,136.85367892
117.541,2996.96,2606.82,4400.27,3829.21,11.194,"2026-07-07T16:57:19.326Z",2026-07-07 13:57:19.326,"2026-07-07 13:57","up",41.459,136.02034556
117.795,2996.92,2607,4403.19,3831.51,11.195,"2026-07-07T16:57:19.326Z",2026-07-07 13:57:19.326,"2026-07-07 13:57","up",41.205,135.1870122
118.049,2995.92,2606.47,4404.95,3832.93,11.204,"2026-07-07T16:57:19.326Z",2026-07-07 13:57:19.326,"2026-07-07 13:57","up",40.951,134.35367884
118.304,2996.48,2606.97,4405.41,3833.41,11.206,"2026-07-07T16:57:19.326Z",2026-07-07 13:57:19.326,"2026-07-07 13:57","up",40.696,133.51706464
118.558,2997.75,2607.4,4407,3834.91,11.186,"2026-07-07T16:57:19.326Z",2026-07-07 13:57:19.326,"2026-07-07 13:57","up",40.442,132.68373128
118.812,2997.38,2606.36,4409.05,3836.83,11.166,"2026-07-07T16:57:19.326Z",2026-07-07 13:57:19.326,"2026-07-07 13:57","up",40.188,131.85039792
119.066,2996.34,2605.2,4409.49,3837.29,11.16,"2026-07-07T16:57:19.326Z",2026-07-07 13:57:19.326,"2026-07-07 13:57","up",39.934,131.01706456
119.32,2996.45,2605.04,4409.23,3837.1,11.152,"2026-07-07T16:57:19.326Z",2026-07-07 13:57:19.326,"2026-07-07 13:57","up",39.68,130.1837312
119.575,2996.64,2605.08,4410.16,3837.83,11.147,"2026-07-07T16:57:19.326Z",2026-07-07 13:57:19.326,"2026-07-07 13:57","up",39.425,129.347117
119.829,2995.26,2604.17,4411.24,3838.55,11.151,"2026-07-07T16:57:19.326Z",2026-07-07 13:57:19.326,"2026-07-07 13:57","up",39.171,128.51378364
120.083,2993.89,2603.22,4410.43,3837.85,11.159,"2026-07-07T16:57:19.326Z",2026-07-07 13:57:19.326,"2026-07-07 13:57","up",38.917,127.68045028
120.337,2994.58,2603.67,4409.42,3837.26,11.16,"2026-07-07T16:57:19.326Z",2026-07-07 13:57:19.326,"2026-07-07 13:57","up",38.663,126.84711692
120.591,2995.36,2604.23,4410.67,3838.53,11.161,"2026-07-07T16:57:19.326Z",2026-07-07 13:57:19.326,"2026-07-07 13:57","up",38.409,126.01378356
120.846,2994.42,2603.29,4412.34,3839.96,11.156,"2026-07-07T16:57:19.326Z",2026-07-07 13:57:19.326,"2026-07-07 13:57","up",38.154,125.17716936
121.1,2993.23,2602.22,4412.08,3839.95,11.16,"2026-07-07T16:57:19.326Z",2026-07-07 13:57:19.326,"2026-07-07 13:57","up",37.9,124.343836
121.354,2992.62,2601.77,4411.47,3839.67,11.168,"2026-07-07T16:57:19.326Z",2026-07-07 13:57:19.326,"2026-07-07 13:57","up",37.646,123.51050264
121.608,2991.71,2600.91,4411.73,3839.89,11.166,"2026-07-07T16:57:19.326Z",2026-07-07 13:57:19.326,"2026-07-07 13:57","up",37.392,122.67716928
121.862,2990.68,2599.82,4411.68,3839.74,11.157,"2026-07-07T16:57:19.326Z",2026-07-07 13:57:19.326,"2026-07-07 13:57","up",37.138,121.84383592
122.117,2991.06,2600.04,4411.26,3839.42,11.154,"2026-07-07T16:57:19.326Z",2026-07-07 13:57:19.326,"2026-07-07 13:57","up",36.883,121.00722172
122.371,2991.53,2600.59,4412.31,3840.36,11.159,"2026-07-07T16:57:19.326Z",2026-07-07 13:57:19.326,"2026-07-07 13:57","up",36.629,120.17388836
122.625,2990.58,2599.84,4414.07,3841.94,11.163,"2026-07-07T16:57:19.326Z",2026-07-07 13:57:19.326,"2026-07-07 13:57","up",36.375,119.340555
122.879,2989.68,2598.65,4414.16,3842.38,11.158,"2026-07-07T16:57:19.326Z",2026-07-07 13:57:19.326,"2026-07-07 13:57","up",36.121,118.50722164
123.133,2990.52,2598.78,4413.98,3842.5,11.145,"2026-07-07T16:57:19.326Z",2026-07-07 13:57:19.326,"2026-07-07 13:57","up",35.867,117.67388828
123.388,2991.57,2599.58,4415.83,3843.92,11.137,"2026-07-07T16:57:19.326Z",2026-07-07 13:57:19.326,"2026-07-07 13:57","up",35.612,116.83727408
123.642,2991.17,2599.29,4418.07,3845.72,11.135,"2026-07-07T16:57:19.326Z",2026-07-07 13:57:19.326,"2026-07-07 13:57","up",35.358,116.00394072
123.896,2990.74,2598.89,4418.59,3846.31,11.137,"2026-07-07T16:57:19.326Z",2026-07-07 13:57:19.326,"2026-07-07 13:57","up",35.104,115.17060736
124.15,2991.2,2599.02,4418.84,3846.75,11.134,"2026-07-07T16:57:19.326Z",2026-07-07 13:57:19.326,"2026-07-07 13:57","up",34.85,114.337274
124.404,2990.71,2598.58,4420.26,3848.05,11.134,"2026-07-07T16:57:19.326Z",2026-07-07 13:57:19.326,"2026-07-07 13:57","up",34.596,113.50394064
124.659,2989.03,2597.42,4420.97,3848.46,11.14,"2026-07-07T16:57:19.326Z",2026-07-07 13:57:19.326,"2026-07-07 13:57","up",34.341,112.66732644
124.913,2988.75,2597.04,4420,3847.64,11.136,"2026-07-07T16:57:19.326Z",2026-07-07 13:57:19.326,"2026-07-07 13:57","up",34.087,111.83399308
125.167,2990.1,2597.8,4419.95,3847.89,11.129,"2026-07-07T16:57:19.326Z",2026-07-07 13:57:19.326,"2026-07-07 13:57","up",33.833,111.00065972
125.421,2989.95,2597.58,4421.78,3849.52,11.127,"2026-07-07T16:57:19.326Z",2026-07-07 13:57:19.326,"2026-07-07 13:57","up",33.579,110.16732636
125.675,2988.32,2596.49,4422.28,3849.81,11.134,"2026-07-07T16:57:19.326Z",2026-07-07 13:57:19.326,"2026-07-07 13:57","up",33.325,109.333993
125.93,2988.12,2596.27,4420.84,3848.7,11.136,"2026-07-07T16:57:19.326Z",2026-07-07 13:57:19.326,"2026-07-07 13:57","up",33.07,108.4973788
126.184,2988.81,2596.75,4420.85,3849.04,11.139,"2026-07-07T16:57:19.326Z",2026-07-07 13:57:19.326,"2026-07-07 13:57","up",32.816,107.66404544
126.438,2987.91,2596.08,4422.61,3850.52,11.142,"2026-07-07T16:57:19.326Z",2026-07-07 13:57:19.326,"2026-07-07 13:57","up",32.562,106.83071208
126.692,2986.46,2594.86,4423,3850.85,11.143,"2026-07-07T16:57:19.326Z",2026-07-07 13:57:19.326,"2026-07-07 13:57","up",32.308,105.99737872
126.946,2986.81,2595.18,4422.13,3850.45,11.151,"2026-07-07T16:57:19.326Z",2026-07-07 13:57:19.326,"2026-07-07 13:57","up",32.054,105.16404536
127.201,2987.65,2596.15,4422.82,3851.19,11.162,"2026-07-07T16:57:19.326Z",2026-07-07 13:57:19.326,"2026-07-07 13:57","up",31.799,104.32743116
127.455,2986.81,2595.81,4424.46,3852.54,11.173,"2026-07-07T16:57:19.326Z",2026-07-07 13:57:19.326,"2026-07-07 13:57","up",31.545,103.4940978
127.709,2985.63,2594.9,4424.34,3852.46,11.177,"2026-07-07T16:57:19.326Z",2026-07-07 13:57:19.326,"2026-07-07 13:57","up",31.291,102.66076444
127.963,2986.17,2595.21,4423.4,3851.73,11.174,"2026-07-07T16:57:19.326Z",2026-07-07 13:57:19.326,"2026-07-07 13:57","up",31.037,101.82743108
128.217,2986.9,2595.92,4424.19,3852.39,11.176,"2026-07-07T16:57:19.326Z",2026-07-07 13:57:19.326,"2026-07-07 13:57","up",30.783,100.99409772
128.472,2985.85,2595.4,4425.62,3853.47,11.185,"2026-07-07T16:57:19.326Z",2026-07-07 13:57:19.326,"2026-07-07 13:57","up",30.528,100.15748352
128.726,2984.79,2594.71,4425.2,3853.32,11.197,"2026-07-07T16:57:19.326Z",2026-07-07 13:57:19.326,"2026-07-07 13:57","up",30.274,99.32415016
128.98,2985.3,2595.23,4424.52,3853.12,11.208,"2026-07-07T16:57:19.326Z",2026-07-07 13:57:19.326,"2026-07-07 13:57","up",30.02,98.4908168
129.234,2985.61,2595.72,4425.56,3854.19,11.218,"2026-07-07T16:57:19.326Z",2026-07-07 13:57:19.326,"2026-07-07 13:57","up",29.766,97.65748344
129.488,2984.73,2595.17,4426.52,3855.23,11.23,"2026-07-07T16:57:19.326Z",2026-07-07 13:57:19.326,"2026-07-07 13:57","up",29.512,96.82415008
129.743,2984.64,2595.12,4426.11,3855.13,11.236,"2026-07-07T16:57:19.326Z",2026-07-07 13:57:19.326,"2026-07-07 13:57","up",29.257,95.98753588
129.997,2985.97,2596.03,4426.33,3855.52,11.233,"2026-07-07T16:57:19.326Z",2026-07-07 13:57:19.326,"2026-07-07 13:57","up",29.003,95.15420252
130.251,2986.84,2596.83,4428.3,3857.14,11.232,"2026-07-07T16:57:19.326Z",2026-07-07 13:57:19.326,"2026-07-07 13:57","up",28.749,94.32086916
130.505,2986.69,2597.18,4430.2,3858.51,11.241,"2026-07-07T16:57:19.326Z",2026-07-07 13:57:19.326,"2026-07-07 13:57","up",28.495,93.4875358
130.759,2986.44,2597.66,4430.96,3859.12,11.263,"2026-07-07T16:57:19.326Z",2026-07-07 13:57:19.326,"2026-07-07 13:57","up",28.241,92.65420244
131.014,2985.63,2597.7,4431.49,3859.77,11.291,"2026-07-07T16:57:19.326Z",2026-07-07 13:57:19.326,"2026-07-07 13:57","up",27.986,91.81758824
131.268,2984.01,2596.73,4431.56,3859.98,11.308,"2026-07-07T16:57:19.326Z",2026-07-07 13:57:19.326,"2026-07-07 13:57","up",27.732,90.98425488
131.522,2983.27,2596.12,4430.31,3859.23,11.317,"2026-07-07T16:57:19.326Z",2026-07-07 13:57:19.326,"2026-07-07 13:57","up",27.478,90.15092152
131.776,2984.9,2597.33,4429.75,3859.25,11.321,"2026-07-07T16:57:19.326Z",2026-07-07 13:57:19.326,"2026-07-07 13:57","up",27.224,89.31758816
132.03,2986.14,2598.61,4432.09,3861.34,11.329,"2026-07-07T16:57:19.326Z",2026-07-07 13:57:19.326,"2026-07-07 13:57","up",26.97,88.4842548
132.285,2985,2597.98,4434.69,3863.25,11.333,"2026-07-07T16:57:19.326Z",2026-07-07 13:57:19.326,"2026-07-07 13:57","up",26.715,87.6476406
132.539,2983.29,2596.62,4434.52,3862.96,11.334,"2026-07-07T16:57:19.326Z",2026-07-07 13:57:19.326,"2026-07-07 13:57","up",26.461,86.81430724
132.793,2983.12,2596.53,4433.22,3862.08,11.341,"2026-07-07T16:57:19.326Z",2026-07-07 13:57:19.326,"2026-07-07 13:57","up",26.207,85.98097388
133.047,2983.44,2596.99,4433.61,3862.6,11.351,"2026-07-07T16:57:19.326Z",2026-07-07 13:57:19.326,"2026-07-07 13:57","up",25.953,85.14764052
133.301,2982.71,2596.66,4434.75,3863.62,11.361,"2026-07-07T16:57:19.326Z",2026-07-07 13:57:19.326,"2026-07-07 13:57","up",25.699,84.31430716
133.556,2982.13,2596.17,4434.78,3863.66,11.362,"2026-07-07T16:57:19.326Z",2026-07-07 13:57:19.326,"2026-07-07 13:57","up",25.444,83.47769296
133.81,2982.04,2596.11,4434.58,3863.61,11.365,"2026-07-07T16:57:19.326Z",2026-07-07 13:57:19.326,"2026-07-07 13:57","up",25.19,82.6443596
134.064,2981.77,2596.06,4435.14,3864.36,11.377,"2026-07-07T16:57:19.326Z",2026-07-07 13:57:19.326,"2026-07-07 13:57","up",24.936,81.81102624
134.318,2981.61,2596.01,4435.81,3865.15,11.384,"2026-07-07T16:57:19.326Z",2026-07-07 13:57:19.326,"2026-07-07 13:57","up",24.682,80.97769288
134.572,2982.5,2596.85,4436.81,3866.16,11.389,"2026-07-07T16:57:19.326Z",2026-07-07 13:57:19.326,"2026-07-07 13:57","up",24.428,80.14435952
134.827,2983.33,2597.8,4438.9,3867.99,11.397,"2026-07-07T16:57:19.326Z",2026-07-07 13:57:19.326,"2026-07-07 13:57","up",24.173,79.30774532
135.081,2982.91,2597.24,4440.96,3869.85,11.392,"2026-07-07T16:57:19.326Z",2026-07-07 13:57:19.326,"2026-07-07 13:57","up",23.919,78.47441196
135.335,2982.15,2596.25,4441.35,3870.37,11.386,"2026-07-07T16:57:19.326Z",2026-07-07 13:57:19.326,"2026-07-07 13:57","up",23.665,77.6410786
135.589,2982.61,2596.52,4440.98,3870.31,11.387,"2026-07-07T16:57:19.326Z",2026-07-07 13:57:19.326,"2026-07-07 13:57","up",23.411,76.80774524
135.843,2983.14,2596.97,4441.92,3871.19,11.388,"2026-07-07T16:57:19.326Z",2026-07-07 13:57:19.326,"2026-07-07 13:57","up",23.157,75.97441188
136.098,2982.68,2596.4,4443.45,3872.37,11.379,"2026-07-07T16:57:19.326Z",2026-07-07 13:57:19.326,"2026-07-07 13:57","up",22.902,75.13779768
136.352,2982.47,2595.94,4444.05,3872.9,11.37,"2026-07-07T16:57:19.326Z",2026-07-07 13:57:19.326,"2026-07-07 13:57","up",22.648,74.30446432
136.606,2983.31,2596.71,4444.76,3873.65,11.374,"2026-07-07T16:57:19.326Z",2026-07-07 13:57:19.326,"2026-07-07 13:57","up",22.394,73.47113096
136.86,2983.17,2596.97,4446.45,3875.21,11.388,"2026-07-07T16:57:19.326Z",2026-07-07 13:57:19.326,"2026-07-07 13:57","up",22.14,72.6377976
137.114,2981.9,2595.95,4447.29,3876.07,11.394,"2026-07-07T16:57:19.326Z",2026-07-07 13:57:19.326,"2026-07-07 13:57","up",21.886,71.80446424
137.369,2981.5,2595.24,4446.45,3875.56,11.387,"2026-07-07T16:57:19.326Z",2026-07-07 13:57:19.326,"2026-07-07 13:57","up",21.631,70.96785004
137.623,2982.2,2595.96,4446.43,3875.56,11.391,"2026-07-07T16:57:19.326Z",2026-07-07 13:57:19.326,"2026-07-07 13:57","up",21.377,70.13451668
137.877,2981.85,2596.21,4448.26,3877.02,11.406,"2026-07-07T16:57:19.326Z",2026-07-07 13:57:19.326,"2026-07-07 13:57","up",21.123,69.30118332
138.131,2979.85,2594.79,4449.02,3877.69,11.417,"2026-07-07T16:57:19.326Z",2026-07-07 13:57:19.326,"2026-07-07 13:57","up",20.869,68.46784996
138.385,2978.63,2593.49,4447.49,3876.39,11.41,"2026-07-07T16:57:19.326Z",2026-07-07 13:57:19.326,"2026-07-07 13:57","up",20.615,67.6345166
138.64,2978.95,2593.59,4446.37,3875.54,11.406,"2026-07-07T16:57:19.326Z",2026-07-07 13:57:19.326,"2026-07-07 13:57","up",20.36,66.7979024
138.894,2978.74,2593.51,4447.17,3876.41,11.414,"2026-07-07T16:57:19.326Z",2026-07-07 13:57:19.326,"2026-07-07 13:57","up",20.106,65.96456904
139.148,2977.54,2592.46,4447.83,3877.19,11.418,"2026-07-07T16:57:19.326Z",2026-07-07 13:57:19.326,"2026-07-07 13:57","up",19.852,65.13123568
139.402,2977.16,2591.87,4447.62,3877.15,11.413,"2026-07-07T16:57:19.326Z",2026-07-07 13:57:19.326,"2026-07-07 13:57","up",19.598,64.29790232
139.656,2977.35,2591.94,4447.95,3877.64,11.414,"2026-07-07T16:57:19.326Z",2026-07-07 13:57:19.326,"2026-07-07 13:57","up",19.344,63.46456896
139.911,2976.48,2591.28,4448.67,3878.51,11.422,"2026-07-07T16:57:19.326Z",2026-07-07 13:57:19.326,"2026-07-07 13:57","up",19.089,62.62795476
140.165,2975.42,2590.49,4448.44,3878.42,11.429,"2026-07-07T16:57:19.326Z",2026-07-07 13:57:19.326,"2026-07-07 13:57","up",18.835,61.7946214
140.419,2975.87,2590.84,4447.9,3878.11,11.431,"2026-07-07T16:57:19.326Z",2026-07-07 13:57:19.326,"2026-07-07 13:57","up",18.581,60.96128804
140.673,2976.92,2591.54,4448.76,3879.01,11.428,"2026-07-07T16:57:19.326Z",2026-07-07 13:57:19.326,"2026-07-07 13:57","up",18.327,60.12795468
140.927,2976.9,2591.52,4450.39,3880.35,11.426,"2026-07-07T16:57:19.326Z",2026-07-07 13:57:19.326,"2026-07-07 13:57","up",18.073,59.29462132
141.182,2976.54,2591.3,4450.94,3880.78,11.428,"2026-07-07T16:57:19.326Z",2026-07-07 13:57:19.326,"2026-07-07 13:57","up",17.818,58.45800712
141.436,2976.72,2591.17,4451.05,3881.03,11.422,"2026-07-07T16:57:19.326Z",2026-07-07 13:57:19.326,"2026-07-07 13:57","up",17.564,57.62467376
141.69,2976.3,2590.62,4451.83,3881.9,11.42,"2026-07-07T16:57:19.326Z",2026-07-07 13:57:19.326,"2026-07-07 13:57","up",17.31,56.7913404
141.944,2975.17,2589.44,4452.07,3882.29,11.417,"2026-07-07T16:57:19.326Z",2026-07-07 13:57:19.326,"2026-07-07 13:57","up",17.056,55.95800704
142.198,2974.89,2588.9,4451.46,3882.25,11.418,"2026-07-07T16:57:19.326Z",2026-07-07 13:57:19.326,"2026-07-07 13:57","up",16.802,55.12467368
142.453,2975.53,2589.22,4452.02,3883.21,11.421,"2026-07-07T16:57:19.326Z",2026-07-07 13:57:19.326,"2026-07-07 13:57","up",16.547,54.28805948
142.707,2975.16,2588.94,4453.97,3884.88,11.422,"2026-07-07T16:57:19.326Z",2026-07-07 13:57:19.326,"2026-07-07 13:57","up",16.293,53.45472612
142.961,2973.99,2587.87,4454.84,3885.6,11.419,"2026-07-07T16:57:19.326Z",2026-07-07 13:57:19.326,"2026-07-07 13:57","up",16.039,52.62139276
143.215,2973.84,2587.13,4454.36,3885.73,11.411,"2026-07-07T16:57:19.326Z",2026-07-07 13:57:19.326,"2026-07-07 13:57","up",15.785,51.7880594
143.469,2973.98,2586.28,4454.89,3886.79,11.393,"2026-07-07T16:57:19.326Z",2026-07-07 13:57:19.326,"2026-07-07 13:57","up",15.531,50.95472604
143.724,2972.72,2584.16,4456.34,3888.36,11.366,"2026-07-07T16:57:19.326Z",2026-07-07 13:57:19.326,"2026-07-07 13:57","up",15.276,50.11811184
143.978,2971.13,2581.89,4456.41,3888.86,11.346,"2026-07-07T16:57:19.326Z",2026-07-07 13:57:19.326,"2026-07-07 13:57","up",15.022,49.28477848
144.232,2971.04,2581.05,4455.66,3888.81,11.335,"2026-07-07T16:57:19.326Z",2026-07-07 13:57:19.326,"2026-07-07 13:57","up",14.768,48.45144512
144.486,2970.92,2580.51,4456.27,3889.78,11.33,"2026-07-07T16:57:19.326Z",2026-07-07 13:57:19.326,"2026-07-07 13:57","up",14.514,47.61811176
144.74,2969.32,2578.39,4457.19,3890.73,11.309,"2026-07-07T16:57:19.326Z",2026-07-07 13:57:19.326,"2026-07-07 13:57","up",14.26,46.7847784
144.995,2967.97,2576.45,4456.25,3889.89,11.284,"2026-07-07T16:57:19.326Z",2026-07-07 13:57:19.326,"2026-07-07 13:57","up",14.005,45.9481642
145.249,2968.23,2576.19,4455.09,3889.1,11.273,"2026-07-07T16:57:19.326Z",2026-07-07 13:57:19.326,"2026-07-07 13:57","up",13.751,45.11483084
145.503,2968.58,2576.45,4456.07,3890.41,11.282,"2026-07-07T16:57:19.326Z",2026-07-07 13:57:19.326,"2026-07-07 13:57","up",13.497,44.28149748
145.757,2967.52,2575.49,4457.62,3892.54,11.297,"2026-07-07T16:57:19.326Z",2026-07-07 13:57:19.326,"2026-07-07 13:57","up",13.243,43.44816412
146.011,2966.46,2574.31,4457.43,3892.84,11.299,"2026-07-07T16:57:19.326Z",2026-07-07 13:57:19.326,"2026-07-07 13:57","up",12.989,42.61483076
146.266,2966.42,2573.89,4456.74,3891.67,11.274,"2026-07-07T16:57:19.326Z",2026-07-07 13:57:19.326,"2026-07-07 13:57","up",12.734,41.77821656
146.52,2965.93,2573.27,4457.28,3890.64,11.235,"2026-07-07T16:57:19.326Z",2026-07-07 13:57:19.326,"2026-07-07 13:57","up",12.48,40.9448832
146.774,2964.87,2572.35,4457.61,3889.7,11.209,"2026-07-07T16:57:19.326Z",2026-07-07 13:57:19.326,"2026-07-07 13:57","up",12.226,40.11154984
147.028,2965.18,2572.52,4457.15,3889.54,11.21,"2026-07-07T16:57:19.326Z",2026-07-07 13:57:19.326,"2026-07-07 13:57","up",11.972,39.27821648
147.282,2966.41,2573.65,4457.78,3890.68,11.225,"2026-07-07T16:57:19.326Z",2026-07-07 13:57:19.326,"2026-07-07 13:57","up",11.718,38.44488312
147.537,2966.13,2573.65,4460.03,3892.35,11.227,"2026-07-07T16:57:19.326Z",2026-07-07 13:57:19.326,"2026-07-07 13:57","up",11.463,37.60826892
147.791,2964.66,2572.49,4461.24,3892.44,11.21,"2026-07-07T16:57:19.326Z",2026-07-07 13:57:19.326,"2026-07-07 13:57","up",11.209,36.77493556
148.045,2964.24,2572.12,4460.45,3891.05,11.195,"2026-07-07T16:57:19.326Z",2026-07-07 13:57:19.326,"2026-07-07 13:57","up",10.955,35.9416022
148.299,2964.91,2572.48,4460.26,3890.68,11.183,"2026-07-07T16:57:19.326Z",2026-07-07 13:57:19.326,"2026-07-07 13:57","up",10.701,35.10826884
148.553,2964.52,2572.09,4461.6,3891.35,11.171,"2026-07-07T16:57:19.326Z",2026-07-07 13:57:19.326,"2026-07-07 13:57","up",10.447,34.27493548
148.808,2963.4,2571.31,4462.34,3891.1,11.157,"2026-07-07T16:57:19.326Z",2026-07-07 13:57:19.326,"2026-07-07 13:57","up",10.192,33.43832128
149.062,2963.41,2571.41,4462.09,3890.23,11.147,"2026-07-07T16:57:19.326Z",2026-07-07 13:57:19.326,"2026-07-07 13:57","up",9.93799999999999,32.60498792
149.316,2964.2,2572.01,4462.74,3890.67,11.141,"2026-07-07T16:57:19.326Z",2026-07-07 13:57:19.326,"2026-07-07 13:57","up",9.684,31.77165456
149.57,2964.53,2571.93,4464.3,3891.93,11.127,"2026-07-07T16:57:19.326Z",2026-07-07 13:57:19.326,"2026-07-07 13:57","up",9.43000000000001,30.9383212
149.824,2964.53,2570.01,4465.35,3892.26,11.052,"2026-07-07T16:57:19.326Z",2026-07-07 13:57:19.326,"2026-07-07 13:57","up",9.17599999999999,30.10498784
150.079,2964.24,2566.64,4466.12,3890.63,10.9,"2026-07-07T16:57:19.326Z",2026-07-07 13:57:19.326,"2026-07-07 13:57","up",8.92099999999999,29.26837364
150.333,2962.54,2562.52,4466.78,3886.59,10.715,"2026-07-07T16:57:19.326Z",2026-07-07 13:57:19.326,"2026-07-07 13:57","up",8.667,28.43504028
150.587,2959.64,2558.03,4465.98,3881.11,10.548,"2026-07-07T16:57:19.326Z",2026-07-07 13:57:19.326,"2026-07-07 13:57","up",8.41300000000001,27.60170692
150.841,2957.88,2555.1,4463.39,3875.93,10.439,"2026-07-07T16:57:19.326Z",2026-07-07 13:57:19.326,"2026-07-07 13:57","up",8.15899999999999,26.76837356
151.095,2958.15,2554.02,4461.61,3872.62,10.358,"2026-07-07T16:57:19.326Z",2026-07-07 13:57:19.326,"2026-07-07 13:57","up",7.905,25.9350402
151.35,2958.22,2553.25,4462.1,3871.48,10.297,"2026-07-07T16:57:19.326Z",2026-07-07 13:57:19.326,"2026-07-07 13:57","up",7.65000000000001,25.098426
151.604,2957.08,2552.11,4462.74,3870.89,10.268,"2026-07-07T16:57:19.326Z",2026-07-07 13:57:19.326,"2026-07-07 13:57","up",7.39599999999999,24.26509264
151.858,2956.34,2551.34,4462.4,3870.28,10.257,"2026-07-07T16:57:19.326Z",2026-07-07 13:57:19.326,"2026-07-07 13:57","up",7.142,23.43175928
152.112,2956.14,2551.79,4462.46,3870.75,10.286,"2026-07-07T16:57:19.326Z",2026-07-07 13:57:19.326,"2026-07-07 13:57","up",6.888,22.59842592
152.366,2955.38,2552.4,4463.29,3872.22,10.343,"2026-07-07T16:57:19.326Z",2026-07-07 13:57:19.326,"2026-07-07 13:57","up",6.63399999999999,21.76509256
152.621,2954.71,2553.41,4463.39,3873.78,10.427,"2026-07-07T16:57:19.326Z",2026-07-07 13:57:19.326,"2026-07-07 13:57","up",6.37899999999999,20.92847836
152.875,2955.8,2556.44,4463.09,3876.37,10.556,"2026-07-07T16:57:19.326Z",2026-07-07 13:57:19.326,"2026-07-07 13:57","up",6.125,20.095145
153.129,2957.41,2560.81,4464.4,3881.49,10.739,"2026-07-07T16:57:19.326Z",2026-07-07 13:57:19.326,"2026-07-07 13:57","up",5.87100000000001,19.26181164
153.383,2957.58,2564.71,4466.84,3888.38,10.964,"2026-07-07T16:57:19.326Z",2026-07-07 13:57:19.326,"2026-07-07 13:57","up",5.61699999999999,18.42847828
153.637,2957.22,2568.74,4468.32,3895.33,11.227,"2026-07-07T16:57:19.326Z",2026-07-07 13:57:19.326,"2026-07-07 13:57","up",5.363,17.59514492
153.892,2958.6,2574.83,4469.3,3903.02,11.534,"2026-07-07T16:57:19.326Z",2026-07-07 13:57:19.326,"2026-07-07 13:57","up",5.108,16.75853072
154.146,2961.26,2582.47,4472.04,3913.29,11.877,"2026-07-07T16:57:19.326Z",2026-07-07 13:57:19.326,"2026-07-07 13:57","up",4.85400000000001,15.92519736
154.4,2963.27,2590.45,4476.08,3925.58,12.268,"2026-07-07T16:57:19.326Z",2026-07-07 13:57:19.326,"2026-07-07 13:57","up",4.59999999999999,15.091864
154.654,2964.82,2599.21,4479.55,3938.48,12.721,"2026-07-07T16:57:19.326Z",2026-07-07 13:57:19.326,"2026-07-07 13:57","up",4.346,14.25853064
154.908,2967.2,2609.83,4483,3952.9,13.244,"2026-07-07T16:57:19.326Z",2026-07-07 13:57:19.326,"2026-07-07 13:57","up",4.09200000000001,13.42519728
155.163,2969.66,2621.77,4487.53,3970.11,13.846,"2026-07-07T16:57:19.326Z",2026-07-07 13:57:19.326,"2026-07-07 13:57","up",3.83699999999999,12.58858308
155.417,2972.2,2634.98,4492.07,3989.28,14.529,"2026-07-07T16:57:19.326Z",2026-07-07 13:57:19.326,"2026-07-07 13:57","up",3.583,11.75524972
155.671,2976.25,2650.58,4496.46,4010.47,15.291,"2026-07-07T16:57:19.326Z",2026-07-07 13:57:19.326,"2026-07-07 13:57","up",3.32900000000001,10.92191636
155.925,2981.37,2668.59,4502.8,4035.41,16.142,"2026-07-07T16:57:19.326Z",2026-07-07 13:57:19.326,"2026-07-07 13:57","up",3.07499999999999,10.088583
156.179,2985.54,2687.76,4511.12,4063.83,17.093,"2026-07-07T16:57:19.326Z",2026-07-07 13:57:19.326,"2026-07-07 13:57","up",2.821,9.25524963999999
156.434,2989.61,2709.48,4518.72,4094.51,18.19,"2026-07-07T16:57:19.326Z",2026-07-07 13:57:19.326,"2026-07-07 13:57","up",2.566,8.41863544000001
156.688,2995.8,2735.91,4525.7,4129.05,19.471,"2026-07-07T16:57:19.326Z",2026-07-07 13:57:19.326,"2026-07-07 13:57","up",2.31200000000001,7.58530208000004
156.942,3003.46,2765.87,4535.06,4170.06,20.912,"2026-07-07T16:57:19.326Z",2026-07-07 13:57:19.326,"2026-07-07 13:57","up",2.05799999999999,6.75196871999998
157.196,3010.29,2796.32,4546.75,4216.14,22.451,"2026-07-07T16:57:19.326Z",2026-07-07 13:57:19.326,"2026-07-07 13:57","up",1.804,5.91863536000001
157.45,3018.46,2831.59,4557.99,4265.13,24.173,"2026-07-07T16:57:19.326Z",2026-07-07 13:57:19.326,"2026-07-07 13:57","up",1.55000000000001,5.08530200000004
157.705,3031.6,2883.84,4570.45,4324.46,26.484,"2026-07-07T16:57:19.326Z",2026-07-07 13:57:19.326,"2026-07-07 13:57","up",1.29499999999999,4.24868779999996
157.959,3047.21,2951.07,4590.16,4408.31,29.567,"2026-07-07T16:57:19.326Z",2026-07-07 13:57:19.326,"2026-07-07 13:57","up",1.041,3.41535443999999
158.213,3058.68,3009.09,4617.94,4513.25,32.754,"2026-07-07T16:57:19.326Z",2026-07-07 13:57:19.326,"2026-07-07 13:57","up",0.787000000000006,2.58202108000002
158.467,3062.4,3033.9,4646.38,4607.24,34.85,"2026-07-07T16:57:19.326Z",2026-07-07 13:57:19.326,"2026-07-07 13:57","up",0.532999999999987,1.74868771999996
158.721,3061.96,3033.8,4664.34,4655.92,35.516,"2026-07-07T16:57:19.326Z",2026-07-07 13:57:19.326,"2026-07-07 13:57","up",0.278999999999996,0.915354359999988
158.976,3067.19,3040.49,4667.52,4665.87,35.709,"2026-07-07T16:57:19.326Z",2026-07-07 13:57:19.326,"2026-07-07 13:57","up",0.0240000000000009,0.078740160000003
8.235,3424.37,3330.13,3713.81,3602.36,33.916,"2026-07-07T22:58:51.650Z",2026-07-07 19:58:51.65,"2026-07-07 19:58","down",0.234999999999999,0.770997399999998
8.49,3413.67,3306.87,3707.48,3581.69,33.143,"2026-07-07T22:58:51.650Z",2026-07-07 19:58:51.65,"2026-07-07 19:58","down",0.49,1.6076116
8.744,3399.13,3266.81,3703.9,3560.72,31.901,"2026-07-07T22:58:51.650Z",2026-07-07 19:58:51.65,"2026-07-07 19:58","down",0.744,2.44094496
8.998,3382.48,3209.39,3696.59,3521.45,29.8,"2026-07-07T22:58:51.650Z",2026-07-07 19:58:51.65,"2026-07-07 19:58","down",0.997999999999999,3.27427832
9.252,3367.43,3150.08,3683.47,3463.61,27.236,"2026-07-07T22:58:51.650Z",2026-07-07 19:58:51.65,"2026-07-07 19:58","down",1.252,4.10761168
9.506,3357.41,3102.3,3668.93,3403.43,24.836,"2026-07-07T22:58:51.650Z",2026-07-07 19:58:51.65,"2026-07-07 19:58","down",1.506,4.94094504
9.761,3348.9,3063.68,3657.47,3353.87,22.868,"2026-07-07T22:58:51.650Z",2026-07-07 19:58:51.65,"2026-07-07 19:58","down",1.761,5.77755924
10.015,3339.94,3028.96,3648.38,3313.48,21.211,"2026-07-07T22:58:51.650Z",2026-07-07 19:58:51.65,"2026-07-07 19:58","down",2.015,6.6108926
10.269,3333.06,2998.69,3639.85,3277.5,19.731,"2026-07-07T22:58:51.650Z",2026-07-07 19:58:51.65,"2026-07-07 19:58","down",2.269,7.44422596
10.523,3328.45,2973.38,3632.98,3246.24,18.423,"2026-07-07T22:58:51.650Z",2026-07-07 19:58:51.65,"2026-07-07 19:58","down",2.523,8.27755932
10.777,3322.69,2950.37,3627.85,3219.85,17.301,"2026-07-07T22:58:51.650Z",2026-07-07 19:58:51.65,"2026-07-07 19:58","down",2.777,9.11089268
11.032,3316.08,2929.12,3622.3,3196.06,16.332,"2026-07-07T22:58:51.650Z",2026-07-07 19:58:51.65,"2026-07-07 19:58","down",3.032,9.94750688
11.286,3311.56,2910.89,3616.15,3174.2,15.462,"2026-07-07T22:58:51.650Z",2026-07-07 19:58:51.65,"2026-07-07 19:58","down",3.286,10.78084024
11.54,3308.5,2895.37,3611.56,3155.46,14.681,"2026-07-07T22:58:51.650Z",2026-07-07 19:58:51.65,"2026-07-07 19:58","down",3.54,11.6141736
11.794,3304.52,2881.09,3608.41,3139.39,13.998,"2026-07-07T22:58:51.650Z",2026-07-07 19:58:51.65,"2026-07-07 19:58","down",3.794,12.44750696
12.048,3301.28,2868.78,3605.19,3124.97,13.4,"2026-07-07T22:58:51.650Z",2026-07-07 19:58:51.65,"2026-07-07 19:58","down",4.048,13.28084032
12.303,3300.48,2859.07,3602.65,3112.71,12.859,"2026-07-07T22:58:51.650Z",2026-07-07 19:58:51.65,"2026-07-07 19:58","down",4.303,14.11745452
12.557,3299.17,2850.26,3601.63,3102.95,12.39,"2026-07-07T22:58:51.650Z",2026-07-07 19:58:51.65,"2026-07-07 19:58","down",4.557,14.95078788
12.811,3295.55,2840.97,3600.54,3094.24,11.995,"2026-07-07T22:58:51.650Z",2026-07-07 19:58:51.65,"2026-07-07 19:58","down",4.811,15.78412124
13.065,3293.05,2833.26,3598.18,3085.55,11.649,"2026-07-07T22:58:51.650Z",2026-07-07 19:58:51.65,"2026-07-07 19:58","down",5.065,16.6174546
13.319,3293,2828.05,3596.38,3078.15,11.336,"2026-07-07T22:58:51.650Z",2026-07-07 19:58:51.65,"2026-07-07 19:58","down",5.319,17.45078796
13.574,3292.06,2823.09,3596.25,3072.74,11.069,"2026-07-07T22:58:51.650Z",2026-07-07 19:58:51.65,"2026-07-07 19:58","down",5.574,18.28740216
13.828,3289.39,2817.49,3595.75,3067.69,10.844,"2026-07-07T22:58:51.650Z",2026-07-07 19:58:51.65,"2026-07-07 19:58","down",5.828,19.12073552
14.082,3287.99,2813.37,3593.95,3062.5,10.658,"2026-07-07T22:58:51.650Z",2026-07-07 19:58:51.65,"2026-07-07 19:58","down",6.082,19.95406888
14.336,3288.52,2811.28,3593.06,3059.01,10.508,"2026-07-07T22:58:51.650Z",2026-07-07 19:58:51.65,"2026-07-07 19:58","down",6.336,20.78740224
14.59,3287.83,2809.23,3593.68,3057.35,10.405,"2026-07-07T22:58:51.650Z",2026-07-07 19:58:51.65,"2026-07-07 19:58","down",6.59,21.6207356
14.845,3285.61,2806.83,3593.53,3055.68,10.348,"2026-07-07T22:58:51.650Z",2026-07-07 19:58:51.65,"2026-07-07 19:58","down",6.845,22.4573498
15.099,3284.8,2805.69,3592.16,3053.92,10.319,"2026-07-07T22:58:51.650Z",2026-07-07 19:58:51.65,"2026-07-07 19:58","down",7.099,23.29068316
15.353,3285.41,2806.01,3591.65,3053.56,10.315,"2026-07-07T22:58:51.650Z",2026-07-07 19:58:51.65,"2026-07-07 19:58","down",7.353,24.12401652
15.607,3284.33,2806.08,3592.13,3054.45,10.357,"2026-07-07T22:58:51.650Z",2026-07-07 19:58:51.65,"2026-07-07 19:58","down",7.607,24.95734988
15.861,3283.15,2806.48,3592.02,3055.36,10.427,"2026-07-07T22:58:51.650Z",2026-07-07 19:58:51.65,"2026-07-07 19:58","down",7.861,25.79068324
16.116,3284.75,2809.11,3592.05,3056.89,10.505,"2026-07-07T22:58:51.650Z",2026-07-07 19:58:51.65,"2026-07-07 19:58","down",8.116,26.62729744
16.37,3287.28,2813.31,3594.11,3060.5,10.616,"2026-07-07T22:58:51.650Z",2026-07-07 19:58:51.65,"2026-07-07 19:58","down",8.37,27.4606308
16.624,3288.25,2817.82,3597.19,3065.41,10.787,"2026-07-07T22:58:51.650Z",2026-07-07 19:58:51.65,"2026-07-07 19:58","down",8.624,28.29396416
16.878,3288.54,2821.92,3599.11,3070.11,10.985,"2026-07-07T22:58:51.650Z",2026-07-07 19:58:51.65,"2026-07-07 19:58","down",8.878,29.12729752
17.132,3289.09,2824.26,3600.18,3074.45,11.134,"2026-07-07T22:58:51.650Z",2026-07-07 19:58:51.65,"2026-07-07 19:58","down",9.132,29.96063088
17.387,3288.83,2824.47,3601.21,3077.64,11.21,"2026-07-07T22:58:51.650Z",2026-07-07 19:58:51.65,"2026-07-07 19:58","down",9.387,30.79724508
17.641,3287.08,2823.33,3601.22,3078.31,11.238,"2026-07-07T22:58:51.650Z",2026-07-07 19:58:51.65,"2026-07-07 19:58","down",9.641,31.63057844
17.895,3286.06,2822.03,3600.13,3077.31,11.224,"2026-07-07T22:58:51.650Z",2026-07-07 19:58:51.65,"2026-07-07 19:58","down",9.895,32.4639118
18.149,3286.32,2821.36,3599.74,3076.74,11.191,"2026-07-07T22:58:51.650Z",2026-07-07 19:58:51.65,"2026-07-07 19:58","down",10.149,33.29724516
18.403,3285.87,2820.45,3600.24,3076.66,11.161,"2026-07-07T22:58:51.650Z",2026-07-07 19:58:51.65,"2026-07-07 19:58","down",10.403,34.13057852
18.658,3284.42,2819.14,3599.81,3075.85,11.147,"2026-07-07T22:58:51.650Z",2026-07-07 19:58:51.65,"2026-07-07 19:58","down",10.658,34.96719272
18.912,3284.55,2819.02,3598.67,3074.8,11.139,"2026-07-07T22:58:51.650Z",2026-07-07 19:58:51.65,"2026-07-07 19:58","down",10.912,35.80052608
19.166,3285.75,2819.65,3599.22,3075.29,11.127,"2026-07-07T22:58:51.650Z",2026-07-07 19:58:51.65,"2026-07-07 19:58","down",11.166,36.63385944
19.42,3284.68,2818.83,3601.02,3076.68,11.126,"2026-07-07T22:58:51.650Z",2026-07-07 19:58:51.65,"2026-07-07 19:58","down",11.42,37.4671928
19.674,3282.88,2817.65,3601.29,3076.77,11.133,"2026-07-07T22:58:51.650Z",2026-07-07 19:58:51.65,"2026-07-07 19:58","down",11.674,38.30052616
19.929,3283.58,2818.07,3600.57,3076.34,11.133,"2026-07-07T22:58:51.650Z",2026-07-07 19:58:51.65,"2026-07-07 19:58","down",11.929,39.13714036
20.183,3284.94,2818.91,3601.59,3077.42,11.129,"2026-07-07T22:58:51.650Z",2026-07-07 19:58:51.65,"2026-07-07 19:58","down",12.183,39.97047372
20.437,3283.87,2818.02,3603.73,3078.99,11.123,"2026-07-07T22:58:51.650Z",2026-07-07 19:58:51.65,"2026-07-07 19:58","down",12.437,40.80380708
20.691,3282.35,2816.69,3604.34,3079.1,11.111,"2026-07-07T22:58:51.650Z",2026-07-07 19:58:51.65,"2026-07-07 19:58","down",12.691,41.63714044
20.945,3283.03,2816.67,3603.89,3078.8,11.095,"2026-07-07T22:58:51.650Z",2026-07-07 19:58:51.65,"2026-07-07 19:58","down",12.945,42.4704738
21.2,3283.94,2817.21,3604.5,3079.53,11.094,"2026-07-07T22:58:51.650Z",2026-07-07 19:58:51.65,"2026-07-07 19:58","down",13.2,43.307088
21.454,3282.3,2816.19,3605.26,3080.15,11.104,"2026-07-07T22:58:51.650Z",2026-07-07 19:58:51.65,"2026-07-07 19:58","down",13.454,44.14042136
21.708,3280.54,2814.83,3604.51,3079.41,11.106,"2026-07-07T22:58:51.650Z",2026-07-07 19:58:51.65,"2026-07-07 19:58","down",13.708,44.97375472
21.962,3281,2814.9,3603.78,3078.81,11.097,"2026-07-07T22:58:51.650Z",2026-07-07 19:58:51.65,"2026-07-07 19:58","down",13.962,45.80708808
22.216,3281.4,2814.78,3604.69,3079.66,11.085,"2026-07-07T22:58:51.650Z",2026-07-07 19:58:51.65,"2026-07-07 19:58","down",14.216,46.64042144
22.471,3279.5,2813.04,3605.46,3080.31,11.082,"2026-07-07T22:58:51.650Z",2026-07-07 19:58:51.65,"2026-07-07 19:58","down",14.471,47.47703564
22.725,3278.17,2811.85,3604.62,3079.65,11.082,"2026-07-07T22:58:51.650Z",2026-07-07 19:58:51.65,"2026-07-07 19:58","down",14.725,48.310369
22.979,3279.45,2812.53,3604.14,3079.55,11.078,"2026-07-07T22:58:51.650Z",2026-07-07 19:58:51.65,"2026-07-07 19:58","down",14.979,49.14370236
23.233,3280.27,2813.01,3605.44,3080.88,11.077,"2026-07-07T22:58:51.650Z",2026-07-07 19:58:51.65,"2026-07-07 19:58","down",15.233,49.97703572
23.487,3279.35,2812.23,3606.79,3081.91,11.074,"2026-07-07T22:58:51.650Z",2026-07-07 19:58:51.65,"2026-07-07 19:58","down",15.487,50.81036908
23.742,3278.59,2811.54,3607.02,3081.89,11.067,"2026-07-07T22:58:51.650Z",2026-07-07 19:58:51.65,"2026-07-07 19:58","down",15.742,51.64698328
23.996,3278.24,2811.1,3607.28,3081.98,11.059,"2026-07-07T22:58:51.650Z",2026-07-07 19:58:51.65,"2026-07-07 19:58","down",15.996,52.48031664
24.25,3276.71,2809.84,3607.71,3082.27,11.059,"2026-07-07T22:58:51.650Z",2026-07-07 19:58:51.65,"2026-07-07 19:58","down",16.25,53.31365
24.504,3275.28,2808.49,3607.31,3081.95,11.056,"2026-07-07T22:58:51.650Z",2026-07-07 19:58:51.65,"2026-07-07 19:58","down",16.504,54.14698336
24.758,3275.63,2808.36,3607.01,3081.73,11.044,"2026-07-07T22:58:51.650Z",2026-07-07 19:58:51.65,"2026-07-07 19:58","down",16.758,54.98031672
25.013,3275.75,2808.16,3607.93,3082.35,11.03,"2026-07-07T22:58:51.650Z",2026-07-07 19:58:51.65,"2026-07-07 19:58","down",17.013,55.81693092
25.267,3273.6,2806.49,3608.51,3082.54,11.027,"2026-07-07T22:58:51.650Z",2026-07-07 19:58:51.65,"2026-07-07 19:58","down",17.267,56.65026428
25.521,3272.26,2805.39,3607.51,3081.72,11.029,"2026-07-07T22:58:51.650Z",2026-07-07 19:58:51.65,"2026-07-07 19:58","down",17.521,57.48359764
25.775,3273.91,2806.49,3607.22,3081.95,11.033,"2026-07-07T22:58:51.650Z",2026-07-07 19:58:51.65,"2026-07-07 19:58","down",17.775,58.316931
26.029,3274.83,2807.26,3609.02,3083.79,11.041,"2026-07-07T22:58:51.650Z",2026-07-07 19:58:51.65,"2026-07-07 19:58","down",18.029,59.15026436
26.284,3272.88,2805.95,3610.35,3084.87,11.05,"2026-07-07T22:58:51.650Z",2026-07-07 19:58:51.65,"2026-07-07 19:58","down",18.284,59.98687856
26.538,3272.23,2805.36,3609.73,3084.43,11.052,"2026-07-07T22:58:51.650Z",2026-07-07 19:58:51.65,"2026-07-07 19:58","down",18.538,60.82021192
26.792,3273.97,2806.45,3609.77,3084.79,11.049,"2026-07-07T22:58:51.650Z",2026-07-07 19:58:51.65,"2026-07-07 19:58","down",18.792,61.65354528
27.046,3273.96,2806.49,3611.57,3086.54,11.056,"2026-07-07T22:58:51.650Z",2026-07-07 19:58:51.65,"2026-07-07 19:58","down",19.046,62.48687864
27.3,3271.63,2804.62,3612.38,3087.34,11.062,"2026-07-07T22:58:51.650Z",2026-07-07 19:58:51.65,"2026-07-07 19:58","down",19.3,63.320212
27.555,3270.96,2803.66,3611.51,3086.82,11.057,"2026-07-07T22:58:51.650Z",2026-07-07 19:58:51.65,"2026-07-07 19:58","down",19.555,64.1568262
27.809,3272.45,2804.51,3611.81,3087.36,11.052,"2026-07-07T22:58:51.650Z",2026-07-07 19:58:51.65,"2026-07-07 19:58","down",19.809,64.99015956
28.063,3272.45,2804.64,3613.96,3089.58,11.066,"2026-07-07T22:58:51.650Z",2026-07-07 19:58:51.65,"2026-07-07 19:58","down",20.063,65.82349292
28.317,3270.64,2803.37,3615.2,3090.97,11.083,"2026-07-07T22:58:51.650Z",2026-07-07 19:58:51.65,"2026-07-07 19:58","down",20.317,66.65682628
28.571,3270.41,2803.12,3614.87,3090.98,11.09,"2026-07-07T22:58:51.650Z",2026-07-07 19:58:51.65,"2026-07-07 19:58","down",20.571,67.49015964
28.826,3272.07,2804.4,3615.31,3091.72,11.095,"2026-07-07T22:58:51.650Z",2026-07-07 19:58:51.65,"2026-07-07 19:58","down",20.826,68.32677384
29.08,3272.65,2804.8,3616.85,3093.39,11.102,"2026-07-07T22:58:51.650Z",2026-07-07 19:58:51.65,"2026-07-07 19:58","down",21.08,69.1601072
29.334,3271.74,2803.99,3617.7,3094.26,11.105,"2026-07-07T22:58:51.650Z",2026-07-07 19:58:51.65,"2026-07-07 19:58","down",21.334,69.99344056
29.588,3271.05,2803.13,3617.68,3094.29,11.098,"2026-07-07T22:58:51.650Z",2026-07-07 19:58:51.65,"2026-07-07 19:58","down",21.588,70.82677392
29.842,3270.28,2802.42,3617.7,3094.54,11.103,"2026-07-07T22:58:51.650Z",2026-07-07 19:58:51.65,"2026-07-07 19:58","down",21.842,71.66010728
30.097,3268.71,2801.23,3617.62,3094.83,11.117,"2026-07-07T22:58:51.650Z",2026-07-07 19:58:51.65,"2026-07-07 19:58","down",22.097,72.49672148
30.351,3267.6,2800.39,3617.05,3094.51,11.125,"2026-07-07T22:58:51.650Z",2026-07-07 19:58:51.65,"2026-07-07 19:58","down",22.351,73.33005484
30.605,3267.56,2800.12,3616.95,3094.47,11.119,"2026-07-07T22:58:51.650Z",2026-07-07 19:58:51.65,"2026-07-07 19:58","down",22.605,74.1633882
30.859,3266.61,2799.29,3617.74,3095.61,11.131,"2026-07-07T22:58:51.650Z",2026-07-07 19:58:51.65,"2026-07-07 19:58","down",22.859,74.99672156
31.113,3264.48,2797.66,3617.98,3096.72,11.162,"2026-07-07T22:58:51.650Z",2026-07-07 19:58:51.65,"2026-07-07 19:58","down",23.113,75.83005492
31.367,3264.04,2797.33,3617.25,3097.05,11.189,"2026-07-07T22:58:51.650Z",2026-07-07 19:58:51.65,"2026-07-07 19:58","down",23.367,76.66338828
31.622,3265.66,2798.42,3617.54,3098.03,11.2,"2026-07-07T22:58:51.650Z",2026-07-07 19:58:51.65,"2026-07-07 19:58","down",23.622,77.50000248
31.876,3266.18,2798.46,3619.36,3099.85,11.195,"2026-07-07T22:58:51.650Z",2026-07-07 19:58:51.65,"2026-07-07 19:58","down",23.876,78.33333584
32.13,3264.96,2797.3,3620.52,3100.99,11.195,"2026-07-07T22:58:51.650Z",2026-07-07 19:58:51.65,"2026-07-07 19:58","down",24.13,79.1666692
32.384,3264.71,2797.11,3620.55,3101.8,11.217,"2026-07-07T22:58:51.650Z",2026-07-07 19:58:51.65,"2026-07-07 19:58","down",24.384,80.00000256
32.638,3265.79,2798,3621.53,3103.72,11.245,"2026-07-07T22:58:51.650Z",2026-07-07 19:58:51.65,"2026-07-07 19:58","down",24.638,80.83333592
32.893,3265.14,2797.54,3623.35,3106.01,11.268,"2026-07-07T22:58:51.650Z",2026-07-07 19:58:51.65,"2026-07-07 19:58","down",24.893,81.66995012
33.147,3262.99,2795.74,3623.76,3106.71,11.279,"2026-07-07T22:58:51.650Z",2026-07-07 19:58:51.65,"2026-07-07 19:58","down",25.147,82.50328348
33.401,3262.91,2795.55,3622.92,3106.09,11.277,"2026-07-07T22:58:51.650Z",2026-07-07 19:58:51.65,"2026-07-07 19:58","down",25.401,83.33661684
33.655,3264.22,2796.65,3623.24,3105.86,11.263,"2026-07-07T22:58:51.650Z",2026-07-07 19:58:51.65,"2026-07-07 19:58","down",25.655,84.1699502
33.909,3263.86,2796.38,3624.55,3105.97,11.237,"2026-07-07T22:58:51.650Z",2026-07-07 19:58:51.65,"2026-07-07 19:58","down",25.909,85.00328356
34.164,3263.1,2795.49,3624.78,3104.74,11.191,"2026-07-07T22:58:51.650Z",2026-07-07 19:58:51.65,"2026-07-07 19:58","down",26.164,85.83989776
34.418,3263.67,2795.63,3624.17,3102.54,11.136,"2026-07-07T22:58:51.650Z",2026-07-07 19:58:51.65,"2026-07-07 19:58","down",26.418,86.67323112
34.672,3263.63,2795.77,3624.25,3101.25,11.104,"2026-07-07T22:58:51.650Z",2026-07-07 19:58:51.65,"2026-07-07 19:58","down",26.672,87.50656448
34.926,3261.91,2794.62,3624.27,3100.33,11.089,"2026-07-07T22:58:51.650Z",2026-07-07 19:58:51.65,"2026-07-07 19:58","down",26.926,88.33989784
35.18,3260.97,2793.87,3623.08,3098.56,11.07,"2026-07-07T22:58:51.650Z",2026-07-07 19:58:51.65,"2026-07-07 19:58","down",27.18,89.1732312
35.435,3262.19,2794.55,3622.35,3097.28,11.041,"2026-07-07T22:58:51.650Z",2026-07-07 19:58:51.65,"2026-07-07 19:58","down",27.435,90.0098454
35.689,3263.1,2795.05,3623.52,3097.66,11.016,"2026-07-07T22:58:51.650Z",2026-07-07 19:58:51.65,"2026-07-07 19:58","down",27.689,90.84317876
35.943,3262.49,2794.56,3624.97,3098.29,11.001,"2026-07-07T22:58:51.650Z",2026-07-07 19:58:51.65,"2026-07-07 19:58","down",27.943,91.67651212
36.197,3262.38,2794.53,3625.46,3098.38,10.994,"2026-07-07T22:58:51.650Z",2026-07-07 19:58:51.65,"2026-07-07 19:58","down",28.197,92.50984548
36.451,3263.37,2795.16,3626.12,3098.81,10.984,"2026-07-07T22:58:51.650Z",2026-07-07 19:58:51.65,"2026-07-07 19:58","down",28.451,93.34317884
36.706,3263,2794.97,3627.27,3099.57,10.982,"2026-07-07T22:58:51.650Z",2026-07-07 19:58:51.65,"2026-07-07 19:58","down",28.706,94.17979304
36.96,3261.39,2793.66,3627.35,3099.54,10.981,"2026-07-07T22:58:51.650Z",2026-07-07 19:58:51.65,"2026-07-07 19:58","down",28.96,95.0131264
37.214,3260.99,2793.15,3626.48,3099,10.981,"2026-07-07T22:58:51.650Z",2026-07-07 19:58:51.65,"2026-07-07 19:58","down",29.214,95.84645976
37.468,3261.08,2793.19,3626.52,3099.3,10.988,"2026-07-07T22:58:51.650Z",2026-07-07 19:58:51.65,"2026-07-07 19:58","down",29.468,96.67979312
37.722,3259.69,2792.1,3627.27,3100.01,10.993,"2026-07-07T22:58:51.650Z",2026-07-07 19:58:51.65,"2026-07-07 19:58","down",29.722,97.51312648
37.977,3258.14,2790.84,3627.14,3099.93,10.995,"2026-07-07T22:58:51.650Z",2026-07-07 19:58:51.65,"2026-07-07 19:58","down",29.977,98.34974068
38.231,3258.72,2790.97,3626.76,3099.72,10.987,"2026-07-07T22:58:51.650Z",2026-07-07 19:58:51.65,"2026-07-07 19:58","down",30.231,99.18307404
38.485,3260.21,2791.92,3627.68,3100.72,10.983,"2026-07-07T22:58:51.650Z",2026-07-07 19:58:51.65,"2026-07-07 19:58","down",30.485,100.0164074
38.739,3260.05,2792.02,3629.06,3101.91,10.991,"2026-07-07T22:58:51.650Z",2026-07-07 19:58:51.65,"2026-07-07 19:58","down",30.739,100.84974076
38.993,3259.17,2791.41,3629.32,3101.91,10.989,"2026-07-07T22:58:51.650Z",2026-07-07 19:58:51.65,"2026-07-07 19:58","down",30.993,101.68307412
39.248,3259.06,2791.34,3629.27,3101.74,10.986,"2026-07-07T22:58:51.650Z",2026-07-07 19:58:51.65,"2026-07-07 19:58","down",31.248,102.51968832
39.502,3258.4,2790.97,3629.97,3102.32,10.992,"2026-07-07T22:58:51.650Z",2026-07-07 19:58:51.65,"2026-07-07 19:58","down",31.502,103.35302168
39.756,3256.77,2789.57,3630.25,3102.54,10.991,"2026-07-07T22:58:51.650Z",2026-07-07 19:58:51.65,"2026-07-07 19:58","down",31.756,104.18635504
40.01,3256.11,2788.74,3629.51,3101.85,10.982,"2026-07-07T22:58:51.650Z",2026-07-07 19:58:51.65,"2026-07-07 19:58","down",32.01,105.0196884
40.264,3256.49,2788.91,3629.11,3101.58,10.979,"2026-07-07T22:58:51.650Z",2026-07-07 19:58:51.65,"2026-07-07 19:58","down",32.264,105.85302176
40.519,3256.11,2788.53,3629.65,3102.24,10.982,"2026-07-07T22:58:51.650Z",2026-07-07 19:58:51.65,"2026-07-07 19:58","down",32.519,106.68963596
40.773,3255.23,2787.74,3630.08,3102.68,10.983,"2026-07-07T22:58:51.650Z",2026-07-07 19:58:51.65,"2026-07-07 19:58","down",32.773,107.52296932
41.027,3256.07,2788.3,3630.21,3102.7,10.976,"2026-07-07T22:58:51.650Z",2026-07-07 19:58:51.65,"2026-07-07 19:58","down",33.027,108.35630268
41.281,3257.87,2789.73,3631.22,3103.46,10.97,"2026-07-07T22:58:51.650Z",2026-07-07 19:58:51.65,"2026-07-07 19:58","down",33.281,109.18963604
41.535,3257.71,2789.94,3632.82,3104.73,10.978,"2026-07-07T22:58:51.650Z",2026-07-07 19:58:51.65,"2026-07-07 19:58","down",33.535,110.0229694
41.79,3256.28,2788.69,3633.4,3105.22,10.977,"2026-07-07T22:58:51.650Z",2026-07-07 19:58:51.65,"2026-07-07 19:58","down",33.79,110.8595836
42.044,3255.53,2788,3633.33,3105.31,10.979,"2026-07-07T22:58:51.650Z",2026-07-07 19:58:51.65,"2026-07-07 19:58","down",34.044,111.69291696
42.298,3255.42,2787.74,3634.16,3106.23,10.98,"2026-07-07T22:58:51.650Z",2026-07-07 19:58:51.65,"2026-07-07 19:58","down",34.298,112.52625032
42.552,3253.92,2786.5,3635.2,3107.2,10.984,"2026-07-07T22:58:51.650Z",2026-07-07 19:58:51.65,"2026-07-07 19:58","down",34.552,113.35958368
42.806,3252.01,2784.98,3634.83,3107.05,10.991,"2026-07-07T22:58:51.650Z",2026-07-07 19:58:51.65,"2026-07-07 19:58","down",34.806,114.19291704
43.061,3251.87,2784.85,3633.92,3106.54,10.999,"2026-07-07T22:58:51.650Z",2026-07-07 19:58:51.65,"2026-07-07 19:58","down",35.061,115.02953124
43.315,3252.64,2785.56,3634.39,3107,11.002,"2026-07-07T22:58:51.650Z",2026-07-07 19:58:51.65,"2026-07-07 19:58","down",35.315,115.8628646
43.569,3252.43,2785.27,3635.73,3108.06,10.996,"2026-07-07T22:58:51.650Z",2026-07-07 19:58:51.65,"2026-07-07 19:58","down",35.569,116.69619796
43.823,3251.84,2784.58,3636.47,3108.9,10.996,"2026-07-07T22:58:51.650Z",2026-07-07 19:58:51.65,"2026-07-07 19:58","down",35.823,117.52953132
44.077,3252.14,2784.76,3637.04,3109.85,11.006,"2026-07-07T22:58:51.650Z",2026-07-07 19:58:51.65,"2026-07-07 19:58","down",36.077,118.36286468
44.332,3252.14,2784.83,3638.09,3111.09,11.018,"2026-07-07T22:58:51.650Z",2026-07-07 19:58:51.65,"2026-07-07 19:58","down",36.332,119.19947888
44.586,3250.81,2783.89,3638.8,3111.95,11.03,"2026-07-07T22:58:51.650Z",2026-07-07 19:58:51.65,"2026-07-07 19:58","down",36.586,120.03281224
44.84,3250.06,2783.14,3638.82,3112.09,11.03,"2026-07-07T22:58:51.650Z",2026-07-07 19:58:51.65,"2026-07-07 19:58","down",36.84,120.8661456
45.094,3250.77,2783.53,3639.48,3112.52,11.02,"2026-07-07T22:58:51.650Z",2026-07-07 19:58:51.65,"2026-07-07 19:58","down",37.094,121.69947896
45.348,3250.66,2783.24,3641.08,3113.63,11.007,"2026-07-07T22:58:51.650Z",2026-07-07 19:58:51.65,"2026-07-07 19:58","down",37.348,122.53281232
45.603,3249.28,2781.94,3641.64,3113.94,10.999,"2026-07-07T22:58:51.650Z",2026-07-07 19:58:51.65,"2026-07-07 19:58","down",37.603,123.36942652
45.857,3248.69,2781.43,3640.76,3113.14,10.998,"2026-07-07T22:58:51.650Z",2026-07-07 19:58:51.65,"2026-07-07 19:58","down",37.857,124.20275988
46.111,3248.89,2781.46,3640.31,3112.78,10.994,"2026-07-07T22:58:51.650Z",2026-07-07 19:58:51.65,"2026-07-07 19:58","down",38.111,125.03609324
46.365,3247.84,2780.68,3640.39,3112.72,10.995,"2026-07-07T22:58:51.650Z",2026-07-07 19:58:51.65,"2026-07-07 19:58","down",38.365,125.8694266
46.619,3246.68,2779.62,3639.59,3111.78,10.985,"2026-07-07T22:58:51.650Z",2026-07-07 19:58:51.65,"2026-07-07 19:58","down",38.619,126.70275996
46.874,3247.1,2779.77,3638.58,3110.9,10.979,"2026-07-07T22:58:51.650Z",2026-07-07 19:58:51.65,"2026-07-07 19:58","down",38.874,127.53937416
47.128,3247.5,2780.11,3638.96,3111.54,10.987,"2026-07-07T22:58:51.650Z",2026-07-07 19:58:51.65,"2026-07-07 19:58","down",39.128,128.37270752
47.382,3246.36,2779.3,3639.73,3112.46,10.999,"2026-07-07T22:58:51.650Z",2026-07-07 19:58:51.65,"2026-07-07 19:58","down",39.382,129.20604088
47.636,3245.36,2778.53,3639.53,3112.27,11.001,"2026-07-07T22:58:51.650Z",2026-07-07 19:58:51.65,"2026-07-07 19:58","down",39.636,130.03937424
47.89,3246.02,2778.9,3639.6,3112.33,10.995,"2026-07-07T22:58:51.650Z",2026-07-07 19:58:51.65,"2026-07-07 19:58","down",39.89,130.8727076
48.145,3246.61,2779.4,3641.09,3113.93,11.004,"2026-07-07T22:58:51.650Z",2026-07-07 19:58:51.65,"2026-07-07 19:58","down",40.145,131.7093218
48.399,3245.18,2778.58,3642.43,3115.72,11.033,"2026-07-07T22:58:51.650Z",2026-07-07 19:58:51.65,"2026-07-07 19:58","down",40.399,132.54265516
48.653,3243.85,2777.58,3642.22,3116.15,11.054,"2026-07-07T22:58:51.650Z",2026-07-07 19:58:51.65,"2026-07-07 19:58","down",40.653,133.37598852
48.907,3244.21,2777.68,3641.8,3115.93,11.051,"2026-07-07T22:58:51.650Z",2026-07-07 19:58:51.65,"2026-07-07 19:58","down",40.907,134.20932188
49.161,3244.3,2777.55,3642.44,3116.23,11.038,"2026-07-07T22:58:51.650Z",2026-07-07 19:58:51.65,"2026-07-07 19:58","down",41.161,135.04265524
49.416,3243.17,2776.7,3642.88,3116.42,11.037,"2026-07-07T22:58:51.650Z",2026-07-07 19:58:51.65,"2026-07-07 19:58","down",41.416,135.87926944
49.67,3242.84,2776.37,3642.38,3115.99,11.036,"2026-07-07T22:58:51.650Z",2026-07-07 19:58:51.65,"2026-07-07 19:58","down",41.67,136.7126028
49.924,3243.73,2776.95,3642.58,3116.1,11.029,"2026-07-07T22:58:51.650Z",2026-07-07 19:58:51.65,"2026-07-07 19:58","down",41.924,137.54593616
50.178,3243.58,2776.69,3643.94,3117.1,11.02,"2026-07-07T22:58:51.650Z",2026-07-07 19:58:51.65,"2026-07-07 19:58","down",42.178,138.37926952
50.432,3242.18,2775.46,3644.69,3117.75,11.019,"2026-07-07T22:58:51.650Z",2026-07-07 19:58:51.65,"2026-07-07 19:58","down",42.432,139.21260288
50.687,3242.23,2775.35,3644.64,3117.98,11.022,"2026-07-07T22:58:51.650Z",2026-07-07 19:58:51.65,"2026-07-07 19:58","down",42.687,140.04921708
50.941,3243.08,2775.91,3645.46,3118.78,11.02,"2026-07-07T22:58:51.650Z",2026-07-07 19:58:51.65,"2026-07-07 19:58","down",42.941,140.88255044
51.195,3242.21,2775.34,3646.88,3119.78,11.019,"2026-07-07T22:58:51.650Z",2026-07-07 19:58:51.65,"2026-07-07 19:58","down",43.195,141.7158838
51.449,3240.65,2774.19,3647.11,3119.79,11.02,"2026-07-07T22:58:51.650Z",2026-07-07 19:58:51.65,"2026-07-07 19:58","down",43.449,142.54921716
51.703,3240.99,2774.24,3646.62,3119.46,11.015,"2026-07-07T22:58:51.650Z",2026-07-07 19:58:51.65,"2026-07-07 19:58","down",43.703,143.38255052
51.958,3241.84,2774.83,3647.25,3120.23,11.017,"2026-07-07T22:58:51.650Z",2026-07-07 19:58:51.65,"2026-07-07 19:58","down",43.958,144.21916472
52.212,3240.96,2774.38,3648.38,3121.42,11.032,"2026-07-07T22:58:51.650Z",2026-07-07 19:58:51.65,"2026-07-07 19:58","down",44.212,145.05249808
52.466,3239.32,2773.23,3648.51,3121.37,11.035,"2026-07-07T22:58:51.650Z",2026-07-07 19:58:51.65,"2026-07-07 19:58","down",44.466,145.88583144
52.72,3239.42,2772.88,3648.25,3120.87,11.015,"2026-07-07T22:58:51.650Z",2026-07-07 19:58:51.65,"2026-07-07 19:58","down",44.72,146.7191648
52.974,3239.54,2772.78,3648.79,3121.48,11.013,"2026-07-07T22:58:51.650Z",2026-07-07 19:58:51.65,"2026-07-07 19:58","down",44.974,147.55249816
53.229,3237.66,2771.66,3649.44,3122.24,11.033,"2026-07-07T22:58:51.650Z",2026-07-07 19:58:51.65,"2026-07-07 19:58","down",45.229,148.38911236
53.483,3236.18,2770.61,3649.31,3122.14,11.04,"2026-07-07T22:58:51.650Z",2026-07-07 19:58:51.65,"2026-07-07 19:58","down",45.483,149.22244572
53.737,3236.81,2770.73,3649.64,3122.42,11.027,"2026-07-07T22:58:51.650Z",2026-07-07 19:58:51.65,"2026-07-07 19:58","down",45.737,150.05577908
53.991,3237.16,2770.75,3651.06,3123.56,11.017,"2026-07-07T22:58:51.650Z",2026-07-07 19:58:51.65,"2026-07-07 19:58","down",45.991,150.88911244
54.245,3235.88,2769.62,3651.85,3124.14,11.013,"2026-07-07T22:58:51.650Z",2026-07-07 19:58:51.65,"2026-07-07 19:58","down",46.245,151.7224458
54.5,3235.54,2769.26,3651.5,3123.91,11.013,"2026-07-07T22:58:51.650Z",2026-07-07 19:58:51.65,"2026-07-07 19:58","down",46.5,152.55906
54.754,3236.77,2770.14,3651.9,3124.33,11.01,"2026-07-07T22:58:51.650Z",2026-07-07 19:58:51.65,"2026-07-07 19:58","down",46.754,153.39239336
55.008,3236.44,2770,3653.6,3125.54,11.007,"2026-07-07T22:58:51.650Z",2026-07-07 19:58:51.65,"2026-07-07 19:58","down",47.008,154.22572672
55.262,3234.14,2768.37,3654.37,3125.83,11.008,"2026-07-07T22:58:51.650Z",2026-07-07 19:58:51.65,"2026-07-07 19:58","down",47.262,155.05906008
55.516,3233.16,2767.39,3653.41,3125.07,11.005,"2026-07-07T22:58:51.650Z",2026-07-07 19:58:51.65,"2026-07-07 19:58","down",47.516,155.89239344
55.771,3233.57,2767.51,3652.91,3125.11,11.011,"2026-07-07T22:58:51.650Z",2026-07-07 19:58:51.65,"2026-07-07 19:58","down",47.771,156.72900764
56.025,3233.05,2767.15,3653.77,3126.56,11.033,"2026-07-07T22:58:51.650Z",2026-07-07 19:58:51.65,"2026-07-07 19:58","down",48.025,157.562341
56.279,3232.01,2766.22,3654.61,3128.58,11.066,"2026-07-07T22:58:51.650Z",2026-07-07 19:58:51.65,"2026-07-07 19:58","down",48.279,158.39567436
56.533,3232.15,2766.13,3654.94,3130.38,11.1,"2026-07-07T22:58:51.650Z",2026-07-07 19:58:51.65,"2026-07-07 19:58","down",48.533,159.22900772
56.787,3232.32,2766.26,3655.43,3131.61,11.121,"2026-07-07T22:58:51.650Z",2026-07-07 19:58:51.65,"2026-07-07 19:58","down",48.787,160.06234108
57.042,3231.17,2765.44,3655.8,3132.14,11.132,"2026-07-07T22:58:51.650Z",2026-07-07 19:58:51.65,"2026-07-07 19:58","down",49.042,160.89895528
57.296,3230.41,2765.02,3655.43,3131.79,11.138,"2026-07-07T22:58:51.650Z",2026-07-07 19:58:51.65,"2026-07-07 19:58","down",49.296,161.73228864
57.55,3231.41,2765.57,3655.36,3131.72,11.129,"2026-07-07T22:58:51.650Z",2026-07-07 19:58:51.65,"2026-07-07 19:58","down",49.55,162.565622
57.804,3232.1,2766.07,3656.35,3132.68,11.129,"2026-07-07T22:58:51.650Z",2026-07-07 19:58:51.65,"2026-07-07 19:58","down",49.804,163.39895536
58.058,3231.11,2765.55,3657.14,3133.43,11.141,"2026-07-07T22:58:51.650Z",2026-07-07 19:58:51.65,"2026-07-07 19:58","down",50.058,164.23228872
58.313,3230.21,2764.73,3656.92,3133.3,11.141,"2026-07-07T22:58:51.650Z",2026-07-07 19:58:51.65,"2026-07-07 19:58","down",50.313,165.06890292
58.567,3229.91,2764.26,3656.75,3133.4,11.141,"2026-07-07T22:58:51.650Z",2026-07-07 19:58:51.65,"2026-07-07 19:58","down",50.567,165.90223628
58.821,3228.89,2763.43,3657.2,3134.04,11.149,"2026-07-07T22:58:51.650Z",2026-07-07 19:58:51.65,"2026-07-07 19:58","down",50.821,166.73556964
59.075,3227.98,2762.48,3657.46,3134.16,11.141,"2026-07-07T22:58:51.650Z",2026-07-07 19:58:51.65,"2026-07-07 19:58","down",51.075,167.568903
59.329,3228.96,2763.15,3657.67,3134.21,11.133,"2026-07-07T22:58:51.650Z",2026-07-07 19:58:51.65,"2026-07-07 19:58","down",51.329,168.40223636
59.584,3230.36,2764.5,3659.18,3135.44,11.135,"2026-07-07T22:58:51.650Z",2026-07-07 19:58:51.65,"2026-07-07 19:58","down",51.584,169.23885056
59.838,3229.85,2764.44,3661.37,3137.17,11.143,"2026-07-07T22:58:51.650Z",2026-07-07 19:58:51.65,"2026-07-07 19:58","down",51.838,170.07218392
60.092,3228.86,2763.55,3662.21,3137.93,11.143,"2026-07-07T22:58:51.650Z",2026-07-07 19:58:51.65,"2026-07-07 19:58","down",52.092,170.90551728
60.346,3229.42,2763.54,3662.07,3138.01,11.133,"2026-07-07T22:58:51.650Z",2026-07-07 19:58:51.65,"2026-07-07 19:58","down",52.346,171.73885064
60.6,3230.38,2763.96,3662.79,3138.69,11.123,"2026-07-07T22:58:51.650Z",2026-07-07 19:58:51.65,"2026-07-07 19:58","down",52.6,172.572184
60.855,3229.47,2763.33,3664.24,3139.76,11.123,"2026-07-07T22:58:51.650Z",2026-07-07 19:58:51.65,"2026-07-07 19:58","down",52.855,173.4087982
61.109,3228.4,2762.53,3664.74,3140,11.121,"2026-07-07T22:58:51.650Z",2026-07-07 19:58:51.65,"2026-07-07 19:58","down",53.109,174.24213156
61.363,3228.94,2762.87,3664.67,3140.1,11.122,"2026-07-07T22:58:51.650Z",2026-07-07 19:58:51.65,"2026-07-07 19:58","down",53.363,175.07546492
61.617,3229.4,2763.31,3665.46,3141.14,11.133,"2026-07-07T22:58:51.650Z",2026-07-07 19:58:51.65,"2026-07-07 19:58","down",53.617,175.90879828
61.871,3228.45,2762.6,3666.35,3142.04,11.14,"2026-07-07T22:58:51.650Z",2026-07-07 19:58:51.65,"2026-07-07 19:58","down",53.871,176.74213164
62.126,3227.8,2762.1,3666.52,3142.1,11.139,"2026-07-07T22:58:51.650Z",2026-07-07 19:58:51.65,"2026-07-07 19:58","down",54.126,177.57874584
62.38,3228.33,2762.43,3666.91,3142.23,11.13,"2026-07-07T22:58:51.650Z",2026-07-07 19:58:51.65,"2026-07-07 19:58","down",54.38,178.4120792
62.634,3228.21,2762.11,3667.74,3142.63,11.115,"2026-07-07T22:58:51.650Z",2026-07-07 19:58:51.65,"2026-07-07 19:58","down",54.634,179.24541256
62.888,3226.83,2761.03,3667.65,3142.44,11.115,"2026-07-07T22:58:51.650Z",2026-07-07 19:58:51.65,"2026-07-07 19:58","down",54.888,180.07874592
63.142,3226.06,2760.47,3666.7,3141.77,11.122,"2026-07-07T22:58:51.650Z",2026-07-07 19:58:51.65,"2026-07-07 19:58","down",55.142,180.91207928
63.397,3226.15,2760.6,3666.66,3141.87,11.127,"2026-07-07T22:58:51.650Z",2026-07-07 19:58:51.65,"2026-07-07 19:58","down",55.397,181.74869348
63.651,3225.67,2760.21,3667.66,3142.71,11.127,"2026-07-07T22:58:51.650Z",2026-07-07 19:58:51.65,"2026-07-07 19:58","down",55.651,182.58202684
63.905,3225.27,2759.75,3668.31,3143.21,11.122,"2026-07-07T22:58:51.650Z",2026-07-07 19:58:51.65,"2026-07-07 19:58","down",55.905,183.4153602
64.159,3225.97,2760.3,3668.7,3143.61,11.122,"2026-07-07T22:58:51.650Z",2026-07-07 19:58:51.65,"2026-07-07 19:58","down",56.159,184.24869356
64.413,3226.51,2760.66,3669.74,3144.6,11.122,"2026-07-07T22:58:51.650Z",2026-07-07 19:58:51.65,"2026-07-07 19:58","down",56.413,185.08202692
64.668,3224.96,2759.44,3670.62,3145.2,11.121,"2026-07-07T22:58:51.650Z",2026-07-07 19:58:51.65,"2026-07-07 19:58","down",56.668,185.91864112
64.922,3223.37,2757.98,3670.06,3144.57,11.114,"2026-07-07T22:58:51.650Z",2026-07-07 19:58:51.65,"2026-07-07 19:58","down",56.922,186.75197448
65.176,3223.6,2758.03,3669.38,3144.15,11.113,"2026-07-07T22:58:51.650Z",2026-07-07 19:58:51.65,"2026-07-07 19:58","down",57.176,187.58530784
65.43,3224.15,2758.57,3670.31,3144.89,11.114,"2026-07-07T22:58:51.650Z",2026-07-07 19:58:51.65,"2026-07-07 19:58","down",57.43,188.4186412
65.684,3222.98,2757.86,3671.53,3145.69,11.117,"2026-07-07T22:58:51.650Z",2026-07-07 19:58:51.65,"2026-07-07 19:58","down",57.684,189.25197456
65.939,3221.79,2756.83,3671.26,3145.5,11.117,"2026-07-07T22:58:51.650Z",2026-07-07 19:58:51.65,"2026-07-07 19:58","down",57.939,190.08858876
66.193,3222.14,2756.93,3670.93,3145.4,11.116,"2026-07-07T22:58:51.650Z",2026-07-07 19:58:51.65,"2026-07-07 19:58","down",58.193,190.92192212
66.447,3222.18,2756.87,3671.96,3146.36,11.115,"2026-07-07T22:58:51.650Z",2026-07-07 19:58:51.65,"2026-07-07 19:58","down",58.447,191.75525548
66.701,3220.99,2755.76,3672.87,3147.09,11.111,"2026-07-07T22:58:51.650Z",2026-07-07 19:58:51.65,"2026-07-07 19:58","down",58.701,192.58858884
66.955,3220.04,2754.91,3672.59,3146.72,11.107,"2026-07-07T22:58:51.650Z",2026-07-07 19:58:51.65,"2026-07-07 19:58","down",58.955,193.4219222
67.21,3220.19,2754.96,3672.37,3146.43,11.102,"2026-07-07T22:58:51.650Z",2026-07-07 19:58:51.65,"2026-07-07 19:58","down",59.21,194.2585364
67.464,3220.33,2754.92,3673.1,3147.07,11.097,"2026-07-07T22:58:51.650Z",2026-07-07 19:58:51.65,"2026-07-07 19:58","down",59.464,195.09186976
67.718,3219.8,2754.3,3673.9,3147.87,11.095,"2026-07-07T22:58:51.650Z",2026-07-07 19:58:51.65,"2026-07-07 19:58","down",59.718,195.92520312
67.972,3219.68,2754.12,3674.45,3148.47,11.096,"2026-07-07T22:58:51.650Z",2026-07-07 19:58:51.65,"2026-07-07 19:58","down",59.972,196.75853648
68.226,3219.71,2754.29,3675.56,3149.35,11.099,"2026-07-07T22:58:51.650Z",2026-07-07 19:58:51.65,"2026-07-07 19:58","down",60.226,197.59186984
68.481,3218.62,2753.42,3676.64,3150.14,11.097,"2026-07-07T22:58:51.650Z",2026-07-07 19:58:51.65,"2026-07-07 19:58","down",60.481,198.42848404
68.735,3217.2,2752.19,3676.51,3150.07,11.098,"2026-07-07T22:58:51.650Z",2026-07-07 19:58:51.65,"2026-07-07 19:58","down",60.735,199.2618174
68.989,3217.35,2752.2,3675.92,3149.76,11.1,"2026-07-07T22:58:51.650Z",2026-07-07 19:58:51.65,"2026-07-07 19:58","down",60.989,200.09515076
69.243,3217.91,2752.49,3676.46,3150.29,11.095,"2026-07-07T22:58:51.650Z",2026-07-07 19:58:51.65,"2026-07-07 19:58","down",61.243,200.92848412
69.497,3216.69,2751.33,3677.53,3151.02,11.087,"2026-07-07T22:58:51.650Z",2026-07-07 19:58:51.65,"2026-07-07 19:58","down",61.497,201.76181748
69.752,3214.53,2749.71,3677.5,3151.04,11.095,"2026-07-07T22:58:51.650Z",2026-07-07 19:58:51.65,"2026-07-07 19:58","down",61.752,202.59843168
70.006,3213.48,2748.92,3676.83,3150.72,11.105,"2026-07-07T22:58:51.650Z",2026-07-07 19:58:51.65,"2026-07-07 19:58","down",62.006,203.43176504
70.26,3212.7,2748.4,3676.63,3150.62,11.111,"2026-07-07T22:58:51.650Z",2026-07-07 19:58:51.65,"2026-07-07 19:58","down",62.26,204.2650984
70.514,3211.07,2747.03,3676.45,3150.4,11.11,"2026-07-07T22:58:51.650Z",2026-07-07 19:58:51.65,"2026-07-07 19:58","down",62.514,205.09843176
70.768,3210.85,2746.55,3676,3149.93,11.099,"2026-07-07T22:58:51.650Z",2026-07-07 19:58:51.65,"2026-07-07 19:58","down",62.768,205.93176512
71.023,3212.34,2747.64,3676.55,3149.82,11.078,"2026-07-07T22:58:51.650Z",2026-07-07 19:58:51.65,"2026-07-07 19:58","down",63.023,206.76837932
71.277,3212.74,2748.33,3678.35,3150.05,11.054,"2026-07-07T22:58:51.650Z",2026-07-07 19:58:51.65,"2026-07-07 19:58","down",63.277,207.60171268
71.531,3211.86,2747.72,3679.48,3150.17,11.036,"2026-07-07T22:58:51.650Z",2026-07-07 19:58:51.65,"2026-07-07 19:58","down",63.531,208.43504604
71.785,3211.97,2747.39,3679.63,3150.41,11.026,"2026-07-07T22:58:51.650Z",2026-07-07 19:58:51.65,"2026-07-07 19:58","down",63.785,209.2683794
72.039,3212.99,2748.18,3680.43,3151.29,11.028,"2026-07-07T22:58:51.650Z",2026-07-07 19:58:51.65,"2026-07-07 19:58","down",64.039,210.10171276
72.294,3212.41,2747.99,3681.7,3152.3,11.036,"2026-07-07T22:58:51.650Z",2026-07-07 19:58:51.65,"2026-07-07 19:58","down",64.294,210.93832696
72.548,3210.65,2746.6,3681.61,3152.18,11.038,"2026-07-07T22:58:51.650Z",2026-07-07 19:58:51.65,"2026-07-07 19:58","down",64.548,211.77166032
72.802,3209.87,2745.7,3680.3,3151.33,11.038,"2026-07-07T22:58:51.650Z",2026-07-07 19:58:51.65,"2026-07-07 19:58","down",64.802,212.60499368
73.056,3210.03,2745.5,3679.77,3151.33,11.04,"2026-07-07T22:58:51.650Z",2026-07-07 19:58:51.65,"2026-07-07 19:58","down",65.056,213.43832704
73.31,3209.64,2745.11,3680.34,3152.1,11.046,"2026-07-07T22:58:51.650Z",2026-07-07 19:58:51.65,"2026-07-07 19:58","down",65.31,214.2716604
73.565,3209.27,2744.71,3681.05,3152.89,11.048,"2026-07-07T22:58:51.650Z",2026-07-07 19:58:51.65,"2026-07-07 19:58","down",65.565,215.1082746
73.819,3209.74,2744.99,3682.22,3153.94,11.046,"2026-07-07T22:58:51.650Z",2026-07-07 19:58:51.65,"2026-07-07 19:58","down",65.819,215.94160796
74.073,3209.54,2744.88,3684.08,3155.24,11.04,"2026-07-07T22:58:51.650Z",2026-07-07 19:58:51.65,"2026-07-07 19:58","down",66.073,216.77494132
74.327,3207.75,2743.46,3685.05,3155.88,11.038,"2026-07-07T22:58:51.650Z",2026-07-07 19:58:51.65,"2026-07-07 19:58","down",66.327,217.60827468
74.581,3206.73,2742.53,3684.52,3155.73,11.044,"2026-07-07T22:58:51.650Z",2026-07-07 19:58:51.65,"2026-07-07 19:58","down",66.581,218.44160804
74.836,3207.38,2743,3684.47,3155.88,11.047,"2026-07-07T22:58:51.650Z",2026-07-07 19:58:51.65,"2026-07-07 19:58","down",66.836,219.27822224
75.09,3206.28,2742.45,3685.44,3156.46,11.052,"2026-07-07T22:58:51.650Z",2026-07-07 19:58:51.65,"2026-07-07 19:58","down",67.09,220.1115556
75.344,3203.49,2740.23,3685.5,3156.18,11.048,"2026-07-07T22:58:51.650Z",2026-07-07 19:58:51.65,"2026-07-07 19:58","down",67.344,220.94488896
75.598,3203.12,2739.55,3684.6,3155.39,11.037,"2026-07-07T22:58:51.650Z",2026-07-07 19:58:51.65,"2026-07-07 19:58","down",67.598,221.77822232
75.852,3205.02,2740.86,3685.29,3156.19,11.033,"2026-07-07T22:58:51.650Z",2026-07-07 19:58:51.65,"2026-07-07 19:58","down",67.852,222.61155568
76.107,3204.92,2740.85,3687.45,3158.07,11.036,"2026-07-07T22:58:51.650Z",2026-07-07 19:58:51.65,"2026-07-07 19:58","down",68.107,223.44816988
76.361,3202.68,2739.14,3687.91,3158.52,11.043,"2026-07-07T22:58:51.650Z",2026-07-07 19:58:51.65,"2026-07-07 19:58","down",68.361,224.28150324
76.615,3201.8,2738.31,3686.72,3157.87,11.051,"2026-07-07T22:58:51.650Z",2026-07-07 19:58:51.65,"2026-07-07 19:58","down",68.615,225.1148366
76.869,3202.35,2738.51,3686.91,3158.26,11.049,"2026-07-07T22:58:51.650Z",2026-07-07 19:58:51.65,"2026-07-07 19:58","down",68.869,225.94816996
77.123,3201.25,2737.69,3688.11,3159.23,11.051,"2026-07-07T22:58:51.650Z",2026-07-07 19:58:51.65,"2026-07-07 19:58","down",69.123,226.78150332
77.378,3199.4,2736.3,3687.88,3158.97,11.055,"2026-07-07T22:58:51.650Z",2026-07-07 19:58:51.65,"2026-07-07 19:58","down",69.378,227.61811752
77.632,3199.58,2736.15,3687.08,3158.24,11.045,"2026-07-07T22:58:51.650Z",2026-07-07 19:58:51.65,"2026-07-07 19:58","down",69.632,228.45145088
77.886,3200.18,2736.26,3687.89,3158.84,11.03,"2026-07-07T22:58:51.650Z",2026-07-07 19:58:51.65,"2026-07-07 19:58","down",69.886,229.28478424
78.14,3198.59,2734.87,3689.01,3159.75,11.027,"2026-07-07T22:58:51.650Z",2026-07-07 19:58:51.65,"2026-07-07 19:58","down",70.14,230.1181176
78.394,3196.88,2733.57,3688.28,3159.31,11.038,"2026-07-07T22:58:51.650Z",2026-07-07 19:58:51.65,"2026-07-07 19:58","down",70.394,230.95145096
78.649,3197.62,2734.32,3687.6,3158.82,11.044,"2026-07-07T22:58:51.650Z",2026-07-07 19:58:51.65,"2026-07-07 19:58","down",70.649,231.78806516
78.903,3198.29,2735,3688.84,3159.66,11.041,"2026-07-07T22:58:51.650Z",2026-07-07 19:58:51.65,"2026-07-07 19:58","down",70.903,232.62139852
79.157,3197.09,2733.96,3689.93,3160.49,11.038,"2026-07-07T22:58:51.650Z",2026-07-07 19:58:51.65,"2026-07-07 19:58","down",71.157,233.45473188
79.411,3196.33,2733.15,3689.47,3160.26,11.037,"2026-07-07T22:58:51.650Z",2026-07-07 19:58:51.65,"2026-07-07 19:58","down",71.411,234.28806524
79.665,3197.55,2733.76,3689.4,3160.29,11.026,"2026-07-07T22:58:51.650Z",2026-07-07 19:58:51.65,"2026-07-07 19:58","down",71.665,235.1213986
79.92,3197.81,2733.96,3690.51,3161.07,11.021,"2026-07-07T22:58:51.650Z",2026-07-07 19:58:51.65,"2026-07-07 19:58","down",71.92,235.9580128
80.174,3196.29,2733.06,3690.89,3161.17,11.027,"2026-07-07T22:58:51.650Z",2026-07-07 19:58:51.65,"2026-07-07 19:58","down",72.174,236.79134616
80.428,3195.36,2732.43,3690.15,3160.65,11.036,"2026-07-07T22:58:51.650Z",2026-07-07 19:58:51.65,"2026-07-07 19:58","down",72.428,237.62467952
80.682,3195.31,2732.36,3689.83,3160.67,11.042,"2026-07-07T22:58:51.650Z",2026-07-07 19:58:51.65,"2026-07-07 19:58","down",72.682,238.45801288
80.936,3194.78,2731.93,3690.1,3161.08,11.048,"2026-07-07T22:58:51.650Z",2026-07-07 19:58:51.65,"2026-07-07 19:58","down",72.936,239.29134624
81.191,3194.03,2731.25,3689.8,3161.11,11.054,"2026-07-07T22:58:51.650Z",2026-07-07 19:58:51.65,"2026-07-07 19:58","down",73.191,240.12796044
81.445,3194.45,2731.35,3689.68,3161.17,11.051,"2026-07-07T22:58:51.650Z",2026-07-07 19:58:51.65,"2026-07-07 19:58","down",73.445,240.9612938
81.699,3194.95,2731.46,3690.94,3162.17,11.039,"2026-07-07T22:58:51.650Z",2026-07-07 19:58:51.65,"2026-07-07 19:58","down",73.699,241.79462716
81.953,3194.24,2730.91,3692.63,3163.3,11.032,"2026-07-07T22:58:51.650Z",2026-07-07 19:58:51.65,"2026-07-07 19:58","down",73.953,242.62796052
82.207,3194.11,2730.72,3693.28,3163.73,11.026,"2026-07-07T22:58:51.650Z",2026-07-07 19:58:51.65,"2026-07-07 19:58","down",74.207,243.46129388
82.462,3195.68,2731.43,3694.08,3164.61,11.012,"2026-07-07T22:58:51.650Z",2026-07-07 19:58:51.65,"2026-07-07 19:58","down",74.462,244.29790808
82.716,3194.89,2730.77,3694.83,3166.29,11.04,"2026-07-07T22:58:51.650Z",2026-07-07 19:58:51.65,"2026-07-07 19:58","down",74.716,245.13124144
82.97,3172.5,2715.56,3693.28,3169.79,11.289,"2026-07-07T22:58:51.650Z",2026-07-07 19:58:51.65,"2026-07-07 19:58","down",74.97,245.9645748
83.224,3072.74,2641.97,3711.51,3193.26,11.871,"2026-07-07T22:58:51.650Z",2026-07-07 19:58:51.65,"2026-07-07 19:58","down",75.224,246.79790816
83.478,2927.6,2524.43,3793.15,3266.95,12.203,"2026-07-07T22:58:51.650Z",2026-07-07 19:58:51.65,"2026-07-07 19:58","down",75.478,247.63124152
83.733,2845.84,2450.15,3926.71,3374.87,11.895,"2026-07-07T22:58:51.650Z",2026-07-07 19:58:51.65,"2026-07-07 19:58","up",75.267,246.93898428
83.987,2834.53,2431.35,4025.57,3449.29,11.326,"2026-07-07T22:58:51.650Z",2026-07-07 19:58:51.65,"2026-07-07 19:58","up",75.013,246.10565092
84.241,2838.8,2429.99,4058.08,3472.27,11.036,"2026-07-07T22:58:51.650Z",2026-07-07 19:58:51.65,"2026-07-07 19:58","up",74.759,245.27231756
84.495,2838.19,2428.77,4060.95,3473.97,10.994,"2026-07-07T22:58:51.650Z",2026-07-07 19:58:51.65,"2026-07-07 19:58","up",74.505,244.4389842
84.749,2837.66,2428.73,4059.38,3473,11.016,"2026-07-07T22:58:51.650Z",2026-07-07 19:58:51.65,"2026-07-07 19:58","up",74.251,243.60565084
85.004,2837.56,2428.85,4059.2,3473.31,11.035,"2026-07-07T22:58:51.650Z",2026-07-07 19:58:51.65,"2026-07-07 19:58","up",73.996,242.76903664
85.258,2835.75,2427.51,4059.62,3473.82,11.046,"2026-07-07T22:58:51.650Z",2026-07-07 19:58:51.65,"2026-07-07 19:58","up",73.742,241.93570328
85.512,2834.97,2426.35,4058.95,3473.37,11.032,"2026-07-07T22:58:51.650Z",2026-07-07 19:58:51.65,"2026-07-07 19:58","up",73.488,241.10236992
85.766,2835.33,2426.45,4058.55,3473.27,11.03,"2026-07-07T22:58:51.650Z",2026-07-07 19:58:51.65,"2026-07-07 19:58","up",73.234,240.26903656
86.02,2835.74,2426.72,4059.64,3474.21,11.028,"2026-07-07T22:58:51.650Z",2026-07-07 19:58:51.65,"2026-07-07 19:58","up",72.98,239.4357032
86.275,2835.29,2426.33,4060.68,3475.01,11.025,"2026-07-07T22:58:51.650Z",2026-07-07 19:58:51.65,"2026-07-07 19:58","up",72.725,238.599089
86.529,2835.88,2426.73,4060.88,3475.25,11.023,"2026-07-07T22:58:51.650Z",2026-07-07 19:58:51.65,"2026-07-07 19:58","up",72.471,237.76575564
86.783,2837.29,2427.92,4061.9,3476.09,11.022,"2026-07-07T22:58:51.650Z",2026-07-07 19:58:51.65,"2026-07-07 19:58","up",72.217,236.93242228
87.037,2837.21,2427.88,4063.92,3477.56,11.017,"2026-07-07T22:58:51.650Z",2026-07-07 19:58:51.65,"2026-07-07 19:58","up",71.963,236.09908892
87.291,2835.83,2426.89,4064.75,3478.1,11.019,"2026-07-07T22:58:51.650Z",2026-07-07 19:58:51.65,"2026-07-07 19:58","up",71.709,235.26575556
87.546,2835.72,2426.73,4064.47,3478.03,11.021,"2026-07-07T22:58:51.650Z",2026-07-07 19:58:51.65,"2026-07-07 19:58","up",71.454,234.42914136
87.8,2835.93,2426.86,4065.17,3478.77,11.023,"2026-07-07T22:58:51.650Z",2026-07-07 19:58:51.65,"2026-07-07 19:58","up",71.2,233.595808
88.054,2834.54,2425.9,4066.34,3479.9,11.034,"2026-07-07T22:58:51.650Z",2026-07-07 19:58:51.65,"2026-07-07 19:58","up",70.946,232.76247464
88.308,2833.43,2424.97,4066.44,3480.21,11.04,"2026-07-07T22:58:51.650Z",2026-07-07 19:58:51.65,"2026-07-07 19:58","up",70.692,231.92914128
88.562,2833.8,2425.15,4066.54,3480.47,11.039,"2026-07-07T22:58:51.650Z",2026-07-07 19:58:51.65,"2026-07-07 19:58","up",70.438,231.09580792
88.817,2834.02,2425.07,4067.8,3481.52,11.029,"2026-07-07T22:58:51.650Z",2026-07-07 19:58:51.65,"2026-07-07 19:58","up",70.183,230.25919372
89.071,2833.07,2424.27,4068.58,3482.21,11.03,"2026-07-07T22:58:51.650Z",2026-07-07 19:58:51.65,"2026-07-07 19:58","up",69.929,229.42586036
89.325,2833.13,2424.4,4068.13,3482.2,11.042,"2026-07-07T22:58:51.650Z",2026-07-07 19:58:51.65,"2026-07-07 19:58","up",69.675,228.592527
89.579,2834.45,2425.36,4068.79,3482.88,11.039,"2026-07-07T22:58:51.650Z",2026-07-07 19:58:51.65,"2026-07-07 19:58","up",69.421,227.75919364
89.833,2834.26,2425.05,4071.06,3484.33,11.022,"2026-07-07T22:58:51.650Z",2026-07-07 19:58:51.65,"2026-07-07 19:58","up",69.167,226.92586028
90.088,2832.18,2423.43,4071.72,3484.63,11.021,"2026-07-07T22:58:51.650Z",2026-07-07 19:58:51.65,"2026-07-07 19:58","up",68.912,226.08924608
90.342,2831.35,2422.85,4070.33,3483.69,11.032,"2026-07-07T22:58:51.650Z",2026-07-07 19:58:51.65,"2026-07-07 19:58","up",68.658,225.25591272
90.596,2832.12,2423.36,4070.27,3483.73,11.029,"2026-07-07T22:58:51.650Z",2026-07-07 19:58:51.65,"2026-07-07 19:58","up",68.404,224.42257936
90.85,2831.66,2422.85,4071.94,3484.93,11.019,"2026-07-07T22:58:51.650Z",2026-07-07 19:58:51.65,"2026-07-07 19:58","up",68.15,223.589246
91.104,2830.05,2421.45,4072.27,3485.17,11.017,"2026-07-07T22:58:51.650Z",2026-07-07 19:58:51.65,"2026-07-07 19:58","up",67.896,222.75591264
91.359,2829.71,2421.22,4071.34,3484.76,11.029,"2026-07-07T22:58:51.650Z",2026-07-07 19:58:51.65,"2026-07-07 19:58","up",67.641,221.91929844
91.613,2830.13,2421.56,4072,3485.62,11.035,"2026-07-07T22:58:51.650Z",2026-07-07 19:58:51.65,"2026-07-07 19:58","up",67.387,221.08596508
91.867,2829.03,2420.73,4073.5,3486.77,11.036,"2026-07-07T22:58:51.650Z",2026-07-07 19:58:51.65,"2026-07-07 19:58","up",67.133,220.25263172
92.121,2827.46,2419.43,4073.04,3486.29,11.035,"2026-07-07T22:58:51.650Z",2026-07-07 19:58:51.65,"2026-07-07 19:58","up",66.879,219.41929836
92.375,2827.34,2419.08,4071.53,3485.28,11.034,"2026-07-07T22:58:51.650Z",2026-07-07 19:58:51.65,"2026-07-07 19:58","up",66.625,218.585965
92.63,2827.39,2418.96,4071.53,3485.49,11.033,"2026-07-07T22:58:51.650Z",2026-07-07 19:58:51.65,"2026-07-07 19:58","up",66.37,217.7493508
92.884,2825.9,2417.94,4072.16,3485.95,11.04,"2026-07-07T22:58:51.650Z",2026-07-07 19:58:51.65,"2026-07-07 19:58","up",66.116,216.91601744
93.138,2824.36,2416.78,4071.36,3485.31,11.046,"2026-07-07T22:58:51.650Z",2026-07-07 19:58:51.65,"2026-07-07 19:58","up",65.862,216.08268408
93.392,2824.32,2416.6,4070.4,3484.66,11.045,"2026-07-07T22:58:51.650Z",2026-07-07 19:58:51.65,"2026-07-07 19:58","up",65.608,215.24935072
93.646,2824.28,2416.47,4070.98,3485.14,11.042,"2026-07-07T22:58:51.650Z",2026-07-07 19:58:51.65,"2026-07-07 19:58","up",65.354,214.41601736
93.901,2823.19,2415.59,4071.78,3485.88,11.045,"2026-07-07T22:58:51.650Z",2026-07-07 19:58:51.65,"2026-07-07 19:58","up",65.099,213.57940316
94.155,2822.59,2414.91,4071.76,3486,11.043,"2026-07-07T22:58:51.650Z",2026-07-07 19:58:51.65,"2026-07-07 19:58","up",64.845,212.7460698
94.409,2823.09,2415.06,4072.56,3486.5,11.029,"2026-07-07T22:58:51.650Z",2026-07-07 19:58:51.65,"2026-07-07 19:58","up",64.591,211.91273644
94.663,2823.03,2415.07,4074.61,3487.87,11.021,"2026-07-07T22:58:51.650Z",2026-07-07 19:58:51.65,"2026-07-07 19:58","up",64.337,211.07940308
94.917,2821.97,2414.35,4075.51,3488.61,11.027,"2026-07-07T22:58:51.650Z",2026-07-07 19:58:51.65,"2026-07-07 19:58","up",64.083,210.24606972
95.172,2821.71,2414.04,4074.75,3488.34,11.033,"2026-07-07T22:58:51.650Z",2026-07-07 19:58:51.65,"2026-07-07 19:58","up",63.828,209.40945552
95.426,2822.13,2414.3,4074.87,3488.56,11.032,"2026-07-07T22:58:51.650Z",2026-07-07 19:58:51.65,"2026-07-07 19:58","up",63.574,208.57612216
95.68,2821.66,2413.68,4076.31,3489.79,11.025,"2026-07-07T22:58:51.650Z",2026-07-07 19:58:51.65,"2026-07-07 19:58","up",63.32,207.7427888
95.934,2820.73,2412.81,4077.3,3491.31,11.038,"2026-07-07T22:58:51.650Z",2026-07-07 19:58:51.65,"2026-07-07 19:58","up",63.066,206.90945544
96.188,2821.09,2413.07,4077.83,3492.86,11.063,"2026-07-07T22:58:51.650Z",2026-07-07 19:58:51.65,"2026-07-07 19:58","up",62.812,206.07612208
96.443,2821.66,2413.5,4079.03,3494.57,11.077,"2026-07-07T22:58:51.650Z",2026-07-07 19:58:51.65,"2026-07-07 19:58","up",62.557,205.23950788
96.697,2820.45,2412.59,4080,3495.55,11.085,"2026-07-07T22:58:51.650Z",2026-07-07 19:58:51.65,"2026-07-07 19:58","up",62.303,204.40617452
96.951,2818.68,2411.05,4079.31,3494.89,11.083,"2026-07-07T22:58:51.650Z",2026-07-07 19:58:51.65,"2026-07-07 19:58","up",62.049,203.57284116
97.205,2818.72,2410.78,4078.4,3494.03,11.071,"2026-07-07T22:58:51.650Z",2026-07-07 19:58:51.65,"2026-07-07 19:58","up",61.795,202.7395078
97.459,2818.93,2410.94,4078.87,3494.55,11.073,"2026-07-07T22:58:51.650Z",2026-07-07 19:58:51.65,"2026-07-07 19:58","up",61.541,201.90617444
97.714,2817.94,2410.26,4079.23,3495.14,11.085,"2026-07-07T22:58:51.650Z",2026-07-07 19:58:51.65,"2026-07-07 19:58","up",61.286,201.06956024
97.968,2817.59,2409.82,4078.49,3494.79,11.087,"2026-07-07T22:58:51.650Z",2026-07-07 19:58:51.65,"2026-07-07 19:58","up",61.032,200.23622688
98.222,2818.48,2410.42,4078.74,3494.99,11.081,"2026-07-07T22:58:51.650Z",2026-07-07 19:58:51.65,"2026-07-07 19:58","up",60.778,199.40289352
98.476,2818.31,2410.43,4080.66,3496.41,11.081,"2026-07-07T22:58:51.650Z",2026-07-07 19:58:51.65,"2026-07-07 19:58","up",60.524,198.56956016
98.73,2816.84,2409.08,4081.66,3497.2,11.076,"2026-07-07T22:58:51.650Z",2026-07-07 19:58:51.65,"2026-07-07 19:58","up",60.27,197.7362268
98.985,2816.98,2408.82,4080.98,3496.86,11.068,"2026-07-07T22:58:51.650Z",2026-07-07 19:58:51.65,"2026-07-07 19:58","up",60.015,196.8996126
99.239,2818.46,2410.1,4081.66,3497.68,11.075,"2026-07-07T22:58:51.650Z",2026-07-07 19:58:51.65,"2026-07-07 19:58","up",59.761,196.06627924
99.493,2818.64,2410.55,4083.99,3499.61,11.084,"2026-07-07T22:58:51.650Z",2026-07-07 19:58:51.65,"2026-07-07 19:58","up",59.507,195.23294588
99.747,2817.72,2409.84,4084.63,3500.22,11.088,"2026-07-07T22:58:51.650Z",2026-07-07 19:58:51.65,"2026-07-07 19:58","up",59.253,194.39961252
100.001,2818.28,2410.42,4083.66,3499.8,11.101,"2026-07-07T22:58:51.650Z",2026-07-07 19:58:51.65,"2026-07-07 19:58","up",58.999,193.56627916
100.256,2819.72,2411.54,4084.34,3500.55,11.101,"2026-07-07T22:58:51.650Z",2026-07-07 19:58:51.65,"2026-07-07 19:58","up",58.744,192.72966496
100.51,2819.42,2411.22,4086.54,3502.21,11.094,"2026-07-07T22:58:51.650Z",2026-07-07 19:58:51.65,"2026-07-07 19:58","up",58.49,191.8963316
100.764,2818.42,2410.34,4087.46,3502.92,11.091,"2026-07-07T22:58:51.650Z",2026-07-07 19:58:51.65,"2026-07-07 19:58","up",58.236,191.06299824
101.018,2819.21,2410.56,4087.32,3503.12,11.083,"2026-07-07T22:58:51.650Z",2026-07-07 19:58:51.65,"2026-07-07 19:58","up",57.982,190.22966488
101.272,2820.32,2411.11,4088.4,3504.29,11.075,"2026-07-07T22:58:51.650Z",2026-07-07 19:58:51.65,"2026-07-07 19:58","up",57.728,189.39633152
101.526,2819.54,2410.56,4089.92,3505.58,11.078,"2026-07-07T22:58:51.650Z",2026-07-07 19:58:51.65,"2026-07-07 19:58","up",57.474,188.56299816
101.781,2818.78,2410.02,4090.1,3505.92,11.086,"2026-07-07T22:58:51.650Z",2026-07-07 19:58:51.65,"2026-07-07 19:58","up",57.219,187.72638396
102.035,2819.52,2410.64,4090.46,3506.49,11.092,"2026-07-07T22:58:51.650Z",2026-07-07 19:58:51.65,"2026-07-07 19:58","up",56.965,186.8930506
102.289,2819.35,2410.7,4092.26,3507.94,11.097,"2026-07-07T22:58:51.650Z",2026-07-07 19:58:51.65,"2026-07-07 19:58","up",56.711,186.05971724
102.543,2817.31,2409.17,4092.94,3508.27,11.099,"2026-07-07T22:58:51.650Z",2026-07-07 19:58:51.65,"2026-07-07 19:58","up",56.457,185.22638388
102.797,2816.05,2408.14,4091.44,3507.07,11.103,"2026-07-07T22:58:51.650Z",2026-07-07 19:58:51.65,"2026-07-07 19:58","up",56.203,184.39305052
103.052,2816.98,2408.72,4090.74,3506.8,11.103,"2026-07-07T22:58:51.650Z",2026-07-07 19:58:51.65,"2026-07-07 19:58","up",55.948,183.55643632
103.306,2817.57,2409.2,4092.37,3508.37,11.106,"2026-07-07T22:58:51.650Z",2026-07-07 19:58:51.65,"2026-07-07 19:58","up",55.694,182.72310296
103.56,2816.8,2408.61,4093.69,3509.56,11.11,"2026-07-07T22:58:51.650Z",2026-07-07 19:58:51.65,"2026-07-07 19:58","up",55.44,181.8897696
103.814,2816.97,2408.56,4093.55,3509.54,11.105,"2026-07-07T22:58:51.650Z",2026-07-07 19:58:51.65,"2026-07-07 19:58","up",55.186,181.05643624
104.068,2818.14,2409.4,4094.3,3510.18,11.1,"2026-07-07T22:58:51.650Z",2026-07-07 19:58:51.65,"2026-07-07 19:58","up",54.932,180.22310288
104.323,2817.82,2409.18,4096.3,3511.69,11.097,"2026-07-07T22:58:51.650Z",2026-07-07 19:58:51.65,"2026-07-07 19:58","up",54.677,179.38648868
104.577,2816.3,2408.01,4096.81,3512.04,11.099,"2026-07-07T22:58:51.650Z",2026-07-07 19:58:51.65,"2026-07-07 19:58","up",54.423,178.55315532
104.831,2816.25,2407.9,4095.83,3511.55,11.105,"2026-07-07T22:58:51.650Z",2026-07-07 19:58:51.65,"2026-07-07 19:58","up",54.169,177.71982196
105.085,2817.14,2408.61,4096.28,3512.44,11.116,"2026-07-07T22:58:51.650Z",2026-07-07 19:58:51.65,"2026-07-07 19:58","up",53.915,176.8864886
105.339,2816.89,2408.48,4098.51,3514.44,11.12,"2026-07-07T22:58:51.650Z",2026-07-07 19:58:51.65,"2026-07-07 19:58","up",53.661,176.05315524
105.594,2816.37,2407.84,4099.85,3515.49,11.111,"2026-07-07T22:58:51.650Z",2026-07-07 19:58:51.65,"2026-07-07 19:58","up",53.406,175.21654104
105.848,2816.91,2408.03,4100.15,3515.8,11.103,"2026-07-07T22:58:51.650Z",2026-07-07 19:58:51.65,"2026-07-07 19:58","up",53.152,174.38320768
106.102,2817.24,2408.26,4101.26,3516.74,11.101,"2026-07-07T22:58:51.650Z",2026-07-07 19:58:51.65,"2026-07-07 19:58","up",52.898,173.54987432
106.356,2816.08,2407.34,4102.29,3517.62,11.103,"2026-07-07T22:58:51.650Z",2026-07-07 19:58:51.65,"2026-07-07 19:58","up",52.644,172.71654096
106.61,2815.25,2406.48,4101.77,3517.25,11.1,"2026-07-07T22:58:51.650Z",2026-07-07 19:58:51.65,"2026-07-07 19:58","up",52.39,171.8832076
106.865,2815.35,2406.72,4101.15,3516.7,11.105,"2026-07-07T22:58:51.650Z",2026-07-07 19:58:51.65,"2026-07-07 19:58","up",52.135,171.0465934
107.119,2815.16,2406.52,4101.74,3517.21,11.104,"2026-07-07T22:58:51.650Z",2026-07-07 19:58:51.65,"2026-07-07 19:58","up",51.881,170.21326004
107.373,2814.01,2405.56,4102.01,3517.67,11.11,"2026-07-07T22:58:51.650Z",2026-07-07 19:58:51.65,"2026-07-07 19:58","up",51.627,169.37992668
107.627,2813.5,2405.13,4101.45,3517.53,11.118,"2026-07-07T22:58:51.650Z",2026-07-07 19:58:51.65,"2026-07-07 19:58","up",51.373,168.54659332
107.881,2813.56,2405.41,4101.7,3517.83,11.128,"2026-07-07T22:58:51.650Z",2026-07-07 19:58:51.65,"2026-07-07 19:58","up",51.119,167.71325996
108.136,2812.6,2404.72,4102.71,3518.56,11.13,"2026-07-07T22:58:51.650Z",2026-07-07 19:58:51.65,"2026-07-07 19:58","up",50.864,166.87664576
108.39,2811.31,2403.45,4102.64,3518.59,11.126,"2026-07-07T22:58:51.650Z",2026-07-07 19:58:51.65,"2026-07-07 19:58","up",50.61,166.0433124
108.644,2811.68,2403.3,4102.04,3518.4,11.117,"2026-07-07T22:58:51.650Z",2026-07-07 19:58:51.65,"2026-07-07 19:58","up",50.356,165.20997904
108.898,2812.57,2403.87,4102.99,3519.25,11.111,"2026-07-07T22:58:51.650Z",2026-07-07 19:58:51.65,"2026-07-07 19:58","up",50.102,164.37664568
109.152,2811.96,2403.62,4104.58,3520.35,11.115,"2026-07-07T22:58:51.650Z",2026-07-07 19:58:51.65,"2026-07-07 19:58","up",49.848,163.54331232
109.407,2810.71,2402.92,4104.59,3520.26,11.126,"2026-07-07T22:58:51.650Z",2026-07-07 19:58:51.65,"2026-07-07 19:58","up",49.593,162.70669812
109.661,2810.91,2402.91,4103.94,3519.76,11.12,"2026-07-07T22:58:51.650Z",2026-07-07 19:58:51.65,"2026-07-07 19:58","up",49.339,161.87336476
109.915,2811.51,2403,4104.68,3520.37,11.105,"2026-07-07T22:58:51.650Z",2026-07-07 19:58:51.65,"2026-07-07 19:58","up",49.085,161.0400314
110.169,2810.3,2402.13,4105.66,3521.22,11.111,"2026-07-07T22:58:51.650Z",2026-07-07 19:58:51.65,"2026-07-07 19:58","up",48.831,160.20669804
110.423,2808.95,2401.11,4105.06,3520.71,11.116,"2026-07-07T22:58:51.650Z",2026-07-07 19:58:51.65,"2026-07-07 19:58","up",48.577,159.37336468
110.678,2809.21,2401.29,4104.2,3519.26,11.098,"2026-07-07T22:58:51.650Z",2026-07-07 19:58:51.65,"2026-07-07 19:58","up",48.322,158.53675048
110.932,2809.16,2401.24,4104.82,3517.99,11.054,"2026-07-07T22:58:51.650Z",2026-07-07 19:58:51.65,"2026-07-07 19:58","up",48.068,157.70341712
111.186,2807.45,2399.72,4105.42,3516.94,11.015,"2026-07-07T22:58:51.650Z",2026-07-07 19:58:51.65,"2026-07-07 19:58","up",47.814,156.87008376
111.44,2806.69,2398.64,4104.89,3516.09,10.991,"2026-07-07T22:58:51.650Z",2026-07-07 19:58:51.65,"2026-07-07 19:58","up",47.56,156.0367504
111.694,2807.48,2399.14,4105.3,3516.55,10.987,"2026-07-07T22:58:51.650Z",2026-07-07 19:58:51.65,"2026-07-07 19:58","up",47.306,155.20341704
111.949,2807.54,2399.4,4107.47,3518.44,10.995,"2026-07-07T22:58:51.650Z",2026-07-07 19:58:51.65,"2026-07-07 19:58","up",47.051,154.36680284
112.203,2806.29,2398.56,4108.75,3519.69,11.007,"2026-07-07T22:58:51.650Z",2026-07-07 19:58:51.65,"2026-07-07 19:58","up",46.797,153.53346948
112.457,2806.54,2398.62,4108.45,3519.76,11.009,"2026-07-07T22:58:51.650Z",2026-07-07 19:58:51.65,"2026-07-07 19:58","up",46.543,152.70013612
112.711,2808.13,2399.66,4109.26,3520.64,11.002,"2026-07-07T22:58:51.650Z",2026-07-07 19:58:51.65,"2026-07-07 19:58","up",46.289,151.86680276
112.965,2807.72,2399.18,4111.32,3522.33,10.996,"2026-07-07T22:58:51.650Z",2026-07-07 19:58:51.65,"2026-07-07 19:58","up",46.035,151.0334694
113.22,2805.63,2397.55,4111.49,3522.32,10.998,"2026-07-07T22:58:51.650Z",2026-07-07 19:58:51.65,"2026-07-07 19:58","up",45.78,150.1968552
113.474,2805.37,2397.48,4109.96,3521.09,11.005,"2026-07-07T22:58:51.650Z",2026-07-07 19:58:51.65,"2026-07-07 19:58","up",45.526,149.36352184
113.728,2806.78,2398.55,4110.33,3521.61,11.005,"2026-07-07T22:58:51.650Z",2026-07-07 19:58:51.65,"2026-07-07 19:58","up",45.272,148.53018848
113.982,2806.45,2398.21,4112.54,3523.52,11.004,"2026-07-07T22:58:51.650Z",2026-07-07 19:58:51.65,"2026-07-07 19:58","up",45.018,147.69685512
114.236,2804.56,2396.78,4112.96,3523.96,11.012,"2026-07-07T22:58:51.650Z",2026-07-07 19:58:51.65,"2026-07-07 19:58","up",44.764,146.86352176
114.491,2803.88,2396.3,4111.66,3523.01,11.019,"2026-07-07T22:58:51.650Z",2026-07-07 19:58:51.65,"2026-07-07 19:58","up",44.509,146.02690756
114.745,2804.26,2396.38,4111.81,3523.03,11.008,"2026-07-07T22:58:51.650Z",2026-07-07 19:58:51.65,"2026-07-07 19:58","up",44.255,145.1935742
114.999,2803.63,2395.5,4113.16,3523.99,10.992,"2026-07-07T22:58:51.650Z",2026-07-07 19:58:51.65,"2026-07-07 19:58","up",44.001,144.36024084
115.253,2802.39,2394.39,4113.19,3524.21,10.995,"2026-07-07T22:58:51.650Z",2026-07-07 19:58:51.65,"2026-07-07 19:58","up",43.747,143.52690748
115.507,2802.23,2394.37,4112.33,3523.89,11.009,"2026-07-07T22:58:51.650Z",2026-07-07 19:58:51.65,"2026-07-07 19:58","up",43.493,142.69357412
115.762,2802.47,2394.5,4112.83,3524.42,11.008,"2026-07-07T22:58:51.650Z",2026-07-07 19:58:51.65,"2026-07-07 19:58","up",43.238,141.85695992
116.016,2801.74,2393.8,4114.11,3525.38,11.002,"2026-07-07T22:58:51.650Z",2026-07-07 19:58:51.65,"2026-07-07 19:58","up",42.984,141.02362656
116.27,2801.27,2393.36,4114.5,3525.82,11.004,"2026-07-07T22:58:51.650Z",2026-07-07 19:58:51.65,"2026-07-07 19:58","up",42.73,140.1902932
116.524,2801.7,2393.5,4114.79,3526.41,11.004,"2026-07-07T22:58:51.650Z",2026-07-07 19:58:51.65,"2026-07-07 19:58","up",42.476,139.35695984
116.778,2801.32,2393.04,4115.98,3527.41,10.999,"2026-07-07T22:58:51.650Z",2026-07-07 19:58:51.65,"2026-07-07 19:58","up",42.222,138.52362648
117.033,2799.94,2391.98,4116.51,3527.67,10.998,"2026-07-07T22:58:51.650Z",2026-07-07 19:58:51.65,"2026-07-07 19:58","up",41.967,137.68701228
117.287,2800,2391.89,4115.98,3527.48,10.999,"2026-07-07T22:58:51.650Z",2026-07-07 19:58:51.65,"2026-07-07 19:58","up",41.713,136.85367892
117.541,2801.5,2392.84,4116.82,3528.58,10.997,"2026-07-07T22:58:51.650Z",2026-07-07 19:58:51.65,"2026-07-07 19:58","up",41.459,136.02034556
117.795,2801.55,2393.01,4119.23,3530.59,11,"2026-07-07T22:58:51.650Z",2026-07-07 19:58:51.65,"2026-07-07 19:58","up",41.205,135.1870122
118.049,2800.85,2392.65,4120.56,3531.64,11.006,"2026-07-07T22:58:51.650Z",2026-07-07 19:58:51.65,"2026-07-07 19:58","up",40.951,134.35367884
118.304,2801.34,2393.14,4120.8,3532.1,11.015,"2026-07-07T22:58:51.650Z",2026-07-07 19:58:51.65,"2026-07-07 19:58","up",40.696,133.51706464
118.558,2802.35,2394.02,4122.18,3533.18,11.013,"2026-07-07T22:58:51.650Z",2026-07-07 19:58:51.65,"2026-07-07 19:58","up",40.442,132.68373128
118.812,2802.03,2393.72,4123.87,3533.97,10.996,"2026-07-07T22:58:51.650Z",2026-07-07 19:58:51.65,"2026-07-07 19:58","up",40.188,131.85039792
119.066,2800.96,2392.77,4123.9,3533.53,10.984,"2026-07-07T22:58:51.650Z",2026-07-07 19:58:51.65,"2026-07-07 19:58","up",39.934,131.01706456
119.32,2800.77,2392.7,4123.47,3533.05,10.984,"2026-07-07T22:58:51.650Z",2026-07-07 19:58:51.65,"2026-07-07 19:58","up",39.68,130.1837312
119.575,2800.8,2392.74,4124.29,3533.66,10.983,"2026-07-07T22:58:51.650Z",2026-07-07 19:58:51.65,"2026-07-07 19:58","up",39.425,129.347117
119.829,2799.24,2391.5,4124.94,3534.29,10.987,"2026-07-07T22:58:51.650Z",2026-07-07 19:58:51.65,"2026-07-07 19:58","up",39.171,128.51378364
120.083,2797.74,2390.04,4124.05,3533.75,10.987,"2026-07-07T22:58:51.650Z",2026-07-07 19:58:51.65,"2026-07-07 19:58","up",38.917,127.68045028
120.337,2798.31,2389.97,4123.57,3533.39,10.969,"2026-07-07T22:58:51.650Z",2026-07-07 19:58:51.65,"2026-07-07 19:58","up",38.663,126.84711692
120.591,2798.89,2390.4,4124.91,3534.47,10.965,"2026-07-07T22:58:51.650Z",2026-07-07 19:58:51.65,"2026-07-07 19:58","up",38.409,126.01378356
120.846,2797.66,2389.62,4125.89,3535.39,10.976,"2026-07-07T22:58:51.650Z",2026-07-07 19:58:51.65,"2026-07-07 19:58","up",38.154,125.17716936
121.1,2796.33,2388.63,4125.18,3535.08,10.988,"2026-07-07T22:58:51.650Z",2026-07-07 19:58:51.65,"2026-07-07 19:58","up",37.9,124.343836
121.354,2795.8,2388.06,4124.35,3534.65,10.991,"2026-07-07T22:58:51.650Z",2026-07-07 19:58:51.65,"2026-07-07 19:58","up",37.646,123.51050264
121.608,2794.69,2387.11,4124.18,3534.54,10.992,"2026-07-07T22:58:51.650Z",2026-07-07 19:58:51.65,"2026-07-07 19:58","up",37.392,122.67716928
121.862,2793.43,2386.02,4123.68,3534.13,10.992,"2026-07-07T22:58:51.650Z",2026-07-07 19:58:51.65,"2026-07-07 19:58","up",37.138,121.84383592
122.117,2793.79,2386.05,4123.11,3533.86,10.987,"2026-07-07T22:58:51.650Z",2026-07-07 19:58:51.65,"2026-07-07 19:58","up",36.883,121.00722172
122.371,2794.34,2386.31,4123.93,3534.8,10.985,"2026-07-07T22:58:51.650Z",2026-07-07 19:58:51.65,"2026-07-07 19:58","up",36.629,120.17388836
122.625,2793.52,2385.66,4125.17,3535.94,10.989,"2026-07-07T22:58:51.650Z",2026-07-07 19:58:51.65,"2026-07-07 19:58","up",36.375,119.340555
122.879,2792.78,2385.19,4124.94,3535.63,10.992,"2026-07-07T22:58:51.650Z",2026-07-07 19:58:51.65,"2026-07-07 19:58","up",36.121,118.50722164
123.133,2793.55,2385.86,4124.47,3535.09,10.989,"2026-07-07T22:58:51.650Z",2026-07-07 19:58:51.65,"2026-07-07 19:58","up",35.867,117.67388828
123.388,2794.53,2386.81,4126.01,3535.98,10.983,"2026-07-07T22:58:51.650Z",2026-07-07 19:58:51.65,"2026-07-07 19:58","up",35.612,116.83727408
123.642,2794.1,2386.53,4128.18,3537.35,10.974,"2026-07-07T22:58:51.650Z",2026-07-07 19:58:51.65,"2026-07-07 19:58","up",35.358,116.00394072
123.896,2793.72,2386,4128.68,3537.85,10.969,"2026-07-07T22:58:51.650Z",2026-07-07 19:58:51.65,"2026-07-07 19:58","up",35.104,115.17060736
124.15,2794.33,2386.36,4128.96,3538.43,10.971,"2026-07-07T22:58:51.650Z",2026-07-07 19:58:51.65,"2026-07-07 19:58","up",34.85,114.337274
124.404,2794,2386.11,4130.36,3539.46,10.968,"2026-07-07T22:58:51.650Z",2026-07-07 19:58:51.65,"2026-07-07 19:58","up",34.596,113.50394064
124.659,2792.4,2384.76,4130.79,3539.46,10.96,"2026-07-07T22:58:51.650Z",2026-07-07 19:58:51.65,"2026-07-07 19:58","up",34.341,112.66732644
124.913,2791.87,2384.16,4129.7,3538.57,10.956,"2026-07-07T22:58:51.650Z",2026-07-07 19:58:51.65,"2026-07-07 19:58","up",34.087,111.83399308
125.167,2792.87,2384.78,4129.91,3538.99,10.953,"2026-07-07T22:58:51.650Z",2026-07-07 19:58:51.65,"2026-07-07 19:58","up",33.833,111.00065972
125.421,2792.4,2384.43,4131.72,3540.44,10.953,"2026-07-07T22:58:51.650Z",2026-07-07 19:58:51.65,"2026-07-07 19:58","up",33.579,110.16732636
125.675,2790.61,2383.12,4131.88,3540.49,10.958,"2026-07-07T22:58:51.650Z",2026-07-07 19:58:51.65,"2026-07-07 19:58","up",33.325,109.333993
125.93,2790.16,2382.75,4130.49,3539.5,10.964,"2026-07-07T22:58:51.650Z",2026-07-07 19:58:51.65,"2026-07-07 19:58","up",33.07,108.4973788
126.184,2790.7,2383.17,4130.89,3539.95,10.965,"2026-07-07T22:58:51.650Z",2026-07-07 19:58:51.65,"2026-07-07 19:58","up",32.816,107.66404544
126.438,2790.15,2382.59,4132.7,3541.57,10.963,"2026-07-07T22:58:51.650Z",2026-07-07 19:58:51.65,"2026-07-07 19:58","up",32.562,106.83071208
126.692,2788.8,2381.41,4133.03,3542.1,10.967,"2026-07-07T22:58:51.650Z",2026-07-07 19:58:51.65,"2026-07-07 19:58","up",32.308,105.99737872
126.946,2788.81,2381.29,4132.42,3541.83,10.969,"2026-07-07T22:58:51.650Z",2026-07-07 19:58:51.65,"2026-07-07 19:58","up",32.054,105.16404536
127.201,2789.57,2381.94,4133.16,3542.58,10.972,"2026-07-07T22:58:51.650Z",2026-07-07 19:58:51.65,"2026-07-07 19:58","up",31.799,104.32743116
127.455,2788.91,2381.4,4134.62,3543.62,10.967,"2026-07-07T22:58:51.650Z",2026-07-07 19:58:51.65,"2026-07-07 19:58","up",31.545,103.4940978
127.709,2787.67,2380.22,4134.42,3543.29,10.959,"2026-07-07T22:58:51.650Z",2026-07-07 19:58:51.65,"2026-07-07 19:58","up",31.291,102.66076444
127.963,2788.03,2380.15,4133.4,3542.45,10.947,"2026-07-07T22:58:51.650Z",2026-07-07 19:58:51.65,"2026-07-07 19:58","up",31.037,101.82743108
128.217,2788.5,2380.58,4133.99,3542.85,10.945,"2026-07-07T22:58:51.650Z",2026-07-07 19:58:51.65,"2026-07-07 19:58","up",30.783,100.99409772
128.472,2787.55,2379.97,4135.06,3543.58,10.948,"2026-07-07T22:58:51.650Z",2026-07-07 19:58:51.65,"2026-07-07 19:58","up",30.528,100.15748352
128.726,2786.8,2379.39,4134.45,3543.31,10.956,"2026-07-07T22:58:51.650Z",2026-07-07 19:58:51.65,"2026-07-07 19:58","up",30.274,99.32415016
128.98,2787.23,2379.65,4133.79,3543.27,10.965,"2026-07-07T22:58:51.650Z",2026-07-07 19:58:51.65,"2026-07-07 19:58","up",30.02,98.4908168
129.234,2787.31,2379.69,4134.86,3544.26,10.966,"2026-07-07T22:58:51.650Z",2026-07-07 19:58:51.65,"2026-07-07 19:58","up",29.766,97.65748344
129.488,2786.51,2378.98,4135.82,3544.92,10.961,"2026-07-07T22:58:51.650Z",2026-07-07 19:58:51.65,"2026-07-07 19:58","up",29.512,96.82415008
129.743,2786.39,2378.76,4135.66,3544.84,10.958,"2026-07-07T22:58:51.650Z",2026-07-07 19:58:51.65,"2026-07-07 19:58","up",29.257,95.98753588
129.997,2787.46,2379.56,4136.13,3545.46,10.959,"2026-07-07T22:58:51.650Z",2026-07-07 19:58:51.65,"2026-07-07 19:58","up",29.003,95.15420252
130.251,2788.01,2380.04,4137.89,3547.08,10.962,"2026-07-07T22:58:51.650Z",2026-07-07 19:58:51.65,"2026-07-07 19:58","up",28.749,94.32086916
130.505,2787.52,2379.61,4139.41,3548.34,10.961,"2026-07-07T22:58:51.650Z",2026-07-07 19:58:51.65,"2026-07-07 19:58","up",28.495,93.4875358
130.759,2787.17,2379.19,4140.32,3549.03,10.954,"2026-07-07T22:58:51.650Z",2026-07-07 19:58:51.65,"2026-07-07 19:58","up",28.241,92.65420244
131.014,2786.57,2378.62,4141.34,3549.86,10.951,"2026-07-07T22:58:51.650Z",2026-07-07 19:58:51.65,"2026-07-07 19:58","up",27.986,91.81758824
131.268,2785.02,2377.36,4141.56,3550.42,10.963,"2026-07-07T22:58:51.650Z",2026-07-07 19:58:51.65,"2026-07-07 19:58","up",27.732,90.98425488
131.522,2784.29,2376.59,4140.48,3550.71,10.986,"2026-07-07T22:58:51.650Z",2026-07-07 19:58:51.65,"2026-07-07 19:58","up",27.478,90.15092152
131.776,2785.65,2377.48,4140.52,3552.28,11.012,"2026-07-07T22:58:51.650Z",2026-07-07 19:58:51.65,"2026-07-07 19:58","up",27.224,89.31758816
132.03,2786.75,2378.49,4143.36,3555.7,11.038,"2026-07-07T22:58:51.650Z",2026-07-07 19:58:51.65,"2026-07-07 19:58","up",26.97,88.4842548
132.285,2785.7,2377.79,4146.28,3558.83,11.06,"2026-07-07T22:58:51.650Z",2026-07-07 19:58:51.65,"2026-07-07 19:58","up",26.715,87.6476406
132.539,2784.08,2376.48,4146.56,3560.1,11.087,"2026-07-07T22:58:51.650Z",2026-07-07 19:58:51.65,"2026-07-07 19:58","up",26.461,86.81430724
132.793,2783.82,2376.31,4146.02,3561.17,11.124,"2026-07-07T22:58:51.650Z",2026-07-07 19:58:51.65,"2026-07-07 19:58","up",26.207,85.98097388
133.047,2784.1,2376.47,4147.12,3563.88,11.163,"2026-07-07T22:58:51.650Z",2026-07-07 19:58:51.65,"2026-07-07 19:58","up",25.953,85.14764052
133.301,2783.32,2375.84,4148.72,3566.92,11.203,"2026-07-07T22:58:51.650Z",2026-07-07 19:58:51.65,"2026-07-07 19:58","up",25.699,84.31430716
133.556,2782.29,2375.19,4149.03,3568.56,11.244,"2026-07-07T22:58:51.650Z",2026-07-07 19:58:51.65,"2026-07-07 19:58","up",25.444,83.47769296
133.81,2781.92,2374.87,4148.9,3569.28,11.263,"2026-07-07T22:58:51.650Z",2026-07-07 19:58:51.65,"2026-07-07 19:58","up",25.19,82.6443596
134.064,2781.59,2374.31,4149.22,3569.55,11.253,"2026-07-07T22:58:51.650Z",2026-07-07 19:58:51.65,"2026-07-07 19:58","up",24.936,81.81102624
134.318,2781.52,2374.11,4149.21,3569.32,11.243,"2026-07-07T22:58:51.650Z",2026-07-07 19:58:51.65,"2026-07-07 19:58","up",24.682,80.97769288
134.572,2782.47,2374.92,4149.41,3569.15,11.235,"2026-07-07T22:58:51.650Z",2026-07-07 19:58:51.65,"2026-07-07 19:58","up",24.428,80.14435952
134.827,2783.41,2375.71,4151.2,3569.62,11.209,"2026-07-07T22:58:51.650Z",2026-07-07 19:58:51.65,"2026-07-07 19:58","up",24.173,79.30774532
135.081,2782.91,2375.62,4153.53,3570.35,11.192,"2026-07-07T22:58:51.650Z",2026-07-07 19:58:51.65,"2026-07-07 19:58","up",23.919,78.47441196
135.335,2782.1,2374.94,4154.31,3570.36,11.177,"2026-07-07T22:58:51.650Z",2026-07-07 19:58:51.65,"2026-07-07 19:58","up",23.665,77.6410786
135.589,2782.5,2374.97,4154.18,3570.05,11.161,"2026-07-07T22:58:51.650Z",2026-07-07 19:58:51.65,"2026-07-07 19:58","up",23.411,76.80774524
135.843,2783.02,2375.33,4154.92,3570.34,11.149,"2026-07-07T22:58:51.650Z",2026-07-07 19:58:51.65,"2026-07-07 19:58","up",23.157,75.97441188
136.098,2782.43,2374.92,4155.82,3570.17,11.131,"2026-07-07T22:58:51.650Z",2026-07-07 19:58:51.65,"2026-07-07 19:58","up",22.902,75.13779768
136.352,2782,2374.42,4155.66,3568.89,11.099,"2026-07-07T22:58:51.650Z",2026-07-07 19:58:51.65,"2026-07-07 19:58","up",22.648,74.30446432
136.606,2782.88,2375.03,4155.99,3568.54,11.08,"2026-07-07T22:58:51.650Z",2026-07-07 19:58:51.65,"2026-07-07 19:58","up",22.394,73.47113096
136.86,2783.05,2375.38,4157.88,3570.03,11.084,"2026-07-07T22:58:51.650Z",2026-07-07 19:58:51.65,"2026-07-07 19:58","up",22.14,72.6377976
137.114,2781.86,2374.33,4158.74,3570.85,11.084,"2026-07-07T22:58:51.650Z",2026-07-07 19:58:51.65,"2026-07-07 19:58","up",21.886,71.80446424
137.369,2781.39,2373.63,4157.47,3570.07,11.081,"2026-07-07T22:58:51.650Z",2026-07-07 19:58:51.65,"2026-07-07 19:58","up",21.631,70.96785004
137.623,2781.98,2374.18,4157.07,3569.84,11.085,"2026-07-07T22:58:51.650Z",2026-07-07 19:58:51.65,"2026-07-07 19:58","up",21.377,70.13451668
137.877,2781.42,2374.14,4158.6,3570.61,11.088,"2026-07-07T22:58:51.650Z",2026-07-07 19:58:51.65,"2026-07-07 19:58","up",21.123,69.30118332
138.131,2779.52,2372.65,4159.01,3570.25,11.076,"2026-07-07T22:58:51.650Z",2026-07-07 19:58:51.65,"2026-07-07 19:58","up",20.869,68.46784996
138.385,2778.39,2371.53,4157.31,3568.57,11.065,"2026-07-07T22:58:51.650Z",2026-07-07 19:58:51.65,"2026-07-07 19:58","up",20.615,67.6345166
138.64,2778.58,2371.53,4156.27,3567.83,11.063,"2026-07-07T22:58:51.650Z",2026-07-07 19:58:51.65,"2026-07-07 19:58","up",20.36,66.7979024
138.894,2778.28,2371.15,4157.24,3568.49,11.055,"2026-07-07T22:58:51.650Z",2026-07-07 19:58:51.65,"2026-07-07 19:58","up",20.106,65.96456904
139.148,2777.1,2370.2,4157.91,3568.74,11.049,"2026-07-07T22:58:51.650Z",2026-07-07 19:58:51.65,"2026-07-07 19:58","up",19.852,65.13123568
139.402,2776.88,2370,4157.46,3568.21,11.045,"2026-07-07T22:58:51.650Z",2026-07-07 19:58:51.65,"2026-07-07 19:58","up",19.598,64.29790232
139.656,2777.29,2370.04,4157.76,3568.23,11.029,"2026-07-07T22:58:51.650Z",2026-07-07 19:58:51.65,"2026-07-07 19:58","up",19.344,63.46456896
139.911,2776.69,2369.51,4158.58,3568.53,11.019,"2026-07-07T22:58:51.650Z",2026-07-07 19:58:51.65,"2026-07-07 19:58","up",19.089,62.62795476
140.165,2775.36,2368.58,4158.46,3568.15,11.02,"2026-07-07T22:58:51.650Z",2026-07-07 19:58:51.65,"2026-07-07 19:58","up",18.835,61.7946214
140.419,2775.23,2368.25,4158.25,3567.96,11.011,"2026-07-07T22:58:51.650Z",2026-07-07 19:58:51.65,"2026-07-07 19:58","up",18.581,60.96128804
140.673,2775.87,2368.67,4159.31,3568.87,11.007,"2026-07-07T22:58:51.650Z",2026-07-07 19:58:51.65,"2026-07-07 19:58","up",18.327,60.12795468
140.927,2775.69,2368.72,4160.66,3569.79,11.009,"2026-07-07T22:58:51.650Z",2026-07-07 19:58:51.65,"2026-07-07 19:58","up",18.073,59.29462132
141.182,2775.4,2368.43,4160.98,3569.91,11.004,"2026-07-07T22:58:51.650Z",2026-07-07 19:58:51.65,"2026-07-07 19:58","up",17.818,58.45800712
141.436,2775.67,2368.57,4161.04,3570.04,11.002,"2026-07-07T22:58:51.650Z",2026-07-07 19:58:51.65,"2026-07-07 19:58","up",17.564,57.62467376
141.69,2775.47,2368.48,4161.86,3570.68,11.004,"2026-07-07T22:58:51.650Z",2026-07-07 19:58:51.65,"2026-07-07 19:58","up",17.31,56.7913404
141.944,2774.8,2367.86,4162.25,3570.98,11.001,"2026-07-07T22:58:51.650Z",2026-07-07 19:58:51.65,"2026-07-07 19:58","up",17.056,55.95800704
142.198,2775.18,2368.05,4161.95,3571.02,11.003,"2026-07-07T22:58:51.650Z",2026-07-07 19:58:51.65,"2026-07-07 19:58","up",16.802,55.12467368
142.453,2775.94,2368.75,4162.88,3572.12,11.012,"2026-07-07T22:58:51.650Z",2026-07-07 19:58:51.65,"2026-07-07 19:58","up",16.547,54.28805948
142.707,2775.43,2368.35,4164.8,3573.91,11.017,"2026-07-07T22:58:51.650Z",2026-07-07 19:58:51.65,"2026-07-07 19:58","up",16.293,53.45472612
142.961,2774.41,2367.47,4165.56,3574.46,11.014,"2026-07-07T22:58:51.650Z",2026-07-07 19:58:51.65,"2026-07-07 19:58","up",16.039,52.62139276
143.215,2774.51,2367.63,4165.21,3574.01,11.013,"2026-07-07T22:58:51.650Z",2026-07-07 19:58:51.65,"2026-07-07 19:58","up",15.785,51.7880594
143.469,2774.83,2368.06,4165.82,3574.51,11.018,"2026-07-07T22:58:51.650Z",2026-07-07 19:58:51.65,"2026-07-07 19:58","up",15.531,50.95472604
143.724,2773.97,2367.48,4167.06,3575.69,11.026,"2026-07-07T22:58:51.650Z",2026-07-07 19:58:51.65,"2026-07-07 19:58","up",15.276,50.11811184
143.978,2772.53,2366.41,4166.88,3575.82,11.039,"2026-07-07T22:58:51.650Z",2026-07-07 19:58:51.65,"2026-07-07 19:58","up",15.022,49.28477848
144.232,2772.45,2366.28,4165.93,3575.33,11.044,"2026-07-07T22:58:51.650Z",2026-07-07 19:58:51.65,"2026-07-07 19:58","up",14.768,48.45144512
144.486,2772.67,2366.57,4166.55,3575.73,11.045,"2026-07-07T22:58:51.650Z",2026-07-07 19:58:51.65,"2026-07-07 19:58","up",14.514,47.61811176
144.74,2771.46,2365.8,4167.63,3576.45,11.049,"2026-07-07T22:58:51.650Z",2026-07-07 19:58:51.65,"2026-07-07 19:58","up",14.26,46.7847784
144.995,2770.05,2364.45,4166.86,3576.23,11.054,"2026-07-07T22:58:51.650Z",2026-07-07 19:58:51.65,"2026-07-07 19:58","up",14.005,45.9481642
145.249,2770.22,2364.28,4165.78,3575.8,11.055,"2026-07-07T22:58:51.650Z",2026-07-07 19:58:51.65,"2026-07-07 19:58","up",13.751,45.11483084
145.503,2770.77,2364.66,4166.4,3576.27,11.05,"2026-07-07T22:58:51.650Z",2026-07-07 19:58:51.65,"2026-07-07 19:58","up",13.497,44.28149748
145.757,2770.16,2364.25,4167.02,3576.66,11.051,"2026-07-07T22:58:51.650Z",2026-07-07 19:58:51.65,"2026-07-07 19:58","up",13.243,43.44816412
146.011,2769.66,2363.97,4166.18,3576.31,11.064,"2026-07-07T22:58:51.650Z",2026-07-07 19:58:51.65,"2026-07-07 19:58","up",12.989,42.61483076
146.266,2770.16,2364.53,4165.88,3576.3,11.075,"2026-07-07T22:58:51.650Z",2026-07-07 19:58:51.65,"2026-07-07 19:58","up",12.734,41.77821656
146.52,2770.03,2364.63,4167.32,3577.29,11.077,"2026-07-07T22:58:51.650Z",2026-07-07 19:58:51.65,"2026-07-07 19:58","up",12.48,40.9448832
146.774,2768.83,2363.9,4168.38,3578.11,11.085,"2026-07-07T22:58:51.650Z",2026-07-07 19:58:51.65,"2026-07-07 19:58","up",12.226,40.11154984
147.028,2768.42,2363.53,4168.2,3578.08,11.087,"2026-07-07T22:58:51.650Z",2026-07-07 19:58:51.65,"2026-07-07 19:58","up",11.972,39.27821648
147.282,2769.08,2363.92,4168.77,3578.57,11.081,"2026-07-07T22:58:51.650Z",2026-07-07 19:58:51.65,"2026-07-07 19:58","up",11.718,38.44488312
147.537,2769.01,2364.03,4170.8,3580.09,11.082,"2026-07-07T22:58:51.650Z",2026-07-07 19:58:51.65,"2026-07-07 19:58","up",11.463,37.60826892
147.791,2767.95,2363.12,4171.84,3580.94,11.081,"2026-07-07T22:58:51.650Z",2026-07-07 19:58:51.65,"2026-07-07 19:58","up",11.209,36.77493556
148.045,2767.71,2362.81,4170.9,3580.71,11.09,"2026-07-07T22:58:51.650Z",2026-07-07 19:58:51.65,"2026-07-07 19:58","up",10.955,35.9416022
148.299,2768.36,2363.39,4170.5,3581.07,11.108,"2026-07-07T22:58:51.650Z",2026-07-07 19:58:51.65,"2026-07-07 19:58","up",10.701,35.10826884
148.553,2768.34,2363.53,4171.62,3582.29,11.119,"2026-07-07T22:58:51.650Z",2026-07-07 19:58:51.65,"2026-07-07 19:58","up",10.447,34.27493548
148.808,2767.46,2363.37,4172.32,3582.99,11.143,"2026-07-07T22:58:51.650Z",2026-07-07 19:58:51.65,"2026-07-07 19:58","up",10.192,33.43832128
149.062,2767.37,2363.72,4172.24,3583.53,11.172,"2026-07-07T22:58:51.650Z",2026-07-07 19:58:51.65,"2026-07-07 19:58","up",9.93799999999999,32.60498792
149.316,2767.9,2363.99,4172.98,3584.98,11.185,"2026-07-07T22:58:51.650Z",2026-07-07 19:58:51.65,"2026-07-07 19:58","up",9.684,31.77165456
149.57,2767.93,2363.52,4174.49,3586.42,11.171,"2026-07-07T22:58:51.650Z",2026-07-07 19:58:51.65,"2026-07-07 19:58","up",9.43000000000001,30.9383212
149.824,2767.48,2361.72,4175.54,3586.35,11.098,"2026-07-07T22:58:51.650Z",2026-07-07 19:58:51.65,"2026-07-07 19:58","up",9.17599999999999,30.10498784
150.079,2766.95,2358.5,4176.22,3584.27,10.937,"2026-07-07T22:58:51.650Z",2026-07-07 19:58:51.65,"2026-07-07 19:58","up",8.92099999999999,29.26837364
150.333,2765.8,2354.83,4176.62,3580.48,10.745,"2026-07-07T22:58:51.650Z",2026-07-07 19:58:51.65,"2026-07-07 19:58","up",8.667,28.43504028
150.587,2763.85,2351.17,4175.77,3575.79,10.582,"2026-07-07T22:58:51.650Z",2026-07-07 19:58:51.65,"2026-07-07 19:58","up",8.41300000000001,27.60170692
150.841,2762.4,2348.36,4173.51,3571.23,10.465,"2026-07-07T22:58:51.650Z",2026-07-07 19:58:51.65,"2026-07-07 19:58","up",8.15899999999999,26.76837356
151.095,2762,2346.94,4171.97,3568.09,10.384,"2026-07-07T22:58:51.650Z",2026-07-07 19:58:51.65,"2026-07-07 19:58","up",7.905,25.9350402
151.35,2761.38,2345.67,4172.21,3566.64,10.319,"2026-07-07T22:58:51.650Z",2026-07-07 19:58:51.65,"2026-07-07 19:58","up",7.65000000000001,25.098426
151.604,2760.17,2344.38,4172.6,3565.73,10.28,"2026-07-07T22:58:51.650Z",2026-07-07 19:58:51.65,"2026-07-07 19:58","up",7.39599999999999,24.26509264
151.858,2759.44,2343.81,4172.08,3565.02,10.276,"2026-07-07T22:58:51.650Z",2026-07-07 19:58:51.65,"2026-07-07 19:58","up",7.142,23.43175928
152.112,2759.3,2344.03,4171.79,3565.35,10.302,"2026-07-07T22:58:51.650Z",2026-07-07 19:58:51.65,"2026-07-07 19:58","up",6.888,22.59842592
152.366,2758.59,2344.43,4172.26,3566.74,10.36,"2026-07-07T22:58:51.650Z",2026-07-07 19:58:51.65,"2026-07-07 19:58","up",6.63399999999999,21.76509256
152.621,2757.8,2345.03,4172.2,3568.4,10.445,"2026-07-07T22:58:51.650Z",2026-07-07 19:58:51.65,"2026-07-07 19:58","up",6.37899999999999,20.92847836
152.875,2758.66,2347.76,4172.1,3570.99,10.579,"2026-07-07T22:58:51.650Z",2026-07-07 19:58:51.65,"2026-07-07 19:58","up",6.125,20.095145
153.129,2760.45,2352.19,4173.67,3575.75,10.762,"2026-07-07T22:58:51.650Z",2026-07-07 19:58:51.65,"2026-07-07 19:58","up",5.87100000000001,19.26181164
153.383,2760.9,2356.14,4175.96,3581.9,10.987,"2026-07-07T22:58:51.650Z",2026-07-07 19:58:51.65,"2026-07-07 19:58","up",5.61699999999999,18.42847828
153.637,2760.98,2360.05,4176.93,3588.14,11.249,"2026-07-07T22:58:51.650Z",2026-07-07 19:58:51.65,"2026-07-07 19:58","up",5.363,17.59514492
153.892,2762.54,2365.68,4177.59,3595.4,11.558,"2026-07-07T22:58:51.650Z",2026-07-07 19:58:51.65,"2026-07-07 19:58","up",5.108,16.75853072
154.146,2764.73,2372.76,4180.52,3605.14,11.911,"2026-07-07T22:58:51.650Z",2026-07-07 19:58:51.65,"2026-07-07 19:58","up",4.85400000000001,15.92519736
154.4,2766.18,2379.88,4184.82,3616.59,12.3,"2026-07-07T22:58:51.650Z",2026-07-07 19:58:51.65,"2026-07-07 19:58","up",4.59999999999999,15.091864
154.654,2767.55,2387.73,4188.22,3628.61,12.749,"2026-07-07T22:58:51.650Z",2026-07-07 19:58:51.65,"2026-07-07 19:58","up",4.346,14.25853064
154.908,2769.77,2397.47,4191.27,3642.02,13.278,"2026-07-07T22:58:51.650Z",2026-07-07 19:58:51.65,"2026-07-07 19:58","up",4.09200000000001,13.42519728
155.163,2771.98,2408.48,4195.22,3657.74,13.886,"2026-07-07T22:58:51.650Z",2026-07-07 19:58:51.65,"2026-07-07 19:58","up",3.83699999999999,12.58858308
155.417,2774.3,2420.6,4199.1,3675.17,14.572,"2026-07-07T22:58:51.650Z",2026-07-07 19:58:51.65,"2026-07-07 19:58","up",3.583,11.75524972
155.671,2778.31,2434.99,4202.97,3694.68,15.334,"2026-07-07T22:58:51.650Z",2026-07-07 19:58:51.65,"2026-07-07 19:58","up",3.32900000000001,10.92191636
155.925,2783.55,2451.7,4208.81,3717.7,16.18,"2026-07-07T22:58:51.650Z",2026-07-07 19:58:51.65,"2026-07-07 19:58","up",3.07499999999999,10.088583
156.179,2787.81,2469.43,4216.31,3744.04,17.133,"2026-07-07T22:58:51.650Z",2026-07-07 19:58:51.65,"2026-07-07 19:58","up",2.821,9.25524963999999
156.434,2791.47,2489.15,4223.19,3772.76,18.242,"2026-07-07T22:58:51.650Z",2026-07-07 19:58:51.65,"2026-07-07 19:58","up",2.566,8.41863544000001
156.688,2797.05,2513.35,4230.08,3805.13,19.532,"2026-07-07T22:58:51.650Z",2026-07-07 19:58:51.65,"2026-07-07 19:58","up",2.31200000000001,7.58530208000004
156.942,2804.4,2541.65,4239.3,3843.36,20.995,"2026-07-07T22:58:51.650Z",2026-07-07 19:58:51.65,"2026-07-07 19:58","up",2.05799999999999,6.75196871999998
157.196,2811.58,2572.03,4250.47,3887.27,22.622,"2026-07-07T22:58:51.650Z",2026-07-07 19:58:51.65,"2026-07-07 19:58","up",1.804,5.91863536000001
157.45,2820.37,2608.93,4262.05,3936.8,24.544,"2026-07-07T22:58:51.650Z",2026-07-07 19:58:51.65,"2026-07-07 19:58","up",1.55000000000001,5.08530200000004
157.705,2832.24,2656.55,4275.84,3997,26.936,"2026-07-07T22:58:51.650Z",2026-07-07 19:58:51.65,"2026-07-07 19:58","up",1.29499999999999,4.24868779999996
157.959,2843.08,2703.89,4294.33,4069.46,29.523,"2026-07-07T22:58:51.650Z",2026-07-07 19:58:51.65,"2026-07-07 19:58","up",1.041,3.41535443999999
158.213,2848.68,2735.34,4314.33,4140.36,31.648,"2026-07-07T22:58:51.650Z",2026-07-07 19:58:51.65,"2026-07-07 19:58","up",0.787000000000006,2.58202108000002
158.467,2850.39,2748.84,4331.45,4192.94,32.903,"2026-07-07T22:58:51.650Z",2026-07-07 19:58:51.65,"2026-07-07 19:58","up",0.532999999999987,1.74868771999996
158.721,2853.5,2761.64,4343.48,4225.18,33.724,"2026-07-07T22:58:51.650Z",2026-07-07 19:58:51.65,"2026-07-07 19:58","up",0.278999999999996,0.915354359999988
158.976,2863.04,2788.69,4350.06,4254.43,34.88,"2026-07-07T22:58:51.650Z",2026-07-07 19:58:51.65,"2026-07-07 19:58","up",0.0240000000000009,0.078740160000003
8.235,3621.96,3473.14,3905.6,3742.77,28.373,"2026-07-08T04:48:21.534Z",2026-07-08 01:48:21.534,"2026-07-08 01:48","down",0.234999999999999,0.770997399999998
8.49,3612.87,3455.04,3895.76,3711.99,27.58,"2026-07-08T04:48:21.534Z",2026-07-08 01:48:21.534,"2026-07-08 01:48","down",0.49,1.6076116
8.744,3606.26,3442.29,3893.28,3699.8,27.157,"2026-07-08T04:48:21.534Z",2026-07-08 01:48:21.534,"2026-07-08 01:48","down",0.744,2.44094496
8.998,3599.75,3423.39,3893.2,3691.7,26.609,"2026-07-08T04:48:21.534Z",2026-07-08 01:48:21.534,"2026-07-08 01:48","down",0.997999999999999,3.27427832
9.252,3591.45,3393.89,3889.97,3674.12,25.655,"2026-07-08T04:48:21.534Z",2026-07-08 01:48:21.534,"2026-07-08 01:48","down",1.252,4.10761168
9.506,3583.22,3358.21,3883.36,3644.56,24.305,"2026-07-08T04:48:21.534Z",2026-07-08 01:48:21.534,"2026-07-08 01:48","down",1.506,4.94094504
9.761,3574.38,3320.16,3875.6,3607.79,22.749,"2026-07-08T04:48:21.534Z",2026-07-08 01:48:21.534,"2026-07-08 01:48","down",1.761,5.77755924
10.015,3564.64,3282.72,3866.94,3568.34,21.181,"2026-07-08T04:48:21.534Z",2026-07-08 01:48:21.534,"2026-07-08 01:48","down",2.015,6.6108926
10.269,3557.61,3250.05,3857.74,3529.75,19.705,"2026-07-08T04:48:21.534Z",2026-07-08 01:48:21.534,"2026-07-08 01:48","down",2.269,7.44422596
10.523,3553.27,3223.45,3850.28,3495.79,18.402,"2026-07-08T04:48:21.534Z",2026-07-08 01:48:21.534,"2026-07-08 01:48","down",2.523,8.27755932
10.777,3547.3,3199.26,3844.92,3467.16,17.289,"2026-07-08T04:48:21.534Z",2026-07-08 01:48:21.534,"2026-07-08 01:48","down",2.777,9.11089268
11.032,3539.96,3176.05,3839.38,3441.57,16.315,"2026-07-08T04:48:21.534Z",2026-07-08 01:48:21.534,"2026-07-08 01:48","down",3.032,9.94750688
11.286,3534.83,3156.06,3833.21,3418.07,15.441,"2026-07-08T04:48:21.534Z",2026-07-08 01:48:21.534,"2026-07-08 01:48","down",3.286,10.78084024
11.54,3531.2,3138.99,3828.3,3397.61,14.656,"2026-07-08T04:48:21.534Z",2026-07-08 01:48:21.534,"2026-07-08 01:48","down",3.54,11.6141736
11.794,3526.89,3123,3824.67,3379.92,13.957,"2026-07-08T04:48:21.534Z",2026-07-08 01:48:21.534,"2026-07-08 01:48","down",3.794,12.44750696
12.048,3523.38,3109.46,3820.96,3363.86,13.348,"2026-07-08T04:48:21.534Z",2026-07-08 01:48:21.534,"2026-07-08 01:48","down",4.048,13.28084032
12.303,3522.52,3099.39,3817.92,3350.07,12.813,"2026-07-08T04:48:21.534Z",2026-07-08 01:48:21.534,"2026-07-08 01:48","down",4.303,14.11745452
12.557,3521.42,3090.25,3816.56,3339.3,12.347,"2026-07-08T04:48:21.534Z",2026-07-08 01:48:21.534,"2026-07-08 01:48","down",4.557,14.95078788
12.811,3518.05,3080.59,3815.08,3329.76,11.955,"2026-07-08T04:48:21.534Z",2026-07-08 01:48:21.534,"2026-07-08 01:48","down",4.811,15.78412124
13.065,3515.46,3072.52,3812.2,3320.04,11.614,"2026-07-08T04:48:21.534Z",2026-07-08 01:48:21.534,"2026-07-08 01:48","down",5.065,16.6174546
13.319,3515.29,3066.76,3810.08,3311.74,11.297,"2026-07-08T04:48:21.534Z",2026-07-08 01:48:21.534,"2026-07-08 01:48","down",5.319,17.45078796
13.574,3514.06,3060.94,3810.08,3305.89,11.019,"2026-07-08T04:48:21.534Z",2026-07-08 01:48:21.534,"2026-07-08 01:48","down",5.574,18.28740216
13.828,3510.78,3054.38,3809.73,3300.6,10.792,"2026-07-08T04:48:21.534Z",2026-07-08 01:48:21.534,"2026-07-08 01:48","down",5.828,19.12073552
14.082,3509.11,3049.87,3807.64,3294.91,10.609,"2026-07-08T04:48:21.534Z",2026-07-08 01:48:21.534,"2026-07-08 01:48","down",6.082,19.95406888
14.336,3509.54,3047.82,3806.18,3290.63,10.467,"2026-07-08T04:48:21.534Z",2026-07-08 01:48:21.534,"2026-07-08 01:48","down",6.336,20.78740224
14.59,3508.78,3045.55,3806.4,3288.51,10.364,"2026-07-08T04:48:21.534Z",2026-07-08 01:48:21.534,"2026-07-08 01:48","down",6.59,21.6207356
14.845,3506.37,3042.74,3806,3286.62,10.306,"2026-07-08T04:48:21.534Z",2026-07-08 01:48:21.534,"2026-07-08 01:48","down",6.845,22.4573498
15.099,3505.58,3041.68,3804.39,3284.53,10.278,"2026-07-08T04:48:21.534Z",2026-07-08 01:48:21.534,"2026-07-08 01:48","down",7.099,23.29068316
15.353,3506.14,3042.16,3803.87,3284.06,10.277,"2026-07-08T04:48:21.534Z",2026-07-08 01:48:21.534,"2026-07-08 01:48","down",7.353,24.12401652
15.607,3505.14,3042.29,3804.6,3285.19,10.317,"2026-07-08T04:48:21.534Z",2026-07-08 01:48:21.534,"2026-07-08 01:48","down",7.607,24.95734988
15.861,3503.69,3042.61,3804.56,3286.26,10.388,"2026-07-08T04:48:21.534Z",2026-07-08 01:48:21.534,"2026-07-08 01:48","down",7.861,25.79068324
16.116,3505.26,3045.37,3804.3,3287.7,10.469,"2026-07-08T04:48:21.534Z",2026-07-08 01:48:21.534,"2026-07-08 01:48","down",8.116,26.62729744
16.37,3507.83,3049.4,3806.14,3291.24,10.567,"2026-07-08T04:48:21.534Z",2026-07-08 01:48:21.534,"2026-07-08 01:48","down",8.37,27.4606308
16.624,3508.31,3052.71,3809.39,3296.16,10.7,"2026-07-08T04:48:21.534Z",2026-07-08 01:48:21.534,"2026-07-08 01:48","down",8.624,28.29396416
16.878,3508.32,3055.46,3811.56,3300.51,10.837,"2026-07-08T04:48:21.534Z",2026-07-08 01:48:21.534,"2026-07-08 01:48","down",8.878,29.12729752
17.132,3509.04,3057.8,3812.57,3304.2,10.955,"2026-07-08T04:48:21.534Z",2026-07-08 01:48:21.534,"2026-07-08 01:48","down",9.132,29.96063088
17.387,3508.27,3058.02,3813.48,3307.09,11.033,"2026-07-08T04:48:21.534Z",2026-07-08 01:48:21.534,"2026-07-08 01:48","down",9.387,30.79724508
17.641,3506.16,3056.3,3813.59,3307.92,11.054,"2026-07-08T04:48:21.534Z",2026-07-08 01:48:21.534,"2026-07-08 01:48","down",9.641,31.63057844
17.895,3505.36,3055.05,3812.7,3306.97,11.035,"2026-07-08T04:48:21.534Z",2026-07-08 01:48:21.534,"2026-07-08 01:48","down",9.895,32.4639118
18.149,3505.47,3054.89,3812.43,3306.41,11.02,"2026-07-08T04:48:21.534Z",2026-07-08 01:48:21.534,"2026-07-08 01:48","down",10.149,33.29724516
18.403,3504.02,3053.72,3813.13,3306.78,11.017,"2026-07-08T04:48:21.534Z",2026-07-08 01:48:21.534,"2026-07-08 01:48","down",10.403,34.13057852
18.658,3501.65,3051.64,3812.95,3306.56,11.014,"2026-07-08T04:48:21.534Z",2026-07-08 01:48:21.534,"2026-07-08 01:48","down",10.658,34.96719272
18.912,3502.07,3051.55,3811.75,3305.78,11.008,"2026-07-08T04:48:21.534Z",2026-07-08 01:48:21.534,"2026-07-08 01:48","down",10.912,35.80052608
19.166,3504.16,3053.1,3812.01,3306.31,11.009,"2026-07-08T04:48:21.534Z",2026-07-08 01:48:21.534,"2026-07-08 01:48","down",11.166,36.63385944
19.42,3503.56,3052.69,3813.87,3307.79,11.008,"2026-07-08T04:48:21.534Z",2026-07-08 01:48:21.534,"2026-07-08 01:48","down",11.42,37.4671928
19.674,3501.54,3050.78,3814.49,3308.19,11.001,"2026-07-08T04:48:21.534Z",2026-07-08 01:48:21.534,"2026-07-08 01:48","down",11.674,38.30052616
19.929,3502.19,3050.9,3813.82,3307.73,10.992,"2026-07-08T04:48:21.534Z",2026-07-08 01:48:21.534,"2026-07-08 01:48","down",11.929,39.13714036
20.183,3504.1,3052.13,3814.45,3308.35,10.982,"2026-07-08T04:48:21.534Z",2026-07-08 01:48:21.534,"2026-07-08 01:48","down",12.183,39.97047372
20.437,3503.49,3051.84,3816.16,3309.54,10.981,"2026-07-08T04:48:21.534Z",2026-07-08 01:48:21.534,"2026-07-08 01:48","down",12.437,40.80380708
20.691,3501.96,3050.89,3816.66,3309.75,10.986,"2026-07-08T04:48:21.534Z",2026-07-08 01:48:21.534,"2026-07-08 01:48","down",12.691,41.63714044
20.945,3502.25,3051.08,3816.32,3309.77,10.992,"2026-07-08T04:48:21.534Z",2026-07-08 01:48:21.534,"2026-07-08 01:48","down",12.945,42.4704738
21.2,3502.59,3051.44,3817.14,3311.01,11.007,"2026-07-08T04:48:21.534Z",2026-07-08 01:48:21.534,"2026-07-08 01:48","down",13.2,43.307088
21.454,3500.63,3050.37,3818.09,3312.24,11.035,"2026-07-08T04:48:21.534Z",2026-07-08 01:48:21.534,"2026-07-08 01:48","down",13.454,44.14042136
21.708,3498.96,3049.75,3817.4,3312.11,11.07,"2026-07-08T04:48:21.534Z",2026-07-08 01:48:21.534,"2026-07-08 01:48","down",13.708,44.97375472
21.962,3500.17,3051.01,3816.74,3312.11,11.09,"2026-07-08T04:48:21.534Z",2026-07-08 01:48:21.534,"2026-07-08 01:48","down",13.962,45.80708808
22.216,3501.17,3051.92,3818.02,3313.76,11.104,"2026-07-08T04:48:21.534Z",2026-07-08 01:48:21.534,"2026-07-08 01:48","down",14.216,46.64042144
22.471,3499.37,3051.15,3819.45,3315.64,11.143,"2026-07-08T04:48:21.534Z",2026-07-08 01:48:21.534,"2026-07-08 01:48","down",14.471,47.47703564
22.725,3497.84,3051.16,3819.01,3316.31,11.206,"2026-07-08T04:48:21.534Z",2026-07-08 01:48:21.534,"2026-07-08 01:48","down",14.725,48.310369
22.979,3498.82,3053.05,3818.56,3317.2,11.267,"2026-07-08T04:48:21.534Z",2026-07-08 01:48:21.534,"2026-07-08 01:48","down",14.979,49.14370236
23.233,3500,3055.58,3820.08,3319.69,11.337,"2026-07-08T04:48:21.534Z",2026-07-08 01:48:21.534,"2026-07-08 01:48","down",15.233,49.97703572
23.487,3500.21,3058.02,3822.26,3323.14,11.439,"2026-07-08T04:48:21.534Z",2026-07-08 01:48:21.534,"2026-07-08 01:48","down",15.487,50.81036908
23.742,3500.8,3060.35,3823.47,3326.4,11.544,"2026-07-08T04:48:21.534Z",2026-07-08 01:48:21.534,"2026-07-08 01:48","down",15.742,51.64698328
23.996,3501.14,3061.15,3824.3,3328.91,11.603,"2026-07-08T04:48:21.534Z",2026-07-08 01:48:21.534,"2026-07-08 01:48","down",15.996,52.48031664
24.25,3499.53,3059.87,3824.87,3330.25,11.628,"2026-07-08T04:48:21.534Z",2026-07-08 01:48:21.534,"2026-07-08 01:48","down",16.25,53.31365
24.504,3498.39,3058.93,3824.45,3330.25,11.639,"2026-07-08T04:48:21.534Z",2026-07-08 01:48:21.534,"2026-07-08 01:48","down",16.504,54.14698336
24.758,3499.19,3059.26,3824.2,3330.17,11.632,"2026-07-08T04:48:21.534Z",2026-07-08 01:48:21.534,"2026-07-08 01:48","down",16.758,54.98031672
25.013,3499.36,3059.3,3825.51,3331.21,11.627,"2026-07-08T04:48:21.534Z",2026-07-08 01:48:21.534,"2026-07-08 01:48","down",17.013,55.81693092
25.267,3497.35,3058.43,3826.54,3332.17,11.653,"2026-07-08T04:48:21.534Z",2026-07-08 01:48:21.534,"2026-07-08 01:48","down",17.267,56.65026428
25.521,3496.5,3058.03,3825.69,3332.2,11.681,"2026-07-08T04:48:21.534Z",2026-07-08 01:48:21.534,"2026-07-08 01:48","down",17.521,57.48359764
25.775,3498.56,3059.87,3825.19,3332.6,11.703,"2026-07-08T04:48:21.534Z",2026-07-08 01:48:21.534,"2026-07-08 01:48","down",17.775,58.316931
26.029,3499.41,3061.17,3826.76,3334.44,11.731,"2026-07-08T04:48:21.534Z",2026-07-08 01:48:21.534,"2026-07-08 01:48","down",18.029,59.15026436
26.284,3497.27,3059.62,3828.25,3335.99,11.746,"2026-07-08T04:48:21.534Z",2026-07-08 01:48:21.534,"2026-07-08 01:48","down",18.284,59.98687856
26.538,3496.26,3058.35,3827.79,3335.62,11.736,"2026-07-08T04:48:21.534Z",2026-07-08 01:48:21.534,"2026-07-08 01:48","down",18.538,60.82021192
26.792,3497.8,3059.13,3827.74,3335.46,11.717,"2026-07-08T04:48:21.534Z",2026-07-08 01:48:21.534,"2026-07-08 01:48","down",18.792,61.65354528
27.046,3497.87,3059.34,3829.61,3336.94,11.718,"2026-07-08T04:48:21.534Z",2026-07-08 01:48:21.534,"2026-07-08 01:48","down",19.046,62.48687864
27.3,3495.64,3057.9,3830.69,3337.91,11.733,"2026-07-08T04:48:21.534Z",2026-07-08 01:48:21.534,"2026-07-08 01:48","down",19.3,63.320212
27.555,3495.63,3057.93,3829.8,3337.46,11.742,"2026-07-08T04:48:21.534Z",2026-07-08 01:48:21.534,"2026-07-08 01:48","down",19.555,64.1568262
27.809,3498.01,3059.79,3829.92,3337.94,11.745,"2026-07-08T04:48:21.534Z",2026-07-08 01:48:21.534,"2026-07-08 01:48","down",19.809,64.99015956
28.063,3498.33,3060.14,3832.19,3340,11.75,"2026-07-08T04:48:21.534Z",2026-07-08 01:48:21.534,"2026-07-08 01:48","down",20.063,65.82349292
28.317,3496.31,3058.72,3833.76,3341.3,11.757,"2026-07-08T04:48:21.534Z",2026-07-08 01:48:21.534,"2026-07-08 01:48","down",20.317,66.65682628
28.571,3495.94,3058.26,3833.34,3341.16,11.759,"2026-07-08T04:48:21.534Z",2026-07-08 01:48:21.534,"2026-07-08 01:48","down",20.571,67.49015964
28.826,3497.26,3058.96,3833.03,3341.14,11.753,"2026-07-08T04:48:21.534Z",2026-07-08 01:48:21.534,"2026-07-08 01:48","down",20.826,68.32677384
29.08,3497.49,3059,3833.95,3341.93,11.748,"2026-07-08T04:48:21.534Z",2026-07-08 01:48:21.534,"2026-07-08 01:48","down",21.08,69.1601072
29.334,3496.45,3058.27,3834.92,3342.66,11.75,"2026-07-08T04:48:21.534Z",2026-07-08 01:48:21.534,"2026-07-08 01:48","down",21.334,69.99344056
29.588,3495.59,3057.4,3835.23,3342.85,11.745,"2026-07-08T04:48:21.534Z",2026-07-08 01:48:21.534,"2026-07-08 01:48","down",21.588,70.82677392
29.842,3494.88,3056.33,3835.39,3342.87,11.73,"2026-07-08T04:48:21.534Z",2026-07-08 01:48:21.534,"2026-07-08 01:48","down",21.842,71.66010728
30.097,3493.78,3055.07,3835.33,3342.59,11.716,"2026-07-08T04:48:21.534Z",2026-07-08 01:48:21.534,"2026-07-08 01:48","down",22.097,72.49672148
30.351,3493.01,3054.47,3834.58,3341.68,11.711,"2026-07-08T04:48:21.534Z",2026-07-08 01:48:21.534,"2026-07-08 01:48","down",22.351,73.33005484
30.605,3492.82,3054.64,3834.06,3341.2,11.72,"2026-07-08T04:48:21.534Z",2026-07-08 01:48:21.534,"2026-07-08 01:48","down",22.605,74.1633882
30.859,3491.81,3054.33,3834.68,3342.19,11.747,"2026-07-08T04:48:21.534Z",2026-07-08 01:48:21.534,"2026-07-08 01:48","down",22.859,74.99672156
31.113,3489.9,3053.09,3835.23,3343.28,11.774,"2026-07-08T04:48:21.534Z",2026-07-08 01:48:21.534,"2026-07-08 01:48","down",23.113,75.83005492
31.367,3489.69,3052.85,3834.74,3343.14,11.78,"2026-07-08T04:48:21.534Z",2026-07-08 01:48:21.534,"2026-07-08 01:48","down",23.367,76.66338828
31.622,3491.51,3054.18,3834.79,3343.39,11.778,"2026-07-08T04:48:21.534Z",2026-07-08 01:48:21.534,"2026-07-08 01:48","down",23.622,77.50000248
31.876,3492.17,3054.87,3836.34,3345.01,11.788,"2026-07-08T04:48:21.534Z",2026-07-08 01:48:21.534,"2026-07-08 01:48","down",23.876,78.33333584
32.13,3491.21,3054.22,3837.5,3346.25,11.799,"2026-07-08T04:48:21.534Z",2026-07-08 01:48:21.534,"2026-07-08 01:48","down",24.13,79.1666692
32.384,3491.47,3054.38,3837.51,3346.5,11.803,"2026-07-08T04:48:21.534Z",2026-07-08 01:48:21.534,"2026-07-08 01:48","down",24.384,80.00000256
32.638,3492.89,3055.58,3838.26,3347.39,11.807,"2026-07-08T04:48:21.534Z",2026-07-08 01:48:21.534,"2026-07-08 01:48","down",24.638,80.83333592
32.893,3492.21,3055.3,3839.78,3348.96,11.822,"2026-07-08T04:48:21.534Z",2026-07-08 01:48:21.534,"2026-07-08 01:48","down",24.893,81.66995012
33.147,3489.94,3053.61,3839.88,3349.24,11.835,"2026-07-08T04:48:21.534Z",2026-07-08 01:48:21.534,"2026-07-08 01:48","down",25.147,82.50328348
33.401,3489.94,3053.05,3838.69,3348.25,11.821,"2026-07-08T04:48:21.534Z",2026-07-08 01:48:21.534,"2026-07-08 01:48","down",25.401,83.33661684
33.655,3491.32,3053.71,3838.89,3348.32,11.803,"2026-07-08T04:48:21.534Z",2026-07-08 01:48:21.534,"2026-07-08 01:48","down",25.655,84.1699502
33.909,3491.11,3053.35,3840.81,3349.86,11.795,"2026-07-08T04:48:21.534Z",2026-07-08 01:48:21.534,"2026-07-08 01:48","down",25.909,85.00328356
34.164,3490.39,3052.6,3842.06,3350.82,11.789,"2026-07-08T04:48:21.534Z",2026-07-08 01:48:21.534,"2026-07-08 01:48","down",26.164,85.83989776
34.418,3490.89,3052.96,3842.36,3350.93,11.783,"2026-07-08T04:48:21.534Z",2026-07-08 01:48:21.534,"2026-07-08 01:48","down",26.418,86.67323112
34.672,3490.64,3052.98,3843.13,3351.48,11.786,"2026-07-08T04:48:21.534Z",2026-07-08 01:48:21.534,"2026-07-08 01:48","down",26.672,87.50656448
34.926,3488.32,3051.49,3843.67,3351.98,11.802,"2026-07-08T04:48:21.534Z",2026-07-08 01:48:21.534,"2026-07-08 01:48","down",26.926,88.33989784
35.18,3486.87,3050.21,3842.83,3351.63,11.811,"2026-07-08T04:48:21.534Z",2026-07-08 01:48:21.534,"2026-07-08 01:48","down",27.18,89.1732312
35.435,3488.04,3050.6,3842.31,3351.6,11.804,"2026-07-08T04:48:21.534Z",2026-07-08 01:48:21.534,"2026-07-08 01:48","down",27.435,90.0098454
35.689,3489.08,3050.93,3843.77,3352.81,11.786,"2026-07-08T04:48:21.534Z",2026-07-08 01:48:21.534,"2026-07-08 01:48","down",27.689,90.84317876
35.943,3488.31,3050.2,3845.54,3353.97,11.775,"2026-07-08T04:48:21.534Z",2026-07-08 01:48:21.534,"2026-07-08 01:48","down",27.943,91.67651212
36.197,3488.15,3049.72,3846.18,3354.29,11.76,"2026-07-08T04:48:21.534Z",2026-07-08 01:48:21.534,"2026-07-08 01:48","down",28.197,92.50984548
36.451,3488.83,3049.86,3846.88,3354.75,11.744,"2026-07-08T04:48:21.534Z",2026-07-08 01:48:21.534,"2026-07-08 01:48","down",28.451,93.34317884
36.706,3488,3048.8,3847.98,3355.41,11.727,"2026-07-08T04:48:21.534Z",2026-07-08 01:48:21.534,"2026-07-08 01:48","down",28.706,94.17979304
36.96,3486.31,3047.16,3847.91,3354.97,11.713,"2026-07-08T04:48:21.534Z",2026-07-08 01:48:21.534,"2026-07-08 01:48","down",28.96,95.0131264
37.214,3486.01,3046.79,3846.73,3353.81,11.707,"2026-07-08T04:48:21.534Z",2026-07-08 01:48:21.534,"2026-07-08 01:48","down",29.214,95.84645976
37.468,3485.9,3046.65,3846.51,3353.75,11.709,"2026-07-08T04:48:21.534Z",2026-07-08 01:48:21.534,"2026-07-08 01:48","down",29.468,96.67979312
37.722,3484.44,3045.09,3847.4,3354.38,11.698,"2026-07-08T04:48:21.534Z",2026-07-08 01:48:21.534,"2026-07-08 01:48","down",29.722,97.51312648
37.977,3483.25,3043.68,3847.5,3354.2,11.681,"2026-07-08T04:48:21.534Z",2026-07-08 01:48:21.534,"2026-07-08 01:48","down",29.977,98.34974068
38.231,3484.43,3044.47,3847.21,3353.88,11.672,"2026-07-08T04:48:21.534Z",2026-07-08 01:48:21.534,"2026-07-08 01:48","down",30.231,99.18307404
38.485,3485.72,3045.65,3848.62,3354.98,11.67,"2026-07-08T04:48:21.534Z",2026-07-08 01:48:21.534,"2026-07-08 01:48","down",30.485,100.0164074
38.739,3484.49,3044.97,3850.63,3356.51,11.676,"2026-07-08T04:48:21.534Z",2026-07-08 01:48:21.534,"2026-07-08 01:48","down",30.739,100.84974076
38.993,3482.97,3043.86,3850.93,3356.74,11.681,"2026-07-08T04:48:21.534Z",2026-07-08 01:48:21.534,"2026-07-08 01:48","down",30.993,101.68307412
39.248,3482.87,3043.83,3850.62,3356.57,11.685,"2026-07-08T04:48:21.534Z",2026-07-08 01:48:21.534,"2026-07-08 01:48","down",31.248,102.51968832
39.502,3482.18,3043.1,3851.49,3357.32,11.681,"2026-07-08T04:48:21.534Z",2026-07-08 01:48:21.534,"2026-07-08 01:48","down",31.502,103.35302168
39.756,3480.43,3041.32,3852.19,3357.9,11.674,"2026-07-08T04:48:21.534Z",2026-07-08 01:48:21.534,"2026-07-08 01:48","down",31.756,104.18635504
40.01,3479.84,3040.63,3851.53,3357.43,11.672,"2026-07-08T04:48:21.534Z",2026-07-08 01:48:21.534,"2026-07-08 01:48","down",32.01,105.0196884
40.264,3480.6,3041.14,3851.14,3357.2,11.67,"2026-07-08T04:48:21.534Z",2026-07-08 01:48:21.534,"2026-07-08 01:48","down",32.264,105.85302176
40.519,3480.07,3040.61,3851.86,3357.75,11.666,"2026-07-08T04:48:21.534Z",2026-07-08 01:48:21.534,"2026-07-08 01:48","down",32.519,106.68963596
40.773,3478.44,3039.45,3852.16,3357.99,11.673,"2026-07-08T04:48:21.534Z",2026-07-08 01:48:21.534,"2026-07-08 01:48","down",32.773,107.52296932
41.027,3478.94,3039.82,3851.76,3357.83,11.676,"2026-07-08T04:48:21.534Z",2026-07-08 01:48:21.534,"2026-07-08 01:48","down",33.027,108.35630268
41.281,3480.59,3040.95,3852.25,3358.48,11.673,"2026-07-08T04:48:21.534Z",2026-07-08 01:48:21.534,"2026-07-08 01:48","down",33.281,109.18963604
41.535,3480.28,3040.5,3853.73,3359.74,11.667,"2026-07-08T04:48:21.534Z",2026-07-08 01:48:21.534,"2026-07-08 01:48","down",33.535,110.0229694
41.79,3479.14,3039.34,3854.45,3360.06,11.655,"2026-07-08T04:48:21.534Z",2026-07-08 01:48:21.534,"2026-07-08 01:48","down",33.79,110.8595836
42.044,3479.27,3039.38,3854.33,3359.81,11.649,"2026-07-08T04:48:21.534Z",2026-07-08 01:48:21.534,"2026-07-08 01:48","down",34.044,111.69291696
42.298,3479.66,3039.59,3855.06,3360.77,11.654,"2026-07-08T04:48:21.534Z",2026-07-08 01:48:21.534,"2026-07-08 01:48","down",34.298,112.52625032
42.552,3478.16,3038.39,3856.37,3362.19,11.664,"2026-07-08T04:48:21.534Z",2026-07-08 01:48:21.534,"2026-07-08 01:48","down",34.552,113.35958368
42.806,3476.47,3036.86,3856.48,3362.12,11.658,"2026-07-08T04:48:21.534Z",2026-07-08 01:48:21.534,"2026-07-08 01:48","down",34.806,114.19291704
43.061,3476.35,3036.49,3855.77,3361.26,11.645,"2026-07-08T04:48:21.534Z",2026-07-08 01:48:21.534,"2026-07-08 01:48","down",35.061,115.02953124
43.315,3476.94,3036.95,3856.17,3361.71,11.645,"2026-07-08T04:48:21.534Z",2026-07-08 01:48:21.534,"2026-07-08 01:48","down",35.315,115.8628646
43.569,3476.56,3036.51,3857.52,3363.07,11.647,"2026-07-08T04:48:21.534Z",2026-07-08 01:48:21.534,"2026-07-08 01:48","down",35.569,116.69619796
43.823,3475.88,3035.28,3858.24,3363.58,11.627,"2026-07-08T04:48:21.534Z",2026-07-08 01:48:21.534,"2026-07-08 01:48","down",35.823,117.52953132
44.077,3475.91,3034.71,3858.62,3363.3,11.595,"2026-07-08T04:48:21.534Z",2026-07-08 01:48:21.534,"2026-07-08 01:48","down",36.077,118.36286468
44.332,3475.67,3034.3,3859.62,3363.38,11.57,"2026-07-08T04:48:21.534Z",2026-07-08 01:48:21.534,"2026-07-08 01:48","down",36.332,119.19947888
44.586,3474.43,3033.03,3860.46,3363.71,11.554,"2026-07-08T04:48:21.534Z",2026-07-08 01:48:21.534,"2026-07-08 01:48","down",36.586,120.03281224
44.84,3473.96,3032.22,3860.37,3363.58,11.542,"2026-07-08T04:48:21.534Z",2026-07-08 01:48:21.534,"2026-07-08 01:48","down",36.84,120.8661456
45.094,3474.74,3032.62,3860.59,3363.84,11.536,"2026-07-08T04:48:21.534Z",2026-07-08 01:48:21.534,"2026-07-08 01:48","down",37.094,121.69947896
45.348,3474.21,3032.15,3861.73,3364.9,11.537,"2026-07-08T04:48:21.534Z",2026-07-08 01:48:21.534,"2026-07-08 01:48","down",37.348,122.53281232
45.603,3472.33,3030.47,3862.39,3365.27,11.531,"2026-07-08T04:48:21.534Z",2026-07-08 01:48:21.534,"2026-07-08 01:48","down",37.603,123.36942652
45.857,3471.46,3029.66,3862,3364.64,11.522,"2026-07-08T04:48:21.534Z",2026-07-08 01:48:21.534,"2026-07-08 01:48","down",37.857,124.20275988
46.111,3470.85,3029.03,3861.83,3364.22,11.513,"2026-07-08T04:48:21.534Z",2026-07-08 01:48:21.534,"2026-07-08 01:48","down",38.111,125.03609324
46.365,3468.86,3026.9,3861.8,3363.8,11.493,"2026-07-08T04:48:21.534Z",2026-07-08 01:48:21.534,"2026-07-08 01:48","down",38.365,125.8694266
46.619,3467.29,3024.91,3860.52,3362.4,11.468,"2026-07-08T04:48:21.534Z",2026-07-08 01:48:21.534,"2026-07-08 01:48","down",38.619,126.70275996
46.874,3467.64,3024.78,3859.09,3361.01,11.452,"2026-07-08T04:48:21.534Z",2026-07-08 01:48:21.534,"2026-07-08 01:48","down",38.874,127.53937416
47.128,3468.28,3025.01,3859.53,3361.26,11.44,"2026-07-08T04:48:21.534Z",2026-07-08 01:48:21.534,"2026-07-08 01:48","down",39.128,128.37270752
47.382,3467.37,3023.99,3860.84,3362.17,11.428,"2026-07-08T04:48:21.534Z",2026-07-08 01:48:21.534,"2026-07-08 01:48","down",39.382,129.20604088
47.636,3466.51,3023.11,3860.96,3362.22,11.423,"2026-07-08T04:48:21.534Z",2026-07-08 01:48:21.534,"2026-07-08 01:48","down",39.636,130.03937424
47.89,3467.42,3024.19,3860.87,3362.39,11.437,"2026-07-08T04:48:21.534Z",2026-07-08 01:48:21.534,"2026-07-08 01:48","down",39.89,130.8727076
48.145,3468.08,3025.72,3862.26,3364.05,11.475,"2026-07-08T04:48:21.534Z",2026-07-08 01:48:21.534,"2026-07-08 01:48","down",40.145,131.7093218
48.399,3466.45,3025.25,3863.96,3366.25,11.519,"2026-07-08T04:48:21.534Z",2026-07-08 01:48:21.534,"2026-07-08 01:48","down",40.399,132.54265516
48.653,3464.78,3024.05,3864.21,3367.14,11.543,"2026-07-08T04:48:21.534Z",2026-07-08 01:48:21.534,"2026-07-08 01:48","down",40.653,133.37598852
48.907,3465.24,3024.12,3863.84,3367.12,11.542,"2026-07-08T04:48:21.534Z",2026-07-08 01:48:21.534,"2026-07-08 01:48","down",40.907,134.20932188
49.161,3465.72,3024.16,3864.57,3367.84,11.533,"2026-07-08T04:48:21.534Z",2026-07-08 01:48:21.534,"2026-07-08 01:48","down",41.161,135.04265524
49.416,3464.75,3023.15,3865.57,3368.65,11.527,"2026-07-08T04:48:21.534Z",2026-07-08 01:48:21.534,"2026-07-08 01:48","down",41.416,135.87926944
49.67,3464.41,3022.87,3865.65,3368.67,11.526,"2026-07-08T04:48:21.534Z",2026-07-08 01:48:21.534,"2026-07-08 01:48","down",41.67,136.7126028
49.924,3465.25,3023.61,3866.08,3369.09,11.527,"2026-07-08T04:48:21.534Z",2026-07-08 01:48:21.534,"2026-07-08 01:48","down",41.924,137.54593616
50.178,3465.05,3023.63,3867.5,3370.33,11.533,"2026-07-08T04:48:21.534Z",2026-07-08 01:48:21.534,"2026-07-08 01:48","down",42.178,138.37926952
50.432,3464.31,3022.78,3868.42,3371.1,11.526,"2026-07-08T04:48:21.534Z",2026-07-08 01:48:21.534,"2026-07-08 01:48","down",42.432,139.21260288
50.687,3464.66,3022.45,3868.51,3371.15,11.508,"2026-07-08T04:48:21.534Z",2026-07-08 01:48:21.534,"2026-07-08 01:48","down",42.687,140.04921708
50.941,3465.05,3022.12,3869.22,3371.64,11.486,"2026-07-08T04:48:21.534Z",2026-07-08 01:48:21.534,"2026-07-08 01:48","down",42.941,140.88255044
51.195,3463.61,3020.87,3870.35,3372.32,11.479,"2026-07-08T04:48:21.534Z",2026-07-08 01:48:21.534,"2026-07-08 01:48","down",43.195,141.7158838
51.449,3461.77,3019.62,3870.34,3371.89,11.478,"2026-07-08T04:48:21.534Z",2026-07-08 01:48:21.534,"2026-07-08 01:48","down",43.449,142.54921716
51.703,3461.76,3019.68,3869.55,3371.02,11.476,"2026-07-08T04:48:21.534Z",2026-07-08 01:48:21.534,"2026-07-08 01:48","down",43.703,143.38255052
51.958,3462.48,3020.08,3869.8,3371.28,11.47,"2026-07-08T04:48:21.534Z",2026-07-08 01:48:21.534,"2026-07-08 01:48","down",43.958,144.21916472
52.212,3461.66,3019.42,3870.84,3372.24,11.473,"2026-07-08T04:48:21.534Z",2026-07-08 01:48:21.534,"2026-07-08 01:48","down",44.212,145.05249808
52.466,3460.28,3018.33,3870.82,3372.39,11.48,"2026-07-08T04:48:21.534Z",2026-07-08 01:48:21.534,"2026-07-08 01:48","down",44.466,145.88583144
52.72,3460.39,3018.35,3870.17,3371.97,11.482,"2026-07-08T04:48:21.534Z",2026-07-08 01:48:21.534,"2026-07-08 01:48","down",44.72,146.7191648
52.974,3460.73,3018.61,3870.68,3372.41,11.481,"2026-07-08T04:48:21.534Z",2026-07-08 01:48:21.534,"2026-07-08 01:48","down",44.974,147.55249816
53.229,3459.55,3017.42,3871.79,3373.34,11.476,"2026-07-08T04:48:21.534Z",2026-07-08 01:48:21.534,"2026-07-08 01:48","down",45.229,148.38911236
53.483,3458.9,3016.52,3871.94,3373.6,11.469,"2026-07-08T04:48:21.534Z",2026-07-08 01:48:21.534,"2026-07-08 01:48","down",45.483,149.22244572
53.737,3459.25,3016.77,3872.2,3373.96,11.471,"2026-07-08T04:48:21.534Z",2026-07-08 01:48:21.534,"2026-07-08 01:48","down",45.737,150.05577908
53.991,3458.5,3016.39,3873.56,3374.97,11.475,"2026-07-08T04:48:21.534Z",2026-07-08 01:48:21.534,"2026-07-08 01:48","down",45.991,150.88911244
54.245,3456.9,3015.33,3874.24,3375.32,11.478,"2026-07-08T04:48:21.534Z",2026-07-08 01:48:21.534,"2026-07-08 01:48","down",46.245,151.7224458
54.5,3457.16,3015.37,3873.78,3375,11.475,"2026-07-08T04:48:21.534Z",2026-07-08 01:48:21.534,"2026-07-08 01:48","down",46.5,152.55906
54.754,3458.56,3016.31,3874.13,3375.56,11.473,"2026-07-08T04:48:21.534Z",2026-07-08 01:48:21.534,"2026-07-08 01:48","down",46.754,153.39239336
55.008,3458.07,3015.98,3875.48,3376.83,11.478,"2026-07-08T04:48:21.534Z",2026-07-08 01:48:21.534,"2026-07-08 01:48","down",47.008,154.22572672
55.262,3456.05,3014.47,3875.81,3377.15,11.486,"2026-07-08T04:48:21.534Z",2026-07-08 01:48:21.534,"2026-07-08 01:48","down",47.262,155.05906008
55.516,3455.65,3013.68,3874.76,3376.44,11.479,"2026-07-08T04:48:21.534Z",2026-07-08 01:48:21.534,"2026-07-08 01:48","down",47.516,155.89239344
55.771,3456.2,3013.63,3874.51,3376.38,11.468,"2026-07-08T04:48:21.534Z",2026-07-08 01:48:21.534,"2026-07-08 01:48","down",47.771,156.72900764
56.025,3455.17,3013.14,3875.49,3377.25,11.48,"2026-07-08T04:48:21.534Z",2026-07-08 01:48:21.534,"2026-07-08 01:48","down",48.025,157.562341
56.279,3453.93,3012.82,3875.92,3377.87,11.507,"2026-07-08T04:48:21.534Z",2026-07-08 01:48:21.534,"2026-07-08 01:48","down",48.279,158.39567436
56.533,3454.53,3013.65,3875.76,3378.32,11.53,"2026-07-08T04:48:21.534Z",2026-07-08 01:48:21.534,"2026-07-08 01:48","down",48.533,159.22900772
56.787,3454.95,3014.21,3876.37,3379.41,11.549,"2026-07-08T04:48:21.534Z",2026-07-08 01:48:21.534,"2026-07-08 01:48","down",48.787,160.06234108
57.042,3453.61,3013.19,3877.32,3380.45,11.559,"2026-07-08T04:48:21.534Z",2026-07-08 01:48:21.534,"2026-07-08 01:48","down",49.042,160.89895528
57.296,3452.94,3012.5,3877.27,3380.38,11.555,"2026-07-08T04:48:21.534Z",2026-07-08 01:48:21.534,"2026-07-08 01:48","down",49.296,161.73228864
57.55,3453.94,3013.16,3876.97,3380.15,11.55,"2026-07-08T04:48:21.534Z",2026-07-08 01:48:21.534,"2026-07-08 01:48","down",49.55,162.565622
57.804,3454.39,3013.4,3877.65,3380.8,11.547,"2026-07-08T04:48:21.534Z",2026-07-08 01:48:21.534,"2026-07-08 01:48","down",49.804,163.39895536
58.058,3453.23,3012.56,3878.43,3381.44,11.551,"2026-07-08T04:48:21.534Z",2026-07-08 01:48:21.534,"2026-07-08 01:48","down",50.058,164.23228872
58.313,3452.62,3011.97,3878.34,3381.35,11.549,"2026-07-08T04:48:21.534Z",2026-07-08 01:48:21.534,"2026-07-08 01:48","down",50.313,165.06890292
58.567,3453.24,3012.43,3878.38,3381.54,11.551,"2026-07-08T04:48:21.534Z",2026-07-08 01:48:21.534,"2026-07-08 01:48","down",50.567,165.90223628
58.821,3452.75,3012.21,3879.24,3382.38,11.559,"2026-07-08T04:48:21.534Z",2026-07-08 01:48:21.534,"2026-07-08 01:48","down",50.821,166.73556964
59.075,3451.8,3011.41,3879.6,3382.76,11.561,"2026-07-08T04:48:21.534Z",2026-07-08 01:48:21.534,"2026-07-08 01:48","down",51.075,167.568903
59.329,3452.62,3011.83,3879.37,3382.85,11.56,"2026-07-08T04:48:21.534Z",2026-07-08 01:48:21.534,"2026-07-08 01:48","down",51.329,168.40223636
59.584,3453.78,3012.71,3880.28,3383.86,11.562,"2026-07-08T04:48:21.534Z",2026-07-08 01:48:21.534,"2026-07-08 01:48","down",51.584,169.23885056
59.838,3453.06,3012.31,3882.14,3385.28,11.563,"2026-07-08T04:48:21.534Z",2026-07-08 01:48:21.534,"2026-07-08 01:48","down",51.838,170.07218392
60.092,3451.95,3011.41,3883.14,3385.98,11.561,"2026-07-08T04:48:21.534Z",2026-07-08 01:48:21.534,"2026-07-08 01:48","down",52.092,170.90551728
60.346,3452.86,3011.87,3883.61,3386.48,11.554,"2026-07-08T04:48:21.534Z",2026-07-08 01:48:21.534,"2026-07-08 01:48","down",52.346,171.73885064
60.6,3454.24,3012.98,3885.16,3387.93,11.554,"2026-07-08T04:48:21.534Z",2026-07-08 01:48:21.534,"2026-07-08 01:48","down",52.6,172.572184
60.855,3453.67,3012.71,3887.08,3389.73,11.563,"2026-07-08T04:48:21.534Z",2026-07-08 01:48:21.534,"2026-07-08 01:48","down",52.855,173.4087982
61.109,3452.74,3011.81,3887.64,3390.18,11.56,"2026-07-08T04:48:21.534Z",2026-07-08 01:48:21.534,"2026-07-08 01:48","down",53.109,174.24213156
61.363,3453.11,3011.82,3887.53,3389.93,11.547,"2026-07-08T04:48:21.534Z",2026-07-08 01:48:21.534,"2026-07-08 01:48","down",53.363,175.07546492
61.617,3453.32,3012.18,3888.26,3390.47,11.55,"2026-07-08T04:48:21.534Z",2026-07-08 01:48:21.534,"2026-07-08 01:48","down",53.617,175.90879828
61.871,3452.69,3011.88,3888.94,3391.21,11.56,"2026-07-08T04:48:21.534Z",2026-07-08 01:48:21.534,"2026-07-08 01:48","down",53.871,176.74213164
62.126,3452.39,3011.59,3888.66,3391.35,11.569,"2026-07-08T04:48:21.534Z",2026-07-08 01:48:21.534,"2026-07-08 01:48","down",54.126,177.57874584
62.38,3452.52,3011.44,3888.79,3391.57,11.564,"2026-07-08T04:48:21.534Z",2026-07-08 01:48:21.534,"2026-07-08 01:48","down",54.38,178.4120792
62.634,3451.65,3010.62,3889.84,3392.23,11.557,"2026-07-08T04:48:21.534Z",2026-07-08 01:48:21.534,"2026-07-08 01:48","down",54.634,179.24541256
62.888,3449.97,3009.36,3890.24,3392.51,11.56,"2026-07-08T04:48:21.534Z",2026-07-08 01:48:21.534,"2026-07-08 01:48","down",54.888,180.07874592
63.142,3449.33,3008.74,3889.74,3392.48,11.569,"2026-07-08T04:48:21.534Z",2026-07-08 01:48:21.534,"2026-07-08 01:48","down",55.142,180.91207928
63.397,3449.69,3008.85,3890.13,3393.21,11.573,"2026-07-08T04:48:21.534Z",2026-07-08 01:48:21.534,"2026-07-08 01:48","down",55.397,181.74869348
63.651,3449.52,3008.44,3891.71,3394.41,11.561,"2026-07-08T04:48:21.534Z",2026-07-08 01:48:21.534,"2026-07-08 01:48","down",55.651,182.58202684
63.905,3448.78,3007.65,3892.77,3394.84,11.545,"2026-07-08T04:48:21.534Z",2026-07-08 01:48:21.534,"2026-07-08 01:48","down",55.905,183.4153602
64.159,3448.51,3007.62,3892.81,3394.79,11.548,"2026-07-08T04:48:21.534Z",2026-07-08 01:48:21.534,"2026-07-08 01:48","down",56.159,184.24869356
64.413,3448.14,3007.54,3893,3395.2,11.561,"2026-07-08T04:48:21.534Z",2026-07-08 01:48:21.534,"2026-07-08 01:48","down",56.413,185.08202692
64.668,3446.22,3005.83,3893.45,3395.73,11.563,"2026-07-08T04:48:21.534Z",2026-07-08 01:48:21.534,"2026-07-08 01:48","down",56.668,185.91864112
64.922,3444.21,3003.81,3893.02,3395.39,11.557,"2026-07-08T04:48:21.534Z",2026-07-08 01:48:21.534,"2026-07-08 01:48","down",56.922,186.75197448
65.176,3444.44,3003.73,3892.28,3394.97,11.555,"2026-07-08T04:48:21.534Z",2026-07-08 01:48:21.534,"2026-07-08 01:48","down",57.176,187.58530784
65.43,3445.35,3004.2,3893.05,3395.74,11.548,"2026-07-08T04:48:21.534Z",2026-07-08 01:48:21.534,"2026-07-08 01:48","down",57.43,188.4186412
65.684,3444.15,3003.11,3894.45,3396.77,11.542,"2026-07-08T04:48:21.534Z",2026-07-08 01:48:21.534,"2026-07-08 01:48","down",57.684,189.25197456
65.939,3442.64,3001.88,3894.29,3396.54,11.542,"2026-07-08T04:48:21.534Z",2026-07-08 01:48:21.534,"2026-07-08 01:48","down",57.939,190.08858876
66.193,3443.21,3002.42,3893.65,3396.17,11.548,"2026-07-08T04:48:21.534Z",2026-07-08 01:48:21.534,"2026-07-08 01:48","down",58.193,190.92192212
66.447,3443.39,3002.6,3894.68,3397.1,11.549,"2026-07-08T04:48:21.534Z",2026-07-08 01:48:21.534,"2026-07-08 01:48","down",58.447,191.75525548
66.701,3441.63,3001.11,3896.25,3398.17,11.543,"2026-07-08T04:48:21.534Z",2026-07-08 01:48:21.534,"2026-07-08 01:48","down",58.701,192.58858884
66.955,3440.07,2999.87,3896.52,3398.2,11.542,"2026-07-08T04:48:21.534Z",2026-07-08 01:48:21.534,"2026-07-08 01:48","down",58.955,193.4219222
67.21,3439.8,2999.69,3896.42,3398.18,11.545,"2026-07-08T04:48:21.534Z",2026-07-08 01:48:21.534,"2026-07-08 01:48","down",59.21,194.2585364
67.464,3439.44,2999.17,3897.19,3398.98,11.542,"2026-07-08T04:48:21.534Z",2026-07-08 01:48:21.534,"2026-07-08 01:48","down",59.464,195.09186976
67.718,3438.66,2998.21,3897.92,3399.71,11.537,"2026-07-08T04:48:21.534Z",2026-07-08 01:48:21.534,"2026-07-08 01:48","down",59.718,195.92520312
67.972,3438.33,2997.99,3897.9,3399.88,11.543,"2026-07-08T04:48:21.534Z",2026-07-08 01:48:21.534,"2026-07-08 01:48","down",59.972,196.75853648
68.226,3437.98,2997.92,3898.23,3400.37,11.555,"2026-07-08T04:48:21.534Z",2026-07-08 01:48:21.534,"2026-07-08 01:48","down",60.226,197.59186984
68.481,3436.46,2996.59,3898.96,3401,11.554,"2026-07-08T04:48:21.534Z",2026-07-08 01:48:21.534,"2026-07-08 01:48","down",60.481,198.42848404
68.735,3435.18,2995.29,3898.96,3400.94,11.548,"2026-07-08T04:48:21.534Z",2026-07-08 01:48:21.534,"2026-07-08 01:48","down",60.735,199.2618174
68.989,3435.45,2995.35,3898.79,3400.92,11.546,"2026-07-08T04:48:21.534Z",2026-07-08 01:48:21.534,"2026-07-08 01:48","down",60.989,200.09515076
69.243,3435.82,2995.63,3899.86,3401.79,11.543,"2026-07-08T04:48:21.534Z",2026-07-08 01:48:21.534,"2026-07-08 01:48","down",61.243,200.92848412
69.497,3434.46,2994.58,3901.32,3402.82,11.541,"2026-07-08T04:48:21.534Z",2026-07-08 01:48:21.534,"2026-07-08 01:48","down",61.497,201.76181748
69.752,3432.44,2992.86,3901.51,3402.8,11.538,"2026-07-08T04:48:21.534Z",2026-07-08 01:48:21.534,"2026-07-08 01:48","down",61.752,202.59843168
70.006,3431.84,2992.07,3900.88,3402.32,11.532,"2026-07-08T04:48:21.534Z",2026-07-08 01:48:21.534,"2026-07-08 01:48","down",62.006,203.43176504
70.26,3431.54,2991.64,3900.85,3402.45,11.531,"2026-07-08T04:48:21.534Z",2026-07-08 01:48:21.534,"2026-07-08 01:48","down",62.26,204.2650984
70.514,3430.24,2990.22,3901.1,3402.76,11.525,"2026-07-08T04:48:21.534Z",2026-07-08 01:48:21.534,"2026-07-08 01:48","down",62.514,205.09843176
70.768,3429.42,2988.14,3900.84,3402.29,11.481,"2026-07-08T04:48:21.534Z",2026-07-08 01:48:21.534,"2026-07-08 01:48","down",62.768,205.93176512
71.023,3429.43,2985.09,3900.65,3400.65,11.359,"2026-07-08T04:48:21.534Z",2026-07-08 01:48:21.534,"2026-07-08 01:48","down",63.023,206.76837932
71.277,3428.96,2982.53,3901.08,3397.93,11.222,"2026-07-08T04:48:21.534Z",2026-07-08 01:48:21.534,"2026-07-08 01:48","down",63.277,207.60171268
71.531,3428.44,2981.87,3901.21,3395.53,11.154,"2026-07-08T04:48:21.534Z",2026-07-08 01:48:21.534,"2026-07-08 01:48","down",63.531,208.43504604
71.785,3429.34,2982.98,3901.01,3395.04,11.155,"2026-07-08T04:48:21.534Z",2026-07-08 01:48:21.534,"2026-07-08 01:48","down",63.785,209.2683794
72.039,3430.33,2984.32,3901.88,3396.55,11.187,"2026-07-08T04:48:21.534Z",2026-07-08 01:48:21.534,"2026-07-08 01:48","down",64.039,210.10171276
72.294,3429.26,2984.03,3903.66,3398.56,11.217,"2026-07-08T04:48:21.534Z",2026-07-08 01:48:21.534,"2026-07-08 01:48","down",64.294,210.93832696
72.548,3427.04,2982.57,3904.17,3399.32,11.238,"2026-07-08T04:48:21.534Z",2026-07-08 01:48:21.534,"2026-07-08 01:48","down",64.548,211.77166032
72.802,3425.73,2981.7,3903.21,3399.1,11.261,"2026-07-08T04:48:21.534Z",2026-07-08 01:48:21.534,"2026-07-08 01:48","down",64.802,212.60499368
73.056,3425.56,2981.7,3903.01,3399.56,11.281,"2026-07-08T04:48:21.534Z",2026-07-08 01:48:21.534,"2026-07-08 01:48","down",65.056,213.43832704
73.31,3425.52,2981.72,3903.99,3400.81,11.292,"2026-07-08T04:48:21.534Z",2026-07-08 01:48:21.534,"2026-07-08 01:48","down",65.31,214.2716604
73.565,3425.85,2982,3904.88,3402.01,11.302,"2026-07-08T04:48:21.534Z",2026-07-08 01:48:21.534,"2026-07-08 01:48","down",65.565,215.1082746
73.819,3426.78,2982.79,3905.9,3403.26,11.31,"2026-07-08T04:48:21.534Z",2026-07-08 01:48:21.534,"2026-07-08 01:48","down",65.819,215.94160796
74.073,3426.68,2982.64,3907.68,3404.68,11.305,"2026-07-08T04:48:21.534Z",2026-07-08 01:48:21.534,"2026-07-08 01:48","down",66.073,216.77494132
74.327,3425.05,2981.16,3908.8,3405.27,11.294,"2026-07-08T04:48:21.534Z",2026-07-08 01:48:21.534,"2026-07-08 01:48","down",66.327,217.60827468
74.581,3424.16,2980.44,3908.25,3404.81,11.296,"2026-07-08T04:48:21.534Z",2026-07-08 01:48:21.534,"2026-07-08 01:48","down",66.581,218.44160804
74.836,3424.55,2980.74,3907.81,3404.9,11.307,"2026-07-08T04:48:21.534Z",2026-07-08 01:48:21.534,"2026-07-08 01:48","down",66.836,219.27822224
75.09,3423.55,2979.81,3908.52,3405.78,11.312,"2026-07-08T04:48:21.534Z",2026-07-08 01:48:21.534,"2026-07-08 01:48","down",67.09,220.1115556
75.344,3421.22,2977.78,3908.34,3405.51,11.309,"2026-07-08T04:48:21.534Z",2026-07-08 01:48:21.534,"2026-07-08 01:48","down",67.344,220.94488896
75.598,3421.18,2977.59,3906.99,3404.28,11.303,"2026-07-08T04:48:21.534Z",2026-07-08 01:48:21.534,"2026-07-08 01:48","down",67.598,221.77822232
75.852,3422.89,2978.83,3907.34,3404.65,11.297,"2026-07-08T04:48:21.534Z",2026-07-08 01:48:21.534,"2026-07-08 01:48","down",67.852,222.61155568
76.107,3422.08,2978.25,3909.76,3406.75,11.301,"2026-07-08T04:48:21.534Z",2026-07-08 01:48:21.534,"2026-07-08 01:48","down",68.107,223.44816988
76.361,3419.53,2976.08,3910.96,3407.7,11.3,"2026-07-08T04:48:21.534Z",2026-07-08 01:48:21.534,"2026-07-08 01:48","down",68.361,224.28150324
76.615,3419.01,2975.26,3910.43,3407.28,11.291,"2026-07-08T04:48:21.534Z",2026-07-08 01:48:21.534,"2026-07-08 01:48","down",68.615,225.1148366
76.869,3419.59,2975.52,3910.77,3407.57,11.284,"2026-07-08T04:48:21.534Z",2026-07-08 01:48:21.534,"2026-07-08 01:48","down",68.869,225.94816996
77.123,3418.49,2974.56,3911.84,3408.28,11.278,"2026-07-08T04:48:21.534Z",2026-07-08 01:48:21.534,"2026-07-08 01:48","down",69.123,226.78150332
77.378,3417.01,2973.29,3911.23,3407.76,11.279,"2026-07-08T04:48:21.534Z",2026-07-08 01:48:21.534,"2026-07-08 01:48","down",69.378,227.61811752
77.632,3417.59,2973.73,3909.89,3406.79,11.282,"2026-07-08T04:48:21.534Z",2026-07-08 01:48:21.534,"2026-07-08 01:48","down",69.632,228.45145088
77.886,3418.14,2974.19,3910.38,3407.22,11.281,"2026-07-08T04:48:21.534Z",2026-07-08 01:48:21.534,"2026-07-08 01:48","down",69.886,229.28478424
78.14,3416.22,2972.54,3911.43,3407.95,11.277,"2026-07-08T04:48:21.534Z",2026-07-08 01:48:21.534,"2026-07-08 01:48","down",70.14,230.1181176
78.394,3414.72,2971.15,3910.45,3407.04,11.274,"2026-07-08T04:48:21.534Z",2026-07-08 01:48:21.534,"2026-07-08 01:48","down",70.394,230.95145096
78.649,3415.72,2971.77,3909.16,3405.99,11.268,"2026-07-08T04:48:21.534Z",2026-07-08 01:48:21.534,"2026-07-08 01:48","down",70.649,231.78806516
78.903,3416.42,2972.25,3910.08,3406.75,11.264,"2026-07-08T04:48:21.534Z",2026-07-08 01:48:21.534,"2026-07-08 01:48","down",70.903,232.62139852
79.157,3414.72,2971.04,3911.43,3407.89,11.271,"2026-07-08T04:48:21.534Z",2026-07-08 01:48:21.534,"2026-07-08 01:48","down",71.157,233.45473188
79.411,3413.53,2969.96,3911.3,3407.96,11.274,"2026-07-08T04:48:21.534Z",2026-07-08 01:48:21.534,"2026-07-08 01:48","down",71.411,234.28806524
79.665,3414.17,2970.21,3911.4,3408.24,11.27,"2026-07-08T04:48:21.534Z",2026-07-08 01:48:21.534,"2026-07-08 01:48","down",71.665,235.1213986
79.92,3413.76,2969.89,3913.15,3409.61,11.267,"2026-07-08T04:48:21.534Z",2026-07-08 01:48:21.534,"2026-07-08 01:48","down",71.92,235.9580128
80.174,3411.8,2968.42,3914.49,3410.47,11.266,"2026-07-08T04:48:21.534Z",2026-07-08 01:48:21.534,"2026-07-08 01:48","down",72.174,236.79134616
80.428,3410.65,2967.53,3914.17,3410.25,11.271,"2026-07-08T04:48:21.534Z",2026-07-08 01:48:21.534,"2026-07-08 01:48","down",72.428,237.62467952
80.682,3410.32,2967.31,3913.98,3410.3,11.278,"2026-07-08T04:48:21.534Z",2026-07-08 01:48:21.534,"2026-07-08 01:48","down",72.682,238.45801288
80.936,3409.36,2966.52,3914.59,3411.02,11.284,"2026-07-08T04:48:21.534Z",2026-07-08 01:48:21.534,"2026-07-08 01:48","down",72.936,239.29134624
81.191,3408.5,2965.53,3914.58,3411.11,11.28,"2026-07-08T04:48:21.534Z",2026-07-08 01:48:21.534,"2026-07-08 01:48","down",73.191,240.12796044
81.445,3408.91,2965.74,3914.18,3410.72,11.274,"2026-07-08T04:48:21.534Z",2026-07-08 01:48:21.534,"2026-07-08 01:48","down",73.445,240.9612938
81.699,3409.45,2966.23,3915,3411.42,11.274,"2026-07-08T04:48:21.534Z",2026-07-08 01:48:21.534,"2026-07-08 01:48","down",73.699,241.79462716
81.953,3408.97,2965.61,3916.41,3412.68,11.269,"2026-07-08T04:48:21.534Z",2026-07-08 01:48:21.534,"2026-07-08 01:48","down",73.953,242.62796052
82.207,3409.53,2965.59,3916.48,3413.03,11.262,"2026-07-08T04:48:21.534Z",2026-07-08 01:48:21.534,"2026-07-08 01:48","down",74.207,243.46129388
82.462,3411.29,2966.76,3916.81,3413.6,11.259,"2026-07-08T04:48:21.534Z",2026-07-08 01:48:21.534,"2026-07-08 01:48","down",74.462,244.29790808
82.716,3410.03,2965.92,3917.73,3415.36,11.29,"2026-07-08T04:48:21.534Z",2026-07-08 01:48:21.534,"2026-07-08 01:48","down",74.716,245.13124144
82.97,3383.14,2947.32,3916.17,3418.95,11.548,"2026-07-08T04:48:21.534Z",2026-07-08 01:48:21.534,"2026-07-08 01:48","down",74.97,245.9645748
83.224,3270.81,2862.06,3932.63,3441.76,12.126,"2026-07-08T04:48:21.534Z",2026-07-08 01:48:21.534,"2026-07-08 01:48","down",75.224,246.79790816
83.478,3117.48,2734.59,4013.66,3516.7,12.43,"2026-07-08T04:48:21.534Z",2026-07-08 01:48:21.534,"2026-07-08 01:48","down",75.478,247.63124152
83.733,3036.47,2658.77,4153.78,3632.2,12.11,"2026-07-08T04:48:21.534Z",2026-07-08 01:48:21.534,"2026-07-08 01:48","up",75.267,246.93898428
83.987,3026.97,2641,4263.23,3716.22,11.545,"2026-07-08T04:48:21.534Z",2026-07-08 01:48:21.534,"2026-07-08 01:48","up",75.013,246.10565092
84.241,3030.53,2639.55,4301.64,3743.89,11.27,"2026-07-08T04:48:21.534Z",2026-07-08 01:48:21.534,"2026-07-08 01:48","up",74.759,245.27231756
84.495,3029.36,2637.95,4305.75,3746.66,11.234,"2026-07-08T04:48:21.534Z",2026-07-08 01:48:21.534,"2026-07-08 01:48","up",74.505,244.4389842
84.749,3028.97,2637.53,4304.09,3745.72,11.242,"2026-07-08T04:48:21.534Z",2026-07-08 01:48:21.534,"2026-07-08 01:48","up",74.251,243.60565084
85.004,3029.46,2637.46,4303.56,3745.77,11.238,"2026-07-08T04:48:21.534Z",2026-07-08 01:48:21.534,"2026-07-08 01:48","up",73.996,242.76903664
85.258,3027.98,2636.44,4304.15,3746.31,11.247,"2026-07-08T04:48:21.534Z",2026-07-08 01:48:21.534,"2026-07-08 01:48","up",73.742,241.93570328
85.512,3027.75,2635.93,4304.17,3746.18,11.234,"2026-07-08T04:48:21.534Z",2026-07-08 01:48:21.534,"2026-07-08 01:48","up",73.488,241.10236992
85.766,3028.52,2636.58,4304.14,3746.39,11.238,"2026-07-08T04:48:21.534Z",2026-07-08 01:48:21.534,"2026-07-08 01:48","up",73.234,240.26903656
86.02,3028.82,2636.97,4305.13,3747.58,11.25,"2026-07-08T04:48:21.534Z",2026-07-08 01:48:21.534,"2026-07-08 01:48","up",72.98,239.4357032
86.275,3028.19,2636.57,4306.08,3748.36,11.254,"2026-07-08T04:48:21.534Z",2026-07-08 01:48:21.534,"2026-07-08 01:48","up",72.725,238.599089
86.529,3029.11,2637.12,4306.34,3748.51,11.244,"2026-07-08T04:48:21.534Z",2026-07-08 01:48:21.534,"2026-07-08 01:48","up",72.471,237.76575564
86.783,3030.69,2638.36,4307.56,3749.48,11.237,"2026-07-08T04:48:21.534Z",2026-07-08 01:48:21.534,"2026-07-08 01:48","up",72.217,236.93242228
87.037,3030.39,2638,4309.71,3751.13,11.229,"2026-07-08T04:48:21.534Z",2026-07-08 01:48:21.534,"2026-07-08 01:48","up",71.963,236.09908892
87.291,3028.93,2636.75,4310.34,3751.64,11.229,"2026-07-08T04:48:21.534Z",2026-07-08 01:48:21.534,"2026-07-08 01:48","up",71.709,235.26575556
87.546,3028.76,2636.72,4309.48,3751.07,11.237,"2026-07-08T04:48:21.534Z",2026-07-08 01:48:21.534,"2026-07-08 01:48","up",71.454,234.42914136
87.8,3028.47,2636.83,4309.79,3751.38,11.249,"2026-07-08T04:48:21.534Z",2026-07-08 01:48:21.534,"2026-07-08 01:48","up",71.2,233.595808
88.054,3026.83,2635.55,4310.84,3752.09,11.249,"2026-07-08T04:48:21.534Z",2026-07-08 01:48:21.534,"2026-07-08 01:48","up",70.946,232.76247464
88.308,3025.93,2634.45,4310.37,3751.74,11.241,"2026-07-08T04:48:21.534Z",2026-07-08 01:48:21.534,"2026-07-08 01:48","up",70.692,231.92914128
88.562,3026.64,2634.91,4309.61,3751.43,11.244,"2026-07-08T04:48:21.534Z",2026-07-08 01:48:21.534,"2026-07-08 01:48","up",70.438,231.09580792
88.817,3026.78,2635.12,4310.59,3752.57,11.253,"2026-07-08T04:48:21.534Z",2026-07-08 01:48:21.534,"2026-07-08 01:48","up",70.183,230.25919372
89.071,3025.87,2634.34,4311.66,3753.6,11.256,"2026-07-08T04:48:21.534Z",2026-07-08 01:48:21.534,"2026-07-08 01:48","up",69.929,229.42586036
89.325,3026.55,2634.64,4311.45,3753.55,11.249,"2026-07-08T04:48:21.534Z",2026-07-08 01:48:21.534,"2026-07-08 01:48","up",69.675,228.592527
89.579,3028.09,2635.98,4312.05,3754.23,11.252,"2026-07-08T04:48:21.534Z",2026-07-08 01:48:21.534,"2026-07-08 01:48","up",69.421,227.75919364
89.833,3027.36,2635.76,4314.13,3755.89,11.263,"2026-07-08T04:48:21.534Z",2026-07-08 01:48:21.534,"2026-07-08 01:48","up",69.167,226.92586028
90.088,3025.16,2634.06,4314.7,3756.19,11.265,"2026-07-08T04:48:21.534Z",2026-07-08 01:48:21.534,"2026-07-08 01:48","up",68.912,226.08924608
90.342,3024.89,2633.49,4313.31,3755.14,11.258,"2026-07-08T04:48:21.534Z",2026-07-08 01:48:21.534,"2026-07-08 01:48","up",68.658,225.25591272
90.596,3026,2634.22,4313.25,3755.27,11.254,"2026-07-08T04:48:21.534Z",2026-07-08 01:48:21.534,"2026-07-08 01:48","up",68.404,224.42257936
90.85,3025.5,2633.87,4315.04,3756.87,11.258,"2026-07-08T04:48:21.534Z",2026-07-08 01:48:21.534,"2026-07-08 01:48","up",68.15,223.589246
91.104,3024.23,2632.7,4315.63,3757.46,11.257,"2026-07-08T04:48:21.534Z",2026-07-08 01:48:21.534,"2026-07-08 01:48","up",67.896,222.75591264
91.359,3024.48,2632.51,4314.85,3756.92,11.248,"2026-07-08T04:48:21.534Z",2026-07-08 01:48:21.534,"2026-07-08 01:48","up",67.641,221.91929844
91.613,3024.69,2632.82,4315.39,3757.48,11.254,"2026-07-08T04:48:21.534Z",2026-07-08 01:48:21.534,"2026-07-08 01:48","up",67.387,221.08596508
91.867,3023.31,2632.05,4316.79,3758.7,11.267,"2026-07-08T04:48:21.534Z",2026-07-08 01:48:21.534,"2026-07-08 01:48","up",67.133,220.25263172
92.121,3021.73,2630.67,4316.48,3758.41,11.267,"2026-07-08T04:48:21.534Z",2026-07-08 01:48:21.534,"2026-07-08 01:48","up",66.879,219.41929836
92.375,3021.75,2630.09,4315.03,3757.31,11.252,"2026-07-08T04:48:21.534Z",2026-07-08 01:48:21.534,"2026-07-08 01:48","up",66.625,218.585965
92.63,3021.7,2629.93,4315.12,3757.41,11.248,"2026-07-08T04:48:21.534Z",2026-07-08 01:48:21.534,"2026-07-08 01:48","up",66.37,217.7493508
92.884,3020.09,2628.97,4316.03,3758.07,11.259,"2026-07-08T04:48:21.534Z",2026-07-08 01:48:21.534,"2026-07-08 01:48","up",66.116,216.91601744
93.138,3018.52,2627.84,4315.43,3757.67,11.27,"2026-07-08T04:48:21.534Z",2026-07-08 01:48:21.534,"2026-07-08 01:48","up",65.862,216.08268408
93.392,3018.37,2627.59,4314.28,3756.94,11.272,"2026-07-08T04:48:21.534Z",2026-07-08 01:48:21.534,"2026-07-08 01:48","up",65.608,215.24935072
93.646,3018.17,2627.23,4314.6,3757.23,11.266,"2026-07-08T04:48:21.534Z",2026-07-08 01:48:21.534,"2026-07-08 01:48","up",65.354,214.41601736
93.901,3017.23,2626.07,4315.54,3757.73,11.248,"2026-07-08T04:48:21.534Z",2026-07-08 01:48:21.534,"2026-07-08 01:48","up",65.099,213.57940316
94.155,3016.97,2625.05,4315.63,3757.63,11.219,"2026-07-08T04:48:21.534Z",2026-07-08 01:48:21.534,"2026-07-08 01:48","up",64.845,212.7460698
94.409,3017.47,2624.91,4316.21,3757.94,11.196,"2026-07-08T04:48:21.534Z",2026-07-08 01:48:21.534,"2026-07-08 01:48","up",64.591,211.91273644
94.663,3016.78,2624.24,4318.16,3758.92,11.178,"2026-07-08T04:48:21.534Z",2026-07-08 01:48:21.534,"2026-07-08 01:48","up",64.337,211.07940308
94.917,3015.12,2622.34,4319.38,3759.04,11.143,"2026-07-08T04:48:21.534Z",2026-07-08 01:48:21.534,"2026-07-08 01:48","up",64.083,210.24606972
95.172,3014.82,2621.21,4318.85,3757.93,11.1,"2026-07-08T04:48:21.534Z",2026-07-08 01:48:21.534,"2026-07-08 01:48","up",63.828,209.40945552
95.426,3015.99,2622.13,4318.79,3757.5,11.089,"2026-07-08T04:48:21.534Z",2026-07-08 01:48:21.534,"2026-07-08 01:48","up",63.574,208.57612216
95.68,3016.67,2624.75,4320.31,3759.46,11.168,"2026-07-08T04:48:21.534Z",2026-07-08 01:48:21.534,"2026-07-08 01:48","up",63.32,207.7427888
95.934,3016.85,2627.8,4322.14,3763.85,11.322,"2026-07-08T04:48:21.534Z",2026-07-08 01:48:21.534,"2026-07-08 01:48","up",63.066,206.90945544
96.188,3017.74,2630.05,4324.07,3769.2,11.451,"2026-07-08T04:48:21.534Z",2026-07-08 01:48:21.534,"2026-07-08 01:48","up",62.812,206.07612208
96.443,3018.24,2630.72,4326.7,3773.38,11.501,"2026-07-08T04:48:21.534Z",2026-07-08 01:48:21.534,"2026-07-08 01:48","up",62.557,205.23950788
96.697,3016.74,2629.45,4328.59,3775.17,11.505,"2026-07-08T04:48:21.534Z",2026-07-08 01:48:21.534,"2026-07-08 01:48","up",62.303,204.40617452
96.951,3015.05,2627.91,4328.09,3774.59,11.5,"2026-07-08T04:48:21.534Z",2026-07-08 01:48:21.534,"2026-07-08 01:48","up",62.049,203.57284116
97.205,3015.07,2627.91,4326.68,3773.47,11.502,"2026-07-08T04:48:21.534Z",2026-07-08 01:48:21.534,"2026-07-08 01:48","up",61.795,202.7395078
97.459,3014.98,2627.82,4326.68,3773.6,11.504,"2026-07-08T04:48:21.534Z",2026-07-08 01:48:21.534,"2026-07-08 01:48","up",61.541,201.90617444
97.714,3013.68,2626.67,4327.13,3774.05,11.505,"2026-07-08T04:48:21.534Z",2026-07-08 01:48:21.534,"2026-07-08 01:48","up",61.286,201.06956024
97.968,3013.3,2626.11,4326.36,3773.6,11.502,"2026-07-08T04:48:21.534Z",2026-07-08 01:48:21.534,"2026-07-08 01:48","up",61.032,200.23622688
98.222,3014.31,2626.89,4326.07,3773.59,11.505,"2026-07-08T04:48:21.534Z",2026-07-08 01:48:21.534,"2026-07-08 01:48","up",60.778,199.40289352
98.476,3013.93,2626.86,4327.51,3774.7,11.511,"2026-07-08T04:48:21.534Z",2026-07-08 01:48:21.534,"2026-07-08 01:48","up",60.524,198.56956016
98.73,3012.05,2625.43,4328.15,3775.08,11.514,"2026-07-08T04:48:21.534Z",2026-07-08 01:48:21.534,"2026-07-08 01:48","up",60.27,197.7362268
98.985,3012.2,2625.22,4327.01,3774.39,11.51,"2026-07-08T04:48:21.534Z",2026-07-08 01:48:21.534,"2026-07-08 01:48","up",60.015,196.8996126
99.239,3013.76,2626.11,4327.17,3774.92,11.503,"2026-07-08T04:48:21.534Z",2026-07-08 01:48:21.534,"2026-07-08 01:48","up",59.761,196.06627924
99.493,3013.4,2625.9,4329.67,3776.88,11.502,"2026-07-08T04:48:21.534Z",2026-07-08 01:48:21.534,"2026-07-08 01:48","up",59.507,195.23294588
99.747,3011.95,2624.8,4331.15,3777.99,11.503,"2026-07-08T04:48:21.534Z",2026-07-08 01:48:21.534,"2026-07-08 01:48","up",59.253,194.39961252
100.001,3012.24,2625.09,4330.66,3777.85,11.51,"2026-07-08T04:48:21.534Z",2026-07-08 01:48:21.534,"2026-07-08 01:48","up",58.999,193.56627916
100.256,3013.19,2626,4331.05,3778.46,11.519,"2026-07-08T04:48:21.534Z",2026-07-08 01:48:21.534,"2026-07-08 01:48","up",58.744,192.72966496
100.51,3012.79,2625.79,4332.72,3779.86,11.522,"2026-07-08T04:48:21.534Z",2026-07-08 01:48:21.534,"2026-07-08 01:48","up",58.49,191.8963316
100.764,3012.25,2625.24,4333.2,3780.18,11.517,"2026-07-08T04:48:21.534Z",2026-07-08 01:48:21.534,"2026-07-08 01:48","up",58.236,191.06299824
101.018,3013.35,2626.04,4332.85,3779.91,11.513,"2026-07-08T04:48:21.534Z",2026-07-08 01:48:21.534,"2026-07-08 01:48","up",57.982,190.22966488
101.272,3014.29,2626.86,4333.97,3780.87,11.513,"2026-07-08T04:48:21.534Z",2026-07-08 01:48:21.534,"2026-07-08 01:48","up",57.728,189.39633152
101.526,3013.17,2625.81,4335.58,3782.33,11.512,"2026-07-08T04:48:21.534Z",2026-07-08 01:48:21.534,"2026-07-08 01:48","up",57.474,188.56299816
101.781,3011.98,2624.67,4335.42,3782.66,11.519,"2026-07-08T04:48:21.534Z",2026-07-08 01:48:21.534,"2026-07-08 01:48","up",57.219,187.72638396
102.035,3012.34,2625.07,4335.11,3782.75,11.53,"2026-07-08T04:48:21.534Z",2026-07-08 01:48:21.534,"2026-07-08 01:48","up",56.965,186.8930506
102.289,3011.96,2624.99,4336.61,3783.84,11.532,"2026-07-08T04:48:21.534Z",2026-07-08 01:48:21.534,"2026-07-08 01:48","up",56.711,186.05971724
102.543,3009.97,2623.16,4337.42,3784.25,11.523,"2026-07-08T04:48:21.534Z",2026-07-08 01:48:21.534,"2026-07-08 01:48","up",56.457,185.22638388
102.797,3009.2,2622.33,4335.81,3782.94,11.52,"2026-07-08T04:48:21.534Z",2026-07-08 01:48:21.534,"2026-07-08 01:48","up",56.203,184.39305052
103.052,3010.34,2623.29,4334.78,3782.18,11.522,"2026-07-08T04:48:21.534Z",2026-07-08 01:48:21.534,"2026-07-08 01:48","up",55.948,183.55643632
103.306,3010.71,2623.44,4336.29,3783.44,11.515,"2026-07-08T04:48:21.534Z",2026-07-08 01:48:21.534,"2026-07-08 01:48","up",55.694,182.72310296
103.56,3009.58,2622.68,4337.66,3784.74,11.525,"2026-07-08T04:48:21.534Z",2026-07-08 01:48:21.534,"2026-07-08 01:48","up",55.44,181.8897696
103.814,3009.47,2622.66,4337.49,3784.86,11.533,"2026-07-08T04:48:21.534Z",2026-07-08 01:48:21.534,"2026-07-08 01:48","up",55.186,181.05643624
104.068,3010.46,2623.36,4338.2,3785.63,11.531,"2026-07-08T04:48:21.534Z",2026-07-08 01:48:21.534,"2026-07-08 01:48","up",54.932,180.22310288
104.323,3009.95,2622.97,4340.45,3787.39,11.529,"2026-07-08T04:48:21.534Z",2026-07-08 01:48:21.534,"2026-07-08 01:48","up",54.677,179.38648868
104.577,3008.5,2621.71,4341.29,3787.96,11.525,"2026-07-08T04:48:21.534Z",2026-07-08 01:48:21.534,"2026-07-08 01:48","up",54.423,178.55315532
104.831,3008.65,2621.75,4340.19,3787.39,11.531,"2026-07-08T04:48:21.534Z",2026-07-08 01:48:21.534,"2026-07-08 01:48","up",54.169,177.71982196
105.085,3009.8,2622.52,4340.31,3787.79,11.53,"2026-07-08T04:48:21.534Z",2026-07-08 01:48:21.534,"2026-07-08 01:48","up",53.915,176.8864886
105.339,3009.46,2622.21,4342.29,3789.28,11.524,"2026-07-08T04:48:21.534Z",2026-07-08 01:48:21.534,"2026-07-08 01:48","up",53.661,176.05315524
105.594,3008.6,2621.5,4343.34,3790.02,11.522,"2026-07-08T04:48:21.534Z",2026-07-08 01:48:21.534,"2026-07-08 01:48","up",53.406,175.21654104
105.848,3009.12,2621.74,4343.08,3790.12,11.522,"2026-07-08T04:48:21.534Z",2026-07-08 01:48:21.534,"2026-07-08 01:48","up",53.152,174.38320768
106.102,3009.43,2621.86,4344.01,3791.09,11.52,"2026-07-08T04:48:21.534Z",2026-07-08 01:48:21.534,"2026-07-08 01:48","up",52.898,173.54987432
106.356,3007.96,2620.72,4345.37,3792.15,11.523,"2026-07-08T04:48:21.534Z",2026-07-08 01:48:21.534,"2026-07-08 01:48","up",52.644,172.71654096
106.61,3006.91,2620.02,4344.77,3791.82,11.533,"2026-07-08T04:48:21.534Z",2026-07-08 01:48:21.534,"2026-07-08 01:48","up",52.39,171.8832076
106.865,3007.33,2620.37,4343.84,3791.24,11.538,"2026-07-08T04:48:21.534Z",2026-07-08 01:48:21.534,"2026-07-08 01:48","up",52.135,171.0465934
107.119,3007.05,2620.15,4344.5,3791.61,11.535,"2026-07-08T04:48:21.534Z",2026-07-08 01:48:21.534,"2026-07-08 01:48","up",51.881,170.21326004
107.373,3005.57,2619.07,4344.96,3791.67,11.534,"2026-07-08T04:48:21.534Z",2026-07-08 01:48:21.534,"2026-07-08 01:48","up",51.627,169.37992668
107.627,3004.76,2618.5,4344.09,3790.74,11.534,"2026-07-08T04:48:21.534Z",2026-07-08 01:48:21.534,"2026-07-08 01:48","up",51.373,168.54659332
107.881,3004.83,2618.5,4343.57,3790.34,11.533,"2026-07-08T04:48:21.534Z",2026-07-08 01:48:21.534,"2026-07-08 01:48","up",51.119,167.71325996
108.136,3003.82,2617.43,4343.92,3790.91,11.533,"2026-07-08T04:48:21.534Z",2026-07-08 01:48:21.534,"2026-07-08 01:48","up",50.864,166.87664576
108.39,3002.53,2615.86,4343.64,3790.96,11.525,"2026-07-08T04:48:21.534Z",2026-07-08 01:48:21.534,"2026-07-08 01:48","up",50.61,166.0433124
108.644,3002.87,2615.82,4342.95,3790.59,11.519,"2026-07-08T04:48:21.534Z",2026-07-08 01:48:21.534,"2026-07-08 01:48","up",50.356,165.20997904
108.898,3003.79,2616.75,4343.89,3791.44,11.524,"2026-07-08T04:48:21.534Z",2026-07-08 01:48:21.534,"2026-07-08 01:48","up",50.102,164.37664568
109.152,3003.07,2616.27,4345.88,3792.87,11.522,"2026-07-08T04:48:21.534Z",2026-07-08 01:48:21.534,"2026-07-08 01:48","up",49.848,163.54331232
109.407,3001.67,2614.96,4346.42,3793.14,11.515,"2026-07-08T04:48:21.534Z",2026-07-08 01:48:21.534,"2026-07-08 01:48","up",49.593,162.70669812
109.661,3001.6,2614.76,4345.89,3792.97,11.517,"2026-07-08T04:48:21.534Z",2026-07-08 01:48:21.534,"2026-07-08 01:48","up",49.339,161.87336476
109.915,3001.77,2615.1,4346.6,3793.92,11.53,"2026-07-08T04:48:21.534Z",2026-07-08 01:48:21.534,"2026-07-08 01:48","up",49.085,161.0400314
110.169,3000.54,2614.03,4347.94,3794.94,11.527,"2026-07-08T04:48:21.534Z",2026-07-08 01:48:21.534,"2026-07-08 01:48","up",48.831,160.20669804
110.423,2999.38,2612.39,4347.71,3794.31,11.498,"2026-07-08T04:48:21.534Z",2026-07-08 01:48:21.534,"2026-07-08 01:48","up",48.577,159.37336468
110.678,2999.95,2612.07,4347.14,3793.21,11.458,"2026-07-08T04:48:21.534Z",2026-07-08 01:48:21.534,"2026-07-08 01:48","up",48.322,158.53675048
110.932,2999.94,2611.99,4348.19,3793.36,11.439,"2026-07-08T04:48:21.534Z",2026-07-08 01:48:21.534,"2026-07-08 01:48","up",48.068,157.70341712
111.186,2998.14,2610.81,4348.9,3793.67,11.444,"2026-07-08T04:48:21.534Z",2026-07-08 01:48:21.534,"2026-07-08 01:48","up",47.814,156.87008376
111.44,2997.37,2610.08,4347.74,3792.96,11.449,"2026-07-08T04:48:21.534Z",2026-07-08 01:48:21.534,"2026-07-08 01:48","up",47.56,156.0367504
111.694,2998.26,2610.58,4347.37,3793.03,11.449,"2026-07-08T04:48:21.534Z",2026-07-08 01:48:21.534,"2026-07-08 01:48","up",47.306,155.20341704
111.949,2997.98,2610.21,4349.11,3794.68,11.448,"2026-07-08T04:48:21.534Z",2026-07-08 01:48:21.534,"2026-07-08 01:48","up",47.051,154.36680284
112.203,2996.28,2608.88,4350.18,3795.55,11.451,"2026-07-08T04:48:21.534Z",2026-07-08 01:48:21.534,"2026-07-08 01:48","up",46.797,153.53346948
112.457,2996.48,2608.87,4349.71,3795.09,11.444,"2026-07-08T04:48:21.534Z",2026-07-08 01:48:21.534,"2026-07-08 01:48","up",46.543,152.70013612
112.711,2997.98,2609.77,4350.53,3795.78,11.431,"2026-07-08T04:48:21.534Z",2026-07-08 01:48:21.534,"2026-07-08 01:48","up",46.289,151.86680276
112.965,2997.16,2608.96,4353.06,3797.87,11.425,"2026-07-08T04:48:21.534Z",2026-07-08 01:48:21.534,"2026-07-08 01:48","up",46.035,151.0334694
113.22,2994.68,2607.08,4353.76,3798.51,11.434,"2026-07-08T04:48:21.534Z",2026-07-08 01:48:21.534,"2026-07-08 01:48","up",45.78,150.1968552
113.474,2994.48,2606.83,4352.34,3797.59,11.439,"2026-07-08T04:48:21.534Z",2026-07-08 01:48:21.534,"2026-07-08 01:48","up",45.526,149.36352184
113.728,2995.64,2607.85,4352.62,3798.03,11.444,"2026-07-08T04:48:21.534Z",2026-07-08 01:48:21.534,"2026-07-08 01:48","up",45.272,148.53018848
113.982,2994.77,2607.38,4354.83,3799.84,11.45,"2026-07-08T04:48:21.534Z",2026-07-08 01:48:21.534,"2026-07-08 01:48","up",45.018,147.69685512
114.236,2993.01,2605.85,4355.27,3800.1,11.448,"2026-07-08T04:48:21.534Z",2026-07-08 01:48:21.534,"2026-07-08 01:48","up",44.764,146.86352176
114.491,2992.84,2605.39,4353.79,3798.98,11.442,"2026-07-08T04:48:21.534Z",2026-07-08 01:48:21.534,"2026-07-08 01:48","up",44.509,146.02690756
114.745,2993.24,2605.4,4353.63,3798.95,11.433,"2026-07-08T04:48:21.534Z",2026-07-08 01:48:21.534,"2026-07-08 01:48","up",44.255,145.1935742
114.999,2992.4,2604.49,4354.78,3799.77,11.423,"2026-07-08T04:48:21.534Z",2026-07-08 01:48:21.534,"2026-07-08 01:48","up",44.001,144.36024084
115.253,2991.03,2603.43,4355.01,3799.92,11.426,"2026-07-08T04:48:21.534Z",2026-07-08 01:48:21.534,"2026-07-08 01:48","up",43.747,143.52690748
115.507,2990.8,2603.39,4354.8,3799.96,11.437,"2026-07-08T04:48:21.534Z",2026-07-08 01:48:21.534,"2026-07-08 01:48","up",43.493,142.69357412
115.762,2990.82,2603.65,4355.61,3800.89,11.449,"2026-07-08T04:48:21.534Z",2026-07-08 01:48:21.534,"2026-07-08 01:48","up",43.238,141.85695992
116.016,2990.16,2603.38,4356.49,3801.94,11.465,"2026-07-08T04:48:21.534Z",2026-07-08 01:48:21.534,"2026-07-08 01:48","up",42.984,141.02362656
116.27,2990.06,2603.65,4356.48,3802.51,11.49,"2026-07-08T04:48:21.534Z",2026-07-08 01:48:21.534,"2026-07-08 01:48","up",42.73,140.1902932
116.524,2990.73,2604.34,4357,3803.46,11.504,"2026-07-08T04:48:21.534Z",2026-07-08 01:48:21.534,"2026-07-08 01:48","up",42.476,139.35695984
116.778,2990.34,2603.82,4358.62,3804.87,11.498,"2026-07-08T04:48:21.534Z",2026-07-08 01:48:21.534,"2026-07-08 01:48","up",42.222,138.52362648
117.033,2988.93,2602.35,4359.32,3805.35,11.487,"2026-07-08T04:48:21.534Z",2026-07-08 01:48:21.534,"2026-07-08 01:48","up",41.967,137.68701228
117.287,2989.14,2602.47,4358.71,3805.02,11.49,"2026-07-08T04:48:21.534Z",2026-07-08 01:48:21.534,"2026-07-08 01:48","up",41.713,136.85367892
117.541,2990.8,2603.93,4359.39,3805.91,11.497,"2026-07-08T04:48:21.534Z",2026-07-08 01:48:21.534,"2026-07-08 01:48","up",41.459,136.02034556
117.795,2990.92,2604.01,4361.75,3808.08,11.498,"2026-07-08T04:48:21.534Z",2026-07-08 01:48:21.534,"2026-07-08 01:48","up",41.205,135.1870122
118.049,2990.26,2603.38,4363.27,3809.5,11.498,"2026-07-08T04:48:21.534Z",2026-07-08 01:48:21.534,"2026-07-08 01:48","up",40.951,134.35367884
118.304,2990.98,2603.79,4363.61,3810.13,11.499,"2026-07-08T04:48:21.534Z",2026-07-08 01:48:21.534,"2026-07-08 01:48","up",40.696,133.51706464
118.558,2991.71,2603.87,4364.91,3811.19,11.48,"2026-07-08T04:48:21.534Z",2026-07-08 01:48:21.534,"2026-07-08 01:48","up",40.442,132.68373128
118.812,2990.6,2602.48,4366.76,3811.89,11.446,"2026-07-08T04:48:21.534Z",2026-07-08 01:48:21.534,"2026-07-08 01:48","up",40.188,131.85039792
119.066,2989.28,2601.06,4366.93,3810.99,11.414,"2026-07-08T04:48:21.534Z",2026-07-08 01:48:21.534,"2026-07-08 01:48","up",39.934,131.01706456
119.32,2989.66,2601.12,4366.11,3809.84,11.395,"2026-07-08T04:48:21.534Z",2026-07-08 01:48:21.534,"2026-07-08 01:48","up",39.68,130.1837312
119.575,2989.89,2601.44,4366.62,3810.2,11.398,"2026-07-08T04:48:21.534Z",2026-07-08 01:48:21.534,"2026-07-08 01:48","up",39.425,129.347117
119.829,2988.48,2600.56,4367.42,3810.79,11.406,"2026-07-08T04:48:21.534Z",2026-07-08 01:48:21.534,"2026-07-08 01:48","up",39.171,128.51378364
120.083,2987.42,2599.63,4366.52,3810.13,11.409,"2026-07-08T04:48:21.534Z",2026-07-08 01:48:21.534,"2026-07-08 01:48","up",38.917,127.68045028
120.337,2988.07,2600.34,4365.57,3809.94,11.428,"2026-07-08T04:48:21.534Z",2026-07-08 01:48:21.534,"2026-07-08 01:48","up",38.663,126.84711692
120.591,2988.51,2601.16,4367.06,3812.08,11.46,"2026-07-08T04:48:21.534Z",2026-07-08 01:48:21.534,"2026-07-08 01:48","up",38.409,126.01378356
120.846,2987.43,2600.47,4369.28,3814.61,11.481,"2026-07-08T04:48:21.534Z",2026-07-08 01:48:21.534,"2026-07-08 01:48","up",38.154,125.17716936
121.1,2986.16,2599.51,4369.62,3815.32,11.495,"2026-07-08T04:48:21.534Z",2026-07-08 01:48:21.534,"2026-07-08 01:48","up",37.9,124.343836
121.354,2985.43,2599.11,4369.32,3815.22,11.506,"2026-07-08T04:48:21.534Z",2026-07-08 01:48:21.534,"2026-07-08 01:48","up",37.646,123.51050264
121.608,2984.4,2598.23,4369.65,3815.25,11.501,"2026-07-08T04:48:21.534Z",2026-07-08 01:48:21.534,"2026-07-08 01:48","up",37.392,122.67716928
121.862,2983.4,2597.1,4369.27,3814.95,11.493,"2026-07-08T04:48:21.534Z",2026-07-08 01:48:21.534,"2026-07-08 01:48","up",37.138,121.84383592
122.117,2983.69,2597.29,4368.35,3814.68,11.503,"2026-07-08T04:48:21.534Z",2026-07-08 01:48:21.534,"2026-07-08 01:48","up",36.883,121.00722172
122.371,2984.24,2597.8,4368.8,3815.49,11.513,"2026-07-08T04:48:21.534Z",2026-07-08 01:48:21.534,"2026-07-08 01:48","up",36.629,120.17388836
122.625,2983.39,2597.47,4370.07,3816.81,11.531,"2026-07-08T04:48:21.534Z",2026-07-08 01:48:21.534,"2026-07-08 01:48","up",36.375,119.340555
122.879,2982.65,2597.52,4370.03,3817.43,11.568,"2026-07-08T04:48:21.534Z",2026-07-08 01:48:21.534,"2026-07-08 01:48","up",36.121,118.50722164
123.133,2983.97,2598.87,4369.8,3818.37,11.6,"2026-07-08T04:48:21.534Z",2026-07-08 01:48:21.534,"2026-07-08 01:48","up",35.867,117.67388828
123.388,2985.41,2600.02,4371.74,3820.71,11.61,"2026-07-08T04:48:21.534Z",2026-07-08 01:48:21.534,"2026-07-08 01:48","up",35.612,116.83727408
123.642,2984.9,2599.55,4374.5,3823,11.607,"2026-07-08T04:48:21.534Z",2026-07-08 01:48:21.534,"2026-07-08 01:48","up",35.358,116.00394072
123.896,2984.27,2599.1,4375.57,3823.84,11.608,"2026-07-08T04:48:21.534Z",2026-07-08 01:48:21.534,"2026-07-08 01:48","up",35.104,115.17060736
124.15,2984.48,2599.4,4376.01,3824.53,11.619,"2026-07-08T04:48:21.534Z",2026-07-08 01:48:21.534,"2026-07-08 01:48","up",34.85,114.337274
124.404,2983.96,2599.09,4377.42,3825.88,11.626,"2026-07-08T04:48:21.534Z",2026-07-08 01:48:21.534,"2026-07-08 01:48","up",34.596,113.50394064
124.659,2982.37,2597.6,4377.99,3826.23,11.619,"2026-07-08T04:48:21.534Z",2026-07-08 01:48:21.534,"2026-07-08 01:48","up",34.341,112.66732644
124.913,2982.15,2596.89,4376.96,3825.31,11.602,"2026-07-08T04:48:21.534Z",2026-07-08 01:48:21.534,"2026-07-08 01:48","up",34.087,111.83399308
125.167,2983.26,2597.85,4377.16,3825.43,11.6,"2026-07-08T04:48:21.534Z",2026-07-08 01:48:21.534,"2026-07-08 01:48","up",33.833,111.00065972
125.421,2982.69,2597.93,4379.22,3827.09,11.616,"2026-07-08T04:48:21.534Z",2026-07-08 01:48:21.534,"2026-07-08 01:48","up",33.579,110.16732636
125.675,2980.67,2596.39,4379.72,3827.66,11.626,"2026-07-08T04:48:21.534Z",2026-07-08 01:48:21.534,"2026-07-08 01:48","up",33.325,109.333993
125.93,2980.28,2595.83,4378.01,3826.68,11.63,"2026-07-08T04:48:21.534Z",2026-07-08 01:48:21.534,"2026-07-08 01:48","up",33.07,108.4973788
126.184,2980.94,2596.31,4377.61,3826.71,11.635,"2026-07-08T04:48:21.534Z",2026-07-08 01:48:21.534,"2026-07-08 01:48","up",32.816,107.66404544
126.438,2980.16,2595.79,4378.89,3827.76,11.639,"2026-07-08T04:48:21.534Z",2026-07-08 01:48:21.534,"2026-07-08 01:48","up",32.562,106.83071208
126.692,2978.8,2594.51,4379.13,3827.81,11.633,"2026-07-08T04:48:21.534Z",2026-07-08 01:48:21.534,"2026-07-08 01:48","up",32.308,105.99737872
126.946,2978.97,2594.58,4378.61,3827.37,11.63,"2026-07-08T04:48:21.534Z",2026-07-08 01:48:21.534,"2026-07-08 01:48","up",32.054,105.16404536
127.201,2979.51,2595.11,4379.6,3828.27,11.633,"2026-07-08T04:48:21.534Z",2026-07-08 01:48:21.534,"2026-07-08 01:48","up",31.799,104.32743116
127.455,2978.57,2594.27,4381.14,3829.58,11.631,"2026-07-08T04:48:21.534Z",2026-07-08 01:48:21.534,"2026-07-08 01:48","up",31.545,103.4940978
127.709,2977.31,2593.06,4380.86,3829.41,11.629,"2026-07-08T04:48:21.534Z",2026-07-08 01:48:21.534,"2026-07-08 01:48","up",31.291,102.66076444
127.963,2977.58,2593.12,4379.95,3828.94,11.631,"2026-07-08T04:48:21.534Z",2026-07-08 01:48:21.534,"2026-07-08 01:48","up",31.037,101.82743108
128.217,2977.92,2593.42,4380.9,3829.95,11.635,"2026-07-08T04:48:21.534Z",2026-07-08 01:48:21.534,"2026-07-08 01:48","up",30.783,100.99409772
128.472,2976.57,2592.46,4382.59,3831.26,11.638,"2026-07-08T04:48:21.534Z",2026-07-08 01:48:21.534,"2026-07-08 01:48","up",30.528,100.15748352
128.726,2975.39,2591.47,4382.64,3831.3,11.64,"2026-07-08T04:48:21.534Z",2026-07-08 01:48:21.534,"2026-07-08 01:48","up",30.274,99.32415016
128.98,2975.85,2591.92,4382.22,3831.31,11.649,"2026-07-08T04:48:21.534Z",2026-07-08 01:48:21.534,"2026-07-08 01:48","up",30.02,98.4908168
129.234,2976.16,2592.21,4383.27,3832.58,11.658,"2026-07-08T04:48:21.534Z",2026-07-08 01:48:21.534,"2026-07-08 01:48","up",29.766,97.65748344
129.488,2975.26,2591.35,4384.28,3833.48,11.656,"2026-07-08T04:48:21.534Z",2026-07-08 01:48:21.534,"2026-07-08 01:48","up",29.512,96.82415008
129.743,2975.08,2591.19,4383.88,3833.12,11.655,"2026-07-08T04:48:21.534Z",2026-07-08 01:48:21.534,"2026-07-08 01:48","up",29.257,95.98753588
129.997,2976.43,2592.36,4383.89,3833.52,11.664,"2026-07-08T04:48:21.534Z",2026-07-08 01:48:21.534,"2026-07-08 01:48","up",29.003,95.15420252
130.251,2977.3,2593.32,4385.51,3835.45,11.681,"2026-07-08T04:48:21.534Z",2026-07-08 01:48:21.534,"2026-07-08 01:48","up",28.749,94.32086916
130.505,2977.29,2593.58,4387.08,3837.2,11.699,"2026-07-08T04:48:21.534Z",2026-07-08 01:48:21.534,"2026-07-08 01:48","up",28.495,93.4875358
130.759,2977.5,2593.8,4387.72,3838.08,11.707,"2026-07-08T04:48:21.534Z",2026-07-08 01:48:21.534,"2026-07-08 01:48","up",28.241,92.65420244
131.014,2977.09,2593.57,4388.35,3838.87,11.716,"2026-07-08T04:48:21.534Z",2026-07-08 01:48:21.534,"2026-07-08 01:48","up",27.986,91.81758824
131.268,2975.49,2592.54,4388.46,3839.14,11.732,"2026-07-08T04:48:21.534Z",2026-07-08 01:48:21.534,"2026-07-08 01:48","up",27.732,90.98425488
131.522,2974.76,2592.11,4387.18,3838.37,11.746,"2026-07-08T04:48:21.534Z",2026-07-08 01:48:21.534,"2026-07-08 01:48","up",27.478,90.15092152
131.776,2976.08,2592.98,4386.55,3838.25,11.746,"2026-07-08T04:48:21.534Z",2026-07-08 01:48:21.534,"2026-07-08 01:48","up",27.224,89.31758816
132.03,2976.79,2593.71,4388.65,3840.07,11.749,"2026-07-08T04:48:21.534Z",2026-07-08 01:48:21.534,"2026-07-08 01:48","up",26.97,88.4842548
132.285,2975.14,2592.75,4391.17,3841.84,11.755,"2026-07-08T04:48:21.534Z",2026-07-08 01:48:21.534,"2026-07-08 01:48","up",26.715,87.6476406
132.539,2973.4,2591.22,4390.98,3841.58,11.753,"2026-07-08T04:48:21.534Z",2026-07-08 01:48:21.534,"2026-07-08 01:48","up",26.461,86.81430724
132.793,2973.48,2590.94,4389.54,3840.62,11.749,"2026-07-08T04:48:21.534Z",2026-07-08 01:48:21.534,"2026-07-08 01:48","up",26.207,85.98097388
133.047,2973.95,2591.26,4389.7,3840.92,11.749,"2026-07-08T04:48:21.534Z",2026-07-08 01:48:21.534,"2026-07-08 01:48","up",25.953,85.14764052
133.301,2973.41,2591.04,4390.79,3841.86,11.757,"2026-07-08T04:48:21.534Z",2026-07-08 01:48:21.534,"2026-07-08 01:48","up",25.699,84.31430716
133.556,2972.86,2590.62,4390.93,3842.32,11.766,"2026-07-08T04:48:21.534Z",2026-07-08 01:48:21.534,"2026-07-08 01:48","up",25.444,83.47769296
133.81,2972.92,2590.43,4390.69,3842.53,11.767,"2026-07-08T04:48:21.534Z",2026-07-08 01:48:21.534,"2026-07-08 01:48","up",25.19,82.6443596
134.064,2972.84,2590.22,4391.32,3843.12,11.764,"2026-07-08T04:48:21.534Z",2026-07-08 01:48:21.534,"2026-07-08 01:48","up",24.936,81.81102624
134.318,2972.83,2589.97,4392.29,3844.06,11.758,"2026-07-08T04:48:21.534Z",2026-07-08 01:48:21.534,"2026-07-08 01:48","up",24.682,80.97769288
134.572,2973.62,2590.61,4393.57,3845.37,11.76,"2026-07-08T04:48:21.534Z",2026-07-08 01:48:21.534,"2026-07-08 01:48","up",24.428,80.14435952
134.827,2974.3,2591.36,4395.8,3847.3,11.765,"2026-07-08T04:48:21.534Z",2026-07-08 01:48:21.534,"2026-07-08 01:48","up",24.173,79.30774532
135.081,2973.74,2590.88,4398.02,3848.93,11.759,"2026-07-08T04:48:21.534Z",2026-07-08 01:48:21.534,"2026-07-08 01:48","up",23.919,78.47441196
135.335,2972.98,2590.14,4398.49,3849.03,11.749,"2026-07-08T04:48:21.534Z",2026-07-08 01:48:21.534,"2026-07-08 01:48","up",23.665,77.6410786
135.589,2973.45,2590.25,4398.17,3848.63,11.737,"2026-07-08T04:48:21.534Z",2026-07-08 01:48:21.534,"2026-07-08 01:48","up",23.411,76.80774524
135.843,2973.89,2590.25,4399.18,3849.32,11.72,"2026-07-08T04:48:21.534Z",2026-07-08 01:48:21.534,"2026-07-08 01:48","up",23.157,75.97441188
136.098,2973.02,2589.08,4400.63,3850.16,11.697,"2026-07-08T04:48:21.534Z",2026-07-08 01:48:21.534,"2026-07-08 01:48","up",22.902,75.13779768
136.352,2972.5,2588.22,4401.04,3850.12,11.675,"2026-07-08T04:48:21.534Z",2026-07-08 01:48:21.534,"2026-07-08 01:48","up",22.648,74.30446432
136.606,2973.45,2588.63,4401.66,3850.39,11.656,"2026-07-08T04:48:21.534Z",2026-07-08 01:48:21.534,"2026-07-08 01:48","up",22.394,73.47113096
136.86,2973.67,2588.7,4403.38,3851.82,11.65,"2026-07-08T04:48:21.534Z",2026-07-08 01:48:21.534,"2026-07-08 01:48","up",22.14,72.6377976
137.114,2972.51,2588.15,4404.29,3852.89,11.671,"2026-07-08T04:48:21.534Z",2026-07-08 01:48:21.534,"2026-07-08 01:48","up",21.886,71.80446424
137.369,2972.06,2587.8,4403.66,3852.67,11.68,"2026-07-08T04:48:21.534Z",2026-07-08 01:48:21.534,"2026-07-08 01:48","up",21.631,70.96785004
137.623,2972.5,2588.26,4403.84,3852.97,11.686,"2026-07-08T04:48:21.534Z",2026-07-08 01:48:21.534,"2026-07-08 01:48","up",21.377,70.13451668
137.877,2971.83,2588.15,4405.72,3854.57,11.7,"2026-07-08T04:48:21.534Z",2026-07-08 01:48:21.534,"2026-07-08 01:48","up",21.123,69.30118332
138.131,2969.96,2586.62,4406.74,3855.4,11.702,"2026-07-08T04:48:21.534Z",2026-07-08 01:48:21.534,"2026-07-08 01:48","up",20.869,68.46784996
138.385,2968.83,2585.61,4405.37,3854.37,11.705,"2026-07-08T04:48:21.534Z",2026-07-08 01:48:21.534,"2026-07-08 01:48","up",20.615,67.6345166
138.64,2969.03,2585.68,4404.1,3853.7,11.711,"2026-07-08T04:48:21.534Z",2026-07-08 01:48:21.534,"2026-07-08 01:48","up",20.36,66.7979024
138.894,2968.82,2585.29,4404.76,3854.62,11.711,"2026-07-08T04:48:21.534Z",2026-07-08 01:48:21.534,"2026-07-08 01:48","up",20.106,65.96456904
139.148,2967.71,2584.11,4405.37,3855.32,11.708,"2026-07-08T04:48:21.534Z",2026-07-08 01:48:21.534,"2026-07-08 01:48","up",19.852,65.13123568
139.402,2967.49,2583.67,4404.9,3854.82,11.698,"2026-07-08T04:48:21.534Z",2026-07-08 01:48:21.534,"2026-07-08 01:48","up",19.598,64.29790232
139.656,2967.78,2583.63,4405.2,3854.56,11.677,"2026-07-08T04:48:21.534Z",2026-07-08 01:48:21.534,"2026-07-08 01:48","up",19.344,63.46456896
139.911,2966.82,2582.84,4406.08,3854.78,11.667,"2026-07-08T04:48:21.534Z",2026-07-08 01:48:21.534,"2026-07-08 01:48","up",19.089,62.62795476
140.165,2965.72,2582.05,4405.59,3854.32,11.672,"2026-07-08T04:48:21.534Z",2026-07-08 01:48:21.534,"2026-07-08 01:48","up",18.835,61.7946214
140.419,2966.27,2582.7,4404.64,3853.97,11.688,"2026-07-08T04:48:21.534Z",2026-07-08 01:48:21.534,"2026-07-08 01:48","up",18.581,60.96128804
140.673,2967.14,2583.47,4405.36,3854.94,11.695,"2026-07-08T04:48:21.534Z",2026-07-08 01:48:21.534,"2026-07-08 01:48","up",18.327,60.12795468
140.927,2966.77,2582.59,4406.91,3856.22,11.676,"2026-07-08T04:48:21.534Z",2026-07-08 01:48:21.534,"2026-07-08 01:48","up",18.073,59.29462132
141.182,2966.09,2581.61,4407.32,3856.36,11.658,"2026-07-08T04:48:21.534Z",2026-07-08 01:48:21.534,"2026-07-08 01:48","up",17.818,58.45800712
141.436,2965.92,2581.02,4407.21,3855.94,11.636,"2026-07-08T04:48:21.534Z",2026-07-08 01:48:21.534,"2026-07-08 01:48","up",17.564,57.62467376
141.69,2965.66,2580.53,4407.92,3855.88,11.613,"2026-07-08T04:48:21.534Z",2026-07-08 01:48:21.534,"2026-07-08 01:48","up",17.31,56.7913404
141.944,2964.72,2579.91,4408.44,3855.71,11.606,"2026-07-08T04:48:21.534Z",2026-07-08 01:48:21.534,"2026-07-08 01:48","up",17.056,55.95800704
142.198,2964.79,2579.63,4408.44,3855.69,11.594,"2026-07-08T04:48:21.534Z",2026-07-08 01:48:21.534,"2026-07-08 01:48","up",16.802,55.12467368
142.453,2965.77,2580.01,4409.27,3856.59,11.583,"2026-07-08T04:48:21.534Z",2026-07-08 01:48:21.534,"2026-07-08 01:48","up",16.547,54.28805948
142.707,2965.38,2579.66,4410.95,3858.08,11.583,"2026-07-08T04:48:21.534Z",2026-07-08 01:48:21.534,"2026-07-08 01:48","up",16.293,53.45472612
142.961,2963.87,2578.09,4411.5,3858.34,11.57,"2026-07-08T04:48:21.534Z",2026-07-08 01:48:21.534,"2026-07-08 01:48","up",16.039,52.62139276
143.215,2963.53,2576.43,4410.64,3856.79,11.508,"2026-07-08T04:48:21.534Z",2026-07-08 01:48:21.534,"2026-07-08 01:48","up",15.785,51.7880594
143.469,2963.6,2574.74,4410.34,3854.55,11.408,"2026-07-08T04:48:21.534Z",2026-07-08 01:48:21.534,"2026-07-08 01:48","up",15.531,50.95472604
143.724,2962.25,2572.22,4410.57,3851.85,11.301,"2026-07-08T04:48:21.534Z",2026-07-08 01:48:21.534,"2026-07-08 01:48","up",15.276,50.11811184
143.978,2960.6,2569.65,4409.44,3848.69,11.216,"2026-07-08T04:48:21.534Z",2026-07-08 01:48:21.534,"2026-07-08 01:48","up",15.022,49.28477848
144.232,2960.46,2568.54,4407.79,3846.18,11.161,"2026-07-08T04:48:21.534Z",2026-07-08 01:48:21.534,"2026-07-08 01:48","up",14.768,48.45144512
144.486,2960.3,2567.68,4408.02,3845.25,11.113,"2026-07-08T04:48:21.534Z",2026-07-08 01:48:21.534,"2026-07-08 01:48","up",14.514,47.61811176
144.74,2958.63,2565.55,4409.02,3844.71,11.06,"2026-07-08T04:48:21.534Z",2026-07-08 01:48:21.534,"2026-07-08 01:48","up",14.26,46.7847784
144.995,2957.05,2563.68,4408.13,3842.93,11.022,"2026-07-08T04:48:21.534Z",2026-07-08 01:48:21.534,"2026-07-08 01:48","up",14.005,45.9481642
145.249,2957.3,2563.46,4406.53,3841.12,10.999,"2026-07-08T04:48:21.534Z",2026-07-08 01:48:21.534,"2026-07-08 01:48","up",13.751,45.11483084
145.503,2957.63,2563.35,4406.78,3841.09,10.98,"2026-07-08T04:48:21.534Z",2026-07-08 01:48:21.534,"2026-07-08 01:48","up",13.497,44.28149748
145.757,2956.35,2561.96,4407.88,3841.7,10.963,"2026-07-08T04:48:21.534Z",2026-07-08 01:48:21.534,"2026-07-08 01:48","up",13.243,43.44816412
146.011,2955.16,2560.65,4407.82,3841.32,10.947,"2026-07-08T04:48:21.534Z",2026-07-08 01:48:21.534,"2026-07-08 01:48","up",12.989,42.61483076
146.266,2955.22,2560.56,4407.57,3840.91,10.938,"2026-07-08T04:48:21.534Z",2026-07-08 01:48:21.534,"2026-07-08 01:48","up",12.734,41.77821656
146.52,2954.97,2560.25,4408.53,3841.66,10.933,"2026-07-08T04:48:21.534Z",2026-07-08 01:48:21.534,"2026-07-08 01:48","up",12.48,40.9448832
146.774,2953.85,2559.11,4409.25,3842.24,10.927,"2026-07-08T04:48:21.534Z",2026-07-08 01:48:21.534,"2026-07-08 01:48","up",12.226,40.11154984
147.028,2953.86,2558.96,4408.79,3842.05,10.926,"2026-07-08T04:48:21.534Z",2026-07-08 01:48:21.534,"2026-07-08 01:48","up",11.972,39.27821648
147.282,2955.29,2560.32,4409.25,3842.62,10.934,"2026-07-08T04:48:21.534Z",2026-07-08 01:48:21.534,"2026-07-08 01:48","up",11.718,38.44488312
147.537,2955.65,2560.95,4411.68,3844.42,10.937,"2026-07-08T04:48:21.534Z",2026-07-08 01:48:21.534,"2026-07-08 01:48","up",11.463,37.60826892
147.791,2954.39,2560.01,4413.36,3845.6,10.936,"2026-07-08T04:48:21.534Z",2026-07-08 01:48:21.534,"2026-07-08 01:48","up",11.209,36.77493556
148.045,2953.91,2559.51,4413.08,3845.71,10.941,"2026-07-08T04:48:21.534Z",2026-07-08 01:48:21.534,"2026-07-08 01:48","up",10.955,35.9416022
148.299,2954.3,2559.88,4413.21,3846.39,10.954,"2026-07-08T04:48:21.534Z",2026-07-08 01:48:21.534,"2026-07-08 01:48","up",10.701,35.10826884
148.553,2953.66,2559.59,4414.82,3847.84,10.964,"2026-07-08T04:48:21.534Z",2026-07-08 01:48:21.534,"2026-07-08 01:48","up",10.447,34.27493548
148.808,2952.56,2558.94,4415.85,3848.8,10.976,"2026-07-08T04:48:21.534Z",2026-07-08 01:48:21.534,"2026-07-08 01:48","up",10.192,33.43832128
149.062,2952.71,2559.11,4415.76,3849.29,10.989,"2026-07-08T04:48:21.534Z",2026-07-08 01:48:21.534,"2026-07-08 01:48","up",9.93799999999999,32.60498792
149.316,2953.3,2559.43,4416.67,3850.58,10.993,"2026-07-08T04:48:21.534Z",2026-07-08 01:48:21.534,"2026-07-08 01:48","up",9.684,31.77165456
149.57,2953.3,2558.77,4418.76,3852.23,10.968,"2026-07-08T04:48:21.534Z",2026-07-08 01:48:21.534,"2026-07-08 01:48","up",9.43000000000001,30.9383212
149.824,2953.21,2557.4,4420.1,3852.44,10.905,"2026-07-08T04:48:21.534Z",2026-07-08 01:48:21.534,"2026-07-08 01:48","up",9.17599999999999,30.10498784
150.079,2953.35,2555.46,4420.83,3851.04,10.793,"2026-07-08T04:48:21.534Z",2026-07-08 01:48:21.534,"2026-07-08 01:48","up",8.92099999999999,29.26837364
150.333,2952.41,2552.63,4421.71,3848.54,10.657,"2026-07-08T04:48:21.534Z",2026-07-08 01:48:21.534,"2026-07-08 01:48","up",8.667,28.43504028
150.587,2949.97,2549.02,4421.39,3844.76,10.532,"2026-07-08T04:48:21.534Z",2026-07-08 01:48:21.534,"2026-07-08 01:48","up",8.41300000000001,27.60170692
150.841,2948.51,2546.22,4419.21,3840.29,10.426,"2026-07-08T04:48:21.534Z",2026-07-08 01:48:21.534,"2026-07-08 01:48","up",8.15899999999999,26.76837356
151.095,2948.78,2545.03,4417.46,3837.03,10.341,"2026-07-08T04:48:21.534Z",2026-07-08 01:48:21.534,"2026-07-08 01:48","up",7.905,25.9350402
151.35,2948.73,2544.05,4417.62,3835.68,10.278,"2026-07-08T04:48:21.534Z",2026-07-08 01:48:21.534,"2026-07-08 01:48","up",7.65000000000001,25.098426
151.604,2947.87,2542.73,4417.98,3834.9,10.236,"2026-07-08T04:48:21.534Z",2026-07-08 01:48:21.534,"2026-07-08 01:48","up",7.39599999999999,24.26509264
151.858,2947.5,2542.37,4417.65,3834.27,10.227,"2026-07-08T04:48:21.534Z",2026-07-08 01:48:21.534,"2026-07-08 01:48","up",7.142,23.43175928
152.112,2947.51,2543.12,4417.87,3834.58,10.253,"2026-07-08T04:48:21.534Z",2026-07-08 01:48:21.534,"2026-07-08 01:48","up",6.888,22.59842592
152.366,2946.79,2543.68,4418.7,3835.96,10.306,"2026-07-08T04:48:21.534Z",2026-07-08 01:48:21.534,"2026-07-08 01:48","up",6.63399999999999,21.76509256
152.621,2946.01,2544.64,4418.92,3837.82,10.396,"2026-07-08T04:48:21.534Z",2026-07-08 01:48:21.534,"2026-07-08 01:48","up",6.37899999999999,20.92847836
152.875,2946.8,2547.52,4418.94,3840.64,10.529,"2026-07-08T04:48:21.534Z",2026-07-08 01:48:21.534,"2026-07-08 01:48","up",6.125,20.095145
153.129,2948.39,2551.82,4420.55,3845.85,10.707,"2026-07-08T04:48:21.534Z",2026-07-08 01:48:21.534,"2026-07-08 01:48","up",5.87100000000001,19.26181164
153.383,2948.87,2555.92,4423.29,3852.9,10.929,"2026-07-08T04:48:21.534Z",2026-07-08 01:48:21.534,"2026-07-08 01:48","up",5.61699999999999,18.42847828
153.637,2948.95,2560.25,4424.75,3860.01,11.196,"2026-07-08T04:48:21.534Z",2026-07-08 01:48:21.534,"2026-07-08 01:48","up",5.363,17.59514492
153.892,2950.5,2566.39,4425.48,3867.59,11.503,"2026-07-08T04:48:21.534Z",2026-07-08 01:48:21.534,"2026-07-08 01:48","up",5.108,16.75853072
154.146,2952.84,2574.04,4428.24,3877.54,11.85,"2026-07-08T04:48:21.534Z",2026-07-08 01:48:21.534,"2026-07-08 01:48","up",4.85400000000001,15.92519736
154.4,2954.54,2582.04,4432.62,3889.61,12.242,"2026-07-08T04:48:21.534Z",2026-07-08 01:48:21.534,"2026-07-08 01:48","up",4.59999999999999,15.091864
154.654,2956.26,2591.13,4436.2,3902.6,12.703,"2026-07-08T04:48:21.534Z",2026-07-08 01:48:21.534,"2026-07-08 01:48","up",4.346,14.25853064
154.908,2958.91,2601.94,4439.36,3917.05,13.234,"2026-07-08T04:48:21.534Z",2026-07-08 01:48:21.534,"2026-07-08 01:48","up",4.09200000000001,13.42519728
155.163,2961.48,2613.69,4443.56,3933.96,13.83,"2026-07-08T04:48:21.534Z",2026-07-08 01:48:21.534,"2026-07-08 01:48","up",3.83699999999999,12.58858308
155.417,2963.79,2626.84,4448,3953.06,14.521,"2026-07-08T04:48:21.534Z",2026-07-08 01:48:21.534,"2026-07-08 01:48","up",3.583,11.75524972
155.671,2967.65,2642.87,4452.39,3974.38,15.31,"2026-07-08T04:48:21.534Z",2026-07-08 01:48:21.534,"2026-07-08 01:48","up",3.32900000000001,10.92191636
155.925,2972.71,2661.07,4458.81,3999.11,16.168,"2026-07-08T04:48:21.534Z",2026-07-08 01:48:21.534,"2026-07-08 01:48","up",3.07499999999999,10.088583
156.179,2977.03,2680.29,4467.08,4027.22,17.116,"2026-07-08T04:48:21.534Z",2026-07-08 01:48:21.534,"2026-07-08 01:48","up",2.821,9.25524963999999
156.434,2981.09,2701.93,4474.47,4057.7,18.218,"2026-07-08T04:48:21.534Z",2026-07-08 01:48:21.534,"2026-07-08 01:48","up",2.566,8.41863544000001
156.688,2987.17,2728.32,4481.31,4092.19,19.51,"2026-07-08T04:48:21.534Z",2026-07-08 01:48:21.534,"2026-07-08 01:48","up",2.31200000000001,7.58530208000004
156.942,2994.81,2758.63,4490.82,4133.24,20.968,"2026-07-08T04:48:21.534Z",2026-07-08 01:48:21.534,"2026-07-08 01:48","up",2.05799999999999,6.75196871999998
157.196,3001.91,2789.83,4502.92,4179.68,22.533,"2026-07-08T04:48:21.534Z",2026-07-08 01:48:21.534,"2026-07-08 01:48","up",1.804,5.91863536000001
157.45,3008.25,2819.6,4514.62,4227.25,24.102,"2026-07-08T04:48:21.534Z",2026-07-08 01:48:21.534,"2026-07-08 01:48","up",1.55000000000001,5.08530200000004
157.705,3013.86,2844.03,4525.25,4271.91,25.474,"2026-07-08T04:48:21.534Z",2026-07-08 01:48:21.534,"2026-07-08 01:48","up",1.29499999999999,4.24868779999996
157.959,3016.59,2858.12,4535.37,4308.89,26.441,"2026-07-08T04:48:21.534Z",2026-07-08 01:48:21.534,"2026-07-08 01:48","up",1.041,3.41535443999999
158.213,3016.17,2862.91,4544.1,4334.35,26.979,"2026-07-08T04:48:21.534Z",2026-07-08 01:48:21.534,"2026-07-08 01:48","up",0.787000000000006,2.58202108000002
158.467,3016.64,2869.06,4552.55,4352.52,27.383,"2026-07-08T04:48:21.534Z",2026-07-08 01:48:21.534,"2026-07-08 01:48","up",0.532999999999987,1.74868771999996
158.721,3022.47,2890.84,4562.64,4374.95,28.186,"2026-07-08T04:48:21.534Z",2026-07-08 01:48:21.534,"2026-07-08 01:48","up",0.278999999999996,0.915354359999988
158.976,3035.76,2930,4572.48,4413.93,29.679,"2026-07-08T04:48:21.534Z",2026-07-08 01:48:21.534,"2026-07-08 01:48","up",0.0240000000000009,0.078740160000003
