LAF,ST,AST,REV-ST,REV-AST,TMP,start_time,depth_m,datetime,label,leg,depth_ft
31.622,3300.03,2807.43,3637.19,3083.48,11.252,2026-07-06T00:10:30.795Z,22.622,2026-07-06T00:10:30Z,2026-07-06 00:10,down,74.21916248
31.622,3357.37,2856.95,3670.55,3125.08,11.425,2026-07-06T00:22:33.874Z,22.622,2026-07-06T00:22:33Z,2026-07-06 00:22,down,74.21916248
31.622,3354,2868.85,3730.33,3176.12,11.653,2026-07-06T00:34:37.032Z,22.622,2026-07-06T00:34:37Z,2026-07-06 00:34,down,74.21916248
31.622,3403.83,2903.63,3641.51,3097.41,11.117,2026-07-06T00:46:41.268Z,22.622,2026-07-06T00:46:41Z,2026-07-06 00:46,down,74.21916248
31.622,3279.91,2800.58,3686.66,3148.14,11.23,2026-07-06T00:58:43.973Z,22.622,2026-07-06T00:58:43Z,2026-07-06 00:58,down,74.21916248
31.622,3404.6,2923.28,3607.95,3088.1,11.664,2026-07-06T01:10:47.787Z,22.622,2026-07-06T01:10:47Z,2026-07-06 01:10,down,74.21916248
31.622,3401.14,2915.55,3733.14,3189.68,11.162,2026-07-06T01:22:50.710Z,22.622,2026-07-06T01:22:50Z,2026-07-06 01:22,down,74.21916248
31.622,3279.53,2811.72,3753.97,3209.49,10.967,2026-07-06T01:34:53.665Z,22.622,2026-07-06T01:34:53Z,2026-07-06 01:34,down,74.21916248
31.622,3351.62,2880.5,3702.59,3180.18,11.355,2026-07-06T01:46:57.197Z,22.622,2026-07-06T01:46:57Z,2026-07-06 01:46,down,74.21916248
31.622,3368.48,2908.44,3579.24,3074.31,11.473,2026-07-06T01:59:00.511Z,22.622,2026-07-06T01:59:00Z,2026-07-06 01:59,down,74.21916248
31.622,3449.98,2971.45,3680.72,3159.59,11.034,2026-07-06T02:11:04.185Z,22.622,2026-07-06T02:11:04Z,2026-07-06 02:11,down,74.21916248
31.622,3458.23,2981.56,3779.49,3255.45,11.177,2026-07-06T02:23:07.390Z,22.622,2026-07-06T02:23:07Z,2026-07-06 02:23,down,74.21916248
31.622,3390.42,2936.86,3802.98,3281.59,11.537,2026-07-06T02:35:10.500Z,22.622,2026-07-06T02:35:10Z,2026-07-06 02:35,down,74.21916248
31.622,3422.51,2959.26,3871.28,3335.06,11.074,2026-07-06T02:47:13.705Z,22.622,2026-07-06T02:47:13Z,2026-07-06 02:47,down,74.21916248
31.622,3532.09,3053.75,4007.6,3456.99,10.991,2026-07-06T02:59:16.425Z,22.622,2026-07-06T02:59:16Z,2026-07-06 02:59,down,74.21916248
31.622,3506.4,3044.55,3795.03,3287.89,11.581,2026-07-06T03:11:19.067Z,22.622,2026-07-06T03:11:19Z,2026-07-06 03:11,down,74.21916248
31.622,3538.1,3072.1,3889.49,3361.74,11.197,2026-07-06T03:23:23.022Z,22.622,2026-07-06T03:23:23Z,2026-07-06 03:23,down,74.21916248
31.622,3422.72,2969.35,3843.13,3322.19,10.996,2026-07-06T03:35:26.273Z,22.622,2026-07-06T03:35:26Z,2026-07-06 03:35,down,74.21916248
31.622,3417.4,2968.45,3861.55,3351.82,11.296,2026-07-06T03:47:30.119Z,22.622,2026-07-06T03:47:30Z,2026-07-06 03:47,down,74.21916248
31.622,3307.93,2885.62,3780.73,3279.6,11.467,2026-07-06T03:59:33.652Z,22.622,2026-07-06T03:59:33Z,2026-07-06 03:59,down,74.21916248
31.622,3556.52,3093.52,3782.96,3278.67,11.023,2026-07-06T04:11:36.309Z,22.622,2026-07-06T04:11:36Z,2026-07-06 04:11,down,74.21916248
31.622,3326.43,2894.77,3758.05,3258.17,10.94,2026-07-06T04:23:39.404Z,22.622,2026-07-06T04:23:39Z,2026-07-06 04:23,down,74.21916248
31.622,3338.25,2914.18,3671.7,3198.77,11.526,2026-07-06T04:35:42.875Z,22.622,2026-07-06T04:35:42Z,2026-07-06 04:35,down,74.21916248
31.622,3406.65,2977.19,3772.82,3278.34,11.247,2026-07-06T04:47:45.767Z,22.622,2026-07-06T04:47:45Z,2026-07-06 04:47,down,74.21916248
31.622,3403.74,2968.14,3745.65,3253.76,10.955,2026-07-06T04:59:48.002Z,22.622,2026-07-06T04:59:48Z,2026-07-06 04:59,down,74.21916248
31.622,3458.2,3017.52,3789.71,3305.45,11.216,2026-07-06T05:11:51.050Z,22.622,2026-07-06T05:11:51Z,2026-07-06 05:11,down,74.21916248
31.622,3234.71,2837.22,3627.12,3162.02,11.511,2026-07-06T05:23:54.896Z,22.622,2026-07-06T05:23:54Z,2026-07-06 05:23,down,74.21916248
31.622,3362.91,2939.94,3806.17,3314.11,10.997,2026-07-06T05:35:58.366Z,22.622,2026-07-06T05:35:58Z,2026-07-06 05:35,down,74.21916248
31.622,3273.65,2861.05,3599.05,3133.6,10.891,2026-07-06T05:48:01.602Z,22.622,2026-07-06T05:48:01Z,2026-07-06 05:48,down,74.21916248
31.622,3210.53,2808.28,3701.92,3234.92,11.157,2026-07-06T06:00:04.353Z,22.622,2026-07-06T06:00:04Z,2026-07-06 06:00,down,74.21916248
31.622,3375.52,2965.97,3623.76,3166.29,11.47,2026-07-06T06:12:06.526Z,22.622,2026-07-06T06:12:06Z,2026-07-06 06:12,down,74.21916248
31.622,3308.38,2897.46,3592.18,3132.03,10.966,2026-07-06T06:24:09.137Z,22.622,2026-07-06T06:24:09Z,2026-07-06 06:24,down,74.21916248
31.622,3286.86,2877.43,3728.14,3250.99,10.894,2026-07-06T06:36:12.560Z,22.622,2026-07-06T06:36:12Z,2026-07-06 06:36,down,74.21916248
31.622,3222.4,2831.08,3582.83,3140.14,11.529,2026-07-06T06:48:15.061Z,22.622,2026-07-06T06:48:15Z,2026-07-06 06:48,down,74.21916248
31.622,3224.97,2833.33,3609.72,3152.4,11.134,2026-07-06T07:00:19.016Z,22.622,2026-07-06T07:00:19Z,2026-07-06 07:00,down,74.21916248
31.622,3330.59,2920.87,3639.06,3177.86,10.908,2026-07-06T07:12:22.033Z,22.622,2026-07-06T07:12:22Z,2026-07-06 07:12,down,74.21916248
31.622,3211.73,2817.66,3540.53,3092.92,10.881,2026-07-06T07:24:24.769Z,22.622,2026-07-06T07:24:24Z,2026-07-06 07:24,down,74.21916248
31.622,3232.33,2836.48,3604.05,3149.85,10.902,2026-07-06T07:36:27.207Z,22.622,2026-07-06T07:36:27Z,2026-07-06 07:36,down,74.21916248
31.622,3415.44,3008.97,3749.48,3292.27,11.526,2026-07-06T07:48:30.240Z,22.622,2026-07-06T07:48:30Z,2026-07-06 07:48,down,74.21916248
31.622,3279.83,2884.43,3560.45,3114.86,11.02,2026-07-06T08:00:33.288Z,22.622,2026-07-06T08:00:33Z,2026-07-06 08:00,down,74.21916248
31.622,3225.33,2834.63,3584.9,3135.51,10.882,2026-07-06T08:12:36.899Z,22.622,2026-07-06T08:12:36Z,2026-07-06 08:12,down,74.21916248
31.622,3304.73,2902.99,3565.72,3118.4,10.83,2026-07-06T08:24:40.213Z,22.622,2026-07-06T08:24:40Z,2026-07-06 08:24,down,74.21916248
31.622,3232.46,2840.29,3817.95,3339.42,10.81,2026-07-06T08:36:42.933Z,22.622,2026-07-06T08:36:42Z,2026-07-06 08:36,down,74.21916248
31.622,3448.08,3037.02,3660.37,3216.71,11.33,2026-07-06T08:48:45.591Z,22.622,2026-07-06T08:48:45Z,2026-07-06 08:48,down,74.21916248
31.622,3346.28,2949.51,3725.62,3263.67,11.095,2026-07-06T09:00:48.170Z,22.622,2026-07-06T09:00:48Z,2026-07-06 09:00,down,74.21916248
31.622,3315.19,2915.51,3646.06,3192.84,10.854,2026-07-06T09:12:50.968Z,22.622,2026-07-06T09:12:50Z,2026-07-06 09:12,down,74.21916248
31.622,3279.69,2885.25,3813.94,3340.07,10.802,2026-07-06T09:24:54.188Z,22.622,2026-07-06T09:24:54Z,2026-07-06 09:24,down,74.21916248
31.622,3480.01,3068.01,3711.95,3263.87,11.286,2026-07-06T09:36:57.721Z,22.622,2026-07-06T09:36:57Z,2026-07-06 09:36,down,74.21916248
31.622,3410.6,3011.19,3786.06,3319.7,11.133,2026-07-06T09:49:01.223Z,22.622,2026-07-06T09:49:01Z,2026-07-06 09:49,down,74.21916248
31.622,3380.05,2977.89,3777.6,3311.71,10.876,2026-07-06T10:01:03.896Z,22.622,2026-07-06T10:01:03Z,2026-07-06 10:01,down,74.21916248
31.622,3363.9,2962.44,3762.26,3297.53,10.839,2026-07-06T10:13:07.147Z,22.622,2026-07-06T10:13:07Z,2026-07-06 10:13,down,74.21916248
31.622,3397.17,2991.5,3779.96,3313.25,10.809,2026-07-06T10:25:10.180Z,22.622,2026-07-06T10:25:10Z,2026-07-06 10:25,down,74.21916248
31.622,3362.02,2961.35,3770.54,3305.02,10.8,2026-07-06T10:37:13.478Z,22.622,2026-07-06T10:37:13Z,2026-07-06 10:37,down,74.21916248
31.622,3375.47,2973.82,3769.91,3312.71,11.028,2026-07-06T10:49:17.183Z,22.622,2026-07-06T10:49:17Z,2026-07-06 10:49,down,74.21916248
31.622,3385.3,2994.16,3741.63,3285.43,11.28,2026-07-06T11:01:19.997Z,22.622,2026-07-06T11:01:19Z,2026-07-06 11:01,down,74.21916248
31.622,3352.85,2955.69,3706.54,3250.63,10.896,2026-07-06T11:13:22.686Z,22.622,2026-07-06T11:13:22Z,2026-07-06 11:13,down,74.21916248
31.622,3363.88,2963.2,3783.15,3316.4,10.838,2026-07-06T11:25:26.172Z,22.622,2026-07-06T11:25:26Z,2026-07-06 11:25,down,74.21916248
31.622,3338.39,2940.67,3783.28,3316,10.81,2026-07-06T11:37:29.157Z,22.622,2026-07-06T11:37:29Z,2026-07-06 11:37,down,74.21916248
31.622,3354.46,2956.12,3708.87,3259.1,11.134,2026-07-06T11:49:32.206Z,22.622,2026-07-06T11:49:32Z,2026-07-06 11:49,down,74.21916248
31.622,3380.03,2987.41,3674.8,3222.38,11.241,2026-07-06T12:01:35.223Z,22.622,2026-07-06T12:01:35Z,2026-07-06 12:01,down,74.21916248
31.622,3390.26,2984.62,3769.5,3302.02,10.863,2026-07-06T12:13:38.334Z,22.622,2026-07-06T12:13:38Z,2026-07-06 12:13,down,74.21916248
31.622,3301.67,2905.23,3720.35,3260.01,10.89,2026-07-06T12:25:41.382Z,22.622,2026-07-06T12:25:41Z,2026-07-06 12:25,down,74.21916248
31.622,3371.63,2976.37,3818.32,3356.34,11.474,2026-07-06T12:37:44.696Z,22.622,2026-07-06T12:37:44Z,2026-07-06 12:37,down,74.21916248
31.622,3507.72,3088.63,3677.52,3220.56,10.999,2026-07-06T12:49:48.354Z,22.622,2026-07-06T12:49:48Z,2026-07-06 12:49,down,74.21916248
31.622,3241.84,2849.8,3601.99,3152.12,10.857,2026-07-06T13:01:51.543Z,22.622,2026-07-06T13:01:51Z,2026-07-06 13:01,down,74.21916248
31.622,3382.11,2979.46,3607.13,3169.26,11.402,2026-07-06T13:13:55.013Z,22.622,2026-07-06T13:13:55Z,2026-07-06 13:13,down,74.21916248
31.622,3218.28,2836.77,3723,3260.8,11.196,2026-07-06T13:25:58.734Z,22.622,2026-07-06T13:25:58Z,2026-07-06 13:25,down,74.21916248
31.622,3281.57,2884.19,3535.62,3095.5,10.96,2026-07-06T13:38:01.735Z,22.622,2026-07-06T13:38:01Z,2026-07-06 13:38,down,74.21916248
31.622,3282.31,2893.77,3568.45,3134.91,11.564,2026-07-06T13:50:05.518Z,22.622,2026-07-06T13:50:05Z,2026-07-06 13:50,down,74.21916248
31.622,3181.6,2799.07,3718.64,3251.85,11.094,2026-07-06T14:02:09.395Z,22.622,2026-07-06T14:02:09Z,2026-07-06 14:02,down,74.21916248
31.622,3229.09,2837.95,3549,3113.9,11.393,2026-07-06T14:14:13.100Z,22.622,2026-07-06T14:14:13Z,2026-07-06 14:14,down,74.21916248
31.622,3343.12,2946.44,3617.2,3163.02,11.418,2026-07-06T14:26:15.929Z,22.622,2026-07-06T14:26:15Z,2026-07-06 14:26,down,74.21916248
31.622,3226.96,2830.54,3539.73,3090.67,10.983,2026-07-06T14:38:18.868Z,22.622,2026-07-06T14:38:18Z,2026-07-06 14:38,down,74.21916248
31.622,3337.07,2925.64,3568.92,3125.75,11.261,2026-07-06T14:50:21.666Z,22.622,2026-07-06T14:50:21Z,2026-07-06 14:50,down,74.21916248
31.622,3218.55,2833.77,3739.34,3267.4,11.477,2026-07-06T15:02:24.183Z,22.622,2026-07-06T15:02:24Z,2026-07-06 15:02,down,74.21916248
31.622,3273.75,2868.12,3654.32,3189.37,11.103,2026-07-06T15:14:27.137Z,22.622,2026-07-06T15:14:27Z,2026-07-06 15:14,down,74.21916248
31.622,3412.46,2997.87,3587.92,3141.82,11.711,2026-07-06T15:26:29.701Z,22.622,2026-07-06T15:26:29Z,2026-07-06 15:26,down,74.21916248
31.622,3330.09,2915.03,3735.43,3253.56,11.093,2026-07-06T15:38:33.062Z,22.622,2026-07-06T15:38:33Z,2026-07-06 15:38,down,74.21916248
31.622,3265.76,2856.49,3936.59,3439.54,11.416,2026-07-06T15:50:36.423Z,22.622,2026-07-06T15:50:36Z,2026-07-06 15:50,down,74.21916248
31.622,3406.5,2987.45,3786.03,3294.59,11.471,2026-07-06T16:02:39.502Z,22.622,2026-07-06T16:02:39Z,2026-07-06 16:02,down,74.21916248
31.622,3386.32,2953.57,3775.1,3277.56,11.011,2026-07-06T16:14:43.551Z,22.622,2026-07-06T16:14:43Z,2026-07-06 16:14,down,74.21916248
31.622,3457.59,3010.73,3873.79,3366.25,11.137,2026-07-06T16:26:47.146Z,22.622,2026-07-06T16:26:47Z,2026-07-06 16:26,down,74.21916248
31.622,3457.64,3021.2,3887.72,3380.45,11.664,2026-07-06T16:38:50.288Z,22.622,2026-07-06T16:38:50Z,2026-07-06 16:38,down,74.21916248
31.622,3521.65,3061.53,3863.2,3343.24,11.081,2026-07-06T16:50:53.618Z,22.622,2026-07-06T16:50:53Z,2026-07-06 16:50,down,74.21916248
31.622,3476.44,3015.27,3793.22,3286.21,11.218,2026-07-06T17:02:56.854Z,22.622,2026-07-06T17:02:56Z,2026-07-06 17:02,down,74.21916248
31.622,3487.78,3035.13,3886.79,3364.73,11.659,2026-07-06T17:15:00.465Z,22.622,2026-07-06T17:15:00Z,2026-07-06 17:15,down,74.21916248
31.622,3390.86,2935.62,3732.05,3215.66,11.111,2026-07-06T17:27:03.326Z,22.622,2026-07-06T17:27:03Z,2026-07-06 17:27,down,74.21916248
31.622,3355.49,2900.61,3646.05,3150.21,11.468,2026-07-06T17:39:06.077Z,22.622,2026-07-06T17:39:06Z,2026-07-06 17:39,down,74.21916248
31.622,3283.55,2844.57,3658.53,3145.17,11.499,2026-07-06T17:51:08.515Z,22.622,2026-07-06T17:51:08Z,2026-07-06 17:51,down,74.21916248
31.622,3275.52,2821.26,3509.22,3009.67,11.08,2026-07-06T18:03:11.986Z,22.622,2026-07-06T18:03:11Z,2026-07-06 18:03,down,74.21916248
31.622,3297.84,2838.63,3584.77,3082.66,11.523,2026-07-06T18:15:15.065Z,22.622,2026-07-06T18:15:15Z,2026-07-06 18:15,down,74.21916248
31.622,3131.05,2697.79,3633.5,3110.93,11.434,2026-07-06T18:27:18.379Z,22.622,2026-07-06T18:27:18Z,2026-07-06 18:27,down,74.21916248
31.622,3324.03,2850.71,3741.42,3197.35,11.085,2026-07-06T18:39:22.194Z,22.622,2026-07-06T18:39:22Z,2026-07-06 18:39,down,74.21916248
31.622,3159.23,2710.84,3719.14,3188.56,11.544,2026-07-06T18:51:25.289Z,22.622,2026-07-06T18:51:25Z,2026-07-06 18:51,down,74.21916248
31.622,3357.93,2885.53,3559.7,3038.4,11.453,2026-07-06T19:03:28.744Z,22.622,2026-07-06T19:03:28Z,2026-07-06 19:03,down,74.21916248
31.622,3337.35,2854.77,3670.86,3128.63,11.093,2026-07-06T19:15:31.557Z,22.622,2026-07-06T19:15:31Z,2026-07-06 19:15,down,74.21916248
31.622,3233.18,2765.06,3367.95,2879.18,11.458,2026-07-06T19:27:35.012Z,22.622,2026-07-06T19:27:35Z,2026-07-06 19:27,down,74.21916248
31.622,3472.41,2978.33,3634.72,3098.59,11.57,2026-07-06T19:39:38.342Z,22.622,2026-07-06T19:39:38Z,2026-07-06 19:39,down,74.21916248
31.622,3267.98,2789.86,3556.97,3026.69,11.116,2026-07-06T19:51:42.203Z,22.622,2026-07-06T19:51:42Z,2026-07-06 19:51,down,74.21916248
31.622,3372.76,2887.85,3585.2,3062.59,11.774,2026-07-06T20:03:44.845Z,22.622,2026-07-06T20:03:44Z,2026-07-06 20:03,down,74.21916248
31.622,3273.03,2796.55,3574.33,3037.49,11.333,2026-07-06T20:15:47.752Z,22.622,2026-07-06T20:15:47Z,2026-07-06 20:15,down,74.21916248
31.622,3261.76,2778.39,3846.89,3267.54,11.144,2026-07-06T20:27:50.504Z,22.622,2026-07-06T20:27:50Z,2026-07-06 20:27,down,74.21916248
31.622,3336.8,2851.33,3518.11,3000,11.804,2026-07-06T20:39:53.677Z,22.622,2026-07-06T20:39:53Z,2026-07-06 20:39,down,74.21916248
31.622,3392.13,2890.73,3725.65,3160.61,11.274,2026-07-06T20:51:56.709Z,22.622,2026-07-06T20:51:56Z,2026-07-06 20:51,down,74.21916248
31.622,3223.59,2743.16,3445.83,2932.15,11.524,2026-07-06T21:04:00.023Z,22.622,2026-07-06T21:04:00Z,2026-07-06 21:04,down,74.21916248
31.622,3298.07,2815.87,3763.88,3192.03,11.609,2026-07-06T21:16:02.259Z,22.622,2026-07-06T21:16:02Z,2026-07-06 21:16,down,74.21916248
31.622,3218.89,2734.95,3565.16,3021.67,11.242,2026-07-06T21:28:05.870Z,22.622,2026-07-06T21:28:05Z,2026-07-06 21:28,down,74.21916248
31.622,3404.15,2902.65,3687.8,3134.57,11.87,2026-07-06T21:40:09.340Z,22.622,2026-07-06T21:40:09Z,2026-07-06 21:40,down,74.21916248
31.622,3436.12,2917.38,3555.4,3006.85,11.211,2026-07-06T21:52:11.810Z,22.622,2026-07-06T21:52:11Z,2026-07-06 21:52,down,74.21916248
31.622,3346.38,2844.46,3657.78,3106.8,11.733,2026-07-06T22:04:15.312Z,22.622,2026-07-06T22:04:15Z,2026-07-06 22:04,down,74.21916248
31.622,3200.69,2721.88,3564.12,3012.72,11.467,2026-07-06T22:16:18.235Z,22.622,2026-07-06T22:16:18Z,2026-07-06 22:16,down,74.21916248
31.622,3304.98,2798.05,3748.29,3167.89,11.261,2026-07-06T22:28:21.580Z,22.622,2026-07-06T22:28:21Z,2026-07-06 22:28,down,74.21916248
31.622,3353.09,2848.31,3616.92,3061.67,11.842,2026-07-06T22:40:24.910Z,22.622,2026-07-06T22:40:24Z,2026-07-06 22:40,down,74.21916248
31.622,3266.71,2760.69,3728.91,3139.66,11.2,2026-07-06T22:52:28.099Z,22.622,2026-07-06T22:52:28Z,2026-07-06 22:52,down,74.21916248
47.128,3278.7,2783.79,3662.54,3105.89,11.112,2026-07-06T00:10:30.795Z,38.128,2026-07-06T00:10:30Z,2026-07-06 00:10,down,125.09186752
47.128,3336.02,2834.31,3690,3133.28,11.07,2026-07-06T00:22:33.874Z,38.128,2026-07-06T00:22:33Z,2026-07-06 00:22,down,125.09186752
47.128,3330.4,2836.05,3754.29,3192.74,11.181,2026-07-06T00:34:37.032Z,38.128,2026-07-06T00:34:37Z,2026-07-06 00:34,down,125.09186752
47.128,3383.67,2882.93,3667.02,3120.17,11.044,2026-07-06T00:46:41.268Z,38.128,2026-07-06T00:46:41Z,2026-07-06 00:46,down,125.09186752
47.128,3261.7,2782.42,3709.78,3163.1,11.025,2026-07-06T00:58:43.973Z,38.128,2026-07-06T00:58:43Z,2026-07-06 00:58,down,125.09186752
47.128,3382.19,2892.97,3631.16,3102.48,11.195,2026-07-06T01:10:47.787Z,38.128,2026-07-06T01:10:47Z,2026-07-06 01:10,down,125.09186752
47.128,3380.29,2892.94,3759.34,3213.48,11.062,2026-07-06T01:22:50.710Z,38.128,2026-07-06T01:22:50Z,2026-07-06 01:22,down,125.09186752
47.128,3258.79,2791.58,3776.05,3230.56,10.953,2026-07-06T01:34:53.665Z,38.128,2026-07-06T01:34:53Z,2026-07-06 01:34,down,125.09186752
47.128,3329.91,2856.66,3724.47,3193.62,11.063,2026-07-06T01:46:57.197Z,38.128,2026-07-06T01:46:57Z,2026-07-06 01:46,down,125.09186752
47.128,3345.15,2878.9,3603.21,3093.16,11.153,2026-07-06T01:59:00.511Z,38.128,2026-07-06T01:59:00Z,2026-07-06 01:59,down,125.09186752
47.128,3427.92,2949.42,3703.5,3180.58,10.986,2026-07-06T02:11:04.185Z,38.128,2026-07-06T02:11:04Z,2026-07-06 02:11,down,125.09186752
47.128,3439.64,2962.6,3804.99,3274,11.007,2026-07-06T02:23:07.390Z,38.128,2026-07-06T02:23:07Z,2026-07-06 02:23,down,125.09186752
47.128,3367.36,2908.37,3828.42,3299.12,11.179,2026-07-06T02:35:10.500Z,38.128,2026-07-06T02:35:10Z,2026-07-06 02:35,down,125.09186752
47.128,3400.48,2935.72,3899.47,3360.93,10.986,2026-07-06T02:47:13.705Z,38.128,2026-07-06T02:47:13Z,2026-07-06 02:47,down,125.09186752
47.128,3511.11,3032.56,4033.08,3479.79,10.927,2026-07-06T02:59:16.425Z,38.128,2026-07-06T02:59:16Z,2026-07-06 02:59,down,125.09186752
47.128,3483.02,3014.68,3820.87,3304.53,11.17,2026-07-06T03:11:19.067Z,38.128,2026-07-06T03:11:19Z,2026-07-06 03:11,down,125.09186752
47.128,3513.91,3043.9,3914.97,3384.11,11.008,2026-07-06T03:23:23.022Z,38.128,2026-07-06T03:23:23Z,2026-07-06 03:23,down,125.09186752
47.128,3401.65,2948.13,3872.55,3349.39,10.957,2026-07-06T03:35:26.273Z,38.128,2026-07-06T03:35:26Z,2026-07-06 03:35,down,125.09186752
47.128,3395.86,2945.05,3883.08,3363.28,10.983,2026-07-06T03:47:30.119Z,38.128,2026-07-06T03:47:30Z,2026-07-06 03:47,down,125.09186752
47.128,3287.97,2857.77,3804.83,3298.39,11.108,2026-07-06T03:59:33.652Z,38.128,2026-07-06T03:59:33Z,2026-07-06 03:59,down,125.09186752
47.128,3535.45,3071.44,3807.55,3301.32,10.954,2026-07-06T04:11:36.309Z,38.128,2026-07-06T04:11:36Z,2026-07-06 04:11,down,125.09186752
47.128,3306.55,2874.2,3782.51,3281.2,10.891,2026-07-06T04:23:39.404Z,38.128,2026-07-06T04:23:39Z,2026-07-06 04:23,down,125.09186752
47.128,3318.83,2887.1,3695.02,3210.56,11.01,2026-07-06T04:35:42.875Z,38.128,2026-07-06T04:35:42Z,2026-07-06 04:35,down,125.09186752
47.128,3384.31,2949.62,3798.95,3301.73,11.037,2026-07-06T04:47:45.767Z,38.128,2026-07-06T04:47:45Z,2026-07-06 04:47,down,125.09186752
47.128,3379.97,2944.4,3770.33,3276.69,10.908,2026-07-06T04:59:48.002Z,38.128,2026-07-06T04:59:48Z,2026-07-06 04:59,down,125.09186752
47.128,3434.67,2993.04,3810.93,3316.06,10.906,2026-07-06T05:11:51.050Z,38.128,2026-07-06T05:11:51Z,2026-07-06 05:11,down,125.09186752
47.128,3212.18,2804.03,3649.02,3178.18,11.033,2026-07-06T05:23:54.896Z,38.128,2026-07-06T05:23:54Z,2026-07-06 05:23,down,125.09186752
47.128,3341.72,2918.09,3832.65,3338.99,10.948,2026-07-06T05:35:58.366Z,38.128,2026-07-06T05:35:58Z,2026-07-06 05:35,down,125.09186752
47.128,3255.34,2842.83,3624.46,3157.65,10.877,2026-07-06T05:48:01.602Z,38.128,2026-07-06T05:48:01Z,2026-07-06 05:48,down,125.09186752
47.128,3188.83,2786.52,3722.05,3245.32,10.889,2026-07-06T06:00:04.353Z,38.128,2026-07-06T06:00:04Z,2026-07-06 06:00,down,125.09186752
47.128,3351.33,2930.75,3646.52,3183.31,10.997,2026-07-06T06:12:06.526Z,38.128,2026-07-06T06:12:06Z,2026-07-06 06:12,down,125.09186752
47.128,3288.17,2876.42,3615.73,3154.26,10.914,2026-07-06T06:24:09.137Z,38.128,2026-07-06T06:24:09Z,2026-07-06 06:24,down,125.09186752
47.128,3266.75,2856.97,3752.35,3274.24,10.864,2026-07-06T06:36:12.560Z,38.128,2026-07-06T06:36:12Z,2026-07-06 06:36,down,125.09186752
47.128,3201.66,2801.71,3602.53,3146.21,10.898,2026-07-06T06:48:15.061Z,38.128,2026-07-06T06:48:15Z,2026-07-06 06:48,down,125.09186752
47.128,3204.54,2809.34,3633.34,3174.06,10.982,2026-07-06T07:00:19.016Z,38.128,2026-07-06T07:00:19Z,2026-07-06 07:00,down,125.09186752
47.128,3314.21,2903.76,3666.05,3203.38,10.88,2026-07-06T07:12:22.033Z,38.128,2026-07-06T07:12:22Z,2026-07-06 07:12,down,125.09186752
47.128,3190.42,2796.24,3567.37,3118.21,10.849,2026-07-06T07:24:24.769Z,38.128,2026-07-06T07:24:24Z,2026-07-06 07:24,down,125.09186752
47.128,3209.44,2814.25,3629.01,3172.47,10.86,2026-07-06T07:36:27.207Z,38.128,2026-07-06T07:36:27Z,2026-07-06 07:36,down,125.09186752
47.128,3389.17,2973.99,3769.91,3298.95,10.908,2026-07-06T07:48:30.240Z,38.128,2026-07-06T07:48:30Z,2026-07-06 07:48,down,125.09186752
47.128,3258.07,2861.64,3585.62,3138.14,10.947,2026-07-06T08:00:33.288Z,38.128,2026-07-06T08:00:33Z,2026-07-06 08:00,down,125.09186752
47.128,3207.16,2815.91,3609.38,3159.2,10.861,2026-07-06T08:12:36.899Z,38.128,2026-07-06T08:12:36Z,2026-07-06 08:12,down,125.09186752
47.128,3284.33,2883.04,3588.59,3140.66,10.832,2026-07-06T08:24:40.213Z,38.128,2026-07-06T08:24:40Z,2026-07-06 08:24,down,125.09186752
47.128,3212.51,2820.53,3841.18,3362.23,10.806,2026-07-06T08:36:42.933Z,38.128,2026-07-06T08:36:42Z,2026-07-06 08:36,down,125.09186752
47.128,3426.14,3009.64,3680.64,3224.7,10.851,2026-07-06T08:48:45.591Z,38.128,2026-07-06T08:48:45Z,2026-07-06 08:48,down,125.09186752
47.128,3325.78,2924.29,3750.83,3286.63,10.913,2026-07-06T09:00:48.170Z,38.128,2026-07-06T09:00:48Z,2026-07-06 09:00,down,125.09186752
47.128,3295.62,2896.26,3670.26,3215.87,10.843,2026-07-06T09:12:50.968Z,38.128,2026-07-06T09:12:50Z,2026-07-06 09:12,down,125.09186752
47.128,3257.44,2863.6,3838.69,3364.08,10.799,2026-07-06T09:24:54.188Z,38.128,2026-07-06T09:24:54Z,2026-07-06 09:24,down,125.09186752
47.128,3456.1,3039.58,3730.86,3270.76,10.835,2026-07-06T09:36:57.721Z,38.128,2026-07-06T09:36:57Z,2026-07-06 09:36,down,125.09186752
47.128,3386,2980.65,3814.5,3346.45,10.931,2026-07-06T09:49:01.223Z,38.128,2026-07-06T09:49:01Z,2026-07-06 09:49,down,125.09186752
47.128,3359.57,2957.1,3804.28,3337.41,10.857,2026-07-06T10:01:03.896Z,38.128,2026-07-06T10:01:03Z,2026-07-06 10:01,down,125.09186752
47.128,3344.51,2943.08,3790.79,3324.94,10.835,2026-07-06T10:13:07.147Z,38.128,2026-07-06T10:13:07Z,2026-07-06 10:13,down,125.09186752
47.128,3378.39,2972.75,3805.8,3337.97,10.799,2026-07-06T10:25:10.180Z,38.128,2026-07-06T10:25:10Z,2026-07-06 10:25,down,125.09186752
47.128,3343.25,2942.62,3796.31,3330,10.798,2026-07-06T10:37:13.478Z,38.128,2026-07-06T10:37:13Z,2026-07-06 10:37,down,125.09186752
47.128,3355.81,2953.68,3794.58,3329.09,10.815,2026-07-06T10:49:17.183Z,38.128,2026-07-06T10:49:17Z,2026-07-06 10:49,down,125.09186752
47.128,3363.59,2961.82,3764.04,3305.14,10.91,2026-07-06T11:01:19.997Z,38.128,2026-07-06T11:01:19Z,2026-07-06 11:01,down,125.09186752
47.128,3334.44,2936.58,3731.34,3274.17,10.86,2026-07-06T11:13:22.686Z,38.128,2026-07-06T11:13:22Z,2026-07-06 11:13,down,125.09186752
47.128,3344.91,2943.66,3809.34,3341.77,10.818,2026-07-06T11:25:26.172Z,38.128,2026-07-06T11:25:26Z,2026-07-06 11:25,down,125.09186752
47.128,3318.63,2921.34,3812.32,3343.67,10.81,2026-07-06T11:37:29.157Z,38.128,2026-07-06T11:37:29Z,2026-07-06 11:37,down,125.09186752
47.128,3334.24,2933.97,3730.38,3270.8,10.826,2026-07-06T11:49:32.206Z,38.128,2026-07-06T11:49:32Z,2026-07-06 11:49,down,125.09186752
47.128,3355.63,2952.67,3698.71,3244.41,10.896,2026-07-06T12:01:35.223Z,38.128,2026-07-06T12:01:35Z,2026-07-06 12:01,down,125.09186752
47.128,3368.26,2962.74,3793.7,3325.46,10.849,2026-07-06T12:13:38.334Z,38.128,2026-07-06T12:13:38Z,2026-07-06 12:13,down,125.09186752
47.128,3278.58,2882.96,3743.69,3281.29,10.855,2026-07-06T12:25:41.382Z,38.128,2026-07-06T12:25:41Z,2026-07-06 12:25,down,125.09186752
47.128,3346.94,2942.41,3840.27,3365.76,10.883,2026-07-06T12:37:44.696Z,38.128,2026-07-06T12:37:44Z,2026-07-06 12:37,down,125.09186752
47.128,3486.13,3066.04,3701.21,3243.35,10.954,2026-07-06T12:49:48.354Z,38.128,2026-07-06T12:49:48Z,2026-07-06 12:49,down,125.09186752
47.128,3223.99,2832.33,3627.52,3176.8,10.867,2026-07-06T13:01:51.543Z,38.128,2026-07-06T13:01:51Z,2026-07-06 13:01,down,125.09186752
47.128,3360.05,2951.16,3629.7,3179.46,10.897,2026-07-06T13:13:55.013Z,38.128,2026-07-06T13:13:55Z,2026-07-06 13:13,down,125.09186752
47.128,3195.96,2809.05,3749.95,3285.45,10.984,2026-07-06T13:25:58.734Z,38.128,2026-07-06T13:25:58Z,2026-07-06 13:25,down,125.09186752
47.128,3260.12,2862.6,3558.08,3115.65,10.893,2026-07-06T13:38:01.735Z,38.128,2026-07-06T13:38:01Z,2026-07-06 13:38,down,125.09186752
47.128,3259.32,2861.51,3588.47,3143.08,10.963,2026-07-06T13:50:05.518Z,38.128,2026-07-06T13:50:05Z,2026-07-06 13:50,down,125.09186752
47.128,3162.72,2777.17,3745.07,3276.21,10.966,2026-07-06T14:02:09.395Z,38.128,2026-07-06T14:02:09Z,2026-07-06 14:02,down,125.09186752
47.128,3207.27,2813.07,3569.12,3122.45,10.979,2026-07-06T14:14:13.100Z,38.128,2026-07-06T14:14:13Z,2026-07-06 14:14,down,125.09186752
47.128,3319.63,2912.55,3645.65,3187.67,11.033,2026-07-06T14:26:15.929Z,38.128,2026-07-06T14:26:15Z,2026-07-06 14:26,down,125.09186752
47.128,3208.79,2811.75,3566.26,3115.41,10.941,2026-07-06T14:38:18.868Z,38.128,2026-07-06T14:38:18Z,2026-07-06 14:38,down,125.09186752
47.128,3316.09,2903.13,3587.35,3133.35,10.915,2026-07-06T14:50:21.666Z,38.128,2026-07-06T14:50:21Z,2026-07-06 14:50,down,125.09186752
47.128,3194.73,2798.46,3766.71,3290.79,11.035,2026-07-06T15:02:24.183Z,38.128,2026-07-06T15:02:24Z,2026-07-06 15:02,down,125.09186752
47.128,3257.65,2850.64,3678.94,3209.71,10.974,2026-07-06T15:14:27.137Z,38.128,2026-07-06T15:14:27Z,2026-07-06 15:14,down,125.09186752
47.128,3386.78,2961.87,3608.77,3148.96,11.036,2026-07-06T15:26:29.701Z,38.128,2026-07-06T15:26:29Z,2026-07-06 15:26,down,125.09186752
47.128,3309.63,2893.61,3759.62,3275.88,11.024,2026-07-06T15:38:33.062Z,38.128,2026-07-06T15:38:33Z,2026-07-06 15:38,down,125.09186752
47.128,3245.47,2833.31,3956.4,3445.73,10.986,2026-07-06T15:50:36.423Z,38.128,2026-07-06T15:50:36Z,2026-07-06 15:50,down,125.09186752
47.128,3382.68,2952.03,3812.27,3317.46,11.06,2026-07-06T16:02:39.502Z,38.128,2026-07-06T16:02:39Z,2026-07-06 16:02,down,125.09186752
47.128,3365.45,2932.41,3799.97,3301.39,10.983,2026-07-06T16:14:43.551Z,38.128,2026-07-06T16:14:43Z,2026-07-06 16:14,down,125.09186752
47.128,3436.34,2989.87,3896.07,3381.5,10.969,2026-07-06T16:26:47.146Z,38.128,2026-07-06T16:26:47Z,2026-07-06 16:26,down,125.09186752
47.128,3431.26,2983.48,3912.78,3395.13,11.078,2026-07-06T16:38:50.288Z,38.128,2026-07-06T16:38:50Z,2026-07-06 16:38,down,125.09186752
47.128,3501.21,3039.98,3887.16,3365.65,11.018,2026-07-06T16:50:53.618Z,38.128,2026-07-06T16:50:53Z,2026-07-06 16:50,down,125.09186752
47.128,3454.81,2994,3815.67,3299.37,10.988,2026-07-06T17:02:56.854Z,38.128,2026-07-06T17:02:56Z,2026-07-06 17:02,down,125.09186752
47.128,3463.69,2998.96,3911.72,3381.1,11.105,2026-07-06T17:15:00.465Z,38.128,2026-07-06T17:15:00Z,2026-07-06 17:15,down,125.09186752
47.128,3371.3,2915,3755.21,3237.51,11.055,2026-07-06T17:27:03.326Z,38.128,2026-07-06T17:27:03Z,2026-07-06 17:27,down,125.09186752
47.128,3334.63,2876.8,3665.7,3156.79,11.025,2026-07-06T17:39:06.077Z,38.128,2026-07-06T17:39:06Z,2026-07-06 17:39,down,125.09186752
47.128,3260.12,2811.03,3681.6,3165.91,11.129,2026-07-06T17:51:08.515Z,38.128,2026-07-06T17:51:08Z,2026-07-06 17:51,down,125.09186752
47.128,3256.73,2802.26,3535.68,3034.14,11.045,2026-07-06T18:03:11.986Z,38.128,2026-07-06T18:03:11Z,2026-07-06 18:03,down,125.09186752
47.128,3275.17,2812.21,3604.2,3089.31,11.044,2026-07-06T18:15:15.065Z,38.128,2026-07-06T18:15:15Z,2026-07-06 18:15,down,125.09186752
47.128,3109.09,2668.42,3658.51,3133.54,11.138,2026-07-06T18:27:18.379Z,38.128,2026-07-06T18:27:18Z,2026-07-06 18:27,down,125.09186752
47.128,3302.16,2829.33,3764.51,3218.54,11.045,2026-07-06T18:39:22.194Z,38.128,2026-07-06T18:39:22Z,2026-07-06 18:39,down,125.09186752
47.128,3139.42,2686.87,3740.45,3196.14,11.046,2026-07-06T18:51:25.289Z,38.128,2026-07-06T18:51:25Z,2026-07-06 18:51,down,125.09186752
47.128,3334.88,2854.61,3585.96,3061.63,11.15,2026-07-06T19:03:28.744Z,38.128,2026-07-06T19:03:28Z,2026-07-06 19:03,down,125.09186752
47.128,3317.88,2835.31,3696.27,3151.85,11.052,2026-07-06T19:15:31.557Z,38.128,2026-07-06T19:15:31Z,2026-07-06 19:15,down,125.09186752
47.128,3211.26,2741.29,3387.17,2886.47,11.039,2026-07-06T19:27:35.012Z,38.128,2026-07-06T19:27:35Z,2026-07-06 19:27,down,125.09186752
47.128,3447.75,2942.87,3657.52,3117.55,11.151,2026-07-06T19:39:38.342Z,38.128,2026-07-06T19:39:38Z,2026-07-06 19:39,down,125.09186752
47.128,3247.87,2769.98,3578.63,3046.13,11.062,2026-07-06T19:51:42.203Z,38.128,2026-07-06T19:51:42Z,2026-07-06 19:51,down,125.09186752
47.128,3348.87,2855.69,3602.31,3066.06,11.126,2026-07-06T20:03:44.845Z,38.128,2026-07-06T20:03:44Z,2026-07-06 20:03,down,125.09186752
47.128,3250.48,2770.53,3600.25,3060.93,11.168,2026-07-06T20:15:47.752Z,38.128,2026-07-06T20:15:47Z,2026-07-06 20:15,down,125.09186752
47.128,3243.03,2760.6,3871.35,3288.56,11.094,2026-07-06T20:27:50.504Z,38.128,2026-07-06T20:27:50Z,2026-07-06 20:27,down,125.09186752
47.128,3314.51,2820.28,3537.91,3005.2,11.122,2026-07-06T20:39:53.677Z,38.128,2026-07-06T20:39:53Z,2026-07-06 20:39,down,125.09186752
47.128,3371.35,2867.88,3750.84,3183.55,11.165,2026-07-06T20:51:56.709Z,38.128,2026-07-06T20:51:56Z,2026-07-06 20:51,down,125.09186752
47.128,3202.89,2720.74,3464.5,2938.44,11.103,2026-07-06T21:04:00.023Z,38.128,2026-07-06T21:04:00Z,2026-07-06 21:04,down,125.09186752
47.128,3273.89,2781.42,3790.43,3214.47,11.192,2026-07-06T21:16:02.259Z,38.128,2026-07-06T21:16:02Z,2026-07-06 21:16,down,125.09186752
47.128,3197.93,2714.63,3588.26,3039.21,11.108,2026-07-06T21:28:05.870Z,38.128,2026-07-06T21:28:05Z,2026-07-06 21:28,down,125.09186752
47.128,3378.02,2866.38,3710.02,3143.14,11.186,2026-07-06T21:40:09.340Z,38.128,2026-07-06T21:40:09Z,2026-07-06 21:40,down,125.09186752
47.128,3415.5,2896.37,3579.57,3028.73,11.149,2026-07-06T21:52:11.810Z,38.128,2026-07-06T21:52:11Z,2026-07-06 21:52,down,125.09186752
47.128,3323.27,2815.5,3675.99,3110.7,11.144,2026-07-06T22:04:15.312Z,38.128,2026-07-06T22:04:15Z,2026-07-06 22:04,down,125.09186752
47.128,3180.05,2695.09,3588.91,3034.02,11.19,2026-07-06T22:16:18.235Z,38.128,2026-07-06T22:16:18Z,2026-07-06 22:16,down,125.09186752
47.128,3288.36,2781.76,3772.47,3185.12,11.11,2026-07-06T22:28:21.580Z,38.128,2026-07-06T22:28:21Z,2026-07-06 22:28,down,125.09186752
47.128,3329.63,2814.31,3634.84,3067.97,11.181,2026-07-06T22:40:24.910Z,38.128,2026-07-06T22:40:24Z,2026-07-06 22:40,down,125.09186752
47.128,3244.98,2739.15,3754.77,3162.38,11.128,2026-07-06T22:52:28.099Z,38.128,2026-07-06T22:52:28Z,2026-07-06 22:52,down,125.09186752
62.38,3260.28,2766.19,3688.66,3130.89,11.129,2026-07-06T00:10:30.795Z,53.38,2026-07-06T00:10:30Z,2026-07-06 00:10,down,175.1312392
62.38,3315.63,2817.32,3718.36,3164.45,11.268,2026-07-06T00:22:33.874Z,53.38,2026-07-06T00:22:33Z,2026-07-06 00:22,down,175.1312392
62.38,3310.83,2820.43,3780.05,3216.86,11.27,2026-07-06T00:34:37.032Z,53.38,2026-07-06T00:34:37Z,2026-07-06 00:34,down,175.1312392
62.38,3366.6,2866.8,3695.55,3147.47,11.079,2026-07-06T00:46:41.268Z,53.38,2026-07-06T00:46:41Z,2026-07-06 00:46,down,175.1312392
62.38,3245.42,2767.65,3738.62,3194.32,11.172,2026-07-06T00:58:43.973Z,53.38,2026-07-06T00:58:43Z,2026-07-06 00:58,down,175.1312392
62.38,3363.48,2877.73,3659.07,3128.25,11.269,2026-07-06T01:10:47.787Z,53.38,2026-07-06T01:10:47Z,2026-07-06 01:10,down,175.1312392
62.38,3358.56,2872.42,3784.25,3236.94,11.062,2026-07-06T01:22:50.710Z,53.38,2026-07-06T01:22:50Z,2026-07-06 01:22,down,175.1312392
62.38,3240.91,2774.99,3802.28,3255.98,10.991,2026-07-06T01:34:53.665Z,53.38,2026-07-06T01:34:53Z,2026-07-06 01:34,down,175.1312392
62.38,3314.5,2845.01,3748.11,3219.16,11.246,2026-07-06T01:46:57.197Z,53.38,2026-07-06T01:46:57Z,2026-07-06 01:46,down,175.1312392
62.38,3326.45,2860.45,3629.66,3118.66,11.159,2026-07-06T01:59:00.511Z,53.38,2026-07-06T01:59:00Z,2026-07-06 01:59,down,175.1312392
62.38,3411.04,2933.1,3733.42,3209.12,11.009,2026-07-06T02:11:04.185Z,53.38,2026-07-06T02:11:04Z,2026-07-06 02:11,down,175.1312392
62.38,3420.45,2945.66,3834.58,3305.19,11.141,2026-07-06T02:23:07.390Z,53.38,2026-07-06T02:23:07Z,2026-07-06 02:23,down,175.1312392
62.38,3347.15,2890.16,3857.83,3326.41,11.206,2026-07-06T02:35:10.500Z,53.38,2026-07-06T02:35:10Z,2026-07-06 02:35,down,175.1312392
62.38,3384.51,2919.9,3926.64,3387.33,11.001,2026-07-06T02:47:13.705Z,53.38,2026-07-06T02:47:13Z,2026-07-06 02:47,down,175.1312392
62.38,3489.47,3012.46,4067.12,3514.81,11.022,2026-07-06T02:59:16.425Z,53.38,2026-07-06T02:59:16Z,2026-07-06 02:59,down,175.1312392
62.38,3461.49,2996.44,3846.79,3329.55,11.247,2026-07-06T03:11:19.067Z,53.38,2026-07-06T03:11:19Z,2026-07-06 03:11,down,175.1312392
62.38,3490.04,3021.3,3943.25,3412.15,11.043,2026-07-06T03:23:23.022Z,53.38,2026-07-06T03:23:23Z,2026-07-06 03:23,down,175.1312392
62.38,3381.15,2928.71,3898.31,3374.98,10.992,2026-07-06T03:35:26.273Z,53.38,2026-07-06T03:35:26Z,2026-07-06 03:35,down,175.1312392
62.38,3376.76,2928.76,3911.68,3395.05,11.163,2026-07-06T03:47:30.119Z,53.38,2026-07-06T03:47:30Z,2026-07-06 03:47,down,175.1312392
62.38,3269.85,2840.57,3833.04,3324.63,11.11,2026-07-06T03:59:33.652Z,53.38,2026-07-06T03:59:33Z,2026-07-06 03:59,down,175.1312392
62.38,3517.21,3053.99,3834.07,3327.41,10.988,2026-07-06T04:11:36.309Z,53.38,2026-07-06T04:11:36Z,2026-07-06 04:11,down,175.1312392
62.38,3286.39,2855.45,3811.44,3310.43,10.96,2026-07-06T04:23:39.404Z,53.38,2026-07-06T04:23:39Z,2026-07-06 04:23,down,175.1312392
62.38,3298.48,2871.27,3724.5,3242.26,11.223,2026-07-06T04:35:42.875Z,53.38,2026-07-06T04:35:42Z,2026-07-06 04:35,down,175.1312392
62.38,3366.23,2931.44,3822.92,3325.21,11.034,2026-07-06T04:47:45.767Z,53.38,2026-07-06T04:47:45Z,2026-07-06 04:47,down,175.1312392
62.38,3363.11,2928.03,3798.24,3304.29,10.945,2026-07-06T04:59:48.002Z,53.38,2026-07-06T04:59:48Z,2026-07-06 04:59,down,175.1312392
62.38,3418.2,2978.27,3837.75,3347.07,11.087,2026-07-06T05:11:51.050Z,53.38,2026-07-06T05:11:51Z,2026-07-06 05:11,down,175.1312392
62.38,3194.21,2790.62,3676.49,3204.57,11.166,2026-07-06T05:23:54.896Z,53.38,2026-07-06T05:23:54Z,2026-07-06 05:23,down,175.1312392
62.38,3325.68,2902.48,3861.31,3366.87,10.974,2026-07-06T05:35:58.366Z,53.38,2026-07-06T05:35:58Z,2026-07-06 05:35,down,175.1312392
62.38,3235.47,2823.94,3645.03,3178.61,10.911,2026-07-06T05:48:01.602Z,53.38,2026-07-06T05:48:01Z,2026-07-06 05:48,down,175.1312392
62.38,3174.95,2773.66,3754.45,3280.92,11.054,2026-07-06T06:00:04.353Z,53.38,2026-07-06T06:00:04Z,2026-07-06 06:00,down,175.1312392
62.38,3332.44,2917.24,3673.38,3209.46,11.154,2026-07-06T06:12:06.526Z,53.38,2026-07-06T06:12:06Z,2026-07-06 06:12,down,175.1312392
62.38,3271.6,2860.6,3639.76,3178.31,10.956,2026-07-06T06:24:09.137Z,53.38,2026-07-06T06:24:09Z,2026-07-06 06:24,down,175.1312392
62.38,3250.19,2841.13,3780.36,3301.77,10.903,2026-07-06T06:36:12.560Z,53.38,2026-07-06T06:36:12Z,2026-07-06 06:36,down,175.1312392
62.38,3183.29,2788.25,3629.33,3177.69,11.19,2026-07-06T06:48:15.061Z,53.38,2026-07-06T06:48:15Z,2026-07-06 06:48,down,175.1312392
62.38,3187.27,2792.08,3657.74,3198.42,10.997,2026-07-06T07:00:19.016Z,53.38,2026-07-06T07:00:19Z,2026-07-06 07:00,down,175.1312392
62.38,3293.3,2883.94,3692.57,3229.41,10.911,2026-07-06T07:12:22.033Z,53.38,2026-07-06T07:12:22Z,2026-07-06 07:12,down,175.1312392
62.38,3172.23,2778.53,3590.86,3141.5,10.87,2026-07-06T07:24:24.769Z,53.38,2026-07-06T07:24:24Z,2026-07-06 07:24,down,175.1312392
62.38,3196.33,2801,3654.66,3198.96,10.913,2026-07-06T07:36:27.207Z,53.38,2026-07-06T07:36:27Z,2026-07-06 07:36,down,175.1312392
62.38,3367.69,2957.37,3801.81,3334.91,11.173,2026-07-06T07:48:30.240Z,53.38,2026-07-06T07:48:30Z,2026-07-06 07:48,down,175.1312392
62.38,3239.88,2843.08,3613.41,3165.24,10.944,2026-07-06T08:00:33.288Z,53.38,2026-07-06T08:00:33Z,2026-07-06 08:00,down,175.1312392
62.38,3191.91,2800.46,3635.13,3184.61,10.875,2026-07-06T08:12:36.899Z,53.38,2026-07-06T08:12:36Z,2026-07-06 08:12,down,175.1312392
62.38,3266.38,2865.78,3616.81,3168.04,10.859,2026-07-06T08:24:40.213Z,53.38,2026-07-06T08:24:40Z,2026-07-06 08:24,down,175.1312392
62.38,3196.48,2804.89,3870.65,3391.14,10.836,2026-07-06T08:36:42.933Z,53.38,2026-07-06T08:36:42Z,2026-07-06 08:36,down,175.1312392
62.38,3409.86,2996.65,3709.45,3257.69,11.087,2026-07-06T08:48:45.591Z,53.38,2026-07-06T08:48:45Z,2026-07-06 08:48,down,175.1312392
62.38,3309.9,2909.71,3776.95,3312.33,10.967,2026-07-06T09:00:48.170Z,53.38,2026-07-06T09:00:48Z,2026-07-06 09:00,down,175.1312392
62.38,3271.89,2873.76,3693.95,3239.76,10.875,2026-07-06T09:12:50.968Z,53.38,2026-07-06T09:12:50Z,2026-07-06 09:12,down,175.1312392
62.38,3236.47,2843.75,3867.73,3392.99,10.843,2026-07-06T09:24:54.188Z,53.38,2026-07-06T09:24:54Z,2026-07-06 09:24,down,175.1312392
62.38,3437.61,3024.32,3759.53,3303.82,11.064,2026-07-06T09:36:57.721Z,53.38,2026-07-06T09:36:57Z,2026-07-06 09:36,down,175.1312392
62.38,3367.33,2964.17,3843.29,3374.35,10.995,2026-07-06T09:49:01.223Z,53.38,2026-07-06T09:49:01Z,2026-07-06 09:49,down,175.1312392
62.38,3338.85,2936.84,3831.06,3364.1,10.879,2026-07-06T10:01:03.896Z,53.38,2026-07-06T10:01:03Z,2026-07-06 10:01,down,175.1312392
62.38,3325.96,2924.91,3814.9,3349.4,10.865,2026-07-06T10:13:07.147Z,53.38,2026-07-06T10:13:07Z,2026-07-06 10:13,down,175.1312392
62.38,3360.71,2956.08,3830.92,3363.71,10.86,2026-07-06T10:25:10.180Z,53.38,2026-07-06T10:25:10Z,2026-07-06 10:25,down,175.1312392
62.38,3326.5,2926.61,3820.71,3354.75,10.845,2026-07-06T10:37:13.478Z,53.38,2026-07-06T10:37:13Z,2026-07-06 10:37,down,175.1312392
62.38,3340.97,2939.98,3819.23,3357.58,10.968,2026-07-06T10:49:17.183Z,53.38,2026-07-06T10:49:17Z,2026-07-06 10:49,down,175.1312392
62.38,3348.01,2951.03,3790.51,3330.89,11.057,2026-07-06T11:01:19.997Z,53.38,2026-07-06T11:01:19Z,2026-07-06 11:01,down,175.1312392
62.38,3317.58,2920.21,3754.33,3297.61,10.9,2026-07-06T11:13:22.686Z,53.38,2026-07-06T11:13:22Z,2026-07-06 11:13,down,175.1312392
62.38,3327.22,2927.14,3834.73,3367.12,10.867,2026-07-06T11:25:26.172Z,53.38,2026-07-06T11:25:26Z,2026-07-06 11:25,down,175.1312392
62.38,3300.57,2903.89,3837.57,3369.32,10.852,2026-07-06T11:37:29.157Z,53.38,2026-07-06T11:37:29Z,2026-07-06 11:37,down,175.1312392
62.38,3319.32,2920.69,3760.95,3304.95,11.008,2026-07-06T11:49:32.206Z,53.38,2026-07-06T11:49:32Z,2026-07-06 11:49,down,175.1312392
62.38,3332.94,2934.25,3726.6,3271.73,11.013,2026-07-06T12:01:35.223Z,53.38,2026-07-06T12:01:35Z,2026-07-06 12:01,down,175.1312392
62.38,3350.68,2945.84,3825.37,3356.19,10.882,2026-07-06T12:13:38.334Z,53.38,2026-07-06T12:13:38Z,2026-07-06 12:13,down,175.1312392
62.38,3262.91,2867.6,3771.04,3309.95,10.927,2026-07-06T12:25:41.382Z,53.38,2026-07-06T12:25:41Z,2026-07-06 12:25,down,175.1312392
62.38,3334.41,2933.6,3866.94,3395.99,11.115,2026-07-06T12:37:44.696Z,53.38,2026-07-06T12:37:44Z,2026-07-06 12:37,down,175.1312392
62.38,3468.22,3047.47,3725.8,3267.39,10.941,2026-07-06T12:49:48.354Z,53.38,2026-07-06T12:49:48Z,2026-07-06 12:49,down,175.1312392
62.38,3206.26,2814.85,3655.32,3204.19,10.889,2026-07-06T13:01:51.543Z,53.38,2026-07-06T13:01:51Z,2026-07-06 13:01,down,175.1312392
62.38,3344.13,2938.93,3656.39,3210.42,11.145,2026-07-06T13:13:55.013Z,53.38,2026-07-06T13:13:55Z,2026-07-06 13:13,down,175.1312392
62.38,3177.79,2791.12,3776.59,3311.86,11.003,2026-07-06T13:25:58.734Z,53.38,2026-07-06T13:25:58Z,2026-07-06 13:25,down,175.1312392
62.38,3239.55,2842.52,3587.05,3145.24,10.946,2026-07-06T13:38:01.735Z,53.38,2026-07-06T13:38:01Z,2026-07-06 13:38,down,175.1312392
62.38,3239.47,2846.33,3615.14,3172.76,11.196,2026-07-06T13:50:05.518Z,53.38,2026-07-06T13:50:05Z,2026-07-06 13:50,down,175.1312392
62.38,3140.97,2756.27,3773.08,3304.09,10.997,2026-07-06T14:02:09.395Z,53.38,2026-07-06T14:02:09Z,2026-07-06 14:02,down,175.1312392
62.38,3192.64,2800.71,3597.04,3153.67,11.174,2026-07-06T14:14:13.100Z,53.38,2026-07-06T14:14:13Z,2026-07-06 14:14,down,175.1312392
62.38,3301.18,2896.74,3671.67,3213.07,11.113,2026-07-06T14:26:15.929Z,53.38,2026-07-06T14:26:15Z,2026-07-06 14:26,down,175.1312392
62.38,3186.76,2790.86,3594.58,3142.99,10.969,2026-07-06T14:38:18.868Z,53.38,2026-07-06T14:38:18Z,2026-07-06 14:38,down,175.1312392
62.38,3298.47,2887.81,3614.71,3164.52,11.11,2026-07-06T14:50:21.666Z,53.38,2026-07-06T14:50:21Z,2026-07-06 14:50,down,175.1312392
62.38,3175.23,2783.95,3794.24,3317.04,11.168,2026-07-06T15:02:24.183Z,53.38,2026-07-06T15:02:24Z,2026-07-06 15:02,down,175.1312392
62.38,3235.2,2829.21,3705.04,3237.92,11.062,2026-07-06T15:14:27.137Z,53.38,2026-07-06T15:14:27Z,2026-07-06 15:14,down,175.1312392
62.38,3368.68,2948.37,3635.95,3178.99,11.268,2026-07-06T15:26:29.701Z,53.38,2026-07-06T15:26:29Z,2026-07-06 15:26,down,175.1312392
62.38,3289.79,2873.98,3789.4,3305.13,11.041,2026-07-06T15:38:33.062Z,53.38,2026-07-06T15:38:33Z,2026-07-06 15:38,down,175.1312392
62.38,3225.19,2815.94,3988.59,3482.34,11.202,2026-07-06T15:50:36.423Z,53.38,2026-07-06T15:50:36Z,2026-07-06 15:50,down,175.1312392
62.38,3365.35,2939.31,3842.25,3346.74,11.208,2026-07-06T16:02:39.502Z,53.38,2026-07-06T16:02:39Z,2026-07-06 16:02,down,175.1312392
62.38,3345.62,2913.48,3828.6,3329,11.004,2026-07-06T16:14:43.551Z,53.38,2026-07-06T16:14:43Z,2026-07-06 16:14,down,175.1312392
62.38,3417.63,2972.14,3927.38,3415.4,11.093,2026-07-06T16:26:47.146Z,53.38,2026-07-06T16:26:47Z,2026-07-06 16:26,down,175.1312392
62.38,3413.95,2971.66,3940.87,3424.01,11.279,2026-07-06T16:38:50.288Z,53.38,2026-07-06T16:38:50Z,2026-07-06 16:38,down,175.1312392
62.38,3477.82,3018.2,3916.48,3394.01,11.051,2026-07-06T16:50:53.618Z,53.38,2026-07-06T16:50:53Z,2026-07-06 16:50,down,175.1312392
62.38,3437.9,2977.86,3842.39,3330.43,11.147,2026-07-06T17:02:56.854Z,53.38,2026-07-06T17:02:56Z,2026-07-06 17:02,down,175.1312392
62.38,3447.35,2987.89,3940.9,3410.06,11.284,2026-07-06T17:15:00.465Z,53.38,2026-07-06T17:15:00Z,2026-07-06 17:15,down,175.1312392
62.38,3352.09,2896.5,3786.26,3266.93,11.068,2026-07-06T17:27:03.326Z,53.38,2026-07-06T17:27:03Z,2026-07-06 17:27,down,175.1312392
62.38,3314.99,2860.56,3693.01,3187.88,11.244,2026-07-06T17:39:06.077Z,53.38,2026-07-06T17:39:06Z,2026-07-06 17:39,down,175.1312392
62.38,3245.4,2799.94,3707.91,3190.76,11.235,2026-07-06T17:51:08.515Z,53.38,2026-07-06T17:51:08Z,2026-07-06 17:51,down,175.1312392
62.38,3235.48,2782.49,3562.01,3059.23,11.069,2026-07-06T18:03:11.986Z,53.38,2026-07-06T18:03:11Z,2026-07-06 18:03,down,175.1312392
62.38,3253.53,2794.93,3632.9,3121.94,11.299,2026-07-06T18:15:15.065Z,53.38,2026-07-06T18:15:15Z,2026-07-06 18:15,down,175.1312392
62.38,3091.41,2654.07,3687.51,3160.58,11.223,2026-07-06T18:27:18.379Z,53.38,2026-07-06T18:27:18Z,2026-07-06 18:27,down,175.1312392
62.38,3283.62,2811.74,3792.82,3245.76,11.072,2026-07-06T18:39:22.194Z,53.38,2026-07-06T18:39:22Z,2026-07-06 18:39,down,175.1312392
62.38,3119.18,2670.93,3769.8,3229.3,11.3,2026-07-06T18:51:25.289Z,53.38,2026-07-06T18:51:25Z,2026-07-06 18:51,down,175.1312392
62.38,3316.96,2839.74,3610.72,3085.04,11.226,2026-07-06T19:03:28.744Z,53.38,2026-07-06T19:03:28Z,2026-07-06 19:03,down,175.1312392
62.38,3299.75,2818.41,3723.09,3177.54,11.084,2026-07-06T19:15:31.557Z,53.38,2026-07-06T19:15:31Z,2026-07-06 19:15,down,175.1312392
62.38,3194.99,2727.87,3409.8,2912.9,11.259,2026-07-06T19:27:35.012Z,53.38,2026-07-06T19:27:35Z,2026-07-06 19:27,down,175.1312392
62.38,3429.28,2929.18,3683.41,3141.74,11.267,2026-07-06T19:39:38.342Z,53.38,2026-07-06T19:39:38Z,2026-07-06 19:39,down,175.1312392
62.38,3225.43,2749.54,3605.47,3072.57,11.12,2026-07-06T19:51:42.203Z,53.38,2026-07-06T19:51:42Z,2026-07-06 19:51,down,175.1312392
62.38,3335.08,2846.56,3630.29,3097.37,11.407,2026-07-06T20:03:44.845Z,53.38,2026-07-06T20:03:44Z,2026-07-06 20:03,down,175.1312392
62.38,3232.93,2753.44,3627.75,3087.08,11.178,2026-07-06T20:15:47.752Z,53.38,2026-07-06T20:15:47Z,2026-07-06 20:15,down,175.1312392
62.38,3222.47,2740.9,3900.17,3317.48,11.139,2026-07-06T20:27:50.504Z,53.38,2026-07-06T20:27:50Z,2026-07-06 20:27,down,175.1312392
62.38,3297.83,2808.87,3564.08,3034.94,11.412,2026-07-06T20:39:53.677Z,53.38,2026-07-06T20:39:53Z,2026-07-06 20:39,down,175.1312392
62.38,3352.59,2850.19,3779.29,3210.35,11.184,2026-07-06T20:51:56.709Z,53.38,2026-07-06T20:51:56Z,2026-07-06 20:51,down,175.1312392
62.38,3185.74,2706.3,3490.04,2967.44,11.314,2026-07-06T21:04:00.023Z,53.38,2026-07-06T21:04:00Z,2026-07-06 21:04,down,175.1312392
62.38,3256.2,2768.45,3817.81,3240.16,11.318,2026-07-06T21:16:02.259Z,53.38,2026-07-06T21:16:02Z,2026-07-06 21:16,down,175.1312392
62.38,3178.98,2696.91,3616.73,3068.71,11.205,2026-07-06T21:28:05.870Z,53.38,2026-07-06T21:28:05Z,2026-07-06 21:28,down,175.1312392
62.38,3361.22,2855.27,3738.74,3173.71,11.443,2026-07-06T21:40:09.340Z,53.38,2026-07-06T21:40:09Z,2026-07-06 21:40,down,175.1312392
62.38,3392.58,2875.48,3604.17,3052.31,11.183,2026-07-06T21:52:11.810Z,53.38,2026-07-06T21:52:11Z,2026-07-06 21:52,down,175.1312392
62.38,3305.04,2802.09,3703.53,3142.25,11.426,2026-07-06T22:04:15.312Z,53.38,2026-07-06T22:04:15Z,2026-07-06 22:04,down,175.1312392
62.38,3163.82,2681.14,3614.41,3058.3,11.258,2026-07-06T22:16:18.235Z,53.38,2026-07-06T22:16:18Z,2026-07-06 22:16,down,175.1312392
62.38,3267.07,2762.02,3799.79,3214.27,11.216,2026-07-06T22:28:21.580Z,53.38,2026-07-06T22:28:21Z,2026-07-06 22:28,down,175.1312392
62.38,3308.89,2800.18,3663.43,3097.8,11.437,2026-07-06T22:40:24.910Z,53.38,2026-07-06T22:40:24Z,2026-07-06 22:40,down,175.1312392
62.38,3224.93,2720.69,3780.42,3187.57,11.175,2026-07-06T22:52:28.099Z,53.38,2026-07-06T22:52:28Z,2026-07-06 22:52,down,175.1312392
77.632,3231.04,2739.84,3708.52,3150.21,11.147,2026-07-06T00:10:30.795Z,68.632,2026-07-06T00:10:30Z,2026-07-06 00:10,down,225.17061088000003
77.632,3286.52,2788.79,3736.41,3179,11.132,2026-07-06T00:22:33.874Z,68.632,2026-07-06T00:22:33Z,2026-07-06 00:22,down,225.17061088000003
77.632,3282.18,2791.3,3800.87,3236.76,11.185,2026-07-06T00:34:37.032Z,68.632,2026-07-06T00:34:37Z,2026-07-06 00:34,down,225.17061088000003
77.632,3337.59,2840.68,3713.54,3165.13,11.098,2026-07-06T00:46:41.268Z,68.632,2026-07-06T00:46:41Z,2026-07-06 00:46,down,225.17061088000003
77.632,3215.91,2740.13,3756.34,3208.41,11.073,2026-07-06T00:58:43.973Z,68.632,2026-07-06T00:58:43Z,2026-07-06 00:58,down,225.17061088000003
77.632,3336.36,2849.14,3678.4,3146.33,11.152,2026-07-06T01:10:47.787Z,68.632,2026-07-06T01:10:47Z,2026-07-06 01:10,down,225.17061088000003
77.632,3331.77,2848.16,3804.86,3256.75,11.078,2026-07-06T01:22:50.710Z,68.632,2026-07-06T01:22:50Z,2026-07-06 01:22,down,225.17061088000003
77.632,3215.51,2751.81,3819.45,3273.03,11.008,2026-07-06T01:34:53.665Z,68.632,2026-07-06T01:34:53Z,2026-07-06 01:34,down,225.17061088000003
77.632,3286.51,2816.6,3762.88,3231.16,11.098,2026-07-06T01:46:57.197Z,68.632,2026-07-06T01:46:57Z,2026-07-06 01:46,down,225.17061088000003
77.632,3295.76,2830.38,3644.76,3134.22,11.119,2026-07-06T01:59:00.511Z,68.632,2026-07-06T01:59:00Z,2026-07-06 01:59,down,225.17061088000003
77.632,3383.65,2907.56,3750.86,3226.45,11.013,2026-07-06T02:11:04.185Z,68.632,2026-07-06T02:11:04Z,2026-07-06 02:11,down,225.17061088000003
77.632,3394.75,2920.21,3850.83,3318.58,11.03,2026-07-06T02:23:07.390Z,68.632,2026-07-06T02:23:07Z,2026-07-06 02:23,down,225.17061088000003
77.632,3319.12,2860.58,3874.47,3343.01,11.105,2026-07-06T02:35:10.500Z,68.632,2026-07-06T02:35:10Z,2026-07-06 02:35,down,225.17061088000003
77.632,3353.67,2892.14,3945.56,3406.1,11.028,2026-07-06T02:47:13.705Z,68.632,2026-07-06T02:47:13Z,2026-07-06 02:47,down,225.17061088000003
77.632,3461.07,2985.77,4082.19,3527.79,10.96,2026-07-06T02:59:16.425Z,68.632,2026-07-06T02:59:16Z,2026-07-06 02:59,down,225.17061088000003
77.632,3428.54,2963.06,3867.57,3347.23,11.102,2026-07-06T03:11:19.067Z,68.632,2026-07-06T03:11:19Z,2026-07-06 03:11,down,225.17061088000003
77.632,3463.42,2996.23,3969.43,3437.26,11.047,2026-07-06T03:23:23.022Z,68.632,2026-07-06T03:23:23Z,2026-07-06 03:23,down,225.17061088000003
77.632,3356.5,2905.54,3916.83,3393.6,11.003,2026-07-06T03:35:26.273Z,68.632,2026-07-06T03:35:26Z,2026-07-06 03:35,down,225.17061088000003
77.632,3347.6,2899.18,3932.41,3412.34,11.022,2026-07-06T03:47:30.119Z,68.632,2026-07-06T03:47:30Z,2026-07-06 03:47,down,225.17061088000003
77.632,3239.8,2810.53,3852.07,3344.5,11.077,2026-07-06T03:59:33.652Z,68.632,2026-07-06T03:59:33Z,2026-07-06 03:59,down,225.17061088000003
77.632,3488.25,3026.98,3852.01,3345.32,10.995,2026-07-06T04:11:36.309Z,68.632,2026-07-06T04:11:36Z,2026-07-06 04:11,down,225.17061088000003
77.632,3258.22,2829.03,3827.75,3325.95,10.936,2026-07-06T04:23:39.404Z,68.632,2026-07-06T04:23:39Z,2026-07-06 04:23,down,225.17061088000003
77.632,3272.92,2844.21,3747.22,3260.95,11.053,2026-07-06T04:35:42.875Z,68.632,2026-07-06T04:35:42Z,2026-07-06 04:35,down,225.17061088000003
77.632,3337.92,2904.69,3842.16,3344.34,11.034,2026-07-06T04:47:45.767Z,68.632,2026-07-06T04:47:45Z,2026-07-06 04:47,down,225.17061088000003
77.632,3335.01,2901.53,3816.15,3322.6,10.955,2026-07-06T04:59:48.002Z,68.632,2026-07-06T04:59:48Z,2026-07-06 04:59,down,225.17061088000003
77.632,3389.82,2950.1,3851.05,3357.93,10.971,2026-07-06T05:11:51.050Z,68.632,2026-07-06T05:11:51Z,2026-07-06 05:11,down,225.17061088000003
77.632,3167.74,2762.31,3690.3,3218.91,11.069,2026-07-06T05:23:54.896Z,68.632,2026-07-06T05:23:54Z,2026-07-06 05:23,down,225.17061088000003
77.632,3296.77,2875.26,3878.74,3384.88,10.986,2026-07-06T05:35:58.366Z,68.632,2026-07-06T05:35:58Z,2026-07-06 05:35,down,225.17061088000003
77.632,3210.61,2800.28,3658.14,3193.14,10.934,2026-07-06T05:48:01.602Z,68.632,2026-07-06T05:48:01Z,2026-07-06 05:48,down,225.17061088000003
77.632,3146.05,2745.86,3773.44,3296.35,10.947,2026-07-06T06:00:04.353Z,68.632,2026-07-06T06:00:04Z,2026-07-06 06:00,down,225.17061088000003
77.632,3303.4,2886.94,3694.72,3229.76,11.055,2026-07-06T06:12:06.526Z,68.632,2026-07-06T06:12:06Z,2026-07-06 06:12,down,225.17061088000003
77.632,3240.29,2831.15,3657.72,3195.62,10.938,2026-07-06T06:24:09.137Z,68.632,2026-07-06T06:24:09Z,2026-07-06 06:24,down,225.17061088000003
77.632,3222.51,2815.17,3797.11,3318.25,10.897,2026-07-06T06:36:12.560Z,68.632,2026-07-06T06:36:12Z,2026-07-06 06:36,down,225.17061088000003
77.632,3156.62,2760.01,3649.69,3194.27,11.009,2026-07-06T06:48:15.061Z,68.632,2026-07-06T06:48:15Z,2026-07-06 06:48,down,225.17061088000003
77.632,3158.43,2764.51,3670.16,3211.97,10.998,2026-07-06T07:00:19.016Z,68.632,2026-07-06T07:00:19Z,2026-07-06 07:00,down,225.17061088000003
77.632,3262.86,2855.44,3704.81,3242.31,10.913,2026-07-06T07:12:22.033Z,68.632,2026-07-06T07:12:22Z,2026-07-06 07:12,down,225.17061088000003
77.632,3145.51,2753.64,3608.53,3159.76,10.899,2026-07-06T07:24:24.769Z,68.632,2026-07-06T07:24:24Z,2026-07-06 07:24,down,225.17061088000003
77.632,3169.29,2775.57,3670.03,3213.48,10.889,2026-07-06T07:36:27.207Z,68.632,2026-07-06T07:36:27Z,2026-07-06 07:36,down,225.17061088000003
77.632,3334.43,2923.48,3815.35,3345.98,11.019,2026-07-06T07:48:30.240Z,68.632,2026-07-06T07:48:30Z,2026-07-06 07:48,down,225.17061088000003
77.632,3212.59,2817.59,3632.4,3184.85,10.977,2026-07-06T08:00:33.288Z,68.632,2026-07-06T08:00:33Z,2026-07-06 08:00,down,225.17061088000003
77.632,3164.71,2775.08,3659.06,3208.04,10.894,2026-07-06T08:12:36.899Z,68.632,2026-07-06T08:12:36Z,2026-07-06 08:12,down,225.17061088000003
77.632,3237.85,2838.94,3636.71,3188.22,10.878,2026-07-06T08:24:40.213Z,68.632,2026-07-06T08:24:40Z,2026-07-06 08:24,down,225.17061088000003
77.632,3171.18,2781.47,3890.87,3411.2,10.856,2026-07-06T08:36:42.933Z,68.632,2026-07-06T08:36:42Z,2026-07-06 08:36,down,225.17061088000003
77.632,3379.8,2965.55,3726.84,3272.02,10.931,2026-07-06T08:48:45.591Z,68.632,2026-07-06T08:48:45Z,2026-07-06 08:48,down,225.17061088000003
77.632,3280.63,2880.83,3794.71,3330.84,10.949,2026-07-06T09:00:48.170Z,68.632,2026-07-06T09:00:48Z,2026-07-06 09:00,down,225.17061088000003
77.632,3240.78,2844.56,3711.78,3257.73,10.88,2026-07-06T09:12:50.968Z,68.632,2026-07-06T09:12:50Z,2026-07-06 09:12,down,225.17061088000003
77.632,3215.35,2823.2,3889.14,3414.39,10.848,2026-07-06T09:24:54.188Z,68.632,2026-07-06T09:24:54Z,2026-07-06 09:24,down,225.17061088000003
77.632,3413.42,2998.58,3777.9,3319.19,10.92,2026-07-06T09:36:57.721Z,68.632,2026-07-06T09:36:57Z,2026-07-06 09:36,down,225.17061088000003
77.632,3337.07,2933.75,3867.77,3398.53,10.954,2026-07-06T09:49:01.223Z,68.632,2026-07-06T09:49:01Z,2026-07-06 09:49,down,225.17061088000003
77.632,3310.39,2909.9,3855.63,3388.36,10.89,2026-07-06T10:01:03.896Z,68.632,2026-07-06T10:01:03Z,2026-07-06 10:01,down,225.17061088000003
77.632,3295.04,2896.07,3834.94,3369.98,10.891,2026-07-06T10:13:07.147Z,68.632,2026-07-06T10:13:07Z,2026-07-06 10:13,down,225.17061088000003
77.632,3328.13,2925.58,3847.1,3380.57,10.873,2026-07-06T10:25:10.180Z,68.632,2026-07-06T10:25:10Z,2026-07-06 10:25,down,225.17061088000003
77.632,3298.69,2900.16,3837.46,3372.36,10.86,2026-07-06T10:37:13.478Z,68.632,2026-07-06T10:37:13Z,2026-07-06 10:37,down,225.17061088000003
77.632,3311.64,2911.55,3834.24,3370.41,10.884,2026-07-06T10:49:17.183Z,68.632,2026-07-06T10:49:17Z,2026-07-06 10:49,down,225.17061088000003
77.632,3319.02,2920.26,3809.42,3350.07,10.971,2026-07-06T11:01:19.997Z,68.632,2026-07-06T11:01:19Z,2026-07-06 11:01,down,225.17061088000003
77.632,3289.25,2892.91,3770.21,3314.09,10.895,2026-07-06T11:13:22.686Z,68.632,2026-07-06T11:13:22Z,2026-07-06 11:13,down,225.17061088000003
77.632,3294.91,2896.62,3846.36,3380.38,10.882,2026-07-06T11:25:26.172Z,68.632,2026-07-06T11:25:26Z,2026-07-06 11:25,down,225.17061088000003
77.632,3266.53,2871.99,3852.18,3384.85,10.862,2026-07-06T11:37:29.157Z,68.632,2026-07-06T11:37:29Z,2026-07-06 11:37,down,225.17061088000003
77.632,3290.47,2892.35,3780.44,3321.21,10.9,2026-07-06T11:49:32.206Z,68.632,2026-07-06T11:49:32Z,2026-07-06 11:49,down,225.17061088000003
77.632,3307.53,2907.66,3746.09,3291.23,10.952,2026-07-06T12:01:35.223Z,68.632,2026-07-06T12:01:35Z,2026-07-06 12:01,down,225.17061088000003
77.632,3325.38,2921.8,3845.65,3377.06,10.906,2026-07-06T12:13:38.334Z,68.632,2026-07-06T12:13:38Z,2026-07-06 12:13,down,225.17061088000003
77.632,3235.22,2840.92,3790.54,3328.02,10.883,2026-07-06T12:25:41.382Z,68.632,2026-07-06T12:25:41Z,2026-07-06 12:25,down,225.17061088000003
77.632,3306.34,2904.51,3882.51,3409.86,10.993,2026-07-06T12:37:44.696Z,68.632,2026-07-06T12:37:44Z,2026-07-06 12:37,down,225.17061088000003
77.632,3437.78,3019.06,3741.35,3284.02,10.971,2026-07-06T12:49:48.354Z,68.632,2026-07-06T12:49:48Z,2026-07-06 12:49,down,225.17061088000003
77.632,3172.44,2783.5,3670.84,3219.53,10.885,2026-07-06T13:01:51.543Z,68.632,2026-07-06T13:01:51Z,2026-07-06 13:01,down,225.17061088000003
77.632,3316.54,2910.31,3670.48,3221.81,10.994,2026-07-06T13:13:55.013Z,68.632,2026-07-06T13:13:55Z,2026-07-06 13:13,down,225.17061088000003
77.632,3152.15,2766.33,3791.34,3327.19,10.994,2026-07-06T13:25:58.734Z,68.632,2026-07-06T13:25:58Z,2026-07-06 13:25,down,225.17061088000003
77.632,3212.86,2817.73,3604.79,3161.1,10.913,2026-07-06T13:38:01.735Z,68.632,2026-07-06T13:38:01Z,2026-07-06 13:38,down,225.17061088000003
77.632,3210.57,2816.53,3635.63,3190.12,11.049,2026-07-06T13:50:05.518Z,68.632,2026-07-06T13:50:05Z,2026-07-06 13:50,down,225.17061088000003
77.632,3114.68,2731.32,3792.52,3323.37,10.996,2026-07-06T14:02:09.395Z,68.632,2026-07-06T14:02:09Z,2026-07-06 14:02,down,225.17061088000003
77.632,3165.92,2773.59,3612.29,3166.6,11.051,2026-07-06T14:14:13.100Z,68.632,2026-07-06T14:14:13Z,2026-07-06 14:14,down,225.17061088000003
77.632,3273.61,2868.61,3691.83,3233.34,11.066,2026-07-06T14:26:15.929Z,68.632,2026-07-06T14:26:15Z,2026-07-06 14:26,down,225.17061088000003
77.632,3162.41,2767.46,3611.22,3159.9,10.968,2026-07-06T14:38:18.868Z,68.632,2026-07-06T14:38:18Z,2026-07-06 14:38,down,225.17061088000003
77.632,3270.43,2859.61,3632.43,3179.3,10.984,2026-07-06T14:50:21.666Z,68.632,2026-07-06T14:50:21Z,2026-07-06 14:50,down,225.17061088000003
77.632,3145.98,2753.49,3815.18,3337.98,11.088,2026-07-06T15:02:24.183Z,68.632,2026-07-06T15:02:24Z,2026-07-06 15:02,down,225.17061088000003
77.632,3209.38,2804.71,3723.83,3254,10.996,2026-07-06T15:14:27.137Z,68.632,2026-07-06T15:14:27Z,2026-07-06 15:14,down,225.17061088000003
77.632,3337.38,2915.61,3651.51,3192.36,11.108,2026-07-06T15:26:29.701Z,68.632,2026-07-06T15:26:29Z,2026-07-06 15:26,down,225.17061088000003
77.632,3260.54,2846.6,3808.27,3323.87,11.045,2026-07-06T15:38:33.062Z,68.632,2026-07-06T15:38:33Z,2026-07-06 15:38,down,225.17061088000003
77.632,3200.65,2790.56,4007.88,3497.79,11.051,2026-07-06T15:50:36.423Z,68.632,2026-07-06T15:50:36Z,2026-07-06 15:50,down,225.17061088000003
77.632,3334.42,2907.05,3860.57,3365.08,11.117,2026-07-06T16:02:39.502Z,68.632,2026-07-06T16:02:39Z,2026-07-06 16:02,down,225.17061088000003
77.632,3318.49,2887.87,3849.29,3349.38,11.007,2026-07-06T16:14:43.551Z,68.632,2026-07-06T16:14:43Z,2026-07-06 16:14,down,225.17061088000003
77.632,3390.16,2946.25,3945.75,3430.48,11.015,2026-07-06T16:26:47.146Z,68.632,2026-07-06T16:26:47Z,2026-07-06 16:26,down,225.17061088000003
77.632,3385.58,2941.71,3958.35,3439.72,11.142,2026-07-06T16:38:50.288Z,68.632,2026-07-06T16:38:50Z,2026-07-06 16:38,down,225.17061088000003
77.632,3450.14,2992.69,3936.93,3414.2,11.07,2026-07-06T16:50:53.618Z,68.632,2026-07-06T16:50:53Z,2026-07-06 16:50,down,225.17061088000003
77.632,3410.41,2952.2,3860.39,3344.73,11.062,2026-07-06T17:02:56.854Z,68.632,2026-07-06T17:02:56Z,2026-07-06 17:02,down,225.17061088000003
77.632,3416.13,2955.15,3956.44,3424.64,11.15,2026-07-06T17:15:00.465Z,68.632,2026-07-06T17:15:00Z,2026-07-06 17:15,down,225.17061088000003
77.632,3321.99,2868.89,3802.64,3283.78,11.09,2026-07-06T17:27:03.326Z,68.632,2026-07-06T17:27:03Z,2026-07-06 17:27,down,225.17061088000003
77.632,3287.28,2832.36,3711.03,3202.06,11.082,2026-07-06T17:39:06.077Z,68.632,2026-07-06T17:39:06Z,2026-07-06 17:39,down,225.17061088000003
77.632,3219.5,2773.07,3727.05,3209.51,11.158,2026-07-06T17:51:08.515Z,68.632,2026-07-06T17:51:08Z,2026-07-06 17:51,down,225.17061088000003
77.632,3207.68,2756.52,3580.36,3077.24,11.067,2026-07-06T18:03:11.986Z,68.632,2026-07-06T18:03:11Z,2026-07-06 18:03,down,225.17061088000003
77.632,3228.98,2769.88,3652.34,3136.66,11.126,2026-07-06T18:15:15.065Z,68.632,2026-07-06T18:15:15Z,2026-07-06 18:15,down,225.17061088000003
77.632,3065.26,2627.59,3703.93,3177.25,11.163,2026-07-06T18:27:18.379Z,68.632,2026-07-06T18:27:18Z,2026-07-06 18:27,down,225.17061088000003
77.632,3257.26,2787.2,3813.36,3265.61,11.071,2026-07-06T18:39:22.194Z,68.632,2026-07-06T18:39:22Z,2026-07-06 18:39,down,225.17061088000003
77.632,3094.86,2645.92,3785.29,3241.22,11.132,2026-07-06T18:51:25.289Z,68.632,2026-07-06T18:51:25Z,2026-07-06 18:51,down,225.17061088000003
77.632,3290.88,2813.43,3623.18,3098.6,11.186,2026-07-06T19:03:28.744Z,68.632,2026-07-06T19:03:28Z,2026-07-06 19:03,down,225.17061088000003
77.632,3273.32,2794.2,3737.99,3192.98,11.107,2026-07-06T19:15:31.557Z,68.632,2026-07-06T19:15:31Z,2026-07-06 19:15,down,225.17061088000003
77.632,3167.35,2700.76,3424.36,2924.58,11.129,2026-07-06T19:27:35.012Z,68.632,2026-07-06T19:27:35Z,2026-07-06 19:27,down,225.17061088000003
77.632,3400.94,2900.5,3705.36,3163.13,11.208,2026-07-06T19:39:38.342Z,68.632,2026-07-06T19:39:38Z,2026-07-06 19:39,down,225.17061088000003
77.632,3199.97,2726.11,3625.16,3090.63,11.102,2026-07-06T19:51:42.203Z,68.632,2026-07-06T19:51:42Z,2026-07-06 19:51,down,225.17061088000003
77.632,3305.36,2815.79,3647.4,3110.36,11.203,2026-07-06T20:03:44.845Z,68.632,2026-07-06T20:03:44Z,2026-07-06 20:03,down,225.17061088000003
77.632,3208.53,2731.12,3645.97,3105.45,11.209,2026-07-06T20:15:47.752Z,68.632,2026-07-06T20:15:47Z,2026-07-06 20:15,down,225.17061088000003
77.632,3194.09,2715.12,3920.27,3335.43,11.11,2026-07-06T20:27:50.504Z,68.632,2026-07-06T20:27:50Z,2026-07-06 20:27,down,225.17061088000003
77.632,3267.7,2778.2,3579.2,3046.84,11.234,2026-07-06T20:39:53.677Z,68.632,2026-07-06T20:39:53Z,2026-07-06 20:39,down,225.17061088000003
77.632,3324.03,2824.46,3802.44,3232.31,11.2,2026-07-06T20:51:56.709Z,68.632,2026-07-06T20:51:56Z,2026-07-06 20:51,down,225.17061088000003
77.632,3157.2,2679.07,3505.71,2978.68,11.163,2026-07-06T21:04:00.023Z,68.632,2026-07-06T21:04:00Z,2026-07-06 21:04,down,225.17061088000003
77.632,3230.9,2742.33,3835.35,3257.32,11.236,2026-07-06T21:16:02.259Z,68.632,2026-07-06T21:16:02Z,2026-07-06 21:16,down,225.17061088000003
77.632,3154.62,2674.97,3632.52,3081.53,11.149,2026-07-06T21:28:05.870Z,68.632,2026-07-06T21:28:05Z,2026-07-06 21:28,down,225.17061088000003
77.632,3334.38,2827.23,3756.8,3188.57,11.275,2026-07-06T21:40:09.340Z,68.632,2026-07-06T21:40:09Z,2026-07-06 21:40,down,225.17061088000003
77.632,3366.16,2851.46,3622.75,3070.21,11.194,2026-07-06T21:52:11.810Z,68.632,2026-07-06T21:52:11Z,2026-07-06 21:52,down,225.17061088000003
77.632,3275.15,2771.86,3720.54,3155.1,11.236,2026-07-06T22:04:15.312Z,68.632,2026-07-06T22:04:15Z,2026-07-06 22:04,down,225.17061088000003
77.632,3137.53,2655.63,3636.93,3079.84,11.224,2026-07-06T22:16:18.235Z,68.632,2026-07-06T22:16:18Z,2026-07-06 22:16,down,225.17061088000003
77.632,3246.8,2743.3,3813.71,3225.31,11.149,2026-07-06T22:28:21.580Z,68.632,2026-07-06T22:28:21Z,2026-07-06 22:28,down,225.17061088000003
77.632,3281,2771.24,3676.57,3108.08,11.253,2026-07-06T22:40:24.910Z,68.632,2026-07-06T22:40:24Z,2026-07-06 22:40,down,225.17061088000003
77.632,3196.79,2695.44,3796.78,3202.37,11.155,2026-07-06T22:52:28.099Z,68.632,2026-07-06T22:52:28Z,2026-07-06 22:52,down,225.17061088000003
31.622,3309.15,2818.23,3661,3100.23,11.508,2026-07-07T00:04:47.279Z,22.622,2026-07-07T00:04:47Z,2026-07-07 00:04,down,74.21916248
31.622,3291.54,2795.25,3625.49,3077.84,11.269,2026-07-07T00:16:50.203Z,22.622,2026-07-07T00:16:50Z,2026-07-07 00:16,down,74.21916248
31.622,3335.56,2848.82,3678.05,3132.81,11.811,2026-07-07T00:28:52.501Z,22.622,2026-07-07T00:28:52Z,2026-07-07 00:28,down,74.21916248
31.622,3459.62,2947.65,3663.4,3112.27,11.159,2026-07-07T00:40:56.831Z,22.622,2026-07-07T00:40:56Z,2026-07-07 00:40,down,74.21916248
31.622,3338.87,2846.19,3768.57,3203.2,11.017,2026-07-07T00:53:00.067Z,22.622,2026-07-07T00:53:00Z,2026-07-07 00:53,down,74.21916248
31.622,3339.68,2848.52,3609.89,3079.63,11.21,2026-07-07T01:05:03.224Z,22.622,2026-07-07T01:05:03Z,2026-07-07 01:05,down,74.21916248
31.622,3384.53,2904.76,3665.29,3139.84,11.822,2026-07-07T01:17:06.695Z,22.622,2026-07-07T01:17:06Z,2026-07-07 01:17,down,74.21916248
31.622,3356.74,2887.92,3728.82,3198.83,11.911,2026-07-07T01:29:10.665Z,22.622,2026-07-07T01:29:10Z,2026-07-07 01:29,down,74.21916248
31.622,3312.89,2853.22,3763.64,3232.96,11.91,2026-07-07T01:41:13.854Z,22.622,2026-07-07T01:41:13Z,2026-07-07 01:41,down,74.21916248
31.622,3260.65,2810.66,3667.11,3153.1,11.855,2026-07-07T01:53:17.418Z,22.622,2026-07-07T01:53:17Z,2026-07-07 01:53,down,74.21916248
31.622,3440.5,2968.34,3684.74,3170.55,11.824,2026-07-07T02:05:20.748Z,22.622,2026-07-07T02:05:20Z,2026-07-07 02:05,down,74.21916248
31.622,3275.93,2829.56,3685.33,3174.94,11.816,2026-07-07T02:17:23.843Z,22.622,2026-07-07T02:17:23Z,2026-07-07 02:17,down,74.21916248
31.622,3400.18,2939.54,3712.92,3201.08,11.805,2026-07-07T02:29:27.642Z,22.622,2026-07-07T02:29:27Z,2026-07-07 02:29,down,74.21916248
31.622,3488.25,3018.73,3666.08,3163.34,11.795,2026-07-07T02:41:31.206Z,22.622,2026-07-07T02:41:31Z,2026-07-07 02:41,down,74.21916248
31.622,3543.03,3070.3,3792.45,3276.49,11.813,2026-07-07T02:53:34.958Z,22.622,2026-07-07T02:53:34Z,2026-07-07 02:53,down,74.21916248
31.622,3389.18,2938.34,3827.09,3308.14,11.768,2026-07-07T03:05:38.960Z,22.622,2026-07-07T03:05:38Z,2026-07-07 03:05,down,74.21916248
31.622,3411.37,2959.55,3842.86,3324.23,11.769,2026-07-07T03:17:42.117Z,22.622,2026-07-07T03:17:42Z,2026-07-07 03:17,down,74.21916248
31.622,3564.17,3092.73,3848.66,3330.62,11.747,2026-07-07T03:29:44.931Z,22.622,2026-07-07T03:29:44Z,2026-07-07 03:29,down,74.21916248
31.622,3536.17,3072.81,3941.59,3413.66,11.785,2026-07-07T03:41:48.245Z,22.622,2026-07-07T03:41:48Z,2026-07-07 03:41,down,74.21916248
31.622,3520.29,3060.53,3964.46,3436.05,11.763,2026-07-07T03:53:50.965Z,22.622,2026-07-07T03:53:50Z,2026-07-07 03:53,down,74.21916248
31.622,3439.86,2992.77,3968.9,3442.55,11.767,2026-07-07T04:05:53.779Z,22.622,2026-07-07T04:05:53Z,2026-07-07 04:05,down,74.21916248
31.622,3432.18,2989.66,3847.37,3339.55,11.772,2026-07-07T04:17:57.218Z,22.622,2026-07-07T04:17:57Z,2026-07-07 04:17,down,74.21916248
31.622,3520.99,3067.74,3838.44,3332.69,11.761,2026-07-07T04:30:00.970Z,22.622,2026-07-07T04:30:00Z,2026-07-07 04:30,down,74.21916248
31.622,3462.89,3018.04,3813.47,3312.7,11.738,2026-07-07T04:42:04.096Z,22.622,2026-07-07T04:42:04Z,2026-07-07 04:42,down,74.21916248
31.622,3608.61,3146.11,3739.89,3250.21,11.723,2026-07-07T04:54:07.785Z,22.622,2026-07-07T04:54:07Z,2026-07-07 04:54,down,74.21916248
31.622,3372.86,2942.4,3806.77,3310.94,11.703,2026-07-07T05:06:11.005Z,22.622,2026-07-07T05:06:11Z,2026-07-07 05:06,down,74.21916248
31.622,3519.89,3072.96,3689.68,3210.06,11.716,2026-07-07T05:18:14.820Z,22.622,2026-07-07T05:18:14Z,2026-07-07 05:18,down,74.21916248
31.622,3319.73,2898.8,3951.35,3437.05,11.705,2026-07-07T05:30:18.040Z,22.622,2026-07-07T05:30:18Z,2026-07-07 05:30,down,74.21916248
31.622,3393.56,2963.33,3785.29,3295.79,11.692,2026-07-07T05:42:20.776Z,22.622,2026-07-07T05:42:20Z,2026-07-07 05:42,down,74.21916248
31.622,3370.85,2945.4,3676.26,3201.48,11.665,2026-07-07T05:54:23.793Z,22.622,2026-07-07T05:54:23Z,2026-07-07 05:54,down,74.21916248
31.622,3408.58,2981.42,3739.64,3259.09,11.67,2026-07-07T06:06:26.950Z,22.622,2026-07-07T06:06:26Z,2026-07-07 06:06,down,74.21916248
31.622,3351.64,2933.31,3832.15,3342.29,11.642,2026-07-07T06:18:29.342Z,22.622,2026-07-07T06:18:29Z,2026-07-07 06:18,down,74.21916248
31.622,3306.33,2895.94,3667.61,3201.57,11.642,2026-07-07T06:30:32.828Z,22.622,2026-07-07T06:30:32Z,2026-07-07 06:30,down,74.21916248
31.622,3402.58,2982.79,3584.34,3131.59,11.621,2026-07-07T06:42:36.111Z,22.622,2026-07-07T06:42:36Z,2026-07-07 06:42,down,74.21916248
31.622,3245.14,2847.51,3733.43,3265.05,11.619,2026-07-07T06:54:39.816Z,22.622,2026-07-07T06:54:39Z,2026-07-07 06:54,down,74.21916248
31.622,3217.54,2826.38,3662.87,3205.7,11.617,2026-07-07T07:06:42.285Z,22.622,2026-07-07T07:06:42Z,2026-07-07 07:06,down,74.21916248
31.622,3269.99,2873.51,3701.69,3241.33,11.606,2026-07-07T07:18:45.818Z,22.622,2026-07-07T07:18:45Z,2026-07-07 07:18,down,74.21916248
31.622,3257.8,2864.71,3579.42,3134.95,11.568,2026-07-07T07:30:49.820Z,22.622,2026-07-07T07:30:49Z,2026-07-07 07:30,down,74.21916248
31.622,3318.51,2919.95,3608.63,3162.27,11.585,2026-07-07T07:42:53.244Z,22.622,2026-07-07T07:42:53Z,2026-07-07 07:42,down,74.21916248
31.622,3220.84,2835.54,3767.77,3302.48,11.579,2026-07-07T07:54:56.761Z,22.622,2026-07-07T07:54:56Z,2026-07-07 07:54,down,74.21916248
31.622,3280.6,2890.21,3526.03,3094.08,11.604,2026-07-07T08:07:00.622Z,22.622,2026-07-07T08:07:00Z,2026-07-07 08:07,down,74.21916248
31.622,3229.47,2847.35,3792.16,3329.21,11.595,2026-07-07T08:19:03.733Z,22.622,2026-07-07T08:19:03Z,2026-07-07 08:19,down,74.21916248
31.622,3323.14,2931.71,3701.32,3251.37,11.601,2026-07-07T08:31:06.891Z,22.622,2026-07-07T08:31:06Z,2026-07-07 08:31,down,74.21916248
31.622,3271.8,2887.33,3763.96,3306.75,11.557,2026-07-07T08:43:09.751Z,22.622,2026-07-07T08:43:09Z,2026-07-07 08:43,down,74.21916248
31.622,3414.94,3014.61,3789.93,3332.36,11.561,2026-07-07T08:55:12.440Z,22.622,2026-07-07T08:55:12Z,2026-07-07 08:55,down,74.21916248
31.622,3384.64,2989.27,3692.56,3248.31,11.558,2026-07-07T09:07:15.238Z,22.622,2026-07-07T09:07:15Z,2026-07-07 09:07,down,74.21916248
31.622,3414.76,3017.57,3856.82,3393.36,11.566,2026-07-07T09:19:19.271Z,22.622,2026-07-07T09:19:19Z,2026-07-07 09:19,down,74.21916248
31.622,3518.03,3110.48,3863.37,3399.66,11.571,2026-07-07T09:31:22.398Z,22.622,2026-07-07T09:31:22Z,2026-07-07 09:31,down,74.21916248
31.622,3437.01,3040.02,3685.53,3243.83,11.543,2026-07-07T09:43:26.009Z,22.622,2026-07-07T09:43:26Z,2026-07-07 09:43,down,74.21916248
31.622,3309.07,2927.11,3835.52,3376.58,11.56,2026-07-07T09:55:29.667Z,22.622,2026-07-07T09:55:29Z,2026-07-07 09:55,down,74.21916248
31.622,3353.1,2966.67,3727.79,3283.16,11.545,2026-07-07T10:07:32.996Z,22.622,2026-07-07T10:07:32Z,2026-07-07 10:07,down,74.21916248
31.622,3450.56,3054.79,3849.21,3389.94,11.531,2026-07-07T10:19:36.060Z,22.622,2026-07-07T10:19:36Z,2026-07-07 10:19,down,74.21916248
31.622,3578.41,3168,4029.92,3550.24,11.525,2026-07-07T10:31:39.374Z,22.622,2026-07-07T10:31:39Z,2026-07-07 10:31,down,74.21916248
31.622,3551.94,3144.8,3688.35,3249.25,11.522,2026-07-07T10:43:42.594Z,22.622,2026-07-07T10:43:42Z,2026-07-07 10:43,down,74.21916248
31.622,3257.12,2884.87,3713.26,3272.66,11.522,2026-07-07T10:55:45.346Z,22.622,2026-07-07T10:55:45Z,2026-07-07 10:55,down,74.21916248
31.622,3429.58,3037.95,3879.66,3420.22,11.525,2026-07-07T11:07:48.488Z,22.622,2026-07-07T11:07:48Z,2026-07-07 11:07,down,74.21916248
31.622,3426.44,3036.3,3824.8,3372.17,11.518,2026-07-07T11:19:51.317Z,22.622,2026-07-07T11:19:51Z,2026-07-07 11:19,down,74.21916248
31.622,3471.35,3076.14,3883.02,3422.84,11.526,2026-07-07T11:31:54.616Z,22.622,2026-07-07T11:31:54Z,2026-07-07 11:31,down,74.21916248
31.622,3484.17,3087.57,3829.83,3376.7,11.532,2026-07-07T11:43:57.523Z,22.622,2026-07-07T11:43:57Z,2026-07-07 11:43,down,74.21916248
31.622,3465.67,3070.64,3838.49,3383.61,11.545,2026-07-07T11:56:01.306Z,22.622,2026-07-07T11:56:01Z,2026-07-07 11:56,down,74.21916248
31.622,3369.41,2984.95,3631.85,3201.59,11.542,2026-07-07T12:08:04.042Z,22.622,2026-07-07T12:08:04Z,2026-07-07 12:08,down,74.21916248
31.622,3590.29,3180.64,3987.19,3513.72,11.547,2026-07-07T12:20:07.965Z,22.622,2026-07-07T12:20:07Z,2026-07-07 12:20,down,74.21916248
31.622,3440,3046.45,3846.83,3389.67,11.566,2026-07-07T12:32:10.623Z,22.622,2026-07-07T12:32:10Z,2026-07-07 12:32,down,74.21916248
31.622,3349.51,2965.13,3842.57,3383.34,11.552,2026-07-07T12:44:14.062Z,22.622,2026-07-07T12:44:14Z,2026-07-07 12:44,down,74.21916248
31.622,3540.77,3132.73,3759.38,3308.85,11.577,2026-07-07T12:56:17.595Z,22.622,2026-07-07T12:56:17Z,2026-07-07 12:56,down,74.21916248
31.622,3401.91,3009.51,3733.48,3285.86,11.587,2026-07-07T13:08:20.659Z,22.622,2026-07-07T13:08:20Z,2026-07-07 13:08,down,74.21916248
31.622,3400.24,3006.25,3785.94,3330.25,11.565,2026-07-07T13:20:23.598Z,22.622,2026-07-07T13:20:23Z,2026-07-07 13:20,down,74.21916248
31.622,3292.38,2910.24,3755.62,3303.37,11.555,2026-07-07T13:32:26.740Z,22.622,2026-07-07T13:32:26Z,2026-07-07 13:32,down,74.21916248
31.622,3295.03,2911.56,3879.69,3411.33,11.562,2026-07-07T13:44:30.491Z,22.622,2026-07-07T13:44:30Z,2026-07-07 13:44,down,74.21916248
31.622,3384.5,2989.56,3745.03,3293.09,11.574,2026-07-07T13:56:33.430Z,22.622,2026-07-07T13:56:33Z,2026-07-07 13:56,down,74.21916248
31.622,3238.78,2859.75,3701.04,3253.65,11.563,2026-07-07T14:08:37.229Z,22.622,2026-07-07T14:08:37Z,2026-07-07 14:08,down,74.21916248
31.622,3325.17,2936.23,3600.2,3166.65,11.58,2026-07-07T14:20:40.934Z,22.622,2026-07-07T14:20:40Z,2026-07-07 14:20,down,74.21916248
31.622,3283.25,2899.25,3691.67,3246.78,11.582,2026-07-07T14:32:43.544Z,22.622,2026-07-07T14:32:43Z,2026-07-07 14:32,down,74.21916248
31.622,3199.42,2824.41,3643.95,3202.29,11.584,2026-07-07T14:44:46.749Z,22.622,2026-07-07T14:44:46Z,2026-07-07 14:44,down,74.21916248
31.622,3230.89,2850.88,3515.88,3088.84,11.604,2026-07-07T14:56:49.500Z,22.622,2026-07-07T14:56:49Z,2026-07-07 14:56,down,74.21916248
31.622,3352.47,2956.44,3605.31,3165.73,11.608,2026-07-07T15:08:52.501Z,22.622,2026-07-07T15:08:52Z,2026-07-07 15:08,down,74.21916248
31.622,3195.72,2816.44,3670.69,3220.35,11.629,2026-07-07T15:20:55.941Z,22.622,2026-07-07T15:20:55Z,2026-07-07 15:20,down,74.21916248
31.622,3307.15,2912.17,3560.34,3122.75,11.613,2026-07-07T15:32:59.020Z,22.622,2026-07-07T15:32:59Z,2026-07-07 15:32,down,74.21916248
31.622,3179.56,2799.54,3688.98,3232.52,11.597,2026-07-07T15:45:01.552Z,22.622,2026-07-07T15:45:01Z,2026-07-07 15:45,down,74.21916248
31.622,3196.45,2806.69,3742.73,3268.54,11.196,2026-07-07T15:57:04.210Z,22.622,2026-07-07T15:57:04Z,2026-07-07 15:57,down,74.21916248
31.622,3289.91,2882.37,3702.42,3235.12,11.22,2026-07-07T16:09:06.867Z,22.622,2026-07-07T16:09:06Z,2026-07-07 16:09,down,74.21916248
31.622,3295.65,2893.3,3652.51,3188.72,11.534,2026-07-07T16:21:09.978Z,22.622,2026-07-07T16:21:09Z,2026-07-07 16:21,down,74.21916248
31.622,3458.18,3023.23,3772.2,3281.03,11.117,2026-07-07T16:33:13.089Z,22.622,2026-07-07T16:33:13Z,2026-07-07 16:33,down,74.21916248
31.622,3433.72,3001.01,3817.32,3328.95,11.556,2026-07-07T16:45:16.028Z,22.622,2026-07-07T16:45:16Z,2026-07-07 16:45,down,74.21916248
31.622,3466.01,3029.32,3887.63,3376.16,11.424,2026-07-07T16:57:19.326Z,22.622,2026-07-07T16:57:19Z,2026-07-07 16:57,down,74.21916248
31.622,3474.71,3024.23,3890.16,3371.26,11.08,2026-07-07T17:09:21.890Z,22.622,2026-07-07T17:09:21Z,2026-07-07 17:09,down,74.21916248
31.622,3533.13,3077.09,3846.96,3343.22,11.563,2026-07-07T17:21:25.266Z,22.622,2026-07-07T17:21:25Z,2026-07-07 17:21,down,74.21916248
31.622,3454.83,3009.57,3839.92,3323.48,11.435,2026-07-07T17:33:27.658Z,22.622,2026-07-07T17:33:27Z,2026-07-07 17:33,down,74.21916248
31.622,3551.52,3080.01,3787.8,3273.35,11.14,2026-07-07T17:45:30.097Z,22.622,2026-07-07T17:45:30Z,2026-07-07 17:45,down,74.21916248
31.622,3442.17,2990.95,3747.46,3246.57,11.751,2026-07-07T17:57:33.098Z,22.622,2026-07-07T17:57:33Z,2026-07-07 17:57,down,74.21916248
31.622,3400.22,2945.82,3801.72,3278.18,11.274,2026-07-07T18:09:35.630Z,22.622,2026-07-07T18:09:35Z,2026-07-07 18:09,down,74.21916248
31.622,3413.86,2950.61,3520.78,3038.59,11.242,2026-07-07T18:21:38.538Z,22.622,2026-07-07T18:21:38Z,2026-07-07 18:21,down,74.21916248
31.622,3372.68,2924.95,3766.05,3254.42,11.742,2026-07-07T18:33:41.289Z,22.622,2026-07-07T18:33:41Z,2026-07-07 18:33,down,74.21916248
31.622,3382.7,2923.62,3672.14,3158.65,11.194,2026-07-07T18:45:44.416Z,22.622,2026-07-07T18:45:44Z,2026-07-07 18:45,down,74.21916248
31.622,3268.64,2818.85,3658.94,3144.57,11.081,2026-07-07T18:57:46.932Z,22.622,2026-07-07T18:57:46Z,2026-07-07 18:57,down,74.21916248
31.622,3397.7,2937.46,3665.41,3161.33,11.69,2026-07-07T19:09:49.840Z,22.622,2026-07-07T19:09:49Z,2026-07-07 19:09,down,74.21916248
31.622,3258.61,2814.2,3356.56,2882.38,11.348,2026-07-07T19:21:52.826Z,22.622,2026-07-07T19:21:52Z,2026-07-07 19:21,down,74.21916248
31.622,3325.88,2862.15,3633.57,3115.74,11.074,2026-07-07T19:33:55.733Z,22.622,2026-07-07T19:33:55Z,2026-07-07 19:33,down,74.21916248
31.622,3231.44,2781,3567.98,3068.91,11.507,2026-07-07T19:45:58.953Z,22.622,2026-07-07T19:45:58Z,2026-07-07 19:45,down,74.21916248
31.622,3178.91,2741.52,3443.23,2952.79,11.549,2026-07-07T19:58:02.267Z,22.622,2026-07-07T19:58:02Z,2026-07-07 19:58,down,74.21916248
31.622,3027.26,2599.8,3514.44,3007.56,11.09,2026-07-07T20:10:05.644Z,22.622,2026-07-07T20:10:05Z,2026-07-07 20:10,down,74.21916248
31.622,3337,2863.95,3797.03,3258.31,11.316,2026-07-07T20:22:09.849Z,22.622,2026-07-07T20:22:09Z,2026-07-07 20:22,down,74.21916248
31.622,3502.55,3019.85,3637.72,3121.4,11.693,2026-07-07T20:34:13.132Z,22.622,2026-07-07T20:34:13Z,2026-07-07 20:34,down,74.21916248
31.622,3040.99,2611.11,3429.75,2934.16,11.134,2026-07-07T20:46:17.634Z,22.622,2026-07-07T20:46:17Z,2026-07-07 20:46,down,74.21916248
31.622,3212.2,2754.6,3540.28,3034.38,11.268,2026-07-07T20:58:21.042Z,22.622,2026-07-07T20:58:21Z,2026-07-07 20:58,down,74.21916248
31.622,3328.85,2866.87,3700.71,3172.94,11.717,2026-07-07T21:10:23.590Z,22.622,2026-07-07T21:10:23Z,2026-07-07 21:10,down,74.21916248
31.622,3391.87,2909.89,3748.51,3203.11,11.146,2026-07-07T21:22:26.779Z,22.622,2026-07-07T21:22:26Z,2026-07-07 21:22,down,74.21916248
31.622,3394.64,2908.16,3737.07,3191.22,11.024,2026-07-07T21:34:30.374Z,22.622,2026-07-07T21:34:30Z,2026-07-07 21:34,down,74.21916248
31.622,3389.42,2911.89,3748.51,3215.94,11.654,2026-07-07T21:46:32.766Z,22.622,2026-07-07T21:46:32Z,2026-07-07 21:46,down,74.21916248
31.622,3342.61,2871.72,3663.17,3129.27,11.36,2026-07-07T21:58:36.674Z,22.622,2026-07-07T21:58:36Z,2026-07-07 21:58,down,74.21916248
31.622,3213.95,2752.91,3472.46,2963.71,11.045,2026-07-07T22:10:39.410Z,22.622,2026-07-07T22:10:39Z,2026-07-07 22:10,down,74.21916248
31.622,3037.53,2601.16,3354.21,2873.5,11.241,2026-07-07T22:22:43.537Z,22.622,2026-07-07T22:22:43Z,2026-07-07 22:22,down,74.21916248
31.622,3424.25,2948.13,3776.18,3235.82,11.667,2026-07-07T22:34:46.022Z,22.622,2026-07-07T22:34:46Z,2026-07-07 22:34,down,74.21916248
31.622,3165.14,2714.24,3500.65,2991.55,11.089,2026-07-07T22:46:49.180Z,22.622,2026-07-07T22:46:49Z,2026-07-07 22:46,down,74.21916248
31.622,3265.66,2798.42,3617.54,3098.03,11.2,2026-07-07T22:58:51.650Z,22.622,2026-07-07T22:58:51Z,2026-07-07 22:58,down,74.21916248
47.128,3285.33,2786.24,3684.16,3120.07,11.163,2026-07-07T00:04:47.279Z,38.128,2026-07-07T00:04:47Z,2026-07-07 00:04,down,125.09186752
47.128,3272.6,2776.88,3646.92,3091.13,11.067,2026-07-07T00:16:50.203Z,38.128,2026-07-07T00:16:50Z,2026-07-07 00:16,down,125.09186752
47.128,3311.84,2814.32,3698.6,3141.91,11.163,2026-07-07T00:28:52.501Z,38.128,2026-07-07T00:28:52Z,2026-07-07 00:28,down,125.09186752
47.128,3439.5,2926.69,3688.21,3134.78,11.088,2026-07-07T00:40:56.831Z,38.128,2026-07-07T00:40:56Z,2026-07-07 00:40,down,125.09186752
47.128,3319.31,2827.44,3792.78,3225.7,11.005,2026-07-07T00:53:00.067Z,38.128,2026-07-07T00:53:00Z,2026-07-07 00:53,down,125.09186752
47.128,3321.37,2830.67,3631.16,3092.04,10.988,2026-07-07T01:05:03.224Z,38.128,2026-07-07T01:05:03Z,2026-07-07 01:05,down,125.09186752
47.128,3361.75,2869.97,3686.25,3147,11.09,2026-07-07T01:17:06.695Z,38.128,2026-07-07T01:17:06Z,2026-07-07 01:17,down,125.09186752
47.128,3333.46,2854.18,3752.19,3209.9,11.273,2026-07-07T01:29:10.665Z,38.128,2026-07-07T01:29:10Z,2026-07-07 01:29,down,125.09186752
47.128,3290.21,2823.34,3788.01,3247.06,11.425,2026-07-07T01:41:13.854Z,38.128,2026-07-07T01:41:13Z,2026-07-07 01:41,down,125.09186752
47.128,3239.08,2783.26,3690.21,3167.45,11.443,2026-07-07T01:53:17.418Z,38.128,2026-07-07T01:53:17Z,2026-07-07 01:53,down,125.09186752
47.128,3418.68,2941.07,3705.48,3183.88,11.463,2026-07-07T02:05:20.748Z,38.128,2026-07-07T02:05:20Z,2026-07-07 02:05,down,125.09186752
47.128,3253.07,2800.74,3708.77,3190.22,11.415,2026-07-07T02:17:23.843Z,38.128,2026-07-07T02:17:23Z,2026-07-07 02:17,down,125.09186752
47.128,3378.55,2911.87,3737.67,3217.22,11.411,2026-07-07T02:29:27.642Z,38.128,2026-07-07T02:29:27Z,2026-07-07 02:29,down,125.09186752
47.128,3465.87,2990.17,3690.79,3179.79,11.409,2026-07-07T02:41:31.206Z,38.128,2026-07-07T02:41:31Z,2026-07-07 02:41,down,125.09186752
47.128,3520.02,3040.64,3814.46,3290.64,11.42,2026-07-07T02:53:34.958Z,38.128,2026-07-07T02:53:34Z,2026-07-07 02:53,down,125.09186752
47.128,3368,2911.43,3848.21,3321.79,11.405,2026-07-07T03:05:38.960Z,38.128,2026-07-07T03:05:38Z,2026-07-07 03:05,down,125.09186752
47.128,3389.16,2931.54,3866.43,3339.36,11.386,2026-07-07T03:17:42.117Z,38.128,2026-07-07T03:17:42Z,2026-07-07 03:17,down,125.09186752
47.128,3541.55,3064.13,3870.57,3344.71,11.379,2026-07-07T03:29:44.931Z,38.128,2026-07-07T03:29:44Z,2026-07-07 03:29,down,125.09186752
47.128,3512.53,3042.6,3961.72,3425.73,11.387,2026-07-07T03:41:48.245Z,38.128,2026-07-07T03:41:48Z,2026-07-07 03:41,down,125.09186752
47.128,3498.17,3032.37,3988.45,3451.21,11.378,2026-07-07T03:53:50.965Z,38.128,2026-07-07T03:53:50Z,2026-07-07 03:53,down,125.09186752
47.128,3416.84,2963.52,3994.62,3459.28,11.37,2026-07-07T04:05:53.779Z,38.128,2026-07-07T04:05:53Z,2026-07-07 04:05,down,125.09186752
47.128,3407.53,2959.11,3871.52,3355.18,11.381,2026-07-07T04:17:57.218Z,38.128,2026-07-07T04:17:57Z,2026-07-07 04:17,down,125.09186752
47.128,3499.19,3039.86,3864.9,3350.37,11.383,2026-07-07T04:30:00.970Z,38.128,2026-07-07T04:30:00Z,2026-07-07 04:30,down,125.09186752
47.128,3440.22,2989.3,3839.26,3330.27,11.364,2026-07-07T04:42:04.096Z,38.128,2026-07-07T04:42:04Z,2026-07-07 04:42,down,125.09186752
47.128,3583.63,3115.15,3762.23,3265.05,11.358,2026-07-07T04:54:07.785Z,38.128,2026-07-07T04:54:07Z,2026-07-07 04:54,down,125.09186752
47.128,3353.68,2917.17,3830.43,3326.79,11.34,2026-07-07T05:06:11.005Z,38.128,2026-07-07T05:06:11Z,2026-07-07 05:06,down,125.09186752
47.128,3498.62,3046.04,3713.48,3226.62,11.379,2026-07-07T05:18:14.820Z,38.128,2026-07-07T05:18:14Z,2026-07-07 05:18,down,125.09186752
47.128,3297.72,2871.76,3974.36,3453.33,11.386,2026-07-07T05:30:18.040Z,38.128,2026-07-07T05:30:18Z,2026-07-07 05:30,down,125.09186752
47.128,3373.75,2938.42,3809.32,3313.21,11.386,2026-07-07T05:42:20.776Z,38.128,2026-07-07T05:42:20Z,2026-07-07 05:42,down,125.09186752
47.128,3348.73,2919.43,3698.3,3217.52,11.392,2026-07-07T05:54:23.793Z,38.128,2026-07-07T05:54:23Z,2026-07-07 05:54,down,125.09186752
47.128,3385.13,2953.73,3764.53,3278.01,11.395,2026-07-07T06:06:26.950Z,38.128,2026-07-07T06:06:26Z,2026-07-07 06:06,down,125.09186752
47.128,3326,2904,3856.05,3360.41,11.375,2026-07-07T06:18:29.342Z,38.128,2026-07-07T06:18:29Z,2026-07-07 06:18,down,125.09186752
47.128,3284.62,2869.77,3690.05,3218.81,11.372,2026-07-07T06:30:32.828Z,38.128,2026-07-07T06:30:32Z,2026-07-07 06:30,down,125.09186752
47.128,3379.93,2956.07,3608.25,3150.01,11.361,2026-07-07T06:42:36.111Z,38.128,2026-07-07T06:42:36Z,2026-07-07 06:42,down,125.09186752
47.128,3222.17,2820.72,3753.85,3280.81,11.368,2026-07-07T06:54:39.816Z,38.128,2026-07-07T06:54:39Z,2026-07-07 06:54,down,125.09186752
47.128,3195.3,2800.46,3686.14,3223.98,11.371,2026-07-07T07:06:42.285Z,38.128,2026-07-07T07:06:42Z,2026-07-07 07:06,down,125.09186752
47.128,3248.81,2848.29,3726.33,3260.46,11.348,2026-07-07T07:18:45.818Z,38.128,2026-07-07T07:18:45Z,2026-07-07 07:18,down,125.09186752
47.128,3236.73,2840.06,3602.59,3153.27,11.335,2026-07-07T07:30:49.820Z,38.128,2026-07-07T07:30:49Z,2026-07-07 07:30,down,125.09186752
47.128,3297.63,2895.02,3632.15,3180.75,11.339,2026-07-07T07:42:53.244Z,38.128,2026-07-07T07:42:53Z,2026-07-07 07:42,down,125.09186752
47.128,3199.72,2810.33,3791.23,3320.54,11.319,2026-07-07T07:54:56.761Z,38.128,2026-07-07T07:54:56Z,2026-07-07 07:54,down,125.09186752
47.128,3262.64,2867.59,3548.89,3111.13,11.324,2026-07-07T08:07:00.622Z,38.128,2026-07-07T08:07:00Z,2026-07-07 08:07,down,125.09186752
47.128,3209.57,2822.98,3814.68,3346,11.318,2026-07-07T08:19:03.733Z,38.128,2026-07-07T08:19:03Z,2026-07-07 08:19,down,125.09186752
47.128,3301.27,2905.39,3724.35,3268.63,11.323,2026-07-07T08:31:06.891Z,38.128,2026-07-07T08:31:06Z,2026-07-07 08:31,down,125.09186752
47.128,3252.2,2863.68,3786.62,3324.28,11.312,2026-07-07T08:43:09.751Z,38.128,2026-07-07T08:43:09Z,2026-07-07 08:43,down,125.09186752
47.128,3393.88,2989.57,3814.3,3350.95,11.309,2026-07-07T08:55:12.440Z,38.128,2026-07-07T08:55:12Z,2026-07-07 08:55,down,125.09186752
47.128,3363.39,2963.56,3715.49,3265.5,11.285,2026-07-07T09:07:15.238Z,38.128,2026-07-07T09:07:15Z,2026-07-07 09:07,down,125.09186752
47.128,3394.88,2992.86,3881.14,3411.16,11.277,2026-07-07T09:19:19.271Z,38.128,2026-07-07T09:19:19Z,2026-07-07 09:19,down,125.09186752
47.128,3495.19,3082.72,3888.16,3418.38,11.29,2026-07-07T09:31:22.398Z,38.128,2026-07-07T09:31:22Z,2026-07-07 09:31,down,125.09186752
47.128,3412.67,3011.15,3710.43,3263.03,11.269,2026-07-07T09:43:26.009Z,38.128,2026-07-07T09:43:26Z,2026-07-07 09:43,down,125.09186752
47.128,3287.69,2901.12,3862.6,3397.44,11.282,2026-07-07T09:55:29.667Z,38.128,2026-07-07T09:55:29Z,2026-07-07 09:55,down,125.09186752
47.128,3330.29,2939.65,3754.11,3303.25,11.271,2026-07-07T10:07:32.996Z,38.128,2026-07-07T10:07:32Z,2026-07-07 10:07,down,125.09186752
47.128,3426.61,3026.51,3873.38,3408.45,11.267,2026-07-07T10:19:36.060Z,38.128,2026-07-07T10:19:36Z,2026-07-07 10:19,down,125.09186752
47.128,3552.95,3138.01,4055.57,3569.88,11.257,2026-07-07T10:31:39.374Z,38.128,2026-07-07T10:31:39Z,2026-07-07 10:31,down,125.09186752
47.128,3527.13,3115.73,3715.29,3270.54,11.269,2026-07-07T10:43:42.594Z,38.128,2026-07-07T10:43:42Z,2026-07-07 10:43,down,125.09186752
47.128,3234.98,2858.32,3739.7,3293.37,11.253,2026-07-07T10:55:45.346Z,38.128,2026-07-07T10:55:45Z,2026-07-07 10:55,down,125.09186752
47.128,3405.21,3008.86,3904.7,3439.3,11.243,2026-07-07T11:07:48.488Z,38.128,2026-07-07T11:07:48Z,2026-07-07 11:07,down,125.09186752
47.128,3404.6,3009.76,3849.63,3391.32,11.25,2026-07-07T11:19:51.317Z,38.128,2026-07-07T11:19:51Z,2026-07-07 11:19,down,125.09186752
47.128,3449.31,3049.57,3908.28,3442.16,11.261,2026-07-07T11:31:54.616Z,38.128,2026-07-07T11:31:54Z,2026-07-07 11:31,down,125.09186752
47.128,3462.55,3061.11,3855.27,3396.02,11.255,2026-07-07T11:43:57.523Z,38.128,2026-07-07T11:43:57Z,2026-07-07 11:43,down,125.09186752
47.128,3443.91,3043.88,3860.16,3399.68,11.264,2026-07-07T11:56:01.306Z,38.128,2026-07-07T11:56:01Z,2026-07-07 11:56,down,125.09186752
47.128,3346.99,2957.98,3655.69,3219.71,11.265,2026-07-07T12:08:04.042Z,38.128,2026-07-07T12:08:04Z,2026-07-07 12:08,down,125.09186752
47.128,3565.46,3151.18,4013.04,3532.8,11.261,2026-07-07T12:20:07.965Z,38.128,2026-07-07T12:20:07Z,2026-07-07 12:20,down,125.09186752
47.128,3418.38,3020.06,3870.03,3406.87,11.285,2026-07-07T12:32:10.623Z,38.128,2026-07-07T12:32:10Z,2026-07-07 12:32,down,125.09186752
47.128,3328.14,2939.83,3867.41,3402.23,11.297,2026-07-07T12:44:14.062Z,38.128,2026-07-07T12:44:14Z,2026-07-07 12:44,down,125.09186752
47.128,3518.06,3105.35,3783.68,3327.36,11.308,2026-07-07T12:56:17.595Z,38.128,2026-07-07T12:56:17Z,2026-07-07 12:56,down,125.09186752
47.128,3380.82,2983.94,3757.91,3304.84,11.328,2026-07-07T13:08:20.659Z,38.128,2026-07-07T13:08:20Z,2026-07-07 13:08,down,125.09186752
47.128,3378.06,2979.64,3809.89,3348.9,11.307,2026-07-07T13:20:23.598Z,38.128,2026-07-07T13:20:23Z,2026-07-07 13:20,down,125.09186752
47.128,3271.74,2885.94,3780.97,3323.13,11.315,2026-07-07T13:32:26.740Z,38.128,2026-07-07T13:32:26Z,2026-07-07 13:32,down,125.09186752
47.128,3274.21,2886.56,3904.24,3429.89,11.296,2026-07-07T13:44:30.491Z,38.128,2026-07-07T13:44:30Z,2026-07-07 13:44,down,125.09186752
47.128,3363.17,2963.92,3768.02,3311.03,11.324,2026-07-07T13:56:33.430Z,38.128,2026-07-07T13:56:33Z,2026-07-07 13:56,down,125.09186752
47.128,3220.34,2837.21,3722.74,3270.1,11.311,2026-07-07T14:08:37.229Z,38.128,2026-07-07T14:08:37Z,2026-07-07 14:08,down,125.09186752
47.128,3302.9,2909.8,3620.9,3182.41,11.32,2026-07-07T14:20:40.934Z,38.128,2026-07-07T14:20:40Z,2026-07-07 14:20,down,125.09186752
47.128,3260.45,2872.07,3716.43,3265.68,11.302,2026-07-07T14:32:43.544Z,38.128,2026-07-07T14:32:43Z,2026-07-07 14:32,down,125.09186752
47.128,3179.22,2799.66,3667.33,3219.33,11.285,2026-07-07T14:44:46.749Z,38.128,2026-07-07T14:44:46Z,2026-07-07 14:44,down,125.09186752
47.128,3208.09,2823.74,3537.65,3105.06,11.317,2026-07-07T14:56:49.500Z,38.128,2026-07-07T14:56:49Z,2026-07-07 14:56,down,125.09186752
47.128,3329.09,2929.18,3627.5,3181.95,11.332,2026-07-07T15:08:52.501Z,38.128,2026-07-07T15:08:52Z,2026-07-07 15:08,down,125.09186752
47.128,3172.91,2789.65,3691.73,3235.42,11.34,2026-07-07T15:20:55.941Z,38.128,2026-07-07T15:20:55Z,2026-07-07 15:20,down,125.09186752
47.128,3286.43,2887.8,3581.21,3139.59,11.396,2026-07-07T15:32:59.020Z,38.128,2026-07-07T15:32:59Z,2026-07-07 15:32,down,125.09186752
47.128,3157.76,2772.79,3714.3,3253.25,11.331,2026-07-07T15:45:01.552Z,38.128,2026-07-07T15:45:01Z,2026-07-07 15:45,down,125.09186752
47.128,3175.85,2783.98,3769.9,3293.59,11.09,2026-07-07T15:57:04.210Z,38.128,2026-07-07T15:57:04Z,2026-07-07 15:57,down,125.09186752
47.128,3268.56,2861.3,3725.76,3252.01,11.061,2026-07-07T16:09:06.867Z,38.128,2026-07-07T16:09:06Z,2026-07-07 16:09,down,125.09186752
47.128,3272.52,2862.68,3675.53,3207.82,11.206,2026-07-07T16:21:09.978Z,38.128,2026-07-07T16:21:09Z,2026-07-07 16:21,down,125.09186752
47.128,3438.08,3002.12,3796,3303.74,11.069,2026-07-07T16:33:13.089Z,38.128,2026-07-07T16:33:13Z,2026-07-07 16:33,down,125.09186752
47.128,3411.91,2974.15,3839.72,3339.77,11.118,2026-07-07T16:45:16.028Z,38.128,2026-07-07T16:45:16Z,2026-07-07 16:45,down,125.09186752
47.128,3442.61,3000.32,3913.69,3398.36,11.175,2026-07-07T16:57:19.326Z,38.128,2026-07-07T16:57:19Z,2026-07-07 16:57,down,125.09186752
47.128,3453.64,3003.25,3914.53,3393.95,11.045,2026-07-07T17:09:21.890Z,38.128,2026-07-07T17:09:21Z,2026-07-07 17:09,down,125.09186752
47.128,3510.36,3048.81,3870.98,3354.56,11.094,2026-07-07T17:21:25.266Z,38.128,2026-07-07T17:21:25Z,2026-07-07 17:21,down,125.09186752
47.128,3430.53,2978.96,3865.61,3346.09,11.179,2026-07-07T17:33:27.658Z,38.128,2026-07-07T17:33:27Z,2026-07-07 17:33,down,125.09186752
47.128,3530.46,3058.38,3815.52,3297.61,11.055,2026-07-07T17:45:30.097Z,38.128,2026-07-07T17:45:30Z,2026-07-07 17:45,down,125.09186752
47.128,3417.83,2958.23,3767.98,3254.13,11.161,2026-07-07T17:57:33.098Z,38.128,2026-07-07T17:57:33Z,2026-07-07 17:57,down,125.09186752
47.128,3379.61,2922.76,3826.76,3301.37,11.166,2026-07-07T18:09:35.630Z,38.128,2026-07-07T18:09:35Z,2026-07-07 18:09,down,125.09186752
47.128,3395.29,2931.88,3542.69,3053.76,11.063,2026-07-07T18:21:38.538Z,38.128,2026-07-07T18:21:38Z,2026-07-07 18:21,down,125.09186752
47.128,3350.48,2892.66,3788.87,3267.25,11.188,2026-07-07T18:33:41.289Z,38.128,2026-07-07T18:33:41Z,2026-07-07 18:33,down,125.09186752
47.128,3361.5,2900.88,3696.52,3180.79,11.097,2026-07-07T18:45:44.416Z,38.128,2026-07-07T18:45:44Z,2026-07-07 18:45,down,125.09186752
47.128,3249.26,2799.27,3682.85,3166.29,11.026,2026-07-07T18:57:46.932Z,38.128,2026-07-07T18:57:46Z,2026-07-07 18:57,down,125.09186752
47.128,3373.28,2905.76,3686.38,3171.17,11.167,2026-07-07T19:09:49.840Z,38.128,2026-07-07T19:09:49Z,2026-07-07 19:09,down,125.09186752
47.128,3236.83,2788.05,3381.01,2903.7,11.137,2026-07-07T19:21:52.826Z,38.128,2026-07-07T19:21:52Z,2026-07-07 19:21,down,125.09186752
47.128,3305.48,2842.03,3658.72,3138.71,11.036,2026-07-07T19:33:55.733Z,38.128,2026-07-07T19:33:55Z,2026-07-07 19:33,down,125.09186752
47.128,3210.78,2757.47,3590.76,3079.64,11.091,2026-07-07T19:45:58.953Z,38.128,2026-07-07T19:45:58Z,2026-07-07 19:45,down,125.09186752
47.128,3157.55,2712.87,3461.02,2966.73,11.196,2026-07-07T19:58:02.267Z,38.128,2026-07-07T19:58:02Z,2026-07-07 19:58,down,125.09186752
47.128,3006.87,2579.48,3538.78,3029.66,11.033,2026-07-07T20:10:05.644Z,38.128,2026-07-07T20:10:05Z,2026-07-07 20:10,down,125.09186752
47.128,3316.22,2843.2,3818.48,3270.13,11.061,2026-07-07T20:22:09.849Z,38.128,2026-07-07T20:22:09Z,2026-07-07 20:22,down,125.09186752
47.128,3477.95,2984.78,3659.51,3136.09,11.197,2026-07-07T20:34:13.132Z,38.128,2026-07-07T20:34:13Z,2026-07-07 20:34,down,125.09186752
47.128,3021.32,2591.37,3450.65,2952.95,11.067,2026-07-07T20:46:17.634Z,38.128,2026-07-07T20:46:17Z,2026-07-07 20:46,down,125.09186752
47.128,3193.3,2735.85,3561.44,3046.95,11.037,2026-07-07T20:58:21.042Z,38.128,2026-07-07T20:58:21Z,2026-07-07 20:58,down,125.09186752
47.128,3304.91,2832.15,3720.91,3185.25,11.169,2026-07-07T21:10:23.590Z,38.128,2026-07-07T21:10:23Z,2026-07-07 21:10,down,125.09186752
47.128,3373.87,2890.45,3775.8,3228.44,11.082,2026-07-07T21:22:26.779Z,38.128,2026-07-07T21:22:26Z,2026-07-07 21:22,down,125.09186752
47.128,3377.94,2891.47,3764.3,3216.54,11.009,2026-07-07T21:34:30.374Z,38.128,2026-07-07T21:34:30Z,2026-07-07 21:34,down,125.09186752
47.128,3366.01,2881.6,3769.89,3223.23,11.071,2026-07-07T21:46:32.766Z,38.128,2026-07-07T21:46:32Z,2026-07-07 21:46,down,125.09186752
47.128,3320.3,2844.75,3687.71,3151.03,11.151,2026-07-07T21:58:36.674Z,38.128,2026-07-07T21:58:36Z,2026-07-07 21:58,down,125.09186752
47.128,3194.93,2734.08,3494.56,2984.28,11.015,2026-07-07T22:10:39.410Z,38.128,2026-07-07T22:10:39Z,2026-07-07 22:10,down,125.09186752
47.128,3021.47,2585.43,3375.04,2885.62,11.011,2026-07-07T22:22:43.537Z,38.128,2026-07-07T22:22:43Z,2026-07-07 22:22,down,125.09186752
47.128,3399.57,2912.12,3797.45,3249.78,11.132,2026-07-07T22:34:46.022Z,38.128,2026-07-07T22:34:46Z,2026-07-07 22:34,down,125.09186752
47.128,3146.05,2694.57,3524.83,3013.91,11.034,2026-07-07T22:46:49.180Z,38.128,2026-07-07T22:46:49Z,2026-07-07 22:46,down,125.09186752
47.128,3247.5,2780.11,3638.96,3111.54,10.987,2026-07-07T22:58:51.650Z,38.128,2026-07-07T22:58:51Z,2026-07-07 22:58,down,125.09186752
62.38,3267.33,2771.7,3715.12,3148.97,11.257,2026-07-07T00:04:47.279Z,53.38,2026-07-07T00:04:47Z,2026-07-07 00:04,down,175.1312392
62.38,3256.66,2761.5,3672.57,3119.34,11.185,2026-07-07T00:16:50.203Z,53.38,2026-07-07T00:16:50Z,2026-07-07 00:16,down,175.1312392
62.38,3292.08,2801.05,3728.69,3172.22,11.394,2026-07-07T00:28:52.501Z,53.38,2026-07-07T00:28:52Z,2026-07-07 00:28,down,175.1312392
62.38,3418.18,2906.82,3711.19,3157.25,11.116,2026-07-07T00:40:56.831Z,53.38,2026-07-07T00:40:56Z,2026-07-07 00:40,down,175.1312392
62.38,3302.21,2811.27,3821.46,3253.11,11.035,2026-07-07T00:53:00.067Z,53.38,2026-07-07T00:53:00Z,2026-07-07 00:53,down,175.1312392
62.38,3305.21,2815.78,3660.91,3124.3,11.141,2026-07-07T01:05:03.224Z,53.38,2026-07-07T01:05:03Z,2026-07-07 01:05,down,175.1312392
62.38,3345.18,2859.48,3716.23,3178.41,11.351,2026-07-07T01:17:06.695Z,53.38,2026-07-07T01:17:06Z,2026-07-07 01:17,down,175.1312392
62.38,3314.39,2839.98,3779.99,3238.9,11.472,2026-07-07T01:29:10.665Z,53.38,2026-07-07T01:29:10Z,2026-07-07 01:29,down,175.1312392
62.38,3272.3,2807.41,3813.9,3273.09,11.507,2026-07-07T01:41:13.854Z,53.38,2026-07-07T01:41:13Z,2026-07-07 01:41,down,175.1312392
62.38,3220.68,2766.24,3715.75,3193.08,11.504,2026-07-07T01:53:17.418Z,53.38,2026-07-07T01:53:17Z,2026-07-07 01:53,down,175.1312392
62.38,3399.5,2923.86,3735.06,3212.95,11.539,2026-07-07T02:05:20.748Z,53.38,2026-07-07T02:05:20Z,2026-07-07 02:05,down,175.1312392
62.38,3235.83,2785.83,3736.18,3218.44,11.534,2026-07-07T02:17:23.843Z,53.38,2026-07-07T02:17:23Z,2026-07-07 02:17,down,175.1312392
62.38,3360.38,2896.53,3768.39,3248.21,11.538,2026-07-07T02:29:27.642Z,53.38,2026-07-07T02:29:27Z,2026-07-07 02:29,down,175.1312392
62.38,3445.81,2973.28,3720.33,3210.04,11.546,2026-07-07T02:41:31.206Z,53.38,2026-07-07T02:41:31Z,2026-07-07 02:41,down,175.1312392
62.38,3500.15,3024.02,3844.67,3321.98,11.569,2026-07-07T02:53:34.958Z,53.38,2026-07-07T02:53:34Z,2026-07-07 02:53,down,175.1312392
62.38,3351.81,2897.68,3877.59,3351.99,11.534,2026-07-07T03:05:38.960Z,53.38,2026-07-07T03:05:38Z,2026-07-07 03:05,down,175.1312392
62.38,3373.95,2918.73,3894.15,3368.78,11.533,2026-07-07T03:17:42.117Z,53.38,2026-07-07T03:17:42Z,2026-07-07 03:17,down,175.1312392
62.38,3520.52,3046.5,3898.94,3374.41,11.524,2026-07-07T03:29:44.931Z,53.38,2026-07-07T03:29:44Z,2026-07-07 03:29,down,175.1312392
62.38,3492.09,3025.23,3990.76,3456.85,11.542,2026-07-07T03:41:48.245Z,53.38,2026-07-07T03:41:48Z,2026-07-07 03:41,down,175.1312392
62.38,3478.89,3016.16,4017.06,3482.33,11.546,2026-07-07T03:53:50.965Z,53.38,2026-07-07T03:53:50Z,2026-07-07 03:53,down,175.1312392
62.38,3394.28,2945.07,4022.62,3489.62,11.549,2026-07-07T04:05:53.779Z,53.38,2026-07-07T04:05:53Z,2026-07-07 04:05,down,175.1312392
62.38,3385.36,2940.21,3905.6,3390.51,11.535,2026-07-07T04:17:57.218Z,53.38,2026-07-07T04:17:57Z,2026-07-07 04:17,down,175.1312392
62.38,3479.1,3023.24,3891.97,3379.65,11.551,2026-07-07T04:30:00.970Z,53.38,2026-07-07T04:30:00Z,2026-07-07 04:30,down,175.1312392
62.38,3416.78,2969.86,3868.07,3360.94,11.532,2026-07-07T04:42:04.096Z,53.38,2026-07-07T04:42:04Z,2026-07-07 04:42,down,175.1312392
62.38,3561.24,3096.51,3792.88,3297.94,11.541,2026-07-07T04:54:07.785Z,53.38,2026-07-07T04:54:07Z,2026-07-07 04:54,down,175.1312392
62.38,3334.99,2901.9,3860.83,3358.77,11.508,2026-07-07T05:06:11.005Z,53.38,2026-07-07T05:06:11Z,2026-07-07 05:06,down,175.1312392
62.38,3480.99,3031.26,3742.23,3256.83,11.529,2026-07-07T05:18:14.820Z,53.38,2026-07-07T05:18:14Z,2026-07-07 05:18,down,175.1312392
62.38,3280.25,2857.35,4003.84,3484.6,11.545,2026-07-07T05:30:18.040Z,53.38,2026-07-07T05:30:18Z,2026-07-07 05:30,down,175.1312392
62.38,3354.99,2922.68,3836.51,3341.79,11.527,2026-07-07T05:42:20.776Z,53.38,2026-07-07T05:42:20Z,2026-07-07 05:42,down,175.1312392
62.38,3332.35,2905.42,3724.61,3245.4,11.529,2026-07-07T05:54:23.793Z,53.38,2026-07-07T05:54:23Z,2026-07-07 05:54,down,175.1312392
62.38,3366.59,2937.4,3792.16,3306.99,11.516,2026-07-07T06:06:26.950Z,53.38,2026-07-07T06:06:26Z,2026-07-07 06:06,down,175.1312392
62.38,3307.98,2888.73,3890.23,3395.01,11.508,2026-07-07T06:18:29.342Z,53.38,2026-07-07T06:18:29Z,2026-07-07 06:18,down,175.1312392
62.38,3266.58,2854.61,3716.84,3246.74,11.507,2026-07-07T06:30:32.828Z,53.38,2026-07-07T06:30:32Z,2026-07-07 06:30,down,175.1312392
62.38,3361.7,2940.58,3635.67,3179.05,11.508,2026-07-07T06:42:36.111Z,53.38,2026-07-07T06:42:36Z,2026-07-07 06:42,down,175.1312392
62.38,3206.43,2807.71,3782.9,3310.78,11.507,2026-07-07T06:54:39.816Z,53.38,2026-07-07T06:54:39Z,2026-07-07 06:54,down,175.1312392
62.38,3178.31,2785.66,3710.16,3249.42,11.488,2026-07-07T07:06:42.285Z,53.38,2026-07-07T07:06:42Z,2026-07-07 07:06,down,175.1312392
62.38,3228.25,2830.16,3753.43,3289.25,11.475,2026-07-07T07:18:45.818Z,53.38,2026-07-07T07:18:45Z,2026-07-07 07:18,down,175.1312392
62.38,3217.13,2823.25,3631,3183.05,11.476,2026-07-07T07:30:49.820Z,53.38,2026-07-07T07:30:49Z,2026-07-07 07:30,down,175.1312392
62.38,3275.07,2875.75,3660.75,3210.6,11.48,2026-07-07T07:42:53.244Z,53.38,2026-07-07T07:42:53Z,2026-07-07 07:42,down,175.1312392
62.38,3180.17,2793.35,3816.37,3347.75,11.454,2026-07-07T07:54:56.761Z,53.38,2026-07-07T07:54:56Z,2026-07-07 07:54,down,175.1312392
62.38,3244.17,2851.75,3576.57,3140.78,11.48,2026-07-07T08:07:00.622Z,53.38,2026-07-07T08:07:00Z,2026-07-07 08:07,down,175.1312392
62.38,3187.98,2804.48,3842.92,3376.47,11.474,2026-07-07T08:19:03.733Z,53.38,2026-07-07T08:19:03Z,2026-07-07 08:19,down,175.1312392
62.38,3283.95,2890.41,3748.53,3295.31,11.47,2026-07-07T08:31:06.891Z,53.38,2026-07-07T08:31:06Z,2026-07-07 08:31,down,175.1312392
62.38,3233.46,2847.68,3815.4,3354.77,11.457,2026-07-07T08:43:09.751Z,53.38,2026-07-07T08:43:09Z,2026-07-07 08:43,down,175.1312392
62.38,3378.26,2976.32,3842.69,3380.83,11.446,2026-07-07T08:55:12.440Z,53.38,2026-07-07T08:55:12Z,2026-07-07 08:55,down,175.1312392
62.38,3343.75,2946.95,3745.62,3297.8,11.453,2026-07-07T09:07:15.238Z,53.38,2026-07-07T09:07:15Z,2026-07-07 09:07,down,175.1312392
62.38,3378.43,2979.02,3912.66,3444.76,11.44,2026-07-07T09:19:19.271Z,53.38,2026-07-07T09:19:19Z,2026-07-07 09:19,down,175.1312392
62.38,3473.4,3064.03,3920.89,3452.84,11.442,2026-07-07T09:31:22.398Z,53.38,2026-07-07T09:31:22Z,2026-07-07 09:31,down,175.1312392
62.38,3392.66,2994.49,3739.68,3294.08,11.433,2026-07-07T09:43:26.009Z,53.38,2026-07-07T09:43:26Z,2026-07-07 09:43,down,175.1312392
62.38,3270.01,2886.29,3890.33,3427.74,11.449,2026-07-07T09:55:29.667Z,53.38,2026-07-07T09:55:29Z,2026-07-07 09:55,down,175.1312392
62.38,3315.48,2927.43,3782.59,3334.5,11.452,2026-07-07T10:07:32.996Z,53.38,2026-07-07T10:07:32Z,2026-07-07 10:07,down,175.1312392
62.38,3407.21,3010.52,3901.53,3439.5,11.452,2026-07-07T10:19:36.060Z,53.38,2026-07-07T10:19:36Z,2026-07-07 10:19,down,175.1312392
62.38,3535.83,3123.95,4083.6,3601.08,11.438,2026-07-07T10:31:39.374Z,53.38,2026-07-07T10:31:39Z,2026-07-07 10:31,down,175.1312392
62.38,3509.09,3100.8,3740.12,3298.35,11.447,2026-07-07T10:43:42.594Z,53.38,2026-07-07T10:43:42Z,2026-07-07 10:43,down,175.1312392
62.38,3217.95,2844.32,3764.47,3321.37,11.44,2026-07-07T10:55:45.346Z,53.38,2026-07-07T10:55:45Z,2026-07-07 10:55,down,175.1312392
62.38,3386.96,2994.46,3932.52,3470.19,11.446,2026-07-07T11:07:48.488Z,53.38,2026-07-07T11:07:48Z,2026-07-07 11:07,down,175.1312392
62.38,3388.15,2996.26,3875.96,3420.71,11.431,2026-07-07T11:19:51.317Z,53.38,2026-07-07T11:19:51Z,2026-07-07 11:19,down,175.1312392
62.38,3434.02,3037,3932.96,3469.94,11.433,2026-07-07T11:31:54.616Z,53.38,2026-07-07T11:31:54Z,2026-07-07 11:31,down,175.1312392
62.38,3446.09,3047.97,3879.9,3424.49,11.46,2026-07-07T11:43:57.523Z,53.38,2026-07-07T11:43:57Z,2026-07-07 11:43,down,175.1312392
62.38,3424.63,3027.73,3891.09,3433.01,11.438,2026-07-07T11:56:01.306Z,53.38,2026-07-07T11:56:01Z,2026-07-07 11:56,down,175.1312392
62.38,3326.42,2940.87,3683.18,3249.6,11.442,2026-07-07T12:08:04.042Z,53.38,2026-07-07T12:08:04Z,2026-07-07 12:08,down,175.1312392
62.38,3548.59,3137.27,4042.49,3565.81,11.454,2026-07-07T12:20:07.965Z,53.38,2026-07-07T12:20:07Z,2026-07-07 12:20,down,175.1312392
62.38,3397.73,3002.8,3899.82,3439.18,11.461,2026-07-07T12:32:10.623Z,53.38,2026-07-07T12:32:10Z,2026-07-07 12:32,down,175.1312392
62.38,3310.64,2925.11,3897.1,3434.34,11.464,2026-07-07T12:44:14.062Z,53.38,2026-07-07T12:44:14Z,2026-07-07 12:44,down,175.1312392
62.38,3500.69,3091.08,3813.68,3359.68,11.485,2026-07-07T12:56:17.595Z,53.38,2026-07-07T12:56:17Z,2026-07-07 12:56,down,175.1312392
62.38,3363.16,2968.61,3791.97,3340.39,11.476,2026-07-07T13:08:20.659Z,53.38,2026-07-07T13:08:20Z,2026-07-07 13:08,down,175.1312392
62.38,3358.84,2963.23,3838.75,3380.04,11.466,2026-07-07T13:20:23.598Z,53.38,2026-07-07T13:20:23Z,2026-07-07 13:20,down,175.1312392
62.38,3251.92,2869.44,3810.8,3354.59,11.475,2026-07-07T13:32:26.740Z,53.38,2026-07-07T13:32:26Z,2026-07-07 13:32,down,175.1312392
62.38,3257.73,2873.11,3929.36,3457.75,11.468,2026-07-07T13:44:30.491Z,53.38,2026-07-07T13:44:30Z,2026-07-07 13:44,down,175.1312392
62.38,3346.73,2950.22,3796.09,3340.44,11.466,2026-07-07T13:56:33.430Z,53.38,2026-07-07T13:56:33Z,2026-07-07 13:56,down,175.1312392
62.38,3200.86,2820.68,3750.93,3299.95,11.458,2026-07-07T14:08:37.229Z,53.38,2026-07-07T14:08:37Z,2026-07-07 14:08,down,175.1312392
62.38,3283.9,2893.44,3647.8,3211.08,11.462,2026-07-07T14:20:40.934Z,53.38,2026-07-07T14:20:40Z,2026-07-07 14:20,down,175.1312392
62.38,3236.8,2852.23,3745.95,3296.59,11.458,2026-07-07T14:32:43.544Z,53.38,2026-07-07T14:32:43Z,2026-07-07 14:32,down,175.1312392
62.38,3161.91,2785.18,3694.82,3249.61,11.468,2026-07-07T14:44:46.749Z,53.38,2026-07-07T14:44:46Z,2026-07-07 14:44,down,175.1312392
62.38,3194.29,2812.42,3561.61,3131.17,11.478,2026-07-07T14:56:49.500Z,53.38,2026-07-07T14:56:49Z,2026-07-07 14:56,down,175.1312392
62.38,3312.11,2914.58,3653.12,3210.08,11.489,2026-07-07T15:08:52.501Z,53.38,2026-07-07T15:08:52Z,2026-07-07 15:08,down,175.1312392
62.38,3152.06,2771.7,3718.09,3264.55,11.507,2026-07-07T15:20:55.941Z,53.38,2026-07-07T15:20:55Z,2026-07-07 15:20,down,175.1312392
62.38,3266.66,2869.67,3603.47,3162.21,11.456,2026-07-07T15:32:59.020Z,53.38,2026-07-07T15:32:59Z,2026-07-07 15:32,down,175.1312392
62.38,3141.25,2759.24,3743.91,3281.94,11.43,2026-07-07T15:45:01.552Z,53.38,2026-07-07T15:45:01Z,2026-07-07 15:45,down,175.1312392
62.38,3154.97,2764.13,3800.96,3323.32,11.109,2026-07-07T15:57:04.210Z,53.38,2026-07-07T15:57:04Z,2026-07-07 15:57,down,175.1312392
62.38,3250.88,2843.87,3752.12,3282.14,11.185,2026-07-07T16:09:06.867Z,53.38,2026-07-07T16:09:06Z,2026-07-07 16:09,down,175.1312392
62.38,3256.15,2850.62,3701.66,3233.14,11.338,2026-07-07T16:21:09.978Z,53.38,2026-07-07T16:21:09Z,2026-07-07 16:21,down,175.1312392
62.38,3420.21,2984.26,3823.6,3330.33,11.07,2026-07-07T16:33:13.089Z,53.38,2026-07-07T16:33:13Z,2026-07-07 16:33,down,175.1312392
62.38,3392.02,2958.6,3869.23,3373.12,11.36,2026-07-07T16:45:16.028Z,53.38,2026-07-07T16:45:16Z,2026-07-07 16:45,down,175.1312392
62.38,3425.58,2984.53,3941.97,3425.71,11.216,2026-07-07T16:57:19.326Z,53.38,2026-07-07T16:57:19Z,2026-07-07 16:57,down,175.1312392
62.38,3436.23,2986.12,3939.92,3419.06,11.066,2026-07-07T17:09:21.890Z,53.38,2026-07-07T17:09:21Z,2026-07-07 17:09,down,175.1312392
62.38,3490.22,3033.09,3899.29,3386.98,11.337,2026-07-07T17:21:25.266Z,53.38,2026-07-07T17:21:25Z,2026-07-07 17:21,down,175.1312392
62.38,3412.94,2963.05,3892.56,3372.14,11.229,2026-07-07T17:33:27.658Z,53.38,2026-07-07T17:33:27Z,2026-07-07 17:33,down,175.1312392
62.38,3507.02,3036.38,3843.42,3326.34,11.125,2026-07-07T17:45:30.097Z,53.38,2026-07-07T17:45:30Z,2026-07-07 17:45,down,175.1312392
62.38,3399.84,2945.14,3796.06,3285.67,11.418,2026-07-07T17:57:33.098Z,53.38,2026-07-07T17:57:33Z,2026-07-07 17:57,down,175.1312392
62.38,3361.89,2904.45,3855.59,3328.84,11.145,2026-07-07T18:09:35.630Z,53.38,2026-07-07T18:09:35Z,2026-07-07 18:09,down,175.1312392
62.38,3373.88,2911.47,3571.36,3084.7,11.178,2026-07-07T18:21:38.538Z,53.38,2026-07-07T18:21:38Z,2026-07-07 18:21,down,175.1312392
62.38,3330.48,2878.58,3815.83,3294.09,11.372,2026-07-07T18:33:41.289Z,53.38,2026-07-07T18:33:41Z,2026-07-07 18:33,down,175.1312392
62.38,3341.33,2881.45,3725.48,3208.47,11.11,2026-07-07T18:45:44.416Z,53.38,2026-07-07T18:45:44Z,2026-07-07 18:45,down,175.1312392
62.38,3228.96,2780.29,3707.2,3191.24,11.087,2026-07-07T18:57:46.932Z,53.38,2026-07-07T18:57:46Z,2026-07-07 18:57,down,175.1312392
62.38,3354.04,2891.27,3717.2,3203.43,11.378,2026-07-07T19:09:49.840Z,53.38,2026-07-07T19:09:49Z,2026-07-07 19:09,down,175.1312392
62.38,3215.85,2767.45,3401.23,2924.01,11.145,2026-07-07T19:21:52.826Z,53.38,2026-07-07T19:21:52Z,2026-07-07 19:21,down,175.1312392
62.38,3289.32,2826.32,3684.63,3163.71,11.055,2026-07-07T19:33:55.733Z,53.38,2026-07-07T19:33:55Z,2026-07-07 19:33,down,175.1312392
62.38,3195.14,2745,3617.71,3109.77,11.31,2026-07-07T19:45:58.953Z,53.38,2026-07-07T19:45:58Z,2026-07-07 19:45,down,175.1312392
62.38,3136.83,2694.26,3487.71,2992.02,11.239,2026-07-07T19:58:02.267Z,53.38,2026-07-07T19:58:02Z,2026-07-07 19:58,down,175.1312392
62.38,2989.66,2563.5,3565.28,3055.4,11.078,2026-07-07T20:10:05.644Z,53.38,2026-07-07T20:10:05Z,2026-07-07 20:10,down,175.1312392
62.38,3299.63,2828.31,3850.25,3304.39,11.221,2026-07-07T20:22:09.849Z,53.38,2026-07-07T20:22:09Z,2026-07-07 20:22,down,175.1312392
62.38,3461.88,2973.87,3689.31,3163.47,11.327,2026-07-07T20:34:13.132Z,53.38,2026-07-07T20:34:13Z,2026-07-07 20:34,down,175.1312392
62.38,3002.49,2573.85,3473.79,2975.43,11.098,2026-07-07T20:46:17.634Z,53.38,2026-07-07T20:46:17Z,2026-07-07 20:46,down,175.1312392
62.38,3174.49,2718.58,3589.26,3077.59,11.188,2026-07-07T20:58:21.042Z,53.38,2026-07-07T20:58:21Z,2026-07-07 20:58,down,175.1312392
62.38,3287.42,2819.96,3745.21,3208.72,11.322,2026-07-07T21:10:23.590Z,53.38,2026-07-07T21:10:23Z,2026-07-07 21:10,down,175.1312392
62.38,3351.98,2869.85,3802.73,3253.76,11.088,2026-07-07T21:22:26.779Z,53.38,2026-07-07T21:22:26Z,2026-07-07 21:22,down,175.1312392
62.38,3355.26,2870.37,3791.93,3243.7,11.051,2026-07-07T21:34:30.374Z,53.38,2026-07-07T21:34:30Z,2026-07-07 21:34,down,175.1312392
62.38,3345.68,2866.47,3796.7,3254.23,11.346,2026-07-07T21:46:32.766Z,53.38,2026-07-07T21:46:32Z,2026-07-07 21:46,down,175.1312392
62.38,3300.94,2826.29,3710.07,3172.97,11.171,2026-07-07T21:58:36.674Z,53.38,2026-07-07T21:58:36Z,2026-07-07 21:58,down,175.1312392
62.38,3176.16,2716.23,3519.21,3007.7,11.026,2026-07-07T22:10:39.410Z,53.38,2026-07-07T22:10:39Z,2026-07-07 22:10,down,175.1312392
62.38,3002.73,2567.94,3403.32,2916.2,11.148,2026-07-07T22:22:43.537Z,53.38,2026-07-07T22:22:43Z,2026-07-07 22:22,down,175.1312392
62.38,3384.99,2902.81,3822.63,3275.02,11.319,2026-07-07T22:34:46.022Z,53.38,2026-07-07T22:34:46Z,2026-07-07 22:34,down,175.1312392
62.38,3129.38,2678.35,3553.18,3040.69,11.043,2026-07-07T22:46:49.180Z,53.38,2026-07-07T22:46:49Z,2026-07-07 22:46,down,175.1312392
62.38,3228.33,2762.43,3666.91,3142.23,11.13,2026-07-07T22:58:51.650Z,53.38,2026-07-07T22:58:51Z,2026-07-07 22:58,down,175.1312392
77.632,3237.81,2742.85,3729.76,3163.97,11.209,2026-07-07T00:04:47.279Z,68.632,2026-07-07T00:04:47Z,2026-07-07 00:04,down,225.17061088000003
77.632,3227.28,2735.1,3689.67,3132.5,11.103,2026-07-07T00:16:50.203Z,68.632,2026-07-07T00:16:50Z,2026-07-07 00:16,down,225.17061088000003
77.632,3266.34,2773.49,3746.69,3187.72,11.228,2026-07-07T00:28:52.501Z,68.632,2026-07-07T00:28:52Z,2026-07-07 00:28,down,225.17061088000003
77.632,3384.8,2877,3728.74,3174.26,11.129,2026-07-07T00:40:56.831Z,68.632,2026-07-07T00:40:56Z,2026-07-07 00:40,down,225.17061088000003
77.632,3273.39,2784.81,3837.41,3269.04,11.038,2026-07-07T00:53:00.067Z,68.632,2026-07-07T00:53:00Z,2026-07-07 00:53,down,225.17061088000003
77.632,3279.94,2792.14,3677.8,3137.4,11.042,2026-07-07T01:05:03.224Z,68.632,2026-07-07T01:05:03Z,2026-07-07 01:05,down,225.17061088000003
77.632,3316.52,2829.36,3731.95,3190.11,11.139,2026-07-07T01:17:06.695Z,68.632,2026-07-07T01:17:06Z,2026-07-07 01:17,down,225.17061088000003
77.632,3288.55,2811.44,3795.87,3249.75,11.21,2026-07-07T01:29:10.665Z,68.632,2026-07-07T01:29:10Z,2026-07-07 01:29,down,225.17061088000003
77.632,3241.04,2774.36,3831.02,3284.71,11.24,2026-07-07T01:41:13.854Z,68.632,2026-07-07T01:41:13Z,2026-07-07 01:41,down,225.17061088000003
77.632,3190.68,2734.67,3731.07,3203.74,11.26,2026-07-07T01:53:17.418Z,68.632,2026-07-07T01:53:17Z,2026-07-07 01:53,down,225.17061088000003
77.632,3367.57,2890.79,3754.15,3227.24,11.321,2026-07-07T02:05:20.748Z,68.632,2026-07-07T02:05:20Z,2026-07-07 02:05,down,225.17061088000003
77.632,3209.43,2756.65,3752.99,3229.65,11.253,2026-07-07T02:17:23.843Z,68.632,2026-07-07T02:17:23Z,2026-07-07 02:17,down,225.17061088000003
77.632,3332.91,2866.03,3786.89,3261.5,11.271,2026-07-07T02:29:27.642Z,68.632,2026-07-07T02:29:27Z,2026-07-07 02:29,down,225.17061088000003
77.632,3411.21,2936.65,3739.07,3222.95,11.268,2026-07-07T02:41:31.206Z,68.632,2026-07-07T02:41:31Z,2026-07-07 02:41,down,225.17061088000003
77.632,3468.61,2989.27,3865.26,3336.8,11.284,2026-07-07T02:53:34.958Z,68.632,2026-07-07T02:53:34Z,2026-07-07 02:53,down,225.17061088000003
77.632,3321.29,2864.86,3895.88,3364.19,11.255,2026-07-07T03:05:38.960Z,68.632,2026-07-07T03:05:38Z,2026-07-07 03:05,down,225.17061088000003
77.632,3342.16,2884.01,3910.1,3379.25,11.241,2026-07-07T03:17:42.117Z,68.632,2026-07-07T03:17:42Z,2026-07-07 03:17,down,225.17061088000003
77.632,3490.26,3012.95,3914.66,3385.06,11.246,2026-07-07T03:29:44.931Z,68.632,2026-07-07T03:29:44Z,2026-07-07 03:29,down,225.17061088000003
77.632,3466.44,2995.91,4011.06,3471.15,11.264,2026-07-07T03:41:48.245Z,68.632,2026-07-07T03:41:48Z,2026-07-07 03:41,down,225.17061088000003
77.632,3449.17,2982.78,4036.28,3495.15,11.24,2026-07-07T03:53:50.965Z,68.632,2026-07-07T03:53:50Z,2026-07-07 03:53,down,225.17061088000003
77.632,3365.57,2912.9,4042.17,3502.88,11.252,2026-07-07T04:05:53.779Z,68.632,2026-07-07T04:05:53Z,2026-07-07 04:05,down,225.17061088000003
77.632,3355.37,2907.34,3920.15,3399.62,11.251,2026-07-07T04:17:57.218Z,68.632,2026-07-07T04:17:57Z,2026-07-07 04:17,down,225.17061088000003
77.632,3449.5,2990.42,3904.03,3387.32,11.282,2026-07-07T04:30:00.970Z,68.632,2026-07-07T04:30:00Z,2026-07-07 04:30,down,225.17061088000003
77.632,3387.17,2937.03,3884.73,3372.74,11.263,2026-07-07T04:42:04.096Z,68.632,2026-07-07T04:42:04Z,2026-07-07 04:42,down,225.17061088000003
77.632,3527.72,3060.54,3811.55,3310.48,11.26,2026-07-07T04:54:07.785Z,68.632,2026-07-07T04:54:07Z,2026-07-07 04:54,down,225.17061088000003
77.632,3306.23,2870.34,3884.67,3376.24,11.236,2026-07-07T05:06:11.005Z,68.632,2026-07-07T05:06:11Z,2026-07-07 05:06,down,225.17061088000003
77.632,3448.51,2996.17,3755.86,3265.88,11.267,2026-07-07T05:18:14.820Z,68.632,2026-07-07T05:18:14Z,2026-07-07 05:18,down,225.17061088000003
77.632,3249.79,2824.34,4021.56,3496.88,11.278,2026-07-07T05:30:18.040Z,68.632,2026-07-07T05:30:18Z,2026-07-07 05:30,down,225.17061088000003
77.632,3323.55,2888.69,3858.51,3358.4,11.272,2026-07-07T05:42:20.776Z,68.632,2026-07-07T05:42:20Z,2026-07-07 05:42,down,225.17061088000003
77.632,3302.35,2872.99,3742.36,3258.14,11.276,2026-07-07T05:54:23.793Z,68.632,2026-07-07T05:54:23Z,2026-07-07 05:54,down,225.17061088000003
77.632,3339.72,2908.28,3809.48,3319.8,11.294,2026-07-07T06:06:26.950Z,68.632,2026-07-07T06:06:26Z,2026-07-07 06:06,down,225.17061088000003
77.632,3279.71,2857.45,3902.85,3403.61,11.255,2026-07-07T06:18:29.342Z,68.632,2026-07-07T06:18:29Z,2026-07-07 06:18,down,225.17061088000003
77.632,3236.15,2821.45,3733.52,3259.14,11.256,2026-07-07T06:30:32.828Z,68.632,2026-07-07T06:30:32Z,2026-07-07 06:30,down,225.17061088000003
77.632,3334.73,2910.82,3654.26,3192.95,11.269,2026-07-07T06:42:36.111Z,68.632,2026-07-07T06:42:36Z,2026-07-07 06:42,down,225.17061088000003
77.632,3180.35,2778.61,3795.56,3319.93,11.269,2026-07-07T06:54:39.816Z,68.632,2026-07-07T06:54:39Z,2026-07-07 06:54,down,225.17061088000003
77.632,3146.25,2751.55,3727.89,3262.86,11.251,2026-07-07T07:06:42.285Z,68.632,2026-07-07T07:06:42Z,2026-07-07 07:06,down,225.17061088000003
77.632,3199.63,2799.39,3778.06,3308.35,11.242,2026-07-07T07:18:45.818Z,68.632,2026-07-07T07:18:45Z,2026-07-07 07:18,down,225.17061088000003
77.632,3191.94,2795.11,3648.51,3196.29,11.24,2026-07-07T07:30:49.820Z,68.632,2026-07-07T07:30:49Z,2026-07-07 07:30,down,225.17061088000003
77.632,3241.68,2840.08,3675.99,3221.98,11.241,2026-07-07T07:42:53.244Z,68.632,2026-07-07T07:42:53Z,2026-07-07 07:42,down,225.17061088000003
77.632,3148,2759.2,3831.72,3358.79,11.215,2026-07-07T07:54:56.761Z,68.632,2026-07-07T07:54:56Z,2026-07-07 07:54,down,225.17061088000003
77.632,3214.87,2820.05,3592.66,3152.59,11.241,2026-07-07T08:07:00.622Z,68.632,2026-07-07T08:07:00Z,2026-07-07 08:07,down,225.17061088000003
77.632,3159.32,2773.14,3856.89,3385.86,11.218,2026-07-07T08:19:03.733Z,68.632,2026-07-07T08:19:03Z,2026-07-07 08:19,down,225.17061088000003
77.632,3259.73,2862.53,3766.08,3308.01,11.208,2026-07-07T08:31:06.891Z,68.632,2026-07-07T08:31:06Z,2026-07-07 08:31,down,225.17061088000003
77.632,3207.14,2818.25,3833.41,3367.71,11.199,2026-07-07T08:43:09.751Z,68.632,2026-07-07T08:43:09Z,2026-07-07 08:43,down,225.17061088000003
77.632,3345.65,2940.75,3859.35,3393.21,11.195,2026-07-07T08:55:12.440Z,68.632,2026-07-07T08:55:12Z,2026-07-07 08:55,down,225.17061088000003
77.632,3312.03,2912.29,3762.71,3310.15,11.191,2026-07-07T09:07:15.238Z,68.632,2026-07-07T09:07:15Z,2026-07-07 09:07,down,225.17061088000003
77.632,3343.68,2941.81,3928.58,3455.92,11.183,2026-07-07T09:19:19.271Z,68.632,2026-07-07T09:19:19Z,2026-07-07 09:19,down,225.17061088000003
77.632,3442.17,3029.66,3934.28,3461.54,11.179,2026-07-07T09:31:22.398Z,68.632,2026-07-07T09:31:22Z,2026-07-07 09:31,down,225.17061088000003
77.632,3363.26,2961.44,3757.47,3306.46,11.149,2026-07-07T09:43:26.009Z,68.632,2026-07-07T09:43:26Z,2026-07-07 09:43,down,225.17061088000003
77.632,3245.11,2857.7,3911.59,3443.81,11.191,2026-07-07T09:55:29.667Z,68.632,2026-07-07T09:55:29Z,2026-07-07 09:55,down,225.17061088000003
77.632,3287.72,2896.24,3799.7,3346.41,11.179,2026-07-07T10:07:32.996Z,68.632,2026-07-07T10:07:32Z,2026-07-07 10:07,down,225.17061088000003
77.632,3377.76,2976.95,3916.82,3449.9,11.165,2026-07-07T10:19:36.060Z,68.632,2026-07-07T10:19:36Z,2026-07-07 10:19,down,225.17061088000003
77.632,3502.98,3087.44,4097.28,3609.48,11.15,2026-07-07T10:31:39.374Z,68.632,2026-07-07T10:31:39Z,2026-07-07 10:31,down,225.17061088000003
77.632,3473.81,3062.11,3758.07,3310.98,11.161,2026-07-07T10:43:42.594Z,68.632,2026-07-07T10:43:42Z,2026-07-07 10:43,down,225.17061088000003
77.632,3187.99,2811.35,3784.69,3335.95,11.165,2026-07-07T10:55:45.346Z,68.632,2026-07-07T10:55:45Z,2026-07-07 10:55,down,225.17061088000003
77.632,3359.71,2963.2,3951.51,3483.48,11.16,2026-07-07T11:07:48.488Z,68.632,2026-07-07T11:07:48Z,2026-07-07 11:07,down,225.17061088000003
77.632,3361.11,2965.45,3893.72,3433.04,11.155,2026-07-07T11:19:51.317Z,68.632,2026-07-07T11:19:51Z,2026-07-07 11:19,down,225.17061088000003
77.632,3406.72,3005.97,3953.75,3485.07,11.164,2026-07-07T11:31:54.616Z,68.632,2026-07-07T11:31:54Z,2026-07-07 11:31,down,225.17061088000003
77.632,3417.2,3014.94,3899.86,3438.3,11.16,2026-07-07T11:43:57.523Z,68.632,2026-07-07T11:43:57Z,2026-07-07 11:43,down,225.17061088000003
77.632,3391.6,2991.68,3905.79,3442.74,11.167,2026-07-07T11:56:01.306Z,68.632,2026-07-07T11:56:01Z,2026-07-07 11:56,down,225.17061088000003
77.632,3289.14,2901.24,3699.75,3260.9,11.165,2026-07-07T12:08:04.042Z,68.632,2026-07-07T12:08:04Z,2026-07-07 12:08,down,225.17061088000003
77.632,3516.45,3101.24,4060.14,3577.83,11.165,2026-07-07T12:20:07.965Z,68.632,2026-07-07T12:20:07Z,2026-07-07 12:20,down,225.17061088000003
77.632,3364.88,2966.48,3916.6,3450.81,11.179,2026-07-07T12:32:10.623Z,68.632,2026-07-07T12:32:10Z,2026-07-07 12:32,down,225.17061088000003
77.632,3282.8,2893.67,3911.36,3443.8,11.191,2026-07-07T12:44:14.062Z,68.632,2026-07-07T12:44:14Z,2026-07-07 12:44,down,225.17061088000003
77.632,3471.98,3057.8,3831.26,3372.17,11.193,2026-07-07T12:56:17.595Z,68.632,2026-07-07T12:56:17Z,2026-07-07 12:56,down,225.17061088000003
77.632,3331.53,2933.69,3811.61,3354.62,11.2,2026-07-07T13:08:20.659Z,68.632,2026-07-07T13:08:20Z,2026-07-07 13:08,down,225.17061088000003
77.632,3326.96,2927.77,3850,3386.6,11.173,2026-07-07T13:20:23.598Z,68.632,2026-07-07T13:20:23Z,2026-07-07 13:20,down,225.17061088000003
77.632,3222.81,2837.03,3825.72,3364.72,11.202,2026-07-07T13:32:26.740Z,68.632,2026-07-07T13:32:26Z,2026-07-07 13:32,down,225.17061088000003
77.632,3227.32,2839.3,3948.56,3471.75,11.192,2026-07-07T13:44:30.491Z,68.632,2026-07-07T13:44:30Z,2026-07-07 13:44,down,225.17061088000003
77.632,3316.49,2916.77,3817.77,3356.85,11.204,2026-07-07T13:56:33.430Z,68.632,2026-07-07T13:56:33Z,2026-07-07 13:56,down,225.17061088000003
77.632,3171.53,2788.27,3766.85,3310.65,11.178,2026-07-07T14:08:37.229Z,68.632,2026-07-07T14:08:37Z,2026-07-07 14:08,down,225.17061088000003
77.632,3255.35,2861.41,3665.98,3224.19,11.186,2026-07-07T14:20:40.934Z,68.632,2026-07-07T14:20:40Z,2026-07-07 14:20,down,225.17061088000003
77.632,3207.7,2819.62,3763.12,3308.49,11.17,2026-07-07T14:32:43.544Z,68.632,2026-07-07T14:32:43Z,2026-07-07 14:32,down,225.17061088000003
77.632,3134.15,2753.97,3711.23,3260.46,11.17,2026-07-07T14:44:46.749Z,68.632,2026-07-07T14:44:46Z,2026-07-07 14:44,down,225.17061088000003
77.632,3162.71,2778.06,3573.77,3138.89,11.201,2026-07-07T14:56:49.500Z,68.632,2026-07-07T14:56:49Z,2026-07-07 14:56,down,225.17061088000003
77.632,3284.65,2883.43,3672.38,3223.96,11.207,2026-07-07T15:08:52.501Z,68.632,2026-07-07T15:08:52Z,2026-07-07 15:08,down,225.17061088000003
77.632,3122.99,2739.37,3733.99,3274.81,11.205,2026-07-07T15:20:55.941Z,68.632,2026-07-07T15:20:55Z,2026-07-07 15:20,down,225.17061088000003
77.632,3235.68,2836.13,3617.93,3171.31,11.174,2026-07-07T15:32:59.020Z,68.632,2026-07-07T15:32:59Z,2026-07-07 15:32,down,225.17061088000003
77.632,3109.37,2724.13,3759.68,3294.88,11.189,2026-07-07T15:45:01.552Z,68.632,2026-07-07T15:45:01Z,2026-07-07 15:45,down,225.17061088000003
77.632,3129.33,2739.62,3821.98,3344.52,11.117,2026-07-07T15:57:04.210Z,68.632,2026-07-07T15:57:04Z,2026-07-07 15:57,down,225.17061088000003
77.632,3224.3,2818.71,3769.85,3294.95,11.06,2026-07-07T16:09:06.867Z,68.632,2026-07-07T16:09:06Z,2026-07-07 16:09,down,225.17061088000003
77.632,3227.74,2819.69,3716.99,3247.8,11.191,2026-07-07T16:21:09.978Z,68.632,2026-07-07T16:21:09Z,2026-07-07 16:21,down,225.17061088000003
77.632,3394.55,2960.38,3840.75,3347.88,11.094,2026-07-07T16:33:13.089Z,68.632,2026-07-07T16:33:13Z,2026-07-07 16:33,down,225.17061088000003
77.632,3360.31,2925.13,3888.38,3386.74,11.118,2026-07-07T16:45:16.028Z,68.632,2026-07-07T16:45:16Z,2026-07-07 16:45,down,225.17061088000003
77.632,3396.56,2954.78,3962.37,3445.91,11.15,2026-07-07T16:57:19.326Z,68.632,2026-07-07T16:57:19Z,2026-07-07 16:57,down,225.17061088000003
77.632,3405.35,2957.32,3962.59,3441.37,11.074,2026-07-07T17:09:21.890Z,68.632,2026-07-07T17:09:21Z,2026-07-07 17:09,down,225.17061088000003
77.632,3457.89,2999.61,3915.41,3398.72,11.132,2026-07-07T17:21:25.266Z,68.632,2026-07-07T17:21:25Z,2026-07-07 17:21,down,225.17061088000003
77.632,3383.09,2933.05,3910.34,3390.66,11.189,2026-07-07T17:33:27.658Z,68.632,2026-07-07T17:33:27Z,2026-07-07 17:33,down,225.17061088000003
77.632,3477.19,3008.52,3862.46,3342.86,11.069,2026-07-07T17:45:30.097Z,68.632,2026-07-07T17:45:30Z,2026-07-07 17:45,down,225.17061088000003
77.632,3374.55,2917.64,3811.74,3297.25,11.206,2026-07-07T17:57:33.098Z,68.632,2026-07-07T17:57:33Z,2026-07-07 17:57,down,225.17061088000003
77.632,3337.09,2881.46,3868.89,3342.9,11.165,2026-07-07T18:09:35.630Z,68.632,2026-07-07T18:09:35Z,2026-07-07 18:09,down,225.17061088000003
77.632,3345.47,2885.19,3590.1,3099.76,11.096,2026-07-07T18:21:38.538Z,68.632,2026-07-07T18:21:38Z,2026-07-07 18:21,down,225.17061088000003
77.632,3298.04,2844.97,3835.65,3311.48,11.215,2026-07-07T18:33:41.289Z,68.632,2026-07-07T18:33:41Z,2026-07-07 18:33,down,225.17061088000003
77.632,3312.11,2854.9,3740.25,3223.54,11.132,2026-07-07T18:45:44.416Z,68.632,2026-07-07T18:45:44Z,2026-07-07 18:45,down,225.17061088000003
77.632,3202.52,2755.47,3728.32,3210.51,11.053,2026-07-07T18:57:46.932Z,68.632,2026-07-07T18:57:46Z,2026-07-07 18:57,down,225.17061088000003
77.632,3327.48,2862.94,3735.71,3217.95,11.182,2026-07-07T19:09:49.840Z,68.632,2026-07-07T19:09:49Z,2026-07-07 19:09,down,225.17061088000003
77.632,3185.91,2740.08,3413.77,2936.55,11.146,2026-07-07T19:21:52.826Z,68.632,2026-07-07T19:21:52Z,2026-07-07 19:21,down,225.17061088000003
77.632,3261.05,2800.52,3700.91,3180.34,11.08,2026-07-07T19:33:55.733Z,68.632,2026-07-07T19:33:55Z,2026-07-07 19:33,down,225.17061088000003
77.632,3169.22,2718.05,3633.1,3121.59,11.128,2026-07-07T19:45:58.953Z,68.632,2026-07-07T19:45:58Z,2026-07-07 19:45,down,225.17061088000003
77.632,3108.62,2666.06,3501.54,3006.21,11.179,2026-07-07T19:58:02.267Z,68.632,2026-07-07T19:58:02Z,2026-07-07 19:58,down,225.17061088000003
77.632,2962.45,2538.19,3586.28,3075.52,11.07,2026-07-07T20:10:05.644Z,68.632,2026-07-07T20:10:05Z,2026-07-07 20:10,down,225.17061088000003
77.632,3271.81,2801.51,3869.78,3319.88,11.101,2026-07-07T20:22:09.849Z,68.632,2026-07-07T20:22:09Z,2026-07-07 20:22,down,225.17061088000003
77.632,3428.37,2939.05,3708.55,3181.81,11.204,2026-07-07T20:34:13.132Z,68.632,2026-07-07T20:34:13Z,2026-07-07 20:34,down,225.17061088000003
77.632,2975.26,2548.66,3488.45,2990.63,11.111,2026-07-07T20:46:17.634Z,68.632,2026-07-07T20:46:17Z,2026-07-07 20:46,down,225.17061088000003
77.632,3151.08,2696.74,3601.82,3087.09,11.098,2026-07-07T20:58:21.042Z,68.632,2026-07-07T20:58:21Z,2026-07-07 20:58,down,225.17061088000003
77.632,3259.8,2790.83,3766.15,3227.88,11.19,2026-07-07T21:10:23.590Z,68.632,2026-07-07T21:10:23Z,2026-07-07 21:10,down,225.17061088000003
77.632,3330.19,2849.53,3820.59,3272.1,11.117,2026-07-07T21:22:26.779Z,68.632,2026-07-07T21:22:26Z,2026-07-07 21:22,down,225.17061088000003
77.632,3334.78,2851.06,3807.14,3258.57,11.046,2026-07-07T21:34:30.374Z,68.632,2026-07-07T21:34:30Z,2026-07-07 21:34,down,225.17061088000003
77.632,3311.45,2831.93,3815.6,3268.46,11.141,2026-07-07T21:46:32.766Z,68.632,2026-07-07T21:46:32Z,2026-07-07 21:46,down,225.17061088000003
77.632,3270.7,2797.5,3730.35,3192.82,11.15,2026-07-07T21:58:36.674Z,68.632,2026-07-07T21:58:36Z,2026-07-07 21:58,down,225.17061088000003
77.632,3151.07,2693.17,3534.89,3023.84,11.052,2026-07-07T22:10:39.410Z,68.632,2026-07-07T22:10:39Z,2026-07-07 22:10,down,225.17061088000003
77.632,2980.04,2546.41,3419.92,2929.41,11.049,2026-07-07T22:22:43.537Z,68.632,2026-07-07T22:22:43Z,2026-07-07 22:22,down,225.17061088000003
77.632,3356.13,2872.03,3845.37,3295.45,11.167,2026-07-07T22:34:46.022Z,68.632,2026-07-07T22:34:46Z,2026-07-07 22:34,down,225.17061088000003
77.632,3103.89,2655.7,3570.79,3057.92,11.076,2026-07-07T22:46:49.180Z,68.632,2026-07-07T22:46:49Z,2026-07-07 22:46,down,225.17061088000003
77.632,3199.58,2736.15,3687.08,3158.24,11.045,2026-07-07T22:58:51.650Z,68.632,2026-07-07T22:58:51Z,2026-07-07 22:58,down,225.17061088000003
31.622,3320.6,2851.92,3639.66,3125.72,11.227,2026-07-08T00:11:10.690Z,22.622,2026-07-08T00:11:10Z,2026-07-08 00:11,down,74.21916248
31.622,3174.4,2739.16,3626.81,3115.08,11.63,2026-07-08T00:23:14.129Z,22.622,2026-07-08T00:23:14Z,2026-07-08 00:23,down,74.21916248
31.622,3338.84,2871.32,3672.88,3148.36,11.079,2026-07-08T00:35:16.645Z,22.622,2026-07-08T00:35:16Z,2026-07-08 00:35,down,74.21916248
31.622,3320.73,2856.11,3748.98,3214.4,10.973,2026-07-08T00:47:19.756Z,22.622,2026-07-08T00:47:19Z,2026-07-08 00:47,down,74.21916248
31.622,3302.01,2850.94,3747.44,3230.12,11.688,2026-07-08T00:59:21.976Z,22.622,2026-07-08T00:59:21Z,2026-07-08 00:59,down,74.21916248
31.622,3495.9,3017.74,3655.91,3140.92,11.236,2026-07-08T01:11:24.837Z,22.622,2026-07-08T01:11:24Z,2026-07-08 01:11,down,74.21916248
31.622,3524.89,3038.53,3878.68,3331.29,11.029,2026-07-08T01:23:27.791Z,22.622,2026-07-08T01:23:27Z,2026-07-08 01:23,down,74.21916248
31.622,3277.48,2827.85,3929.21,3390.12,11.292,2026-07-08T01:35:31.027Z,22.622,2026-07-08T01:35:31Z,2026-07-08 01:35,down,74.21916248
31.622,3393.99,2943.82,3746.42,3232.07,11.614,2026-07-08T01:47:34.278Z,22.622,2026-07-08T01:47:34Z,2026-07-08 01:47,down,74.21916248
31.622,3522.88,3043.6,3683.18,3170.51,11.046,2026-07-08T01:59:37.749Z,22.622,2026-07-08T01:59:37Z,2026-07-08 01:59,down,74.21916248
31.622,3560.95,3076.21,3916.37,3372.45,10.95,2026-07-08T02:11:40.187Z,22.622,2026-07-08T02:11:40Z,2026-07-08 02:11,down,74.21916248
31.622,3498.54,3023.83,3954.22,3408.99,10.986,2026-07-08T02:23:43.720Z,22.622,2026-07-08T02:23:43Z,2026-07-08 02:23,down,74.21916248
31.622,3489.61,3030.9,3917.97,3395.39,11.673,2026-07-08T02:35:47.034Z,22.622,2026-07-08T02:35:47Z,2026-07-08 02:35,down,74.21916248
31.622,3502.28,3047.77,3939.96,3420.34,11.798,2026-07-08T02:47:50.692Z,22.622,2026-07-08T02:47:50Z,2026-07-08 02:47,down,74.21916248
31.622,3427.25,2986.21,3959.26,3437.68,11.858,2026-07-08T02:59:54.116Z,22.622,2026-07-08T02:59:54Z,2026-07-08 02:59,down,74.21916248
31.622,3434.74,2994.34,3819.46,3318.6,11.839,2026-07-08T03:11:57.164Z,22.622,2026-07-08T03:11:57Z,2026-07-08 03:11,down,74.21916248
31.622,3552.3,3098.92,3856.64,3351.62,11.847,2026-07-08T03:23:59.931Z,22.622,2026-07-08T03:23:59Z,2026-07-08 03:23,down,74.21916248
31.622,3469.94,3027.13,3769.82,3277.25,11.811,2026-07-08T03:36:02.698Z,22.622,2026-07-08T03:36:02Z,2026-07-08 03:36,down,74.21916248
31.622,3623.59,3162.46,3806.87,3311.91,11.803,2026-07-08T03:48:06.418Z,22.622,2026-07-08T03:48:06Z,2026-07-08 03:48,down,74.21916248
31.622,3341.17,2917.26,3870.46,3368.52,11.78,2026-07-08T04:00:09.216Z,22.622,2026-07-08T04:00:09Z,2026-07-08 04:00,down,74.21916248
31.622,3469.87,3031.91,4042.31,3519.25,11.791,2026-07-08T04:12:12.061Z,22.622,2026-07-08T04:12:12Z,2026-07-08 04:12,down,74.21916248
31.622,3379.71,2953.36,3658.31,3185.43,11.786,2026-07-08T04:24:14.891Z,22.622,2026-07-08T04:24:14Z,2026-07-08 04:24,down,74.21916248
31.622,3341.73,2921.79,3796.49,3307.8,11.787,2026-07-08T04:36:17.830Z,22.622,2026-07-08T04:36:17Z,2026-07-08 04:36,down,74.21916248
31.622,3491.51,3054.18,3834.79,3343.39,11.778,2026-07-08T04:48:21.534Z,22.622,2026-07-08T04:48:21Z,2026-07-08 04:48,down,74.21916248
31.622,3403.27,2978.07,3786,3300.33,11.769,2026-07-08T05:00:24.739Z,22.622,2026-07-08T05:00:24Z,2026-07-08 05:00,down,74.21916248
31.622,3259.36,2851.95,3757.38,3275.89,11.759,2026-07-08T05:12:27.787Z,22.622,2026-07-08T05:12:27Z,2026-07-08 05:12,down,74.21916248
31.622,3372.5,2952.94,3877.5,3381.28,11.757,2026-07-08T05:24:31.320Z,22.622,2026-07-08T05:24:31Z,2026-07-08 05:24,down,74.21916248
31.622,3479.64,3047.39,3681.17,3211.24,11.768,2026-07-08T05:36:33.743Z,22.622,2026-07-08T05:36:33Z,2026-07-08 05:36,down,74.21916248
31.622,3337.95,2923.24,3684.36,3215.44,11.737,2026-07-08T05:48:37.526Z,22.622,2026-07-08T05:48:37Z,2026-07-08 05:48,down,74.21916248
31.622,3405.23,2982.62,3742.74,3266.91,11.742,2026-07-08T06:00:41.231Z,22.622,2026-07-08T06:00:41Z,2026-07-08 06:00,down,74.21916248
31.622,3324.16,2911.81,3719.76,3247.92,11.728,2026-07-08T06:12:44.107Z,22.622,2026-07-08T06:12:44Z,2026-07-08 06:12,down,74.21916248
31.622,3290.62,2883.77,3679.9,3213.03,11.735,2026-07-08T06:24:48.125Z,22.622,2026-07-08T06:24:48Z,2026-07-08 06:24,down,74.21916248
31.622,3312.91,2904.13,3806.9,3325.56,11.741,2026-07-08T06:36:51.908Z,22.622,2026-07-08T06:36:51Z,2026-07-08 06:36,down,74.21916248
31.622,3472.44,3045.8,3793.59,3313.2,11.756,2026-07-08T06:48:55.081Z,22.622,2026-07-08T06:48:55Z,2026-07-08 06:48,down,74.21916248
31.622,3441.1,3017.46,3822.35,3340,11.734,2026-07-08T07:00:58.348Z,22.622,2026-07-08T07:00:58Z,2026-07-08 07:00,down,74.21916248
31.622,3318.71,2910.12,3681.97,3216.65,11.716,2026-07-08T07:13:01.350Z,22.622,2026-07-08T07:13:01Z,2026-07-08 07:13,down,74.21916248
31.622,3286.17,2880.98,3732.57,3260.72,11.721,2026-07-08T07:25:04.523Z,22.622,2026-07-08T07:25:04Z,2026-07-08 07:25,down,74.21916248
31.622,3352.53,2939.57,3756.33,3281.72,11.694,2026-07-08T07:37:06.883Z,22.622,2026-07-08T07:37:06Z,2026-07-08 07:37,down,74.21916248
31.622,3351.27,2938.86,3757.02,3281.67,11.685,2026-07-08T07:49:09.697Z,22.622,2026-07-08T07:49:09Z,2026-07-08 07:49,down,74.21916248
31.622,3365.68,2951.97,3763.11,3288.4,11.702,2026-07-08T08:01:13.152Z,22.622,2026-07-08T08:01:13Z,2026-07-08 08:01,down,74.21916248
31.622,3348.43,2936.87,3697.46,3230.83,11.684,2026-07-08T08:13:16.607Z,22.622,2026-07-08T08:13:16Z,2026-07-08 08:13,down,74.21916248
31.622,3276.82,2874.19,3602.72,3148.38,11.691,2026-07-08T08:25:19.545Z,22.622,2026-07-08T08:25:19Z,2026-07-08 08:25,down,74.21916248
31.622,3211.05,2817,3472.7,3034.99,11.684,2026-07-08T08:37:22.547Z,22.622,2026-07-08T08:37:22Z,2026-07-08 08:37,down,74.21916248
31.622,3131.25,2748.12,3492.47,3053.78,11.685,2026-07-08T08:49:25.517Z,22.622,2026-07-08T08:49:25Z,2026-07-08 08:49,down,74.21916248
31.622,3203.56,2811.97,3540.3,3095.22,11.682,2026-07-08T09:01:29.253Z,22.622,2026-07-08T09:01:29Z,2026-07-08 09:01,down,74.21916248
31.622,3163.92,2776.97,3595.62,3143.41,11.674,2026-07-08T09:13:32.239Z,22.622,2026-07-08T09:13:32Z,2026-07-08 09:13,down,74.21916248
31.622,3275.69,2874.76,3672.64,3210.86,11.686,2026-07-08T09:25:35.287Z,22.622,2026-07-08T09:25:35Z,2026-07-08 09:25,down,74.21916248
31.622,3363.12,2951.2,3662.33,3202.25,11.679,2026-07-08T09:37:38.804Z,22.622,2026-07-08T09:37:38Z,2026-07-08 09:37,down,74.21916248
31.622,3369.02,2958,3696.65,3232.3,11.686,2026-07-08T09:49:42.165Z,22.622,2026-07-08T09:49:42Z,2026-07-08 09:49,down,74.21916248
31.622,3368.79,2956.73,3784.74,3310.15,11.684,2026-07-08T10:01:45.698Z,22.622,2026-07-08T10:01:45Z,2026-07-08 10:01,down,74.21916248
31.622,3512.13,3082.48,3927.66,3435.52,11.685,2026-07-08T10:13:49.090Z,22.622,2026-07-08T10:13:49Z,2026-07-08 10:13,down,74.21916248
31.622,3536.21,3105.01,3899.67,3410.15,11.674,2026-07-08T10:25:52.373Z,22.622,2026-07-08T10:25:52Z,2026-07-08 10:25,down,74.21916248
31.622,3483.44,3058.26,3820.74,3341.56,11.675,2026-07-08T10:37:54.827Z,22.622,2026-07-08T10:37:54Z,2026-07-08 10:37,down,74.21916248
31.622,3442.55,3023.13,3771.11,3298.32,11.683,2026-07-08T10:49:58.126Z,22.622,2026-07-08T10:49:58Z,2026-07-08 10:49,down,74.21916248
31.622,3418.1,3001.72,3743.62,3274.35,11.665,2026-07-08T11:02:01.643Z,22.622,2026-07-08T11:02:01Z,2026-07-08 11:02,down,74.21916248
31.622,3400.51,2985.91,3732.95,3265.12,11.674,2026-07-08T11:14:04.754Z,22.622,2026-07-08T11:14:04Z,2026-07-08 11:14,down,74.21916248
31.622,3409.5,2993.99,3762.03,3290.61,11.676,2026-07-08T11:26:07.896Z,22.622,2026-07-08T11:26:07Z,2026-07-08 11:26,down,74.21916248
31.622,3436.96,3017.59,3795.66,3320.43,11.681,2026-07-08T11:38:10.663Z,22.622,2026-07-08T11:38:10Z,2026-07-08 11:38,down,74.21916248
31.622,3451.05,3030.62,3781.81,3308.07,11.683,2026-07-08T11:50:14.008Z,22.622,2026-07-08T11:50:14Z,2026-07-08 11:50,down,74.21916248
31.622,3414.5,2995.74,3714.08,3247.44,11.58,2026-07-08T12:02:16.384Z,22.622,2026-07-08T12:02:16Z,2026-07-08 12:02,down,74.21916248
31.622,3341.55,2933.95,3625.24,3169.18,11.636,2026-07-08T12:14:19.714Z,22.622,2026-07-08T12:14:19Z,2026-07-08 12:14,down,74.21916248
31.622,3229.08,2830.76,3532.54,3080.93,11.271,2026-07-08T12:26:23.012Z,22.622,2026-07-08T12:26:23Z,2026-07-08 12:26,down,74.21916248
31.622,3196.02,2798.87,3620.1,3162.5,11.304,2026-07-08T12:38:26.138Z,22.622,2026-07-08T12:38:26Z,2026-07-08 12:38,down,74.21916248
31.622,3188.71,2799.43,3533.09,3090.36,11.572,2026-07-08T12:50:29.046Z,22.622,2026-07-08T12:50:29Z,2026-07-08 12:50,down,74.21916248
31.622,3156.63,2771.34,3742.75,3268.35,11.375,2026-07-08T13:02:32.438Z,22.622,2026-07-08T13:02:32Z,2026-07-08 13:02,down,74.21916248
31.622,3432.76,3009.29,3658.5,3192.38,11.145,2026-07-08T13:14:35.049Z,22.622,2026-07-08T13:14:35Z,2026-07-08 13:14,down,74.21916248
31.622,3207.51,2812.9,3554.86,3108.84,11.351,2026-07-08T13:26:37.487Z,22.622,2026-07-08T13:26:37Z,2026-07-08 13:26,down,74.21916248
31.622,3228.16,2836.76,3709.97,3240.69,11.37,2026-07-08T13:38:40.379Z,22.622,2026-07-08T13:38:40Z,2026-07-08 13:38,down,74.21916248
31.622,3191.46,2798.2,3528.27,3080.06,11.079,2026-07-08T13:50:42.880Z,22.622,2026-07-08T13:50:42Z,2026-07-08 13:50,down,74.21916248
31.622,3119.25,2733.69,3530.65,3079.81,10.992,2026-07-08T14:02:46.554Z,22.622,2026-07-08T14:02:46Z,2026-07-08 14:02,down,74.21916248
31.622,3228.84,2830.19,3575.99,3125.11,11.144,2026-07-08T14:14:49.258Z,22.622,2026-07-08T14:14:49Z,2026-07-08 14:14,down,74.21916248
31.622,3153.81,2772.31,3490.35,3052.29,11.472,2026-07-08T14:26:52.463Z,22.622,2026-07-08T14:26:52Z,2026-07-08 14:26,down,74.21916248
31.622,3357.7,2943.2,3585.89,3129.04,11.137,2026-07-08T14:38:55.214Z,22.622,2026-07-08T14:38:55Z,2026-07-08 14:38,down,74.21916248
31.622,3164.25,2771.41,3507.35,3058.1,11.028,2026-07-08T14:50:58.059Z,22.622,2026-07-08T14:50:58Z,2026-07-08 14:50,down,74.21916248
31.622,3180.19,2784.49,3603.6,3145.73,11.155,2026-07-08T15:03:01.733Z,22.622,2026-07-08T15:03:01Z,2026-07-08 15:03,down,74.21916248
31.622,3458.82,3036.11,3927.78,3435.46,11.571,2026-07-08T15:15:04.515Z,22.622,2026-07-08T15:15:04Z,2026-07-08 15:15,down,74.21916248
31.622,3420.53,3005.04,3763.49,3292.21,11.69,2026-07-08T15:27:08.017Z,22.622,2026-07-08T15:27:08Z,2026-07-08 15:27,down,74.21916248
31.622,3357.61,2949.17,3725.06,3259.66,11.68,2026-07-08T15:39:10.831Z,22.622,2026-07-08T15:39:10Z,2026-07-08 15:39,down,74.21916248
31.622,3301.29,2900.04,3692.18,3230.79,11.668,2026-07-08T15:51:14.051Z,22.622,2026-07-08T15:51:14Z,2026-07-08 15:51,down,74.21916248
31.622,3271.6,2873.48,3621.45,3167.69,11.667,2026-07-08T16:03:16.630Z,22.622,2026-07-08T16:03:16Z,2026-07-08 16:03,down,74.21916248
31.622,3192.18,2803.59,3530.05,3087.19,11.665,2026-07-08T16:15:19.710Z,22.622,2026-07-08T16:15:19Z,2026-07-08 16:15,down,74.21916248
31.622,3184.18,2795.14,3703.83,3238.71,11.659,2026-07-08T16:27:22.930Z,22.622,2026-07-08T16:27:22Z,2026-07-08 16:27,down,74.21916248
31.622,3354.34,2944.08,3632.06,3174.87,11.668,2026-07-08T16:39:25.634Z,22.622,2026-07-08T16:39:25Z,2026-07-08 16:39,down,74.21916248
31.622,3310.16,2904.08,3656.39,3194.97,11.669,2026-07-08T16:51:28.104Z,22.622,2026-07-08T16:51:28Z,2026-07-08 16:51,down,74.21916248
31.622,3401.24,2982.29,3642.38,3181.09,11.673,2026-07-08T17:03:30.777Z,22.622,2026-07-08T17:03:30Z,2026-07-08 17:03,down,74.21916248
31.622,3243.34,2842.56,3713.59,3241.35,11.686,2026-07-08T17:15:34.763Z,22.622,2026-07-08T17:15:34Z,2026-07-08 17:15,down,74.21916248
31.622,3299.48,2889.59,3703.68,3228.66,11.629,2026-07-08T17:27:38.421Z,22.622,2026-07-08T17:27:38Z,2026-07-08 17:27,down,74.21916248
31.622,3414.24,2982.61,3853.04,3351.7,11.277,2026-07-08T17:39:40.907Z,22.622,2026-07-08T17:39:40Z,2026-07-08 17:39,down,74.21916248
31.622,3409.05,2977.02,3577.76,3115.21,11.359,2026-07-08T17:51:44.424Z,22.622,2026-07-08T17:51:44Z,2026-07-08 17:51,down,74.21916248
31.622,3330.25,2913.79,3582.44,3119.41,11.542,2026-07-08T18:03:47.363Z,22.622,2026-07-08T18:03:47Z,2026-07-08 18:03,down,74.21916248
31.622,3347.73,2921.03,3672.58,3191.29,11.208,2026-07-08T18:15:50.739Z,22.622,2026-07-08T18:15:50Z,2026-07-08 18:15,down,74.21916248
31.622,3409.6,2972.69,3734.3,3243.81,11.164,2026-07-08T18:27:54.851Z,22.622,2026-07-08T18:27:54Z,2026-07-08 18:27,down,74.21916248
31.622,3433.45,2995.23,3733.47,3249.63,11.419,2026-07-08T18:39:57.946Z,22.622,2026-07-08T18:39:57Z,2026-07-08 18:39,down,74.21916248
31.622,3400.99,2966.94,3672.32,3188.79,11.248,2026-07-08T18:52:01.635Z,22.622,2026-07-08T18:52:01Z,2026-07-08 18:52,down,74.21916248
31.622,3321.57,2894.52,3581.06,3109.36,11.142,2026-07-08T19:04:04.339Z,22.622,2026-07-08T19:04:04Z,2026-07-08 19:04,down,74.21916248
31.622,3222.83,2813.4,3816.74,3322.67,11.478,2026-07-08T19:16:06.887Z,22.622,2026-07-08T19:16:06Z,2026-07-08 19:16,down,74.21916248
31.622,3426.16,2989.55,3639.35,3160.18,11.197,2026-07-08T19:28:10.217Z,22.622,2026-07-08T19:28:10Z,2026-07-08 19:28,down,74.21916248
31.622,3399,2962.32,3703.59,3215.81,11.059,2026-07-08T19:40:14.047Z,22.622,2026-07-08T19:40:14Z,2026-07-08 19:40,down,74.21916248
31.622,3417.93,2982.49,3814.52,3320.64,11.286,2026-07-08T19:52:17.470Z,22.622,2026-07-08T19:52:17Z,2026-07-08 19:52,down,74.21916248
31.622,3336.07,2918.78,3748.79,3271.96,11.614,2026-07-08T20:04:20.925Z,22.622,2026-07-08T20:04:20Z,2026-07-08 20:04,down,74.21916248
31.622,3377.96,2958.95,3715.01,3243.31,11.668,2026-07-08T20:16:23.395Z,22.622,2026-07-08T20:16:23Z,2026-07-08 20:16,down,74.21916248
31.622,3457.35,3030.52,3771.31,3291.17,11.668,2026-07-08T20:28:26.193Z,22.622,2026-07-08T20:28:26Z,2026-07-08 20:28,down,74.21916248
31.622,3304.95,2890.86,3758.2,3274.73,11.272,2026-07-08T20:40:29.804Z,22.622,2026-07-08T20:40:29Z,2026-07-08 20:40,down,74.21916248
31.622,3344.23,2923.38,3726.07,3244.49,11.113,2026-07-08T20:52:33.196Z,22.622,2026-07-08T20:52:33Z,2026-07-08 20:52,down,74.21916248
31.622,3345.21,2923.19,3773.46,3284.2,11.063,2026-07-08T21:04:35.619Z,22.622,2026-07-08T21:04:35Z,2026-07-08 21:04,down,74.21916248
31.622,3270.14,2856.79,3750.66,3262.66,10.989,2026-07-08T21:16:38.558Z,22.622,2026-07-08T21:16:38Z,2026-07-08 21:16,down,74.21916248
31.622,3352.45,2928.06,3529.75,3074.38,11.104,2026-07-08T21:28:41.106Z,22.622,2026-07-08T21:28:41Z,2026-07-08 21:28,down,74.21916248
31.622,3246.47,2843.29,3699.09,3230.62,11.573,2026-07-08T21:40:44.608Z,22.622,2026-07-08T21:40:44Z,2026-07-08 21:40,down,74.21916248
31.622,3331.04,2919.78,3779.19,3300.2,11.698,2026-07-08T21:52:48.141Z,22.622,2026-07-08T21:52:48Z,2026-07-08 21:52,down,74.21916248
31.622,3282.92,2876.93,3695.59,3225.83,11.722,2026-07-08T22:04:51.158Z,22.622,2026-07-08T22:04:51Z,2026-07-08 22:04,down,74.21916248
31.622,3348.34,2931.97,3618.28,3156.9,11.719,2026-07-08T22:16:54.581Z,22.622,2026-07-08T22:16:54Z,2026-07-08 22:16,down,74.21916248
31.622,3399.18,2976.67,3850.43,3357.17,11.675,2026-07-08T22:28:57.583Z,22.622,2026-07-08T22:28:57Z,2026-07-08 22:28,down,74.21916248
31.622,3437.8,3003.07,3588.93,3120.63,11.292,2026-07-08T22:41:00.443Z,22.622,2026-07-08T22:41:00Z,2026-07-08 22:41,down,74.21916248
31.622,3315.4,2891.99,3596.83,3123.97,11.135,2026-07-08T22:53:03.851Z,22.622,2026-07-08T22:53:03Z,2026-07-08 22:53,down,74.21916248
47.128,3297.84,2829.98,3660.72,3137.51,10.988,2026-07-08T00:11:10.690Z,38.128,2026-07-08T00:11:10Z,2026-07-08 00:11,down,125.09186752
47.128,3152.41,2706.56,3648.59,3129.79,11.102,2026-07-08T00:23:14.129Z,38.128,2026-07-08T00:23:14Z,2026-07-08 00:23,down,125.09186752
47.128,3315.99,2848.49,3697.19,3170.57,11.022,2026-07-08T00:35:16.645Z,38.128,2026-07-08T00:35:16Z,2026-07-08 00:35,down,125.09186752
47.128,3300.74,2836.88,3775.88,3239.13,10.955,2026-07-08T00:47:19.756Z,38.128,2026-07-08T00:47:19Z,2026-07-08 00:47,down,125.09186752
47.128,3279.28,2819.52,3767.86,3235.07,11.01,2026-07-08T00:59:21.976Z,38.128,2026-07-08T00:59:21Z,2026-07-08 00:59,down,125.09186752
47.128,3473.66,2991.77,3680.67,3162.69,11.06,2026-07-08T01:11:24.837Z,38.128,2026-07-08T01:11:24Z,2026-07-08 01:11,down,125.09186752
47.128,3503.34,3017.44,3904.76,3355.1,10.994,2026-07-08T01:23:27.791Z,38.128,2026-07-08T01:23:27Z,2026-07-08 01:23,down,125.09186752
47.128,3254.62,2804.44,3950.43,3399.2,10.955,2026-07-08T01:35:31.027Z,38.128,2026-07-08T01:35:31Z,2026-07-08 01:35,down,125.09186752
47.128,3369.86,2906.71,3772.15,3251.24,11.071,2026-07-08T01:47:34.278Z,38.128,2026-07-08T01:47:34Z,2026-07-08 01:47,down,125.09186752
47.128,3501.76,3021.57,3710.33,3195.86,10.993,2026-07-08T01:59:37.749Z,38.128,2026-07-08T01:59:37Z,2026-07-08 01:59,down,125.09186752
47.128,3540.4,3056.3,3943.39,3397.88,10.944,2026-07-08T02:11:40.187Z,38.128,2026-07-08T02:11:40Z,2026-07-08 02:11,down,125.09186752
47.128,3476.27,3002.49,3979.66,3431.16,10.933,2026-07-08T02:23:43.720Z,38.128,2026-07-08T02:23:43Z,2026-07-08 02:23,down,125.09186752
47.128,3466.9,2997.77,3940.89,3405.94,11.07,2026-07-08T02:35:47.034Z,38.128,2026-07-08T02:35:47Z,2026-07-08 02:35,down,125.09186752
47.128,3478.05,3014.11,3966.42,3434.67,11.238,2026-07-08T02:47:50.692Z,38.128,2026-07-08T02:47:50Z,2026-07-08 02:47,down,125.09186752
47.128,3406.32,2957.25,3985.3,3454.64,11.417,2026-07-08T02:59:54.116Z,38.128,2026-07-08T02:59:54Z,2026-07-08 02:59,down,125.09186752
47.128,3409.04,2962.32,3842.45,3333.5,11.439,2026-07-08T03:11:57.164Z,38.128,2026-07-08T03:11:57Z,2026-07-08 03:11,down,125.09186752
47.128,3528.24,3068.37,3881.08,3367.66,11.456,2026-07-08T03:23:59.931Z,38.128,2026-07-08T03:23:59Z,2026-07-08 03:23,down,125.09186752
47.128,3445.76,2997.08,3791.27,3291.75,11.455,2026-07-08T03:36:02.698Z,38.128,2026-07-08T03:36:02Z,2026-07-08 03:36,down,125.09186752
47.128,3598.84,3131.54,3829.72,3327.17,11.437,2026-07-08T03:48:06.418Z,38.128,2026-07-08T03:48:06Z,2026-07-08 03:48,down,125.09186752
47.128,3321.31,2891.35,3893.08,3383.59,11.417,2026-07-08T04:00:09.216Z,38.128,2026-07-08T04:00:09Z,2026-07-08 04:00,down,125.09186752
47.128,3448.32,3004.28,4066.76,3535.81,11.433,2026-07-08T04:12:12.061Z,38.128,2026-07-08T04:12:12Z,2026-07-08 04:12,down,125.09186752
47.128,3357.46,2925.3,3682.09,3202.02,11.431,2026-07-08T04:24:14.891Z,38.128,2026-07-08T04:24:14Z,2026-07-08 04:24,down,125.09186752
47.128,3320.97,2894.84,3818.7,3322.59,11.417,2026-07-08T04:36:17.830Z,38.128,2026-07-08T04:36:17Z,2026-07-08 04:36,down,125.09186752
47.128,3468.28,3025.01,3859.53,3361.26,11.44,2026-07-08T04:48:21.534Z,38.128,2026-07-08T04:48:21Z,2026-07-08 04:48,down,125.09186752
47.128,3378.5,2948.02,3810.37,3318.33,11.449,2026-07-08T05:00:24.739Z,38.128,2026-07-08T05:00:24Z,2026-07-08 05:00,down,125.09186752
47.128,3237.64,2825.21,3779.67,3291.5,11.432,2026-07-08T05:12:27.787Z,38.128,2026-07-08T05:12:27Z,2026-07-08 05:12,down,125.09186752
47.128,3348.98,2924.32,3900.74,3397.8,11.434,2026-07-08T05:24:31.320Z,38.128,2026-07-08T05:24:31Z,2026-07-08 05:24,down,125.09186752
47.128,3457.42,3019.27,3704.27,3227.66,11.43,2026-07-08T05:36:33.743Z,38.128,2026-07-08T05:36:33Z,2026-07-08 05:36,down,125.09186752
47.128,3316.66,2897.61,3703.82,3229.19,11.451,2026-07-08T05:48:37.526Z,38.128,2026-07-08T05:48:37Z,2026-07-08 05:48,down,125.09186752
47.128,3385.59,2957.55,3766.6,3284.65,11.44,2026-07-08T06:00:41.231Z,38.128,2026-07-08T06:00:41Z,2026-07-08 06:00,down,125.09186752
47.128,3301.81,2885.65,3744.99,3266.7,11.453,2026-07-08T06:12:44.107Z,38.128,2026-07-08T06:12:44Z,2026-07-08 06:12,down,125.09186752
47.128,3267.75,2856.29,3702.4,3229.76,11.44,2026-07-08T06:24:48.125Z,38.128,2026-07-08T06:24:48Z,2026-07-08 06:24,down,125.09186752
47.128,3291.05,2877.91,3830.03,3342.82,11.462,2026-07-08T06:36:51.908Z,38.128,2026-07-08T06:36:51Z,2026-07-08 06:36,down,125.09186752
47.128,3449.43,3017.37,3818.51,3332.45,11.463,2026-07-08T06:48:55.081Z,38.128,2026-07-08T06:48:55Z,2026-07-08 06:48,down,125.09186752
47.128,3417.33,2989.67,3844.98,3357.41,11.48,2026-07-08T07:00:58.348Z,38.128,2026-07-08T07:00:58Z,2026-07-08 07:00,down,125.09186752
47.128,3295.04,2882.89,3703.25,3232.94,11.468,2026-07-08T07:13:01.350Z,38.128,2026-07-08T07:13:01Z,2026-07-08 07:13,down,125.09186752
47.128,3263.68,2854.81,3756.12,3278.89,11.47,2026-07-08T07:25:04.523Z,38.128,2026-07-08T07:25:04Z,2026-07-08 07:25,down,125.09186752
47.128,3329.62,2913.8,3779.93,3300.65,11.487,2026-07-08T07:37:06.883Z,38.128,2026-07-08T07:37:06Z,2026-07-08 07:37,down,125.09186752
47.128,3329.6,2913.37,3779.71,3300.24,11.467,2026-07-08T07:49:09.697Z,38.128,2026-07-08T07:49:09Z,2026-07-08 07:49,down,125.09186752
47.128,3343.67,2926.37,3786.07,3306.52,11.472,2026-07-08T08:01:13.152Z,38.128,2026-07-08T08:01:13Z,2026-07-08 08:01,down,125.09186752
47.128,3326.06,2911.1,3721.92,3250.49,11.462,2026-07-08T08:13:16.607Z,38.128,2026-07-08T08:13:16Z,2026-07-08 08:13,down,125.09186752
47.128,3255.67,2849.27,3628.18,3168.66,11.451,2026-07-08T08:25:19.545Z,38.128,2026-07-08T08:25:19Z,2026-07-08 08:25,down,125.09186752
47.128,3191.39,2794.09,3495.54,3053.52,11.474,2026-07-08T08:37:22.547Z,38.128,2026-07-08T08:37:22Z,2026-07-08 08:37,down,125.09186752
47.128,3113.21,2726.47,3515.32,3071.45,11.443,2026-07-08T08:49:25.517Z,38.128,2026-07-08T08:49:25Z,2026-07-08 08:49,down,125.09186752
47.128,3185.38,2789.79,3564.38,3114.1,11.436,2026-07-08T09:01:29.253Z,38.128,2026-07-08T09:01:29Z,2026-07-08 09:01,down,125.09186752
47.128,3144.88,2754.27,3620.07,3163.22,11.45,2026-07-08T09:13:32.239Z,38.128,2026-07-08T09:13:32Z,2026-07-08 09:13,down,125.09186752
47.128,3254.77,2850.25,3697.31,3230.68,11.459,2026-07-08T09:25:35.287Z,38.128,2026-07-08T09:25:35Z,2026-07-08 09:25,down,125.09186752
47.128,3339.56,2924.06,3687.15,3222.34,11.452,2026-07-08T09:37:38.804Z,38.128,2026-07-08T09:37:38Z,2026-07-08 09:37,down,125.09186752
47.128,3346.68,2931.55,3721.2,3252.3,11.453,2026-07-08T09:49:42.165Z,38.128,2026-07-08T09:49:42Z,2026-07-08 09:49,down,125.09186752
47.128,3346.9,2931.45,3811.76,3331.77,11.459,2026-07-08T10:01:45.698Z,38.128,2026-07-08T10:01:45Z,2026-07-08 10:01,down,125.09186752
47.128,3489.11,3056.28,3955.93,3458.29,11.473,2026-07-08T10:13:49.090Z,38.128,2026-07-08T10:13:49Z,2026-07-08 10:13,down,125.09186752
47.128,3513.71,3079.02,3927.09,3432.49,11.464,2026-07-08T10:25:52.373Z,38.128,2026-07-08T10:25:52Z,2026-07-08 10:25,down,125.09186752
47.128,3460.97,3032.46,3847.51,3362.9,11.454,2026-07-08T10:37:54.827Z,38.128,2026-07-08T10:37:54Z,2026-07-08 10:37,down,125.09186752
47.128,3420.3,2997.08,3797.01,3319.38,11.46,2026-07-08T10:49:58.126Z,38.128,2026-07-08T10:49:58Z,2026-07-08 10:49,down,125.09186752
47.128,3395.96,2976.52,3769.42,3295.49,11.466,2026-07-08T11:02:01.643Z,38.128,2026-07-08T11:02:01Z,2026-07-08 11:02,down,125.09186752
47.128,3378.55,2960.61,3758.65,3286.16,11.467,2026-07-08T11:14:04.754Z,38.128,2026-07-08T11:14:04Z,2026-07-08 11:14,down,125.09186752
47.128,3388.03,2969.36,3788.47,3311.54,11.457,2026-07-08T11:26:07.896Z,38.128,2026-07-08T11:26:07Z,2026-07-08 11:26,down,125.09186752
47.128,3415.92,2993.16,3822.06,3341.37,11.46,2026-07-08T11:38:10.663Z,38.128,2026-07-08T11:38:10Z,2026-07-08 11:38,down,125.09186752
47.128,3430.62,3005.99,3807.82,3329.32,11.459,2026-07-08T11:50:14.008Z,38.128,2026-07-08T11:50:14Z,2026-07-08 11:50,down,125.09186752
47.128,3393.33,2971.63,3736.67,3264.79,11.362,2026-07-08T12:02:16.384Z,38.128,2026-07-08T12:02:16Z,2026-07-08 12:02,down,125.09186752
47.128,3321.27,2910.25,3649.69,3188.59,11.416,2026-07-08T12:14:19.714Z,38.128,2026-07-08T12:14:19Z,2026-07-08 12:14,down,125.09186752
47.128,3210.62,2809.26,3556.05,3102.87,11.151,2026-07-08T12:26:23.012Z,38.128,2026-07-08T12:26:23Z,2026-07-08 12:26,down,125.09186752
47.128,3179.51,2780.95,3644.06,3182.34,11.171,2026-07-08T12:38:26.138Z,38.128,2026-07-08T12:38:26Z,2026-07-08 12:38,down,125.09186752
47.128,3169.54,2778.56,3556.94,3110.59,11.433,2026-07-08T12:50:29.046Z,38.128,2026-07-08T12:50:29Z,2026-07-08 12:50,down,125.09186752
47.128,3134.81,2745.95,3770.09,3292.21,11.184,2026-07-08T13:02:32.438Z,38.128,2026-07-08T13:02:32Z,2026-07-08 13:02,down,125.09186752
47.128,3408.51,2984.44,3680.81,3213.35,11.083,2026-07-08T13:14:35.049Z,38.128,2026-07-08T13:14:35Z,2026-07-08 13:14,down,125.09186752
47.128,3186.03,2792.11,3577.77,3130.48,11.335,2026-07-08T13:26:37.487Z,38.128,2026-07-08T13:26:37Z,2026-07-08 13:26,down,125.09186752
47.128,3205.07,2809.87,3733.2,3260.4,11.158,2026-07-08T13:38:40.379Z,38.128,2026-07-08T13:38:40Z,2026-07-08 13:38,down,125.09186752
47.128,3168.49,2774.94,3551.35,3101.24,11.013,2026-07-08T13:50:42.880Z,38.128,2026-07-08T13:50:42Z,2026-07-08 13:50,down,125.09186752
47.128,3096.95,2711.33,3554.2,3102.21,10.955,2026-07-08T14:02:46.554Z,38.128,2026-07-08T14:02:46Z,2026-07-08 14:02,down,125.09186752
47.128,3208.55,2809.79,3596.5,3145.52,11.133,2026-07-08T14:14:49.258Z,38.128,2026-07-08T14:14:49Z,2026-07-08 14:14,down,125.09186752
47.128,3132.56,2749.22,3511.57,3067.96,11.259,2026-07-08T14:26:52.463Z,38.128,2026-07-08T14:26:52Z,2026-07-08 14:26,down,125.09186752
47.128,3334.77,2918.84,3610.35,3151.22,11.037,2026-07-08T14:38:55.214Z,38.128,2026-07-08T14:38:55Z,2026-07-08 14:38,down,125.09186752
47.128,3146,2752.16,3530.64,3079.55,10.959,2026-07-08T14:50:58.059Z,38.128,2026-07-08T14:50:58Z,2026-07-08 14:50,down,125.09186752
47.128,3160.7,2764.51,3627.34,3168.21,11.113,2026-07-08T15:03:01.733Z,38.128,2026-07-08T15:03:01Z,2026-07-08 15:03,down,125.09186752
47.128,3435.69,3011.65,3952.53,3456.71,11.446,2026-07-08T15:15:04.515Z,38.128,2026-07-08T15:15:04Z,2026-07-08 15:15,down,125.09186752
47.128,3400.08,2981.63,3789.61,3313.61,11.5,2026-07-08T15:27:08.017Z,38.128,2026-07-08T15:27:08Z,2026-07-08 15:27,down,125.09186752
47.128,3339.76,2928.02,3751.86,3282.42,11.506,2026-07-08T15:39:10.831Z,38.128,2026-07-08T15:39:10Z,2026-07-08 15:39,down,125.09186752
47.128,3283.56,2879.25,3718.57,3253.19,11.498,2026-07-08T15:51:14.051Z,38.128,2026-07-08T15:51:14Z,2026-07-08 15:51,down,125.09186752
47.128,3251.29,2850.5,3646.58,3189.22,11.503,2026-07-08T16:03:16.630Z,38.128,2026-07-08T16:03:16Z,2026-07-08 16:03,down,125.09186752
47.128,3172.46,2780.8,3550.39,3104.42,11.485,2026-07-08T16:15:19.710Z,38.128,2026-07-08T16:15:19Z,2026-07-08 16:15,down,125.09186752
47.128,3161.94,2770.53,3727.42,3258.44,11.482,2026-07-08T16:27:22.930Z,38.128,2026-07-08T16:27:22Z,2026-07-08 16:27,down,125.09186752
47.128,3332.99,2919.97,3653.99,3193.67,11.504,2026-07-08T16:39:25.634Z,38.128,2026-07-08T16:39:25Z,2026-07-08 16:39,down,125.09186752
47.128,3288.74,2880.23,3678.6,3214.15,11.515,2026-07-08T16:51:28.104Z,38.128,2026-07-08T16:51:28Z,2026-07-08 16:51,down,125.09186752
47.128,3382.52,2960.7,3665.96,3201.19,11.514,2026-07-08T17:03:30.777Z,38.128,2026-07-08T17:03:30Z,2026-07-08 17:03,down,125.09186752
47.128,3227.5,2823.48,3735.38,3260.15,11.526,2026-07-08T17:15:34.763Z,38.128,2026-07-08T17:15:34Z,2026-07-08 17:15,down,125.09186752
47.128,3280.37,2867.87,3727.9,3246.62,11.402,2026-07-08T17:27:38.421Z,38.128,2026-07-08T17:27:38Z,2026-07-08 17:27,down,125.09186752
47.128,3391.35,2958.45,3879.8,3375.31,11.167,2026-07-08T17:39:40.907Z,38.128,2026-07-08T17:39:40Z,2026-07-08 17:39,down,125.09186752
47.128,3388.46,2955.89,3599.94,3135.94,11.307,2026-07-08T17:51:44.424Z,38.128,2026-07-08T17:51:44Z,2026-07-08 17:51,down,125.09186752
47.128,3309.4,2890.27,3603.99,3135.65,11.322,2026-07-08T18:03:47.363Z,38.128,2026-07-08T18:03:47Z,2026-07-08 18:03,down,125.09186752
47.128,3325.32,2897.26,3696.11,3212.35,11.102,2026-07-08T18:15:50.739Z,38.128,2026-07-08T18:15:50Z,2026-07-08 18:15,down,125.09186752
47.128,3384.8,2948.16,3760.72,3270.93,11.189,2026-07-08T18:27:54.851Z,38.128,2026-07-08T18:27:54Z,2026-07-08 18:27,down,125.09186752
47.128,3410.17,2975.03,3761.1,3271.39,11.364,2026-07-08T18:39:57.946Z,38.128,2026-07-08T18:39:57Z,2026-07-08 18:39,down,125.09186752
47.128,3374.15,2937.96,3697.53,3211.55,11.112,2026-07-08T18:52:01.635Z,38.128,2026-07-08T18:52:01Z,2026-07-08 18:52,down,125.09186752
47.128,3295.45,2868.28,3604.05,3131.88,11.109,2026-07-08T19:04:04.339Z,38.128,2026-07-08T19:04:04Z,2026-07-08 19:04,down,125.09186752
47.128,3201.65,2791.76,3843.82,3343.33,11.31,2026-07-08T19:16:06.887Z,38.128,2026-07-08T19:16:06Z,2026-07-08 19:16,down,125.09186752
47.128,3401.29,2962.26,3665.04,3183.28,11.06,2026-07-08T19:28:10.217Z,38.128,2026-07-08T19:28:10Z,2026-07-08 19:28,down,125.09186752
47.128,3376.78,2939.63,3728.42,3239.26,11.013,2026-07-08T19:40:14.047Z,38.128,2026-07-08T19:40:14Z,2026-07-08 19:40,down,125.09186752
47.128,3397.54,2963.13,3836.2,3342.67,11.321,2026-07-08T19:52:17.470Z,38.128,2026-07-08T19:52:17Z,2026-07-08 19:52,down,125.09186752
47.128,3316.65,2897.99,3774.27,3294.2,11.503,2026-07-08T20:04:20.925Z,38.128,2026-07-08T20:04:20Z,2026-07-08 20:04,down,125.09186752
47.128,3357.44,2936.39,3736.35,3261.16,11.517,2026-07-08T20:16:23.395Z,38.128,2026-07-08T20:16:23Z,2026-07-08 20:16,down,125.09186752
47.128,3434.92,3005.34,3793.02,3307.21,11.44,2026-07-08T20:28:26.193Z,38.128,2026-07-08T20:28:26Z,2026-07-08 20:28,down,125.09186752
47.128,3281.18,2865.35,3783.09,3296.9,11.146,2026-07-08T20:40:29.804Z,38.128,2026-07-08T20:40:29Z,2026-07-08 20:40,down,125.09186752
47.128,3321.85,2900.51,3751.32,3267.51,11.044,2026-07-08T20:52:33.196Z,38.128,2026-07-08T20:52:33Z,2026-07-08 20:52,down,125.09186752
47.128,3322.92,2900.44,3800.12,3308.7,11.001,2026-07-08T21:04:35.619Z,38.128,2026-07-08T21:04:35Z,2026-07-08 21:04,down,125.09186752
47.128,3246.24,2832.87,3775.74,3286.56,10.952,2026-07-08T21:16:38.558Z,38.128,2026-07-08T21:16:38Z,2026-07-08 21:16,down,125.09186752
47.128,3331.37,2907.63,3552.66,3094.95,11.062,2026-07-08T21:28:41.106Z,38.128,2026-07-08T21:28:41Z,2026-07-08 21:28,down,125.09186752
47.128,3228.47,2823.05,3719.47,3245.16,11.355,2026-07-08T21:40:44.608Z,38.128,2026-07-08T21:40:44Z,2026-07-08 21:40,down,125.09186752
47.128,3314.02,2898.69,3802.09,3318.19,11.468,2026-07-08T21:52:48.141Z,38.128,2026-07-08T21:52:48Z,2026-07-08 21:52,down,125.09186752
47.128,3263.1,2853.89,3719.04,3244.79,11.516,2026-07-08T22:04:51.158Z,38.128,2026-07-08T22:04:51Z,2026-07-08 22:04,down,125.09186752
47.128,3328.18,2908.12,3643.55,3177.72,11.507,2026-07-08T22:16:54.581Z,38.128,2026-07-08T22:16:54Z,2026-07-08 22:16,down,125.09186752
47.128,3376.3,2950.69,3872.59,3373.66,11.436,2026-07-08T22:28:57.583Z,38.128,2026-07-08T22:28:57Z,2026-07-08 22:28,down,125.09186752
47.128,3416.83,2979.78,3612.28,3141.24,11.161,2026-07-08T22:41:00.443Z,38.128,2026-07-08T22:41:00Z,2026-07-08 22:41,down,125.09186752
47.128,3295.46,2870.76,3622.51,3147.38,11.053,2026-07-08T22:53:03.851Z,38.128,2026-07-08T22:53:03Z,2026-07-08 22:53,down,125.09186752
62.38,3277.57,2811.21,3687.45,3167.55,11.136,2026-07-08T00:11:10.690Z,53.38,2026-07-08T00:11:10Z,2026-07-08 00:11,down,175.1312392
62.38,3139.54,2698.27,3676.87,3157.29,11.274,2026-07-08T00:23:14.129Z,53.38,2026-07-08T00:23:14Z,2026-07-08 00:23,down,175.1312392
62.38,3300.43,2832.69,3720.92,3193.87,11.028,2026-07-08T00:35:16.645Z,53.38,2026-07-08T00:35:16Z,2026-07-08 00:35,down,175.1312392
62.38,3282.53,2819.21,3804.01,3266.87,10.988,2026-07-08T00:47:19.756Z,53.38,2026-07-08T00:47:19Z,2026-07-08 00:47,down,175.1312392
62.38,3261.15,2806.73,3801.66,3272.68,11.314,2026-07-08T00:59:21.976Z,53.38,2026-07-08T00:59:21Z,2026-07-08 00:59,down,175.1312392
62.38,3456.92,2975.61,3707.21,3188.82,11.098,2026-07-08T01:11:24.837Z,53.38,2026-07-08T01:11:24Z,2026-07-08 01:11,down,175.1312392
62.38,3484.9,2999.38,3931.02,3380.82,11.012,2026-07-08T01:23:27.791Z,53.38,2026-07-08T01:23:27Z,2026-07-08 01:23,down,175.1312392
62.38,3237.28,2789.68,3985.17,3437.34,11.161,2026-07-08T01:35:31.027Z,53.38,2026-07-08T01:35:31Z,2026-07-08 01:35,down,175.1312392
62.38,3352.52,2895.43,3798.48,3276.32,11.238,2026-07-08T01:47:34.278Z,53.38,2026-07-08T01:47:34Z,2026-07-08 01:47,down,175.1312392
62.38,3480.93,3002.45,3734.86,3219.41,11.024,2026-07-08T01:59:37.749Z,53.38,2026-07-08T01:59:37Z,2026-07-08 01:59,down,175.1312392
62.38,3520.45,3037.22,3972.57,3426.21,10.971,2026-07-08T02:11:40.187Z,53.38,2026-07-08T02:11:40Z,2026-07-08 02:11,down,175.1312392
62.38,3456.07,2983.06,4009.89,3463.09,11.019,2026-07-08T02:23:43.720Z,53.38,2026-07-08T02:23:43Z,2026-07-08 02:23,down,175.1312392
62.38,3445.64,2982.47,3968.68,3434.58,11.269,2026-07-08T02:35:47.034Z,53.38,2026-07-08T02:35:47Z,2026-07-08 02:35,down,175.1312392
62.38,3460.36,3000.11,3996.02,3465.24,11.394,2026-07-08T02:47:50.692Z,53.38,2026-07-08T02:47:50Z,2026-07-08 02:47,down,175.1312392
62.38,3385.7,2938.42,4013.92,3482.99,11.475,2026-07-08T02:59:54.116Z,53.38,2026-07-08T02:59:54Z,2026-07-08 02:59,down,175.1312392
62.38,3387.51,2942.75,3876.63,3367.1,11.513,2026-07-08T03:11:57.164Z,53.38,2026-07-08T03:11:57Z,2026-07-08 03:11,down,175.1312392
62.38,3509.81,3051.2,3909.43,3396.49,11.53,2026-07-08T03:23:59.931Z,53.38,2026-07-08T03:23:59Z,2026-07-08 03:23,down,175.1312392
62.38,3421.42,2975.43,3818.44,3319.14,11.537,2026-07-08T03:36:02.698Z,53.38,2026-07-08T03:36:02Z,2026-07-08 03:36,down,175.1312392
62.38,3574.67,3110.83,3858.21,3356.44,11.558,2026-07-08T03:48:06.418Z,53.38,2026-07-08T03:48:06Z,2026-07-08 03:48,down,175.1312392
62.38,3303.1,2875.79,3924.76,3415.69,11.538,2026-07-08T04:00:09.216Z,53.38,2026-07-08T04:00:09Z,2026-07-08 04:00,down,175.1312392
62.38,3433.24,2990.96,4095.59,3566.18,11.553,2026-07-08T04:12:12.061Z,53.38,2026-07-08T04:12:12Z,2026-07-08 04:12,down,175.1312392
62.38,3339.27,2909.91,3709.23,3229.98,11.557,2026-07-08T04:24:14.891Z,53.38,2026-07-08T04:24:14Z,2026-07-08 04:24,down,175.1312392
62.38,3304.57,2880.77,3848.58,3353.38,11.544,2026-07-08T04:36:17.830Z,53.38,2026-07-08T04:36:17Z,2026-07-08 04:36,down,175.1312392
62.38,3452.52,3011.44,3888.79,3391.57,11.564,2026-07-08T04:48:21.534Z,53.38,2026-07-08T04:48:21Z,2026-07-08 04:48,down,175.1312392
62.38,3360.48,2932.74,3840.64,3348.87,11.566,2026-07-08T05:00:24.739Z,53.38,2026-07-08T05:00:24Z,2026-07-08 05:00,down,175.1312392
62.38,3218.74,2808.88,3808.31,3321.49,11.565,2026-07-08T05:12:27.787Z,53.38,2026-07-08T05:12:27Z,2026-07-08 05:12,down,175.1312392
62.38,3328.99,2906.62,3927.2,3425.79,11.548,2026-07-08T05:24:31.320Z,53.38,2026-07-08T05:24:31Z,2026-07-08 05:24,down,175.1312392
62.38,3436.48,3001.17,3733.97,3258.17,11.555,2026-07-08T05:36:33.743Z,53.38,2026-07-08T05:36:33Z,2026-07-08 05:36,down,175.1312392
62.38,3301.71,2884.38,3734.4,3260.1,11.555,2026-07-08T05:48:37.526Z,53.38,2026-07-08T05:48:37Z,2026-07-08 05:48,down,175.1312392
62.38,3367.55,2941.84,3789.72,3309.54,11.562,2026-07-08T06:00:41.231Z,53.38,2026-07-08T06:00:41Z,2026-07-08 06:00,down,175.1312392
62.38,3281.3,2867.81,3769.22,3292.52,11.575,2026-07-08T06:12:44.107Z,53.38,2026-07-08T06:12:44Z,2026-07-08 06:12,down,175.1312392
62.38,3246.95,2838.05,3729.95,3258.27,11.554,2026-07-08T06:24:48.125Z,53.38,2026-07-08T06:24:48Z,2026-07-08 06:24,down,175.1312392
62.38,3269.82,2859.03,3859.91,3373.7,11.572,2026-07-08T06:36:51.908Z,53.38,2026-07-08T06:36:51Z,2026-07-08 06:36,down,175.1312392
62.38,3425.62,2996.72,3844.18,3359.42,11.582,2026-07-08T06:48:55.081Z,53.38,2026-07-08T06:48:55Z,2026-07-08 06:48,down,175.1312392
62.38,3400.91,2974.89,3868.88,3382.7,11.578,2026-07-08T07:00:58.348Z,53.38,2026-07-08T07:00:58Z,2026-07-08 07:00,down,175.1312392
62.38,3279.78,2869.57,3724.93,3256.65,11.592,2026-07-08T07:13:01.350Z,53.38,2026-07-08T07:13:01Z,2026-07-08 07:13,down,175.1312392
62.38,3246.19,2839.56,3779.59,3303.64,11.58,2026-07-08T07:25:04.523Z,53.38,2026-07-08T07:25:04Z,2026-07-08 07:25,down,175.1312392
62.38,3310.45,2896.29,3801.91,3324.29,11.578,2026-07-08T07:37:06.883Z,53.38,2026-07-08T07:37:06Z,2026-07-08 07:37,down,175.1312392
62.38,3310.65,2897.04,3800.97,3322.78,11.574,2026-07-08T07:49:09.697Z,53.38,2026-07-08T07:49:09Z,2026-07-08 07:49,down,175.1312392
62.38,3325.89,2910.9,3807.28,3329.36,11.584,2026-07-08T08:01:13.152Z,53.38,2026-07-08T08:01:13Z,2026-07-08 08:01,down,175.1312392
62.38,3309.12,2896.32,3744.93,3275.53,11.59,2026-07-08T08:13:16.607Z,53.38,2026-07-08T08:13:16Z,2026-07-08 08:13,down,175.1312392
62.38,3237.24,2833.39,3650.98,3193.12,11.579,2026-07-08T08:25:19.545Z,53.38,2026-07-08T08:25:19Z,2026-07-08 08:25,down,175.1312392
62.38,3171.11,2775.93,3516.74,3075.91,11.568,2026-07-08T08:37:22.547Z,53.38,2026-07-08T08:37:22Z,2026-07-08 08:37,down,175.1312392
62.38,3094.79,2709.86,3539.45,3097.53,11.564,2026-07-08T08:49:25.517Z,53.38,2026-07-08T08:49:25Z,2026-07-08 08:49,down,175.1312392
62.38,3167.24,2774.27,3590.73,3141.46,11.563,2026-07-08T09:01:29.253Z,53.38,2026-07-08T09:01:29Z,2026-07-08 09:01,down,175.1312392
62.38,3127.17,2738.95,3644.05,3188.53,11.571,2026-07-08T09:13:32.239Z,53.38,2026-07-08T09:13:32Z,2026-07-08 09:13,down,175.1312392
62.38,3235.45,2833.26,3722.16,3256.62,11.566,2026-07-08T09:25:35.287Z,53.38,2026-07-08T09:25:35Z,2026-07-08 09:25,down,175.1312392
62.38,3317.83,2905.33,3714.46,3251.05,11.585,2026-07-08T09:37:38.804Z,53.38,2026-07-08T09:37:38Z,2026-07-08 09:37,down,175.1312392
62.38,3325.1,2912.79,3750.05,3282.16,11.576,2026-07-08T09:49:42.165Z,53.38,2026-07-08T09:49:42Z,2026-07-08 09:49,down,175.1312392
62.38,3323.15,2910.54,3843.92,3364.73,11.577,2026-07-08T10:01:45.698Z,53.38,2026-07-08T10:01:45Z,2026-07-08 10:01,down,175.1312392
62.38,3465.59,3035.03,3987.36,3490.66,11.573,2026-07-08T10:13:49.090Z,53.38,2026-07-08T10:13:49Z,2026-07-08 10:13,down,175.1312392
62.38,3491.15,3058.79,3956.72,3463.43,11.574,2026-07-08T10:25:52.373Z,53.38,2026-07-08T10:25:52Z,2026-07-08 10:25,down,175.1312392
62.38,3439.18,3013.74,3875.52,3392.84,11.601,2026-07-08T10:37:54.827Z,53.38,2026-07-08T10:37:54Z,2026-07-08 10:37,down,175.1312392
62.38,3399.45,2978.67,3824.46,3348.49,11.585,2026-07-08T10:49:58.126Z,53.38,2026-07-08T10:49:58Z,2026-07-08 10:49,down,175.1312392
62.38,3375.29,2958.54,3796.53,3324.06,11.593,2026-07-08T11:02:01.643Z,53.38,2026-07-08T11:02:01Z,2026-07-08 11:02,down,175.1312392
62.38,3357.95,2942.62,3786.06,3314.79,11.587,2026-07-08T11:14:04.754Z,53.38,2026-07-08T11:14:04Z,2026-07-08 11:14,down,175.1312392
62.38,3367.4,2950.73,3816.17,3341.37,11.583,2026-07-08T11:26:07.896Z,53.38,2026-07-08T11:26:07Z,2026-07-08 11:26,down,175.1312392
62.38,3394.71,2974.45,3850.71,3371.69,11.588,2026-07-08T11:38:10.663Z,53.38,2026-07-08T11:38:10Z,2026-07-08 11:38,down,175.1312392
62.38,3409.68,2987.6,3835.52,3357.06,11.546,2026-07-08T11:50:14.008Z,53.38,2026-07-08T11:50:14Z,2026-07-08 11:50,down,175.1312392
62.38,3373.86,2951.68,3763.53,3293.66,11.417,2026-07-08T12:02:16.384Z,53.38,2026-07-08T12:02:16Z,2026-07-08 12:02,down,175.1312392
62.38,3301.64,2892.82,3675.3,3211.38,11.42,2026-07-08T12:14:19.714Z,53.38,2026-07-08T12:14:19Z,2026-07-08 12:14,down,175.1312392
62.38,3193.04,2791.56,3580.41,3126.52,11.146,2026-07-08T12:26:23.012Z,53.38,2026-07-08T12:26:23Z,2026-07-08 12:26,down,175.1312392
62.38,3161.49,2765.79,3672.09,3212.55,11.338,2026-07-08T12:38:26.138Z,53.38,2026-07-08T12:38:26Z,2026-07-08 12:38,down,175.1312392
62.38,3146.8,2757.88,3578.09,3131.76,11.482,2026-07-08T12:50:29.046Z,53.38,2026-07-08T12:50:29Z,2026-07-08 12:50,down,175.1312392
62.38,3117.61,2728.4,3796.89,3318.07,11.17,2026-07-08T13:02:32.438Z,53.38,2026-07-08T13:02:32Z,2026-07-08 13:02,down,175.1312392
62.38,3390.01,2965.74,3708.41,3241.69,11.122,2026-07-08T13:14:35.049Z,53.38,2026-07-08T13:14:35Z,2026-07-08 13:14,down,175.1312392
62.38,3168.63,2776.93,3604.45,3157,11.422,2026-07-08T13:26:37.487Z,53.38,2026-07-08T13:26:37Z,2026-07-08 13:26,down,175.1312392
62.38,3183.22,2787.27,3763.87,3289.86,11.123,2026-07-08T13:38:40.379Z,53.38,2026-07-08T13:38:40Z,2026-07-08 13:38,down,175.1312392
62.38,3151.87,2758.23,3577.03,3125.95,11.008,2026-07-08T13:50:42.880Z,53.38,2026-07-08T13:50:42Z,2026-07-08 13:50,down,175.1312392
62.38,3082.53,2697.1,3580.95,3127.86,10.967,2026-07-08T14:02:46.554Z,53.38,2026-07-08T14:02:46Z,2026-07-08 14:02,down,175.1312392
62.38,3192.4,2796.59,3625.01,3174.63,11.271,2026-07-08T14:14:49.258Z,53.38,2026-07-08T14:14:49Z,2026-07-08 14:14,down,175.1312392
62.38,3115.67,2732.14,3536.08,3091.11,11.237,2026-07-08T14:26:52.463Z,53.38,2026-07-08T14:26:52Z,2026-07-08 14:26,down,175.1312392
62.38,3319.89,2903.8,3635.59,3175.75,11.045,2026-07-08T14:38:55.214Z,53.38,2026-07-08T14:38:55Z,2026-07-08 14:38,down,175.1312392
62.38,3129.51,2735.69,3555.58,3104.41,10.981,2026-07-08T14:50:58.059Z,53.38,2026-07-08T14:50:58Z,2026-07-08 14:50,down,175.1312392
62.38,3141.69,2748.43,3656.37,3198.15,11.25,2026-07-08T15:03:01.733Z,53.38,2026-07-08T15:03:01Z,2026-07-08 15:03,down,175.1312392
62.38,3413.95,2991.21,3978.5,3482.1,11.471,2026-07-08T15:15:04.515Z,53.38,2026-07-08T15:15:04Z,2026-07-08 15:15,down,175.1312392
62.38,3379.72,2961.78,3816.79,3340.49,11.522,2026-07-08T15:27:08.017Z,53.38,2026-07-08T15:27:08Z,2026-07-08 15:27,down,175.1312392
62.38,3320.64,2910.13,3782.24,3312.3,11.557,2026-07-08T15:39:10.831Z,53.38,2026-07-08T15:39:10Z,2026-07-08 15:39,down,175.1312392
62.38,3263.39,2860.37,3749.63,3283.98,11.556,2026-07-08T15:51:14.051Z,53.38,2026-07-08T15:51:14Z,2026-07-08 15:51,down,175.1312392
62.38,3232.86,2833.33,3675.71,3218.21,11.565,2026-07-08T16:03:16.630Z,53.38,2026-07-08T16:03:16Z,2026-07-08 16:03,down,175.1312392
62.38,3151.64,2761.65,3577.13,3131.58,11.559,2026-07-08T16:15:19.710Z,53.38,2026-07-08T16:15:19Z,2026-07-08 16:15,down,175.1312392
62.38,3140.48,2751.19,3751.43,3283.47,11.569,2026-07-08T16:27:22.930Z,53.38,2026-07-08T16:27:22Z,2026-07-08 16:27,down,175.1312392
62.38,3312.41,2901.77,3681.32,3220.98,11.588,2026-07-08T16:39:25.634Z,53.38,2026-07-08T16:39:25Z,2026-07-08 16:39,down,175.1312392
62.38,3270.31,2863.92,3706.07,3241.75,11.604,2026-07-08T16:51:28.104Z,53.38,2026-07-08T16:51:28Z,2026-07-08 16:51,down,175.1312392
62.38,3362.01,2942.68,3691.63,3227.49,11.613,2026-07-08T17:03:30.777Z,53.38,2026-07-08T17:03:30Z,2026-07-08 17:03,down,175.1312392
62.38,3210.77,2808.26,3761.79,3287.01,11.606,2026-07-08T17:15:34.763Z,53.38,2026-07-08T17:15:34Z,2026-07-08 17:15,down,175.1312392
62.38,3260.64,2848.26,3753.84,3271.49,11.391,2026-07-08T17:27:38.421Z,53.38,2026-07-08T17:27:38Z,2026-07-08 17:27,down,175.1312392
62.38,3371.88,2939.24,3905.34,3400.78,11.184,2026-07-08T17:39:40.907Z,53.38,2026-07-08T17:39:40Z,2026-07-08 17:39,down,175.1312392
62.38,3365.58,2936.63,3625.83,3162.61,11.436,2026-07-08T17:51:44.424Z,53.38,2026-07-08T17:51:44Z,2026-07-08 17:51,down,175.1312392
62.38,3288.77,2869.22,3628.23,3158.86,11.289,2026-07-08T18:03:47.363Z,53.38,2026-07-08T18:03:47Z,2026-07-08 18:03,down,175.1312392
62.38,3304.95,2877.31,3724.01,3239.32,11.108,2026-07-08T18:15:50.739Z,53.38,2026-07-08T18:15:50Z,2026-07-08 18:15,down,175.1312392
62.38,3369.28,2933.7,3793.18,3303.92,11.282,2026-07-08T18:27:54.851Z,53.38,2026-07-08T18:27:54Z,2026-07-08 18:27,down,175.1312392
62.38,3392.21,2958.16,3785.97,3293.94,11.353,2026-07-08T18:39:57.946Z,53.38,2026-07-08T18:39:57Z,2026-07-08 18:39,down,175.1312392
62.38,3354.79,2919.24,3723.86,3236.61,11.115,2026-07-08T18:52:01.635Z,53.38,2026-07-08T18:52:01Z,2026-07-08 18:52,down,175.1312392
62.38,3278.27,2851.86,3629.05,3158.83,11.205,2026-07-08T19:04:04.339Z,53.38,2026-07-08T19:04:04Z,2026-07-08 19:04,down,175.1312392
62.38,3186.07,2775.69,3872.9,3369.44,11.255,2026-07-08T19:16:06.887Z,53.38,2026-07-08T19:16:06Z,2026-07-08 19:16,down,175.1312392
62.38,3384.36,2945.38,3689.33,3207.22,11.074,2026-07-08T19:28:10.217Z,53.38,2026-07-08T19:28:10Z,2026-07-08 19:28,down,175.1312392
62.38,3362.19,2924.81,3754.1,3266.04,11.067,2026-07-08T19:40:14.047Z,53.38,2026-07-08T19:40:14Z,2026-07-08 19:40,down,175.1312392
62.38,3380.48,2948.19,3862.74,3369.01,11.399,2026-07-08T19:52:17.470Z,53.38,2026-07-08T19:52:17Z,2026-07-08 19:52,down,175.1312392
62.38,3295.52,2877.63,3800.14,3319.34,11.513,2026-07-08T20:04:20.925Z,53.38,2026-07-08T20:04:20Z,2026-07-08 20:04,down,175.1312392
62.38,3333.79,2914.38,3764.52,3288.86,11.558,2026-07-08T20:16:23.395Z,53.38,2026-07-08T20:16:23Z,2026-07-08 20:16,down,175.1312392
62.38,3411.15,2982.59,3822.06,3333.49,11.409,2026-07-08T20:28:26.193Z,53.38,2026-07-08T20:28:26Z,2026-07-08 20:28,down,175.1312392
62.38,3264.08,2848.61,3810.27,3323.35,11.163,2026-07-08T20:40:29.804Z,53.38,2026-07-08T20:40:29Z,2026-07-08 20:40,down,175.1312392
62.38,3302.51,2881.9,3777.44,3293.18,11.068,2026-07-08T20:52:33.196Z,53.38,2026-07-08T20:52:33Z,2026-07-08 20:52,down,175.1312392
62.38,3304.11,2882.08,3824.53,3332.93,11.019,2026-07-08T21:04:35.619Z,53.38,2026-07-08T21:04:35Z,2026-07-08 21:04,down,175.1312392
62.38,3231.41,2818.56,3803.59,3313.99,10.992,2026-07-08T21:16:38.558Z,53.38,2026-07-08T21:16:38Z,2026-07-08 21:16,down,175.1312392
62.38,3314.56,2892.23,3580.01,3124.32,11.189,2026-07-08T21:28:41.106Z,53.38,2026-07-08T21:28:41Z,2026-07-08 21:28,down,175.1312392
62.38,3211.38,2806.61,3745.42,3271.09,11.395,2026-07-08T21:40:44.608Z,53.38,2026-07-08T21:40:44Z,2026-07-08 21:40,down,175.1312392
62.38,3294.96,2880.44,3828.93,3344.87,11.504,2026-07-08T21:52:48.141Z,53.38,2026-07-08T21:52:48Z,2026-07-08 21:52,down,175.1312392
62.38,3241.19,2833.56,3741.15,3267.14,11.56,2026-07-08T22:04:51.158Z,53.38,2026-07-08T22:04:51Z,2026-07-08 22:04,down,175.1312392
62.38,3308.71,2890.03,3670.18,3203.79,11.55,2026-07-08T22:16:54.581Z,53.38,2026-07-08T22:16:54Z,2026-07-08 22:16,down,175.1312392
62.38,3358.58,2934.22,3905.21,3403.06,11.432,2026-07-08T22:28:57.583Z,53.38,2026-07-08T22:28:57Z,2026-07-08 22:28,down,175.1312392
62.38,3393.01,2957.31,3642.04,3169.28,11.17,2026-07-08T22:41:00.443Z,53.38,2026-07-08T22:41:00Z,2026-07-08 22:41,down,175.1312392
62.38,3273.59,2849.99,3650.38,3174.11,11.068,2026-07-08T22:53:03.851Z,53.38,2026-07-08T22:53:03Z,2026-07-08 22:53,down,175.1312392
77.632,3250.12,2785.68,3712.02,3187.11,11.036,2026-07-08T00:11:10.690Z,68.632,2026-07-08T00:11:10Z,2026-07-08 00:11,down,225.17061088000003
77.632,3110.27,2667.89,3696.19,3174.75,11.133,2026-07-08T00:23:14.129Z,68.632,2026-07-08T00:23:14Z,2026-07-08 00:23,down,225.17061088000003
77.632,3268.77,2804.21,3735.91,3209.35,11.057,2026-07-08T00:35:16.645Z,68.632,2026-07-08T00:35:16Z,2026-07-08 00:35,down,225.17061088000003
77.632,3254.48,2794.08,3822.05,3283.59,10.988,2026-07-08T00:47:19.756Z,68.632,2026-07-08T00:47:19Z,2026-07-08 00:47,down,225.17061088000003
77.632,3235.7,2779.55,3819.57,3286.09,11.104,2026-07-08T00:59:21.976Z,68.632,2026-07-08T00:59:21Z,2026-07-08 00:59,down,225.17061088000003
77.632,3426.66,2946.68,3729.77,3210.56,11.077,2026-07-08T01:11:24.837Z,68.632,2026-07-08T01:11:24Z,2026-07-08 01:11,down,225.17061088000003
77.632,3458.88,2975.41,3953.32,3402.69,11.034,2026-07-08T01:23:27.791Z,68.632,2026-07-08T01:23:27Z,2026-07-08 01:23,down,225.17061088000003
77.632,3207.92,2761.11,4002.87,3450.9,11.021,2026-07-08T01:35:31.027Z,68.632,2026-07-08T01:35:31Z,2026-07-08 01:35,down,225.17061088000003
77.632,3323.54,2864.39,3821.1,3298.26,11.124,2026-07-08T01:47:34.278Z,68.632,2026-07-08T01:47:34Z,2026-07-08 01:47,down,225.17061088000003
77.632,3450.52,2974.64,3750.47,3235.54,11.049,2026-07-08T01:59:37.749Z,68.632,2026-07-08T01:59:37Z,2026-07-08 01:59,down,225.17061088000003
77.632,3494.05,3012.69,3988.83,3442.52,10.977,2026-07-08T02:11:40.187Z,68.632,2026-07-08T02:11:40Z,2026-07-08 02:11,down,225.17061088000003
77.632,3428.15,2957.07,4029.2,3479.95,10.97,2026-07-08T02:23:43.720Z,68.632,2026-07-08T02:23:43Z,2026-07-08 02:23,down,225.17061088000003
77.632,3416.04,2951.39,3985.77,3449.33,11.114,2026-07-08T02:35:47.034Z,68.632,2026-07-08T02:35:47Z,2026-07-08 02:35,down,225.17061088000003
77.632,3432.29,2969.29,4015.77,3480.41,11.164,2026-07-08T02:47:50.692Z,68.632,2026-07-08T02:47:50Z,2026-07-08 02:47,down,225.17061088000003
77.632,3357.26,2907.62,4033.36,3497.27,11.237,2026-07-08T02:59:54.116Z,68.632,2026-07-08T02:59:54Z,2026-07-08 02:59,down,225.17061088000003
77.632,3356.85,2909.41,3888.19,3374.3,11.249,2026-07-08T03:11:57.164Z,68.632,2026-07-08T03:11:57Z,2026-07-08 03:11,down,225.17061088000003
77.632,3480.22,3018.73,3920.51,3403.12,11.268,2026-07-08T03:23:59.931Z,68.632,2026-07-08T03:23:59Z,2026-07-08 03:23,down,225.17061088000003
77.632,3390.07,2941.29,3835.16,3330.72,11.267,2026-07-08T03:36:02.698Z,68.632,2026-07-08T03:36:02Z,2026-07-08 03:36,down,225.17061088000003
77.632,3541.04,3073.8,3877.51,3369.87,11.263,2026-07-08T03:48:06.418Z,68.632,2026-07-08T03:48:06Z,2026-07-08 03:48,down,225.17061088000003
77.632,3278.75,2847.67,3942.1,3428.03,11.267,2026-07-08T04:00:09.216Z,68.632,2026-07-08T04:00:09Z,2026-07-08 04:00,down,225.17061088000003
77.632,3403.15,2957.63,4117.43,3581.57,11.267,2026-07-08T04:12:12.061Z,68.632,2026-07-08T04:12:12Z,2026-07-08 04:12,down,225.17061088000003
77.632,3310.17,2877.48,3729.93,3245.25,11.28,2026-07-08T04:24:14.891Z,68.632,2026-07-08T04:24:14Z,2026-07-08 04:24,down,225.17061088000003
77.632,3274.25,2847.38,3867.95,3367.41,11.268,2026-07-08T04:36:17.830Z,68.632,2026-07-08T04:36:17Z,2026-07-08 04:36,down,225.17061088000003
77.632,3417.59,2973.73,3909.89,3406.79,11.282,2026-07-08T04:48:21.534Z,68.632,2026-07-08T04:48:21Z,2026-07-08 04:48,down,225.17061088000003
77.632,3328.08,2897.23,3857.3,3360.21,11.278,2026-07-08T05:00:24.739Z,68.632,2026-07-08T05:00:24Z,2026-07-08 05:00,down,225.17061088000003
77.632,3193.16,2780,3824.94,3332.95,11.29,2026-07-08T05:12:27.787Z,68.632,2026-07-08T05:12:27Z,2026-07-08 05:12,down,225.17061088000003
77.632,3299.1,2873.87,3941.3,3435.37,11.288,2026-07-08T05:24:31.320Z,68.632,2026-07-08T05:24:31Z,2026-07-08 05:24,down,225.17061088000003
77.632,3404.95,2966.95,3749.54,3269.55,11.31,2026-07-08T05:36:33.743Z,68.632,2026-07-08T05:36:33Z,2026-07-08 05:36,down,225.17061088000003
77.632,3269.69,2849.8,3757.84,3278.25,11.302,2026-07-08T05:48:37.526Z,68.632,2026-07-08T05:48:37Z,2026-07-08 05:48,down,225.17061088000003
77.632,3335.36,2907.54,3811.59,3325.78,11.311,2026-07-08T06:00:41.231Z,68.632,2026-07-08T06:00:41Z,2026-07-08 06:00,down,225.17061088000003
77.632,3252.75,2836.08,3792.28,3310.37,11.316,2026-07-08T06:12:44.107Z,68.632,2026-07-08T06:12:44Z,2026-07-08 06:12,down,225.17061088000003
77.632,3223.25,2811.83,3749.02,3272.39,11.325,2026-07-08T06:24:48.125Z,68.632,2026-07-08T06:24:48Z,2026-07-08 06:24,down,225.17061088000003
77.632,3247.23,2832.9,3877.67,3386.8,11.323,2026-07-08T06:36:51.908Z,68.632,2026-07-08T06:36:51Z,2026-07-08 06:36,down,225.17061088000003
77.632,3394.42,2963.19,3864.96,3374.98,11.341,2026-07-08T06:48:55.081Z,68.632,2026-07-08T06:48:55Z,2026-07-08 06:48,down,225.17061088000003
77.632,3366.53,2937.96,3889.29,3398.02,11.32,2026-07-08T07:00:58.348Z,68.632,2026-07-08T07:00:58Z,2026-07-08 07:00,down,225.17061088000003
77.632,3246.81,2834.12,3748.19,3273.76,11.314,2026-07-08T07:13:01.350Z,68.632,2026-07-08T07:13:01Z,2026-07-08 07:13,down,225.17061088000003
77.632,3212.79,2804.05,3796.93,3316.28,11.328,2026-07-08T07:25:04.523Z,68.632,2026-07-08T07:25:04Z,2026-07-08 07:25,down,225.17061088000003
77.632,3275.14,2859.13,3814.81,3333.1,11.332,2026-07-08T07:37:06.883Z,68.632,2026-07-08T07:37:06Z,2026-07-08 07:37,down,225.17061088000003
77.632,3274.84,2859.01,3813.88,3332.17,11.33,2026-07-08T07:49:09.697Z,68.632,2026-07-08T07:49:09Z,2026-07-08 07:49,down,225.17061088000003
77.632,3290.43,2873.23,3822.26,3340.29,11.335,2026-07-08T08:01:13.152Z,68.632,2026-07-08T08:01:13Z,2026-07-08 08:01,down,225.17061088000003
77.632,3273.85,2859.19,3758.21,3284.93,11.35,2026-07-08T08:13:16.607Z,68.632,2026-07-08T08:13:16Z,2026-07-08 08:13,down,225.17061088000003
77.632,3204.66,2798.16,3663.15,3201.75,11.325,2026-07-08T08:25:19.545Z,68.632,2026-07-08T08:25:19Z,2026-07-08 08:25,down,225.17061088000003
77.632,3142.09,2744.25,3531.01,3085.78,11.306,2026-07-08T08:37:22.547Z,68.632,2026-07-08T08:37:22Z,2026-07-08 08:37,down,225.17061088000003
77.632,3068.21,2680.76,3554.19,3107.84,11.312,2026-07-08T08:49:25.517Z,68.632,2026-07-08T08:49:25Z,2026-07-08 08:49,down,225.17061088000003
77.632,3140.57,2744.66,3606.17,3152.93,11.318,2026-07-08T09:01:29.253Z,68.632,2026-07-08T09:01:29Z,2026-07-08 09:01,down,225.17061088000003
77.632,3099.63,2708.24,3657.8,3198.35,11.309,2026-07-08T09:13:32.239Z,68.632,2026-07-08T09:13:32Z,2026-07-08 09:13,down,225.17061088000003
77.632,3206.16,2801.13,3735.42,3266.1,11.317,2026-07-08T09:25:35.287Z,68.632,2026-07-08T09:25:35Z,2026-07-08 09:25,down,225.17061088000003
77.632,3288.99,2873.62,3733.05,3264.87,11.334,2026-07-08T09:37:38.804Z,68.632,2026-07-08T09:37:38Z,2026-07-08 09:37,down,225.17061088000003
77.632,3299.21,2883.63,3770.5,3297.73,11.328,2026-07-08T09:49:42.165Z,68.632,2026-07-08T09:49:42Z,2026-07-08 09:49,down,225.17061088000003
77.632,3296.74,2881.11,3864.98,3380.59,11.33,2026-07-08T10:01:45.698Z,68.632,2026-07-08T10:01:45Z,2026-07-08 10:01,down,225.17061088000003
77.632,3439.61,3005.91,4005.34,3503.53,11.327,2026-07-08T10:13:49.090Z,68.632,2026-07-08T10:13:49Z,2026-07-08 10:13,down,225.17061088000003
77.632,3465.36,3029.64,3975.21,3476.77,11.324,2026-07-08T10:25:52.373Z,68.632,2026-07-08T10:25:52Z,2026-07-08 10:25,down,225.17061088000003
77.632,3412.68,2983.69,3895.09,3406.73,11.329,2026-07-08T10:37:54.827Z,68.632,2026-07-08T10:37:54Z,2026-07-08 10:37,down,225.17061088000003
77.632,3372.83,2948.79,3845.08,3363.3,11.317,2026-07-08T10:49:58.126Z,68.632,2026-07-08T10:49:58Z,2026-07-08 10:49,down,225.17061088000003
77.632,3348.76,2928.33,3817.65,3339.41,11.315,2026-07-08T11:02:01.643Z,68.632,2026-07-08T11:02:01Z,2026-07-08 11:02,down,225.17061088000003
77.632,3331.73,2912.81,3807.37,3330.55,11.317,2026-07-08T11:14:04.754Z,68.632,2026-07-08T11:14:04Z,2026-07-08 11:14,down,225.17061088000003
77.632,3340.44,2920.59,3837.8,3357.41,11.323,2026-07-08T11:26:07.896Z,68.632,2026-07-08T11:26:07Z,2026-07-08 11:26,down,225.17061088000003
77.632,3367.51,2943.95,3872.7,3387.68,11.317,2026-07-08T11:38:10.663Z,68.632,2026-07-08T11:38:10Z,2026-07-08 11:38,down,225.17061088000003
77.632,3381.07,2956.57,3856.03,3373.07,11.328,2026-07-08T11:50:14.008Z,68.632,2026-07-08T11:50:14Z,2026-07-08 11:50,down,225.17061088000003
77.632,3341.22,2919.7,3787.62,3311.89,11.247,2026-07-08T12:02:16.384Z,68.632,2026-07-08T12:02:16Z,2026-07-08 12:02,down,225.17061088000003
77.632,3272.77,2860.94,3692.76,3228.52,11.276,2026-07-08T12:14:19.714Z,68.632,2026-07-08T12:14:19Z,2026-07-08 12:14,down,225.17061088000003
77.632,3162.45,2763.14,3597.6,3144.07,11.163,2026-07-08T12:26:23.012Z,68.632,2026-07-08T12:26:23Z,2026-07-08 12:26,down,225.17061088000003
77.632,3131.52,2735.07,3687.73,3224.37,11.152,2026-07-08T12:38:26.138Z,68.632,2026-07-08T12:38:26Z,2026-07-08 12:38,down,225.17061088000003
77.632,3114.02,2723.25,3597.13,3147.49,11.275,2026-07-08T12:50:29.046Z,68.632,2026-07-08T12:50:29Z,2026-07-08 12:50,down,225.17061088000003
77.632,3086.65,2699.38,3815.22,3337.48,11.196,2026-07-08T13:02:32.438Z,68.632,2026-07-08T13:02:32Z,2026-07-08 13:02,down,225.17061088000003
77.632,3365.86,2943.22,3721.96,3253.86,11.091,2026-07-08T13:14:35.049Z,68.632,2026-07-08T13:14:35Z,2026-07-08 13:14,down,225.17061088000003
77.632,3138.93,2745.82,3620.48,3169.46,11.225,2026-07-08T13:26:37.487Z,68.632,2026-07-08T13:26:37Z,2026-07-08 13:26,down,225.17061088000003
77.632,3159.08,2764.55,3781.17,3308.06,11.153,2026-07-08T13:38:40.379Z,68.632,2026-07-08T13:38:40Z,2026-07-08 13:38,down,225.17061088000003
77.632,3125.62,2734.13,3591.52,3141.46,11.05,2026-07-08T13:50:42.880Z,68.632,2026-07-08T13:50:42Z,2026-07-08 13:50,down,225.17061088000003
77.632,3057.76,2673.5,3594.07,3141.9,10.975,2026-07-08T14:02:46.554Z,68.632,2026-07-08T14:02:46Z,2026-07-08 14:02,down,225.17061088000003
77.632,3164.06,2767.29,3641.72,3187.6,11.093,2026-07-08T14:14:49.258Z,68.632,2026-07-08T14:14:49Z,2026-07-08 14:14,down,225.17061088000003
77.632,3083.6,2699.6,3555.03,3110.05,11.164,2026-07-08T14:26:52.463Z,68.632,2026-07-08T14:26:52Z,2026-07-08 14:26,down,225.17061088000003
77.632,3294.27,2879.84,3651.86,3192.39,11.064,2026-07-08T14:38:55.214Z,68.632,2026-07-08T14:38:55Z,2026-07-08 14:38,down,225.17061088000003
77.632,3104.72,2712.82,3572.05,3120.83,10.998,2026-07-08T14:50:58.059Z,68.632,2026-07-08T14:50:58Z,2026-07-08 14:50,down,225.17061088000003
77.632,3115.14,2721.35,3675.57,3214.01,11.107,2026-07-08T15:03:01.733Z,68.632,2026-07-08T15:03:01Z,2026-07-08 15:03,down,225.17061088000003
77.632,3386.36,2961.23,3995.67,3495.22,11.261,2026-07-08T15:15:04.515Z,68.632,2026-07-08T15:15:04Z,2026-07-08 15:15,down,225.17061088000003
77.632,3354.21,2933.65,3834.29,3353.58,11.301,2026-07-08T15:27:08.017Z,68.632,2026-07-08T15:27:08Z,2026-07-08 15:27,down,225.17061088000003
77.632,3296.76,2883.4,3801.44,3326.67,11.327,2026-07-08T15:39:10.831Z,68.632,2026-07-08T15:39:10Z,2026-07-08 15:39,down,225.17061088000003
77.632,3242.32,2836,3769.86,3299.25,11.319,2026-07-08T15:51:14.051Z,68.632,2026-07-08T15:51:14Z,2026-07-08 15:51,down,225.17061088000003
77.632,3208,2805.5,3693.49,3231.84,11.334,2026-07-08T16:03:16.630Z,68.632,2026-07-08T16:03:16Z,2026-07-08 16:03,down,225.17061088000003
77.632,3120.52,2728.77,3590,3141.12,11.341,2026-07-08T16:15:19.710Z,68.632,2026-07-08T16:15:19Z,2026-07-08 16:15,down,225.17061088000003
77.632,3110.64,2719.21,3762.67,3291.03,11.331,2026-07-08T16:27:22.930Z,68.632,2026-07-08T16:27:22Z,2026-07-08 16:27,down,225.17061088000003
77.632,3281.96,2868.49,3691.74,3227.96,11.339,2026-07-08T16:39:25.634Z,68.632,2026-07-08T16:39:25Z,2026-07-08 16:39,down,225.17061088000003
77.632,3239.34,2830.71,3718.74,3250.55,11.364,2026-07-08T16:51:28.104Z,68.632,2026-07-08T16:51:28Z,2026-07-08 16:51,down,225.17061088000003
77.632,3333.89,2911.18,3707.41,3239.49,11.368,2026-07-08T17:03:30.777Z,68.632,2026-07-08T17:03:30Z,2026-07-08 17:03,down,225.17061088000003
77.632,3184.7,2779.44,3776.71,3297.75,11.366,2026-07-08T17:15:34.763Z,68.632,2026-07-08T17:15:34Z,2026-07-08 17:15,down,225.17061088000003
77.632,3234.85,2820.87,3771.14,3289.09,11.311,2026-07-08T17:27:38.421Z,68.632,2026-07-08T17:27:38Z,2026-07-08 17:27,down,225.17061088000003
77.632,3342.34,2911.27,3924.71,3419.78,11.173,2026-07-08T17:39:40.907Z,68.632,2026-07-08T17:39:40Z,2026-07-08 17:39,down,225.17061088000003
77.632,3336.21,2905.44,3642.51,3175.38,11.229,2026-07-08T17:51:44.424Z,68.632,2026-07-08T17:51:44Z,2026-07-08 17:51,down,225.17061088000003
77.632,3257.65,2838.22,3649.27,3179.6,11.239,2026-07-08T18:03:47.363Z,68.632,2026-07-08T18:03:47Z,2026-07-08 18:03,down,225.17061088000003
77.632,3273.76,2848.95,3740.34,3256.37,11.146,2026-07-08T18:15:50.739Z,68.632,2026-07-08T18:15:50Z,2026-07-08 18:15,down,225.17061088000003
77.632,3336,2901.38,3812.37,3319.37,11.154,2026-07-08T18:27:54.851Z,68.632,2026-07-08T18:27:54Z,2026-07-08 18:27,down,225.17061088000003
77.632,3364.59,2928.38,3805.22,3312.98,11.248,2026-07-08T18:39:57.946Z,68.632,2026-07-08T18:39:57Z,2026-07-08 18:39,down,225.17061088000003
77.632,3325.7,2892.24,3740.96,3254.63,11.148,2026-07-08T18:52:01.635Z,68.632,2026-07-08T18:52:01Z,2026-07-08 18:52,down,225.17061088000003
77.632,3249.01,2823.8,3649.1,3175.62,11.11,2026-07-08T19:04:04.339Z,68.632,2026-07-08T19:04:04Z,2026-07-08 19:04,down,225.17061088000003
77.632,3159.79,2748.95,3890.43,3385.73,11.164,2026-07-08T19:16:06.887Z,68.632,2026-07-08T19:16:06Z,2026-07-08 19:16,down,225.17061088000003
77.632,3355.95,2918.75,3712.01,3229.38,11.083,2026-07-08T19:28:10.217Z,68.632,2026-07-08T19:28:10Z,2026-07-08 19:28,down,225.17061088000003
77.632,3330.8,2895.46,3771,3281.56,11.029,2026-07-08T19:40:14.047Z,68.632,2026-07-08T19:40:14Z,2026-07-08 19:40,down,225.17061088000003
77.632,3350.57,2917.02,3882.68,3384.7,11.211,2026-07-08T19:52:17.470Z,68.632,2026-07-08T19:52:17Z,2026-07-08 19:52,down,225.17061088000003
77.632,3265.48,2845.76,3820.82,3335.56,11.3,2026-07-08T20:04:20.925Z,68.632,2026-07-08T20:04:20Z,2026-07-08 20:04,down,225.17061088000003
77.632,3307.97,2885.46,3779.36,3299.63,11.318,2026-07-08T20:16:23.395Z,68.632,2026-07-08T20:16:23Z,2026-07-08 20:16,down,225.17061088000003
77.632,3383.2,2952.18,3843.41,3355.06,11.313,2026-07-08T20:28:26.193Z,68.632,2026-07-08T20:28:26Z,2026-07-08 20:28,down,225.17061088000003
77.632,3233.35,2819.53,3828.77,3342,11.159,2026-07-08T20:40:29.804Z,68.632,2026-07-08T20:40:29Z,2026-07-08 20:40,down,225.17061088000003
77.632,3275.77,2856.4,3792.44,3308.68,11.066,2026-07-08T20:52:33.196Z,68.632,2026-07-08T20:52:33Z,2026-07-08 20:52,down,225.17061088000003
77.632,3279.65,2859.33,3838.03,3347.28,11.042,2026-07-08T21:04:35.619Z,68.632,2026-07-08T21:04:35Z,2026-07-08 21:04,down,225.17061088000003
77.632,3208.08,2796.28,3820.6,3331.64,11.006,2026-07-08T21:16:38.558Z,68.632,2026-07-08T21:16:38Z,2026-07-08 21:16,down,225.17061088000003
77.632,3288.29,2865.78,3597.57,3138.85,11.065,2026-07-08T21:28:41.106Z,68.632,2026-07-08T21:28:41Z,2026-07-08 21:28,down,225.17061088000003
77.632,3183.34,2776.93,3761.85,3283.75,11.196,2026-07-08T21:40:44.608Z,68.632,2026-07-08T21:40:44Z,2026-07-08 21:40,down,225.17061088000003
77.632,3267.02,2850.07,3844.92,3356.87,11.28,2026-07-08T21:52:48.141Z,68.632,2026-07-08T21:52:48Z,2026-07-08 21:52,down,225.17061088000003
77.632,3212,2801.89,3762.56,3283.47,11.315,2026-07-08T22:04:51.158Z,68.632,2026-07-08T22:04:51Z,2026-07-08 22:04,down,225.17061088000003
77.632,3275.67,2855.48,3685.66,3215.69,11.341,2026-07-08T22:16:54.581Z,68.632,2026-07-08T22:16:54Z,2026-07-08 22:16,down,225.17061088000003
77.632,3325.82,2899.26,3920.98,3419.25,11.309,2026-07-08T22:28:57.583Z,68.632,2026-07-08T22:28:57Z,2026-07-08 22:28,down,225.17061088000003
77.632,3367.06,2932.47,3666.36,3193.53,11.187,2026-07-08T22:41:00.443Z,68.632,2026-07-08T22:41:00Z,2026-07-08 22:41,down,225.17061088000003
77.632,3242.05,2820.71,3674.38,3197.55,11.082,2026-07-08T22:53:03.851Z,68.632,2026-07-08T22:53:03Z,2026-07-08 22:53,down,225.17061088000003
31.622,3426.43,2993.87,3736.24,3253.5,11.646,2026-07-23T00:10:24.291Z,22.622,2026-07-23T00:10:24Z,2026-07-23 00:10,down,74.21916248
31.622,3433.01,3001.56,3712.39,3235.55,11.636,2026-07-23T00:22:28.152Z,22.622,2026-07-23T00:22:28Z,2026-07-23 00:22,down,74.21916248
31.622,3379.57,2957.46,3677.18,3207.52,11.603,2026-07-23T00:34:31.247Z,22.622,2026-07-23T00:34:31Z,2026-07-23 00:34,down,74.21916248
31.622,3414.41,2991.71,3622.57,3164.65,11.604,2026-07-23T00:46:34.139Z,22.622,2026-07-23T00:46:34Z,2026-07-23 00:46,down,74.21916248
31.622,3287.63,2884.48,3607.28,3154.38,11.609,2026-07-23T00:58:37.485Z,22.622,2026-07-23T00:58:37Z,2026-07-23 00:58,down,74.21916248
31.622,3329.55,2925,3602.64,3153.28,11.605,2026-07-23T01:10:40.596Z,22.622,2026-07-23T01:10:40Z,2026-07-23 01:10,down,74.21916248
31.622,3271.91,2875.92,3610.94,3163.97,11.58,2026-07-23T01:22:44.519Z,22.622,2026-07-23T01:22:44Z,2026-07-23 01:22,down,74.21916248
31.622,3264.35,2872.4,3559.95,3119.99,11.566,2026-07-23T01:34:48.677Z,22.622,2026-07-23T01:34:48Z,2026-07-23 01:34,down,74.21916248
31.622,3324.29,2928.5,3643.62,3197.78,11.565,2026-07-23T01:46:52.163Z,22.622,2026-07-23T01:46:52Z,2026-07-23 01:46,down,74.21916248
31.622,3278.15,2892.24,3664.13,3217.22,11.556,2026-07-23T01:58:55.446Z,22.622,2026-07-23T01:58:55Z,2026-07-23 01:58,down,74.21916248
31.622,3342.83,2951.2,3834.06,3371.17,11.559,2026-07-23T02:10:58.557Z,22.622,2026-07-23T02:10:58Z,2026-07-23 02:10,down,74.21916248
31.622,3391.24,2996.1,3807.03,3348.69,11.559,2026-07-23T02:23:01.449Z,22.622,2026-07-23T02:23:01Z,2026-07-23 02:23,down,74.21916248
31.622,3446.85,3047.91,3758.89,3310.5,11.53,2026-07-23T02:35:04.747Z,22.622,2026-07-23T02:35:04Z,2026-07-23 02:35,down,74.21916248
31.622,3444.18,3047.62,3677.7,3240.45,11.529,2026-07-23T02:47:08.093Z,22.622,2026-07-23T02:47:08Z,2026-07-23 02:47,down,74.21916248
31.622,3413.42,3023.69,3901.15,3439.47,11.507,2026-07-23T02:59:10.922Z,22.622,2026-07-23T02:59:10Z,2026-07-23 02:59,down,74.21916248
31.622,3360.29,2980.08,3894.11,3436.3,11.53,2026-07-23T03:11:15.518Z,22.622,2026-07-23T03:11:15Z,2026-07-23 03:11,down,74.21916248
31.622,3478.39,3087.45,3769.55,3328,11.507,2026-07-23T03:23:18.457Z,22.622,2026-07-23T03:23:18Z,2026-07-23 03:23,down,74.21916248
31.622,3437.72,3052.1,3929.13,3470.35,11.504,2026-07-23T03:35:21.349Z,22.622,2026-07-23T03:35:21Z,2026-07-23 03:35,down,74.21916248
31.622,3277.47,2911.34,3773.79,3334.78,11.482,2026-07-23T03:47:25.038Z,22.622,2026-07-23T03:47:25Z,2026-07-23 03:47,down,74.21916248
31.622,3597.74,3199.03,3850.46,3405.53,11.505,2026-07-23T03:59:28.836Z,22.622,2026-07-23T03:59:28Z,2026-07-23 03:59,down,74.21916248
31.622,3398.56,3023.34,3922.87,3470.73,11.5,2026-07-23T04:11:31.541Z,22.622,2026-07-23T04:11:31Z,2026-07-23 04:11,down,74.21916248
31.622,3349.64,2981.35,3709.62,3284.91,11.51,2026-07-23T04:23:34.245Z,22.622,2026-07-23T04:23:34Z,2026-07-23 04:23,down,74.21916248
31.622,3373.64,3002.32,3846.35,3406.92,11.477,2026-07-23T04:35:37.669Z,22.622,2026-07-23T04:35:37Z,2026-07-23 04:35,down,74.21916248
31.622,3333.62,2968.95,3731.76,3305.75,11.463,2026-07-23T04:47:40.592Z,22.622,2026-07-23T04:47:40Z,2026-07-23 04:47,down,74.21916248
31.622,3465.98,3089.14,3790.51,3360.6,11.477,2026-07-23T04:59:43.234Z,22.622,2026-07-23T04:59:43Z,2026-07-23 04:59,down,74.21916248
31.622,3365.55,3001.24,3726.79,3305.95,11.487,2026-07-23T05:11:47.126Z,22.622,2026-07-23T05:11:47Z,2026-07-23 05:11,down,74.21916248
31.622,3417.5,3050.05,3704.43,3286.38,11.475,2026-07-23T05:23:50.440Z,22.622,2026-07-23T05:23:50Z,2026-07-23 05:23,down,74.21916248
31.622,3398.54,3033.26,3771.59,3347.85,11.466,2026-07-23T05:35:53.113Z,22.622,2026-07-23T05:35:53Z,2026-07-23 05:35,down,74.21916248
31.622,3325.01,2969.33,3626.17,3219.43,11.456,2026-07-23T05:47:55.552Z,22.622,2026-07-23T05:47:55Z,2026-07-23 05:47,down,74.21916248
31.622,3293.43,2942.08,3796.83,3373.03,11.438,2026-07-23T05:59:58.631Z,22.622,2026-07-23T05:59:58Z,2026-07-23 05:59,down,74.21916248
31.622,3372.17,3013.22,3648.36,3241.64,11.432,2026-07-23T06:12:02.055Z,22.622,2026-07-23T06:12:02Z,2026-07-23 06:12,down,74.21916248
31.622,3262.75,2917.27,3813.25,3390.27,11.457,2026-07-23T06:24:04.994Z,22.622,2026-07-23T06:24:04Z,2026-07-23 06:24,down,74.21916248
31.622,3439.69,3076.86,3788.02,3368.76,11.464,2026-07-23T06:36:07.745Z,22.622,2026-07-23T06:36:07Z,2026-07-23 06:36,down,74.21916248
31.622,3249.89,2907.14,3637.05,3234.64,11.427,2026-07-23T06:48:11.074Z,22.622,2026-07-23T06:48:11Z,2026-07-23 06:48,down,74.21916248
31.622,3347.82,2995.36,3716.95,3307.22,11.412,2026-07-23T07:00:14.686Z,22.622,2026-07-23T07:00:14Z,2026-07-23 07:00,down,74.21916248
31.622,3322.13,2974.27,3623.02,3225.14,11.443,2026-07-23T07:12:18.078Z,22.622,2026-07-23T07:12:18Z,2026-07-23 07:12,down,74.21916248
31.622,3177.56,2845.82,3471.92,3093.08,11.437,2026-07-23T07:24:21.532Z,22.622,2026-07-23T07:24:21Z,2026-07-23 07:24,down,74.21916248
31.622,3193.84,2861.26,3708.67,3300.82,11.281,2026-07-23T07:36:24.487Z,22.622,2026-07-23T07:36:24Z,2026-07-23 07:36,down,74.21916248
31.622,3240.09,2898.89,3658.47,3253.33,11.099,2026-07-23T07:48:27.051Z,22.622,2026-07-23T07:48:27Z,2026-07-23 07:48,down,74.21916248
31.622,3194.16,2857.12,3528.64,3138.2,11.022,2026-07-23T08:00:30.849Z,22.622,2026-07-23T08:00:30Z,2026-07-23 08:00,down,74.21916248
31.622,3149.08,2817.7,3569.93,3176.62,10.985,2026-07-23T08:12:33.538Z,22.622,2026-07-23T08:12:33Z,2026-07-23 08:12,down,74.21916248
31.622,3218.12,2880.89,3681.79,3275.82,10.92,2026-07-23T08:24:36.789Z,22.622,2026-07-23T08:24:36Z,2026-07-23 08:24,down,74.21916248
31.622,3314.87,2966.66,3561.9,3170.01,10.899,2026-07-23T08:36:40.854Z,22.622,2026-07-23T08:36:40Z,2026-07-23 08:36,down,74.21916248
31.622,3258.3,2916.81,3600.11,3204.31,10.886,2026-07-23T08:48:43.793Z,22.622,2026-07-23T08:48:43Z,2026-07-23 08:48,down,74.21916248
31.622,3213.87,2877.72,3649.49,3249.15,10.864,2026-07-23T09:00:47.326Z,22.622,2026-07-23T09:00:47Z,2026-07-23 09:00,down,74.21916248
31.622,3252.43,2913.41,3595.47,3202.33,10.834,2026-07-23T09:12:50.092Z,22.622,2026-07-23T09:12:50Z,2026-07-23 09:12,down,74.21916248
31.622,3304.54,2960.6,3521.02,3138.39,10.823,2026-07-23T09:24:52.734Z,22.622,2026-07-23T09:24:52Z,2026-07-23 09:24,down,74.21916248
31.622,3224.28,2890.3,3622.7,3228.69,10.813,2026-07-23T09:36:56.189Z,22.622,2026-07-23T09:36:56Z,2026-07-23 09:36,down,74.21916248
31.622,3177.79,2849.2,3547.3,3162.72,10.815,2026-07-23T09:48:59.315Z,22.622,2026-07-23T09:48:59Z,2026-07-23 09:48,down,74.21916248
31.622,3154.18,2828.85,3609.36,3218.48,10.799,2026-07-23T10:01:02.285Z,22.622,2026-07-23T10:01:02Z,2026-07-23 10:01,down,74.21916248
31.622,3199.63,2870.84,3513.48,3132.5,10.801,2026-07-23T10:13:05.381Z,22.622,2026-07-23T10:13:05Z,2026-07-23 10:13,down,74.21916248
31.622,3191.48,2863.38,3546.11,3162.33,10.813,2026-07-23T10:25:08.960Z,22.622,2026-07-23T10:25:08Z,2026-07-23 10:25,down,74.21916248
31.622,3176.98,2850.22,3539.64,3157.03,10.805,2026-07-23T10:37:12.290Z,22.622,2026-07-23T10:37:12Z,2026-07-23 10:37,down,74.21916248
31.622,3151.46,2827.33,3555.1,3170.39,10.801,2026-07-23T10:49:15.682Z,22.622,2026-07-23T10:49:15Z,2026-07-23 10:49,down,74.21916248
31.622,3142,2818.43,3485.51,3106.93,10.791,2026-07-23T11:01:19.153Z,22.622,2026-07-23T11:01:19Z,2026-07-23 11:01,down,74.21916248
31.622,3145.55,2820.85,3519.47,3135.83,10.809,2026-07-23T11:13:22.248Z,22.622,2026-07-23T11:13:22Z,2026-07-23 11:13,down,74.21916248
31.622,3159.78,2830.83,3521.56,3136.13,10.78,2026-07-23T11:25:25.702Z,22.622,2026-07-23T11:25:25Z,2026-07-23 11:25,down,74.21916248
31.622,3200.01,2866.25,3642.14,3242.39,10.794,2026-07-23T11:37:28.219Z,22.622,2026-07-23T11:37:28Z,2026-07-23 11:37,down,74.21916248
31.622,3228.65,2891.26,3606.34,3210.62,10.796,2026-07-23T11:49:32.034Z,22.622,2026-07-23T11:49:32Z,2026-07-23 11:49,down,74.21916248
31.622,3253.1,2913.97,3539.06,3152.27,10.803,2026-07-23T12:01:35.316Z,22.622,2026-07-23T12:01:35Z,2026-07-23 12:01,down,74.21916248
31.622,3299.03,2955.36,3610.65,3214.97,10.795,2026-07-23T12:13:38.771Z,22.622,2026-07-23T12:13:38Z,2026-07-23 12:13,down,74.21916248
31.622,3242.57,2903.29,3631.56,3230.99,10.794,2026-07-23T12:25:42.648Z,22.622,2026-07-23T12:25:42Z,2026-07-23 12:25,down,74.21916248
31.622,3191.46,2855.47,3695.71,3286.33,10.813,2026-07-23T12:37:45.727Z,22.622,2026-07-23T12:37:45Z,2026-07-23 12:37,down,74.21916248
31.622,3246.15,2901.78,3653.59,3245.75,10.819,2026-07-23T12:49:48.885Z,22.622,2026-07-23T12:49:48Z,2026-07-23 12:49,down,74.21916248
31.622,3261.77,2913.35,3677.39,3263.85,10.834,2026-07-23T13:01:52.387Z,22.622,2026-07-23T13:01:52Z,2026-07-23 13:01,down,74.21916248
31.622,3261.05,2910.54,3690.48,3273.55,10.834,2026-07-23T13:13:55.279Z,22.622,2026-07-23T13:13:55Z,2026-07-23 13:13,down,74.21916248
31.622,3352.04,2989.54,3797.14,3366.42,10.839,2026-07-23T13:25:58.765Z,22.622,2026-07-23T13:25:58Z,2026-07-23 13:25,down,74.21916248
31.622,3348.61,2983.99,3723.96,3299.01,10.83,2026-07-23T13:38:02.563Z,22.622,2026-07-23T13:38:02Z,2026-07-23 13:38,down,74.21916248
31.622,3224.09,2870.99,3752.45,3321.63,10.824,2026-07-23T13:50:05.690Z,22.622,2026-07-23T13:50:05Z,2026-07-23 13:50,down,74.21916248
31.622,3274.05,2913.53,3770.3,3335.94,10.832,2026-07-23T14:02:09.488Z,22.622,2026-07-23T14:02:09Z,2026-07-23 14:02,down,74.21916248
31.622,3409.13,3031.8,3696.42,3268.19,10.841,2026-07-23T14:14:12.630Z,22.622,2026-07-23T14:14:12Z,2026-07-23 14:14,down,74.21916248
31.622,3534.79,3140.95,3668.28,3240.1,10.838,2026-07-23T14:26:14.897Z,22.622,2026-07-23T14:26:14Z,2026-07-23 14:26,down,74.21916248
31.622,3442.83,3056.94,3888.28,3432.83,10.839,2026-07-23T14:38:18.445Z,22.622,2026-07-23T14:38:18Z,2026-07-23 14:38,down,74.21916248
31.622,3377.38,2996.25,3856.55,3402.26,10.832,2026-07-23T14:50:21.650Z,22.622,2026-07-23T14:50:21Z,2026-07-23 14:50,down,74.21916248
31.622,3386.62,3002.75,3769.53,3323.52,10.838,2026-07-23T15:02:25.011Z,22.622,2026-07-23T15:02:25Z,2026-07-23 15:02,down,74.21916248
31.622,3486.14,3089.4,3843.7,3386.47,10.862,2026-07-23T15:14:28.106Z,22.622,2026-07-23T15:14:28Z,2026-07-23 15:14,down,74.21916248
31.622,3403.49,3013.37,3757.34,3308.09,10.863,2026-07-23T15:26:31.561Z,22.622,2026-07-23T15:26:31Z,2026-07-23 15:26,down,74.21916248
31.622,3352.97,2964.8,3747.17,3295.14,10.856,2026-07-23T15:38:34.453Z,22.622,2026-07-23T15:38:34Z,2026-07-23 15:38,down,74.21916248
31.622,3369.71,2975.28,3611.78,3172.63,10.869,2026-07-23T15:50:37.110Z,22.622,2026-07-23T15:50:37Z,2026-07-23 15:50,down,74.21916248
31.622,3256.61,2871.97,3656.96,3208.62,10.89,2026-07-23T16:02:40.002Z,22.622,2026-07-23T16:02:40Z,2026-07-23 16:02,down,74.21916248
31.622,3282.95,2890.84,3642.8,3191.73,10.897,2026-07-23T16:14:43.004Z,22.622,2026-07-23T16:14:43Z,2026-07-23 16:14,down,74.21916248
31.622,3245.86,2852.49,3539.22,3096.8,10.887,2026-07-23T16:26:46.630Z,22.622,2026-07-23T16:26:46Z,2026-07-23 16:26,down,74.21916248
31.622,3258.51,2859.48,3612.77,3154.08,10.932,2026-07-23T16:38:49.460Z,22.622,2026-07-23T16:38:49Z,2026-07-23 16:38,down,74.21916248
31.622,3232.35,2830.65,3596.6,3135.16,10.931,2026-07-23T16:50:52.430Z,22.622,2026-07-23T16:50:52Z,2026-07-23 16:50,down,74.21916248
31.622,3336.93,2917.44,3698.7,3219.01,10.949,2026-07-23T17:02:55.697Z,22.622,2026-07-23T17:02:55Z,2026-07-23 17:02,down,74.21916248
31.622,3375.95,2945.63,3746.18,3254.68,10.934,2026-07-23T17:14:57.870Z,22.622,2026-07-23T17:14:57Z,2026-07-23 17:14,down,74.21916248
31.622,3451.1,3006.64,3767.92,3268.19,10.962,2026-07-23T17:27:00.324Z,22.622,2026-07-23T17:27:00Z,2026-07-23 17:27,down,74.21916248
31.622,3516.72,3058.29,3922.68,3398.03,10.94,2026-07-23T17:39:03.263Z,22.622,2026-07-23T17:39:03Z,2026-07-23 17:39,down,74.21916248
31.622,3444.5,2992.89,3905.11,3380.02,10.954,2026-07-23T17:51:06.077Z,22.622,2026-07-23T17:51:06Z,2026-07-23 17:51,down,74.21916248
31.622,3542.06,3074.57,3799.92,3286.69,10.943,2026-07-23T18:03:08.656Z,22.622,2026-07-23T18:03:08Z,2026-07-23 18:03,down,74.21916248
31.622,3493.99,3031.01,3957.83,3421.33,10.946,2026-07-23T18:15:11.751Z,22.622,2026-07-23T18:15:11Z,2026-07-23 18:15,down,74.21916248
31.622,3419.19,2964.76,3663.55,3165.08,10.951,2026-07-23T18:27:15.049Z,22.622,2026-07-23T18:27:15Z,2026-07-23 18:27,down,74.21916248
31.622,3309.49,2866.31,3750.45,3237.36,10.932,2026-07-23T18:39:18.301Z,22.622,2026-07-23T18:39:18Z,2026-07-23 18:39,down,74.21916248
31.622,3416.84,2959.34,3836.11,3310.66,10.941,2026-07-23T18:51:21.599Z,22.622,2026-07-23T18:51:21Z,2026-07-23 18:51,down,74.21916248
31.622,3480.46,3015.23,3623.73,3132.67,11.222,2026-07-23T19:03:24.288Z,22.622,2026-07-23T19:03:24Z,2026-07-23 19:03,down,74.21916248
31.622,3398.47,2949.65,3805.85,3292.68,11.55,2026-07-23T19:15:26.789Z,22.622,2026-07-23T19:15:26Z,2026-07-23 19:15,down,74.21916248
31.622,3276.9,2844.12,3654.92,3161.2,11.616,2026-07-23T19:27:29.853Z,22.622,2026-07-23T19:27:29Z,2026-07-23 19:27,down,74.21916248
31.622,3328.19,2886.85,3719.44,3215.3,11.621,2026-07-23T19:39:33.370Z,22.622,2026-07-23T19:39:33Z,2026-07-23 19:39,down,74.21916248
31.622,3342.4,2898.34,3549.91,3066.26,11.622,2026-07-23T19:51:36.278Z,22.622,2026-07-23T19:51:36Z,2026-07-23 19:51,down,74.21916248
31.622,3289.97,2850.71,3686.22,3181.79,11.626,2026-07-23T20:03:39.764Z,22.622,2026-07-23T20:03:39Z,2026-07-23 20:03,down,74.21916248
31.622,3341.54,2893.18,3696.24,3188.05,11.623,2026-07-23T20:15:43.015Z,22.622,2026-07-23T20:15:43Z,2026-07-23 20:15,down,74.21916248
31.622,3230.48,2794.41,3606.13,3107.79,11.609,2026-07-23T20:27:45.563Z,22.622,2026-07-23T20:27:45Z,2026-07-23 20:27,down,74.21916248
31.622,3411.17,2948.22,3721.7,3205.38,11.619,2026-07-23T20:39:48.205Z,22.622,2026-07-23T20:39:48Z,2026-07-23 20:39,down,74.21916248
31.622,3373.33,2912.87,3537.98,3044.43,11.626,2026-07-23T20:51:51.691Z,22.622,2026-07-23T20:51:51Z,2026-07-23 20:51,down,74.21916248
31.622,3133.07,2703.67,3440.92,2960.35,11.64,2026-07-23T21:03:54.974Z,22.622,2026-07-23T21:03:54Z,2026-07-23 21:03,down,74.21916248
31.622,3089.34,2665.33,3384.51,2910.28,11.63,2026-07-23T21:15:58.866Z,22.622,2026-07-23T21:15:58Z,2026-07-23 21:15,down,74.21916248
31.622,3035.88,2618.32,3330.57,2863.34,11.636,2026-07-23T21:28:02.493Z,22.622,2026-07-23T21:28:02Z,2026-07-23 21:28,down,74.21916248
31.622,3013.16,2597.83,3301.58,2838.47,11.631,2026-07-23T21:40:05.713Z,22.622,2026-07-23T21:40:05Z,2026-07-23 21:40,down,74.21916248
31.622,3001.76,2588.19,3380.79,2905.94,11.645,2026-07-23T21:52:09.121Z,22.622,2026-07-23T21:52:09Z,2026-07-23 21:52,down,74.21916248
31.622,3130.15,2697.66,3521.82,3026.3,11.635,2026-07-23T22:04:12.044Z,22.622,2026-07-23T22:04:12Z,2026-07-23 22:04,down,74.21916248
31.622,3359.47,2895.88,3703.74,3182.05,11.633,2026-07-23T22:16:15.358Z,22.622,2026-07-23T22:16:15Z,2026-07-23 22:16,down,74.21916248
31.622,3195.43,2752.71,3654.04,3138.94,11.612,2026-07-23T22:28:19.454Z,22.622,2026-07-23T22:28:19Z,2026-07-23 22:28,down,74.21916248
31.622,3301.51,2845.2,3554.44,3051.26,11.48,2026-07-23T22:40:21.939Z,22.622,2026-07-23T22:40:21Z,2026-07-23 22:40,down,74.21916248
31.622,3318.29,2855.17,3673.77,3152.13,11.228,2026-07-23T22:52:25.206Z,22.622,2026-07-23T22:52:25Z,2026-07-23 22:52,down,74.21916248
47.128,3406.24,2973.68,3762.74,3279.23,11.642,2026-07-23T00:10:24.291Z,38.128,2026-07-23T00:10:24Z,2026-07-23 00:10,down,125.09186752
47.128,3411.36,2981.24,3736.75,3259.42,11.665,2026-07-23T00:22:28.152Z,38.128,2026-07-23T00:22:28Z,2026-07-23 00:22,down,125.09186752
47.128,3357.38,2936.71,3701.62,3231.59,11.636,2026-07-23T00:34:31.247Z,38.128,2026-07-23T00:34:31Z,2026-07-23 00:34,down,125.09186752
47.128,3393.77,2971.6,3646.17,3188.17,11.623,2026-07-23T00:46:34.139Z,38.128,2026-07-23T00:46:34Z,2026-07-23 00:46,down,125.09186752
47.128,3266.99,2864.15,3631.92,3178.87,11.622,2026-07-23T00:58:37.485Z,38.128,2026-07-23T00:58:37Z,2026-07-23 00:58,down,125.09186752
47.128,3308.48,2904.84,3625.24,3175.87,11.632,2026-07-23T01:10:40.596Z,38.128,2026-07-23T01:10:40Z,2026-07-23 01:10,down,125.09186752
47.128,3252.84,2857.51,3636.22,3188.99,11.608,2026-07-23T01:22:44.519Z,38.128,2026-07-23T01:22:44Z,2026-07-23 01:22,down,125.09186752
47.128,3246.8,2855.68,3585.03,3144.67,11.6,2026-07-23T01:34:48.677Z,38.128,2026-07-23T01:34:48Z,2026-07-23 01:34,down,125.09186752
47.128,3304.57,2910.14,3669.87,3223.76,11.613,2026-07-23T01:46:52.163Z,38.128,2026-07-23T01:46:52Z,2026-07-23 01:46,down,125.09186752
47.128,3259.12,2874.12,3688.15,3241.81,11.607,2026-07-23T01:58:55.446Z,38.128,2026-07-23T01:58:55Z,2026-07-23 01:58,down,125.09186752
47.128,3323.48,2933.02,3862.2,3398.6,11.594,2026-07-23T02:10:58.557Z,38.128,2026-07-23T02:10:58Z,2026-07-23 02:10,down,125.09186752
47.128,3371.22,2976.59,3829.27,3371.46,11.587,2026-07-23T02:23:01.449Z,38.128,2026-07-23T02:23:01Z,2026-07-23 02:23,down,125.09186752
47.128,3428.33,3029.72,3780.49,3333.48,11.579,2026-07-23T02:35:04.747Z,38.128,2026-07-23T02:35:04Z,2026-07-23 02:35,down,125.09186752
47.128,3422.39,3027.23,3702.7,3265.35,11.572,2026-07-23T02:47:08.093Z,38.128,2026-07-23T02:47:08Z,2026-07-23 02:47,down,125.09186752
47.128,3393.67,3004.69,3928.64,3467.55,11.559,2026-07-23T02:59:10.922Z,38.128,2026-07-23T02:59:10Z,2026-07-23 02:59,down,125.09186752
47.128,3341.59,2961.95,3920.77,3463.46,11.574,2026-07-23T03:11:15.518Z,38.128,2026-07-23T03:11:15Z,2026-07-23 03:11,down,125.09186752
47.128,3457.48,3067.78,3794.48,3353.42,11.562,2026-07-23T03:23:18.457Z,38.128,2026-07-23T03:23:18Z,2026-07-23 03:23,down,125.09186752
47.128,3416.33,3031.41,3956.79,3498.25,11.54,2026-07-23T03:35:21.349Z,38.128,2026-07-23T03:35:21Z,2026-07-23 03:35,down,125.09186752
47.128,3258.35,2893.19,3799.86,3361.7,11.546,2026-07-23T03:47:25.038Z,38.128,2026-07-23T03:47:25Z,2026-07-23 03:47,down,125.09186752
47.128,3577.81,3180.08,3874.93,3430.73,11.56,2026-07-23T03:59:28.836Z,38.128,2026-07-23T03:59:28Z,2026-07-23 03:59,down,125.09186752
47.128,3378.1,3004.2,3953.27,3500.96,11.554,2026-07-23T04:11:31.541Z,38.128,2026-07-23T04:11:31Z,2026-07-23 04:11,down,125.09186752
47.128,3329.7,2962.15,3734.58,3310.75,11.564,2026-07-23T04:23:34.245Z,38.128,2026-07-23T04:23:34Z,2026-07-23 04:23,down,125.09186752
47.128,3354.72,2984.48,3871.48,3433.35,11.551,2026-07-23T04:35:37.669Z,38.128,2026-07-23T04:35:37Z,2026-07-23 04:35,down,125.09186752
47.128,3310.6,2947.51,3753.98,3329.31,11.534,2026-07-23T04:47:40.592Z,38.128,2026-07-23T04:47:40Z,2026-07-23 04:47,down,125.09186752
47.128,3442.84,3067.44,3814.44,3385.61,11.541,2026-07-23T04:59:43.234Z,38.128,2026-07-23T04:59:43Z,2026-07-23 04:59,down,125.09186752
47.128,3342.73,2979.86,3751.85,3331.57,11.543,2026-07-23T05:11:47.126Z,38.128,2026-07-23T05:11:47Z,2026-07-23 05:11,down,125.09186752
47.128,3399.34,3032.81,3727.88,3311.48,11.556,2026-07-23T05:23:50.440Z,38.128,2026-07-23T05:23:50Z,2026-07-23 05:23,down,125.09186752
47.128,3379.32,3015.32,3797.92,3374.91,11.535,2026-07-23T05:35:53.113Z,38.128,2026-07-23T05:35:53Z,2026-07-23 05:35,down,125.09186752
47.128,3307.78,2953.42,3650.52,3244.49,11.53,2026-07-23T05:47:55.552Z,38.128,2026-07-23T05:47:55Z,2026-07-23 05:47,down,125.09186752
47.128,3275.88,2925.88,3822.56,3399.86,11.521,2026-07-23T05:59:58.631Z,38.128,2026-07-23T05:59:58Z,2026-07-23 05:59,down,125.09186752
47.128,3351.71,2994.63,3674.2,3268.51,11.524,2026-07-23T06:12:02.055Z,38.128,2026-07-23T06:12:02Z,2026-07-23 06:12,down,125.09186752
47.128,3244.92,2900.77,3837.7,3415.8,11.534,2026-07-23T06:24:04.994Z,38.128,2026-07-23T06:24:04Z,2026-07-23 06:24,down,125.09186752
47.128,3419.82,3059.17,3815.2,3396.71,11.559,2026-07-23T06:36:07.745Z,38.128,2026-07-23T06:36:07Z,2026-07-23 06:36,down,125.09186752
47.128,3227.72,2886.47,3665.34,3263.68,11.503,2026-07-23T06:48:11.074Z,38.128,2026-07-23T06:48:11Z,2026-07-23 06:48,down,125.09186752
47.128,3327.13,2976.49,3740.58,3332.5,11.509,2026-07-23T07:00:14.686Z,38.128,2026-07-23T07:00:14Z,2026-07-23 07:00,down,125.09186752
47.128,3303.83,2957.16,3648.84,3251.9,11.52,2026-07-23T07:12:18.078Z,38.128,2026-07-23T07:12:18Z,2026-07-23 07:12,down,125.09186752
47.128,3159.99,2830.38,3497.73,3116.91,11.468,2026-07-23T07:24:21.532Z,38.128,2026-07-23T07:24:21Z,2026-07-23 07:24,down,125.09186752
47.128,3175.04,2839.38,3730.94,3321.23,11.147,2026-07-23T07:36:24.487Z,38.128,2026-07-23T07:36:24Z,2026-07-23 07:36,down,125.09186752
47.128,3222.76,2879.66,3681.93,3275.2,11.016,2026-07-23T07:48:27.051Z,38.128,2026-07-23T07:48:27Z,2026-07-23 07:48,down,125.09186752
47.128,3173.43,2835.44,3554.7,3162.21,10.952,2026-07-23T08:00:30.849Z,38.128,2026-07-23T08:00:30Z,2026-07-23 08:00,down,125.09186752
47.128,3129.71,2797.22,3595.33,3200.26,10.918,2026-07-23T08:12:33.538Z,38.128,2026-07-23T08:12:33Z,2026-07-23 08:12,down,125.09186752
47.128,3199.51,2861.47,3706.26,3299.51,10.888,2026-07-23T08:24:36.789Z,38.128,2026-07-23T08:24:36Z,2026-07-23 08:24,down,125.09186752
47.128,3294.76,2946.35,3584.66,3192.15,10.883,2026-07-23T08:36:40.854Z,38.128,2026-07-23T08:36:40Z,2026-07-23 08:36,down,125.09186752
47.128,3240.49,2898.46,3624.61,3227.82,10.861,2026-07-23T08:48:43.793Z,38.128,2026-07-23T08:48:43Z,2026-07-23 08:48,down,125.09186752
47.128,3193.65,2857.17,3674.1,3272.61,10.832,2026-07-23T09:00:47.326Z,38.128,2026-07-23T09:00:47Z,2026-07-23 09:00,down,125.09186752
47.128,3232.13,2892.59,3618.59,3224.97,10.811,2026-07-23T09:12:50.092Z,38.128,2026-07-23T09:12:50Z,2026-07-23 09:12,down,125.09186752
47.128,3285.56,2941.14,3544.9,3161.07,10.79,2026-07-23T09:24:52.734Z,38.128,2026-07-23T09:24:52Z,2026-07-23 09:24,down,125.09186752
47.128,3205.74,2871.29,3647.7,3253.05,10.796,2026-07-23T09:36:56.189Z,38.128,2026-07-23T09:36:56Z,2026-07-23 09:36,down,125.09186752
47.128,3160.23,2831.23,3571.2,3186.03,10.802,2026-07-23T09:48:59.315Z,38.128,2026-07-23T09:48:59Z,2026-07-23 09:48,down,125.09186752
47.128,3138.32,2812.12,3636.95,3244.96,10.773,2026-07-23T10:01:02.285Z,38.128,2026-07-23T10:01:02Z,2026-07-23 10:01,down,125.09186752
47.128,3184.49,2854.85,3540.01,3158.45,10.791,2026-07-23T10:13:05.381Z,38.128,2026-07-23T10:13:05Z,2026-07-23 10:13,down,125.09186752
47.128,3172.59,2844.41,3572.3,3187.51,10.801,2026-07-23T10:25:08.960Z,38.128,2026-07-23T10:25:08Z,2026-07-23 10:25,down,125.09186752
47.128,3156.23,2829.15,3565.77,3182.69,10.795,2026-07-23T10:37:12.290Z,38.128,2026-07-23T10:37:12Z,2026-07-23 10:37,down,125.09186752
47.128,3130.36,2806.87,3581.6,3195.77,10.801,2026-07-23T10:49:15.682Z,38.128,2026-07-23T10:49:15Z,2026-07-23 10:49,down,125.09186752
47.128,3123.05,2799.23,3508.26,3129.77,10.793,2026-07-23T11:01:19.153Z,38.128,2026-07-23T11:01:19Z,2026-07-23 11:01,down,125.09186752
47.128,3125.74,2800.55,3542.29,3158.03,10.783,2026-07-23T11:13:22.248Z,38.128,2026-07-23T11:13:22Z,2026-07-23 11:13,down,125.09186752
47.128,3141.55,2812.57,3543.89,3158.43,10.787,2026-07-23T11:25:25.702Z,38.128,2026-07-23T11:25:25Z,2026-07-23 11:25,down,125.09186752
47.128,3179.03,2845.01,3665.35,3265.36,10.781,2026-07-23T11:37:28.219Z,38.128,2026-07-23T11:37:28Z,2026-07-23 11:37,down,125.09186752
47.128,3207.82,2870.38,3630.02,3233.78,10.785,2026-07-23T11:49:32.034Z,38.128,2026-07-23T11:49:32Z,2026-07-23 11:49,down,125.09186752
47.128,3233.58,2893.94,3562.89,3175.58,10.784,2026-07-23T12:01:35.316Z,38.128,2026-07-23T12:01:35Z,2026-07-23 12:01,down,125.09186752
47.128,3280.1,2935.62,3633.15,3237.12,10.771,2026-07-23T12:13:38.771Z,38.128,2026-07-23T12:13:38Z,2026-07-23 12:13,down,125.09186752
47.128,3222.14,2883.17,3656.52,3255.32,10.795,2026-07-23T12:25:42.648Z,38.128,2026-07-23T12:25:42Z,2026-07-23 12:25,down,125.09186752
47.128,3171.8,2836.02,3721.43,3311.02,10.804,2026-07-23T12:37:45.727Z,38.128,2026-07-23T12:37:45Z,2026-07-23 12:37,down,125.09186752
47.128,3227.51,2883.1,3678.59,3270.33,10.821,2026-07-23T12:49:48.885Z,38.128,2026-07-23T12:49:48Z,2026-07-23 12:49,down,125.09186752
47.128,3241,2892.47,3703.32,3288.66,10.813,2026-07-23T13:01:52.387Z,38.128,2026-07-23T13:01:52Z,2026-07-23 13:01,down,125.09186752
47.128,3245.15,2894.21,3716.46,3298.86,10.83,2026-07-23T13:13:55.279Z,38.128,2026-07-23T13:13:55Z,2026-07-23 13:13,down,125.09186752
47.128,3332.21,2969.46,3821.89,3390.95,10.836,2026-07-23T13:25:58.765Z,38.128,2026-07-23T13:25:58Z,2026-07-23 13:25,down,125.09186752
47.128,3329.99,2965.57,3749.34,3323.8,10.837,2026-07-23T13:38:02.563Z,38.128,2026-07-23T13:38:02Z,2026-07-23 13:38,down,125.09186752
47.128,3204.79,2851.6,3777.18,3346.04,10.822,2026-07-23T13:50:05.690Z,38.128,2026-07-23T13:50:05Z,2026-07-23 13:50,down,125.09186752
47.128,3251.93,2891.42,3794.53,3359.66,10.818,2026-07-23T14:02:09.488Z,38.128,2026-07-23T14:02:09Z,2026-07-23 14:02,down,125.09186752
47.128,3390.01,3012.37,3720.21,3291.41,10.829,2026-07-23T14:14:12.630Z,38.128,2026-07-23T14:14:12Z,2026-07-23 14:14,down,125.09186752
47.128,3516.68,3122.78,3692.56,3264.15,10.849,2026-07-23T14:26:14.897Z,38.128,2026-07-23T14:26:14Z,2026-07-23 14:26,down,125.09186752
47.128,3422.55,3036.73,3913.11,3457.43,10.843,2026-07-23T14:38:18.445Z,38.128,2026-07-23T14:38:18Z,2026-07-23 14:38,down,125.09186752
47.128,3354.95,2974.37,3884.53,3429.54,10.84,2026-07-23T14:50:21.650Z,38.128,2026-07-23T14:50:21Z,2026-07-23 14:50,down,125.09186752
47.128,3364.51,2981.35,3795.43,3348.69,10.845,2026-07-23T15:02:25.011Z,38.128,2026-07-23T15:02:25Z,2026-07-23 15:02,down,125.09186752
47.128,3462.71,3066.22,3871.99,3413.86,10.856,2026-07-23T15:14:28.106Z,38.128,2026-07-23T15:14:28Z,2026-07-23 15:14,down,125.09186752
47.128,3384.49,2993.88,3783.99,3334.15,10.854,2026-07-23T15:26:31.561Z,38.128,2026-07-23T15:26:31Z,2026-07-23 15:26,down,125.09186752
47.128,3331.72,2943.94,3772.94,3320.14,10.857,2026-07-23T15:38:34.453Z,38.128,2026-07-23T15:38:34Z,2026-07-23 15:38,down,125.09186752
47.128,3349.53,2955.38,3635.9,3196.38,10.877,2026-07-23T15:50:37.110Z,38.128,2026-07-23T15:50:37Z,2026-07-23 15:50,down,125.09186752
47.128,3239.51,2854.71,3681.52,3232.37,10.883,2026-07-23T16:02:40.002Z,38.128,2026-07-23T16:02:40Z,2026-07-23 16:02,down,125.09186752
47.128,3264.56,2872.53,3665.93,3214.56,10.902,2026-07-23T16:14:43.004Z,38.128,2026-07-23T16:14:43Z,2026-07-23 16:14,down,125.09186752
47.128,3226.45,2833.85,3562.13,3118.93,10.896,2026-07-23T16:26:46.630Z,38.128,2026-07-23T16:26:46Z,2026-07-23 16:26,down,125.09186752
47.128,3238.21,2839.66,3638.43,3178.97,10.938,2026-07-23T16:38:49.460Z,38.128,2026-07-23T16:38:49Z,2026-07-23 16:38,down,125.09186752
47.128,3213.66,2812.3,3621.25,3159.05,10.935,2026-07-23T16:50:52.430Z,38.128,2026-07-23T16:50:52Z,2026-07-23 16:50,down,125.09186752
47.128,3316.22,2896.9,3723.72,3242.95,10.935,2026-07-23T17:02:55.697Z,38.128,2026-07-23T17:02:55Z,2026-07-23 17:02,down,125.09186752
47.128,3356.51,2926.82,3770.74,3278.64,10.948,2026-07-23T17:14:57.870Z,38.128,2026-07-23T17:14:57Z,2026-07-23 17:14,down,125.09186752
47.128,3427.99,2984.45,3793.28,3292.43,10.961,2026-07-23T17:27:00.324Z,38.128,2026-07-23T17:27:00Z,2026-07-23 17:27,down,125.09186752
47.128,3494.23,3037.12,3948.06,3422.6,10.959,2026-07-23T17:39:03.263Z,38.128,2026-07-23T17:39:03Z,2026-07-23 17:39,down,125.09186752
47.128,3422.89,2972.64,3931.63,3405.63,10.978,2026-07-23T17:51:06.077Z,38.128,2026-07-23T17:51:06Z,2026-07-23 17:51,down,125.09186752
47.128,3522.34,3055.91,3827.18,3312.85,10.966,2026-07-23T18:03:08.656Z,38.128,2026-07-23T18:03:08Z,2026-07-23 18:03,down,125.09186752
47.128,3473.07,3010.78,3985.78,3447.87,10.946,2026-07-23T18:15:11.751Z,38.128,2026-07-23T18:15:11Z,2026-07-23 18:15,down,125.09186752
47.128,3398.82,2944.96,3687.58,3188.44,10.958,2026-07-23T18:27:15.049Z,38.128,2026-07-23T18:27:15Z,2026-07-23 18:27,down,125.09186752
47.128,3289.6,2847.05,3775.95,3261.58,10.929,2026-07-23T18:39:18.301Z,38.128,2026-07-23T18:39:18Z,2026-07-23 18:39,down,125.09186752
47.128,3395.77,2939.46,3864.25,3337.13,10.949,2026-07-23T18:51:21.599Z,38.128,2026-07-23T18:51:21Z,2026-07-23 18:51,down,125.09186752
47.128,3460.18,2993.82,3646.02,3148.51,11.024,2026-07-23T19:03:24.288Z,38.128,2026-07-23T19:03:24Z,2026-07-23 19:03,down,125.09186752
47.128,3374.92,2920.97,3828.07,3308.84,11.236,2026-07-23T19:15:26.789Z,38.128,2026-07-23T19:15:26Z,2026-07-23 19:15,down,125.09186752
47.128,3257.4,2820.76,3680.18,3180.84,11.367,2026-07-23T19:27:29.853Z,38.128,2026-07-23T19:27:29Z,2026-07-23 19:27,down,125.09186752
47.128,3306.04,2861.62,3743.68,3234.35,11.396,2026-07-23T19:39:33.370Z,38.128,2026-07-23T19:39:33Z,2026-07-23 19:39,down,125.09186752
47.128,3320.16,2872.95,3571.75,3084.23,11.419,2026-07-23T19:51:36.278Z,38.128,2026-07-23T19:51:36Z,2026-07-23 19:51,down,125.09186752
47.128,3270.79,2828.32,3709.91,3201.81,11.443,2026-07-23T20:03:39.764Z,38.128,2026-07-23T20:03:39Z,2026-07-23 20:03,down,125.09186752
47.128,3321.36,2871.05,3717.49,3206.4,11.487,2026-07-23T20:15:43.015Z,38.128,2026-07-23T20:15:43Z,2026-07-23 20:15,down,125.09186752
47.128,3211.15,2773.7,3631.2,3129.18,11.483,2026-07-23T20:27:45.563Z,38.128,2026-07-23T20:27:45Z,2026-07-23 20:27,down,125.09186752
47.128,3391.08,2926.27,3745,3225.74,11.496,2026-07-23T20:39:48.205Z,38.128,2026-07-23T20:39:48Z,2026-07-23 20:39,down,125.09186752
47.128,3353.61,2891.84,3558.43,3062.02,11.509,2026-07-23T20:51:51.691Z,38.128,2026-07-23T20:51:51Z,2026-07-23 20:51,down,125.09186752
47.128,3116.18,2685.05,3461.83,2978.8,11.527,2026-07-23T21:03:54.974Z,38.128,2026-07-23T21:03:54Z,2026-07-23 21:03,down,125.09186752
47.128,3071.87,2646.54,3407.73,2930.61,11.522,2026-07-23T21:15:58.866Z,38.128,2026-07-23T21:15:58Z,2026-07-23 21:15,down,125.09186752
47.128,3018.59,2599.42,3355.48,2885.17,11.52,2026-07-23T21:28:02.493Z,38.128,2026-07-23T21:28:02Z,2026-07-23 21:28,down,125.09186752
47.128,2995.32,2579.34,3326.88,2860.62,11.541,2026-07-23T21:40:05.713Z,38.128,2026-07-23T21:40:05Z,2026-07-23 21:40,down,125.09186752
47.128,2985.03,2569.81,3406.8,2928.84,11.531,2026-07-23T21:52:09.121Z,38.128,2026-07-23T21:52:09Z,2026-07-23 21:52,down,125.09186752
47.128,3115.39,2681.54,3548.12,3049.39,11.542,2026-07-23T22:04:12.044Z,38.128,2026-07-23T22:04:12Z,2026-07-23 22:04,down,125.09186752
47.128,3339.74,2875.15,3727.67,3203.45,11.547,2026-07-23T22:16:15.358Z,38.128,2026-07-23T22:16:15Z,2026-07-23 22:16,down,125.09186752
47.128,3178.4,2734.73,3678.85,3161.45,11.542,2026-07-23T22:28:19.454Z,38.128,2026-07-23T22:28:19Z,2026-07-23 22:28,down,125.09186752
47.128,3281.41,2823.75,3574.86,3067.93,11.334,2026-07-23T22:40:21.939Z,38.128,2026-07-23T22:40:21Z,2026-07-23 22:40,down,125.09186752
47.128,3297.35,2833.59,3698.67,3174.3,11.144,2026-07-23T22:52:25.206Z,38.128,2026-07-23T22:52:25Z,2026-07-23 22:52,down,125.09186752
62.38,3388.27,2957.65,3788.71,3305.4,11.723,2026-07-23T00:10:24.291Z,53.38,2026-07-23T00:10:24Z,2026-07-23 00:10,down,175.1312392
62.38,3393.25,2964.02,3762.03,3284.8,11.711,2026-07-23T00:22:28.152Z,53.38,2026-07-23T00:22:28Z,2026-07-23 00:22,down,175.1312392
62.38,3339.59,2919.74,3728.84,3258.7,11.682,2026-07-23T00:34:31.247Z,53.38,2026-07-23T00:34:31Z,2026-07-23 00:34,down,175.1312392
62.38,3375.66,2954.7,3672.17,3214.17,11.679,2026-07-23T00:46:34.139Z,53.38,2026-07-23T00:46:34Z,2026-07-23 00:46,down,175.1312392
62.38,3250.11,2848.33,3658.08,3205.24,11.683,2026-07-23T00:58:37.485Z,53.38,2026-07-23T00:58:37Z,2026-07-23 00:58,down,175.1312392
62.38,3285.82,2883.38,3656.3,3206.32,11.672,2026-07-23T01:10:40.596Z,53.38,2026-07-23T01:10:40Z,2026-07-23 01:10,down,175.1312392
62.38,3236.62,2842.32,3662.94,3216.09,11.676,2026-07-23T01:22:44.519Z,53.38,2026-07-23T01:22:44Z,2026-07-23 01:22,down,175.1312392
62.38,3228.52,2838.61,3612.47,3172.46,11.669,2026-07-23T01:34:48.677Z,53.38,2026-07-23T01:34:48Z,2026-07-23 01:34,down,175.1312392
62.38,3286.44,2892.93,3693.94,3248.71,11.676,2026-07-23T01:46:52.163Z,53.38,2026-07-23T01:46:52Z,2026-07-23 01:46,down,175.1312392
62.38,3241.33,2856.96,3713.96,3268.35,11.663,2026-07-23T01:58:55.446Z,53.38,2026-07-23T01:58:55Z,2026-07-23 01:58,down,175.1312392
62.38,3303.61,2914.2,3887.67,3425.14,11.658,2026-07-23T02:10:58.557Z,53.38,2026-07-23T02:10:58Z,2026-07-23 02:10,down,175.1312392
62.38,3350.4,2957.21,3861.35,3403.34,11.649,2026-07-23T02:23:01.449Z,53.38,2026-07-23T02:23:01Z,2026-07-23 02:23,down,175.1312392
62.38,3405.57,3008.67,3806.87,3359.85,11.631,2026-07-23T02:35:04.747Z,53.38,2026-07-23T02:35:04Z,2026-07-23 02:35,down,175.1312392
62.38,3402.94,3008.98,3727.03,3290.62,11.64,2026-07-23T02:47:08.093Z,53.38,2026-07-23T02:47:08Z,2026-07-23 02:47,down,175.1312392
62.38,3373.34,2985.79,3958.51,3497.34,11.615,2026-07-23T02:59:10.922Z,53.38,2026-07-23T02:59:10Z,2026-07-23 02:59,down,175.1312392
62.38,3320.17,2941.97,3950.03,3492.91,11.633,2026-07-23T03:11:15.518Z,53.38,2026-07-23T03:11:15Z,2026-07-23 03:11,down,175.1312392
62.38,3438.38,3049.56,3827.44,3386.46,11.624,2026-07-23T03:23:18.457Z,53.38,2026-07-23T03:23:18Z,2026-07-23 03:23,down,175.1312392
62.38,3396,3012.85,3987.63,3529.06,11.61,2026-07-23T03:35:21.349Z,53.38,2026-07-23T03:35:21Z,2026-07-23 03:35,down,175.1312392
62.38,3243.1,2877.98,3828.78,3390.68,11.581,2026-07-23T03:47:25.038Z,53.38,2026-07-23T03:47:25Z,2026-07-23 03:47,down,175.1312392
62.38,3557.96,3161.46,3901.99,3458.7,11.631,2026-07-23T03:59:28.836Z,53.38,2026-07-23T03:59:28Z,2026-07-23 03:59,down,175.1312392
62.38,3358.72,2985.67,3982.37,3531.02,11.619,2026-07-23T04:11:31.541Z,53.38,2026-07-23T04:11:31Z,2026-07-23 04:11,down,175.1312392
62.38,3311.29,2944.29,3760.68,3337.6,11.615,2026-07-23T04:23:34.245Z,53.38,2026-07-23T04:23:34Z,2026-07-23 04:23,down,175.1312392
62.38,3335.82,2966.58,3900.26,3462.56,11.61,2026-07-23T04:35:37.669Z,53.38,2026-07-23T04:35:37Z,2026-07-23 04:35,down,175.1312392
62.38,3294.92,2932.33,3780.5,3356.71,11.596,2026-07-23T04:47:40.592Z,53.38,2026-07-23T04:47:40Z,2026-07-23 04:47,down,175.1312392
62.38,3425.94,3051.56,3844.46,3415.83,11.606,2026-07-23T04:59:43.234Z,53.38,2026-07-23T04:59:43Z,2026-07-23 04:59,down,175.1312392
62.38,3327.12,2964.24,3778.8,3359.13,11.585,2026-07-23T05:11:47.126Z,53.38,2026-07-23T05:11:47Z,2026-07-23 05:11,down,175.1312392
62.38,3380.25,3014.79,3756.94,3340.59,11.611,2026-07-23T05:23:50.440Z,53.38,2026-07-23T05:23:50Z,2026-07-23 05:23,down,175.1312392
62.38,3364.66,3001.36,3827.67,3405.81,11.621,2026-07-23T05:35:53.113Z,53.38,2026-07-23T05:35:53Z,2026-07-23 05:35,down,175.1312392
62.38,3286.91,2933.61,3678.06,3272.96,11.599,2026-07-23T05:47:55.552Z,53.38,2026-07-23T05:47:55Z,2026-07-23 05:47,down,175.1312392
62.38,3254.99,2906.25,3847.23,3426.1,11.599,2026-07-23T05:59:58.631Z,53.38,2026-07-23T05:59:58Z,2026-07-23 05:59,down,175.1312392
62.38,3330.11,2974.26,3701.73,3296.61,11.585,2026-07-23T06:12:02.055Z,53.38,2026-07-23T06:12:02Z,2026-07-23 06:12,down,175.1312392
62.38,3225.49,2881.97,3865.12,3443.82,11.58,2026-07-23T06:24:04.994Z,53.38,2026-07-23T06:24:04Z,2026-07-23 06:24,down,175.1312392
62.38,3399.24,3038.9,3845.15,3427.06,11.598,2026-07-23T06:36:07.745Z,53.38,2026-07-23T06:36:07Z,2026-07-23 06:36,down,175.1312392
62.38,3208.6,2868.5,3689.36,3288.75,11.572,2026-07-23T06:48:11.074Z,53.38,2026-07-23T06:48:11Z,2026-07-23 06:48,down,175.1312392
62.38,3308.45,2958.57,3767.67,3360.41,11.569,2026-07-23T07:00:14.686Z,53.38,2026-07-23T07:00:14Z,2026-07-23 07:00,down,175.1312392
62.38,3287.52,2941.24,3676.12,3279.89,11.576,2026-07-23T07:12:18.078Z,53.38,2026-07-23T07:12:18Z,2026-07-23 07:12,down,175.1312392
62.38,3143.56,2813.57,3522.39,3138.6,11.398,2026-07-23T07:24:21.532Z,53.38,2026-07-23T07:24:21Z,2026-07-23 07:24,down,175.1312392
62.38,3159.87,2823.31,3762.91,3351.67,11.123,2026-07-23T07:36:24.487Z,53.38,2026-07-23T07:36:24Z,2026-07-23 07:36,down,175.1312392
62.38,3208.74,2865.06,3713.54,3305.42,11.009,2026-07-23T07:48:27.051Z,53.38,2026-07-23T07:48:27Z,2026-07-23 07:48,down,175.1312392
62.38,3154.88,2816.95,3581,3188.13,10.961,2026-07-23T08:00:30.849Z,53.38,2026-07-23T08:00:30Z,2026-07-23 08:00,down,175.1312392
62.38,3107.83,2776.03,3623.87,3228.69,10.947,2026-07-23T08:12:33.538Z,53.38,2026-07-23T08:12:33Z,2026-07-23 08:12,down,175.1312392
62.38,3183.03,2844.96,3735.76,3328.94,10.915,2026-07-23T08:24:36.789Z,53.38,2026-07-23T08:24:36Z,2026-07-23 08:24,down,175.1312392
62.38,3277.06,2928.38,3608.91,3216.73,10.899,2026-07-23T08:36:40.854Z,53.38,2026-07-23T08:36:40Z,2026-07-23 08:36,down,175.1312392
62.38,3220.94,2878.95,3652.73,3255.79,10.877,2026-07-23T08:48:43.793Z,53.38,2026-07-23T08:48:43Z,2026-07-23 08:48,down,175.1312392
62.38,3177.14,2840.58,3699.06,3297.58,10.848,2026-07-23T09:00:47.326Z,53.38,2026-07-23T09:00:47Z,2026-07-23 09:00,down,175.1312392
62.38,3212,2872.97,3645.97,3251.89,10.829,2026-07-23T09:12:50.092Z,53.38,2026-07-23T09:12:50Z,2026-07-23 09:12,down,175.1312392
62.38,3268.28,2924.08,3570.81,3187.18,10.823,2026-07-23T09:24:52.734Z,53.38,2026-07-23T09:24:52Z,2026-07-23 09:24,down,175.1312392
62.38,3188.31,2854.13,3673.61,3279.13,10.827,2026-07-23T09:36:56.189Z,53.38,2026-07-23T09:36:56Z,2026-07-23 09:36,down,175.1312392
62.38,3137.34,2808.99,3599.44,3214.06,10.824,2026-07-23T09:48:59.315Z,53.38,2026-07-23T09:48:59Z,2026-07-23 09:48,down,175.1312392
62.38,3116.59,2790.91,3659.61,3268.67,10.81,2026-07-23T10:01:02.285Z,53.38,2026-07-23T10:01:02Z,2026-07-23 10:01,down,175.1312392
62.38,3163.38,2834.35,3562.75,3181.46,10.816,2026-07-23T10:13:05.381Z,53.38,2026-07-23T10:13:05Z,2026-07-23 10:13,down,175.1312392
62.38,3153.53,2825.33,3598.12,3213.66,10.824,2026-07-23T10:25:08.960Z,53.38,2026-07-23T10:25:08Z,2026-07-23 10:25,down,175.1312392
62.38,3139.12,2812.41,3591.69,3208.49,10.822,2026-07-23T10:37:12.290Z,53.38,2026-07-23T10:37:12Z,2026-07-23 10:37,down,175.1312392
62.38,3113.07,2789.25,3604.46,3219.27,10.818,2026-07-23T10:49:15.682Z,53.38,2026-07-23T10:49:15Z,2026-07-23 10:49,down,175.1312392
62.38,3107.72,2783.77,3534.51,3156.16,10.82,2026-07-23T11:01:19.153Z,53.38,2026-07-23T11:01:19Z,2026-07-23 11:01,down,175.1312392
62.38,3108.88,2783.66,3565.37,3181.71,10.811,2026-07-23T11:13:22.248Z,53.38,2026-07-23T11:13:22Z,2026-07-23 11:13,down,175.1312392
62.38,3122.08,2793.55,3573.81,3188.17,10.82,2026-07-23T11:25:25.702Z,53.38,2026-07-23T11:25:25Z,2026-07-23 11:25,down,175.1312392
62.38,3164.01,2829.7,3692,3291.88,10.797,2026-07-23T11:37:28.219Z,53.38,2026-07-23T11:37:28Z,2026-07-23 11:37,down,175.1312392
62.38,3192.34,2854.67,3657.3,3261.13,10.808,2026-07-23T11:49:32.034Z,53.38,2026-07-23T11:49:32Z,2026-07-23 11:49,down,175.1312392
62.38,3216.36,2876.3,3585.44,3198.85,10.803,2026-07-23T12:01:35.316Z,53.38,2026-07-23T12:01:35Z,2026-07-23 12:01,down,175.1312392
62.38,3260.64,2917.04,3661.96,3265.43,10.805,2026-07-23T12:13:38.771Z,53.38,2026-07-23T12:13:38Z,2026-07-23 12:13,down,175.1312392
62.38,3204.25,2865.42,3685.5,3284.19,10.822,2026-07-23T12:25:42.648Z,53.38,2026-07-23T12:25:42Z,2026-07-23 12:25,down,175.1312392
62.38,3157.97,2821.76,3743.71,3334.04,10.828,2026-07-23T12:37:45.727Z,53.38,2026-07-23T12:37:45Z,2026-07-23 12:37,down,175.1312392
62.38,3207.6,2863.34,3704.58,3295.9,10.826,2026-07-23T12:49:48.885Z,53.38,2026-07-23T12:49:48Z,2026-07-23 12:49,down,175.1312392
62.38,3224.64,2875.94,3730.15,3315.9,10.843,2026-07-23T13:01:52.387Z,53.38,2026-07-23T13:01:52Z,2026-07-23 13:01,down,175.1312392
62.38,3228.28,2877.18,3745.13,3327.27,10.847,2026-07-23T13:13:55.279Z,53.38,2026-07-23T13:13:55Z,2026-07-23 13:13,down,175.1312392
62.38,3311.92,2950.09,3848.69,3417.51,10.867,2026-07-23T13:25:58.765Z,53.38,2026-07-23T13:25:58Z,2026-07-23 13:25,down,175.1312392
62.38,3311.77,2947.48,3776.03,3350.73,10.865,2026-07-23T13:38:02.563Z,53.38,2026-07-23T13:38:02Z,2026-07-23 13:38,down,175.1312392
62.38,3184.91,2832.12,3803.26,3372.66,10.856,2026-07-23T13:50:05.690Z,53.38,2026-07-23T13:50:05Z,2026-07-23 13:50,down,175.1312392
62.38,3231.69,2872.06,3817.99,3383.64,10.858,2026-07-23T14:02:09.488Z,53.38,2026-07-23T14:02:09Z,2026-07-23 14:02,down,175.1312392
62.38,3369.83,2992.92,3748.87,3319.99,10.868,2026-07-23T14:14:12.630Z,53.38,2026-07-23T14:14:12Z,2026-07-23 14:14,down,175.1312392
62.38,3500.62,3106.45,3716.63,3288.51,10.872,2026-07-23T14:26:14.897Z,53.38,2026-07-23T14:26:14Z,2026-07-23 14:26,down,175.1312392
62.38,3401.14,3015.77,3937.52,3482.44,10.871,2026-07-23T14:38:18.445Z,53.38,2026-07-23T14:38:18Z,2026-07-23 14:38,down,175.1312392
62.38,3336.32,2955.95,3913.57,3458.84,10.874,2026-07-23T14:50:21.650Z,53.38,2026-07-23T14:50:21Z,2026-07-23 14:50,down,175.1312392
62.38,3343.25,2960.82,3819.28,3373.03,10.88,2026-07-23T15:02:25.011Z,53.38,2026-07-23T15:02:25Z,2026-07-23 15:02,down,175.1312392
62.38,3443.47,3047.72,3898.18,3439.89,10.888,2026-07-23T15:14:28.106Z,53.38,2026-07-23T15:14:28Z,2026-07-23 15:14,down,175.1312392
62.38,3362.48,2972.76,3812.6,3362.27,10.88,2026-07-23T15:26:31.561Z,53.38,2026-07-23T15:26:31Z,2026-07-23 15:26,down,175.1312392
62.38,3315.22,2927.76,3799.59,3346.76,10.89,2026-07-23T15:38:34.453Z,53.38,2026-07-23T15:38:34Z,2026-07-23 15:38,down,175.1312392
62.38,3329.15,2936.1,3664.17,3224.27,10.919,2026-07-23T15:50:37.110Z,53.38,2026-07-23T15:50:37Z,2026-07-23 15:50,down,175.1312392
62.38,3221.08,2837.1,3710.27,3260.83,10.926,2026-07-23T16:02:40.002Z,53.38,2026-07-23T16:02:40Z,2026-07-23 16:02,down,175.1312392
62.38,3245.11,2854.21,3690.88,3239.29,10.94,2026-07-23T16:14:43.004Z,53.38,2026-07-23T16:14:43Z,2026-07-23 16:14,down,175.1312392
62.38,3208.88,2816.96,3587.27,3144.58,10.949,2026-07-23T16:26:46.630Z,53.38,2026-07-23T16:26:46Z,2026-07-23 16:26,down,175.1312392
62.38,3218.32,2820.36,3666.66,3206.45,10.957,2026-07-23T16:38:49.460Z,53.38,2026-07-23T16:38:49Z,2026-07-23 16:38,down,175.1312392
62.38,3195.91,2795.03,3646.03,3183.32,10.953,2026-07-23T16:50:52.430Z,53.38,2026-07-23T16:50:52Z,2026-07-23 16:50,down,175.1312392
62.38,3296.98,2878.81,3749.57,3268.86,10.985,2026-07-23T17:02:55.697Z,53.38,2026-07-23T17:02:55Z,2026-07-23 17:02,down,175.1312392
62.38,3335.44,2906.99,3798.18,3305.48,10.982,2026-07-23T17:14:57.870Z,53.38,2026-07-23T17:14:57Z,2026-07-23 17:14,down,175.1312392
62.38,3409.92,2966.99,3821.19,3319.5,10.984,2026-07-23T17:27:00.324Z,53.38,2026-07-23T17:27:00Z,2026-07-23 17:27,down,175.1312392
62.38,3476.73,3020.32,3981.6,3454.81,10.991,2026-07-23T17:39:03.263Z,53.38,2026-07-23T17:39:03Z,2026-07-23 17:39,down,175.1312392
62.38,3401.08,2951.79,3957.85,3431.09,10.991,2026-07-23T17:51:06.077Z,53.38,2026-07-23T17:51:06Z,2026-07-23 17:51,down,175.1312392
62.38,3499.78,3034.45,3858.35,3342.53,10.982,2026-07-23T18:03:08.656Z,53.38,2026-07-23T18:03:08Z,2026-07-23 18:03,down,175.1312392
62.38,3454.78,2993.22,4013.35,3474.75,10.971,2026-07-23T18:15:11.751Z,53.38,2026-07-23T18:15:11Z,2026-07-23 18:15,down,175.1312392
62.38,3382.01,2929.12,3714.45,3214.49,10.995,2026-07-23T18:27:15.049Z,53.38,2026-07-23T18:27:15Z,2026-07-23 18:27,down,175.1312392
62.38,3272.67,2830.79,3804.96,3289.6,10.957,2026-07-23T18:39:18.301Z,53.38,2026-07-23T18:39:18Z,2026-07-23 18:39,down,175.1312392
62.38,3378.98,2923.07,3893.2,3365.84,10.988,2026-07-23T18:51:21.599Z,53.38,2026-07-23T18:51:21Z,2026-07-23 18:51,down,175.1312392
62.38,3441.86,2977.57,3675.8,3179.21,11.144,2026-07-23T19:03:24.288Z,53.38,2026-07-23T19:03:24Z,2026-07-23 19:03,down,175.1312392
62.38,3358.17,2906.06,3858.84,3338.92,11.311,2026-07-23T19:15:26.789Z,53.38,2026-07-23T19:15:26Z,2026-07-23 19:15,down,175.1312392
62.38,3236.55,2801.44,3706.79,3207.22,11.417,2026-07-23T19:27:29.853Z,53.38,2026-07-23T19:27:29Z,2026-07-23 19:27,down,175.1312392
62.38,3285.27,2842.68,3770.8,3261.61,11.466,2026-07-23T19:39:33.370Z,53.38,2026-07-23T19:39:33Z,2026-07-23 19:39,down,175.1312392
62.38,3300.13,2854.62,3595.71,3108.28,11.481,2026-07-23T19:51:36.278Z,53.38,2026-07-23T19:51:36Z,2026-07-23 19:51,down,175.1312392
62.38,3250.44,2810.43,3738.2,3229.3,11.514,2026-07-23T20:03:39.764Z,53.38,2026-07-23T20:03:39Z,2026-07-23 20:03,down,175.1312392
62.38,3303.93,2854.83,3745.23,3233.48,11.535,2026-07-23T20:15:43.015Z,53.38,2026-07-23T20:15:43Z,2026-07-23 20:15,down,175.1312392
62.38,3195.47,2759.38,3657.96,3155.28,11.54,2026-07-23T20:27:45.563Z,53.38,2026-07-23T20:27:45Z,2026-07-23 20:27,down,175.1312392
62.38,3374.15,2910.65,3777.34,3256.69,11.546,2026-07-23T20:39:48.205Z,53.38,2026-07-23T20:39:48Z,2026-07-23 20:39,down,175.1312392
62.38,3334.9,2874.38,3588.65,3091.3,11.56,2026-07-23T20:51:51.691Z,53.38,2026-07-23T20:51:51Z,2026-07-23 20:51,down,175.1312392
62.38,3094.98,2665.8,3492.65,3007.79,11.565,2026-07-23T21:03:54.974Z,53.38,2026-07-23T21:03:54Z,2026-07-23 21:03,down,175.1312392
62.38,3053.97,2630.36,3434.55,2956.49,11.578,2026-07-23T21:15:58.866Z,53.38,2026-07-23T21:15:58Z,2026-07-23 21:15,down,175.1312392
62.38,3000.38,2583.42,3381.47,2910.45,11.594,2026-07-23T21:28:02.493Z,53.38,2026-07-23T21:28:02Z,2026-07-23 21:28,down,175.1312392
62.38,2977.55,2563,3352.35,2885.63,11.598,2026-07-23T21:40:05.713Z,53.38,2026-07-23T21:40:05Z,2026-07-23 21:40,down,175.1312392
62.38,2966.37,2553.39,3432.84,2954.43,11.61,2026-07-23T21:52:09.121Z,53.38,2026-07-23T21:52:09Z,2026-07-23 21:52,down,175.1312392
62.38,3095.93,2663.92,3572.07,3073.14,11.601,2026-07-23T22:04:12.044Z,53.38,2026-07-23T22:04:12Z,2026-07-23 22:04,down,175.1312392
62.38,3323.76,2860.9,3754.53,3230.03,11.623,2026-07-23T22:16:15.358Z,53.38,2026-07-23T22:16:15Z,2026-07-23 22:16,down,175.1312392
62.38,3162.36,2720.12,3709.67,3191.42,11.609,2026-07-23T22:28:19.454Z,53.38,2026-07-23T22:28:19Z,2026-07-23 22:28,down,175.1312392
62.38,3263.79,2805.23,3603.54,3095.19,11.306,2026-07-23T22:40:21.939Z,53.38,2026-07-23T22:40:21Z,2026-07-23 22:40,down,175.1312392
62.38,3279.85,2817.04,3722.83,3197.34,11.159,2026-07-23T22:52:25.206Z,53.38,2026-07-23T22:52:25Z,2026-07-23 22:52,down,175.1312392
77.632,3357.37,2923.04,3806.13,3317.08,11.415,2026-07-23T00:10:24.291Z,68.632,2026-07-23T00:10:24Z,2026-07-23 00:10,down,225.17061088000003
77.632,3367.85,2934.3,3783.79,3299.98,11.398,2026-07-23T00:22:28.152Z,68.632,2026-07-23T00:22:28Z,2026-07-23 00:22,down,225.17061088000003
77.632,3311.4,2887.67,3746.73,3270.83,11.377,2026-07-23T00:34:31.247Z,68.632,2026-07-23T00:34:31Z,2026-07-23 00:34,down,225.17061088000003
77.632,3345.43,2920.68,3687.79,3224.66,11.379,2026-07-23T00:46:34.139Z,68.632,2026-07-23T00:46:34Z,2026-07-23 00:46,down,225.17061088000003
77.632,3222.36,2817.2,3675.96,3217.74,11.398,2026-07-23T00:58:37.485Z,68.632,2026-07-23T00:58:37Z,2026-07-23 00:58,down,225.17061088000003
77.632,3255.39,2849.6,3670.5,3215.71,11.383,2026-07-23T01:10:40.596Z,68.632,2026-07-23T01:10:40Z,2026-07-23 01:10,down,225.17061088000003
77.632,3206.81,2809.05,3677.19,3225.01,11.37,2026-07-23T01:22:44.519Z,68.632,2026-07-23T01:22:44Z,2026-07-23 01:22,down,225.17061088000003
77.632,3199.73,2805.81,3622.51,3178.01,11.359,2026-07-23T01:34:48.677Z,68.632,2026-07-23T01:34:48Z,2026-07-23 01:34,down,225.17061088000003
77.632,3254.04,2857.04,3709.11,3258.26,11.362,2026-07-23T01:46:52.163Z,68.632,2026-07-23T01:46:52Z,2026-07-23 01:46,down,225.17061088000003
77.632,3211.57,2823.45,3726.01,3275.16,11.35,2026-07-23T01:58:55.446Z,68.632,2026-07-23T01:58:55Z,2026-07-23 01:58,down,225.17061088000003
77.632,3275.13,2881.7,3909.67,3440.79,11.352,2026-07-23T02:10:58.557Z,68.632,2026-07-23T02:10:58Z,2026-07-23 02:10,down,225.17061088000003
77.632,3318.23,2921,3875.51,3412.51,11.343,2026-07-23T02:23:01.449Z,68.632,2026-07-23T02:23:01Z,2026-07-23 02:23,down,225.17061088000003
77.632,3375.49,2974.5,3824.87,3372.31,11.331,2026-07-23T02:35:04.747Z,68.632,2026-07-23T02:35:04Z,2026-07-23 02:35,down,225.17061088000003
77.632,3368.6,2971.13,3739.84,3298.9,11.351,2026-07-23T02:47:08.093Z,68.632,2026-07-23T02:47:08Z,2026-07-23 02:47,down,225.17061088000003
77.632,3340.94,2949.74,3973.48,3507.31,11.328,2026-07-23T02:59:10.922Z,68.632,2026-07-23T02:59:10Z,2026-07-23 02:59,down,225.17061088000003
77.632,3294.19,2911.31,3965.37,3503.14,11.333,2026-07-23T03:11:15.518Z,68.632,2026-07-23T03:11:15Z,2026-07-23 03:11,down,225.17061088000003
77.632,3406.1,3012.91,3844.92,3398.24,11.31,2026-07-23T03:23:18.457Z,68.632,2026-07-23T03:23:18Z,2026-07-23 03:23,down,225.17061088000003
77.632,3365.59,2977.95,4003,3538.76,11.294,2026-07-23T03:35:21.349Z,68.632,2026-07-23T03:35:21Z,2026-07-23 03:35,down,225.17061088000003
77.632,3211.1,2842.88,3847.77,3404.04,11.298,2026-07-23T03:47:25.038Z,68.632,2026-07-23T03:47:25Z,2026-07-23 03:47,down,225.17061088000003
77.632,3526.29,3125.1,3918.66,3469.93,11.325,2026-07-23T03:59:28.836Z,68.632,2026-07-23T03:59:28Z,2026-07-23 03:59,down,225.17061088000003
77.632,3331.57,2954.08,4000.33,3543.64,11.33,2026-07-23T04:11:31.541Z,68.632,2026-07-23T04:11:31Z,2026-07-23 04:11,down,225.17061088000003
77.632,3282.75,2911.88,3776.69,3348.82,11.337,2026-07-23T04:23:34.245Z,68.632,2026-07-23T04:23:34Z,2026-07-23 04:23,down,225.17061088000003
77.632,3304.99,2932.04,3913.61,3471.45,11.334,2026-07-23T04:35:37.669Z,68.632,2026-07-23T04:35:37Z,2026-07-23 04:35,down,225.17061088000003
77.632,3266.64,2900.05,3794.2,3366.3,11.326,2026-07-23T04:47:40.592Z,68.632,2026-07-23T04:47:40Z,2026-07-23 04:47,down,225.17061088000003
77.632,3397.69,3018.75,3865.03,3431.22,11.323,2026-07-23T04:59:43.234Z,68.632,2026-07-23T04:59:43Z,2026-07-23 04:59,down,225.17061088000003
77.632,3297.75,2931.29,3796.37,3372.25,11.329,2026-07-23T05:11:47.126Z,68.632,2026-07-23T05:11:47Z,2026-07-23 05:11,down,225.17061088000003
77.632,3350.6,2981.28,3772.82,3351.89,11.342,2026-07-23T05:23:50.440Z,68.632,2026-07-23T05:23:50Z,2026-07-23 05:23,down,225.17061088000003
77.632,3333.98,2967.75,3844.2,3417.09,11.361,2026-07-23T05:35:53.113Z,68.632,2026-07-23T05:35:53Z,2026-07-23 05:35,down,225.17061088000003
77.632,3260.93,2903.91,3691.49,3282.45,11.348,2026-07-23T05:47:55.552Z,68.632,2026-07-23T05:47:55Z,2026-07-23 05:47,down,225.17061088000003
77.632,3226.57,2874.32,3862.26,3436.64,11.338,2026-07-23T05:59:58.631Z,68.632,2026-07-23T05:59:58Z,2026-07-23 05:59,down,225.17061088000003
77.632,3303.41,2943.56,3718.02,3308.42,11.322,2026-07-23T06:12:02.055Z,68.632,2026-07-23T06:12:02Z,2026-07-23 06:12,down,225.17061088000003
77.632,3197.86,2850.58,3876.28,3451.29,11.323,2026-07-23T06:24:04.994Z,68.632,2026-07-23T06:24:04Z,2026-07-23 06:24,down,225.17061088000003
77.632,3370.42,3005.97,3854.03,3432.47,11.337,2026-07-23T06:36:07.745Z,68.632,2026-07-23T06:36:07Z,2026-07-23 06:36,down,225.17061088000003
77.632,3177.62,2834.23,3710.82,3305.89,11.327,2026-07-23T06:48:11.074Z,68.632,2026-07-23T06:48:11Z,2026-07-23 06:48,down,225.17061088000003
77.632,3278.18,2924.74,3782.97,3371.47,11.311,2026-07-23T07:00:14.686Z,68.632,2026-07-23T07:00:14Z,2026-07-23 07:00,down,225.17061088000003
77.632,3259.08,2908.95,3694.41,3293.7,11.315,2026-07-23T07:12:18.078Z,68.632,2026-07-23T07:12:18Z,2026-07-23 07:12,down,225.17061088000003
77.632,3116.29,2783.16,3539.71,3156.48,11.282,2026-07-23T07:24:21.532Z,68.632,2026-07-23T07:24:21Z,2026-07-23 07:24,down,225.17061088000003
77.632,3133.54,2798.11,3781.72,3370.43,11.122,2026-07-23T07:36:24.487Z,68.632,2026-07-23T07:36:24Z,2026-07-23 07:36,down,225.17061088000003
77.632,3185.89,2842.4,3732.08,3324.5,11.007,2026-07-23T07:48:27.051Z,68.632,2026-07-23T07:48:27Z,2026-07-23 07:48,down,225.17061088000003
77.632,3130.03,2792.82,3603.47,3210.95,10.977,2026-07-23T08:00:30.849Z,68.632,2026-07-23T08:00:30Z,2026-07-23 08:00,down,225.17061088000003
77.632,3083.77,2752.48,3638.8,3244.26,10.943,2026-07-23T08:12:33.538Z,68.632,2026-07-23T08:12:33Z,2026-07-23 08:12,down,225.17061088000003
77.632,3159.94,2822.34,3753.95,3347.82,10.924,2026-07-23T08:24:36.789Z,68.632,2026-07-23T08:24:36Z,2026-07-23 08:24,down,225.17061088000003
77.632,3252.67,2904.63,3619.73,3228.92,10.909,2026-07-23T08:36:40.854Z,68.632,2026-07-23T08:36:40Z,2026-07-23 08:36,down,225.17061088000003
77.632,3197.6,2856.34,3667.89,3272.09,10.897,2026-07-23T08:48:43.793Z,68.632,2026-07-23T08:48:43Z,2026-07-23 08:48,down,225.17061088000003
77.632,3151.75,2815.42,3709.03,3309.66,10.855,2026-07-23T09:00:47.326Z,68.632,2026-07-23T09:00:47Z,2026-07-23 09:00,down,225.17061088000003
77.632,3186.43,2847.94,3656.66,3264.52,10.845,2026-07-23T09:12:50.092Z,68.632,2026-07-23T09:12:50Z,2026-07-23 09:12,down,225.17061088000003
77.632,3246.93,2902.88,3587.23,3204.26,10.827,2026-07-23T09:24:52.734Z,68.632,2026-07-23T09:24:52Z,2026-07-23 09:24,down,225.17061088000003
77.632,3165.46,2831.26,3686.32,3293.05,10.821,2026-07-23T09:36:56.189Z,68.632,2026-07-23T09:36:56Z,2026-07-23 09:36,down,225.17061088000003
77.632,3116.39,2787.74,3618.7,3233.63,10.811,2026-07-23T09:48:59.315Z,68.632,2026-07-23T09:48:59Z,2026-07-23 09:48,down,225.17061088000003
77.632,3097.01,2771.44,3678.37,3288.32,10.826,2026-07-23T10:01:02.285Z,68.632,2026-07-23T10:01:02Z,2026-07-23 10:01,down,225.17061088000003
77.632,3142.86,2814.23,3580.58,3199.95,10.832,2026-07-23T10:13:05.381Z,68.632,2026-07-23T10:13:05Z,2026-07-23 10:13,down,225.17061088000003
77.632,3135.51,2807.08,3614.66,3230.66,10.819,2026-07-23T10:25:08.960Z,68.632,2026-07-23T10:25:08Z,2026-07-23 10:25,down,225.17061088000003
77.632,3119.77,2792.94,3608.58,3225.56,10.81,2026-07-23T10:37:12.290Z,68.632,2026-07-23T10:37:12Z,2026-07-23 10:37,down,225.17061088000003
77.632,3090.41,2766.64,3620.79,3236.13,10.807,2026-07-23T10:49:15.682Z,68.632,2026-07-23T10:49:15Z,2026-07-23 10:49,down,225.17061088000003
77.632,3084.5,2760.96,3553.24,3174.86,10.812,2026-07-23T11:01:19.153Z,68.632,2026-07-23T11:01:19Z,2026-07-23 11:01,down,225.17061088000003
77.632,3087.56,2762.52,3586.85,3203.24,10.811,2026-07-23T11:13:22.248Z,68.632,2026-07-23T11:13:22Z,2026-07-23 11:13,down,225.17061088000003
77.632,3097.27,2768.98,3587.47,3203.02,10.818,2026-07-23T11:25:25.702Z,68.632,2026-07-23T11:25:25Z,2026-07-23 11:25,down,225.17061088000003
77.632,3140.96,2807.21,3710.16,3311.12,10.818,2026-07-23T11:37:28.219Z,68.632,2026-07-23T11:37:28Z,2026-07-23 11:37,down,225.17061088000003
77.632,3162.92,2826.04,3675.31,3279.18,10.791,2026-07-23T11:49:32.034Z,68.632,2026-07-23T11:49:32Z,2026-07-23 11:49,down,225.17061088000003
77.632,3185.24,2846.82,3604.61,3218.13,10.811,2026-07-23T12:01:35.316Z,68.632,2026-07-23T12:01:35Z,2026-07-23 12:01,down,225.17061088000003
77.632,3236.58,2893.4,3676.65,3281.56,10.821,2026-07-23T12:13:38.771Z,68.632,2026-07-23T12:13:38Z,2026-07-23 12:13,down,225.17061088000003
77.632,3177.86,2839.49,3702.07,3301.54,10.819,2026-07-23T12:25:42.648Z,68.632,2026-07-23T12:25:42Z,2026-07-23 12:25,down,225.17061088000003
77.632,3131.22,2796.1,3761.4,3352.22,10.836,2026-07-23T12:37:45.727Z,68.632,2026-07-23T12:37:45Z,2026-07-23 12:37,down,225.17061088000003
77.632,3176.86,2834.1,3724.7,3316.83,10.849,2026-07-23T12:49:48.885Z,68.632,2026-07-23T12:49:48Z,2026-07-23 12:49,down,225.17061088000003
77.632,3200.33,2852.02,3747.54,3334.07,10.845,2026-07-23T13:01:52.387Z,68.632,2026-07-23T13:01:52Z,2026-07-23 13:01,down,225.17061088000003
77.632,3200.91,2851.13,3760.44,3343.62,10.866,2026-07-23T13:13:55.279Z,68.632,2026-07-23T13:13:55Z,2026-07-23 13:13,down,225.17061088000003
77.632,3284.28,2923.06,3864.57,3434.41,10.867,2026-07-23T13:25:58.765Z,68.632,2026-07-23T13:25:58Z,2026-07-23 13:25,down,225.17061088000003
77.632,3283.08,2919.41,3794.24,3369.33,10.854,2026-07-23T13:38:02.563Z,68.632,2026-07-23T13:38:02Z,2026-07-23 13:38,down,225.17061088000003
77.632,3154.96,2803.83,3823.02,3392.79,10.871,2026-07-23T13:50:05.690Z,68.632,2026-07-23T13:50:05Z,2026-07-23 13:50,down,225.17061088000003
77.632,3207.86,2849.13,3842.94,3408.37,10.871,2026-07-23T14:02:09.488Z,68.632,2026-07-23T14:02:09Z,2026-07-23 14:02,down,225.17061088000003
77.632,3348.24,2971.5,3769.93,3340.85,10.86,2026-07-23T14:14:12.630Z,68.632,2026-07-23T14:14:12Z,2026-07-23 14:14,down,225.17061088000003
77.632,3478,3084.47,3737.14,3309.54,10.893,2026-07-23T14:26:14.897Z,68.632,2026-07-23T14:26:14Z,2026-07-23 14:26,down,225.17061088000003
77.632,3377.42,2992.89,3957.04,3502.75,10.893,2026-07-23T14:38:18.445Z,68.632,2026-07-23T14:38:18Z,2026-07-23 14:38,down,225.17061088000003
77.632,3308.77,2929.57,3935.7,3480.75,10.875,2026-07-23T14:50:21.650Z,68.632,2026-07-23T14:50:21Z,2026-07-23 14:50,down,225.17061088000003
77.632,3316.57,2935.29,3838.61,3392.68,10.889,2026-07-23T15:02:25.011Z,68.632,2026-07-23T15:02:25Z,2026-07-23 15:02,down,225.17061088000003
77.632,3413.57,3019.13,3915.97,3458.07,10.889,2026-07-23T15:14:28.106Z,68.632,2026-07-23T15:14:28Z,2026-07-23 15:14,down,225.17061088000003
77.632,3335.86,2947.35,3832.1,3381.84,10.885,2026-07-23T15:26:31.561Z,68.632,2026-07-23T15:26:31Z,2026-07-23 15:26,down,225.17061088000003
77.632,3284.13,2898.19,3819.84,3367.54,10.902,2026-07-23T15:38:34.453Z,68.632,2026-07-23T15:38:34Z,2026-07-23 15:38,down,225.17061088000003
77.632,3300.59,2908.56,3683.05,3243.4,10.916,2026-07-23T15:50:37.110Z,68.632,2026-07-23T15:50:37Z,2026-07-23 15:50,down,225.17061088000003
77.632,3190.55,2808.02,3730.33,3281.43,10.936,2026-07-23T16:02:40.002Z,68.632,2026-07-23T16:02:40Z,2026-07-23 16:02,down,225.17061088000003
77.632,3216.8,2827.24,3707.28,3256.6,10.954,2026-07-23T16:14:43.004Z,68.632,2026-07-23T16:14:43Z,2026-07-23 16:14,down,225.17061088000003
77.632,3180.61,2790.46,3603.99,3161.42,10.957,2026-07-23T16:26:46.630Z,68.632,2026-07-23T16:26:46Z,2026-07-23 16:26,down,225.17061088000003
77.632,3189.13,2793.53,3687.45,3227.45,10.992,2026-07-23T16:38:49.460Z,68.632,2026-07-23T16:38:49Z,2026-07-23 16:38,down,225.17061088000003
77.632,3170.18,2771.09,3663.2,3200.89,10.977,2026-07-23T16:50:52.430Z,68.632,2026-07-23T16:50:52Z,2026-07-23 16:50,down,225.17061088000003
77.632,3269.5,2852.99,3765.84,3285.69,10.999,2026-07-23T17:02:55.697Z,68.632,2026-07-23T17:02:55Z,2026-07-23 17:02,down,225.17061088000003
77.632,3309.28,2882.67,3815.31,3322.95,11.002,2026-07-23T17:14:57.870Z,68.632,2026-07-23T17:14:57Z,2026-07-23 17:14,down,225.17061088000003
77.632,3380.3,2939.44,3838.1,3336.96,11.003,2026-07-23T17:27:00.324Z,68.632,2026-07-23T17:27:00Z,2026-07-23 17:27,down,225.17061088000003
77.632,3445.4,2991.5,4001.67,3475.14,11.016,2026-07-23T17:39:03.263Z,68.632,2026-07-23T17:39:03Z,2026-07-23 17:39,down,225.17061088000003
77.632,3372.49,2925.16,3972.5,3446.79,11.012,2026-07-23T17:51:06.077Z,68.632,2026-07-23T17:51:06Z,2026-07-23 17:51,down,225.17061088000003
77.632,3471.88,3008.65,3876.98,3361.77,11.014,2026-07-23T18:03:08.656Z,68.632,2026-07-23T18:03:08Z,2026-07-23 18:03,down,225.17061088000003
77.632,3425.66,2966.27,4033.72,3495.26,10.991,2026-07-23T18:15:11.751Z,68.632,2026-07-23T18:15:11Z,2026-07-23 18:15,down,225.17061088000003
77.632,3351.28,2900.62,3732.01,3232.15,11.004,2026-07-23T18:27:15.049Z,68.632,2026-07-23T18:27:15Z,2026-07-23 18:27,down,225.17061088000003
77.632,3244.47,2804.54,3825.78,3310.5,10.975,2026-07-23T18:39:18.301Z,68.632,2026-07-23T18:39:18Z,2026-07-23 18:39,down,225.17061088000003
77.632,3347.58,2894.16,3913.8,3386.52,11.009,2026-07-23T18:51:21.599Z,68.632,2026-07-23T18:51:21Z,2026-07-23 18:51,down,225.17061088000003
77.632,3416.03,2951.81,3691.52,3193.26,11.059,2026-07-23T19:03:24.288Z,68.632,2026-07-23T19:03:24Z,2026-07-23 19:03,down,225.17061088000003
77.632,3330.15,2877.39,3877.01,3353.98,11.166,2026-07-23T19:15:26.789Z,68.632,2026-07-23T19:15:26Z,2026-07-23 19:15,down,225.17061088000003
77.632,3210.52,2774.03,3725.05,3221.87,11.24,2026-07-23T19:27:29.853Z,68.632,2026-07-23T19:27:29Z,2026-07-23 19:27,down,225.17061088000003
77.632,3257.53,2813.44,3795.63,3281.48,11.269,2026-07-23T19:39:33.370Z,68.632,2026-07-23T19:39:33Z,2026-07-23 19:39,down,225.17061088000003
77.632,3267.54,2821.44,3606.63,3116.58,11.302,2026-07-23T19:51:36.278Z,68.632,2026-07-23T19:51:36Z,2026-07-23 19:51,down,225.17061088000003
77.632,3216.55,2775.96,3756.49,3243.68,11.322,2026-07-23T20:03:39.764Z,68.632,2026-07-23T20:03:39Z,2026-07-23 20:03,down,225.17061088000003
77.632,3278.92,2827.96,3760.22,3244.69,11.335,2026-07-23T20:15:43.015Z,68.632,2026-07-23T20:15:43Z,2026-07-23 20:15,down,225.17061088000003
77.632,3169.58,2731.64,3677.08,3170.47,11.34,2026-07-23T20:27:45.563Z,68.632,2026-07-23T20:27:45Z,2026-07-23 20:27,down,225.17061088000003
77.632,3342.02,2877.33,3789.8,3265.64,11.337,2026-07-23T20:39:48.205Z,68.632,2026-07-23T20:39:48Z,2026-07-23 20:39,down,225.17061088000003
77.632,3309.58,2847.02,3603.98,3103.19,11.361,2026-07-23T20:51:51.691Z,68.632,2026-07-23T20:51:51Z,2026-07-23 20:51,down,225.17061088000003
77.632,3066.59,2636.5,3510.94,3022.58,11.384,2026-07-23T21:03:54.974Z,68.632,2026-07-23T21:03:54Z,2026-07-23 21:03,down,225.17061088000003
77.632,3025.99,2601.32,3449.38,2967.98,11.383,2026-07-23T21:15:58.866Z,68.632,2026-07-23T21:15:58Z,2026-07-23 21:15,down,225.17061088000003
77.632,2974.05,2555.4,3397.95,2923.37,11.382,2026-07-23T21:28:02.493Z,68.632,2026-07-23T21:28:02Z,2026-07-23 21:28,down,225.17061088000003
77.632,2951.25,2535.47,3371.23,2900.36,11.392,2026-07-23T21:40:05.713Z,68.632,2026-07-23T21:40:05Z,2026-07-23 21:40,down,225.17061088000003
77.632,2938.98,2524.86,3452.61,2969.82,11.4,2026-07-23T21:52:09.121Z,68.632,2026-07-23T21:52:09Z,2026-07-23 21:52,down,225.17061088000003
77.632,3068.73,2635.4,3586.93,3084.22,11.392,2026-07-23T22:04:12.044Z,68.632,2026-07-23T22:04:12Z,2026-07-23 22:04,down,225.17061088000003
77.632,3292.05,2827.12,3767.3,3239.33,11.387,2026-07-23T22:16:15.358Z,68.632,2026-07-23T22:16:15Z,2026-07-23 22:16,down,225.17061088000003
77.632,3130.51,2687.23,3726.7,3203.88,11.38,2026-07-23T22:28:19.454Z,68.632,2026-07-23T22:28:19Z,2026-07-23 22:28,down,225.17061088000003
77.632,3233.91,2777.4,3623.16,3114.69,11.312,2026-07-23T22:40:21.939Z,68.632,2026-07-23T22:40:21Z,2026-07-23 22:40,down,225.17061088000003
77.632,3249.23,2788.68,3742.23,3216.91,11.173,2026-07-23T22:52:25.206Z,68.632,2026-07-23T22:52:25Z,2026-07-23 22:52,down,225.17061088000003
31.622,3541.86,3060.27,3845.97,3312.97,10.98,2026-07-24T00:04:43.246Z,22.622,2026-07-24T00:04:43Z,2026-07-24 00:04,down,74.21916248
31.622,3539.73,3061.01,3955.3,3410.05,10.953,2026-07-24T00:16:46.904Z,22.622,2026-07-24T00:16:46Z,2026-07-24 00:16,down,74.21916248
31.622,3504.16,3033.87,3855.78,3328.24,10.935,2026-07-24T00:28:49.718Z,22.622,2026-07-24T00:28:49Z,2026-07-24 00:28,down,74.21916248
31.622,3507.2,3039.59,3790.49,3275.96,10.941,2026-07-24T00:40:52.641Z,22.622,2026-07-24T00:40:52Z,2026-07-24 00:40,down,74.21916248
31.622,3465.03,3006.13,3758.13,3250.38,10.947,2026-07-24T00:52:55.658Z,22.622,2026-07-24T00:52:55Z,2026-07-24 00:52,down,74.21916248
31.622,3457.32,3001.88,3716.84,3217.16,10.911,2026-07-24T01:04:58.065Z,22.622,2026-07-24T01:04:58Z,2026-07-24 01:04,down,74.21916248
31.622,3510.99,3051.81,3725.07,3228.12,10.911,2026-07-24T01:17:01.567Z,22.622,2026-07-24T01:17:01Z,2026-07-24 01:17,down,74.21916248
31.622,3352.78,2916.16,3679.98,3190.5,10.888,2026-07-24T01:29:04.678Z,22.622,2026-07-24T01:29:04Z,2026-07-24 01:29,down,74.21916248
31.622,3296.99,2870.49,3750.52,3254.36,10.89,2026-07-24T01:41:07.945Z,22.622,2026-07-24T01:41:07Z,2026-07-24 01:41,down,74.21916248
31.622,3336.51,2907.42,3713.98,3225.9,10.895,2026-07-24T01:53:11.775Z,22.622,2026-07-24T01:53:11Z,2026-07-24 01:53,down,74.21916248
31.622,3331.44,2905.2,3609,3138.44,10.879,2026-07-24T02:05:15.276Z,22.622,2026-07-24T02:05:15Z,2026-07-24 02:05,down,74.21916248
31.622,3379.79,2949.93,3673.15,3194.86,10.865,2026-07-24T02:17:18.090Z,22.622,2026-07-24T02:17:18Z,2026-07-24 02:17,down,74.21916248
31.622,3148.77,2751.05,3626.41,3157.43,10.86,2026-07-24T02:29:21.842Z,22.622,2026-07-24T02:29:21Z,2026-07-24 02:29,down,74.21916248
31.622,3343.84,2923.97,3564.08,3105.39,10.853,2026-07-24T02:41:24.593Z,22.622,2026-07-24T02:41:24Z,2026-07-24 02:41,down,74.21916248
31.622,3247.61,2842.06,3743.51,3262.66,10.839,2026-07-24T02:53:27.626Z,22.622,2026-07-24T02:53:27Z,2026-07-24 02:53,down,74.21916248
31.622,3175.25,2779.86,3532.99,3081.34,10.844,2026-07-24T03:05:30.174Z,22.622,2026-07-24T03:05:30Z,2026-07-24 03:05,down,74.21916248
31.622,3239.37,2837.75,3613.79,3154.07,10.83,2026-07-24T03:17:33.222Z,22.622,2026-07-24T03:17:33Z,2026-07-24 03:17,down,74.21916248
31.622,3177.7,2786.08,3465.92,3026.14,10.812,2026-07-24T03:29:35.817Z,22.622,2026-07-24T03:29:35Z,2026-07-24 03:29,down,74.21916248
31.622,3278.17,2875.05,3694.73,3226.98,10.835,2026-07-24T03:41:39.678Z,22.622,2026-07-24T03:41:39Z,2026-07-24 03:41,down,74.21916248
31.622,3207.27,2814.73,3460.27,3024.64,10.833,2026-07-24T03:53:42.570Z,22.622,2026-07-24T03:53:42Z,2026-07-24 03:53,down,74.21916248
31.622,3237.14,2842.32,3653.73,3194.59,10.815,2026-07-24T04:05:46.697Z,22.622,2026-07-24T04:05:46Z,2026-07-24 04:05,down,74.21916248
31.622,3264.6,2868.19,3570.69,3123.74,10.823,2026-07-24T04:17:50.245Z,22.622,2026-07-24T04:17:50Z,2026-07-24 04:17,down,74.21916248
31.622,3285.56,2887.47,3602.97,3153.28,10.802,2026-07-24T04:29:53.356Z,22.622,2026-07-24T04:29:53Z,2026-07-24 04:29,down,74.21916248
31.622,3399.4,2987.94,3658.6,3202.29,10.799,2026-07-24T04:41:56.092Z,22.622,2026-07-24T04:41:56Z,2026-07-24 04:41,down,74.21916248
31.622,3325.99,2926.53,3639.6,3188.1,10.803,2026-07-24T04:53:59.625Z,22.622,2026-07-24T04:53:59Z,2026-07-24 04:53,down,74.21916248
31.622,3347.8,2946.58,3810.49,3339.57,10.813,2026-07-24T05:06:03.642Z,22.622,2026-07-24T05:06:03Z,2026-07-24 05:06,down,74.21916248
31.622,3485.03,3068.56,3807.37,3338.22,10.805,2026-07-24T05:18:06.878Z,22.622,2026-07-24T05:18:06Z,2026-07-24 05:18,down,74.21916248
31.622,3300.09,2907.49,3747.05,3286.05,10.801,2026-07-24T05:30:09.833Z,22.622,2026-07-24T05:30:09Z,2026-07-24 05:30,down,74.21916248
31.622,3329.76,2933.31,3654.15,3204.77,10.801,2026-07-24T05:42:12.834Z,22.622,2026-07-24T05:42:12Z,2026-07-24 05:42,down,74.21916248
31.622,3400.85,2998.21,3931.82,3449.72,10.799,2026-07-24T05:54:15.538Z,22.622,2026-07-24T05:54:15Z,2026-07-24 05:54,down,74.21916248
31.622,3491.21,3078.34,3645.74,3200.09,10.807,2026-07-24T06:06:19.259Z,22.622,2026-07-24T06:06:19Z,2026-07-24 06:06,down,74.21916248
31.622,3274.77,2888.15,3826.42,3358.82,10.798,2026-07-24T06:18:22.729Z,22.622,2026-07-24T06:18:22Z,2026-07-24 06:18,down,74.21916248
31.622,3409.54,3008.42,3849.58,3380.13,10.793,2026-07-24T06:30:25.730Z,22.622,2026-07-24T06:30:25Z,2026-07-24 06:30,down,74.21916248
31.622,3444.78,3041.64,3797.04,3334.85,10.814,2026-07-24T06:42:28.654Z,22.622,2026-07-24T06:42:28Z,2026-07-24 06:42,down,74.21916248
31.622,3569.1,3151.95,3927.08,3449.11,10.796,2026-07-24T06:54:31.921Z,22.622,2026-07-24T06:54:31Z,2026-07-24 06:54,down,74.21916248
31.622,3477.04,3070.22,3792.92,3331.69,10.797,2026-07-24T07:06:35.125Z,22.622,2026-07-24T07:06:35Z,2026-07-24 07:06,down,74.21916248
31.622,3474.13,3067.43,3803.37,3340.74,10.79,2026-07-24T07:18:38.080Z,22.622,2026-07-24T07:18:38Z,2026-07-24 07:18,down,74.21916248
31.622,3389.22,2992.32,3735.04,3280.82,10.78,2026-07-24T07:30:40.800Z,22.622,2026-07-24T07:30:40Z,2026-07-24 07:30,down,74.21916248
31.622,3304.87,2919.05,3621.16,3181.99,10.785,2026-07-24T07:42:44.552Z,22.622,2026-07-24T07:42:44Z,2026-07-24 07:42,down,74.21916248
31.622,3218.28,2843.15,3645.31,3202.65,10.798,2026-07-24T07:54:47.084Z,22.622,2026-07-24T07:54:47Z,2026-07-24 07:54,down,74.21916248
31.622,3283.48,2900.32,3682.15,3236.31,10.797,2026-07-24T08:06:50.476Z,22.622,2026-07-24T08:06:50Z,2026-07-24 08:06,down,74.21916248
31.622,3298.48,2913.98,3669.93,3226.46,10.802,2026-07-24T08:18:53.634Z,22.622,2026-07-24T08:18:53Z,2026-07-24 08:18,down,74.21916248
31.622,3287.9,2905.02,3664.25,3220.76,10.795,2026-07-24T08:30:56.682Z,22.622,2026-07-24T08:30:56Z,2026-07-24 08:30,down,74.21916248
31.622,3285.03,2902.44,3675.54,3230.17,10.785,2026-07-24T08:42:59.246Z,22.622,2026-07-24T08:42:59Z,2026-07-24 08:42,down,74.21916248
31.622,3288.37,2904.98,3683.86,3238.56,10.795,2026-07-24T08:55:02.435Z,22.622,2026-07-24T08:55:02Z,2026-07-24 08:55,down,74.21916248
31.622,3290.06,2906.3,3688.08,3241.91,10.788,2026-07-24T09:07:06.171Z,22.622,2026-07-24T09:07:06Z,2026-07-24 09:07,down,74.21916248
31.622,3290.94,2907.04,3689.71,3242.97,10.776,2026-07-24T09:19:10.079Z,22.622,2026-07-24T09:19:10Z,2026-07-24 09:19,down,74.21916248
31.622,3289.88,2905.98,3687.87,3242.12,10.781,2026-07-24T09:31:12.580Z,22.622,2026-07-24T09:31:12Z,2026-07-24 09:31,down,74.21916248
31.622,3286.14,2903.46,3683.63,3237.78,10.788,2026-07-24T09:43:15.237Z,22.622,2026-07-24T09:43:15Z,2026-07-24 09:43,down,74.21916248
31.622,3277.25,2894.59,3677.53,3233.13,10.776,2026-07-24T09:55:17.739Z,22.622,2026-07-24T09:55:17Z,2026-07-24 09:55,down,74.21916248
31.622,3267.73,2887.15,3686.02,3239.46,10.78,2026-07-24T10:07:22.116Z,22.622,2026-07-24T10:07:22Z,2026-07-24 10:07,down,74.21916248
31.622,3270.74,2889.11,3700.93,3252.95,10.778,2026-07-24T10:19:25.133Z,22.622,2026-07-24T10:19:25Z,2026-07-24 10:19,down,74.21916248
31.622,3264.56,2884.1,3699.24,3251.13,10.771,2026-07-24T10:31:28.962Z,22.622,2026-07-24T10:31:28Z,2026-07-24 10:31,down,74.21916248
31.622,3274.92,2893.11,3781.4,3323.7,10.787,2026-07-24T10:43:31.401Z,22.622,2026-07-24T10:43:31Z,2026-07-24 10:43,down,74.21916248
31.622,3408.77,3010.73,3834.86,3370.14,10.785,2026-07-24T10:55:34.496Z,22.622,2026-07-24T10:55:34Z,2026-07-24 10:55,down,74.21916248
31.622,3390.67,2994.82,3719.45,3268.59,10.784,2026-07-24T11:07:37.451Z,22.622,2026-07-24T11:07:37Z,2026-07-24 11:07,down,74.21916248
31.622,3404.94,3007.91,3841.42,3374.89,10.788,2026-07-24T11:19:40.577Z,22.622,2026-07-24T11:19:40Z,2026-07-24 11:19,down,74.21916248
31.622,3463.14,3058.33,3818.24,3354.07,10.795,2026-07-24T11:31:43.532Z,22.622,2026-07-24T11:31:43Z,2026-07-24 11:31,down,74.21916248
31.622,3391.1,2993.8,3834.72,3368.4,10.794,2026-07-24T11:43:46.627Z,22.622,2026-07-24T11:43:46Z,2026-07-24 11:43,down,74.21916248
31.622,3367.14,2971.96,3753.52,3296.52,10.794,2026-07-24T11:55:49.441Z,22.622,2026-07-24T11:55:49Z,2026-07-24 11:55,down,74.21916248
31.622,3191.08,2816.6,3807.44,3342.12,10.793,2026-07-24T12:07:52.676Z,22.622,2026-07-24T12:07:52Z,2026-07-24 12:07,down,74.21916248
31.622,3519.93,3105.75,3773.58,3312.55,10.804,2026-07-24T12:19:55.537Z,22.622,2026-07-24T12:19:55Z,2026-07-24 12:19,down,74.21916248
31.622,3448.02,3041.43,3683.75,3233.55,10.808,2026-07-24T12:31:58.679Z,22.622,2026-07-24T12:31:58Z,2026-07-24 12:31,down,74.21916248
31.622,3488.08,3076.56,3802.43,3336.45,10.832,2026-07-24T12:44:02.103Z,22.622,2026-07-24T12:44:02Z,2026-07-24 12:44,down,74.21916248
31.622,3428.16,3023.16,3747.87,3288.57,10.822,2026-07-24T12:56:05.464Z,22.622,2026-07-24T12:56:05Z,2026-07-24 12:56,down,74.21916248
31.622,3358.36,2963.21,3612.95,3170.6,10.829,2026-07-24T13:08:08.934Z,22.622,2026-07-24T13:08:08Z,2026-07-24 13:08,down,74.21916248
31.622,3310.27,2916.99,3725.23,3265.39,10.82,2026-07-24T13:20:11.826Z,22.622,2026-07-24T13:20:11Z,2026-07-24 13:20,down,74.21916248
31.622,3318.3,2925.67,3698.37,3249.92,11.197,2026-07-24T13:32:14.092Z,22.622,2026-07-24T13:32:14Z,2026-07-24 13:32,down,74.21916248
31.622,3297.66,2911.93,3581.77,3147.58,11.429,2026-07-24T13:44:17.860Z,22.622,2026-07-24T13:44:17Z,2026-07-24 13:44,down,74.21916248
31.622,3295.24,2907.18,3689.43,3239.1,11.447,2026-07-24T13:56:20.892Z,22.622,2026-07-24T13:56:20Z,2026-07-24 13:56,down,74.21916248
31.622,3377.25,2978.31,3618.63,3176.74,11.427,2026-07-24T14:08:23.409Z,22.622,2026-07-24T14:08:23Z,2026-07-24 14:08,down,74.21916248
31.622,3313.68,2922.17,3646.44,3199.19,11.408,2026-07-24T14:20:26.895Z,22.622,2026-07-24T14:20:26Z,2026-07-24 14:20,down,74.21916248
31.622,3308,2910.61,3689.86,3234.53,11.194,2026-07-24T14:32:30.491Z,22.622,2026-07-24T14:32:30Z,2026-07-24 14:32,down,74.21916248
31.622,3319.37,2927.43,3569.22,3135.45,11.515,2026-07-24T14:44:33.601Z,22.622,2026-07-24T14:44:33Z,2026-07-24 14:44,down,74.21916248
31.622,3200.8,2817,3499.29,3069.96,11.267,2026-07-24T14:56:36.665Z,22.622,2026-07-24T14:56:36Z,2026-07-24 14:56,down,74.21916248
31.622,3275.94,2890.57,3659.38,3213.99,11.595,2026-07-24T15:08:39.714Z,22.622,2026-07-24T15:08:39Z,2026-07-24 15:08,down,74.21916248
31.622,3289.89,2894.59,3431.99,3005.3,11.122,2026-07-24T15:20:43.465Z,22.622,2026-07-24T15:20:43Z,2026-07-24 15:20,down,74.21916248
31.622,3227.19,2842.65,3594.63,3159.62,11.393,2026-07-24T15:32:47.014Z,22.622,2026-07-24T15:32:47Z,2026-07-24 15:32,down,74.21916248
31.622,3234.56,2857.66,3558.32,3120.9,11.505,2026-07-24T15:44:50.234Z,22.622,2026-07-24T15:44:50Z,2026-07-24 15:44,down,74.21916248
31.622,3265.11,2870,3513.25,3077.42,11.19,2026-07-24T15:56:53.767Z,22.622,2026-07-24T15:56:53Z,2026-07-24 15:56,down,74.21916248
31.622,3303.41,2910.23,3546.04,3110.19,11.731,2026-07-24T16:08:57.018Z,22.622,2026-07-24T16:08:57Z,2026-07-24 16:08,down,74.21916248
31.622,3253.58,2855.22,3672.64,3210.18,11.299,2026-07-24T16:21:00.192Z,22.622,2026-07-24T16:21:00Z,2026-07-24 16:21,down,74.21916248
31.622,3226.8,2837.98,3602.01,3155.79,11.846,2026-07-24T16:33:04.069Z,22.622,2026-07-24T16:33:04Z,2026-07-24 16:33,down,74.21916248
31.622,3230.78,2831.87,3843.44,3349.67,11.263,2026-07-24T16:45:07.132Z,22.622,2026-07-24T16:45:07Z,2026-07-24 16:45,down,74.21916248
31.622,3399.66,2973.26,3684.03,3219.23,11.398,2026-07-24T16:57:09.915Z,22.622,2026-07-24T16:57:09Z,2026-07-24 16:57,down,74.21916248
31.622,3295.07,2892.59,3844.14,3354.06,11.717,2026-07-24T17:09:12.432Z,22.622,2026-07-24T17:09:12Z,2026-07-24 17:09,down,74.21916248
31.622,3335.99,2914.76,3700.69,3218.55,11.129,2026-07-24T17:21:16.449Z,22.622,2026-07-24T17:21:16Z,2026-07-24 17:21,down,74.21916248
31.622,3365.9,2944.77,3886.91,3392.41,11.735,2026-07-24T17:33:20.389Z,22.622,2026-07-24T17:33:20Z,2026-07-24 17:33,down,74.21916248
31.622,3403.57,2979.35,3821.16,3320.77,11.485,2026-07-24T17:45:23.093Z,22.622,2026-07-24T17:45:23Z,2026-07-24 17:45,down,74.21916248
31.622,3529.37,3074.74,3772.92,3281.44,11.298,2026-07-24T17:57:26.235Z,22.622,2026-07-24T17:57:26Z,2026-07-24 17:57,down,74.21916248
31.622,3545.4,3101.7,3918.61,3411.55,11.895,2026-07-24T18:09:29.471Z,22.622,2026-07-24T18:09:29Z,2026-07-24 18:09,down,74.21916248
31.622,3398.54,2958.14,3872.03,3354.55,11.198,2026-07-24T18:21:32.988Z,22.622,2026-07-24T18:21:32Z,2026-07-24 18:21,down,74.21916248
31.622,3447.23,2998.21,3863.53,3358.58,11.563,2026-07-24T18:33:35.708Z,22.622,2026-07-24T18:33:35Z,2026-07-24 18:33,down,74.21916248
31.622,3395.65,2964.19,3974.92,3446.62,11.691,2026-07-24T18:45:38.240Z,22.622,2026-07-24T18:45:38Z,2026-07-24 18:45,down,74.21916248
31.622,3674.44,3191.53,4006.29,3468.31,11.159,2026-07-24T18:57:40.538Z,22.622,2026-07-24T18:57:40Z,2026-07-24 18:57,down,74.21916248
31.622,3514.34,3063.74,3726.81,3242.77,11.916,2026-07-24T19:09:43.587Z,22.622,2026-07-24T19:09:43Z,2026-07-24 19:09,down,74.21916248
31.622,3376.47,2938.05,3818.27,3303.38,11.351,2026-07-24T19:21:47.495Z,22.622,2026-07-24T19:21:47Z,2026-07-24 19:21,down,74.21916248
31.622,3539.35,3073.09,3907.7,3394.62,11.572,2026-07-24T19:33:50.308Z,22.622,2026-07-24T19:33:50Z,2026-07-24 19:33,down,74.21916248
31.622,3562.64,3108.99,3926.82,3403.85,11.798,2026-07-24T19:45:53.200Z,22.622,2026-07-24T19:45:53Z,2026-07-24 19:45,down,74.21916248
31.622,3541.59,3073.81,3913.31,3384.21,11.133,2026-07-24T19:57:56.718Z,22.622,2026-07-24T19:57:56Z,2026-07-24 19:57,down,74.21916248
31.622,3539.41,3079.58,3958.44,3441.05,11.807,2026-07-24T20:09:59.625Z,22.622,2026-07-24T20:09:59Z,2026-07-24 20:09,down,74.21916248
31.622,3554.26,3097.49,3971.01,3435.54,11.545,2026-07-24T20:22:02.595Z,22.622,2026-07-24T20:22:02Z,2026-07-24 20:22,down,74.21916248
31.622,3551.69,3080.69,3906.67,3385.67,11.299,2026-07-24T20:34:05.737Z,22.622,2026-07-24T20:34:05Z,2026-07-24 20:34,down,74.21916248
31.622,3360.38,2929.87,3690.19,3207.18,11.984,2026-07-24T20:46:09.333Z,22.622,2026-07-24T20:46:09Z,2026-07-24 20:46,down,74.21916248
31.622,3512.75,3051.33,4054.55,3507.16,11.217,2026-07-24T20:58:12.553Z,22.622,2026-07-24T20:58:12Z,2026-07-24 20:58,down,74.21916248
31.622,3613.24,3135.41,3819.17,3310.02,11.272,2026-07-24T21:10:16.430Z,22.622,2026-07-24T21:10:16Z,2026-07-24 21:10,down,74.21916248
31.622,3412.46,2976.52,3874.31,3366.62,11.934,2026-07-24T21:22:18.743Z,22.622,2026-07-24T21:22:18Z,2026-07-24 21:22,down,74.21916248
31.622,3476.01,3020.24,3811.5,3299.62,11.188,2026-07-24T21:34:22.229Z,22.622,2026-07-24T21:34:22Z,2026-07-24 21:34,down,74.21916248
31.622,3479.12,3020.89,3955.06,3434.75,11.351,2026-07-24T21:46:25.152Z,22.622,2026-07-24T21:46:25Z,2026-07-24 21:46,down,74.21916248
31.622,3510.37,3066.57,3769.51,3275.02,11.87,2026-07-24T21:58:29.279Z,22.622,2026-07-24T21:58:29Z,2026-07-24 21:58,down,74.21916248
31.622,3523.34,3062.72,3872.65,3353.4,11.164,2026-07-24T22:10:32.343Z,22.622,2026-07-24T22:10:32Z,2026-07-24 22:10,down,74.21916248
31.622,3364.14,2922.31,3894.97,3377.24,11.164,2026-07-24T22:22:35.704Z,22.622,2026-07-24T22:22:35Z,2026-07-24 22:22,down,74.21916248
31.622,3581.46,3128.53,3825.9,3332.72,11.952,2026-07-24T22:34:38.518Z,22.622,2026-07-24T22:34:38Z,2026-07-24 22:34,down,74.21916248
31.622,3442.8,2996.51,3790.28,3284.93,11.171,2026-07-24T22:46:41.676Z,22.622,2026-07-24T22:46:41Z,2026-07-24 22:46,down,74.21916248
31.622,3393.4,2950.71,3939.66,3416.1,11.065,2026-07-24T22:58:44.724Z,22.622,2026-07-24T22:58:44Z,2026-07-24 22:58,down,74.21916248
47.128,3519.83,3038.71,3871.24,3337.05,10.968,2026-07-24T00:04:43.246Z,38.128,2026-07-24T00:04:43Z,2026-07-24 00:04,down,125.09186752
47.128,3517.4,3039.43,3981.08,3434.55,10.946,2026-07-24T00:16:46.904Z,38.128,2026-07-24T00:16:46Z,2026-07-24 00:16,down,125.09186752
47.128,3483.06,3013.22,3879.95,3351.61,10.932,2026-07-24T00:28:49.718Z,38.128,2026-07-24T00:28:49Z,2026-07-24 00:28,down,125.09186752
47.128,3485.55,3018.75,3815.98,3300.37,10.943,2026-07-24T00:40:52.641Z,38.128,2026-07-24T00:40:52Z,2026-07-24 00:40,down,125.09186752
47.128,3443.9,2985.42,3784.99,3275.43,10.927,2026-07-24T00:52:55.658Z,38.128,2026-07-24T00:52:55Z,2026-07-24 00:52,down,125.09186752
47.128,3437.57,2982.75,3742.65,3241.51,10.907,2026-07-24T01:04:58.065Z,38.128,2026-07-24T01:04:58Z,2026-07-24 01:04,down,125.09186752
47.128,3490.68,3031.76,3749.35,3251.4,10.903,2026-07-24T01:17:01.567Z,38.128,2026-07-24T01:17:01Z,2026-07-24 01:17,down,125.09186752
47.128,3331.63,2896.1,3701.85,3212.04,10.907,2026-07-24T01:29:04.678Z,38.128,2026-07-24T01:29:04Z,2026-07-24 01:29,down,125.09186752
47.128,3278.41,2852.2,3774.19,3277.45,10.893,2026-07-24T01:41:07.945Z,38.128,2026-07-24T01:41:07Z,2026-07-24 01:41,down,125.09186752
47.128,3316.03,2887.52,3739.69,3250.22,10.887,2026-07-24T01:53:11.775Z,38.128,2026-07-24T01:53:11Z,2026-07-24 01:53,down,125.09186752
47.128,3310.08,2884.81,3632.67,3161.05,10.882,2026-07-24T02:05:15.276Z,38.128,2026-07-24T02:05:15Z,2026-07-24 02:05,down,125.09186752
47.128,3360.39,2931.44,3698.61,3219.53,10.886,2026-07-24T02:17:18.090Z,38.128,2026-07-24T02:17:18Z,2026-07-24 02:17,down,125.09186752
47.128,3129.5,2732.42,3650.27,3180.76,10.873,2026-07-24T02:29:21.842Z,38.128,2026-07-24T02:29:21Z,2026-07-24 02:29,down,125.09186752
47.128,3322.11,2902.94,3587.53,3128.21,10.859,2026-07-24T02:41:24.593Z,38.128,2026-07-24T02:41:24Z,2026-07-24 02:41,down,125.09186752
47.128,3224.8,2820.48,3769.59,3287.67,10.849,2026-07-24T02:53:27.626Z,38.128,2026-07-24T02:53:27Z,2026-07-24 02:53,down,125.09186752
47.128,3155.4,2760.43,3557.6,3105.22,10.847,2026-07-24T03:05:30.174Z,38.128,2026-07-24T03:05:30Z,2026-07-24 03:05,down,125.09186752
47.128,3220.17,2818.89,3639.75,3178.91,10.827,2026-07-24T03:17:33.222Z,38.128,2026-07-24T03:17:33Z,2026-07-24 03:17,down,125.09186752
47.128,3159.58,2768.4,3488.26,3047.89,10.819,2026-07-24T03:29:35.817Z,38.128,2026-07-24T03:29:35Z,2026-07-24 03:29,down,125.09186752
47.128,3256.99,2854.55,3717.54,3249.15,10.837,2026-07-24T03:41:39.678Z,38.128,2026-07-24T03:41:39Z,2026-07-24 03:41,down,125.09186752
47.128,3186.68,2794.73,3485.6,3049,10.836,2026-07-24T03:53:42.570Z,38.128,2026-07-24T03:53:42Z,2026-07-24 03:53,down,125.09186752
47.128,3217.85,2823.66,3676.75,3216.89,10.82,2026-07-24T04:05:46.697Z,38.128,2026-07-24T04:05:46Z,2026-07-24 04:05,down,125.09186752
47.128,3245.84,2849.75,3597.54,3149.36,10.822,2026-07-24T04:17:50.245Z,38.128,2026-07-24T04:17:50Z,2026-07-24 04:17,down,125.09186752
47.128,3268.04,2870.18,3626.08,3176.12,10.816,2026-07-24T04:29:53.356Z,38.128,2026-07-24T04:29:53Z,2026-07-24 04:29,down,125.09186752
47.128,3377.8,2966.89,3681.56,3224.59,10.798,2026-07-24T04:41:56.092Z,38.128,2026-07-24T04:41:56Z,2026-07-24 04:41,down,125.09186752
47.128,3303.98,2905.38,3665.32,3212.98,10.813,2026-07-24T04:53:59.625Z,38.128,2026-07-24T04:53:59Z,2026-07-24 04:53,down,125.09186752
47.128,3326.1,2925.37,3834.66,3363.06,10.81,2026-07-24T05:06:03.642Z,38.128,2026-07-24T05:06:03Z,2026-07-24 05:06,down,125.09186752
47.128,3464.7,3048.68,3831.67,3361.75,10.807,2026-07-24T05:18:06.878Z,38.128,2026-07-24T05:18:06Z,2026-07-24 05:18,down,125.09186752
47.128,3283.05,2890.69,3774.29,3312.27,10.808,2026-07-24T05:30:09.833Z,38.128,2026-07-24T05:30:09Z,2026-07-24 05:30,down,125.09186752
47.128,3308.14,2912.79,3679.01,3229.11,10.825,2026-07-24T05:42:12.834Z,38.128,2026-07-24T05:42:12Z,2026-07-24 05:42,down,125.09186752
47.128,3382.52,2979.7,3959.22,3476.24,10.793,2026-07-24T05:54:15.538Z,38.128,2026-07-24T05:54:15Z,2026-07-24 05:54,down,125.09186752
47.128,3471.27,3058.02,3670.89,3224.34,10.788,2026-07-24T06:06:19.259Z,38.128,2026-07-24T06:06:19Z,2026-07-24 06:06,down,125.09186752
47.128,3256.92,2870.53,3852.78,3384.89,10.816,2026-07-24T06:18:22.729Z,38.128,2026-07-24T06:18:22Z,2026-07-24 06:18,down,125.09186752
47.128,3387.24,2986.46,3876.19,3406.29,10.797,2026-07-24T06:30:25.730Z,38.128,2026-07-24T06:30:25Z,2026-07-24 06:30,down,125.09186752
47.128,3423.41,3020.55,3821.72,3358.65,10.805,2026-07-24T06:42:28.654Z,38.128,2026-07-24T06:42:28Z,2026-07-24 06:42,down,125.09186752
47.128,3548.68,3131.62,3953.49,3475.24,10.805,2026-07-24T06:54:31.921Z,38.128,2026-07-24T06:54:31Z,2026-07-24 06:54,down,125.09186752
47.128,3454.34,3047.97,3817.39,3355.71,10.799,2026-07-24T07:06:35.125Z,38.128,2026-07-24T07:06:35Z,2026-07-24 07:06,down,125.09186752
47.128,3450.56,3044.2,3824.84,3362.33,10.792,2026-07-24T07:18:38.080Z,38.128,2026-07-24T07:18:38Z,2026-07-24 07:18,down,125.09186752
47.128,3368.12,2971.52,3753.89,3300.08,10.787,2026-07-24T07:30:40.800Z,38.128,2026-07-24T07:30:40Z,2026-07-24 07:30,down,125.09186752
47.128,3282.58,2897.93,3641.64,3202.35,10.805,2026-07-24T07:42:44.552Z,38.128,2026-07-24T07:42:44Z,2026-07-24 07:42,down,125.09186752
47.128,3195.53,2820.34,3667.68,3224.81,10.783,2026-07-24T07:54:47.084Z,38.128,2026-07-24T07:54:47Z,2026-07-24 07:54,down,125.09186752
47.128,3260.77,2878.46,3704.76,3258.39,10.802,2026-07-24T08:06:50.476Z,38.128,2026-07-24T08:06:50Z,2026-07-24 08:06,down,125.09186752
47.128,3278.27,2894.77,3693.15,3249.25,10.824,2026-07-24T08:18:53.634Z,38.128,2026-07-24T08:18:53Z,2026-07-24 08:18,down,125.09186752
47.128,3268.86,2886.15,3688.96,3244.76,10.795,2026-07-24T08:30:56.682Z,38.128,2026-07-24T08:30:56Z,2026-07-24 08:30,down,125.09186752
47.128,3265.05,2883.02,3700.7,3254.83,10.799,2026-07-24T08:42:59.246Z,38.128,2026-07-24T08:42:59Z,2026-07-24 08:42,down,125.09186752
47.128,3267.95,2884.99,3709.38,3263.58,10.805,2026-07-24T08:55:02.435Z,38.128,2026-07-24T08:55:02Z,2026-07-24 08:55,down,125.09186752
47.128,3269.35,2885.88,3713.48,3266.83,10.793,2026-07-24T09:07:06.171Z,38.128,2026-07-24T09:07:06Z,2026-07-24 09:07,down,125.09186752
47.128,3270.08,2886.92,3714.9,3267.7,10.793,2026-07-24T09:19:10.079Z,38.128,2026-07-24T09:19:10Z,2026-07-24 09:19,down,125.09186752
47.128,3269.26,2885.89,3713.22,3266.59,10.783,2026-07-24T09:31:12.580Z,38.128,2026-07-24T09:31:12Z,2026-07-24 09:31,down,125.09186752
47.128,3265.98,2883.57,3708.41,3262.13,10.794,2026-07-24T09:43:15.237Z,38.128,2026-07-24T09:43:15Z,2026-07-24 09:43,down,125.09186752
47.128,3256.68,2875.13,3702.27,3257.1,10.796,2026-07-24T09:55:17.739Z,38.128,2026-07-24T09:55:17Z,2026-07-24 09:55,down,125.09186752
47.128,3246.86,2866.73,3710.33,3263.48,10.79,2026-07-24T10:07:22.116Z,38.128,2026-07-24T10:07:22Z,2026-07-24 10:07,down,125.09186752
47.128,3248.63,2867.63,3725.32,3277.19,10.792,2026-07-24T10:19:25.133Z,38.128,2026-07-24T10:19:25Z,2026-07-24 10:19,down,125.09186752
47.128,3242.13,2862.64,3722.67,3274.32,10.789,2026-07-24T10:31:28.962Z,38.128,2026-07-24T10:31:28Z,2026-07-24 10:31,down,125.09186752
47.128,3253,2871.87,3804.68,3346.57,10.792,2026-07-24T10:43:31.401Z,38.128,2026-07-24T10:43:31Z,2026-07-24 10:43,down,125.09186752
47.128,3385.38,2987.87,3858.22,3392.99,10.781,2026-07-24T10:55:34.496Z,38.128,2026-07-24T10:55:34Z,2026-07-24 10:55,down,125.09186752
47.128,3366.87,2971.65,3742.51,3290.92,10.776,2026-07-24T11:07:37.451Z,38.128,2026-07-24T11:07:37Z,2026-07-24 11:07,down,125.09186752
47.128,3383.58,2986.72,3864.49,3397.98,10.793,2026-07-24T11:19:40.577Z,38.128,2026-07-24T11:19:40Z,2026-07-24 11:19,down,125.09186752
47.128,3442.99,3038.64,3843.86,3378.99,10.802,2026-07-24T11:31:43.532Z,38.128,2026-07-24T11:31:43Z,2026-07-24 11:31,down,125.09186752
47.128,3369.78,2973.39,3860.31,3393.41,10.812,2026-07-24T11:43:46.627Z,38.128,2026-07-24T11:43:46Z,2026-07-24 11:43,down,125.09186752
47.128,3347.6,2953.56,3777.74,3320.09,10.819,2026-07-24T11:55:49.441Z,38.128,2026-07-24T11:55:49Z,2026-07-24 11:55,down,125.09186752
47.128,3172.09,2797.99,3831.42,3366.35,10.817,2026-07-24T12:07:52.676Z,38.128,2026-07-24T12:07:52Z,2026-07-24 12:07,down,125.09186752
47.128,3498.96,3085.49,3803.25,3341.55,10.831,2026-07-24T12:19:55.537Z,38.128,2026-07-24T12:19:55Z,2026-07-24 12:19,down,125.09186752
47.128,3427.61,3021.83,3709.56,3258.98,10.835,2026-07-24T12:31:58.679Z,38.128,2026-07-24T12:31:58Z,2026-07-24 12:31,down,125.09186752
47.128,3467.8,3056.32,3828.47,3361.82,10.83,2026-07-24T12:44:02.103Z,38.128,2026-07-24T12:44:02Z,2026-07-24 12:44,down,125.09186752
47.128,3405.09,3000.78,3772.38,3312.5,10.827,2026-07-24T12:56:05.464Z,38.128,2026-07-24T12:56:05Z,2026-07-24 12:56,down,125.09186752
47.128,3337.65,2942.83,3635.75,3193.01,10.832,2026-07-24T13:08:08.934Z,38.128,2026-07-24T13:08:08Z,2026-07-24 13:08,down,125.09186752
47.128,3288.21,2895.46,3749.55,3289.66,10.835,2026-07-24T13:20:11.826Z,38.128,2026-07-24T13:20:11Z,2026-07-24 13:20,down,125.09186752
47.128,3295.11,2900.21,3722.46,3266.41,10.933,2026-07-24T13:32:14.092Z,38.128,2026-07-24T13:32:14Z,2026-07-24 13:32,down,125.09186752
47.128,3274.83,2883.16,3604.96,3164.76,11.095,2026-07-24T13:44:17.860Z,38.128,2026-07-24T13:44:17Z,2026-07-24 13:44,down,125.09186752
47.128,3274.64,2881.78,3713.11,3257.19,11.167,2026-07-24T13:56:20.892Z,38.128,2026-07-24T13:56:20Z,2026-07-24 13:56,down,125.09186752
47.128,3358.07,2954.87,3642.29,3195.19,11.181,2026-07-24T14:08:23.409Z,38.128,2026-07-24T14:08:23Z,2026-07-24 14:08,down,125.09186752
47.128,3292.68,2896.8,3671.57,3219.27,11.159,2026-07-24T14:20:26.895Z,38.128,2026-07-24T14:20:26Z,2026-07-24 14:20,down,125.09186752
47.128,3285.74,2887.25,3711.25,3251.41,11.037,2026-07-24T14:32:30.491Z,38.128,2026-07-24T14:32:30Z,2026-07-24 14:32,down,125.09186752
47.128,3295.87,2897.94,3591.22,3150.7,11.154,2026-07-24T14:44:33.601Z,38.128,2026-07-24T14:44:33Z,2026-07-24 14:44,down,125.09186752
47.128,3177.75,2791.71,3523.01,3088.32,11.05,2026-07-24T14:56:36.665Z,38.128,2026-07-24T14:56:36Z,2026-07-24 14:56,down,125.09186752
47.128,3252.63,2860.44,3680.35,3227.35,11.183,2026-07-24T15:08:39.714Z,38.128,2026-07-24T15:08:39Z,2026-07-24 15:08,down,125.09186752
47.128,3267.67,2870.38,3460.04,3030.53,11.005,2026-07-24T15:20:43.465Z,38.128,2026-07-24T15:20:43Z,2026-07-24 15:20,down,125.09186752
47.128,3206.66,2819.26,3615.99,3171.57,11.055,2026-07-24T15:32:47.014Z,38.128,2026-07-24T15:32:47Z,2026-07-24 15:32,down,125.09186752
47.128,3211.44,2827.04,3577.83,3136.64,11.167,2026-07-24T15:44:50.234Z,38.128,2026-07-24T15:44:50Z,2026-07-24 15:44,down,125.09186752
47.128,3246.81,2851.29,3534.95,3094.13,11.05,2026-07-24T15:56:53.767Z,38.128,2026-07-24T15:56:53Z,2026-07-24 15:56,down,125.09186752
47.128,3281.74,2879.2,3569.64,3123.96,11.198,2026-07-24T16:08:57.018Z,38.128,2026-07-24T16:08:57Z,2026-07-24 16:08,down,125.09186752
47.128,3233.91,2832.75,3694.95,3227.52,11.089,2026-07-24T16:21:00.192Z,38.128,2026-07-24T16:21:00Z,2026-07-24 16:21,down,125.09186752
47.128,3202.97,2804.49,3623.99,3165.98,11.232,2026-07-24T16:33:04.069Z,38.128,2026-07-24T16:33:04Z,2026-07-24 16:33,down,125.09186752
47.128,3208.57,2806.49,3868.28,3372.82,11.124,2026-07-24T16:45:07.132Z,38.128,2026-07-24T16:45:07Z,2026-07-24 16:45,down,125.09186752
47.128,3380.53,2952.46,3703.4,3228.52,11.084,2026-07-24T16:57:09.915Z,38.128,2026-07-24T16:57:09Z,2026-07-24 16:57,down,125.09186752
47.128,3272.99,2859.03,3866.03,3368.36,11.183,2026-07-24T17:09:12.432Z,38.128,2026-07-24T17:09:12Z,2026-07-24 17:09,down,125.09186752
47.128,3314.34,2892.16,3723.17,3239.78,11.066,2026-07-24T17:21:16.449Z,38.128,2026-07-24T17:21:16Z,2026-07-24 17:21,down,125.09186752
47.128,3345.87,2916.76,3907.4,3397.87,11.127,2026-07-24T17:33:20.389Z,38.128,2026-07-24T17:33:20Z,2026-07-24 17:33,down,125.09186752
47.128,3378.48,2946.35,3842.54,3339.34,11.171,2026-07-24T17:45:23.093Z,38.128,2026-07-24T17:45:23Z,2026-07-24 17:45,down,125.09186752
47.128,3509.02,3053.77,3796.8,3296.94,11.075,2026-07-24T17:57:26.235Z,38.128,2026-07-24T17:57:26Z,2026-07-24 17:57,down,125.09186752
47.128,3519.93,3063.1,3940.08,3419.83,11.194,2026-07-24T18:09:29.471Z,38.128,2026-07-24T18:09:29Z,2026-07-24 18:09,down,125.09186752
47.128,3378.52,2936.25,3897.71,3377.98,11.1,2026-07-24T18:21:32.988Z,38.128,2026-07-24T18:21:32Z,2026-07-24 18:21,down,125.09186752
47.128,3426.47,2973.78,3886.13,3366.83,11.1,2026-07-24T18:33:35.708Z,38.128,2026-07-24T18:33:35Z,2026-07-24 18:33,down,125.09186752
47.128,3373.39,2928.79,3998.4,3464.61,11.177,2026-07-24T18:45:38.240Z,38.128,2026-07-24T18:45:38Z,2026-07-24 18:45,down,125.09186752
47.128,3653.82,3170.07,4032.67,3490.86,11.058,2026-07-24T18:57:40.538Z,38.128,2026-07-24T18:57:40Z,2026-07-24 18:57,down,125.09186752
47.128,3488.68,3027.09,3750.6,3249.44,11.16,2026-07-24T19:09:43.587Z,38.128,2026-07-24T19:09:43Z,2026-07-24 19:09,down,125.09186752
47.128,3357.32,2913.63,3846.82,3328.77,11.146,2026-07-24T19:21:47.495Z,38.128,2026-07-24T19:21:47Z,2026-07-24 19:21,down,125.09186752
47.128,3521.71,3051.93,3933.44,3405.2,11.121,2026-07-24T19:33:50.308Z,38.128,2026-07-24T19:33:50Z,2026-07-24 19:33,down,125.09186752
47.128,3537.61,3069.21,3952.47,3422.65,11.224,2026-07-24T19:45:53.200Z,38.128,2026-07-24T19:45:53Z,2026-07-24 19:45,down,125.09186752
47.128,3520.9,3052.36,3942.15,3410.2,11.063,2026-07-24T19:57:56.718Z,38.128,2026-07-24T19:57:56Z,2026-07-24 19:57,down,125.09186752
47.128,3514.28,3046.12,3982.49,3447.69,11.141,2026-07-24T20:09:59.625Z,38.128,2026-07-24T20:09:59Z,2026-07-24 20:09,down,125.09186752
47.128,3529.24,3062.61,3999.3,3459.89,11.185,2026-07-24T20:22:02.595Z,38.128,2026-07-24T20:22:02Z,2026-07-24 20:22,down,125.09186752
47.128,3531.19,3059.95,3935.63,3405.2,11.081,2026-07-24T20:34:05.737Z,38.128,2026-07-24T20:34:05Z,2026-07-24 20:34,down,125.09186752
47.128,3335.68,2892,3710.76,3213.41,11.207,2026-07-24T20:46:09.333Z,38.128,2026-07-24T20:46:09Z,2026-07-24 20:46,down,125.09186752
47.128,3493.26,3029.65,4082.83,3533.1,11.12,2026-07-24T20:58:12.553Z,38.128,2026-07-24T20:58:12Z,2026-07-24 20:58,down,125.09186752
47.128,3594.12,3115.41,3843.6,3325.2,11.029,2026-07-24T21:10:16.430Z,38.128,2026-07-24T21:10:16Z,2026-07-24 21:10,down,125.09186752
47.128,3391.82,2942.02,3897.15,3375.42,11.19,2026-07-24T21:22:18.743Z,38.128,2026-07-24T21:22:18Z,2026-07-24 21:22,down,125.09186752
47.128,3457.72,3000.33,3838.71,3324.17,11.101,2026-07-24T21:34:22.229Z,38.128,2026-07-24T21:34:22Z,2026-07-24 21:34,down,125.09186752
47.128,3457.24,2999.01,3977.2,3444.34,11.037,2026-07-24T21:46:25.152Z,38.128,2026-07-24T21:46:25Z,2026-07-24 21:46,down,125.09186752
47.128,3483.16,3024.77,3791.61,3287.08,11.189,2026-07-24T21:58:29.279Z,38.128,2026-07-24T21:58:29Z,2026-07-24 21:58,down,125.09186752
47.128,3501.8,3039.88,3897.18,3375.95,11.083,2026-07-24T22:10:32.343Z,38.128,2026-07-24T22:10:32Z,2026-07-24 22:10,down,125.09186752
47.128,3342.22,2900.29,3918.62,3394.55,10.999,2026-07-24T22:22:35.704Z,38.128,2026-07-24T22:22:35Z,2026-07-24 22:22,down,125.09186752
47.128,3553.93,3087.35,3848.36,3338.96,11.153,2026-07-24T22:34:38.518Z,38.128,2026-07-24T22:34:38Z,2026-07-24 22:34,down,125.09186752
47.128,3422.24,2974.32,3814.3,3306.81,11.077,2026-07-24T22:46:41.676Z,38.128,2026-07-24T22:46:41Z,2026-07-24 22:46,down,125.09186752
47.128,3370.43,2927.85,3968.63,3440.83,10.973,2026-07-24T22:58:44.724Z,38.128,2026-07-24T22:58:44Z,2026-07-24 22:58,down,125.09186752
62.38,3503.24,3022.91,3902.03,3366.74,11.006,2026-07-24T00:04:43.246Z,53.38,2026-07-24T00:04:43Z,2026-07-24 00:04,down,175.1312392
62.38,3496.25,3019.18,4010.49,3463.64,10.981,2026-07-24T00:16:46.904Z,53.38,2026-07-24T00:16:46Z,2026-07-24 00:16,down,175.1312392
62.38,3464.85,2995.65,3906.41,3377.21,10.949,2026-07-24T00:28:49.718Z,53.38,2026-07-24T00:28:49Z,2026-07-24 00:28,down,175.1312392
62.38,3462.71,2997.23,3844.69,3328.08,10.967,2026-07-24T00:40:52.641Z,53.38,2026-07-24T00:40:52Z,2026-07-24 00:40,down,175.1312392
62.38,3422.98,2966.1,3809.33,3299.63,10.973,2026-07-24T00:52:55.658Z,53.38,2026-07-24T00:52:55Z,2026-07-24 00:52,down,175.1312392
62.38,3417.68,2963.66,3768.85,3267.26,10.934,2026-07-24T01:04:58.065Z,53.38,2026-07-24T01:04:58Z,2026-07-24 01:04,down,175.1312392
62.38,3469,3011.68,3774.29,3275.68,10.936,2026-07-24T01:17:01.567Z,53.38,2026-07-24T01:17:01Z,2026-07-24 01:17,down,175.1312392
62.38,3314.96,2879.77,3728.89,3238.39,10.929,2026-07-24T01:29:04.678Z,53.38,2026-07-24T01:29:04Z,2026-07-24 01:29,down,175.1312392
62.38,3261.12,2835.51,3802.84,3305.38,10.922,2026-07-24T01:41:07.945Z,53.38,2026-07-24T01:41:07Z,2026-07-24 01:41,down,175.1312392
62.38,3296.71,2868.66,3766.54,3276.82,10.91,2026-07-24T01:53:11.775Z,53.38,2026-07-24T01:53:11Z,2026-07-24 01:53,down,175.1312392
62.38,3291.6,2867.07,3657.39,3185.44,10.91,2026-07-24T02:05:15.276Z,53.38,2026-07-24T02:05:15Z,2026-07-24 02:05,down,175.1312392
62.38,3342.7,2914.11,3722.15,3242.98,10.908,2026-07-24T02:17:18.090Z,53.38,2026-07-24T02:17:18Z,2026-07-24 02:17,down,175.1312392
62.38,3112.95,2716.41,3676.1,3206.1,10.898,2026-07-24T02:29:21.842Z,53.38,2026-07-24T02:29:21Z,2026-07-24 02:29,down,175.1312392
62.38,3301.48,2883.68,3613.62,3153.96,10.903,2026-07-24T02:41:24.593Z,53.38,2026-07-24T02:41:24Z,2026-07-24 02:41,down,175.1312392
62.38,3209.86,2805.67,3799.86,3317.19,10.876,2026-07-24T02:53:27.626Z,53.38,2026-07-24T02:53:27Z,2026-07-24 02:53,down,175.1312392
62.38,3134.55,2740.85,3583.03,3130.57,10.891,2026-07-24T03:05:30.174Z,53.38,2026-07-24T03:05:30Z,2026-07-24 03:05,down,175.1312392
62.38,3201.23,2801.01,3669.62,3208.33,10.875,2026-07-24T03:17:33.222Z,53.38,2026-07-24T03:17:33Z,2026-07-24 03:17,down,175.1312392
62.38,3140.25,2749.76,3510.44,3070.66,10.86,2026-07-24T03:29:35.817Z,53.38,2026-07-24T03:29:35Z,2026-07-24 03:29,down,175.1312392
62.38,3241.35,2839.04,3742.53,3274.49,10.873,2026-07-24T03:41:39.678Z,53.38,2026-07-24T03:41:39Z,2026-07-24 03:41,down,175.1312392
62.38,3170.55,2778.45,3513,3076.02,10.855,2026-07-24T03:53:42.570Z,53.38,2026-07-24T03:53:42Z,2026-07-24 03:53,down,175.1312392
62.38,3193.7,2801.19,3704.57,3244.91,10.877,2026-07-24T04:05:46.697Z,53.38,2026-07-24T04:05:46Z,2026-07-24 04:05,down,175.1312392
62.38,3228.95,2833.22,3625.61,3177.04,10.854,2026-07-24T04:17:50.245Z,53.38,2026-07-24T04:17:50Z,2026-07-24 04:17,down,175.1312392
62.38,3249.73,2852.33,3654.79,3204.19,10.84,2026-07-24T04:29:53.356Z,53.38,2026-07-24T04:29:53Z,2026-07-24 04:29,down,175.1312392
62.38,3359.82,2949.84,3707.95,3251.08,10.849,2026-07-24T04:41:56.092Z,53.38,2026-07-24T04:41:56Z,2026-07-24 04:41,down,175.1312392
62.38,3287.5,2889,3692.51,3240.45,10.852,2026-07-24T04:53:59.625Z,53.38,2026-07-24T04:53:59Z,2026-07-24 04:53,down,175.1312392
62.38,3302.64,2903.3,3863.21,3391.64,10.856,2026-07-24T05:06:03.642Z,53.38,2026-07-24T05:06:03Z,2026-07-24 05:06,down,175.1312392
62.38,3439.93,3025.39,3853.54,3384.65,10.857,2026-07-24T05:18:06.878Z,53.38,2026-07-24T05:18:06Z,2026-07-24 05:18,down,175.1312392
62.38,3264.14,2872.43,3794.69,3333.67,10.849,2026-07-24T05:30:09.833Z,53.38,2026-07-24T05:30:09Z,2026-07-24 05:30,down,175.1312392
62.38,3292.06,2896.77,3702.16,3252.52,10.85,2026-07-24T05:42:12.834Z,53.38,2026-07-24T05:42:12Z,2026-07-24 05:42,down,175.1312392
62.38,3364.05,2962.57,3983.82,3501.55,10.858,2026-07-24T05:54:15.538Z,53.38,2026-07-24T05:54:15Z,2026-07-24 05:54,down,175.1312392
62.38,3450.75,3038.42,3698.56,3251.84,10.828,2026-07-24T06:06:19.259Z,53.38,2026-07-24T06:06:19Z,2026-07-24 06:06,down,175.1312392
62.38,3239.85,2853.79,3876.98,3409.23,10.842,2026-07-24T06:18:22.729Z,53.38,2026-07-24T06:18:22Z,2026-07-24 06:18,down,175.1312392
62.38,3370.68,2970.4,3907.83,3437.15,10.831,2026-07-24T06:30:25.730Z,53.38,2026-07-24T06:30:25Z,2026-07-24 06:30,down,175.1312392
62.38,3401.27,2999.33,3848.85,3385.94,10.844,2026-07-24T06:42:28.654Z,53.38,2026-07-24T06:42:28Z,2026-07-24 06:42,down,175.1312392
62.38,3527.6,3111.49,3980.54,3502.71,10.852,2026-07-24T06:54:31.921Z,53.38,2026-07-24T06:54:31Z,2026-07-24 06:54,down,175.1312392
62.38,3433.2,3027.44,3846.11,3384.16,10.827,2026-07-24T07:06:35.125Z,53.38,2026-07-24T07:06:35Z,2026-07-24 07:06,down,175.1312392
62.38,3430.93,3025.51,3855.53,3393.05,10.846,2026-07-24T07:18:38.080Z,53.38,2026-07-24T07:18:38Z,2026-07-24 07:18,down,175.1312392
62.38,3349.38,2953.65,3780.44,3326.87,10.836,2026-07-24T07:30:40.800Z,53.38,2026-07-24T07:30:40Z,2026-07-24 07:30,down,175.1312392
62.38,3263.29,2879.17,3666.14,3227.4,10.845,2026-07-24T07:42:44.552Z,53.38,2026-07-24T07:42:44Z,2026-07-24 07:42,down,175.1312392
62.38,3179.91,2805.58,3691.44,3248.71,10.831,2026-07-24T07:54:47.084Z,53.38,2026-07-24T07:54:47Z,2026-07-24 07:54,down,175.1312392
62.38,3244.41,2862.26,3729.1,3282.99,10.832,2026-07-24T08:06:50.476Z,53.38,2026-07-24T08:06:50Z,2026-07-24 08:06,down,175.1312392
62.38,3258.42,2875.34,3717.8,3273.74,10.84,2026-07-24T08:18:53.634Z,53.38,2026-07-24T08:18:53Z,2026-07-24 08:18,down,175.1312392
62.38,3248.72,2866.76,3713.18,3269.75,10.842,2026-07-24T08:30:56.682Z,53.38,2026-07-24T08:30:56Z,2026-07-24 08:30,down,175.1312392
62.38,3247.01,2865.36,3725.02,3279.75,10.839,2026-07-24T08:42:59.246Z,53.38,2026-07-24T08:42:59Z,2026-07-24 08:42,down,175.1312392
62.38,3251.1,2868.47,3734.21,3288.11,10.825,2026-07-24T08:55:02.435Z,53.38,2026-07-24T08:55:02Z,2026-07-24 08:55,down,175.1312392
62.38,3253.29,2870.04,3738.03,3291.59,10.825,2026-07-24T09:07:06.171Z,53.38,2026-07-24T09:07:06Z,2026-07-24 09:07,down,175.1312392
62.38,3253.65,2870.77,3739.07,3292.18,10.827,2026-07-24T09:19:10.079Z,53.38,2026-07-24T09:19:10Z,2026-07-24 09:19,down,175.1312392
62.38,3252.5,2869.49,3736.92,3291.05,10.828,2026-07-24T09:31:12.580Z,53.38,2026-07-24T09:31:12Z,2026-07-24 09:31,down,175.1312392
62.38,3248.41,2866.7,3732.59,3286.02,10.821,2026-07-24T09:43:15.237Z,53.38,2026-07-24T09:43:15Z,2026-07-24 09:43,down,175.1312392
62.38,3239.32,2857.74,3726.6,3281.62,10.815,2026-07-24T09:55:17.739Z,53.38,2026-07-24T09:55:17Z,2026-07-24 09:55,down,175.1312392
62.38,3229.57,2850.4,3736,3288.9,10.831,2026-07-24T10:07:22.116Z,53.38,2026-07-24T10:07:22Z,2026-07-24 10:07,down,175.1312392
62.38,3232.83,2852.15,3752.1,3303.55,10.818,2026-07-24T10:19:25.133Z,53.38,2026-07-24T10:19:25Z,2026-07-24 10:19,down,175.1312392
62.38,3225.9,2847.19,3749.61,3301.37,10.841,2026-07-24T10:31:28.962Z,53.38,2026-07-24T10:31:28Z,2026-07-24 10:31,down,175.1312392
62.38,3236.48,2856.01,3832.22,3373.72,10.828,2026-07-24T10:43:31.401Z,53.38,2026-07-24T10:43:31Z,2026-07-24 10:43,down,175.1312392
62.38,3367.5,2970.7,3887.46,3422.23,10.828,2026-07-24T10:55:34.496Z,53.38,2026-07-24T10:55:34Z,2026-07-24 10:55,down,175.1312392
62.38,3346.43,2952.66,3769.47,3318.5,10.847,2026-07-24T11:07:37.451Z,53.38,2026-07-24T11:07:37Z,2026-07-24 11:07,down,175.1312392
62.38,3366.1,2970.09,3890.09,3423.72,10.837,2026-07-24T11:19:40.577Z,53.38,2026-07-24T11:19:40Z,2026-07-24 11:19,down,175.1312392
62.38,3421.89,3018.39,3869.45,3404.81,10.839,2026-07-24T11:31:43.532Z,53.38,2026-07-24T11:31:43Z,2026-07-24 11:31,down,175.1312392
62.38,3351.44,2955.59,3887.22,3420.28,10.845,2026-07-24T11:43:46.627Z,53.38,2026-07-24T11:43:46Z,2026-07-24 11:43,down,175.1312392
62.38,3324.57,2931.24,3802.52,3345.6,10.855,2026-07-24T11:55:49.441Z,53.38,2026-07-24T11:55:49Z,2026-07-24 11:55,down,175.1312392
62.38,3153.2,2779.64,3862.42,3396.26,10.832,2026-07-24T12:07:52.676Z,53.38,2026-07-24T12:07:52Z,2026-07-24 12:07,down,175.1312392
62.38,3472.56,3060.41,3829.92,3367.95,10.855,2026-07-24T12:19:55.537Z,53.38,2026-07-24T12:19:55Z,2026-07-24 12:19,down,175.1312392
62.38,3409.46,3004.1,3736.06,3285.29,10.864,2026-07-24T12:31:58.679Z,53.38,2026-07-24T12:31:58Z,2026-07-24 12:31,down,175.1312392
62.38,3448.27,3037.5,3857.68,3390.4,10.858,2026-07-24T12:44:02.103Z,53.38,2026-07-24T12:44:02Z,2026-07-24 12:44,down,175.1312392
62.38,3385.32,2981.42,3803.75,3343.63,10.862,2026-07-24T12:56:05.464Z,53.38,2026-07-24T12:56:05Z,2026-07-24 12:56,down,175.1312392
62.38,3317.92,2923.64,3665.24,3222.17,10.865,2026-07-24T13:08:08.934Z,53.38,2026-07-24T13:08:08Z,2026-07-24 13:08,down,175.1312392
62.38,3268.63,2876.51,3778.38,3318.33,10.87,2026-07-24T13:20:11.826Z,53.38,2026-07-24T13:20:11Z,2026-07-24 13:20,down,175.1312392
62.38,3278.51,2884.99,3748.24,3294.2,11.047,2026-07-24T13:32:14.092Z,53.38,2026-07-24T13:32:14Z,2026-07-24 13:32,down,175.1312392
62.38,3261.39,2870.5,3628.66,3188.43,11.146,2026-07-24T13:44:17.860Z,53.38,2026-07-24T13:44:17Z,2026-07-24 13:44,down,175.1312392
62.38,3251.98,2860.87,3738.02,3282.38,11.224,2026-07-24T13:56:20.892Z,53.38,2026-07-24T13:56:20Z,2026-07-24 13:56,down,175.1312392
62.38,3336.51,2935.4,3669.69,3222.94,11.264,2026-07-24T14:08:23.409Z,53.38,2026-07-24T14:08:23Z,2026-07-24 14:08,down,175.1312392
62.38,3274.42,2879.95,3694.96,3241.87,11.19,2026-07-24T14:20:26.895Z,53.38,2026-07-24T14:20:26Z,2026-07-24 14:20,down,175.1312392
62.38,3269.28,2871.07,3740.15,3281.97,11.12,2026-07-24T14:32:30.491Z,53.38,2026-07-24T14:32:30Z,2026-07-24 14:32,down,175.1312392
62.38,3275.85,2880.03,3619.44,3177.5,11.199,2026-07-24T14:44:33.601Z,53.38,2026-07-24T14:44:33Z,2026-07-24 14:44,down,175.1312392
62.38,3160.95,2775.29,3545.73,3112.74,11.122,2026-07-24T14:56:36.665Z,53.38,2026-07-24T14:56:36Z,2026-07-24 14:56,down,175.1312392
62.38,3236.21,2845.37,3710.7,3255.85,11.213,2026-07-24T15:08:39.714Z,53.38,2026-07-24T15:08:39Z,2026-07-24 15:08,down,175.1312392
62.38,3253.06,2855.31,3481.44,3052.37,11.024,2026-07-24T15:20:43.465Z,53.38,2026-07-24T15:20:43Z,2026-07-24 15:20,down,175.1312392
62.38,3188.84,2803.47,3641.92,3199.65,11.191,2026-07-24T15:32:47.014Z,53.38,2026-07-24T15:32:47Z,2026-07-24 15:32,down,175.1312392
62.38,3192.82,2808.93,3606.12,3163.89,11.18,2026-07-24T15:44:50.234Z,53.38,2026-07-24T15:44:50Z,2026-07-24 15:44,down,175.1312392
62.38,3229.23,2833.83,3558.66,3119.74,11.121,2026-07-24T15:56:53.767Z,53.38,2026-07-24T15:56:53Z,2026-07-24 15:56,down,175.1312392
62.38,3264.58,2865.01,3595.84,3148.95,11.278,2026-07-24T16:08:57.018Z,53.38,2026-07-24T16:08:57Z,2026-07-24 16:08,down,175.1312392
62.38,3213.26,2812.86,3721.74,3255.39,11.151,2026-07-24T16:21:00.192Z,53.38,2026-07-24T16:21:00Z,2026-07-24 16:21,down,175.1312392
62.38,3185.95,2790.48,3649.34,3191.49,11.347,2026-07-24T16:33:04.069Z,53.38,2026-07-24T16:33:04Z,2026-07-24 16:33,down,175.1312392
62.38,3187.19,2785.7,3895.19,3398.88,11.125,2026-07-24T16:45:07.132Z,53.38,2026-07-24T16:45:07Z,2026-07-24 16:45,down,175.1312392
62.38,3359.39,2933.42,3730.53,3257.71,11.21,2026-07-24T16:57:09.915Z,53.38,2026-07-24T16:57:09Z,2026-07-24 16:57,down,175.1312392
62.38,3255.32,2844.5,3897.1,3397.87,11.269,2026-07-24T17:09:12.432Z,53.38,2026-07-24T17:09:12Z,2026-07-24 17:09,down,175.1312392
62.38,3295.67,2873.93,3748.49,3264.72,11.084,2026-07-24T17:21:16.449Z,53.38,2026-07-24T17:21:16Z,2026-07-24 17:21,down,175.1312392
62.38,3330.08,2904.26,3937.34,3430.67,11.329,2026-07-24T17:33:20.389Z,53.38,2026-07-24T17:33:20Z,2026-07-24 17:33,down,175.1312392
62.38,3359.57,2928.05,3870.24,3366.16,11.188,2026-07-24T17:45:23.093Z,53.38,2026-07-24T17:45:23Z,2026-07-24 17:45,down,175.1312392
62.38,3489.07,3034.67,3825.6,3328,11.18,2026-07-24T17:57:26.235Z,53.38,2026-07-24T17:57:26Z,2026-07-24 17:57,down,175.1312392
62.38,3502.44,3049.7,3967.12,3447.14,11.337,2026-07-24T18:09:29.471Z,53.38,2026-07-24T18:09:29Z,2026-07-24 18:09,down,175.1312392
62.38,3359.53,2917.82,3927.36,3406.4,11.112,2026-07-24T18:21:32.988Z,53.38,2026-07-24T18:21:32Z,2026-07-24 18:21,down,175.1312392
62.38,3407.33,2957.29,3913.29,3397.17,11.271,2026-07-24T18:33:35.708Z,53.38,2026-07-24T18:33:35Z,2026-07-24 18:33,down,175.1312392
62.38,3356.07,2915.05,4031.79,3495.86,11.27,2026-07-24T18:45:38.240Z,53.38,2026-07-24T18:45:38Z,2026-07-24 18:45,down,175.1312392
62.38,3629.92,3147.38,4065.05,3523.02,11.105,2026-07-24T18:57:40.538Z,53.38,2026-07-24T18:57:40Z,2026-07-24 18:57,down,175.1312392
62.38,3474.34,3016.64,3780.56,3281.96,11.383,2026-07-24T19:09:43.587Z,53.38,2026-07-24T19:09:43Z,2026-07-24 19:09,down,175.1312392
62.38,3336.04,2893.51,3873.64,3354.95,11.173,2026-07-24T19:21:47.495Z,53.38,2026-07-24T19:21:47Z,2026-07-24 19:21,down,175.1312392
62.38,3500.43,3033.27,3968.72,3442.57,11.282,2026-07-24T19:33:50.308Z,53.38,2026-07-24T19:33:50Z,2026-07-24 19:33,down,175.1312392
62.38,3516.43,3052.93,3977.6,3446.38,11.33,2026-07-24T19:45:53.200Z,53.38,2026-07-24T19:45:53Z,2026-07-24 19:45,down,175.1312392
62.38,3502.33,3034.89,3972.6,3439.91,11.108,2026-07-24T19:57:56.718Z,53.38,2026-07-24T19:57:56Z,2026-07-24 19:57,down,175.1312392
62.38,3495.01,3031.31,4016.93,3485.56,11.388,2026-07-24T20:09:59.625Z,53.38,2026-07-24T20:09:59Z,2026-07-24 20:09,down,175.1312392
62.38,3510.71,3045.56,4023.47,3483.86,11.232,2026-07-24T20:22:02.595Z,53.38,2026-07-24T20:22:02Z,2026-07-24 20:22,down,175.1312392
62.38,3514.05,3043.16,3967.62,3439.09,11.179,2026-07-24T20:34:05.737Z,53.38,2026-07-24T20:34:05Z,2026-07-24 20:34,down,175.1312392
62.38,3318.72,2879.96,3739.79,3243.16,11.403,2026-07-24T20:46:09.333Z,53.38,2026-07-24T20:46:09Z,2026-07-24 20:46,down,175.1312392
62.38,3468.63,3006.62,4110.18,3559.31,11.133,2026-07-24T20:58:12.553Z,53.38,2026-07-24T20:58:12Z,2026-07-24 20:58,down,175.1312392
62.38,3569.14,3092,3871.32,3355.91,11.15,2026-07-24T21:10:16.430Z,53.38,2026-07-24T21:10:16Z,2026-07-24 21:10,down,175.1312392
62.38,3373.59,2928.67,3925.14,3404.28,11.374,2026-07-24T21:22:18.743Z,53.38,2026-07-24T21:22:18Z,2026-07-24 21:22,down,175.1312392
62.38,3433.88,2977.74,3868.73,3352.8,11.113,2026-07-24T21:34:22.229Z,53.38,2026-07-24T21:34:22Z,2026-07-24 21:34,down,175.1312392
62.38,3434.07,2978.02,4003.04,3474.28,11.194,2026-07-24T21:46:25.152Z,53.38,2026-07-24T21:46:25Z,2026-07-24 21:46,down,175.1312392
62.38,3461.59,3008.49,3820.05,3314.73,11.333,2026-07-24T21:58:29.279Z,53.38,2026-07-24T21:58:29Z,2026-07-24 21:58,down,175.1312392
62.38,3481.03,3019.85,3929.36,3406.55,11.094,2026-07-24T22:10:32.343Z,53.38,2026-07-24T22:10:32Z,2026-07-24 22:10,down,175.1312392
62.38,3326.13,2884.57,3948.46,3426.16,11.089,2026-07-24T22:22:35.704Z,53.38,2026-07-24T22:22:35Z,2026-07-24 22:22,down,175.1312392
62.38,3531.02,3070.23,3876.21,3368.72,11.368,2026-07-24T22:34:38.518Z,53.38,2026-07-24T22:34:38Z,2026-07-24 22:34,down,175.1312392
62.38,3401.64,2954.56,3838,3330.37,11.1,2026-07-24T22:46:41.676Z,53.38,2026-07-24T22:46:41Z,2026-07-24 22:46,down,175.1312392
62.38,3349.78,2908.26,4000.03,3473.11,11.047,2026-07-24T22:58:44.724Z,53.38,2026-07-24T22:58:44Z,2026-07-24 22:58,down,175.1312392
77.632,3471.14,2993.56,3920.49,3385.13,11.02,2026-07-24T00:04:43.246Z,68.632,2026-07-24T00:04:43Z,2026-07-24 00:04,down,225.17061088000003
77.632,3467.18,2992.28,4027.83,3481.11,10.991,2026-07-24T00:16:46.904Z,68.632,2026-07-24T00:16:46Z,2026-07-24 00:16,down,225.17061088000003
77.632,3437.46,2970.26,3927.25,3398.53,10.983,2026-07-24T00:28:49.718Z,68.632,2026-07-24T00:28:49Z,2026-07-24 00:28,down,225.17061088000003
77.632,3435.89,2971.96,3865.51,3348.91,10.98,2026-07-24T00:40:52.641Z,68.632,2026-07-24T00:40:52Z,2026-07-24 00:40,down,225.17061088000003
77.632,3396.44,2940.57,3828.04,3318.73,10.974,2026-07-24T00:52:55.658Z,68.632,2026-07-24T00:52:55Z,2026-07-24 00:52,down,225.17061088000003
77.632,3390.41,2938.33,3787.65,3285.9,10.945,2026-07-24T01:04:58.065Z,68.632,2026-07-24T01:04:58Z,2026-07-24 01:04,down,225.17061088000003
77.632,3438.96,2983.6,3793.84,3295.93,10.963,2026-07-24T01:17:01.567Z,68.632,2026-07-24T01:17:01Z,2026-07-24 01:17,down,225.17061088000003
77.632,3288.45,2854.93,3748.02,3257.75,10.946,2026-07-24T01:29:04.678Z,68.632,2026-07-24T01:29:04Z,2026-07-24 01:29,down,225.17061088000003
77.632,3234.09,2810.74,3817.51,3320.76,10.95,2026-07-24T01:41:07.945Z,68.632,2026-07-24T01:41:07Z,2026-07-24 01:41,down,225.17061088000003
77.632,3270.36,2844.32,3786.32,3296.99,10.944,2026-07-24T01:53:11.775Z,68.632,2026-07-24T01:53:11Z,2026-07-24 01:53,down,225.17061088000003
77.632,3264.28,2841.87,3672.33,3200.86,10.931,2026-07-24T02:05:15.276Z,68.632,2026-07-24T02:05:15Z,2026-07-24 02:05,down,225.17061088000003
77.632,3313.99,2887.18,3740.04,3261.28,10.923,2026-07-24T02:17:18.090Z,68.632,2026-07-24T02:17:18Z,2026-07-24 02:17,down,225.17061088000003
77.632,3083.88,2689.52,3693.65,3224.26,10.925,2026-07-24T02:29:21.842Z,68.632,2026-07-24T02:29:21Z,2026-07-24 02:29,down,225.17061088000003
77.632,3274.84,2858.37,3629.55,3170.48,10.912,2026-07-24T02:41:24.593Z,68.632,2026-07-24T02:41:24Z,2026-07-24 02:41,down,225.17061088000003
77.632,3183.26,2780.63,3820.11,3337.77,10.895,2026-07-24T02:53:27.626Z,68.632,2026-07-24T02:53:27Z,2026-07-24 02:53,down,225.17061088000003
77.632,3102.34,2710.85,3600.16,3147.42,10.884,2026-07-24T03:05:30.174Z,68.632,2026-07-24T03:05:30Z,2026-07-24 03:05,down,225.17061088000003
77.632,3172.57,2774.05,3689.8,3227.92,10.869,2026-07-24T03:17:33.222Z,68.632,2026-07-24T03:17:33Z,2026-07-24 03:17,down,225.17061088000003
77.632,3113.31,2724.73,3529.86,3089.99,10.879,2026-07-24T03:29:35.817Z,68.632,2026-07-24T03:29:35Z,2026-07-24 03:29,down,225.17061088000003
77.632,3214.33,2813.17,3767.31,3298.82,10.875,2026-07-24T03:41:39.678Z,68.632,2026-07-24T03:41:39Z,2026-07-24 03:41,down,225.17061088000003
77.632,3147.09,2756.55,3533.51,3096.46,10.881,2026-07-24T03:53:42.570Z,68.632,2026-07-24T03:53:42Z,2026-07-24 03:53,down,225.17061088000003
77.632,3164.18,2773.38,3721.23,3262.18,10.888,2026-07-24T04:05:46.697Z,68.632,2026-07-24T04:05:46Z,2026-07-24 04:05,down,225.17061088000003
77.632,3199.67,2806.19,3640.83,3192.59,10.872,2026-07-24T04:17:50.245Z,68.632,2026-07-24T04:17:50Z,2026-07-24 04:17,down,225.17061088000003
77.632,3224.35,2828.56,3677.22,3226.58,10.867,2026-07-24T04:29:53.356Z,68.632,2026-07-24T04:29:53Z,2026-07-24 04:29,down,225.17061088000003
77.632,3333.61,2924.75,3727.11,3270.63,10.86,2026-07-24T04:41:56.092Z,68.632,2026-07-24T04:41:56Z,2026-07-24 04:41,down,225.17061088000003
77.632,3259.95,2863.04,3711.07,3259.02,10.86,2026-07-24T04:53:59.625Z,68.632,2026-07-24T04:53:59Z,2026-07-24 04:53,down,225.17061088000003
77.632,3274.78,2876.85,3883.57,3412.45,10.87,2026-07-24T05:06:03.642Z,68.632,2026-07-24T05:06:03Z,2026-07-24 05:06,down,225.17061088000003
77.632,3414.26,3000.94,3876.69,3407.76,10.873,2026-07-24T05:18:06.878Z,68.632,2026-07-24T05:18:06Z,2026-07-24 05:18,down,225.17061088000003
77.632,3231.26,2841.96,3815.6,3354.38,10.862,2026-07-24T05:30:09.833Z,68.632,2026-07-24T05:30:09Z,2026-07-24 05:30,down,225.17061088000003
77.632,3262.38,2868.64,3722.15,3272.69,10.858,2026-07-24T05:42:12.834Z,68.632,2026-07-24T05:42:12Z,2026-07-24 05:42,down,225.17061088000003
77.632,3336.06,2935.61,3999.39,3517.7,10.85,2026-07-24T05:54:15.538Z,68.632,2026-07-24T05:54:15Z,2026-07-24 05:54,down,225.17061088000003
77.632,3426.33,3014.87,3719.94,3273.28,10.839,2026-07-24T06:06:19.259Z,68.632,2026-07-24T06:06:19Z,2026-07-24 06:06,down,225.17061088000003
77.632,3214.61,2829.96,3904.39,3435.97,10.859,2026-07-24T06:18:22.729Z,68.632,2026-07-24T06:18:22Z,2026-07-24 06:18,down,225.17061088000003
77.632,3342.32,2943.63,3928.45,3457.92,10.844,2026-07-24T06:30:25.730Z,68.632,2026-07-24T06:30:25Z,2026-07-24 06:30,down,225.17061088000003
77.632,3368.99,2968.92,3871.6,3408.28,10.846,2026-07-24T06:42:28.654Z,68.632,2026-07-24T06:42:28Z,2026-07-24 06:42,down,225.17061088000003
77.632,3492.7,3078.52,3999.8,3522.12,10.851,2026-07-24T06:54:31.921Z,68.632,2026-07-24T06:54:31Z,2026-07-24 06:54,down,225.17061088000003
77.632,3403.5,2999.84,3868.36,3406.75,10.861,2026-07-24T07:06:35.125Z,68.632,2026-07-24T07:06:35Z,2026-07-24 07:06,down,225.17061088000003
77.632,3401.75,2998.16,3874.45,3412.23,10.863,2026-07-24T07:18:38.080Z,68.632,2026-07-24T07:18:38Z,2026-07-24 07:18,down,225.17061088000003
77.632,3322.62,2928.57,3798.26,3345.7,10.873,2026-07-24T07:30:40.800Z,68.632,2026-07-24T07:30:40Z,2026-07-24 07:30,down,225.17061088000003
77.632,3233.51,2850.95,3680.27,3242.27,10.851,2026-07-24T07:42:44.552Z,68.632,2026-07-24T07:42:44Z,2026-07-24 07:42,down,225.17061088000003
77.632,3150.64,2777.63,3702.07,3260.82,10.837,2026-07-24T07:54:47.084Z,68.632,2026-07-24T07:54:47Z,2026-07-24 07:54,down,225.17061088000003
77.632,3213.88,2833.9,3740.17,3295.18,10.852,2026-07-24T08:06:50.476Z,68.632,2026-07-24T08:06:50Z,2026-07-24 08:06,down,225.17061088000003
77.632,3228.02,2846.67,3732.05,3288.91,10.852,2026-07-24T08:18:53.634Z,68.632,2026-07-24T08:18:53Z,2026-07-24 08:18,down,225.17061088000003
77.632,3218.23,2837.65,3728.62,3285.67,10.836,2026-07-24T08:30:56.682Z,68.632,2026-07-24T08:30:56Z,2026-07-24 08:30,down,225.17061088000003
77.632,3217.63,2837.41,3741.26,3295.94,10.827,2026-07-24T08:42:59.246Z,68.632,2026-07-24T08:42:59Z,2026-07-24 08:42,down,225.17061088000003
77.632,3222.05,2841.03,3750.53,3304.87,10.833,2026-07-24T08:55:02.435Z,68.632,2026-07-24T08:55:02Z,2026-07-24 08:55,down,225.17061088000003
77.632,3223.98,2842.69,3754.55,3308.37,10.838,2026-07-24T09:07:06.171Z,68.632,2026-07-24T09:07:06Z,2026-07-24 09:07,down,225.17061088000003
77.632,3224.73,2843.6,3755.92,3309.44,10.84,2026-07-24T09:19:10.079Z,68.632,2026-07-24T09:19:10Z,2026-07-24 09:19,down,225.17061088000003
77.632,3223.32,2842.25,3754.09,3308.33,10.838,2026-07-24T09:31:12.580Z,68.632,2026-07-24T09:31:12Z,2026-07-24 09:31,down,225.17061088000003
77.632,3219.65,2839.4,3748.43,3303,10.841,2026-07-24T09:43:15.237Z,68.632,2026-07-24T09:43:15Z,2026-07-24 09:43,down,225.17061088000003
77.632,3210.46,2830.6,3741.44,3297.3,10.832,2026-07-24T09:55:17.739Z,68.632,2026-07-24T09:55:17Z,2026-07-24 09:55,down,225.17061088000003
77.632,3201.15,2823.41,3749.3,3303.44,10.847,2026-07-24T10:07:22.116Z,68.632,2026-07-24T10:07:22Z,2026-07-24 10:07,down,225.17061088000003
77.632,3204.28,2825.45,3764.78,3317.29,10.839,2026-07-24T10:19:25.133Z,68.632,2026-07-24T10:19:25Z,2026-07-24 10:19,down,225.17061088000003
77.632,3198.22,2820.72,3762.97,3315.69,10.845,2026-07-24T10:31:28.962Z,68.632,2026-07-24T10:31:28Z,2026-07-24 10:31,down,225.17061088000003
77.632,3207.44,2828.34,3847.23,3390.25,10.849,2026-07-24T10:43:31.401Z,68.632,2026-07-24T10:43:31Z,2026-07-24 10:43,down,225.17061088000003
77.632,3335.15,2940.4,3906.81,3442.28,10.851,2026-07-24T10:55:34.496Z,68.632,2026-07-24T10:55:34Z,2026-07-24 10:55,down,225.17061088000003
77.632,3316.42,2924.34,3789.85,3338.92,10.857,2026-07-24T11:07:37.451Z,68.632,2026-07-24T11:07:37Z,2026-07-24 11:07,down,225.17061088000003
77.632,3337.72,2943.41,3910.1,3443.71,10.849,2026-07-24T11:19:40.577Z,68.632,2026-07-24T11:19:40Z,2026-07-24 11:19,down,225.17061088000003
77.632,3392.5,2990.62,3881.54,3418.41,10.86,2026-07-24T11:31:43.532Z,68.632,2026-07-24T11:31:43Z,2026-07-24 11:31,down,225.17061088000003
77.632,3321.75,2927.63,3904.01,3437.92,10.864,2026-07-24T11:43:46.627Z,68.632,2026-07-24T11:43:46Z,2026-07-24 11:43,down,225.17061088000003
77.632,3295.39,2904.37,3822.41,3365.2,10.875,2026-07-24T11:55:49.441Z,68.632,2026-07-24T11:55:49Z,2026-07-24 11:55,down,225.17061088000003
77.632,3128.84,2756.48,3880.39,3414.85,10.849,2026-07-24T12:07:52.676Z,68.632,2026-07-24T12:07:52Z,2026-07-24 12:07,down,225.17061088000003
77.632,3447.78,3036.64,3844.98,3383.75,10.865,2026-07-24T12:19:55.537Z,68.632,2026-07-24T12:19:55Z,2026-07-24 12:19,down,225.17061088000003
77.632,3386.74,2982.05,3757.92,3306.72,10.863,2026-07-24T12:31:58.679Z,68.632,2026-07-24T12:31:58Z,2026-07-24 12:31,down,225.17061088000003
77.632,3419.04,3009.87,3870.94,3405.09,10.88,2026-07-24T12:44:02.103Z,68.632,2026-07-24T12:44:02Z,2026-07-24 12:44,down,225.17061088000003
77.632,3356.49,2954.54,3816.67,3357.61,10.885,2026-07-24T12:56:05.464Z,68.632,2026-07-24T12:56:05Z,2026-07-24 12:56,down,225.17061088000003
77.632,3288.43,2895.9,3677.11,3235,10.876,2026-07-24T13:08:08.934Z,68.632,2026-07-24T13:08:08Z,2026-07-24 13:08,down,225.17061088000003
77.632,3239.66,2849.1,3797.18,3336.53,10.856,2026-07-24T13:20:11.826Z,68.632,2026-07-24T13:20:11Z,2026-07-24 13:20,down,225.17061088000003
77.632,3250.87,2857.43,3765.96,3310.42,10.968,2026-07-24T13:32:14.092Z,68.632,2026-07-24T13:32:14Z,2026-07-24 13:32,down,225.17061088000003
77.632,3232.22,2840.95,3641.65,3200.71,11.054,2026-07-24T13:44:17.860Z,68.632,2026-07-24T13:44:17Z,2026-07-24 13:44,down,225.17061088000003
77.632,3228.1,2835.17,3751.95,3294.72,11.088,2026-07-24T13:56:20.892Z,68.632,2026-07-24T13:56:20Z,2026-07-24 13:56,down,225.17061088000003
77.632,3312.48,2909.37,3682.06,3233.66,11.119,2026-07-24T14:08:23.409Z,68.632,2026-07-24T14:08:23Z,2026-07-24 14:08,down,225.17061088000003
77.632,3249.09,2853.31,3710.73,3257.71,11.114,2026-07-24T14:20:26.895Z,68.632,2026-07-24T14:20:26Z,2026-07-24 14:20,down,225.17061088000003
77.632,3242.44,2845.67,3753.44,3293.72,11.069,2026-07-24T14:32:30.491Z,68.632,2026-07-24T14:32:30Z,2026-07-24 14:32,down,225.17061088000003
77.632,3245.07,2848.29,3634.04,3191.31,11.087,2026-07-24T14:44:33.601Z,68.632,2026-07-24T14:44:33Z,2026-07-24 14:44,down,225.17061088000003
77.632,3133.61,2748.8,3562.37,3127.07,11.038,2026-07-24T14:56:36.665Z,68.632,2026-07-24T14:56:36Z,2026-07-24 14:56,down,225.17061088000003
77.632,3203.49,2812.01,3726.36,3270.98,11.112,2026-07-24T15:08:39.714Z,68.632,2026-07-24T15:08:39Z,2026-07-24 15:08,down,225.17061088000003
77.632,3228.24,2832.32,3500.64,3071.51,11.052,2026-07-24T15:20:43.465Z,68.632,2026-07-24T15:20:43Z,2026-07-24 15:20,down,225.17061088000003
77.632,3161.23,2775.58,3659,3214.23,11.071,2026-07-24T15:32:47.014Z,68.632,2026-07-24T15:32:47Z,2026-07-24 15:32,down,225.17061088000003
77.632,3166.62,2782.16,3626.47,3184.32,11.136,2026-07-24T15:44:50.234Z,68.632,2026-07-24T15:44:50Z,2026-07-24 15:44,down,225.17061088000003
77.632,3198.91,2805.15,3575.52,3133.97,11.045,2026-07-24T15:56:53.767Z,68.632,2026-07-24T15:56:53Z,2026-07-24 15:56,down,225.17061088000003
77.632,3235.48,2834.37,3616.5,3167.95,11.151,2026-07-24T16:08:57.018Z,68.632,2026-07-24T16:08:57Z,2026-07-24 16:08,down,225.17061088000003
77.632,3184.23,2785.76,3743.86,3275,11.107,2026-07-24T16:21:00.192Z,68.632,2026-07-24T16:21:00Z,2026-07-24 16:21,down,225.17061088000003
77.632,3157.49,2760.96,3662.08,3202.65,11.208,2026-07-24T16:33:04.069Z,68.632,2026-07-24T16:33:04Z,2026-07-24 16:33,down,225.17061088000003
77.632,3157.69,2758.01,3915,3418.69,11.129,2026-07-24T16:45:07.132Z,68.632,2026-07-24T16:45:07Z,2026-07-24 16:45,down,225.17061088000003
77.632,3333.06,2907.45,3749.19,3273.02,11.099,2026-07-24T16:57:09.915Z,68.632,2026-07-24T16:57:09Z,2026-07-24 16:57,down,225.17061088000003
77.632,3224.34,2812.39,3915.18,3415.66,11.169,2026-07-24T17:09:12.432Z,68.632,2026-07-24T17:09:12Z,2026-07-24 17:09,down,225.17061088000003
77.632,3265.41,2845.91,3768.61,3284.12,11.084,2026-07-24T17:21:16.449Z,68.632,2026-07-24T17:21:16Z,2026-07-24 17:21,down,225.17061088000003
77.632,3296.85,2870.1,3954.37,3444.17,11.146,2026-07-24T17:33:20.389Z,68.632,2026-07-24T17:33:20Z,2026-07-24 17:33,down,225.17061088000003
77.632,3333.86,2902.31,3896.63,3391.74,11.156,2026-07-24T17:45:23.093Z,68.632,2026-07-24T17:45:23Z,2026-07-24 17:45,down,225.17061088000003
77.632,3458.63,3006.15,3845.38,3343.37,11.077,2026-07-24T17:57:26.235Z,68.632,2026-07-24T17:57:26Z,2026-07-24 17:57,down,225.17061088000003
77.632,3471.97,3017.78,3983.05,3461.74,11.206,2026-07-24T18:09:29.471Z,68.632,2026-07-24T18:09:29Z,2026-07-24 18:09,down,225.17061088000003
77.632,3332.3,2892.83,3946.2,3425.54,11.142,2026-07-24T18:21:32.988Z,68.632,2026-07-24T18:21:32Z,2026-07-24 18:21,down,225.17061088000003
77.632,3380.87,2930.36,3935.21,3414.81,11.124,2026-07-24T18:33:35.708Z,68.632,2026-07-24T18:33:35Z,2026-07-24 18:33,down,225.17061088000003
77.632,3326.77,2884.83,4062.52,3525.73,11.208,2026-07-24T18:45:38.240Z,68.632,2026-07-24T18:45:38Z,2026-07-24 18:45,down,225.17061088000003
77.632,3600.32,3119.99,4082.69,3539.15,11.079,2026-07-24T18:57:40.538Z,68.632,2026-07-24T18:57:40Z,2026-07-24 18:57,down,225.17061088000003
77.632,3442.76,2983.38,3796.99,3294.94,11.186,2026-07-24T19:09:43.587Z,68.632,2026-07-24T19:09:43Z,2026-07-24 19:09,down,225.17061088000003
77.632,3312.14,2870.4,3898.08,3379.12,11.178,2026-07-24T19:21:47.495Z,68.632,2026-07-24T19:21:47Z,2026-07-24 19:21,down,225.17061088000003
77.632,3472.11,3005.08,3981.17,3451.78,11.141,2026-07-24T19:33:50.308Z,68.632,2026-07-24T19:33:50Z,2026-07-24 19:33,down,225.17061088000003
77.632,3487.16,3021.44,3998.08,3466.95,11.23,2026-07-24T19:45:53.200Z,68.632,2026-07-24T19:45:53Z,2026-07-24 19:45,down,225.17061088000003
77.632,3472.76,3007.56,3992.24,3459.03,11.111,2026-07-24T19:57:56.718Z,68.632,2026-07-24T19:57:56Z,2026-07-24 19:57,down,225.17061088000003
77.632,3464.57,2999.19,4032.39,3496.01,11.157,2026-07-24T20:09:59.625Z,68.632,2026-07-24T20:09:59Z,2026-07-24 20:09,down,225.17061088000003
77.632,3483.22,3018.02,4041.85,3502.64,11.198,2026-07-24T20:22:02.595Z,68.632,2026-07-24T20:22:02Z,2026-07-24 20:22,down,225.17061088000003
77.632,3484.94,3015.59,3985.68,3453.81,11.091,2026-07-24T20:34:05.737Z,68.632,2026-07-24T20:34:05Z,2026-07-24 20:34,down,225.17061088000003
77.632,3293.54,2852.08,3757.69,3258.84,11.23,2026-07-24T20:46:09.333Z,68.632,2026-07-24T20:46:09Z,2026-07-24 20:46,down,225.17061088000003
77.632,3440.68,2980.93,4125.29,3575.48,11.165,2026-07-24T20:58:12.553Z,68.632,2026-07-24T20:58:12Z,2026-07-24 20:58,down,225.17061088000003
77.632,3540.1,3065.21,3890.07,3370.24,11.057,2026-07-24T21:10:16.430Z,68.632,2026-07-24T21:10:16Z,2026-07-24 21:10,down,225.17061088000003
77.632,3346.41,2899.05,3940.67,3417.73,11.2,2026-07-24T21:22:18.743Z,68.632,2026-07-24T21:22:18Z,2026-07-24 21:22,down,225.17061088000003
77.632,3402.42,2948.86,3889.97,3374.02,11.138,2026-07-24T21:34:22.229Z,68.632,2026-07-24T21:34:22Z,2026-07-24 21:34,down,225.17061088000003
77.632,3402.69,2948.34,4019.61,3487.2,11.089,2026-07-24T21:46:25.152Z,68.632,2026-07-24T21:46:25Z,2026-07-24 21:46,down,225.17061088000003
77.632,3433.3,2977.92,3836.55,3330.77,11.208,2026-07-24T21:58:29.279Z,68.632,2026-07-24T21:58:29Z,2026-07-24 21:58,down,225.17061088000003
77.632,3450.05,2991.13,3946.02,3424.1,11.119,2026-07-24T22:10:32.343Z,68.632,2026-07-24T22:10:32Z,2026-07-24 22:10,down,225.17061088000003
77.632,3298.11,2858.42,3967.32,3442.31,11.03,2026-07-24T22:22:35.704Z,68.632,2026-07-24T22:22:35Z,2026-07-24 22:22,down,225.17061088000003
77.632,3499.05,3036.25,3896.73,3385.72,11.177,2026-07-24T22:34:38.518Z,68.632,2026-07-24T22:34:38Z,2026-07-24 22:34,down,225.17061088000003
77.632,3374.9,2929.54,3851.76,3344.96,11.115,2026-07-24T22:46:41.676Z,68.632,2026-07-24T22:46:41Z,2026-07-24 22:46,down,225.17061088000003
77.632,3317.92,2878.75,4022.86,3493.82,11.015,2026-07-24T22:58:44.724Z,68.632,2026-07-24T22:58:44Z,2026-07-24 22:58,down,225.17061088000003
31.622,3342.07,2913.25,3698.66,3212.66,11.026,2026-07-25T00:11:06.250Z,22.622,2026-07-25T00:11:06Z,2026-07-25 00:11,down,74.21916248
31.622,3371.3,2944.32,3836.91,3349.62,11.558,2026-07-25T00:23:09.876Z,22.622,2026-07-25T00:23:09Z,2026-07-25 00:23,down,74.21916248
31.622,3341.9,2931.2,3637.68,3168.48,11.631,2026-07-25T00:35:13.222Z,22.622,2026-07-25T00:35:13Z,2026-07-25 00:35,down,74.21916248
31.622,3334.79,2911.95,3712.22,3229.08,11.067,2026-07-25T00:47:16.145Z,22.622,2026-07-25T00:47:16Z,2026-07-25 00:47,down,74.21916248
31.622,3433.81,2998.73,3746.78,3266.15,11.163,2026-07-25T00:59:19.052Z,22.622,2026-07-25T00:59:19Z,2026-07-25 00:59,down,74.21916248
31.622,3380.68,2968.1,3662.01,3204.77,11.871,2026-07-25T01:11:22.538Z,22.622,2026-07-25T01:11:22Z,2026-07-25 01:11,down,74.21916248
31.622,3170.02,2774.62,3664.03,3191.53,11.174,2026-07-25T01:23:26.243Z,22.622,2026-07-25T01:23:26Z,2026-07-25 01:23,down,74.21916248
31.622,3371.07,2947.22,3810.05,3318.52,11.012,2026-07-25T01:35:29.604Z,22.622,2026-07-25T01:35:29Z,2026-07-25 01:35,down,74.21916248
31.622,3352.01,2933.4,3540.59,3098.49,11.439,2026-07-25T01:47:32.027Z,22.622,2026-07-25T01:47:32Z,2026-07-25 01:47,down,74.21916248
31.622,3218.2,2831.77,3526.83,3083.02,11.73,2026-07-25T01:59:35.185Z,22.622,2026-07-25T01:59:35Z,2026-07-25 01:59,down,74.21916248
31.622,3243.59,2842.21,3645.68,3180.48,11.098,2026-07-25T02:11:38.327Z,22.622,2026-07-25T02:11:38Z,2026-07-25 02:11,down,74.21916248
31.622,3454.57,3024.19,3688.01,3216.67,10.99,2026-07-25T02:23:41.391Z,22.622,2026-07-25T02:23:41Z,2026-07-25 02:23,down,74.21916248
31.622,3215.78,2823.14,3524.92,3090.41,11.589,2026-07-25T02:35:45.080Z,22.622,2026-07-25T02:35:45Z,2026-07-25 02:35,down,74.21916248
31.622,3160.48,2783.71,3572.95,3122.68,11.549,2026-07-25T02:47:49.066Z,22.622,2026-07-25T02:47:49Z,2026-07-25 02:47,down,74.21916248
31.622,3243.09,2842.84,3499.8,3054.61,11.026,2026-07-25T02:59:52.536Z,22.622,2026-07-25T02:59:52Z,2026-07-25 02:59,down,74.21916248
31.622,3312.04,2904.42,3747.31,3285.56,11.421,2026-07-25T03:11:55.960Z,22.622,2026-07-25T03:11:55Z,2026-07-25 03:11,down,74.21916248
31.622,3247.79,2864.02,3504.05,3068.33,11.724,2026-07-25T03:23:59.133Z,22.622,2026-07-25T03:23:59Z,2026-07-25 03:23,down,74.21916248
31.622,3170.47,2781.44,3618.96,3160.85,11.035,2026-07-25T03:36:02.181Z,22.622,2026-07-25T03:36:02Z,2026-07-25 03:36,down,74.21916248
31.622,3291.27,2886.26,3478.14,3037.48,10.946,2026-07-25T03:48:04.589Z,22.622,2026-07-25T03:48:04Z,2026-07-25 03:48,down,74.21916248
31.622,3331.63,2927.79,3687.51,3238.08,11.523,2026-07-25T04:00:08.341Z,22.622,2026-07-25T04:00:08Z,2026-07-25 04:00,down,74.21916248
31.622,3391.6,2995.56,3574.67,3143.28,12.018,2026-07-25T04:12:11.483Z,22.622,2026-07-25T04:12:11Z,2026-07-25 04:12,down,74.21916248
31.622,3161.17,2792.08,3557.49,3130.13,12.028,2026-07-25T04:24:14.625Z,22.622,2026-07-25T04:24:14Z,2026-07-25 04:24,down,74.21916248
31.622,3190.04,2818.53,3621.68,3186.14,12.032,2026-07-25T04:36:16.923Z,22.622,2026-07-25T04:36:16Z,2026-07-25 04:36,down,74.21916248
31.622,3228.15,2852.56,3648.46,3210.72,11.995,2026-07-25T04:48:20.549Z,22.622,2026-07-25T04:48:20Z,2026-07-25 04:48,down,74.21916248
31.622,3386.21,2993.09,3663.86,3224.3,11.974,2026-07-25T05:00:23.801Z,22.622,2026-07-25T05:00:23Z,2026-07-25 05:00,down,74.21916248
31.622,3224.15,2848.79,3469.58,3044.48,11.662,2026-07-25T05:12:26.958Z,22.622,2026-07-25T05:12:26Z,2026-07-25 05:12,down,74.21916248
31.622,3206.13,2822.79,3548.01,3108.9,11.183,2026-07-25T05:24:29.929Z,22.622,2026-07-25T05:24:29Z,2026-07-25 05:24,down,74.21916248
31.622,3268.69,2876.34,3545.97,3105.23,11.079,2026-07-25T05:36:33.227Z,22.622,2026-07-25T05:36:33Z,2026-07-25 05:36,down,74.21916248
31.622,3223.17,2840.49,3673.45,3232.15,11.526,2026-07-25T05:48:36.541Z,22.622,2026-07-25T05:48:36Z,2026-07-25 05:48,down,74.21916248
31.622,3222.37,2849.55,3613.46,3172.21,11.616,2026-07-25T06:00:39.323Z,22.622,2026-07-25T06:00:39Z,2026-07-25 06:00,down,74.21916248
31.622,3200.69,2819.1,3517.91,3084.29,11.097,2026-07-25T06:12:43.185Z,22.622,2026-07-25T06:12:43Z,2026-07-25 06:12,down,74.21916248
31.622,3219.74,2834.02,3495.34,3063.71,11.035,2026-07-25T06:24:46.311Z,22.622,2026-07-25T06:24:46Z,2026-07-25 06:24,down,74.21916248
31.622,3211.92,2837.6,3607.52,3176.92,11.743,2026-07-25T06:36:49.719Z,22.622,2026-07-25T06:36:49Z,2026-07-25 06:36,down,74.21916248
31.622,3304.99,2926.37,3543.99,3124.36,11.962,2026-07-25T06:48:53.627Z,22.622,2026-07-25T06:48:53Z,2026-07-25 06:48,down,74.21916248
31.622,3276.4,2899,3802.62,3340.43,11.595,2026-07-25T07:00:56.300Z,22.622,2026-07-25T07:00:56Z,2026-07-25 07:00,down,74.21916248
31.622,3518.01,3101.5,3863.16,3388.43,11.136,2026-07-25T07:12:59.176Z,22.622,2026-07-25T07:12:59Z,2026-07-25 07:12,down,74.21916248
31.622,3436.74,3027.79,3752.08,3290.14,11.004,2026-07-25T07:25:02.443Z,22.622,2026-07-25T07:25:02Z,2026-07-25 07:25,down,74.21916248
31.622,3351.7,2952.66,3631.22,3193.95,11.228,2026-07-25T07:37:05.945Z,22.622,2026-07-25T07:37:05Z,2026-07-25 07:37,down,74.21916248
31.622,3295.33,2918.54,3687.82,3247.52,11.747,2026-07-25T07:49:08.868Z,22.622,2026-07-25T07:49:08Z,2026-07-25 07:49,down,74.21916248
31.622,3355.08,2959.79,3757.23,3296.9,11.136,2026-07-25T08:01:11.197Z,22.622,2026-07-25T08:01:11Z,2026-07-25 08:01,down,74.21916248
31.622,3384.87,2982.33,3737.19,3277.57,10.977,2026-07-25T08:13:14.402Z,22.622,2026-07-25T08:13:14Z,2026-07-25 08:13,down,74.21916248
31.622,3341.09,2943.14,3664.55,3221.68,11.13,2026-07-25T08:25:18.107Z,22.622,2026-07-25T08:25:18Z,2026-07-25 08:25,down,74.21916248
31.622,3289.79,2913.03,3638.16,3210.16,11.847,2026-07-25T08:37:21.405Z,22.622,2026-07-25T08:37:21Z,2026-07-25 08:37,down,74.21916248
31.622,3273.83,2899.54,3645.05,3204.65,11.563,2026-07-25T08:49:24.594Z,22.622,2026-07-25T08:49:24Z,2026-07-25 08:49,down,74.21916248
31.622,3263.66,2879.55,3651.69,3206.23,11.077,2026-07-25T09:01:27.877Z,22.622,2026-07-25T09:01:27Z,2026-07-25 09:01,down,74.21916248
31.622,3259.71,2874.28,3656.23,3208.12,10.97,2026-07-25T09:13:31.457Z,22.622,2026-07-25T09:13:31Z,2026-07-25 09:13,down,74.21916248
31.622,3253.73,2867.9,3684.83,3243.61,11.229,2026-07-25T09:25:34.943Z,22.622,2026-07-25T09:25:34Z,2026-07-25 09:25,down,74.21916248
31.622,3252.38,2880.6,3658.7,3228.39,11.838,2026-07-25T09:37:37.991Z,22.622,2026-07-25T09:37:37Z,2026-07-25 09:37,down,74.21916248
31.622,3246.21,2878.55,3651.94,3223.26,11.922,2026-07-25T09:49:42.040Z,22.622,2026-07-25T09:49:42Z,2026-07-25 09:49,down,74.21916248
31.622,3240.7,2872.57,3642.5,3213.63,11.906,2026-07-25T10:01:45.182Z,22.622,2026-07-25T10:01:45Z,2026-07-25 10:01,down,74.21916248
31.622,3235.47,2867.84,3631.08,3198.2,11.761,2026-07-25T10:13:48.386Z,22.622,2026-07-25T10:13:48Z,2026-07-25 10:13,down,74.21916248
31.622,3231.7,2853.35,3614.3,3175.21,11.24,2026-07-25T10:25:51.779Z,22.622,2026-07-25T10:25:51Z,2026-07-25 10:25,down,74.21916248
31.622,3229.93,2849.1,3606.58,3166.39,11.088,2026-07-25T10:37:55.202Z,22.622,2026-07-25T10:37:55Z,2026-07-25 10:37,down,74.21916248
31.622,3234.21,2850.78,3621.8,3177.92,11.008,2026-07-25T10:49:58.375Z,22.622,2026-07-25T10:49:58Z,2026-07-25 10:49,down,74.21916248
31.622,3275.37,2889.44,3720.64,3275.31,11.323,2026-07-25T11:02:01.893Z,22.622,2026-07-25T11:02:01Z,2026-07-25 11:02,down,74.21916248
31.622,3394.17,3006.33,3789.44,3336.13,11.714,2026-07-25T11:14:04.785Z,22.622,2026-07-25T11:14:04Z,2026-07-25 11:14,down,74.21916248
31.622,3329.15,2938.16,3677.8,3228.61,11.173,2026-07-25T11:26:07.802Z,22.622,2026-07-25T11:26:07Z,2026-07-25 11:26,down,74.21916248
31.622,3306.37,2914.37,3738.52,3279.18,11.012,2026-07-25T11:38:11.788Z,22.622,2026-07-25T11:38:11Z,2026-07-25 11:38,down,74.21916248
31.622,3452.96,3042.26,3699.7,3250.07,11.129,2026-07-25T11:50:14.758Z,22.622,2026-07-25T11:50:14Z,2026-07-25 11:50,down,74.21916248
31.622,3304.7,2922.88,3636.18,3204.14,11.773,2026-07-25T12:02:17.290Z,22.622,2026-07-25T12:02:17Z,2026-07-25 12:02,down,74.21916248
31.622,3190.93,2825.37,3557.45,3135.73,11.909,2026-07-25T12:14:19.901Z,22.622,2026-07-25T12:14:19Z,2026-07-25 12:14,down,74.21916248
31.622,3376.1,2984.69,3651.3,3205.51,11.534,2026-07-25T12:26:23.043Z,22.622,2026-07-25T12:26:23Z,2026-07-25 12:26,down,74.21916248
31.622,3225.75,2841.77,3522.21,3087.75,11.169,2026-07-25T12:38:26.670Z,22.622,2026-07-25T12:38:26Z,2026-07-25 12:38,down,74.21916248
31.622,3333.53,2934.3,3669.92,3215.12,11.02,2026-07-25T12:50:30.046Z,22.622,2026-07-25T12:50:30Z,2026-07-25 12:50,down,74.21916248
31.622,3121.49,2751.04,3566.85,3138.19,11.503,2026-07-25T13:02:33.548Z,22.622,2026-07-25T13:02:33Z,2026-07-25 13:02,down,74.21916248
31.622,3200.49,2831.93,3511.47,3084.38,11.706,2026-07-25T13:14:36.674Z,22.622,2026-07-25T13:14:36Z,2026-07-25 13:14,down,74.21916248
31.622,3265.83,2875.33,3607.11,3160.67,11.175,2026-07-25T13:26:39.629Z,22.622,2026-07-25T13:26:39Z,2026-07-25 13:26,down,74.21916248
31.622,3168.93,2786.23,3673.55,3212.75,11.058,2026-07-25T13:38:43.021Z,22.622,2026-07-25T13:38:43Z,2026-07-25 13:38,down,74.21916248
31.622,3220.72,2828.86,3516.43,3078.96,11.094,2026-07-25T13:50:46.444Z,22.622,2026-07-25T13:50:46Z,2026-07-25 13:50,down,74.21916248
31.622,3153.33,2781.3,3723.49,3271.94,11.851,2026-07-25T14:02:49.649Z,22.622,2026-07-25T14:02:49Z,2026-07-25 14:02,down,74.21916248
31.622,3153.38,2780.43,3474.91,3042.07,11.596,2026-07-25T14:14:53.025Z,22.622,2026-07-25T14:14:53Z,2026-07-25 14:14,down,74.21916248
31.622,3309.38,2905.92,3669.61,3207.02,11.147,2026-07-25T14:26:56.715Z,22.622,2026-07-25T14:26:56Z,2026-07-25 14:26,down,74.21916248
31.622,3218.67,2822.42,3621.01,3161.36,11.057,2026-07-25T14:39:00.091Z,22.622,2026-07-25T14:39:00Z,2026-07-25 14:39,down,74.21916248
31.622,3336.06,2922.41,3618.4,3161.49,11.15,2026-07-25T14:51:03.749Z,22.622,2026-07-25T14:51:03Z,2026-07-25 14:51,down,74.21916248
31.622,3263.51,2869.88,3612.26,3164.21,11.839,2026-07-25T15:03:06.485Z,22.622,2026-07-25T15:03:06Z,2026-07-25 15:03,down,74.21916248
31.622,3334.56,2921.51,3836.05,3342.81,11.252,2026-07-25T15:15:09.955Z,22.622,2026-07-25T15:15:09Z,2026-07-25 15:15,down,74.21916248
31.622,3319.09,2905.83,3760,3288.86,11.625,2026-07-25T15:27:13.019Z,22.622,2026-07-25T15:27:13Z,2026-07-25 15:27,down,74.21916248
31.622,3460.93,3040.3,3664.47,3196.73,11.799,2026-07-25T15:39:16.568Z,22.622,2026-07-25T15:39:16Z,2026-07-25 15:39,down,74.21916248
31.622,3360.69,2935.68,3859.87,3357,11.188,2026-07-25T15:51:19.710Z,22.622,2026-07-25T15:51:19Z,2026-07-25 15:51,down,74.21916248
31.622,3423.36,2986.49,3798.62,3299.9,11.069,2026-07-25T16:03:23.133Z,22.622,2026-07-25T16:03:23Z,2026-07-25 16:03,down,74.21916248
31.622,3419.05,2985.93,3869.17,3374.59,11.647,2026-07-25T16:15:26.447Z,22.622,2026-07-25T16:15:26Z,2026-07-25 16:15,down,74.21916248
31.622,3421.26,2994.37,3843.91,3337.45,11.641,2026-07-25T16:27:29.511Z,22.622,2026-07-25T16:27:29Z,2026-07-25 16:27,down,74.21916248
31.622,3524.72,3065.86,3813.69,3304.56,11.124,2026-07-25T16:39:33.122Z,22.622,2026-07-25T16:39:33Z,2026-07-25 16:39,down,74.21916248
31.622,3276.97,2847.81,3917.12,3391.2,11.024,2026-07-25T16:51:35.779Z,22.622,2026-07-25T16:51:35Z,2026-07-25 16:51,down,74.21916248
31.622,3673.4,3189.5,3882.96,3370.89,11.243,2026-07-25T17:03:39.140Z,22.622,2026-07-25T17:03:39Z,2026-07-25 17:03,down,74.21916248
31.622,3436.08,2999.43,3873.66,3365.27,11.849,2026-07-25T17:15:42.017Z,22.622,2026-07-25T17:15:42Z,2026-07-25 17:15,down,74.21916248
31.622,3343.72,2905.7,3849.63,3331.8,11.171,2026-07-25T17:27:45.487Z,22.622,2026-07-25T17:27:45Z,2026-07-25 17:27,down,74.21916248
31.622,3531.16,3065.51,3588.8,3105.12,11.041,2026-07-25T17:39:48.692Z,22.622,2026-07-25T17:39:48Z,2026-07-25 17:39,down,74.21916248
31.622,3497.64,3041.21,3795.31,3299.47,11.623,2026-07-25T17:51:51.740Z,22.622,2026-07-25T17:51:51Z,2026-07-25 17:51,down,74.21916248
31.622,3482.29,3038.14,3687.66,3191.34,11.603,2026-07-25T18:03:54.007Z,22.622,2026-07-25T18:03:54Z,2026-07-25 18:03,down,74.21916248
31.622,3540.23,3069.78,3863.53,3336.27,11.093,2026-07-25T18:15:57.680Z,22.622,2026-07-25T18:15:57Z,2026-07-25 18:15,down,74.21916248
31.622,3330.85,2891.86,3771.22,3272.86,11.716,2026-07-25T18:28:01.729Z,22.622,2026-07-25T18:28:01Z,2026-07-25 18:28,down,74.21916248
31.622,3452.94,3005.16,3825.83,3305.19,11.597,2026-07-25T18:40:03.917Z,22.622,2026-07-25T18:40:03Z,2026-07-25 18:40,down,74.21916248
31.622,3580.99,3100.26,3846.44,3316.61,11.11,2026-07-25T18:52:07.982Z,22.622,2026-07-25T18:52:07Z,2026-07-25 18:52,down,74.21916248
31.622,3267,2824.77,3623.77,3134,11.336,2026-07-25T19:04:11.405Z,22.622,2026-07-25T19:04:11Z,2026-07-25 19:04,down,74.21916248
31.622,3464.79,3013.56,3893.87,3367.77,11.848,2026-07-25T19:16:15.079Z,22.622,2026-07-25T19:16:15Z,2026-07-25 19:16,down,74.21916248
31.622,3531.14,3055.2,3970.55,3422.26,11.173,2026-07-25T19:28:17.533Z,22.622,2026-07-25T19:28:17Z,2026-07-25 19:28,down,74.21916248
31.622,3426.46,2961.07,3709.24,3197.09,11.121,2026-07-25T19:40:20.128Z,22.622,2026-07-25T19:40:20Z,2026-07-25 19:40,down,74.21916248
31.622,3300.83,2865.04,3667.12,3177.09,11.985,2026-07-25T19:52:23.630Z,22.622,2026-07-25T19:52:23Z,2026-07-25 19:52,down,74.21916248
31.622,3298.37,2854.12,3779.69,3256.22,11.242,2026-07-25T20:04:26.459Z,22.622,2026-07-25T20:04:26Z,2026-07-25 20:04,down,74.21916248
31.622,3487.24,3011.92,3933.4,3389.49,11.2,2026-07-25T20:16:29.851Z,22.622,2026-07-25T20:16:29Z,2026-07-25 20:16,down,74.21916248
31.622,3552.6,3083.91,3713.43,3216.54,12.073,2026-07-25T20:28:33.165Z,22.622,2026-07-25T20:28:33Z,2026-07-25 20:28,down,74.21916248
31.622,3330.89,2881.83,3560,3063.99,11.287,2026-07-25T20:40:36.338Z,22.622,2026-07-25T20:40:36Z,2026-07-25 20:40,down,74.21916248
31.622,3332.25,2876.41,3833.59,3295.58,11.083,2026-07-25T20:52:40.121Z,22.622,2026-07-25T20:52:40Z,2026-07-25 20:52,down,74.21916248
31.622,3373.55,2920.02,3627.89,3137.18,11.825,2026-07-25T21:04:44.014Z,22.622,2026-07-25T21:04:44Z,2026-07-25 21:04,down,74.21916248
31.622,3287.4,2849.5,3744.24,3223.22,11.583,2026-07-25T21:16:47.891Z,22.622,2026-07-25T21:16:47Z,2026-07-25 21:16,down,74.21916248
31.622,3293.76,2842.61,3611.17,3104.94,11.132,2026-07-25T21:28:51.017Z,22.622,2026-07-25T21:28:51Z,2026-07-25 21:28,down,74.21916248
31.622,3274.83,2836.08,3755.65,3249.24,11.922,2026-07-25T21:40:54.237Z,22.622,2026-07-25T21:40:54Z,2026-07-25 21:40,down,74.21916248
31.622,3339.67,2894.93,3634.61,3127.83,11.594,2026-07-25T21:52:57.301Z,22.622,2026-07-25T21:52:57Z,2026-07-25 21:52,down,74.21916248
31.622,3229.01,2784.16,3669.06,3150.89,11.154,2026-07-25T22:05:00.209Z,22.622,2026-07-25T22:05:00Z,2026-07-25 22:05,down,74.21916248
31.622,3357.64,2904.46,3638.34,3142.4,11.995,2026-07-25T22:17:03.398Z,22.622,2026-07-25T22:17:03Z,2026-07-25 22:17,down,74.21916248
31.622,3250.28,2809.32,3570.36,3066.63,11.543,2026-07-25T22:29:06.118Z,22.622,2026-07-25T22:29:06Z,2026-07-25 22:29,down,74.21916248
31.622,3188.35,2744.69,3543.71,3043.05,11.22,2026-07-25T22:41:09.713Z,22.622,2026-07-25T22:41:09Z,2026-07-25 22:41,down,74.21916248
31.622,3226.57,2790.65,3596.16,3105.39,12.103,2026-07-25T22:53:12.730Z,22.622,2026-07-25T22:53:12Z,2026-07-25 22:53,down,74.21916248
47.128,3320.51,2892.12,3726.5,3237.95,10.987,2026-07-25T00:11:06.250Z,38.128,2026-07-25T00:11:06Z,2026-07-25 00:11,down,125.09186752
47.128,3345.51,2914.65,3857.85,3356.27,11.063,2026-07-25T00:23:09.876Z,38.128,2026-07-25T00:23:09Z,2026-07-25 00:23,down,125.09186752
47.128,3317.45,2896.86,3660.71,3186.06,11.192,2026-07-25T00:35:13.222Z,38.128,2026-07-25T00:35:13Z,2026-07-25 00:35,down,125.09186752
47.128,3315.3,2891.67,3739,3253.21,10.995,2026-07-25T00:47:16.145Z,38.128,2026-07-25T00:47:16Z,2026-07-25 00:47,down,125.09186752
47.128,3413.27,2978.01,3771.03,3283.98,11.001,2026-07-25T00:59:19.052Z,38.128,2026-07-25T00:59:19Z,2026-07-25 00:59,down,125.09186752
47.128,3356.39,2933.86,3683.19,3214.61,11.275,2026-07-25T01:11:22.538Z,38.128,2026-07-25T01:11:22Z,2026-07-25 01:11,down,125.09186752
47.128,3149.92,2752.18,3690.2,3215.5,11.058,2026-07-25T01:23:26.243Z,38.128,2026-07-25T01:23:26Z,2026-07-25 01:23,down,125.09186752
47.128,3350.11,2925.77,3831.83,3338.98,10.96,2026-07-25T01:35:29.604Z,38.128,2026-07-25T01:35:29Z,2026-07-25 01:35,down,125.09186752
47.128,3328.92,2908.21,3560.26,3106.06,11.036,2026-07-25T01:47:32.027Z,38.128,2026-07-25T01:47:32Z,2026-07-25 01:47,down,125.09186752
47.128,3195.66,2799.43,3548.35,3097.09,11.228,2026-07-25T01:59:35.185Z,38.128,2026-07-25T01:59:35Z,2026-07-25 01:59,down,125.09186752
47.128,3226.27,2823.11,3671.16,3203.62,11.005,2026-07-25T02:11:38.327Z,38.128,2026-07-25T02:11:38Z,2026-07-25 02:11,down,125.09186752
47.128,3429.66,2999.59,3714.24,3240.86,10.946,2026-07-25T02:23:41.391Z,38.128,2026-07-25T02:23:41Z,2026-07-25 02:23,down,125.09186752
47.128,3193.72,2795.45,3544.92,3096.7,11.036,2026-07-25T02:35:45.080Z,38.128,2026-07-25T02:35:45Z,2026-07-25 02:35,down,125.09186752
47.128,3135.72,2749.5,3597.9,3142.93,11.13,2026-07-25T02:47:49.066Z,38.128,2026-07-25T02:47:49Z,2026-07-25 02:47,down,125.09186752
47.128,3220.31,2819.63,3520.05,3073.7,10.969,2026-07-25T02:59:52.536Z,38.128,2026-07-25T02:59:52Z,2026-07-25 02:59,down,125.09186752
47.128,3291.19,2881.15,3770.7,3295.07,10.997,2026-07-25T03:11:55.960Z,38.128,2026-07-25T03:11:55Z,2026-07-25 03:11,down,125.09186752
47.128,3223.37,2825.98,3525.32,3083.08,11.13,2026-07-25T03:23:59.133Z,38.128,2026-07-25T03:23:59Z,2026-07-25 03:23,down,125.09186752
47.128,3148.85,2759.6,3642.76,3182.77,10.978,2026-07-25T03:36:02.181Z,38.128,2026-07-25T03:36:02Z,2026-07-25 03:36,down,125.09186752
47.128,3272.6,2866.82,3500.15,3058.69,10.911,2026-07-25T03:48:04.589Z,38.128,2026-07-25T03:48:04Z,2026-07-25 03:48,down,125.09186752
47.128,3311.3,2902.39,3707.82,3243.52,10.986,2026-07-25T04:00:08.341Z,38.128,2026-07-25T04:00:08Z,2026-07-25 04:00,down,125.09186752
47.128,3365.74,2955.68,3598.25,3152.93,11.24,2026-07-25T04:12:11.483Z,38.128,2026-07-25T04:12:11Z,2026-07-25 04:12,down,125.09186752
47.128,3136.6,2757.56,3578.9,3140.01,11.399,2026-07-25T04:24:14.625Z,38.128,2026-07-25T04:24:14Z,2026-07-25 04:24,down,125.09186752
47.128,3166.26,2786.28,3644.87,3199.52,11.509,2026-07-25T04:36:16.923Z,38.128,2026-07-25T04:36:16Z,2026-07-25 04:36,down,125.09186752
47.128,3207.13,2823.62,3672.88,3224.61,11.489,2026-07-25T04:48:20.549Z,38.128,2026-07-25T04:48:20Z,2026-07-25 04:48,down,125.09186752
47.128,3361.3,2960.1,3686.65,3238.53,11.512,2026-07-25T05:00:23.801Z,38.128,2026-07-25T05:00:23Z,2026-07-25 05:00,down,125.09186752
47.128,3203.72,2821.6,3493.61,3063.26,11.327,2026-07-25T05:12:26.958Z,38.128,2026-07-25T05:12:26Z,2026-07-25 05:12,down,125.09186752
47.128,3187.09,2802.41,3572.45,3130.87,11.09,2026-07-25T05:24:29.929Z,38.128,2026-07-25T05:24:29Z,2026-07-25 05:24,down,125.09186752
47.128,3250.12,2856.32,3572.51,3129.87,11.009,2026-07-25T05:36:33.227Z,38.128,2026-07-25T05:36:33Z,2026-07-25 05:36,down,125.09186752
47.128,3200.82,2814.81,3696.44,3244.42,11.142,2026-07-25T05:48:36.541Z,38.128,2026-07-25T05:48:36Z,2026-07-25 05:48,down,125.09186752
47.128,3200.63,2820,3636.16,3189.19,11.232,2026-07-25T06:00:39.323Z,38.128,2026-07-25T06:00:39Z,2026-07-25 06:00,down,125.09186752
47.128,3181.3,2798.71,3542.29,3106.14,11.011,2026-07-25T06:12:43.185Z,38.128,2026-07-25T06:12:43Z,2026-07-25 06:12,down,125.09186752
47.128,3202.48,2815.84,3520.78,3086.44,10.958,2026-07-25T06:24:46.311Z,38.128,2026-07-25T06:24:46Z,2026-07-25 06:24,down,125.09186752
47.128,3188.33,2805.28,3624.75,3185.51,11.227,2026-07-25T06:36:49.719Z,38.128,2026-07-25T06:36:49Z,2026-07-25 06:36,down,125.09186752
47.128,3282.6,2896.4,3563.06,3136.31,11.537,2026-07-25T06:48:53.627Z,38.128,2026-07-25T06:48:53Z,2026-07-25 06:48,down,125.09186752
47.128,3254.96,2870.43,3830.96,3363.37,11.266,2026-07-25T07:00:56.300Z,38.128,2026-07-25T07:00:56Z,2026-07-25 07:00,down,125.09186752
47.128,3497.32,3079.33,3889.9,3412.51,11.045,2026-07-25T07:12:59.176Z,38.128,2026-07-25T07:12:59Z,2026-07-25 07:12,down,125.09186752
47.128,3417.38,3007.34,3778.21,3314.9,10.956,2026-07-25T07:25:02.443Z,38.128,2026-07-25T07:25:02Z,2026-07-25 07:25,down,125.09186752
47.128,3331.91,2932.02,3653.51,3207.54,10.98,2026-07-25T07:37:05.945Z,38.128,2026-07-25T07:37:05Z,2026-07-25 07:37,down,125.09186752
47.128,3270.13,2883.93,3711.06,3261.78,11.23,2026-07-25T07:49:08.868Z,38.128,2026-07-25T07:49:08Z,2026-07-25 07:49,down,125.09186752
47.128,3331.49,2934.46,3785.71,3322.21,11.015,2026-07-25T08:01:11.197Z,38.128,2026-07-25T08:01:11Z,2026-07-25 08:01,down,125.09186752
47.128,3362.2,2959.24,3761.56,3300.3,10.924,2026-07-25T08:13:14.402Z,38.128,2026-07-25T08:13:14Z,2026-07-25 08:13,down,125.09186752
47.128,3318.72,2920.66,3685.25,3235.83,10.946,2026-07-25T08:25:18.107Z,38.128,2026-07-25T08:25:18Z,2026-07-25 08:25,down,125.09186752
47.128,3262.84,2876.49,3660.16,3221.91,11.278,2026-07-25T08:37:21.405Z,38.128,2026-07-25T08:37:21Z,2026-07-25 08:37,down,125.09186752
47.128,3251.99,2869.62,3668.47,3223.95,11.221,2026-07-25T08:49:24.594Z,38.128,2026-07-25T08:49:24Z,2026-07-25 08:49,down,125.09186752
47.128,3242.75,2857.38,3677.69,3230.19,10.998,2026-07-25T09:01:27.877Z,38.128,2026-07-25T09:01:27Z,2026-07-25 09:01,down,125.09186752
47.128,3238.45,2852.53,3679.22,3230.69,10.944,2026-07-25T09:13:31.457Z,38.128,2026-07-25T09:13:31Z,2026-07-25 09:13,down,125.09186752
47.128,3232.15,2845.95,3705.91,3255.69,10.976,2026-07-25T09:25:34.943Z,38.128,2026-07-25T09:25:34Z,2026-07-25 09:25,down,125.09186752
47.128,3228.5,2849.21,3683.97,3245.3,11.397,2026-07-25T09:37:37.991Z,38.128,2026-07-25T09:37:37Z,2026-07-25 09:37,down,125.09186752
47.128,3222.04,2847.01,3676.31,3239.51,11.488,2026-07-25T09:49:42.040Z,38.128,2026-07-25T09:49:42Z,2026-07-25 09:49,down,125.09186752
47.128,3217.08,2843.46,3666.27,3231.29,11.578,2026-07-25T10:01:45.182Z,38.128,2026-07-25T10:01:45Z,2026-07-25 10:01,down,125.09186752
47.128,3212.18,2838.92,3652.57,3213.08,11.411,2026-07-25T10:13:48.386Z,38.128,2026-07-25T10:13:48Z,2026-07-25 10:13,down,125.09186752
47.128,3209.5,2829.56,3639.67,3198.19,11.134,2026-07-25T10:25:51.779Z,38.128,2026-07-25T10:25:51Z,2026-07-25 10:25,down,125.09186752
47.128,3208.14,2826.43,3630.79,3189.06,11.023,2026-07-25T10:37:55.202Z,38.128,2026-07-25T10:37:55Z,2026-07-25 10:37,down,125.09186752
47.128,3212.09,2828.19,3644.33,3199.47,10.963,2026-07-25T10:49:58.375Z,38.128,2026-07-25T10:49:58Z,2026-07-25 10:49,down,125.09186752
47.128,3252.38,2865.59,3744.99,3293.36,11.133,2026-07-25T11:02:01.893Z,38.128,2026-07-25T11:02:01Z,2026-07-25 11:02,down,125.09186752
47.128,3369.9,2976.23,3811.88,3350.84,11.345,2026-07-25T11:14:04.785Z,38.128,2026-07-25T11:14:04Z,2026-07-25 11:14,down,125.09186752
47.128,3307.44,2914.14,3705.84,3253.84,11.049,2026-07-25T11:26:07.802Z,38.128,2026-07-25T11:26:07Z,2026-07-25 11:26,down,125.09186752
47.128,3288.55,2895.29,3765.99,3304.77,10.952,2026-07-25T11:38:11.788Z,38.128,2026-07-25T11:38:11Z,2026-07-25 11:38,down,125.09186752
47.128,3431.6,3020.41,3725.31,3271.32,11.013,2026-07-25T11:50:14.758Z,38.128,2026-07-25T11:50:14Z,2026-07-25 11:50,down,125.09186752
47.128,3283.21,2895.86,3660.77,3222.19,11.447,2026-07-25T12:02:17.290Z,38.128,2026-07-25T12:02:17Z,2026-07-25 12:02,down,125.09186752
47.128,3169.7,2799.34,3579.16,3151.02,11.59,2026-07-25T12:14:19.901Z,38.128,2026-07-25T12:14:19Z,2026-07-25 12:14,down,125.09186752
47.128,3351.43,2953.81,3676.07,3226.34,11.254,2026-07-25T12:26:23.043Z,38.128,2026-07-25T12:26:23Z,2026-07-25 12:26,down,125.09186752
47.128,3204.78,2819.47,3543.15,3106.59,11.069,2026-07-25T12:38:26.670Z,38.128,2026-07-25T12:38:26Z,2026-07-25 12:38,down,125.09186752
47.128,3313.31,2913.49,3690.84,3234.97,10.972,2026-07-25T12:50:30.046Z,38.128,2026-07-25T12:50:30Z,2026-07-25 12:50,down,125.09186752
47.128,3098.43,2725.16,3589.89,3152.15,11.164,2026-07-25T13:02:33.548Z,38.128,2026-07-25T13:02:33Z,2026-07-25 13:02,down,125.09186752
47.128,3180.21,2803.6,3532.87,3099.69,11.301,2026-07-25T13:14:36.674Z,38.128,2026-07-25T13:14:36Z,2026-07-25 13:14,down,125.09186752
47.128,3247.16,2855.12,3629.7,3181.05,11.08,2026-07-25T13:26:39.629Z,38.128,2026-07-25T13:26:39Z,2026-07-25 13:26,down,125.09186752
47.128,3149.17,2765.79,3695.86,3233.57,10.999,2026-07-25T13:38:43.021Z,38.128,2026-07-25T13:38:43Z,2026-07-25 13:38,down,125.09186752
47.128,3203.59,2810.78,3539.45,3098.16,10.978,2026-07-25T13:50:46.444Z,38.128,2026-07-25T13:50:46Z,2026-07-25 13:50,down,125.09186752
47.128,3128.99,2747.26,3747.49,3284.88,11.259,2026-07-25T14:02:49.649Z,38.128,2026-07-25T14:02:49Z,2026-07-25 14:02,down,125.09186752
47.128,3130.12,2749.99,3499.18,3062.21,11.263,2026-07-25T14:14:53.025Z,38.128,2026-07-25T14:14:53Z,2026-07-25 14:14,down,125.09186752
47.128,3289.99,2885.54,3696.31,3231.2,11.071,2026-07-25T14:26:56.715Z,38.128,2026-07-25T14:26:56Z,2026-07-25 14:26,down,125.09186752
47.128,3200.18,2803.07,3644.64,3183.51,11.003,2026-07-25T14:39:00.091Z,38.128,2026-07-25T14:39:00Z,2026-07-25 14:39,down,125.09186752
47.128,3316.25,2902.14,3639.87,3177.97,11.006,2026-07-25T14:51:03.749Z,38.128,2026-07-25T14:51:03Z,2026-07-25 14:51,down,125.09186752
47.128,3239.94,2837.17,3633.58,3175.2,11.282,2026-07-25T15:03:06.485Z,38.128,2026-07-25T15:03:06Z,2026-07-25 15:03,down,125.09186752
47.128,3312.23,2896.26,3858.97,3363.74,11.112,2026-07-25T15:15:09.955Z,38.128,2026-07-25T15:15:09Z,2026-07-25 15:15,down,125.09186752
47.128,3299.44,2881.51,3782.44,3297.52,11.139,2026-07-25T15:27:13.019Z,38.128,2026-07-25T15:27:13Z,2026-07-25 15:27,down,125.09186752
47.128,3434.98,3003.86,3686.36,3211.72,11.31,2026-07-25T15:39:16.568Z,38.128,2026-07-25T15:39:16Z,2026-07-25 15:39,down,125.09186752
47.128,3341.83,2915.54,3885.34,3379.83,11.099,2026-07-25T15:51:19.710Z,38.128,2026-07-25T15:51:19Z,2026-07-25 15:51,down,125.09186752
47.128,3402.22,2965.12,3822.55,3321.79,11.014,2026-07-25T16:03:23.133Z,38.128,2026-07-25T16:03:23Z,2026-07-25 16:03,down,125.09186752
47.128,3396.56,2958.28,3891.65,3381.25,11.1,2026-07-25T16:15:26.447Z,38.128,2026-07-25T16:15:26Z,2026-07-25 16:15,down,125.09186752
47.128,3395.67,2958.31,3867.74,3357.37,11.235,2026-07-25T16:27:29.511Z,38.128,2026-07-25T16:27:29Z,2026-07-25 16:27,down,125.09186752
47.128,3503.57,3044.47,3839.19,3327.46,11.062,2026-07-25T16:39:33.122Z,38.128,2026-07-25T16:39:33Z,2026-07-25 16:39,down,125.09186752
47.128,3258.87,2829.5,3941.57,3414.49,11,2026-07-25T16:51:35.779Z,38.128,2026-07-25T16:51:35Z,2026-07-25 16:51,down,125.09186752
47.128,3654.68,3170.86,3907.17,3384.7,11.002,2026-07-25T17:03:39.140Z,38.128,2026-07-25T17:03:39Z,2026-07-25 17:03,down,125.09186752
47.128,3411.87,2961.38,3898.19,3379.27,11.189,2026-07-25T17:15:42.017Z,38.128,2026-07-25T17:15:42Z,2026-07-25 17:15,down,125.09186752
47.128,3322.73,2883.33,3876.68,3356.33,11.079,2026-07-25T17:27:45.487Z,38.128,2026-07-25T17:27:45Z,2026-07-25 17:27,down,125.09186752
47.128,3510.71,3045.14,3611.17,3126.13,11.014,2026-07-25T17:39:48.692Z,38.128,2026-07-25T17:39:48Z,2026-07-25 17:39,down,125.09186752
47.128,3472.82,3011.2,3816.03,3304.82,11.068,2026-07-25T17:51:51.740Z,38.128,2026-07-25T17:51:51Z,2026-07-25 17:51,down,125.09186752
47.128,3456.03,3000.27,3708.53,3210.02,11.202,2026-07-25T18:03:54.007Z,38.128,2026-07-25T18:03:54Z,2026-07-25 18:03,down,125.09186752
47.128,3519.58,3048.66,3888.75,3360.31,11.061,2026-07-25T18:15:57.680Z,38.128,2026-07-25T18:15:57Z,2026-07-25 18:15,down,125.09186752
47.128,3310.28,2865.48,3794.59,3279.17,11.11,2026-07-25T18:28:01.729Z,38.128,2026-07-25T18:28:01Z,2026-07-25 18:28,down,125.09186752
47.128,3427.35,2969.54,3850.18,3326.43,11.226,2026-07-25T18:40:03.917Z,38.128,2026-07-25T18:40:03Z,2026-07-25 18:40,down,125.09186752
47.128,3559.38,3078.69,3871.49,3339.48,11.064,2026-07-25T18:52:07.982Z,38.128,2026-07-25T18:52:07Z,2026-07-25 18:52,down,125.09186752
47.128,3245.78,2804.08,3644.36,3143.15,11.035,2026-07-25T19:04:11.405Z,38.128,2026-07-25T19:04:11Z,2026-07-25 19:04,down,125.09186752
47.128,3438.13,2973.34,3916.81,3382.03,11.23,2026-07-25T19:16:15.079Z,38.128,2026-07-25T19:16:15Z,2026-07-25 19:16,down,125.09186752
47.128,3510.41,3033.74,3995.16,3444.66,11.104,2026-07-25T19:28:17.533Z,38.128,2026-07-25T19:28:17Z,2026-07-25 19:28,down,125.09186752
47.128,3405.29,2940.47,3732.98,3216.43,11.026,2026-07-25T19:40:20.128Z,38.128,2026-07-25T19:40:20Z,2026-07-25 19:40,down,125.09186752
47.128,3278.9,2831.61,3685.72,3178.33,11.166,2026-07-25T19:52:23.630Z,38.128,2026-07-25T19:52:23Z,2026-07-25 19:52,down,125.09186752
47.128,3278.53,2833.46,3806.15,3280.36,11.173,2026-07-25T20:04:26.459Z,38.128,2026-07-25T20:04:26Z,2026-07-25 20:04,down,125.09186752
47.128,3467.08,2991.84,3956.8,3407.05,11.062,2026-07-25T20:16:29.851Z,38.128,2026-07-25T20:16:29Z,2026-07-25 20:16,down,125.09186752
47.128,3526.76,3044.64,3731.66,3216.88,11.207,2026-07-25T20:28:33.165Z,38.128,2026-07-25T20:28:33Z,2026-07-25 20:28,down,125.09186752
47.128,3309.86,2859.13,3582.92,3084.58,11.179,2026-07-25T20:40:36.338Z,38.128,2026-07-25T20:40:36Z,2026-07-25 20:40,down,125.09186752
47.128,3309.68,2854.07,3857.67,3318.31,11.05,2026-07-25T20:52:40.121Z,38.128,2026-07-25T20:52:40Z,2026-07-25 20:52,down,125.09186752
47.128,3351.03,2889.68,3647.36,3139.91,11.134,2026-07-25T21:04:44.014Z,38.128,2026-07-25T21:04:44Z,2026-07-25 21:04,down,125.09186752
47.128,3267.94,2820.35,3767.15,3242.79,11.215,2026-07-25T21:16:47.891Z,38.128,2026-07-25T21:16:47Z,2026-07-25 21:16,down,125.09186752
47.128,3277.34,2825.1,3634.65,3126.27,11.064,2026-07-25T21:28:51.017Z,38.128,2026-07-25T21:28:51Z,2026-07-25 21:28,down,125.09186752
47.128,3253.35,2805.28,3775.08,3250.66,11.161,2026-07-25T21:40:54.237Z,38.128,2026-07-25T21:40:54Z,2026-07-25 21:40,down,125.09186752
47.128,3316.86,2862.68,3658.42,3148.3,11.228,2026-07-25T21:52:57.301Z,38.128,2026-07-25T21:52:57Z,2026-07-25 21:52,down,125.09186752
47.128,3208.34,2763.52,3695.67,3174.78,11.097,2026-07-25T22:05:00.209Z,38.128,2026-07-25T22:05:00Z,2026-07-25 22:05,down,125.09186752
47.128,3336.31,2872.31,3655.61,3141.75,11.18,2026-07-25T22:17:03.398Z,38.128,2026-07-25T22:17:03Z,2026-07-25 22:17,down,125.09186752
47.128,3226.99,2778.99,3593.47,3086.31,11.232,2026-07-25T22:29:06.118Z,38.128,2026-07-25T22:29:06Z,2026-07-25 22:29,down,125.09186752
47.128,3168.59,2725.01,3568.02,3062.76,11.106,2026-07-25T22:41:09.713Z,38.128,2026-07-25T22:41:09Z,2026-07-25 22:41,down,125.09186752
47.128,3201.95,2754.14,3614.86,3105.93,11.218,2026-07-25T22:53:12.730Z,38.128,2026-07-25T22:53:12Z,2026-07-25 22:53,down,125.09186752
62.38,3299.99,2871.88,3750.25,3261.52,10.994,2026-07-25T00:11:06.250Z,53.38,2026-07-25T00:11:06Z,2026-07-25 00:11,down,175.1312392
62.38,3332.95,2904.85,3889.1,3390.5,11.27,2026-07-25T00:23:09.876Z,53.38,2026-07-25T00:23:09Z,2026-07-25 00:23,down,175.1312392
62.38,3298.69,2878.28,3687.34,3211.71,11.193,2026-07-25T00:35:13.222Z,53.38,2026-07-25T00:35:13Z,2026-07-25 00:35,down,175.1312392
62.38,3297.27,2874.54,3766.85,3280.72,11.037,2026-07-25T00:47:16.145Z,53.38,2026-07-25T00:47:16Z,2026-07-25 00:47,down,175.1312392
62.38,3395.01,2959.93,3806.9,3322.07,11.113,2026-07-25T00:59:19.052Z,53.38,2026-07-25T00:59:19Z,2026-07-25 00:59,down,175.1312392
62.38,3337.87,2917.87,3708.95,3238.54,11.318,2026-07-25T01:11:22.538Z,53.38,2026-07-25T01:11:22Z,2026-07-25 01:11,down,175.1312392
62.38,3135.64,2737.53,3717.97,3242.15,11.054,2026-07-25T01:23:26.243Z,53.38,2026-07-25T01:23:26Z,2026-07-25 01:23,down,175.1312392
62.38,3332.77,2909.11,3859.06,3365.69,10.99,2026-07-25T01:35:29.604Z,53.38,2026-07-25T01:35:29Z,2026-07-25 01:35,down,175.1312392
62.38,3312.38,2894.01,3583.53,3133.12,11.224,2026-07-25T01:47:32.027Z,53.38,2026-07-25T01:47:32Z,2026-07-25 01:47,down,175.1312392
62.38,3178.35,2782.71,3575.62,3123.04,11.239,2026-07-25T01:59:35.185Z,53.38,2026-07-25T01:59:35Z,2026-07-25 01:59,down,175.1312392
62.38,3206.54,2804.44,3699,3230.77,11.037,2026-07-25T02:11:38.327Z,53.38,2026-07-25T02:11:38Z,2026-07-25 02:11,down,175.1312392
62.38,3412,2982.47,3738.34,3264.57,10.968,2026-07-25T02:23:41.391Z,53.38,2026-07-25T02:23:41Z,2026-07-25 02:23,down,175.1312392
62.38,3171.9,2778.02,3569.38,3125.11,11.275,2026-07-25T02:35:45.080Z,53.38,2026-07-25T02:35:45Z,2026-07-25 02:35,down,175.1312392
62.38,3116.3,2730.73,3622.54,3167.7,11.163,2026-07-25T02:47:49.066Z,53.38,2026-07-25T02:47:49Z,2026-07-25 02:47,down,175.1312392
62.38,3203.63,2803.56,3547.56,3100.56,11.002,2026-07-25T02:59:52.536Z,53.38,2026-07-25T02:59:52Z,2026-07-25 02:59,down,175.1312392
62.38,3272.02,2864.18,3797.6,3326.21,11.184,2026-07-25T03:11:55.960Z,53.38,2026-07-25T03:11:55Z,2026-07-25 03:11,down,175.1312392
62.38,3210.22,2816.09,3551.19,3107.31,11.222,2026-07-25T03:23:59.133Z,53.38,2026-07-25T03:23:59Z,2026-07-25 03:23,down,175.1312392
62.38,3130.49,2741.12,3672.24,3211.16,10.974,2026-07-25T03:36:02.181Z,53.38,2026-07-25T03:36:02Z,2026-07-25 03:36,down,175.1312392
62.38,3252.06,2847.04,3525.93,3083.88,10.931,2026-07-25T03:48:04.589Z,53.38,2026-07-25T03:48:04Z,2026-07-25 03:48,down,175.1312392
62.38,3296.01,2890.02,3739.66,3279.16,11.215,2026-07-25T04:00:08.341Z,53.38,2026-07-25T04:00:08Z,2026-07-25 04:00,down,175.1312392
62.38,3343.42,2937.51,3625.22,3181.11,11.401,2026-07-25T04:12:11.483Z,53.38,2026-07-25T04:12:11Z,2026-07-25 04:12,down,175.1312392
62.38,3116.13,2739.28,3608.87,3169.98,11.487,2026-07-25T04:24:14.625Z,53.38,2026-07-25T04:24:14Z,2026-07-25 04:24,down,175.1312392
62.38,3146.71,2767.57,3672.17,3226.17,11.533,2026-07-25T04:36:16.923Z,53.38,2026-07-25T04:36:16Z,2026-07-25 04:36,down,175.1312392
62.38,3190.49,2808.03,3697.94,3251.06,11.575,2026-07-25T04:48:20.549Z,53.38,2026-07-25T04:48:20Z,2026-07-25 04:48,down,175.1312392
62.38,3346.44,2946.43,3717.9,3269.43,11.584,2026-07-25T05:00:23.801Z,53.38,2026-07-25T05:00:23Z,2026-07-25 05:00,down,175.1312392
62.38,3189.24,2806.02,3519.72,3088.25,11.3,2026-07-25T05:12:26.958Z,53.38,2026-07-25T05:12:26Z,2026-07-25 05:12,down,175.1312392
62.38,3168.44,2784.04,3598.86,3156.76,11.104,2026-07-25T05:24:29.929Z,53.38,2026-07-25T05:24:29Z,2026-07-25 05:24,down,175.1312392
62.38,3231.82,2838.57,3601.5,3158.12,11.036,2026-07-25T05:36:33.227Z,53.38,2026-07-25T05:36:33Z,2026-07-25 05:36,down,175.1312392
62.38,3182.03,2799.55,3727.69,3277.98,11.337,2026-07-25T05:48:36.541Z,53.38,2026-07-25T05:48:36Z,2026-07-25 05:48,down,175.1312392
62.38,3183.48,2802.4,3659.57,3212.22,11.223,2026-07-25T06:00:39.323Z,53.38,2026-07-25T06:00:39Z,2026-07-25 06:00,down,175.1312392
62.38,3163.28,2780.92,3565.77,3129.63,11.031,2026-07-25T06:12:43.185Z,53.38,2026-07-25T06:12:43Z,2026-07-25 06:12,down,175.1312392
62.38,3187.26,2800.34,3546.7,3113.9,11.022,2026-07-25T06:24:46.311Z,53.38,2026-07-25T06:24:46Z,2026-07-25 06:24,down,175.1312392
62.38,3171.03,2791.89,3651.42,3212.22,11.367,2026-07-25T06:36:49.719Z,53.38,2026-07-25T06:36:49Z,2026-07-25 06:36,down,175.1312392
62.38,3262.93,2877.04,3587.89,3159.92,11.526,2026-07-25T06:48:53.627Z,53.38,2026-07-25T06:48:53Z,2026-07-25 06:48,down,175.1312392
62.38,3233.85,2849,3858.7,3390.76,11.258,2026-07-25T07:00:56.300Z,53.38,2026-07-25T07:00:56Z,2026-07-25 07:00,down,175.1312392
62.38,3480.51,3062.16,3914.87,3437.64,11.058,2026-07-25T07:12:59.176Z,53.38,2026-07-25T07:12:59Z,2026-07-25 07:12,down,175.1312392
62.38,3400.75,2991.06,3806.74,3342.43,10.973,2026-07-25T07:25:02.443Z,53.38,2026-07-25T07:25:02Z,2026-07-25 07:25,down,175.1312392
62.38,3316.53,2917.72,3683.78,3241.15,11.14,2026-07-25T07:37:05.945Z,53.38,2026-07-25T07:37:05Z,2026-07-25 07:37,down,175.1312392
62.38,3252.25,2868.3,3738.33,3287.56,11.281,2026-07-25T07:49:08.868Z,53.38,2026-07-25T07:49:08Z,2026-07-25 07:49,down,175.1312392
62.38,3315.3,2918.45,3815.17,3350.54,11.027,2026-07-25T08:01:11.197Z,53.38,2026-07-25T08:01:11Z,2026-07-25 08:01,down,175.1312392
62.38,3344.59,2941.58,3788.93,3327.36,10.939,2026-07-25T08:13:14.402Z,53.38,2026-07-25T08:13:14Z,2026-07-25 08:13,down,175.1312392
62.38,3298.88,2901.51,3714.02,3267.85,11.071,2026-07-25T08:25:18.107Z,53.38,2026-07-25T08:25:18Z,2026-07-25 08:25,down,175.1312392
62.38,3246.83,2863.6,3685.78,3247.79,11.4,2026-07-25T08:37:21.405Z,53.38,2026-07-25T08:37:21Z,2026-07-25 08:37,down,175.1312392
62.38,3234.75,2851.23,3696.74,3251.04,11.186,2026-07-25T08:49:24.594Z,53.38,2026-07-25T08:49:24Z,2026-07-25 08:49,down,175.1312392
62.38,3224.59,2839.35,3702.17,3253.98,10.997,2026-07-25T09:01:27.877Z,53.38,2026-07-25T09:01:27Z,2026-07-25 09:01,down,175.1312392
62.38,3219.5,2834.24,3702.18,3252.78,10.946,2026-07-25T09:13:31.457Z,53.38,2026-07-25T09:13:31Z,2026-07-25 09:13,down,175.1312392
62.38,3215.5,2830.84,3732.37,3285.57,11.132,2026-07-25T09:25:34.943Z,53.38,2026-07-25T09:25:34Z,2026-07-25 09:25,down,175.1312392
62.38,3209.03,2831.23,3707.77,3268.18,11.423,2026-07-25T09:37:37.991Z,53.38,2026-07-25T09:37:37Z,2026-07-25 09:37,down,175.1312392
62.38,3201.85,2827.69,3700.07,3262.67,11.501,2026-07-25T09:49:42.040Z,53.38,2026-07-25T09:49:42Z,2026-07-25 09:49,down,175.1312392
62.38,3195.13,2821.99,3689.69,3253.69,11.562,2026-07-25T10:01:45.182Z,53.38,2026-07-25T10:01:45Z,2026-07-25 10:01,down,175.1312392
62.38,3191.77,2818.69,3682.89,3241.57,11.393,2026-07-25T10:13:48.386Z,53.38,2026-07-25T10:13:48Z,2026-07-25 10:13,down,175.1312392
62.38,3191.47,2811.94,3665.67,3223.23,11.14,2026-07-25T10:25:51.779Z,53.38,2026-07-25T10:25:51Z,2026-07-25 10:25,down,175.1312392
62.38,3189.61,2808.05,3654.85,3212.68,11.027,2026-07-25T10:37:55.202Z,53.38,2026-07-25T10:37:55Z,2026-07-25 10:37,down,175.1312392
62.38,3193.6,2810.17,3668.19,3223.11,10.982,2026-07-25T10:49:58.375Z,53.38,2026-07-25T10:49:58Z,2026-07-25 10:49,down,175.1312392
62.38,3237.22,2852.85,3773.12,3322.73,11.268,2026-07-25T11:02:01.893Z,53.38,2026-07-25T11:02:01Z,2026-07-25 11:02,down,175.1312392
62.38,3353.21,2959.24,3840.68,3377.33,11.31,2026-07-25T11:14:04.785Z,53.38,2026-07-25T11:14:04Z,2026-07-25 11:14,down,175.1312392
62.38,3292.2,2899.18,3733.41,3280.6,11.07,2026-07-25T11:26:07.802Z,53.38,2026-07-25T11:26:07Z,2026-07-25 11:26,down,175.1312392
62.38,3271.68,2878.66,3792.29,3330.49,10.967,2026-07-25T11:38:11.788Z,53.38,2026-07-25T11:38:11Z,2026-07-25 11:38,down,175.1312392
62.38,3409.91,3000.17,3749.53,3298.9,11.141,2026-07-25T11:50:14.758Z,53.38,2026-07-25T11:50:14Z,2026-07-25 11:50,down,175.1312392
62.38,3264.25,2877.66,3686.08,3246.26,11.45,2026-07-25T12:02:17.290Z,53.38,2026-07-25T12:02:17Z,2026-07-25 12:02,down,175.1312392
62.38,3149.93,2779.21,3601.84,3172.99,11.562,2026-07-25T12:14:19.901Z,53.38,2026-07-25T12:14:19Z,2026-07-25 12:14,down,175.1312392
62.38,3332.92,2934.22,3704.33,3253.74,11.227,2026-07-25T12:26:23.043Z,53.38,2026-07-25T12:26:23Z,2026-07-25 12:26,down,175.1312392
62.38,3185.35,2800.5,3569.27,3131.94,11.078,2026-07-25T12:38:26.670Z,53.38,2026-07-25T12:38:26Z,2026-07-25 12:38,down,175.1312392
62.38,3295.73,2896.08,3720.57,3264.3,11,2026-07-25T12:50:30.046Z,53.38,2026-07-25T12:50:30Z,2026-07-25 12:50,down,175.1312392
62.38,3082.7,2712.53,3613.57,3177.81,11.33,2026-07-25T13:02:33.548Z,53.38,2026-07-25T13:02:33Z,2026-07-25 13:02,down,175.1312392
62.38,3158.31,2781.75,3562.35,3127.53,11.277,2026-07-25T13:14:36.674Z,53.38,2026-07-25T13:14:36Z,2026-07-25 13:14,down,175.1312392
62.38,3231.06,2838.59,3660.61,3210.39,11.068,2026-07-25T13:26:39.629Z,53.38,2026-07-25T13:26:39Z,2026-07-25 13:26,down,175.1312392
62.38,3130.18,2746.86,3722.98,3260.36,11.009,2026-07-25T13:38:43.021Z,53.38,2026-07-25T13:38:43Z,2026-07-25 13:38,down,175.1312392
62.38,3183.29,2791.07,3567.31,3127.82,11.062,2026-07-25T13:50:46.444Z,53.38,2026-07-25T13:50:46Z,2026-07-25 13:50,down,175.1312392
62.38,3116.38,2738,3776.88,3314.59,11.414,2026-07-25T14:02:49.649Z,53.38,2026-07-25T14:02:49Z,2026-07-25 14:02,down,175.1312392
62.38,3109.18,2728.87,3526.28,3088.07,11.238,2026-07-25T14:14:53.025Z,53.38,2026-07-25T14:14:53Z,2026-07-25 14:14,down,175.1312392
62.38,3269.99,2866.15,3725.64,3259.63,11.089,2026-07-25T14:26:56.715Z,53.38,2026-07-25T14:26:56Z,2026-07-25 14:26,down,175.1312392
62.38,3180.14,2784,3670.09,3208.38,11.027,2026-07-25T14:39:00.091Z,53.38,2026-07-25T14:39:00Z,2026-07-25 14:39,down,175.1312392
62.38,3295.47,2882.26,3666.14,3207.38,11.126,2026-07-25T14:51:03.749Z,53.38,2026-07-25T14:51:03Z,2026-07-25 14:51,down,175.1312392
62.38,3223.26,2824.06,3662.6,3202.8,11.385,2026-07-25T15:03:06.485Z,53.38,2026-07-25T15:03:06Z,2026-07-25 15:03,down,175.1312392
62.38,3295.66,2879.48,3885.09,3389.21,11.112,2026-07-25T15:15:09.955Z,53.38,2026-07-25T15:15:09Z,2026-07-25 15:15,down,175.1312392
62.38,3278.93,2864.28,3809.18,3328.2,11.345,2026-07-25T15:27:13.019Z,53.38,2026-07-25T15:27:13Z,2026-07-25 15:27,down,175.1312392
62.38,3416.64,2986.31,3711.83,3236.06,11.323,2026-07-25T15:39:16.568Z,53.38,2026-07-25T15:39:16Z,2026-07-25 15:39,down,175.1312392
62.38,3322.95,2897.46,3914.56,3408.06,11.121,2026-07-25T15:51:19.710Z,53.38,2026-07-25T15:51:19Z,2026-07-25 15:51,down,175.1312392
62.38,3385.54,2948.74,3852.91,3351.08,11.034,2026-07-25T16:03:23.133Z,53.38,2026-07-25T16:03:23Z,2026-07-25 16:03,down,175.1312392
62.38,3381.12,2946.46,3917.44,3412.44,11.362,2026-07-25T16:15:26.447Z,53.38,2026-07-25T16:15:26Z,2026-07-25 16:15,down,175.1312392
62.38,3376.35,2940.65,3893.92,3382.34,11.267,2026-07-25T16:27:29.511Z,53.38,2026-07-25T16:27:29Z,2026-07-25 16:27,down,175.1312392
62.38,3484.09,3025.22,3868.24,3355.71,11.075,2026-07-25T16:39:33.122Z,53.38,2026-07-25T16:39:33Z,2026-07-25 16:39,down,175.1312392
62.38,3238.21,2809.52,3973.39,3444.72,11.003,2026-07-25T16:51:35.779Z,53.38,2026-07-25T16:51:35Z,2026-07-25 16:51,down,175.1312392
62.38,3632.6,3150.52,3939.15,3419.87,11.154,2026-07-25T17:03:39.140Z,53.38,2026-07-25T17:03:39Z,2026-07-25 17:03,down,175.1312392
62.38,3393.46,2948.46,3925.98,3406.95,11.364,2026-07-25T17:15:42.017Z,53.38,2026-07-25T17:15:42Z,2026-07-25 17:15,down,175.1312392
62.38,3306.43,2867.59,3902.74,3381.61,11.1,2026-07-25T17:27:45.487Z,53.38,2026-07-25T17:27:45Z,2026-07-25 17:27,down,175.1312392
62.38,3488.48,3023.92,3638.99,3153.43,11.045,2026-07-25T17:39:48.692Z,53.38,2026-07-25T17:39:48Z,2026-07-25 17:39,down,175.1312392
62.38,3452.31,2994.73,3847.07,3340.15,11.317,2026-07-25T17:51:51.740Z,53.38,2026-07-25T17:51:51Z,2026-07-25 17:51,down,175.1312392
62.38,3441.86,2988.61,3738.98,3238.47,11.274,2026-07-25T18:03:54.007Z,53.38,2026-07-25T18:03:54Z,2026-07-25 18:03,down,175.1312392
62.38,3498.52,3028.75,3914.46,3385.03,11.077,2026-07-25T18:15:57.680Z,53.38,2026-07-25T18:15:57Z,2026-07-25 18:15,down,175.1312392
62.38,3296.1,2855.08,3824.25,3313.18,11.377,2026-07-25T18:28:01.729Z,53.38,2026-07-25T18:28:01Z,2026-07-25 18:28,down,175.1312392
62.38,3409.27,2953.98,3876.01,3351.29,11.293,2026-07-25T18:40:03.917Z,53.38,2026-07-25T18:40:03Z,2026-07-25 18:40,down,175.1312392
62.38,3536.91,3057.5,3899.57,3366.96,11.097,2026-07-25T18:52:07.982Z,53.38,2026-07-25T18:52:07Z,2026-07-25 18:52,down,175.1312392
62.38,3230.95,2789.59,3669.89,3172.98,11.191,2026-07-25T19:04:11.405Z,53.38,2026-07-25T19:04:11Z,2026-07-25 19:04,down,175.1312392
62.38,3419.78,2960.88,3945.43,3410.72,11.425,2026-07-25T19:16:15.079Z,53.38,2026-07-25T19:16:15Z,2026-07-25 19:16,down,175.1312392
62.38,3490.27,3014.6,4025.72,3473.98,11.128,2026-07-25T19:28:17.533Z,53.38,2026-07-25T19:28:17Z,2026-07-25 19:28,down,175.1312392
62.38,3387.32,2923.34,3762.7,3247.02,11.109,2026-07-25T19:40:20.128Z,53.38,2026-07-25T19:40:20Z,2026-07-25 19:40,down,175.1312392
62.38,3259.17,2817.74,3713.16,3210.11,11.473,2026-07-25T19:52:23.630Z,53.38,2026-07-25T19:52:23Z,2026-07-25 19:52,down,175.1312392
62.38,3257.56,2812.6,3834.82,3308.24,11.171,2026-07-25T20:04:26.459Z,53.38,2026-07-25T20:04:26Z,2026-07-25 20:04,down,175.1312392
62.38,3452.62,2977.75,3986.29,3438.45,11.163,2026-07-25T20:16:29.851Z,53.38,2026-07-25T20:16:29Z,2026-07-25 20:16,down,175.1312392
62.38,3505.42,3029.65,3762.6,3251.58,11.509,2026-07-25T20:28:33.165Z,53.38,2026-07-25T20:28:33Z,2026-07-25 20:28,down,175.1312392
62.38,3285.15,2835.03,3613.31,3113.77,11.178,2026-07-25T20:40:36.338Z,53.38,2026-07-25T20:40:36Z,2026-07-25 20:40,down,175.1312392
62.38,3290.1,2835.6,3888.13,3347.32,11.074,2026-07-25T20:52:40.121Z,53.38,2026-07-25T20:52:40Z,2026-07-25 20:52,down,175.1312392
62.38,3331.94,2875.82,3675.61,3172.53,11.429,2026-07-25T21:04:44.014Z,53.38,2026-07-25T21:04:44Z,2026-07-25 21:04,down,175.1312392
62.38,3247.34,2802.37,3788.91,3264,11.272,2026-07-25T21:16:47.891Z,53.38,2026-07-25T21:16:47Z,2026-07-25 21:16,down,175.1312392
62.38,3259.3,2808.29,3661.11,3151.91,11.103,2026-07-25T21:28:51.017Z,53.38,2026-07-25T21:28:51Z,2026-07-25 21:28,down,175.1312392
62.38,3236.75,2793.97,3804.1,3284.28,11.472,2026-07-25T21:40:54.237Z,53.38,2026-07-25T21:40:54Z,2026-07-25 21:40,down,175.1312392
62.38,3294.46,2842.92,3680.97,3169.95,11.275,2026-07-25T21:52:57.301Z,53.38,2026-07-25T21:52:57Z,2026-07-25 21:52,down,175.1312392
62.38,3188.92,2745.07,3723.06,3201.79,11.135,2026-07-25T22:05:00.209Z,53.38,2026-07-25T22:05:00Z,2026-07-25 22:05,down,175.1312392
62.38,3319.49,2860.54,3683.9,3174.25,11.476,2026-07-25T22:17:03.398Z,53.38,2026-07-25T22:17:03Z,2026-07-25 22:17,down,175.1312392
62.38,3209.5,2761.75,3620.98,3112.64,11.238,2026-07-25T22:29:06.118Z,53.38,2026-07-25T22:29:06Z,2026-07-25 22:29,down,175.1312392
62.38,3153.14,2709.83,3596.85,3092.1,11.172,2026-07-25T22:41:09.713Z,53.38,2026-07-25T22:41:09Z,2026-07-25 22:41,down,175.1312392
62.38,3183.53,2741.2,3644.73,3139.03,11.506,2026-07-25T22:53:12.730Z,53.38,2026-07-25T22:53:12Z,2026-07-25 22:53,down,175.1312392
77.632,3279.39,2852.23,3765.22,3277.18,11.011,2026-07-25T00:11:06.250Z,68.632,2026-07-25T00:11:06Z,2026-07-25 00:11,down,225.17061088000003
77.632,3305.16,2875.85,3905.6,3403.36,11.094,2026-07-25T00:23:09.876Z,68.632,2026-07-25T00:23:09Z,2026-07-25 00:23,down,225.17061088000003
77.632,3270.13,2849.23,3704.38,3229.9,11.159,2026-07-25T00:35:13.222Z,68.632,2026-07-25T00:35:13Z,2026-07-25 00:35,down,225.17061088000003
77.632,3269.41,2848.35,3783.88,3298.46,11.055,2026-07-25T00:47:16.145Z,68.632,2026-07-25T00:47:16Z,2026-07-25 00:47,down,225.17061088000003
77.632,3369.96,2936.23,3825.11,3336.62,11.026,2026-07-25T00:59:19.052Z,68.632,2026-07-25T00:59:19Z,2026-07-25 00:59,down,225.17061088000003
77.632,3308.44,2886.46,3726.97,3255.01,11.172,2026-07-25T01:11:22.538Z,68.632,2026-07-25T01:11:22Z,2026-07-25 01:11,down,225.17061088000003
77.632,3111.34,2715.2,3740.79,3264.88,11.092,2026-07-25T01:23:26.243Z,68.632,2026-07-25T01:23:26Z,2026-07-25 01:23,down,225.17061088000003
77.632,3302.92,2881.46,3882.07,3388.17,11.004,2026-07-25T01:35:29.604Z,68.632,2026-07-25T01:35:29Z,2026-07-25 01:35,down,225.17061088000003
77.632,3283.14,2864.16,3603.81,3149.46,11.061,2026-07-25T01:47:32.027Z,68.632,2026-07-25T01:47:32Z,2026-07-25 01:47,down,225.17061088000003
77.632,3148.65,2751.64,3596.19,3143.42,11.149,2026-07-25T01:59:35.185Z,68.632,2026-07-25T01:59:35Z,2026-07-25 01:59,down,225.17061088000003
77.632,3173.93,2774.43,3718.93,3251.03,11.066,2026-07-25T02:11:38.327Z,68.632,2026-07-25T02:11:38Z,2026-07-25 02:11,down,225.17061088000003
77.632,3384.55,2956.68,3760.58,3286.55,10.982,2026-07-25T02:23:41.391Z,68.632,2026-07-25T02:23:41Z,2026-07-25 02:23,down,225.17061088000003
77.632,3140.93,2746.1,3583.93,3136.09,11.082,2026-07-25T02:35:45.080Z,68.632,2026-07-25T02:35:45Z,2026-07-25 02:35,down,225.17061088000003
77.632,3090.84,2705.14,3636.74,3182.53,11.125,2026-07-25T02:47:49.066Z,68.632,2026-07-25T02:47:49Z,2026-07-25 02:47,down,225.17061088000003
77.632,3176.01,2777.33,3567.44,3119.87,10.992,2026-07-25T02:59:52.536Z,68.632,2026-07-25T02:59:52Z,2026-07-25 02:59,down,225.17061088000003
77.632,3245.59,2837.63,3816.11,3340.86,11.044,2026-07-25T03:11:55.960Z,68.632,2026-07-25T03:11:55Z,2026-07-25 03:11,down,225.17061088000003
77.632,3187.27,2790.41,3564.74,3121.77,11.125,2026-07-25T03:23:59.133Z,68.632,2026-07-25T03:23:59Z,2026-07-25 03:23,down,225.17061088000003
77.632,3100.38,2713.9,3690.51,3229.41,11.006,2026-07-25T03:36:02.181Z,68.632,2026-07-25T03:36:02Z,2026-07-25 03:36,down,225.17061088000003
77.632,3227.72,2823.88,3543.7,3101.22,10.924,2026-07-25T03:48:04.589Z,68.632,2026-07-25T03:48:04Z,2026-07-25 03:48,down,225.17061088000003
77.632,3265.57,2858.59,3754.4,3290.41,11.034,2026-07-25T04:00:08.341Z,68.632,2026-07-25T04:00:08Z,2026-07-25 04:00,down,225.17061088000003
77.632,3316.33,2907.99,3645.18,3195.96,11.166,2026-07-25T04:12:11.483Z,68.632,2026-07-25T04:12:11Z,2026-07-25 04:12,down,225.17061088000003
77.632,3092.19,2712.38,3627.08,3183.12,11.231,2026-07-25T04:24:14.625Z,68.632,2026-07-25T04:24:14Z,2026-07-25 04:24,down,225.17061088000003
77.632,3122.57,2740.8,3684.9,3234.74,11.296,2026-07-25T04:36:16.923Z,68.632,2026-07-25T04:36:16Z,2026-07-25 04:36,down,225.17061088000003
77.632,3161.72,2775.64,3716.06,3263.35,11.269,2026-07-25T04:48:20.549Z,68.632,2026-07-25T04:48:20Z,2026-07-25 04:48,down,225.17061088000003
77.632,3314.93,2911.89,3735.16,3281.34,11.305,2026-07-25T05:00:23.801Z,68.632,2026-07-25T05:00:23Z,2026-07-25 05:00,down,225.17061088000003
77.632,3155.98,2773.05,3534.62,3104.33,11.269,2026-07-25T05:12:26.958Z,68.632,2026-07-25T05:12:26Z,2026-07-25 05:12,down,225.17061088000003
77.632,3141.94,2758.93,3614.65,3173.04,11.113,2026-07-25T05:24:29.929Z,68.632,2026-07-25T05:24:29Z,2026-07-25 05:24,down,225.17061088000003
77.632,3204.92,2812.77,3618.14,3175.5,11.045,2026-07-25T05:36:33.227Z,68.632,2026-07-25T05:36:33Z,2026-07-25 05:36,down,225.17061088000003
77.632,3152.88,2768.87,3743.44,3289.55,11.126,2026-07-25T05:48:36.541Z,68.632,2026-07-25T05:48:36Z,2026-07-25 05:48,down,225.17061088000003
77.632,3158.3,2776.16,3678.19,3231.48,11.176,2026-07-25T06:00:39.323Z,68.632,2026-07-25T06:00:39Z,2026-07-25 06:00,down,225.17061088000003
77.632,3138.51,2757.19,3587.05,3151.06,11.044,2026-07-25T06:12:43.185Z,68.632,2026-07-25T06:12:43Z,2026-07-25 06:12,down,225.17061088000003
77.632,3164.07,2778.57,3563.06,3128.65,10.99,2026-07-25T06:24:46.311Z,68.632,2026-07-25T06:24:46Z,2026-07-25 06:24,down,225.17061088000003
77.632,3141.15,2760.3,3668.72,3225.69,11.161,2026-07-25T06:36:49.719Z,68.632,2026-07-25T06:36:49Z,2026-07-25 06:36,down,225.17061088000003
77.632,3235.1,2846.33,3603,3170.93,11.283,2026-07-25T06:48:53.627Z,68.632,2026-07-25T06:48:53Z,2026-07-25 06:48,down,225.17061088000003
77.632,3207.5,2822.32,3879.17,3411.34,11.219,2026-07-25T07:00:56.300Z,68.632,2026-07-25T07:00:56Z,2026-07-25 07:00,down,225.17061088000003
77.632,3454.84,3037.62,3938.4,3460.48,11.057,2026-07-25T07:12:59.176Z,68.632,2026-07-25T07:12:59Z,2026-07-25 07:12,down,225.17061088000003
77.632,3378.34,2969.69,3824.25,3360.43,10.992,2026-07-25T07:25:02.443Z,68.632,2026-07-25T07:25:02Z,2026-07-25 07:25,down,225.17061088000003
77.632,3289.8,2891.13,3701.3,3254.97,11.01,2026-07-25T07:37:05.945Z,68.632,2026-07-25T07:37:05Z,2026-07-25 07:37,down,225.17061088000003
77.632,3226.46,2839.27,3757.8,3306.45,11.14,2026-07-25T07:49:08.868Z,68.632,2026-07-25T07:49:08Z,2026-07-25 07:49,down,225.17061088000003
77.632,3281.36,2886.06,3827.05,3363.79,11.024,2026-07-25T08:01:11.197Z,68.632,2026-07-25T08:01:11Z,2026-07-25 08:01,down,225.17061088000003
77.632,3313.12,2911.96,3799.67,3339.44,10.95,2026-07-25T08:13:14.402Z,68.632,2026-07-25T08:13:14Z,2026-07-25 08:13,down,225.17061088000003
77.632,3270.15,2873.93,3728.63,3279.71,10.978,2026-07-25T08:25:18.107Z,68.632,2026-07-25T08:25:18Z,2026-07-25 08:25,down,225.17061088000003
77.632,3213.09,2828.23,3702.38,3259.75,11.165,2026-07-25T08:37:21.405Z,68.632,2026-07-25T08:37:21Z,2026-07-25 08:37,down,225.17061088000003
77.632,3207.44,2824.21,3712.17,3267.38,11.169,2026-07-25T08:49:24.594Z,68.632,2026-07-25T08:49:24Z,2026-07-25 08:49,down,225.17061088000003
77.632,3199.1,2815.29,3716.3,3269.28,11.023,2026-07-25T09:01:27.877Z,68.632,2026-07-25T09:01:27Z,2026-07-25 09:01,down,225.17061088000003
77.632,3195.2,2810.78,3717.65,3269.1,10.955,2026-07-25T09:13:31.457Z,68.632,2026-07-25T09:13:31Z,2026-07-25 09:13,down,225.17061088000003
77.632,3187.52,2803.25,3749.88,3300.48,11.031,2026-07-25T09:25:34.943Z,68.632,2026-07-25T09:25:34Z,2026-07-25 09:25,down,225.17061088000003
77.632,3181.58,2801.4,3724.32,3280.52,11.197,2026-07-25T09:37:37.991Z,68.632,2026-07-25T09:37:37Z,2026-07-25 09:37,down,225.17061088000003
77.632,3174.39,2797.36,3715.96,3274.17,11.255,2026-07-25T09:49:42.040Z,68.632,2026-07-25T09:49:42Z,2026-07-25 09:49,down,225.17061088000003
77.632,3166.45,2790.18,3705.09,3264.98,11.309,2026-07-25T10:01:45.182Z,68.632,2026-07-25T10:01:45Z,2026-07-25 10:01,down,225.17061088000003
77.632,3164.53,2789.11,3701.79,3260.65,11.29,2026-07-25T10:13:48.386Z,68.632,2026-07-25T10:13:48Z,2026-07-25 10:13,down,225.17061088000003
77.632,3168.54,2789.65,3679.07,3237.81,11.15,2026-07-25T10:25:51.779Z,68.632,2026-07-25T10:25:51Z,2026-07-25 10:25,down,225.17061088000003
77.632,3166.08,2785.09,3669.06,3227.76,11.026,2026-07-25T10:37:55.202Z,68.632,2026-07-25T10:37:55Z,2026-07-25 10:37,down,225.17061088000003
77.632,3170,2787.42,3683.51,3239.08,10.986,2026-07-25T10:49:58.375Z,68.632,2026-07-25T10:49:58Z,2026-07-25 10:49,down,225.17061088000003
77.632,3207.22,2821.82,3791.05,3337.13,11.097,2026-07-25T11:02:01.893Z,68.632,2026-07-25T11:02:01Z,2026-07-25 11:02,down,225.17061088000003
77.632,3326.46,2929.86,3857.39,3394.87,11.215,2026-07-25T11:14:04.785Z,68.632,2026-07-25T11:14:04Z,2026-07-25 11:14,down,225.17061088000003
77.632,3261.23,2869.84,3743.16,3291.7,11.074,2026-07-25T11:26:07.802Z,68.632,2026-07-25T11:26:07Z,2026-07-25 11:26,down,225.17061088000003
77.632,3243.16,2852.08,3803.78,3343.28,10.991,2026-07-25T11:38:11.788Z,68.632,2026-07-25T11:38:11Z,2026-07-25 11:38,down,225.17061088000003
77.632,3386.65,2977.04,3767.04,3313.93,11.057,2026-07-25T11:50:14.758Z,68.632,2026-07-25T11:50:14Z,2026-07-25 11:50,down,225.17061088000003
77.632,3241.37,2852.04,3704.29,3260.53,11.245,2026-07-25T12:02:17.290Z,68.632,2026-07-25T12:02:17Z,2026-07-25 12:02,down,225.17061088000003
77.632,3120.19,2746.64,3617.14,3184.31,11.312,2026-07-25T12:14:19.901Z,68.632,2026-07-25T12:14:19Z,2026-07-25 12:14,down,225.17061088000003
77.632,3303.68,2906.34,3725.22,3274.73,11.233,2026-07-25T12:26:23.043Z,68.632,2026-07-25T12:26:23Z,2026-07-25 12:26,down,225.17061088000003
77.632,3161.16,2777.29,3585.95,3148.82,11.079,2026-07-25T12:38:26.670Z,68.632,2026-07-25T12:38:26Z,2026-07-25 12:38,down,225.17061088000003
77.632,3267.55,2869.34,3736.19,3279.96,10.992,2026-07-25T12:50:30.046Z,68.632,2026-07-25T12:50:30Z,2026-07-25 12:50,down,225.17061088000003
77.632,3055.95,2684.36,3630.9,3191.81,11.153,2026-07-25T13:02:33.548Z,68.632,2026-07-25T13:02:33Z,2026-07-25 13:02,down,225.17061088000003
77.632,3129.72,2752.07,3576.65,3143.03,11.219,2026-07-25T13:14:36.674Z,68.632,2026-07-25T13:14:36Z,2026-07-25 13:14,down,225.17061088000003
77.632,3203.67,2813.1,3679.54,3229.29,11.086,2026-07-25T13:26:39.629Z,68.632,2026-07-25T13:26:39Z,2026-07-25 13:26,down,225.17061088000003
77.632,3104.82,2722.93,3745.49,3282.58,11.021,2026-07-25T13:38:43.021Z,68.632,2026-07-25T13:38:43Z,2026-07-25 13:38,down,225.17061088000003
77.632,3159.38,2768.05,3581.78,3140.06,10.987,2026-07-25T13:50:46.444Z,68.632,2026-07-25T13:50:46Z,2026-07-25 13:50,down,225.17061088000003
77.632,3087.4,2707.59,3791.35,3324.71,11.196,2026-07-25T14:02:49.649Z,68.632,2026-07-25T14:02:49Z,2026-07-25 14:02,down,225.17061088000003
77.632,3083.1,2702.85,3545.92,3107.51,11.201,2026-07-25T14:14:53.025Z,68.632,2026-07-25T14:14:53Z,2026-07-25 14:14,down,225.17061088000003
77.632,3238.37,2836.18,3746.31,3280.3,11.089,2026-07-25T14:26:56.715Z,68.632,2026-07-25T14:26:56Z,2026-07-25 14:26,down,225.17061088000003
77.632,3156.63,2761.74,3690.65,3229.04,11.045,2026-07-25T14:39:00.091Z,68.632,2026-07-25T14:39:00Z,2026-07-25 14:39,down,225.17061088000003
77.632,3267.65,2855.49,3680.7,3218.95,11.024,2026-07-25T14:51:03.749Z,68.632,2026-07-25T14:51:03Z,2026-07-25 14:51,down,225.17061088000003
77.632,3194.79,2793.48,3680.83,3219,11.223,2026-07-25T15:03:06.485Z,68.632,2026-07-25T15:03:06Z,2026-07-25 15:03,down,225.17061088000003
77.632,3270.93,2855.96,3902.46,3407.13,11.124,2026-07-25T15:15:09.955Z,68.632,2026-07-25T15:15:09Z,2026-07-25 15:15,down,225.17061088000003
77.632,3250.35,2834.97,3824.54,3339.15,11.154,2026-07-25T15:27:13.019Z,68.632,2026-07-25T15:27:13Z,2026-07-25 15:27,down,225.17061088000003
77.632,3385.87,2954.66,3729.94,3254.7,11.262,2026-07-25T15:39:16.568Z,68.632,2026-07-25T15:39:16Z,2026-07-25 15:39,down,225.17061088000003
77.632,3290.02,2866.7,3936.2,3429.23,11.119,2026-07-25T15:51:19.710Z,68.632,2026-07-25T15:51:19Z,2026-07-25 15:51,down,225.17061088000003
77.632,3356.74,2921.68,3872.88,3371.33,11.049,2026-07-25T16:03:23.133Z,68.632,2026-07-25T16:03:23Z,2026-07-25 16:03,down,225.17061088000003
77.632,3353.06,2916.72,3937.05,3427.24,11.154,2026-07-25T16:15:26.447Z,68.632,2026-07-25T16:15:26Z,2026-07-25 16:15,down,225.17061088000003
77.632,3343.84,2908.36,3907.47,3397.24,11.23,2026-07-25T16:27:29.511Z,68.632,2026-07-25T16:27:29Z,2026-07-25 16:27,down,225.17061088000003
77.632,3457.14,3000.41,3886.48,3374.03,11.098,2026-07-25T16:39:33.122Z,68.632,2026-07-25T16:39:33Z,2026-07-25 16:39,down,225.17061088000003
77.632,3211.43,2784.73,3996.44,3467.5,11.024,2026-07-25T16:51:35.779Z,68.632,2026-07-25T16:51:35Z,2026-07-25 16:51,down,225.17061088000003
77.632,3600.08,3120.28,3961.61,3437.82,11.062,2026-07-25T17:03:39.140Z,68.632,2026-07-25T17:03:39Z,2026-07-25 17:03,down,225.17061088000003
77.632,3365.7,2918.09,3942.91,3422.91,11.216,2026-07-25T17:15:42.017Z,68.632,2026-07-25T17:15:42Z,2026-07-25 17:15,down,225.17061088000003
77.632,3278.31,2841.7,3925.44,3403.67,11.114,2026-07-25T17:27:45.487Z,68.632,2026-07-25T17:27:45Z,2026-07-25 17:27,down,225.17061088000003
77.632,3462.66,2999.28,3657.61,3171.63,11.037,2026-07-25T17:39:48.692Z,68.632,2026-07-25T17:39:48Z,2026-07-25 17:39,down,225.17061088000003
77.632,3425.81,2967.25,3864.28,3352.27,11.12,2026-07-25T17:51:51.740Z,68.632,2026-07-25T17:51:51Z,2026-07-25 17:51,down,225.17061088000003
77.632,3411,2956.58,3757.53,3257.03,11.191,2026-07-25T18:03:54.007Z,68.632,2026-07-25T18:03:54Z,2026-07-25 18:03,down,225.17061088000003
77.632,3467.08,2999.76,3935.73,3406.37,11.1,2026-07-25T18:15:57.680Z,68.632,2026-07-25T18:15:57Z,2026-07-25 18:15,down,225.17061088000003
77.632,3268.01,2825.27,3837.87,3322.32,11.148,2026-07-25T18:28:01.729Z,68.632,2026-07-25T18:28:01Z,2026-07-25 18:28,down,225.17061088000003
77.632,3380.78,2924.76,3900.95,3375.44,11.227,2026-07-25T18:40:03.917Z,68.632,2026-07-25T18:40:03Z,2026-07-25 18:40,down,225.17061088000003
77.632,3512.68,3034.73,3924.88,3391.21,11.106,2026-07-25T18:52:07.982Z,68.632,2026-07-25T18:52:07Z,2026-07-25 18:52,down,225.17061088000003
77.632,3206.09,2765.84,3683.95,3183.05,11.067,2026-07-25T19:04:11.405Z,68.632,2026-07-25T19:04:11Z,2026-07-25 19:04,down,225.17061088000003
77.632,3393.29,2930.68,3961.77,3425.78,11.24,2026-07-25T19:16:15.079Z,68.632,2026-07-25T19:16:15Z,2026-07-25 19:16,down,225.17061088000003
77.632,3462.86,2988.89,4048.08,3496.05,11.137,2026-07-25T19:28:17.533Z,68.632,2026-07-25T19:28:17Z,2026-07-25 19:28,down,225.17061088000003
77.632,3358.42,2896.47,3783.32,3265.54,11.072,2026-07-25T19:40:20.128Z,68.632,2026-07-25T19:40:20Z,2026-07-25 19:40,down,225.17061088000003
77.632,3230.88,2787.18,3731.34,3223.16,11.22,2026-07-25T19:52:23.630Z,68.632,2026-07-25T19:52:23Z,2026-07-25 19:52,down,225.17061088000003
77.632,3231.29,2788.51,3853.49,3327.01,11.197,2026-07-25T20:04:26.459Z,68.632,2026-07-25T20:04:26Z,2026-07-25 20:04,down,225.17061088000003
77.632,3417.48,2945.59,4005.58,3454.42,11.094,2026-07-25T20:16:29.851Z,68.632,2026-07-25T20:16:29Z,2026-07-25 20:16,down,225.17061088000003
77.632,3467.6,2990.3,3773.52,3258.51,11.258,2026-07-25T20:28:33.165Z,68.632,2026-07-25T20:28:33Z,2026-07-25 20:28,down,225.17061088000003
77.632,3255.86,2808.52,3626.65,3128.17,11.219,2026-07-25T20:40:36.338Z,68.632,2026-07-25T20:40:36Z,2026-07-25 20:40,down,225.17061088000003
77.632,3261.34,2809.04,3902.51,3362.47,11.09,2026-07-25T20:52:40.121Z,68.632,2026-07-25T20:52:40Z,2026-07-25 20:52,down,225.17061088000003
77.632,3303.92,2845.87,3688.99,3181.56,11.194,2026-07-25T21:04:44.014Z,68.632,2026-07-25T21:04:44Z,2026-07-25 21:04,down,225.17061088000003
77.632,3222.67,2777.44,3807.82,3283.29,11.239,2026-07-25T21:16:47.891Z,68.632,2026-07-25T21:16:47Z,2026-07-25 21:16,down,225.17061088000003
77.632,3232.05,2782.9,3678.9,3168.94,11.09,2026-07-25T21:28:51.017Z,68.632,2026-07-25T21:28:51Z,2026-07-25 21:28,down,225.17061088000003
77.632,3212.33,2766.9,3820.18,3295.08,11.212,2026-07-25T21:40:54.237Z,68.632,2026-07-25T21:40:54Z,2026-07-25 21:40,down,225.17061088000003
77.632,3268.63,2817.06,3700.19,3189.45,11.246,2026-07-25T21:52:57.301Z,68.632,2026-07-25T21:52:57Z,2026-07-25 21:52,down,225.17061088000003
77.632,3161.65,2719.86,3740.26,3218.12,11.122,2026-07-25T22:05:00.209Z,68.632,2026-07-25T22:05:00Z,2026-07-25 22:05,down,225.17061088000003
77.632,3292.31,2831.31,3697.76,3183.56,11.235,2026-07-25T22:17:03.398Z,68.632,2026-07-25T22:17:03Z,2026-07-25 22:17,down,225.17061088000003
77.632,3184.63,2737.77,3642.6,3133.72,11.226,2026-07-25T22:29:06.118Z,68.632,2026-07-25T22:29:06Z,2026-07-25 22:29,down,225.17061088000003
77.632,3127.51,2685.85,3615.02,3107.3,11.1,2026-07-25T22:41:09.713Z,68.632,2026-07-25T22:41:09Z,2026-07-25 22:41,down,225.17061088000003
77.632,3152.34,2708.79,3663.72,3153.27,11.278,2026-07-25T22:53:12.730Z,68.632,2026-07-25T22:53:12Z,2026-07-25 22:53,down,225.17061088000003
