z6-22205,Port1,Port1,Port1,Port7,Port7,Port8,Port8
# Records: 1748,HYDROS 21 Depth/Temp/EC,HYDROS 21 Depth/Temp/EC,HYDROS 21 Depth/Temp/EC,Battery,Battery,Barometer,Barometer
Timestamps, mm Water Level, °C Water Temperature, mS/cm EC,% Battery Percent, mV Battery Voltage, kPa Reference Pressure, °C Logger Temperature
06/16/2026 07:00:00 PM,14252.0,10.4,0.597,100,8274,96.97,30.9
06/16/2026 07:15:00 PM,14252.0,10.4,0.6,100,8264,96.96,28.6
06/16/2026 07:30:00 PM,14252.0,10.4,0.603,100,8255,96.96,26.5
06/16/2026 07:45:00 PM,14252.0,10.4,0.597,100,8251,96.95,25.1
06/16/2026 08:00:00 PM,14254.0,10.4,0.597,100,8245,96.94,24.0
06/16/2026 08:15:00 PM,14259.0,10.4,0.598,100,8239,96.93,23.1
06/16/2026 08:30:00 PM,14265.0,10.4,0.6,100,8233,96.92,22.2
06/16/2026 08:45:00 PM,14263.0,10.4,0.604,100,8232,96.9,21.3
06/16/2026 09:00:00 PM,14251.0,10.4,0.598,100,8229,96.9,20.6
06/16/2026 09:15:00 PM,14236.0,10.4,0.6,100,8228,96.89,20.0
06/16/2026 09:30:00 PM,14222.0,10.4,0.603,100,8222,96.9,19.6
06/16/2026 09:45:00 PM,14208.0,10.4,0.6,100,8222,96.9,19.3
06/16/2026 10:00:00 PM,14198.0,10.4,0.598,100,8219,96.9,19.0
06/16/2026 10:15:00 PM,14202.0,10.4,0.601,100,8216,96.91,18.7
06/16/2026 10:30:00 PM,14213.0,10.4,0.6,100,8218,96.91,18.6
06/16/2026 10:45:00 PM,14228.0,10.4,0.6,100,8215,96.87,18.4
06/16/2026 11:00:00 PM,14242.0,10.4,0.601,100,8210,96.85,18.3
06/16/2026 11:15:00 PM,14254.0,10.4,0.596,100,8208,96.85,18.3
06/16/2026 11:30:00 PM,14266.0,10.4,0.605,100,8209,96.83,18.4
06/16/2026 11:45:00 PM,14277.0,10.4,0.601,100,8208,96.82,18.4
06/17/2026 12:00:00 AM,14288.0,10.4,0.601,100,8205,96.83,18.3
06/17/2026 12:15:00 AM,14300.0,10.4,0.597,100,8200,96.8,18.2
06/17/2026 12:30:00 AM,14308.0,10.4,0.604,100,8200,96.82,17.7
06/17/2026 12:45:00 AM,14316.0,10.4,0.6,100,8199,96.83,17.1
06/17/2026 01:00:00 AM,14326.0,10.4,0.598,100,8196,96.81,16.8
06/17/2026 01:15:00 AM,14333.0,10.4,0.601,100,8196,96.78,16.7
06/17/2026 01:30:00 AM,14339.0,10.4,0.601,100,8195,96.76,16.6
06/17/2026 01:45:00 AM,14346.0,10.4,0.598,100,8196,96.71,16.6
06/17/2026 02:00:00 AM,14351.0,10.4,0.598,100,8192,96.69,16.5
06/17/2026 02:15:00 AM,14355.0,10.4,0.601,100,8191,96.67,16.6
06/17/2026 02:30:00 AM,14356.0,10.4,0.598,100,8192,96.69,16.6
06/17/2026 02:45:00 AM,14358.0,10.4,0.598,100,8189,96.68,16.6
06/17/2026 03:00:00 AM,14362.0,10.4,0.601,100,8188,96.65,16.3
06/17/2026 03:15:00 AM,14366.0,10.4,0.596,100,8186,96.63,16.0
06/17/2026 03:30:00 AM,14372.0,10.4,0.603,100,8184,96.61,15.6
06/17/2026 03:45:00 AM,14381.0,10.4,0.601,100,8185,96.58,15.0
06/17/2026 04:00:00 AM,14393.0,10.4,0.598,100,8183,96.53,14.4
06/17/2026 04:15:00 AM,14406.0,10.4,0.601,100,8181,96.49,13.9
06/17/2026 04:30:00 AM,14419.0,10.4,0.598,100,8178,96.45,13.7
06/17/2026 04:45:00 AM,14432.0,10.4,0.6,100,8178,96.41,13.6
06/17/2026 05:00:00 AM,14446.0,10.4,0.6,100,8177,96.35,13.5
06/17/2026 05:15:00 AM,14457.0,10.4,0.597,100,8179,96.33,13.5
06/17/2026 05:30:00 AM,14468.0,10.4,0.598,100,8177,96.31,13.6
06/17/2026 05:45:00 AM,14480.0,10.4,0.598,100,8175,96.27,13.6
06/17/2026 06:00:00 AM,14492.0,10.4,0.598,100,8174,96.21,13.6
06/17/2026 06:15:00 AM,14504.0,10.4,0.6,100,8173,96.16,13.6
06/17/2026 06:30:00 AM,14516.0,10.4,0.601,100,8172,96.1,13.7
06/17/2026 06:45:00 AM,14522.0,10.4,0.601,100,8171,96.12,13.7
06/17/2026 07:00:00 AM,14528.0,10.4,0.601,100,8173,96.13,13.8
06/17/2026 07:15:00 AM,14533.0,10.4,0.601,100,8171,96.14,13.8
06/17/2026 07:30:00 AM,14540.0,10.4,0.6,100,8171,96.12,13.9
06/17/2026 07:45:00 AM,14538.0,10.4,0.604,100,8171,96.12,14.0
06/17/2026 08:00:00 AM,14525.0,10.4,0.598,100,8171,96.1,14.1
06/17/2026 08:15:00 AM,14510.0,10.4,0.601,100,8167,96.07,14.3
06/17/2026 08:30:00 AM,14494.0,10.4,0.603,100,8169,96.03,14.7
06/17/2026 08:45:00 AM,14477.0,10.4,0.603,100,8169,96.04,15.1
06/17/2026 09:00:00 AM,14569.0,10.4,0.6,100,8167,96.04,15.5
06/17/2026 09:15:00 AM,14670.0,10.4,0.59,100,8164,96.02,15.9
06/17/2026 09:30:00 AM,14650.0,10.3,0.593,100,8167,96.04,16.4
06/17/2026 09:45:00 AM,14632.0,10.3,0.596,100,8167,96.08,16.7
06/17/2026 10:00:00 AM,14618.0,10.3,0.597,100,8165,96.07,16.8
06/17/2026 10:15:00 AM,14606.0,10.3,0.597,100,8164,96.05,17.2
06/17/2026 10:30:00 AM,14604.0,10.3,0.597,100,8169,96.01,17.7
06/17/2026 10:45:00 AM,14612.0,10.3,0.597,100,8170,95.98,18.6
06/17/2026 11:00:00 AM,14625.0,10.3,0.598,100,8168,95.94,19.4
06/17/2026 11:15:00 AM,14639.0,10.3,0.598,100,8173,95.91,19.9
06/17/2026 11:30:00 AM,14652.0,10.3,0.598,100,8174,95.9,20.4
06/17/2026 11:45:00 AM,14664.0,10.3,0.6,100,8175,95.89,21.0
06/17/2026 12:00:00 PM,14675.0,10.3,0.6,100,8185,95.88,21.8
06/17/2026 12:15:00 PM,14481.0,10.4,0.607,100,8192,95.86,23.0
06/17/2026 12:30:00 PM,14483.0,10.5,0.611,100,8189,95.85,23.1
06/17/2026 12:45:00 PM,14494.0,10.5,0.604,100,8190,95.84,22.5
06/17/2026 01:00:00 PM,14503.0,10.5,0.601,100,8193,95.82,22.9
06/17/2026 01:15:00 PM,14511.0,10.5,0.604,100,8196,95.81,23.3
06/17/2026 01:30:00 PM,14520.0,10.5,0.598,100,8195,95.8,23.5
06/17/2026 01:45:00 PM,14527.0,10.5,0.6,100,8198,95.78,23.7
06/17/2026 02:00:00 PM,14534.0,10.5,0.603,100,8192,95.76,23.5
06/17/2026 02:15:00 PM,14540.0,10.5,0.598,100,8189,95.78,22.7
06/17/2026 02:30:00 PM,14543.0,10.5,0.601,100,8185,95.8,21.5
06/17/2026 02:45:00 PM,14542.0,10.5,0.598,100,8183,95.85,20.0
06/17/2026 03:00:00 PM,14540.0,10.5,0.598,100,8178,95.88,19.1
06/17/2026 03:15:00 PM,14536.0,10.5,0.603,100,8186,95.9,18.8
06/17/2026 03:30:00 PM,14532.0,10.5,0.6,100,8189,95.92,19.0
06/17/2026 03:45:00 PM,14527.0,10.5,0.6,100,8204,95.93,19.6
06/17/2026 04:00:00 PM,14522.0,10.5,0.597,100,8231,95.93,21.9
06/17/2026 04:15:00 PM,14517.0,10.5,0.598,100,8224,95.96,23.5
06/17/2026 04:30:00 PM,14514.0,10.5,0.601,100,8228,95.97,22.7
06/17/2026 04:45:00 PM,14516.0,10.5,0.598,100,8225,95.99,22.5
06/17/2026 05:00:00 PM,14517.0,10.5,0.598,100,8225,96.0,22.1
06/17/2026 05:15:00 PM,14519.0,10.5,0.6,100,8218,96.04,21.6
06/17/2026 05:30:00 PM,14524.0,10.5,0.601,100,8222,96.05,21.2
06/17/2026 05:45:00 PM,14530.0,10.5,0.597,100,8218,96.06,21.1
06/17/2026 06:00:00 PM,14535.0,10.5,0.596,100,8216,96.09,20.8
06/17/2026 06:15:00 PM,14542.0,10.5,0.601,100,8212,96.08,20.3
06/17/2026 06:30:00 PM,14548.0,10.5,0.6,100,8208,96.1,19.4
06/17/2026 06:45:00 PM,14551.0,10.5,0.6,100,8205,96.14,18.6
06/17/2026 07:00:00 PM,14556.0,10.5,0.6,100,8205,96.16,18.1
06/17/2026 07:15:00 PM,14562.0,10.5,0.597,100,8202,96.18,17.8
06/17/2026 07:30:00 PM,14568.0,10.5,0.598,100,8202,96.2,17.3
06/17/2026 07:45:00 PM,14572.0,10.5,0.601,100,8199,96.22,17.0
06/17/2026 08:00:00 PM,14576.0,10.5,0.6,100,8199,96.25,16.9
06/17/2026 08:15:00 PM,14581.0,10.5,0.6,100,8199,96.25,16.6
06/17/2026 08:30:00 PM,14587.0,10.5,0.6,100,8194,96.25,16.4
06/17/2026 08:45:00 PM,14590.0,10.5,0.603,100,8193,96.27,16.3
06/17/2026 09:00:00 PM,14592.0,10.5,0.598,100,8190,96.31,16.2
06/17/2026 09:15:00 PM,14595.0,10.5,0.601,100,8190,96.33,16.1
06/17/2026 09:30:00 PM,14597.0,10.5,0.597,100,8187,96.37,15.9
06/17/2026 09:45:00 PM,14599.0,10.5,0.597,100,8186,96.41,15.6
06/17/2026 10:00:00 PM,14600.0,10.5,0.6,100,8186,96.45,15.5
06/17/2026 10:15:00 PM,14601.0,10.5,0.596,100,8183,96.48,15.5
06/17/2026 10:30:00 PM,14604.0,10.5,0.598,100,8183,96.51,15.3
06/17/2026 10:45:00 PM,14605.0,10.5,0.6,100,8180,96.54,15.2
06/17/2026 11:00:00 PM,14606.0,10.5,0.6,100,8180,96.56,15.1
06/17/2026 11:15:00 PM,14608.0,10.5,0.598,100,8180,96.59,15.0
06/17/2026 11:30:00 PM,14610.0,10.5,0.597,100,8177,96.6,15.0
06/17/2026 11:45:00 PM,14612.0,10.5,0.598,100,8177,96.61,15.0
06/18/2026 12:00:00 AM,14614.0,10.5,0.6,100,8174,96.63,15.0
06/18/2026 12:15:00 AM,14615.0,10.5,0.598,100,8142,96.66,15.0
06/18/2026 12:30:00 AM,14617.0,10.5,0.6,100,8163,96.67,15.0
06/18/2026 12:45:00 AM,14619.0,10.4,0.601,100,8164,96.7,14.8
06/18/2026 01:00:00 AM,14620.0,10.4,0.598,100,8161,96.73,14.8
06/18/2026 01:15:00 AM,14621.0,10.4,0.597,100,8163,96.76,14.8
06/18/2026 01:30:00 AM,14623.0,10.4,0.598,100,8161,96.78,14.8
06/18/2026 01:45:00 AM,14625.0,10.4,0.598,100,8161,96.79,14.8
06/18/2026 02:00:00 AM,14628.0,10.4,0.593,100,8159,96.81,14.7
06/18/2026 02:15:00 AM,14760.0,10.4,0.596,100,8157,96.84,14.7
06/18/2026 02:30:00 AM,14844.0,10.4,0.59,100,8158,96.86,14.6
06/18/2026 02:45:00 AM,14843.0,10.3,0.596,100,8155,96.89,14.6
06/18/2026 03:00:00 AM,14845.0,10.3,0.597,100,8155,96.92,14.5
06/18/2026 03:15:00 AM,14846.0,10.3,0.597,100,8156,96.95,14.4
06/18/2026 03:30:00 AM,14849.0,10.3,0.597,100,8154,96.99,14.2
06/18/2026 03:45:00 AM,14852.0,10.3,0.598,100,8153,97.02,14.1
06/18/2026 04:00:00 AM,14855.0,10.3,0.598,100,8151,97.05,14.0
06/18/2026 04:15:00 AM,14858.0,10.3,0.598,100,8154,97.08,14.0
06/18/2026 04:30:00 AM,14862.0,10.3,0.598,100,8150,97.1,14.1
06/18/2026 04:45:00 AM,14863.0,10.3,0.6,100,8148,97.13,14.1
06/18/2026 05:00:00 AM,14862.0,10.3,0.6,100,8152,97.14,14.1
06/18/2026 05:15:00 AM,14860.0,10.3,0.6,100,8150,97.16,14.0
06/18/2026 05:30:00 AM,14856.0,10.3,0.6,100,8146,97.17,13.9
06/18/2026 05:45:00 AM,14850.0,10.3,0.6,100,8147,97.2,13.7
06/18/2026 06:00:00 AM,14844.0,10.3,0.6,100,8146,97.23,13.4
06/18/2026 06:15:00 AM,14838.0,10.3,0.6,100,8148,97.25,13.3
06/18/2026 06:30:00 AM,14834.0,10.3,0.601,100,8143,97.28,13.3
06/18/2026 06:45:00 AM,14832.0,10.3,0.6,100,8145,97.3,13.5
06/18/2026 07:00:00 AM,14833.0,10.3,0.601,100,8145,97.33,13.8
06/18/2026 07:15:00 AM,14835.0,10.3,0.6,100,8144,97.35,14.1
06/18/2026 07:30:00 AM,14836.0,10.3,0.6,100,8142,97.37,14.3
06/18/2026 07:45:00 AM,14831.0,10.3,0.601,100,8143,97.4,14.4
06/18/2026 08:00:00 AM,14813.0,10.3,0.601,100,8142,97.42,14.7
06/18/2026 08:15:00 AM,14786.0,10.3,0.6,100,8139,97.44,15.1
06/18/2026 08:30:00 AM,14757.0,10.3,0.6,100,8142,97.45,16.0
06/18/2026 08:45:00 AM,14728.0,10.3,0.6,100,8140,97.47,16.3
06/18/2026 09:00:00 AM,14711.0,10.3,0.6,100,8142,97.49,16.7
06/18/2026 09:15:00 AM,14702.0,10.3,0.6,100,8144,97.5,16.9
06/18/2026 09:30:00 AM,14696.0,10.3,0.6,100,8144,97.49,17.5
06/18/2026 09:45:00 AM,14694.0,10.3,0.601,100,8145,97.5,18.0
06/18/2026 10:00:00 AM,14688.0,10.3,0.601,100,8143,97.51,17.9
06/18/2026 10:15:00 AM,14682.0,10.3,0.601,100,8144,97.51,18.4
06/18/2026 10:30:00 AM,14675.0,10.3,0.601,100,8148,97.52,19.3
06/18/2026 10:45:00 AM,14667.0,10.3,0.601,100,8145,97.54,19.4
06/18/2026 11:00:00 AM,14660.0,10.3,0.601,100,8146,97.55,19.6
06/18/2026 11:15:00 AM,14653.0,10.3,0.601,100,8146,97.56,19.7
06/18/2026 11:30:00 AM,14645.0,10.3,0.601,100,8150,97.56,20.0
06/18/2026 11:45:00 AM,14626.0,10.3,0.601,100,8158,97.57,20.4
06/18/2026 12:00:00 PM,14611.0,10.3,0.601,100,8174,97.57,22.1
06/18/2026 12:15:00 PM,14602.0,10.3,0.601,100,8174,97.57,22.5
06/18/2026 12:30:00 PM,14595.0,10.3,0.6,100,8185,97.58,22.4
06/18/2026 12:45:00 PM,14591.0,10.3,0.601,100,8210,97.58,23.3
06/18/2026 01:00:00 PM,14586.0,10.3,0.601,100,8212,97.58,24.4
06/18/2026 01:15:00 PM,14581.0,10.3,0.601,100,8229,97.59,24.0
06/18/2026 01:30:00 PM,14578.0,10.3,0.601,100,8246,97.6,25.1
06/18/2026 01:45:00 PM,14576.0,10.3,0.601,100,8259,97.61,26.1
06/18/2026 02:00:00 PM,14519.0,10.3,0.6,100,8277,97.61,26.4
06/18/2026 02:15:00 PM,14368.0,10.4,0.607,100,8278,97.62,26.5
06/18/2026 02:30:00 PM,14378.0,10.5,0.607,100,8288,97.63,26.7
06/18/2026 02:45:00 PM,14387.0,10.5,0.604,100,8294,97.63,26.6
06/18/2026 03:00:00 PM,14395.0,10.5,0.603,100,8299,97.63,27.0
06/18/2026 03:15:00 PM,14405.0,10.5,0.6,100,8309,97.64,27.4
06/18/2026 03:30:00 PM,14416.0,10.5,0.597,100,8312,97.64,28.2
06/18/2026 03:45:00 PM,14428.0,10.5,0.598,100,8324,97.65,29.0
06/18/2026 04:00:00 PM,14441.0,10.5,0.601,100,8333,97.64,30.4
06/18/2026 04:15:00 PM,14451.0,10.4,0.597,100,8332,97.65,31.4
06/18/2026 04:30:00 PM,14459.0,10.4,0.598,100,8337,97.66,32.2
06/18/2026 04:45:00 PM,14466.0,10.4,0.6,100,8338,97.67,32.7
06/18/2026 05:00:00 PM,14473.0,10.4,0.598,100,8329,97.66,32.9
06/18/2026 05:15:00 PM,14478.0,10.4,0.596,100,8329,97.67,32.8
06/18/2026 05:30:00 PM,14483.0,10.4,0.598,100,8329,97.68,32.6
06/18/2026 05:45:00 PM,14489.0,10.4,0.605,100,8316,97.68,32.1
06/18/2026 06:00:00 PM,14498.0,10.4,0.601,100,8310,97.7,30.3
06/18/2026 06:15:00 PM,14508.0,10.4,0.6,100,8310,97.7,29.7
06/18/2026 06:30:00 PM,14519.0,10.4,0.598,100,8313,97.7,29.4
06/18/2026 06:45:00 PM,14531.0,10.4,0.603,100,8303,97.72,29.2
06/18/2026 07:00:00 PM,14644.0,10.4,0.6,100,8299,97.73,27.5
06/18/2026 07:15:00 PM,14765.0,10.4,0.59,100,8288,97.74,25.6
06/18/2026 07:30:00 PM,14773.0,10.3,0.594,100,8281,97.75,23.8
06/18/2026 07:45:00 PM,14782.0,10.3,0.597,100,8275,97.77,22.5
06/18/2026 08:00:00 PM,14788.0,10.3,0.597,100,8267,97.79,21.5
06/18/2026 08:15:00 PM,14782.0,10.3,0.597,100,8264,97.81,20.8
06/18/2026 08:30:00 PM,14772.0,10.3,0.597,100,8263,97.82,20.2
06/18/2026 08:45:00 PM,14760.0,10.3,0.598,100,8259,97.83,19.6
06/18/2026 09:00:00 PM,14748.0,10.3,0.598,100,8257,97.85,19.0
06/18/2026 09:15:00 PM,14739.0,10.3,0.598,100,8253,97.87,18.4
06/18/2026 09:30:00 PM,14742.0,10.3,0.598,100,8249,97.89,18.0
06/18/2026 09:45:00 PM,14751.0,10.3,0.598,100,8249,97.91,17.5
06/18/2026 10:00:00 PM,14763.0,10.3,0.598,100,8248,97.93,17.0
06/18/2026 10:15:00 PM,14775.0,10.3,0.6,100,8243,97.95,16.6
06/18/2026 10:30:00 PM,14787.0,10.3,0.6,100,8241,97.97,16.2
06/18/2026 10:45:00 PM,14799.0,10.3,0.6,100,8240,97.98,15.8
06/18/2026 11:00:00 PM,14811.0,10.3,0.6,100,8237,97.98,15.6
06/18/2026 11:15:00 PM,14821.0,10.3,0.6,100,8237,97.99,15.5
06/18/2026 11:30:00 PM,14831.0,10.3,0.6,100,8234,98.0,15.3
06/18/2026 11:45:00 PM,14840.0,10.3,0.6,100,8233,98.0,15.0
06/19/2026 12:00:00 AM,14848.0,10.3,0.6,100,8234,98.01,14.7
06/19/2026 12:15:00 AM,14856.0,10.3,0.6,100,8228,98.01,14.4
06/19/2026 12:30:00 AM,14862.0,10.3,0.6,100,8226,98.01,13.9
06/19/2026 12:45:00 AM,14864.0,10.3,0.6,100,8223,98.02,13.4
06/19/2026 01:00:00 AM,14864.0,10.3,0.6,100,8221,98.02,13.0
06/19/2026 01:15:00 AM,14861.0,10.3,0.601,100,8219,98.03,12.8
06/19/2026 01:30:00 AM,14855.0,10.3,0.6,100,8219,98.03,12.6
06/19/2026 01:45:00 AM,14849.0,10.3,0.6,100,8218,98.03,12.4
06/19/2026 02:00:00 AM,14842.0,10.3,0.601,100,8217,98.03,12.2
06/19/2026 02:15:00 AM,14834.0,10.3,0.601,100,8216,98.03,12.0
06/19/2026 02:30:00 AM,14826.0,10.3,0.601,100,8217,98.03,11.7
06/19/2026 02:45:00 AM,14817.0,10.3,0.601,100,8213,98.03,11.4
06/19/2026 03:00:00 AM,14807.0,10.3,0.601,100,8216,98.04,11.2
06/19/2026 03:15:00 AM,14797.0,10.3,0.601,100,8214,98.04,11.0
06/19/2026 03:30:00 AM,14789.0,10.3,0.601,100,8212,98.03,10.9
06/19/2026 03:45:00 AM,14780.0,10.3,0.601,100,8211,98.04,10.7
06/19/2026 04:00:00 AM,14770.0,10.3,0.601,100,8211,98.07,10.5
06/19/2026 04:15:00 AM,14762.0,10.3,0.601,100,8209,98.06,10.4
06/19/2026 04:30:00 AM,14755.0,10.3,0.601,100,8210,98.07,10.3
06/19/2026 04:45:00 AM,14746.0,10.3,0.603,100,8206,98.08,10.1
06/19/2026 05:00:00 AM,14739.0,10.3,0.601,100,8206,98.08,10.1
06/19/2026 05:15:00 AM,14733.0,10.3,0.601,100,8207,98.07,10.0
06/19/2026 05:30:00 AM,14726.0,10.3,0.601,100,8206,98.09,10.0
06/19/2026 05:45:00 AM,14719.0,10.3,0.601,100,8205,98.11,10.0
06/19/2026 06:00:00 AM,14713.0,10.3,0.601,100,8205,98.14,10.0
06/19/2026 06:15:00 AM,14707.0,10.3,0.601,100,8171,98.15,10.1
06/19/2026 06:30:00 AM,14701.0,10.3,0.601,100,8203,98.16,10.2
06/19/2026 06:45:00 AM,14695.0,10.3,0.601,100,8203,98.17,10.3
06/19/2026 07:00:00 AM,14678.0,10.3,0.601,100,8202,98.15,10.6
06/19/2026 07:15:00 AM,14654.0,10.3,0.603,100,8203,98.14,11.2
06/19/2026 07:30:00 AM,14629.0,10.3,0.601,100,8203,98.16,12.2
06/19/2026 07:45:00 AM,14604.0,10.3,0.601,100,8202,98.2,13.3
06/19/2026 08:00:00 AM,14584.0,10.3,0.601,100,8203,98.22,13.9
06/19/2026 08:15:00 AM,14572.0,10.3,0.601,100,8199,98.18,14.6
06/19/2026 08:30:00 AM,14573.0,10.3,0.601,100,8202,98.17,15.9
06/19/2026 08:45:00 AM,14580.0,10.3,0.601,100,8204,98.18,17.0
06/19/2026 09:00:00 AM,14591.0,10.3,0.601,100,8203,98.17,17.8
06/19/2026 09:15:00 AM,14606.0,10.3,0.601,100,8202,98.14,18.3
06/19/2026 09:30:00 AM,14620.0,10.3,0.601,100,8204,98.15,18.8
06/19/2026 09:45:00 AM,14632.0,10.3,0.601,100,8204,98.17,19.6
06/19/2026 10:00:00 AM,14645.0,10.3,0.601,100,8205,98.19,19.8
06/19/2026 10:15:00 AM,14658.0,10.3,0.601,100,8205,98.18,20.0
06/19/2026 10:30:00 AM,14672.0,10.3,0.601,100,8206,98.15,20.3
06/19/2026 10:45:00 AM,14684.0,10.3,0.601,100,8207,98.13,20.6
06/19/2026 11:00:00 AM,14694.0,10.3,0.601,100,8205,98.13,20.5
06/19/2026 11:15:00 AM,14701.0,10.3,0.601,100,8202,98.15,19.9
06/19/2026 11:30:00 AM,14709.0,10.3,0.601,100,8202,98.14,19.1
06/19/2026 11:45:00 AM,14716.0,10.3,0.601,100,8199,98.13,18.5
06/19/2026 12:00:00 PM,14726.0,10.3,0.601,100,8197,98.09,18.2
06/19/2026 12:15:00 PM,14735.0,10.3,0.601,100,8203,98.04,18.6
06/19/2026 12:30:00 PM,14741.0,10.3,0.601,100,8204,98.03,19.5
06/19/2026 12:45:00 PM,14747.0,10.3,0.601,100,8209,98.03,20.0
06/19/2026 01:00:00 PM,14755.0,10.3,0.601,100,8209,97.99,20.1
06/19/2026 01:15:00 PM,14762.0,10.3,0.601,100,8223,97.95,20.9
06/19/2026 01:30:00 PM,14765.0,10.3,0.6,100,8218,97.98,21.8
06/19/2026 01:45:00 PM,14770.0,10.3,0.601,100,8215,97.96,21.5
06/19/2026 02:00:00 PM,14774.0,10.3,0.601,100,8218,97.96,21.3
06/19/2026 02:15:00 PM,14778.0,10.3,0.601,100,8236,97.95,21.5
06/19/2026 02:30:00 PM,14783.0,10.3,0.601,100,8259,97.91,23.8
06/19/2026 02:45:00 PM,14778.0,10.3,0.601,100,8271,97.89,26.4
06/19/2026 03:00:00 PM,14559.0,10.3,0.607,100,8274,97.87,27.3
06/19/2026 03:15:00 PM,14533.0,10.4,0.61,100,8285,97.86,27.7
06/19/2026 03:30:00 PM,14519.0,10.4,0.603,100,8298,97.86,28.8
06/19/2026 03:45:00 PM,14517.0,10.4,0.603,100,8296,97.84,30.0
06/19/2026 04:00:00 PM,14522.0,10.4,0.603,100,8307,97.82,29.7
06/19/2026 04:15:00 PM,14530.0,10.4,0.603,100,8314,97.81,31.0
06/19/2026 04:30:00 PM,14539.0,10.4,0.6,100,8318,97.8,32.1
06/19/2026 04:45:00 PM,14547.0,10.4,0.603,100,8310,97.8,32.8
06/19/2026 05:00:00 PM,14555.0,10.4,0.601,100,8307,97.79,32.0
06/19/2026 05:15:00 PM,14562.0,10.4,0.601,100,8300,97.78,31.0
06/19/2026 05:30:00 PM,14570.0,10.4,0.601,100,8307,97.76,30.2
06/19/2026 05:45:00 PM,14577.0,10.4,0.594,100,8303,97.74,30.6
06/19/2026 06:00:00 PM,14579.0,10.4,0.596,100,8303,97.74,30.4
06/19/2026 06:15:00 PM,14580.0,10.4,0.601,100,8288,97.73,28.9
06/19/2026 06:30:00 PM,14578.0,10.4,0.6,100,8278,97.72,26.8
06/19/2026 06:45:00 PM,14575.0,10.4,0.601,100,8269,97.72,25.2
06/19/2026 07:00:00 PM,14568.0,10.4,0.6,100,8264,97.76,22.5
06/19/2026 07:15:00 PM,14560.0,10.4,0.608,100,8261,97.81,21.5
06/19/2026 07:30:00 PM,14552.0,10.4,0.601,100,8256,97.9,20.9
06/19/2026 07:45:00 PM,14552.0,10.4,0.598,100,8252,97.89,19.6
06/19/2026 08:00:00 PM,14553.0,10.4,0.598,100,8248,97.89,18.6
06/19/2026 08:15:00 PM,14554.0,10.4,0.601,100,8247,97.91,18.0
06/19/2026 08:30:00 PM,14545.0,10.4,0.598,100,8243,97.93,17.4
06/19/2026 08:45:00 PM,14528.0,10.4,0.603,100,8241,97.94,16.9
06/19/2026 09:00:00 PM,14511.0,10.4,0.596,100,8240,97.96,16.5
06/19/2026 09:15:00 PM,14495.0,10.4,0.6,100,8238,97.96,16.0
06/19/2026 09:30:00 PM,14490.0,10.4,0.597,100,8234,97.96,15.7
06/19/2026 09:45:00 PM,14495.0,10.4,0.598,100,8233,97.99,15.4
06/19/2026 10:00:00 PM,14502.0,10.4,0.597,100,8231,98.01,15.2
06/19/2026 10:15:00 PM,14510.0,10.4,0.601,100,8229,98.03,15.0
06/19/2026 10:30:00 PM,14519.0,10.4,0.597,100,8230,98.04,14.9
06/19/2026 10:45:00 PM,14527.0,10.4,0.598,100,8226,98.05,14.8
06/19/2026 11:00:00 PM,14534.0,10.4,0.596,100,8226,98.06,14.6
06/19/2026 11:15:00 PM,14527.0,10.4,0.597,100,8226,98.06,14.3
06/19/2026 11:30:00 PM,14513.0,10.4,0.6,100,8224,98.07,14.1
06/19/2026 11:45:00 PM,14496.0,10.4,0.598,100,8223,98.09,13.9
06/20/2026 12:00:00 AM,14481.0,10.4,0.598,100,8220,98.09,13.6
06/20/2026 12:15:00 AM,14465.0,10.4,0.604,100,8204,98.09,13.6
06/20/2026 12:30:00 AM,14450.0,10.4,0.598,100,8207,98.1,13.4
06/20/2026 12:45:00 AM,14433.0,10.4,0.597,100,8206,98.11,13.2
06/20/2026 01:00:00 AM,14416.0,10.4,0.601,100,8205,98.11,13.1
06/20/2026 01:15:00 AM,14403.0,10.4,0.604,100,8208,98.12,13.3
06/20/2026 01:30:00 AM,14399.0,10.4,0.601,100,8205,98.12,13.4
06/20/2026 01:45:00 AM,14396.0,10.4,0.596,100,8208,98.12,13.5
06/20/2026 02:00:00 AM,14394.0,10.4,0.603,100,8205,98.11,13.6
06/20/2026 02:15:00 AM,14389.0,10.4,0.597,100,8203,98.1,13.6
06/20/2026 02:30:00 AM,14383.0,10.4,0.604,100,8202,98.1,13.6
06/20/2026 02:45:00 AM,14376.0,10.4,0.601,100,8202,98.1,13.5
06/20/2026 03:00:00 AM,14367.0,10.4,0.598,100,8201,98.1,13.4
06/20/2026 03:15:00 AM,14358.0,10.4,0.603,100,8200,98.11,13.2
06/20/2026 03:30:00 AM,14348.0,10.4,0.6,100,8199,98.12,13.0
06/20/2026 03:45:00 AM,14339.0,10.4,0.601,100,8198,98.12,12.7
06/20/2026 04:00:00 AM,14329.0,10.4,0.6,100,8198,98.12,12.5
06/20/2026 04:15:00 AM,14319.0,10.4,0.597,100,8196,98.14,12.2
06/20/2026 04:30:00 AM,14310.0,10.4,0.597,100,8194,98.15,12.1
06/20/2026 04:45:00 AM,14302.0,10.4,0.597,100,8195,98.15,11.9
06/20/2026 05:00:00 AM,14294.0,10.4,0.598,100,8195,98.15,11.8
06/20/2026 05:15:00 AM,14287.0,10.4,0.603,100,8192,98.15,11.7
06/20/2026 05:30:00 AM,14280.0,10.4,0.6,100,8193,98.16,11.6
06/20/2026 05:45:00 AM,14274.0,10.4,0.604,100,8193,98.17,11.8
06/20/2026 06:00:00 AM,14269.0,10.4,0.603,100,8190,98.17,12.2
06/20/2026 06:15:00 AM,14265.0,10.4,0.603,100,8189,98.17,12.4
06/20/2026 06:30:00 AM,14259.0,10.4,0.6,100,8190,98.18,12.5
06/20/2026 06:45:00 AM,14253.0,10.4,0.598,100,8189,98.2,12.7
06/20/2026 07:00:00 AM,14248.0,10.4,0.598,100,8189,98.21,12.9
06/20/2026 07:15:00 AM,14244.0,10.4,0.601,100,8188,98.23,13.2
06/20/2026 07:30:00 AM,14240.0,10.4,0.603,100,8187,98.24,13.7
06/20/2026 07:45:00 AM,14235.0,10.4,0.6,100,8187,98.26,14.2
06/20/2026 08:00:00 AM,14232.0,10.4,0.601,100,8188,98.26,14.7
06/20/2026 08:15:00 AM,14231.0,10.4,0.598,100,8184,98.26,15.3
06/20/2026 08:30:00 AM,14232.0,10.4,0.598,100,8184,98.27,16.3
06/20/2026 08:45:00 AM,14234.0,10.4,0.601,100,8185,98.27,16.8
06/20/2026 09:00:00 AM,14237.0,10.4,0.6,100,8183,98.28,17.2
06/20/2026 09:15:00 AM,14241.0,10.4,0.604,100,8184,98.29,17.4
06/20/2026 09:30:00 AM,14248.0,10.4,0.601,100,8183,98.29,17.8
06/20/2026 09:45:00 AM,14253.0,10.4,0.6,100,8180,98.28,18.5
06/20/2026 10:00:00 AM,14259.0,10.4,0.603,100,8183,98.28,18.9
06/20/2026 10:15:00 AM,14266.0,10.4,0.604,100,8180,98.27,19.4
06/20/2026 10:30:00 AM,14273.0,10.4,0.6,100,8177,98.26,19.9
06/20/2026 10:45:00 AM,14279.0,10.4,0.597,100,8177,98.26,20.0
06/20/2026 11:00:00 AM,14284.0,10.4,0.6,100,8176,98.25,20.3
06/20/2026 11:15:00 AM,14277.0,10.4,0.601,100,8174,98.23,20.7
06/20/2026 11:30:00 AM,14263.0,10.4,0.598,100,8175,98.22,21.1
06/20/2026 11:45:00 AM,14248.0,10.4,0.6,100,8183,98.21,21.7
06/20/2026 12:00:00 PM,14235.0,10.4,0.597,100,8197,98.21,23.3
06/20/2026 12:15:00 PM,14234.0,10.4,0.598,100,8215,98.2,24.5
06/20/2026 12:30:00 PM,14241.0,10.4,0.598,100,8228,98.2,25.2
06/20/2026 12:45:00 PM,14251.0,10.4,0.598,100,8244,98.18,26.0
06/20/2026 01:00:00 PM,14261.0,10.4,0.601,100,8260,98.17,27.0
06/20/2026 01:15:00 PM,14271.0,10.4,0.604,100,8270,98.17,27.5
06/20/2026 01:30:00 PM,14281.0,10.4,0.601,100,8268,98.16,27.4
06/20/2026 01:45:00 PM,14288.0,10.4,0.601,100,8279,98.17,27.4
06/20/2026 02:00:00 PM,14297.0,10.4,0.6,100,8280,98.16,27.4
06/20/2026 02:15:00 PM,14304.0,10.4,0.594,100,8301,98.15,28.3
06/20/2026 02:30:00 PM,14310.0,10.4,0.598,100,8303,98.14,30.2
06/20/2026 02:45:00 PM,14317.0,10.4,0.601,100,8317,98.13,30.6
06/20/2026 03:00:00 PM,14321.0,10.4,0.6,100,8307,98.13,32.0
06/20/2026 03:15:00 PM,14326.0,10.4,0.598,100,8307,98.12,30.6
06/20/2026 03:30:00 PM,14328.0,10.4,0.6,100,8319,98.12,30.0
06/20/2026 03:45:00 PM,14332.0,10.4,0.6,100,8326,98.11,32.0
06/20/2026 04:00:00 PM,14336.0,10.4,0.6,100,8323,98.1,33.4
06/20/2026 04:15:00 PM,14334.0,10.4,0.597,100,8323,98.11,34.3
06/20/2026 04:30:00 PM,14320.0,10.4,0.597,100,8322,98.1,35.2
06/20/2026 04:45:00 PM,14302.0,10.4,0.6,100,8319,98.09,35.8
06/20/2026 05:00:00 PM,14284.0,10.4,0.598,100,8313,98.07,36.4
06/20/2026 05:15:00 PM,14272.0,10.4,0.601,100,8307,98.08,36.4
06/20/2026 05:30:00 PM,14274.0,10.4,0.6,100,8297,98.06,36.6
06/20/2026 05:45:00 PM,14276.0,10.4,0.597,100,8292,98.06,36.1
06/20/2026 06:00:00 PM,14279.0,10.4,0.601,100,8283,98.05,35.5
06/20/2026 06:15:00 PM,14279.0,10.4,0.601,100,8279,98.05,34.8
06/20/2026 06:30:00 PM,14279.0,10.4,0.601,100,8277,98.05,35.0
06/20/2026 06:45:00 PM,14278.0,10.4,0.596,100,8263,98.05,34.7
06/20/2026 07:00:00 PM,14276.0,10.4,0.598,100,8253,98.04,32.7
06/20/2026 07:15:00 PM,14276.0,10.4,0.6,100,8244,98.03,30.4
06/20/2026 07:30:00 PM,14278.0,10.4,0.598,100,8235,98.04,28.1
06/20/2026 07:45:00 PM,14280.0,10.4,0.603,100,8226,98.04,26.4
06/20/2026 08:00:00 PM,14285.0,10.4,0.596,100,8223,98.04,25.1
06/20/2026 08:15:00 PM,14290.0,10.4,0.597,100,8218,98.06,24.2
06/20/2026 08:30:00 PM,14297.0,10.4,0.601,100,8215,98.05,23.3
06/20/2026 08:45:00 PM,14300.0,10.4,0.601,100,8210,98.06,22.5
06/20/2026 09:00:00 PM,14291.0,10.4,0.6,100,8208,98.06,21.7
06/20/2026 09:15:00 PM,14277.0,10.4,0.597,100,8202,98.05,21.0
06/20/2026 09:30:00 PM,14265.0,10.4,0.6,100,8200,98.03,20.2
06/20/2026 09:45:00 PM,14249.0,10.4,0.603,100,8200,98.04,19.4
06/20/2026 10:00:00 PM,14235.0,10.4,0.6,100,8198,98.05,18.6
06/20/2026 10:15:00 PM,14223.0,10.4,0.603,100,8194,98.06,18.0
06/20/2026 10:30:00 PM,14211.0,10.4,0.604,100,8193,98.06,17.4
06/20/2026 10:45:00 PM,14202.0,10.4,0.6,100,8191,98.07,16.9
06/20/2026 11:00:00 PM,14197.0,10.4,0.597,100,8191,98.06,16.4
06/20/2026 11:15:00 PM,14205.0,10.4,0.601,100,8190,98.05,16.0
06/20/2026 11:30:00 PM,14218.0,10.4,0.6,100,8186,98.06,15.7
06/20/2026 11:45:00 PM,14233.0,10.4,0.601,100,8186,98.07,15.4
06/21/2026 12:00:00 AM,14248.0,10.4,0.597,100,8183,98.06,15.2
06/21/2026 12:15:00 AM,14263.0,10.4,0.603,100,8177,98.05,15.1
06/21/2026 12:30:00 AM,14277.0,10.4,0.603,100,8179,98.04,14.8
06/21/2026 12:45:00 AM,14291.0,10.4,0.598,100,8177,98.01,14.5
06/21/2026 01:00:00 AM,14301.0,10.4,0.598,100,8177,98.01,14.2
06/21/2026 01:15:00 AM,14307.0,10.4,0.596,100,8174,98.02,13.9
06/21/2026 01:30:00 AM,14313.0,10.4,0.598,100,8174,98.03,13.6
06/21/2026 01:45:00 AM,14318.0,10.4,0.601,100,8174,98.02,13.3
06/21/2026 02:00:00 AM,14323.0,10.4,0.598,100,8174,98.03,13.1
06/21/2026 02:15:00 AM,14328.0,10.4,0.598,100,8169,98.02,12.9
06/21/2026 02:30:00 AM,14332.0,10.4,0.598,100,8170,98.0,12.7
06/21/2026 02:45:00 AM,14334.0,10.4,0.601,100,8168,98.02,12.5
06/21/2026 03:00:00 AM,14336.0,10.4,0.597,100,8170,98.03,12.4
06/21/2026 03:15:00 AM,14339.0,10.4,0.6,100,8168,98.03,12.2
06/21/2026 03:30:00 AM,14341.0,10.4,0.6,100,8165,98.03,12.1
06/21/2026 03:45:00 AM,14342.0,10.4,0.594,100,8165,98.05,12.0
06/21/2026 04:00:00 AM,14344.0,10.4,0.601,100,8165,98.04,11.9
06/21/2026 04:15:00 AM,14345.0,10.4,0.601,100,8167,98.04,11.8
06/21/2026 04:30:00 AM,14347.0,10.4,0.598,100,8162,98.04,11.7
06/21/2026 04:45:00 AM,14348.0,10.4,0.597,100,8163,98.03,11.6
06/21/2026 05:00:00 AM,14350.0,10.4,0.598,100,8163,98.02,11.5
06/21/2026 05:15:00 AM,14351.0,10.4,0.598,100,8161,98.01,11.4
06/21/2026 05:30:00 AM,14352.0,10.4,0.597,100,8161,98.01,11.4
06/21/2026 05:45:00 AM,14354.0,10.4,0.6,100,8159,98.0,11.3
06/21/2026 06:00:00 AM,14354.0,10.4,0.597,100,8160,98.01,11.3
06/21/2026 06:15:00 AM,14355.0,10.4,0.601,100,8158,97.99,11.3
06/21/2026 06:30:00 AM,14357.0,10.4,0.6,100,8161,97.98,11.6
06/21/2026 06:45:00 AM,14359.0,10.4,0.596,100,8159,97.96,12.0
06/21/2026 07:00:00 AM,14359.0,10.4,0.601,100,8158,97.96,12.4
06/21/2026 07:15:00 AM,14360.0,10.4,0.603,100,8158,97.95,12.8
06/21/2026 07:30:00 AM,14360.0,10.4,0.601,100,8161,97.95,13.4
06/21/2026 07:45:00 AM,14360.0,10.4,0.598,100,8157,97.95,13.9
06/21/2026 08:00:00 AM,14362.0,10.4,0.601,100,8157,97.95,14.6
06/21/2026 08:15:00 AM,14366.0,10.4,0.601,100,8156,97.95,15.4
06/21/2026 08:30:00 AM,14372.0,10.4,0.603,100,8158,97.96,16.2
06/21/2026 08:45:00 AM,14379.0,10.4,0.6,100,8160,97.95,17.0
06/21/2026 09:00:00 AM,14377.0,10.4,0.603,100,8160,97.94,17.8
06/21/2026 09:15:00 AM,14367.0,10.4,0.6,100,8160,97.94,18.6
06/21/2026 09:30:00 AM,14357.0,10.4,0.601,100,8161,97.93,19.3
06/21/2026 09:45:00 AM,14346.0,10.4,0.604,100,8162,97.91,20.0
06/21/2026 10:00:00 AM,14342.0,10.4,0.604,100,8163,97.91,20.6
06/21/2026 10:15:00 AM,14351.0,10.4,0.603,100,8164,97.9,21.1
06/21/2026 10:30:00 AM,14363.0,10.4,0.597,100,8165,97.9,21.8
06/21/2026 10:45:00 AM,14377.0,10.4,0.601,100,8166,97.9,22.1
06/21/2026 11:00:00 AM,14392.0,10.4,0.598,100,8169,97.9,22.5
06/21/2026 11:15:00 AM,14406.0,10.4,0.597,100,8171,97.89,23.2
06/21/2026 11:30:00 AM,14418.0,10.4,0.598,100,8173,97.89,23.7
06/21/2026 11:45:00 AM,14430.0,10.4,0.596,100,8180,97.89,24.6
06/21/2026 12:00:00 PM,14442.0,10.4,0.604,100,8186,97.89,25.7
06/21/2026 12:15:00 PM,14453.0,10.4,0.603,100,8189,97.88,26.2
06/21/2026 12:30:00 PM,14462.0,10.4,0.6,100,8195,97.88,26.3
06/21/2026 12:45:00 PM,14472.0,10.4,0.598,100,8212,97.88,27.0
06/21/2026 01:00:00 PM,14481.0,10.4,0.596,100,8218,97.88,27.8
06/21/2026 01:15:00 PM,14489.0,10.4,0.6,100,8218,97.88,27.9
06/21/2026 01:30:00 PM,14497.0,10.4,0.598,100,8228,97.88,27.9
06/21/2026 01:45:00 PM,14505.0,10.4,0.603,100,8238,97.87,28.5
06/21/2026 02:00:00 PM,14512.0,10.4,0.597,100,8238,97.87,29.4
06/21/2026 02:15:00 PM,14518.0,10.4,0.594,100,8236,97.87,28.8
06/21/2026 02:30:00 PM,14525.0,10.4,0.601,100,8234,97.87,28.2
06/21/2026 02:45:00 PM,14530.0,10.4,0.597,100,8234,97.87,27.6
06/21/2026 03:00:00 PM,14535.0,10.4,0.598,100,8232,97.87,27.2
06/21/2026 03:15:00 PM,14540.0,10.4,0.603,100,8231,97.87,27.0
06/21/2026 03:30:00 PM,14545.0,10.4,0.598,100,8227,97.87,27.0
06/21/2026 03:45:00 PM,14551.0,10.4,0.601,100,8224,97.87,26.5
06/21/2026 04:00:00 PM,14555.0,10.4,0.601,100,8226,97.87,26.1
06/21/2026 04:15:00 PM,14560.0,10.4,0.6,100,8222,97.87,26.0
06/21/2026 04:30:00 PM,14564.0,10.4,0.6,100,8225,97.86,26.4
06/21/2026 04:45:00 PM,14568.0,10.4,0.598,100,8226,97.86,27.0
06/21/2026 05:00:00 PM,14571.0,10.4,0.6,100,8224,97.87,26.8
06/21/2026 05:15:00 PM,14574.0,10.4,0.597,100,8223,97.88,26.3
06/21/2026 05:30:00 PM,14577.0,10.4,0.598,100,8222,97.88,26.4
06/21/2026 05:45:00 PM,14581.0,10.4,0.6,100,8221,97.88,26.8
06/21/2026 06:00:00 PM,14583.0,10.4,0.604,100,8221,97.88,26.6
06/21/2026 06:15:00 PM,14587.0,10.4,0.601,100,8218,97.88,26.4
06/21/2026 06:30:00 PM,14589.0,10.4,0.594,100,8219,97.87,26.3
06/21/2026 06:45:00 PM,14588.0,10.4,0.601,100,8220,97.87,26.7
06/21/2026 07:00:00 PM,14584.0,10.4,0.601,100,8220,97.88,27.3
06/21/2026 07:15:00 PM,14576.0,10.4,0.601,100,8218,97.89,27.3
06/21/2026 07:30:00 PM,14551.0,10.4,0.6,100,8209,97.9,26.2
06/21/2026 07:45:00 PM,14523.0,10.4,0.601,100,8206,97.92,25.3
06/21/2026 08:00:00 PM,14493.0,10.4,0.603,100,8203,97.93,24.4
06/21/2026 08:15:00 PM,14467.0,10.4,0.596,100,8200,97.94,23.5
06/21/2026 08:30:00 PM,14457.0,10.4,0.6,100,8196,97.96,22.7
06/21/2026 08:45:00 PM,14457.0,10.4,0.598,100,8191,97.97,22.0
06/21/2026 09:00:00 PM,14461.0,10.4,0.597,100,8190,97.98,21.2
06/21/2026 09:15:00 PM,14468.0,10.4,0.598,100,8188,98.0,20.4
06/21/2026 09:30:00 PM,14475.0,10.4,0.597,100,8145,98.01,19.9
06/21/2026 09:45:00 PM,14484.0,10.4,0.6,100,8183,98.03,19.5
06/21/2026 10:00:00 PM,14491.0,10.4,0.6,100,8180,98.07,19.1
06/21/2026 10:15:00 PM,14498.0,10.4,0.604,100,8177,98.11,18.9
06/21/2026 10:30:00 PM,14505.0,10.4,0.601,100,8179,98.14,18.8
06/21/2026 10:45:00 PM,14512.0,10.4,0.598,100,8177,98.17,18.7
06/21/2026 11:00:00 PM,14510.0,10.4,0.598,100,8177,98.18,18.7
06/21/2026 11:15:00 PM,14496.0,10.4,0.601,100,8172,98.19,18.7
06/21/2026 11:30:00 PM,14480.0,10.4,0.603,100,8174,98.19,18.7
06/21/2026 11:45:00 PM,14464.0,10.4,0.6,100,8174,98.19,18.7
06/22/2026 12:00:00 AM,14449.0,10.4,0.603,100,8168,98.19,18.7
06/22/2026 12:15:00 AM,14435.0,10.4,0.597,100,8164,98.19,18.8
06/22/2026 12:30:00 AM,14423.0,10.4,0.6,100,8161,98.2,18.8
06/22/2026 12:45:00 AM,14412.0,10.4,0.598,100,8162,98.2,18.8
06/22/2026 01:00:00 AM,14409.0,10.4,0.598,100,8160,98.21,18.8
06/22/2026 01:15:00 AM,14415.0,10.4,0.598,100,8162,98.2,18.8
06/22/2026 01:30:00 AM,14423.0,10.4,0.605,100,8161,98.2,18.7
06/22/2026 01:45:00 AM,14430.0,10.4,0.598,100,8158,98.2,18.5
06/22/2026 02:00:00 AM,14436.0,10.4,0.6,100,8156,98.19,18.1
06/22/2026 02:15:00 AM,14441.0,10.4,0.598,100,8154,98.19,17.7
06/22/2026 02:30:00 AM,14444.0,10.4,0.601,100,8153,98.19,17.3
06/22/2026 02:45:00 AM,14445.0,10.4,0.598,100,8155,98.2,17.0
06/22/2026 03:00:00 AM,14445.0,10.4,0.596,100,8152,98.2,16.6
06/22/2026 03:15:00 AM,14446.0,10.4,0.603,100,8152,98.21,16.3
06/22/2026 03:30:00 AM,14446.0,10.4,0.601,100,8149,98.22,16.1
06/22/2026 03:45:00 AM,14445.0,10.4,0.601,100,8147,98.22,15.8
06/22/2026 04:00:00 AM,14443.0,10.4,0.598,100,8147,98.23,15.6
06/22/2026 04:15:00 AM,14439.0,10.4,0.603,100,8147,98.25,15.3
06/22/2026 04:30:00 AM,14435.0,10.4,0.603,100,8146,98.27,15.2
06/22/2026 04:45:00 AM,14431.0,10.4,0.598,100,8146,98.28,15.0
06/22/2026 05:00:00 AM,14425.0,10.4,0.603,100,8144,98.31,14.9
06/22/2026 05:15:00 AM,14420.0,10.4,0.6,100,8143,98.32,14.8
06/22/2026 05:30:00 AM,14416.0,10.4,0.598,100,8141,98.32,14.7
06/22/2026 05:45:00 AM,14410.0,10.4,0.594,100,8143,98.33,14.6
06/22/2026 06:00:00 AM,14404.0,10.4,0.6,100,8141,98.34,14.5
06/22/2026 06:15:00 AM,14399.0,10.4,0.6,100,8140,98.34,14.4
06/22/2026 06:30:00 AM,14392.0,10.4,0.598,100,8140,98.37,14.3
06/22/2026 06:45:00 AM,14387.0,10.4,0.597,100,8140,98.39,14.3
06/22/2026 07:00:00 AM,14380.0,10.4,0.598,100,8140,98.42,14.4
06/22/2026 07:15:00 AM,14375.0,10.4,0.594,100,8134,98.43,14.7
06/22/2026 07:30:00 AM,14371.0,10.4,0.603,100,8137,98.43,15.0
06/22/2026 07:45:00 AM,14366.0,10.4,0.598,100,8134,98.45,15.4
06/22/2026 08:00:00 AM,14359.0,10.4,0.597,100,8138,98.47,15.8
06/22/2026 08:15:00 AM,14354.0,10.4,0.603,100,8136,98.47,16.3
06/22/2026 08:30:00 AM,14347.0,10.4,0.6,100,8135,98.47,17.3
06/22/2026 08:45:00 AM,14340.0,10.4,0.601,100,8138,98.49,17.9
06/22/2026 09:00:00 AM,14334.0,10.4,0.598,100,8133,98.5,18.3
06/22/2026 09:15:00 AM,14327.0,10.4,0.6,100,8135,98.51,18.7
06/22/2026 09:30:00 AM,14320.0,10.4,0.6,100,8135,98.52,19.1
06/22/2026 09:45:00 AM,14315.0,10.4,0.6,100,8132,98.53,19.7
06/22/2026 10:00:00 AM,14313.0,10.4,0.6,100,8131,98.54,20.3
06/22/2026 10:15:00 AM,14314.0,10.4,0.597,100,8133,98.55,20.9
06/22/2026 10:30:00 AM,14318.0,10.4,0.604,100,8130,98.56,21.8
06/22/2026 10:45:00 AM,14325.0,10.4,0.6,100,8130,98.56,21.8
06/22/2026 11:00:00 AM,14334.0,10.4,0.601,100,8131,98.57,22.1
06/22/2026 11:15:00 AM,14343.0,10.4,0.598,100,8126,98.57,22.4
06/22/2026 11:30:00 AM,14352.0,10.4,0.601,100,8129,98.57,22.9
06/22/2026 11:45:00 AM,14362.0,10.4,0.598,100,8136,98.58,23.6
06/22/2026 12:00:00 PM,14373.0,10.4,0.594,100,8148,98.57,25.4
06/22/2026 12:15:00 PM,14384.0,10.4,0.598,100,8164,98.56,26.4
06/22/2026 12:30:00 PM,14395.0,10.4,0.6,100,8180,98.56,28.1
06/22/2026 12:45:00 PM,14406.0,10.4,0.598,100,8199,98.57,28.8
06/22/2026 01:00:00 PM,14417.0,10.4,0.597,100,8216,98.56,29.8
06/22/2026 01:15:00 PM,14426.0,10.4,0.6,100,8231,98.57,30.6
06/22/2026 01:30:00 PM,14424.0,10.4,0.597,100,8220,98.57,30.7
06/22/2026 01:45:00 PM,14413.0,10.4,0.6,100,8242,98.57,29.7
06/22/2026 02:00:00 PM,14402.0,10.4,0.598,100,8237,98.57,30.4
06/22/2026 02:15:00 PM,14391.0,10.4,0.598,100,8240,98.58,29.2
06/22/2026 02:30:00 PM,14391.0,10.4,0.596,100,8251,98.58,29.3
06/22/2026 02:45:00 PM,14400.0,10.4,0.6,100,8264,98.58,30.5
06/22/2026 03:00:00 PM,14410.0,10.4,0.601,100,8276,98.57,32.7
06/22/2026 03:15:00 PM,14416.0,10.4,0.598,100,8285,98.59,34.5
06/22/2026 03:30:00 PM,14420.0,10.4,0.601,100,8290,98.58,36.1
06/22/2026 03:45:00 PM,14421.0,10.4,0.598,100,8288,98.58,37.1
06/22/2026 04:00:00 PM,14419.0,10.4,0.601,100,8269,98.57,35.8
06/22/2026 04:15:00 PM,14414.0,10.4,0.603,100,8259,98.57,33.0
06/22/2026 04:30:00 PM,14408.0,10.4,0.598,100,8265,98.57,32.3
06/22/2026 04:45:00 PM,14401.0,10.4,0.603,100,8275,98.57,34.1
06/22/2026 05:00:00 PM,14393.0,10.4,0.601,100,8280,98.57,36.1
06/22/2026 05:15:00 PM,14388.0,10.4,0.601,100,8269,98.57,36.8
06/22/2026 05:30:00 PM,14383.0,10.4,0.6,100,8270,98.57,36.1
06/22/2026 05:45:00 PM,14382.0,10.4,0.598,100,8270,98.57,36.3
06/22/2026 06:00:00 PM,14384.0,10.4,0.597,100,8266,98.57,37.2
06/22/2026 06:15:00 PM,14386.0,10.4,0.596,100,8259,98.57,37.2
06/22/2026 06:30:00 PM,14388.0,10.4,0.6,100,8250,98.57,36.7
06/22/2026 06:45:00 PM,14389.0,10.4,0.598,100,8241,98.58,36.4
06/22/2026 07:00:00 PM,14392.0,10.4,0.601,100,8231,98.57,34.4
06/22/2026 07:15:00 PM,14393.0,10.4,0.596,100,8220,98.56,32.0
06/22/2026 07:30:00 PM,14394.0,10.4,0.601,100,8211,98.56,29.6
06/22/2026 07:45:00 PM,14394.0,10.4,0.6,100,8205,98.57,27.9
06/22/2026 08:00:00 PM,14397.0,10.4,0.601,100,8198,98.58,26.6
06/22/2026 08:15:00 PM,14401.0,10.4,0.601,100,8195,98.59,25.5
06/22/2026 08:30:00 PM,14407.0,10.4,0.6,100,8191,98.6,24.5
06/22/2026 08:45:00 PM,14416.0,10.4,0.598,100,8187,98.6,23.4
06/22/2026 09:00:00 PM,14426.0,10.4,0.598,100,8184,98.61,22.4
06/22/2026 09:15:00 PM,14438.0,10.4,0.597,100,8181,98.63,21.6
06/22/2026 09:30:00 PM,14447.0,10.4,0.6,100,8178,98.64,20.8
06/22/2026 09:45:00 PM,14443.0,10.4,0.6,100,8174,98.67,20.0
06/22/2026 10:00:00 PM,14433.0,10.4,0.598,100,8174,98.69,19.4
06/22/2026 10:15:00 PM,14424.0,10.4,0.598,100,8173,98.72,18.9
06/22/2026 10:30:00 PM,14414.0,10.4,0.6,100,8171,98.73,18.4
06/22/2026 10:45:00 PM,14411.0,10.4,0.601,100,8170,98.74,17.9
06/22/2026 11:00:00 PM,14421.0,10.4,0.598,100,8166,98.75,17.4
06/22/2026 11:15:00 PM,14436.0,10.4,0.6,100,8164,98.76,17.0
06/22/2026 11:30:00 PM,14451.0,10.4,0.598,100,8167,98.77,16.7
06/22/2026 11:45:00 PM,14466.0,10.4,0.598,100,8163,98.78,16.4
06/23/2026 12:00:00 AM,14480.0,10.4,0.601,100,8164,98.78,16.3
06/23/2026 12:15:00 AM,14489.0,10.4,0.593,100,8156,98.79,16.3
06/23/2026 12:30:00 AM,14493.0,10.4,0.601,100,8154,98.79,16.2
06/23/2026 12:45:00 AM,14490.0,10.4,0.596,100,8155,98.79,16.2
06/23/2026 01:00:00 AM,14483.0,10.4,0.598,100,8152,98.79,16.2
06/23/2026 01:15:00 AM,14470.0,10.4,0.594,100,8153,98.79,16.2
06/23/2026 01:30:00 AM,14452.0,10.4,0.603,100,8151,98.8,16.2
06/23/2026 01:45:00 AM,14431.0,10.4,0.598,100,8149,98.8,16.0
06/23/2026 02:00:00 AM,14409.0,10.4,0.598,100,8148,98.8,15.8
06/23/2026 02:15:00 AM,14386.0,10.4,0.597,100,8148,98.81,15.7
06/23/2026 02:30:00 AM,14362.0,10.4,0.598,100,8148,98.81,15.6
06/23/2026 02:45:00 AM,14338.0,10.4,0.604,100,8147,98.83,15.4
06/23/2026 03:00:00 AM,14315.0,10.4,0.598,100,8148,98.82,15.3
06/23/2026 03:15:00 AM,14294.0,10.4,0.6,100,8143,98.82,15.1
06/23/2026 03:30:00 AM,14275.0,10.4,0.601,100,8142,98.81,14.8
06/23/2026 03:45:00 AM,14256.0,10.4,0.597,100,8142,98.8,14.6
06/23/2026 04:00:00 AM,14238.0,10.4,0.603,100,8143,98.81,14.4
06/23/2026 04:15:00 AM,14221.0,10.4,0.6,100,8141,98.81,14.2
06/23/2026 04:30:00 AM,14205.0,10.4,0.597,100,8142,98.81,14.0
06/23/2026 04:45:00 AM,14191.0,10.4,0.598,100,8140,98.81,13.8
06/23/2026 05:00:00 AM,14176.0,10.4,0.598,100,8139,98.83,13.6
06/23/2026 05:15:00 AM,14162.0,10.4,0.6,100,8138,98.83,13.4
06/23/2026 05:30:00 AM,14151.0,10.4,0.601,100,8136,98.84,13.3
06/23/2026 05:45:00 AM,14142.0,10.4,0.601,100,8138,98.84,13.5
06/23/2026 06:00:00 AM,14134.0,10.4,0.598,100,8137,98.84,13.6
06/23/2026 06:15:00 AM,14126.0,10.4,0.601,100,8136,98.84,13.6
06/23/2026 06:30:00 AM,14116.0,10.4,0.6,100,8136,98.84,13.6
06/23/2026 06:45:00 AM,14108.0,10.4,0.603,100,8134,98.83,13.7
06/23/2026 07:00:00 AM,14100.0,10.4,0.601,100,8134,98.83,13.7
06/23/2026 07:15:00 AM,14090.0,10.4,0.6,100,8134,98.84,14.1
06/23/2026 07:30:00 AM,14081.0,10.4,0.601,100,8131,98.84,14.7
06/23/2026 07:45:00 AM,14071.0,10.4,0.597,100,8133,98.84,15.4
06/23/2026 08:00:00 AM,14053.0,10.4,0.597,100,8131,98.83,16.4
06/23/2026 08:15:00 AM,14024.0,10.4,0.597,100,8133,98.83,17.9
06/23/2026 08:30:00 AM,13994.0,10.4,0.603,100,8135,98.82,19.9
06/23/2026 08:45:00 AM,13963.0,10.4,0.6,100,8136,98.8,21.4
06/23/2026 09:00:00 AM,13934.0,10.4,0.597,100,8142,98.8,22.3
06/23/2026 09:15:00 AM,13907.0,10.4,0.6,100,8140,98.79,22.8
06/23/2026 09:30:00 AM,13884.0,10.4,0.601,100,8140,98.8,23.0
06/23/2026 09:45:00 AM,13866.0,10.4,0.598,100,8141,98.77,23.1
06/23/2026 10:00:00 AM,13859.0,10.4,0.601,100,8139,98.76,23.4
06/23/2026 10:15:00 AM,13864.0,10.4,0.596,100,8141,98.74,24.0
06/23/2026 10:30:00 AM,13874.0,10.4,0.601,100,8139,98.73,24.5
06/23/2026 10:45:00 AM,13886.0,10.4,0.598,100,8141,98.73,24.4
06/23/2026 11:00:00 AM,13898.0,10.4,0.597,100,8139,98.71,25.2
06/23/2026 11:15:00 AM,13910.0,10.4,0.598,100,8141,98.7,25.8
06/23/2026 11:30:00 AM,13923.0,10.4,0.6,100,8136,98.68,26.1
06/23/2026 11:45:00 AM,13933.0,10.4,0.6,100,8144,98.69,26.7
06/23/2026 12:00:00 PM,13943.0,10.4,0.596,100,8142,98.69,27.3
06/23/2026 12:15:00 PM,13952.0,10.4,0.603,100,8145,98.69,27.0
06/23/2026 12:30:00 PM,13960.0,10.4,0.601,100,8148,98.69,27.2
06/23/2026 12:45:00 PM,13968.0,10.4,0.598,100,8154,98.69,27.8
06/23/2026 01:00:00 PM,13974.0,10.4,0.6,100,8153,98.69,28.0
06/23/2026 01:15:00 PM,13981.0,10.4,0.603,100,8150,98.68,27.2
06/23/2026 01:30:00 PM,13988.0,10.4,0.597,100,8148,98.66,26.6
06/23/2026 01:45:00 PM,13995.0,10.4,0.597,100,8158,98.64,27.0
06/23/2026 02:00:00 PM,14000.0,10.4,0.597,100,8157,98.61,28.0
06/23/2026 02:15:00 PM,14048.0,10.4,0.6,100,8157,98.58,27.9
06/23/2026 02:30:00 PM,14012.0,10.4,0.597,100,8156,98.57,27.6
06/23/2026 02:45:00 PM,14164.0,10.5,0.598,100,8155,98.55,27.2
06/23/2026 03:00:00 PM,14060.0,10.5,0.598,100,8152,98.53,27.0
06/23/2026 03:15:00 PM,14198.0,10.5,0.594,100,8155,98.49,27.0
06/23/2026 03:30:00 PM,14183.0,10.4,0.593,100,8155,98.45,27.6
06/23/2026 03:45:00 PM,14171.0,10.3,0.596,100,8155,98.44,26.5
06/23/2026 04:00:00 PM,14175.0,10.3,0.597,100,8164,98.39,26.7
06/23/2026 04:15:00 PM,14184.0,10.3,0.597,100,8159,98.36,26.9
06/23/2026 04:30:00 PM,14196.0,10.3,0.598,100,8159,98.34,26.3
06/23/2026 04:45:00 PM,14207.0,10.3,0.598,100,8156,98.35,25.7
06/23/2026 05:00:00 PM,14215.0,10.3,0.598,100,8154,98.39,25.1
06/23/2026 05:15:00 PM,14227.0,10.3,0.598,100,8148,98.39,24.0
06/23/2026 05:30:00 PM,14238.0,10.3,0.598,100,8148,98.38,23.1
06/23/2026 05:45:00 PM,14249.0,10.3,0.6,100,8145,98.38,21.8
06/23/2026 06:00:00 PM,14259.0,10.3,0.6,100,8143,98.39,20.9
06/23/2026 06:15:00 PM,14268.0,10.3,0.6,100,8139,98.4,19.9
06/23/2026 06:30:00 PM,14270.0,10.3,0.6,100,8135,98.53,18.8
06/23/2026 06:45:00 PM,14280.0,10.3,0.601,100,8137,98.49,18.0
06/23/2026 07:00:00 PM,14284.0,10.3,0.601,100,8136,98.52,17.6
06/23/2026 07:15:00 PM,14285.0,10.3,0.601,100,8133,98.52,17.5
06/23/2026 07:30:00 PM,14287.0,10.3,0.601,100,8130,98.49,17.3
06/23/2026 07:45:00 PM,14285.0,10.3,0.601,100,8131,98.5,17.2
06/23/2026 08:00:00 PM,14285.0,10.3,0.601,100,8132,98.49,17.2
06/23/2026 08:15:00 PM,14286.0,10.3,0.601,100,8129,98.51,17.1
06/23/2026 08:30:00 PM,14289.0,10.3,0.601,100,8128,98.48,17.1
06/23/2026 08:45:00 PM,14295.0,10.3,0.601,100,8129,98.42,17.0
06/23/2026 09:00:00 PM,14299.0,10.3,0.601,100,8128,98.42,17.1
06/23/2026 09:15:00 PM,14300.0,10.3,0.601,100,8126,98.45,17.1
06/23/2026 09:30:00 PM,14208.0,10.3,0.604,100,8123,98.42,17.0
06/23/2026 09:45:00 PM,14199.0,10.4,0.605,100,8124,98.47,16.9
06/23/2026 10:00:00 PM,14223.0,10.3,0.597,100,8121,98.49,16.8
06/23/2026 10:15:00 PM,14138.0,10.5,0.6,100,8121,98.46,16.8
06/23/2026 10:30:00 PM,14171.0,10.6,0.605,100,8120,98.47,16.7
06/23/2026 10:45:00 PM,14160.0,10.5,0.597,100,8119,98.44,16.6
06/23/2026 11:00:00 PM,14248.0,10.6,0.6,100,8118,98.42,16.4
06/23/2026 11:15:00 PM,14087.0,10.5,0.598,100,8117,98.41,16.4
06/23/2026 11:30:00 PM,14062.0,10.6,0.603,100,8117,98.39,16.3
06/23/2026 11:45:00 PM,14046.0,10.6,0.6,100,8115,98.39,16.3
06/24/2026 12:00:00 AM,14032.0,10.6,0.6,100,8119,98.41,16.4
06/24/2026 12:15:00 AM,14036.0,10.6,0.6,100,8092,98.4,16.6
06/24/2026 12:30:00 AM,14045.0,10.6,0.603,100,8101,98.4,16.6
06/24/2026 12:45:00 AM,14061.0,10.5,0.598,100,8101,98.36,16.5
06/24/2026 01:00:00 AM,14079.0,10.5,0.6,100,8103,98.34,16.5
06/24/2026 01:15:00 AM,14098.0,10.5,0.601,100,8101,98.34,16.5
06/24/2026 01:30:00 AM,14119.0,10.5,0.6,100,8101,98.32,16.4
06/24/2026 01:45:00 AM,14141.0,10.5,0.605,100,8101,98.28,16.3
06/24/2026 02:00:00 AM,14162.0,10.5,0.6,100,8102,98.27,16.3
06/24/2026 02:15:00 AM,14183.0,10.5,0.6,100,8099,98.25,16.4
06/24/2026 02:30:00 AM,14203.0,10.5,0.598,100,8101,98.23,16.4
06/24/2026 02:45:00 AM,14221.0,10.5,0.598,100,8098,98.22,16.4
06/24/2026 03:00:00 AM,14239.0,10.5,0.598,100,8101,98.21,16.3
06/24/2026 03:15:00 AM,14256.0,10.5,0.598,100,8100,98.2,16.3
06/24/2026 03:30:00 AM,14271.0,10.5,0.598,100,8097,98.21,16.3
06/24/2026 03:45:00 AM,14285.0,10.5,0.601,100,8098,98.2,16.3
06/24/2026 04:00:00 AM,14299.0,10.5,0.6,100,8098,98.21,16.3
06/24/2026 04:15:00 AM,14311.0,10.5,0.598,100,8096,98.22,16.3
06/24/2026 04:30:00 AM,14323.0,10.5,0.6,100,8092,98.22,16.4
06/24/2026 04:45:00 AM,14334.0,10.5,0.6,100,8094,98.23,16.3
06/24/2026 05:00:00 AM,14344.0,10.5,0.598,100,8093,98.23,16.3
06/24/2026 05:15:00 AM,14355.0,10.5,0.597,100,8091,98.22,16.2
06/24/2026 05:30:00 AM,14366.0,10.5,0.6,100,8092,98.21,16.1
06/24/2026 05:45:00 AM,14377.0,10.5,0.601,100,8094,98.21,16.1
06/24/2026 06:00:00 AM,14389.0,10.5,0.598,100,8093,98.2,16.2
06/24/2026 06:15:00 AM,14400.0,10.4,0.598,100,8091,98.19,16.3
06/24/2026 06:30:00 AM,14408.0,10.4,0.598,100,8091,98.17,16.4
06/24/2026 06:45:00 AM,14416.0,10.4,0.6,100,8091,98.15,16.5
06/24/2026 07:00:00 AM,14418.0,10.4,0.6,100,8090,98.2,16.6
06/24/2026 07:15:00 AM,14419.0,10.4,0.598,100,8093,98.22,16.7
06/24/2026 07:30:00 AM,14419.0,10.4,0.598,100,8088,98.23,16.8
06/24/2026 07:45:00 AM,14552.0,10.4,0.598,100,8088,98.22,16.9
06/24/2026 08:00:00 AM,14633.0,10.4,0.592,100,8089,98.23,17.0
06/24/2026 08:15:00 AM,14627.0,10.3,0.596,100,8088,98.22,17.2
06/24/2026 08:30:00 AM,14623.0,10.3,0.597,100,8086,98.21,17.4
06/24/2026 08:45:00 AM,14619.0,10.3,0.597,100,8085,98.19,17.8
06/24/2026 09:00:00 AM,14612.0,10.3,0.598,100,8089,98.18,18.3
06/24/2026 09:15:00 AM,14602.0,10.3,0.598,100,8088,98.17,18.6
06/24/2026 09:30:00 AM,14575.0,10.3,0.598,100,8090,98.17,19.0
06/24/2026 09:45:00 AM,14543.0,10.3,0.598,100,8092,98.17,19.6
06/24/2026 10:00:00 AM,14509.0,10.3,0.598,100,8093,98.16,20.0
06/24/2026 10:15:00 AM,14475.0,10.3,0.6,100,8092,98.16,20.4
06/24/2026 10:30:00 AM,14443.0,10.3,0.6,100,8093,98.14,21.1
06/24/2026 10:45:00 AM,14416.0,10.3,0.6,100,8092,98.13,21.1
06/24/2026 11:00:00 AM,14401.0,10.3,0.6,100,8091,98.12,21.4
06/24/2026 11:15:00 AM,14400.0,10.3,0.6,100,8088,98.11,21.8
06/24/2026 11:30:00 AM,14407.0,10.3,0.6,100,8091,98.11,22.3
06/24/2026 11:45:00 AM,14418.0,10.3,0.601,100,8095,98.11,23.0
06/24/2026 12:00:00 PM,14431.0,10.3,0.601,100,8104,98.1,24.0
06/24/2026 12:15:00 PM,14445.0,10.3,0.601,100,8126,98.09,25.3
06/24/2026 12:30:00 PM,14460.0,10.3,0.601,100,8129,98.08,26.4
06/24/2026 12:45:00 PM,14475.0,10.3,0.601,100,8145,98.07,26.6
06/24/2026 01:00:00 PM,14490.0,10.3,0.601,100,8158,98.07,27.4
06/24/2026 01:15:00 PM,14505.0,10.3,0.601,100,8171,98.05,28.2
06/24/2026 01:30:00 PM,14520.0,10.3,0.601,100,8176,98.05,28.1
06/24/2026 01:45:00 PM,14534.0,10.3,0.601,100,8183,98.04,27.8
06/24/2026 02:00:00 PM,14548.0,10.3,0.601,100,8203,98.03,28.2
06/24/2026 02:15:00 PM,14560.0,10.3,0.601,100,8212,98.02,29.3
06/24/2026 02:30:00 PM,14573.0,10.3,0.601,100,8222,98.02,29.5
06/24/2026 02:45:00 PM,14585.0,10.3,0.601,100,8224,98.01,29.5
06/24/2026 03:00:00 PM,14597.0,10.3,0.601,100,8246,98.0,29.4
06/24/2026 03:15:00 PM,14608.0,10.3,0.601,100,8253,97.99,30.6
06/24/2026 03:30:00 PM,14618.0,10.3,0.601,100,8253,97.99,30.9
06/24/2026 03:45:00 PM,14629.0,10.3,0.601,100,8262,97.97,30.0
06/24/2026 04:00:00 PM,14639.0,10.3,0.601,100,8261,97.97,30.0
06/24/2026 04:15:00 PM,14648.0,10.3,0.601,100,8263,97.96,29.6
06/24/2026 04:30:00 PM,14655.0,10.3,0.601,100,8266,97.97,29.7
06/24/2026 04:45:00 PM,14664.0,10.3,0.601,100,8275,97.97,30.1
06/24/2026 05:00:00 PM,14671.0,10.3,0.601,100,8281,97.97,30.4
06/24/2026 05:15:00 PM,14678.0,10.3,0.601,100,8282,97.97,30.8
06/24/2026 05:30:00 PM,14686.0,10.3,0.601,100,8284,97.97,30.9
06/24/2026 05:45:00 PM,14692.0,10.3,0.601,100,8282,97.97,30.7
06/24/2026 06:00:00 PM,14696.0,10.3,0.601,100,8271,97.98,30.1
06/24/2026 06:15:00 PM,14702.0,10.3,0.601,100,8273,97.98,28.6
06/24/2026 06:30:00 PM,14707.0,10.3,0.601,100,8272,97.98,28.9
06/24/2026 06:45:00 PM,14711.0,10.3,0.601,100,8263,97.98,28.3
06/24/2026 07:00:00 PM,14715.0,10.3,0.601,100,8261,97.98,27.0
06/24/2026 07:15:00 PM,14719.0,10.3,0.601,100,8250,97.98,25.9
06/24/2026 07:30:00 PM,14722.0,10.3,0.601,100,8248,97.98,24.8
06/24/2026 07:45:00 PM,14726.0,10.3,0.601,100,8241,97.99,23.9
06/24/2026 08:00:00 PM,14730.0,10.3,0.601,100,8239,97.99,23.1
06/24/2026 08:15:00 PM,14734.0,10.3,0.601,100,8232,98.0,22.6
06/24/2026 08:30:00 PM,14737.0,10.3,0.601,100,8231,98.01,22.0
06/24/2026 08:45:00 PM,14740.0,10.3,0.601,100,8225,98.01,21.4
06/24/2026 09:00:00 PM,14655.0,10.3,0.604,100,8221,98.02,20.8
06/24/2026 09:15:00 PM,14532.0,10.4,0.612,100,8221,98.02,20.1
06/24/2026 09:30:00 PM,14536.0,10.4,0.608,100,8217,98.03,19.6
06/24/2026 09:45:00 PM,14532.0,10.4,0.601,100,8214,98.03,19.2
06/24/2026 10:00:00 PM,14512.0,10.4,0.603,100,8215,98.02,19.0
06/24/2026 10:15:00 PM,14483.0,10.4,0.598,100,8209,98.04,18.9
06/24/2026 10:30:00 PM,14449.0,10.4,0.6,100,8211,98.05,18.7
06/24/2026 10:45:00 PM,14420.0,10.4,0.6,100,8207,98.06,18.4
06/24/2026 11:00:00 PM,14404.0,10.4,0.597,100,8205,98.04,18.1
06/24/2026 11:15:00 PM,14391.0,10.4,0.6,100,8205,98.04,17.8
06/24/2026 11:30:00 PM,14378.0,10.4,0.6,100,8202,98.05,17.5
06/24/2026 11:45:00 PM,14367.0,10.4,0.598,100,8202,98.05,17.3
06/25/2026 12:00:00 AM,14360.0,10.4,0.597,100,8199,98.03,17.2
06/25/2026 12:15:00 AM,14354.0,10.4,0.598,100,8172,98.04,17.1
06/25/2026 12:30:00 AM,14349.0,10.4,0.604,100,8183,98.04,16.9
06/25/2026 12:45:00 AM,14344.0,10.4,0.597,100,8180,98.04,16.7
06/25/2026 01:00:00 AM,14341.0,10.4,0.6,100,8182,98.05,16.6
06/25/2026 01:15:00 AM,14338.0,10.4,0.6,100,8177,98.05,16.4
06/25/2026 01:30:00 AM,14334.0,10.4,0.598,100,8179,98.04,16.1
06/25/2026 01:45:00 AM,14328.0,10.4,0.603,100,8179,98.03,15.7
06/25/2026 02:00:00 AM,14320.0,10.4,0.601,100,8177,98.03,15.4
06/25/2026 02:15:00 AM,14312.0,10.4,0.603,100,8174,98.02,15.2
06/25/2026 02:30:00 AM,14303.0,10.4,0.601,100,8177,98.02,15.0
06/25/2026 02:45:00 AM,14295.0,10.4,0.598,100,8171,98.02,14.9
06/25/2026 03:00:00 AM,14286.0,10.4,0.597,100,8173,98.03,14.8
06/25/2026 03:15:00 AM,14278.0,10.4,0.598,100,8173,98.03,14.7
06/25/2026 03:30:00 AM,14270.0,10.4,0.598,100,8171,98.04,14.5
06/25/2026 03:45:00 AM,14262.0,10.4,0.598,100,8171,98.04,14.3
06/25/2026 04:00:00 AM,14255.0,10.4,0.596,100,8171,98.05,14.1
06/25/2026 04:15:00 AM,14248.0,10.4,0.6,100,8168,98.05,14.0
06/25/2026 04:30:00 AM,14241.0,10.4,0.603,100,8168,98.05,13.9
06/25/2026 04:45:00 AM,14234.0,10.4,0.597,100,8166,98.06,13.8
06/25/2026 05:00:00 AM,14227.0,10.4,0.601,100,8167,98.07,13.7
06/25/2026 05:15:00 AM,14220.0,10.4,0.597,100,8164,98.08,13.6
06/25/2026 05:30:00 AM,14212.0,10.4,0.593,100,8167,98.1,13.6
06/25/2026 05:45:00 AM,14205.0,10.4,0.598,100,8164,98.11,13.6
06/25/2026 06:00:00 AM,14198.0,10.4,0.6,100,8164,98.12,13.5
06/25/2026 06:15:00 AM,14191.0,10.4,0.6,100,8161,98.11,13.5
06/25/2026 06:30:00 AM,14182.0,10.4,0.598,100,8161,98.14,13.6
06/25/2026 06:45:00 AM,14175.0,10.4,0.598,100,8160,98.14,13.8
06/25/2026 07:00:00 AM,14168.0,10.4,0.6,100,8159,98.16,14.1
06/25/2026 07:15:00 AM,14161.0,10.4,0.598,100,8161,98.17,14.4
06/25/2026 07:30:00 AM,14156.0,10.4,0.6,100,8160,98.18,14.7
06/25/2026 07:45:00 AM,14154.0,10.4,0.604,100,8158,98.18,14.8
06/25/2026 08:00:00 AM,14153.0,10.4,0.601,100,8157,98.2,15.1
06/25/2026 08:15:00 AM,14154.0,10.4,0.604,100,8156,98.22,15.3
06/25/2026 08:30:00 AM,14159.0,10.4,0.6,100,8153,98.22,15.7
06/25/2026 08:45:00 AM,14163.0,10.4,0.597,100,8155,98.22,16.0
06/25/2026 09:00:00 AM,14154.0,10.4,0.6,100,8158,98.22,16.5
06/25/2026 09:15:00 AM,14140.0,10.4,0.594,100,8157,98.22,16.9
06/25/2026 09:30:00 AM,14126.0,10.4,0.598,100,8158,98.22,17.3
06/25/2026 09:45:00 AM,14113.0,10.4,0.604,100,8155,98.24,17.7
06/25/2026 10:00:00 AM,14115.0,10.4,0.6,100,8159,98.24,17.9
06/25/2026 10:15:00 AM,14125.0,10.4,0.597,100,8156,98.25,18.2
06/25/2026 10:30:00 AM,14137.0,10.4,0.598,100,8160,98.24,18.3
06/25/2026 10:45:00 AM,14150.0,10.4,0.601,100,8161,98.24,18.8
06/25/2026 11:00:00 AM,14163.0,10.4,0.597,100,8163,98.23,19.3
06/25/2026 11:15:00 AM,14177.0,10.4,0.597,100,8167,98.22,19.7
06/25/2026 11:30:00 AM,14189.0,10.4,0.603,100,8165,98.23,19.9
06/25/2026 11:45:00 AM,14200.0,10.4,0.601,100,8170,98.24,20.2
06/25/2026 12:00:00 PM,14211.0,10.4,0.603,100,8180,98.25,20.4
06/25/2026 12:15:00 PM,14220.0,10.4,0.603,100,8196,98.26,21.7
06/25/2026 12:30:00 PM,14229.0,10.4,0.601,100,8210,98.29,23.0
06/25/2026 12:45:00 PM,14240.0,10.4,0.6,100,8228,98.27,24.2
06/25/2026 01:00:00 PM,14249.0,10.4,0.6,100,8231,98.27,25.2
06/25/2026 01:15:00 PM,14258.0,10.4,0.6,100,8244,98.28,25.4
06/25/2026 01:30:00 PM,14266.0,10.4,0.597,100,8249,98.28,25.3
06/25/2026 01:45:00 PM,14274.0,10.4,0.597,100,8257,98.29,25.4
06/25/2026 02:00:00 PM,14282.0,10.4,0.601,100,8269,98.29,26.0
06/25/2026 02:15:00 PM,14290.0,10.4,0.594,100,8272,98.28,26.6
06/25/2026 02:30:00 PM,14297.0,10.4,0.603,100,8287,98.27,26.9
06/25/2026 02:45:00 PM,14304.0,10.4,0.598,100,8278,98.27,27.5
06/25/2026 03:00:00 PM,14311.0,10.4,0.597,100,8281,98.25,26.9
06/25/2026 03:15:00 PM,14317.0,10.4,0.6,100,8291,98.24,27.5
06/25/2026 03:30:00 PM,14321.0,10.4,0.601,100,8300,98.24,29.0
06/25/2026 03:45:00 PM,14325.0,10.4,0.6,100,8301,98.23,30.0
06/25/2026 04:00:00 PM,14329.0,10.4,0.598,100,8303,98.23,30.4
06/25/2026 04:15:00 PM,14333.0,10.4,0.6,100,8300,98.23,30.5
06/25/2026 04:30:00 PM,14333.0,10.4,0.597,100,8300,98.25,30.5
06/25/2026 04:45:00 PM,14334.0,10.4,0.598,100,8301,98.26,30.2
06/25/2026 05:00:00 PM,14337.0,10.4,0.597,100,8291,98.25,30.1
06/25/2026 05:15:00 PM,14339.0,10.4,0.604,100,8297,98.25,29.0
06/25/2026 05:30:00 PM,14340.0,10.4,0.6,100,8292,98.25,29.5
06/25/2026 05:45:00 PM,14343.0,10.4,0.6,100,8292,98.23,29.3
06/25/2026 06:00:00 PM,14346.0,10.4,0.597,100,8290,98.23,28.9
06/25/2026 06:15:00 PM,14347.0,10.4,0.601,100,8284,98.24,28.2
06/25/2026 06:30:00 PM,14349.0,10.4,0.601,100,8285,98.23,27.6
06/25/2026 06:45:00 PM,14349.0,10.4,0.601,100,8278,98.22,27.3
06/25/2026 07:00:00 PM,14347.0,10.4,0.596,100,8275,98.23,26.7
06/25/2026 07:15:00 PM,14343.0,10.4,0.601,100,8265,98.23,25.3
06/25/2026 07:30:00 PM,14337.0,10.4,0.604,100,8263,98.24,24.3
06/25/2026 07:45:00 PM,14329.0,10.4,0.6,100,8257,98.27,23.4
06/25/2026 08:00:00 PM,14321.0,10.4,0.601,100,8253,98.29,22.6
06/25/2026 08:15:00 PM,14314.0,10.4,0.601,100,8249,98.31,22.0
06/25/2026 08:30:00 PM,14338.0,10.4,0.6,100,8245,98.31,21.4
06/25/2026 08:45:00 PM,14334.0,10.4,0.6,100,8241,98.3,20.7
06/25/2026 09:00:00 PM,14493.0,10.5,0.597,100,8237,98.29,20.1
06/25/2026 09:15:00 PM,14321.0,10.5,0.598,100,8237,98.29,19.5
06/25/2026 09:30:00 PM,14312.0,10.6,0.603,100,8233,98.29,18.9
06/25/2026 09:45:00 PM,14304.0,10.6,0.603,100,8231,98.31,18.4
06/25/2026 10:00:00 PM,14288.0,10.6,0.601,100,8227,98.31,17.9
06/25/2026 10:15:00 PM,14269.0,10.5,0.601,100,8225,98.33,17.5
06/25/2026 10:30:00 PM,14250.0,10.5,0.601,100,8225,98.33,17.1
06/25/2026 10:45:00 PM,14233.0,10.5,0.601,100,8221,98.34,16.8
06/25/2026 11:00:00 PM,14216.0,10.5,0.597,100,8218,98.33,16.6
06/25/2026 11:15:00 PM,14201.0,10.5,0.6,100,8218,98.34,16.3
06/25/2026 11:30:00 PM,14187.0,10.5,0.6,100,8215,98.33,16.0
06/25/2026 11:45:00 PM,14174.0,10.5,0.601,100,8216,98.34,15.8
06/26/2026 12:00:00 AM,14173.0,10.5,0.598,100,8212,98.34,15.5
06/26/2026 12:15:00 AM,14182.0,10.5,0.598,100,8209,98.33,15.3
06/26/2026 12:30:00 AM,14193.0,10.5,0.601,100,8207,98.33,14.9
06/26/2026 12:45:00 AM,14205.0,10.5,0.598,100,8203,98.34,14.6
06/26/2026 01:00:00 AM,14216.0,10.5,0.6,100,8203,98.33,14.4
06/26/2026 01:15:00 AM,14226.0,10.5,0.598,100,8202,98.33,14.2
06/26/2026 01:30:00 AM,14235.0,10.5,0.601,100,8201,98.32,14.0
06/26/2026 01:45:00 AM,14242.0,10.4,0.598,100,8202,98.31,13.8
06/26/2026 02:00:00 AM,14248.0,10.4,0.604,100,8200,98.31,13.6
06/26/2026 02:15:00 AM,14255.0,10.4,0.6,100,8199,98.31,13.5
06/26/2026 02:30:00 AM,14258.0,10.4,0.597,100,8199,98.32,13.3
06/26/2026 02:45:00 AM,14262.0,10.4,0.6,100,8198,98.34,13.2
06/26/2026 03:00:00 AM,14265.0,10.4,0.597,100,8196,98.35,13.0
06/26/2026 03:15:00 AM,14268.0,10.4,0.601,100,8194,98.37,12.9
06/26/2026 03:30:00 AM,14271.0,10.4,0.6,100,8193,98.37,12.8
06/26/2026 03:45:00 AM,14274.0,10.4,0.594,100,8193,98.38,12.7
06/26/2026 04:00:00 AM,14276.0,10.4,0.598,100,8191,98.39,12.7
06/26/2026 04:15:00 AM,14277.0,10.4,0.598,100,8191,98.4,12.8
06/26/2026 04:30:00 AM,14279.0,10.4,0.603,100,8192,98.4,12.9
06/26/2026 04:45:00 AM,14281.0,10.4,0.603,100,8191,98.39,13.0
06/26/2026 05:00:00 AM,14284.0,10.4,0.598,100,8188,98.39,13.0
06/26/2026 05:15:00 AM,14286.0,10.4,0.601,100,8188,98.37,13.0
06/26/2026 05:30:00 AM,14288.0,10.4,0.603,100,8187,98.36,13.0
06/26/2026 05:45:00 AM,14290.0,10.4,0.6,100,8186,98.35,13.0
06/26/2026 06:00:00 AM,14291.0,10.4,0.601,100,8187,98.35,13.0
06/26/2026 06:15:00 AM,14291.0,10.4,0.598,100,8184,98.36,13.1
06/26/2026 06:30:00 AM,14291.0,10.4,0.603,100,8184,98.36,13.2
06/26/2026 06:45:00 AM,14291.0,10.4,0.601,100,8184,98.37,13.4
06/26/2026 07:00:00 AM,14290.0,10.4,0.598,100,8183,98.38,13.7
06/26/2026 07:15:00 AM,14290.0,10.4,0.603,100,8180,98.39,14.0
06/26/2026 07:30:00 AM,14293.0,10.4,0.596,100,8182,98.38,14.3
06/26/2026 07:45:00 AM,14295.0,10.4,0.6,100,8181,98.38,14.8
06/26/2026 08:00:00 AM,14300.0,10.4,0.6,100,8180,98.4,15.3
06/26/2026 08:15:00 AM,14307.0,10.4,0.598,100,8179,98.4,15.9
06/26/2026 08:30:00 AM,14314.0,10.4,0.598,100,8179,98.41,16.5
06/26/2026 08:45:00 AM,14313.0,10.4,0.6,100,8178,98.41,17.1
06/26/2026 09:00:00 AM,14303.0,10.4,0.598,100,8177,98.41,17.7
06/26/2026 09:15:00 AM,14290.0,10.4,0.6,100,8180,98.41,18.4
06/26/2026 09:30:00 AM,14277.0,10.4,0.6,100,8177,98.41,19.2
06/26/2026 09:45:00 AM,14273.0,10.4,0.598,100,8174,98.39,19.9
06/26/2026 10:00:00 AM,14310.0,10.4,0.6,100,8177,98.38,20.7
06/26/2026 10:15:00 AM,14423.0,10.4,0.6,100,8178,98.35,21.4
06/26/2026 10:30:00 AM,14360.0,10.4,0.593,100,8179,98.35,22.3
06/26/2026 10:45:00 AM,14475.0,10.5,0.598,100,8183,98.36,22.6
06/26/2026 11:00:00 AM,14337.0,10.5,0.598,100,8183,98.37,23.2
06/26/2026 11:15:00 AM,14472.0,10.6,0.597,100,8186,98.38,23.6
06/26/2026 11:30:00 AM,14563.0,10.4,0.592,100,8187,98.38,24.1
06/26/2026 11:45:00 AM,14572.0,10.3,0.596,100,8189,98.37,24.4
06/26/2026 12:00:00 PM,14582.0,10.3,0.597,100,8193,98.37,24.8
06/26/2026 12:15:00 PM,14592.0,10.3,0.597,100,8194,98.37,25.4
06/26/2026 12:30:00 PM,14600.0,10.3,0.598,100,8201,98.37,25.8
06/26/2026 12:45:00 PM,14612.0,10.3,0.598,100,8210,98.35,26.3
06/26/2026 01:00:00 PM,14622.0,10.3,0.598,100,8230,98.33,27.5
06/26/2026 01:15:00 PM,14629.0,10.3,0.598,100,8242,98.33,28.7
06/26/2026 01:30:00 PM,14635.0,10.3,0.6,100,8255,98.32,29.6
06/26/2026 01:45:00 PM,14638.0,10.3,0.6,100,8253,98.32,30.1
06/26/2026 02:00:00 PM,14636.0,10.3,0.6,100,8256,98.32,30.3
06/26/2026 02:15:00 PM,14634.0,10.3,0.601,100,8259,98.3,29.9
06/26/2026 02:30:00 PM,14630.0,10.3,0.6,100,8259,98.29,30.3
06/26/2026 02:45:00 PM,14626.0,10.3,0.6,100,8250,98.29,29.7
06/26/2026 03:00:00 PM,14623.0,10.3,0.6,100,8243,98.28,28.8
06/26/2026 03:15:00 PM,14624.0,10.3,0.6,100,8238,98.28,28.2
06/26/2026 03:30:00 PM,14626.0,10.3,0.601,100,8234,98.27,27.7
06/26/2026 03:45:00 PM,14631.0,10.3,0.601,100,8234,98.27,27.1
06/26/2026 04:00:00 PM,14637.0,10.3,0.601,100,8229,98.26,27.0
06/26/2026 04:15:00 PM,14644.0,10.3,0.601,100,8228,98.25,26.9
06/26/2026 04:30:00 PM,14652.0,10.3,0.601,100,8223,98.24,26.8
06/26/2026 04:45:00 PM,14661.0,10.3,0.601,100,8222,98.23,26.6
06/26/2026 05:00:00 PM,14668.0,10.3,0.601,100,8220,98.22,26.7
06/26/2026 05:15:00 PM,14675.0,10.3,0.601,100,8218,98.22,26.9
06/26/2026 05:30:00 PM,14682.0,10.3,0.601,100,8225,98.22,27.4
06/26/2026 05:45:00 PM,14690.0,10.3,0.601,100,8234,98.21,28.5
06/26/2026 06:00:00 PM,14694.0,10.3,0.601,100,8230,98.21,29.7
06/26/2026 06:15:00 PM,14696.0,10.3,0.601,100,8224,98.21,28.5
06/26/2026 06:30:00 PM,14697.0,10.3,0.601,100,8220,98.2,27.7
06/26/2026 06:45:00 PM,14694.0,10.3,0.601,100,8221,98.21,27.5
06/26/2026 07:00:00 PM,14691.0,10.3,0.601,100,8218,98.22,27.1
06/26/2026 07:15:00 PM,14687.0,10.3,0.601,100,8215,98.22,26.5
06/26/2026 07:30:00 PM,14682.0,10.3,0.601,100,8208,98.22,25.8
06/26/2026 07:45:00 PM,14679.0,10.3,0.601,100,8204,98.21,25.1
06/26/2026 08:00:00 PM,14677.0,10.3,0.601,100,8200,98.21,24.6
06/26/2026 08:15:00 PM,14676.0,10.3,0.601,100,8198,98.21,24.2
06/26/2026 08:30:00 PM,14669.0,10.3,0.601,100,8193,98.21,23.7
06/26/2026 08:45:00 PM,14654.0,10.3,0.601,100,8192,98.22,23.2
06/26/2026 09:00:00 PM,14638.0,10.3,0.601,100,8190,98.22,22.7
06/26/2026 09:15:00 PM,14622.0,10.3,0.601,100,8186,98.22,22.2
06/26/2026 09:30:00 PM,14607.0,10.3,0.601,100,8183,98.23,21.8
06/26/2026 09:45:00 PM,14603.0,10.3,0.601,100,8180,98.23,21.4
06/26/2026 10:00:00 PM,14609.0,10.3,0.601,100,8179,98.24,21.1
06/26/2026 10:15:00 PM,14618.0,10.3,0.601,100,8178,98.26,20.9
06/26/2026 10:30:00 PM,14629.0,10.3,0.601,100,8174,98.26,20.6
06/26/2026 10:45:00 PM,14641.0,10.3,0.601,100,8173,98.26,20.2
06/26/2026 11:00:00 PM,14652.0,10.3,0.601,100,8171,98.26,19.9
06/26/2026 11:15:00 PM,14663.0,10.3,0.601,100,8169,98.27,19.5
06/26/2026 11:30:00 PM,14672.0,10.3,0.601,100,8170,98.27,19.2
06/26/2026 11:45:00 PM,14683.0,10.3,0.601,100,8168,98.25,18.8
06/27/2026 12:00:00 AM,14691.0,10.3,0.601,100,8167,98.26,18.6
06/27/2026 12:15:00 AM,14700.0,10.3,0.601,100,8137,98.26,18.5
06/27/2026 12:30:00 AM,14706.0,10.3,0.601,100,8150,98.27,18.2
06/27/2026 12:45:00 AM,14711.0,10.3,0.601,100,8150,98.28,17.8
06/27/2026 01:00:00 AM,14714.0,10.3,0.601,100,8148,98.3,17.6
06/27/2026 01:15:00 AM,14714.0,10.3,0.601,100,8149,98.31,17.3
06/27/2026 01:30:00 AM,14714.0,10.3,0.601,100,8147,98.3,17.0
06/27/2026 01:45:00 AM,14712.0,10.3,0.601,100,8147,98.32,16.8
06/27/2026 02:00:00 AM,14710.0,10.3,0.601,100,8145,98.33,16.6
06/27/2026 02:15:00 AM,14709.0,10.3,0.601,100,8143,98.31,16.4
06/27/2026 02:30:00 AM,14707.0,10.3,0.601,100,8142,98.31,16.2
06/27/2026 02:45:00 AM,14703.0,10.3,0.601,100,8143,98.32,16.0
06/27/2026 03:00:00 AM,14700.0,10.3,0.603,100,8141,98.34,15.8
06/27/2026 03:15:00 AM,14699.0,10.3,0.601,100,8142,98.32,15.6
06/27/2026 03:30:00 AM,14698.0,10.3,0.601,100,8139,98.32,15.5
06/27/2026 03:45:00 AM,14696.0,10.3,0.601,100,8140,98.31,15.4
06/27/2026 04:00:00 AM,14695.0,10.3,0.601,100,8137,98.29,15.2
06/27/2026 04:15:00 AM,14694.0,10.3,0.603,100,8139,98.29,15.1
06/27/2026 04:30:00 AM,14693.0,10.3,0.601,100,8138,98.26,15.0
06/27/2026 04:45:00 AM,14693.0,10.3,0.603,100,8136,98.25,14.8
06/27/2026 05:00:00 AM,14694.0,10.3,0.601,100,8135,98.23,14.7
06/27/2026 05:15:00 AM,14693.0,10.3,0.601,100,8135,98.22,14.6
06/27/2026 05:30:00 AM,14691.0,10.3,0.603,100,8135,98.23,14.5
06/27/2026 05:45:00 AM,14691.0,10.3,0.601,100,8133,98.22,14.4
06/27/2026 06:00:00 AM,14689.0,10.3,0.603,100,8133,98.23,14.4
06/27/2026 06:15:00 AM,14688.0,10.3,0.603,100,8130,98.23,14.4
06/27/2026 06:30:00 AM,14614.0,10.3,0.601,100,8132,98.24,14.6
06/27/2026 06:45:00 AM,14476.0,10.4,0.612,100,8131,98.26,14.9
06/27/2026 07:00:00 AM,14479.0,10.4,0.604,100,8131,98.26,15.2
06/27/2026 07:15:00 AM,14478.0,10.4,0.6,100,8130,98.3,15.6
06/27/2026 07:30:00 AM,14476.0,10.4,0.603,100,8128,98.33,15.9
06/27/2026 07:45:00 AM,14479.0,10.4,0.603,100,8130,98.33,16.3
06/27/2026 08:00:00 AM,14485.0,10.4,0.604,100,8129,98.31,16.9
06/27/2026 08:15:00 AM,14490.0,10.4,0.603,100,8132,98.31,17.5
06/27/2026 08:30:00 AM,14490.0,10.4,0.6,100,8128,98.3,18.4
06/27/2026 08:45:00 AM,14480.0,10.4,0.597,100,8128,98.29,19.2
06/27/2026 09:00:00 AM,14469.0,10.4,0.596,100,8127,98.27,19.6
06/27/2026 09:15:00 AM,14457.0,10.4,0.604,100,8128,98.26,19.9
06/27/2026 09:30:00 AM,14446.0,10.4,0.598,100,8127,98.26,20.2
06/27/2026 09:45:00 AM,14436.0,10.4,0.601,100,8124,98.23,20.8
06/27/2026 10:00:00 AM,14428.0,10.4,0.603,100,8126,98.21,21.3
06/27/2026 10:15:00 AM,14424.0,10.4,0.6,100,8122,98.18,21.7
06/27/2026 10:30:00 AM,14434.0,10.4,0.6,100,8121,98.16,22.5
06/27/2026 10:45:00 AM,14448.0,10.4,0.6,100,8123,98.17,22.5
06/27/2026 11:00:00 AM,14463.0,10.4,0.598,100,8120,98.19,22.7
06/27/2026 11:15:00 AM,14476.0,10.4,0.6,100,8120,98.19,23.2
06/27/2026 11:30:00 AM,14488.0,10.4,0.603,100,8120,98.16,23.6
06/27/2026 11:45:00 AM,14496.0,10.4,0.601,100,8125,98.15,24.2
06/27/2026 12:00:00 PM,14500.0,10.4,0.605,100,8140,98.14,25.8
06/27/2026 12:15:00 PM,14500.0,10.4,0.597,100,8156,98.13,27.2
06/27/2026 12:30:00 PM,14499.0,10.4,0.604,100,8172,98.11,28.2
06/27/2026 12:45:00 PM,14496.0,10.4,0.597,100,8190,98.09,29.3
06/27/2026 01:00:00 PM,14491.0,10.4,0.598,100,8204,98.07,30.2
06/27/2026 01:15:00 PM,14486.0,10.4,0.596,100,8217,98.06,31.0
06/27/2026 01:30:00 PM,14483.0,10.4,0.598,100,8232,98.04,31.8
06/27/2026 01:45:00 PM,14478.0,10.4,0.596,100,8243,98.04,32.4
06/27/2026 02:00:00 PM,14478.0,10.4,0.597,100,8253,98.03,33.0
06/27/2026 02:15:00 PM,14481.0,10.4,0.598,100,8263,98.0,33.6
06/27/2026 02:30:00 PM,14487.0,10.4,0.601,100,8269,97.99,34.4
06/27/2026 02:45:00 PM,14496.0,10.4,0.598,100,8275,97.97,34.8
06/27/2026 03:00:00 PM,14506.0,10.4,0.597,100,8278,97.96,35.5
06/27/2026 03:15:00 PM,14516.0,10.4,0.598,100,8281,97.95,36.2
06/27/2026 03:30:00 PM,14528.0,10.4,0.603,100,8283,97.96,36.7
06/27/2026 03:45:00 PM,14540.0,10.4,0.6,100,8281,97.93,37.4
06/27/2026 04:00:00 PM,14553.0,10.4,0.601,100,8281,97.91,37.6
06/27/2026 04:15:00 PM,14565.0,10.4,0.6,100,8275,97.9,37.2
06/27/2026 04:30:00 PM,14577.0,10.4,0.6,100,8271,97.88,37.8
06/27/2026 04:45:00 PM,14588.0,10.4,0.597,100,8269,97.87,37.6
06/27/2026 05:00:00 PM,14599.0,10.4,0.601,100,8265,97.86,37.5
06/27/2026 05:15:00 PM,14609.0,10.4,0.6,100,8261,97.85,37.5
06/27/2026 05:30:00 PM,14618.0,10.4,0.601,100,8248,97.85,36.5
06/27/2026 05:45:00 PM,14627.0,10.4,0.597,100,8236,97.84,34.9
06/27/2026 06:00:00 PM,14634.0,10.4,0.593,100,8227,97.84,32.4
06/27/2026 06:15:00 PM,14637.0,10.4,0.598,100,8213,97.85,30.2
06/27/2026 06:30:00 PM,14639.0,10.4,0.601,100,8205,97.85,28.8
06/27/2026 06:45:00 PM,14638.0,10.4,0.6,100,8199,97.84,27.8
06/27/2026 07:00:00 PM,14636.0,10.4,0.6,100,8198,97.86,27.1
06/27/2026 07:15:00 PM,14634.0,10.4,0.6,100,8192,97.85,26.5
06/27/2026 07:30:00 PM,14631.0,10.4,0.601,100,8190,97.85,26.0
06/27/2026 07:45:00 PM,14630.0,10.4,0.6,100,8182,97.85,25.6
06/27/2026 08:00:00 PM,14632.0,10.4,0.6,100,8181,97.86,25.3
06/27/2026 08:15:00 PM,14636.0,10.4,0.6,100,8179,97.85,25.0
06/27/2026 08:30:00 PM,14640.0,10.4,0.598,100,8175,97.84,24.7
06/27/2026 08:45:00 PM,14645.0,10.4,0.594,100,8174,97.83,24.5
06/27/2026 09:00:00 PM,14652.0,10.4,0.6,100,8171,97.82,24.2
06/27/2026 09:15:00 PM,14659.0,10.4,0.6,100,8166,97.81,24.0
06/27/2026 09:30:00 PM,14665.0,10.4,0.598,100,8166,97.83,23.8
06/27/2026 09:45:00 PM,14670.0,10.4,0.601,100,8164,97.83,23.6
06/27/2026 10:00:00 PM,14676.0,10.4,0.598,100,8161,97.84,23.5
06/27/2026 10:15:00 PM,14683.0,10.4,0.6,100,8161,97.83,23.3
06/27/2026 10:30:00 PM,14689.0,10.4,0.597,100,8158,97.82,23.1
06/27/2026 10:45:00 PM,14685.0,10.4,0.604,100,8155,97.81,22.9
06/27/2026 11:00:00 PM,14671.0,10.4,0.596,100,8155,97.81,22.6
06/27/2026 11:15:00 PM,14653.0,10.4,0.596,100,8152,97.82,22.2
06/27/2026 11:30:00 PM,14636.0,10.4,0.603,100,8152,97.83,21.9
06/27/2026 11:45:00 PM,14621.0,10.4,0.597,100,8148,97.83,21.7
06/28/2026 12:00:00 AM,14611.0,10.4,0.597,100,8146,97.84,21.5
06/28/2026 12:15:00 AM,14612.0,10.4,0.6,100,8120,97.84,21.7
06/28/2026 12:30:00 AM,14618.0,10.4,0.601,100,8133,97.84,21.6
06/28/2026 12:45:00 AM,14620.0,10.4,0.598,100,8130,97.86,21.4
06/28/2026 01:00:00 AM,14622.0,10.4,0.598,100,8132,97.84,21.4
06/28/2026 01:15:00 AM,14616.0,10.4,0.598,100,8129,97.83,21.4
06/28/2026 01:30:00 AM,14606.0,10.4,0.601,100,8129,97.83,21.4
06/28/2026 01:45:00 AM,14594.0,10.4,0.6,100,8126,97.8,21.4
06/28/2026 02:00:00 AM,14578.0,10.4,0.6,100,8128,97.8,21.2
06/28/2026 02:15:00 AM,14561.0,10.4,0.598,100,8124,97.77,20.9
06/28/2026 02:30:00 AM,14546.0,10.4,0.6,100,8124,97.73,20.7
06/28/2026 02:45:00 AM,14528.0,10.4,0.6,100,8124,97.71,20.6
06/28/2026 03:00:00 AM,14510.0,10.4,0.596,100,8122,97.69,20.4
06/28/2026 03:15:00 AM,14495.0,10.4,0.604,100,8123,97.64,20.3
06/28/2026 03:30:00 AM,14476.0,10.4,0.598,100,8119,97.65,20.1
06/28/2026 03:45:00 AM,14455.0,10.4,0.604,100,8117,97.67,19.9
06/28/2026 04:00:00 AM,14437.0,10.4,0.603,100,8117,97.67,19.9
06/28/2026 04:15:00 AM,14418.0,10.4,0.597,100,8117,97.69,19.9
06/28/2026 04:30:00 AM,14400.0,10.4,0.601,100,8115,97.68,19.8
06/28/2026 04:45:00 AM,14385.0,10.4,0.603,100,8117,97.64,19.7
06/28/2026 05:00:00 AM,14368.0,10.4,0.598,100,8113,97.61,19.7
06/28/2026 05:15:00 AM,14351.0,10.4,0.6,100,8111,97.6,19.7
06/28/2026 05:30:00 AM,14334.0,10.4,0.603,100,8114,97.61,19.8
06/28/2026 05:45:00 AM,14316.0,10.4,0.598,100,8111,97.6,19.8
06/28/2026 06:00:00 AM,14300.0,10.4,0.598,100,8113,97.6,19.9
06/28/2026 06:15:00 AM,14283.0,10.4,0.604,100,8110,97.59,19.9
06/28/2026 06:30:00 AM,14267.0,10.4,0.603,100,8109,97.59,19.9
06/28/2026 06:45:00 AM,14251.0,10.4,0.603,100,8107,97.59,19.9
06/28/2026 07:00:00 AM,14234.0,10.4,0.594,100,8107,97.63,19.8
06/28/2026 07:15:00 AM,14217.0,10.4,0.6,100,8106,97.66,19.8
06/28/2026 07:30:00 AM,14202.0,10.4,0.601,100,8106,97.68,19.8
06/28/2026 07:45:00 AM,14190.0,10.4,0.601,100,8107,97.71,19.8
06/28/2026 08:00:00 AM,14183.0,10.4,0.6,100,8104,97.68,19.7
06/28/2026 08:15:00 AM,14176.0,10.4,0.594,100,8104,97.71,19.6
06/28/2026 08:30:00 AM,14169.0,10.4,0.601,100,8104,97.78,19.5
06/28/2026 08:45:00 AM,14174.0,10.4,0.597,100,8102,97.7,19.0
06/28/2026 09:00:00 AM,14189.0,10.4,0.6,100,8102,97.49,18.6
06/28/2026 09:15:00 AM,14197.0,10.4,0.597,100,8099,97.38,18.5
06/28/2026 09:30:00 AM,14193.0,10.4,0.598,100,8101,97.5,18.6
06/28/2026 09:45:00 AM,14195.0,10.4,0.601,100,8098,97.53,18.6
06/28/2026 10:00:00 AM,14199.0,10.4,0.598,100,8098,97.52,18.7
06/28/2026 10:15:00 AM,14210.0,10.4,0.597,100,8097,97.42,18.7
06/28/2026 10:30:00 AM,14218.0,10.4,0.597,100,8096,97.35,18.7
06/28/2026 10:45:00 AM,14225.0,10.4,0.598,100,8097,97.3,18.8
06/28/2026 11:00:00 AM,14230.0,10.4,0.603,100,8095,97.28,18.9
06/28/2026 11:15:00 AM,14234.0,10.4,0.6,100,8093,97.25,19.0
06/28/2026 11:30:00 AM,14238.0,10.4,0.601,100,8092,97.26,19.2
06/28/2026 11:45:00 AM,14240.0,10.4,0.601,100,8095,97.26,19.5
06/28/2026 12:00:00 PM,14242.0,10.4,0.598,100,8098,97.25,20.1
06/28/2026 12:15:00 PM,14244.0,10.4,0.597,100,8106,97.24,20.9
06/28/2026 12:30:00 PM,14245.0,10.4,0.598,100,8114,97.24,21.8
06/28/2026 12:45:00 PM,14247.0,10.4,0.605,100,8126,97.23,22.8
06/28/2026 01:00:00 PM,14246.0,10.4,0.598,100,8142,97.23,24.1
06/28/2026 01:15:00 PM,14245.0,10.4,0.6,100,8156,97.24,25.3
06/28/2026 01:30:00 PM,14246.0,10.4,0.601,100,8169,97.24,25.9
06/28/2026 01:45:00 PM,14247.0,10.4,0.6,100,8184,97.24,26.9
06/28/2026 02:00:00 PM,14247.0,10.4,0.603,100,8200,97.25,28.1
06/28/2026 02:15:00 PM,14249.0,10.4,0.598,100,8214,97.25,29.0
06/28/2026 02:30:00 PM,14251.0,10.4,0.6,100,8222,97.25,29.6
06/28/2026 02:45:00 PM,14250.0,10.4,0.594,100,8232,97.25,30.1
06/28/2026 03:00:00 PM,14236.0,10.4,0.601,100,8239,97.25,30.6
06/28/2026 03:15:00 PM,14218.0,10.4,0.603,100,8246,97.27,31.5
06/28/2026 03:30:00 PM,14198.0,10.4,0.604,100,8235,97.28,31.2
06/28/2026 03:45:00 PM,14184.0,10.4,0.6,100,8228,97.29,29.9
06/28/2026 04:00:00 PM,14184.0,10.4,0.601,100,8220,97.29,28.9
06/28/2026 04:15:00 PM,14190.0,10.4,0.596,100,8216,97.29,28.2
06/28/2026 04:30:00 PM,14198.0,10.4,0.598,100,8212,97.29,27.5
06/28/2026 04:45:00 PM,14206.0,10.4,0.594,100,8206,97.29,27.0
06/28/2026 05:00:00 PM,14214.0,10.4,0.596,100,8204,97.29,26.6
06/28/2026 05:15:00 PM,14223.0,10.4,0.603,100,8200,97.28,26.4
06/28/2026 05:30:00 PM,14233.0,10.4,0.597,100,8195,97.26,26.4
06/28/2026 05:45:00 PM,14240.0,10.4,0.601,100,8193,97.26,26.2
06/28/2026 06:00:00 PM,14247.0,10.4,0.6,100,8187,97.26,25.8
06/28/2026 06:15:00 PM,14254.0,10.4,0.598,100,8182,97.26,25.5
06/28/2026 06:30:00 PM,14260.0,10.4,0.604,100,8180,97.25,25.3
06/28/2026 06:45:00 PM,14265.0,10.4,0.597,100,8179,97.25,25.1
06/28/2026 07:00:00 PM,14270.0,10.4,0.598,100,8177,97.26,25.0
06/28/2026 07:15:00 PM,14275.0,10.4,0.601,100,8171,97.27,24.8
06/28/2026 07:30:00 PM,14279.0,10.4,0.598,100,8168,97.27,24.6
06/28/2026 07:45:00 PM,14284.0,10.4,0.601,100,8167,97.27,24.5
06/28/2026 08:00:00 PM,14288.0,10.4,0.603,100,8166,97.26,24.4
06/28/2026 08:15:00 PM,14292.0,10.4,0.598,100,8160,97.26,24.3
06/28/2026 08:30:00 PM,14296.0,10.4,0.598,100,8161,97.25,24.2
06/28/2026 08:45:00 PM,14298.0,10.4,0.601,100,8158,97.26,24.2
06/28/2026 09:00:00 PM,14300.0,10.4,0.601,100,8157,97.26,24.0
06/28/2026 09:15:00 PM,14300.0,10.4,0.594,100,8154,97.25,23.9
06/28/2026 09:30:00 PM,14297.0,10.4,0.6,100,8151,97.26,23.7
06/28/2026 09:45:00 PM,14292.0,10.4,0.6,100,8151,97.28,23.6
06/28/2026 10:00:00 PM,14285.0,10.4,0.601,100,8145,97.29,23.5
06/28/2026 10:15:00 PM,14277.0,10.4,0.598,100,8145,97.3,23.4
06/28/2026 10:30:00 PM,14263.0,10.4,0.596,100,8144,97.29,23.4
06/28/2026 10:45:00 PM,14238.0,10.4,0.603,100,8142,97.29,23.4
06/28/2026 11:00:00 PM,14213.0,10.4,0.597,100,8141,97.29,23.3
06/28/2026 11:15:00 PM,14191.0,10.4,0.598,100,8139,97.27,23.3
06/28/2026 11:30:00 PM,14172.0,10.4,0.6,100,8139,97.25,23.3
06/28/2026 11:45:00 PM,14154.0,10.4,0.6,100,8137,97.25,23.3
06/29/2026 12:00:00 AM,14139.0,10.4,0.6,100,8136,97.25,23.3
06/29/2026 12:15:00 AM,14131.0,10.4,0.601,100,8109,97.25,23.5
06/29/2026 12:30:00 AM,14139.0,10.4,0.6,100,8121,97.25,23.5
06/29/2026 12:45:00 AM,14154.0,10.4,0.597,100,8121,97.24,23.4
06/29/2026 01:00:00 AM,14173.0,10.4,0.598,100,8115,97.24,23.4
06/29/2026 01:15:00 AM,14192.0,10.4,0.6,100,8116,97.24,23.4
06/29/2026 01:30:00 AM,14211.0,10.4,0.598,100,8114,97.24,23.4
06/29/2026 01:45:00 AM,14228.0,10.4,0.604,100,8116,97.23,23.4
06/29/2026 02:00:00 AM,14244.0,10.4,0.6,100,8115,97.23,23.4
06/29/2026 02:15:00 AM,14257.0,10.4,0.598,100,8115,97.22,23.5
06/29/2026 02:30:00 AM,14270.0,10.4,0.596,100,8112,97.22,23.6
06/29/2026 02:45:00 AM,14281.0,10.4,0.596,100,8110,97.21,23.6
06/29/2026 03:00:00 AM,14291.0,10.4,0.6,100,8109,97.21,23.6
06/29/2026 03:15:00 AM,14298.0,10.4,0.597,100,8108,97.21,23.5
06/29/2026 03:30:00 AM,14306.0,10.4,0.597,100,8107,97.21,23.5
06/29/2026 03:45:00 AM,14313.0,10.4,0.598,100,8104,97.21,23.5
06/29/2026 04:00:00 AM,14318.0,10.4,0.603,100,8104,97.22,23.4
06/29/2026 04:15:00 AM,14323.0,10.4,0.601,100,8104,97.22,23.4
06/29/2026 04:30:00 AM,14328.0,10.4,0.601,100,8106,97.22,23.5
06/29/2026 04:45:00 AM,14331.0,10.4,0.6,100,8099,97.23,23.4
06/29/2026 05:00:00 AM,14333.0,10.4,0.603,100,8099,97.23,23.4
06/29/2026 05:15:00 AM,14335.0,10.4,0.598,100,8099,97.22,23.6
06/29/2026 05:30:00 AM,14334.0,10.4,0.597,100,8098,97.22,23.8
06/29/2026 05:45:00 AM,14332.0,10.4,0.598,100,8098,97.22,24.0
06/29/2026 06:00:00 AM,14328.0,10.4,0.601,100,8097,97.22,24.2
06/29/2026 06:15:00 AM,14323.0,10.4,0.601,100,8095,97.21,24.6
06/29/2026 06:30:00 AM,14316.0,10.4,0.593,100,8095,97.21,24.8
06/29/2026 06:45:00 AM,14307.0,10.4,0.593,100,8092,97.23,25.0
06/29/2026 07:00:00 AM,14299.0,10.4,0.597,100,8094,97.23,25.1
06/29/2026 07:15:00 AM,14289.0,10.4,0.598,100,8089,97.24,25.4
06/29/2026 07:30:00 AM,14281.0,10.5,0.597,100,8091,97.26,25.6
06/29/2026 07:45:00 AM,14275.0,10.6,0.597,100,8089,97.25,25.9
06/29/2026 08:00:00 AM,14270.0,10.8,0.6,100,8087,97.26,26.2
06/29/2026 08:15:00 AM,14456.0,10.6,0.596,100,8087,97.24,26.6
06/29/2026 08:30:00 AM,14460.0,10.4,0.592,100,8088,97.24,27.1
06/29/2026 08:45:00 AM,14454.0,10.3,0.596,100,8085,97.25,27.8
06/29/2026 09:00:00 AM,14448.0,10.3,0.598,100,8084,97.27,27.9
06/29/2026 09:15:00 AM,14443.0,10.3,0.598,100,8082,97.28,28.1
06/29/2026 09:30:00 AM,14441.0,10.3,0.598,100,8082,97.28,28.5
06/29/2026 09:45:00 AM,14443.0,10.3,0.598,100,8080,97.25,28.8
06/29/2026 10:00:00 AM,14437.0,10.3,0.598,100,8081,97.24,29.1
06/29/2026 10:15:00 AM,14422.0,10.3,0.6,100,8077,97.22,29.3
06/29/2026 10:30:00 AM,14403.0,10.3,0.6,100,8082,97.22,30.0
06/29/2026 10:45:00 AM,14386.0,10.3,0.6,100,8080,97.23,29.9
06/29/2026 11:00:00 AM,14372.0,10.3,0.6,100,8081,97.22,30.2
06/29/2026 11:15:00 AM,14359.0,10.3,0.6,100,8081,97.2,30.6
06/29/2026 11:30:00 AM,14348.0,10.3,0.6,100,8079,97.2,30.7
06/29/2026 11:45:00 AM,14339.0,10.3,0.6,100,8084,97.19,31.0
06/29/2026 12:00:00 PM,14337.0,10.3,0.6,100,8092,97.19,31.6
06/29/2026 12:15:00 PM,14349.0,10.3,0.6,100,8097,97.16,32.1
06/29/2026 12:30:00 PM,14366.0,10.3,0.601,100,8107,97.15,32.4
06/29/2026 12:45:00 PM,14384.0,10.3,0.601,100,8108,97.12,32.4
06/29/2026 01:00:00 PM,14402.0,10.3,0.601,100,8115,97.11,32.9
06/29/2026 01:15:00 PM,14419.0,10.3,0.601,100,8127,97.1,33.2
06/29/2026 01:30:00 PM,14435.0,10.3,0.601,100,8132,97.09,33.8
06/29/2026 01:45:00 PM,14440.0,10.3,0.601,100,8139,97.1,33.7
06/29/2026 02:00:00 PM,14437.0,10.3,0.601,100,8153,97.09,34.2
06/29/2026 02:15:00 PM,14434.0,10.3,0.601,100,8158,97.09,35.1
06/29/2026 02:30:00 PM,14444.0,10.3,0.601,100,8164,97.07,35.7
06/29/2026 02:45:00 PM,14458.0,10.3,0.601,100,8177,97.05,36.0
06/29/2026 03:00:00 PM,14475.0,10.3,0.601,100,8182,97.03,36.4
06/29/2026 03:15:00 PM,14492.0,10.3,0.601,100,8192,97.02,36.8
06/29/2026 03:30:00 PM,14508.0,10.3,0.601,100,8196,97.01,37.3
06/29/2026 03:45:00 PM,14523.0,10.3,0.603,100,8202,97.02,37.7
06/29/2026 04:00:00 PM,14536.0,10.3,0.601,100,8205,97.02,38.0
06/29/2026 04:15:00 PM,14537.0,10.3,0.601,100,8202,97.03,37.8
06/29/2026 04:30:00 PM,14530.0,10.3,0.601,100,8195,97.03,37.4
06/29/2026 04:45:00 PM,14528.0,10.3,0.601,100,8184,97.02,36.3
06/29/2026 05:00:00 PM,14439.0,10.3,0.604,100,8191,97.02,36.1
06/29/2026 05:15:00 PM,14331.0,10.5,0.608,100,8190,97.03,36.2
06/29/2026 05:30:00 PM,14341.0,10.7,0.61,100,8183,97.05,35.8
06/29/2026 05:45:00 PM,14346.0,10.8,0.605,100,8186,97.06,35.5
06/29/2026 06:00:00 PM,14352.0,10.9,0.604,100,8181,97.07,35.5
06/29/2026 06:15:00 PM,14359.0,11.0,0.607,100,8173,97.07,34.9
06/29/2026 06:30:00 PM,14365.0,10.9,0.605,100,8167,97.07,34.1
06/29/2026 06:45:00 PM,14371.0,10.8,0.603,100,8162,97.07,33.7
06/29/2026 07:00:00 PM,14377.0,10.7,0.598,100,8155,97.09,33.2
06/29/2026 07:15:00 PM,14383.0,10.7,0.601,100,8153,97.1,32.8
06/29/2026 07:30:00 PM,14389.0,10.8,0.598,100,8146,97.12,32.3
06/29/2026 07:45:00 PM,14394.0,10.9,0.601,100,8141,97.13,32.0
06/29/2026 08:00:00 PM,14396.0,11.0,0.6,100,8139,97.14,31.7
06/29/2026 08:15:00 PM,14397.0,11.0,0.604,100,8133,97.16,31.3
06/29/2026 08:30:00 PM,14397.0,11.1,0.6,100,8130,97.17,31.0
06/29/2026 08:45:00 PM,14396.0,11.1,0.601,100,8127,97.17,30.8
06/29/2026 09:00:00 PM,14395.0,11.1,0.6,100,8121,97.16,30.5
06/29/2026 09:15:00 PM,14392.0,11.1,0.596,100,8119,97.15,30.2
06/29/2026 09:30:00 PM,14390.0,11.1,0.598,100,8118,97.15,29.8
06/29/2026 09:45:00 PM,14385.0,11.2,0.604,100,8117,97.17,29.5
06/29/2026 10:00:00 PM,14381.0,11.2,0.603,100,8109,97.17,29.2
06/29/2026 10:15:00 PM,14377.0,11.2,0.6,100,8109,97.19,29.0
06/29/2026 10:30:00 PM,14371.0,11.2,0.598,100,8107,97.2,28.7
06/29/2026 10:45:00 PM,14365.0,11.2,0.598,100,8101,97.24,28.6
06/29/2026 11:00:00 PM,14359.0,11.2,0.6,100,8102,97.24,28.4
06/29/2026 11:15:00 PM,14340.0,11.2,0.604,100,8101,97.23,28.3
06/29/2026 11:30:00 PM,14344.0,11.2,0.601,100,8099,97.27,28.2
06/29/2026 11:45:00 PM,14361.0,11.0,0.598,100,8098,97.28,28.2
06/30/2026 12:00:00 AM,14416.0,11.0,0.596,100,8097,97.25,28.3
06/30/2026 12:15:00 AM,14471.0,10.6,0.59,100,8072,97.21,28.6
06/30/2026 12:30:00 AM,14360.0,10.4,0.594,100,8080,97.15,28.6
06/30/2026 12:45:00 AM,14393.0,10.8,0.596,100,8078,97.1,28.4
06/30/2026 01:00:00 AM,14409.0,10.6,0.59,100,8079,97.12,28.4
06/30/2026 01:15:00 AM,14296.0,10.9,0.597,100,8076,97.13,28.4
06/30/2026 01:30:00 AM,14337.0,11.1,0.601,100,8077,97.13,28.4
06/30/2026 01:45:00 AM,14343.0,11.1,0.598,100,8075,97.14,28.4
06/30/2026 02:00:00 AM,14350.0,11.2,0.598,100,8075,97.17,28.4
06/30/2026 02:15:00 AM,14352.0,11.1,0.601,100,8073,97.2,28.3
06/30/2026 02:30:00 AM,14374.0,11.2,0.605,100,8072,97.21,28.2
06/30/2026 02:45:00 AM,14347.0,11.1,0.601,100,8067,97.23,28.0
06/30/2026 03:00:00 AM,14417.0,11.2,0.598,100,8068,97.25,27.9
06/30/2026 03:15:00 AM,14340.0,11.0,0.601,100,8069,97.27,27.8
06/30/2026 03:30:00 AM,14552.0,10.8,0.593,100,8066,97.29,27.7
06/30/2026 03:45:00 AM,14546.0,10.5,0.592,100,8065,97.32,27.6
06/30/2026 04:00:00 AM,14543.0,10.4,0.596,100,8064,97.34,27.4
06/30/2026 04:15:00 AM,14539.0,10.4,0.597,100,8062,97.37,27.3
06/30/2026 04:30:00 AM,14322.0,10.6,0.601,100,8061,97.4,27.2
06/30/2026 04:45:00 AM,14326.0,11.0,0.603,100,8060,97.39,27.2
06/30/2026 05:00:00 AM,14320.0,11.1,0.6,100,8057,97.38,27.2
06/30/2026 05:15:00 AM,14311.0,11.2,0.603,100,8059,97.38,27.1
06/30/2026 05:30:00 AM,14298.0,11.1,0.598,100,8057,97.45,26.7
06/30/2026 05:45:00 AM,14280.0,11.0,0.596,100,8053,97.59,26.3
06/30/2026 06:00:00 AM,14272.0,11.0,0.6,100,8056,97.6,26.0
06/30/2026 06:15:00 AM,14262.0,10.9,0.605,100,8053,97.7,25.7
06/30/2026 06:30:00 AM,14258.0,10.9,0.604,100,8052,97.71,25.0
06/30/2026 06:45:00 AM,14257.0,10.9,0.601,100,8050,97.7,24.0
06/30/2026 07:00:00 AM,14256.0,10.8,0.603,100,8047,97.67,22.6
06/30/2026 07:15:00 AM,14255.0,10.8,0.601,100,8047,97.52,21.8
06/30/2026 07:30:00 AM,14239.0,10.8,0.6,100,8047,97.46,21.4
06/30/2026 07:45:00 AM,14294.0,10.7,0.601,100,8044,97.44,21.2
06/30/2026 08:00:00 AM,14216.0,10.8,0.597,100,8044,97.32,21.0
06/30/2026 08:15:00 AM,14399.0,10.7,0.594,100,8043,97.16,21.0
06/30/2026 08:30:00 AM,14289.0,10.5,0.59,100,8041,97.14,21.1
06/30/2026 08:45:00 AM,14241.0,10.8,0.596,100,8044,97.18,21.7
06/30/2026 09:00:00 AM,14356.0,10.6,0.592,100,8043,97.27,22.5
06/30/2026 09:15:00 AM,14352.0,10.4,0.593,100,8043,97.32,23.4
06/30/2026 09:30:00 AM,14352.0,10.4,0.596,100,8044,97.39,24.2
06/30/2026 09:45:00 AM,14151.0,10.5,0.603,100,8042,97.42,24.9
06/30/2026 10:00:00 AM,14166.0,10.9,0.597,100,8041,97.44,25.6
06/30/2026 10:15:00 AM,14173.0,11.0,0.6,100,8041,97.47,26.0
06/30/2026 10:30:00 AM,14180.0,10.9,0.601,100,8042,97.48,27.0
06/30/2026 10:45:00 AM,14187.0,10.9,0.6,100,8041,97.48,27.0
06/30/2026 11:00:00 AM,14234.0,10.8,0.6,100,8042,97.48,27.4
06/30/2026 11:15:00 AM,14201.0,10.9,0.604,100,8042,97.48,27.8
06/30/2026 11:30:00 AM,14209.0,11.0,0.598,100,8042,97.49,28.4
06/30/2026 11:45:00 AM,14215.0,11.1,0.598,100,8048,97.5,29.2
06/30/2026 12:00:00 PM,14222.0,11.2,0.601,100,8063,97.5,30.7
06/30/2026 12:15:00 PM,14227.0,11.2,0.601,100,8076,97.51,31.7
06/30/2026 12:30:00 PM,14234.0,11.2,0.601,100,8089,97.51,32.5
06/30/2026 12:45:00 PM,14240.0,11.2,0.6,100,8101,97.51,33.2
06/30/2026 01:00:00 PM,14246.0,11.3,0.603,100,8114,97.51,33.7
06/30/2026 01:15:00 PM,14251.0,11.3,0.601,100,8130,97.52,34.2
06/30/2026 01:30:00 PM,14250.0,11.3,0.598,100,8142,97.52,34.5
06/30/2026 01:45:00 PM,14237.0,11.3,0.601,100,8155,97.52,35.2
06/30/2026 02:00:00 PM,14219.0,11.3,0.598,100,8167,97.52,36.0
06/30/2026 02:15:00 PM,14216.0,11.3,0.598,100,8179,97.51,37.0
06/30/2026 02:30:00 PM,14292.0,11.0,0.597,100,8188,97.51,37.8
06/30/2026 02:45:00 PM,14164.0,11.1,0.598,100,8193,97.51,38.5
06/30/2026 03:00:00 PM,14150.0,11.3,0.605,100,8193,97.5,39.0
06/30/2026 03:15:00 PM,14224.0,11.3,0.596,100,8198,97.51,38.9
06/30/2026 03:30:00 PM,14162.0,11.0,0.604,100,8202,97.51,39.6
06/30/2026 03:45:00 PM,14148.0,11.2,0.6,100,8200,97.51,40.5
06/30/2026 04:00:00 PM,14244.0,11.3,0.597,100,8204,97.51,40.6
06/30/2026 04:15:00 PM,14179.0,11.0,0.598,100,8203,97.5,41.1
06/30/2026 04:30:00 PM,14177.0,11.3,0.601,100,8202,97.48,41.8
06/30/2026 04:45:00 PM,14183.0,11.3,0.598,100,8198,97.49,42.4
06/30/2026 05:00:00 PM,14188.0,11.3,0.6,100,8191,97.48,42.4
06/30/2026 05:15:00 PM,14190.0,11.3,0.601,100,8186,97.47,42.2
06/30/2026 05:30:00 PM,14191.0,11.3,0.597,100,8180,97.47,41.6
06/30/2026 05:45:00 PM,14192.0,11.3,0.598,100,8167,97.47,40.8
06/30/2026 06:00:00 PM,14194.0,11.3,0.597,100,8164,97.46,39.4
06/30/2026 06:15:00 PM,14225.0,11.3,0.6,100,8158,97.46,38.6
06/30/2026 06:30:00 PM,14402.0,10.9,0.594,100,8152,97.46,37.4
06/30/2026 06:45:00 PM,14403.0,10.6,0.593,100,8144,97.47,36.4
06/30/2026 07:00:00 PM,14410.0,10.5,0.596,100,8139,97.46,35.1
06/30/2026 07:15:00 PM,14403.0,10.4,0.598,100,8129,97.46,33.8
06/30/2026 07:30:00 PM,14238.0,10.8,0.605,100,8126,97.47,32.9
06/30/2026 07:45:00 PM,14438.0,10.8,0.594,100,8122,97.48,32.3
06/30/2026 08:00:00 PM,14239.0,10.8,0.604,100,8119,97.49,31.7
06/30/2026 08:15:00 PM,14415.0,10.8,0.594,100,8114,97.5,31.1
06/30/2026 08:30:00 PM,14296.0,11.0,0.603,100,8111,97.52,30.5
06/30/2026 08:45:00 PM,14371.0,10.9,0.601,100,8107,97.51,29.8
06/30/2026 09:00:00 PM,14370.0,11.2,0.601,100,8104,97.52,29.1
06/30/2026 09:15:00 PM,14318.0,10.9,0.6,100,8102,97.54,28.5
06/30/2026 09:30:00 PM,14394.0,11.1,0.598,100,8099,97.56,28.0
06/30/2026 09:45:00 PM,14240.0,11.0,0.596,100,8098,97.57,27.5
06/30/2026 10:00:00 PM,14365.0,11.0,0.592,100,8095,97.58,27.0
06/30/2026 10:15:00 PM,14255.0,11.1,0.594,100,8092,97.6,26.7
06/30/2026 10:30:00 PM,14316.0,10.8,0.594,100,8094,97.61,26.4
06/30/2026 10:45:00 PM,14270.0,11.2,0.598,100,8087,97.62,26.0
06/30/2026 11:00:00 PM,14305.0,10.8,0.593,100,8086,97.62,25.7
06/30/2026 11:15:00 PM,14303.0,11.2,0.6,100,8085,97.63,25.4
06/30/2026 11:30:00 PM,14303.0,10.8,0.594,100,8084,97.64,25.1
06/30/2026 11:45:00 PM,14336.0,11.2,0.596,100,8084,97.64,24.9
07/01/2026 12:00:00 AM,14306.0,10.8,0.594,100,8080,97.64,24.6
07/01/2026 12:15:00 AM,14365.0,11.2,0.597,100,8052,97.65,24.5
07/01/2026 12:30:00 AM,14322.0,10.8,0.596,100,8068,97.66,24.3
07/01/2026 12:45:00 AM,14377.0,11.2,0.6,100,8064,97.69,24.0
07/01/2026 01:00:00 AM,14321.0,10.8,0.597,100,8065,97.71,23.7
07/01/2026 01:15:00 AM,14408.0,11.2,0.596,100,8065,97.7,23.5
07/01/2026 01:30:00 AM,14343.0,10.8,0.598,100,8063,97.71,23.4
07/01/2026 01:45:00 AM,14431.0,11.2,0.598,100,8063,97.7,23.2
07/01/2026 02:00:00 AM,14395.0,10.7,0.597,100,8061,97.71,23.0
07/01/2026 02:15:00 AM,14428.0,11.2,0.6,100,8061,97.69,22.9
07/01/2026 02:30:00 AM,14476.0,10.6,0.592,100,8060,97.66,22.9
07/01/2026 02:45:00 AM,14400.0,11.2,0.603,100,8060,97.65,22.9
07/01/2026 03:00:00 AM,14546.0,10.7,0.59,100,8059,97.61,22.8
07/01/2026 03:15:00 AM,14382.0,11.1,0.607,100,8057,97.57,22.6
07/01/2026 03:30:00 AM,14589.0,10.8,0.592,100,8057,97.55,22.4
07/01/2026 03:45:00 AM,14429.0,10.9,0.604,100,8054,97.55,22.3
07/01/2026 04:00:00 AM,14569.0,11.0,0.594,100,8057,97.55,22.3
07/01/2026 04:15:00 AM,14498.0,10.7,0.596,100,8055,97.6,22.3
07/01/2026 04:30:00 AM,14525.0,11.2,0.6,100,8054,97.61,22.4
07/01/2026 04:45:00 AM,14579.0,10.6,0.592,100,8054,97.56,22.4
07/01/2026 05:00:00 AM,14433.0,11.2,0.603,100,8054,97.56,22.5
07/01/2026 05:15:00 AM,14624.0,10.8,0.592,100,8053,97.57,22.6
07/01/2026 05:30:00 AM,14617.0,10.4,0.593,100,8051,97.57,22.6
07/01/2026 05:45:00 AM,14614.0,10.4,0.597,100,8050,97.54,22.6
07/01/2026 06:00:00 AM,14503.0,10.5,0.6,100,8050,97.7,22.7
07/01/2026 06:15:00 AM,14491.0,11.0,0.603,100,8050,97.8,22.9
07/01/2026 06:30:00 AM,14523.0,10.6,0.594,100,8050,97.87,22.7
07/01/2026 06:45:00 AM,14466.0,11.1,0.601,100,8049,97.85,21.8
07/01/2026 07:00:00 AM,14540.0,10.6,0.594,100,8046,97.73,20.8
07/01/2026 07:15:00 AM,14490.0,11.2,0.603,100,8046,97.63,20.1
07/01/2026 07:30:00 AM,14545.0,10.7,0.596,100,8044,97.63,19.7
07/01/2026 07:45:00 AM,14514.0,11.2,0.6,100,8044,97.67,19.5
07/01/2026 08:00:00 AM,14594.0,10.6,0.589,100,8044,97.93,19.4
07/01/2026 08:15:00 AM,14450.0,11.2,0.605,100,8044,97.98,19.3
07/01/2026 08:30:00 AM,14637.0,10.7,0.59,100,8042,97.95,19.4
07/01/2026 08:45:00 AM,14512.0,10.7,0.598,100,8043,97.76,19.5
07/01/2026 09:00:00 AM,14591.0,11.1,0.598,100,8040,97.79,19.6
07/01/2026 09:15:00 AM,14533.0,10.7,0.594,100,8038,97.78,19.9
07/01/2026 09:30:00 AM,14542.0,11.1,0.6,100,8040,97.81,20.2
07/01/2026 09:45:00 AM,14536.0,10.6,0.593,100,8047,97.83,20.6
07/01/2026 10:00:00 AM,14463.0,11.1,0.6,100,8044,97.89,20.6
07/01/2026 10:15:00 AM,14480.0,10.8,0.596,100,8042,97.83,20.2
07/01/2026 10:30:00 AM,14510.0,11.2,0.598,100,8042,97.75,19.7
07/01/2026 10:45:00 AM,14505.0,10.7,0.596,100,8041,97.74,19.6
07/01/2026 11:00:00 AM,14516.0,11.1,0.6,100,8041,97.71,19.8
07/01/2026 11:15:00 AM,14628.0,10.6,0.59,100,8041,97.68,20.3
07/01/2026 11:30:00 AM,14468.0,10.7,0.597,100,8042,97.63,20.8
07/01/2026 11:45:00 AM,14608.0,10.9,0.596,100,8047,97.64,21.8
07/01/2026 12:00:00 PM,14476.0,10.9,0.6,100,8054,97.66,22.9
07/01/2026 12:15:00 PM,14623.0,11.0,0.596,100,8056,97.69,23.3
07/01/2026 12:30:00 PM,14465.0,11.0,0.604,100,8065,97.72,24.1
07/01/2026 12:45:00 PM,14601.0,10.9,0.594,100,8074,97.7,25.2
07/01/2026 01:00:00 PM,14526.0,11.2,0.601,100,8076,97.69,25.7
07/01/2026 01:15:00 PM,14570.0,10.8,0.6,100,8085,97.67,26.1
07/01/2026 01:30:00 PM,14597.0,11.2,0.597,100,8092,97.64,26.8
07/01/2026 01:45:00 PM,14566.0,10.8,0.59,100,8106,97.64,27.6
07/01/2026 02:00:00 PM,14620.0,11.1,0.597,100,8120,97.65,28.7
07/01/2026 02:15:00 PM,14494.0,11.1,0.601,100,8141,97.66,30.1
07/01/2026 02:30:00 PM,14667.0,10.8,0.593,100,8155,97.65,31.7
07/01/2026 02:45:00 PM,14549.0,11.2,0.603,100,8170,97.67,32.8
07/01/2026 03:00:00 PM,14631.0,10.8,0.597,100,8183,97.67,33.4
07/01/2026 03:15:00 PM,14599.0,11.2,0.6,100,8196,97.68,34.4
07/01/2026 03:30:00 PM,14598.0,10.8,0.597,100,8202,97.68,35.4
07/01/2026 03:45:00 PM,14650.0,11.1,0.597,100,8211,97.68,36.2
07/01/2026 04:00:00 PM,14566.0,11.0,0.601,100,8218,97.68,37.1
07/01/2026 04:15:00 PM,14698.0,11.0,0.594,100,8223,97.7,37.3
07/01/2026 04:30:00 PM,14518.0,11.1,0.605,100,8220,97.71,37.9
07/01/2026 04:45:00 PM,14667.0,10.8,0.593,100,8220,97.73,37.8
07/01/2026 05:00:00 PM,14447.0,11.2,0.6,100,8220,97.73,37.9
07/01/2026 05:15:00 PM,14582.0,10.9,0.597,100,8221,97.73,38.1
07/01/2026 05:30:00 PM,14557.0,11.2,0.594,100,8219,97.72,38.3
07/01/2026 05:45:00 PM,14490.0,10.9,0.596,100,8214,97.74,38.0
07/01/2026 06:00:00 PM,14584.0,11.1,0.597,100,8208,97.75,37.4
07/01/2026 06:15:00 PM,14411.0,11.0,0.6,100,8196,97.77,36.1
07/01/2026 06:30:00 PM,14574.0,11.0,0.593,100,8184,97.76,33.9
07/01/2026 06:45:00 PM,14463.0,11.2,0.6,100,8177,97.77,32.5
07/01/2026 07:00:00 PM,14533.0,10.9,0.592,100,8170,97.78,31.0
07/01/2026 07:15:00 PM,14528.0,11.2,0.6,100,8162,97.78,30.1
07/01/2026 07:30:00 PM,14483.0,10.9,0.6,100,8160,97.75,29.8
07/01/2026 07:45:00 PM,14588.0,11.1,0.597,100,8154,97.76,29.4
07/01/2026 08:00:00 PM,14446.0,11.1,0.603,100,8150,97.73,28.7
07/01/2026 08:15:00 PM,14593.0,11.0,0.594,100,8148,97.74,28.1
07/01/2026 08:30:00 PM,14489.0,11.2,0.604,100,8142,97.72,27.6
07/01/2026 08:45:00 PM,14576.0,10.8,0.594,100,8139,97.71,27.2
07/01/2026 09:00:00 PM,14547.0,11.2,0.6,100,8139,97.7,26.9
07/01/2026 09:15:00 PM,14550.0,10.8,0.596,100,8133,97.69,26.7
07/01/2026 09:30:00 PM,14604.0,11.2,0.597,100,8135,97.71,26.3
07/01/2026 09:45:00 PM,14534.0,10.9,0.598,100,8130,97.73,25.9
07/01/2026 10:00:00 PM,14644.0,11.1,0.596,100,8128,97.74,25.3
07/01/2026 10:15:00 PM,14519.0,11.0,0.604,100,8125,97.76,25.0
07/01/2026 10:30:00 PM,14682.0,11.0,0.594,100,8124,97.79,24.8
07/01/2026 10:45:00 PM,14504.0,11.0,0.598,100,8122,97.81,24.7
07/01/2026 11:00:00 PM,14703.0,10.8,0.592,100,8119,97.77,24.5
07/01/2026 11:15:00 PM,14531.0,11.1,0.605,100,8117,97.78,24.3
07/01/2026 11:30:00 PM,14730.0,10.8,0.59,100,8114,97.79,23.9
07/01/2026 11:45:00 PM,14525.0,11.0,0.603,100,8114,97.8,23.6
07/02/2026 12:00:00 AM,14741.0,10.8,0.592,100,8112,97.8,23.2
07/02/2026 12:15:00 AM,14536.0,11.0,0.601,100,8101,97.8,23.1
07/02/2026 12:30:00 AM,14752.0,10.8,0.59,100,8099,97.81,22.8
07/02/2026 12:45:00 AM,14652.0,10.6,0.596,100,8098,97.83,22.4
07/02/2026 01:00:00 AM,14651.0,11.1,0.597,100,8100,97.81,22.2
07/02/2026 01:15:00 AM,14765.0,10.5,0.59,100,8095,97.77,21.9
07/02/2026 01:30:00 AM,14614.0,10.7,0.6,100,8093,97.78,21.7
07/02/2026 01:45:00 AM,14720.0,10.9,0.594,100,8095,97.84,21.6
07/02/2026 02:00:00 AM,14718.0,10.5,0.589,100,8093,97.85,21.4
07/02/2026 02:15:00 AM,14633.0,11.1,0.603,100,8092,97.85,21.3
07/02/2026 02:30:00 AM,14788.0,10.6,0.59,100,8090,97.88,21.1
07/02/2026 02:45:00 AM,14678.0,10.6,0.598,100,8089,97.9,21.0
07/02/2026 03:00:00 AM,14706.0,11.0,0.597,100,8089,97.89,20.8
07/02/2026 03:15:00 AM,14805.0,10.5,0.59,100,8088,97.88,20.7
07/02/2026 03:30:00 AM,14603.0,10.9,0.604,100,8088,97.89,20.6
07/02/2026 03:45:00 AM,14821.0,10.7,0.59,100,8084,97.88,20.4
07/02/2026 04:00:00 AM,14724.0,10.5,0.594,100,8086,97.88,20.3
07/02/2026 04:15:00 AM,14726.0,11.0,0.598,100,8086,97.88,20.2
07/02/2026 04:30:00 AM,14841.0,10.5,0.59,100,8084,97.84,20.1
07/02/2026 04:45:00 AM,14843.0,10.4,0.596,100,8083,97.85,20.0
07/02/2026 05:00:00 AM,14653.0,10.8,0.601,100,8082,97.9,20.0
07/02/2026 05:15:00 AM,14843.0,10.7,0.594,100,8082,97.92,20.0
07/02/2026 05:30:00 AM,14857.0,10.4,0.593,100,8081,97.93,20.0
07/02/2026 05:45:00 AM,14696.0,10.7,0.604,100,8078,97.93,20.1
07/02/2026 06:00:00 AM,14834.0,10.8,0.596,100,8080,97.92,20.2
07/02/2026 06:15:00 AM,14877.0,10.4,0.592,100,8076,97.9,20.2
07/02/2026 06:30:00 AM,14728.0,10.6,0.601,100,8077,97.87,20.2
07/02/2026 06:45:00 AM,14834.0,10.8,0.598,100,8074,97.88,20.2
07/02/2026 07:00:00 AM,14881.0,10.4,0.592,100,8076,97.92,20.4
07/02/2026 07:15:00 AM,14709.0,10.7,0.601,100,8075,97.97,20.7
07/02/2026 07:30:00 AM,14834.0,10.7,0.593,100,8076,97.98,21.1
07/02/2026 07:45:00 AM,14807.0,10.4,0.596,100,8075,97.98,21.6
07/02/2026 08:00:00 AM,14711.0,11.0,0.597,100,8073,98.0,22.3
07/02/2026 08:15:00 AM,14855.0,10.5,0.59,100,8073,97.98,23.1
07/02/2026 08:30:00 AM,14656.0,10.8,0.601,100,8075,97.99,23.8
07/02/2026 08:45:00 AM,14833.0,10.7,0.592,100,8073,97.98,24.2
07/02/2026 09:00:00 AM,14683.0,10.7,0.6,100,8073,98.0,24.4
07/02/2026 09:15:00 AM,14776.0,10.9,0.596,100,8071,98.03,24.4
07/02/2026 09:30:00 AM,14675.0,10.7,0.6,100,8071,98.09,24.2
07/02/2026 09:45:00 AM,14733.0,10.9,0.596,100,8070,98.18,24.0
07/02/2026 10:00:00 AM,14784.0,10.4,0.59,100,8069,98.18,23.8
07/02/2026 10:15:00 AM,14628.0,10.7,0.601,100,8068,98.02,23.7
07/02/2026 10:30:00 AM,14718.0,10.9,0.597,100,8068,97.95,23.6
07/02/2026 10:45:00 AM,14721.0,10.4,0.592,100,8064,98.05,23.8
07/02/2026 11:00:00 AM,14511.0,10.9,0.605,100,8065,98.05,24.2
07/02/2026 11:15:00 AM,14690.0,10.7,0.592,100,8072,97.97,25.0
07/02/2026 11:30:00 AM,14503.0,10.7,0.594,100,8073,97.98,26.0
07/02/2026 11:45:00 AM,14599.0,10.9,0.594,100,8077,98.03,26.7
07/02/2026 12:00:00 PM,14563.0,10.5,0.593,100,8088,98.07,27.8
07/02/2026 12:15:00 PM,14538.0,11.0,0.601,100,8094,98.1,28.1
07/02/2026 12:30:00 PM,14570.0,10.7,0.596,100,8091,98.12,27.8
07/02/2026 12:45:00 PM,14571.0,11.1,0.6,100,8086,98.18,26.9
07/02/2026 01:00:00 PM,14560.0,10.8,0.596,100,8086,98.25,26.0
07/02/2026 01:15:00 PM,14619.0,11.0,0.6,100,8082,98.28,25.0
07/02/2026 01:30:00 PM,14710.0,10.5,0.59,100,8081,98.26,24.2
07/02/2026 01:45:00 PM,14513.0,10.9,0.603,100,8078,98.26,23.7
07/02/2026 02:00:00 PM,14746.0,10.7,0.592,100,8079,98.06,23.5
07/02/2026 02:15:00 PM,14760.0,10.4,0.593,100,8080,97.92,23.8
07/02/2026 02:30:00 PM,14601.0,10.7,0.601,100,8082,97.92,24.2
07/02/2026 02:45:00 PM,14742.0,10.8,0.592,100,8092,98.01,25.0
07/02/2026 03:00:00 PM,14785.0,10.4,0.592,100,8097,98.01,26.0
07/02/2026 03:15:00 PM,14591.0,10.9,0.605,100,8109,97.95,26.7
07/02/2026 03:30:00 PM,14812.0,10.7,0.592,100,8119,97.94,27.1
07/02/2026 03:45:00 PM,14740.0,10.5,0.593,100,8142,97.94,28.2
07/02/2026 04:00:00 PM,14698.0,11.0,0.6,100,8152,97.93,30.2
07/02/2026 04:15:00 PM,14738.0,10.6,0.596,100,8166,97.93,31.2
07/02/2026 04:30:00 PM,14737.0,11.0,0.598,100,8177,97.94,32.3
07/02/2026 04:45:00 PM,14736.0,10.6,0.596,100,8171,97.99,32.5
07/02/2026 05:00:00 PM,14762.0,11.0,0.596,100,8166,98.02,31.6
07/02/2026 05:15:00 PM,14792.0,10.5,0.589,100,8163,98.0,30.1
07/02/2026 05:30:00 PM,14734.0,11.0,0.6,100,8155,97.99,28.9
07/02/2026 05:45:00 PM,14860.0,10.5,0.589,100,8150,98.0,28.3
07/02/2026 06:00:00 PM,14704.0,10.7,0.603,100,8151,97.99,27.9
07/02/2026 06:15:00 PM,14767.0,10.9,0.596,100,8164,97.98,29.5
07/02/2026 06:30:00 PM,14823.0,10.4,0.59,100,8167,97.99,31.1
07/02/2026 06:45:00 PM,14699.0,10.6,0.597,100,8167,97.95,31.4
07/02/2026 07:00:00 PM,14754.0,10.9,0.598,100,8166,97.96,31.3
07/02/2026 07:15:00 PM,14809.0,10.4,0.589,100,8161,97.98,30.6
07/02/2026 07:30:00 PM,14664.0,11.0,0.601,100,8157,97.99,29.8
07/02/2026 07:45:00 PM,14788.0,10.6,0.596,100,8154,98.01,28.9
07/02/2026 08:00:00 PM,14697.0,11.1,0.598,100,8147,98.01,28.0
07/02/2026 08:15:00 PM,14844.0,10.5,0.589,100,8144,98.01,27.1
07/02/2026 08:30:00 PM,14648.0,10.9,0.601,100,8140,98.02,26.4
07/02/2026 08:45:00 PM,14826.0,10.7,0.592,100,8140,98.05,25.6
07/02/2026 09:00:00 PM,14777.0,10.4,0.593,100,8134,98.05,24.8
07/02/2026 09:15:00 PM,14695.0,11.0,0.601,100,8132,98.08,24.2
07/02/2026 09:30:00 PM,14843.0,10.5,0.59,100,8129,98.11,23.8
07/02/2026 09:45:00 PM,14801.0,10.4,0.594,100,8130,98.13,23.4
07/02/2026 10:00:00 PM,14688.0,11.0,0.6,100,8126,98.16,23.0
07/02/2026 10:15:00 PM,14858.0,10.5,0.59,100,8126,98.15,22.6
07/02/2026 10:30:00 PM,14791.0,10.4,0.597,100,8125,98.18,22.3
07/02/2026 10:45:00 PM,14689.0,11.0,0.604,100,8120,98.18,22.0
07/02/2026 11:00:00 PM,14825.0,10.5,0.59,100,8121,98.19,21.8
07/02/2026 11:15:00 PM,14689.0,10.5,0.597,100,8117,98.26,21.8
07/02/2026 11:30:00 PM,14696.0,11.0,0.597,100,8114,98.28,21.9
07/02/2026 11:45:00 PM,14778.0,10.5,0.589,100,8113,98.28,21.9
07/03/2026 12:00:00 AM,14680.0,10.4,0.594,100,8113,98.24,22.0
07/03/2026 12:15:00 AM,14640.0,11.0,0.604,100,8086,98.15,22.2
07/03/2026 12:30:00 AM,14761.0,10.5,0.589,100,8096,98.08,22.1
07/03/2026 12:45:00 AM,14745.0,10.4,0.593,100,8097,98.06,22.0
07/03/2026 01:00:00 AM,14575.0,10.8,0.601,100,8097,97.99,22.0
07/03/2026 01:15:00 AM,14782.0,10.6,0.592,100,8095,97.9,21.8
07/03/2026 01:30:00 AM,14722.0,10.4,0.593,100,8094,97.86,21.6
07/03/2026 01:45:00 AM,14630.0,11.0,0.6,100,8093,97.84,21.3
07/03/2026 02:00:00 AM,14778.0,10.5,0.59,100,8092,97.82,21.0
07/03/2026 02:15:00 AM,14737.0,10.4,0.594,100,8092,97.86,20.8
07/03/2026 02:30:00 AM,14582.0,10.9,0.601,100,8094,97.91,20.6
07/03/2026 02:45:00 AM,14752.0,10.6,0.59,100,8089,97.96,20.5
07/03/2026 03:00:00 AM,14743.0,10.4,0.593,100,8088,97.93,20.4
07/03/2026 03:15:00 AM,14719.0,10.4,0.596,100,8086,97.94,20.3
07/03/2026 03:30:00 AM,14531.0,10.8,0.603,100,8085,98.0,20.2
07/03/2026 03:45:00 AM,14720.0,10.6,0.592,100,8083,98.0,20.2
07/03/2026 04:00:00 AM,14707.0,10.4,0.592,100,8085,98.04,20.2
07/03/2026 04:15:00 AM,14583.0,10.5,0.598,100,8083,98.07,20.3
07/03/2026 04:30:00 AM,14595.0,10.9,0.6,100,8083,98.1,20.3
07/03/2026 04:45:00 AM,14681.0,10.5,0.59,100,8082,98.08,20.4
07/03/2026 05:00:00 AM,14671.0,10.4,0.594,100,8082,98.06,20.4
07/03/2026 05:15:00 AM,14449.0,10.7,0.604,100,8080,98.09,20.4
07/03/2026 05:30:00 AM,14655.0,10.7,0.594,100,8080,98.14,20.4
07/03/2026 05:45:00 AM,14638.0,10.4,0.592,100,8078,98.16,20.4
07/03/2026 06:00:00 AM,14557.0,10.4,0.596,100,8078,98.16,20.4
07/03/2026 06:15:00 AM,14488.0,10.8,0.603,100,8079,98.16,20.5
07/03/2026 06:30:00 AM,14613.0,10.5,0.59,100,8076,98.2,20.5
07/03/2026 06:45:00 AM,14599.0,10.4,0.594,100,8076,98.25,20.5
07/03/2026 07:00:00 AM,14399.0,10.6,0.6,100,8076,98.27,20.4
07/03/2026 07:15:00 AM,14579.0,10.8,0.594,100,8076,98.3,20.4
07/03/2026 07:30:00 AM,14582.0,10.4,0.592,100,8076,98.31,20.4
07/03/2026 07:45:00 AM,14579.0,10.4,0.597,100,8073,98.29,20.4
07/03/2026 08:00:00 AM,14532.0,10.3,0.6,100,8073,98.26,20.4
07/03/2026 08:15:00 AM,14417.0,10.7,0.604,100,8074,98.22,20.4
07/03/2026 08:30:00 AM,14582.0,10.6,0.593,100,8069,98.18,20.6
07/03/2026 08:45:00 AM,14577.0,10.4,0.593,100,8069,98.16,20.7
07/03/2026 09:00:00 AM,14503.0,10.4,0.598,100,8070,98.16,20.9
07/03/2026 09:15:00 AM,14439.0,10.8,0.601,100,8069,98.2,21.2
07/03/2026 09:30:00 AM,14570.0,10.5,0.59,100,8069,98.22,21.4
07/03/2026 09:45:00 AM,14565.0,10.4,0.594,100,8068,98.23,21.4
07/03/2026 10:00:00 AM,14360.0,10.7,0.605,100,8067,98.21,21.6
07/03/2026 10:15:00 AM,14573.0,10.7,0.594,100,8069,98.17,21.8
07/03/2026 10:30:00 AM,14567.0,10.4,0.592,100,8073,98.13,22.1
07/03/2026 10:45:00 AM,14479.0,10.4,0.597,100,8071,98.12,22.3
07/03/2026 11:00:00 AM,14437.0,10.8,0.6,100,8071,98.14,22.3
07/03/2026 11:15:00 AM,14546.0,10.5,0.59,100,8076,98.16,22.5
07/03/2026 11:30:00 AM,14532.0,10.4,0.594,100,8079,98.16,23.2
07/03/2026 11:45:00 AM,14334.0,10.6,0.603,100,8082,98.16,23.8
07/03/2026 12:00:00 PM,14504.0,10.8,0.596,100,8085,98.18,24.5
07/03/2026 12:15:00 PM,14502.0,10.4,0.592,100,8093,98.19,25.2
07/03/2026 12:30:00 PM,14334.0,10.5,0.6,100,8098,98.18,26.2
07/03/2026 12:45:00 PM,14458.0,10.8,0.598,100,8116,98.18,27.4
07/03/2026 01:00:00 PM,14484.0,10.4,0.59,100,8130,98.17,28.8
07/03/2026 01:15:00 PM,14315.0,10.5,0.597,100,8152,98.17,30.3
07/03/2026 01:30:00 PM,14399.0,10.8,0.598,100,8167,98.17,31.8
07/03/2026 01:45:00 PM,14428.0,10.5,0.59,100,8174,98.17,32.5
07/03/2026 02:00:00 PM,14239.0,10.6,0.593,100,8184,98.16,32.3
07/03/2026 02:15:00 PM,14397.0,10.8,0.594,100,8198,98.15,33.3
07/03/2026 02:30:00 PM,14422.0,10.5,0.59,100,8207,98.14,34.4
07/03/2026 02:45:00 PM,14253.0,10.6,0.594,100,8215,98.13,35.2
07/03/2026 03:00:00 PM,14411.0,10.8,0.598,100,8221,98.13,35.9
07/03/2026 03:15:00 PM,14345.0,10.5,0.59,100,8231,98.14,36.3
07/03/2026 03:30:00 PM,14346.0,10.9,0.597,100,8234,98.16,37.3
07/03/2026 03:45:00 PM,14386.0,10.6,0.59,100,8237,98.18,38.1
07/03/2026 04:00:00 PM,14331.0,11.0,0.594,100,8237,98.19,38.6
07/03/2026 04:15:00 PM,14429.0,10.6,0.592,100,8235,98.16,39.2
07/03/2026 04:30:00 PM,14318.0,10.9,0.597,100,8232,98.16,39.5
07/03/2026 04:45:00 PM,14485.0,10.7,0.592,100,8232,98.16,39.4
07/03/2026 05:00:00 PM,14297.0,10.7,0.594,100,8228,98.17,39.8
07/03/2026 05:15:00 PM,14486.0,10.9,0.594,100,8223,98.16,40.1
07/03/2026 05:30:00 PM,14416.0,10.5,0.592,100,8216,98.14,39.8
07/03/2026 05:45:00 PM,14389.0,11.0,0.601,100,8215,98.13,40.1
07/03/2026 06:00:00 PM,14513.0,10.6,0.59,100,8205,98.12,39.9
07/03/2026 06:15:00 PM,14313.0,10.8,0.6,100,8200,98.11,39.3
07/03/2026 06:30:00 PM,14529.0,10.8,0.594,100,8193,98.08,38.5
07/03/2026 06:45:00 PM,14337.0,10.8,0.598,100,8185,98.07,38.2
07/03/2026 07:00:00 PM,14523.0,10.9,0.596,100,8174,98.09,36.6
07/03/2026 07:15:00 PM,14410.0,10.6,0.594,100,8162,98.08,34.5
07/03/2026 07:30:00 PM,14463.0,11.0,0.601,100,8156,98.07,32.7
07/03/2026 07:45:00 PM,14503.0,10.5,0.589,100,8152,98.05,31.2
07/03/2026 08:00:00 PM,14387.0,11.0,0.601,100,8143,98.05,30.1
07/03/2026 08:15:00 PM,14515.0,10.7,0.592,100,8139,98.06,29.2
07/03/2026 08:30:00 PM,14385.0,11.0,0.601,100,8137,98.07,28.5
07/03/2026 08:45:00 PM,14501.0,10.8,0.594,100,8131,98.07,27.8
07/03/2026 09:00:00 PM,14411.0,11.0,0.604,100,8129,98.08,27.1
07/03/2026 09:15:00 PM,14560.0,10.7,0.59,100,8126,98.1,26.4
07/03/2026 09:30:00 PM,14420.0,10.6,0.598,100,8125,98.11,25.8
07/03/2026 09:45:00 PM,14495.0,11.0,0.598,100,8122,98.12,25.3
07/03/2026 10:00:00 PM,14561.0,10.5,0.589,100,8120,98.15,24.9
07/03/2026 10:15:00 PM,14391.0,10.6,0.6,100,8117,98.15,24.4
07/03/2026 10:30:00 PM,14509.0,10.9,0.597,100,8115,98.14,24.0
07/03/2026 10:45:00 PM,14424.0,10.5,0.592,100,8114,98.15,23.7
07/03/2026 11:00:00 PM,14400.0,11.0,0.596,100,8114,98.15,23.4
07/03/2026 11:15:00 PM,14486.0,10.6,0.59,100,8110,98.17,23.1
07/03/2026 11:30:00 PM,14350.0,10.5,0.594,100,8111,98.18,22.9
07/03/2026 11:45:00 PM,14353.0,11.0,0.596,100,8110,98.2,22.8
07/04/2026 12:00:00 AM,14419.0,10.6,0.59,100,8105,98.22,22.6
07/04/2026 12:15:00 AM,14241.0,10.8,0.594,100,8081,98.22,22.6
07/04/2026 12:30:00 AM,14435.0,10.8,0.594,100,8091,98.24,22.6
07/04/2026 12:45:00 AM,14405.0,10.5,0.592,100,8091,98.25,22.4
07/04/2026 01:00:00 AM,14267.0,10.8,0.597,100,8092,98.24,22.3
07/04/2026 01:15:00 AM,14451.0,10.8,0.592,100,8092,98.23,22.0
07/04/2026 01:30:00 AM,14363.0,10.5,0.596,100,8086,98.22,21.6
07/04/2026 01:45:00 AM,14373.0,11.0,0.601,100,8087,98.21,21.4
07/04/2026 02:00:00 AM,14491.0,10.6,0.59,100,8086,98.22,21.2
07/04/2026 02:15:00 AM,14372.0,10.6,0.6,100,8085,98.22,21.0
07/04/2026 02:30:00 AM,14464.0,11.0,0.596,100,8085,98.24,20.8
07/04/2026 02:45:00 AM,14543.0,10.5,0.59,100,8083,98.25,20.7
07/04/2026 03:00:00 AM,14400.0,10.6,0.603,100,8082,98.24,20.5
07/04/2026 03:15:00 AM,14539.0,10.9,0.597,100,8080,98.23,20.2
07/04/2026 03:30:00 AM,14596.0,10.4,0.592,100,8078,98.23,20.0
07/04/2026 03:45:00 AM,14612.0,10.4,0.597,100,8079,98.19,19.8
07/04/2026 04:00:00 AM,14436.0,10.8,0.603,100,8079,98.18,19.7
07/04/2026 04:15:00 AM,14635.0,10.8,0.594,100,8076,98.18,19.7
07/04/2026 04:30:00 AM,14657.0,10.4,0.592,100,8078,98.18,19.7
07/04/2026 04:45:00 AM,14611.0,10.4,0.6,100,8077,98.19,19.7
07/04/2026 05:00:00 AM,14533.0,10.9,0.605,100,8076,98.19,19.7
07/04/2026 05:15:00 AM,14695.0,10.5,0.592,100,8077,98.18,19.6
07/04/2026 05:30:00 AM,14701.0,10.4,0.594,100,8075,98.19,19.6
07/04/2026 05:45:00 AM,14581.0,10.5,0.601,100,8075,98.21,19.4
07/04/2026 06:00:00 AM,14639.0,10.9,0.6,100,8072,98.23,19.3
07/04/2026 06:15:00 AM,14724.0,10.4,0.59,100,8071,98.23,19.2
07/04/2026 06:30:00 AM,14728.0,10.4,0.596,100,8069,98.25,19.2
07/04/2026 06:45:00 AM,14650.0,10.4,0.598,100,8070,98.26,19.3
07/04/2026 07:00:00 AM,14624.0,10.9,0.604,100,8069,98.27,19.5
07/04/2026 07:15:00 AM,14750.0,10.4,0.59,100,8069,98.3,19.7
07/04/2026 07:30:00 AM,14754.0,10.4,0.596,100,8070,98.3,19.9
07/04/2026 07:45:00 AM,14634.0,10.5,0.598,100,8069,98.32,20.1
07/04/2026 08:00:00 AM,14687.0,10.8,0.6,100,8068,98.33,20.4
07/04/2026 08:15:00 AM,14771.0,10.4,0.59,100,8068,98.31,20.8
07/04/2026 08:30:00 AM,14737.0,10.4,0.596,100,8066,98.32,21.2
07/04/2026 08:45:00 AM,14611.0,10.9,0.603,100,8069,98.34,21.7
07/04/2026 09:00:00 AM,14786.0,10.5,0.59,100,8067,98.35,22.2
07/04/2026 09:15:00 AM,14787.0,10.4,0.594,100,8069,98.35,22.6
07/04/2026 09:30:00 AM,14626.0,10.6,0.604,100,8066,98.35,22.9
07/04/2026 09:45:00 AM,14760.0,10.7,0.596,100,8064,98.34,23.4
07/04/2026 10:00:00 AM,14757.0,10.4,0.593,100,8066,98.34,23.8
07/04/2026 10:15:00 AM,14643.0,10.9,0.603,100,8065,98.32,24.1
07/04/2026 10:30:00 AM,14810.0,10.5,0.59,100,8064,98.31,24.9
07/04/2026 10:45:00 AM,14674.0,10.6,0.596,100,8068,98.29,25.2
07/04/2026 11:00:00 AM,14751.0,10.8,0.597,100,8068,98.29,25.6
07/04/2026 11:15:00 AM,14817.0,10.4,0.59,100,8067,98.29,26.0
07/04/2026 11:30:00 AM,14729.0,10.5,0.596,100,8069,98.3,26.4
07/04/2026 11:45:00 AM,14691.0,10.9,0.601,100,8075,98.31,26.9
07/04/2026 12:00:00 PM,14794.0,10.4,0.59,100,8086,98.31,28.3
07/04/2026 12:15:00 PM,14639.0,10.5,0.598,100,8098,98.3,29.9
07/04/2026 12:30:00 PM,14663.0,10.9,0.603,100,8114,98.3,30.9
07/04/2026 12:45:00 PM,14712.0,10.4,0.59,100,8125,98.3,31.7
07/04/2026 01:00:00 PM,14526.0,10.6,0.596,100,8140,98.3,32.2
07/04/2026 01:15:00 PM,14612.0,10.9,0.598,100,8157,98.29,32.6
07/04/2026 01:30:00 PM,14494.0,10.7,0.598,100,8164,98.27,33.4
07/04/2026 01:45:00 PM,14600.0,10.9,0.596,100,8173,98.27,33.9
07/04/2026 02:00:00 PM,14585.0,10.5,0.59,100,8190,98.25,34.5
07/04/2026 02:15:00 PM,14532.0,11.0,0.601,100,8199,98.23,35.3
07/04/2026 02:30:00 PM,14679.0,10.6,0.589,100,8207,98.21,35.8
07/04/2026 02:45:00 PM,14521.0,10.7,0.603,100,8215,98.21,36.4
07/04/2026 03:00:00 PM,14660.0,10.9,0.596,100,8217,98.22,36.8
07/04/2026 03:15:00 PM,14568.0,10.7,0.601,100,8218,98.21,37.0
07/04/2026 03:30:00 PM,14652.0,11.0,0.594,100,8219,98.2,37.1
07/04/2026 03:45:00 PM,14547.0,10.9,0.6,100,8224,98.2,37.5
07/04/2026 04:00:00 PM,14709.0,10.8,0.593,100,8215,98.2,37.8
07/04/2026 04:15:00 PM,14572.0,10.8,0.6,100,8218,98.19,37.3
07/04/2026 04:30:00 PM,14715.0,10.9,0.592,100,8215,98.19,37.7
07/04/2026 04:45:00 PM,14606.0,10.8,0.593,100,8204,98.18,37.2
07/04/2026 05:00:00 PM,14715.0,11.0,0.593,100,8194,98.16,35.3
07/04/2026 05:15:00 PM,14661.0,10.6,0.596,100,8189,98.15,33.7
07/04/2026 05:30:00 PM,14688.0,11.0,0.597,100,8193,98.14,34.1
07/04/2026 05:45:00 PM,14662.0,10.7,0.598,100,8189,98.14,34.3
07/04/2026 06:00:00 PM,14714.0,11.0,0.596,100,8193,98.14,34.8
07/04/2026 06:15:00 PM,14701.0,10.6,0.593,100,8189,98.11,34.9
07/04/2026 06:30:00 PM,14700.0,11.1,0.597,100,8191,98.09,35.0
07/04/2026 06:45:00 PM,14727.0,10.6,0.593,100,8190,98.07,36.0
07/04/2026 07:00:00 PM,14699.0,11.1,0.601,100,8180,98.05,35.4
07/04/2026 07:15:00 PM,14751.0,10.6,0.592,100,8170,98.08,33.6
07/04/2026 07:30:00 PM,14692.0,11.1,0.6,100,8161,98.09,31.9
07/04/2026 07:45:00 PM,14828.0,10.5,0.589,100,8157,98.09,30.7
07/04/2026 08:00:00 PM,14653.0,10.8,0.6,100,8150,98.09,29.7
07/04/2026 08:15:00 PM,14810.0,10.8,0.593,100,8147,98.12,28.8
07/04/2026 08:30:00 PM,14670.0,10.8,0.596,100,8144,98.16,28.1
07/04/2026 08:45:00 PM,14798.0,10.9,0.594,100,8139,98.21,27.3
07/04/2026 09:00:00 PM,14689.0,10.8,0.598,100,8133,98.28,25.4
07/04/2026 09:15:00 PM,14777.0,10.9,0.594,100,8133,98.36,23.2
07/04/2026 09:30:00 PM,14752.0,10.5,0.592,100,8128,98.41,21.5
07/04/2026 09:45:00 PM,14718.0,11.1,0.598,100,8126,98.42,20.6
07/04/2026 10:00:00 PM,14828.0,10.5,0.59,100,8126,98.39,20.1
07/04/2026 10:15:00 PM,14631.0,10.8,0.597,100,8123,98.39,19.8
07/04/2026 10:30:00 PM,14773.0,10.8,0.592,100,8120,98.34,19.5
07/04/2026 10:45:00 PM,14674.0,10.6,0.597,100,8119,98.27,19.3
07/04/2026 11:00:00 PM,14696.0,11.0,0.597,100,8118,98.24,19.2
07/04/2026 11:15:00 PM,14793.0,10.5,0.59,100,8116,98.21,19.2
07/04/2026 11:30:00 PM,14797.0,10.4,0.596,100,8116,98.19,19.1
07/04/2026 11:45:00 PM,14600.0,10.9,0.6,100,8117,98.17,19.1
