z6-22205,Port1,Port1,Port1,Port7,Port7,Port8,Port8
# Records: 2708,HYDROS 21 Depth/Temp/EC,HYDROS 21 Depth/Temp/EC,HYDROS 21 Depth/Temp/EC,Battery,Battery,Barometer,Barometer
Timestamps, mm Water Level, °C Water Temperature, mS/cm EC,% Battery Percent, mV Battery Voltage, kPa Reference Pressure, °C Logger Temperature
06/29/2026 07:00:00 PM,14377.0,10.7,0.598,100,8155,97.09,33.2
06/29/2026 07:15:00 PM,14383.0,10.7,0.601,100,8153,97.1,32.8
06/29/2026 07:30:00 PM,14389.0,10.8,0.598,100,8146,97.12,32.3
06/29/2026 07:45:00 PM,14394.0,10.9,0.601,100,8141,97.13,32.0
06/29/2026 08:00:00 PM,14396.0,11.0,0.6,100,8139,97.14,31.7
06/29/2026 08:15:00 PM,14397.0,11.0,0.604,100,8133,97.16,31.3
06/29/2026 08:30:00 PM,14397.0,11.1,0.6,100,8130,97.17,31.0
06/29/2026 08:45:00 PM,14396.0,11.1,0.601,100,8127,97.17,30.8
06/29/2026 09:00:00 PM,14395.0,11.1,0.6,100,8121,97.16,30.5
06/29/2026 09:15:00 PM,14392.0,11.1,0.596,100,8119,97.15,30.2
06/29/2026 09:30:00 PM,14390.0,11.1,0.598,100,8118,97.15,29.8
06/29/2026 09:45:00 PM,14385.0,11.2,0.604,100,8117,97.17,29.5
06/29/2026 10:00:00 PM,14381.0,11.2,0.603,100,8109,97.17,29.2
06/29/2026 10:15:00 PM,14377.0,11.2,0.6,100,8109,97.19,29.0
06/29/2026 10:30:00 PM,14371.0,11.2,0.598,100,8107,97.2,28.7
06/29/2026 10:45:00 PM,14365.0,11.2,0.598,100,8101,97.24,28.6
06/29/2026 11:00:00 PM,14359.0,11.2,0.6,100,8102,97.24,28.4
06/29/2026 11:15:00 PM,14340.0,11.2,0.604,100,8101,97.23,28.3
06/29/2026 11:30:00 PM,14344.0,11.2,0.601,100,8099,97.27,28.2
06/29/2026 11:45:00 PM,14361.0,11.0,0.598,100,8098,97.28,28.2
06/30/2026 12:00:00 AM,14416.0,11.0,0.596,100,8097,97.25,28.3
06/30/2026 12:15:00 AM,14471.0,10.6,0.59,100,8072,97.21,28.6
06/30/2026 12:30:00 AM,14360.0,10.4,0.594,100,8080,97.15,28.6
06/30/2026 12:45:00 AM,14393.0,10.8,0.596,100,8078,97.1,28.4
06/30/2026 01:00:00 AM,14409.0,10.6,0.59,100,8079,97.12,28.4
06/30/2026 01:15:00 AM,14296.0,10.9,0.597,100,8076,97.13,28.4
06/30/2026 01:30:00 AM,14337.0,11.1,0.601,100,8077,97.13,28.4
06/30/2026 01:45:00 AM,14343.0,11.1,0.598,100,8075,97.14,28.4
06/30/2026 02:00:00 AM,14350.0,11.2,0.598,100,8075,97.17,28.4
06/30/2026 02:15:00 AM,14352.0,11.1,0.601,100,8073,97.2,28.3
06/30/2026 02:30:00 AM,14374.0,11.2,0.605,100,8072,97.21,28.2
06/30/2026 02:45:00 AM,14347.0,11.1,0.601,100,8067,97.23,28.0
06/30/2026 03:00:00 AM,14417.0,11.2,0.598,100,8068,97.25,27.9
06/30/2026 03:15:00 AM,14340.0,11.0,0.601,100,8069,97.27,27.8
06/30/2026 03:30:00 AM,14552.0,10.8,0.593,100,8066,97.29,27.7
06/30/2026 03:45:00 AM,14546.0,10.5,0.592,100,8065,97.32,27.6
06/30/2026 04:00:00 AM,14543.0,10.4,0.596,100,8064,97.34,27.4
06/30/2026 04:15:00 AM,14539.0,10.4,0.597,100,8062,97.37,27.3
06/30/2026 04:30:00 AM,14322.0,10.6,0.601,100,8061,97.4,27.2
06/30/2026 04:45:00 AM,14326.0,11.0,0.603,100,8060,97.39,27.2
06/30/2026 05:00:00 AM,14320.0,11.1,0.6,100,8057,97.38,27.2
06/30/2026 05:15:00 AM,14311.0,11.2,0.603,100,8059,97.38,27.1
06/30/2026 05:30:00 AM,14298.0,11.1,0.598,100,8057,97.45,26.7
06/30/2026 05:45:00 AM,14280.0,11.0,0.596,100,8053,97.59,26.3
06/30/2026 06:00:00 AM,14272.0,11.0,0.6,100,8056,97.6,26.0
06/30/2026 06:15:00 AM,14262.0,10.9,0.605,100,8053,97.7,25.7
06/30/2026 06:30:00 AM,14258.0,10.9,0.604,100,8052,97.71,25.0
06/30/2026 06:45:00 AM,14257.0,10.9,0.601,100,8050,97.7,24.0
06/30/2026 07:00:00 AM,14256.0,10.8,0.603,100,8047,97.67,22.6
06/30/2026 07:15:00 AM,14255.0,10.8,0.601,100,8047,97.52,21.8
06/30/2026 07:30:00 AM,14239.0,10.8,0.6,100,8047,97.46,21.4
06/30/2026 07:45:00 AM,14294.0,10.7,0.601,100,8044,97.44,21.2
06/30/2026 08:00:00 AM,14216.0,10.8,0.597,100,8044,97.32,21.0
06/30/2026 08:15:00 AM,14399.0,10.7,0.594,100,8043,97.16,21.0
06/30/2026 08:30:00 AM,14289.0,10.5,0.59,100,8041,97.14,21.1
06/30/2026 08:45:00 AM,14241.0,10.8,0.596,100,8044,97.18,21.7
06/30/2026 09:00:00 AM,14356.0,10.6,0.592,100,8043,97.27,22.5
06/30/2026 09:15:00 AM,14352.0,10.4,0.593,100,8043,97.32,23.4
06/30/2026 09:30:00 AM,14352.0,10.4,0.596,100,8044,97.39,24.2
06/30/2026 09:45:00 AM,14151.0,10.5,0.603,100,8042,97.42,24.9
06/30/2026 10:00:00 AM,14166.0,10.9,0.597,100,8041,97.44,25.6
06/30/2026 10:15:00 AM,14173.0,11.0,0.6,100,8041,97.47,26.0
06/30/2026 10:30:00 AM,14180.0,10.9,0.601,100,8042,97.48,27.0
06/30/2026 10:45:00 AM,14187.0,10.9,0.6,100,8041,97.48,27.0
06/30/2026 11:00:00 AM,14234.0,10.8,0.6,100,8042,97.48,27.4
06/30/2026 11:15:00 AM,14201.0,10.9,0.604,100,8042,97.48,27.8
06/30/2026 11:30:00 AM,14209.0,11.0,0.598,100,8042,97.49,28.4
06/30/2026 11:45:00 AM,14215.0,11.1,0.598,100,8048,97.5,29.2
06/30/2026 12:00:00 PM,14222.0,11.2,0.601,100,8063,97.5,30.7
06/30/2026 12:15:00 PM,14227.0,11.2,0.601,100,8076,97.51,31.7
06/30/2026 12:30:00 PM,14234.0,11.2,0.601,100,8089,97.51,32.5
06/30/2026 12:45:00 PM,14240.0,11.2,0.6,100,8101,97.51,33.2
06/30/2026 01:00:00 PM,14246.0,11.3,0.603,100,8114,97.51,33.7
06/30/2026 01:15:00 PM,14251.0,11.3,0.601,100,8130,97.52,34.2
06/30/2026 01:30:00 PM,14250.0,11.3,0.598,100,8142,97.52,34.5
06/30/2026 01:45:00 PM,14237.0,11.3,0.601,100,8155,97.52,35.2
06/30/2026 02:00:00 PM,14219.0,11.3,0.598,100,8167,97.52,36.0
06/30/2026 02:15:00 PM,14216.0,11.3,0.598,100,8179,97.51,37.0
06/30/2026 02:30:00 PM,14292.0,11.0,0.597,100,8188,97.51,37.8
06/30/2026 02:45:00 PM,14164.0,11.1,0.598,100,8193,97.51,38.5
06/30/2026 03:00:00 PM,14150.0,11.3,0.605,100,8193,97.5,39.0
06/30/2026 03:15:00 PM,14224.0,11.3,0.596,100,8198,97.51,38.9
06/30/2026 03:30:00 PM,14162.0,11.0,0.604,100,8202,97.51,39.6
06/30/2026 03:45:00 PM,14148.0,11.2,0.6,100,8200,97.51,40.5
06/30/2026 04:00:00 PM,14244.0,11.3,0.597,100,8204,97.51,40.6
06/30/2026 04:15:00 PM,14179.0,11.0,0.598,100,8203,97.5,41.1
06/30/2026 04:30:00 PM,14177.0,11.3,0.601,100,8202,97.48,41.8
06/30/2026 04:45:00 PM,14183.0,11.3,0.598,100,8198,97.49,42.4
06/30/2026 05:00:00 PM,14188.0,11.3,0.6,100,8191,97.48,42.4
06/30/2026 05:15:00 PM,14190.0,11.3,0.601,100,8186,97.47,42.2
06/30/2026 05:30:00 PM,14191.0,11.3,0.597,100,8180,97.47,41.6
06/30/2026 05:45:00 PM,14192.0,11.3,0.598,100,8167,97.47,40.8
06/30/2026 06:00:00 PM,14194.0,11.3,0.597,100,8164,97.46,39.4
06/30/2026 06:15:00 PM,14225.0,11.3,0.6,100,8158,97.46,38.6
06/30/2026 06:30:00 PM,14402.0,10.9,0.594,100,8152,97.46,37.4
06/30/2026 06:45:00 PM,14403.0,10.6,0.593,100,8144,97.47,36.4
06/30/2026 07:00:00 PM,14410.0,10.5,0.596,100,8139,97.46,35.1
06/30/2026 07:15:00 PM,14403.0,10.4,0.598,100,8129,97.46,33.8
06/30/2026 07:30:00 PM,14238.0,10.8,0.605,100,8126,97.47,32.9
06/30/2026 07:45:00 PM,14438.0,10.8,0.594,100,8122,97.48,32.3
06/30/2026 08:00:00 PM,14239.0,10.8,0.604,100,8119,97.49,31.7
06/30/2026 08:15:00 PM,14415.0,10.8,0.594,100,8114,97.5,31.1
06/30/2026 08:30:00 PM,14296.0,11.0,0.603,100,8111,97.52,30.5
06/30/2026 08:45:00 PM,14371.0,10.9,0.601,100,8107,97.51,29.8
06/30/2026 09:00:00 PM,14370.0,11.2,0.601,100,8104,97.52,29.1
06/30/2026 09:15:00 PM,14318.0,10.9,0.6,100,8102,97.54,28.5
06/30/2026 09:30:00 PM,14394.0,11.1,0.598,100,8099,97.56,28.0
06/30/2026 09:45:00 PM,14240.0,11.0,0.596,100,8098,97.57,27.5
06/30/2026 10:00:00 PM,14365.0,11.0,0.592,100,8095,97.58,27.0
06/30/2026 10:15:00 PM,14255.0,11.1,0.594,100,8092,97.6,26.7
06/30/2026 10:30:00 PM,14316.0,10.8,0.594,100,8094,97.61,26.4
06/30/2026 10:45:00 PM,14270.0,11.2,0.598,100,8087,97.62,26.0
06/30/2026 11:00:00 PM,14305.0,10.8,0.593,100,8086,97.62,25.7
06/30/2026 11:15:00 PM,14303.0,11.2,0.6,100,8085,97.63,25.4
06/30/2026 11:30:00 PM,14303.0,10.8,0.594,100,8084,97.64,25.1
06/30/2026 11:45:00 PM,14336.0,11.2,0.596,100,8084,97.64,24.9
07/01/2026 12:00:00 AM,14306.0,10.8,0.594,100,8080,97.64,24.6
07/01/2026 12:15:00 AM,14365.0,11.2,0.597,100,8052,97.65,24.5
07/01/2026 12:30:00 AM,14322.0,10.8,0.596,100,8068,97.66,24.3
07/01/2026 12:45:00 AM,14377.0,11.2,0.6,100,8064,97.69,24.0
07/01/2026 01:00:00 AM,14321.0,10.8,0.597,100,8065,97.71,23.7
07/01/2026 01:15:00 AM,14408.0,11.2,0.596,100,8065,97.7,23.5
07/01/2026 01:30:00 AM,14343.0,10.8,0.598,100,8063,97.71,23.4
07/01/2026 01:45:00 AM,14431.0,11.2,0.598,100,8063,97.7,23.2
07/01/2026 02:00:00 AM,14395.0,10.7,0.597,100,8061,97.71,23.0
07/01/2026 02:15:00 AM,14428.0,11.2,0.6,100,8061,97.69,22.9
07/01/2026 02:30:00 AM,14476.0,10.6,0.592,100,8060,97.66,22.9
07/01/2026 02:45:00 AM,14400.0,11.2,0.603,100,8060,97.65,22.9
07/01/2026 03:00:00 AM,14546.0,10.7,0.59,100,8059,97.61,22.8
07/01/2026 03:15:00 AM,14382.0,11.1,0.607,100,8057,97.57,22.6
07/01/2026 03:30:00 AM,14589.0,10.8,0.592,100,8057,97.55,22.4
07/01/2026 03:45:00 AM,14429.0,10.9,0.604,100,8054,97.55,22.3
07/01/2026 04:00:00 AM,14569.0,11.0,0.594,100,8057,97.55,22.3
07/01/2026 04:15:00 AM,14498.0,10.7,0.596,100,8055,97.6,22.3
07/01/2026 04:30:00 AM,14525.0,11.2,0.6,100,8054,97.61,22.4
07/01/2026 04:45:00 AM,14579.0,10.6,0.592,100,8054,97.56,22.4
07/01/2026 05:00:00 AM,14433.0,11.2,0.603,100,8054,97.56,22.5
07/01/2026 05:15:00 AM,14624.0,10.8,0.592,100,8053,97.57,22.6
07/01/2026 05:30:00 AM,14617.0,10.4,0.593,100,8051,97.57,22.6
07/01/2026 05:45:00 AM,14614.0,10.4,0.597,100,8050,97.54,22.6
07/01/2026 06:00:00 AM,14503.0,10.5,0.6,100,8050,97.7,22.7
07/01/2026 06:15:00 AM,14491.0,11.0,0.603,100,8050,97.8,22.9
07/01/2026 06:30:00 AM,14523.0,10.6,0.594,100,8050,97.87,22.7
07/01/2026 06:45:00 AM,14466.0,11.1,0.601,100,8049,97.85,21.8
07/01/2026 07:00:00 AM,14540.0,10.6,0.594,100,8046,97.73,20.8
07/01/2026 07:15:00 AM,14490.0,11.2,0.603,100,8046,97.63,20.1
07/01/2026 07:30:00 AM,14545.0,10.7,0.596,100,8044,97.63,19.7
07/01/2026 07:45:00 AM,14514.0,11.2,0.6,100,8044,97.67,19.5
07/01/2026 08:00:00 AM,14594.0,10.6,0.589,100,8044,97.93,19.4
07/01/2026 08:15:00 AM,14450.0,11.2,0.605,100,8044,97.98,19.3
07/01/2026 08:30:00 AM,14637.0,10.7,0.59,100,8042,97.95,19.4
07/01/2026 08:45:00 AM,14512.0,10.7,0.598,100,8043,97.76,19.5
07/01/2026 09:00:00 AM,14591.0,11.1,0.598,100,8040,97.79,19.6
07/01/2026 09:15:00 AM,14533.0,10.7,0.594,100,8038,97.78,19.9
07/01/2026 09:30:00 AM,14542.0,11.1,0.6,100,8040,97.81,20.2
07/01/2026 09:45:00 AM,14536.0,10.6,0.593,100,8047,97.83,20.6
07/01/2026 10:00:00 AM,14463.0,11.1,0.6,100,8044,97.89,20.6
07/01/2026 10:15:00 AM,14480.0,10.8,0.596,100,8042,97.83,20.2
07/01/2026 10:30:00 AM,14510.0,11.2,0.598,100,8042,97.75,19.7
07/01/2026 10:45:00 AM,14505.0,10.7,0.596,100,8041,97.74,19.6
07/01/2026 11:00:00 AM,14516.0,11.1,0.6,100,8041,97.71,19.8
07/01/2026 11:15:00 AM,14628.0,10.6,0.59,100,8041,97.68,20.3
07/01/2026 11:30:00 AM,14468.0,10.7,0.597,100,8042,97.63,20.8
07/01/2026 11:45:00 AM,14608.0,10.9,0.596,100,8047,97.64,21.8
07/01/2026 12:00:00 PM,14476.0,10.9,0.6,100,8054,97.66,22.9
07/01/2026 12:15:00 PM,14623.0,11.0,0.596,100,8056,97.69,23.3
07/01/2026 12:30:00 PM,14465.0,11.0,0.604,100,8065,97.72,24.1
07/01/2026 12:45:00 PM,14601.0,10.9,0.594,100,8074,97.7,25.2
07/01/2026 01:00:00 PM,14526.0,11.2,0.601,100,8076,97.69,25.7
07/01/2026 01:15:00 PM,14570.0,10.8,0.6,100,8085,97.67,26.1
07/01/2026 01:30:00 PM,14597.0,11.2,0.597,100,8092,97.64,26.8
07/01/2026 01:45:00 PM,14566.0,10.8,0.59,100,8106,97.64,27.6
07/01/2026 02:00:00 PM,14620.0,11.1,0.597,100,8120,97.65,28.7
07/01/2026 02:15:00 PM,14494.0,11.1,0.601,100,8141,97.66,30.1
07/01/2026 02:30:00 PM,14667.0,10.8,0.593,100,8155,97.65,31.7
07/01/2026 02:45:00 PM,14549.0,11.2,0.603,100,8170,97.67,32.8
07/01/2026 03:00:00 PM,14631.0,10.8,0.597,100,8183,97.67,33.4
07/01/2026 03:15:00 PM,14599.0,11.2,0.6,100,8196,97.68,34.4
07/01/2026 03:30:00 PM,14598.0,10.8,0.597,100,8202,97.68,35.4
07/01/2026 03:45:00 PM,14650.0,11.1,0.597,100,8211,97.68,36.2
07/01/2026 04:00:00 PM,14566.0,11.0,0.601,100,8218,97.68,37.1
07/01/2026 04:15:00 PM,14698.0,11.0,0.594,100,8223,97.7,37.3
07/01/2026 04:30:00 PM,14518.0,11.1,0.605,100,8220,97.71,37.9
07/01/2026 04:45:00 PM,14667.0,10.8,0.593,100,8220,97.73,37.8
07/01/2026 05:00:00 PM,14447.0,11.2,0.6,100,8220,97.73,37.9
07/01/2026 05:15:00 PM,14582.0,10.9,0.597,100,8221,97.73,38.1
07/01/2026 05:30:00 PM,14557.0,11.2,0.594,100,8219,97.72,38.3
07/01/2026 05:45:00 PM,14490.0,10.9,0.596,100,8214,97.74,38.0
07/01/2026 06:00:00 PM,14584.0,11.1,0.597,100,8208,97.75,37.4
07/01/2026 06:15:00 PM,14411.0,11.0,0.6,100,8196,97.77,36.1
07/01/2026 06:30:00 PM,14574.0,11.0,0.593,100,8184,97.76,33.9
07/01/2026 06:45:00 PM,14463.0,11.2,0.6,100,8177,97.77,32.5
07/01/2026 07:00:00 PM,14533.0,10.9,0.592,100,8170,97.78,31.0
07/01/2026 07:15:00 PM,14528.0,11.2,0.6,100,8162,97.78,30.1
07/01/2026 07:30:00 PM,14483.0,10.9,0.6,100,8160,97.75,29.8
07/01/2026 07:45:00 PM,14588.0,11.1,0.597,100,8154,97.76,29.4
07/01/2026 08:00:00 PM,14446.0,11.1,0.603,100,8150,97.73,28.7
07/01/2026 08:15:00 PM,14593.0,11.0,0.594,100,8148,97.74,28.1
07/01/2026 08:30:00 PM,14489.0,11.2,0.604,100,8142,97.72,27.6
07/01/2026 08:45:00 PM,14576.0,10.8,0.594,100,8139,97.71,27.2
07/01/2026 09:00:00 PM,14547.0,11.2,0.6,100,8139,97.7,26.9
07/01/2026 09:15:00 PM,14550.0,10.8,0.596,100,8133,97.69,26.7
07/01/2026 09:30:00 PM,14604.0,11.2,0.597,100,8135,97.71,26.3
07/01/2026 09:45:00 PM,14534.0,10.9,0.598,100,8130,97.73,25.9
07/01/2026 10:00:00 PM,14644.0,11.1,0.596,100,8128,97.74,25.3
07/01/2026 10:15:00 PM,14519.0,11.0,0.604,100,8125,97.76,25.0
07/01/2026 10:30:00 PM,14682.0,11.0,0.594,100,8124,97.79,24.8
07/01/2026 10:45:00 PM,14504.0,11.0,0.598,100,8122,97.81,24.7
07/01/2026 11:00:00 PM,14703.0,10.8,0.592,100,8119,97.77,24.5
07/01/2026 11:15:00 PM,14531.0,11.1,0.605,100,8117,97.78,24.3
07/01/2026 11:30:00 PM,14730.0,10.8,0.59,100,8114,97.79,23.9
07/01/2026 11:45:00 PM,14525.0,11.0,0.603,100,8114,97.8,23.6
07/02/2026 12:00:00 AM,14741.0,10.8,0.592,100,8112,97.8,23.2
07/02/2026 12:15:00 AM,14536.0,11.0,0.601,100,8101,97.8,23.1
07/02/2026 12:30:00 AM,14752.0,10.8,0.59,100,8099,97.81,22.8
07/02/2026 12:45:00 AM,14652.0,10.6,0.596,100,8098,97.83,22.4
07/02/2026 01:00:00 AM,14651.0,11.1,0.597,100,8100,97.81,22.2
07/02/2026 01:15:00 AM,14765.0,10.5,0.59,100,8095,97.77,21.9
07/02/2026 01:30:00 AM,14614.0,10.7,0.6,100,8093,97.78,21.7
07/02/2026 01:45:00 AM,14720.0,10.9,0.594,100,8095,97.84,21.6
07/02/2026 02:00:00 AM,14718.0,10.5,0.589,100,8093,97.85,21.4
07/02/2026 02:15:00 AM,14633.0,11.1,0.603,100,8092,97.85,21.3
07/02/2026 02:30:00 AM,14788.0,10.6,0.59,100,8090,97.88,21.1
07/02/2026 02:45:00 AM,14678.0,10.6,0.598,100,8089,97.9,21.0
07/02/2026 03:00:00 AM,14706.0,11.0,0.597,100,8089,97.89,20.8
07/02/2026 03:15:00 AM,14805.0,10.5,0.59,100,8088,97.88,20.7
07/02/2026 03:30:00 AM,14603.0,10.9,0.604,100,8088,97.89,20.6
07/02/2026 03:45:00 AM,14821.0,10.7,0.59,100,8084,97.88,20.4
07/02/2026 04:00:00 AM,14724.0,10.5,0.594,100,8086,97.88,20.3
07/02/2026 04:15:00 AM,14726.0,11.0,0.598,100,8086,97.88,20.2
07/02/2026 04:30:00 AM,14841.0,10.5,0.59,100,8084,97.84,20.1
07/02/2026 04:45:00 AM,14843.0,10.4,0.596,100,8083,97.85,20.0
07/02/2026 05:00:00 AM,14653.0,10.8,0.601,100,8082,97.9,20.0
07/02/2026 05:15:00 AM,14843.0,10.7,0.594,100,8082,97.92,20.0
07/02/2026 05:30:00 AM,14857.0,10.4,0.593,100,8081,97.93,20.0
07/02/2026 05:45:00 AM,14696.0,10.7,0.604,100,8078,97.93,20.1
07/02/2026 06:00:00 AM,14834.0,10.8,0.596,100,8080,97.92,20.2
07/02/2026 06:15:00 AM,14877.0,10.4,0.592,100,8076,97.9,20.2
07/02/2026 06:30:00 AM,14728.0,10.6,0.601,100,8077,97.87,20.2
07/02/2026 06:45:00 AM,14834.0,10.8,0.598,100,8074,97.88,20.2
07/02/2026 07:00:00 AM,14881.0,10.4,0.592,100,8076,97.92,20.4
07/02/2026 07:15:00 AM,14709.0,10.7,0.601,100,8075,97.97,20.7
07/02/2026 07:30:00 AM,14834.0,10.7,0.593,100,8076,97.98,21.1
07/02/2026 07:45:00 AM,14807.0,10.4,0.596,100,8075,97.98,21.6
07/02/2026 08:00:00 AM,14711.0,11.0,0.597,100,8073,98.0,22.3
07/02/2026 08:15:00 AM,14855.0,10.5,0.59,100,8073,97.98,23.1
07/02/2026 08:30:00 AM,14656.0,10.8,0.601,100,8075,97.99,23.8
07/02/2026 08:45:00 AM,14833.0,10.7,0.592,100,8073,97.98,24.2
07/02/2026 09:00:00 AM,14683.0,10.7,0.6,100,8073,98.0,24.4
07/02/2026 09:15:00 AM,14776.0,10.9,0.596,100,8071,98.03,24.4
07/02/2026 09:30:00 AM,14675.0,10.7,0.6,100,8071,98.09,24.2
07/02/2026 09:45:00 AM,14733.0,10.9,0.596,100,8070,98.18,24.0
07/02/2026 10:00:00 AM,14784.0,10.4,0.59,100,8069,98.18,23.8
07/02/2026 10:15:00 AM,14628.0,10.7,0.601,100,8068,98.02,23.7
07/02/2026 10:30:00 AM,14718.0,10.9,0.597,100,8068,97.95,23.6
07/02/2026 10:45:00 AM,14721.0,10.4,0.592,100,8064,98.05,23.8
07/02/2026 11:00:00 AM,14511.0,10.9,0.605,100,8065,98.05,24.2
07/02/2026 11:15:00 AM,14690.0,10.7,0.592,100,8072,97.97,25.0
07/02/2026 11:30:00 AM,14503.0,10.7,0.594,100,8073,97.98,26.0
07/02/2026 11:45:00 AM,14599.0,10.9,0.594,100,8077,98.03,26.7
07/02/2026 12:00:00 PM,14563.0,10.5,0.593,100,8088,98.07,27.8
07/02/2026 12:15:00 PM,14538.0,11.0,0.601,100,8094,98.1,28.1
07/02/2026 12:30:00 PM,14570.0,10.7,0.596,100,8091,98.12,27.8
07/02/2026 12:45:00 PM,14571.0,11.1,0.6,100,8086,98.18,26.9
07/02/2026 01:00:00 PM,14560.0,10.8,0.596,100,8086,98.25,26.0
07/02/2026 01:15:00 PM,14619.0,11.0,0.6,100,8082,98.28,25.0
07/02/2026 01:30:00 PM,14710.0,10.5,0.59,100,8081,98.26,24.2
07/02/2026 01:45:00 PM,14513.0,10.9,0.603,100,8078,98.26,23.7
07/02/2026 02:00:00 PM,14746.0,10.7,0.592,100,8079,98.06,23.5
07/02/2026 02:15:00 PM,14760.0,10.4,0.593,100,8080,97.92,23.8
07/02/2026 02:30:00 PM,14601.0,10.7,0.601,100,8082,97.92,24.2
07/02/2026 02:45:00 PM,14742.0,10.8,0.592,100,8092,98.01,25.0
07/02/2026 03:00:00 PM,14785.0,10.4,0.592,100,8097,98.01,26.0
07/02/2026 03:15:00 PM,14591.0,10.9,0.605,100,8109,97.95,26.7
07/02/2026 03:30:00 PM,14812.0,10.7,0.592,100,8119,97.94,27.1
07/02/2026 03:45:00 PM,14740.0,10.5,0.593,100,8142,97.94,28.2
07/02/2026 04:00:00 PM,14698.0,11.0,0.6,100,8152,97.93,30.2
07/02/2026 04:15:00 PM,14738.0,10.6,0.596,100,8166,97.93,31.2
07/02/2026 04:30:00 PM,14737.0,11.0,0.598,100,8177,97.94,32.3
07/02/2026 04:45:00 PM,14736.0,10.6,0.596,100,8171,97.99,32.5
07/02/2026 05:00:00 PM,14762.0,11.0,0.596,100,8166,98.02,31.6
07/02/2026 05:15:00 PM,14792.0,10.5,0.589,100,8163,98.0,30.1
07/02/2026 05:30:00 PM,14734.0,11.0,0.6,100,8155,97.99,28.9
07/02/2026 05:45:00 PM,14860.0,10.5,0.589,100,8150,98.0,28.3
07/02/2026 06:00:00 PM,14704.0,10.7,0.603,100,8151,97.99,27.9
07/02/2026 06:15:00 PM,14767.0,10.9,0.596,100,8164,97.98,29.5
07/02/2026 06:30:00 PM,14823.0,10.4,0.59,100,8167,97.99,31.1
07/02/2026 06:45:00 PM,14699.0,10.6,0.597,100,8167,97.95,31.4
07/02/2026 07:00:00 PM,14754.0,10.9,0.598,100,8166,97.96,31.3
07/02/2026 07:15:00 PM,14809.0,10.4,0.589,100,8161,97.98,30.6
07/02/2026 07:30:00 PM,14664.0,11.0,0.601,100,8157,97.99,29.8
07/02/2026 07:45:00 PM,14788.0,10.6,0.596,100,8154,98.01,28.9
07/02/2026 08:00:00 PM,14697.0,11.1,0.598,100,8147,98.01,28.0
07/02/2026 08:15:00 PM,14844.0,10.5,0.589,100,8144,98.01,27.1
07/02/2026 08:30:00 PM,14648.0,10.9,0.601,100,8140,98.02,26.4
07/02/2026 08:45:00 PM,14826.0,10.7,0.592,100,8140,98.05,25.6
07/02/2026 09:00:00 PM,14777.0,10.4,0.593,100,8134,98.05,24.8
07/02/2026 09:15:00 PM,14695.0,11.0,0.601,100,8132,98.08,24.2
07/02/2026 09:30:00 PM,14843.0,10.5,0.59,100,8129,98.11,23.8
07/02/2026 09:45:00 PM,14801.0,10.4,0.594,100,8130,98.13,23.4
07/02/2026 10:00:00 PM,14688.0,11.0,0.6,100,8126,98.16,23.0
07/02/2026 10:15:00 PM,14858.0,10.5,0.59,100,8126,98.15,22.6
07/02/2026 10:30:00 PM,14791.0,10.4,0.597,100,8125,98.18,22.3
07/02/2026 10:45:00 PM,14689.0,11.0,0.604,100,8120,98.18,22.0
07/02/2026 11:00:00 PM,14825.0,10.5,0.59,100,8121,98.19,21.8
07/02/2026 11:15:00 PM,14689.0,10.5,0.597,100,8117,98.26,21.8
07/02/2026 11:30:00 PM,14696.0,11.0,0.597,100,8114,98.28,21.9
07/02/2026 11:45:00 PM,14778.0,10.5,0.589,100,8113,98.28,21.9
07/03/2026 12:00:00 AM,14680.0,10.4,0.594,100,8113,98.24,22.0
07/03/2026 12:15:00 AM,14640.0,11.0,0.604,100,8086,98.15,22.2
07/03/2026 12:30:00 AM,14761.0,10.5,0.589,100,8096,98.08,22.1
07/03/2026 12:45:00 AM,14745.0,10.4,0.593,100,8097,98.06,22.0
07/03/2026 01:00:00 AM,14575.0,10.8,0.601,100,8097,97.99,22.0
07/03/2026 01:15:00 AM,14782.0,10.6,0.592,100,8095,97.9,21.8
07/03/2026 01:30:00 AM,14722.0,10.4,0.593,100,8094,97.86,21.6
07/03/2026 01:45:00 AM,14630.0,11.0,0.6,100,8093,97.84,21.3
07/03/2026 02:00:00 AM,14778.0,10.5,0.59,100,8092,97.82,21.0
07/03/2026 02:15:00 AM,14737.0,10.4,0.594,100,8092,97.86,20.8
07/03/2026 02:30:00 AM,14582.0,10.9,0.601,100,8094,97.91,20.6
07/03/2026 02:45:00 AM,14752.0,10.6,0.59,100,8089,97.96,20.5
07/03/2026 03:00:00 AM,14743.0,10.4,0.593,100,8088,97.93,20.4
07/03/2026 03:15:00 AM,14719.0,10.4,0.596,100,8086,97.94,20.3
07/03/2026 03:30:00 AM,14531.0,10.8,0.603,100,8085,98.0,20.2
07/03/2026 03:45:00 AM,14720.0,10.6,0.592,100,8083,98.0,20.2
07/03/2026 04:00:00 AM,14707.0,10.4,0.592,100,8085,98.04,20.2
07/03/2026 04:15:00 AM,14583.0,10.5,0.598,100,8083,98.07,20.3
07/03/2026 04:30:00 AM,14595.0,10.9,0.6,100,8083,98.1,20.3
07/03/2026 04:45:00 AM,14681.0,10.5,0.59,100,8082,98.08,20.4
07/03/2026 05:00:00 AM,14671.0,10.4,0.594,100,8082,98.06,20.4
07/03/2026 05:15:00 AM,14449.0,10.7,0.604,100,8080,98.09,20.4
07/03/2026 05:30:00 AM,14655.0,10.7,0.594,100,8080,98.14,20.4
07/03/2026 05:45:00 AM,14638.0,10.4,0.592,100,8078,98.16,20.4
07/03/2026 06:00:00 AM,14557.0,10.4,0.596,100,8078,98.16,20.4
07/03/2026 06:15:00 AM,14488.0,10.8,0.603,100,8079,98.16,20.5
07/03/2026 06:30:00 AM,14613.0,10.5,0.59,100,8076,98.2,20.5
07/03/2026 06:45:00 AM,14599.0,10.4,0.594,100,8076,98.25,20.5
07/03/2026 07:00:00 AM,14399.0,10.6,0.6,100,8076,98.27,20.4
07/03/2026 07:15:00 AM,14579.0,10.8,0.594,100,8076,98.3,20.4
07/03/2026 07:30:00 AM,14582.0,10.4,0.592,100,8076,98.31,20.4
07/03/2026 07:45:00 AM,14579.0,10.4,0.597,100,8073,98.29,20.4
07/03/2026 08:00:00 AM,14532.0,10.3,0.6,100,8073,98.26,20.4
07/03/2026 08:15:00 AM,14417.0,10.7,0.604,100,8074,98.22,20.4
07/03/2026 08:30:00 AM,14582.0,10.6,0.593,100,8069,98.18,20.6
07/03/2026 08:45:00 AM,14577.0,10.4,0.593,100,8069,98.16,20.7
07/03/2026 09:00:00 AM,14503.0,10.4,0.598,100,8070,98.16,20.9
07/03/2026 09:15:00 AM,14439.0,10.8,0.601,100,8069,98.2,21.2
07/03/2026 09:30:00 AM,14570.0,10.5,0.59,100,8069,98.22,21.4
07/03/2026 09:45:00 AM,14565.0,10.4,0.594,100,8068,98.23,21.4
07/03/2026 10:00:00 AM,14360.0,10.7,0.605,100,8067,98.21,21.6
07/03/2026 10:15:00 AM,14573.0,10.7,0.594,100,8069,98.17,21.8
07/03/2026 10:30:00 AM,14567.0,10.4,0.592,100,8073,98.13,22.1
07/03/2026 10:45:00 AM,14479.0,10.4,0.597,100,8071,98.12,22.3
07/03/2026 11:00:00 AM,14437.0,10.8,0.6,100,8071,98.14,22.3
07/03/2026 11:15:00 AM,14546.0,10.5,0.59,100,8076,98.16,22.5
07/03/2026 11:30:00 AM,14532.0,10.4,0.594,100,8079,98.16,23.2
07/03/2026 11:45:00 AM,14334.0,10.6,0.603,100,8082,98.16,23.8
07/03/2026 12:00:00 PM,14504.0,10.8,0.596,100,8085,98.18,24.5
07/03/2026 12:15:00 PM,14502.0,10.4,0.592,100,8093,98.19,25.2
07/03/2026 12:30:00 PM,14334.0,10.5,0.6,100,8098,98.18,26.2
07/03/2026 12:45:00 PM,14458.0,10.8,0.598,100,8116,98.18,27.4
07/03/2026 01:00:00 PM,14484.0,10.4,0.59,100,8130,98.17,28.8
07/03/2026 01:15:00 PM,14315.0,10.5,0.597,100,8152,98.17,30.3
07/03/2026 01:30:00 PM,14399.0,10.8,0.598,100,8167,98.17,31.8
07/03/2026 01:45:00 PM,14428.0,10.5,0.59,100,8174,98.17,32.5
07/03/2026 02:00:00 PM,14239.0,10.6,0.593,100,8184,98.16,32.3
07/03/2026 02:15:00 PM,14397.0,10.8,0.594,100,8198,98.15,33.3
07/03/2026 02:30:00 PM,14422.0,10.5,0.59,100,8207,98.14,34.4
07/03/2026 02:45:00 PM,14253.0,10.6,0.594,100,8215,98.13,35.2
07/03/2026 03:00:00 PM,14411.0,10.8,0.598,100,8221,98.13,35.9
07/03/2026 03:15:00 PM,14345.0,10.5,0.59,100,8231,98.14,36.3
07/03/2026 03:30:00 PM,14346.0,10.9,0.597,100,8234,98.16,37.3
07/03/2026 03:45:00 PM,14386.0,10.6,0.59,100,8237,98.18,38.1
07/03/2026 04:00:00 PM,14331.0,11.0,0.594,100,8237,98.19,38.6
07/03/2026 04:15:00 PM,14429.0,10.6,0.592,100,8235,98.16,39.2
07/03/2026 04:30:00 PM,14318.0,10.9,0.597,100,8232,98.16,39.5
07/03/2026 04:45:00 PM,14485.0,10.7,0.592,100,8232,98.16,39.4
07/03/2026 05:00:00 PM,14297.0,10.7,0.594,100,8228,98.17,39.8
07/03/2026 05:15:00 PM,14486.0,10.9,0.594,100,8223,98.16,40.1
07/03/2026 05:30:00 PM,14416.0,10.5,0.592,100,8216,98.14,39.8
07/03/2026 05:45:00 PM,14389.0,11.0,0.601,100,8215,98.13,40.1
07/03/2026 06:00:00 PM,14513.0,10.6,0.59,100,8205,98.12,39.9
07/03/2026 06:15:00 PM,14313.0,10.8,0.6,100,8200,98.11,39.3
07/03/2026 06:30:00 PM,14529.0,10.8,0.594,100,8193,98.08,38.5
07/03/2026 06:45:00 PM,14337.0,10.8,0.598,100,8185,98.07,38.2
07/03/2026 07:00:00 PM,14523.0,10.9,0.596,100,8174,98.09,36.6
07/03/2026 07:15:00 PM,14410.0,10.6,0.594,100,8162,98.08,34.5
07/03/2026 07:30:00 PM,14463.0,11.0,0.601,100,8156,98.07,32.7
07/03/2026 07:45:00 PM,14503.0,10.5,0.589,100,8152,98.05,31.2
07/03/2026 08:00:00 PM,14387.0,11.0,0.601,100,8143,98.05,30.1
07/03/2026 08:15:00 PM,14515.0,10.7,0.592,100,8139,98.06,29.2
07/03/2026 08:30:00 PM,14385.0,11.0,0.601,100,8137,98.07,28.5
07/03/2026 08:45:00 PM,14501.0,10.8,0.594,100,8131,98.07,27.8
07/03/2026 09:00:00 PM,14411.0,11.0,0.604,100,8129,98.08,27.1
07/03/2026 09:15:00 PM,14560.0,10.7,0.59,100,8126,98.1,26.4
07/03/2026 09:30:00 PM,14420.0,10.6,0.598,100,8125,98.11,25.8
07/03/2026 09:45:00 PM,14495.0,11.0,0.598,100,8122,98.12,25.3
07/03/2026 10:00:00 PM,14561.0,10.5,0.589,100,8120,98.15,24.9
07/03/2026 10:15:00 PM,14391.0,10.6,0.6,100,8117,98.15,24.4
07/03/2026 10:30:00 PM,14509.0,10.9,0.597,100,8115,98.14,24.0
07/03/2026 10:45:00 PM,14424.0,10.5,0.592,100,8114,98.15,23.7
07/03/2026 11:00:00 PM,14400.0,11.0,0.596,100,8114,98.15,23.4
07/03/2026 11:15:00 PM,14486.0,10.6,0.59,100,8110,98.17,23.1
07/03/2026 11:30:00 PM,14350.0,10.5,0.594,100,8111,98.18,22.9
07/03/2026 11:45:00 PM,14353.0,11.0,0.596,100,8110,98.2,22.8
07/04/2026 12:00:00 AM,14419.0,10.6,0.59,100,8105,98.22,22.6
07/04/2026 12:15:00 AM,14241.0,10.8,0.594,100,8081,98.22,22.6
07/04/2026 12:30:00 AM,14435.0,10.8,0.594,100,8091,98.24,22.6
07/04/2026 12:45:00 AM,14405.0,10.5,0.592,100,8091,98.25,22.4
07/04/2026 01:00:00 AM,14267.0,10.8,0.597,100,8092,98.24,22.3
07/04/2026 01:15:00 AM,14451.0,10.8,0.592,100,8092,98.23,22.0
07/04/2026 01:30:00 AM,14363.0,10.5,0.596,100,8086,98.22,21.6
07/04/2026 01:45:00 AM,14373.0,11.0,0.601,100,8087,98.21,21.4
07/04/2026 02:00:00 AM,14491.0,10.6,0.59,100,8086,98.22,21.2
07/04/2026 02:15:00 AM,14372.0,10.6,0.6,100,8085,98.22,21.0
07/04/2026 02:30:00 AM,14464.0,11.0,0.596,100,8085,98.24,20.8
07/04/2026 02:45:00 AM,14543.0,10.5,0.59,100,8083,98.25,20.7
07/04/2026 03:00:00 AM,14400.0,10.6,0.603,100,8082,98.24,20.5
07/04/2026 03:15:00 AM,14539.0,10.9,0.597,100,8080,98.23,20.2
07/04/2026 03:30:00 AM,14596.0,10.4,0.592,100,8078,98.23,20.0
07/04/2026 03:45:00 AM,14612.0,10.4,0.597,100,8079,98.19,19.8
07/04/2026 04:00:00 AM,14436.0,10.8,0.603,100,8079,98.18,19.7
07/04/2026 04:15:00 AM,14635.0,10.8,0.594,100,8076,98.18,19.7
07/04/2026 04:30:00 AM,14657.0,10.4,0.592,100,8078,98.18,19.7
07/04/2026 04:45:00 AM,14611.0,10.4,0.6,100,8077,98.19,19.7
07/04/2026 05:00:00 AM,14533.0,10.9,0.605,100,8076,98.19,19.7
07/04/2026 05:15:00 AM,14695.0,10.5,0.592,100,8077,98.18,19.6
07/04/2026 05:30:00 AM,14701.0,10.4,0.594,100,8075,98.19,19.6
07/04/2026 05:45:00 AM,14581.0,10.5,0.601,100,8075,98.21,19.4
07/04/2026 06:00:00 AM,14639.0,10.9,0.6,100,8072,98.23,19.3
07/04/2026 06:15:00 AM,14724.0,10.4,0.59,100,8071,98.23,19.2
07/04/2026 06:30:00 AM,14728.0,10.4,0.596,100,8069,98.25,19.2
07/04/2026 06:45:00 AM,14650.0,10.4,0.598,100,8070,98.26,19.3
07/04/2026 07:00:00 AM,14624.0,10.9,0.604,100,8069,98.27,19.5
07/04/2026 07:15:00 AM,14750.0,10.4,0.59,100,8069,98.3,19.7
07/04/2026 07:30:00 AM,14754.0,10.4,0.596,100,8070,98.3,19.9
07/04/2026 07:45:00 AM,14634.0,10.5,0.598,100,8069,98.32,20.1
07/04/2026 08:00:00 AM,14687.0,10.8,0.6,100,8068,98.33,20.4
07/04/2026 08:15:00 AM,14771.0,10.4,0.59,100,8068,98.31,20.8
07/04/2026 08:30:00 AM,14737.0,10.4,0.596,100,8066,98.32,21.2
07/04/2026 08:45:00 AM,14611.0,10.9,0.603,100,8069,98.34,21.7
07/04/2026 09:00:00 AM,14786.0,10.5,0.59,100,8067,98.35,22.2
07/04/2026 09:15:00 AM,14787.0,10.4,0.594,100,8069,98.35,22.6
07/04/2026 09:30:00 AM,14626.0,10.6,0.604,100,8066,98.35,22.9
07/04/2026 09:45:00 AM,14760.0,10.7,0.596,100,8064,98.34,23.4
07/04/2026 10:00:00 AM,14757.0,10.4,0.593,100,8066,98.34,23.8
07/04/2026 10:15:00 AM,14643.0,10.9,0.603,100,8065,98.32,24.1
07/04/2026 10:30:00 AM,14810.0,10.5,0.59,100,8064,98.31,24.9
07/04/2026 10:45:00 AM,14674.0,10.6,0.596,100,8068,98.29,25.2
07/04/2026 11:00:00 AM,14751.0,10.8,0.597,100,8068,98.29,25.6
07/04/2026 11:15:00 AM,14817.0,10.4,0.59,100,8067,98.29,26.0
07/04/2026 11:30:00 AM,14729.0,10.5,0.596,100,8069,98.3,26.4
07/04/2026 11:45:00 AM,14691.0,10.9,0.601,100,8075,98.31,26.9
07/04/2026 12:00:00 PM,14794.0,10.4,0.59,100,8086,98.31,28.3
07/04/2026 12:15:00 PM,14639.0,10.5,0.598,100,8098,98.3,29.9
07/04/2026 12:30:00 PM,14663.0,10.9,0.603,100,8114,98.3,30.9
07/04/2026 12:45:00 PM,14712.0,10.4,0.59,100,8125,98.3,31.7
07/04/2026 01:00:00 PM,14526.0,10.6,0.596,100,8140,98.3,32.2
07/04/2026 01:15:00 PM,14612.0,10.9,0.598,100,8157,98.29,32.6
07/04/2026 01:30:00 PM,14494.0,10.7,0.598,100,8164,98.27,33.4
07/04/2026 01:45:00 PM,14600.0,10.9,0.596,100,8173,98.27,33.9
07/04/2026 02:00:00 PM,14585.0,10.5,0.59,100,8190,98.25,34.5
07/04/2026 02:15:00 PM,14532.0,11.0,0.601,100,8199,98.23,35.3
07/04/2026 02:30:00 PM,14679.0,10.6,0.589,100,8207,98.21,35.8
07/04/2026 02:45:00 PM,14521.0,10.7,0.603,100,8215,98.21,36.4
07/04/2026 03:00:00 PM,14660.0,10.9,0.596,100,8217,98.22,36.8
07/04/2026 03:15:00 PM,14568.0,10.7,0.601,100,8218,98.21,37.0
07/04/2026 03:30:00 PM,14652.0,11.0,0.594,100,8219,98.2,37.1
07/04/2026 03:45:00 PM,14547.0,10.9,0.6,100,8224,98.2,37.5
07/04/2026 04:00:00 PM,14709.0,10.8,0.593,100,8215,98.2,37.8
07/04/2026 04:15:00 PM,14572.0,10.8,0.6,100,8218,98.19,37.3
07/04/2026 04:30:00 PM,14715.0,10.9,0.592,100,8215,98.19,37.7
07/04/2026 04:45:00 PM,14606.0,10.8,0.593,100,8204,98.18,37.2
07/04/2026 05:00:00 PM,14715.0,11.0,0.593,100,8194,98.16,35.3
07/04/2026 05:15:00 PM,14661.0,10.6,0.596,100,8189,98.15,33.7
07/04/2026 05:30:00 PM,14688.0,11.0,0.597,100,8193,98.14,34.1
07/04/2026 05:45:00 PM,14662.0,10.7,0.598,100,8189,98.14,34.3
07/04/2026 06:00:00 PM,14714.0,11.0,0.596,100,8193,98.14,34.8
07/04/2026 06:15:00 PM,14701.0,10.6,0.593,100,8189,98.11,34.9
07/04/2026 06:30:00 PM,14700.0,11.1,0.597,100,8191,98.09,35.0
07/04/2026 06:45:00 PM,14727.0,10.6,0.593,100,8190,98.07,36.0
07/04/2026 07:00:00 PM,14699.0,11.1,0.601,100,8180,98.05,35.4
07/04/2026 07:15:00 PM,14751.0,10.6,0.592,100,8170,98.08,33.6
07/04/2026 07:30:00 PM,14692.0,11.1,0.6,100,8161,98.09,31.9
07/04/2026 07:45:00 PM,14828.0,10.5,0.589,100,8157,98.09,30.7
07/04/2026 08:00:00 PM,14653.0,10.8,0.6,100,8150,98.09,29.7
07/04/2026 08:15:00 PM,14810.0,10.8,0.593,100,8147,98.12,28.8
07/04/2026 08:30:00 PM,14670.0,10.8,0.596,100,8144,98.16,28.1
07/04/2026 08:45:00 PM,14798.0,10.9,0.594,100,8139,98.21,27.3
07/04/2026 09:00:00 PM,14689.0,10.8,0.598,100,8133,98.28,25.4
07/04/2026 09:15:00 PM,14777.0,10.9,0.594,100,8133,98.36,23.2
07/04/2026 09:30:00 PM,14752.0,10.5,0.592,100,8128,98.41,21.5
07/04/2026 09:45:00 PM,14718.0,11.1,0.598,100,8126,98.42,20.6
07/04/2026 10:00:00 PM,14828.0,10.5,0.59,100,8126,98.39,20.1
07/04/2026 10:15:00 PM,14631.0,10.8,0.597,100,8123,98.39,19.8
07/04/2026 10:30:00 PM,14773.0,10.8,0.592,100,8120,98.34,19.5
07/04/2026 10:45:00 PM,14674.0,10.6,0.597,100,8119,98.27,19.3
07/04/2026 11:00:00 PM,14696.0,11.0,0.597,100,8118,98.24,19.2
07/04/2026 11:15:00 PM,14793.0,10.5,0.59,100,8116,98.21,19.2
07/04/2026 11:30:00 PM,14797.0,10.4,0.596,100,8116,98.19,19.1
07/04/2026 11:45:00 PM,14600.0,10.9,0.6,100,8117,98.17,19.1
07/05/2026 12:00:00 AM,14811.0,10.7,0.592,100,8114,98.22,19.0
07/05/2026 12:15:00 AM,14796.0,10.4,0.59,100,8085,98.24,19.2
07/05/2026 12:30:00 AM,14621.0,11.0,0.601,100,8097,98.26,19.1
07/05/2026 12:45:00 AM,14810.0,10.6,0.59,100,8099,98.26,19.0
07/05/2026 01:00:00 AM,14800.0,10.4,0.593,100,8098,98.27,18.9
07/05/2026 01:15:00 AM,14641.0,10.6,0.607,100,8098,98.29,18.8
07/05/2026 01:30:00 AM,14732.0,10.9,0.596,100,8096,98.29,18.7
07/05/2026 01:45:00 AM,14769.0,10.4,0.59,100,8095,98.29,18.6
07/05/2026 02:00:00 AM,14579.0,10.7,0.605,100,8096,98.31,18.6
07/05/2026 02:15:00 AM,14720.0,10.8,0.594,100,8095,98.3,18.6
07/05/2026 02:30:00 AM,14727.0,10.4,0.592,100,8093,98.31,18.6
07/05/2026 02:45:00 AM,14588.0,10.5,0.597,100,8092,98.31,18.5
07/05/2026 03:00:00 AM,14627.0,10.9,0.601,100,8092,98.29,18.5
07/05/2026 03:15:00 AM,14689.0,10.5,0.59,100,8095,98.29,18.4
07/05/2026 03:30:00 AM,14569.0,10.5,0.596,100,8092,98.27,18.4
07/05/2026 03:45:00 AM,14569.0,11.0,0.603,100,8092,98.26,18.3
07/05/2026 04:00:00 AM,14650.0,10.5,0.59,100,8091,98.26,18.2
07/05/2026 04:15:00 AM,14636.0,10.4,0.596,100,8088,98.25,18.1
07/05/2026 04:30:00 AM,14567.0,10.4,0.598,100,8089,98.26,18.0
07/05/2026 04:45:00 AM,14467.0,10.8,0.605,100,8088,98.28,18.0
07/05/2026 05:00:00 AM,14601.0,10.6,0.592,100,8088,98.3,18.0
07/05/2026 05:15:00 AM,14588.0,10.4,0.594,100,8085,98.3,17.9
07/05/2026 05:30:00 AM,14496.0,10.4,0.6,100,8086,98.31,17.8
07/05/2026 05:45:00 AM,14456.0,10.8,0.604,100,8084,98.32,17.7
07/05/2026 06:00:00 AM,14564.0,10.6,0.592,100,8084,98.32,17.6
07/05/2026 06:15:00 AM,14553.0,10.4,0.596,100,8084,98.34,17.6
07/05/2026 06:30:00 AM,14362.0,10.6,0.603,100,8081,98.36,17.7
07/05/2026 06:45:00 AM,14536.0,10.8,0.596,100,8080,98.37,17.8
07/05/2026 07:00:00 AM,14542.0,10.4,0.592,100,8082,98.38,18.0
07/05/2026 07:15:00 AM,14542.0,10.4,0.597,100,8080,98.38,18.2
07/05/2026 07:30:00 AM,14437.0,10.4,0.603,100,8081,98.39,18.5
07/05/2026 07:45:00 AM,14463.0,10.8,0.603,100,8081,98.4,18.8
07/05/2026 08:00:00 AM,14557.0,10.5,0.59,100,8078,98.41,19.1
07/05/2026 08:15:00 AM,14453.0,10.4,0.598,100,8079,98.42,19.4
07/05/2026 08:30:00 AM,14482.0,10.9,0.607,100,8079,98.43,19.8
07/05/2026 08:45:00 AM,14578.0,10.5,0.59,100,8079,98.44,21.0
07/05/2026 09:00:00 AM,14514.0,10.4,0.596,100,8079,98.44,20.8
07/05/2026 09:15:00 AM,14461.0,10.9,0.601,100,8076,98.44,21.0
07/05/2026 09:30:00 AM,14598.0,10.6,0.592,100,8078,98.45,21.5
07/05/2026 09:45:00 AM,14462.0,10.6,0.597,100,8077,98.44,22.3
07/05/2026 10:00:00 AM,14555.0,10.9,0.598,100,8076,98.43,22.7
07/05/2026 10:15:00 AM,14618.0,10.4,0.59,100,8075,98.42,22.8
07/05/2026 10:30:00 AM,14552.0,10.4,0.594,100,8076,98.42,23.8
07/05/2026 10:45:00 AM,14498.0,10.9,0.605,100,8075,98.42,23.7
07/05/2026 11:00:00 AM,14636.0,10.5,0.59,100,8072,98.42,24.0
07/05/2026 11:15:00 AM,14542.0,10.5,0.596,100,8076,98.42,24.3
07/05/2026 11:30:00 AM,14541.0,11.0,0.601,100,8073,98.43,24.7
07/05/2026 11:45:00 AM,14649.0,10.5,0.59,100,8077,98.44,25.3
07/05/2026 12:00:00 PM,14555.0,10.5,0.597,100,8094,98.43,26.8
07/05/2026 12:15:00 PM,14553.0,11.0,0.603,100,8109,98.42,28.5
07/05/2026 12:30:00 PM,14634.0,10.5,0.59,100,8127,98.42,29.9
07/05/2026 12:45:00 PM,14491.0,11.0,0.604,100,8141,98.41,31.0
07/05/2026 01:00:00 PM,14645.0,10.6,0.592,100,8158,98.41,31.6
07/05/2026 01:15:00 PM,14453.0,10.9,0.601,100,8174,98.41,32.2
07/05/2026 01:30:00 PM,14632.0,10.8,0.593,100,8189,98.4,33.0
07/05/2026 01:45:00 PM,14608.0,10.4,0.592,100,8202,98.4,33.6
07/05/2026 02:00:00 PM,14387.0,10.7,0.598,100,8214,98.39,34.0
07/05/2026 02:15:00 PM,14604.0,10.8,0.593,100,8227,98.39,35.0
07/05/2026 02:30:00 PM,14491.0,10.5,0.597,100,8230,98.38,35.8
07/05/2026 02:45:00 PM,14521.0,11.0,0.601,100,8239,98.38,35.9
07/05/2026 03:00:00 PM,14563.0,10.5,0.59,100,8243,98.37,36.4
07/05/2026 03:15:00 PM,14481.0,11.0,0.6,100,8234,98.37,36.8
07/05/2026 03:30:00 PM,14622.0,10.6,0.589,100,8183,98.37,35.3
07/05/2026 03:45:00 PM,14452.0,11.0,0.601,100,8231,98.37,35.0
07/05/2026 04:00:00 PM,14652.0,10.7,0.59,100,8222,98.37,36.1
07/05/2026 04:15:00 PM,14475.0,10.8,0.598,100,8214,98.37,34.9
07/05/2026 04:30:00 PM,14641.0,10.9,0.594,100,8215,98.35,34.2
07/05/2026 04:45:00 PM,14611.0,10.5,0.593,100,8207,98.34,33.8
07/05/2026 05:00:00 PM,14526.0,11.1,0.603,100,8212,98.34,33.3
07/05/2026 05:15:00 PM,14650.0,10.6,0.592,100,8221,98.34,35.2
07/05/2026 05:30:00 PM,14508.0,11.0,0.603,100,8226,98.33,37.3
07/05/2026 05:45:00 PM,14658.0,10.7,0.592,100,8229,98.32,38.8
07/05/2026 06:00:00 PM,14519.0,11.1,0.607,100,8224,98.31,39.7
07/05/2026 06:15:00 PM,14663.0,10.7,0.592,100,8222,98.3,39.7
07/05/2026 06:30:00 PM,14514.0,11.1,0.61,100,8213,98.29,39.5
07/05/2026 06:45:00 PM,14642.0,10.7,0.592,100,8202,98.29,39.5
07/05/2026 07:00:00 PM,14517.0,11.1,0.604,100,8189,98.3,37.5
07/05/2026 07:15:00 PM,14627.0,10.7,0.59,100,8174,98.3,34.9
07/05/2026 07:30:00 PM,14502.0,11.2,0.603,100,8166,98.3,32.8
07/05/2026 07:45:00 PM,14596.0,10.7,0.593,100,8156,98.3,31.2
07/05/2026 08:00:00 PM,14506.0,11.2,0.603,100,8155,98.3,29.9
07/05/2026 08:15:00 PM,14634.0,10.7,0.59,100,8147,98.29,28.9
07/05/2026 08:30:00 PM,14458.0,11.0,0.601,100,8142,98.29,28.1
07/05/2026 08:45:00 PM,14648.0,10.8,0.592,100,8140,98.29,27.3
07/05/2026 09:00:00 PM,14436.0,11.0,0.6,100,8136,98.29,26.5
07/05/2026 09:15:00 PM,14629.0,10.9,0.593,100,8132,98.3,25.8
07/05/2026 09:30:00 PM,14506.0,10.6,0.597,100,8130,98.3,25.2
07/05/2026 09:45:00 PM,14479.0,11.0,0.598,100,8127,98.32,24.6
07/05/2026 10:00:00 PM,14564.0,10.6,0.589,100,8127,98.34,24.1
07/05/2026 10:15:00 PM,14431.0,10.5,0.594,100,8126,98.35,23.6
07/05/2026 10:30:00 PM,14438.0,11.0,0.597,100,8124,98.36,23.3
07/05/2026 10:45:00 PM,14515.0,10.6,0.589,100,8117,98.37,22.9
07/05/2026 11:00:00 PM,14302.0,10.7,0.594,100,8119,98.36,22.6
07/05/2026 11:15:00 PM,14493.0,10.9,0.594,100,8118,98.36,22.3
07/05/2026 11:30:00 PM,14447.0,10.5,0.59,100,8116,98.36,22.1
07/05/2026 11:45:00 PM,14368.0,10.9,0.598,100,8117,98.37,21.9
07/06/2026 12:00:00 AM,14528.0,10.7,0.59,100,8111,98.38,21.6
07/06/2026 12:15:00 AM,14458.0,10.5,0.592,100,8103,98.38,21.6
07/06/2026 12:30:00 AM,14433.0,11.0,0.601,100,8101,98.39,21.4
07/06/2026 12:45:00 AM,14561.0,10.6,0.589,100,8103,98.42,21.2
07/06/2026 01:00:00 AM,14472.0,10.5,0.596,100,8098,98.43,21.0
07/06/2026 01:15:00 AM,14480.0,11.0,0.601,100,8097,98.45,20.9
07/06/2026 01:30:00 AM,14599.0,10.6,0.589,100,8098,98.46,20.7
07/06/2026 01:45:00 AM,14474.0,10.6,0.598,100,8099,98.45,20.6
07/06/2026 02:00:00 AM,14564.0,11.0,0.598,100,8095,98.47,20.4
07/06/2026 02:15:00 AM,14640.0,10.5,0.59,100,8098,98.47,20.3
07/06/2026 02:30:00 AM,14567.0,10.5,0.598,100,8095,98.47,20.2
07/06/2026 02:45:00 AM,14548.0,11.0,0.604,100,8092,98.45,20.1
07/06/2026 03:00:00 AM,14679.0,10.5,0.59,100,8095,98.46,20.1
07/06/2026 03:15:00 AM,14561.0,10.6,0.597,100,8090,98.46,20.1
07/06/2026 03:30:00 AM,14625.0,11.0,0.598,100,8091,98.46,20.1
07/06/2026 03:45:00 AM,14710.0,10.5,0.589,100,8088,98.45,20.0
07/06/2026 04:00:00 AM,14716.0,10.4,0.596,100,8086,98.45,19.9
07/06/2026 04:15:00 AM,14602.0,10.6,0.601,100,8088,98.42,19.8
07/06/2026 04:30:00 AM,14660.0,10.9,0.598,100,8085,98.41,19.7
07/06/2026 04:45:00 AM,14744.0,10.4,0.59,100,8085,98.43,19.6
07/06/2026 05:00:00 AM,14750.0,10.4,0.596,100,8085,98.44,19.5
07/06/2026 05:15:00 AM,14660.0,10.4,0.598,100,8085,98.46,19.4
07/06/2026 05:30:00 AM,14655.0,10.9,0.601,100,8085,98.46,19.3
07/06/2026 05:45:00 AM,14770.0,10.5,0.589,100,8081,98.48,19.3
07/06/2026 06:00:00 AM,14745.0,10.4,0.597,100,8082,98.5,19.2
07/06/2026 06:15:00 AM,14606.0,10.9,0.601,100,8082,98.51,19.2
07/06/2026 06:30:00 AM,14786.0,10.6,0.59,100,8079,98.52,19.3
07/06/2026 06:45:00 AM,14782.0,10.4,0.594,100,8080,98.54,19.4
07/06/2026 07:00:00 AM,14779.0,10.3,0.597,100,8078,98.54,19.6
07/06/2026 07:15:00 AM,14755.0,10.3,0.597,100,8080,98.53,19.9
07/06/2026 07:30:00 AM,14589.0,10.8,0.605,100,8079,98.53,20.2
07/06/2026 07:45:00 AM,14768.0,10.5,0.592,100,8076,98.54,20.6
07/06/2026 08:00:00 AM,14760.0,10.4,0.593,100,8077,98.51,21.0
07/06/2026 08:15:00 AM,14712.0,10.3,0.597,100,8079,98.5,21.3
07/06/2026 08:30:00 AM,14593.0,10.9,0.603,100,8076,98.51,22.0
07/06/2026 08:45:00 AM,14751.0,10.5,0.59,100,8078,98.52,23.5
07/06/2026 09:00:00 AM,14674.0,10.4,0.597,100,8076,98.52,23.6
07/06/2026 09:15:00 AM,14599.0,11.0,0.603,100,8076,98.52,23.9
07/06/2026 09:30:00 AM,14715.0,10.5,0.59,100,8076,98.52,24.4
07/06/2026 09:45:00 AM,14528.0,10.6,0.597,100,8074,98.52,25.1
07/06/2026 10:00:00 AM,14656.0,10.9,0.597,100,8075,98.51,25.7
07/06/2026 10:15:00 AM,14580.0,10.6,0.596,100,8072,98.5,25.9
07/06/2026 10:30:00 AM,14608.0,11.0,0.598,100,8072,98.5,26.6
07/06/2026 10:45:00 AM,14589.0,10.7,0.597,100,8069,98.51,26.8
07/06/2026 11:00:00 AM,14628.0,11.0,0.597,100,8072,98.51,27.0
07/06/2026 11:15:00 AM,14706.0,10.5,0.59,100,8073,98.51,27.4
07/06/2026 11:30:00 AM,14539.0,11.0,0.603,100,8073,98.52,27.9
07/06/2026 11:45:00 AM,14712.0,10.7,0.592,100,8078,98.51,28.4
07/06/2026 12:00:00 PM,14562.0,11.1,0.605,100,8088,98.52,29.3
07/06/2026 12:15:00 PM,14735.0,10.7,0.59,100,8095,98.53,30.4
07/06/2026 12:30:00 PM,14566.0,11.1,0.604,100,8104,98.53,30.4
07/06/2026 12:45:00 PM,14761.0,10.7,0.589,100,8114,98.53,30.8
07/06/2026 01:00:00 PM,14679.0,10.5,0.593,100,8123,98.52,31.8
07/06/2026 01:15:00 PM,14653.0,11.0,0.6,100,8129,98.51,32.3
07/06/2026 01:30:00 PM,14761.0,10.5,0.59,100,8149,98.5,32.5
07/06/2026 01:45:00 PM,14592.0,11.0,0.605,100,8164,98.48,33.8
07/06/2026 02:00:00 PM,14789.0,10.7,0.59,100,8174,98.46,34.4
07/06/2026 02:15:00 PM,14615.0,10.8,0.598,100,8188,98.44,35.1
07/06/2026 02:30:00 PM,14774.0,10.8,0.592,100,8193,98.42,35.4
07/06/2026 02:45:00 PM,14690.0,10.6,0.593,100,8203,98.41,35.4
07/06/2026 03:00:00 PM,14709.0,11.0,0.6,100,8206,98.41,35.6
07/06/2026 03:15:00 PM,14758.0,10.5,0.59,100,8216,98.41,36.3
07/06/2026 03:30:00 PM,14594.0,11.0,0.607,100,8219,98.42,37.6
07/06/2026 03:45:00 PM,14755.0,10.6,0.589,100,8212,98.41,37.4
07/06/2026 04:00:00 PM,14610.0,10.6,0.594,100,8217,98.4,36.8
07/06/2026 04:15:00 PM,14657.0,11.0,0.598,100,8217,98.4,37.0
07/06/2026 04:30:00 PM,14642.0,10.6,0.594,100,8224,98.4,38.0
07/06/2026 04:45:00 PM,14643.0,11.1,0.6,100,8217,98.39,38.7
07/06/2026 05:00:00 PM,14727.0,10.5,0.589,100,8215,98.38,38.1
07/06/2026 05:15:00 PM,14588.0,11.1,0.604,100,8218,98.39,38.0
07/06/2026 05:30:00 PM,14744.0,10.7,0.59,100,8215,98.39,38.6
07/06/2026 05:45:00 PM,14605.0,11.1,0.603,100,8215,98.37,38.0
07/06/2026 06:00:00 PM,14746.0,10.7,0.59,100,8211,98.35,37.7
07/06/2026 06:15:00 PM,14635.0,11.2,0.603,100,8208,98.34,37.9
07/06/2026 06:30:00 PM,14743.0,10.7,0.59,100,8204,98.32,37.5
07/06/2026 06:45:00 PM,14655.0,11.2,0.597,100,8198,98.3,37.2
07/06/2026 07:00:00 PM,14755.0,10.6,0.592,100,8183,98.31,35.7
07/06/2026 07:15:00 PM,14634.0,11.2,0.603,100,8175,98.32,33.7
07/06/2026 07:30:00 PM,14705.0,10.7,0.593,100,8166,98.33,32.0
07/06/2026 07:45:00 PM,14599.0,11.2,0.607,100,8158,98.31,30.8
07/06/2026 08:00:00 PM,14610.0,11.3,0.6,100,8155,98.31,29.8
07/06/2026 08:15:00 PM,14781.0,10.8,0.592,100,8147,98.3,29.1
07/06/2026 08:30:00 PM,14578.0,11.0,0.597,100,8148,98.27,28.4
07/06/2026 08:45:00 PM,14783.0,10.8,0.59,100,8142,98.28,27.7
07/06/2026 09:00:00 PM,14581.0,11.1,0.598,100,8140,98.3,27.2
07/06/2026 09:15:00 PM,14776.0,10.8,0.59,100,8136,98.3,26.6
07/06/2026 09:30:00 PM,14754.0,10.4,0.592,100,8131,98.34,26.1
07/06/2026 09:45:00 PM,14544.0,10.8,0.601,100,8129,98.34,25.8
07/06/2026 10:00:00 PM,14536.0,11.4,0.604,100,8129,98.34,25.4
07/06/2026 10:15:00 PM,14510.0,11.4,0.6,100,8126,98.33,25.0
07/06/2026 10:30:00 PM,14490.0,11.4,0.601,100,8123,98.36,24.8
07/06/2026 10:45:00 PM,14426.0,11.4,0.597,100,8120,98.41,24.5
07/06/2026 11:00:00 PM,14464.0,11.3,0.597,100,8120,98.42,24.4
07/06/2026 11:15:00 PM,14454.0,11.3,0.6,100,8119,98.42,24.2
07/06/2026 11:30:00 PM,14459.0,11.3,0.603,100,8114,98.42,24.0
07/06/2026 11:45:00 PM,14470.0,11.3,0.6,100,8114,98.43,23.9
07/07/2026 12:00:00 AM,14481.0,11.3,0.6,100,8114,98.46,23.8
07/07/2026 12:15:00 AM,14492.0,11.3,0.6,100,8110,98.51,23.8
07/07/2026 12:30:00 AM,14500.0,11.3,0.598,100,8107,98.55,23.6
07/07/2026 12:45:00 AM,14506.0,11.3,0.601,100,8105,98.57,23.4
07/07/2026 01:00:00 AM,14505.0,11.3,0.6,100,8104,98.6,23.3
07/07/2026 01:15:00 AM,14497.0,11.3,0.6,100,8102,98.66,23.3
07/07/2026 01:30:00 AM,14480.0,11.2,0.598,100,8103,98.77,23.4
07/07/2026 01:45:00 AM,14464.0,11.2,0.598,100,8099,98.79,22.6
07/07/2026 02:00:00 AM,14449.0,11.2,0.601,100,8098,98.78,21.0
07/07/2026 02:15:00 AM,14432.0,11.2,0.598,100,8094,98.79,20.2
07/07/2026 02:30:00 AM,14415.0,11.2,0.596,100,8095,98.8,19.7
07/07/2026 02:45:00 AM,14405.0,11.2,0.6,100,8095,98.73,19.4
07/07/2026 03:00:00 AM,14397.0,11.2,0.6,100,8095,98.66,19.2
07/07/2026 03:15:00 AM,14388.0,11.2,0.598,100,8092,98.66,19.0
07/07/2026 03:30:00 AM,14383.0,11.2,0.598,100,8089,98.65,18.9
07/07/2026 03:45:00 AM,14384.0,11.2,0.594,100,8091,98.6,18.8
07/07/2026 04:00:00 AM,14393.0,11.2,0.601,100,8088,98.5,18.7
07/07/2026 04:15:00 AM,14408.0,11.2,0.597,100,8088,98.38,18.5
07/07/2026 04:30:00 AM,14414.0,11.2,0.601,100,8087,98.41,18.4
07/07/2026 04:45:00 AM,14423.0,11.2,0.6,100,8087,98.43,18.4
07/07/2026 05:00:00 AM,14437.0,11.2,0.598,100,8085,98.41,18.4
07/07/2026 05:15:00 AM,14453.0,11.2,0.601,100,8083,98.36,18.5
07/07/2026 05:30:00 AM,14466.0,11.2,0.603,100,8084,98.37,18.5
07/07/2026 05:45:00 AM,14479.0,11.2,0.6,100,8084,98.39,18.4
07/07/2026 06:00:00 AM,14490.0,11.1,0.598,100,8082,98.43,18.4
07/07/2026 06:15:00 AM,14501.0,11.1,0.6,100,8084,98.46,18.4
07/07/2026 06:30:00 AM,14514.0,11.1,0.6,100,8083,98.47,18.4
07/07/2026 06:45:00 AM,14524.0,11.1,0.6,100,8079,98.52,18.5
07/07/2026 07:00:00 AM,14535.0,11.1,0.6,100,8080,98.55,18.6
07/07/2026 07:15:00 AM,14547.0,11.1,0.596,100,8077,98.57,18.5
07/07/2026 07:30:00 AM,14557.0,11.1,0.601,100,8079,98.59,18.5
07/07/2026 07:45:00 AM,14570.0,11.1,0.6,100,8079,98.57,18.7
07/07/2026 08:00:00 AM,14581.0,11.1,0.601,100,8079,98.58,19.0
07/07/2026 08:15:00 AM,14590.0,11.1,0.601,100,8079,98.61,19.4
07/07/2026 08:30:00 AM,14599.0,11.1,0.603,100,8074,98.63,19.9
07/07/2026 08:45:00 AM,14601.0,11.1,0.601,100,8079,98.64,20.6
07/07/2026 09:00:00 AM,14591.0,11.1,0.597,100,8080,98.64,21.0
07/07/2026 09:15:00 AM,14579.0,11.1,0.604,100,8082,98.64,21.3
07/07/2026 09:30:00 AM,14566.0,11.1,0.601,100,8079,98.62,21.6
07/07/2026 09:45:00 AM,14555.0,11.1,0.597,100,8080,98.6,22.2
07/07/2026 10:00:00 AM,14551.0,11.1,0.598,100,8077,98.59,22.8
07/07/2026 10:15:00 AM,14560.0,11.1,0.598,100,8076,98.56,23.0
07/07/2026 10:30:00 AM,14573.0,11.1,0.598,100,8080,98.56,23.9
07/07/2026 10:45:00 AM,14585.0,11.1,0.597,100,8082,98.57,24.4
07/07/2026 11:00:00 AM,14598.0,11.1,0.601,100,8083,98.57,24.8
07/07/2026 11:15:00 AM,14611.0,11.1,0.597,100,8082,98.56,25.2
07/07/2026 11:30:00 AM,14624.0,11.1,0.598,100,8079,98.55,25.4
07/07/2026 11:45:00 AM,14635.0,11.1,0.597,100,8086,98.54,26.0
07/07/2026 12:00:00 PM,14644.0,11.2,0.6,100,8101,98.52,27.5
07/07/2026 12:15:00 PM,14665.0,11.2,0.598,100,8107,98.53,29.2
07/07/2026 12:30:00 PM,14830.0,10.9,0.594,100,8118,98.54,29.7
07/07/2026 12:45:00 PM,14749.0,10.7,0.594,100,8127,98.55,30.4
07/07/2026 01:00:00 PM,14750.0,11.0,0.596,100,8130,98.54,30.7
07/07/2026 01:15:00 PM,14736.0,10.6,0.593,100,8138,98.54,30.8
07/07/2026 01:30:00 PM,14720.0,11.1,0.597,100,8144,98.54,30.8
07/07/2026 01:45:00 PM,14798.0,10.6,0.59,100,8160,98.53,31.7
07/07/2026 02:00:00 PM,14613.0,11.0,0.601,100,8160,98.52,32.6
07/07/2026 02:15:00 PM,14796.0,10.8,0.59,100,8161,98.53,32.4
07/07/2026 02:30:00 PM,14611.0,10.8,0.597,100,8159,98.53,32.0
07/07/2026 02:45:00 PM,14745.0,10.9,0.593,100,8156,98.54,31.7
07/07/2026 03:00:00 PM,14622.0,10.7,0.597,100,8163,98.52,31.3
07/07/2026 03:15:00 PM,14670.0,11.1,0.596,100,8165,98.5,32.1
07/07/2026 03:30:00 PM,14715.0,10.5,0.59,100,8164,98.5,32.5
07/07/2026 03:45:00 PM,14485.0,10.9,0.598,100,8164,98.47,32.8
07/07/2026 04:00:00 PM,14693.0,10.9,0.593,100,8160,98.47,32.4
07/07/2026 04:15:00 PM,14598.0,10.5,0.59,100,8162,98.46,31.7
07/07/2026 04:30:00 PM,14569.0,11.1,0.601,100,8159,98.47,31.8
07/07/2026 04:45:00 PM,14692.0,10.6,0.59,100,8158,98.45,31.8
07/07/2026 05:00:00 PM,14547.0,10.7,0.601,100,8165,98.41,31.9
07/07/2026 05:15:00 PM,14658.0,11.0,0.597,100,8161,98.4,32.6
07/07/2026 05:30:00 PM,14659.0,10.5,0.592,100,8161,98.39,32.3
07/07/2026 05:45:00 PM,14587.0,11.1,0.604,100,8156,98.37,32.1
07/07/2026 06:00:00 PM,14740.0,10.6,0.59,100,8155,98.37,31.6
07/07/2026 06:15:00 PM,14654.0,10.5,0.597,100,8150,98.35,30.9
07/07/2026 06:30:00 PM,14664.0,11.1,0.6,100,8142,98.33,30.5
07/07/2026 06:45:00 PM,14779.0,10.5,0.59,100,8141,98.31,30.1
07/07/2026 07:00:00 PM,14667.0,10.6,0.598,100,8139,98.3,29.8
07/07/2026 07:15:00 PM,14726.0,11.0,0.596,100,8133,98.29,29.6
07/07/2026 07:30:00 PM,14786.0,10.5,0.592,100,8133,98.27,29.4
07/07/2026 07:45:00 PM,14656.0,11.1,0.601,100,8130,98.25,29.2
07/07/2026 08:00:00 PM,14837.0,10.6,0.59,100,8126,98.24,28.8
07/07/2026 08:15:00 PM,14679.0,10.8,0.603,100,8122,98.23,28.5
07/07/2026 08:30:00 PM,14809.0,10.9,0.594,100,8121,98.23,28.0
07/07/2026 08:45:00 PM,14773.0,10.5,0.592,100,8117,98.23,27.6
07/07/2026 09:00:00 PM,14709.0,11.1,0.6,100,8113,98.22,27.1
07/07/2026 09:15:00 PM,14834.0,10.6,0.59,100,8112,98.21,26.7
07/07/2026 09:30:00 PM,14702.0,10.6,0.596,100,8112,98.19,26.2
07/07/2026 09:45:00 PM,14741.0,11.0,0.597,100,8107,98.19,25.8
07/07/2026 10:00:00 PM,14807.0,10.5,0.59,100,8104,98.18,25.5
07/07/2026 10:15:00 PM,14614.0,10.8,0.601,100,8104,98.19,25.1
07/07/2026 10:30:00 PM,14731.0,11.0,0.596,100,8103,98.19,24.8
07/07/2026 10:45:00 PM,14737.0,10.4,0.59,100,8100,98.21,24.5
07/07/2026 11:00:00 PM,14637.0,10.4,0.598,100,8100,98.21,24.3
07/07/2026 11:15:00 PM,14496.0,11.0,0.604,100,8098,98.22,24.1
07/07/2026 11:30:00 PM,14468.0,11.4,0.605,100,8093,98.21,24.0
07/07/2026 11:45:00 PM,14457.0,11.4,0.604,100,8093,98.2,23.8
07/08/2026 12:00:00 AM,14447.0,11.4,0.603,100,8093,98.18,23.7
07/08/2026 12:15:00 AM,14451.0,11.4,0.6,100,8083,98.17,23.7
07/08/2026 12:30:00 AM,14461.0,11.4,0.601,100,8081,98.16,23.5
07/08/2026 12:45:00 AM,14469.0,11.3,0.605,100,8082,98.18,23.3
07/08/2026 01:00:00 AM,14473.0,11.3,0.598,100,8079,98.2,23.2
07/08/2026 01:15:00 AM,14470.0,11.3,0.601,100,8080,98.23,23.2
07/08/2026 01:30:00 AM,14464.0,11.3,0.6,100,8080,98.23,23.2
07/08/2026 01:45:00 AM,14455.0,11.3,0.6,100,8077,98.24,23.2
07/08/2026 02:00:00 AM,14444.0,11.3,0.598,100,8075,98.23,23.2
07/08/2026 02:15:00 AM,14434.0,11.3,0.601,100,8075,98.22,23.3
07/08/2026 02:30:00 AM,14421.0,11.3,0.6,100,8076,98.21,23.4
07/08/2026 02:45:00 AM,14408.0,11.3,0.601,100,8075,98.2,23.5
07/08/2026 03:00:00 AM,14394.0,11.3,0.6,100,8073,98.21,23.5
07/08/2026 03:15:00 AM,14381.0,11.3,0.603,100,8072,98.21,23.6
07/08/2026 03:30:00 AM,14366.0,11.3,0.603,100,8068,98.24,23.6
07/08/2026 03:45:00 AM,14353.0,11.3,0.601,100,8069,98.25,23.6
07/08/2026 04:00:00 AM,14343.0,11.3,0.601,100,8070,98.23,23.7
07/08/2026 04:15:00 AM,14335.0,11.3,0.596,100,8066,98.22,23.6
07/08/2026 04:30:00 AM,14331.0,11.3,0.597,100,8067,98.2,23.6
07/08/2026 04:45:00 AM,14328.0,11.3,0.6,100,8066,98.19,23.5
07/08/2026 05:00:00 AM,14325.0,11.3,0.598,100,8068,98.19,23.5
07/08/2026 05:15:00 AM,14322.0,11.3,0.598,100,8064,98.23,23.6
07/08/2026 05:30:00 AM,14322.0,11.2,0.598,100,8063,98.24,23.6
07/08/2026 05:45:00 AM,14323.0,11.2,0.6,100,8063,98.23,23.5
07/08/2026 06:00:00 AM,14327.0,11.2,0.6,100,8060,98.21,23.4
07/08/2026 06:15:00 AM,14327.0,11.2,0.603,100,8060,98.23,23.3
07/08/2026 06:30:00 AM,14329.0,11.2,0.6,100,8058,98.24,23.3
07/08/2026 06:45:00 AM,14330.0,11.2,0.6,100,8060,98.24,23.3
07/08/2026 07:00:00 AM,14332.0,11.2,0.598,100,8056,98.25,23.3
07/08/2026 07:15:00 AM,14336.0,11.2,0.603,100,8056,98.22,23.4
07/08/2026 07:30:00 AM,14338.0,11.2,0.598,100,8057,98.23,23.4
07/08/2026 07:45:00 AM,14339.0,11.2,0.598,100,8054,98.26,23.5
07/08/2026 08:00:00 AM,14343.0,11.2,0.596,100,8056,98.24,23.5
07/08/2026 08:15:00 AM,14344.0,11.2,0.6,100,8053,98.23,23.4
07/08/2026 08:30:00 AM,14413.0,11.2,0.601,100,8055,98.25,23.3
07/08/2026 08:45:00 AM,14334.0,11.2,0.597,100,8054,98.3,23.2
07/08/2026 09:00:00 AM,14525.0,11.0,0.594,100,8051,98.26,22.6
07/08/2026 09:15:00 AM,14366.0,10.8,0.592,100,8050,98.14,21.9
07/08/2026 09:30:00 AM,14353.0,11.1,0.597,100,8050,98.05,21.8
07/08/2026 09:45:00 AM,14466.0,10.8,0.593,100,8048,97.98,21.7
07/08/2026 10:00:00 AM,14267.0,10.7,0.589,100,8047,98.05,21.6
07/08/2026 10:15:00 AM,14415.0,11.0,0.596,100,8050,98.12,21.9
07/08/2026 10:30:00 AM,14427.0,10.6,0.59,100,8052,98.13,22.5
07/08/2026 10:45:00 AM,14339.0,10.5,0.593,100,8053,98.12,23.2
07/08/2026 11:00:00 AM,14292.0,11.0,0.598,100,8053,98.13,23.8
07/08/2026 11:15:00 AM,14418.0,10.8,0.592,100,8054,98.14,24.0
07/08/2026 11:30:00 AM,14382.0,10.5,0.593,100,8051,98.18,23.9
07/08/2026 11:45:00 AM,14212.0,10.8,0.597,100,8055,98.17,23.4
07/08/2026 12:00:00 PM,14218.0,11.2,0.603,100,8055,98.16,23.2
07/08/2026 12:15:00 PM,14218.0,11.3,0.601,100,8056,98.16,23.5
07/08/2026 12:30:00 PM,14219.0,11.3,0.596,100,8060,98.16,23.9
07/08/2026 12:45:00 PM,14219.0,11.3,0.6,100,8063,98.14,24.4
07/08/2026 01:00:00 PM,14221.0,11.3,0.597,100,8070,98.11,25.1
07/08/2026 01:15:00 PM,14221.0,11.3,0.598,100,8070,98.09,25.6
07/08/2026 01:30:00 PM,14222.0,11.3,0.6,100,8069,98.07,25.6
07/08/2026 01:45:00 PM,14221.0,11.3,0.594,100,8070,98.08,25.3
07/08/2026 02:00:00 PM,14276.0,11.3,0.603,100,8066,98.07,25.0
07/08/2026 02:15:00 PM,14417.0,10.9,0.593,100,8068,98.05,25.2
07/08/2026 02:30:00 PM,14215.0,10.9,0.594,100,8067,98.04,25.5
07/08/2026 02:45:00 PM,14375.0,11.0,0.594,100,8067,98.03,25.2
07/08/2026 03:00:00 PM,14295.0,10.6,0.592,100,8063,98.0,24.9
07/08/2026 03:15:00 PM,14223.0,10.9,0.593,100,8062,97.99,24.7
07/08/2026 03:30:00 PM,14355.0,10.8,0.592,100,8063,97.98,24.2
07/08/2026 03:45:00 PM,14210.0,10.7,0.594,100,8059,97.98,23.2
07/08/2026 04:00:00 PM,14352.0,11.0,0.596,100,8060,97.98,22.8
07/08/2026 04:15:00 PM,14334.0,10.6,0.59,100,8057,97.97,22.6
07/08/2026 04:30:00 PM,14168.0,10.8,0.59,100,8058,97.95,22.6
07/08/2026 04:45:00 PM,14176.0,11.3,0.6,100,8057,97.95,22.7
07/08/2026 05:00:00 PM,14206.0,11.3,0.6,100,8054,97.95,22.8
07/08/2026 05:15:00 PM,14378.0,11.0,0.594,100,8060,97.9,23.3
07/08/2026 05:30:00 PM,14376.0,10.6,0.592,100,8059,97.9,24.0
07/08/2026 05:45:00 PM,14379.0,10.5,0.596,100,8062,97.89,24.1
07/08/2026 06:00:00 PM,14332.0,10.5,0.598,100,8064,97.86,24.3
07/08/2026 06:15:00 PM,14224.0,10.9,0.601,100,8069,97.91,25.0
07/08/2026 06:30:00 PM,14210.0,11.3,0.603,100,8065,97.86,24.9
07/08/2026 06:45:00 PM,14220.0,11.3,0.605,100,8066,97.83,24.7
07/08/2026 07:00:00 PM,14228.0,11.3,0.603,100,8063,97.8,24.5
07/08/2026 07:15:00 PM,14431.0,11.0,0.596,100,8062,97.81,24.6
07/08/2026 07:30:00 PM,14429.0,10.7,0.592,100,8065,97.82,24.7
07/08/2026 07:45:00 PM,14431.0,10.5,0.596,100,8063,97.83,24.4
07/08/2026 08:00:00 PM,14433.0,10.5,0.597,100,8060,97.87,24.2
07/08/2026 08:15:00 PM,14436.0,10.4,0.597,100,8058,97.9,23.8
07/08/2026 08:30:00 PM,14442.0,10.4,0.597,100,8057,97.88,23.4
07/08/2026 08:45:00 PM,14439.0,10.4,0.597,100,8057,97.9,23.1
07/08/2026 09:00:00 PM,14424.0,10.4,0.598,100,8055,97.92,22.8
07/08/2026 09:15:00 PM,14407.0,10.4,0.598,100,8054,97.91,22.5
07/08/2026 09:30:00 PM,14390.0,10.4,0.598,100,8053,97.91,22.2
07/08/2026 09:45:00 PM,14374.0,10.4,0.598,100,8050,97.86,22.0
07/08/2026 10:00:00 PM,14355.0,10.4,0.6,100,8050,97.89,21.7
07/08/2026 10:15:00 PM,14336.0,10.4,0.6,100,8050,97.9,21.5
07/08/2026 10:30:00 PM,14184.0,10.4,0.6,100,8049,97.9,21.3
07/08/2026 10:45:00 PM,14235.0,10.8,0.605,100,8050,97.91,21.2
07/08/2026 11:00:00 PM,14297.0,10.6,0.593,100,8048,97.91,21.1
07/08/2026 11:15:00 PM,14296.0,10.4,0.593,100,8047,97.9,20.9
07/08/2026 11:30:00 PM,14302.0,10.4,0.597,100,8046,97.9,20.8
07/08/2026 11:45:00 PM,14309.0,10.4,0.598,100,8046,97.91,20.7
07/09/2026 12:00:00 AM,14319.0,10.4,0.598,100,8046,97.9,20.7
07/09/2026 12:15:00 AM,14330.0,10.4,0.598,100,8020,97.88,20.9
07/09/2026 12:30:00 AM,14342.0,10.4,0.598,100,8031,97.87,20.9
07/09/2026 12:45:00 AM,14357.0,10.4,0.6,100,8032,97.87,20.8
07/09/2026 01:00:00 AM,14190.0,10.5,0.603,100,8032,97.86,20.7
07/09/2026 01:15:00 AM,14389.0,10.8,0.598,100,8031,97.85,20.6
07/09/2026 01:30:00 AM,14417.0,10.4,0.593,100,8033,97.87,20.5
07/09/2026 01:45:00 AM,14437.0,10.4,0.597,100,8029,97.87,20.4
07/09/2026 02:00:00 AM,14458.0,10.4,0.598,100,8031,97.86,20.4
07/09/2026 02:15:00 AM,14479.0,10.4,0.6,100,8031,97.84,20.3
07/09/2026 02:30:00 AM,14498.0,10.3,0.6,100,8029,97.85,20.2
07/09/2026 02:45:00 AM,14516.0,10.3,0.598,100,8028,97.85,20.2
07/09/2026 03:00:00 AM,14534.0,10.3,0.6,100,8028,97.85,20.2
07/09/2026 03:15:00 AM,14551.0,10.3,0.6,100,8029,97.84,20.3
07/09/2026 03:30:00 AM,14565.0,10.3,0.6,100,8026,97.86,20.3
07/09/2026 03:45:00 AM,14580.0,10.3,0.6,100,8026,97.86,20.4
07/09/2026 04:00:00 AM,14595.0,10.3,0.6,100,8027,97.84,20.5
07/09/2026 04:15:00 AM,14610.0,10.3,0.601,100,8026,97.82,20.6
07/09/2026 04:30:00 AM,14623.0,10.3,0.601,100,8025,97.82,20.6
07/09/2026 04:45:00 AM,14634.0,10.3,0.601,100,8025,97.81,20.6
07/09/2026 05:00:00 AM,14437.0,10.7,0.608,100,8025,97.81,20.6
07/09/2026 05:15:00 AM,14652.0,10.6,0.596,100,8025,97.82,20.6
07/09/2026 05:30:00 AM,14649.0,10.4,0.593,100,8023,97.82,20.6
07/09/2026 05:45:00 AM,14649.0,10.3,0.598,100,8022,97.8,20.6
07/09/2026 06:00:00 AM,14646.0,10.3,0.598,100,8022,97.82,20.6
07/09/2026 06:15:00 AM,14644.0,10.3,0.6,100,8023,97.83,20.6
07/09/2026 06:30:00 AM,14642.0,10.3,0.6,100,8020,97.82,20.7
07/09/2026 06:45:00 AM,14641.0,10.3,0.6,100,8020,97.84,20.8
07/09/2026 07:00:00 AM,14643.0,10.3,0.6,100,8021,97.85,20.9
07/09/2026 07:15:00 AM,14648.0,10.3,0.6,100,8022,97.86,21.0
07/09/2026 07:30:00 AM,14653.0,10.3,0.6,100,8019,97.87,21.1
07/09/2026 07:45:00 AM,14657.0,10.3,0.6,100,8019,97.92,21.4
07/09/2026 08:00:00 AM,14663.0,10.3,0.601,100,8019,97.95,21.6
07/09/2026 08:15:00 AM,14670.0,10.3,0.601,100,8020,97.96,21.8
07/09/2026 08:30:00 AM,14678.0,10.3,0.601,100,8019,97.97,21.9
07/09/2026 08:45:00 AM,14686.0,10.3,0.601,100,8020,97.98,22.2
07/09/2026 09:00:00 AM,14693.0,10.3,0.601,100,8019,97.97,22.4
07/09/2026 09:15:00 AM,14701.0,10.3,0.601,100,8019,97.95,22.5
07/09/2026 09:30:00 AM,14626.0,10.3,0.605,100,8019,97.93,22.9
07/09/2026 09:45:00 AM,14599.0,10.8,0.605,100,8019,97.93,23.3
07/09/2026 10:00:00 AM,14724.0,10.4,0.59,100,8021,97.93,23.5
07/09/2026 10:15:00 AM,14728.0,10.3,0.596,100,8022,97.94,23.7
07/09/2026 10:30:00 AM,14733.0,10.3,0.598,100,8022,97.95,24.0
07/09/2026 10:45:00 AM,14739.0,10.3,0.598,100,8025,97.97,24.2
07/09/2026 11:00:00 AM,14743.0,10.3,0.598,100,8022,97.97,24.5
07/09/2026 11:15:00 AM,14666.0,10.4,0.601,100,8024,97.98,24.8
07/09/2026 11:30:00 AM,14639.0,10.8,0.604,100,8027,97.98,25.1
07/09/2026 11:45:00 AM,14764.0,10.4,0.59,100,8029,97.98,25.5
07/09/2026 12:00:00 PM,14768.0,10.3,0.596,100,8042,97.98,26.6
07/09/2026 12:15:00 PM,14772.0,10.3,0.598,100,8059,97.97,27.9
07/09/2026 12:30:00 PM,14777.0,10.3,0.598,100,8077,97.97,29.0
07/09/2026 12:45:00 PM,14783.0,10.3,0.598,100,8091,97.96,29.6
07/09/2026 01:00:00 PM,14788.0,10.3,0.598,100,8110,97.94,30.2
07/09/2026 01:15:00 PM,14642.0,10.4,0.603,100,8129,97.93,31.0
07/09/2026 01:30:00 PM,14708.0,10.7,0.6,100,8145,97.92,31.8
07/09/2026 01:45:00 PM,14755.0,10.4,0.59,100,8158,97.9,32.3
07/09/2026 02:00:00 PM,14738.0,10.3,0.596,100,8172,97.9,33.0
07/09/2026 02:15:00 PM,14732.0,10.3,0.597,100,8184,97.89,33.8
07/09/2026 02:30:00 PM,14735.0,10.3,0.597,100,8186,97.89,33.9
07/09/2026 02:45:00 PM,14742.0,10.3,0.598,100,8194,97.88,33.7
07/09/2026 03:00:00 PM,14545.0,10.6,0.608,100,8203,97.86,33.5
07/09/2026 03:15:00 PM,14764.0,10.6,0.593,100,8211,97.86,34.1
07/09/2026 03:30:00 PM,14765.0,10.4,0.592,100,8222,97.84,35.3
07/09/2026 03:45:00 PM,14769.0,10.3,0.597,100,8231,97.84,36.6
07/09/2026 04:00:00 PM,14771.0,10.3,0.598,100,8235,97.84,37.4
07/09/2026 04:15:00 PM,14687.0,10.3,0.6,100,8236,97.84,38.2
07/09/2026 04:30:00 PM,14655.0,10.8,0.605,100,8237,97.84,39.0
07/09/2026 04:45:00 PM,14771.0,10.4,0.589,100,8234,97.84,39.1
07/09/2026 05:00:00 PM,14764.0,10.3,0.594,100,8231,97.83,39.5
07/09/2026 05:15:00 PM,14758.0,10.3,0.597,100,8228,97.84,40.0
07/09/2026 05:30:00 PM,14751.0,10.3,0.598,100,8221,97.83,40.4
07/09/2026 05:45:00 PM,14607.0,10.5,0.604,100,8215,97.82,40.3
07/09/2026 06:00:00 PM,14673.0,10.8,0.601,100,8205,97.82,40.3
07/09/2026 06:15:00 PM,14724.0,10.4,0.589,100,8202,97.81,40.5
07/09/2026 06:30:00 PM,14712.0,10.3,0.596,100,8196,97.81,40.3
07/09/2026 06:45:00 PM,14701.0,10.3,0.597,100,8190,97.82,39.4
07/09/2026 07:00:00 PM,14517.0,10.6,0.605,100,8171,97.82,37.5
07/09/2026 07:15:00 PM,14667.0,10.7,0.597,100,8158,97.82,34.4
07/09/2026 07:30:00 PM,14687.0,10.4,0.59,100,8147,97.82,32.0
07/09/2026 07:45:00 PM,14686.0,10.3,0.596,100,8143,97.82,30.1
07/09/2026 08:00:00 PM,14688.0,10.3,0.598,100,8139,97.81,28.8
07/09/2026 08:15:00 PM,14693.0,10.3,0.598,100,8136,97.8,27.8
07/09/2026 08:30:00 PM,14599.0,10.4,0.6,100,8131,97.8,26.8
07/09/2026 08:45:00 PM,14603.0,10.8,0.607,100,8127,97.8,26.0
07/09/2026 09:00:00 PM,14711.0,10.4,0.589,100,8127,97.8,25.2
07/09/2026 09:15:00 PM,14714.0,10.3,0.596,100,8123,97.79,24.4
07/09/2026 09:30:00 PM,14710.0,10.3,0.598,100,8120,97.82,23.7
07/09/2026 09:45:00 PM,14699.0,10.3,0.598,100,8117,97.83,23.0
07/09/2026 10:00:00 PM,14686.0,10.3,0.598,100,8116,97.85,22.5
07/09/2026 10:15:00 PM,14671.0,10.3,0.598,100,8117,97.88,22.0
07/09/2026 10:30:00 PM,14459.0,10.6,0.608,100,8112,97.9,21.6
07/09/2026 10:45:00 PM,14678.0,10.6,0.593,100,8113,97.92,21.2
07/09/2026 11:00:00 PM,14683.0,10.4,0.592,100,8112,97.93,20.9
07/09/2026 11:15:00 PM,14692.0,10.3,0.597,100,8110,97.94,20.6
07/09/2026 11:30:00 PM,14700.0,10.3,0.597,100,8109,97.94,20.4
07/09/2026 11:45:00 PM,14709.0,10.3,0.598,100,8106,97.94,20.1
07/10/2026 12:00:00 AM,14717.0,10.3,0.598,100,8107,97.93,20.0
07/10/2026 12:15:00 AM,14727.0,10.3,0.598,100,8076,97.92,19.9
07/10/2026 12:30:00 AM,14734.0,10.3,0.598,100,8090,97.92,19.7
07/10/2026 12:45:00 AM,14739.0,10.3,0.6,100,8088,97.93,19.4
07/10/2026 01:00:00 AM,14741.0,10.3,0.6,100,8092,97.93,19.2
07/10/2026 01:15:00 AM,14738.0,10.3,0.6,100,8087,97.94,19.1
07/10/2026 01:30:00 AM,14733.0,10.3,0.6,100,8087,97.93,19.0
07/10/2026 01:45:00 AM,14616.0,10.4,0.605,100,8087,97.93,18.9
07/10/2026 02:00:00 AM,14632.0,10.8,0.605,100,8087,97.91,18.8
07/10/2026 02:15:00 AM,14714.0,10.4,0.59,100,8088,97.87,18.6
07/10/2026 02:30:00 AM,14704.0,10.3,0.596,100,8084,97.85,18.5
07/10/2026 02:45:00 AM,14692.0,10.3,0.598,100,8085,97.89,18.3
07/10/2026 03:00:00 AM,14680.0,10.3,0.6,100,8083,97.91,18.2
07/10/2026 03:15:00 AM,14669.0,10.3,0.6,100,8082,97.91,18.1
07/10/2026 03:30:00 AM,14657.0,10.3,0.6,100,8080,97.91,18.0
07/10/2026 03:45:00 AM,14646.0,10.3,0.6,100,8081,97.9,17.9
07/10/2026 04:00:00 AM,14636.0,10.3,0.601,100,8079,97.89,17.8
07/10/2026 04:15:00 AM,14622.0,10.3,0.601,100,8079,97.93,17.7
07/10/2026 04:30:00 AM,14610.0,10.3,0.601,100,8080,97.93,17.6
07/10/2026 04:45:00 AM,14598.0,10.3,0.601,100,8079,97.94,17.5
07/10/2026 05:00:00 AM,14587.0,10.3,0.601,100,8077,97.94,17.4
07/10/2026 05:15:00 AM,14576.0,10.3,0.601,100,8077,97.92,17.3
07/10/2026 05:30:00 AM,14564.0,10.3,0.601,100,8076,97.93,17.2
07/10/2026 05:45:00 AM,14553.0,10.3,0.601,100,8073,97.94,17.1
07/10/2026 06:00:00 AM,14541.0,10.3,0.601,100,8076,97.95,17.1
07/10/2026 06:15:00 AM,14529.0,10.3,0.603,100,8073,97.98,17.2
07/10/2026 06:30:00 AM,14518.0,10.3,0.603,100,8075,97.99,17.3
07/10/2026 06:45:00 AM,14509.0,10.3,0.603,100,8075,97.98,17.5
07/10/2026 07:00:00 AM,14434.0,10.3,0.601,100,8073,97.96,17.8
07/10/2026 07:15:00 AM,14370.0,10.6,0.604,100,8071,97.95,18.3
07/10/2026 07:30:00 AM,14490.0,10.5,0.593,100,8073,97.96,18.8
07/10/2026 07:45:00 AM,14481.0,10.3,0.596,100,8070,97.99,19.3
07/10/2026 08:00:00 AM,14477.0,10.3,0.6,100,8072,98.01,19.9
07/10/2026 08:15:00 AM,14478.0,10.3,0.6,100,8072,98.0,20.6
07/10/2026 08:30:00 AM,14480.0,10.3,0.6,100,8069,98.0,21.6
07/10/2026 08:45:00 AM,14484.0,10.3,0.6,100,8070,98.0,23.1
07/10/2026 09:00:00 AM,14488.0,10.3,0.6,100,8070,98.01,23.2
07/10/2026 09:15:00 AM,14494.0,10.3,0.601,100,8047,98.01,23.5
07/10/2026 09:30:00 AM,14422.0,10.3,0.601,100,8071,98.02,24.0
07/10/2026 09:45:00 AM,14394.0,10.7,0.607,100,8070,98.01,24.6
07/10/2026 10:00:00 AM,14515.0,10.4,0.592,100,8069,98.03,25.3
07/10/2026 10:15:00 AM,14519.0,10.3,0.596,100,8069,98.03,25.5
07/10/2026 10:30:00 AM,14526.0,10.3,0.598,100,8072,98.02,25.9
07/10/2026 10:45:00 AM,14528.0,10.3,0.6,100,8072,98.04,26.3
07/10/2026 11:00:00 AM,14521.0,10.3,0.6,100,8074,98.03,26.7
07/10/2026 11:15:00 AM,14506.0,10.3,0.6,100,8074,98.04,27.2
07/10/2026 11:30:00 AM,14311.0,10.4,0.603,100,8076,98.04,27.6
07/10/2026 11:45:00 AM,14451.0,10.7,0.598,100,8079,98.05,28.0
07/10/2026 12:00:00 PM,14457.0,10.4,0.59,100,8087,98.05,29.1
07/10/2026 12:15:00 PM,14440.0,10.3,0.594,100,8088,98.07,29.7
07/10/2026 12:30:00 PM,14425.0,10.3,0.597,100,8096,98.08,29.6
07/10/2026 12:45:00 PM,14303.0,10.3,0.598,100,8103,98.08,30.2
07/10/2026 01:00:00 PM,14317.0,10.7,0.6,100,8117,98.08,30.7
07/10/2026 01:15:00 PM,14413.0,10.4,0.589,100,8127,98.07,31.5
07/10/2026 01:30:00 PM,14421.0,10.3,0.593,100,8142,98.07,32.3
07/10/2026 01:45:00 PM,14434.0,10.3,0.596,100,8155,98.07,33.7
07/10/2026 02:00:00 PM,14434.0,10.3,0.598,100,8159,98.07,34.2
07/10/2026 02:15:00 PM,14278.0,10.6,0.601,100,8158,98.06,33.0
07/10/2026 02:30:00 PM,14483.0,10.6,0.593,100,8168,98.05,32.8
07/10/2026 02:45:00 PM,14492.0,10.4,0.59,100,8172,98.05,33.2
07/10/2026 03:00:00 PM,14504.0,10.3,0.596,100,8186,98.05,33.2
07/10/2026 03:15:00 PM,14515.0,10.3,0.598,100,8202,98.04,34.7
07/10/2026 03:30:00 PM,14443.0,10.3,0.597,100,8209,98.04,36.5
07/10/2026 03:45:00 PM,14421.0,10.8,0.603,100,8217,98.04,37.2
07/10/2026 04:00:00 PM,14548.0,10.4,0.589,100,8220,98.04,38.2
07/10/2026 04:15:00 PM,14554.0,10.3,0.594,100,8217,98.04,38.6
07/10/2026 04:30:00 PM,14561.0,10.3,0.597,100,8212,98.04,38.4
07/10/2026 04:45:00 PM,14484.0,10.3,0.597,100,8215,98.05,38.5
07/10/2026 05:00:00 PM,14460.0,10.8,0.603,100,8213,98.04,38.8
07/10/2026 05:15:00 PM,14585.0,10.4,0.589,100,8211,98.05,38.9
07/10/2026 05:30:00 PM,14589.0,10.3,0.593,100,8205,98.06,38.9
07/10/2026 05:45:00 PM,14594.0,10.3,0.597,100,8205,98.06,39.8
07/10/2026 06:00:00 PM,14463.0,10.4,0.604,100,8202,98.05,40.2
07/10/2026 06:15:00 PM,14545.0,10.8,0.6,100,8196,98.06,39.9
07/10/2026 06:30:00 PM,14612.0,10.4,0.589,100,8193,98.06,40.5
07/10/2026 06:45:00 PM,14615.0,10.3,0.596,100,8185,98.07,40.4
07/10/2026 07:00:00 PM,14615.0,10.3,0.597,100,8170,98.08,37.9
07/10/2026 07:15:00 PM,14450.0,10.5,0.598,100,8154,98.09,35.2
07/10/2026 07:30:00 PM,14576.0,10.8,0.597,100,8145,98.1,33.0
07/10/2026 07:45:00 PM,14607.0,10.4,0.589,100,8141,98.09,31.5
07/10/2026 08:00:00 PM,14600.0,10.3,0.596,100,8133,98.09,30.2
07/10/2026 08:15:00 PM,14564.0,10.3,0.596,100,8130,98.1,29.2
07/10/2026 08:30:00 PM,14417.0,10.8,0.607,100,8126,98.1,28.4
07/10/2026 08:45:00 PM,14586.0,10.6,0.592,100,8123,98.11,27.6
07/10/2026 09:00:00 PM,14580.0,10.4,0.592,100,8120,98.12,26.8
07/10/2026 09:15:00 PM,14579.0,10.3,0.597,100,8117,98.13,26.1
07/10/2026 09:30:00 PM,14580.0,10.3,0.598,100,8113,98.15,25.4
07/10/2026 09:45:00 PM,14582.0,10.3,0.598,100,8113,98.17,24.9
07/10/2026 10:00:00 PM,14405.0,10.6,0.604,100,8110,98.19,24.4
07/10/2026 10:15:00 PM,14577.0,10.7,0.597,100,8112,98.19,24.0
07/10/2026 10:30:00 PM,14597.0,10.4,0.59,100,8107,98.21,23.6
07/10/2026 10:45:00 PM,14601.0,10.3,0.596,100,8103,98.21,23.4
07/10/2026 11:00:00 PM,14607.0,10.3,0.597,100,8104,98.21,23.1
07/10/2026 11:15:00 PM,14612.0,10.3,0.598,100,8102,98.21,22.8
07/10/2026 11:30:00 PM,14416.0,10.6,0.607,100,8104,98.22,22.5
07/10/2026 11:45:00 PM,14629.0,10.6,0.593,100,8101,98.22,22.3
07/11/2026 12:00:00 AM,14628.0,10.3,0.592,100,8098,98.23,22.1
07/11/2026 12:15:00 AM,14633.0,10.3,0.597,100,8091,98.24,22.0
07/11/2026 12:30:00 AM,14637.0,10.3,0.598,100,8090,98.24,21.8
07/11/2026 12:45:00 AM,14630.0,10.3,0.598,100,8088,98.23,21.6
07/11/2026 01:00:00 AM,14616.0,10.3,0.598,100,8085,98.23,21.4
07/11/2026 01:15:00 AM,14598.0,10.3,0.597,100,8088,98.23,21.3
07/11/2026 01:30:00 AM,14565.0,10.3,0.598,100,8085,98.24,21.1
07/11/2026 01:45:00 AM,14383.0,10.6,0.607,100,8083,98.24,21.0
07/11/2026 02:00:00 AM,14577.0,10.6,0.593,100,8082,98.24,20.8
07/11/2026 02:15:00 AM,14576.0,10.3,0.592,100,8081,98.24,20.6
07/11/2026 02:30:00 AM,14577.0,10.3,0.597,100,8081,98.25,20.5
07/11/2026 02:45:00 AM,14578.0,10.3,0.598,100,8079,98.26,20.4
07/11/2026 03:00:00 AM,14581.0,10.3,0.598,100,8080,98.26,20.4
07/11/2026 03:15:00 AM,14583.0,10.3,0.6,100,8079,98.27,20.3
07/11/2026 03:30:00 AM,14585.0,10.3,0.6,100,8078,98.27,20.2
07/11/2026 03:45:00 AM,14585.0,10.3,0.6,100,8077,98.28,20.2
07/11/2026 04:00:00 AM,14412.0,10.5,0.608,100,8077,98.3,20.1
07/11/2026 04:15:00 AM,14566.0,10.7,0.6,100,8076,98.3,20.1
07/11/2026 04:30:00 AM,14586.0,10.3,0.592,100,8076,98.32,20.0
07/11/2026 04:45:00 AM,14584.0,10.3,0.597,100,8074,98.34,19.9
07/11/2026 05:00:00 AM,14582.0,10.3,0.598,100,8076,98.35,19.9
07/11/2026 05:15:00 AM,14580.0,10.3,0.6,100,8075,98.37,19.8
07/11/2026 05:30:00 AM,14579.0,10.3,0.6,100,8073,98.38,19.8
07/11/2026 05:45:00 AM,14576.0,10.3,0.6,100,8070,98.4,19.7
07/11/2026 06:00:00 AM,14574.0,10.3,0.6,100,8071,98.41,19.7
07/11/2026 06:15:00 AM,14572.0,10.3,0.601,100,8069,98.43,19.7
07/11/2026 06:30:00 AM,14571.0,10.3,0.601,100,8069,98.44,19.8
07/11/2026 06:45:00 AM,14568.0,10.3,0.601,100,8069,98.46,19.9
07/11/2026 07:00:00 AM,14428.0,10.4,0.603,100,8066,98.48,20.1
07/11/2026 07:15:00 AM,14510.0,10.7,0.604,100,8066,98.49,20.4
07/11/2026 07:30:00 AM,14565.0,10.4,0.59,100,8066,98.5,20.8
07/11/2026 07:45:00 AM,14565.0,10.3,0.597,100,8066,98.51,21.3
07/11/2026 08:00:00 AM,14570.0,10.3,0.6,100,8066,98.52,22.0
07/11/2026 08:15:00 AM,14576.0,10.3,0.6,100,8064,98.51,22.6
07/11/2026 08:30:00 AM,14583.0,10.3,0.6,100,8067,98.51,23.4
07/11/2026 08:45:00 AM,14564.0,10.3,0.6,100,8065,98.52,25.2
07/11/2026 09:00:00 AM,14432.0,10.7,0.608,100,8063,98.53,24.8
07/11/2026 09:15:00 AM,14615.0,10.5,0.593,100,8062,98.54,25.2
07/11/2026 09:30:00 AM,14622.0,10.3,0.593,100,8063,98.54,25.7
07/11/2026 09:45:00 AM,14632.0,10.3,0.598,100,8063,98.54,26.3
07/11/2026 10:00:00 AM,14641.0,10.3,0.598,100,8067,98.54,27.3
07/11/2026 10:15:00 AM,14555.0,10.4,0.601,100,8066,98.54,27.9
07/11/2026 10:30:00 AM,14558.0,10.8,0.603,100,8066,98.54,28.0
07/11/2026 10:45:00 AM,14672.0,10.4,0.589,100,8068,98.55,28.6
07/11/2026 11:00:00 AM,14678.0,10.3,0.596,100,8069,98.56,29.0
07/11/2026 11:15:00 AM,14686.0,10.3,0.598,100,8069,98.57,28.8
07/11/2026 11:30:00 AM,14595.0,10.4,0.6,100,8068,98.58,28.9
07/11/2026 11:45:00 AM,14599.0,10.8,0.604,100,8073,98.59,29.6
07/11/2026 12:00:00 PM,14710.0,10.4,0.589,100,8079,98.59,31.1
07/11/2026 12:15:00 PM,14715.0,10.3,0.594,100,8077,98.59,31.0
07/11/2026 12:30:00 PM,14720.0,10.3,0.597,100,8085,98.58,30.2
07/11/2026 12:45:00 PM,14578.0,10.5,0.601,100,8100,98.57,31.2
07/11/2026 01:00:00 PM,14679.0,10.7,0.596,100,8118,98.57,32.8
07/11/2026 01:15:00 PM,14719.0,10.3,0.589,100,8133,98.56,34.2
07/11/2026 01:30:00 PM,14707.0,10.3,0.596,100,8132,98.55,34.4
07/11/2026 01:45:00 PM,14636.0,10.3,0.597,100,8123,98.55,32.9
07/11/2026 02:00:00 PM,14542.0,10.8,0.601,100,8126,98.54,31.7
07/11/2026 02:15:00 PM,14698.0,10.5,0.589,100,8124,98.54,31.8
07/11/2026 02:30:00 PM,14704.0,10.3,0.592,100,8126,98.53,31.4
07/11/2026 02:45:00 PM,14711.0,10.3,0.597,100,8138,98.53,32.6
07/11/2026 03:00:00 PM,14567.0,10.5,0.604,100,8152,98.52,33.5
07/11/2026 03:15:00 PM,14682.0,10.8,0.597,100,8123,98.51,35.0
07/11/2026 03:30:00 PM,14739.0,10.4,0.589,100,8176,98.51,36.9
07/11/2026 03:45:00 PM,14747.0,10.3,0.596,100,8182,98.51,37.3
07/11/2026 04:00:00 PM,14632.0,10.4,0.598,100,8190,98.5,37.9
07/11/2026 04:15:00 PM,14689.0,10.8,0.597,100,8180,98.5,37.5
07/11/2026 04:30:00 PM,14773.0,10.4,0.589,100,8191,98.5,37.3
07/11/2026 04:45:00 PM,14777.0,10.3,0.596,100,8199,98.5,39.2
07/11/2026 05:00:00 PM,14674.0,10.4,0.6,100,8203,98.5,40.2
07/11/2026 05:15:00 PM,14702.0,10.9,0.597,100,8202,98.5,41.0
07/11/2026 05:30:00 PM,14798.0,10.4,0.589,100,8199,98.51,40.9
07/11/2026 05:45:00 PM,14801.0,10.3,0.594,100,8197,98.51,41.0
07/11/2026 06:00:00 PM,14630.0,10.7,0.604,100,8187,98.51,41.1
07/11/2026 06:15:00 PM,14789.0,10.7,0.593,100,8183,98.52,40.0
07/11/2026 06:30:00 PM,14815.0,10.3,0.59,100,8181,98.52,39.5
07/11/2026 06:45:00 PM,14748.0,10.4,0.596,100,8171,98.51,39.2
07/11/2026 07:00:00 PM,14692.0,11.0,0.601,100,8155,98.51,37.3
07/11/2026 07:15:00 PM,14826.0,10.4,0.587,100,8146,98.51,34.8
07/11/2026 07:30:00 PM,14824.0,10.3,0.594,100,8139,98.51,33.1
07/11/2026 07:45:00 PM,14723.0,10.4,0.598,100,8133,98.52,31.8
07/11/2026 08:00:00 PM,14713.0,10.9,0.597,100,8128,98.53,30.7
07/11/2026 08:15:00 PM,14809.0,10.4,0.587,100,8125,98.53,29.9
07/11/2026 08:30:00 PM,14800.0,10.3,0.594,100,8119,98.53,29.2
07/11/2026 08:45:00 PM,14710.0,10.4,0.598,100,8116,98.53,28.6
07/11/2026 09:00:00 PM,14672.0,10.9,0.603,100,8114,98.54,28.0
07/11/2026 09:15:00 PM,14783.0,10.4,0.587,100,8111,98.56,27.5
07/11/2026 09:30:00 PM,14778.0,10.3,0.594,100,8109,98.57,27.0
07/11/2026 09:45:00 PM,14776.0,10.3,0.597,100,8107,98.58,26.6
07/11/2026 10:00:00 PM,14631.0,10.6,0.604,100,8103,98.6,26.2
07/11/2026 10:15:00 PM,14724.0,10.8,0.597,100,8100,98.62,25.9
07/11/2026 10:30:00 PM,14758.0,10.4,0.589,100,8098,98.64,25.6
07/11/2026 10:45:00 PM,14739.0,10.3,0.596,100,8097,98.64,25.3
07/11/2026 11:00:00 PM,14680.0,10.3,0.597,100,8097,98.65,25.1
07/11/2026 11:15:00 PM,14548.0,10.9,0.603,100,8092,98.66,24.9
07/11/2026 11:30:00 PM,14699.0,10.5,0.589,100,8095,98.67,24.7
07/11/2026 11:45:00 PM,14684.0,10.3,0.59,100,8091,98.67,24.5
07/12/2026 12:00:00 AM,14671.0,10.3,0.596,100,8088,98.68,24.3
07/12/2026 12:15:00 AM,14656.0,10.3,0.597,100,8067,98.69,24.2
07/12/2026 12:30:00 AM,14460.0,10.7,0.605,100,8073,98.69,24.0
07/12/2026 12:45:00 AM,14681.0,10.6,0.592,100,8073,98.69,23.7
07/12/2026 01:00:00 AM,14688.0,10.3,0.59,100,8074,98.68,23.5
07/12/2026 01:15:00 AM,14695.0,10.3,0.596,100,8072,98.69,23.4
07/12/2026 01:30:00 AM,14702.0,10.3,0.598,100,8071,98.68,23.3
07/12/2026 01:45:00 AM,14706.0,10.3,0.598,100,8069,98.68,23.2
07/12/2026 02:00:00 AM,14626.0,10.4,0.601,100,8069,98.68,23.1
07/12/2026 02:15:00 AM,14597.0,10.9,0.604,100,8068,98.69,23.1
07/12/2026 02:30:00 AM,14715.0,10.4,0.589,100,8065,98.7,23.0
07/12/2026 02:45:00 AM,14712.0,10.3,0.594,100,8067,98.71,22.9
07/12/2026 03:00:00 AM,14708.0,10.3,0.598,100,8067,98.71,22.8
07/12/2026 03:15:00 AM,14703.0,10.3,0.598,100,8066,98.71,22.6
07/12/2026 03:30:00 AM,14694.0,10.3,0.598,100,8065,98.71,22.4
07/12/2026 03:45:00 AM,14587.0,10.4,0.604,100,8063,98.72,22.3
07/12/2026 04:00:00 AM,14568.0,10.8,0.605,100,8062,98.72,22.2
07/12/2026 04:15:00 AM,14656.0,10.4,0.589,100,8061,98.73,22.1
07/12/2026 04:30:00 AM,14638.0,10.3,0.596,100,8060,98.73,22.0
07/12/2026 04:45:00 AM,14620.0,10.3,0.598,100,8057,98.74,21.9
07/12/2026 05:00:00 AM,14603.0,10.3,0.598,100,8059,98.75,21.8
07/12/2026 05:15:00 AM,14585.0,10.3,0.598,100,8059,98.77,21.7
07/12/2026 05:30:00 AM,14568.0,10.3,0.6,100,8059,98.78,21.7
07/12/2026 05:45:00 AM,14369.0,10.5,0.601,100,8056,98.8,21.6
07/12/2026 06:00:00 AM,14527.0,10.7,0.597,100,8055,98.81,21.6
07/12/2026 06:15:00 AM,14522.0,10.4,0.59,100,8054,98.83,21.6
07/12/2026 06:30:00 AM,14504.0,10.3,0.597,100,8054,98.86,21.6
07/12/2026 06:45:00 AM,14488.0,10.3,0.598,100,8054,98.87,21.7
07/12/2026 07:00:00 AM,14473.0,10.3,0.6,100,8050,98.88,21.9
07/12/2026 07:15:00 AM,14458.0,10.3,0.6,100,8052,98.9,22.3
07/12/2026 07:30:00 AM,14444.0,10.3,0.6,100,8051,98.91,22.6
07/12/2026 07:45:00 AM,14279.0,10.4,0.6,100,8050,98.89,23.0
07/12/2026 08:00:00 AM,14393.0,10.8,0.601,100,8050,98.89,23.4
07/12/2026 08:15:00 AM,14418.0,10.4,0.59,100,8050,98.89,23.8
07/12/2026 08:30:00 AM,14409.0,10.3,0.597,100,8051,98.9,24.4
07/12/2026 08:45:00 AM,14404.0,10.3,0.598,100,8050,98.9,25.9
07/12/2026 09:00:00 AM,14319.0,10.3,0.601,100,8050,98.91,25.5
07/12/2026 09:15:00 AM,14287.0,10.8,0.607,100,8050,98.92,25.7
07/12/2026 09:30:00 AM,14394.0,10.5,0.592,100,8047,98.92,26.0
07/12/2026 09:45:00 AM,14390.0,10.3,0.593,100,8048,98.91,26.4
07/12/2026 10:00:00 AM,14386.0,10.3,0.598,100,8047,98.92,26.8
07/12/2026 10:15:00 AM,14280.0,10.3,0.598,100,8047,98.93,27.2
07/12/2026 10:30:00 AM,14300.0,10.8,0.6,100,8046,98.94,27.5
07/12/2026 10:45:00 AM,14385.0,10.5,0.59,100,8042,98.94,27.9
07/12/2026 11:00:00 AM,14384.0,10.3,0.594,100,8044,98.93,28.2
07/12/2026 11:15:00 AM,14257.0,10.4,0.597,100,8044,98.92,28.5
07/12/2026 11:30:00 AM,14331.0,10.9,0.603,100,8044,98.92,28.9
07/12/2026 11:45:00 AM,14394.0,10.4,0.589,100,8046,98.89,29.4
07/12/2026 12:00:00 PM,14395.0,10.3,0.594,100,8058,98.87,31.1
07/12/2026 12:15:00 PM,14343.0,10.3,0.597,100,8077,98.88,32.2
07/12/2026 12:30:00 PM,14263.0,10.8,0.6,100,8088,98.89,33.1
07/12/2026 12:45:00 PM,14406.0,10.6,0.592,100,8107,98.88,33.9
07/12/2026 01:00:00 PM,14401.0,10.4,0.592,100,8121,98.88,34.5
07/12/2026 01:15:00 PM,14320.0,10.3,0.596,100,8134,98.87,34.9
07/12/2026 01:30:00 PM,14246.0,10.8,0.601,100,8149,98.86,35.5
07/12/2026 01:45:00 PM,14354.0,10.6,0.592,100,8160,98.85,36.2
07/12/2026 02:00:00 PM,14332.0,10.4,0.592,100,8172,98.85,36.8
07/12/2026 02:15:00 PM,14232.0,10.3,0.596,100,8181,98.84,37.5
07/12/2026 02:30:00 PM,14195.0,10.8,0.6,100,8177,98.83,37.4
07/12/2026 02:45:00 PM,14311.0,10.6,0.59,100,8172,98.84,36.7
07/12/2026 03:00:00 PM,14271.0,10.4,0.592,100,8179,98.85,36.0
07/12/2026 03:15:00 PM,14167.0,10.8,0.598,100,8191,98.85,36.8
07/12/2026 03:30:00 PM,14331.0,10.7,0.592,100,8201,98.82,38.4
07/12/2026 03:45:00 PM,14334.0,10.4,0.59,100,8206,98.82,39.7
07/12/2026 04:00:00 PM,14148.0,10.6,0.601,100,8208,98.81,40.6
07/12/2026 04:15:00 PM,14357.0,10.9,0.594,100,8209,98.81,41.3
07/12/2026 04:30:00 PM,14359.0,10.4,0.59,100,8207,98.79,42.0
07/12/2026 04:45:00 PM,14209.0,10.5,0.596,100,8202,98.8,42.7
07/12/2026 05:00:00 PM,14343.0,11.0,0.597,100,8196,98.78,43.2
07/12/2026 05:15:00 PM,14382.0,10.5,0.59,100,8191,98.77,42.9
07/12/2026 05:30:00 PM,14294.0,10.4,0.597,100,8186,98.77,42.4
07/12/2026 05:45:00 PM,14297.0,11.0,0.598,100,8180,98.77,42.8
07/12/2026 06:00:00 PM,14403.0,10.5,0.59,100,8175,98.76,42.6
07/12/2026 06:15:00 PM,14301.0,10.4,0.596,100,8170,98.74,41.9
07/12/2026 06:30:00 PM,14332.0,11.1,0.597,100,8166,98.71,41.6
07/12/2026 06:45:00 PM,14423.0,10.5,0.589,100,8158,98.71,41.0
07/12/2026 07:00:00 PM,14331.0,10.4,0.593,100,8141,98.71,39.2
07/12/2026 07:15:00 PM,14329.0,11.1,0.598,100,8131,98.71,36.0
07/12/2026 07:30:00 PM,14426.0,10.6,0.59,100,8123,98.71,33.9
07/12/2026 07:45:00 PM,14406.0,10.4,0.593,100,8114,98.71,32.5
07/12/2026 08:00:00 PM,14234.0,10.8,0.597,100,8112,98.71,31.4
07/12/2026 08:15:00 PM,14401.0,10.9,0.594,100,8105,98.72,30.6
07/12/2026 08:30:00 PM,14369.0,10.4,0.592,100,8101,98.74,29.8
07/12/2026 08:45:00 PM,14182.0,10.5,0.597,100,8100,98.74,29.1
07/12/2026 09:00:00 PM,14286.0,11.0,0.598,100,8100,98.74,28.5
07/12/2026 09:15:00 PM,14293.0,10.5,0.59,100,8095,98.73,28.0
07/12/2026 09:30:00 PM,14227.0,10.4,0.596,100,8094,98.74,27.4
07/12/2026 09:45:00 PM,14095.0,10.6,0.6,100,8089,98.75,26.8
07/12/2026 10:00:00 PM,14233.0,10.8,0.593,100,8087,98.77,26.3
07/12/2026 10:15:00 PM,14210.0,10.4,0.59,100,8085,98.78,25.9
07/12/2026 10:30:00 PM,14099.0,10.4,0.594,100,8085,98.79,25.6
07/12/2026 10:45:00 PM,14081.0,10.7,0.601,100,8082,98.8,25.3
07/12/2026 11:00:00 PM,14172.0,10.6,0.592,100,8081,98.8,25.2
07/12/2026 11:15:00 PM,14172.0,10.4,0.592,100,8080,98.81,25.1
07/12/2026 11:30:00 PM,14038.0,10.4,0.594,100,8079,98.8,25.0
07/12/2026 11:45:00 PM,14149.0,10.9,0.601,100,8078,98.8,24.8
07/13/2026 12:00:00 AM,14205.0,10.6,0.59,100,8073,98.8,24.6
07/13/2026 12:15:00 AM,14215.0,10.4,0.593,100,8069,98.8,24.6
07/13/2026 12:30:00 AM,14125.0,10.4,0.597,100,8068,98.8,24.4
07/13/2026 12:45:00 AM,14165.0,11.0,0.601,100,8066,98.81,24.3
07/13/2026 01:00:00 AM,14264.0,10.6,0.59,100,8065,98.8,24.2
07/13/2026 01:15:00 AM,14279.0,10.4,0.593,100,8065,98.8,23.9
07/13/2026 01:30:00 AM,14295.0,10.4,0.597,100,8063,98.79,23.7
07/13/2026 01:45:00 AM,14168.0,10.5,0.6,100,8064,98.79,23.4
07/13/2026 02:00:00 AM,14282.0,11.0,0.601,100,8063,98.79,23.0
07/13/2026 02:15:00 AM,14339.0,10.5,0.59,100,8061,98.78,22.8
07/13/2026 02:30:00 AM,14349.0,10.4,0.596,100,8062,98.79,22.6
07/13/2026 02:45:00 AM,14357.0,10.4,0.598,100,8058,98.8,22.4
07/13/2026 03:00:00 AM,14213.0,10.5,0.6,100,8057,98.8,22.3
07/13/2026 03:15:00 AM,14347.0,11.0,0.598,100,8057,98.8,22.2
07/13/2026 03:30:00 AM,14386.0,10.4,0.59,100,8057,98.8,22.2
07/13/2026 03:45:00 AM,14389.0,10.4,0.596,100,8052,98.81,22.0
07/13/2026 04:00:00 AM,14394.0,10.3,0.598,100,8050,98.81,21.9
07/13/2026 04:15:00 AM,14396.0,10.3,0.598,100,8052,98.82,21.6
07/13/2026 04:30:00 AM,14308.0,10.3,0.598,100,8053,98.82,21.4
07/13/2026 04:45:00 AM,14298.0,10.9,0.601,100,8051,98.84,21.1
07/13/2026 05:00:00 AM,14395.0,10.5,0.59,100,8051,98.87,20.9
07/13/2026 05:15:00 AM,14390.0,10.4,0.594,100,8050,98.87,20.6
07/13/2026 05:30:00 AM,14384.0,10.3,0.598,100,8047,98.87,20.4
07/13/2026 05:45:00 AM,14377.0,10.3,0.6,100,8048,98.87,20.3
07/13/2026 06:00:00 AM,14370.0,10.3,0.6,100,8047,98.86,20.2
07/13/2026 06:15:00 AM,14248.0,10.4,0.603,100,8045,98.86,20.2
07/13/2026 06:30:00 AM,14173.0,11.0,0.603,100,8047,98.87,20.2
07/13/2026 06:45:00 AM,14168.0,11.4,0.605,100,8047,98.89,20.2
07/13/2026 07:00:00 AM,14161.0,11.4,0.601,100,8046,98.88,20.4
07/13/2026 07:15:00 AM,14151.0,11.4,0.604,100,8044,98.9,20.7
07/13/2026 07:30:00 AM,14144.0,11.4,0.603,100,8045,98.9,21.1
07/13/2026 07:45:00 AM,14136.0,11.3,0.601,100,8044,98.9,21.5
07/13/2026 08:00:00 AM,14131.0,11.3,0.601,100,8044,98.9,21.9
07/13/2026 08:15:00 AM,14128.0,11.3,0.598,100,8044,98.9,22.4
07/13/2026 08:30:00 AM,14127.0,11.3,0.601,100,8044,98.9,23.0
07/13/2026 08:45:00 AM,14317.0,11.0,0.596,100,8044,98.9,24.2
07/13/2026 09:00:00 AM,14309.0,10.6,0.592,100,8044,98.9,24.2
07/13/2026 09:15:00 AM,14297.0,10.5,0.596,100,8044,98.9,24.6
07/13/2026 09:30:00 AM,14284.0,10.4,0.597,100,8041,98.91,25.2
07/13/2026 09:45:00 AM,14273.0,10.4,0.597,100,8040,98.91,25.7
07/13/2026 10:00:00 AM,14265.0,10.4,0.597,100,8041,98.89,26.3
07/13/2026 10:15:00 AM,14270.0,10.4,0.597,100,8042,98.88,26.8
07/13/2026 10:30:00 AM,14286.0,10.4,0.598,100,8037,98.88,27.2
07/13/2026 10:45:00 AM,14304.0,10.4,0.598,100,8040,98.88,27.6
07/13/2026 11:00:00 AM,14325.0,10.4,0.6,100,8038,98.87,27.9
07/13/2026 11:15:00 AM,14349.0,10.4,0.6,100,8039,98.86,28.2
07/13/2026 11:30:00 AM,14371.0,10.4,0.6,100,8038,98.86,28.6
07/13/2026 11:45:00 AM,14394.0,10.4,0.6,100,8042,98.86,29.1
07/13/2026 12:00:00 PM,14418.0,10.4,0.601,100,8058,98.85,30.9
07/13/2026 12:15:00 PM,14440.0,10.3,0.601,100,8072,98.86,32.3
07/13/2026 12:30:00 PM,14462.0,10.3,0.601,100,8088,98.87,33.4
07/13/2026 12:45:00 PM,14484.0,10.3,0.601,100,8101,98.87,34.3
07/13/2026 01:00:00 PM,14504.0,10.3,0.601,100,8118,98.87,35.0
07/13/2026 01:15:00 PM,14523.0,10.3,0.601,100,8133,98.87,35.6
07/13/2026 01:30:00 PM,14536.0,10.3,0.601,100,8148,98.86,36.1
07/13/2026 01:45:00 PM,14536.0,10.3,0.601,100,8161,98.84,36.9
07/13/2026 02:00:00 PM,14431.0,10.4,0.607,100,8173,98.83,37.5
07/13/2026 02:15:00 PM,14414.0,10.8,0.607,100,8180,98.83,38.3
07/13/2026 02:30:00 PM,14345.0,10.7,0.605,100,8170,98.82,37.9
07/13/2026 02:45:00 PM,14448.0,10.9,0.601,100,8165,98.81,36.8
07/13/2026 03:00:00 PM,14346.0,11.1,0.603,100,8172,98.81,36.4
07/13/2026 03:15:00 PM,14525.0,10.8,0.593,100,8186,98.82,37.5
07/13/2026 03:30:00 PM,14526.0,10.4,0.592,100,8199,98.81,39.6
07/13/2026 03:45:00 PM,14529.0,10.4,0.596,100,8199,98.81,40.8
07/13/2026 04:00:00 PM,14532.0,10.3,0.597,100,8204,98.81,41.5
07/13/2026 04:15:00 PM,14535.0,10.3,0.597,100,8201,98.81,42.7
07/13/2026 04:30:00 PM,14536.0,10.3,0.597,100,8200,98.82,43.4
07/13/2026 04:45:00 PM,14538.0,10.3,0.597,100,8189,98.81,43.7
07/13/2026 05:00:00 PM,14539.0,10.3,0.598,100,8188,98.8,44.0
07/13/2026 05:15:00 PM,14542.0,10.3,0.598,100,8181,98.79,44.1
07/13/2026 05:30:00 PM,14543.0,10.3,0.6,100,8172,98.79,43.8
07/13/2026 05:45:00 PM,14368.0,10.6,0.604,100,8169,98.79,43.2
07/13/2026 06:00:00 PM,14435.0,10.8,0.603,100,8163,98.79,42.9
07/13/2026 06:15:00 PM,14456.0,11.1,0.607,100,8156,98.77,42.7
07/13/2026 06:30:00 PM,14407.0,10.8,0.603,100,8156,98.77,42.1
07/13/2026 06:45:00 PM,14514.0,11.0,0.596,100,8148,98.77,41.0
07/13/2026 07:00:00 PM,14389.0,11.2,0.605,100,8134,98.76,39.5
07/13/2026 07:15:00 PM,14577.0,10.8,0.592,100,8124,98.74,36.6
07/13/2026 07:30:00 PM,14463.0,10.6,0.594,100,8115,98.74,34.4
07/13/2026 07:45:00 PM,14471.0,11.2,0.598,100,8109,98.73,32.9
07/13/2026 08:00:00 PM,14467.0,10.6,0.59,100,8104,98.73,31.8
07/13/2026 08:15:00 PM,14385.0,11.2,0.603,100,8099,98.73,30.8
07/13/2026 08:30:00 PM,14465.0,10.6,0.589,100,8098,98.73,30.0
07/13/2026 08:45:00 PM,14293.0,11.0,0.597,100,8093,98.73,29.2
07/13/2026 09:00:00 PM,14457.0,10.9,0.592,100,8090,98.73,28.6
07/13/2026 09:15:00 PM,14303.0,10.6,0.592,100,8088,98.73,28.0
07/13/2026 09:30:00 PM,14371.0,11.2,0.594,100,8086,98.73,27.5
07/13/2026 09:45:00 PM,14434.0,10.6,0.589,100,8079,98.73,27.0
07/13/2026 10:00:00 PM,14442.0,10.4,0.594,100,8081,98.74,26.6
07/13/2026 10:15:00 PM,14454.0,10.4,0.597,100,8079,98.75,26.2
07/13/2026 10:30:00 PM,14464.0,10.4,0.597,100,8078,98.76,25.8
07/13/2026 10:45:00 PM,14475.0,10.4,0.597,100,8076,98.76,25.5
07/13/2026 11:00:00 PM,14298.0,10.6,0.608,100,8074,98.76,25.2
07/13/2026 11:15:00 PM,14401.0,10.9,0.598,100,8071,98.77,25.1
07/13/2026 11:30:00 PM,14387.0,11.2,0.604,100,8070,98.77,24.9
07/13/2026 11:45:00 PM,14505.0,10.6,0.59,100,8071,98.77,24.7
07/14/2026 12:00:00 AM,14358.0,10.7,0.6,100,8068,98.76,24.5
07/14/2026 12:15:00 AM,14452.0,11.1,0.597,100,8062,98.77,24.4
07/14/2026 12:30:00 AM,14495.0,10.5,0.59,100,8063,98.76,24.2
07/14/2026 12:45:00 AM,14311.0,11.0,0.601,100,8060,98.77,24.1
07/14/2026 01:00:00 AM,14317.0,11.5,0.601,100,8060,98.77,23.8
07/14/2026 01:15:00 AM,14313.0,11.5,0.604,100,8059,98.78,23.6
07/14/2026 01:30:00 AM,14308.0,11.5,0.601,100,8058,98.78,23.4
07/14/2026 01:45:00 AM,14299.0,11.5,0.597,100,8055,98.79,23.1
07/14/2026 02:00:00 AM,14422.0,11.3,0.597,100,8055,98.79,22.9
07/14/2026 02:15:00 AM,14471.0,10.7,0.59,100,8055,98.79,22.7
07/14/2026 02:30:00 AM,14458.0,10.5,0.594,100,8055,98.79,22.6
07/14/2026 02:45:00 AM,14356.0,10.5,0.598,100,8054,98.8,22.4
07/14/2026 03:00:00 AM,14282.0,11.2,0.598,100,8051,98.79,22.3
07/14/2026 03:15:00 AM,14440.0,10.9,0.593,100,8050,98.79,22.1
07/14/2026 03:30:00 AM,14427.0,10.5,0.593,100,8051,98.79,22.0
07/14/2026 03:45:00 AM,14419.0,10.4,0.597,100,8052,98.79,21.8
07/14/2026 04:00:00 AM,14223.0,10.7,0.598,100,8048,98.79,21.7
07/14/2026 04:15:00 AM,14240.0,11.4,0.601,100,8046,98.79,21.6
07/14/2026 04:30:00 AM,14409.0,11.0,0.596,100,8048,98.8,21.5
07/14/2026 04:45:00 AM,14397.0,10.6,0.593,100,8047,98.81,21.4
07/14/2026 05:00:00 AM,14389.0,10.4,0.597,100,8047,98.82,21.3
07/14/2026 05:15:00 AM,14382.0,10.4,0.598,100,8046,98.82,21.1
07/14/2026 05:30:00 AM,14188.0,10.7,0.601,100,8043,98.83,21.0
07/14/2026 05:45:00 AM,14189.0,11.3,0.604,100,8045,98.85,20.8
07/14/2026 06:00:00 AM,14184.0,11.4,0.601,100,8044,98.86,20.7
07/14/2026 06:15:00 AM,14327.0,11.2,0.597,100,8043,98.87,20.6
07/14/2026 06:30:00 AM,14351.0,10.7,0.592,100,8041,98.87,20.5
07/14/2026 06:45:00 AM,14341.0,10.5,0.596,100,8041,98.88,20.6
07/14/2026 07:00:00 AM,14325.0,10.4,0.598,100,8039,98.88,20.8
07/14/2026 07:15:00 AM,14299.0,10.4,0.598,100,8040,98.89,21.1
07/14/2026 07:30:00 AM,14179.0,10.4,0.601,100,8040,98.9,21.6
07/14/2026 07:45:00 AM,14056.0,10.8,0.598,100,8042,98.9,22.0
07/14/2026 08:00:00 AM,14032.0,11.2,0.601,100,8040,98.91,22.5
07/14/2026 08:15:00 AM,14014.0,11.1,0.603,100,8038,98.91,23.0
07/14/2026 08:30:00 AM,14114.0,11.1,0.603,100,8038,98.91,23.6
07/14/2026 08:45:00 AM,14199.0,10.8,0.593,100,8040,98.92,24.7
07/14/2026 09:00:00 AM,14201.0,10.6,0.593,100,8037,98.92,24.7
07/14/2026 09:15:00 AM,14208.0,10.5,0.597,100,8038,98.92,25.0
07/14/2026 09:30:00 AM,14214.0,10.5,0.597,100,8038,98.92,25.5
07/14/2026 09:45:00 AM,14223.0,10.4,0.598,100,8035,98.9,26.0
07/14/2026 10:00:00 AM,14232.0,10.4,0.598,100,8035,98.89,26.6
07/14/2026 10:15:00 AM,14241.0,10.4,0.598,100,8036,98.87,27.1
07/14/2026 10:30:00 AM,14249.0,10.4,0.598,100,8035,98.86,27.7
07/14/2026 10:45:00 AM,14257.0,10.4,0.6,100,8035,98.85,28.0
07/14/2026 11:00:00 AM,14263.0,10.4,0.598,100,8036,98.84,28.4
07/14/2026 11:15:00 AM,14267.0,10.4,0.6,100,8033,98.83,28.8
07/14/2026 11:30:00 AM,14270.0,10.4,0.6,100,8035,98.82,29.3
07/14/2026 11:45:00 AM,14274.0,10.4,0.601,100,8038,98.8,30.0
07/14/2026 12:00:00 PM,14277.0,10.4,0.601,100,8051,98.8,31.9
07/14/2026 12:15:00 PM,14280.0,10.4,0.601,100,8069,98.79,33.5
07/14/2026 12:30:00 PM,14283.0,10.4,0.601,100,8081,98.79,34.5
07/14/2026 12:45:00 PM,14207.0,10.4,0.601,100,8098,98.77,35.3
07/14/2026 01:00:00 PM,14175.0,10.7,0.607,100,8113,98.76,36.0
07/14/2026 01:15:00 PM,14094.0,10.8,0.607,100,8126,98.76,36.6
07/14/2026 01:30:00 PM,14134.0,11.1,0.604,100,8139,98.75,37.5
07/14/2026 01:45:00 PM,14174.0,11.2,0.601,100,8153,98.75,38.4
07/14/2026 02:00:00 PM,14035.0,11.0,0.6,100,8164,98.75,39.2
07/14/2026 02:15:00 PM,14146.0,11.1,0.6,100,8171,98.74,39.8
07/14/2026 02:30:00 PM,14135.0,11.3,0.603,100,8163,98.73,39.1
07/14/2026 02:45:00 PM,14249.0,10.8,0.592,100,8155,98.73,38.0
07/14/2026 03:00:00 PM,14257.0,10.5,0.592,100,8159,98.72,37.2
07/14/2026 03:15:00 PM,14075.0,10.8,0.598,100,8174,98.72,38.1
07/14/2026 03:30:00 PM,14209.0,11.0,0.597,100,8187,98.73,40.0
07/14/2026 03:45:00 PM,14186.0,11.3,0.6,100,8190,98.73,41.8
07/14/2026 04:00:00 PM,14191.0,10.9,0.594,100,8195,98.72,43.0
07/14/2026 04:15:00 PM,14238.0,11.3,0.597,100,8191,98.71,43.9
07/14/2026 04:30:00 PM,14158.0,11.3,0.603,100,8188,98.72,44.6
07/14/2026 04:45:00 PM,14215.0,11.3,0.6,100,8173,98.72,45.1
07/14/2026 05:00:00 PM,14283.0,11.4,0.597,100,8162,98.71,44.9
07/14/2026 05:15:00 PM,14273.0,10.7,0.589,100,8158,98.71,44.4
07/14/2026 05:30:00 PM,14177.0,11.2,0.596,100,8155,98.7,43.5
07/14/2026 05:45:00 PM,14172.0,11.1,0.593,100,8155,98.7,43.0
07/14/2026 06:00:00 PM,14234.0,11.4,0.603,100,8151,98.69,43.1
07/14/2026 06:15:00 PM,14237.0,10.7,0.592,100,8146,98.69,42.9
07/14/2026 06:30:00 PM,14116.0,11.1,0.593,100,8142,98.68,42.6
07/14/2026 06:45:00 PM,14168.0,11.2,0.597,100,8139,98.66,42.2
07/14/2026 07:00:00 PM,14119.0,11.5,0.6,100,8125,98.66,40.7
07/14/2026 07:15:00 PM,14166.0,11.3,0.598,100,8110,98.65,37.8
07/14/2026 07:30:00 PM,14212.0,11.5,0.6,100,8105,98.65,35.5
07/14/2026 07:45:00 PM,14167.0,10.9,0.59,100,8097,98.65,33.8
07/14/2026 08:00:00 PM,14216.0,11.4,0.598,100,8093,98.64,32.6
07/14/2026 08:15:00 PM,14114.0,11.2,0.601,100,8087,98.64,31.6
07/14/2026 08:30:00 PM,14211.0,11.4,0.6,100,8085,98.63,30.9
07/14/2026 08:45:00 PM,14197.0,11.5,0.6,100,8080,98.64,30.2
07/14/2026 09:00:00 PM,14286.0,10.9,0.59,100,8079,98.64,29.6
07/14/2026 09:15:00 PM,14158.0,11.2,0.596,100,8078,98.63,28.9
07/14/2026 09:30:00 PM,14318.0,11.1,0.592,100,8074,98.64,28.4
07/14/2026 09:45:00 PM,14157.0,11.2,0.596,100,8073,98.65,27.9
07/14/2026 10:00:00 PM,14345.0,11.2,0.593,100,8070,98.67,27.5
07/14/2026 10:15:00 PM,14214.0,10.8,0.593,100,8070,98.68,27.0
07/14/2026 10:30:00 PM,14280.0,11.4,0.6,100,8068,98.69,26.6
07/14/2026 10:45:00 PM,14321.0,10.7,0.589,100,8066,98.69,26.2
07/14/2026 11:00:00 PM,14303.0,10.5,0.593,100,8062,98.69,25.8
07/14/2026 11:15:00 PM,14284.0,10.4,0.597,100,8061,98.69,25.4
07/14/2026 11:30:00 PM,14076.0,10.8,0.598,100,8060,98.7,25.1
07/14/2026 11:45:00 PM,14189.0,11.2,0.6,100,8061,98.7,24.7
07/15/2026 12:00:00 AM,14188.0,11.4,0.6,100,8057,98.7,24.4
07/15/2026 12:15:00 AM,14279.0,10.8,0.592,100,8028,98.7,24.2
07/15/2026 12:30:00 AM,14119.0,11.0,0.597,100,8044,98.7,23.9
07/15/2026 12:45:00 AM,14313.0,11.1,0.594,100,8043,98.7,23.6
07/15/2026 01:00:00 AM,14209.0,10.7,0.59,100,8042,98.69,23.3
07/15/2026 01:15:00 AM,14239.0,11.4,0.597,100,8041,98.69,23.1
07/15/2026 01:30:00 AM,14327.0,10.7,0.59,100,8040,98.68,23.0
07/15/2026 01:45:00 AM,14251.0,10.6,0.594,100,8038,98.68,22.8
07/15/2026 02:00:00 AM,14226.0,11.2,0.6,100,8037,98.69,22.7
07/15/2026 02:15:00 AM,14339.0,10.8,0.59,100,8037,98.69,22.6
07/15/2026 02:30:00 AM,14262.0,10.6,0.593,100,8038,98.68,22.5
07/15/2026 02:45:00 AM,14239.0,11.2,0.6,100,8035,98.68,22.4
07/15/2026 03:00:00 AM,14352.0,10.8,0.59,100,8038,98.68,22.4
07/15/2026 03:15:00 AM,14226.0,10.7,0.593,100,8035,98.67,22.3
07/15/2026 03:30:00 AM,14301.0,11.3,0.598,100,8035,98.67,22.3
07/15/2026 03:45:00 AM,14356.0,10.7,0.59,100,8034,98.67,22.2
07/15/2026 04:00:00 AM,14325.0,10.5,0.596,100,8034,98.67,22.1
07/15/2026 04:15:00 AM,14185.0,11.0,0.601,100,8033,98.68,22.1
07/15/2026 04:30:00 AM,14341.0,10.9,0.593,100,8033,98.68,22.1
07/15/2026 04:45:00 AM,14324.0,10.5,0.593,100,8030,98.68,22.0
07/15/2026 05:00:00 AM,14207.0,10.5,0.6,100,8031,98.68,22.0
07/15/2026 05:15:00 AM,14217.0,11.2,0.6,100,8031,98.68,22.0
07/15/2026 05:30:00 AM,14285.0,10.7,0.59,100,8030,98.69,21.9
07/15/2026 05:45:00 AM,14241.0,10.5,0.594,100,8028,98.69,21.8
07/15/2026 06:00:00 AM,14070.0,10.9,0.6,100,8028,98.7,21.8
07/15/2026 06:15:00 AM,14064.0,11.6,0.598,100,8027,98.71,21.7
07/15/2026 06:30:00 AM,14163.0,11.5,0.6,100,8029,98.71,21.7
07/15/2026 06:45:00 AM,14216.0,10.8,0.592,100,8028,98.71,21.8
07/15/2026 07:00:00 AM,14202.0,10.6,0.594,100,8023,98.7,22.0
07/15/2026 07:15:00 AM,14166.0,10.5,0.598,100,8024,98.7,22.3
07/15/2026 07:30:00 AM,14031.0,10.8,0.6,100,8026,98.69,22.6
07/15/2026 07:45:00 AM,14187.0,11.0,0.596,100,8025,98.7,23.0
07/15/2026 08:00:00 AM,14171.0,10.6,0.593,100,8028,98.7,23.5
07/15/2026 08:15:00 AM,14153.0,10.5,0.597,100,8027,98.7,24.0
07/15/2026 08:30:00 AM,14124.0,10.4,0.598,100,8022,98.71,24.7
07/15/2026 08:45:00 AM,13959.0,10.6,0.597,100,8022,98.72,25.7
07/15/2026 09:00:00 AM,14132.0,11.0,0.598,100,8022,98.72,25.5
07/15/2026 09:15:00 AM,13958.0,10.7,0.597,100,8023,98.73,24.9
07/15/2026 09:30:00 AM,14089.0,11.1,0.6,100,8022,98.73,24.9
07/15/2026 09:45:00 AM,14026.0,10.7,0.594,100,8022,98.73,24.9
07/15/2026 10:00:00 AM,14020.0,11.1,0.597,100,8022,98.72,24.9
07/15/2026 10:15:00 AM,14064.0,10.8,0.594,100,8022,98.72,25.0
07/15/2026 10:30:00 AM,13979.0,11.0,0.598,100,8019,98.71,25.1
07/15/2026 10:45:00 AM,14082.0,11.0,0.594,100,8019,98.69,25.6
07/15/2026 11:00:00 AM,13983.0,11.1,0.598,100,8018,98.69,26.6
07/15/2026 11:15:00 AM,14157.0,11.1,0.594,100,8020,98.67,27.5
07/15/2026 11:30:00 AM,13992.0,11.0,0.597,100,8020,98.67,28.4
07/15/2026 11:45:00 AM,14200.0,11.2,0.594,100,8025,98.67,29.2
07/15/2026 12:00:00 PM,14035.0,11.0,0.594,100,8038,98.66,31.3
07/15/2026 12:15:00 PM,14229.0,11.3,0.596,100,8056,98.66,32.9
07/15/2026 12:30:00 PM,14123.0,10.9,0.593,100,8072,98.64,34.0
07/15/2026 12:45:00 PM,14216.0,11.4,0.6,100,8084,98.64,34.6
07/15/2026 01:00:00 PM,14184.0,10.8,0.59,100,8094,98.64,35.1
07/15/2026 01:15:00 PM,14224.0,11.4,0.597,100,8102,98.63,35.2
07/15/2026 01:30:00 PM,14215.0,10.9,0.596,100,8110,98.62,35.3
07/15/2026 01:45:00 PM,14257.0,11.5,0.603,100,8113,98.6,35.0
07/15/2026 02:00:00 PM,14233.0,11.0,0.596,100,8127,98.6,35.8
07/15/2026 02:15:00 PM,14293.0,11.5,0.601,100,8130,98.59,36.5
07/15/2026 02:30:00 PM,14243.0,11.0,0.6,100,8129,98.58,36.4
07/15/2026 02:45:00 PM,14324.0,11.5,0.598,100,8125,98.56,36.1
07/15/2026 03:00:00 PM,14257.0,11.0,0.6,100,8131,98.54,35.7
07/15/2026 03:15:00 PM,14334.0,11.5,0.598,100,8148,98.53,36.8
07/15/2026 03:30:00 PM,14248.0,11.0,0.597,100,8158,98.53,39.0
07/15/2026 03:45:00 PM,14308.0,11.5,0.598,100,8171,98.52,40.2
07/15/2026 04:00:00 PM,14204.0,11.0,0.593,100,8171,98.52,41.0
07/15/2026 04:15:00 PM,14238.0,11.5,0.601,100,8173,98.51,41.6
07/15/2026 04:30:00 PM,14192.0,11.7,0.605,100,8175,98.5,42.3
07/15/2026 04:45:00 PM,14192.0,11.4,0.597,100,8172,98.49,43.2
07/15/2026 05:00:00 PM,14248.0,11.6,0.601,100,8171,98.48,43.9
07/15/2026 05:15:00 PM,14224.0,11.7,0.603,100,8165,98.48,44.1
07/15/2026 05:30:00 PM,14321.0,11.1,0.592,100,8162,98.47,44.1
07/15/2026 05:45:00 PM,14250.0,11.6,0.605,100,8152,98.45,44.3
07/15/2026 06:00:00 PM,14400.0,11.0,0.59,100,8150,98.45,43.8
07/15/2026 06:15:00 PM,14406.0,10.6,0.592,100,8144,98.43,43.7
07/15/2026 06:30:00 PM,14415.0,10.5,0.596,100,8140,98.42,43.4
07/15/2026 06:45:00 PM,14250.0,10.9,0.605,100,8132,98.42,43.1
07/15/2026 07:00:00 PM,14361.0,11.2,0.596,100,8117,98.42,41.9
07/15/2026 07:15:00 PM,14306.0,11.5,0.604,100,8106,98.41,39.1
07/15/2026 07:30:00 PM,14319.0,11.3,0.601,100,8098,98.42,36.5
07/15/2026 07:45:00 PM,14352.0,11.6,0.6,100,8091,98.41,34.8
07/15/2026 08:00:00 PM,14314.0,11.8,0.601,100,8085,98.41,33.5
07/15/2026 08:15:00 PM,14346.0,11.3,0.598,100,8080,98.41,32.5
07/15/2026 08:30:00 PM,14352.0,11.7,0.598,100,8076,98.42,31.7
07/15/2026 08:45:00 PM,14351.0,10.8,0.592,100,8073,98.42,31.1
07/15/2026 09:00:00 PM,14280.0,11.5,0.601,100,8071,98.43,30.6
07/15/2026 09:15:00 PM,14247.0,11.4,0.598,100,8069,98.44,30.1
07/15/2026 09:30:00 PM,14381.0,11.6,0.596,100,8066,98.45,29.5
07/15/2026 09:45:00 PM,14268.0,11.1,0.601,100,8063,98.47,29.1
07/15/2026 10:00:00 PM,14397.0,11.5,0.597,100,8061,98.47,28.7
07/15/2026 10:15:00 PM,14280.0,11.3,0.601,100,8059,98.47,28.4
07/15/2026 10:30:00 PM,14445.0,11.4,0.594,100,8060,98.48,28.2
07/15/2026 10:45:00 PM,14282.0,11.5,0.603,100,8057,98.47,28.0
07/15/2026 11:00:00 PM,14483.0,11.3,0.59,100,8054,98.47,27.8
07/15/2026 11:15:00 PM,14311.0,11.6,0.604,100,8055,98.48,27.5
07/15/2026 11:30:00 PM,14368.0,11.5,0.6,100,8053,98.49,27.2
07/15/2026 11:45:00 PM,14402.0,11.7,0.598,100,8050,98.49,26.9
07/16/2026 12:00:00 AM,14393.0,10.8,0.59,100,8050,98.49,26.6
07/16/2026 12:15:00 AM,14323.0,11.6,0.598,100,8026,98.49,26.5
07/16/2026 12:30:00 AM,14414.0,11.0,0.592,100,8035,98.48,26.2
07/16/2026 12:45:00 AM,14254.0,11.4,0.603,100,8035,98.47,25.8
07/16/2026 01:00:00 AM,14416.0,11.2,0.592,100,8034,98.47,25.5
07/16/2026 01:15:00 AM,14238.0,11.0,0.598,100,8031,98.46,25.2
07/16/2026 01:30:00 AM,14397.0,11.4,0.596,100,8031,98.45,24.9
07/16/2026 01:45:00 AM,14326.0,10.8,0.592,100,8034,98.45,24.7
07/16/2026 02:00:00 AM,14327.0,11.6,0.597,100,8031,98.45,24.4
07/16/2026 02:15:00 AM,14371.0,10.9,0.589,100,8028,98.45,24.2
07/16/2026 02:30:00 AM,14287.0,11.5,0.604,100,8027,98.45,24.0
07/16/2026 02:45:00 AM,14418.0,11.0,0.59,100,8027,98.46,23.8
07/16/2026 03:00:00 AM,14302.0,10.8,0.596,100,8026,98.47,23.6
07/16/2026 03:15:00 AM,14317.0,11.5,0.598,100,8025,98.46,23.5
07/16/2026 03:30:00 AM,14387.0,10.8,0.589,100,8023,98.45,23.3
07/16/2026 03:45:00 AM,14195.0,11.0,0.6,100,8025,98.45,23.2
07/16/2026 04:00:00 AM,14356.0,11.3,0.594,100,8022,98.46,23.0
07/16/2026 04:15:00 AM,14309.0,10.7,0.592,100,8022,98.45,22.8
07/16/2026 04:30:00 AM,14191.0,11.2,0.597,100,8021,98.45,22.6
07/16/2026 04:45:00 AM,14328.0,11.1,0.592,100,8022,98.44,22.5
07/16/2026 05:00:00 AM,14221.0,10.7,0.593,100,8019,98.44,22.4
07/16/2026 05:15:00 AM,14210.0,11.4,0.6,100,8019,98.46,22.2
07/16/2026 05:30:00 AM,14291.0,10.9,0.592,100,8019,98.46,22.0
07/16/2026 05:45:00 AM,14164.0,10.7,0.596,100,8019,98.47,21.9
07/16/2026 06:00:00 AM,14202.0,11.4,0.6,100,8018,98.47,21.8
07/16/2026 06:15:00 AM,14258.0,10.8,0.59,100,8017,98.48,21.6
07/16/2026 06:30:00 AM,14245.0,10.6,0.594,100,8016,98.49,21.6
07/16/2026 06:45:00 AM,14096.0,10.6,0.601,100,8018,98.5,21.6
07/16/2026 07:00:00 AM,14139.0,11.4,0.603,100,8016,98.51,21.8
07/16/2026 07:15:00 AM,14221.0,10.9,0.592,100,8018,98.51,22.0
07/16/2026 07:30:00 AM,14196.0,10.6,0.594,100,8015,98.51,22.2
07/16/2026 07:45:00 AM,14033.0,10.9,0.6,100,8016,98.52,22.4
07/16/2026 08:00:00 AM,14201.0,11.2,0.597,100,8014,98.53,22.7
07/16/2026 08:15:00 AM,14186.0,10.7,0.592,100,8016,98.54,23.1
07/16/2026 08:30:00 AM,14054.0,10.6,0.594,100,8013,98.52,23.7
07/16/2026 08:45:00 AM,14122.0,11.3,0.6,100,8015,98.51,24.3
07/16/2026 09:00:00 AM,14166.0,10.8,0.592,100,8013,98.51,24.6
07/16/2026 09:15:00 AM,13989.0,11.0,0.596,100,8012,98.51,24.9
07/16/2026 09:30:00 AM,14173.0,11.3,0.597,100,8013,98.5,25.3
07/16/2026 09:45:00 AM,14007.0,11.0,0.593,100,8015,98.5,25.6
07/16/2026 10:00:00 AM,14153.0,11.4,0.597,100,8015,98.49,25.7
07/16/2026 10:15:00 AM,14023.0,11.0,0.593,100,8012,98.48,26.2
07/16/2026 10:30:00 AM,14146.0,11.5,0.601,100,8012,98.47,26.8
07/16/2026 10:45:00 AM,14039.0,11.0,0.594,100,8012,98.47,27.5
07/16/2026 11:00:00 AM,14133.0,11.5,0.601,100,8017,98.47,28.2
07/16/2026 11:15:00 AM,14034.0,11.0,0.593,100,8018,98.47,28.8
07/16/2026 11:30:00 AM,14062.0,11.5,0.6,100,8019,98.46,29.4
07/16/2026 11:45:00 AM,13941.0,11.4,0.6,100,8022,98.45,30.3
07/16/2026 12:00:00 PM,14121.0,11.4,0.597,100,8022,98.45,31.0
07/16/2026 12:15:00 PM,13979.0,10.9,0.59,100,8030,98.44,31.0
07/16/2026 12:30:00 PM,14065.0,11.4,0.601,100,8038,98.43,32.0
07/16/2026 12:45:00 PM,14024.0,11.0,0.597,100,8047,98.43,32.5
07/16/2026 01:00:00 PM,14094.0,11.5,0.598,100,8055,98.41,33.4
07/16/2026 01:15:00 PM,14083.0,11.0,0.592,100,8064,98.41,33.8
07/16/2026 01:30:00 PM,14131.0,11.6,0.6,100,8074,98.4,34.4
07/16/2026 01:45:00 PM,14097.0,11.2,0.597,100,8082,98.38,35.1
07/16/2026 02:00:00 PM,14224.0,11.6,0.597,100,8099,98.37,36.0
07/16/2026 02:15:00 PM,14201.0,11.0,0.59,100,8113,98.35,37.5
07/16/2026 02:30:00 PM,14213.0,11.6,0.6,100,8107,98.35,37.4
07/16/2026 02:45:00 PM,14244.0,11.0,0.592,100,8107,98.35,36.5
07/16/2026 03:00:00 PM,14188.0,11.6,0.601,100,8107,98.34,36.0
07/16/2026 03:15:00 PM,14247.0,11.0,0.593,100,8129,98.34,36.8
07/16/2026 03:30:00 PM,14164.0,11.6,0.601,100,8142,98.34,38.8
07/16/2026 03:45:00 PM,14254.0,11.1,0.593,100,8152,98.33,40.4
07/16/2026 04:00:00 PM,14148.0,11.5,0.598,100,8158,98.32,41.6
07/16/2026 04:15:00 PM,14309.0,11.1,0.592,100,8163,98.3,42.4
07/16/2026 04:30:00 PM,14231.0,10.8,0.59,100,8164,98.29,42.9
07/16/2026 04:45:00 PM,14210.0,11.5,0.598,100,8164,98.29,43.5
07/16/2026 05:00:00 PM,14209.0,11.2,0.593,100,8162,98.28,44.0
07/16/2026 05:15:00 PM,14261.0,11.6,0.6,100,8160,98.29,44.1
07/16/2026 05:30:00 PM,14256.0,10.9,0.592,100,8155,98.28,44.0
07/16/2026 05:45:00 PM,14236.0,11.6,0.603,100,8148,98.27,44.0
07/16/2026 06:00:00 PM,14263.0,11.1,0.596,100,8145,98.26,44.0
07/16/2026 06:15:00 PM,14273.0,11.7,0.601,100,8140,98.24,43.8
07/16/2026 06:30:00 PM,14230.0,11.4,0.603,100,8136,98.22,43.4
07/16/2026 06:45:00 PM,14370.0,11.6,0.597,100,8133,98.21,42.9
07/16/2026 07:00:00 PM,14239.0,11.4,0.601,100,8118,98.2,41.4
07/16/2026 07:15:00 PM,14347.0,11.9,0.603,100,8105,98.2,38.6
07/16/2026 07:30:00 PM,14455.0,10.9,0.59,100,8097,98.2,36.0
07/16/2026 07:45:00 PM,14275.0,11.4,0.603,100,8091,98.2,34.3
07/16/2026 08:00:00 PM,14371.0,11.6,0.603,100,8085,98.2,33.0
07/16/2026 08:15:00 PM,14421.0,11.8,0.601,100,8081,98.2,32.0
07/16/2026 08:30:00 PM,14467.0,10.8,0.59,100,8079,98.2,31.0
07/16/2026 08:45:00 PM,14284.0,11.4,0.603,100,8073,98.21,30.2
07/16/2026 09:00:00 PM,14439.0,11.2,0.592,100,8070,98.22,29.4
07/16/2026 09:15:00 PM,14250.0,11.4,0.601,100,8070,98.23,28.7
07/16/2026 09:30:00 PM,14422.0,11.3,0.593,100,8067,98.23,28.1
07/16/2026 09:45:00 PM,14210.0,11.4,0.6,100,8066,98.24,27.7
07/16/2026 10:00:00 PM,14407.0,11.3,0.593,100,8063,98.25,27.3
07/16/2026 10:15:00 PM,14300.0,10.9,0.594,100,8063,98.26,27.0
07/16/2026 10:30:00 PM,14337.0,11.6,0.603,100,8057,98.25,26.8
07/16/2026 10:45:00 PM,14338.0,11.0,0.593,100,8058,98.24,26.6
07/16/2026 11:00:00 PM,14342.0,11.7,0.601,100,8054,98.24,26.4
07/16/2026 11:15:00 PM,14416.0,10.9,0.589,100,8055,98.25,26.1
07/16/2026 11:30:00 PM,14280.0,11.5,0.601,100,8053,98.26,25.8
07/16/2026 11:45:00 PM,14450.0,11.1,0.592,100,8051,98.26,25.6
07/17/2026 12:00:00 AM,14324.0,10.9,0.596,100,8052,98.29,25.4
07/17/2026 12:15:00 AM,14376.0,11.6,0.601,100,8049,98.28,25.1
07/17/2026 12:30:00 AM,14441.0,10.8,0.589,100,8045,98.29,24.8
07/17/2026 12:45:00 AM,14305.0,10.8,0.6,100,8046,98.3,24.5
07/17/2026 01:00:00 AM,14380.0,11.5,0.603,100,8043,98.3,24.3
07/17/2026 01:15:00 AM,14393.0,10.8,0.592,100,8041,98.29,24.1
07/17/2026 01:30:00 AM,14281.0,11.4,0.603,100,8042,98.29,24.0
07/17/2026 01:45:00 AM,14431.0,11.0,0.592,100,8042,98.29,23.8
07/17/2026 02:00:00 AM,14294.0,10.9,0.598,100,8039,98.28,23.6
07/17/2026 02:15:00 AM,14366.0,11.5,0.6,100,8040,98.28,23.5
07/17/2026 02:30:00 AM,14411.0,10.8,0.59,100,8039,98.28,23.4
07/17/2026 02:45:00 AM,14233.0,10.9,0.6,100,8037,98.28,23.4
07/17/2026 03:00:00 AM,14338.0,11.4,0.597,100,8036,98.27,23.3
07/17/2026 03:15:00 AM,14292.0,10.7,0.59,100,8032,98.26,23.3
07/17/2026 03:30:00 AM,14198.0,11.4,0.6,100,8035,98.25,23.3
07/17/2026 03:45:00 AM,14336.0,11.0,0.592,100,8035,98.24,23.3
07/17/2026 04:00:00 AM,14305.0,10.6,0.593,100,8032,98.22,23.3
07/17/2026 04:15:00 AM,14172.0,11.2,0.601,100,8034,98.21,23.3
07/17/2026 04:30:00 AM,14343.0,11.1,0.593,100,8031,98.19,23.3
07/17/2026 04:45:00 AM,14246.0,10.7,0.593,100,8031,98.18,23.3
07/17/2026 05:00:00 AM,14248.0,11.5,0.597,100,8030,98.2,23.3
07/17/2026 05:15:00 AM,14341.0,10.9,0.589,100,8031,98.21,23.2
07/17/2026 05:30:00 AM,14245.0,10.6,0.594,100,8030,98.22,23.2
07/17/2026 05:45:00 AM,14243.0,11.4,0.601,100,8029,98.21,23.1
07/17/2026 06:00:00 AM,14336.0,10.9,0.59,100,8027,98.23,23.0
07/17/2026 06:15:00 AM,14225.0,10.7,0.592,100,8025,98.25,23.0
07/17/2026 06:30:00 AM,14247.0,11.5,0.603,100,8025,98.25,23.0
07/17/2026 06:45:00 AM,14327.0,10.8,0.59,100,8025,98.26,23.2
07/17/2026 07:00:00 AM,14320.0,10.6,0.594,100,8025,98.26,23.5
07/17/2026 07:15:00 AM,14146.0,10.9,0.601,100,8025,98.26,23.7
07/17/2026 07:30:00 AM,14261.0,11.5,0.6,100,8025,98.27,23.9
07/17/2026 07:45:00 AM,14313.0,10.8,0.59,100,8022,98.26,23.9
07/17/2026 08:00:00 AM,14191.0,10.7,0.598,100,8022,98.24,23.8
07/17/2026 08:15:00 AM,14236.0,11.4,0.598,100,8022,98.23,24.0
07/17/2026 08:30:00 AM,14288.0,10.8,0.59,100,8020,98.22,24.6
07/17/2026 08:45:00 AM,14119.0,10.8,0.597,100,8022,98.21,25.5
07/17/2026 09:00:00 AM,14194.0,11.4,0.598,100,8021,98.21,25.8
07/17/2026 09:15:00 AM,14167.0,10.8,0.592,100,8020,98.2,26.3
07/17/2026 09:30:00 AM,14027.0,11.0,0.596,100,8020,98.18,26.8
07/17/2026 09:45:00 AM,14158.0,11.2,0.594,100,8019,98.17,27.3
07/17/2026 10:00:00 AM,13983.0,10.8,0.592,100,8019,98.15,27.8
07/17/2026 10:15:00 AM,14100.0,11.3,0.597,100,8019,98.13,28.4
07/17/2026 10:30:00 AM,13993.0,10.9,0.593,100,8019,98.13,28.9
07/17/2026 10:45:00 AM,14064.0,11.3,0.6,100,8019,98.12,29.4
07/17/2026 11:00:00 AM,13990.0,11.0,0.592,100,8019,98.12,29.9
07/17/2026 11:15:00 AM,14058.0,11.4,0.598,100,8019,98.11,30.2
07/17/2026 11:30:00 AM,13974.0,11.1,0.594,100,8021,98.11,30.6
07/17/2026 11:45:00 AM,14078.0,11.5,0.598,100,8022,98.1,31.2
07/17/2026 12:00:00 PM,13980.0,11.1,0.593,100,8038,98.1,33.0
07/17/2026 12:15:00 PM,14077.0,11.5,0.598,100,8053,98.09,34.2
07/17/2026 12:30:00 PM,13961.0,11.2,0.596,100,8066,98.07,34.8
07/17/2026 12:45:00 PM,14108.0,11.6,0.598,100,8079,98.07,35.4
07/17/2026 01:00:00 PM,13991.0,11.1,0.593,100,8096,98.06,35.8
07/17/2026 01:15:00 PM,14067.0,11.6,0.597,100,8110,98.04,36.6
07/17/2026 01:30:00 PM,14017.0,11.1,0.592,100,8123,98.01,37.2
07/17/2026 01:45:00 PM,13995.0,11.3,0.598,100,8139,98.0,37.6
07/17/2026 02:00:00 PM,13983.0,11.2,0.594,100,8150,98.0,38.3
07/17/2026 02:15:00 PM,13933.0,11.3,0.596,100,8157,97.99,38.9
07/17/2026 02:30:00 PM,13885.0,11.6,0.603,100,8145,97.99,38.3
07/17/2026 02:45:00 PM,14038.0,11.5,0.596,100,8137,97.98,36.9
07/17/2026 03:00:00 PM,13842.0,11.0,0.593,100,8139,97.98,36.2
07/17/2026 03:15:00 PM,14037.0,11.4,0.598,100,8158,97.98,37.0
07/17/2026 03:30:00 PM,13882.0,11.2,0.594,100,8162,97.98,39.1
07/17/2026 03:45:00 PM,14077.0,11.5,0.597,100,8177,97.97,40.4
07/17/2026 04:00:00 PM,13897.0,11.2,0.593,100,8182,97.97,41.4
07/17/2026 04:15:00 PM,14098.0,11.5,0.597,100,8178,97.95,41.8
07/17/2026 04:30:00 PM,13940.0,11.4,0.597,100,8180,97.93,41.2
07/17/2026 04:45:00 PM,13987.0,11.9,0.604,100,8178,97.91,41.4
07/17/2026 05:00:00 PM,14115.0,11.8,0.597,100,8179,97.89,41.9
07/17/2026 05:15:00 PM,14039.0,11.2,0.594,100,8179,97.87,42.0
07/17/2026 05:30:00 PM,14105.0,11.8,0.597,100,8174,97.84,41.7
07/17/2026 05:45:00 PM,13994.0,11.7,0.603,100,8172,97.83,41.8
07/17/2026 06:00:00 PM,14106.0,11.7,0.598,100,8169,97.81,41.8
07/17/2026 06:15:00 PM,14105.0,11.9,0.603,100,8166,97.8,41.3
07/17/2026 06:30:00 PM,14017.0,11.8,0.603,100,8158,97.8,41.0
07/17/2026 06:45:00 PM,14152.0,11.7,0.594,100,8154,97.79,40.6
07/17/2026 07:00:00 PM,14098.0,11.9,0.598,100,8142,97.77,39.7
07/17/2026 07:15:00 PM,14048.0,11.8,0.603,100,8131,97.76,37.4
07/17/2026 07:30:00 PM,14219.0,11.7,0.594,100,8122,97.74,35.4
07/17/2026 07:45:00 PM,14088.0,11.2,0.593,100,8111,97.74,34.2
07/17/2026 08:00:00 PM,14163.0,11.8,0.598,100,8105,97.74,33.2
07/17/2026 08:15:00 PM,14080.0,11.8,0.597,100,8104,97.73,32.4
07/17/2026 08:30:00 PM,14245.0,11.5,0.593,100,8101,97.74,31.7
07/17/2026 08:45:00 PM,14068.0,11.4,0.6,100,8097,97.73,31.1
07/17/2026 09:00:00 PM,14244.0,11.6,0.594,100,8093,97.73,30.6
07/17/2026 09:15:00 PM,14172.0,10.9,0.59,100,8088,97.73,30.1
07/17/2026 09:30:00 PM,14071.0,11.7,0.594,100,8085,97.73,29.8
07/17/2026 09:45:00 PM,14064.0,12.1,0.6,100,8084,97.72,29.5
07/17/2026 10:00:00 PM,14046.0,12.0,0.604,100,8080,97.72,29.2
07/17/2026 10:15:00 PM,14023.0,11.9,0.6,100,8080,97.72,29.0
07/17/2026 10:30:00 PM,14179.0,11.6,0.597,100,8076,97.72,28.8
07/17/2026 10:45:00 PM,14155.0,11.0,0.592,100,8076,97.72,28.6
07/17/2026 11:00:00 PM,14071.0,10.8,0.593,100,8073,97.71,28.4
07/17/2026 11:15:00 PM,13963.0,11.1,0.594,100,8071,97.71,28.2
07/17/2026 11:30:00 PM,14087.0,11.2,0.594,100,8070,97.73,28.0
07/17/2026 11:45:00 PM,13900.0,11.0,0.594,100,8066,97.75,27.9
07/18/2026 12:00:00 AM,13894.0,11.3,0.59,100,8066,97.75,27.8
07/18/2026 12:15:00 AM,14052.0,11.5,0.6,100,8061,97.77,27.7
07/18/2026 12:30:00 AM,13939.0,11.2,0.598,100,8060,97.79,27.7
07/18/2026 12:45:00 AM,14066.0,11.5,0.6,100,8057,97.81,27.7
07/18/2026 01:00:00 AM,13926.0,11.4,0.598,100,8059,97.82,27.6
07/18/2026 01:15:00 AM,14134.0,11.6,0.596,100,8056,97.82,27.5
07/18/2026 01:30:00 AM,14143.0,10.9,0.592,100,8054,97.84,27.4
07/18/2026 01:45:00 AM,14059.0,10.8,0.597,100,8053,97.86,27.2
07/18/2026 02:00:00 AM,14105.0,11.6,0.6,100,8051,97.86,27.0
07/18/2026 02:15:00 AM,14204.0,11.0,0.59,100,8052,97.87,26.7
07/18/2026 02:30:00 AM,14048.0,11.1,0.598,100,8047,97.89,26.5
07/18/2026 02:45:00 AM,14237.0,11.4,0.596,100,8047,97.91,26.2
07/18/2026 03:00:00 AM,14260.0,10.8,0.592,100,8047,97.93,25.8
07/18/2026 03:15:00 AM,14086.0,11.2,0.601,100,8042,97.96,25.3
07/18/2026 03:30:00 AM,14303.0,11.4,0.596,100,8042,97.98,24.8
07/18/2026 03:45:00 AM,14288.0,10.7,0.593,100,8044,98.0,24.3
07/18/2026 04:00:00 AM,14128.0,11.3,0.603,100,8041,98.01,23.8
07/18/2026 04:15:00 AM,14162.0,12.0,0.605,100,8039,98.03,23.4
07/18/2026 04:30:00 AM,14333.0,11.6,0.596,100,8040,98.04,23.1
07/18/2026 04:45:00 AM,14375.0,10.8,0.592,100,8038,98.06,22.8
07/18/2026 05:00:00 AM,14387.0,10.6,0.596,100,8035,98.06,22.5
07/18/2026 05:15:00 AM,14399.0,10.6,0.597,100,8035,98.06,22.2
07/18/2026 05:30:00 AM,14409.0,10.5,0.598,100,8033,98.08,22.0
07/18/2026 05:45:00 AM,14419.0,10.5,0.597,100,8034,98.1,21.7
07/18/2026 06:00:00 AM,14429.0,10.5,0.598,100,8032,98.11,21.5
07/18/2026 06:15:00 AM,14320.0,10.7,0.605,100,8035,98.12,21.4
07/18/2026 06:30:00 AM,14261.0,11.6,0.611,100,8031,98.13,21.2
07/18/2026 06:45:00 AM,14271.0,11.8,0.604,100,8028,98.13,21.1
07/18/2026 07:00:00 AM,14424.0,11.4,0.598,100,8031,98.14,21.1
07/18/2026 07:15:00 AM,14474.0,10.8,0.592,100,8029,98.15,21.3
07/18/2026 07:30:00 AM,14477.0,10.6,0.596,100,8028,98.15,21.5
07/18/2026 07:45:00 AM,14479.0,10.5,0.597,100,8028,98.16,21.7
07/18/2026 08:00:00 AM,14478.0,10.5,0.598,100,8026,98.18,22.0
07/18/2026 08:15:00 AM,14371.0,10.6,0.601,100,8029,98.17,22.4
07/18/2026 08:30:00 AM,14354.0,11.3,0.604,100,8028,98.18,22.9
07/18/2026 08:45:00 AM,14426.0,10.7,0.592,100,8028,98.19,23.4
07/18/2026 09:00:00 AM,14214.0,11.1,0.604,100,8026,98.2,23.6
07/18/2026 09:15:00 AM,14324.0,11.6,0.603,100,8026,98.21,23.9
07/18/2026 09:30:00 AM,14382.0,10.8,0.59,100,8026,98.21,24.3
07/18/2026 09:45:00 AM,14311.0,10.6,0.594,100,8023,98.21,24.6
07/18/2026 10:00:00 AM,14203.0,11.2,0.6,100,8022,98.21,24.9
07/18/2026 10:15:00 AM,14336.0,11.0,0.592,100,8025,98.21,25.3
07/18/2026 10:30:00 AM,14324.0,10.6,0.592,100,8022,98.2,25.7
07/18/2026 10:45:00 AM,14230.0,10.5,0.597,100,8024,98.19,26.0
07/18/2026 11:00:00 AM,14233.0,11.3,0.603,100,8024,98.19,26.3
07/18/2026 11:15:00 AM,14331.0,10.8,0.59,100,8025,98.21,26.8
07/18/2026 11:30:00 AM,14190.0,10.8,0.598,100,8022,98.23,27.2
07/18/2026 11:45:00 AM,14295.0,11.4,0.597,100,8031,98.23,27.8
07/18/2026 12:00:00 PM,14292.0,10.7,0.592,100,8047,98.22,29.4
07/18/2026 12:15:00 PM,14221.0,11.4,0.603,100,8060,98.22,30.7
07/18/2026 12:30:00 PM,14368.0,11.0,0.592,100,8077,98.21,31.7
07/18/2026 12:45:00 PM,14374.0,10.6,0.593,100,8092,98.21,32.5
07/18/2026 01:00:00 PM,14315.0,10.5,0.598,100,8108,98.21,32.9
07/18/2026 01:15:00 PM,14275.0,11.3,0.604,100,8122,98.21,33.5
07/18/2026 01:30:00 PM,14357.0,10.9,0.593,100,8138,98.21,34.3
07/18/2026 01:45:00 PM,14286.0,11.5,0.604,100,8148,98.2,34.7
07/18/2026 02:00:00 PM,14433.0,10.9,0.592,100,8161,98.2,34.8
07/18/2026 02:15:00 PM,14411.0,10.6,0.593,100,8171,98.21,35.9
07/18/2026 02:30:00 PM,14286.0,11.3,0.604,100,8167,98.21,35.5
07/18/2026 02:45:00 PM,14461.0,11.0,0.592,100,8158,98.2,34.6
07/18/2026 03:00:00 PM,14464.0,10.6,0.593,100,8158,98.19,34.2
07/18/2026 03:15:00 PM,14277.0,11.2,0.607,100,8180,98.2,35.2
07/18/2026 03:30:00 PM,14484.0,11.1,0.593,100,8184,98.19,37.2
07/18/2026 03:45:00 PM,14316.0,11.2,0.607,100,8193,98.2,37.8
07/18/2026 04:00:00 PM,14470.0,11.3,0.593,100,8197,98.21,38.8
07/18/2026 04:15:00 PM,14437.0,10.7,0.593,100,8200,98.2,39.9
07/18/2026 04:30:00 PM,14364.0,11.5,0.603,100,8205,98.19,41.1
07/18/2026 04:45:00 PM,14508.0,10.9,0.59,100,8202,98.18,41.8
07/18/2026 05:00:00 PM,14428.0,10.7,0.598,100,8199,98.18,42.1
07/18/2026 05:15:00 PM,14405.0,11.5,0.603,100,8192,98.18,42.1
07/18/2026 05:30:00 PM,14522.0,10.8,0.59,100,8186,98.17,42.0
07/18/2026 05:45:00 PM,14346.0,11.3,0.603,100,8183,98.16,41.9
07/18/2026 06:00:00 PM,14524.0,11.2,0.593,100,8177,98.17,41.6
07/18/2026 06:15:00 PM,14537.0,10.6,0.592,100,8171,98.16,41.0
07/18/2026 06:30:00 PM,14360.0,11.2,0.6,100,8164,98.15,40.5
07/18/2026 06:45:00 PM,14542.0,11.2,0.594,100,8160,98.15,39.8
07/18/2026 07:00:00 PM,14488.0,10.7,0.593,100,8149,98.15,38.6
07/18/2026 07:15:00 PM,14437.0,11.5,0.601,100,8139,98.16,36.1
07/18/2026 07:30:00 PM,14569.0,10.8,0.59,100,8129,98.16,33.7
07/18/2026 07:45:00 PM,14452.0,10.8,0.598,100,8121,98.17,32.1
07/18/2026 08:00:00 PM,14507.0,11.5,0.6,100,8115,98.17,30.8
07/18/2026 08:15:00 PM,14582.0,10.7,0.589,100,8111,98.18,29.7
07/18/2026 08:30:00 PM,14557.0,10.5,0.596,100,8109,98.19,28.7
07/18/2026 08:45:00 PM,14425.0,11.4,0.607,100,8103,98.19,27.8
07/18/2026 09:00:00 PM,14601.0,10.9,0.59,100,8101,98.19,27.0
07/18/2026 09:15:00 PM,14585.0,10.5,0.592,100,8099,98.2,26.2
07/18/2026 09:30:00 PM,14408.0,11.3,0.604,100,8097,98.22,25.6
07/18/2026 09:45:00 PM,14410.0,11.8,0.607,100,8094,98.22,24.9
07/18/2026 10:00:00 PM,14490.0,11.7,0.601,100,8091,98.23,24.4
07/18/2026 10:15:00 PM,14568.0,10.9,0.59,100,8091,98.24,23.9
07/18/2026 10:30:00 PM,14544.0,10.6,0.594,100,8088,98.25,23.4
07/18/2026 10:45:00 PM,14509.0,10.5,0.596,100,8088,98.25,23.0
07/18/2026 11:00:00 PM,14328.0,11.1,0.605,100,8084,98.26,22.7
07/18/2026 11:15:00 PM,14518.0,11.0,0.593,100,8086,98.26,22.4
07/18/2026 11:30:00 PM,14508.0,10.6,0.592,100,8083,98.28,22.1
07/18/2026 11:45:00 PM,14503.0,10.5,0.596,100,8081,98.29,21.8
07/19/2026 12:00:00 AM,14337.0,10.8,0.603,100,8080,98.3,21.5
07/19/2026 12:15:00 AM,14307.0,11.6,0.605,100,8074,98.32,21.3
07/19/2026 12:30:00 AM,14305.0,11.8,0.601,100,8074,98.32,21.0
07/19/2026 12:45:00 AM,14468.0,11.4,0.597,100,8075,98.33,20.8
07/19/2026 01:00:00 AM,14481.0,10.8,0.592,100,8072,98.33,20.6
07/19/2026 01:15:00 AM,14473.0,10.6,0.596,100,8072,98.33,20.3
07/19/2026 01:30:00 AM,14467.0,10.5,0.597,100,8069,98.34,20.1
07/19/2026 01:45:00 AM,14461.0,10.5,0.598,100,8068,98.36,19.9
07/19/2026 02:00:00 AM,14315.0,10.6,0.605,100,8067,98.38,19.8
07/19/2026 02:15:00 AM,14415.0,11.2,0.598,100,8067,98.38,19.7
07/19/2026 02:30:00 AM,14455.0,10.6,0.59,100,8064,98.38,19.6
07/19/2026 02:45:00 AM,14452.0,10.5,0.597,100,8065,98.38,19.4
07/19/2026 03:00:00 AM,14449.0,10.4,0.598,100,8066,98.38,19.2
07/19/2026 03:15:00 AM,14258.0,10.9,0.601,100,8063,98.39,19.0
07/19/2026 03:30:00 AM,14266.0,11.6,0.607,100,8063,98.41,18.9
07/19/2026 03:45:00 AM,14267.0,11.6,0.601,100,8063,98.42,18.8
07/19/2026 04:00:00 AM,14268.0,11.6,0.605,100,8060,98.42,18.7
07/19/2026 04:15:00 AM,14268.0,11.6,0.6,100,8060,98.41,18.6
07/19/2026 04:30:00 AM,14267.0,11.6,0.601,100,8058,98.41,18.5
07/19/2026 04:45:00 AM,14266.0,11.6,0.603,100,8059,98.41,18.4
07/19/2026 05:00:00 AM,14265.0,11.6,0.603,100,8057,98.41,18.2
07/19/2026 05:15:00 AM,14266.0,11.6,0.601,100,8058,98.4,18.1
07/19/2026 05:30:00 AM,14264.0,11.6,0.6,100,8058,98.41,18.0
07/19/2026 05:45:00 AM,14415.0,11.3,0.597,100,8056,98.42,17.9
07/19/2026 06:00:00 AM,14443.0,10.8,0.59,100,8055,98.42,17.8
07/19/2026 06:15:00 AM,14438.0,10.6,0.596,100,8054,98.43,17.7
07/19/2026 06:30:00 AM,14436.0,10.6,0.597,100,8056,98.42,17.7
07/19/2026 06:45:00 AM,14433.0,10.5,0.597,100,8054,98.42,17.9
07/19/2026 07:00:00 AM,14431.0,10.5,0.597,100,8053,98.41,18.1
07/19/2026 07:15:00 AM,14431.0,10.5,0.598,100,8052,98.4,18.4
07/19/2026 07:30:00 AM,14429.0,10.4,0.598,100,8053,98.4,18.8
07/19/2026 07:45:00 AM,14428.0,10.4,0.598,100,8054,98.4,19.4
07/19/2026 08:00:00 AM,14425.0,10.4,0.6,100,8051,98.4,20.1
07/19/2026 08:15:00 AM,14249.0,10.7,0.608,100,8049,98.39,20.8
07/19/2026 08:30:00 AM,14246.0,11.4,0.608,100,8051,98.38,21.6
07/19/2026 08:45:00 AM,14247.0,11.5,0.604,100,8051,98.38,22.4
07/19/2026 09:00:00 AM,14248.0,11.5,0.604,100,8051,98.37,23.0
07/19/2026 09:15:00 AM,14247.0,11.5,0.605,100,8051,98.38,23.6
07/19/2026 09:30:00 AM,14246.0,11.5,0.6,100,8050,98.37,24.2
07/19/2026 09:45:00 AM,14398.0,11.3,0.598,100,8050,98.37,24.7
07/19/2026 10:00:00 AM,14426.0,10.8,0.59,100,8048,98.36,25.2
07/19/2026 10:15:00 AM,14409.0,10.6,0.596,100,8049,98.35,25.7
07/19/2026 10:30:00 AM,14389.0,10.5,0.597,100,8048,98.34,26.2
07/19/2026 10:45:00 AM,14215.0,10.7,0.601,100,8050,98.34,26.6
07/19/2026 11:00:00 AM,14327.0,11.2,0.598,100,8049,98.33,27.1
07/19/2026 11:15:00 AM,14360.0,10.7,0.59,100,8050,98.33,27.7
07/19/2026 11:30:00 AM,14263.0,10.6,0.596,100,8050,98.33,28.3
07/19/2026 11:45:00 AM,14299.0,11.2,0.6,100,8057,98.32,29.0
07/19/2026 12:00:00 PM,14398.0,10.7,0.59,100,8069,98.3,30.8
07/19/2026 12:15:00 PM,14411.0,10.5,0.596,100,8082,98.28,31.9
07/19/2026 12:30:00 PM,14283.0,10.7,0.601,100,8095,98.29,33.2
07/19/2026 12:45:00 PM,14256.0,11.5,0.607,100,8110,98.27,33.8
07/19/2026 01:00:00 PM,14426.0,11.3,0.597,100,8120,98.27,34.3
07/19/2026 01:15:00 PM,14414.0,10.7,0.592,100,8132,98.25,34.4
07/19/2026 01:30:00 PM,14347.0,11.3,0.605,100,8145,98.24,34.9
07/19/2026 01:45:00 PM,14496.0,10.9,0.59,100,8155,98.24,35.4
07/19/2026 02:00:00 PM,14503.0,10.6,0.593,100,8155,98.22,35.2
07/19/2026 02:15:00 PM,14332.0,11.0,0.603,100,8157,98.21,35.0
07/19/2026 02:30:00 PM,14517.0,11.1,0.594,100,8152,98.19,34.3
07/19/2026 02:45:00 PM,14479.0,10.6,0.593,100,8151,98.18,33.4
07/19/2026 03:00:00 PM,14391.0,11.4,0.605,100,8150,98.17,33.1
07/19/2026 03:15:00 PM,14552.0,10.9,0.59,100,8160,98.16,33.6
07/19/2026 03:30:00 PM,14462.0,10.7,0.598,100,8170,98.15,34.1
07/19/2026 03:45:00 PM,14467.0,11.4,0.6,100,8176,98.14,35.2
07/19/2026 04:00:00 PM,14572.0,10.7,0.59,100,8188,98.13,36.1
07/19/2026 04:15:00 PM,14549.0,10.5,0.594,100,8196,98.12,37.5
07/19/2026 04:30:00 PM,14420.0,11.3,0.605,100,8199,98.11,38.9
07/19/2026 04:45:00 PM,14597.0,10.9,0.59,100,8202,98.11,39.2
07/19/2026 05:00:00 PM,14490.0,10.7,0.598,100,8202,98.1,39.2
07/19/2026 05:15:00 PM,14522.0,11.4,0.597,100,8202,98.09,39.1
07/19/2026 05:30:00 PM,14546.0,10.8,0.592,100,8197,98.08,39.2
07/19/2026 05:45:00 PM,14495.0,11.5,0.601,100,8197,98.08,39.1
07/19/2026 06:00:00 PM,14627.0,10.8,0.59,100,8190,98.07,38.6
07/19/2026 06:15:00 PM,14631.0,10.5,0.593,100,8186,98.06,37.9
07/19/2026 06:30:00 PM,14465.0,11.0,0.604,100,8180,98.04,37.0
07/19/2026 06:45:00 PM,14625.0,11.1,0.594,100,8177,98.02,36.1
07/19/2026 07:00:00 PM,14651.0,10.6,0.592,100,8167,98.01,35.2
07/19/2026 07:15:00 PM,14497.0,10.9,0.603,100,8158,98.0,33.1
07/19/2026 07:30:00 PM,14630.0,11.2,0.594,100,8154,98.0,31.2
07/19/2026 07:45:00 PM,14622.0,10.6,0.593,100,8142,97.98,29.9
07/19/2026 08:00:00 PM,14457.0,11.4,0.604,100,8140,97.97,29.1
07/19/2026 08:15:00 PM,14445.0,11.8,0.601,100,8135,97.96,28.4
07/19/2026 08:30:00 PM,14427.0,11.7,0.605,100,8131,97.95,27.6
07/19/2026 08:45:00 PM,14602.0,11.2,0.594,100,8127,97.94,26.9
07/19/2026 09:00:00 PM,14589.0,10.7,0.59,100,8126,97.95,26.3
07/19/2026 09:15:00 PM,14397.0,11.0,0.6,100,8123,97.95,25.8
07/19/2026 09:30:00 PM,14366.0,11.7,0.603,100,8116,97.96,25.3
07/19/2026 09:45:00 PM,14358.0,11.7,0.601,100,8117,97.95,24.9
07/19/2026 10:00:00 PM,14527.0,11.4,0.596,100,8114,97.95,24.6
07/19/2026 10:15:00 PM,14567.0,10.8,0.59,100,8112,97.95,24.3
07/19/2026 10:30:00 PM,14573.0,10.6,0.594,100,8110,97.94,24.1
07/19/2026 10:45:00 PM,14579.0,10.5,0.596,100,8107,97.95,23.9
07/19/2026 11:00:00 PM,14399.0,11.0,0.603,100,8107,97.93,23.7
07/19/2026 11:15:00 PM,14582.0,11.1,0.596,100,8107,97.91,23.5
07/19/2026 11:30:00 PM,14588.0,10.6,0.592,100,8103,97.88,23.4
07/19/2026 11:45:00 PM,14517.0,10.5,0.598,100,8102,97.87,23.2
07/20/2026 12:00:00 AM,14460.0,11.3,0.603,100,8100,97.88,23.1
07/20/2026 12:15:00 AM,14585.0,10.8,0.59,100,8069,97.89,23.2
07/20/2026 12:30:00 AM,14583.0,10.5,0.594,100,8087,97.88,23.1
07/20/2026 12:45:00 AM,14585.0,10.4,0.597,100,8084,97.86,22.9
07/20/2026 01:00:00 AM,14590.0,10.4,0.598,100,8084,97.86,22.8
07/20/2026 01:15:00 AM,14440.0,10.8,0.603,100,8083,97.84,22.8
07/20/2026 01:30:00 AM,14418.0,11.5,0.603,100,8080,97.82,22.8
07/20/2026 01:45:00 AM,14427.0,11.6,0.605,100,8079,97.82,22.7
07/20/2026 02:00:00 AM,14518.0,11.5,0.603,100,8079,97.8,22.7
07/20/2026 02:15:00 AM,14639.0,10.8,0.59,100,8079,97.77,22.6
07/20/2026 02:30:00 AM,14642.0,10.6,0.593,100,8078,97.74,22.6
07/20/2026 02:45:00 AM,14646.0,10.5,0.596,100,8076,97.72,22.6
07/20/2026 03:00:00 AM,14649.0,10.4,0.597,100,8076,97.67,22.6
07/20/2026 03:15:00 AM,14581.0,10.4,0.596,100,8073,97.64,22.6
07/20/2026 03:30:00 AM,14453.0,11.3,0.608,100,8075,97.63,22.6
07/20/2026 03:45:00 AM,14449.0,11.6,0.605,100,8073,97.65,22.7
07/20/2026 04:00:00 AM,14442.0,11.6,0.6,100,8072,97.67,22.7
07/20/2026 04:15:00 AM,14423.0,11.6,0.6,100,8071,97.85,22.4
07/20/2026 04:30:00 AM,14483.0,11.4,0.6,100,8069,97.87,21.6
07/20/2026 04:45:00 AM,14413.0,11.4,0.604,100,8067,97.7,21.2
07/20/2026 05:00:00 AM,14419.0,11.6,0.603,100,8067,97.5,21.0
07/20/2026 05:15:00 AM,14405.0,11.5,0.598,100,8066,97.57,20.8
07/20/2026 05:30:00 AM,14395.0,11.5,0.604,100,8066,97.58,20.7
07/20/2026 05:45:00 AM,14390.0,11.5,0.601,100,8063,97.52,20.8
07/20/2026 06:00:00 AM,14512.0,11.4,0.598,100,8063,97.5,20.9
07/20/2026 06:15:00 AM,14549.0,10.8,0.59,100,8063,97.82,21.0
07/20/2026 06:30:00 AM,14547.0,10.6,0.594,100,8060,97.67,20.9
07/20/2026 06:45:00 AM,14548.0,10.5,0.596,100,8060,97.5,20.8
07/20/2026 07:00:00 AM,14537.0,10.5,0.597,100,8059,97.55,20.8
07/20/2026 07:15:00 AM,14531.0,10.5,0.597,100,8060,97.55,20.9
07/20/2026 07:30:00 AM,14519.0,10.5,0.597,100,8060,97.52,20.9
07/20/2026 07:45:00 AM,14495.0,10.4,0.597,100,8056,97.53,20.8
07/20/2026 08:00:00 AM,14430.0,10.4,0.597,100,8056,97.49,20.7
07/20/2026 08:15:00 AM,14253.0,10.9,0.601,100,8055,97.46,20.8
07/20/2026 08:30:00 AM,14235.0,11.4,0.604,100,8054,97.48,21.0
07/20/2026 08:45:00 AM,14215.0,11.5,0.607,100,8054,97.49,21.3
07/20/2026 09:00:00 AM,14203.0,11.5,0.603,100,8055,97.46,21.7
07/20/2026 09:15:00 AM,14208.0,11.5,0.601,100,8057,97.44,22.4
07/20/2026 09:30:00 AM,14220.0,11.5,0.601,100,8056,97.44,22.8
07/20/2026 09:45:00 AM,14238.0,11.5,0.597,100,8054,97.42,23.4
07/20/2026 10:00:00 AM,14257.0,11.5,0.603,100,8054,97.43,24.1
07/20/2026 10:15:00 AM,14475.0,11.2,0.596,100,8054,97.41,24.7
07/20/2026 10:30:00 AM,14486.0,10.8,0.592,100,8054,97.39,25.4
07/20/2026 10:45:00 AM,14424.0,10.6,0.596,100,8051,97.36,26.0
07/20/2026 11:00:00 AM,14412.0,11.2,0.603,100,8052,97.37,26.7
07/20/2026 11:15:00 AM,14543.0,10.8,0.59,100,8051,97.39,27.3
07/20/2026 11:30:00 AM,14465.0,10.6,0.597,100,8053,97.37,27.9
07/20/2026 11:45:00 AM,14481.0,11.3,0.603,100,8059,97.34,28.7
07/20/2026 12:00:00 PM,14596.0,10.7,0.589,100,8069,97.36,30.3
07/20/2026 12:15:00 PM,14500.0,10.7,0.598,100,8073,97.34,30.6
07/20/2026 12:30:00 PM,14541.0,11.3,0.601,100,8076,97.35,30.3
07/20/2026 12:45:00 PM,14638.0,10.7,0.589,100,8073,97.39,30.2
07/20/2026 01:00:00 PM,14589.0,10.5,0.594,100,8070,97.36,29.7
07/20/2026 01:15:00 PM,14539.0,11.3,0.6,100,8079,97.25,28.2
07/20/2026 01:30:00 PM,14683.0,10.7,0.59,100,8104,97.32,28.8
07/20/2026 01:45:00 PM,14678.0,10.5,0.594,100,8120,97.33,30.7
07/20/2026 02:00:00 PM,14671.0,10.4,0.597,100,8141,97.28,32.1
07/20/2026 02:15:00 PM,14488.0,10.9,0.605,100,8149,97.26,33.5
07/20/2026 02:30:00 PM,14636.0,11.0,0.596,100,8143,97.25,33.5
07/20/2026 02:45:00 PM,14655.0,10.5,0.59,100,8140,97.24,32.9
07/20/2026 03:00:00 PM,14633.0,10.4,0.596,100,8142,97.24,32.9
07/20/2026 03:15:00 PM,14504.0,11.2,0.605,100,8145,97.24,33.3
07/20/2026 03:30:00 PM,14599.0,11.0,0.596,100,8158,97.2,34.4
07/20/2026 03:45:00 PM,14607.0,11.4,0.601,100,8175,97.16,36.0
07/20/2026 04:00:00 PM,14678.0,10.7,0.592,100,8183,97.12,36.8
07/20/2026 04:15:00 PM,14581.0,11.4,0.6,100,8191,97.09,37.9
07/20/2026 04:30:00 PM,14745.0,10.8,0.59,100,8193,97.07,38.7
07/20/2026 04:45:00 PM,14608.0,10.9,0.597,100,8194,97.09,39.1
07/20/2026 05:00:00 PM,14716.0,11.2,0.596,100,8198,97.1,40.0
07/20/2026 05:15:00 PM,14715.0,10.6,0.592,100,8198,97.13,40.5
07/20/2026 05:30:00 PM,14639.0,11.4,0.598,100,8193,97.15,40.0
07/20/2026 05:45:00 PM,14781.0,10.7,0.589,100,8192,97.16,39.7
07/20/2026 06:00:00 PM,14773.0,10.5,0.594,100,8190,97.19,39.4
07/20/2026 06:15:00 PM,14622.0,10.8,0.601,100,8185,97.2,38.8
07/20/2026 06:30:00 PM,14709.0,11.1,0.596,100,8180,97.21,38.2
07/20/2026 06:45:00 PM,14696.0,10.6,0.59,100,8177,97.21,37.6
07/20/2026 07:00:00 PM,14556.0,11.4,0.604,100,8164,97.22,36.8
07/20/2026 07:15:00 PM,14677.0,10.8,0.59,100,8156,97.21,34.6
07/20/2026 07:30:00 PM,14527.0,10.6,0.593,100,8147,97.21,32.5
07/20/2026 07:45:00 PM,14515.0,11.3,0.598,100,8141,97.22,31.0
07/20/2026 08:00:00 PM,14570.0,10.7,0.589,100,8137,97.23,29.8
07/20/2026 08:15:00 PM,14392.0,10.7,0.597,100,8129,97.24,28.9
07/20/2026 08:30:00 PM,14342.0,11.6,0.598,100,8126,97.25,28.2
07/20/2026 08:45:00 PM,14362.0,11.7,0.6,100,8123,97.24,27.5
07/20/2026 09:00:00 PM,14359.0,11.7,0.601,100,8121,97.25,26.9
07/20/2026 09:15:00 PM,14374.0,11.7,0.597,100,8117,97.25,26.4
07/20/2026 09:30:00 PM,14586.0,11.2,0.594,100,8114,97.26,26.0
07/20/2026 09:45:00 PM,14593.0,10.7,0.592,100,8113,97.29,25.7
07/20/2026 10:00:00 PM,14606.0,10.6,0.596,100,8108,97.31,25.4
07/20/2026 10:15:00 PM,14621.0,10.5,0.597,100,8107,97.32,25.1
07/20/2026 10:30:00 PM,14638.0,10.5,0.597,100,8106,97.32,24.8
07/20/2026 10:45:00 PM,14547.0,10.6,0.6,100,8104,97.32,24.6
07/20/2026 11:00:00 PM,14587.0,11.2,0.6,100,8104,97.32,24.3
07/20/2026 11:15:00 PM,14647.0,10.6,0.59,100,8101,97.33,24.0
07/20/2026 11:30:00 PM,14522.0,11.4,0.607,100,8098,97.33,23.8
07/20/2026 11:45:00 PM,14707.0,10.9,0.59,100,8097,97.32,23.6
07/21/2026 12:00:00 AM,14697.0,10.5,0.593,100,8095,97.32,23.4
07/21/2026 12:15:00 AM,14687.0,10.4,0.596,100,8069,97.32,23.4
07/21/2026 12:30:00 AM,14674.0,10.4,0.597,100,8078,97.32,23.3
07/21/2026 12:45:00 AM,14665.0,10.4,0.597,100,8080,97.33,23.0
07/21/2026 01:00:00 AM,14664.0,10.4,0.597,100,8079,97.34,22.9
07/21/2026 01:15:00 AM,14463.0,10.9,0.608,100,8076,97.34,22.8
07/21/2026 01:30:00 AM,14472.0,11.6,0.607,100,8075,97.35,22.7
07/21/2026 01:45:00 AM,14473.0,11.6,0.6,100,8074,97.34,22.7
07/21/2026 02:00:00 AM,14470.0,11.6,0.604,100,8076,97.34,22.7
07/21/2026 02:15:00 AM,14465.0,11.6,0.603,100,8074,97.34,22.7
07/21/2026 02:30:00 AM,14458.0,11.5,0.597,100,8072,97.35,22.6
07/21/2026 02:45:00 AM,14449.0,11.5,0.598,100,8071,97.35,22.5
07/21/2026 03:00:00 AM,14440.0,11.5,0.601,100,8069,97.36,22.4
07/21/2026 03:15:00 AM,14565.0,11.3,0.6,100,8070,97.38,22.2
07/21/2026 03:30:00 AM,14610.0,10.8,0.59,100,8066,97.39,22.0
07/21/2026 03:45:00 AM,14595.0,10.6,0.594,100,8068,97.4,21.8
07/21/2026 04:00:00 AM,14582.0,10.5,0.596,100,8067,97.42,21.7
07/21/2026 04:15:00 AM,14570.0,10.5,0.597,100,8065,97.45,21.6
07/21/2026 04:30:00 AM,14559.0,10.4,0.597,100,8065,97.46,21.4
07/21/2026 04:45:00 AM,14549.0,10.4,0.597,100,8063,97.49,21.3
07/21/2026 05:00:00 AM,14539.0,10.4,0.598,100,8061,97.5,21.1
07/21/2026 05:15:00 AM,14424.0,10.5,0.601,100,8060,97.51,20.8
07/21/2026 05:30:00 AM,14349.0,11.2,0.61,100,8060,97.54,20.6
07/21/2026 05:45:00 AM,14334.0,11.5,0.605,100,8060,97.55,20.3
07/21/2026 06:00:00 AM,14330.0,11.5,0.604,100,8060,97.57,20.1
07/21/2026 06:15:00 AM,14324.0,11.5,0.598,100,8059,97.58,19.8
07/21/2026 06:30:00 AM,14328.0,11.4,0.598,100,8056,97.61,19.7
07/21/2026 06:45:00 AM,14302.0,11.4,0.601,100,8055,97.63,19.5
07/21/2026 07:00:00 AM,14290.0,11.4,0.598,100,8057,97.65,19.5
07/21/2026 07:15:00 AM,14445.0,11.2,0.597,100,8054,97.67,19.5
07/21/2026 07:30:00 AM,14446.0,10.8,0.59,100,8053,97.68,19.7
07/21/2026 07:45:00 AM,14426.0,10.6,0.596,100,8051,97.69,19.9
07/21/2026 08:00:00 AM,14406.0,10.5,0.597,100,8054,97.72,20.2
07/21/2026 08:15:00 AM,14221.0,10.7,0.6,100,8054,97.75,20.5
07/21/2026 08:30:00 AM,14170.0,11.3,0.603,100,8051,97.76,20.9
07/21/2026 08:45:00 AM,14152.0,11.5,0.603,100,8051,97.77,21.2
07/21/2026 09:00:00 AM,14112.0,11.5,0.605,100,8050,97.78,21.4
07/21/2026 09:15:00 AM,14097.0,11.5,0.598,100,8049,97.8,21.6
07/21/2026 09:30:00 AM,14061.0,11.4,0.603,100,8049,97.82,21.7
07/21/2026 09:45:00 AM,14179.0,11.4,0.6,100,8048,97.83,21.9
07/21/2026 10:00:00 AM,14233.0,10.9,0.592,100,8051,97.84,22.1
07/21/2026 10:15:00 AM,14228.0,10.7,0.593,100,8052,97.87,22.3
07/21/2026 10:30:00 AM,14230.0,10.6,0.596,100,8053,97.89,22.6
07/21/2026 10:45:00 AM,14046.0,10.8,0.598,100,8053,97.9,22.9
07/21/2026 11:00:00 AM,14222.0,11.2,0.597,100,8055,97.91,23.2
07/21/2026 11:15:00 AM,14244.0,10.7,0.59,100,8057,97.93,23.3
07/21/2026 11:30:00 AM,14245.0,10.6,0.596,100,8059,97.95,23.4
07/21/2026 11:45:00 AM,14248.0,10.5,0.597,100,8065,97.97,24.1
07/21/2026 12:00:00 PM,14152.0,10.5,0.598,100,8075,97.97,24.8
07/21/2026 12:15:00 PM,14170.0,11.2,0.603,100,8079,97.98,25.0
07/21/2026 12:30:00 PM,14271.0,10.8,0.592,100,8098,97.98,25.5
07/21/2026 12:45:00 PM,14272.0,10.6,0.594,100,8114,97.98,26.2
07/21/2026 01:00:00 PM,14276.0,10.5,0.597,100,8126,98.0,26.4
07/21/2026 01:15:00 PM,14118.0,10.7,0.6,100,8139,98.0,26.8
07/21/2026 01:30:00 PM,14270.0,11.1,0.596,100,8147,98.01,27.0
07/21/2026 01:45:00 PM,14292.0,10.6,0.592,100,8166,98.02,27.6
07/21/2026 02:00:00 PM,14293.0,10.5,0.596,100,8181,98.01,28.4
07/21/2026 02:15:00 PM,14214.0,10.4,0.598,100,8186,98.02,28.5
07/21/2026 02:30:00 PM,14108.0,11.1,0.603,100,8180,98.02,27.9
07/21/2026 02:45:00 PM,14221.0,11.4,0.603,100,8180,98.03,27.5
07/21/2026 03:00:00 PM,14281.0,10.8,0.592,100,8184,98.04,27.6
07/21/2026 03:15:00 PM,14268.0,10.6,0.594,100,8190,98.05,27.9
07/21/2026 03:30:00 PM,14118.0,10.6,0.597,100,8200,98.06,28.4
07/21/2026 03:45:00 PM,14198.0,11.2,0.601,100,8218,98.06,29.2
07/21/2026 04:00:00 PM,14217.0,10.7,0.592,100,8230,98.06,30.9
07/21/2026 04:15:00 PM,14192.0,10.5,0.594,100,8243,98.06,32.0
07/21/2026 04:30:00 PM,14003.0,10.6,0.598,100,8244,98.06,32.4
07/21/2026 04:45:00 PM,14140.0,11.0,0.601,100,8240,98.06,31.6
07/21/2026 05:00:00 PM,14143.0,10.7,0.592,100,8249,98.06,31.6
07/21/2026 05:15:00 PM,14135.0,10.5,0.594,100,8254,98.07,32.6
07/21/2026 05:30:00 PM,14013.0,10.5,0.603,100,8254,98.07,32.8
07/21/2026 05:45:00 PM,13975.0,11.0,0.597,100,8251,98.07,32.3
07/21/2026 06:00:00 PM,14175.0,11.2,0.598,100,8245,98.07,31.7
07/21/2026 06:15:00 PM,14180.0,10.7,0.593,100,8246,98.08,30.7
07/21/2026 06:30:00 PM,14191.0,10.5,0.596,100,8244,98.09,30.4
07/21/2026 06:45:00 PM,14014.0,10.8,0.6,100,8240,98.11,30.1
07/21/2026 07:00:00 PM,14163.0,11.3,0.601,100,8231,98.12,28.9
07/21/2026 07:15:00 PM,14228.0,10.8,0.592,100,8224,98.13,27.4
07/21/2026 07:30:00 PM,14236.0,10.5,0.594,100,8217,98.15,26.2
07/21/2026 07:45:00 PM,14244.0,10.5,0.597,100,8213,98.16,25.4
07/21/2026 08:00:00 PM,14214.0,10.4,0.597,100,8209,98.16,24.7
07/21/2026 08:15:00 PM,14077.0,10.9,0.604,100,8202,98.17,24.0
07/21/2026 08:30:00 PM,14090.0,11.5,0.6,100,8199,98.18,23.5
07/21/2026 08:45:00 PM,14098.0,11.5,0.607,100,8195,98.18,22.9
07/21/2026 09:00:00 PM,14104.0,11.5,0.604,100,8193,98.19,22.2
07/21/2026 09:15:00 PM,14108.0,11.5,0.603,100,8188,98.2,21.7
07/21/2026 09:30:00 PM,14112.0,11.5,0.603,100,8186,98.23,21.3
07/21/2026 09:45:00 PM,14114.0,11.5,0.601,100,8181,98.25,21.0
07/21/2026 10:00:00 PM,14116.0,11.5,0.603,100,8178,98.27,20.7
07/21/2026 10:15:00 PM,14118.0,11.5,0.603,100,8180,98.29,20.4
07/21/2026 10:30:00 PM,14117.0,11.5,0.6,100,8177,98.33,20.3
07/21/2026 10:45:00 PM,14116.0,11.4,0.603,100,8175,98.35,20.3
07/21/2026 11:00:00 PM,14118.0,11.4,0.604,100,8173,98.36,20.1
07/21/2026 11:15:00 PM,14117.0,11.4,0.6,100,8171,98.37,19.7
07/21/2026 11:30:00 PM,14103.0,11.4,0.597,100,8171,98.36,19.3
07/21/2026 11:45:00 PM,14105.0,11.4,0.603,100,8168,98.39,18.9
07/22/2026 12:00:00 AM,14242.0,11.1,0.596,100,8166,98.4,18.6
07/22/2026 12:15:00 AM,14211.0,10.8,0.59,100,8163,98.41,18.4
07/22/2026 12:30:00 AM,14194.0,10.6,0.596,100,8161,98.42,18.0
07/22/2026 12:45:00 AM,14191.0,10.6,0.596,100,8155,98.41,17.7
07/22/2026 01:00:00 AM,14193.0,10.5,0.597,100,8154,98.42,17.4
07/22/2026 01:15:00 AM,14199.0,10.5,0.597,100,8155,98.44,17.1
07/22/2026 01:30:00 AM,14209.0,10.5,0.598,100,8155,98.45,16.8
07/22/2026 01:45:00 AM,14220.0,10.5,0.598,100,8151,98.46,16.5
07/22/2026 02:00:00 AM,14231.0,10.5,0.598,100,8151,98.47,16.3
07/22/2026 02:15:00 AM,14242.0,10.4,0.6,100,8146,98.49,16.2
07/22/2026 02:30:00 AM,14252.0,10.4,0.6,100,8147,98.51,16.0
07/22/2026 02:45:00 AM,14262.0,10.4,0.6,100,8148,98.52,15.8
07/22/2026 03:00:00 AM,14270.0,10.4,0.601,100,8145,98.53,15.6
07/22/2026 03:15:00 AM,14278.0,10.4,0.601,100,8142,98.54,15.3
07/22/2026 03:30:00 AM,14283.0,10.4,0.601,100,8141,98.56,15.0
07/22/2026 03:45:00 AM,14288.0,10.4,0.601,100,8142,98.54,14.7
07/22/2026 04:00:00 AM,14289.0,10.4,0.601,100,8141,98.55,14.5
07/22/2026 04:15:00 AM,14177.0,10.4,0.603,100,8139,98.55,14.4
07/22/2026 04:30:00 AM,14110.0,11.1,0.605,100,8139,98.55,14.2
07/22/2026 04:45:00 AM,14109.0,11.3,0.605,100,8139,98.57,14.2
07/22/2026 05:00:00 AM,14104.0,11.3,0.605,100,8136,98.59,14.3
07/22/2026 05:15:00 AM,14099.0,11.3,0.608,100,8139,98.6,14.4
07/22/2026 05:30:00 AM,14096.0,11.3,0.598,100,8136,98.58,14.6
07/22/2026 05:45:00 AM,14091.0,11.3,0.597,100,8137,98.58,14.6
07/22/2026 06:00:00 AM,14085.0,11.3,0.601,100,8133,98.59,14.6
07/22/2026 06:15:00 AM,14077.0,11.3,0.601,100,8134,98.61,14.7
07/22/2026 06:30:00 AM,14070.0,11.3,0.604,100,8133,98.62,14.8
07/22/2026 06:45:00 AM,14062.0,11.3,0.598,100,8132,98.64,15.0
07/22/2026 07:00:00 AM,14054.0,11.3,0.603,100,8132,98.66,15.2
07/22/2026 07:15:00 AM,14046.0,11.2,0.598,100,8129,98.68,15.4
07/22/2026 07:30:00 AM,14040.0,11.2,0.601,100,8129,98.69,15.7
07/22/2026 07:45:00 AM,14032.0,11.2,0.596,100,8133,98.71,16.0
07/22/2026 08:00:00 AM,14025.0,11.3,0.603,100,8129,98.73,16.3
07/22/2026 08:15:00 AM,14018.0,11.2,0.603,100,8128,98.73,16.6
07/22/2026 08:30:00 AM,14013.0,11.2,0.598,100,8126,98.74,16.8
07/22/2026 08:45:00 AM,14010.0,11.2,0.598,100,8127,98.74,17.4
07/22/2026 09:00:00 AM,14008.0,11.2,0.598,100,8126,98.76,18.0
07/22/2026 09:15:00 AM,14009.0,11.2,0.603,100,8129,98.76,18.4
07/22/2026 09:30:00 AM,14010.0,11.2,0.601,100,8131,98.77,19.0
07/22/2026 09:45:00 AM,14014.0,11.2,0.601,100,8133,98.78,19.3
07/22/2026 10:00:00 AM,14019.0,11.2,0.6,100,8135,98.78,19.7
07/22/2026 10:15:00 AM,14016.0,11.2,0.6,100,8136,98.78,20.0
07/22/2026 10:30:00 AM,14003.0,11.2,0.597,100,8139,98.78,20.4
07/22/2026 10:45:00 AM,13987.0,11.2,0.6,100,8140,98.78,20.7
07/22/2026 11:00:00 AM,13971.0,11.2,0.603,100,8140,98.77,21.0
07/22/2026 11:15:00 AM,13956.0,11.2,0.603,100,8144,98.78,21.1
07/22/2026 11:30:00 AM,13955.0,11.2,0.598,100,8145,98.78,21.4
07/22/2026 11:45:00 AM,13961.0,11.2,0.603,100,8146,98.77,21.8
07/22/2026 12:00:00 PM,13971.0,11.2,0.597,100,8160,98.76,22.4
07/22/2026 12:15:00 PM,13980.0,11.2,0.598,100,8169,98.74,23.7
07/22/2026 12:30:00 PM,13990.0,11.2,0.605,100,8171,98.74,23.9
07/22/2026 12:45:00 PM,14000.0,11.2,0.597,100,8172,98.74,23.2
07/22/2026 01:00:00 PM,14008.0,11.2,0.6,100,8186,98.73,23.2
07/22/2026 01:15:00 PM,14013.0,11.2,0.6,100,8186,98.73,23.8
07/22/2026 01:30:00 PM,14006.0,11.2,0.6,100,8216,98.73,24.4
07/22/2026 01:45:00 PM,14006.0,11.2,0.6,100,8237,98.71,26.3
07/22/2026 02:00:00 PM,14013.0,11.2,0.604,100,8238,98.71,27.5
07/22/2026 02:15:00 PM,14021.0,11.2,0.598,100,8234,98.7,26.5
07/22/2026 02:30:00 PM,14031.0,11.2,0.598,100,8226,98.7,25.2
07/22/2026 02:45:00 PM,14043.0,11.2,0.601,100,8228,98.7,24.6
07/22/2026 03:00:00 PM,14055.0,11.2,0.601,100,8233,98.69,25.0
07/22/2026 03:15:00 PM,14070.0,11.2,0.6,100,8240,98.68,25.0
07/22/2026 03:30:00 PM,14083.0,11.2,0.6,100,8234,98.68,25.4
07/22/2026 03:45:00 PM,14097.0,11.2,0.601,100,8246,98.67,25.3
07/22/2026 04:00:00 PM,14111.0,11.2,0.6,100,8263,98.66,27.7
07/22/2026 04:15:00 PM,14125.0,11.2,0.597,100,8265,98.66,29.1
07/22/2026 04:30:00 PM,14138.0,11.2,0.6,100,8269,98.66,29.2
07/22/2026 04:45:00 PM,14149.0,11.2,0.601,100,8271,98.66,29.3
07/22/2026 05:00:00 PM,14157.0,11.2,0.603,100,8264,98.66,28.7
07/22/2026 05:15:00 PM,14162.0,11.2,0.6,100,8260,98.66,27.6
07/22/2026 05:30:00 PM,14166.0,11.2,0.603,100,8253,98.66,26.3
07/22/2026 05:45:00 PM,14169.0,11.2,0.598,100,8248,98.66,25.7
07/22/2026 06:00:00 PM,14173.0,11.2,0.598,100,8243,98.66,25.3
07/22/2026 06:15:00 PM,14176.0,11.2,0.6,100,8239,98.66,24.7
07/22/2026 06:30:00 PM,14183.0,11.2,0.6,100,8243,98.65,24.4
07/22/2026 06:45:00 PM,14190.0,11.2,0.601,100,8253,98.65,25.4
07/22/2026 07:00:00 PM,14199.0,11.2,0.6,100,8248,98.64,26.9
07/22/2026 07:15:00 PM,14209.0,11.2,0.603,100,8240,98.65,25.8
07/22/2026 07:30:00 PM,14220.0,11.2,0.601,100,8238,98.65,24.3
07/22/2026 07:45:00 PM,14231.0,11.2,0.601,100,8234,98.65,23.2
07/22/2026 08:00:00 PM,14242.0,11.2,0.601,100,8225,98.66,22.7
07/22/2026 08:15:00 PM,14249.0,11.2,0.601,100,8221,98.66,22.2
07/22/2026 08:30:00 PM,14244.0,11.2,0.6,100,8216,98.66,21.4
07/22/2026 08:45:00 PM,14246.0,11.1,0.598,100,8213,98.66,20.6
07/22/2026 09:00:00 PM,14220.0,11.2,0.6,100,8211,98.67,19.7
07/22/2026 09:15:00 PM,14208.0,11.2,0.597,100,8207,98.69,18.9
07/22/2026 09:30:00 PM,14196.0,11.2,0.6,100,8205,98.71,18.2
07/22/2026 09:45:00 PM,14183.0,11.2,0.597,100,8202,98.72,17.6
07/22/2026 10:00:00 PM,14175.0,11.2,0.6,100,8201,98.75,17.1
07/22/2026 10:15:00 PM,14179.0,11.2,0.598,100,8199,98.76,16.6
07/22/2026 10:30:00 PM,14187.0,11.2,0.601,100,8199,98.77,16.2
07/22/2026 10:45:00 PM,14195.0,11.2,0.598,100,8196,98.77,15.9
07/22/2026 11:00:00 PM,14203.0,11.2,0.597,100,8194,98.77,15.5
07/22/2026 11:15:00 PM,14209.0,11.2,0.603,100,8193,98.77,15.2
07/22/2026 11:30:00 PM,14215.0,11.1,0.601,100,8192,98.77,14.9
07/22/2026 11:45:00 PM,14217.0,11.1,0.598,100,8190,98.78,14.6
07/23/2026 12:00:00 AM,14219.0,11.1,0.6,100,8190,98.8,14.4
07/23/2026 12:15:00 AM,14220.0,11.1,0.598,100,8185,98.8,14.2
07/23/2026 12:30:00 AM,14220.0,11.1,0.598,100,8186,98.81,14.0
07/23/2026 12:45:00 AM,14215.0,11.1,0.6,100,8183,98.82,13.9
07/23/2026 01:00:00 AM,14194.0,11.1,0.597,100,8179,98.82,13.7
07/23/2026 01:15:00 AM,14165.0,11.1,0.6,100,8177,98.83,13.5
07/23/2026 01:30:00 AM,14137.0,11.1,0.6,100,8178,98.83,13.3
07/23/2026 01:45:00 AM,14108.0,11.1,0.6,100,8177,98.84,13.2
07/23/2026 02:00:00 AM,14094.0,11.1,0.598,100,8177,98.83,13.0
07/23/2026 02:15:00 AM,14086.0,11.1,0.601,100,8175,98.83,12.9
07/23/2026 02:30:00 AM,14081.0,11.1,0.604,100,8177,98.83,12.8
07/23/2026 02:45:00 AM,14077.0,11.1,0.6,100,8173,98.83,12.6
07/23/2026 03:00:00 AM,14075.0,11.1,0.598,100,8174,98.83,12.6
07/23/2026 03:15:00 AM,14073.0,11.1,0.601,100,8174,98.81,12.5
07/23/2026 03:30:00 AM,14070.0,11.1,0.603,100,8174,98.82,12.4
07/23/2026 03:45:00 AM,14067.0,11.1,0.596,100,8169,98.83,12.2
07/23/2026 04:00:00 AM,14064.0,11.1,0.597,100,8170,98.83,12.1
07/23/2026 04:15:00 AM,14062.0,11.1,0.598,100,8165,98.84,12.0
07/23/2026 04:30:00 AM,14197.0,11.1,0.6,100,8169,98.83,11.8
07/23/2026 04:45:00 AM,14239.0,10.8,0.592,100,8167,98.84,11.7
07/23/2026 05:00:00 AM,14231.0,10.7,0.594,100,8166,98.84,11.6
07/23/2026 05:15:00 AM,14225.0,10.6,0.597,100,8164,98.84,11.4
07/23/2026 05:30:00 AM,14219.0,10.6,0.598,100,8163,98.84,11.2
07/23/2026 05:45:00 AM,14214.0,10.5,0.598,100,8163,98.84,11.1
07/23/2026 06:00:00 AM,14208.0,10.5,0.598,100,8161,98.85,11.0
07/23/2026 06:15:00 AM,14202.0,10.5,0.598,100,8164,98.87,10.9
07/23/2026 06:30:00 AM,14196.0,10.5,0.6,100,8161,98.88,10.9
07/23/2026 06:45:00 AM,14191.0,10.5,0.6,100,8161,98.88,11.0
07/23/2026 07:00:00 AM,14186.0,10.4,0.6,100,8160,98.89,11.2
07/23/2026 07:15:00 AM,14180.0,10.4,0.601,100,8157,98.91,11.6
07/23/2026 07:30:00 AM,14174.0,10.4,0.601,100,8160,98.92,12.2
07/23/2026 07:45:00 AM,14169.0,10.4,0.601,100,8158,98.92,12.8
07/23/2026 08:00:00 AM,14163.0,10.4,0.601,100,8158,98.93,13.6
07/23/2026 08:15:00 AM,14159.0,10.4,0.601,100,8159,98.93,14.5
07/23/2026 08:30:00 AM,14153.0,10.4,0.601,100,8159,98.93,15.6
07/23/2026 08:45:00 AM,14136.0,10.4,0.603,100,8157,98.93,16.8
07/23/2026 09:00:00 AM,14116.0,10.4,0.603,100,8157,98.92,17.8
07/23/2026 09:15:00 AM,14097.0,10.4,0.601,100,8157,98.9,18.7
07/23/2026 09:30:00 AM,14079.0,10.4,0.601,100,8156,98.9,19.5
07/23/2026 09:45:00 AM,14067.0,10.4,0.601,100,8154,98.9,20.1
07/23/2026 10:00:00 AM,14070.0,10.4,0.601,100,8154,98.9,20.6
07/23/2026 10:15:00 AM,14080.0,10.4,0.603,100,8152,98.89,21.0
07/23/2026 10:30:00 AM,14094.0,10.4,0.601,100,8152,98.88,21.4
07/23/2026 10:45:00 AM,14109.0,10.4,0.601,100,8149,98.87,21.8
07/23/2026 11:00:00 AM,14124.0,10.4,0.603,100,8152,98.87,22.2
07/23/2026 11:15:00 AM,14140.0,10.4,0.601,100,8148,98.86,22.7
07/23/2026 11:30:00 AM,14155.0,10.4,0.601,100,8150,98.85,23.0
07/23/2026 11:45:00 AM,14171.0,10.4,0.603,100,8161,98.84,23.9
07/23/2026 12:00:00 PM,14186.0,10.4,0.603,100,8178,98.83,26.0
07/23/2026 12:15:00 PM,14200.0,10.4,0.601,100,8186,98.82,27.4
07/23/2026 12:30:00 PM,14215.0,10.4,0.603,100,8201,98.81,27.3
07/23/2026 12:45:00 PM,14227.0,10.4,0.601,100,8208,98.81,27.5
07/23/2026 01:00:00 PM,14240.0,10.4,0.603,100,8221,98.79,27.9
07/23/2026 01:15:00 PM,14253.0,10.4,0.601,100,8233,98.77,28.8
07/23/2026 01:30:00 PM,14265.0,10.4,0.601,100,8240,98.77,29.0
07/23/2026 01:45:00 PM,14277.0,10.4,0.601,100,8243,98.75,29.1
07/23/2026 02:00:00 PM,14288.0,10.4,0.601,100,8253,98.74,29.4
07/23/2026 02:15:00 PM,14298.0,10.4,0.601,100,8261,98.73,30.0
07/23/2026 02:30:00 PM,14307.0,10.4,0.601,100,8250,98.72,29.8
07/23/2026 02:45:00 PM,14316.0,10.4,0.601,100,8246,98.7,29.1
07/23/2026 03:00:00 PM,14325.0,10.4,0.601,100,8244,98.69,28.9
07/23/2026 03:15:00 PM,14331.0,10.3,0.601,100,8245,98.68,28.6
07/23/2026 03:30:00 PM,14337.0,10.3,0.601,100,8256,98.68,29.0
07/23/2026 03:45:00 PM,14343.0,10.3,0.601,100,8265,98.67,30.6
07/23/2026 04:00:00 PM,14270.0,10.3,0.603,100,8270,98.67,32.0
07/23/2026 04:15:00 PM,14167.0,10.8,0.611,100,8276,98.65,33.3
07/23/2026 04:30:00 PM,14173.0,11.1,0.608,100,8269,98.64,33.8
07/23/2026 04:45:00 PM,14164.0,11.1,0.605,100,8266,98.63,32.9
07/23/2026 05:00:00 PM,14149.0,11.1,0.605,100,8268,98.62,32.6
07/23/2026 05:15:00 PM,14133.0,11.1,0.603,100,8264,98.61,32.6
07/23/2026 05:30:00 PM,14118.0,11.1,0.601,100,8258,98.6,32.5
07/23/2026 05:45:00 PM,14104.0,11.1,0.601,100,8252,98.59,31.9
07/23/2026 06:00:00 PM,14092.0,11.1,0.604,100,8250,98.58,31.3
07/23/2026 06:15:00 PM,14081.0,11.1,0.603,100,8248,98.57,30.8
07/23/2026 06:30:00 PM,14074.0,11.1,0.598,100,8249,98.56,30.6
07/23/2026 06:45:00 PM,14079.0,11.1,0.601,100,8238,98.56,29.9
07/23/2026 07:00:00 PM,14091.0,11.1,0.6,100,8232,98.55,28.8
07/23/2026 07:15:00 PM,14105.0,11.1,0.593,100,8223,98.55,27.4
07/23/2026 07:30:00 PM,14119.0,11.1,0.601,100,8218,98.54,26.4
07/23/2026 07:45:00 PM,14303.0,11.0,0.597,100,8214,98.54,25.7
07/23/2026 08:00:00 PM,14334.0,10.7,0.59,100,8208,98.54,25.0
07/23/2026 08:15:00 PM,14343.0,10.6,0.594,100,8202,98.53,24.4
07/23/2026 08:30:00 PM,14353.0,10.5,0.596,100,8199,98.53,23.7
07/23/2026 08:45:00 PM,14360.0,10.5,0.597,100,8196,98.53,23.1
07/23/2026 09:00:00 PM,14367.0,10.4,0.597,100,8191,98.54,22.6
07/23/2026 09:15:00 PM,14371.0,10.4,0.597,100,8187,98.55,22.0
07/23/2026 09:30:00 PM,14371.0,10.4,0.597,100,8186,98.55,21.6
07/23/2026 09:45:00 PM,14371.0,10.4,0.598,100,8183,98.56,21.2
07/23/2026 10:00:00 PM,14366.0,10.4,0.598,100,8181,98.57,20.9
07/23/2026 10:15:00 PM,14360.0,10.4,0.6,100,8178,98.58,20.6
07/23/2026 10:30:00 PM,14353.0,10.4,0.6,100,8180,98.59,20.4
07/23/2026 10:45:00 PM,14349.0,10.4,0.6,100,8176,98.58,20.2
07/23/2026 11:00:00 PM,14347.0,10.4,0.6,100,8171,98.57,20.0
07/23/2026 11:15:00 PM,14346.0,10.4,0.601,100,8172,98.57,19.8
07/23/2026 11:30:00 PM,14348.0,10.4,0.601,100,8169,98.58,19.8
07/23/2026 11:45:00 PM,14352.0,10.4,0.601,100,8169,98.58,19.7
07/24/2026 12:00:00 AM,14357.0,10.4,0.601,100,8168,98.57,19.6
07/24/2026 12:15:00 AM,14363.0,10.4,0.601,100,8161,98.56,19.6
07/24/2026 12:30:00 AM,14370.0,10.4,0.601,100,8158,98.56,19.4
07/24/2026 12:45:00 AM,14378.0,10.4,0.601,100,8158,98.56,19.2
07/24/2026 01:00:00 AM,14387.0,10.4,0.601,100,8158,98.56,19.0
07/24/2026 01:15:00 AM,14396.0,10.4,0.601,100,8154,98.55,18.8
07/24/2026 01:30:00 AM,14405.0,10.4,0.601,100,8154,98.54,18.8
07/24/2026 01:45:00 AM,14410.0,10.4,0.601,100,8151,98.55,18.7
07/24/2026 02:00:00 AM,14415.0,10.3,0.601,100,8148,98.54,18.6
07/24/2026 02:15:00 AM,14419.0,10.3,0.601,100,8149,98.54,18.5
07/24/2026 02:30:00 AM,14421.0,10.3,0.601,100,8149,98.54,18.5
07/24/2026 02:45:00 AM,14422.0,10.3,0.601,100,8146,98.55,18.4
07/24/2026 03:00:00 AM,14422.0,10.3,0.601,100,8145,98.55,18.4
07/24/2026 03:15:00 AM,14421.0,10.3,0.601,100,8145,98.56,18.4
07/24/2026 03:30:00 AM,14421.0,10.3,0.601,100,8142,98.57,18.5
07/24/2026 03:45:00 AM,14421.0,10.3,0.603,100,8140,98.56,18.6
07/24/2026 04:00:00 AM,14421.0,10.3,0.603,100,8139,98.55,18.7
07/24/2026 04:15:00 AM,14420.0,10.3,0.603,100,8140,98.54,18.8
07/24/2026 04:30:00 AM,14420.0,10.3,0.603,100,8138,98.52,18.8
07/24/2026 04:45:00 AM,14419.0,10.3,0.603,100,8139,98.5,18.9
07/24/2026 05:00:00 AM,14418.0,10.3,0.601,100,8138,98.49,19.0
07/24/2026 05:15:00 AM,14417.0,10.3,0.603,100,8134,98.48,19.1
07/24/2026 05:30:00 AM,14415.0,10.3,0.601,100,8132,98.47,19.2
07/24/2026 05:45:00 AM,14413.0,10.3,0.603,100,8136,98.46,19.3
07/24/2026 06:00:00 AM,14400.0,10.3,0.603,100,8134,98.46,19.4
07/24/2026 06:15:00 AM,14379.0,10.3,0.603,100,8133,98.46,19.4
07/24/2026 06:30:00 AM,14355.0,10.3,0.601,100,8132,98.46,19.4
07/24/2026 06:45:00 AM,14333.0,10.3,0.601,100,8131,98.45,19.4
07/24/2026 07:00:00 AM,14321.0,10.3,0.601,100,8127,98.44,19.5
07/24/2026 07:15:00 AM,14318.0,10.3,0.601,100,8127,98.43,19.5
07/24/2026 07:30:00 AM,14319.0,10.3,0.601,100,8126,98.43,19.6
07/24/2026 07:45:00 AM,14320.0,10.3,0.603,100,8126,98.44,19.8
07/24/2026 08:00:00 AM,14324.0,10.3,0.603,100,8122,98.43,19.9
07/24/2026 08:15:00 AM,14326.0,10.3,0.603,100,8123,98.44,20.0
07/24/2026 08:30:00 AM,14332.0,10.3,0.603,100,8121,98.44,20.2
07/24/2026 08:45:00 AM,14340.0,10.3,0.603,100,8121,98.43,20.5
07/24/2026 09:00:00 AM,14351.0,10.3,0.603,100,8123,98.42,21.0
07/24/2026 09:15:00 AM,14363.0,10.3,0.603,100,8126,98.4,21.6
07/24/2026 09:30:00 AM,14374.0,10.3,0.601,100,8126,98.4,22.1
07/24/2026 09:45:00 AM,14386.0,10.3,0.603,100,8126,98.39,22.6
07/24/2026 10:00:00 AM,14399.0,10.3,0.601,100,8129,98.38,23.1
07/24/2026 10:15:00 AM,14413.0,10.3,0.601,100,8129,98.36,23.3
07/24/2026 10:30:00 AM,14320.0,10.4,0.604,100,8127,98.36,23.4
07/24/2026 10:45:00 AM,14247.0,10.8,0.615,100,8128,98.38,22.5
07/24/2026 11:00:00 AM,14259.0,11.0,0.607,100,8131,98.38,21.8
07/24/2026 11:15:00 AM,14273.0,11.0,0.607,100,8134,98.38,21.7
07/24/2026 11:30:00 AM,14384.0,10.9,0.6,100,8138,98.38,21.9
07/24/2026 11:45:00 AM,14236.0,10.9,0.603,100,8142,98.38,23.0
07/24/2026 12:00:00 PM,14333.0,10.9,0.603,100,8142,98.38,24.1
07/24/2026 12:15:00 PM,14308.0,11.1,0.603,100,8153,98.37,24.8
07/24/2026 12:30:00 PM,14372.0,10.7,0.593,100,8161,98.36,26.1
07/24/2026 12:45:00 PM,14307.0,11.0,0.598,100,8172,98.34,27.0
07/24/2026 01:00:00 PM,14390.0,10.7,0.593,100,8187,98.32,28.3
07/24/2026 01:15:00 PM,14346.0,11.1,0.6,100,8189,98.3,28.6
07/24/2026 01:30:00 PM,14365.0,10.9,0.6,100,8183,98.29,27.9
07/24/2026 01:45:00 PM,14430.0,11.2,0.598,100,8183,98.28,27.2
07/24/2026 02:00:00 PM,14419.0,10.7,0.594,100,8186,98.26,27.8
07/24/2026 02:15:00 PM,14425.0,11.2,0.6,100,8193,98.25,28.1
07/24/2026 02:30:00 PM,14466.0,10.7,0.592,100,8190,98.24,28.2
07/24/2026 02:45:00 PM,14425.0,11.3,0.6,100,8190,98.22,28.0
07/24/2026 03:00:00 PM,14506.0,10.7,0.592,100,8190,98.2,28.1
07/24/2026 03:15:00 PM,14430.0,11.3,0.6,100,8193,98.19,28.0
07/24/2026 03:30:00 PM,14552.0,10.7,0.589,100,8197,98.17,28.6
07/24/2026 03:45:00 PM,14421.0,11.2,0.605,100,8198,98.16,28.5
07/24/2026 04:00:00 PM,14585.0,10.8,0.59,100,8192,98.16,28.4
07/24/2026 04:15:00 PM,14422.0,11.2,0.601,100,8191,98.15,28.2
07/24/2026 04:30:00 PM,14600.0,10.9,0.59,100,8187,98.16,27.9
07/24/2026 04:45:00 PM,14435.0,11.2,0.607,100,8187,98.14,27.6
07/24/2026 05:00:00 PM,14628.0,10.9,0.59,100,8186,98.12,27.7
07/24/2026 05:15:00 PM,14458.0,11.0,0.604,100,8183,98.11,27.3
07/24/2026 05:30:00 PM,14614.0,11.0,0.594,100,8180,98.1,26.9
07/24/2026 05:45:00 PM,14481.0,11.0,0.603,100,8177,98.09,26.8
07/24/2026 06:00:00 PM,14611.0,11.1,0.594,100,8174,98.09,26.3
07/24/2026 06:15:00 PM,14568.0,10.6,0.593,100,8170,98.07,26.0
07/24/2026 06:30:00 PM,14541.0,11.3,0.6,100,8167,98.05,25.9
07/24/2026 06:45:00 PM,14645.0,10.6,0.59,100,8163,98.05,25.7
07/24/2026 07:00:00 PM,14482.0,11.2,0.604,100,8159,98.02,25.4
07/24/2026 07:15:00 PM,14673.0,10.8,0.59,100,8158,98.01,25.2
07/24/2026 07:30:00 PM,14563.0,10.7,0.596,100,8155,97.99,24.9
07/24/2026 07:45:00 PM,14592.0,11.3,0.598,100,8152,97.98,24.7
07/24/2026 08:00:00 PM,14680.0,10.6,0.59,100,8150,97.98,24.5
07/24/2026 08:15:00 PM,14479.0,11.1,0.604,100,8148,97.99,24.2
07/24/2026 08:30:00 PM,14653.0,10.9,0.592,100,8143,97.99,24.0
07/24/2026 08:45:00 PM,14518.0,10.7,0.594,100,8142,98.0,23.8
07/24/2026 09:00:00 PM,14512.0,11.3,0.597,100,8141,98.04,23.6
07/24/2026 09:15:00 PM,14567.0,10.6,0.589,100,8139,98.07,23.4
07/24/2026 09:30:00 PM,14349.0,10.9,0.6,100,8135,98.1,23.3
07/24/2026 09:45:00 PM,14509.0,11.1,0.596,100,8135,98.09,23.1
07/24/2026 10:00:00 PM,14455.0,10.5,0.59,100,8132,98.08,23.0
07/24/2026 10:15:00 PM,14325.0,11.1,0.598,100,8133,98.08,22.9
07/24/2026 10:30:00 PM,14481.0,10.9,0.592,100,8129,98.06,22.7
07/24/2026 10:45:00 PM,14443.0,10.5,0.59,100,8126,98.05,22.6
07/24/2026 11:00:00 PM,14343.0,11.1,0.604,100,8128,98.06,22.6
07/24/2026 11:15:00 PM,14513.0,10.8,0.59,100,8123,98.05,22.5
07/24/2026 11:30:00 PM,14494.0,10.5,0.592,100,8123,98.07,22.4
07/24/2026 11:45:00 PM,14370.0,11.1,0.61,100,8120,98.08,22.3
07/25/2026 12:00:00 AM,14554.0,10.9,0.592,100,8120,98.07,22.2
07/25/2026 12:15:00 AM,14455.0,10.6,0.596,100,8114,98.04,22.2
07/25/2026 12:30:00 AM,14491.0,11.3,0.603,100,8115,98.04,22.1
07/25/2026 12:45:00 AM,14582.0,10.6,0.59,100,8113,98.05,21.9
07/25/2026 01:00:00 AM,14501.0,10.6,0.598,100,8110,98.04,21.8
07/25/2026 01:15:00 AM,14392.0,11.4,0.611,100,8110,97.99,21.7
07/25/2026 01:30:00 AM,14402.0,11.6,0.603,100,8108,97.96,21.5
07/25/2026 01:45:00 AM,14376.0,11.6,0.604,100,8105,97.96,21.4
07/25/2026 02:00:00 AM,14373.0,11.6,0.601,100,8106,97.98,21.3
07/25/2026 02:15:00 AM,14437.0,11.4,0.598,100,8107,97.97,21.2
07/25/2026 02:30:00 AM,14516.0,10.8,0.59,100,8104,97.97,21.2
07/25/2026 02:45:00 AM,14458.0,10.6,0.596,100,8102,97.96,21.0
07/25/2026 03:00:00 AM,14337.0,11.1,0.604,100,8102,97.95,20.9
07/25/2026 03:15:00 AM,14481.0,10.9,0.592,100,8100,97.93,20.7
07/25/2026 03:30:00 AM,14421.0,10.6,0.59,100,8099,97.91,20.6
07/25/2026 03:45:00 AM,14287.0,11.2,0.601,100,8098,97.89,20.6
07/25/2026 04:00:00 AM,14351.0,11.6,0.603,100,8096,97.88,20.6
07/25/2026 04:15:00 AM,14479.0,10.9,0.592,100,8095,97.88,20.7
07/25/2026 04:30:00 AM,14475.0,10.6,0.593,100,8095,97.89,20.7
07/25/2026 04:45:00 AM,14337.0,10.7,0.601,100,8096,97.91,20.8
07/25/2026 05:00:00 AM,14436.0,11.2,0.597,100,8092,97.91,20.8
07/25/2026 05:15:00 AM,14480.0,10.6,0.59,100,8095,97.92,20.8
07/25/2026 05:30:00 AM,14395.0,10.6,0.598,100,8090,97.93,20.9
07/25/2026 05:45:00 AM,14305.0,11.3,0.61,100,8093,97.92,20.9
07/25/2026 06:00:00 AM,14474.0,11.0,0.594,100,8088,97.91,21.0
07/25/2026 06:15:00 AM,14458.0,10.6,0.592,100,8088,97.9,21.0
07/25/2026 06:30:00 AM,14344.0,10.6,0.6,100,8086,97.89,21.0
07/25/2026 06:45:00 AM,14253.0,11.3,0.603,100,8087,97.88,21.1
07/25/2026 07:00:00 AM,14256.0,11.6,0.604,100,8086,97.88,21.2
07/25/2026 07:15:00 AM,14274.0,11.6,0.604,100,8085,97.87,21.2
07/25/2026 07:30:00 AM,14399.0,11.0,0.593,100,8083,97.88,21.3
07/25/2026 07:45:00 AM,14382.0,10.6,0.593,100,8083,97.87,21.6
07/25/2026 08:00:00 AM,14320.0,10.5,0.598,100,8080,97.86,22.0
07/25/2026 08:15:00 AM,14213.0,11.1,0.6,100,8082,97.86,22.3
07/25/2026 08:30:00 AM,14364.0,11.0,0.593,100,8079,97.85,22.6
07/25/2026 08:45:00 AM,14355.0,10.6,0.592,100,8079,97.85,23.1
07/25/2026 09:00:00 AM,14201.0,10.7,0.596,100,8080,97.87,23.6
07/25/2026 09:15:00 AM,14173.0,11.4,0.603,100,8083,97.86,23.9
07/25/2026 09:30:00 AM,14316.0,11.4,0.6,100,8084,97.87,24.2
07/25/2026 09:45:00 AM,14362.0,10.8,0.592,100,8084,97.86,24.9
07/25/2026 10:00:00 AM,14317.0,10.6,0.596,100,8082,97.85,25.5
07/25/2026 10:15:00 AM,14238.0,11.1,0.601,100,8082,97.83,25.9
07/25/2026 10:30:00 AM,14401.0,10.9,0.593,100,8085,97.83,26.3
07/25/2026 10:45:00 AM,14413.0,10.6,0.593,100,8082,97.84,26.6
07/25/2026 11:00:00 AM,14313.0,10.6,0.6,100,8084,97.84,27.0
07/25/2026 11:15:00 AM,14312.0,11.4,0.605,100,8087,97.84,27.4
07/25/2026 11:30:00 AM,14441.0,10.8,0.592,100,8084,97.84,27.9
07/25/2026 11:45:00 AM,14433.0,10.5,0.593,100,8095,97.85,28.9
07/25/2026 12:00:00 PM,14296.0,10.6,0.596,100,8094,97.86,29.6
07/25/2026 12:15:00 PM,14382.0,11.2,0.6,100,8095,97.87,29.3
07/25/2026 12:30:00 PM,14352.0,10.8,0.594,100,8097,97.88,29.2
07/25/2026 12:45:00 PM,14382.0,11.4,0.601,100,8098,97.88,29.2
07/25/2026 01:00:00 PM,14499.0,10.7,0.59,100,8095,97.89,29.0
07/25/2026 01:15:00 PM,14437.0,10.6,0.596,100,8095,97.89,28.7
07/25/2026 01:30:00 PM,14423.0,11.3,0.601,100,8093,97.9,28.6
07/25/2026 01:45:00 PM,14557.0,10.7,0.59,100,8095,97.9,28.7
07/25/2026 02:00:00 PM,14572.0,10.5,0.594,100,8099,97.9,28.7
07/25/2026 02:15:00 PM,14431.0,10.9,0.6,100,8098,97.88,29.0
07/25/2026 02:30:00 PM,14576.0,11.0,0.596,100,8102,97.87,29.5
07/25/2026 02:45:00 PM,14624.0,10.5,0.592,100,8105,97.87,29.8
07/25/2026 03:00:00 PM,14469.0,11.0,0.601,100,8101,97.87,29.8
07/25/2026 03:15:00 PM,14634.0,11.0,0.594,100,8101,97.87,29.9
07/25/2026 03:30:00 PM,14575.0,10.7,0.596,100,8100,97.86,29.9
07/25/2026 03:45:00 PM,14584.0,11.3,0.601,100,8101,97.85,29.9
07/25/2026 04:00:00 PM,14696.0,10.6,0.59,100,8100,97.84,30.0
07/25/2026 04:15:00 PM,14545.0,10.9,0.603,100,8097,97.85,30.0
07/25/2026 04:30:00 PM,14677.0,11.1,0.596,100,8099,97.83,30.1
07/25/2026 04:45:00 PM,14687.0,10.5,0.589,100,8098,97.82,30.1
07/25/2026 05:00:00 PM,14553.0,11.3,0.607,100,8098,97.8,30.2
07/25/2026 05:15:00 PM,14719.0,10.8,0.59,100,8097,97.79,30.2
07/25/2026 05:30:00 PM,14569.0,10.9,0.596,100,8099,97.77,30.3
07/25/2026 05:45:00 PM,14663.0,11.2,0.594,100,8098,97.76,30.4
07/25/2026 06:00:00 PM,14684.0,10.6,0.59,100,8098,97.76,30.4
07/25/2026 06:15:00 PM,14515.0,11.3,0.605,100,8106,97.75,30.7
07/25/2026 06:30:00 PM,14690.0,10.8,0.59,100,8111,97.74,32.0
07/25/2026 06:45:00 PM,14534.0,10.9,0.6,100,8117,97.72,33.0
07/25/2026 07:00:00 PM,14629.0,11.2,0.597,100,8110,97.72,33.1
07/25/2026 07:15:00 PM,14602.0,10.7,0.593,100,8109,97.73,32.5
07/25/2026 07:30:00 PM,14542.0,11.4,0.601,100,8104,97.73,31.6
07/25/2026 07:45:00 PM,14652.0,10.7,0.59,100,8099,97.73,30.8
07/25/2026 08:00:00 PM,14482.0,11.3,0.6,100,8095,97.74,30.2
07/25/2026 08:15:00 PM,14662.0,11.0,0.59,100,8093,97.74,29.6
07/25/2026 08:30:00 PM,14638.0,10.5,0.592,100,8091,97.76,29.0
07/25/2026 08:45:00 PM,14477.0,11.2,0.603,100,8088,97.75,28.5
07/25/2026 09:00:00 PM,14654.0,10.9,0.592,100,8085,97.77,28.1
07/25/2026 09:15:00 PM,14503.0,10.8,0.597,100,8082,97.79,27.6
07/25/2026 09:30:00 PM,14564.0,11.3,0.598,100,8080,97.79,27.2
07/25/2026 09:45:00 PM,14540.0,10.7,0.594,100,8079,97.82,26.7
07/25/2026 10:00:00 PM,14475.0,11.4,0.604,100,8076,97.85,26.4
07/25/2026 10:15:00 PM,14607.0,10.8,0.59,100,8076,97.87,26.2
07/25/2026 10:30:00 PM,14457.0,11.0,0.6,100,8077,97.9,26.1
07/25/2026 10:45:00 PM,14596.0,11.2,0.598,100,8073,97.92,26.1
07/25/2026 11:00:00 PM,14631.0,10.6,0.59,100,8069,97.89,26.0
07/25/2026 11:15:00 PM,14472.0,11.3,0.604,100,8067,97.88,25.6
07/25/2026 11:30:00 PM,14651.0,10.9,0.59,100,8068,97.88,25.2
07/25/2026 11:45:00 PM,14517.0,10.8,0.596,100,8066,97.85,24.8
07/26/2026 12:00:00 AM,14530.0,11.4,0.598,100,8063,97.88,24.6
07/26/2026 12:15:00 AM,14586.0,10.6,0.589,100,8060,97.91,24.7
07/26/2026 12:30:00 AM,14513.0,10.5,0.592,100,8058,97.91,24.8
07/26/2026 12:45:00 AM,14371.0,11.1,0.604,100,8057,97.87,24.7
07/26/2026 01:00:00 AM,14518.0,10.9,0.592,100,8057,97.85,24.6
07/26/2026 01:15:00 AM,14408.0,10.6,0.594,100,8058,97.83,24.4
07/26/2026 01:30:00 AM,14360.0,11.3,0.597,100,8056,97.81,24.3
07/26/2026 01:45:00 AM,14467.0,10.8,0.589,100,8054,97.82,24.2
07/26/2026 02:00:00 AM,14300.0,10.8,0.597,100,8051,97.85,24.2
07/26/2026 02:15:00 AM,14394.0,11.4,0.598,100,8052,97.85,24.3
07/26/2026 02:30:00 AM,14461.0,10.7,0.589,100,8051,97.86,24.4
07/26/2026 02:45:00 AM,14341.0,10.7,0.594,100,8050,97.85,24.5
07/26/2026 03:00:00 AM,14392.0,11.3,0.598,100,8053,97.85,24.4
07/26/2026 03:15:00 AM,14469.0,10.7,0.589,100,8047,97.77,24.2
07/26/2026 03:30:00 AM,14337.0,10.7,0.593,100,8047,97.74,24.0
07/26/2026 03:45:00 AM,14418.0,11.3,0.597,100,8044,97.68,23.9
07/26/2026 04:00:00 AM,14473.0,10.7,0.589,100,8045,97.71,23.8
07/26/2026 04:15:00 AM,14327.0,10.7,0.597,100,8047,97.69,23.6
07/26/2026 04:30:00 AM,14393.0,11.4,0.598,100,8043,97.68,23.5
07/26/2026 04:45:00 AM,14472.0,10.8,0.589,100,8042,97.7,23.4
07/26/2026 05:00:00 AM,14303.0,10.9,0.597,100,8043,97.67,23.3
07/26/2026 05:15:00 AM,14452.0,11.2,0.596,100,8041,97.67,23.2
07/26/2026 05:30:00 AM,14467.0,10.6,0.59,100,8041,97.67,23.2
07/26/2026 05:45:00 AM,14320.0,10.7,0.598,100,8038,97.67,23.2
07/26/2026 06:00:00 AM,14287.0,11.6,0.601,100,8038,97.68,23.1
07/26/2026 06:15:00 AM,14272.0,11.7,0.604,100,8038,97.68,23.0
07/26/2026 06:30:00 AM,14446.0,11.3,0.597,100,8036,97.7,22.9
07/26/2026 06:45:00 AM,14444.0,10.7,0.59,100,8037,97.71,23.0
07/26/2026 07:00:00 AM,14408.0,10.6,0.594,100,8035,97.72,23.1
07/26/2026 07:15:00 AM,14266.0,11.0,0.605,100,8034,97.71,23.2
07/26/2026 07:30:00 AM,14429.0,11.0,0.593,100,8035,97.72,23.4
07/26/2026 07:45:00 AM,14325.0,10.6,0.593,100,8033,97.73,23.7
07/26/2026 08:00:00 AM,14307.0,11.3,0.6,100,8032,97.74,24.0
07/26/2026 08:15:00 AM,14406.0,10.8,0.59,100,8031,97.74,24.4
07/26/2026 08:30:00 AM,14262.0,10.8,0.594,100,8033,97.75,24.9
07/26/2026 08:45:00 AM,14344.0,11.3,0.597,100,8031,97.76,25.4
07/26/2026 09:00:00 AM,14335.0,10.7,0.589,100,8034,97.77,26.0
07/26/2026 09:15:00 AM,14251.0,11.2,0.597,100,8030,97.77,26.6
07/26/2026 09:30:00 AM,14381.0,11.0,0.592,100,8031,97.78,27.0
07/26/2026 09:45:00 AM,14199.0,11.0,0.596,100,8028,97.79,27.5
07/26/2026 10:00:00 AM,14370.0,11.3,0.596,100,8029,97.78,28.1
07/26/2026 10:15:00 AM,14260.0,10.8,0.594,100,8029,97.77,28.7
07/26/2026 10:30:00 AM,14307.0,11.4,0.598,100,8025,97.76,29.3
07/26/2026 10:45:00 AM,14273.0,10.9,0.59,100,8027,97.75,29.9
07/26/2026 11:00:00 AM,14297.0,11.5,0.598,100,8029,97.76,30.6
07/26/2026 11:15:00 AM,14286.0,10.9,0.592,100,8031,97.77,31.2
07/26/2026 11:30:00 AM,14282.0,11.5,0.6,100,8032,97.77,32.0
07/26/2026 11:45:00 AM,14282.0,11.0,0.592,100,8041,97.77,32.8
07/26/2026 12:00:00 PM,14276.0,11.5,0.6,100,8051,97.75,34.6
07/26/2026 12:15:00 PM,14249.0,11.0,0.594,100,8065,97.74,35.4
07/26/2026 12:30:00 PM,14291.0,11.6,0.597,100,8077,97.73,36.0
07/26/2026 12:45:00 PM,14236.0,11.0,0.596,100,8091,97.72,36.6
07/26/2026 01:00:00 PM,14278.0,11.6,0.6,100,8105,97.69,37.4
07/26/2026 01:15:00 PM,14224.0,11.0,0.596,100,8117,97.68,37.9
07/26/2026 01:30:00 PM,14257.0,11.6,0.598,100,8126,97.7,38.6
07/26/2026 01:45:00 PM,14224.0,11.1,0.594,100,8131,97.68,38.9
07/26/2026 02:00:00 PM,14270.0,11.6,0.6,100,8137,97.68,39.2
07/26/2026 02:15:00 PM,14225.0,11.0,0.594,100,8131,97.66,39.1
07/26/2026 02:30:00 PM,14272.0,11.6,0.596,100,8126,97.65,38.0
07/26/2026 02:45:00 PM,14228.0,11.0,0.593,100,8122,97.64,36.9
07/26/2026 03:00:00 PM,14277.0,11.6,0.601,100,8122,97.61,36.5
07/26/2026 03:15:00 PM,14219.0,11.1,0.59,100,8120,97.6,36.7
07/26/2026 03:30:00 PM,14293.0,11.6,0.598,100,8120,97.6,36.5
07/26/2026 03:45:00 PM,14260.0,11.0,0.592,100,8122,97.58,36.3
07/26/2026 04:00:00 PM,14261.0,11.6,0.597,100,8125,97.55,37.0
07/26/2026 04:15:00 PM,14304.0,11.0,0.589,100,8122,97.54,37.3
07/26/2026 04:30:00 PM,14225.0,11.5,0.601,100,8125,97.58,36.7
07/26/2026 04:45:00 PM,14309.0,11.1,0.592,100,8142,97.59,38.1
07/26/2026 05:00:00 PM,14231.0,11.6,0.597,100,8155,97.59,40.6
07/26/2026 05:15:00 PM,14304.0,11.2,0.592,100,8161,97.58,41.9
07/26/2026 05:30:00 PM,14254.0,11.6,0.603,100,8160,97.56,42.4
07/26/2026 05:45:00 PM,14304.0,11.1,0.594,100,8159,97.56,42.5
07/26/2026 06:00:00 PM,14237.0,11.6,0.598,100,8158,97.55,42.8
07/26/2026 06:15:00 PM,14275.0,11.1,0.592,100,8152,97.53,43.0
07/26/2026 06:30:00 PM,14204.0,11.6,0.6,100,8148,97.5,43.0
07/26/2026 06:45:00 PM,14225.0,11.2,0.594,100,8141,97.49,42.6
07/26/2026 07:00:00 PM,14222.0,11.7,0.598,100,8127,97.5,40.7
07/26/2026 07:15:00 PM,14191.0,11.2,0.597,100,8115,97.49,38.0
07/26/2026 07:30:00 PM,14273.0,11.7,0.598,100,8104,97.47,35.9
07/26/2026 07:45:00 PM,14191.0,11.2,0.594,100,8099,97.46,34.5
07/26/2026 08:00:00 PM,14298.0,11.7,0.6,100,8094,97.46,33.3
07/26/2026 08:15:00 PM,14191.0,11.2,0.593,100,8088,97.47,32.4
07/26/2026 08:30:00 PM,14318.0,11.6,0.597,100,8085,97.46,31.6
07/26/2026 08:45:00 PM,14195.0,11.2,0.597,100,8081,97.45,30.9
07/26/2026 09:00:00 PM,14321.0,11.6,0.596,100,8078,97.45,30.2
07/26/2026 09:15:00 PM,14187.0,11.3,0.597,100,8076,97.45,29.6
07/26/2026 09:30:00 PM,14333.0,11.5,0.597,100,8071,97.46,29.2
07/26/2026 09:45:00 PM,14160.0,11.4,0.597,100,8071,97.48,28.8
07/26/2026 10:00:00 PM,14312.0,11.5,0.596,100,8068,97.49,28.7
07/26/2026 10:15:00 PM,14193.0,11.6,0.603,100,8066,97.51,28.6
07/26/2026 10:30:00 PM,14285.0,11.3,0.594,100,8063,97.52,28.4
07/26/2026 10:45:00 PM,14148.0,11.5,0.601,100,8063,97.51,28.2
07/26/2026 11:00:00 PM,14227.0,11.4,0.594,100,8060,97.51,27.9
07/26/2026 11:15:00 PM,14124.0,11.6,0.598,100,8059,97.51,27.5
07/26/2026 11:30:00 PM,14215.0,11.3,0.594,100,8057,97.5,27.2
07/26/2026 11:45:00 PM,14107.0,11.5,0.598,100,8060,97.5,26.9
07/27/2026 12:00:00 AM,14198.0,11.3,0.596,100,8054,97.48,26.6
07/27/2026 12:15:00 AM,14147.0,11.7,0.6,100,8030,97.46,26.5
07/27/2026 12:30:00 AM,14278.0,11.2,0.592,100,8040,97.47,26.2
07/27/2026 12:45:00 AM,14102.0,11.3,0.597,100,8041,97.47,25.9
07/27/2026 01:00:00 AM,14312.0,11.5,0.594,100,8038,97.46,25.7
07/27/2026 01:15:00 AM,14150.0,11.3,0.598,100,8038,97.44,25.6
07/27/2026 01:30:00 AM,14327.0,11.6,0.596,100,8038,97.43,25.5
07/27/2026 01:45:00 AM,14336.0,10.8,0.59,100,8035,97.41,25.5
07/27/2026 02:00:00 AM,14219.0,11.4,0.605,100,8033,97.4,25.5
07/27/2026 02:15:00 AM,14395.0,11.2,0.592,100,8035,97.38,25.5
07/27/2026 02:30:00 AM,14227.0,11.3,0.597,100,8033,97.36,25.5
07/27/2026 02:45:00 AM,14404.0,11.4,0.594,100,8031,97.35,25.6
07/27/2026 03:00:00 AM,14264.0,11.2,0.601,100,8031,97.35,25.7
07/27/2026 03:15:00 AM,14387.0,11.5,0.598,100,8031,97.34,25.7
07/27/2026 03:30:00 AM,14292.0,11.1,0.597,100,8031,97.32,25.8
07/27/2026 03:45:00 AM,14362.0,11.6,0.598,100,8029,97.31,25.9
07/27/2026 04:00:00 AM,14300.0,11.0,0.594,100,8028,97.3,26.0
07/27/2026 04:15:00 AM,14343.0,11.7,0.6,100,8029,97.29,26.2
07/27/2026 04:30:00 AM,14313.0,11.0,0.593,100,8028,97.29,26.3
07/27/2026 04:45:00 AM,14304.0,11.7,0.601,100,8025,97.3,26.3
07/27/2026 05:00:00 AM,14313.0,11.0,0.593,100,8025,97.29,26.3
07/27/2026 05:15:00 AM,14279.0,11.7,0.6,100,8025,97.28,26.2
07/27/2026 05:30:00 AM,14382.0,11.1,0.59,100,8023,97.29,26.2
07/27/2026 05:45:00 AM,14207.0,11.2,0.598,100,8023,97.29,26.1
07/27/2026 06:00:00 AM,14374.0,11.4,0.596,100,8024,97.29,26.0
07/27/2026 06:15:00 AM,14290.0,10.9,0.59,100,8024,97.29,26.0
07/27/2026 06:30:00 AM,14289.0,11.6,0.597,100,8019,97.3,25.9
07/27/2026 06:45:00 AM,14380.0,10.9,0.59,100,8020,97.31,25.9
07/27/2026 07:00:00 AM,14206.0,11.2,0.6,100,8020,97.31,25.9
07/27/2026 07:15:00 AM,14377.0,11.4,0.594,100,8019,97.3,26.0
07/27/2026 07:30:00 AM,14270.0,11.0,0.594,100,8016,97.29,26.2
07/27/2026 07:45:00 AM,14319.0,11.6,0.601,100,8016,97.3,26.4
07/27/2026 08:00:00 AM,14357.0,10.9,0.59,100,8014,97.3,26.7
07/27/2026 08:15:00 AM,14199.0,11.4,0.601,100,8017,97.29,27.0
07/27/2026 08:30:00 AM,14377.0,11.4,0.594,100,8016,97.29,27.4
07/27/2026 08:45:00 AM,14250.0,10.8,0.594,100,8015,97.3,27.7
07/27/2026 09:00:00 AM,14240.0,11.6,0.598,100,8013,97.31,28.0
07/27/2026 09:15:00 AM,14263.0,11.0,0.59,100,8015,97.31,28.2
07/27/2026 09:30:00 AM,14134.0,11.4,0.598,100,8015,97.31,28.5
07/27/2026 09:45:00 AM,14264.0,11.3,0.593,100,8016,97.31,28.7
07/27/2026 10:00:00 AM,14059.0,11.1,0.592,100,8013,97.32,29.0
07/27/2026 10:15:00 AM,14215.0,11.5,0.597,100,8012,97.32,29.4
07/27/2026 10:30:00 AM,14070.0,11.0,0.593,100,8015,97.32,29.8
07/27/2026 10:45:00 AM,14172.0,11.6,0.598,100,8014,97.31,30.2
07/27/2026 11:00:00 AM,14089.0,11.1,0.594,100,8014,97.32,30.4
07/27/2026 11:15:00 AM,14166.0,11.6,0.598,100,8014,97.32,30.8
07/27/2026 11:30:00 AM,14109.0,11.1,0.594,100,8016,97.33,31.2
07/27/2026 11:45:00 AM,14159.0,11.7,0.601,100,8025,97.33,32.1
07/27/2026 12:00:00 PM,14113.0,11.2,0.596,100,8041,97.34,33.8
07/27/2026 12:15:00 PM,14167.0,11.7,0.6,100,8053,97.33,34.6
07/27/2026 12:30:00 PM,14067.0,11.4,0.598,100,8063,97.33,35.3
07/27/2026 12:45:00 PM,14224.0,11.6,0.597,100,8085,97.33,36.0
07/27/2026 01:00:00 PM,14065.0,11.4,0.6,100,8099,97.32,36.6
07/27/2026 01:15:00 PM,14197.0,11.6,0.598,100,8113,97.3,37.0
07/27/2026 01:30:00 PM,14087.0,11.6,0.603,100,8126,97.3,37.6
07/27/2026 01:45:00 PM,14242.0,11.4,0.594,100,8140,97.3,38.2
07/27/2026 02:00:00 PM,14221.0,10.8,0.592,100,8155,97.3,38.7
07/27/2026 02:15:00 PM,14199.0,10.7,0.594,100,8146,97.29,39.0
07/27/2026 02:30:00 PM,14165.0,10.6,0.597,100,8138,97.28,37.8
07/27/2026 02:45:00 PM,13987.0,10.8,0.601,100,8134,97.28,36.8
07/27/2026 03:00:00 PM,14017.0,11.6,0.603,100,8136,97.28,36.4
07/27/2026 03:15:00 PM,14085.0,11.7,0.6,100,8152,97.28,37.6
07/27/2026 03:30:00 PM,14040.0,11.7,0.603,100,8167,97.28,39.8
07/27/2026 03:45:00 PM,14173.0,11.4,0.594,100,8174,97.28,41.5
07/27/2026 04:00:00 PM,14090.0,10.8,0.592,100,8180,97.3,42.4
07/27/2026 04:15:00 PM,14060.0,11.5,0.598,100,8180,97.29,43.1
07/27/2026 04:30:00 PM,14053.0,11.4,0.596,100,8177,97.29,43.8
07/27/2026 04:45:00 PM,14092.0,11.7,0.6,100,8172,97.3,44.1
07/27/2026 05:00:00 PM,14054.0,11.1,0.594,100,8168,97.31,44.5
07/27/2026 05:15:00 PM,14070.0,11.6,0.598,100,8162,97.31,44.6
07/27/2026 05:30:00 PM,14017.0,11.4,0.597,100,8155,97.31,44.2
07/27/2026 05:45:00 PM,14109.0,11.8,0.6,100,8152,97.3,44.2
07/27/2026 06:00:00 PM,14019.0,11.3,0.594,100,8145,97.3,43.6
07/27/2026 06:15:00 PM,14115.0,11.8,0.6,100,8138,97.29,43.1
07/27/2026 06:30:00 PM,14025.0,11.3,0.594,100,8135,97.3,42.4
07/27/2026 06:45:00 PM,14086.0,11.8,0.596,100,8126,97.28,41.3
07/27/2026 07:00:00 PM,14029.0,11.8,0.6,100,8114,97.27,39.4
07/27/2026 07:15:00 PM,14126.0,11.5,0.596,100,8104,97.28,37.1
07/27/2026 07:30:00 PM,13998.0,11.5,0.598,100,8098,97.33,35.3
07/27/2026 07:45:00 PM,14090.0,11.5,0.593,100,8095,97.35,33.8
07/27/2026 08:00:00 PM,13959.0,11.5,0.598,100,8088,97.39,32.6
07/27/2026 08:15:00 PM,14067.0,11.4,0.594,100,8085,97.42,31.6
07/27/2026 08:30:00 PM,13926.0,11.3,0.6,100,8079,97.47,30.9
07/27/2026 08:45:00 PM,14095.0,11.5,0.596,100,8075,97.48,30.1
07/27/2026 09:00:00 PM,13932.0,11.2,0.597,100,8073,97.54,29.4
07/27/2026 09:15:00 PM,14083.0,11.7,0.598,100,8072,97.57,28.9
07/27/2026 09:30:00 PM,13998.0,11.1,0.593,100,8068,97.58,28.4
07/27/2026 09:45:00 PM,14055.0,11.8,0.598,100,8066,97.61,27.9
07/27/2026 10:00:00 PM,14030.0,11.2,0.594,100,8065,97.63,27.4
07/27/2026 10:15:00 PM,14065.0,11.8,0.598,100,8063,97.64,26.9
07/27/2026 10:30:00 PM,14069.0,11.2,0.592,100,8060,97.64,26.5
07/27/2026 10:45:00 PM,14081.0,11.8,0.597,100,8057,97.64,26.0
07/27/2026 11:00:00 PM,14184.0,11.2,0.592,100,8057,97.68,25.6
07/27/2026 11:15:00 PM,14025.0,11.3,0.596,100,8055,97.69,25.1
07/27/2026 11:30:00 PM,14198.0,11.6,0.594,100,8054,97.71,24.7
07/27/2026 11:45:00 PM,14121.0,10.9,0.592,100,8053,97.72,24.4
