Date-Time,Temperature,Electrical Conductivity,Specific Conductivity,Salinity,Total Dissolved Solids
2026-07-01 16:45:00,13.546817779541016,461.3739013671875,607.4840087890625,0.288417786359787,299.8930358886719
2026-07-01 17:00:00,12.84860610961914,449.7276916503906,603.80657958984375,0.28587251901626587,292.322998046875
2026-07-01 17:15:00,12.685733795166016,447.2306823730469,603.22418212890625,0.28540658950805664,290.6999206542969
2026-07-01 17:30:00,12.565006256103516,445.5390625,603.00457763671875,0.2851628363132477,289.6003723144531
2026-07-01 17:45:00,12.52273941040039,452.9336242675781,613.7498779296875,0.29035359621047974,294.4068298339844
2026-07-01 18:00:00,12.25076675415039,449.8082275390625,614.268798828125,0.2902863919734955,292.3753356933594
2026-07-01 18:15:00,12.07828140258789,447.6319885253906,614.335693359375,0.2901113033294678,290.9607849121094
2026-07-01 18:30:00,12.00864028930664,455.62396240234375,626.56158447265625,0.29598262906074524,296.15557861328125
2026-07-01 18:45:00,11.908695220947266,455.0545043945313,627.58990478515625,0.29635873436927795,295.7854309082031
2026-07-01 19:00:00,11.73892593383789,451.7235412597656,626.07427978515625,0.2954052686691284,293.62030029296875
2026-07-01 19:15:00,11.599308013916016,450.7615051269531,627.2900390625,0.295817494392395,292.9949645996094
2026-07-01 19:30:00,11.575016021728516,450.3028869628906,627.09698486328125,0.29569199681282043,292.6968688964844
2026-07-01 19:45:00,11.502140045166016,449.4817810058594,627.2904052734375,0.2956910729408264,292.16314697265625
2026-07-01 20:00:00,11.42313003540039,448.2119140625,626.969970703125,0.29543134570121765,291.3377380371094
2026-07-01 20:15:00,11.35928726196289,447.3356323242187,626.91998291015625,0.2953225374221802,290.7681579589844
2026-07-01 20:30:00,11.29849624633789,446.4742736816406,626.83428955078125,0.29520002007484436,290.2082824707031
2026-07-01 20:45:00,11.261966705322266,446.0251159667969,626.87884521484375,0.295172780752182,289.91632080078125
2026-07-01 21:00:00,11.23764419555664,445.7364196777344,626.923095703125,0.2951616942882538,289.7286682128906
2026-07-01 21:15:00,11.21634292602539,445.3073120117187,626.7138671875,0.29503133893013,289.4497375488281
2026-07-01 21:30:00,11.173709869384766,444.7774353027344,626.7579345703125,0.2949952185153961,289.1053161621094
2026-07-01 21:45:00,11.152408599853516,444.2740478515625,626.44342041015625,0.2948135733604431,288.7781066894531
2026-07-01 22:00:00,11.131107330322266,443.65130615234375,625.96014404296875,0.29454994201660156,288.37335205078125
2026-07-01 22:15:00,11.10672378540039,443.5555725097656,626.27752685546875,0.2946709990501404,288.3111267089844
2026-07-01 22:30:00,11.08847427368164,443.4411315917969,626.4549560546875,0.29473236203193665,288.2367248535156
2026-07-01 22:45:00,11.09152603149414,443.2540893554687,626.134033203125,0.29458069801330566,288.1151428222656
2026-07-01 23:00:00,11.094547271728516,443.3523559570313,626.21673583984375,0.2946249544620514,288.17901611328125
2026-07-01 23:15:00,11.07626724243164,450.2802429199219,636.34710693359375,0.2995225489139557,292.6821594238281
2026-07-01 23:30:00,11.05191421508789,450.0045166015625,636.41741943359375,0.2995229661464691,292.5029296875
2026-07-01 23:45:00,11.024478912353516,449.7344970703125,636.55419921875,0.2995513379573822,292.3274230957031
2026-07-02 00:00:00,10.994022369384766,449.35736083984375,636.5966796875,0.29952961206436157,292.082275390625
2026-07-02 00:15:00,10.972660064697266,449.0118713378906,636.51177978515625,0.2994585335254669,291.8576965332031
2026-07-02 00:30:00,10.951358795166016,448.7698974609375,636.57244873046875,0.2994581460952759,291.7004089355469
2026-07-02 00:45:00,10.933048248291016,448.6642456054687,636.7698974609375,0.29952844977378845,291.6317443847656
2026-07-02 01:00:00,10.914737701416016,448.3963012695313,636.737060546875,0.29948681592941284,291.45758056640625
2026-07-02 01:15:00,10.89645767211914,448.1807861328125,636.7781982421875,0.2994810938835144,291.3175048828125
2026-07-02 01:30:00,10.88730239868164,448.10638427734375,636.846435546875,0.29950129985809326,291.2691345214844
2026-07-02 01:45:00,10.87814712524414,447.8699035644531,636.684326171875,0.2994096875190735,291.11541748046875
2026-07-02 02:00:00,10.86594009399414,447.7518310546875,636.74847412109375,0.29942363500595093,291.0386657714844
2026-07-02 02:15:00,10.85678482055664,447.6207885742187,636.7362060546875,0.29940474033355713,290.9534912109375
2026-07-02 02:30:00,10.844608306884766,447.4780578613281,636.7647705078125,0.2994013726711273,290.8607177734375
2026-07-02 02:45:00,10.835453033447266,447.3283996582031,636.72601318359375,0.29936960339546204,290.7634582519531
2026-07-02 03:00:00,10.823246002197266,447.2915344238281,636.906005859375,0.2994396388530731,290.739501953125
2026-07-02 03:15:00,10.81100845336914,447.2192077636719,637.03607177734375,0.299485445022583,290.6924743652344
2026-07-02 03:30:00,10.804935455322266,448.1560363769531,638.48651123046875,0.30018123984336853,291.3014221191406
2026-07-02 03:45:00,10.82626724243164,506.8606262207031,721.6622314453125,0.3407358229160309,329.4593811035156
2026-07-02 04:00:00,10.75607681274414,506.0203552246094,721.98101806640625,0.3407798111438751,328.9132080078125
2026-07-02 04:15:00,10.74386978149414,505.4200439453125,721.38836669921875,0.34047073125839233,328.52301025390625
2026-07-02 04:30:00,10.73471450805664,505.090576171875,721.11602783203125,0.3403230607509613,328.3088684082031
2026-07-02 04:45:00,10.73471450805664,504.8011169433594,720.7027587890625,0.34012117981910706,328.1207275390625
2026-07-02 05:00:00,10.73166275024414,504.6238403320313,720.51556396484375,0.3400249481201172,328.0054931640625
2026-07-02 05:15:00,10.74081802368164,504.5534057617187,720.21728515625,0.33989375829696655,327.959716796875
2026-07-02 05:30:00,10.73776626586914,504.5096130371094,720.220703125,0.33989056944847107,327.9312438964844
2026-07-02 05:45:00,10.76523208618164,507.7959899902344,724.3157958984375,0.3419351875782013,330.0673828125
2026-07-02 06:00:00,10.850711822509766,518.0245361328125,737.0186157226564,0.3482837378978729,336.7159423828125
2026-07-02 06:15:00,10.83847427368164,518.835693359375,738.442626953125,0.3489606976509094,337.2431945800781
2026-07-02 06:30:00,10.82626724243164,518.3140869140625,737.96954345703125,0.34870949387550354,336.9041442871094
2026-07-02 06:45:00,10.835453033447266,518.28472900390625,737.72509765625,0.3486047387123108,336.88507080078125
2026-07-02 07:00:00,10.83237075805664,518.14556884765625,737.594970703125,0.34853607416152954,336.79461669921875
2026-07-02 07:15:00,10.84762954711914,518.2899169921875,737.46405029296875,0.3484966456890106,336.888427734375
2026-07-02 07:30:00,10.87509536743164,518.78466796875,737.562744140625,0.3485891819000244,337.21002197265625
2026-07-02 07:45:00,10.89035415649414,518.56292724609375,736.9117431640625,0.3482952415943146,337.0658874511719
2026-07-02 08:00:00,10.936100006103516,519.60174560546875,737.38134765625,0.34859851002693176,337.7411193847656
2026-07-02 08:15:00,11.03360366821289,520.76031494140625,736.88427734375,0.34851041436195374,338.49420166015625
2026-07-02 08:30:00,11.115848541259766,521.78277587890625,736.531005859375,0.34846723079681396,339.1587829589844
2026-07-02 08:45:00,11.125003814697266,521.96160888671875,736.5836181640625,0.3485073745250702,339.2750244140625
2026-07-02 09:00:00,11.11282730102539,521.7327880859375,736.5264282226564,0.3484601676464081,339.1263122558594
2026-07-02 09:15:00,11.070194244384766,521.05908203125,736.5062255859375,0.3483831286430359,338.6883850097656
2026-07-02 09:30:00,11.04275894165039,520.71600341796875,736.6212158203125,0.34839606285095215,338.46539306640625
2026-07-02 09:45:00,11.000125885009766,520.158203125,736.76519775390625,0.3483988642692566,338.1028137207031
2026-07-02 10:00:00,10.99704360961914,520.17437744140625,736.855712890625,0.3484383523464203,338.11334228515625
2026-07-02 10:15:00,11.01535415649414,518.91802978515625,734.6758422851564,0.34740036725997925,337.29669189453125
2026-07-02 10:30:00,11.07626724243164,519.08563232421875,733.5845947265625,0.34696224331855774,337.4056396484375
2026-07-02 10:45:00,11.16153335571289,520.70855712890625,734.02069091796875,0.3473092019557953,338.4605407714844
2026-07-02 11:00:00,11.222415924072266,522.27301025390625,734.90155029296875,0.3478354215621948,339.4774475097656
2026-07-02 11:15:00,11.39578628540039,525.6165771484375,735.83660888671875,0.3485605716705322,341.6507568359375
2026-07-02 11:30:00,11.656986236572266,529.59466552734375,735.755859375,0.3489144742488861,344.23651123046875
2026-07-02 11:45:00,12.07828140258789,535.23455810546875,734.5625610351564,0.3489413857460022,347.9024353027344
2026-07-02 12:00:00,12.474430084228516,541.2357177734375,734.41363525390625,0.34942081570625305,351.8031921386719
2026-07-02 12:15:00,12.41098403930664,542.36083984375,737.27325439453125,0.3507409989833832,352.5345458984375
2026-07-02 12:30:00,11.99350357055664,537.6380615234375,739.66839599609375,0.3513292670249939,349.4647216796875
2026-07-02 12:45:00,11.53555679321289,527.86968994140625,735.9667358398436,0.34883615374565125,343.11529541015625
2026-07-02 13:00:00,11.32889175415039,524.45452880859375,735.6566162109375,0.34836965799331665,340.8954162597656
2026-07-02 13:15:00,11.261966705322266,522.90594482421875,734.9332275390625,0.3479120135307312,339.88885498046875
2026-07-02 13:30:00,11.246768951416016,521.4248046875,733.18035888671875,0.34702977538108826,338.9261169433594
2026-07-02 13:45:00,11.21634292602539,520.78692626953125,732.94195556640625,0.3468659520149231,338.511474609375
2026-07-02 14:00:00,11.240665435791016,522.10015869140625,734.2623291015625,0.347550630569458,339.3650817871094
2026-07-02 14:15:00,11.353214263916016,524.13006591796875,734.675048828125,0.3479261100292206,340.6845397949219
2026-07-02 14:30:00,11.417057037353516,525.30047607421875,734.9345092773436,0.34815070033073425,341.4452819824219
2026-07-02 14:45:00,11.635746002197266,528.408935546875,734.563720703125,0.3482978343963623,343.4657897949219
2026-07-02 15:00:00,11.511234283447266,498.34918212890625,695.3037109375,0.32888275384902954,323.9269714355469
2026-07-02 15:15:00,11.732852935791016,500.4528503417969,693.734130859375,0.3284286856651306,325.2943420410156
2026-07-02 15:30:00,11.699466705322266,499.8509826660156,693.573974609375,0.3283034861087799,324.90313720703125
2026-07-02 15:45:00,11.975345611572266,503.8758239746094,693.58306884765625,0.32868993282318115,327.519287109375
2026-07-02 16:00:00,11.908695220947266,504.0859069824219,695.21173095703125,0.3293962776660919,327.65582275390625
2026-07-02 16:15:00,11.91171646118164,502.9534606933594,693.58917236328125,0.3286057114601135,326.91973876953125
2026-07-02 16:30:00,11.81473159790039,502.5719299316406,695.01513671875,0.32916995882987976,326.6717529296875
2026-07-02 16:45:00,11.575016021728516,499.6809997558594,695.86151123046875,0.32924678921699524,324.7926330566406
2026-07-02 17:00:00,11.435306549072266,498.6214599609375,697.2347412109375,0.329717755317688,324.10394287109375
2026-07-02 17:15:00,11.283267974853516,496.4976501464844,697.37847900390625,0.32956618070602417,322.72344970703125
2026-07-02 17:30:00,11.21329116821289,495.6667785644531,697.65142822265625,0.32959631085395813,322.1833801269531
2026-07-02 17:45:00,11.182865142822266,495.2406311035156,697.6790771484375,0.3295646905899048,321.9064025878906
2026-07-02 18:00:00,11.155460357666016,494.9390563964844,697.82000732421875,0.329592764377594,321.71038818359375
2026-07-02 18:15:00,11.228519439697266,495.7875061035156,697.50738525390625,0.3295484185218811,322.2618713378906
2026-07-02 18:30:00,11.23764419555664,496.0158081054687,697.6405029296875,0.3296269476413727,322.4102783203125
2026-07-02 18:45:00,11.23764419555664,496.2248840332031,697.9345703125,0.32977068424224854,322.5461730957031
2026-07-02 19:00:00,11.182865142822266,495.3941955566406,697.8953857421875,0.32967039942741394,322.0062255859375
2026-07-02 19:15:00,11.125003814697266,494.7173156738281,698.13690185546875,0.32970210909843445,321.5662536621094
2026-07-02 19:30:00,11.057987213134766,493.9388427734375,698.4254150390625,0.3297424912452698,321.06024169921875
2026-07-02 19:45:00,10.96963882446289,492.6031494140625,698.36883544921875,0.32958123087882996,320.1920471191406
2026-07-02 20:00:00,10.926944732666016,492.4127197265625,698.98736572265625,0.32981815934181213,320.0682678222656
2026-07-02 20:15:00,10.89340591430664,491.8904113769531,698.9447021484375,0.3297460973262787,319.728759765625
2026-07-02 20:30:00,10.89645767211914,492.09771728515625,699.1756591796875,0.32986342906951904,319.8634948730469
2026-07-02 20:45:00,10.86288833618164,491.60498046875,699.17584228515625,0.32981207966804504,319.543212890625
2026-07-02 21:00:00,10.829349517822266,491.2066345214844,699.309814453125,0.32982584834098816,319.2843017578125
2026-07-02 21:15:00,10.81100845336914,490.774169921875,699.07745361328125,0.32968416810035706,319.0032043457031
2026-07-02 21:30:00,10.84762954711914,485.0776062011719,690.20697021484375,0.3254138231277466,315.3004455566406
2026-07-02 21:45:00,10.78659439086914,507.4068298339844,723.2978515625,0.34147176146507263,329.8144226074219
2026-07-02 22:00:00,10.75912857055664,497.6580200195313,709.98492431640625,0.33492612838745117,323.4776916503906
2026-07-02 22:15:00,10.73776626586914,499.1907348632813,712.62762451171875,0.336182564496994,324.4739685058594
2026-07-02 22:30:00,10.72861099243164,498.9986572265625,712.54901123046875,0.33612972497940063,324.34912109375
2026-07-02 22:45:00,10.71640396118164,499.2201232910156,713.12628173828125,0.3363921344280243,324.4930725097656
2026-07-02 23:00:00,10.710269927978516,498.8199462890625,712.68572998046875,0.3361673355102539,324.2329406738281
2026-07-02 23:15:00,10.72861099243164,498.4130554199219,711.7127685546875,0.3357214331626892,323.9684753417969
2026-07-02 23:30:00,10.753055572509766,498.7174072265625,711.625732421875,0.3357175588607788,324.1662902832031
2026-07-02 23:45:00,10.762210845947266,498.8615112304687,711.63616943359375,0.33573710918426514,324.2599792480469
2026-07-03 00:00:00,10.789676666259766,499.2145690917969,711.5543212890625,0.3357403576374054,324.4894714355469
2026-07-03 00:15:00,10.78659439086914,499.2464294433594,711.6654052734375,0.33578982949256897,324.5101623535156
2026-07-03 00:30:00,10.75912857055664,498.9851379394531,711.87823486328125,0.3358505070209503,324.34033203125
2026-07-03 00:45:00,10.74081802368164,498.6286926269531,711.7601318359375,0.33576393127441406,324.108642578125
2026-07-03 01:00:00,10.73776626586914,498.5950012207031,711.77716064453125,0.3357674479484558,324.08673095703125
2026-07-03 01:15:00,10.71640396118164,497.6667175292969,710.90728759765625,0.33530905842781067,323.4833679199219
2026-07-03 01:30:00,10.73471450805664,497.7549133300781,710.6429443359375,0.33520904183387756,323.5406799316406
2026-07-03 01:45:00,10.72250747680664,497.4680786132813,710.493408203125,0.33511680364608765,323.354248046875
2026-07-03 02:00:00,10.698062896728516,497.1989440917969,710.63006591796875,0.3351448178291321,323.1792907714844
2026-07-03 02:15:00,10.685855865478516,496.56304931640625,709.9813232421875,0.33480876684188843,322.7659606933594
2026-07-03 02:30:00,10.67361831665039,496.7082214355469,710.449951171875,0.3350180685520172,322.8603210449219
2026-07-03 02:45:00,10.676700592041016,496.7926025390625,710.50482177734375,0.33504974842071533,322.9151916503906
2026-07-03 03:00:00,10.691959381103516,496.8612365722656,710.2774658203125,0.33496299386024475,322.95977783203125
2026-07-03 03:15:00,10.67361831665039,497.1090087890625,711.023193359375,0.3352977931499481,323.120849609375
2026-07-03 03:30:00,10.66446304321289,496.9281311035156,710.9599609375,0.3352522850036621,323.0032653808594
2026-07-03 03:45:00,10.67056655883789,496.9478759765625,710.85791015625,0.33521223068237305,323.01611328125
2026-07-03 04:00:00,10.66446304321289,496.8536376953125,710.8533935546875,0.33520033955574036,322.9548645019531
2026-07-03 04:15:00,10.66141128540039,496.7828674316406,710.81732177734375,0.3351778984069824,322.9088439941406
2026-07-03 04:30:00,10.667545318603516,496.95562744140625,710.9334716796875,0.3352442979812622,323.0211486816406
2026-07-03 04:45:00,10.667545318603516,496.76519775390625,710.66107177734375,0.3351113796234131,322.8973693847656
2026-07-03 05:00:00,10.65530776977539,496.5982666015625,710.6834716796875,0.33510279655456543,322.7888488769531
2026-07-03 05:15:00,10.649173736572266,496.31390380859375,710.40753173828125,0.3349584937095642,322.6040344238281
2026-07-03 05:30:00,10.643070220947266,496.48248291015625,710.77923583984375,0.3351300358772278,322.7135925292969
2026-07-03 05:45:00,10.649173736572266,496.4353637695313,710.5814208984375,0.3350432217121124,322.6829833984375
2026-07-03 06:00:00,10.67056655883789,496.3607482910156,710.01800537109375,0.33480238914489746,322.63446044921875
2026-07-03 06:15:00,10.691959381103516,500.2919006347656,715.18170166015625,0.3373566269874573,325.1897277832031
2026-07-03 06:30:00,10.73166275024414,499.2364196777344,712.8232421875,0.3362683057785034,324.503662109375
2026-07-03 06:45:00,10.77743911743164,498.2390441894531,710.424072265625,0.33516925573349,323.8553771972656
2026-07-03 07:00:00,11.68429946899414,480.8512573242187,667.505615234375,0.3155379593372345,312.5533142089844
2026-07-03 07:15:00,12.471378326416016,410.0347900390625,556.432861328125,0.26240748167037964,266.5226135253906
2026-07-03 07:30:00,12.21146011352539,435.1540222167969,594.92730712890625,0.28082165122032166,282.85009765625
2026-07-03 07:45:00,11.893558502197266,455.8019104003906,628.8963623046875,0.2969757318496704,296.271240234375
2026-07-03 08:00:00,11.702518463134766,492.8921813964844,683.85736083984375,0.32355383038520813,320.3799133300781
2026-07-03 08:15:00,11.62057876586914,505.1853332519531,702.59075927734375,0.332604318857193,328.3704528808594
2026-07-03 08:30:00,11.626651763916016,507.7362365722656,706.01318359375,0.3342887759208679,330.0285339355469
2026-07-03 08:45:00,11.39883804321289,498.9242858886719,698.40606689453125,0.3302370309829712,324.30078125
2026-07-03 09:00:00,11.182865142822266,489.61920166015625,689.759765625,0.3256963789463043,318.2524719238281
2026-07-03 09:15:00,11.12198257446289,488.9960021972656,690.1248779296875,0.325784832239151,317.8473815917969
2026-07-03 09:30:00,11.067142486572266,489.9373474121094,692.57904052734375,0.3269014358520508,318.4592590332031
2026-07-03 09:45:00,11.00925064086914,490.8575134277344,695.0743408203125,0.3280327022075653,319.057373046875
2026-07-03 10:00:00,10.99704360961914,491.8233337402344,696.69488525390625,0.3288052976131439,319.6851501464844
2026-07-03 10:15:00,11.039737701416016,493.2228088378906,697.79107666015625,0.32940495014190674,320.5948181152344
2026-07-03 10:30:00,11.115848541259766,494.8895263671875,698.56939697265625,0.32989948987960815,321.6781921386719
2026-07-03 10:45:00,11.14633560180664,496.1628723144531,699.7344970703125,0.33051419258117676,322.505859375
2026-07-03 11:00:00,11.08237075805664,496.3782348632813,701.36688232421875,0.33121562004089355,322.6458435058594
2026-07-03 11:15:00,11.057987213134766,496.5261840820313,702.08392333984375,0.33152902126312256,322.74200439453125
2026-07-03 11:30:00,11.149356842041016,497.7210998535156,701.8692626953125,0.331561803817749,323.5187072753906
2026-07-03 11:45:00,11.246768951416016,499.2459716796875,701.9945068359375,0.331768274307251,324.5098571777344
2026-07-03 12:00:00,11.27414321899414,500.2356262207031,702.8179931640625,0.33221137523651123,325.15313720703125
2026-07-03 12:15:00,11.374515533447266,501.0638427734375,701.9029541015625,0.33191195130348206,325.6914978027344
2026-07-03 12:30:00,11.486942291259766,503.2547607421875,702.648193359375,0.33244040608406067,327.1155700683594
2026-07-03 12:45:00,11.72983169555664,505.6459655761719,700.99456787109375,0.3319786489009857,328.66986083984375
2026-07-03 13:00:00,12.048038482666016,510.1164855957031,700.70098876953125,0.3322772681713104,331.5757141113281
2026-07-03 13:15:00,12.07828140258789,510.3895568847656,700.4649658203125,0.33220288157463074,331.7532043457031
2026-07-03 13:30:00,12.29007339477539,513.68524169921875,700.7109375,0.3326092064380646,333.8953857421875
2026-07-03 13:45:00,12.471378326416016,516.5645751953125,700.997802734375,0.332989901304245,335.7669677734375
2026-07-03 14:00:00,12.038944244384766,510.9623718261719,702.04705810546875,0.3329247534275055,332.1255187988281
2026-07-03 14:15:00,12.392826080322266,514.82080078125,700.19891357421875,0.3324944078922272,334.6335144042969
2026-07-03 14:30:00,12.54086685180664,517.1043701171875,700.343505859375,0.3327593505382538,336.1178283691406
2026-07-03 14:45:00,12.712894439697266,520.021240234375,700.8648681640625,0.3332374691963196,338.0137939453125
2026-07-03 15:00:00,12.64651870727539,519.8480224609375,701.9500732421875,0.33368539810180664,337.9012145996094
2026-07-03 15:15:00,12.42306900024414,516.28961181640625,701.590576171875,0.33321747183799744,335.5882263183594
2026-07-03 15:30:00,12.38980484008789,516.12841796875,702.0379638671875,0.33339306712150574,335.48345947265625
2026-07-03 15:45:00,12.184207916259766,513.45660400390625,702.529541015625,0.3333592116832733,333.74676513671875
2026-07-03 16:00:00,12.07223892211914,512.09222412109375,702.92413330078125,0.3334004878997803,332.85992431640625
2026-07-03 16:15:00,11.881412506103516,509.9742431640625,703.8887939453125,0.33360952138900757,331.4832458496094
2026-07-03 16:30:00,11.71768569946289,507.4515075683594,703.74652099609375,0.3333092927932739,329.8434753417969
2026-07-03 16:45:00,11.69339370727539,506.9085388183594,703.4912109375,0.3331497311592102,329.49053955078125
2026-07-03 17:00:00,11.614505767822266,506.1819763183594,704.1016845703125,0.3333359360694885,329.0182800292969
2026-07-03 17:15:00,11.529483795166016,504.8995666503906,704.06646728515625,0.33319616317749023,328.1846923828125
2026-07-03 17:30:00,11.42313003540039,503.7027587890625,704.59197998046875,0.33329853415489197,327.4067687988281
2026-07-03 17:45:00,11.356266021728516,502.9283447265625,704.8931884765625,0.3333476781845093,326.9034118652344
2026-07-03 18:00:00,11.316715240478516,502.4622497558594,705.06072998046875,0.33337125182151794,326.6004638671875
2026-07-03 18:15:00,11.286319732666016,502.11083984375,705.19921875,0.33339396119117737,326.3720397949219
2026-07-03 18:30:00,11.246768951416016,501.3834228515625,705,0.33323773741722107,325.8992004394531
2026-07-03 18:45:00,11.20718765258789,500.72308349609375,704.8953857421875,0.3331274688243866,325.4700012207031
2026-07-03 19:00:00,11.16153335571289,499.06683349609375,703.5133056640625,0.33238354325294495,324.3934326171875
2026-07-03 19:15:00,11.14633560180664,500.2589416503906,705.5111083984375,0.33333712816238403,325.1683044433594
2026-07-03 19:30:00,11.14023208618164,500.1767883300781,705.5228271484375,0.3333336412906647,325.1148986816406
2026-07-03 19:45:00,11.100650787353516,499.3037414550781,705.1180419921875,0.333076149225235,324.54742431640625
2026-07-03 20:00:00,11.061038970947266,499.3772888183594,706.05133056640625,0.3334720730781555,324.59521484375
2026-07-03 20:15:00,11.030582427978516,498.8916015625,706.00311279296875,0.3334021270275116,324.279541015625
2026-07-03 20:30:00,10.994022369384766,498.5052795410156,706.22369384765625,0.33345410227775574,324.0284118652344
2026-07-03 20:45:00,10.96963882446289,498.0606384277344,706.10601806640625,0.3333592414855957,323.7394104003906
2026-07-03 21:00:00,10.923892974853516,494.5682373046875,702.11102294921875,0.3313383162021637,321.4693298339844
2026-07-03 21:15:00,10.89035415649414,493.7552185058594,701.65838623046875,0.3310658633708954,320.9408874511719
2026-07-03 21:30:00,10.86594009399414,495.0714111328125,704.041748046875,0.3321916460990906,321.7964172363281
2026-07-03 21:45:00,10.844608306884766,494.8481750488281,704.1728515625,0.3322226107120514,321.65130615234375
2026-07-03 22:00:00,10.83237075805664,494.27398681640625,703.61309814453125,0.3319304287433624,321.278076171875
2026-07-03 22:15:00,10.823246002197266,494.0582580566406,703.4979248046875,0.3318600654602051,321.1378479003906
2026-07-03 22:30:00,10.804935455322266,493.7958679199219,703.50946044921875,0.3318372964859009,320.9673156738281
2026-07-03 22:45:00,10.79269790649414,493.83746337890625,703.82647705078125,0.3319728970527649,320.9943542480469
2026-07-03 23:00:00,10.77743911743164,493.0893249511719,703.08123779296875,0.3315855860710144,320.508056640625
2026-07-03 23:15:00,10.77438735961914,492.9538879394531,702.95233154296875,0.33151790499687195,320.4200134277344
2026-07-03 23:30:00,10.76828384399414,492.6738586425781,702.68145751953125,0.33137619495391846,320.2380065917969
2026-07-03 23:45:00,10.76523208618164,492.8213806152344,702.9561767578125,0.3315054476261139,320.3338928222656
2026-07-04 00:00:00,10.762210845947266,492.5516357421875,702.635009765625,0.33134403824806213,320.1585388183594
2026-07-04 00:15:00,10.75912857055664,492.3739318847656,702.44635009765625,0.3312472403049469,320.04302978515625
2026-07-04 00:30:00,10.79269790649414,492.6038208007813,702.0682373046875,0.3311149477958679,320.1924743652344
2026-07-04 00:45:00,10.80185317993164,492.6449279785156,701.9344482421875,0.3310638964176178,320.21917724609375
2026-07-04 01:00:00,10.80185317993164,492.050048828125,701.08685302734375,0.33065032958984375,319.83251953125
2026-07-04 01:15:00,10.780521392822266,492.1806640625,701.7208251953125,0.3309265673160553,319.91741943359375
2026-07-04 01:30:00,10.75912857055664,492.0421752929687,701.9730224609375,0.33101633191108704,319.827392578125
2026-07-04 01:45:00,10.74386978149414,491.7261657714844,701.843017578125,0.33092907071113586,319.62200927734375
2026-07-04 02:00:00,10.72861099243164,491.6368408203125,702.03662109375,0.3309997320175171,319.5639343261719
2026-07-04 02:15:00,10.719425201416016,491.5387878417969,702.09002685546875,0.33101147413253784,319.5002136230469
2026-07-04 02:30:00,10.704166412353516,491.2849426269531,702.04876708984375,0.33096736669540405,319.335205078125
2026-07-04 02:45:00,10.688907623291016,491.0608520507813,702.04998779296875,0.33094412088394165,319.1895446777344
2026-07-04 03:00:00,10.679752349853516,491.00531005859375,702.16363525390625,0.3309851586818695,319.1534423828125
2026-07-04 03:15:00,10.67361831665039,490.9371337890625,702.1954345703125,0.3309910297393799,319.109130859375
2026-07-04 03:30:00,10.66446304321289,490.7728576660156,702.153564453125,0.33095622062683105,319.0023498535156
2026-07-04 03:45:00,10.65530776977539,490.4357299804687,701.8642578125,0.3308008015155792,318.783203125
2026-07-04 04:00:00,10.65835952758789,490.39306640625,701.73883056640625,0.3307444751262665,318.7554931640625
2026-07-04 04:15:00,10.676700592041016,490.5360412597656,701.55682373046875,0.3306843936443329,318.8484191894531
2026-07-04 04:30:00,10.67361831665039,490.4463806152344,701.4935302734375,0.3306487798690796,318.7901306152344
2026-07-04 04:45:00,10.67056655883789,490.1734619140625,701.16741943359375,0.33048495650291443,318.61273193359375
2026-07-04 05:00:00,10.667545318603516,490.1969909667969,701.26470947265625,0.330527663230896,318.6280212402344
2026-07-04 05:15:00,10.66141128540039,488.94244384765625,699.59893798828125,0.3297056555747986,317.8125915527344
2026-07-04 05:30:00,10.67361831665039,489.6560363769531,700.36309814453125,0.330097496509552,318.2763977050781
2026-07-04 05:45:00,10.65835952758789,490.7500305175781,702.2496337890625,0.3309934735298157,318.9875183105469
2026-07-04 06:00:00,10.643070220947266,490.1999816894531,701.7850341796875,0.33074289560317993,318.6299743652344
2026-07-04 06:15:00,10.676700592041016,509.9071350097656,729.26104736328125,0.34420841932296753,331.43963623046875
2026-07-04 06:30:00,10.65225601196289,508.2796630859375,727.467529296875,0.3432924449443817,330.38177490234375
2026-07-04 06:45:00,10.65225601196289,508.0688171386719,727.16571044921875,0.3431449830532074,330.2447204589844
2026-07-04 07:00:00,10.667545318603516,508.1565246582031,726.95721435546875,0.3430679142475128,330.3017272949219
2026-07-04 07:15:00,10.676700592041016,508.0423889160156,726.5941162109375,0.34290531277656555,330.2275390625
2026-07-04 07:30:00,10.685855865478516,508.1061096191406,726.4854736328125,0.3428671360015869,330.2689514160156
2026-07-04 07:45:00,10.707218170166016,508.32525634765625,726.3329467773436,0.34282708168029785,330.4114074707031
2026-07-04 08:00:00,10.73776626586914,508.8337707519531,726.3936767578125,0.34290605783462524,330.741943359375
2026-07-04 08:15:00,10.74386978149414,509.1655578613281,726.734375,0.3430823087692261,330.9576110839844
2026-07-04 08:30:00,10.762210845947266,509.1899108886719,726.36981201171875,0.342933714389801,330.9734191894531
2026-07-04 08:45:00,10.84152603149414,509.73876953125,725.42913818359375,0.3426007628440857,331.3302001953125
2026-07-04 09:00:00,10.823246002197266,510.0545043945313,726.2752685546875,0.34298527240753174,331.5354309082031
2026-07-04 09:15:00,10.820194244384766,510.3585205078125,726.7744750976564,0.34322434663772583,331.7330322265625
2026-07-04 09:30:00,10.86899185180664,510.9566345214844,726.56591796875,0.3432002067565918,332.1217956542969
2026-07-04 09:45:00,10.89340591430664,511.29730224609375,726.52069091796875,0.3432168662548065,332.3432312011719
2026-07-04 10:00:00,10.945255279541016,511.8911437988281,726.24090576171875,0.34316202998161316,332.7292175292969
2026-07-04 10:15:00,10.99704360961914,512.58074951171875,726.09893798828125,0.34317412972450256,333.1774597167969
2026-07-04 10:30:00,11.09152603149414,513.68438720703125,725.622802734375,0.34308871626853943,333.89483642578125
2026-07-04 10:45:00,11.173709869384766,514.7276611328125,725.3282470703125,0.34307169914245605,334.5729675292969
2026-07-04 11:00:00,11.31369400024414,516.73748779296875,725.156494140625,0.34320175647735596,335.8793640136719
2026-07-04 11:15:00,11.417057037353516,518.282470703125,725.1158447265625,0.3433379828929901,336.88360595703125
2026-07-04 11:30:00,11.56290054321289,519.17584228515625,723.2665405273436,0.34264907240867615,337.46429443359375
2026-07-04 11:45:00,11.678226470947266,520.76123046875,723.03564453125,0.3427053987979889,338.4947814941406
2026-07-04 12:00:00,11.805606842041016,522.45379638671875,722.70159912109375,0.34272632002830505,339.5949401855469
2026-07-04 12:15:00,11.90262222290039,521.68463134765625,719.609619140625,0.34134820103645325,339.0950012207031
2026-07-04 12:30:00,11.99655532836914,522.4757080078125,718.7451171875,0.34105682373046875,339.60919189453125
2026-07-04 12:45:00,12.044986724853516,523.0020751953125,718.4639892578125,0.34098678827285767,339.9513244628906
2026-07-04 13:00:00,12.217472076416016,524.68572998046875,717.2081298828125,0.3406093120574951,341.04571533203125
2026-07-04 13:15:00,12.281009674072266,523.62652587890625,714.4571533203125,0.33934512734413147,340.35723876953125
2026-07-04 13:30:00,12.238651275634766,522.7056884765625,714.0673828125,0.33909597992897034,339.7586975097656
2026-07-04 13:45:00,12.326358795166016,530.753173828125,723.2412719726564,0.3437228798866272,344.98956298828125
2026-07-04 14:00:00,12.53482437133789,533.762451171875,723.02874755859375,0.343900591135025,346.9455871582031
2026-07-04 14:15:00,12.691776275634766,535.73846435546875,722.479736328125,0.34383901953697205,348.22998046875
2026-07-04 14:30:00,12.809391021728516,537.61944580078125,722.6094970703125,0.34405696392059326,349.45263671875
2026-07-04 14:45:00,12.77927017211914,536.14013671875,721.2343139648436,0.3433407247066498,348.4910888671875
2026-07-04 15:00:00,12.64047622680664,536.79595947265625,724.9590454101564,0.34499120712280273,348.9173583984375
2026-07-04 15:15:00,12.368656158447266,534.2738037109375,727.1585693359375,0.34570667147636414,347.2779541015625
2026-07-04 15:30:00,12.14487075805664,530.755859375,727.02069091796875,0.3453289270401001,344.9913024902344
2026-07-04 15:45:00,12.135807037353516,530.49725341796875,726.85601806640625,0.34523531794548035,344.8232116699219
2026-07-04 16:00:00,11.76620864868164,525.98077392578125,728.4140014648436,0.3454720675945282,341.8874816894531
2026-07-04 16:15:00,11.83292007446289,525.83612060546875,726.8035888671875,0.34477856755256653,341.79345703125
2026-07-04 16:30:00,11.720706939697266,524.70843505859375,727.61480712890625,0.34501349925994873,341.0604553222656
2026-07-04 16:45:00,11.550724029541016,522.74078369140625,728.49237060546875,0.34519296884536743,339.781494140625
2026-07-04 17:00:00,11.401859283447266,523.1151123046875,732.2039794921875,0.346788614988327,340.0248107910156
2026-07-04 17:15:00,11.38058853149414,522.89593505859375,732.35504150390625,0.3468303084373474,339.8823547363281
2026-07-04 17:30:00,11.39883804321289,543.68756103515625,761.0667724609375,0.36094531416893005,353.39691162109375
2026-07-04 17:45:00,11.283267974853516,551.57244873046875,774.736328125,0.3674757480621338,358.5220642089844
2026-07-04 18:00:00,11.25284194946289,552.3477783203125,776.522216796875,0.3683038353919983,359.0260314941406
2026-07-04 18:15:00,11.21023941040039,551.814208984375,776.7490234375,0.36834579706192017,358.6792297363281
2026-07-04 18:30:00,11.19198989868164,550.6817626953125,775.57342529296875,0.36773842573165894,357.9431457519531
2026-07-04 18:45:00,11.176761627197266,550.61492919921875,775.82867431640625,0.36783891916275024,357.8996887207031
2026-07-04 19:00:00,11.14633560180664,550.30377197265625,776.0889282226564,0.36791685223579407,357.69744873046875
2026-07-04 19:15:00,11.11282730102539,550.4559326171875,777.07470703125,0.3683457672595978,357.7963562011719
2026-07-04 19:30:00,11.073246002197266,550.14385986328125,777.5465087890625,0.3685118556022644,357.593505859375
2026-07-04 19:45:00,11.030582427978516,549.2742919921875,777.3018188476564,0.3683207929134369,357.0282897949219
2026-07-04 20:00:00,11.00314712524414,548.7181396484375,777.1484375,0.3681997060775757,356.6667785644531
2026-07-04 20:15:00,10.98788833618164,548.785888671875,777.59722900390625,0.3683945536613464,356.7108154296875
2026-07-04 20:30:00,10.975711822509766,548.91912841796875,778.06793212890625,0.3686051666736603,356.79742431640625
2026-07-04 20:45:00,11.04886245727539,549.32000732421875,776.9444580078125,0.3681756556034088,357.0579833984375
2026-07-04 21:00:00,11.152408599853516,549.748779296875,775.1668701171875,0.3674738109111786,357.3367004394531
2026-07-04 21:15:00,11.265018463134766,549.1729736328125,771.781494140625,0.3659943640232086,356.9624328613281
2026-07-04 21:30:00,11.444400787353516,525.236083984375,734.25457763671875,0.3478583097457886,341.4034423828125
2026-07-04 21:45:00,11.52341079711914,522.4296875,728.6412353515625,0.3452250063419342,339.57928466796875
2026-07-04 22:00:00,11.581119537353516,513.13232421875,714.4664306640625,0.3383634686470032,333.5360107421875
2026-07-04 22:15:00,11.447452545166016,519.79315185546875,726.58050537109375,0.3441011607646942,337.86553955078125
2026-07-04 22:30:00,11.420108795166016,523.7042236328125,732.635498046875,0.34702759981155396,340.4077453613281
2026-07-04 22:45:00,11.36539077758789,489.8447570800781,686.3712158203125,0.324306845664978,318.3990783691406
2026-07-04 23:00:00,11.261966705322266,494.3872375488281,694.85076904296875,0.32829925417900085,321.3516845703125
2026-07-04 23:15:00,11.125003814697266,498.01019287109375,702.78375244140625,0.3319718539714813,323.70660400390625
2026-07-04 23:30:00,11.018375396728516,499.7405395507813,707.46112060546875,0.3340955376625061,324.8313293457031
2026-07-04 23:45:00,10.95743179321289,500.6017456054687,709.96661376953125,0.3352259695529938,325.39111328125
2026-07-05 00:00:00,10.905582427978516,500.9423522949219,711.54840087890625,0.3359184265136719,325.6125183105469
2026-07-05 00:15:00,10.85983657836914,500.96575927734375,712.55401611328125,0.3363383412361145,325.62774658203125
2026-07-05 00:30:00,10.82626724243164,505.8954162597656,720.2879638671875,0.34006381034851074,328.8320007324219
2026-07-05 00:45:00,10.807987213134766,506.48541259765625,721.5223388671875,0.3406379818916321,329.21551513671875
2026-07-05 01:00:00,10.798831939697266,507.33489990234375,722.93048095703125,0.341311514377594,329.7676696777344
2026-07-05 01:15:00,10.77743911743164,508.1572570800781,724.566162109375,0.3420766294002533,330.3022155761719
2026-07-05 01:30:00,10.75912857055664,506.4153137207031,722.478515625,0.34102728962898254,329.1699523925781
2026-07-05 01:45:00,10.75607681274414,508.3146667480469,725.2545166015625,0.34237876534461975,330.4045104980469
2026-07-05 02:00:00,10.73471450805664,508.5090637207031,725.99658203125,0.3427070081233978,330.5308837890625
2026-07-05 02:15:00,10.72861099243164,508.63275146484375,726.30609130859375,0.3428485095500946,330.61126708984375
2026-07-05 02:30:00,10.72555923461914,509.2042236328125,727.18865966796875,0.3432748317718506,330.98272705078125
2026-07-05 02:45:00,10.719425201416016,509.1451110839844,727.238037109375,0.3432890772819519,330.9443054199219
2026-07-05 03:00:00,10.71335220336914,508.6937561035156,726.7257080078125,0.34302884340286255,330.65093994140625
2026-07-05 03:15:00,10.698062896728516,508.60162353515625,726.92755126953125,0.3431027829647064,330.5910339355469
2026-07-05 03:30:00,10.691959381103516,508.6124877929687,727.0762329101564,0.3431656062602997,330.5981140136719
2026-07-05 03:45:00,10.691959381103516,508.6983947753906,727.19903564453125,0.3432255983352661,330.6539306640625
2026-07-05 04:00:00,10.685855865478516,509.0487060546875,727.83319091796875,0.3435255289077759,330.88165283203125
2026-07-05 04:15:00,10.67056655883789,508.8394775390625,727.8682250976564,0.34351783990859985,330.7456359863281
2026-07-05 04:30:00,10.66446304321289,508.7079162597656,727.8134155273436,0.3434811532497406,330.6601257324219
2026-07-05 04:45:00,10.72861099243164,513.30242919921875,732.97418212890625,0.3461076021194458,333.6465759277344
2026-07-05 05:00:00,10.704166412353516,484.9717712402344,693.0272216796875,0.3265684247016907,315.23162841796875
2026-07-05 05:15:00,10.74692153930664,484.9232482910156,692.06988525390625,0.3261677920818329,315.2001037597656
2026-07-05 05:30:00,10.643070220947266,483.4659729003906,692.1444091796875,0.32604342699050903,314.25286865234375
2026-07-05 05:45:00,10.633914947509766,483.3992919921875,692.239501953125,0.3260754942893982,314.20953369140625
2026-07-05 06:00:00,10.633914947509766,483.79339599609375,692.80389404296875,0.32635048031806946,314.4656982421875
2026-07-05 06:15:00,10.624759674072266,483.4953308105469,692.56768798828125,0.32622119784355164,314.2719421386719
2026-07-05 06:30:00,10.633914947509766,483.43267822265625,692.28729248046875,0.326098769903183,314.2312316894531
2026-07-05 06:45:00,10.630863189697266,483.576904296875,692.557373046875,0.3262256681919098,314.3249816894531
2026-07-05 07:00:00,10.633914947509766,483.6065368652344,692.5362548828125,0.32622015476226807,314.34423828125
2026-07-05 07:15:00,10.643070220947266,483.76275634765625,692.56927490234375,0.3262504041194916,314.4457702636719
2026-07-05 07:30:00,10.65530776977539,484.0109558105469,692.66973876953125,0.32631853222846985,314.60711669921875
2026-07-05 07:45:00,10.667545318603516,484.284423828125,692.80633544921875,0.32640397548675537,314.78485107421875
2026-07-05 08:00:00,10.676700592041016,486.59613037109375,695.9219970703125,0.3279368579387665,316.2874755859375
2026-07-05 08:15:00,10.685855865478516,486.6241760253906,695.77081298828125,0.3278774619102478,316.3056945800781
2026-07-05 08:30:00,10.701114654541016,486.7026062011719,695.56427001953125,0.3278004229068756,316.356689453125
2026-07-05 08:45:00,10.73166275024414,486.3093566894531,694.3656005859375,0.32726338505744934,316.10107421875
2026-07-05 09:00:00,10.75912857055664,486.5265197753906,694.1041259765625,0.32717829942703247,316.2422180175781
2026-07-05 09:15:00,10.81100845336914,487.2991333007813,694.12744140625,0.3272694945335388,316.7444152832031
2026-07-05 09:30:00,10.835453033447266,487.6525268554687,694.123291015625,0.3273048996925354,316.97412109375
2026-07-05 09:45:00,10.87204360961914,488.2255554199219,694.1796875,0.32738828659057617,317.3465881347656
2026-07-05 10:00:00,10.929996490478516,488.8009033203125,693.7972412109375,0.3272898495197296,317.7205810546875
2026-07-05 10:15:00,10.972660064697266,489.5173645019531,693.931640625,0.3274199664592743,318.186279296875
2026-07-05 10:30:00,11.00925064086914,490.0329284667969,693.90667724609375,0.32746291160583496,318.5213928222656
2026-07-05 10:45:00,11.16153335571289,491.5750122070313,692.952392578125,0.32722407579421997,319.52374267578125
2026-07-05 11:00:00,11.29544448852539,493.3547668457031,692.71514892578125,0.3273050785064697,320.6805725097656
2026-07-05 11:15:00,11.404911041259766,505.2497863769531,707.1343994140625,0.33451569080352783,328.412353515625
2026-07-05 11:30:00,11.502140045166016,483.14251708984375,674.26690673828125,0.3185890018939972,314.0426330566406
2026-07-05 11:45:00,11.64181900024414,493.5325927734375,685.95904541015625,0.3244974911212921,320.7961730957031
2026-07-05 12:00:00,11.78439712524414,498.1938171386719,689.5679931640625,0.3264613449573517,323.8259582519531
2026-07-05 12:15:00,11.923831939697266,485.96728515625,669.92962646484375,0.3170444667339325,315.87872314453125
2026-07-05 12:30:00,12.00259780883789,527.113525390625,724.99859619140625,0.34413522481918335,342.623779296875
2026-07-05 12:45:00,12.114627838134766,527.63848876953125,723.3798828125,0.34349802136421204,342.9649963378906
2026-07-05 13:00:00,12.253787994384766,503.3465270996094,687.32244873046875,0.32599547505378723,327.17523193359375
2026-07-05 13:15:00,12.320316314697266,490.5996398925781,668.640869140625,0.3169308006763458,318.8897399902344
2026-07-05 13:30:00,12.42911148071289,506.712646484375,688.4576416015625,0.3267810642719269,329.36322021484375
2026-07-05 13:45:00,12.531803131103516,508.3561706542969,688.67279052734375,0.327019065618515,330.4314880371094
2026-07-05 14:00:00,12.598209381103516,509.2753601074219,688.61712646484375,0.3270765542984009,331.0289611816406
2026-07-05 14:15:00,12.712894439697266,510.509033203125,688.044677734375,0.32694077491760254,331.83087158203125
2026-07-05 14:30:00,12.513675689697266,507.8836975097656,688.38775634765625,0.32685595750808716,330.1243896484375
2026-07-05 14:45:00,12.093448638916016,504.4150695800781,691.96307373046875,0.3280562162399292,327.8697814941406
2026-07-05 15:00:00,12.35959243774414,506.38079833984375,689.3741455078125,0.32714012265205383,329.14752197265625
2026-07-05 15:15:00,12.21445083618164,505.6124877929687,691.1962890625,0.32784220576286316,328.6481018066406
2026-07-05 15:30:00,11.85110855102539,499.0637817382813,689.43524169921875,0.3264884352684021,324.3914489746094
2026-07-05 15:45:00,12.08737564086914,502.2527770996094,689.1173095703125,0.32665371894836426,326.46429443359375
2026-07-05 16:00:00,11.514286041259766,496.1089782714844,692.1163330078125,0.32732829451560974,322.4708251953125
2026-07-05 16:15:00,11.46872329711914,494.4783630371094,690.76348876953125,0.3266017436981201,321.4109191894531
2026-07-05 16:30:00,11.35928726196289,493.1869201660156,691.17840576171875,0.32664698362350464,320.57147216796875
2026-07-05 16:45:00,11.277164459228516,492.3852233886719,691.7266845703125,0.3267955482006073,320.0503845214844
2026-07-05 17:00:00,11.34714126586914,492.9230651855469,691.0556640625,0.32656943798065186,320.3999938964844
2026-07-05 17:15:00,11.39273452758789,493.5092468261719,690.95001220703125,0.32658374309539795,320.781005859375
2026-07-05 17:30:00,11.35928726196289,491.3785705566406,688.64410400390625,0.3254087567329407,319.39605712890625
2026-07-05 17:45:00,11.32889175415039,493.39007568359375,692.08221435546875,0.32704460620880127,320.70355224609375
2026-07-05 18:00:00,11.304569244384766,493.0582580566406,692.11260986328125,0.32702401280403137,320.48785400390625
2026-07-05 18:15:00,11.25894546508789,492.4813232421875,692.2337646484375,0.32701659202575684,320.11285400390625
2026-07-05 18:30:00,11.23154067993164,492.1303405761719,692.30047607421875,0.3270089626312256,319.88470458984375
2026-07-05 18:45:00,11.19809341430664,491.6476440429687,692.30548095703125,0.32696226239204407,319.5709533691406
2026-07-05 19:00:00,11.16763687133789,489.4690856933594,689.85906982421875,0.3257227838039398,318.1549072265625
2026-07-05 19:15:00,11.128055572509766,490.274169921875,691.80419921875,0.32661402225494385,318.6781921386719
2026-07-05 19:30:00,11.07931900024414,489.3988342285156,691.56781005859375,0.3264262080192566,318.1092224121094
2026-07-05 19:45:00,11.04581069946289,488.9017333984375,691.55303955078125,0.326369047164917,317.7861022949219
2026-07-05 20:00:00,11.000125885009766,487.9928588867187,691.20538330078125,0.32613101601600647,317.1953430175781
2026-07-05 20:15:00,10.972660064697266,487.3800354003906,690.90179443359375,0.32594162225723267,316.7969970703125
2026-07-05 20:30:00,10.945255279541016,487.8898620605469,692.18927001953125,0.3265284597873688,317.1283874511719
2026-07-05 20:45:00,10.917789459228516,487.5593872070313,692.286865234375,0.326534628868103,316.9136047363281
2026-07-05 21:00:00,10.89645767211914,486.9808654785156,691.90557861328125,0.3263162672519684,316.53753662109375
2026-07-05 21:15:00,10.86899185180664,487.3231201171875,692.959716796875,0.3267887234687805,316.760009765625
2026-07-05 21:30:00,10.84762954711914,487.1991882324219,693.2257080078125,0.3268858790397644,316.6794738769531
2026-07-05 21:45:00,10.82626724243164,486.768310546875,693.0550537109375,0.32676994800567627,316.3993835449219
2026-07-05 22:00:00,10.81100845336914,486.471435546875,692.948486328125,0.32669463753700256,316.2064208984375
2026-07-05 22:15:00,10.795780181884766,486.5006713867187,693.30596923828125,0.32684558629989624,316.2254333496094
2026-07-05 22:30:00,10.78354263305664,486.7863159179687,693.96710205078125,0.3271491527557373,316.4111022949219
2026-07-05 22:45:00,10.77438735961914,486.5928955078125,693.881591796875,0.3270933926105499,316.2853698730469
2026-07-05 23:00:00,10.76523208618164,486.9255065917969,694.54632568359375,0.32740339636802673,316.5015563964844
2026-07-05 23:15:00,10.75912857055664,487.15716552734375,695.00384521484375,0.3276171386241913,316.65216064453125
2026-07-05 23:30:00,10.74692153930664,486.6794738769531,694.57635498046875,0.3273898661136627,316.3416442871094
2026-07-05 23:45:00,10.74081802368164,487.1043395996094,695.30987548828125,0.32773804664611816,316.6177978515625
2026-07-06 00:00:00,10.73471450805664,485.9176635742187,693.742919921875,0.3269645869731903,315.8464660644531
2026-07-06 00:15:00,10.73166275024414,486.050537109375,693.99609375,0.3270833492279053,315.9328308105469
2026-07-06 00:30:00,10.72250747680664,486.3352661132813,694.59332275390625,0.3273603022098541,316.117919921875
2026-07-06 00:45:00,10.71640396118164,486.5421447753906,695.01605224609375,0.32755687832832336,316.25238037109375
2026-07-06 01:00:00,10.71335220336914,485.0924377441406,693.00860595703125,0.32657361030578613,315.31005859375
2026-07-06 01:15:00,10.707218170166016,480.7117919921875,686.87677001953125,0.32357585430145264,312.462646484375
2026-07-06 01:30:00,10.704166412353516,483.8656921386719,691.44659423828125,0.32579800486564636,314.5126953125
2026-07-06 01:45:00,10.695011138916016,483.42523193359375,691.00701904296875,0.32556968927383423,314.22637939453125
2026-07-06 02:00:00,10.688907623291016,482.6508483886719,690.02655029296875,0.325082391500473,313.7230529785156
2026-07-06 02:15:00,10.685855865478516,483.533447265625,691.3516845703125,0.3257234990596771,314.2967224121094
2026-07-06 02:30:00,10.679752349853516,480.4365539550781,687.04974365234375,0.3236178457736969,312.28375244140625
2026-07-06 02:45:00,10.67361831665039,481.1700744628906,688.2254638671875,0.3241812288761139,312.7605285644531
2026-07-06 03:00:00,10.67361831665039,481.4283142089844,688.5948486328125,0.3243611752986908,312.92840576171875
2026-07-06 03:15:00,10.67361831665039,478.6301879882813,684.5926513671875,0.32241153717041016,311.109619140625
2026-07-06 03:30:00,10.67361831665039,483.81500244140625,692.008544921875,0.3260246515274048,314.479736328125
2026-07-06 03:45:00,10.67056655883789,482.9415893554687,690.8226318359375,0.32544198632240295,313.9120178222656
2026-07-06 04:00:00,10.67056655883789,485.0065612792969,693.7764892578125,0.3268815279006958,315.2542419433594
2026-07-06 04:15:00,10.67056655883789,484.75494384765625,693.41656494140625,0.3267061412334442,315.0906982421875
2026-07-06 04:30:00,10.66446304321289,484.1356506347656,692.65765380859375,0.32632681727409363,314.68817138671875
2026-07-06 04:45:00,10.65835952758789,484.5557556152344,693.38580322265625,0.32667219638824463,314.96124267578125
2026-07-06 05:00:00,10.649173736572266,484.1772766113281,693.03558349609375,0.3264872133731842,314.7152099609375
2026-07-06 05:15:00,10.65225601196289,484.927001953125,694.04437255859375,0.32698360085487366,315.2025451660156
2026-07-06 05:30:00,10.643070220947266,484.97113037109375,694.29925537109375,0.3270934820175171,315.2312316894531
2026-07-06 05:45:00,10.64004898071289,484.7804870605469,694.08935546875,0.32698649168014526,315.1072998046875
2026-07-06 06:00:00,10.643070220947266,484.80767822265625,694.06524658203125,0.326979398727417,315.1249694824219
2026-07-06 06:15:00,10.646121978759766,485.0142822265625,694.29730224609375,0.3270973861217499,315.25927734375
2026-07-06 06:30:00,10.65225601196289,484.865478515625,693.956298828125,0.3269406855106354,315.16253662109375
2026-07-06 06:45:00,10.65835952758789,483.9503173828125,692.51947021484375,0.326249897480011,314.56768798828125
2026-07-06 07:00:00,10.66446304321289,485.3214721679687,694.35418701171875,0.32715359330177307,315.4589538574219
2026-07-06 07:15:00,10.667545318603516,485.3260192871094,694.29644775390625,0.32713019847869873,315.4619140625
2026-07-06 07:30:00,10.67361831665039,486.4050598144531,695.713134765625,0.3278302848339081,316.16326904296875
2026-07-06 07:45:00,10.682804107666016,486.4794006347656,695.62750244140625,0.327802836894989,316.21160888671875
2026-07-06 08:00:00,10.701114654541016,485.7897644042969,694.25970458984375,0.32716450095176697,315.7633361816406
2026-07-06 08:15:00,10.72555923461914,485.8265686035156,693.80328369140625,0.3269798755645752,315.7872619628906
2026-07-06 08:30:00,10.74997329711914,485.9489440917969,693.4703369140625,0.3268551826477051,315.8667907714844
2026-07-06 08:45:00,10.823246002197266,486.3996887207031,692.5927734375,0.3265397250652313,316.1597900390625
2026-07-06 09:00:00,10.86288833618164,486.9201049804687,692.5128173828125,0.32656130194664,316.498046875
2026-07-06 09:15:00,10.88730239868164,486.7749938964844,691.802001953125,0.32625168561935425,316.40374755859375
2026-07-06 09:30:00,10.939151763916016,488.0854187011719,692.5926513671875,0.326715886592865,317.2555236816406
2026-07-06 09:45:00,11.01535415649414,488.4783325195313,691.579833984375,0.3263363540172577,317.5108947753906
2026-07-06 10:00:00,11.05496597290039,488.330322265625,690.55694580078125,0.32589635252952576,317.4147033691406
2026-07-06 10:15:00,11.131107330322266,487.8546752929687,688.32794189453125,0.3249213695526123,317.10552978515625
2026-07-06 10:30:00,11.201114654541016,489.4034423828125,689.08380126953125,0.32539331912994385,318.1122131347656
2026-07-06 10:45:00,11.319766998291016,490.7670593261719,688.58795166015625,0.32532405853271484,318.9985656738281
2026-07-06 11:00:00,11.429203033447266,492.623046875,688.970458984375,0.325668603181839,320.2049560546875
2026-07-06 11:15:00,11.56290054321289,493.7307739257813,687.81890869140625,0.32529589533805847,320.92498779296875
2026-07-06 11:30:00,11.505191802978516,492.6708679199219,687.5030517578125,0.32505983114242554,320.2360534667969
2026-07-06 11:45:00,11.68429946899414,495.67620849609375,688.08526611328125,0.3255966603755951,322.18951416015625
2026-07-06 12:00:00,11.923831939697266,499.0874938964844,688.0164794921875,0.325893372297287,324.4068603515625
2026-07-06 12:15:00,12.208438873291016,501.37738037109375,685.5250244140625,0.32505473494529724,325.8952941894531
2026-07-06 12:30:00,11.82382583618164,497.3792419433594,687.6524658203125,0.3255782127380371,323.2965087890625
2026-07-06 12:45:00,11.999576568603516,498.2775268554687,685.39697265625,0.3247135281562805,323.88037109375
2026-07-06 13:00:00,12.029850006103516,500.1784057617187,687.41058349609375,0.3257402777671814,325.115966796875
2026-07-06 13:15:00,11.98141860961914,499.0664367675781,686.8424072265625,0.32539668679237366,324.3931579589844
2026-07-06 13:30:00,12.37771987915039,502.2145690917969,683.34820556640625,0.32420918345451355,326.439453125
2026-07-06 13:45:00,12.610294342041016,506.683349609375,684.8773193359375,0.3252568244934082,329.34417724609375
2026-07-06 14:00:00,12.76114273071289,508.57025146484375,684.49688720703125,0.32525962591171265,330.5706481933594
2026-07-06 14:15:00,12.58011245727539,506.3215942382813,684.9752197265625,0.3252665400505066,329.1090393066406
2026-07-06 14:30:00,12.78226089477539,508.9988098144531,684.6650390625,0.3253684341907501,330.8492126464844
2026-07-06 14:45:00,12.83957290649414,509.8284912109375,684.67266845703125,0.3254433274269104,331.3885192871094
2026-07-06 15:00:00,12.884769439697266,510.52679443359375,684.7376708984375,0.325531005859375,331.8424072265625
2026-07-06 15:15:00,12.36563491821289,505.8990173339844,688.59930419921875,0.32676804065704346,328.8343505859375
2026-07-06 15:30:00,12.42911148071289,504.9856262207031,686.11114501953125,0.3256302773952484,328.2406311035156
2026-07-06 15:45:00,12.00259780883789,500.376708984375,688.22442626953125,0.3261021375656128,325.2448425292969
2026-07-06 16:00:00,12.063175201416016,500.4744567871094,687.15655517578125,0.325660765171051,325.3083801269531
2026-07-06 16:15:00,11.896549224853516,498.5809631347656,687.86151123046875,0.3257802724838257,324.0776062011719
2026-07-06 16:30:00,11.84201431274414,497.4600524902344,687.401123046875,0.32548031210899353,323.3490295410156
2026-07-06 16:45:00,11.76620864868164,497.55767822265625,689.0517578125,0.3261835277080536,323.4124755859375
2026-07-06 17:00:00,11.73892593383789,496.3312377929687,687.89910888671875,0.3255816698074341,322.61529541015625
2026-07-06 17:15:00,11.67520523071289,488.6448669433594,678.50439453125,0.3208993971347809,317.619140625
2026-07-06 17:30:00,11.64181900024414,494.9010314941406,687.86102294921875,0.32542768120765686,321.6856689453125
2026-07-06 17:45:00,11.514286041259766,493.3102416992187,688.21185302734375,0.32541921734809875,320.6516418457031
2026-07-06 18:00:00,11.517337799072266,493.376708984375,688.2430419921875,0.325438916683197,320.6948547363281
2026-07-06 18:15:00,11.502140045166016,493.1781311035156,688.2724609375,0.3254317343235016,320.5657653808594
2026-07-06 18:30:00,11.444400787353516,491.6899719238281,687.35870361328125,0.32490283250808716,319.5984802246094
2026-07-06 18:45:00,11.41403579711914,492.4286804199219,689.005615234375,0.32566413283348083,320.0786437988281
2026-07-06 19:00:00,11.389713287353516,491.5567932128906,688.27752685546875,0.3252734839916229,319.51190185546875
2026-07-06 19:15:00,11.341068267822266,490.4441833496094,687.703369140625,0.3249228298664093,318.7886962890625
2026-07-06 19:30:00,11.261966705322266,489.5625305175781,688.06976318359375,0.32498714327812195,318.21563720703125
2026-07-06 19:45:00,11.228519439697266,488.8426513671875,687.73687744140625,0.3247758746147156,317.7477111816406
2026-07-06 20:00:00,11.155460357666016,487.8077087402344,687.76544189453125,0.3246828019618988,317.07501220703125
2026-07-06 20:15:00,11.18588638305664,495.3488464355469,697.7691650390625,0.3296130299568176,321.97674560546875
2026-07-06 20:30:00,11.21634292602539,498.3157348632813,701.31658935546875,0.3313918113708496,323.90521240234375
2026-07-06 20:45:00,11.09152603149414,496.7512512207031,701.70330810546875,0.33139389753341675,322.8883056640625
2026-07-06 21:00:00,11.064090728759766,496.4944763183594,701.91180419921875,0.331454336643219,322.7214050292969
2026-07-06 21:15:00,11.03360366821289,496.0768432617187,701.956787109375,0.3314301371574402,322.449951171875
2026-07-06 21:30:00,11.05191421508789,500.5301208496094,707.873046875,0.33434826135635376,325.3445739746094
2026-07-06 21:45:00,11.00925064086914,496.7864379882813,703.46990966796875,0.33213210105895996,322.9111633300781
2026-07-06 22:00:00,10.978763580322266,496.572021484375,703.80438232421875,0.3322489559650421,322.77178955078125
2026-07-06 22:15:00,10.966556549072266,496.3321533203125,703.72003173828125,0.33218908309936523,322.6158752441406
2026-07-06 22:30:00,10.966556549072266,496.4253845214844,703.85223388671875,0.3322536051273346,322.6764831542969
2026-07-06 22:45:00,10.95438003540039,496.3008117675781,703.93084716796875,0.33227336406707764,322.59552001953125
2026-07-06 23:00:00,10.94827651977539,496.46929931640625,704.2978515625,0.3324432373046875,322.7050476074219
2026-07-06 23:15:00,10.94827651977539,496.7365112304687,704.6768798828125,0.3326283395290375,322.87872314453125
2026-07-06 23:30:00,10.939151763916016,496.2576293945313,704.18902587890625,0.33237603306770325,322.56744384765625
2026-07-06 23:45:00,10.94827651977539,496.481201171875,704.314697265625,0.3324514329433441,322.7127685546875
2026-07-07 00:00:00,10.939151763916016,496.2181396484375,704.1329345703125,0.3323487341403961,322.5417785644531
2026-07-07 00:15:00,10.936100006103516,496.2894287109375,704.2982177734375,0.3324246406555176,322.5881042480469
2026-07-07 00:30:00,10.920841217041016,496.0502624511719,704.279052734375,0.3323918581008911,322.4326477050781
2026-07-07 00:45:00,10.917789459228516,496.98779296875,705.67431640625,0.3330684006214142,323.04205322265625
2026-07-07 01:00:00,10.902530670166016,494.96527099609375,703.1224365234375,0.3317989706993103,321.7274169921875
2026-07-07 01:15:00,10.89950942993164,493.9978637695313,701.81146240234375,0.3311542570590973,321.0986022949219
2026-07-07 01:30:00,10.984867095947266,495.0134887695313,701.468017578125,0.3311171531677246,321.7587585449219
2026-07-07 01:45:00,11.030582427978516,495.8403015136719,701.68505859375,0.3312925696372986,322.2961730957031
2026-07-07 02:00:00,10.94827651977539,495.3626098632813,702.7279052734375,0.3316764235496521,321.9856872558594
2026-07-07 02:15:00,10.89950942993164,494.26959228515625,702.19744873046875,0.33134275674819946,321.2752380371094
2026-07-07 02:30:00,10.89950942993164,495.4039916992187,703.80908203125,0.33212950825691223,322.0125732421875
2026-07-07 02:45:00,11.027530670166016,494.9097900390625,700.4317626953125,0.33067595958709717,321.69134521484375
2026-07-07 03:00:00,11.00925064086914,494.73046875,700.55859375,0.33071020245552063,321.5747985839844
2026-07-07 03:15:00,11.01230239868164,494.2252197265625,699.77960205078125,0.3303343653678894,321.2463684082031
2026-07-07 03:30:00,11.027530670166016,495.304931640625,700.99102783203125,0.3309490382671356,321.94818115234375
2026-07-07 03:45:00,11.07626724243164,495.62847900390625,700.434326171875,0.33075079321861267,322.15850830078125
2026-07-07 04:00:00,11.12198257446289,495.6329650878906,699.49169921875,0.3303590416908264,322.1614074707031
2026-07-07 04:15:00,11.134159088134766,495.2644958496094,698.719482421875,0.32999998331069946,321.9219055175781
2026-07-07 04:30:00,11.10977554321289,494.3475646972656,697.9300537109375,0.32957789301872253,321.3258972167969
2026-07-07 04:45:00,11.04886245727539,493.40185546875,697.855224609375,0.32944992184638977,320.711181640625
2026-07-07 05:00:00,10.981815338134766,492.4768371582031,697.936767578125,0.32938849925994873,320.10992431640625
2026-07-07 05:15:00,10.929996490478516,491.7705383300781,698.01226806640625,0.32934659719467163,319.6508483886719
2026-07-07 05:30:00,10.95438003540039,478.5992126464844,678.82366943359375,0.3200240135192871,311.0894775390625
2026-07-07 05:45:00,10.939151763916016,479.0623779296875,679.7889404296875,0.32047194242477417,311.3905334472656
2026-07-07 06:00:00,10.88119888305664,478.6734924316406,680.41217041015625,0.32068920135498047,311.13775634765625
2026-07-07 06:15:00,10.84762954711914,478.5994567871094,680.98931884765625,0.3209201991558075,311.0896301269531
2026-07-07 06:30:00,10.829349517822266,478.6624450683594,681.451171875,0.32111772894859314,311.1305847167969
2026-07-07 06:45:00,10.82626724243164,479.04449462890625,682.05792236328125,0.3214087188243866,311.37890625
2026-07-07 07:00:00,10.82626724243164,472.9238586425781,673.34344482421875,0.3171635568141937,307.4004821777344
2026-07-07 07:15:00,10.804935455322266,477.7062377929687,680.58660888671875,0.32065969705581665,310.509033203125
2026-07-07 07:30:00,10.789676666259766,476.3674926757813,678.98931884765625,0.31985852122306824,309.63885498046875
2026-07-07 07:45:00,10.78354263305664,477.3959045410156,680.580078125,0.3206242620944977,310.30731201171875
2026-07-07 08:00:00,10.78659439086914,477.126953125,680.134521484375,0.3204117715358734,310.13250732421875
2026-07-07 08:15:00,10.82626724243164,477.7073364257813,680.15411376953125,0.3204810619354248,310.509765625
2026-07-07 08:30:00,10.89645767211914,479.8975524902344,681.841552734375,0.3214086592197418,311.93341064453125
2026-07-07 08:45:00,10.923892974853516,479.2615966796875,680.38104248046875,0.3207377791404724,311.52001953125
2026-07-07 09:00:00,10.95743179321289,479.8425903320313,680.525390625,0.3208580017089844,311.8976745605469
2026-07-07 09:15:00,10.96353530883789,481.0503845214844,682.11431884765625,0.321641743183136,312.6827392578125
2026-07-07 09:30:00,10.972660064697266,479.6213073730469,679.9031982421875,0.3205772936344147,311.75384521484375
2026-07-07 09:45:00,10.990970611572266,480.06549072265625,680.162109375,0.32073065638542175,312.0425720214844
2026-07-07 10:00:00,11.021427154541016,480.6517639160156,680.376220703125,0.3208800256252289,312.42364501953125
2026-07-07 10:15:00,11.085391998291016,481.46588134765625,680.23516845703125,0.3209053575992584,312.95281982421875
2026-07-07 10:30:00,11.19809341430664,490.3421325683594,690.46710205078125,0.3260642886161804,318.7223815917969
2026-07-07 10:45:00,11.18588638305664,483.48974609375,681.06390380859375,0.32145634293556213,314.268310546875
2026-07-07 11:00:00,11.27414321899414,483.8330993652344,679.77288818359375,0.3209538459777832,314.49151611328125
2026-07-07 11:15:00,11.39883804321289,484.3424377441406,677.99407958984375,0.32026350498199463,314.82257080078125
2026-07-07 11:30:00,11.55679702758789,487.3857727050781,679.10089111328125,0.32102635502815247,316.8007507324219
2026-07-07 11:45:00,11.699466705322266,497.19140625,689.88360595703125,0.32649749517440796,323.1744079589844
2026-07-07 12:00:00,11.81473159790039,490.3439025878906,678.104736328125,0.3208949565887451,318.7235107421875
2026-07-07 12:15:00,11.86929702758789,499.6126098632813,689.8294677734375,0.3267062306404114,324.7481994628906
2026-07-07 12:30:00,11.754093170166016,499.155517578125,691.50823974609375,0.32736867666244507,324.4510803222656
2026-07-07 12:45:00,11.70553970336914,498.7701110839844,691.95172119140625,0.32751786708831787,324.2005615234375
2026-07-07 13:00:00,11.875370025634766,499.7313232421875,689.8719482421875,0.32673534750938416,324.8253479003906
2026-07-07 13:15:00,11.84201431274414,499.3495178222656,690.01202392578125,0.32675808668136597,324.5771789550781
2026-07-07 13:30:00,11.805606842041016,498.8983459472656,690.11773681640625,0.32675954699516296,324.2839050292969
2026-07-07 13:45:00,12.208438873291016,502.7069091796875,687.34283447265625,0.32594549655914307,326.7594909667969
2026-07-07 14:00:00,12.05105972290039,502.0441589355469,689.5526123046875,0.3268180191516876,326.3287048339844
2026-07-07 14:15:00,11.826847076416016,499.4994812011719,690.523193359375,0.3269873559474945,324.6746520996094
2026-07-07 14:30:00,11.690372467041016,497.2465515136719,690.14300537109375,0.3266116976737976,323.2102355957031
2026-07-07 14:45:00,11.55984878540039,495.6053466796875,690.49200439453125,0.32659855484962463,322.1434631347656
2026-07-07 15:00:00,11.635746002197266,495.2970275878906,688.53350830078125,0.3257478177547455,321.94305419921875
2026-07-07 15:15:00,11.68429946899414,496.5940551757813,689.359375,0.3262198865413666,322.7861328125
2026-07-07 15:30:00,11.644840240478516,496.230224609375,689.64764404296875,0.3263055980205536,322.54962158203125
2026-07-07 15:45:00,11.623600006103516,496.1471862792969,689.9599609375,0.32642850279808044,322.49566650390625
2026-07-07 16:00:00,11.465702056884766,489.4290161132813,683.7703857421875,0.32317960262298584,318.12884521484375
2026-07-07 16:15:00,11.489994049072266,487.5077209472656,680.60113525390625,0.32166561484336853,316.8800048828125
2026-07-07 16:30:00,11.48392105102539,486.96875,679.96978759765625,0.3213486671447754,316.5296630859375
2026-07-07 16:45:00,11.45962905883789,488.100341796875,682.03564453125,0.3223235607147217,317.26519775390625
2026-07-07 17:00:00,11.474796295166016,493.8975524902344,689.82928466796875,0.32615360617637634,321.03338623046875
2026-07-07 17:15:00,11.45962905883789,487.6321105957031,681.38134765625,0.32200396060943604,316.9608459472656
2026-07-07 17:30:00,11.38364028930664,491.4118041992187,688.19744873046875,0.32522544264793396,319.41766357421875
2026-07-07 17:45:00,11.35928726196289,485.8527221679687,680.89990234375,0.3216261565685272,315.80426025390625
2026-07-07 18:00:00,11.33194351196289,492.2151794433594,690.37213134765625,0.3262133300304413,319.9398498535156
2026-07-07 18:15:00,11.30759048461914,485.6591491699219,681.66571044921875,0.3219260275363922,315.6784362792969
2026-07-07 18:30:00,11.286319732666016,491.8655700683594,690.81005859375,0.32636094093322754,319.7126159667969
2026-07-07 18:45:00,11.25284194946289,485.1193237304687,682.00860595703125,0.32201457023620605,315.3275451660156
2026-07-07 19:00:00,11.23154067993164,491.151123046875,690.9229736328125,0.3263360857963562,319.24822998046875
2026-07-07 19:15:00,11.222415924072266,484.5241394042969,681.7843017578125,0.32186105847358704,314.940673828125
2026-07-07 19:30:00,11.21023941040039,484.2632141113281,681.662353515625,0.3217839002609253,314.7710876464844
2026-07-07 19:45:00,11.18588638305664,490.4386596679687,690.85247802734375,0.3262346684932709,318.7851257324219
2026-07-07 20:00:00,11.14633560180664,489.6751098632813,690.5848388671875,0.3260456323623657,318.288818359375
2026-07-07 20:15:00,11.12198257446289,481.9610290527344,680.19635009765625,0.3209401071071625,313.274658203125
2026-07-07 20:30:00,11.103702545166016,487.1093444824219,687.8348388671875,0.3246402442455292,316.6210632324219
2026-07-07 20:45:00,11.07931900024414,493.6507263183594,697.57611083984375,0.32935962080955505,320.8729553222656
2026-07-07 21:00:00,11.05496597290039,485.875732421875,687.08587646484375,0.32420262694358826,315.8192138671875
2026-07-07 21:15:00,11.024478912353516,492.5828247070313,697.20172119140625,0.3290942907333374,320.1788330078125
2026-07-07 21:30:00,11.00619888305664,486.0158996582031,688.28082275390625,0.3247130811214447,315.9103088378906
2026-07-07 21:45:00,10.990970611572266,485.8877258300781,688.4111328125,0.32475391030311584,315.8269958496094
2026-07-07 22:00:00,10.98788833618164,492.9810485839844,698.52508544921875,0.3296850621700287,320.43768310546875
2026-07-07 22:15:00,10.981815338134766,493.2879943847656,699.0863037109375,0.32994988560676575,320.6371765136719
2026-07-07 22:30:00,10.96048355102539,493.2732238769531,699.50946044921875,0.33012402057647705,320.6275939941406
2026-07-07 22:45:00,10.939151763916016,492.7168884277344,699.1646728515625,0.32992324233055115,320.2659606933594
2026-07-07 23:00:00,10.933048248291016,492.5061645507813,698.99285888671875,0.32982999086380005,320.1289978027344
2026-07-07 23:15:00,10.923892974853516,492.3009643554687,698.89227294921875,0.3297669589519501,319.99560546875
2026-07-07 23:30:00,10.917789459228516,492.04193115234375,698.65167236328125,0.3296402394771576,319.8272399902344
2026-07-07 23:45:00,10.923892974853516,492.0892028808594,698.5916748046875,0.3296203315258026,319.85797119140625
2026-07-08 00:00:00,10.911685943603516,491.8372497558594,698.48822021484375,0.32955119013786316,319.6942138671875
2026-07-08 00:15:00,10.908634185791016,491.901611328125,698.6431884765625,0.32962214946746826,319.73602294921875
2026-07-08 00:30:00,10.89950942993164,491.8462829589844,698.7547607421875,0.32966265082359314,319.7000732421875
2026-07-08 00:45:00,10.89340591430664,491.6206359863281,698.5614013671875,0.32955890893936157,319.55340576171875
2026-07-08 01:00:00,10.89950942993164,491.5631713867187,698.3525390625,0.3294663429260254,319.51605224609375
2026-07-08 01:15:00,10.89340591430664,491.85498046875,698.8944091796875,0.3297213613986969,319.7057189941406
2026-07-08 01:30:00,10.89035415649414,491.852783203125,698.95489501953125,0.329746276140213,319.70428466796875
2026-07-08 01:45:00,10.88425064086914,491.6868896484375,698.846435546875,0.32968392968177795,319.5964660644531
2026-07-08 02:00:00,10.88119888305664,491.67376708984375,698.89141845703125,0.32970130443573,319.58795166015625
2026-07-08 02:15:00,10.87814712524414,491.547607421875,698.77581787109375,0.3296401798725128,319.50592041015625
2026-07-08 02:30:00,10.88730239868164,491.6980285644531,698.79864501953125,0.3296653628349304,319.60369873046875
2026-07-08 02:45:00,10.89035415649414,491.9703369140625,699.1219482421875,0.32982784509658813,319.78070068359375
2026-07-08 03:00:00,10.89035415649414,491.80426025390625,698.88592529296875,0.3297125995159149,319.6727600097656
2026-07-08 03:15:00,10.902530670166016,491.888671875,698.751953125,0.3296658992767334,319.7276306152344
2026-07-08 03:30:00,10.89645767211914,491.96771240234375,698.990966796875,0.3297731578350067,319.77899169921875
2026-07-08 03:45:00,10.89340591430664,491.3938903808594,698.23919677734375,0.3294016718864441,319.406005859375
2026-07-08 04:00:00,10.89340591430664,491.6901550292969,698.66015625,0.3296070992946625,319.5986022949219
2026-07-08 04:15:00,10.89340591430664,491.6413269042969,698.5908203125,0.32957330346107483,319.5668640136719
2026-07-08 04:30:00,10.89035415649414,491.52154541015625,698.48419189453125,0.32951655983924866,319.4889831542969
2026-07-08 04:45:00,10.89340591430664,491.1407165527344,697.87945556640625,0.32922613620758057,319.241455078125
2026-07-08 05:00:00,10.908634185791016,491.3926086425781,697.92022705078125,0.32926926016807556,319.4051818847656
2026-07-08 05:15:00,10.914737701416016,491.6600646972656,698.1729736328125,0.32940196990966797,319.57904052734375
2026-07-08 05:30:00,10.917789459228516,491.8656921386719,698.40142822265625,0.3295181393623352,319.7126770019531
2026-07-08 05:45:00,10.911685943603516,491.9075317382813,698.5880126953125,0.32959985733032227,319.7398986816406
2026-07-08 06:00:00,10.914737701416016,491.95166015625,698.5870361328125,0.32960399985313416,319.7685546875
2026-07-08 06:15:00,10.902530670166016,491.9054565429687,698.77581787109375,0.3296774923801422,319.738525390625
2026-07-08 06:30:00,10.89340591430664,491.6357116699219,698.58282470703125,0.32956936955451965,319.5632019042969
2026-07-08 06:45:00,10.89035415649414,491.5544738769531,698.53094482421875,0.32953941822052,319.5104064941406
2026-07-08 07:00:00,10.89950942993164,491.4880065917969,698.2457275390625,0.32941415905952454,319.4671936035156
2026-07-08 07:15:00,10.911685943603516,492.2937927246094,699.1365966796875,0.32986751198768616,319.990966796875
2026-07-08 07:30:00,10.908634185791016,491.5345764160156,698.12188720703125,0.32936763763427734,319.4974670410156
2026-07-08 07:45:00,10.914737701416016,491.5172729492187,697.97021484375,0.32930299639701843,319.4862060546875
2026-07-08 08:00:00,10.920841217041016,491.5302429199219,697.86163330078125,0.32925930619239807,319.4946594238281
2026-07-08 08:15:00,10.917789459228516,491.4883117675781,697.8656005859375,0.3292566239833832,319.4673767089844
2026-07-08 08:30:00,10.936100006103516,491.42181396484375,697.39044189453125,0.32905253767967224,319.4241638183594
2026-07-08 08:45:00,11.061038970947266,489.4037170410156,691.9500732421875,0.32658547163009644,318.1123962402344
2026-07-08 09:00:00,11.289371490478516,489.0528869628906,686.7979736328125,0.32440581917762756,317.8843688964844
2026-07-08 09:15:00,11.103702545166016,488.7257690429687,690.11737060546875,0.32575446367263794,317.6717529296875
2026-07-08 09:30:00,11.027530670166016,482.7667541503906,683.24609375,0.3222889006137848,313.7983703613281
2026-07-08 09:45:00,11.01535415649414,482.3952941894531,682.967529296875,0.32213500142097473,313.5569152832031
2026-07-08 10:00:00,11.018375396728516,483.5841979980469,684.5892333984375,0.3229304552078247,314.3297119140625
2026-07-08 10:15:00,11.07626724243164,490.3197021484375,692.93182373046875,0.3270873427391052,318.7077941894531
2026-07-08 10:30:00,11.176761627197266,492.21533203125,693.5423583984375,0.32753467559814453,319.93994140625
2026-07-08 10:45:00,11.21329116821289,493.23046875,694.2222900390625,0.32792073488235474,320.59979248046875
2026-07-08 11:00:00,11.18893814086914,493.2359924316406,694.73016357421875,0.3281329274177551,320.6033935546875
2026-07-08 11:15:00,11.152408599853516,492.9579162597656,695.08953857421875,0.3282543122768402,320.4226379394531
2026-07-08 11:30:00,11.128055572509766,492.839599609375,695.4241943359375,0.3283815383911133,320.3457336425781
2026-07-08 11:45:00,11.14633560180664,492.22216796875,694.17694091796875,0.32779958844184875,319.94439697265625
2026-07-08 12:00:00,11.16153335571289,492.93548583984375,694.87017822265625,0.32816073298454285,320.4080505371094
2026-07-08 12:15:00,11.21634292602539,493.6686096191406,694.77630615234375,0.3281959593296051,320.88458251953125
2026-07-08 12:30:00,11.204166412353516,493.7052307128906,695.0780029296875,0.32832542061805725,320.90838623046875
2026-07-08 12:45:00,11.322818756103516,494.8107299804687,694.19915771484375,0.32807019352912903,321.626953125
2026-07-08 13:00:00,11.36539077758789,495.5437622070313,694.35662841796875,0.32820919156074524,322.1034240722656
2026-07-08 13:15:00,11.38364028930664,496.0827026367187,694.73876953125,0.3284223675727844,322.4537353515625
2026-07-08 13:30:00,11.25284194946289,494.5860900878906,695.31756591796875,0.3285142481327057,321.48095703125
2026-07-08 13:45:00,11.18893814086914,493.8851013183594,695.64447021484375,0.32857954502105713,321.0252990722656
2026-07-08 14:00:00,11.14023208618164,493.2001037597656,695.681884765625,0.328525573015213,320.5800476074219
2026-07-08 14:15:00,11.19198989868164,493.64654541015625,695.2457275390625,0.32838934659957886,320.8702392578125
2026-07-08 14:30:00,11.16763687133789,493.7364807128906,695.87353515625,0.3286599814891815,320.9287109375
2026-07-08 14:45:00,11.09152603149414,493.0382690429687,696.45843505859375,0.32883220911026,320.474853515625
2026-07-08 15:00:00,11.070194244384766,492.660888671875,696.365966796875,0.3287551999092102,320.22955322265625
2026-07-08 15:15:00,11.03360366821289,492.1530456542969,696.404541015625,0.3287189304828644,319.89947509765625
2026-07-08 15:30:00,11.489994049072266,494.7046813964844,690.648681640625,0.3265761137008667,321.55804443359375
2026-07-08 15:45:00,12.655582427978516,506.9237976074219,684.32269287109375,0.3250417709350586,329.5004577636719
2026-07-08 16:00:00,12.64651870727539,503.59613037109375,680.00518798828125,0.3229122757911682,327.33746337890625
2026-07-08 16:15:00,12.63443374633789,502.61419677734375,678.91192626953125,0.32236042618751526,326.69921875
2026-07-08 16:30:00,12.598209381103516,501.5785827636719,678.2099609375,0.3219703435897827,326.02606201171875
2026-07-08 16:45:00,13.026371002197266,505.3583679199219,675.11297607421875,0.320976585149765,328.4829406738281
2026-07-08 17:00:00,12.420047760009766,491.1068420410156,667.42706298828125,0.3164626359939575,319.21942138671875
2026-07-08 17:15:00,11.914737701416016,490.5099487304687,676.3699951171875,0.3201814889907837,318.8314514160156
2026-07-08 17:30:00,11.720706939697266,493.944091796875,684.95379638671875,0.32411542534828186,321.06365966796875
2026-07-08 17:45:00,11.587162017822266,496.6535949707031,691.39990234375,0.32708120346069336,322.8248291015625
2026-07-08 18:00:00,11.517337799072266,495.80712890625,691.63336181640625,0.32709619402885437,322.2746276855469
2026-07-08 18:15:00,11.511234283447266,497.0870056152344,693.542724609375,0.3280210793018341,323.1065368652344
2026-07-08 18:30:00,11.45962905883789,497.7568664550781,695.52899169921875,0.32891830801963806,323.5419616699219
2026-07-08 18:45:00,11.404911041259766,493.6829833984375,690.94580078125,0.3265990614891052,320.8939208984375
2026-07-08 19:00:00,11.35928726196289,495.556396484375,694.4991455078125,0.3282696306705475,322.11163330078125
2026-07-08 19:15:00,11.322818756103516,494.5773315429687,693.8717041015625,0.327909916639328,321.4752502441406
2026-07-08 19:30:00,11.29849624633789,492.6055603027344,691.60101318359375,0.3267649710178375,320.193603515625
2026-07-08 19:45:00,11.265018463134766,495.4971618652344,696.3480224609375,0.3290354013442993,322.0731506347656
2026-07-08 20:00:00,11.219364166259766,494.3911437988281,695.7310791015625,0.328666627407074,321.3542175292969
2026-07-08 20:15:00,11.176761627197266,491.49072265625,692.5213623046875,0.32703593373298645,319.4689636230469
2026-07-08 20:30:00,11.14023208618164,491.4483337402344,693.2109375,0.32731860876083374,319.44140625
2026-07-08 20:45:00,11.11282730102539,492.00726318359375,694.5631103515625,0.3279381990432739,319.8047180175781
2026-07-08 21:00:00,11.097599029541016,492.0735168457031,694.970458984375,0.3281143307685852,319.8477783203125
2026-07-08 21:15:00,11.07626724243164,491.0501098632813,693.964111328125,0.3275911808013916,319.18255615234375
2026-07-08 21:30:00,11.05496597290039,490.5231628417969,693.65789794921875,0.32740986347198486,318.8400573730469
2026-07-08 21:45:00,11.036685943603516,490.1842346191406,693.55511474609375,0.3273323178291321,318.6197509765625
2026-07-08 22:00:00,11.01535415649414,490.2085876464844,694.02947998046875,0.3275318741798401,318.63555908203125
2026-07-08 22:15:00,10.994022369384766,489.75531005859375,693.8277587890625,0.3274012804031372,318.3409423828125
2026-07-08 22:30:00,10.975711822509766,490.7298889160156,695.58734130859375,0.32823246717453003,318.97442626953125
2026-07-08 22:45:00,10.975711822509766,490.0262451171875,694.5899658203125,0.3277457058429718,318.5170593261719
2026-07-08 23:00:00,10.96963882446289,490.3547668457031,695.1812744140625,0.32802513241767883,318.7305908203125
2026-07-08 23:15:00,10.94827651977539,490.363525390625,695.6361083984375,0.32821476459503174,318.73626708984375
2026-07-08 23:30:00,10.933048248291016,490.60302734375,696.29180908203125,0.3285115659236908,318.8919677734375
2026-07-08 23:45:00,10.923892974853516,491.002197265625,697.04852294921875,0.32886695861816406,319.15142822265625
2026-07-09 00:00:00,10.917789459228516,491.1020202636719,697.31707763671875,0.3289887607097626,319.21630859375
2026-07-09 00:15:00,10.908634185791016,491.4017028808594,697.93316650390625,0.3292754590511322,319.4111022949219
2026-07-09 00:30:00,10.905582427978516,491.5701293945313,698.23590087890625,0.3294185400009155,319.52056884765625
2026-07-09 00:45:00,10.89950942993164,491.3524169921875,698.0531005859375,0.32932010293006897,319.3790588378906
2026-07-09 01:00:00,10.89035415649414,491.1526794433594,697.9599609375,0.32926061749458313,319.2492370605469
2026-07-09 01:15:00,10.88425064086914,490.9465637207031,697.794189453125,0.3291703760623932,319.1152648925781
2026-07-09 01:30:00,10.87509536743164,491.05072021484375,698.13299560546875,0.3293216824531555,319.1829528808594
2026-07-09 01:45:00,10.86594009399414,491.05072021484375,698.32391357421875,0.32940083742141724,319.1829528808594
2026-07-09 02:00:00,10.85983657836914,490.9375915527344,698.29034423828125,0.32937511801719666,319.10943603515625
2026-07-09 02:15:00,10.85373306274414,491.2324523925781,698.83709716796875,0.3296325206756592,319.30108642578125
2026-07-09 02:30:00,10.84152603149414,491.0373229980469,698.8143310546875,0.3296027183532715,319.17425537109375
2026-07-09 02:45:00,10.835453033447266,491.0176086425781,698.91314697265625,0.32964152097702026,319.16143798828125
2026-07-09 03:00:00,10.835453033447266,490.7625427246094,698.55010986328125,0.3294643759727478,318.9956359863281
2026-07-09 03:15:00,10.84152603149414,491.0708312988281,698.862060546875,0.3296259641647339,319.1960144042969
2026-07-09 03:30:00,10.84152603149414,491.1595153808594,698.98822021484375,0.3296875059604645,319.253662109375
2026-07-09 03:45:00,10.84152603149414,491.3211975097656,699.21832275390625,0.3297998011112213,319.3587646484375
2026-07-09 04:00:00,10.844608306884766,491.0528564453125,698.7720947265625,0.32958683371543884,319.1843566894531
2026-07-09 04:15:00,10.84762954711914,491.3680419921875,699.157470703125,0.3297795355319977,319.38922119140625
2026-07-09 04:30:00,10.844608306884766,491.4543762207031,699.34344482421875,0.32986563444137573,319.4453430175781
2026-07-09 04:45:00,10.844608306884766,491.727294921875,699.7318115234375,0.3300551474094391,319.62274169921875
2026-07-09 05:00:00,10.84762954711914,492.0422973632813,700.11688232421875,0.3302476704120636,319.8274841308594
2026-07-09 05:15:00,10.844608306884766,491.8334655761719,699.88287353515625,0.33012884855270386,319.6917419433594
2026-07-09 05:30:00,10.84762954711914,491.7003784179687,699.63037109375,0.3300102651119232,319.605224609375
2026-07-09 05:45:00,10.850711822509766,491.512451171875,699.298583984375,0.3298531472682953,319.48309326171875
2026-07-09 06:00:00,10.84762954711914,490.8821716308594,698.4661865234375,0.32944223284721375,319.0733947753906
2026-07-09 06:15:00,10.850711822509766,491.8691711425781,699.80609130859375,0.33010080456733704,319.7149353027344
2026-07-09 06:30:00,10.85678482055664,491.85784912109375,699.6629638671875,0.3300402760505676,319.70758056640625
2026-07-09 06:45:00,10.86899185180664,491.8040161132813,699.3314208984375,0.3298972547054291,319.672607421875
2026-07-09 07:00:00,10.88119888305664,492.4300842285156,699.96649169921875,0.33022594451904297,320.07952880859375
2026-07-09 07:15:00,10.89645767211914,492.7828674316406,700.14910888671875,0.3303384482860565,320.308837890625
2026-07-09 07:30:00,10.911685943603516,493.0066833496094,700.14898681640625,0.3303616940975189,320.454345703125
2026-07-09 07:45:00,10.945255279541016,493.2168884277344,699.7469482421875,0.33021676540374756,320.5909729003906
2026-07-09 08:00:00,10.95743179321289,493.3565368652344,699.69122314453125,0.33020809292793274,320.6817321777344
2026-07-09 08:15:00,10.96353530883789,492.9472961425781,698.9837646484375,0.3298719823360443,320.4157409667969
2026-07-09 08:30:00,10.978763580322266,493.3553771972656,699.245361328125,0.3300228416919708,320.68096923828125
2026-07-09 08:45:00,10.994022369384766,493.0101318359375,698.4388427734375,0.32965224981307983,320.4565734863281
2026-07-09 09:00:00,11.000125885009766,492.7478942871094,697.9405517578125,0.32941824197769165,320.2861328125
2026-07-09 09:15:00,11.00314712524414,492.4772338867187,697.4945068359375,0.32920509576797485,320.1101989746094
2026-07-09 09:30:00,11.024478912353516,492.4514770507813,697.01580810546875,0.32900360226631165,320.09344482421875
2026-07-09 09:45:00,11.070194244384766,492.9060974121094,696.71258544921875,0.3289242684841156,320.3889465332031
2026-07-09 10:00:00,11.097599029541016,492.9694213867187,696.23577880859375,0.328732430934906,320.43011474609375
2026-07-09 10:15:00,11.14633560180664,493.49951171875,695.9783935546875,0.32867947220802307,320.774658203125
2026-07-09 10:30:00,11.182865142822266,492.3275451660156,693.5751953125,0.3275599479675293,320.01287841796875
2026-07-09 10:45:00,11.240665435791016,491.5993041992187,691.3670654296875,0.3265663683414459,319.53955078125
2026-07-09 11:00:00,11.33499526977539,491.9638977050781,689.95770263671875,0.32601529359817505,319.7765197753906
2026-07-09 11:15:00,11.44137954711914,495.4596862792969,692.69000244140625,0.32750415802001953,322.0487976074219
2026-07-09 11:30:00,11.50821304321289,495.5918273925781,691.517822265625,0.327026903629303,322.1346740722656
2026-07-09 11:45:00,11.623600006103516,497.0521545410156,691.21844482421875,0.32704412937164307,323.0838928222656
2026-07-09 12:00:00,11.741947174072266,498.4960632324219,690.83880615234375,0.32702428102493286,324.0224304199219
2026-07-09 12:15:00,11.872318267822266,497.6061401367187,686.9989013671875,0.32532498240470886,323.4439697265625
2026-07-09 12:30:00,11.957157135009766,500.9167175292969,689.87261962890625,0.3268476724624634,325.5958557128906
2026-07-09 12:45:00,12.029850006103516,499.19329833984375,686.05670166015625,0.3250773251056671,324.47564697265625
2026-07-09 13:00:00,12.16305923461914,503.14111328125,688.83404541015625,0.32661619782447815,327.0417175292969
2026-07-09 13:15:00,12.26590347290039,503.0503845214844,686.67950439453125,0.32569631934165955,326.98272705078125
2026-07-09 13:30:00,12.347537994384766,505.5789184570313,688.519775390625,0.3267054855823517,328.62628173828125
2026-07-09 13:45:00,12.45932388305664,506.2410583496094,687.2244873046875,0.32621538639068604,329.0566711425781
2026-07-09 14:00:00,12.52273941040039,506.78948974609375,686.72747802734375,0.32605311274528503,329.41314697265625
2026-07-09 14:15:00,12.486515045166016,506.521728515625,687.07293701171875,0.3261760473251343,329.2391052246094
2026-07-09 14:30:00,12.450260162353516,505.5394592285156,686.449462890625,0.3258236050605774,328.60064697265625
2026-07-09 14:45:00,12.658573150634766,507.990478515625,685.7044677734375,0.325723797082901,330.19378662109375
2026-07-09 15:00:00,12.721927642822266,509.1293640136719,686.00982666015625,0.32595330476760864,330.93408203125
2026-07-09 15:15:00,12.64651870727539,508.9218444824219,687.19647216796875,0.32644081115722656,330.7991943359375
2026-07-09 15:30:00,12.40188980102539,506.39752197265625,688.5643310546875,0.32679814100265503,329.15838623046875
2026-07-09 15:45:00,12.29611587524414,504.6996765136719,688.33465576171875,0.32654738426208496,328.0547790527344
2026-07-09 16:00:00,12.129764556884766,502.7893981933594,689.0120849609375,0.32665908336639404,326.8131103515625
2026-07-09 16:15:00,11.98440933227539,500.8158874511719,689.1905517578125,0.32655078172683716,325.5303039550781
2026-07-09 16:30:00,11.875370025634766,499.1809692382813,689.1121826171875,0.32636377215385437,324.4676208496094
2026-07-09 16:45:00,11.77530288696289,497.8459777832031,689.26873779296875,0.3263024091720581,323.5998840332031
2026-07-09 17:00:00,11.68429946899414,496.6951904296875,689.49981689453125,0.3262888789176941,322.85186767578125
2026-07-09 17:15:00,11.60538101196289,495.5231628417969,689.458984375,0.3261580765247345,322.0900573730469
2026-07-09 17:30:00,11.52341079711914,494.59954833984375,689.82611083984375,0.3262215554714203,321.48968505859375
2026-07-09 17:45:00,11.462650299072266,493.5942077636719,689.6512451171875,0.32604947686195374,320.8362121582031
2026-07-09 18:00:00,11.41403579711914,493.0267639160156,689.84246826171875,0.32607316970825195,320.4673767089844
2026-07-09 18:15:00,11.38058853149414,492.2369995117187,689.4149169921875,0.32581618428230286,319.95404052734375
2026-07-09 18:30:00,11.33499526977539,491.64263916015625,689.50714111328125,0.32579541206359863,319.5677185058594
2026-07-09 18:45:00,11.301517486572266,491.1610107421875,689.51153564453125,0.3257489800453186,319.254638671875
2026-07-09 19:00:00,11.265018463134766,490.5094604492187,689.33856201171875,0.3256113827228546,318.8311462402344
2026-07-09 19:15:00,11.222415924072266,489.9862976074219,689.47021484375,0.32561346888542175,318.4910888671875
2026-07-09 19:30:00,11.18588638305664,489.480712890625,689.5030517578125,0.32557594776153564,318.1624450683594
2026-07-09 19:45:00,11.14023208618164,488.664794921875,689.28460693359375,0.32540205121040344,317.6321105957031
2026-07-09 20:00:00,11.103702545166016,488.76025390625,690.166015625,0.3257783055305481,317.69415283203125
2026-07-09 20:15:00,11.097599029541016,488.3526916503906,689.71539306640625,0.32554927468299866,317.4292297363281
2026-07-09 20:30:00,11.04581069946289,487.9377746582031,690.18951416015625,0.3257037103176117,317.1595458984375
2026-07-09 20:45:00,11.021427154541016,487.53125,690.11431884765625,0.3256305456161499,316.8952941894531
2026-07-09 21:00:00,10.98788833618164,487.28912353515625,690.4599609375,0.325749009847641,316.7379150390625
2026-07-09 21:15:00,10.96353530883789,486.9526062011719,690.48345947265625,0.32572391629219055,316.5191955566406
2026-07-09 21:30:00,10.939151763916016,486.7318115234375,690.671875,0.3257790803909302,316.37567138671875
2026-07-09 21:45:00,10.923892974853516,486.9294128417969,691.2666015625,0.3260461986064911,316.5041198730469
2026-07-09 22:00:00,10.905582427978516,486.2122497558594,690.62542724609375,0.32570576667785645,316.0379638671875
2026-07-09 22:15:00,10.88730239868164,484.5521240234375,688.64288330078125,0.3247111737728119,314.9588623046875
2026-07-09 22:30:00,10.87204360961914,484.97894287109375,689.56353759765625,0.32513701915740967,315.2362976074219
2026-07-09 22:45:00,10.85983657836914,485.7301330566406,690.8834228515625,0.32576215267181396,315.7245788574219
2026-07-09 23:00:00,10.84762954711914,486.235107421875,691.85394287109375,0.3262168765068054,316.05279541015625
2026-07-09 23:15:00,10.83847427368164,485.4840393066406,690.97430419921875,0.3257739543914795,315.5646057128906
2026-07-09 23:30:00,10.829349517822266,486.0166015625,691.92095947265625,0.3262217044830322,315.9107666015625
2026-07-09 23:45:00,10.823246002197266,479.5990905761719,682.90924072265625,0.32181936502456665,311.7394104003906
2026-07-10 00:00:00,10.81100845336914,485.1112365722656,691.01092529296875,0.325749933719635,315.3222961425781
2026-07-10 00:15:00,10.804935455322266,485.0215759277344,691.00872802734375,0.3257395923137665,315.2640075683594
2026-07-10 00:30:00,10.798831939697266,485.26324462890625,691.47930908203125,0.3259597420692444,315.4211120605469
2026-07-10 00:45:00,10.79269790649414,485.7494812011719,692.29931640625,0.3263501524925232,315.7371520996094
2026-07-10 01:00:00,10.78354263305664,484.8977661132813,691.2747802734375,0.32583659887313843,315.18353271484375
2026-07-10 01:15:00,10.77438735961914,485.2505187988281,691.96734619140625,0.326160192489624,315.4128112792969
2026-07-10 01:30:00,10.76828384399414,482.5673828125,688.26702880859375,0.32434698939323425,313.6687927246094
2026-07-10 01:45:00,10.762210845947266,485.1019592285156,692.00787353515625,0.3261612355709076,315.3162536621094
2026-07-10 02:00:00,10.762210845947266,484.71148681640625,691.45086669921875,0.3258897066116333,315.0624694824219
2026-07-10 02:15:00,10.75607681274414,484.7409362792969,691.61993408203125,0.32596272230148315,315.08160400390625
2026-07-10 02:30:00,10.74692153930664,484.66162109375,691.696533203125,0.32598599791526794,315.030029296875
2026-07-10 02:45:00,10.74081802368164,484.902587890625,692.1669921875,0.32620593905448914,315.1866760253906
2026-07-10 03:00:00,10.73471450805664,484.7685546875,692.10235595703125,0.32616502046585083,315.09954833984375
2026-07-10 03:15:00,10.75912857055664,484.92474365234375,691.8189697265625,0.32606443762779236,315.2010803222656
2026-07-10 03:30:00,10.73166275024414,484.5828552246094,691.9005126953125,0.3260619044303894,314.9788513183594
2026-07-10 03:45:00,10.72250747680664,484.3971557617187,691.82525634765625,0.32601112127304077,314.858154296875
2026-07-10 04:00:00,10.719425201416016,484.4367980957031,691.94586181640625,0.3260651230812073,314.8839111328125
2026-07-10 04:15:00,10.71335220336914,484.5185546875,692.188720703125,0.3261740803718567,314.9370422363281
2026-07-10 04:30:00,10.710269927978516,484.2975463867187,691.93695068359375,0.3260467052459717,314.79339599609375
2026-07-10 04:45:00,10.704166412353516,484.05426025390625,691.716064453125,0.32592952251434326,314.63525390625
2026-07-10 05:00:00,10.701114654541016,484.2404174804687,692.04547119140625,0.3260854184627533,314.7562561035156
2026-07-10 05:15:00,10.695011138916016,484.4716491699219,692.5028076171875,0.32629886269569397,314.90655517578125
2026-07-10 05:30:00,10.691959381103516,484.3173522949219,692.34564208984375,0.32621750235557556,314.8062744140625
2026-07-10 05:45:00,10.685855865478516,484.30572509765625,692.45587158203125,0.32626181840896606,314.7987060546875
2026-07-10 06:00:00,10.698062896728516,484.5083312988281,692.4918212890625,0.32629814743995667,314.9303894042969
2026-07-10 06:15:00,10.704166412353516,484.7938537597656,692.77294921875,0.3264446258544922,315.1159973144531
2026-07-10 06:30:00,10.701114654541016,484.6399230957031,692.616455078125,0.3263636827468872,315.01593017578125
2026-07-10 06:45:00,10.77438735961914,443.2625427246094,632.09246826171875,0.2970333695411682,288.1206359863281
2026-07-10 07:00:00,10.73776626586914,449.4335021972656,641.59588623046875,0.30159497261047363,292.13177490234375
2026-07-10 07:15:00,10.753055572509766,450.16693115234375,642.34844970703125,0.3019825220108032,292.6084899902344
2026-07-10 07:30:00,10.74386978149414,448.8951721191406,640.71014404296875,0.3011735677719116,291.7818603515625
2026-07-10 07:45:00,10.74997329711914,451.4111022949219,644.18328857421875,0.3028692603111267,293.4172058105469
2026-07-10 08:00:00,10.75912857055664,454.3133239746094,648.1470947265625,0.3048083186149597,295.30364990234375
2026-07-10 08:15:00,10.77438735961914,458.2499084472656,653.4644775390625,0.3074149489402771,297.8624267578125
2026-07-10 08:30:00,10.795780181884766,459.46392822265625,654.7762451171875,0.3080838918685913,298.65155029296875
2026-07-10 08:45:00,10.820194244384766,460.2369689941406,655.39898681640625,0.3084222972393036,299.1540222167969
2026-07-10 09:00:00,10.850711822509766,459.5364074707031,653.8046875,0.3076912760734558,298.6986389160156
2026-07-10 09:15:00,10.88730239868164,460.7550659179687,654.8226318359375,0.30823928117752075,299.49078369140625
2026-07-10 09:30:00,10.917789459228516,459.60205078125,652.5902099609375,0.3071972727775574,298.7413330078125
2026-07-10 09:45:00,10.95438003540039,458.19000244140625,649.87615966796875,0.30592963099479675,297.823486328125
2026-07-10 10:00:00,10.99704360961914,460.987548828125,653.0142822265625,0.30751699209213257,299.64190673828125
2026-07-10 10:15:00,11.04275894165039,460.329345703125,651.19635009765625,0.3066973388195038,299.21405029296875
2026-07-10 10:30:00,11.09152603149414,461.4442443847656,651.82916259765625,0.30707424879074097,299.9387512207031
2026-07-10 10:45:00,11.16458511352539,460.9977111816406,649.79010009765625,0.3061842918395996,299.64849853515625
2026-07-10 11:00:00,11.261966705322266,460.2275085449219,646.84002685546875,0.3048831522464752,299.1478576660156
2026-07-10 11:15:00,11.356266021728516,464.5497741699219,651.1026611328125,0.30708882212638855,301.95733642578125
2026-07-10 11:30:00,11.44137954711914,465.3598327636719,650.608154296875,0.3069641590118408,302.48388671875
2026-07-10 11:45:00,11.529483795166016,465.9130859375,649.7010498046875,0.3066413104534149,302.843505859375
2026-07-10 12:00:00,11.590213775634766,466.0532531738281,648.7427978515625,0.30625563859939575,302.9346008300781
2026-07-10 12:15:00,11.544681549072266,467.5156555175781,651.64581298828125,0.30760982632637024,303.8851623535156
2026-07-10 12:30:00,11.41403579711914,466.03228759765625,652.07177734375,0.3076401650905609,302.9209899902344
2026-07-10 12:45:00,11.55679702758789,463.4509887695313,645.75128173828125,0.3047527074813843,301.2431335449219
2026-07-10 13:00:00,11.72372817993164,465.4627075195313,645.40185546875,0.3048035800457001,302.5507507324219
2026-07-10 13:15:00,11.83896255493164,468.7774658203125,647.82427978515625,0.30613595247268677,304.7053527832031
2026-07-10 13:30:00,11.660037994384766,470.5435791015625,653.65911865234375,0.3087465763092041,305.8533020019531
2026-07-10 13:45:00,11.81473159790039,470.4716491699219,650.62310791015625,0.3074699640274048,305.8065490722656
2026-07-10 14:00:00,11.62967300415039,466.5173034667969,648.64056396484375,0.3062583804130554,303.2362365722656
2026-07-10 14:15:00,11.593265533447266,469.0559997558594,652.8643798828125,0.3082694411277771,304.8863830566406
2026-07-10 14:30:00,11.799564361572266,471.9706115722656,652.983642578125,0.30860209465026855,306.7808837890625
2026-07-10 14:45:00,12.05105972290039,471.6248168945313,647.77197265625,0.30638372898101807,306.5561218261719
2026-07-10 15:00:00,12.29007339477539,474.1479187011719,646.77862548828125,0.3061995506286621,308.1961364746094
2026-07-10 15:15:00,12.33542251586914,475.9183044433594,648.351318359375,0.3070245087146759,309.3468933105469
2026-07-10 15:30:00,12.27798843383789,472.9328918457031,645.3446044921875,0.30548378825187683,307.4063720703125
2026-07-10 15:45:00,12.14792251586914,476.3214416503906,652.4000244140625,0.30876782536506653,309.6089172363281
2026-07-10 16:00:00,12.048038482666016,471.7268676757813,647.9686279296875,0.306475967168808,306.6224670410156
2026-07-10 16:15:00,11.92081069946289,470.0841674804687,648.09063720703125,0.30637213587760925,305.5546875
2026-07-10 16:30:00,11.78744888305664,468.8885803222656,648.94805908203125,0.3066169023513794,304.7775573730469
2026-07-10 16:45:00,11.70553970336914,470.1656188964844,652.268310546875,0.3081286549568176,305.6076354980469
2026-07-10 17:00:00,11.660037994384766,470.15716552734375,653.122314453125,0.3084847331047058,305.6021423339844
2026-07-10 17:15:00,11.62057876586914,470.5655517578125,654.4429931640625,0.30907613039016724,305.8675842285156
2026-07-10 17:30:00,11.54770278930664,469.4703369140625,654.31243896484375,0.3089141845703125,305.15570068359375
2026-07-10 17:45:00,11.520389556884766,468.9050903320313,654.04754638671875,0.3087480664253235,304.7882995605469
2026-07-10 18:00:00,11.474796295166016,468.0123901367187,653.67529296875,0.3085046112537384,304.2080383300781
2026-07-10 18:15:00,11.429203033447266,463.6416320800781,648.43780517578125,0.3058900833129883,301.3670349121094
2026-07-10 18:30:00,11.39883804321289,463.1147155761719,648.27899169921875,0.30577147006988525,301.0245666503906
2026-07-10 18:45:00,11.36539077758789,461.83734130859375,647.127197265625,0.30516475439071655,300.19427490234375
2026-07-10 19:00:00,11.36539077758789,464.9044494628906,651.4248046875,0.3072583079338074,302.1878662109375
2026-07-10 19:15:00,11.316715240478516,464.686279296875,652.05303955078125,0.30749738216400146,302.04608154296875
2026-07-10 19:30:00,11.265018463134766,462.2400207519531,649.61004638671875,0.3062361478805542,300.45599365234375
2026-07-10 19:45:00,11.222415924072266,459.8885498046875,647.1190185546875,0.3049643933773041,298.92755126953125
2026-07-10 20:00:00,11.18893814086914,458.6834411621094,646.0623779296875,0.30440378189086914,298.14422607421875
2026-07-10 20:15:00,11.158512115478516,458.1781005859375,645.93194580078125,0.3042980432510376,297.8157653808594
2026-07-10 20:30:00,11.125003814697266,457.55853271484375,645.69903564453125,0.3041380047798157,297.41302490234375
2026-07-10 20:45:00,11.09152603149414,456.6530456542969,645.06121826171875,0.30378100275993347,296.824462890625
2026-07-10 21:00:00,11.085391998291016,457.26995849609375,646.0501708984375,0.3042535185813904,297.2254638671875
2026-07-10 21:15:00,11.057987213134766,456.5189208984375,645.51397705078125,0.30395427346229553,296.7372741699219
2026-07-10 21:30:00,11.030582427978516,455.6643371582031,644.830322265625,0.3035832941532135,296.1817932128906
2026-07-10 21:45:00,11.00925064086914,455.529052734375,645.04779052734375,0.3036590814590454,296.0938720703125
2026-07-10 22:00:00,10.990970611572266,455.1349792480469,644.84027099609375,0.30353236198425293,295.8377380371094
2026-07-10 22:15:00,10.972660064697266,455.06689453125,645.09527587890625,0.30363044142723083,295.79345703125
2026-07-10 22:30:00,10.96048355102539,454.8593444824219,645.03485107421875,0.3035838305950165,295.6585693359375
2026-07-10 22:45:00,10.94827651977539,455.041748046875,645.5281982421875,0.3038064241409302,295.7771301269531
2026-07-10 23:00:00,10.936100006103516,454.8496398925781,645.48980712890625,0.303770512342453,295.6522521972656
2026-07-10 23:15:00,10.926944732666016,454.8025817871094,645.59918212890625,0.30381065607070923,295.6216735839844
2026-07-10 23:30:00,10.920841217041016,454.6761169433594,645.537109375,0.3037717640399933,295.5394592285156
2026-07-10 23:45:00,10.911685943603516,454.1164855957031,644.91864013671875,0.30345815420150757,295.1756896972656
2026-07-11 00:00:00,10.905582427978516,453.90618896484375,644.7373046875,0.30336129665374756,295.03900146484375
2026-07-11 00:15:00,10.89645767211914,453.8886413574219,644.887939453125,0.3034214973449707,295.0276184082031
2026-07-11 00:30:00,10.89035415649414,453.6509094238281,644.66754150390625,0.3033056855201721,294.8730773925781
2026-07-11 00:45:00,10.88119888305664,454.1858215332031,645.60406494140625,0.30374786257743835,295.22076416015625
2026-07-11 01:00:00,10.87509536743164,453.337646484375,644.515869140625,0.30321022868156433,294.6694641113281
2026-07-11 01:15:00,10.87204360961914,453.3485412597656,644.590087890625,0.30324193835258484,294.6765441894531
2026-07-11 01:30:00,10.86594009399414,453.4732666015625,644.88494873046875,0.30337655544281006,294.7575988769531
2026-07-11 01:45:00,10.85983657836914,453.2727355957031,644.71728515625,0.3032863736152649,294.62725830078125
2026-07-11 02:00:00,10.85373306274414,453.4185485839844,645.04229736328125,0.30343562364578247,294.7220458984375
2026-07-11 02:15:00,10.84762954711914,453.3560485839844,645.07098388671875,0.30344080924987793,294.6814270019531
2026-07-11 02:30:00,10.84152603149414,453.0404968261719,644.73956298828125,0.30327099561691284,294.476318359375
2026-07-11 02:45:00,10.83847427368164,453.1643371582031,644.97467041015625,0.3033808469772339,294.5567932128906
2026-07-11 03:00:00,10.83237075805664,452.826416015625,644.61126708984375,0.3031955063343048,294.337158203125
2026-07-11 03:15:00,10.829349517822266,453.156494140625,645.13946533203125,0.3034478724002838,294.55169677734375
2026-07-11 03:30:00,10.82626724243164,452.90966796875,644.84747314453125,0.30330154299736023,294.3912658691406
2026-07-11 03:45:00,10.823246002197266,453.4951477050781,645.73944091796875,0.30373069643974304,294.7718200683594
2026-07-11 04:00:00,10.820194244384766,452.8805541992187,644.92315673828125,0.30332961678504944,294.3723449707031
2026-07-11 04:15:00,10.814090728759766,452.8308410644531,644.9700927734375,0.30334365367889404,294.34002685546875
2026-07-11 04:30:00,10.81100845336914,453.0774230957031,645.3807373046875,0.3035387694835663,294.50030517578125
2026-07-11 04:45:00,10.804935455322266,452.7925109863281,645.09210205078125,0.3033898174762726,294.31512451171875
2026-07-11 05:00:00,10.80185317993164,452.6447143554687,644.94097900390625,0.30331194400787354,294.21905517578125
2026-07-11 05:15:00,10.820194244384766,446.0701293945313,635.22479248046875,0.2986186146736145,289.9455871582031
2026-07-11 05:30:00,10.804935455322266,446.7162780761719,636.435302734375,0.29918479919433594,290.3655700683594
2026-07-11 05:45:00,10.798831939697266,446.7781982421875,636.6397705078125,0.29927539825439453,290.40582275390625
2026-07-11 06:00:00,10.795780181884766,446.706787109375,636.59619140625,0.2992498576641083,290.3594055175781
2026-07-11 06:15:00,10.79269790649414,446.880615234375,636.90264892578125,0.29939427971839905,290.4723815917969
2026-07-11 06:30:00,10.79269790649414,446.93255615234375,636.9766845703125,0.299430251121521,290.50616455078125
2026-07-11 06:45:00,10.798831939697266,446.8311462402344,636.7152099609375,0.299312025308609,290.44024658203125
2026-07-11 07:00:00,10.80185317993164,447.3065490722656,637.33502197265625,0.2996172606945038,290.7492370605469
2026-07-11 07:15:00,10.807987213134766,446.9855651855469,636.76080322265625,0.2993471622467041,290.5406188964844
2026-07-11 07:30:00,10.81711196899414,445.0941467285156,633.89337158203125,0.29796773195266724,289.3111877441406
2026-07-11 07:45:00,10.82626724243164,447.6001281738281,637.287841796875,0.29962900280952454,290.9400634765625
2026-07-11 08:00:00,10.84762954711914,447.77789306640625,637.13397216796875,0.2995845079421997,291.0556335449219
2026-07-11 08:15:00,10.88119888305664,447.8725280761719,636.6300048828125,0.29938721656799316,291.11712646484375
2026-07-11 08:30:00,10.939151763916016,448.7704772949219,636.8048095703125,0.29955363273620605,291.7008056640625
2026-07-11 08:45:00,10.978763580322266,449.27197265625,636.7647705078125,0.2995895743370056,292.0267639160156
2026-07-11 09:00:00,10.990970611572266,449.4936218261719,636.8475341796875,0.2996467649936676,292.17083740234375
2026-07-11 09:15:00,11.021427154541016,449.6968994140625,636.5587158203125,0.2995488941669464,292.302978515625
2026-07-11 09:30:00,11.057987213134766,450.2358703613281,636.6297607421875,0.2996341586112976,292.6532897949219
2026-07-11 09:45:00,11.073246002197266,450.4256286621094,636.609619140625,0.2996455430984497,292.7766418457031
2026-07-11 10:00:00,11.149356842041016,451.0658264160156,636.07757568359375,0.2994917035102844,293.1927795410156
2026-07-11 10:15:00,11.228519439697266,452.0745239257813,636.009033203125,0.2995665669441223,293.8484191894531
2026-07-11 10:30:00,11.29544448852539,452.9358520507813,635.96331787109375,0.2996352016925812,294.4082946777344
2026-07-11 10:45:00,11.39883804321289,453.9327087402344,635.42578125,0.29951268434524536,295.0562438964844
2026-07-11 11:00:00,11.49911880493164,454.9505615234375,634.978759765625,0.2994285225868225,295.7178649902344
2026-07-11 11:15:00,11.635746002197266,456.2462158203125,634.24725341796875,0.299251914024353,296.5600280761719
2026-07-11 11:30:00,11.653934478759766,456.2716979980469,633.946044921875,0.2991289496421814,296.57659912109375
2026-07-11 11:45:00,11.754093170166016,457.0796203613281,633.2181396484375,0.2989039719104767,297.10174560546875
2026-07-11 12:00:00,11.78439712524414,457.8995666503906,633.79522705078125,0.29922419786453247,297.63470458984375
2026-07-11 12:15:00,11.58414077758789,455.8390197753906,634.6373291015625,0.29937437176704407,296.29534912109375
2026-07-11 12:30:00,11.553775787353516,454.9957580566406,634.02618408203125,0.2990368604660034,295.7472229003906
2026-07-11 12:45:00,11.590213775634766,454.5711669921875,632.759765625,0.29846808314323425,295.47125244140625
2026-07-11 13:00:00,11.95413589477539,458.5291137695313,631.55072021484375,0.2983461022377014,298.0439147949219
2026-07-11 13:15:00,12.226566314697266,461.7224426269531,630.97705078125,0.29840463399887085,300.11956787109375
2026-07-11 13:30:00,12.31424331665039,463.5331115722656,631.861572265625,0.2989433705806732,301.2965087890625
2026-07-11 13:45:00,11.951114654541016,459.6831970214844,633.1956787109375,0.2991442382335663,298.7940673828125
2026-07-11 14:00:00,11.83292007446289,457.3579406738281,632.15399169921875,0.29848650097846985,297.28265380859375
2026-07-11 14:15:00,11.88748550415039,457.8335876464844,631.810791015625,0.29838863015174866,297.5918273925781
2026-07-11 14:30:00,11.899600982666016,457.2792663574219,630.8243408203125,0.29792314767837524,297.23150634765625
2026-07-11 14:45:00,12.23563003540039,460.5648498535156,629.2314453125,0.2975640296936035,299.36712646484375
2026-07-11 15:00:00,12.54086685180664,464.5173950195313,629.12200927734375,0.29787757992744446,301.9363098144531
2026-07-11 15:15:00,12.462345123291016,468.7745361328125,636.3087158203125,0.30129438638687134,304.70343017578125
2026-07-11 15:30:00,12.374698638916016,463.8978271484375,631.26629638671875,0.29872602224349976,301.5335693359375
2026-07-11 15:45:00,12.34146499633789,459.907958984375,626.431884765625,0.296326220035553,298.9401550292969
2026-07-11 16:00:00,12.193302154541016,462.37591552734375,632.47381591796875,0.29909422993659973,300.5443420410156
2026-07-11 16:15:00,12.04196548461914,460.7079162597656,632.9437255859375,0.29913562536239624,299.46014404296875
2026-07-11 16:30:00,11.92990493774414,455.4560852050781,627.758056640625,0.29646703600883484,296.04644775390625
2026-07-11 16:45:00,11.908695220947266,458.4185485839844,632.22943115234375,0.29861950874328613,297.9720458984375
2026-07-11 17:00:00,11.88748550415039,457.9134826660156,631.9210205078125,0.2984423339366913,297.64373779296875
2026-07-11 17:15:00,11.83597183227539,457.3520202636719,632.08978271484375,0.29845911264419556,297.27880859375
2026-07-11 17:30:00,11.781375885009766,455.9502868652344,631.15264892578125,0.2979327440261841,296.36767578125
2026-07-11 17:45:00,11.72983169555664,455.5367126464844,631.5263671875,0.2980485260486603,296.0988464355469
2026-07-11 18:00:00,11.653934478759766,454.6266784667969,631.66046142578125,0.2980157732963562,295.50732421875
2026-07-11 18:15:00,11.590213775634766,449.4248352050781,625.59613037109375,0.29498088359832764,292.1261291503906
2026-07-11 18:30:00,11.544681549072266,452.2945861816406,630.429931640625,0.2972742021083832,293.991455078125
2026-07-11 18:45:00,11.502140045166016,451.1275939941406,629.5872802734375,0.2968083322048187,293.23291015625
2026-07-11 19:00:00,11.465702056884766,450.7265319824219,629.70001220703125,0.2968151867389679,292.97222900390625
2026-07-11 19:15:00,11.42313003540039,447.000732421875,625.2757568359375,0.29460692405700684,290.55047607421875
2026-07-11 19:30:00,11.39578628540039,448.9325866699219,628.48291015625,0.29613062739372253,291.8061828613281
2026-07-11 19:45:00,11.356266021728516,447.2322692871094,626.830810546875,0.2952747642993927,290.7009582519531
2026-07-11 20:00:00,11.316715240478516,448.4509582519531,629.271484375,0.29640889167785645,291.49310302734375
2026-07-11 20:15:00,11.29239273071289,448.178955078125,629.3408203125,0.29641011357307434,291.3163146972656
2026-07-11 20:30:00,11.271121978759766,447.8262634277344,629.24029541015625,0.29633259773254395,291.0870666503906
2026-07-11 20:45:00,11.246768951416016,447.6463623046875,629.43975830078125,0.2963969111442566,290.9701232910156
2026-07-11 21:00:00,11.219364166259766,447.1369323730469,629.232666015625,0.29625922441482544,290.6390075683594
2026-07-11 21:15:00,11.19809341430664,447.1136169433594,629.59564208984375,0.2964068651199341,290.62384033203125
2026-07-11 21:30:00,11.179813385009766,446.7655334472656,629.44573974609375,0.296309232711792,290.3975830078125
2026-07-11 21:45:00,11.16153335571289,446.5283203125,629.45196533203125,0.2962874472141266,290.243408203125
2026-07-11 22:00:00,11.14633560180664,446.32806396484375,629.452880859375,0.29626721143722534,290.11322021484375
2026-07-11 22:15:00,11.134159088134766,447.44720458984375,631.25885009765625,0.2971283197402954,290.8406677246094
2026-07-11 22:30:00,11.12198257446289,447.7996826171875,631.98406982421875,0.29746416211128235,291.0697937011719
2026-07-11 22:45:00,11.11282730102539,447.6464538574219,631.9393310546875,0.2974299490451813,290.9701843261719
2026-07-11 23:00:00,11.115848541259766,446.5023498535156,630.2677001953125,0.296621710062027,290.2265319824219
2026-07-11 23:15:00,11.118900299072266,446.8081970214844,630.64239501953125,0.2968079745769501,290.4253234863281
2026-07-11 23:30:00,11.11282730102539,450.54534912109375,636.03167724609375,0.299419105052948,292.8544616699219
2026-07-11 23:45:00,11.100650787353516,451.2902221679687,637.313232421875,0.3000253736972809,293.338623046875
2026-07-12 00:00:00,11.08847427368164,446.29791259765625,630.49078369140625,0.2966925799846649,290.0936279296875
2026-07-12 00:15:00,11.070194244384766,445.7848815917969,630.10772705078125,0.2964814603328705,289.7601623535156
2026-07-12 00:30:00,11.057987213134766,445.47125244140625,629.89263916015625,0.29636016488075256,289.5563049316406
2026-07-12 00:45:00,11.05496597290039,445.0964050292969,629.4190673828125,0.29612597823143005,289.3126525878906
2026-07-12 01:00:00,11.04886245727539,444.8302001953125,629.15667724609375,0.2959901988506317,289.1396179199219
2026-07-12 01:15:00,11.036685943603516,444.3247375488281,628.66912841796875,0.2957365810871124,288.8110656738281
2026-07-12 01:30:00,11.04581069946289,443.7016906738281,627.617431640625,0.2952382564544678,288.4060974121094
2026-07-12 01:45:00,11.04581069946289,442.8653869628906,626.4344482421875,0.29466375708580017,287.86248779296875
2026-07-12 02:00:00,11.039737701416016,442.38037109375,625.861328125,0.2943771183490753,287.5472412109375
2026-07-12 02:15:00,11.027530670166016,442.1790466308594,625.803466796875,0.29433223605155945,287.4163818359375
2026-07-12 02:30:00,11.01535415649414,441.90380859375,625.64031982421875,0.29423636198043823,287.2374572753906
2026-07-12 02:45:00,11.01230239868164,441.84417724609375,625.6126708984375,0.2942187488079071,287.1986999511719
2026-07-12 03:00:00,11.000125885009766,441.7286071777344,625.675537109375,0.2942326068878174,287.12359619140625
2026-07-12 03:15:00,10.984867095947266,441.4937744140625,625.62689208984375,0.294187992811203,286.970947265625
2026-07-12 03:30:00,10.978763580322266,441.2662963867187,625.41815185546875,0.2940782606601715,286.8230895996094
2026-07-12 03:45:00,10.978763580322266,441.1319274902344,625.2276611328125,0.2939858138561249,286.7357482910156
2026-07-12 04:00:00,10.994022369384766,441.5992126464844,625.60589599609375,0.294190376996994,287.03948974609375
2026-07-12 04:15:00,10.994022369384766,441.7115478515625,625.7650146484375,0.2942676246166229,287.11248779296875
2026-07-12 04:30:00,10.99704360961914,441.4276123046875,625.30657958984375,0.2940492033958435,286.9279479980469
2026-07-12 04:45:00,10.98788833618164,439.4357299804687,622.654541015625,0.29274916648864746,285.6332092285156
2026-07-12 05:00:00,10.981815338134766,439.4444274902344,622.77935791015625,0.2928014397621155,285.63885498046875
2026-07-12 05:15:00,10.978763580322266,439.6814575195313,623.171875,0.2929878234863281,285.7929382324219
2026-07-12 05:30:00,10.96963882446289,439.6884765625,623.35113525390625,0.2930622696876526,285.7974853515625
2026-07-12 05:45:00,10.95438003540039,439.5285949707031,623.40765380859375,0.2930687963962555,285.6935729980469
2026-07-12 06:00:00,10.951358795166016,439.22454833984375,623.03253173828125,0.2928824722766876,285.4959411621094
2026-07-12 06:15:00,10.94827651977539,439.2846984863281,623.17498779296875,0.2929474413394928,285.5350341796875
2026-07-12 06:30:00,10.94217300415039,439.2698364257813,623.267333984375,0.2929838001728058,285.525390625
2026-07-12 06:45:00,10.945255279541016,439.3666687011719,623.34747314453125,0.29302695393562317,285.58831787109375
2026-07-12 07:00:00,10.951358795166016,439.3198547363281,623.167724609375,0.2929480969905853,285.5578918457031
2026-07-12 07:15:00,10.96963882446289,439.6839599609375,623.3447265625,0.29305917024612427,285.7945556640625
2026-07-12 07:30:00,10.984867095947266,439.8958435058594,623.362548828125,0.2930887043476105,285.9322814941406
2026-07-12 07:45:00,11.018375396728516,440.2232971191406,623.205078125,0.29305803775787354,286.1451416015625
2026-07-12 08:00:00,11.039737701416016,440.5205993652344,623.23016357421875,0.29309937357902527,286.33837890625
2026-07-12 08:15:00,11.07931900024414,440.5950927734375,622.6033935546875,0.2928488254547119,286.3868103027344
2026-07-12 08:30:00,11.085391998291016,440.6843566894531,622.6173095703125,0.2928638160228729,286.44482421875
2026-07-12 08:45:00,11.10672378540039,440.92974853515625,622.57000732421875,0.2928696870803833,286.6043395996094
2026-07-12 09:00:00,11.14023208618164,441.2346801757813,622.3822021484375,0.29282376170158386,286.8025207519531
2026-07-12 09:15:00,11.182865142822266,441.6927490234375,622.2425537109375,0.2928133010864258,287.10028076171875
2026-07-12 09:30:00,11.240665435791016,442.1979370117187,621.89080810546875,0.29271963238716125,287.42864990234375
2026-07-12 09:45:00,11.29239273071289,442.70074462890625,621.64825439453125,0.2926705777645111,287.7554626464844
2026-07-12 10:00:00,11.34714126586914,443.1399536132813,621.26202392578125,0.2925553023815155,288.04095458984375
2026-07-12 10:15:00,11.37753677368164,443.5162353515625,621.23358154296875,0.2925814688205719,288.2855529785156
2026-07-12 10:30:00,11.429203033447266,454.3053283691406,635.3802490234375,0.299530953168869,295.2984619140625
2026-07-12 10:45:00,11.493045806884766,444.38140869140625,620.3377685546875,0.29229676723480225,288.847900390625
2026-07-12 11:00:00,11.590213775634766,446.0230407714844,620.86083984375,0.29267674684524536,289.91497802734375
2026-07-12 11:15:00,11.699466705322266,452.6990966796875,628.1478271484375,0.2963639199733734,294.25439453125
2026-07-12 11:30:00,11.799564361572266,448.6025390625,620.6533203125,0.2928423285484314,291.5916442871094
2026-07-12 11:45:00,11.92081069946289,449.7780456542969,620.09521484375,0.29272234439849854,292.355712890625
2026-07-12 12:00:00,12.060123443603516,450.6920471191406,618.8592529296875,0.29229220747947693,292.9498291015625
2026-07-12 12:15:00,12.21146011352539,452.2118225097656,618.24810791015625,0.29217827320098877,293.93768310546875
2026-07-12 12:30:00,12.31424331665039,453.6114501953125,618.3369140625,0.2923448383808136,294.8474426269531
2026-07-12 12:45:00,12.38980484008789,454.7856750488281,618.59954833984375,0.29256272315979004,295.6106872558594
2026-07-12 13:00:00,12.519718170166016,456.0674743652344,618.049560546875,0.29244720935821533,296.44384765625
2026-07-12 13:15:00,12.625370025634766,457.4093322753906,618.00982666015625,0.292550653219223,297.3160400390625
2026-07-12 13:30:00,12.72494888305664,458.5632934570313,617.8233642578125,0.29257410764694214,298.0661315917969
2026-07-12 13:45:00,12.83353042602539,459.8486328125,617.6575927734375,0.29261672496795654,298.901611328125
2026-07-12 14:00:00,12.869693756103516,460.5275573730469,617.93914794921875,0.2927950918674469,299.3428955078125
2026-07-12 14:15:00,12.91189956665039,460.9484252929687,617.76922607421875,0.2927595376968384,299.616455078125
2026-07-12 14:30:00,12.972171783447266,459.984375,615.43316650390625,0.29168564081192017,298.9898376464844
2026-07-12 14:45:00,12.899845123291016,461.556640625,618.79425048828125,0.2932468354701996,300.0118103027344
2026-07-12 15:00:00,12.948062896728516,459.8907165527344,615.7249755859375,0.2918013036251068,298.928955078125
2026-07-12 15:15:00,12.957096099853516,460.5406799316406,616.4385986328125,0.2921600341796875,299.3514404296875
2026-07-12 15:30:00,12.875736236572266,459.4932861328125,616.4464111328125,0.29207277297973633,298.6706237792969
2026-07-12 15:45:00,12.746097564697266,458.1114501953125,616.84552001953125,0.29212087392807007,297.7724304199219
2026-07-12 16:00:00,12.59219741821289,456.416259765625,617.24908447265625,0.292140930891037,296.6705627441406
2026-07-12 16:15:00,12.438175201416016,454.1423034667969,616.87213134765625,0.29177725315093994,295.1924743652344
2026-07-12 16:30:00,12.33542251586914,457.4763793945313,623.2275390625,0.2947554886341095,297.3596496582031
2026-07-12 16:45:00,12.226566314697266,448.9856262207031,613.57122802734375,0.28991711139678955,291.84063720703125
2026-07-12 17:00:00,12.14487075805664,447.89599609375,613.5206298828125,0.28979435563087463,291.13238525390625
2026-07-12 17:15:00,12.048038482666016,448.4005737304687,615.92742919921875,0.2908492684364319,291.4603576660156
2026-07-12 17:30:00,11.98440933227539,447.3639831542969,615.63348388671875,0.29062819480895996,290.7865905761719
2026-07-12 17:45:00,11.917789459228516,445.0045776367187,613.56787109375,0.28954052925109863,289.2529602050781
2026-07-12 18:00:00,11.863224029541016,455.26708984375,628.7110595703125,0.29684725403785706,295.923583984375
2026-07-12 18:15:00,11.81473159790039,444.5293273925781,614.74700927734375,0.28998667001724243,288.9440612792969
2026-07-12 18:30:00,11.769229888916016,454.5816345214844,629.4803466796875,0.2971023917198181,295.4780578613281
2026-07-12 18:45:00,11.769229888916016,443.4424743652344,614.055419921875,0.28959327936172485,288.23760986328125
2026-07-12 19:00:00,11.72983169555664,450.7847595214844,624.9385986328125,0.2948402762413025,293.01007080078125
2026-07-12 19:15:00,11.699466705322266,442.2170715332031,613.60333251953125,0.28928571939468384,287.44110107421875
2026-07-12 19:30:00,11.644840240478516,441.3228454589844,613.3388671875,0.2890881597995758,286.8598327636719
2026-07-12 19:45:00,11.587162017822266,440.8206481933594,613.6739501953125,0.289177805185318,286.5334167480469
2026-07-12 20:00:00,11.54770278930664,440.1853637695313,613.49725341796875,0.28904151916503906,286.1204833984375
2026-07-12 20:15:00,11.502140045166016,439.8749084472656,613.88323974609375,0.2891707420349121,285.9186706542969
2026-07-12 20:30:00,11.47177505493164,443.2098388671875,619.08831787109375,0.2916617691516876,288.0863952636719
2026-07-12 20:45:00,11.435306549072266,439.3783264160156,614.3935546875,0.2893325984477997,285.5959167480469
2026-07-12 21:00:00,11.39578628540039,437.4571533203125,612.41790771484375,0.28832146525382996,284.3471374511719
2026-07-12 21:15:00,11.353214263916016,437.2428588867187,612.88494873046875,0.2884930670261383,284.2078552246094
2026-07-12 21:30:00,11.31369400024414,436.7340698242187,612.884765625,0.28844138979911804,283.87713623046875
2026-07-12 21:45:00,11.283267974853516,435.4634704589844,611.650146484375,0.2878021001815796,283.0512390136719
2026-07-12 22:00:00,11.25894546508789,434.8695068359375,611.25439453125,0.2875780761241913,282.6651611328125
2026-07-12 22:15:00,11.240665435791016,435.9074401855469,613.04412841796875,0.28842294216156006,283.3398132324219
2026-07-12 22:30:00,11.228519439697266,435.5473327636719,612.7574462890625,0.2882677912712097,283.1057434082031
2026-07-12 22:45:00,11.222415924072266,441.604248046875,621.39080810546875,0.2924524247646332,287.0427551269531
2026-07-12 23:00:00,11.21329116821289,431.8646545410156,607.849853515625,0.28586578369140625,280.7120056152344
2026-07-12 23:15:00,11.19809341430664,433.56195068359375,610.5130615234375,0.2871382534503937,281.81524658203125
2026-07-12 23:30:00,11.18893814086914,434.1586608886719,611.51885986328125,0.2876143455505371,282.203125
2026-07-12 23:45:00,11.16763687133789,432.7409973144531,609.9063720703125,0.28680363297462463,281.2816467285156
2026-07-13 00:00:00,11.152408599853516,432.6072998046875,609.99285888671875,0.2868254780769348,281.1947326660156
2026-07-13 00:15:00,11.152408599853516,433.320556640625,610.99859619140625,0.2873135507106781,281.6583557128906
2026-07-13 00:30:00,11.16458511352539,433.2026062011719,610.612060546875,0.2871420979499817,281.5816955566406
2026-07-13 00:45:00,11.16763687133789,432.8904113769531,610.116943359375,0.28690576553344727,281.3787536621094
2026-07-13 01:00:00,11.173709869384766,433.9231262207031,611.46258544921875,0.2875668704509735,282.0500183105469
2026-07-13 01:15:00,11.16763687133789,434.1515197753906,611.89434814453125,0.2877683937549591,282.198486328125
2026-07-13 01:30:00,11.16153335571289,434.1925964355469,612.0628662109375,0.2878420948982239,282.2251892089844
2026-07-13 01:45:00,11.14328384399414,430.3663940429687,606.9970703125,0.2853599786758423,279.7381591796875
2026-07-13 02:00:00,11.128055572509766,433.1800842285156,611.24127197265625,0.28739896416664124,281.5670471191406
2026-07-13 02:15:00,11.118900299072266,433.9271240234375,612.4615478515625,0.2879789173603058,282.0526123046875
2026-07-13 02:30:00,11.118900299072266,433.7145080566406,612.16143798828125,0.2878333032131195,281.9144287109375
2026-07-13 02:45:00,11.10977554321289,433.9545593261719,612.66595458984375,0.28806596994400024,282.0704650878906
2026-07-13 03:00:00,11.094547271728516,433.9623107910156,612.95367431640625,0.2881852686405182,282.07550048828125
2026-07-13 03:15:00,11.094547271728516,433.24609375,611.9420166015625,0.28769436478614807,281.6099548339844
2026-07-13 03:30:00,11.100650787353516,434.1663818359375,613.13092041015625,0.2882794439792633,282.2081298828125
2026-07-13 03:45:00,11.07626724243164,430.2337341308594,608.01690673828125,0.2857659161090851,279.65191650390625
2026-07-13 04:00:00,11.057987213134766,433.3323364257813,612.72833251953125,0.28802698850631714,281.666015625
2026-07-13 04:15:00,11.04275894165039,430.6067199707031,609.1497802734375,0.28627073764801025,279.89434814453125
2026-07-13 04:30:00,11.027530670166016,432.8253479003906,612.5654296875,0.28790709376335144,281.3364562988281
2026-07-13 04:45:00,11.01230239868164,432.2160034179687,611.97998046875,0.28760266304016113,280.9403991699219
2026-07-13 05:00:00,10.99704360961914,431.6805419921875,611.49932861328125,0.2873489558696747,280.59234619140625
2026-07-13 05:15:00,10.984867095947266,431.3552856445313,611.260009765625,0.28721651434898376,280.38092041015625
2026-07-13 05:30:00,10.975711822509766,431.2970886230469,611.34405517578125,0.287244975566864,280.3431091308594
2026-07-13 05:45:00,10.972660064697266,431.53900146484375,611.74249267578125,0.28743410110473633,280.5003356933594
2026-07-13 06:00:00,10.96353530883789,430.9767150878906,611.11138916015625,0.2871156930923462,280.1348571777344
2026-07-13 06:15:00,10.966556549072266,430.96868896484375,611.0450439453125,0.28708764910697937,280.129638671875
2026-07-13 06:30:00,10.984867095947266,431.0110168457031,610.77215576171875,0.28697994351387024,280.15716552734375
2026-07-13 06:45:00,10.994022369384766,431.4024353027344,611.1602783203125,0.28718048334121704,280.41156005859375
2026-07-13 07:00:00,11.024478912353516,431.9697570800781,611.4100341796875,0.28734251856803894,280.78033447265625
2026-07-13 07:15:00,11.036685943603516,432.4944458007813,611.93060302734375,0.2876114547252655,281.1213684082031
2026-07-13 07:30:00,11.05191421508789,432.8565368652344,612.1658935546875,0.28774598240852356,281.35675048828125
2026-07-13 07:45:00,11.07626724243164,433.0585632324219,612.009033203125,0.28770244121551514,281.4880676269531
2026-07-13 08:00:00,11.103702545166016,433.41546630859375,612.01507568359375,0.2877419888973236,281.72003173828125
2026-07-13 08:15:00,11.134159088134766,431.8855285644531,609.30438232421875,0.2864672541618347,280.7255859375
2026-07-13 08:30:00,11.17068862915039,434.3616333007813,612.13519287109375,0.287889301776886,282.3350524902344
2026-07-13 08:45:00,11.19809341430664,434.76025390625,612.200439453125,0.28795719146728516,282.5941467285156
2026-07-13 09:00:00,11.21634292602539,434.7650451660156,611.876953125,0.28782424330711365,282.5972595214844
2026-07-13 09:15:00,11.243717193603516,433.0512390136719,608.9722900390625,0.2864503264427185,281.4833068847656
2026-07-13 09:30:00,11.280216217041016,436.1619262695313,612.686279296875,0.28830114006996155,283.5052490234375
2026-07-13 09:45:00,11.322818756103516,436.5572204589844,612.47186279296875,0.2882527709007263,283.7621765136719
2026-07-13 10:00:00,11.374515533447266,437.21917724609375,612.46771240234375,0.288318008184433,284.19244384765625
2026-07-13 10:15:00,11.42313003540039,437.6236877441406,612.158935546875,0.2882310152053833,284.45538330078125
2026-07-13 10:30:00,11.46872329711914,436.7886047363281,610.173583984375,0.2873251438140869,283.91259765625
2026-07-13 10:45:00,11.553775787353516,437.43402099609375,609.55426025390625,0.2871328890323639,284.33209228515625
2026-07-13 11:00:00,11.660037994384766,438.4339599609375,609.05377197265625,0.2870238721370697,284.9820556640625
2026-07-13 11:15:00,11.77835464477539,439.62115478515625,608.60235595703125,0.2869521677494049,285.7537536621094
2026-07-13 11:30:00,11.87839126586914,441.1673583984375,608.9718017578125,0.2872554659843445,286.7587585449219
2026-07-13 11:45:00,12.00864028930664,442.45068359375,608.446044921875,0.2871586084365845,287.5929260253906
2026-07-13 12:00:00,12.156986236572266,444.1159362792969,608.13079833984375,0.28718382120132446,288.67535400390625
2026-07-13 12:15:00,12.268924713134766,445.50689697265625,608.078125,0.28729110956192017,289.5794677734375
2026-07-13 12:30:00,12.356571197509766,446.6347351074219,608.08990478515625,0.2873999774456024,290.31256103515625
2026-07-13 12:45:00,12.438175201416016,447.3548583984375,607.652587890625,0.28728199005126953,290.7806396484375
2026-07-13 13:00:00,12.53482437133789,448.1784973144531,607.09765625,0.28712305426597595,291.3160095214844
2026-07-13 13:15:00,12.643497467041016,449.4085083007813,606.8876953125,0.28714483976364136,292.1155090332031
2026-07-13 13:30:00,12.721927642822266,450.3529052734375,606.8133544921875,0.2871973514556885,292.7293701171875
2026-07-13 13:45:00,12.81845474243164,451.6217651367187,606.865478515625,0.28733107447624207,293.55413818359375
2026-07-13 14:00:00,12.932987213134766,453.0939331054687,606.88232421875,0.2874663472175598,294.51104736328125
2026-07-13 14:15:00,13.002262115478516,454.1458740234375,607.10833740234375,0.2876529395580292,295.1947937011719
2026-07-13 14:30:00,13.05350112915039,454.5935668945313,606.83392333984375,0.2875749170780182,295.4858093261719
2026-07-13 14:45:00,13.11069107055664,455.3641052246094,606.8895263671875,0.2876642346382141,295.9866638183594
2026-07-13 15:00:00,13.131778717041016,455.94000244140625,607.29864501953125,0.28788691759109497,296.3609924316406
2026-07-13 15:15:00,13.113712310791016,455.7439880371094,607.344482421875,0.2878897488117218,296.23358154296875
2026-07-13 15:30:00,12.990238189697266,453.9770812988281,607.08758544921875,0.287629634141922,295.0850830078125
2026-07-13 15:45:00,12.854618072509766,452.5190124511719,607.4512939453125,0.2876572906970978,294.1373596191406
2026-07-13 16:00:00,12.712894439697266,451.0274658203125,607.877685546875,0.2877063751220703,293.1678466796875
2026-07-13 16:15:00,12.571048736572266,449.3118591308594,608.00640869140625,0.28760775923728943,292.0527038574219
2026-07-13 16:30:00,12.456302642822266,447.5750732421875,607.63751220703125,0.2872956693172455,290.9237976074219
2026-07-13 16:45:00,12.362613677978516,446.3594970703125,607.61016845703125,0.2871733009815216,290.1336669921875
2026-07-13 17:00:00,12.281009674072266,445.43505859375,607.76953125,0.28715506196022034,289.53277587890625
2026-07-13 17:15:00,12.18722915649414,444.2862548828125,607.83538818359375,0.2870759963989258,288.7860412597656
2026-07-13 17:30:00,12.10251235961914,442.92730712890625,607.45477294921875,0.2867894172668457,287.9027404785156
2026-07-13 17:45:00,12.048038482666016,442.3773498535156,607.65386962890625,0.28682076930999756,287.5452575683594
2026-07-13 18:00:00,11.99350357055664,441.24066162109375,607.04736328125,0.28645968437194824,286.8064270019531
2026-07-13 18:15:00,11.951114654541016,440.64697265625,606.9739990234375,0.28637242317199707,286.4205322265625
2026-07-13 18:30:00,11.91171646118164,440.0022583007813,606.77740478515625,0.286228746175766,286.00146484375
2026-07-13 18:45:00,11.890506744384766,439.350341796875,606.25079345703125,0.2859466075897217,285.57769775390625
2026-07-13 19:00:00,11.854129791259766,438.7975158691406,606.12689208984375,0.28584179282188416,285.2183837890625
2026-07-13 19:15:00,11.81167984008789,438.1275634765625,605.9476318359375,0.2857024371623993,284.78289794921875
2026-07-13 19:30:00,11.76620864868164,437.6008605957031,606.01947021484375,0.28568118810653687,284.4405517578125
2026-07-13 19:45:00,11.71463394165039,437.19390869140625,606.36541748046875,0.28578534722328186,284.176025390625
2026-07-13 20:00:00,11.656986236572266,436.4339904785156,606.32952880859375,0.2856959104537964,283.6820983886719
2026-07-13 20:15:00,11.602359771728516,435.7646179199219,606.365966796875,0.2856450378894806,283.2469787597656
2026-07-13 20:30:00,11.56290054321289,435.4582214355469,606.63909912109375,0.28572791814804077,283.0478210449219
2026-07-13 20:45:00,11.52341079711914,434.97015380859375,606.65997314453125,0.2856880724430084,282.7305908203125
2026-07-13 21:00:00,11.48392105102539,416.9303894042969,582.17303466796875,0.2737561762332916,271.0047302246094
2026-07-13 21:15:00,11.450504302978516,429.04498291015625,599.6766357421875,0.2822047173976898,278.8792419433594
2026-07-13 21:30:00,11.41403579711914,434.33056640625,607.71478271484375,0.2860606908798218,282.3148498535156
2026-07-13 21:45:00,11.38058853149414,433.90179443359375,607.71209716796875,0.2860163450241089,282.0361633300781
2026-07-13 22:00:00,11.356266021728516,433.87847900390625,608.11444091796875,0.2861803472042084,282.02099609375
2026-07-13 22:15:00,11.33194351196289,433.3655090332031,607.83062744140625,0.2860110402107239,281.68756103515625
2026-07-13 22:30:00,11.31064224243164,434.1968078613281,609.37896728515625,0.28673505783081055,282.2279052734375
2026-07-13 22:45:00,11.289371490478516,433.7402648925781,609.12005615234375,0.28658169507980347,281.93115234375
2026-07-13 23:00:00,11.277164459228516,431.978515625,606.8643798828125,0.2854709327220917,280.7860107421875
2026-07-13 23:15:00,11.265018463134766,431.679931640625,606.662353515625,0.2853570580482483,280.5919494628906
2026-07-13 23:30:00,11.246768951416016,431.3136596679687,606.4742431640625,0.2852419912815094,280.3538818359375
2026-07-13 23:45:00,11.23764419555664,431.1602783203125,606.42193603515625,0.2852047383785248,280.2541809082031
2026-07-14 00:00:00,11.228519439697266,430.9294128417969,606.2606201171875,0.2851145267486572,280.1040954589844
2026-07-14 00:15:00,11.225467681884766,430.9815368652344,606.38861083984375,0.28517261147499084,280.13800048828125
2026-07-14 00:30:00,11.225467681884766,431.0700988769531,606.51324462890625,0.28523313999176025,280.195556640625
2026-07-14 00:45:00,11.21634292602539,430.7950439453125,606.2896728515625,0.2851127088069916,280.0167541503906
2026-07-14 01:00:00,11.204166412353516,430.1781311035156,605.639404296875,0.2847813069820404,279.61578369140625
2026-07-14 01:15:00,11.19198989868164,430.2916870117187,606.01751708984375,0.28494876623153687,279.6895751953125
2026-07-14 01:30:00,11.179813385009766,429.887451171875,605.666259765625,0.2847624123096466,279.42681884765625
2026-07-14 01:45:00,11.16763687133789,429.5887451171875,605.46356201171875,0.2846480906009674,279.232666015625
2026-07-14 02:00:00,11.158512115478516,429.27337646484375,605.1824951171875,0.2844998240470886,279.0276794433594
2026-07-14 02:15:00,11.14633560180664,428.74853515625,604.66058349609375,0.28423067927360535,278.6865234375
2026-07-14 02:30:00,11.134159088134766,428.3673400878906,604.3409423828125,0.2840596139431,278.4387512207031
2026-07-14 02:45:00,11.12198257446289,427.8349914550781,603.8077392578125,0.2837850749492645,278.0927429199219
2026-07-14 03:00:00,11.10977554321289,427.5408325195313,603.61090087890625,0.28367358446121216,277.9015197753906
2026-07-14 03:15:00,11.103702545166016,427.1380310058594,603.15087890625,0.28344249725341797,277.63970947265625
2026-07-14 03:30:00,11.094547271728516,426.73541259765625,602.7459716796875,0.2832341194152832,277.3780212402344
2026-07-14 03:45:00,11.085391998291016,426.5786437988281,602.68817138671875,0.28319406509399414,277.276123046875
2026-07-14 04:00:00,11.07626724243164,426.5015563964844,602.74249267578125,0.28320834040641785,277.22601318359375
2026-07-14 04:15:00,11.070194244384766,424.3479309082031,599.8070068359375,0.28177744150161743,275.8261413574219
2026-07-14 04:30:00,11.057987213134766,424.0354919433594,599.5826416015625,0.28165262937545776,275.623046875
2026-07-14 04:45:00,11.05191421508789,423.78900146484375,599.3421630859375,0.281528115272522,275.46282958984375
2026-07-14 05:00:00,11.04581069946289,423.6056213378906,599.19146728515625,0.28144702315330505,275.3436584472656
2026-07-14 05:15:00,11.039737701416016,423.3467102050781,598.93328857421875,0.28131386637687683,275.17535400390625
2026-07-14 05:30:00,11.03360366821289,423.36767578125,599.07208251953125,0.2813730835914612,275.18896484375
2026-07-14 05:45:00,11.027530670166016,423.215087890625,598.96429443359375,0.2813127934932709,275.08978271484375
2026-07-14 06:00:00,11.024478912353516,423.5483093261719,599.49029541015625,0.2815636396408081,275.306396484375
2026-07-14 06:15:00,11.021427154541016,423.5118713378906,599.49310302734375,0.2815609872341156,275.28271484375
2026-07-14 06:30:00,11.018375396728516,423.7389831542969,599.86895751953125,0.28173914551734924,275.4303283691406
2026-07-14 06:45:00,11.01535415649414,423.35504150390625,599.3792724609375,0.28149789571762085,275.1807556152344
2026-07-14 07:00:00,11.018375396728516,423.3830261230469,599.36505126953125,0.28149500489234924,275.1989440917969
2026-07-14 07:15:00,11.024478912353516,423.2360229492187,599.04827880859375,0.2813494801521301,275.1033935546875
2026-07-14 07:30:00,11.036685943603516,423.3452453613281,598.98553466796875,0.28133511543273926,275.1744079589844
2026-07-14 07:45:00,11.04581069946289,423.2710876464844,598.71826171875,0.28121763467788696,275.1261901855469
2026-07-14 08:00:00,11.067142486572266,423.5202941894531,598.69140625,0.2812325954437256,275.2881774902344
2026-07-14 08:15:00,11.08847427368164,423.8410339355469,598.76568603515625,0.28129658102989197,275.4966735839844
2026-07-14 08:30:00,11.100650787353516,423.94049072265625,598.68988037109375,0.2812758684158325,275.5613098144531
2026-07-14 08:45:00,11.115848541259766,424.41998291015625,599.09698486328125,0.28149303793907166,275.87298583984375
2026-07-14 09:00:00,11.152408599853516,424.5012512207031,598.56304931640625,0.28128185868263245,275.9258117675781
2026-07-14 09:15:00,11.179813385009766,424.6340026855469,598.26470947265625,0.28117284178733826,276.0120849609375
2026-07-14 09:30:00,11.21329116821289,425.0378723144531,598.24114990234375,0.28120478987693787,276.27459716796875
2026-07-14 09:45:00,11.25284194946289,425.4684753417969,598.14801025390625,0.28121063113212585,276.55450439453125
2026-07-14 10:00:00,11.301517486572266,425.98040771484375,598.00836181640625,0.2812053859233856,276.88726806640625
2026-07-14 10:15:00,11.34408950805664,426.3448791503906,597.769775390625,0.2811441421508789,277.1241760253906
2026-07-14 10:30:00,11.404911041259766,426.9764709472656,597.58514404296875,0.2811318635940552,277.5346984863281
2026-07-14 10:45:00,11.711612701416016,526.15252685546875,729.8106689453125,0.3460773527622223,341.9991149902344
2026-07-14 11:00:00,11.754093170166016,526.7041015625,729.6728515625,0.34607186913490295,342.357666015625
2026-07-14 11:15:00,11.92081069946289,529.31878662109375,729.755615234375,0.346354216337204,344.05718994140625
2026-07-14 11:30:00,12.03592300415039,530.921875,729.534423828125,0.3464100956916809,345.0992126464844
2026-07-14 11:45:00,12.172122955322266,532.9000244140625,729.38592529296875,0.3465293049812317,346.385009765625
2026-07-14 12:00:00,12.28403091430664,534.71868896484375,729.52862548828125,0.3467552363872528,347.567138671875
2026-07-14 12:15:00,12.44119644165039,538.10516357421875,730.85784912109375,0.34762516617774963,349.7683410644531
2026-07-14 12:30:00,12.54990005493164,539.4488525390625,730.418212890625,0.3475564122200012,350.6417541503906
2026-07-14 12:45:00,12.637454986572266,540.80902099609375,730.44140625,0.34768548607826233,351.5258483886719
2026-07-14 13:00:00,12.758121490478516,542.5557861328125,730.30120849609375,0.3477769196033478,352.6612548828125
2026-07-14 13:15:00,12.83957290649414,543.57244873046875,729.989013671875,0.34773024916648865,353.32208251953125
2026-07-14 13:30:00,12.939029693603516,544.665771484375,729.411376953125,0.34757524728775024,354.0327453613281
2026-07-14 13:45:00,13.05649185180664,546.37939453125,729.29705810546875,0.34767013788223267,355.1466064453125
2026-07-14 14:00:00,13.152835845947266,547.724365234375,729.12322998046875,0.3477071225643158,356.02081298828125
2026-07-14 14:15:00,13.22208023071289,549.0875244140625,729.52569580078125,0.3479929566383362,356.9068908691406
2026-07-14 14:30:00,13.32437515258789,550.59197998046875,729.442626953125,0.34808000922203064,357.884765625
2026-07-14 14:45:00,13.40555191040039,551.76416015625,729.348388671875,0.34813418984413147,358.6466979980469
2026-07-14 15:00:00,13.396549224853516,550.55218505859375,727.92822265625,0.3474223017692566,357.8589172363281
2026-07-14 15:15:00,13.31534194946289,549.08734130859375,727.63214111328125,0.34717559814453125,356.9067687988281
2026-07-14 15:30:00,13.13479995727539,546.55126953125,727.9286499023436,0.347095251083374,355.25830078125
2026-07-14 15:45:00,12.960086822509766,544.28485107421875,728.4697875976564,0.34713852405548096,353.7851257324219
2026-07-14 16:00:00,12.82449722290039,542.27679443359375,728.5587158203125,0.3470059633255005,352.4798889160156
2026-07-14 16:15:00,12.670658111572266,539.40435791015625,727.8587646484375,0.34645843505859375,350.6128234863281
2026-07-14 16:30:00,12.56198501586914,538.106201171875,728.3499755859375,0.34655484557151794,349.7690124511719
2026-07-14 16:45:00,12.456302642822266,536.409912109375,728.2415771484375,0.3463587164878845,348.66644287109375
2026-07-14 17:00:00,12.37771987915039,532.44024658203125,724.47540283203125,0.3443995714187622,346.0861511230469
2026-07-14 17:15:00,12.34146499633789,533.1063232421875,726.13397216796875,0.3451654613018036,346.51910400390625
2026-07-14 17:30:00,12.27194595336914,532.27716064453125,726.4491577148436,0.3452247381210327,345.9801330566406
2026-07-14 17:45:00,12.232608795166016,531.875244140625,726.71990966796875,0.3453032076358795,345.7189025878906
2026-07-14 18:00:00,12.150943756103516,530.71075439453125,726.8319091796875,0.3452445864677429,344.96197509765625
2026-07-14 18:15:00,12.084354400634766,529.9300537109375,727.1553344726564,0.3453099727630615,344.45452880859375
2026-07-14 18:30:00,12.048038482666016,529.49749755859375,727.32293701171875,0.3453409969806671,344.1733703613281
2026-07-14 18:45:00,11.99655532836914,529.0428466796875,727.7791748046875,0.34549206495285034,343.8778381347656
2026-07-14 19:00:00,11.926883697509766,528.10321044921875,727.95172119140625,0.34547725319862366,343.2670593261719
2026-07-14 19:15:00,11.863224029541016,527.3240966796875,728.2197875976564,0.34551721811294556,342.7606506347656
2026-07-14 19:30:00,11.81473159790039,526.72174072265625,728.41229248046875,0.3455416262149811,342.3691101074219
2026-07-14 19:45:00,11.772281646728516,526.14263916015625,728.509521484375,0.34552764892578125,341.9927062988281
2026-07-14 20:00:00,11.71463394165039,525.383544921875,728.679931640625,0.3455269932746887,341.4992980957031
2026-07-14 20:15:00,11.647891998291016,524.4862060546875,728.8521728515625,0.34551331400871277,340.916015625
2026-07-14 20:30:00,11.60538101196289,521.58734130859375,725.72406005859375,0.34391650557518005,339.0317687988281
2026-07-14 20:45:00,11.55984878540039,522.87274169921875,728.48175048828125,0.34520119428634644,339.8672790527344
2026-07-14 21:00:00,11.49911880493164,522.11956787109375,728.7271728515625,0.34523090720176697,339.3777160644531
2026-07-14 21:15:00,11.45352554321289,521.47149658203125,728.79656982421875,0.3451964259147644,338.9564514160156
2026-07-14 21:30:00,11.42618179321289,521.04412841796875,728.7841796875,0.3451492190361023,338.6786804199219
2026-07-14 21:45:00,11.39883804321289,520.7164306640625,728.9112548828125,0.34517017006874084,338.4656677246094
2026-07-14 22:00:00,11.36233901977539,520.2640380859375,729.06024169921875,0.345187783241272,338.1716003417969
2026-07-14 22:15:00,11.34408950805664,523.36346435546875,733.797607421875,0.34748145937919617,340.1862487792969
2026-07-14 22:30:00,11.33499526977539,523.05694580078125,733.5643310546875,0.34735313057899475,339.98699951171875
2026-07-14 22:45:00,11.31064224243164,522.8687744140625,733.82672119140625,0.34744444489479065,339.86468505859375
2026-07-14 23:00:00,11.289371490478516,522.5029296875,733.77325439453125,0.34738555550575256,339.62689208984375
2026-07-14 23:15:00,11.268070220947266,522.20086669921875,733.81005859375,0.3473707437515259,339.4305419921875
2026-07-14 23:30:00,11.25894546508789,522.231201171875,734.05035400390625,0.3474743664264679,339.45025634765625
2026-07-14 23:45:00,11.23764419555664,522.53656005859375,734.941650390625,0.3478781282901764,339.64874267578125
2026-07-15 00:00:00,11.219364166259766,523.8763427734375,737.22406005859375,0.3489679992198944,340.5196228027344
2026-07-15 00:15:00,11.20718765258789,521.8094482421875,734.579833984375,0.3476535379886627,339.1761169433594
2026-07-15 00:30:00,11.18893814086914,521.03338623046875,733.8831787109375,0.3472839891910553,338.67169189453125
2026-07-15 00:45:00,11.176761627197266,520.309814453125,733.12811279296875,0.3468952775001526,338.20135498046875
2026-07-15 01:00:00,11.16458511352539,520.1878662109375,733.22039794921875,0.34692153334617615,338.1221008300781
2026-07-15 01:15:00,11.14633560180664,519.5684814453125,732.7432250976564,0.346659392118454,337.7195129394531
2026-07-15 01:30:00,11.13718032836914,521.16973876953125,735.2008056640625,0.3478486239910126,338.76031494140625
2026-07-15 01:45:00,11.128055572509766,519.418212890625,732.9281005859375,0.3467213809490204,337.621826171875
2026-07-15 02:00:00,11.12198257446289,519.2027587890625,732.7559814453125,0.3466275930404663,337.4817810058594
2026-07-15 02:15:00,11.115848541259766,519.6220703125,733.48101806640625,0.34697309136390686,337.75433349609375
2026-07-15 02:30:00,11.103702545166016,519.1011962890625,733.0097045898436,0.3467233180999756,337.415771484375
2026-07-15 02:45:00,11.094547271728516,518.8504638671875,732.8546142578125,0.34663304686546326,337.2527770996094
2026-07-15 03:00:00,11.094547271728516,518.505126953125,732.36688232421875,0.34639421105384827,337.0283203125
2026-07-15 03:15:00,11.09152603149414,518.43353271484375,732.33135986328125,0.3463720679283142,336.9817810058594
2026-07-15 03:30:00,11.094547271728516,518.3719482421875,732.1787719726564,0.3463020920753479,336.9417419433594
2026-07-15 03:45:00,11.08237075805664,518.3912353515625,732.4705810546875,0.346425861120224,336.95428466796875
2026-07-15 04:00:00,11.07626724243164,518.621826171875,732.92913818359375,0.34664079546928406,337.10418701171875
2026-07-15 04:15:00,11.070194244384766,518.28582763671875,732.5863037109375,0.3464634120464325,336.8857727050781
2026-07-15 04:30:00,11.12198257446289,468.6980590820313,661.47821044921875,0.3118155300617218,304.6537170410156
2026-07-15 04:45:00,11.04581069946289,467.6544494628906,661.4986572265625,0.31171664595603943,303.9753723144531
2026-07-15 05:00:00,11.030582427978516,467.4452819824219,661.50201416015625,0.311696320772171,303.83941650390625
2026-07-15 05:15:00,11.021427154541016,467.2965698242187,661.4715576171875,0.31166836619377136,303.7427673339844
2026-07-15 05:30:00,11.027530670166016,465.43304443359375,658.71417236328125,0.31033456325531006,302.5314636230469
2026-07-15 05:45:00,11.027530670166016,467.8604431152344,662.14959716796875,0.312007337808609,304.1092834472656
2026-07-15 06:00:00,11.01535415649414,468.4343566894531,663.20184326171875,0.3125021755695343,304.4823303222656
2026-07-15 06:15:00,11.01535415649414,468.5741882324219,663.39984130859375,0.3125985860824585,304.5732116699219
2026-07-15 06:30:00,11.01230239868164,468.8502502441406,663.85089111328125,0.3128138780593872,304.7526550292969
2026-07-15 06:45:00,11.01535415649414,469.2619018554687,664.37347412109375,0.3130727708339691,305.0202331542969
2026-07-15 07:00:00,11.021427154541016,469.9356994628906,665.20733642578125,0.3134876489639282,305.45819091796875
2026-07-15 07:15:00,11.036685943603516,469.2881774902344,663.98956298828125,0.3129165768623352,305.03729248046875
2026-07-15 07:30:00,11.05191421508789,468.9020690917969,663.1431884765625,0.31252631545066833,304.7863464355469
2026-07-15 07:45:00,11.07626724243164,468.9283752441406,662.70111083984375,0.3123458921909332,304.8034362792969
2026-07-15 08:00:00,11.10977554321289,448.5295715332031,633.2432861328125,0.29805952310562134,291.5442199707031
2026-07-15 08:15:00,11.131107330322266,451.795654296875,637.45123291015625,0.300134539604187,293.66717529296875
2026-07-15 08:30:00,11.16763687133789,454.9378967285156,641.19073486328125,0.3020036518573761,295.7096252441406
2026-07-15 08:45:00,11.19198989868164,453.6534118652344,638.91986083984375,0.3009324371814728,294.87469482421875
2026-07-15 09:00:00,11.219364166259766,454.3757019042969,639.41943359375,0.30121302604675293,295.3442077636719
2026-07-15 09:15:00,11.268070220947266,458.4293212890625,644.1966552734375,0.30360448360443115,297.9790344238281
2026-07-15 09:30:00,11.32889175415039,458.909423828125,643.7159423828125,0.30345359444618225,298.2911071777344
2026-07-15 09:45:00,11.38058853149414,459.73779296875,643.8973388671875,0.30361223220825195,298.8295593261719
2026-07-15 10:00:00,11.42313003540039,460.0103759765625,643.4739990234375,0.3034636080265045,299.0067443847656
2026-07-15 10:15:00,11.465702056884766,460.8831787109375,643.8896484375,0.30372345447540283,299.5740661621094
2026-07-15 10:30:00,11.517337799072266,460.9062805175781,642.94793701171875,0.3033338189125061,299.5890808105469
2026-07-15 10:45:00,11.599308013916016,462.1226501464844,643.1004638671875,0.30351725220680237,300.37969970703125
2026-07-15 11:00:00,11.678226470947266,461.70843505859375,641.0455322265625,0.3026198148727417,300.1104736328125
2026-07-15 11:15:00,11.781375885009766,460.5889587402344,637.57373046875,0.30106183886528015,299.3828125
2026-07-15 11:30:00,11.88443374633789,463.6956176757813,639.95697021484375,0.3023566007614136,301.4021301269531
2026-07-15 11:45:00,11.990482330322266,463.5374755859375,637.7784423828125,0.3014290928840637,301.2993469238281
2026-07-15 12:00:00,12.129764556884766,466.8809509277344,639.80389404296875,0.30259281396865845,303.47259521484375
2026-07-15 12:15:00,12.26285171508789,471.3997192382813,643.5316162109375,0.30457907915115356,306.4098205566406
2026-07-15 12:30:00,12.38980484008789,471.9500122070313,641.94647216796875,0.30396103858947754,306.7674865722656
2026-07-15 12:45:00,12.486515045166016,473.8747863769531,642.78887939453125,0.3044905364513397,308.0185852050781
2026-07-15 13:00:00,12.598209381103516,475.5217590332031,642.9771728515625,0.3047173023223877,309.0891418457031
2026-07-15 13:15:00,12.706851959228516,476.92620849609375,642.8929443359375,0.304805725812912,310.00201416015625
2026-07-15 13:30:00,12.83957290649414,478.3636169433594,642.4169921875,0.3047291040420532,310.93634033203125
2026-07-15 13:45:00,12.93600845336914,479.5433349609375,642.25457763671875,0.3047618865966797,311.7031555175781
2026-07-15 14:00:00,12.80337905883789,477.80133056640625,642.31744384765625,0.3046380877494812,310.57086181640625
2026-07-15 14:15:00,12.948062896728516,477.5,639.3011474609375,0.30333009362220764,310.375
2026-07-15 14:30:00,13.10165786743164,479.2934875488281,638.943115234375,0.30333033204078674,311.5407409667969
2026-07-15 14:45:00,13.21304702758789,480.4852294921875,638.5406494140625,0.3032587766647339,312.3153991699219
2026-07-15 15:00:00,13.219058990478516,482.1222839355469,640.60870361328125,0.30427858233451843,313.3794860839844
2026-07-15 15:15:00,13.16788101196289,481.88043212890625,641.20306396484375,0.3045121133327484,313.2222595214844
2026-07-15 15:30:00,13.014347076416016,479.9696350097656,641.41229248046875,0.30443981289863586,311.9802551269531
2026-07-15 15:45:00,12.84256362915039,476.0648193359375,639.27593994140625,0.3031955659389496,309.4421081542969
2026-07-15 16:00:00,12.694766998291016,478.22705078125,644.8670654296875,0.30575719475746155,310.8475646972656
2026-07-15 16:15:00,12.52878189086914,475.0484313964844,643.60595703125,0.3049412965774536,308.7814636230469
2026-07-15 16:30:00,12.41098403930664,476.63330078125,647.9246826171875,0.3069091737270355,309.8116455078125
2026-07-15 16:45:00,12.320316314697266,472.9779357910156,644.6241455078125,0.30518415570259094,307.4356384277344
2026-07-15 17:00:00,12.226566314697266,471.4621887207031,644.287109375,0.3049030005931854,306.4504089355469
2026-07-15 17:15:00,12.141849517822266,470.354248046875,644.33953857421875,0.30482253432273865,305.7302551269531
2026-07-15 17:30:00,12.090396881103516,468.59375,642.87945556640625,0.30404478311538696,304.5859375
2026-07-15 17:45:00,12.02377700805664,469.6160278320313,645.5208740234375,0.30524981021881104,305.2503967285156
2026-07-15 18:00:00,11.960208892822266,467.1882019042969,643.3642578125,0.30411601066589355,303.6723327636719
2026-07-15 18:15:00,11.917789459228516,469.5786437988281,647.45037841796875,0.3060556650161743,305.2261047363281
2026-07-15 18:30:00,11.881412506103516,469.61285400390625,648.18023681640625,0.3063647449016571,305.24835205078125
2026-07-15 18:45:00,11.83292007446289,471.2673950195313,651.37945556640625,0.30786290764808655,306.32379150390625
2026-07-15 19:00:00,11.78439712524414,467.0055847167969,646.39923095703125,0.30536943674087524,303.5536193847656
2026-07-15 19:15:00,11.73587417602539,467.0362548828125,647.354736328125,0.3057718276977539,303.57354736328125
2026-07-15 19:30:00,11.70859146118164,467.7425231933594,648.8489990234375,0.30646467208862305,304.0326232910156
2026-07-15 19:45:00,11.666080474853516,465.5539855957031,646.61376953125,0.3053184151649475,302.6100769042969
2026-07-15 20:00:00,11.65091323852539,468.7060241699219,651.27984619140625,0.30757373571395874,304.6589050292969
2026-07-15 20:15:00,11.754093170166016,485.490478515625,672.5772705078125,0.3181105852127075,315.56878662109375
2026-07-15 20:30:00,11.587162017822266,484.6223754882813,674.65106201171875,0.3188948929309845,315.0045471191406
2026-07-15 20:45:00,11.553775787353516,482.9581604003906,672.99114990234375,0.3180379569530487,313.92279052734375
2026-07-15 21:00:00,11.49911880493164,481.3365173339844,671.805908203125,0.3173833191394806,312.86871337890625
2026-07-15 21:15:00,11.45657730102539,483.753173828125,676.02178955078125,0.3193822503089905,314.4395446777344
2026-07-15 21:30:00,11.42313003540039,479.3507080078125,670.5277099609375,0.3166532814502716,311.57794189453125
2026-07-15 21:45:00,11.401859283447266,480.239990234375,672.19171142578125,0.3174355626106262,312.1559753417969
2026-07-15 22:00:00,11.401859283447266,478.7232666015625,670.0687255859375,0.3163995146751404,311.17010498046875
2026-07-15 22:15:00,11.374515533447266,478.6429748535156,670.4952392578125,0.3165692389011383,311.117919921875
2026-07-15 22:30:00,11.35928726196289,478.4537658691406,670.53057861328125,0.31656506657600403,310.99493408203125
2026-07-15 22:45:00,11.341068267822266,477.99114990234375,670.24163818359375,0.31639841198921204,310.6942443847656
2026-07-15 23:00:00,11.325870513916016,478.63079833984375,671.43902587890625,0.3169610798358917,311.1100158691406
2026-07-15 23:15:00,11.31369400024414,477.3549499511719,669.8895263671875,0.31618794798851013,310.28070068359375
2026-07-15 23:30:00,11.29849624633789,477.7967834472656,670.80999755859375,0.316615492105484,310.5679016113281
2026-07-15 23:45:00,11.289371490478516,479.90484619140625,673.95098876953125,0.3181348145008087,311.9381408691406
2026-07-16 00:00:00,11.27414321899414,477.4944152832031,670.8671875,0.316608726978302,310.3713684082031
2026-07-16 00:15:00,11.265018463134766,476.6938781738281,669.92279052734375,0.31613513827323914,309.85101318359375
2026-07-16 00:30:00,11.25589370727539,475.755126953125,668.7835693359375,0.31556665897369385,309.2408142089844
2026-07-16 00:45:00,11.243717193603516,474.3739929199219,667.08184814453125,0.31471964716911316,308.34307861328125
2026-07-16 01:00:00,11.23459243774414,475.04144287109375,668.2005615234375,0.3152521252632141,308.77691650390625
2026-07-16 01:15:00,11.222415924072266,474.9394836425781,668.29754638671875,0.31528207659721375,308.7106628417969
2026-07-16 01:30:00,11.21634292602539,475.28662109375,668.906005859375,0.3155701160430908,308.936279296875
2026-07-16 01:45:00,11.20718765258789,475.126708984375,668.8619384765625,0.3155355751514435,308.83233642578125
2026-07-16 02:00:00,11.19809341430664,475.6690368652344,669.80548095703125,0.3159825801849365,309.18487548828125
2026-07-16 02:15:00,11.18893814086914,476.9373474121094,671.77325439453125,0.31692904233932495,310.00927734375
2026-07-16 02:30:00,11.18893814086914,476.6477966308594,671.36541748046875,0.31673017144203186,309.821044921875
2026-07-16 02:45:00,11.179813385009766,475.4225769042969,669.82049560546875,0.3159638047218323,309.024658203125
2026-07-16 03:00:00,11.179813385009766,474.6067199707031,668.6710205078125,0.31540346145629883,308.4943542480469
2026-07-16 03:15:00,11.17068862915039,475.05853271484375,669.48834228515625,0.31578877568244934,308.78802490234375
2026-07-16 03:30:00,11.158512115478516,474.9696960449219,669.60443115234375,0.3158279359340668,308.73028564453125
2026-07-16 03:45:00,11.149356842041016,476.252197265625,671.59454345703125,0.3167850077152252,309.56390380859375
2026-07-16 04:00:00,11.134159088134766,475.8869323730469,671.381591796875,0.31665924191474915,309.3265075683594
2026-07-16 04:15:00,11.128055572509766,475.5969543457031,671.0938720703125,0.3165102005004883,309.13800048828125
2026-07-16 04:30:00,11.125003814697266,476.1195983886719,671.89208984375,0.31689494848251343,309.47772216796875
2026-07-16 04:45:00,11.12198257446289,475.29107666015625,670.782958984375,0.3163498640060425,308.9391784667969
2026-07-16 05:00:00,11.158512115478516,478.3442077636719,674.36175537109375,0.3181474506855011,310.9237365722656
2026-07-16 05:15:00,11.182865142822266,478.8131713867187,674.53656005859375,0.3182678520679474,311.2285461425781
2026-07-16 05:30:00,11.128055572509766,478.9126892089844,675.77252197265625,0.31879132986068726,311.2932434082031
2026-07-16 05:45:00,11.14328384399414,478.834716796875,675.35772705078125,0.31861111521720886,311.2425537109375
2026-07-16 06:00:00,11.16763687133789,477.125244140625,672.46160888671875,0.3172340393066406,310.13140869140625
2026-07-16 06:15:00,11.11282730102539,476.5237731933594,672.7052001953125,0.31727364659309387,309.7404479980469
2026-07-16 06:30:00,11.103702545166016,476.5143127441406,672.87384033203125,0.3173426389694214,309.7342834472656
2026-07-16 06:45:00,11.118900299072266,476.6214294433594,672.721923828125,0.3172905743122101,309.8039245605469
2026-07-16 07:00:00,11.134159088134766,476.7913208007813,672.65753173828125,0.31728118658065796,309.9143371582031
2026-07-16 07:15:00,11.13718032836914,477.09185791015625,673.02130126953125,0.31746289134025574,310.1097106933594
2026-07-16 07:30:00,11.149356842041016,476.53460693359375,671.9927978515625,0.3169790208339691,309.74749755859375
2026-07-16 07:45:00,11.16153335571289,472.80279541015625,666.489990234375,0.3143140375614166,307.3218078613281
2026-07-16 08:00:00,11.201114654541016,473.3804626464844,666.5233154296875,0.3143866956233978,307.6972961425781
2026-07-16 08:15:00,11.225467681884766,473.3176574707031,665.955322265625,0.31414443254470825,307.6564636230469
2026-07-16 08:30:00,11.23459243774414,473.5386657714844,666.08673095703125,0.31422141194343567,307.80010986328125
2026-07-16 08:45:00,11.249820709228516,474.1861267089844,666.69757080078125,0.3145408034324646,308.2209777832031
2026-07-16 09:00:00,11.277164459228516,474.5281982421875,666.6402587890625,0.31455159187316895,308.4433288574219
2026-07-16 09:15:00,11.301517486572266,474.8439025878906,666.60491943359375,0.3145686984062195,308.6485290527344
2026-07-16 09:30:00,11.338016510009766,475.6805725097656,667.0616455078125,0.3148427903652191,309.1923522949219
2026-07-16 09:45:00,11.39273452758789,476.2113952636719,666.731689453125,0.3147585093975067,309.5373840332031
2026-07-16 10:00:00,11.444400787353516,476.51373291015625,666.14306640625,0.31454330682754517,309.7339172363281
2026-07-16 10:15:00,11.493045806884766,476.935791015625,665.78228759765625,0.31443461775779724,310.00823974609375
2026-07-16 10:30:00,11.544681549072266,477.69244384765625,665.8306884765625,0.3145294189453125,310.5000915527344
2026-07-16 10:45:00,11.63272476196289,483.9862365722656,672.8692626953125,0.31808727979660034,314.5910339355469
2026-07-16 11:00:00,11.73587417602539,485.4451599121094,672.87115478515625,0.3182293772697449,315.5393371582031
2026-07-16 11:15:00,11.83292007446289,486.65728759765625,672.651123046875,0.3182532787322998,316.3272399902344
2026-07-16 11:30:00,11.92990493774414,488.4010620117187,673.1663818359375,0.3186352550983429,317.460693359375
2026-07-16 11:45:00,12.084354400634766,490.4143676757813,672.9329833984375,0.3187257647514343,318.7693176269531
2026-07-16 12:00:00,11.96323013305664,489.3212585449219,673.78472900390625,0.31898221373558044,318.0588073730469
2026-07-16 12:15:00,11.83597183227539,487.490478515625,673.74310302734375,0.3187912106513977,316.8688049316406
2026-07-16 12:30:00,12.02377700805664,489.4632873535156,672.8023681640625,0.31858205795288086,318.151123046875
2026-07-16 12:45:00,11.98440933227539,488.7350769042969,672.56573486328125,0.3184140920639038,317.67779541015625
2026-07-16 13:00:00,12.090396881103516,489.9259643554687,672.14581298828125,0.3183485269546509,318.4518737792969
2026-07-16 13:15:00,11.890506744384766,486.8680419921875,671.81951904296875,0.3179240822792053,316.4642028808594
2026-07-16 13:30:00,12.099491119384766,489.0320739746094,670.74371337890625,0.31767451763153076,317.870849609375
2026-07-16 13:45:00,12.42911148071289,492.3714294433594,668.97259521484375,0.3172313868999481,320.0414123535156
2026-07-16 14:00:00,12.36563491821289,491.11669921875,668.478515625,0.3169090151786804,319.225830078125
2026-07-16 14:15:00,12.622379302978516,494.0195007324219,667.53082275390625,0.31676656007766724,321.1126708984375
2026-07-16 14:30:00,12.960086822509766,498.3670959472656,667.0135498046875,0.3169233202934265,323.9385986328125
2026-07-16 14:45:00,13.16788101196289,501.2464599609375,666.97198486328125,0.31714826822280884,325.8101806640625
2026-07-16 15:00:00,13.24612808227539,501.7262878417969,666.1539306640625,0.31683778762817383,326.1220703125
2026-07-16 15:15:00,13.17392349243164,501.0298156738281,666.5711669921875,0.3169586658477783,325.66937255859375
2026-07-16 15:30:00,12.98721694946289,499.05609130859375,667.42681884765625,0.31715840101242065,324.3864440917969
2026-07-16 15:45:00,12.84860610961914,496.9064331054687,667.14898681640625,0.31685593724250793,322.9891662597656
2026-07-16 16:00:00,12.755130767822266,495.9478759765625,667.62164306640625,0.3169741630554199,322.3661193847656
2026-07-16 16:15:00,12.577091217041016,493.4809265136719,667.66107177734375,0.3167743682861328,320.7626037597656
2026-07-16 16:30:00,12.462345123291016,492.0147399902344,667.85467529296875,0.3167257606983185,319.8095703125
2026-07-16 16:45:00,12.338443756103516,490.6998291015625,668.43060302734375,0.31685104966163635,318.9548645019531
2026-07-16 17:00:00,12.247745513916016,489.291748046875,668.246337890625,0.3166447877883911,318.03961181640625
2026-07-16 17:15:00,12.14792251586914,488.0726013183594,668.49517822265625,0.31663763523101807,317.2471923828125
2026-07-16 17:30:00,12.063175201416016,486.5051879882813,667.97662353515625,0.31627339124679565,316.2283630371094
2026-07-16 17:45:00,12.00259780883789,486.23590087890625,668.77496337890625,0.31658434867858887,316.0533142089844
2026-07-16 18:00:00,11.957157135009766,485.7986145019531,669.0516357421875,0.31665951013565063,315.7690734863281
2026-07-16 18:15:00,11.899600982666016,484.6495971679687,668.5821533203125,0.31635361909866333,315.022216796875
2026-07-16 18:30:00,11.854129791259766,484.456787109375,669.19769287109375,0.3165937662124634,314.89691162109375
2026-07-16 18:45:00,11.81167984008789,483.5763549804687,668.8050537109375,0.3163450062274933,314.3246154785156
2026-07-16 19:00:00,11.772281646728516,482.6671752929687,668.3123779296875,0.3160512149333954,313.733642578125
2026-07-16 19:15:00,11.72983169555664,482.7265930175781,669.22064208984375,0.3164375424385071,313.77227783203125
2026-07-16 19:30:00,11.67520523071289,482.0592956542969,669.36004638671875,0.31643146276474,313.3385314941406
2026-07-16 19:45:00,11.626651763916016,482.8473205566406,671.40484619140625,0.3173637390136719,313.8507385253906
2026-07-16 20:00:00,11.587162017822266,482.3446350097656,671.48016357421875,0.3173461854457855,313.52398681640625
2026-07-16 20:15:00,11.553775787353516,483.1243286132813,673.22265625,0.31815105676651,314.0307922363281
2026-07-16 20:30:00,11.505191802978516,482.3923950195313,673.1597900390625,0.3180527985095978,313.5550537109375
2026-07-16 20:45:00,11.45962905883789,482.2644348144531,673.8809814453125,0.31834128499031067,313.47186279296875
2026-07-16 21:00:00,11.42618179321289,481.6015930175781,673.61590576171875,0.3181649148464203,313.041015625
2026-07-16 21:15:00,11.420108795166016,481.43109130859375,673.49755859375,0.31809860467910767,312.9302062988281
2026-07-16 21:30:00,11.39578628540039,481.2037658691406,673.66094970703125,0.3181441128253937,312.7824401855469
2026-07-16 21:45:00,11.368412017822266,480.7575073242187,673.5782470703125,0.3180651068687439,312.49237060546875
2026-07-16 22:00:00,11.353214263916016,480.12310791015625,672.9903564453125,0.3177567422389984,312.08001708984375
2026-07-16 22:15:00,11.34408950805664,480.2763366699219,673.385986328125,0.31793689727783203,312.1795959472656
2026-07-16 22:30:00,11.36539077758789,480.3001098632813,672.99725341796875,0.3177773356437683,312.195068359375
2026-07-16 22:45:00,11.356266021728516,480.6661376953125,673.69097900390625,0.31810301542282104,312.4329833984375
2026-07-16 23:00:00,11.34408950805664,480.217041015625,673.3028564453125,0.3178963363170624,312.14105224609375
2026-07-16 23:15:00,11.32889175415039,480.2286376953125,673.62060546875,0.31802982091903687,312.1485900878906
2026-07-16 23:30:00,11.316715240478516,480.51513671875,674.2642822265625,0.3183266818523407,312.3348388671875
2026-07-16 23:45:00,11.31369400024414,480.4429931640625,674.22308349609375,0.3183022141456604,312.2879333496094
2026-07-17 00:00:00,11.301517486572266,480.76763916015625,674.9208984375,0.3186253309249878,312.49896240234375
2026-07-17 00:15:00,11.283267974853516,479.5107421875,673.51873779296875,0.31791526079177856,311.6819763183594
2026-07-17 00:30:00,11.271121978759766,479.9608154296875,674.39251708984375,0.3183242380619049,311.9745178222656
2026-07-17 00:45:00,11.25589370727539,479.6275329589844,674.2271728515625,0.3182218074798584,311.75787353515625
2026-07-17 01:00:00,11.240665435791016,479.2754821777344,674.03533935546875,0.31810641288757324,311.529052734375
2026-07-17 01:15:00,11.23154067993164,478.9095458984375,673.70220947265625,0.3179308772087097,311.29119873046875
2026-07-17 01:30:00,11.222415924072266,478.8035888671875,673.73480224609375,0.31793367862701416,311.2223205566406
2026-07-17 01:45:00,11.21329116821289,478.42529296875,673.384033203125,0.3177495002746582,310.9764404296875
2026-07-17 02:00:00,11.20718765258789,478.3066101074219,673.3385009765625,0.317718505859375,310.8992919921875
2026-07-17 02:15:00,11.19809341430664,477.2589111328125,672.044189453125,0.31707435846328735,310.2182922363281
2026-07-17 02:30:00,11.19198989868164,476.8607482910156,671.60479736328125,0.31685128808021545,309.95947265625
2026-07-17 02:45:00,11.18893814086914,477.05706787109375,671.94189453125,0.3170112669467926,310.08709716796875
2026-07-17 03:00:00,11.18893814086914,476.8274230957031,671.61846923828125,0.3168535530567169,309.93780517578125
2026-07-17 03:15:00,11.18588638305664,476.9736633300781,671.8851318359375,0.3169792592525482,310.0328674316406
2026-07-17 03:30:00,11.18893814086914,477.2509460449219,672.2149658203125,0.3171444535255432,310.2131042480469
2026-07-17 03:45:00,11.18893814086914,477.6750183105469,672.81231689453125,0.31743577122688293,310.4887390136719
2026-07-17 04:00:00,11.19809341430664,478.3877258300781,673.63372802734375,0.3178495466709137,310.9519958496094
2026-07-17 04:15:00,11.23459243774414,478.66400146484375,673.29608154296875,0.3177371621131897,311.131591796875
2026-07-17 04:30:00,11.21023941040039,478.6083068847656,673.702392578125,0.3179004490375519,311.09539794921875
2026-07-17 04:45:00,11.201114654541016,478.3421325683594,673.50933837890625,0.31779319047927856,310.92236328125
2026-07-17 05:00:00,11.204166412353516,502.2062377929687,707.04638671875,0.3341745436191559,326.4340515136719
2026-07-17 05:15:00,11.19504165649414,501.4081726074219,706.11328125,0.33370471000671387,325.9153137207031
2026-07-17 05:30:00,11.21023941040039,501.1790771484375,705.4736328125,0.3334147334098816,325.7663879394531
2026-07-17 05:45:00,11.304569244384766,479.56011962890625,673.16510009765625,0.31777310371398926,311.7140808105469
2026-07-17 06:00:00,11.246768951416016,478.2712097167969,672.50164794921875,0.31736713647842407,310.87628173828125
2026-07-17 06:15:00,11.286319732666016,470.8858337402344,661.34466552734375,0.3119828701019287,306.0757751464844
2026-07-17 06:30:00,11.25589370727539,480.7218627929687,675.7655029296875,0.3189723491668701,312.4692077636719
2026-07-17 06:45:00,11.240665435791016,471.0726623535156,662.4991455078125,0.3124814033508301,306.19720458984375
2026-07-17 07:00:00,11.23154067993164,471.1033630371094,662.720947265625,0.3125765919685364,306.2171630859375
2026-07-17 07:15:00,11.222415924072266,470.6989440917969,662.33056640625,0.3123735189437866,305.9543151855469
2026-07-17 07:30:00,11.23764419555664,458.75347900390625,645.2314453125,0.30406659841537476,298.18975830078125
2026-07-17 07:45:00,11.25894546508789,457.9486999511719,643.694580078125,0.3033478260040283,297.6666564941406
2026-07-17 08:00:00,11.289371490478516,457.6885070800781,642.7515869140625,0.30293047428131104,297.4975280761719
2026-07-17 08:15:00,11.31369400024414,457.26715087890625,641.6995849609375,0.30245158076286316,297.2236328125
2026-07-17 08:30:00,11.34408950805664,458.0628967285156,642.240966796875,0.3027563989162445,297.7408752441406
2026-07-17 08:45:00,11.36233901977539,457.4461669921875,641.0318603515625,0.3021925091743469,297.3399963378906
2026-07-17 09:00:00,11.41403579711914,457.6808166503906,640.38641357421875,0.30194804072380066,297.4925231933594
2026-07-17 09:15:00,11.45962905883789,456.730224609375,638.20135498046875,0.3009452819824219,296.8746337890625
2026-07-17 09:30:00,11.50821304321289,458.7806091308594,640.15374755859375,0.3019607961177826,298.2073974609375
2026-07-17 09:45:00,11.526432037353516,458.8785400390625,639.94879150390625,0.3018852174282074,298.2710266113281
2026-07-17 10:00:00,11.593265533447266,460.0090637207031,640.272216796875,0.30213138461112976,299.0058898925781
2026-07-17 10:15:00,11.62967300415039,460.1315612792969,639.76190185546875,0.3019307553768158,299.08551025390625
2026-07-17 10:30:00,11.699466705322266,456.4339599609375,633.33013916015625,0.29888832569122314,296.68206787109375
2026-07-17 10:45:00,11.83292007446289,447.6256103515625,618.70208740234375,0.29193463921546936,290.9566345214844
2026-07-17 11:00:00,11.942020416259766,460.0999145507813,633.9364013671875,0.2994942367076874,299.06494140625
2026-07-17 11:15:00,11.98746109008789,460.5058288574219,633.66259765625,0.29941803216934204,299.3287658691406
2026-07-17 11:30:00,12.12674331665039,462.0833435058594,633.284423828125,0.2994076907634735,300.3541564941406
2026-07-17 11:45:00,12.29007339477539,460.0743713378906,627.5810546875,0.29682520031929016,299.04833984375
2026-07-17 12:00:00,12.48953628540039,462.3050231933594,627.0411376953125,0.29680079221725464,300.4982604980469
2026-07-17 12:15:00,12.583133697509766,463.8382873535156,627.447998046875,0.29711005091667175,301.494873046875
2026-07-17 12:30:00,12.721927642822266,464.4225158691406,625.77099609375,0.2964527904987335,301.8746337890625
2026-07-17 12:45:00,12.863651275634766,470.55865478515625,631.5064697265625,0.29941973090171814,305.8631286621094
2026-07-17 13:00:00,12.948062896728516,471.67626953125,631.50408935546875,0.29951515793800354,306.5895690917969
2026-07-17 13:15:00,13.10770034790039,469.36431884765625,625.60076904296875,0.29680731892585754,305.0867919921875
2026-07-17 13:30:00,13.300296783447266,471.7018737792969,625.3453369140625,0.29689446091651917,306.606201171875
2026-07-17 13:45:00,13.44162368774414,473.5447082519531,625.3280029296875,0.2970390021800995,307.8040466308594
2026-07-17 14:00:00,13.52878189086914,467.9546203613281,616.4561767578125,0.292788565158844,304.1705017089844
2026-07-17 14:15:00,13.576847076416016,477.0295715332031,627.5765380859375,0.2982848584651947,310.0692138671875
2026-07-17 14:30:00,13.57986831665039,472.798583984375,621.9583740234375,0.2955360412597656,307.3190612792969
2026-07-17 14:45:00,13.68198013305664,480.3848876953125,630.160400390625,0.2996625006198883,312.2501525878906
2026-07-17 15:00:00,13.77804946899414,483.4529724121094,632.51116943359375,0.3009161651134491,314.2444152832031
2026-07-17 15:15:00,13.66696548461914,489.41986083984375,642.2779541015625,0.3055892288684845,318.1228942871094
2026-07-17 15:30:00,13.444644927978516,482.36328125,636.9197998046875,0.30272090435028076,313.5361328125
2026-07-17 15:45:00,13.26718521118164,480.06256103515625,637.0164794921875,0.30257275700569153,312.0406494140625
2026-07-17 16:00:00,13.18594741821289,478.7380676269531,636.7003173828125,0.3023272752761841,311.1797180175781
2026-07-17 16:15:00,13.008304595947266,476.7244873046875,637.18359375,0.3023630678653717,309.87091064453125
2026-07-17 16:30:00,12.854618072509766,475.0020751953125,637.632080078125,0.30240556597709656,308.7513427734375
2026-07-17 16:45:00,12.764163970947266,473.0203552246094,636.5950927734375,0.3017929792404175,307.4632263183594
2026-07-17 17:00:00,12.706851959228516,473.164794921875,637.82257080078125,0.3023260235786438,307.5570983886719
2026-07-17 17:15:00,12.66159439086914,471.7616271972656,636.74688720703125,0.3017466068267822,306.6450500488281
2026-07-17 17:30:00,12.610294342041016,472.0224914550781,638.02667236328125,0.3023115396499634,306.8146057128906
2026-07-17 17:45:00,12.537845611572266,471.4846496582031,638.61297607421875,0.302511602640152,306.4649963378906
2026-07-17 18:00:00,12.42306900024414,470.6719970703125,639.60040283203125,0.30285555124282837,305.9367980957031
2026-07-17 18:15:00,12.432132720947266,470.3175964355469,638.95355224609375,0.3025505244731903,305.7064208984375
2026-07-17 18:30:00,12.332401275634766,469.5716857910156,639.760498046875,0.30282315611839294,305.2215881347656
2026-07-17 18:45:00,12.29611587524414,468.76507568359375,639.32525634765625,0.3025659918785095,304.6972961425781
2026-07-17 19:00:00,12.232608795166016,467.9217834472656,639.3380126953125,0.3024938404560089,304.1491394042969
2026-07-17 19:15:00,12.184207916259766,464.10980224609375,635.011474609375,0.3003217577934265,301.6713562011719
2026-07-17 19:30:00,12.11160659790039,466.62298583984375,639.78466796875,0.3025611340999603,303.304931640625
2026-07-17 19:45:00,12.06619644165039,466.160400390625,639.98724365234375,0.3026029169559479,303.0042419433594
2026-07-17 20:00:00,11.97836685180664,464.9962158203125,640.00958251953125,0.30250266194343567,302.2475280761719
2026-07-17 20:15:00,11.95413589477539,464.6664123535156,640.00390625,0.3024689853191376,302.03314208984375
2026-07-17 20:30:00,11.957157135009766,464.6722717285156,639.95599365234375,0.3024495542049408,302.0369567871094
2026-07-17 20:45:00,11.966251373291016,450.5821228027344,620.3875732421875,0.29292166233062744,292.87835693359375
2026-07-17 21:00:00,11.908695220947266,441.7961730957031,609.30462646484375,0.28745511174201965,287.1675109863281
2026-07-17 21:15:00,11.848087310791016,453.7469177246094,626.88690185546875,0.2959398925304413,294.93548583984375
2026-07-17 21:30:00,11.81473159790039,454.4479370117187,628.463623046875,0.29666563868522644,295.3911437988281
2026-07-17 21:45:00,11.79654312133789,453.6365661621094,627.67315673828125,0.2962574362754822,294.86376953125
2026-07-17 22:00:00,11.781375885009766,453.5032348632813,627.7652587890625,0.2962830066680908,294.777099609375
2026-07-17 22:15:00,11.793521881103516,452.53472900390625,626.20355224609375,0.2955377995967865,294.1475524902344
2026-07-17 22:30:00,11.77835464477539,449.8616333007813,622.779052734375,0.29385098814964294,292.4100646972656
2026-07-17 22:45:00,11.78744888305664,453.1459655761719,627.1600341796875,0.2959959805011749,294.54486083984375
2026-07-17 23:00:00,11.75711441040039,452.472900390625,626.78106689453125,0.2957727313041687,294.10736083984375
2026-07-17 23:15:00,11.74802017211914,453.17724609375,627.9228515625,0.2963172197341919,294.565185546875
2026-07-17 23:30:00,11.72983169555664,453.0386962890625,628.06329345703125,0.2963622808456421,294.4751281738281
2026-07-17 23:45:00,11.72677993774414,452.9703674316406,628.0244140625,0.29633939266204834,294.43072509765625
2026-07-18 00:00:00,11.70553970336914,452.67669677734375,628.005615234375,0.29630300402641296,294.2398376464844
2026-07-18 00:15:00,11.672183990478516,452.4437561035156,628.29302978515625,0.2963999807834625,294.08843994140625
2026-07-18 00:30:00,11.672183990478516,452.5226745605469,628.402587890625,0.2964533865451813,294.1397399902344
2026-07-18 00:45:00,11.65091323852539,452.3474731445313,628.5491943359375,0.29649725556373596,294.0258483886719
2026-07-18 01:00:00,11.63272476196289,452.6253967285156,629.26934814453125,0.2968243658542633,294.20648193359375
2026-07-18 01:15:00,11.63272476196289,454.131103515625,631.3626708984375,0.2978435754776001,295.1852111816406
2026-07-18 01:30:00,11.653934478759766,449.680419921875,624.78814697265625,0.2946702539920807,292.2922668457031
2026-07-18 01:45:00,11.62057876586914,449.1193542480469,624.61651611328125,0.2945437431335449,291.9275817871094
2026-07-18 02:00:00,11.58414077758789,449.5836791992187,625.92840576171875,0.2951350510120392,292.2293701171875
2026-07-18 02:15:00,11.581119537353516,450.0246887207031,626.59771728515625,0.2954568862915039,292.5160217285156
2026-07-18 02:30:00,11.578067779541016,448.934326171875,625.13531494140625,0.29474130272865295,291.80731201171875
2026-07-18 02:45:00,11.581119537353516,449.3089294433594,625.60113525390625,0.29497185349464417,292.05078125
2026-07-18 03:00:00,11.55984878540039,449.6710815429687,626.4949951171875,0.29537922143936157,292.28619384765625
2026-07-18 03:15:00,11.517337799072266,449.1176452636719,626.50323486328125,0.2953278422355652,291.92645263671875
2026-07-18 03:30:00,11.48086929321289,449.0130004882813,627.02703857421875,0.2955349385738373,291.8584289550781
2026-07-18 03:45:00,11.462650299072266,448.2071533203125,626.236328125,0.2951263189315796,291.3346252441406
2026-07-18 04:00:00,11.435306549072266,445.2693786621094,622.63116455078125,0.2933371067047119,289.4250793457031
2026-07-18 04:15:00,11.39578628540039,445.3599853515625,623.4814453125,0.29369866847991943,289.4839782714844
2026-07-18 04:30:00,11.374515533447266,445.0593566894531,623.450439453125,0.2936556041240692,289.28857421875
2026-07-18 04:45:00,11.371463775634766,440.87017822265625,617.6375732421875,0.2908261716365814,286.56561279296875
2026-07-18 05:00:00,11.33499526977539,440.2886047363281,617.4853515625,0.2907043993473053,286.1875915527344
2026-07-18 05:15:00,11.31369400024414,440.0357360839844,617.51812744140625,0.29069235920906067,286.0232238769531
2026-07-18 05:30:00,11.29239273071289,439.6814270019531,617.408447265625,0.2906109392642975,285.79290771484375
2026-07-18 05:45:00,11.27414321899414,439.6739196777344,617.7303466796875,0.29074329137802124,285.78802490234375
2026-07-18 06:00:00,11.261966705322266,439.083984375,617.12322998046875,0.29043224453926086,285.4045715332031
2026-07-18 06:15:00,11.25284194946289,439.4035339355469,617.73870849609375,0.2907191514968872,285.6122741699219
2026-07-18 06:30:00,11.23764419555664,438.916015625,617.330322265625,0.290500670671463,285.29541015625
2026-07-18 06:45:00,11.23459243774414,438.7766723632813,617.18994140625,0.29042848944664,285.204833984375
2026-07-18 07:00:00,11.23154067993164,438.4212951660156,616.74566650390625,0.2902086675167084,284.9738464355469
2026-07-18 07:15:00,11.23764419555664,438.7242126464844,617.060546875,0.2903696298599243,285.17071533203125
2026-07-18 07:30:00,11.246768951416016,438.5191345214844,616.60589599609375,0.2901608943939209,285.03741455078125
2026-07-18 07:45:00,11.261966705322266,438.7807922363281,616.6971435546875,0.2902252674102783,285.20751953125
2026-07-18 08:00:00,11.283267974853516,439.0091857910156,616.63043212890625,0.2902209460735321,285.35595703125
2026-07-18 08:15:00,11.31064224243164,439.0658874511719,616.2125244140625,0.2900540232658386,285.392822265625
2026-07-18 08:30:00,11.33499526977539,439.1965637207031,615.95379638671875,0.2899602949619293,285.4777526855469
2026-07-18 08:45:00,11.38058853149414,439.6761474609375,615.79949951171875,0.2899448871612549,285.78948974609375
2026-07-18 09:00:00,11.41403579711914,440.0511779785156,615.71905517578125,0.2899493873119354,286.03326416015625
2026-07-18 09:15:00,11.45352554321289,440.4598693847656,615.57659912109375,0.2899313271045685,286.2989196777344
2026-07-18 09:30:00,11.517337799072266,441.3294982910156,615.6390380859375,0.29004397988319397,286.8641662597656
2026-07-18 09:45:00,11.553775787353516,441.7184753417969,615.52459716796875,0.2900351285934448,287.11700439453125
2026-07-18 10:00:00,11.587162017822266,442.0662841796875,615.40802001953125,0.2900211811065674,287.34307861328125
2026-07-18 10:15:00,11.62967300415039,442.8232727050781,615.6966552734375,0.29021570086479187,287.8351135253906
2026-07-18 10:30:00,11.68429946899414,443.3883666992187,615.5006103515625,0.2901897132396698,288.2024230957031
2026-07-18 10:45:00,11.760135650634766,443.8299255371094,614.7545166015625,0.289922297000885,288.48944091796875
2026-07-18 11:00:00,11.88748550415039,445.6995544433594,615.0657958984375,0.29023250937461853,289.7047119140625
2026-07-18 11:15:00,11.97232437133789,446.5019836425781,614.66192626953125,0.2901405692100525,290.2262878417969
2026-07-18 11:30:00,12.07223892211914,447.4322204589844,614.16851806640625,0.2900223433971405,290.8309326171875
2026-07-18 11:45:00,12.20236587524414,448.7750244140625,613.70965576171875,0.28995585441589355,291.7037658691406
2026-07-18 12:00:00,12.35959243774414,424.63580322265625,578.08856201171875,0.2728029191493988,276.0132751464844
2026-07-18 12:15:00,12.486515045166016,426.2633056640625,578.2061767578125,0.2730015516281128,277.0711364746094
2026-07-18 12:30:00,12.62839126586914,452.447998046875,611.254150390625,0.2892577648162842,294.0911865234375
2026-07-18 12:45:00,12.718936920166016,453.352294921875,610.906494140625,0.289191335439682,294.6789855957031
2026-07-18 13:00:00,12.84860610961914,454.56634521484375,610.302978515625,0.28904280066490173,295.4681091308594
2026-07-18 13:15:00,12.942020416259766,456.59326171875,611.41400146484375,0.2896893322467804,296.7856140136719
2026-07-18 13:30:00,13.06552505493164,457.80523681640625,610.915283203125,0.2895817458629608,297.5733947753906
2026-07-18 13:45:00,13.059513092041016,458.9869689941406,612.59539794921875,0.2903960347175598,298.3415222167969
2026-07-18 14:00:00,13.095645904541016,458.4267272949219,611.2286376953125,0.289767861366272,297.97735595703125
2026-07-18 14:15:00,13.07455825805664,458.1545104980469,611.22662353515625,0.28974372148513794,297.8004150390625
2026-07-18 14:30:00,13.21304702758789,459.5203247070313,610.6793212890625,0.2896267771720886,298.6882019042969
2026-07-18 14:45:00,13.33938980102539,459.5323181152344,608.549560546875,0.288720965385437,298.69598388671875
2026-07-18 15:00:00,13.35745620727539,461.5904235839844,610.96807861328125,0.2899225652217865,300.03375244140625
2026-07-18 15:15:00,13.26419448852539,459.5011596679687,609.783447265625,0.2892439067363739,298.6757507324219
2026-07-18 15:30:00,13.068546295166016,458.9465942382813,612.386474609375,0.2903038263320923,298.3152770996094
2026-07-18 15:45:00,12.81845474243164,455.216796875,611.69635009765625,0.28968915343284607,295.8908996582031
2026-07-18 16:00:00,12.715885162353516,454.1918640136719,612.0906982421875,0.28976574540138245,295.2247009277344
2026-07-18 16:15:00,12.625370025634766,451.0622863769531,609.43426513671875,0.2883665859699249,293.1904602050781
2026-07-18 16:30:00,12.531803131103516,459.2885437011719,622.20062255859375,0.2944875657558441,298.53753662109375
2026-07-18 16:45:00,12.456302642822266,447.3693542480469,607.35821533203125,0.28715983033180237,290.7900695800781
2026-07-18 17:00:00,12.41702651977539,450.05712890625,611.692138671875,0.289226770401001,292.537109375
2026-07-18 17:15:00,12.33542251586914,447.5343627929687,609.68341064453125,0.28815194964408875,290.8973388671875
2026-07-18 17:30:00,12.247745513916016,445.5016784667969,608.44036865234375,0.2874428629875183,289.5760803222656
2026-07-18 17:45:00,12.178165435791016,445.1080627441406,609.118408203125,0.28769034147262573,289.3202209472656
2026-07-18 18:00:00,12.11764907836914,444.6932373046875,609.61090087890625,0.28785768151283264,289.05059814453125
2026-07-18 18:15:00,12.05710220336914,442.555908203125,607.740234375,0.28687402606010437,287.66131591796875
2026-07-18 18:30:00,11.99655532836914,444.2972412109375,611.19866943359375,0.288484126329422,288.7931823730469
2026-07-18 18:45:00,11.948062896728516,443.76275634765625,611.31982421875,0.28848379850387573,288.4457702636719
2026-07-18 19:00:00,11.899600982666016,443.1243591308594,611.29742431640625,0.2884133756160736,288.03082275390625
2026-07-18 19:15:00,11.857181549072266,442.26409912109375,610.861328125,0.2881488800048828,287.4716491699219
2026-07-18 19:30:00,11.802616119384766,441.9367370605469,611.37677001953125,0.2883320748806,287.2588806152344
2026-07-18 19:45:00,11.732852935791016,440.9079895019531,611.19232177734375,0.28815528750419617,286.5901794433594
2026-07-18 20:00:00,11.660037994384766,440.8262634277344,612.3770751953125,0.28863996267318726,286.53704833984375
2026-07-18 20:15:00,11.599308013916016,439.8942260742187,612.1668701171875,0.2884608209133148,285.9312438964844
2026-07-18 20:30:00,11.55679702758789,439.3444213867187,612.16229248046875,0.28840452432632446,285.5738525390625
2026-07-18 20:45:00,11.511234283447266,439.0685424804687,612.59454345703125,0.28855636715888977,285.39453125
2026-07-18 21:00:00,11.48086929321289,438.60943603515625,612.49896240234375,0.28847095370292664,285.09613037109375
2026-07-18 21:15:00,11.462650299072266,438.4186401367187,612.55975341796875,0.2884770333766937,284.97210693359375
2026-07-18 21:30:00,11.429203033447266,438.2281188964844,612.89508056640625,0.28859683871269226,284.8482666015625
2026-07-18 21:45:00,11.404911041259766,437.56390380859375,612.40301513671875,0.28832635283470154,284.4165344238281
2026-07-18 22:00:00,11.38364028930664,437.60015869140625,612.8369140625,0.2885095775127411,284.4400939941406
2026-07-18 22:15:00,11.36539077758789,437.8787841796875,613.556396484375,0.2888353168964386,284.6211853027344
2026-07-18 22:30:00,11.353214263916016,437.6338195800781,613.43292236328125,0.2887594997882843,284.46197509765625
2026-07-18 22:45:00,11.368412017822266,437.5060729980469,612.97967529296875,0.2885591983795166,284.3789367675781
2026-07-18 23:00:00,11.33499526977539,436.9472351074219,612.79925537109375,0.2884279191493988,284.01568603515625
2026-07-18 23:15:00,11.30759048461914,436.55712890625,612.7467041015625,0.2883666157722473,283.7621154785156
2026-07-18 23:30:00,11.286319732666016,436.3650512695313,612.86126708984375,0.2883944511413574,283.63726806640625
2026-07-18 23:45:00,11.286319732666016,436.1230773925781,612.52142333984375,0.28822943568229675,283.47998046875
2026-07-19 00:00:00,11.283267974853516,436.12158203125,612.57452392578125,0.28825119137763977,283.47900390625
2026-07-19 00:15:00,11.261966705322266,435.828369140625,612.54754638671875,0.2882101535797119,283.2884216308594
2026-07-19 00:30:00,11.249820709228516,435.7677917480469,612.68206787109375,0.28825944662094116,283.2490539550781
2026-07-19 00:45:00,11.23459243774414,435.7080383300781,612.87359619140625,0.28833243250846863,283.210205078125
2026-07-19 01:00:00,11.23154067993164,435.5521545410156,612.70953369140625,0.2882487177848816,283.10888671875
2026-07-19 01:15:00,11.219364166259766,435.29058837890625,612.56195068359375,0.2881610691547394,282.9388732910156
2026-07-19 01:30:00,11.219364166259766,435.24945068359375,612.5040283203125,0.28813299536705017,282.9121398925781
2026-07-19 01:45:00,11.21329116821289,428.6959228515625,603.389892578125,0.28370213508605957,278.65234375
2026-07-19 02:00:00,11.201114654541016,436.0137939453125,613.9107666015625,0.2887917459011078,283.4089660644531
2026-07-19 02:15:00,11.19504165649414,436.0387268066406,614.05609130859375,0.2888542413711548,283.4251708984375
2026-07-19 02:30:00,11.18588638305664,435.591552734375,613.592529296875,0.2886170744895935,283.1344909667969
2026-07-19 02:45:00,11.17068862915039,435.3054504394531,613.46533203125,0.2885352075099945,282.94854736328125
2026-07-19 03:00:00,11.158512115478516,435.2868041992187,613.66015625,0.28861358761787415,282.9364013671875
2026-07-19 03:15:00,11.14633560180664,435.1423950195313,613.67779541015625,0.2886059582233429,282.8425598144531
2026-07-19 03:30:00,11.13718032836914,435.1929016113281,613.91552734375,0.2887091040611267,282.8753662109375
2026-07-19 03:45:00,11.13718032836914,435.24798583984375,613.99322509765625,0.28874680399894714,282.91119384765625
2026-07-19 04:00:00,11.134159088134766,435.4869384765625,614.38525390625,0.288933128118515,283.0664978027344
2026-07-19 04:15:00,11.13718032836914,435.5343017578125,614.3970947265625,0.2889428734779358,283.0972900390625
2026-07-19 04:30:00,11.134159088134766,435.8963317871094,614.96282958984375,0.2892134487628937,283.3326110839844
2026-07-19 04:45:00,11.134159088134766,435.7111206054687,614.7015380859375,0.28908661007881165,283.21221923828125
2026-07-19 05:00:00,11.128055572509766,435.592041015625,614.6446533203125,0.2890508770942688,283.13482666015625
2026-07-19 05:15:00,11.115848541259766,435.2901611328125,614.44097900390625,0.28893575072288513,282.9385986328125
2026-07-19 05:30:00,11.100650787353516,435.1437683105469,614.51116943359375,0.28894948959350586,282.84344482421875
2026-07-19 05:45:00,11.094547271728516,435.0946350097656,614.55303955078125,0.28896164894104004,282.8114929199219
2026-07-19 06:00:00,11.08847427368164,434.8783264160156,614.358154296875,0.28885895013809204,282.6708984375
2026-07-19 06:15:00,11.10977554321289,426.6217956542969,602.31341552734375,0.283044695854187,277.3041687011719
2026-07-19 06:30:00,11.097599029541016,435.5690307617187,615.16741943359375,0.28926390409469604,283.119873046875
2026-07-19 06:45:00,11.08237075805664,435.392822265625,615.1964111328125,0.2892575263977051,283.00531005859375
2026-07-19 07:00:00,11.08237075805664,434.9622497558594,614.5880126953125,0.2889622747898102,282.7254638671875
2026-07-19 07:15:00,11.09152603149414,434.7298278808594,614.0927734375,0.28873419761657715,282.5743713378906
2026-07-19 07:30:00,11.100650787353516,434.6734313964844,613.846923828125,0.28862717747688293,282.5377197265625
2026-07-19 07:45:00,11.115848541259766,435.0137023925781,614.05072021484375,0.28874632716178894,282.7589111328125
2026-07-19 08:00:00,11.131107330322266,435.0690002441406,613.85113525390625,0.2886698544025421,282.7948303222656
2026-07-19 08:15:00,11.152408599853516,435.1559448242187,613.5865478515625,0.28856974840164185,282.8513488769531
2026-07-19 08:30:00,11.173709869384766,434.6241760253906,612.450439453125,0.28804656863212585,282.5057067871094
2026-07-19 08:45:00,11.19809341430664,435.4823913574219,613.21728515625,0.2884511649608612,283.06353759765625
2026-07-19 09:00:00,11.23154067993164,435.8927307128906,613.18865966796875,0.28848132491111755,283.33026123046875
2026-07-19 09:15:00,11.27414321899414,436.7259216308594,613.5885009765625,0.28873157501220703,283.871826171875
2026-07-19 09:30:00,11.304569244384766,437.1869812011719,613.68536376953125,0.2888185381889343,284.1715393066406
2026-07-19 09:45:00,11.36233901977539,437.87066650390625,613.60015869140625,0.2888525724411011,284.6159362792969
2026-07-19 10:00:00,11.420108795166016,438.4725646972656,613.4007568359375,0.2888307273387909,285.0071716308594
2026-07-19 10:15:00,11.45962905883789,439.12640380859375,613.60302734375,0.288980096578598,285.4321594238281
2026-07-19 10:30:00,11.517337799072266,439.5442810058594,613.148681640625,0.2888334393501282,285.7037658691406
2026-07-19 10:45:00,11.57199478149414,440.1314697265625,612.98626708984375,0.2888244390487671,286.08544921875
2026-07-19 11:00:00,11.666080474853516,441.193359375,612.77899169921875,0.28884297609329224,286.7756652832031
2026-07-19 11:15:00,11.75711441040039,442.1235656738281,612.44482421875,0.2887948453426361,287.38031005859375
2026-07-19 11:30:00,11.83597183227539,443.26995849609375,612.62750244140625,0.28898197412490845,288.1254577636719
2026-07-19 11:45:00,11.95413589477539,444.541015625,612.28436279296875,0.28896066546440125,288.95166015625
2026-07-19 12:00:00,12.063175201416016,445.6090698242187,611.8258056640625,0.2888703942298889,289.6458740234375
2026-07-19 12:15:00,12.208438873291016,447.3107604980469,611.6005859375,0.2889355719089508,290.7519836425781
2026-07-19 12:30:00,12.356571197509766,448.9783020019531,611.2806396484375,0.28895527124404907,291.83587646484375
2026-07-19 12:45:00,12.456302642822266,450.2682495117187,611.2938232421875,0.28907841444015503,292.6743469238281
2026-07-19 13:00:00,12.52878189086914,451.3600158691406,611.51239013671875,0.2892691195011139,293.3840026855469
2026-07-19 13:15:00,12.60123062133789,451.9934692382813,611.1109619140625,0.28915679454803467,293.7957458496094
2026-07-19 13:30:00,12.72494888305664,453.3576354980469,610.809814453125,0.2891509532928467,294.6824645996094
2026-07-19 13:45:00,12.84256362915039,454.8773193359375,610.82464599609375,0.2892906367778778,295.6702575683594
2026-07-19 14:00:00,12.800357818603516,454.7161865234375,611.3358154296875,0.2894928753376007,295.5655212402344
2026-07-19 14:15:00,12.61935806274414,452.608642578125,611.6279296875,0.2894297242164612,294.19561767578125
2026-07-19 14:30:00,12.48349380493164,451.0079345703125,611.82373046875,0.2893684506416321,293.1551513671875
2026-07-19 14:45:00,12.414005279541016,449.871826171875,611.4930419921875,0.2891261875629425,292.41668701171875
2026-07-19 15:00:00,12.486515045166016,450.3576049804687,610.88897705078125,0.2889161705970764,292.732421875
2026-07-19 15:15:00,12.610294342041016,451.7442321777344,610.6168212890625,0.2889261543750763,293.63372802734375
2026-07-19 15:30:00,12.59518814086914,451.66156005859375,610.7669677734375,0.288982093334198,293.58001708984375
2026-07-19 15:45:00,12.60727310180664,451.9790344238281,610.98663330078125,0.2891031503677368,293.7863464355469
2026-07-19 16:00:00,12.537845611572266,451.2034606933594,611.1427001953125,0.2890993356704712,293.2822265625
2026-07-19 16:15:00,12.537845611572266,451.0078430175781,610.87774658203125,0.28897011280059814,293.15509033203125
2026-07-19 16:30:00,12.46835708618164,450.5309448242187,611.4403076171875,0.2891639173030853,292.8450927734375
2026-07-19 16:45:00,12.392826080322266,449.5041198730469,611.36279296875,0.2890378534793854,292.17767333984375
2026-07-19 17:00:00,12.33542251586914,448.7673645019531,611.36309814453125,0.28897061944007874,291.6987609863281
2026-07-19 17:15:00,12.299137115478516,448.2029724121094,611.22869873046875,0.2888622283935547,291.3319091796875
2026-07-19 17:30:00,12.205387115478516,447.47125244140625,611.8736572265625,0.28906500339508057,290.8562927246094
2026-07-19 17:45:00,12.12369155883789,446.55865478515625,612.0616455078125,0.28905850648880005,290.26312255859375
2026-07-19 18:00:00,12.099491119384766,446.4715270996094,612.3687744140625,0.28917890787124634,290.20648193359375
2026-07-19 18:15:00,12.048038482666016,446.1002197265625,612.76763916015625,0.2893107831478119,289.9651184082031
2026-07-19 18:30:00,11.99350357055664,445.6270751953125,613.08209228515625,0.2893974184989929,289.6575927734375
2026-07-19 18:45:00,11.957157135009766,445.496826171875,613.54718017578125,0.2895793318748474,289.57293701171875
2026-07-19 19:00:00,11.908695220947266,445.01519775390625,613.744140625,0.28961554169654846,289.2598571777344
2026-07-19 19:15:00,11.857181549072266,444.4354248046875,613.86041259765625,0.28960832953453064,288.8830261230469
2026-07-19 19:30:00,11.802616119384766,443.9150085449219,614.113525390625,0.2896636724472046,288.54473876953125
2026-07-19 19:45:00,11.760135650634766,443.4631042480469,614.24639892578125,0.28967517614364624,288.2510070800781
2026-07-19 20:00:00,11.720706939697266,443.0668029785156,614.402099609375,0.2897014021873474,287.993408203125
2026-07-19 20:15:00,11.681278228759766,442.5339660644531,614.36865234375,0.28963544964790344,287.6470642089844
2026-07-19 20:30:00,11.653934478759766,442.13031005859375,614.2979736328125,0.2895664870738983,287.38470458984375
2026-07-19 20:45:00,11.71768569946289,442.7640686035156,614.036376953125,0.2895197570323944,287.796630859375
2026-07-19 21:00:00,11.59628677368164,441.5709228515625,614.55450439453125,0.2896178960800171,287.0210876464844
2026-07-19 21:15:00,11.54770278930664,437.20269775390625,609.34027099609375,0.28702160716056824,284.1817321777344
2026-07-19 21:30:00,11.493045806884766,436.4646911621094,609.286376953125,0.2869257628917694,283.7020263671875
2026-07-19 21:45:00,11.45657730102539,435.25286865234375,608.24493408203125,0.2863731384277344,282.91436767578125
2026-07-19 22:00:00,11.43832778930664,434.7614135742187,607.88372802734375,0.28617435693740845,282.59490966796875
2026-07-19 22:15:00,11.432254791259766,434.3443908691406,607.40899658203125,0.28593599796295166,282.3238525390625
2026-07-19 22:30:00,11.45657730102539,434.945556640625,607.81549072265625,0.2861645817756653,282.714599609375
2026-07-19 22:45:00,11.46872329711914,434.79095458984375,607.3829345703125,0.2859700620174408,282.6141052246094
2026-07-19 23:00:00,11.477848052978516,433.506591796875,605.42669677734375,0.2850315570831299,281.7792663574219
2026-07-19 23:15:00,11.50821304321289,433.9349060058594,605.48565673828125,0.28509876132011414,282.05767822265625
2026-07-19 23:30:00,11.49606704711914,433.944580078125,605.7147216796875,0.28519463539123535,282.06396484375
2026-07-19 23:45:00,11.474796295166016,433.5411987304687,605.52923583984375,0.28507745265960693,281.8017578125
2026-07-20 00:00:00,11.47177505493164,433.2019348144531,605.10894775390625,0.284869521856308,281.58123779296875
2026-07-20 00:15:00,11.489994049072266,433.4222412109375,605.09332275390625,0.28488507866859436,281.7244567871094
2026-07-20 00:30:00,11.477848052978516,432.4651184082031,603.97216796875,0.2843252122402191,281.1023254394531
2026-07-20 00:45:00,11.46872329711914,432.68255615234375,604.4376220703125,0.2845396101474762,281.24365234375
2026-07-20 01:00:00,11.465702056884766,432.7199401855469,604.54339599609375,0.28458717465400696,281.2679443359375
2026-07-20 01:15:00,11.477848052978516,432.65185546875,604.23297119140625,0.28445181250572205,281.22369384765625
2026-07-20 01:30:00,11.47177505493164,432.5169677734375,604.1522216796875,0.2844049036502838,281.1360168457031
2026-07-20 01:45:00,11.48392105102539,432.61712646484375,604.076904296875,0.2843838036060333,281.20111083984375
2026-07-20 02:00:00,11.48086929321289,432.59576416015625,604.10113525390625,0.2843916714191437,281.1872253417969
2026-07-20 02:15:00,11.48392105102539,432.5984191894531,604.05078125,0.2843710482120514,281.18896484375
2026-07-20 02:30:00,11.505191802978516,432.7653503417969,603.9072265625,0.28432828187942505,281.2974548339844
2026-07-20 02:45:00,11.511234283447266,432.852294921875,603.92156982421875,0.28434300422668457,281.3539733886719
2026-07-20 03:00:00,11.517337799072266,432.70257568359375,603.604736328125,0.2841968834400177,281.25665283203125
2026-07-20 03:15:00,11.52341079711914,432.7947998046875,603.6259765625,0.2842148542404175,281.3166198730469
2026-07-20 03:30:00,11.529483795166016,432.6985778808594,603.38446044921875,0.2841052711009979,281.2540588378906
2026-07-20 03:45:00,11.53555679321289,432.7533874511719,603.3536376953125,0.28409790992736816,281.2897033691406
2026-07-20 04:00:00,11.50821304321289,432.5089416503906,603.49591064453125,0.2841324806213379,281.13079833984375
2026-07-20 04:15:00,11.553775787353516,432.300537109375,602.40087890625,0.28365805745124817,280.9953308105469
2026-07-20 04:30:00,12.044986724853516,436.3580627441406,599.4384765625,0.28282007575035095,283.6327209472656
2026-07-20 04:45:00,12.060123443603516,435.6162414550781,598.158203125,0.282215416431427,283.1505432128906
2026-07-20 05:00:00,11.91171646118164,433.773193359375,598.18731689453125,0.28205186128616333,281.95257568359375
2026-07-20 05:15:00,11.799564361572266,433.2591857910156,599.4254150390625,0.28251728415489197,281.61846923828125
2026-07-20 05:30:00,11.67520523071289,431.1559143066406,598.67852783203125,0.2820015549659729,280.2513427734375
2026-07-20 05:45:00,11.623600006103516,430.45465087890625,598.6055908203125,0.2819021940231323,279.7955017089844
2026-07-20 06:00:00,11.614505767822266,430.32135009765625,598.57916259765625,0.2818779945373535,279.7088623046875
2026-07-20 06:15:00,11.660037994384766,430.67919921875,598.28118896484375,0.2817896008491516,279.94146728515625
2026-07-20 06:30:00,12.326358795166016,431.25201416015625,587.654052734375,0.27741628885269165,280.3138122558594
2026-07-20 06:45:00,12.444217681884766,429.78033447265625,583.68011474609375,0.2756166458129883,279.3572082519531
2026-07-20 07:00:00,12.462345123291016,426.9832458496094,579.58172607421875,0.2736434042453766,277.5390930175781
2026-07-20 07:15:00,12.432132720947266,423.88385009765625,575.87060546875,0.27180546522140503,275.5245056152344
2026-07-20 07:30:00,12.274967193603516,422.594970703125,576.7054443359375,0.2720353901386261,274.68670654296875
2026-07-20 07:45:00,12.044986724853516,422.4627685546875,580.35003662109375,0.27354252338409424,274.6007995605469
2026-07-20 08:00:00,11.92990493774414,422.45318603515625,582.26995849609375,0.27434030175209045,274.5945739746094
2026-07-20 08:15:00,11.86020278930664,422.0023498535156,582.824462890625,0.27452707290649414,274.301513671875
2026-07-20 08:30:00,11.826847076416016,421.75836181640625,583.051513671875,0.274597704410553,274.1429138183594
2026-07-20 08:45:00,11.769229888916016,422.3410949707031,584.83538818359375,0.27539458870887756,274.5216979980469
2026-07-20 09:00:00,11.720706939697266,422.6893310546875,586.14459228515625,0.27597156167030334,274.748046875
2026-07-20 09:15:00,11.699466705322266,423.45904541015625,587.575439453125,0.27664023637771606,275.2483825683594
2026-07-20 09:30:00,11.67520523071289,424.4580993652344,589.37835693359375,0.27748578786849976,275.89776611328125
2026-07-20 09:45:00,11.687320709228516,425.2688293457031,590.2955322265625,0.27794578671455383,276.42474365234375
2026-07-20 10:00:00,11.711612701416016,425.6012878417969,590.3389892578125,0.2779965400695801,276.6408386230469
2026-07-20 10:15:00,11.75711441040039,426.4532165527344,590.7376708984375,0.27824538946151733,277.194580078125
2026-07-20 10:30:00,11.790470123291016,427.6064147949219,591.760986328125,0.2787827253341675,277.94415283203125
2026-07-20 10:45:00,11.84201431274414,422.9219970703125,584.40283203125,0.27527186274528503,274.8992919921875
2026-07-20 11:00:00,11.91171646118164,429.4073791503906,592.166748046875,0.27912575006484985,279.1147766113281
2026-07-20 11:15:00,12.02078628540039,428.9183044433594,589.6298828125,0.2780225872993469,278.796875
2026-07-20 11:30:00,12.12369155883789,429.5784606933594,588.78826904296875,0.27773424983024597,279.2259826660156
2026-07-20 11:45:00,12.247745513916016,431.0250244140625,588.66900634765625,0.27782002091407776,280.166259765625
2026-07-20 12:00:00,12.386783599853516,436.6374816894531,593.96563720703125,0.28055667877197266,283.8143615722656
2026-07-20 12:15:00,12.438175201416016,437.7867431640625,594.656005859375,0.2809514105319977,284.5613708496094
2026-07-20 12:30:00,12.42306900024414,437.9226379394531,595.0970458984375,0.28114891052246094,284.64971923828125
2026-07-20 12:45:00,12.36563491821289,437.4778137207031,595.468505859375,0.28126391768455505,284.3605651855469
2026-07-20 13:00:00,12.25680923461914,435.9397277832031,595.22650146484375,0.28102046251296997,283.3608093261719
2026-07-20 13:15:00,12.217472076416016,435.6837768554687,595.54876708984375,0.28113147616386414,283.1944580078125
2026-07-20 13:30:00,12.28403091430664,429.57135009765625,586.07379150390625,0.27659958600997925,279.22137451171875
2026-07-20 13:45:00,12.501590728759766,441.56396484375,598.70367431640625,0.28299492597579956,287.0165710449219
2026-07-20 14:00:00,12.73703384399414,444.5609130859375,598.75323486328125,0.28328418731689453,288.9645690917969
2026-07-20 14:15:00,12.939029693603516,447.37255859375,599.1171875,0.2836841642856598,290.7921447753906
2026-07-20 14:30:00,13.077579498291016,449.1067199707031,599.10516357421875,0.283828467130661,291.9193420410156
2026-07-20 14:45:00,13.21304702758789,450.7076721191406,598.9677734375,0.2839060425758362,292.9599609375
2026-07-20 15:00:00,13.300296783447266,451.7902526855469,598.94805908203125,0.2839885950088501,293.6636657714844
2026-07-20 15:15:00,13.210025787353516,450.7985534667969,599.1390380859375,0.28398650884628296,293.01904296875
2026-07-20 15:30:00,13.113712310791016,449.49176025390625,599.01251220703125,0.2838220000267029,292.1696472167969
2026-07-20 15:45:00,13.086612701416016,450.0180969238281,600.1690673828125,0.284357488155365,292.5117492675781
2026-07-20 16:00:00,13.05649185180664,449.7161865234375,600.2728271484375,0.2843756675720215,292.3155212402344
2026-07-20 16:15:00,13.002262115478516,449.1454162597656,600.42364501953125,0.28439053893089294,291.94451904296875
2026-07-20 16:30:00,12.939029693603516,448.4705200195313,600.58758544921875,0.28440168499946594,291.5058288574219
2026-07-20 16:45:00,12.85159683227539,447.606689453125,600.90826416015625,0.2844621241092682,290.9443359375
2026-07-20 17:00:00,12.80636978149414,438.781494140625,589.81256103515625,0.2790030837059021,285.20794677734375
2026-07-20 17:15:00,12.73099136352539,446.0608825683594,600.8760986328125,0.28431254625320435,289.9395751953125
2026-07-20 17:30:00,12.62839126586914,445.08935546875,601.31268310546875,0.2844102084636688,289.3080749511719
2026-07-20 17:45:00,12.571048736572266,444.10308837890625,600.9578857421875,0.2841723561286926,288.6669921875
2026-07-20 18:00:00,12.513675689697266,443.2730407714844,600.814208984375,0.2840370237827301,288.1274719238281
2026-07-20 18:15:00,12.450260162353516,441.1815490722656,599.06072998046875,0.28311029076576233,286.76800537109375
2026-07-20 18:30:00,12.414005279541016,441.8309020996094,600.56329345703125,0.28380054235458374,287.1900634765625
2026-07-20 18:45:00,12.362613677978516,441.17864990234375,600.5577392578125,0.2837384343147278,286.76611328125
2026-07-20 19:00:00,12.27194595336914,439.9728393554687,600.47265625,0.28359153866767883,285.9823303222656
2026-07-20 19:15:00,12.193302154541016,438.8084411621094,600.23638916015625,0.2833843231201172,285.2254638671875
2026-07-20 19:30:00,12.11160659790039,437.5235290527344,599.88653564453125,0.2831175625324249,284.3902893066406
2026-07-20 19:45:00,12.038944244384766,436.5044250488281,599.74407958984375,0.28296175599098206,283.7278747558594
2026-07-20 20:00:00,11.98746109008789,435.6339111328125,599.4384765625,0.2827514708042145,283.1620178222656
2026-07-20 20:15:00,11.999576568603516,435.0554809570313,598.4329833984375,0.28227698802948,282.7860412597656
2026-07-20 20:30:00,11.93899917602539,434.7238464355469,599.02508544921875,0.28249213099479675,282.57049560546875
2026-07-20 20:45:00,11.893558502197266,433.9103088378906,598.6912841796875,0.2822750210762024,282.04168701171875
2026-07-20 21:00:00,11.81473159790039,433.1769714355469,599.04766845703125,0.2823524475097656,281.5650329589844
2026-07-20 21:15:00,11.77835464477539,432.6383972167969,598.935546875,0.2822535037994385,281.2149353027344
2026-07-20 21:30:00,11.754093170166016,432.41009521484375,599.04205322265625,0.2822754979133606,281.0665588378906
2026-07-20 21:45:00,11.720706939697266,431.9953308105469,599.04925537109375,0.2822379767894745,280.7969665527344
2026-07-20 22:00:00,11.68429946899414,431.5270080566406,599.03497314453125,0.2821860909461975,280.4925537109375
2026-07-20 22:15:00,11.656986236572266,431.23297119140625,599.10382080078125,0.28218570351600647,280.3014221191406
2026-07-20 22:30:00,11.678226470947266,431.2786560058594,598.79620361328125,0.2820625901222229,280.33111572265625
2026-07-20 22:45:00,11.660037994384766,431.3240661621094,599.177001953125,0.2822250723838806,280.3606262207031
2026-07-20 23:00:00,11.62057876586914,431.2277221679687,599.73358154296875,0.28244641423225403,280.2980041503906
2026-07-20 23:15:00,11.599308013916016,431.59759521484375,600.62109375,0.2828509211540222,280.5384216308594
2026-07-20 23:30:00,11.58414077758789,431.6590270996094,600.97296142578125,0.2830028235912323,280.578369140625
2026-07-20 23:45:00,11.578067779541016,432.0240173339844,601.58795166015625,0.2832939326763153,280.81561279296875
2026-07-21 00:00:00,11.56290054321289,432.0719604492187,601.92169189453125,0.28343701362609863,280.8467712402344
2026-07-21 00:15:00,11.553775787353516,432.2793884277344,602.37139892578125,0.2836439311504364,280.9815979003906
2026-07-21 00:30:00,11.54770278930664,432.37213134765625,602.6077880859375,0.28375107049942017,281.0418701171875
2026-07-21 00:45:00,11.53555679321289,432.90228271484375,603.56121826171875,0.2841988503932953,281.386474609375
2026-07-21 01:00:00,11.52341079711914,432.7918395996094,603.62188720703125,0.2842129170894623,281.314697265625
2026-07-21 01:15:00,11.511234283447266,432.8887634277344,603.97247314453125,0.2843678891658783,281.377685546875
2026-07-21 01:30:00,11.502140045166016,432.7568359375,603.9493408203125,0.2843450605869293,281.29193115234375
2026-07-21 01:45:00,11.49911880493164,433.0355224609375,604.3917236328125,0.284556120634079,281.47308349609375
2026-07-21 02:00:00,11.505191802978516,433.11767578125,604.39886474609375,0.284567266702652,281.5264892578125
2026-07-21 02:15:00,11.505191802978516,433.4124145507813,604.8101806640625,0.2847670018672943,281.7180480957031
2026-07-21 02:30:00,11.514286041259766,434.001708984375,605.47113037109375,0.2850995361804962,282.1011047363281
2026-07-21 02:45:00,11.520389556884766,434.0104064941406,605.375,0.2850606441497803,282.10675048828125
2026-07-21 03:00:00,11.514286041259766,434.02923583984375,605.509521484375,0.2851182222366333,282.1189880371094
2026-07-21 03:15:00,11.514286041259766,433.9298706054687,605.37091064453125,0.2850508987903595,282.0544128417969
2026-07-21 03:30:00,11.53250503540039,433.9932861328125,605.13641357421875,0.2849600613117218,282.0956115722656
2026-07-21 03:45:00,11.517337799072266,433.3670043945313,604.5316162109375,0.284647136926651,281.68853759765625
2026-07-21 04:00:00,11.50821304321289,433.6041259765625,605.02410888671875,0.28487473726272583,281.8426818847656
2026-07-21 04:15:00,11.514286041259766,433.89898681640625,605.32781982421875,0.28502988815307617,282.0343322753906
2026-07-21 04:30:00,11.505191802978516,433.7590026855469,605.2938232421875,0.2850019037723541,281.9433288574219
2026-07-21 04:45:00,11.493045806884766,434.7723693847656,606.9239501953125,0.2857782542705536,282.6020202636719
2026-07-21 05:00:00,11.48086929321289,428.42437744140625,598.27593994140625,0.2815636992454529,278.475830078125
2026-07-21 05:15:00,11.49911880493164,434.6533203125,606.64971923828125,0.285652756690979,282.524658203125
2026-07-21 05:30:00,11.474796295166016,419.96533203125,586.5677490234375,0.2758760452270508,272.9774475097656
2026-07-21 05:45:00,11.514286041259766,434.763427734375,606.5338134765625,0.2856157124042511,282.5962219238281
2026-07-21 06:00:00,11.47177505493164,434.1807861328125,606.47625732421875,0.2855336368083954,282.2174987792969
2026-07-21 06:15:00,11.44137954711914,433.9750671386719,606.72991943359375,0.2856179475784302,282.0837707519531
2026-07-21 06:30:00,11.420108795166016,433.7772216796875,606.83221435546875,0.2856403589248657,281.9551696777344
2026-07-21 06:45:00,11.39883804321289,433.3970642089844,606.67950439453125,0.2855389416217804,281.70806884765625
2026-07-21 07:00:00,11.386661529541016,433.1598815917969,606.56463623046875,0.2854675054550171,281.5539245605469
2026-07-21 07:15:00,11.39273452758789,433.0451965332031,606.2957763671875,0.2853447496891022,281.4793701171875
2026-07-21 07:30:00,11.39578628540039,432.92919921875,606.0789794921875,0.2852433919906616,281.4039611816406
2026-07-21 07:45:00,11.39883804321289,432.6222839355469,605.594970703125,0.2850123643875122,281.2044677734375
2026-07-21 08:00:00,11.40793228149414,432.6666259765625,605.49517822265625,0.28497549891471863,281.2333068847656
2026-07-21 08:15:00,11.420108795166016,432.68011474609375,605.29742431640625,0.28489503264427185,281.2420654296875
2026-07-21 08:30:00,11.432254791259766,432.75146484375,605.18133544921875,0.2848542034626007,281.2884521484375
2026-07-21 08:45:00,11.447452545166016,432.8738098144531,605.08233642578125,0.28482556343078613,281.36798095703125
2026-07-21 09:00:00,11.45657730102539,432.77294921875,604.77935791015625,0.28469008207321167,281.3023986816406
2026-07-21 09:15:00,11.47177505493164,432.5967102050781,604.26361083984375,0.2844589352607727,281.1878662109375
2026-07-21 09:30:00,11.502140045166016,432.9786376953125,604.25885009765625,0.2844952344894409,281.43609619140625
2026-07-21 09:45:00,11.526432037353516,433.19927978515625,604.13665771484375,0.2844666540622711,281.57952880859375
2026-07-21 10:00:00,11.55679702758789,433.4429016113281,603.93939208984375,0.2844091057777405,281.7378845214844
2026-07-21 10:15:00,11.602359771728516,434.8728637695313,605.12506103515625,0.2850424647331238,282.6673583984375
2026-07-21 10:30:00,11.62967300415039,434.045654296875,603.4923095703125,0.2842833995819092,282.1296691894531
2026-07-21 10:45:00,11.863224029541016,463.9348449707031,640.68096923828125,0.3026828169822693,301.5576477050781
2026-07-21 11:00:00,11.890506744384766,459.8864440917969,634.588134765625,0.2997467517852783,298.9261779785156
2026-07-21 11:15:00,11.90567398071289,460.3844299316406,634.9962158203125,0.299964964389801,299.2498779296875
2026-07-21 11:30:00,12.03592300415039,461.80413818359375,634.5604248046875,0.2999170124530792,300.17266845703125
2026-07-21 11:45:00,12.120670318603516,463.1539916992187,634.86273193359375,0.30017030239105225,301.0500793457031
2026-07-21 12:00:00,12.18118667602539,467.07708740234375,639.12689208984375,0.30232685804367065,303.60009765625
2026-07-21 12:15:00,12.069217681884766,466.9098815917969,640.9603271484375,0.30308154225349426,303.4914245605469
2026-07-21 12:30:00,12.31424331665039,469.5418090820313,640.05230712890625,0.30294325947761536,305.2021789550781
2026-07-21 12:45:00,12.565006256103516,472.5227661132813,639.5250244140625,0.3029899299144745,307.1398010253906
2026-07-21 13:00:00,12.52878189086914,471.875732421875,639.30755615234375,0.30284014344215393,306.7192077636719
2026-07-21 13:15:00,12.64047622680664,473.3401794433594,639.2601318359375,0.3029504120349884,307.6711120605469
2026-07-21 13:30:00,12.746097564697266,474.1293029785156,638.41351318359375,0.3026611804962158,308.18402099609375
2026-07-21 13:45:00,12.800357818603516,475.537841796875,639.32916259765625,0.30317261815071106,309.0995788574219
2026-07-21 14:00:00,12.923954010009766,476.9335632324219,638.97589111328125,0.3031434118747711,310.0068054199219
2026-07-21 14:15:00,12.875736236572266,476.80572509765625,639.67242431640625,0.30342844128608704,309.9237060546875
2026-07-21 14:30:00,12.98117446899414,476.1369018554687,636.88330078125,0.3021849989891052,309.4889831542969
2026-07-21 14:45:00,13.017337799072266,477.1928405761719,637.64794921875,0.30260053277015686,310.1753234863281
2026-07-21 15:00:00,12.76718521118164,474.1256408691406,638.02813720703125,0.30249735713005066,308.181640625
2026-07-21 15:15:00,12.507633209228516,471.0943603515625,638.6331787109375,0.3024851083755493,306.2113342285156
2026-07-21 15:30:00,12.48349380493164,470.8129577636719,638.69061279296875,0.30248406529426575,306.0284118652344
2026-07-21 15:45:00,12.64047622680664,472.68115234375,638.3701171875,0.3025151789188385,307.24273681640625
2026-07-21 16:00:00,12.637454986572266,472.71441650390625,638.4697265625,0.30256035923957825,307.2643737792969
2026-07-21 16:15:00,12.480472564697266,470.7082214355469,638.603515625,0.30243784189224243,305.9603271484375
2026-07-21 16:30:00,12.31424331665039,468.6871948242187,638.8873291015625,0.3023742735385895,304.64666748046875
2026-07-21 16:45:00,12.30521011352539,468.681396484375,639.044677734375,0.30244001746177673,304.64288330078125
2026-07-21 17:00:00,12.18722915649414,467.2281799316406,639.22265625,0.3023810386657715,303.69830322265625
2026-07-21 17:15:00,12.20236587524414,467.2698059082031,639.001708984375,0.30229198932647705,303.7253723144531
2026-07-21 17:30:00,12.16000747680664,466.7868347167969,639.11871337890625,0.3022964298725128,303.41143798828125
2026-07-21 17:45:00,12.069217681884766,465.40814208984375,638.8988037109375,0.30207541584968567,302.5152893066406
2026-07-21 18:00:00,11.914737701416016,463.5120849609375,639.142333984375,0.3019983470439911,301.2828369140625
2026-07-21 18:15:00,11.83896255493164,462.50384521484375,639.15447998046875,0.30190712213516235,300.62750244140625
2026-07-21 18:30:00,11.808658599853516,462.0825500488281,639.1343994140625,0.30185821652412415,300.3536376953125
2026-07-21 18:45:00,11.77530288696289,461.72271728515625,639.2559814453125,0.3018743693828583,300.1197509765625
2026-07-21 19:00:00,11.66305923461914,460.3042907714844,639.3787841796875,0.30178794264793396,299.1977844238281
2026-07-21 19:15:00,11.60843276977539,459.7868957519531,639.67938232421875,0.30186259746551514,298.8614807128906
2026-07-21 19:30:00,11.54770278930664,458.8866882324219,639.561767578125,0.30172502994537354,298.2763366699219
2026-07-21 19:45:00,11.52341079711914,458.5298767089844,639.51910400390625,0.3016720116138458,298.0444030761719
2026-07-21 20:00:00,11.477848052978516,457.9673767089844,639.588134765625,0.3016449511051178,297.67877197265625
2026-07-21 20:15:00,11.41403579711914,457.0393676757813,639.4888916015625,0.30151113867759705,297.0755920410156
2026-07-21 20:30:00,11.356266021728516,456.59820556640625,639.95794677734375,0.3016616106033325,296.788818359375
2026-07-21 20:45:00,11.31064224243164,455.9047546386719,639.84521484375,0.3015449345111847,296.33807373046875
2026-07-21 21:00:00,11.271121978759766,455.4327087402344,639.9281005859375,0.3015315532684326,296.03125
2026-07-21 21:15:00,11.243717193603516,455.2467346191406,640.1844482421875,0.3016188144683838,295.9103698730469
2026-07-21 21:30:00,11.225467681884766,454.9651794433594,640.13348388671875,0.3015690743923187,295.72735595703125
2026-07-21 21:45:00,11.21634292602539,455.2802734375,640.74957275390625,0.30185627937316895,295.9321594238281
2026-07-21 22:00:00,11.19809341430664,455.20562744140625,640.990234375,0.30194833874702454,295.8836364746094
2026-07-21 22:15:00,11.18893814086914,454.949951171875,640.8037109375,0.30184492468833923,295.71746826171875
2026-07-21 22:30:00,11.19809341430664,454.9450378417969,640.623291015625,0.3017697334289551,295.7142639160156
2026-07-21 22:45:00,11.201114654541016,454.9031066894531,640.50701904296875,0.3017173409461975,295.68701171875
2026-07-21 23:00:00,11.19504165649414,454.9089965820313,640.63037109375,0.3017689883708954,295.6908264160156
2026-07-21 23:15:00,11.16153335571289,454.8961486816406,641.24774169921875,0.30202317237854004,295.6824951171875
2026-07-21 23:30:00,11.13718032836914,454.51611328125,641.17425537109375,0.3019537925720215,295.4354553222656
2026-07-21 23:45:00,11.118900299072266,454.3935852050781,641.34869384765625,0.3020132780075073,295.3558044433594
2026-07-22 00:00:00,11.100650787353516,454.2801818847656,641.53564453125,0.30207887291908264,295.2821044921875
2026-07-22 00:15:00,11.09152603149414,454.2222900390625,641.6275634765625,0.30211085081100464,295.2444763183594
2026-07-22 00:30:00,11.073246002197266,454.078125,641.77191162109375,0.30215558409690857,295.1507568359375
2026-07-22 00:45:00,11.057987213134766,453.4501037597656,641.1746826171875,0.30184394121170044,294.7425537109375
2026-07-22 01:00:00,11.036685943603516,453.1985473632813,641.22454833984375,0.3018384277820587,294.57904052734375
2026-07-22 01:15:00,11.018375396728516,452.9529113769531,641.22589111328125,0.30181339383125305,294.41937255859375
2026-07-22 01:30:00,11.000125885009766,452.8450012207031,641.42108154296875,0.301882803440094,294.3492431640625
2026-07-22 01:45:00,10.98788833618164,452.5341491699219,641.2142333984375,0.3017650842666626,294.1471862792969
2026-07-22 02:00:00,10.984867095947266,452.7115783691406,641.5233154296875,0.30191099643707275,294.26251220703125
2026-07-22 02:15:00,10.972660064697266,452.96484375,642.11541748046875,0.3021816909313202,294.4271240234375
2026-07-22 02:30:00,10.966556549072266,452.8732299804687,642.10223388671875,0.30216673016548157,294.3675842285156
2026-07-22 02:45:00,10.95743179321289,452.9901123046875,642.4425048828125,0.302319198846817,294.4435729980469
2026-07-22 03:00:00,10.939151763916016,452.8168029785156,642.5465087890625,0.3023439645767212,294.3309020996094
2026-07-22 03:15:00,10.926944732666016,452.8518371582031,642.830078125,0.3024645149707794,294.3536682128906
2026-07-22 03:30:00,10.914737701416016,452.21527099609375,642.16009521484375,0.302121639251709,293.9399108886719
2026-07-22 03:45:00,10.905582427978516,451.9275207519531,641.9267578125,0.30199527740478516,293.75286865234375
2026-07-22 04:00:00,10.89340591430664,452.4579162597656,642.9136962890625,0.3024575710296631,294.0976257324219
2026-07-22 04:15:00,10.88119888305664,452.3844909667969,643.0435791015625,0.302503377199173,294.0498962402344
2026-07-22 04:30:00,10.88425064086914,452.5053405761719,643.15673828125,0.3025627136230469,294.1284484863281
2026-07-22 04:45:00,10.88730239868164,452.7396545410156,643.43121337890625,0.3027004301548004,294.28076171875
2026-07-22 05:00:00,10.89035415649414,452.6929626464844,643.30621337890625,0.3026440441608429,294.25042724609375
2026-07-22 05:15:00,10.89340591430664,452.6009216308594,643.11688232421875,0.3025563657283783,294.1905822753906
2026-07-22 05:30:00,10.89340591430664,453.1877136230469,643.95068359375,0.30296164751052856,294.5719909667969
2026-07-22 05:45:00,10.89035415649414,453.03118896484375,643.786865234375,0.30287760496139526,294.47027587890625
2026-07-22 06:00:00,10.89645767211914,452.81640625,643.364501953125,0.302681028842926,294.3306579589844
2026-07-22 06:15:00,10.89950942993164,453.47308349609375,644.23883056640625,0.303110271692276,294.75750732421875
2026-07-22 06:30:00,10.926944732666016,454.7166137695313,645.4771728515625,0.30375123023986816,295.5657958984375
2026-07-22 06:45:00,10.945255279541016,454.9432067871094,645.446533203125,0.303762286901474,295.71307373046875
2026-07-22 07:00:00,10.96048355102539,453.9381408691406,643.728515625,0.30294862389564514,295.0597839355469
2026-07-22 07:15:00,10.981815338134766,453.32708740234375,642.453857421875,0.3023589849472046,294.66259765625
2026-07-22 07:30:00,11.00314712524414,452.1136169433594,640.32763671875,0.3013552725315094,293.87384033203125
2026-07-22 07:45:00,11.01230239868164,456.03656005859375,645.70782470703125,0.303984135389328,296.42376708984375
2026-07-22 08:00:00,11.03360366821289,456.2670593261719,645.625244140625,0.3039740025997162,296.5735778808594
2026-07-22 08:15:00,11.03360366821289,457.32415771484375,647.12109375,0.304701566696167,297.26068115234375
2026-07-22 08:30:00,11.036685943603516,457.0939331054687,646.736083984375,0.30451855063438416,297.1110534667969
2026-07-22 08:45:00,11.07931900024414,457.685791015625,646.75421142578125,0.30458730459213257,297.4957580566406
2026-07-22 09:00:00,11.17068862915039,458.75823974609375,646.51678466796875,0.3045992851257324,298.1928405761719
2026-07-22 09:15:00,11.219364166259766,459.6883850097656,646.89569091796875,0.3048512041568756,298.79742431640625
2026-07-22 09:30:00,11.246768951416016,458.5462036132813,644.76617431640625,0.30385246872901917,298.0550231933594
2026-07-22 09:45:00,11.25894546508789,458.2791442871094,644.1590576171875,0.30357369780540466,297.8814392089844
2026-07-22 10:00:00,11.29849624633789,458.5901794433594,643.8446044921875,0.3034748136997223,298.0836181640625
2026-07-22 10:15:00,11.36233901977539,457.7763366699219,641.4945068359375,0.3024175465106964,297.5545959472656
2026-07-22 10:30:00,11.41098403930664,458.64068603515625,641.7869873046875,0.30262571573257446,298.1164245605469
2026-07-22 10:45:00,11.45962905883789,459.31939697265625,641.81927490234375,0.3027068078517914,298.5575866699219
2026-07-22 11:00:00,11.417057037353516,458.8027038574219,641.899169921875,0.30268850922584534,298.22174072265625
2026-07-22 11:15:00,11.43832778930664,459.19488525390625,642.046630859375,0.3027889132499695,298.4766540527344
2026-07-22 11:30:00,11.593265533447266,461.18792724609375,641.91302490234375,0.3029305934906006,299.77215576171875
2026-07-22 11:45:00,11.78439712524414,463.67864990234375,641.7943115234375,0.30312344431877136,301.39111328125
2026-07-22 12:00:00,11.829898834228516,464.0755920410156,641.49530029296875,0.3030366003513336,301.64910888671875
2026-07-22 12:15:00,11.875370025634766,464.9500122070313,641.8568115234375,0.3032715320587158,302.2174987792969
2026-07-22 12:30:00,11.86020278930664,464.8248596191406,641.96630859375,0.303305447101593,302.1361389160156
2026-07-22 12:45:00,11.70859146118164,462.9871215820313,642.2523193359375,0.3032478094100952,300.9416198730469
2026-07-22 13:00:00,11.74802017211914,463.1142883300781,641.691650390625,0.30302608013153076,301.0242614746094
2026-07-22 13:15:00,11.854129791259766,464.9202270507813,642.21112060546875,0.3034169673919678,302.1981506347656
2026-07-22 13:30:00,12.20236587524414,469.16455078125,641.5927734375,0.3035568594932556,304.9569396972656
2026-07-22 13:45:00,12.543888092041016,473.4429016113281,641.15521240234375,0.30376121401786804,307.7378845214844
2026-07-22 14:00:00,12.35055923461914,471.8431396484375,642.5213623046875,0.30419379472732544,306.6980285644531
2026-07-22 14:15:00,11.999576568603516,467.4972534179687,643.0577392578125,0.3040165901184082,303.8731994628906
2026-07-22 14:30:00,11.781375885009766,464.2991027832031,642.70953369140625,0.3035658001899719,301.7944030761719
2026-07-22 14:45:00,11.769229888916016,463.8908386230469,642.3712158203125,0.30338501930236816,301.5290222167969
2026-07-22 15:00:00,12.01773452758789,466.4080505371094,641.22314453125,0.3031443655490875,303.16522216796875
2026-07-22 15:15:00,11.86929702758789,465.8281555175781,643.18231201171875,0.30391037464141846,302.7882995605469
2026-07-22 15:30:00,11.848087310791016,465.5568542480469,643.2032470703125,0.303893119096756,302.6119384765625
2026-07-22 15:45:00,11.85110855102539,465.1434020996094,642.57568359375,0.3035909831523895,302.34320068359375
2026-07-22 16:00:00,12.07828140258789,468.06988525390625,642.38494873046875,0.30378803610801697,304.24542236328125
2026-07-22 16:15:00,11.93594741821289,466.4239196777344,642.7626953125,0.3037914037704468,303.175537109375
2026-07-22 16:30:00,11.93594741821289,466.4669799804687,642.822021484375,0.30382031202316284,303.2035217285156
2026-07-22 16:45:00,11.77835464477539,464.81634521484375,643.4820556640625,0.3039386570453644,302.130615234375
2026-07-22 17:00:00,11.690372467041016,463.4485168457031,643.23370361328125,0.3037025034427643,301.24151611328125
2026-07-22 17:15:00,11.63272476196289,462.94622802734375,643.6180419921875,0.3038138449192047,300.9150390625
2026-07-22 17:30:00,11.587162017822266,462.39990234375,643.71478271484375,0.3038006126880646,300.5599365234375
2026-07-22 17:45:00,11.541629791259766,461.7960510253906,643.73101806640625,0.30374789237976074,300.16741943359375
2026-07-22 18:00:00,11.489994049072266,460.93023681640625,643.49676513671875,0.30356472730636597,299.6046447753906
2026-07-22 18:15:00,11.44137954711914,460.24114990234375,643.45184326171875,0.3034774661064148,299.15673828125
2026-07-22 18:30:00,11.42313003540039,459.4183044433594,642.645751953125,0.3030603229999542,298.62188720703125
2026-07-22 18:45:00,11.41403579711914,459.3686828613281,642.74810791015625,0.30309778451919556,298.5896301269531
2026-07-22 19:00:00,11.368412017822266,459.0963134765625,643.229248046875,0.30327045917510986,298.41259765625
2026-07-22 19:15:00,11.289371490478516,458.1243896484375,643.36370849609375,0.3032282590866089,297.7808532714844
2026-07-22 19:30:00,11.228519439697266,457.1287231445313,643.11962890625,0.3030259609222412,297.1336669921875
2026-07-22 19:45:00,11.19809341430664,456.7516174316406,643.16717529296875,0.30300724506378174,296.8885498046875
2026-07-22 20:00:00,11.19809341430664,456.6709899902344,643.05364990234375,0.30295202136039734,296.83612060546875
2026-07-22 20:15:00,11.173709869384766,456.6079406738281,643.42889404296875,0.3031008839607239,296.7951354980469
2026-07-22 20:30:00,11.131107330322266,456.1065673828125,643.53363037109375,0.3030928075313568,296.4692687988281
2026-07-22 20:45:00,11.097599029541016,455.6355895996094,643.508056640625,0.303033709526062,296.1631164550781
2026-07-22 21:00:00,11.070194244384766,455.4220275878906,643.7296142578125,0.3031032681465149,296.0242919921875
2026-07-22 21:15:00,11.03360366821289,455.1039123535156,643.9793701171875,0.3031735122203827,295.8175354003906
2026-07-22 21:30:00,11.00314712524414,454.7149658203125,644.01190185546875,0.3031465709209442,295.5647277832031
2026-07-22 21:45:00,10.978763580322266,454.6824035644531,644.43310546875,0.30331695079803467,295.5435485839844
2026-07-22 22:00:00,10.95438003540039,454.51763916015625,644.66748046875,0.30339646339416504,295.43646240234375
2026-07-22 22:15:00,10.933048248291016,454.38665771484375,644.8914794921875,0.30347511172294617,295.351318359375
2026-07-22 22:30:00,10.920841217041016,454.4325866699219,645.19140625,0.30360355973243713,295.38116455078125
2026-07-22 22:45:00,10.905582427978516,454.43548583984375,645.4891357421875,0.3037266731262207,295.383056640625
2026-07-22 23:00:00,10.89340591430664,454.4902038574219,645.80145263671875,0.3038610816001892,295.4186096191406
2026-07-22 23:15:00,10.88425064086914,454.42474365234375,645.88482666015625,0.3038885295391083,295.3760681152344
2026-07-22 23:30:00,10.87509536743164,454.4619140625,646.1142578125,0.30398696660995483,295.4002380371094
2026-07-22 23:45:00,10.86594009399414,454.9015502929687,646.9161376953125,0.3043636083602905,295.6860046386719
2026-07-23 00:00:00,10.85678482055664,454.363525390625,646.32769775390625,0.3040645122528076,295.3362731933594
2026-07-23 00:15:00,10.84762954711914,454.1066589355469,646.1390380859375,0.3039597272872925,295.1693115234375
2026-07-23 00:30:00,10.83847427368164,454.7536315917969,647.23663330078125,0.30448007583618164,295.58984375
2026-07-23 00:45:00,10.835453033447266,454.3481750488281,646.71795654296875,0.30422359704971313,295.3262939453125
2026-07-23 01:00:00,10.823246002197266,454.9339294433594,647.78814697265625,0.30472615361213684,295.70703125
2026-07-23 01:15:00,10.814090728759766,454.9960021972656,648.053955078125,0.30484217405319214,295.74737548828125
2026-07-23 01:30:00,10.804935455322266,454.7931823730469,647.94244384765625,0.30477479100227356,295.6155700683594
2026-07-23 01:45:00,10.795780181884766,455.18450927734375,648.67767333984375,0.3051189184188843,295.86993408203125
2026-07-23 02:00:00,10.78659439086914,455.13275146484375,648.78228759765625,0.305156409740448,295.8362731933594
2026-07-23 02:15:00,10.77438735961914,453.7388916015625,647.03173828125,0.3042881488800049,294.9302673339844
2026-07-23 02:30:00,10.762210845947266,453.402099609375,646.787353515625,0.3041517436504364,294.71136474609375
2026-07-23 02:45:00,10.753055572509766,453.2454833984375,646.74127197265625,0.3041161000728607,294.60955810546875
2026-07-23 03:00:00,10.74386978149414,452.9235534667969,646.45989990234375,0.30396610498428345,294.4002990722656
2026-07-23 03:15:00,10.74081802368164,452.3766174316406,645.73828125,0.3036110997200012,294.0447998046875
2026-07-23 03:30:00,10.72861099243164,453.1808471679687,647.12310791015625,0.30426615476608276,294.5675354003906
2026-07-23 03:45:00,10.719425201416016,453.2254333496094,647.36505126953125,0.3043704330921173,294.5965270996094
2026-07-23 04:00:00,10.710269927978516,453.0538330078125,647.2977294921875,0.3043243885040283,294.4849853515625
2026-07-23 04:15:00,10.707218170166016,458.7817687988281,655.54150390625,0.3083258867263794,298.2081298828125
2026-07-23 04:30:00,10.72861099243164,459.66851806640625,656.38720703125,0.30876848101615906,298.7845153808594
2026-07-23 04:45:00,10.707218170166016,459.4202575683594,656.453857421875,0.3087693154811859,298.6231689453125
2026-07-23 05:00:00,10.691959381103516,459.2569274902344,656.52099609375,0.3087795376777649,298.5169982910156
2026-07-23 05:15:00,10.698062896728516,459.21624755859375,656.3426513671875,0.3087018132209778,298.49053955078125
2026-07-23 05:30:00,10.688907623291016,459.0279541015625,656.25384521484375,0.3086451590061188,298.3681640625
2026-07-23 05:45:00,10.685855865478516,458.6994323730469,655.84423828125,0.30844154953956604,298.1546325683594
2026-07-23 06:00:00,10.676700592041016,458.6805419921875,655.99755859375,0.30850255489349365,298.142333984375
2026-07-23 06:15:00,10.67056655883789,458.4990539550781,655.85888671875,0.30842602252960205,298.0243835449219
2026-07-23 06:30:00,10.66446304321289,458.4837951660156,655.957275390625,0.30846482515335083,298.01446533203125
2026-07-23 06:45:00,10.67361831665039,458.3532104492187,655.59014892578125,0.3083000183105469,297.9295654296875
2026-07-23 07:00:00,10.701114654541016,458.403076171875,655.12042236328125,0.30811214447021484,297.96197509765625
2026-07-23 07:15:00,10.72861099243164,458.2452697753906,654.35491943359375,0.3077804744243622,297.8594055175781
2026-07-23 07:30:00,10.74692153930664,458.3116149902344,654.0904541015625,0.30767878890037537,297.90252685546875
2026-07-23 07:45:00,10.74692153930664,458.5273742675781,654.39837646484375,0.30782845616340637,298.04278564453125
2026-07-23 08:00:00,10.771366119384766,459.4136657714844,655.1832275390625,0.30824580788612366,298.6188659667969
2026-07-23 08:15:00,10.80185317993164,460.04058837890625,655.47882080078125,0.30843403935432434,299.0263671875
2026-07-23 08:30:00,10.82626724243164,460.6865539550781,655.92010498046875,0.30868417024612427,299.4462585449219
2026-07-23 08:45:00,10.85373306274414,461.3173522949219,656.27923583984375,0.30889880657196045,299.85626220703125
2026-07-23 09:00:00,10.88425064086914,461.7872924804687,656.34942626953125,0.3089772164821625,300.1617431640625
2026-07-23 09:15:00,10.920841217041016,462.3523559570313,656.4356689453125,0.3090720474720001,300.5290222167969
2026-07-23 09:30:00,10.96353530883789,462.9462585449219,656.4432373046875,0.309137225151062,300.9150695800781
2026-07-23 09:45:00,11.00619888305664,463.5397338867187,656.4508056640625,0.3092021346092224,301.3008117675781
2026-07-23 10:00:00,11.027530670166016,463.9736633300781,656.64874267578125,0.30932894349098206,301.5828552246094
2026-07-23 10:15:00,11.061038970947266,464.5327453613281,656.785888671875,0.30944356322288513,301.9462585449219
2026-07-23 10:30:00,11.10977554321289,465.3108520507813,656.9354248046875,0.3095855414867401,302.4520568847656
2026-07-23 10:45:00,11.176761627197266,466.2989196777344,657.0255126953125,0.3097240924835205,303.09429931640625
2026-07-23 11:00:00,11.23154067993164,467.1643371582031,657.17974853515625,0.3098761737346649,303.65679931640625
2026-07-23 11:15:00,11.31369400024414,468.26605224609375,657.134765625,0.30996882915496826,304.3729248046875
2026-07-23 11:30:00,11.41098403930664,469.6803283691406,657.23504638671875,0.3101523518562317,305.2922058105469
2026-07-23 11:45:00,11.52341079711914,471.0167541503906,656.93475341796875,0.31015974283218384,306.160888671875
2026-07-23 12:00:00,11.59628677368164,472.5042724609375,657.6058349609375,0.31058597564697266,307.1277770996094
2026-07-23 12:15:00,11.672183990478516,474.5038757324219,658.9271240234375,0.3113330602645874,308.4275207519531
2026-07-23 12:30:00,11.732852935791016,475.7874145507813,659.5426025390625,0.3117149770259857,309.2618103027344
2026-07-23 12:45:00,11.857181549072266,477.8716125488281,660.04290771484375,0.31212449073791504,310.6165466308594
2026-07-23 13:00:00,11.932926177978516,478.9279479980469,660.0517578125,0.31222859025001526,311.30316162109375
2026-07-23 13:15:00,12.029850006103516,480.4988098144531,660.36431884765625,0.3125079274177551,312.32421875
2026-07-23 13:30:00,12.03592300415039,480.33306884765625,660.0208740234375,0.31234797835350037,312.21649169921875
2026-07-23 13:45:00,12.02682876586914,479.9290771484375,659.63885498046875,0.31214943528175354,311.9538879394531
2026-07-23 14:00:00,12.03287124633789,480.5086059570313,660.3201904296875,0.3124902844429016,312.3305969238281
2026-07-23 14:15:00,12.19028091430664,483.2975769042969,661.14947509765625,0.3130987584590912,314.1434020996094
2026-07-23 14:30:00,12.293094635009766,484.6635437011719,661.0655517578125,0.31318870186805725,315.0312805175781
2026-07-23 14:45:00,12.356571197509766,485.9002380371094,661.54962158203125,0.31350576877593994,315.83514404296875
2026-07-23 15:00:00,12.519718170166016,488.3197021484375,661.7568359375,0.31381112337112427,317.4078063964844
2026-07-23 15:15:00,12.525760650634766,481.8817443847656,652.9200439453125,0.30949321389198303,313.2231140136719
2026-07-23 15:30:00,12.31424331665039,478.2916870117187,651.9796142578125,0.30877166986465454,310.88958740234375
2026-07-23 15:45:00,12.28403091430664,478.611083984375,652.97979736328125,0.30922284722328186,311.0971984863281
2026-07-23 16:00:00,12.27194595336914,478.67816162109375,653.2974853515625,0.3093629777431488,311.14080810546875
2026-07-23 16:15:00,12.25680923461914,478.6380004882813,653.52618408203125,0.3094557523727417,311.11468505859375
2026-07-23 16:30:00,12.178165435791016,477.6647033691406,653.6712646484375,0.3094272017478943,310.4820556640625
2026-07-23 16:45:00,12.090396881103516,476.1907653808594,653.30206298828125,0.30913490056991577,309.52398681640625
2026-07-23 17:00:00,12.029850006103516,475.5171813964844,653.51788330078125,0.3091627061367035,309.0861511230469
2026-07-23 17:15:00,11.957157135009766,474.7671203613281,653.85882568359375,0.30923518538475037,308.5986022949219
2026-07-23 17:30:00,11.872318267822266,473.9232177734375,654.30206298828125,0.30934107303619385,308.0500793457031
2026-07-23 17:45:00,11.802616119384766,473.4075622558594,654.91363525390625,0.30954793095588684,307.71490478515625
2026-07-23 18:00:00,11.793521881103516,473.1778259277344,654.768798828125,0.3094652593135834,307.5655822753906
2026-07-23 18:15:00,11.76620864868164,473.0455322265625,655.105712890625,0.3095935583114624,307.4795837402344
2026-07-23 18:30:00,11.69644546508789,472.42974853515625,655.5830078125,0.30973371863365173,307.0793151855469
2026-07-23 18:45:00,11.669132232666016,471.8185729980469,655.25640869140625,0.3095378279685974,306.68206787109375
2026-07-23 19:00:00,11.61752700805664,470.8897705078125,654.9522705078125,0.30932021141052246,306.0783386230469
2026-07-23 19:15:00,11.56894302368164,469.7824401855469,654.34063720703125,0.30895641446113586,305.35858154296875
2026-07-23 19:30:00,11.526432037353516,468.7674255371094,653.73974609375,0.30860593914985657,304.6988220214844
2026-07-23 19:45:00,11.49606704711914,467.9620971679687,653.19757080078125,0.3083003759384155,304.17535400390625
2026-07-23 20:00:00,11.45962905883789,467.5306396484375,653.29302978515625,0.30829742550849915,303.8948974609375
2026-07-23 20:15:00,11.41403579711914,466.845703125,653.2099609375,0.3081946074962616,303.44970703125
2026-07-23 20:30:00,11.38058853149414,466.3430480957031,653.14849853515625,0.30811887979507446,303.1229553222656
2026-07-23 20:45:00,11.34714126586914,465.6513671875,652.82196044921875,0.30791375041007996,302.6733703613281
2026-07-23 21:00:00,11.316715240478516,464.9795227050781,652.46453857421875,0.307697594165802,302.2366638183594
2026-07-23 21:15:00,11.289371490478516,464.4429931640625,652.23724365234375,0.3075491189956665,301.887939453125
2026-07-23 21:30:00,11.268070220947266,464.30767822265625,652.45703125,0.3076266646385193,301.79998779296875
2026-07-23 21:45:00,11.268070220947266,464.1255187988281,652.2010498046875,0.30750200152397156,301.68157958984375
2026-07-23 22:00:00,11.25284194946289,463.93450927734375,652.22576904296875,0.3074928820133209,301.55743408203125
2026-07-23 22:15:00,11.23459243774414,463.6054382324219,652.114501953125,0.3074133098125458,301.3435363769531
2026-07-23 22:30:00,11.219364166259766,463.5364685058594,652.3109130859375,0.30748775601387024,301.2987060546875
2026-07-23 22:45:00,11.204166412353516,463.89752197265625,653.1123046875,0.30785682797431946,301.53338623046875
2026-07-23 23:00:00,11.19198989868164,463.0762023925781,652.1907958984375,0.30739110708236694,300.99951171875
2026-07-23 23:15:00,11.18588638305664,462.978515625,652.17095947265625,0.30737289786338806,300.93603515625
2026-07-23 23:30:00,11.18893814086914,462.91644287109375,652.024658203125,0.3073059618473053,300.89569091796875
2026-07-23 23:45:00,11.19504165649414,462.8233337402344,651.77581787109375,0.30719321966171265,300.83514404296875
2026-07-24 00:00:00,11.23154067993164,463.02142333984375,651.35174560546875,0.3070375919342041,300.96392822265625
2026-07-24 00:15:00,11.243717193603516,463.4751281738281,651.7554931640625,0.3072511553764343,301.2588195800781
2026-07-24 00:30:00,11.25284194946289,463.4063415527344,651.4832763671875,0.30713126063346863,301.214111328125
2026-07-24 00:45:00,11.243717193603516,463.08154296875,651.2020263671875,0.3069816529750824,301.00299072265625
2026-07-24 01:00:00,11.249820709228516,463.0711669921875,651.07012939453125,0.306925892829895,300.9962463378906
2026-07-24 01:15:00,11.25589370727539,463.20257568359375,651.13812255859375,0.3069674074649811,301.0816650390625
2026-07-24 01:30:00,11.25894546508789,462.71282958984375,650.39105224609375,0.30660781264305115,300.7633361816406
2026-07-24 01:45:00,11.25894546508789,462.6956481933594,650.36688232421875,0.3065960109233856,300.7521667480469
2026-07-24 02:00:00,11.25894546508789,462.6697692871094,650.33050537109375,0.3065783381462097,300.7353515625
2026-07-24 02:15:00,11.25894546508789,462.8923950195313,650.6434326171875,0.3067306876182556,300.8800354003906
2026-07-24 02:30:00,11.25589370727539,462.90423583984375,650.71868896484375,0.3067631721496582,300.88775634765625
2026-07-24 02:45:00,11.25589370727539,462.7544860839844,650.5081787109375,0.30666065216064453,300.7904052734375
2026-07-24 03:00:00,11.25284194946289,462.9798889160156,650.88372802734375,0.3068392872810364,300.9369201660156
2026-07-24 03:15:00,11.25284194946289,463.2068786621094,651.20281982421875,0.3069946765899658,301.08447265625
2026-07-24 03:30:00,11.249820709228516,463.298095703125,651.38916015625,0.3070812523365021,301.14373779296875
2026-07-24 03:45:00,11.246768951416016,463.3595581054687,651.53424072265625,0.30714765191078186,301.1837158203125
2026-07-24 04:00:00,11.243717193603516,460.8471984863281,648.05999755859375,0.3054516911506653,299.5506591796875
2026-07-24 04:15:00,11.243717193603516,463.7926635742187,652.2020263671875,0.30746862292289734,301.4652099609375
2026-07-24 04:30:00,11.23764419555664,463.8826293945313,652.445556640625,0.30757877230644226,301.5237121582031
2026-07-24 04:45:00,11.23459243774414,463.9228210449219,652.5609130859375,0.3076307475566864,301.5498352050781
2026-07-24 05:00:00,11.228519439697266,464.0154113769531,652.80828857421875,0.30774277448654175,301.6100158691406
2026-07-24 05:15:00,11.176761627197266,463.6062927246094,653.2315673828125,0.3078765869140625,301.3440856933594
2026-07-24 05:30:00,11.18893814086914,463.6988220214844,653.12664794921875,0.30784252285957336,301.40423583984375
2026-07-24 05:45:00,11.19504165649414,463.80316162109375,653.1556396484375,0.3078652322292328,301.4720458984375
2026-07-24 06:00:00,11.201114654541016,463.6727294921875,652.854736328125,0.3077271580696106,301.38726806640625
2026-07-24 06:15:00,11.204166412353516,463.75439453125,652.9107666015625,0.3077586889266968,301.4403381347656
2026-07-24 06:30:00,11.18893814086914,463.5574951171875,652.92755126953125,0.3077456057071686,301.3123474121094
2026-07-24 06:45:00,11.19809341430664,464.077880859375,653.48358154296875,0.3080291748046875,301.6506042480469
2026-07-24 07:00:00,11.204166412353516,464.3687438964844,653.77569580078125,0.30817994475364685,301.83966064453125
2026-07-24 07:15:00,11.21023941040039,464.3503112792969,653.6324462890625,0.30811867117881775,301.82769775390625
2026-07-24 07:30:00,11.219364166259766,464.7231140136719,653.98077392578125,0.30830103158950806,302.07000732421875
2026-07-24 07:45:00,11.228519439697266,465.1483459472656,654.40216064453125,0.30851906538009644,302.3464050292969
2026-07-24 08:00:00,11.243717193603516,465.3318481445313,654.366455078125,0.3085228502750397,302.4656982421875
2026-07-24 08:15:00,11.25894546508789,465.9114074707031,654.88702392578125,0.3087976276874542,302.8424072265625
2026-07-24 08:30:00,11.268070220947266,466.1984252929687,655.11395263671875,0.3089209198951721,303.0289611816406
2026-07-24 08:45:00,11.280216217041016,466.678466796875,655.55352783203125,0.3091520667076111,303.34100341796875
2026-07-24 09:00:00,11.356266021728516,467.74163818359375,655.5762939453125,0.3092685341835022,304.03204345703125
2026-07-24 09:15:00,11.38364028930664,468.4512634277344,656.0423583984375,0.30953341722488403,304.4933166503906
2026-07-24 09:30:00,11.41098403930664,468.28131103515625,655.27734375,0.30919817090034485,304.3828430175781
2026-07-24 09:45:00,11.444400787353516,468.7395324707031,655.275146484375,0.3092428743839264,304.6806945800781
2026-07-24 10:00:00,11.48086929321289,469.096923828125,655.0733642578125,0.3091943562030792,304.9129943847656
2026-07-24 10:15:00,11.50821304321289,469.3971252441406,654.9674072265625,0.30917999148368835,305.1081237792969
2026-07-24 10:30:00,11.53555679321289,469.7243347167969,654.8992919921875,0.30918383598327637,305.32080078125
2026-07-24 10:45:00,11.56894302368164,470.336181640625,655.1119384765625,0.3093327283859253,305.718505859375
2026-07-24 11:00:00,11.61752700805664,471.48333740234375,655.77789306640625,0.3097230792045593,306.46417236328125
2026-07-24 11:15:00,11.660037994384766,472.0223083496094,655.71331787109375,0.30974867939949036,306.8144836425781
2026-07-24 11:30:00,11.69339370727539,472.6147766113281,655.8980712890625,0.3098834753036499,307.1995849609375
2026-07-24 11:45:00,11.73892593383789,472.5487365722656,654.9373779296875,0.30947527289390564,307.15667724609375
2026-07-24 12:00:00,11.760135650634766,473.3583679199219,655.65472412109375,0.30985358357429504,307.68292236328125
2026-07-24 12:15:00,11.772281646728516,473.0994567871094,655.064697265625,0.3095817267894745,307.5146484375
2026-07-24 12:30:00,11.84201431274414,474.652587890625,655.88525390625,0.3100743889808655,308.524169921875
2026-07-24 12:45:00,11.914737701416016,475.9410095214844,656.28070068359375,0.31036290526390076,309.36163330078125
2026-07-24 13:00:00,12.02078628540039,477.1072692871094,655.87481689453125,0.3103024959564209,310.1197204589844
2026-07-24 13:15:00,12.12674331665039,478.7432556152344,656.1168212890625,0.31055712699890137,311.18310546875
2026-07-24 13:30:00,12.129764556884766,478.19329833984375,655.30609130859375,0.31016477942466736,310.82562255859375
2026-07-24 13:45:00,12.060123443603516,478.0960693359375,656.488525390625,0.31065326929092407,310.7624206542969
2026-07-24 14:00:00,12.063175201416016,477.4810791015625,655.58642578125,0.31021633744239807,310.3627014160156
2026-07-24 14:15:00,12.08737564086914,478.8209838867187,656.9676513671875,0.3109224736690521,311.233642578125
2026-07-24 14:30:00,12.12369155883789,479.2160949707031,656.82257080078125,0.31089818477630615,311.4904479980469
2026-07-24 14:45:00,12.135807037353516,479.0684509277344,656.39129638671875,0.31070294976234436,311.39447021484375
2026-07-24 15:00:00,12.166080474853516,479.6744384765625,656.64959716796875,0.31086787581443787,311.7883605957031
2026-07-24 15:15:00,12.169071197509766,479.1130676269531,655.82470703125,0.310468465089798,311.4234924316406
2026-07-24 15:30:00,12.17514419555664,478.6702270507813,655.1041259765625,0.310124009847641,311.1356506347656
2026-07-24 15:45:00,12.15396499633789,478.12493896484375,654.7564697265625,0.3099270761013031,310.78118896484375
2026-07-24 16:00:00,12.12674331665039,477.3063354492187,654.14752197265625,0.3095947802066803,310.2491149902344
2026-07-24 16:15:00,12.084354400634766,476.1372375488281,653.34228515625,0.3091471493244171,309.48919677734375
2026-07-24 16:30:00,12.044986724853516,475.0115051269531,652.537841796875,0.30870363116264343,308.7574768066406
2026-07-24 16:45:00,12.01169204711914,474.4476013183594,652.38983154296875,0.3085884749889374,308.39093017578125
2026-07-24 17:00:00,11.999576568603516,474.28265380859375,652.3912353515625,0.30857357382774353,308.2837219238281
2026-07-24 17:15:00,11.98440933227539,474.20220947265625,652.5665283203125,0.30863964557647705,308.2314147949219
2026-07-24 17:30:00,11.96323013305664,473.8758239746094,652.5167236328125,0.3085879385471344,308.019287109375
2026-07-24 17:45:00,11.948062896728516,473.95452880859375,652.9114990234375,0.30876103043556213,308.0704345703125
2026-07-24 18:00:00,11.90567398071289,473.3768005371094,652.916259765625,0.3087082505226135,307.6949157714844
2026-07-24 18:15:00,11.86624526977539,472.8532104492187,652.93975830078125,0.3086682856082916,307.3545837402344
2026-07-24 18:30:00,11.845035552978516,472.7207336425781,653.15850830078125,0.3087472915649414,307.2684631347656
2026-07-24 18:45:00,11.829898834228516,472.0747985839844,652.55267333984375,0.3084317147731781,306.8486022949219
2026-07-24 19:00:00,11.81167984008789,472.08795166015625,652.9161376953125,0.30858519673347473,306.8571472167969
2026-07-24 19:15:00,11.793521881103516,471.6104736328125,652.5999755859375,0.3084069490432739,306.5467834472656
2026-07-24 19:30:00,11.769229888916016,471.2834167480469,652.60809326171875,0.3083789050579071,306.3341979980469
2026-07-24 19:45:00,11.72677993774414,470.1131591796875,651.79217529296875,0.30792465806007385,305.57354736328125
2026-07-24 20:00:00,11.70553970336914,469.98248291015625,652.01422119140625,0.30800482630729675,305.4886169433594
2026-07-24 20:15:00,11.68429946899414,470.0218811035156,652.47259521484375,0.3082001507282257,305.51422119140625
2026-07-24 20:30:00,11.666080474853516,468.8392028808594,651.1766357421875,0.3075437843799591,304.7454833984375
2026-07-24 20:45:00,11.65091323852539,469.7770385742187,652.76800537109375,0.3082997798919678,305.3550720214844
2026-07-24 21:00:00,11.602359771728516,466.6237182617187,649.30633544921875,0.3065466582775116,303.305419921875
2026-07-24 21:15:00,11.581119537353516,465.7152099609375,648.444580078125,0.3060981035232544,302.7148742675781
2026-07-24 21:30:00,11.56290054321289,465.1739807128906,648.0362548828125,0.30587464570999146,302.3630676269531
2026-07-24 21:45:00,11.541629791259766,464.7737731933594,647.8818359375,0.3057708740234375,302.1029357910156
2026-07-24 22:00:00,11.52341079711914,464.2750549316406,647.53204345703125,0.3055759370326996,301.7787780761719
2026-07-24 22:15:00,11.511234283447266,469.8409118652344,655.52862548828125,0.30945777893066406,305.3965759277344
2026-07-24 22:30:00,11.514286041259766,464.76953125,648.39495849609375,0.305984228849411,302.1001892089844
2026-07-24 22:45:00,11.52341079711914,464.6236572265625,648.01824951171875,0.30581289529800415,302.00537109375
2026-07-24 23:00:00,11.53555679321289,464.90289306640625,648.1771240234375,0.3059066832065582,302.1868591308594
2026-07-24 23:15:00,11.538578033447266,464.8971557617187,648.11175537109375,0.3058788478374481,302.1831359863281
2026-07-24 23:30:00,11.53250503540039,464.7716674804687,648.05206298828125,0.3058416247367859,302.1015625
2026-07-24 23:45:00,11.529483795166016,464.810302734375,648.1632080078125,0.3058916926383972,302.1266784667969
2026-07-25 00:00:00,11.526432037353516,464.7408752441406,648.1243896484375,0.3058687150478363,302.08154296875
2026-07-25 00:15:00,11.529483795166016,465.3031005859375,648.85040283203125,0.3062267005443573,302.4469909667969
2026-07-25 00:30:00,11.53555679321289,465.34185791015625,648.78912353515625,0.3062049448490143,302.4721984863281
2026-07-25 00:45:00,11.544681549072266,464.3893432617187,647.2882080078125,0.30548563599586487,301.8530578613281
2026-07-25 01:00:00,11.544681549072266,464.3202209472656,647.19183349609375,0.30543866753578186,301.8081359863281
2026-07-25 01:15:00,11.538578033447266,464.1151123046875,647.02154541015625,0.3053475320339203,301.6748046875
2026-07-25 01:30:00,11.541629791259766,464.3259582519531,647.25762939453125,0.3054666817188263,301.8118591308594
2026-07-25 01:45:00,11.541629791259766,466.9624328613281,650.93280029296875,0.30725815892219543,303.52557373046875
2026-07-25 02:00:00,11.505191802978516,466.7399291992187,651.3173828125,0.3073965311050415,303.3809509277344
2026-07-25 02:15:00,11.47177505493164,466.6132507324219,651.77886962890625,0.30757611989974976,303.2986145019531
2026-07-25 02:30:00,11.462650299072266,466.3077392578125,651.5264892578125,0.30744075775146484,303.1000061035156
2026-07-25 02:45:00,11.474796295166016,466.4921569824219,651.552001953125,0.30746960639953613,303.2198791503906
2026-07-25 03:00:00,11.47177505493164,465.85589599609375,650.720947265625,0.30706050992012024,302.80633544921875
2026-07-25 03:15:00,11.43832778930664,465.1936645507813,650.43414306640625,0.3068752884864807,302.3758850097656
2026-07-25 03:30:00,11.420108795166016,463.57122802734375,648.51251220703125,0.30591416358947754,301.3212890625
2026-07-25 03:45:00,11.417057037353516,463.7249755859375,648.78582763671875,0.30604320764541626,301.4212341308594
2026-07-25 04:00:00,11.42313003540039,463.9166870117187,648.938232421875,0.3061257004737854,301.54583740234375
2026-07-25 04:15:00,11.40793228149414,463.9703674316406,649.30322265625,0.3062828481197357,301.5807189941406
2026-07-25 04:30:00,11.401859283447266,463.5546569824219,648.8372802734375,0.30604755878448486,301.3105163574219
2026-07-25 04:45:00,11.417057037353516,463.6077880859375,648.62188720703125,0.30596327781677246,301.3450622558594
2026-07-25 05:00:00,11.420108795166016,463.71832275390625,648.71832275390625,0.30601444840431213,301.4169006347656
2026-07-25 05:15:00,11.435306549072266,463.9694213867187,648.7799072265625,0.3060651421546936,301.5801086425781
2026-07-25 05:30:00,11.43832778930664,464.8517150878906,649.95599365234375,0.3066422641277313,302.1535949707031
2026-07-25 05:45:00,11.42618179321289,464.9054870605469,650.2630615234375,0.30677536129951477,302.1885681152344
2026-07-25 06:00:00,11.429203033447266,465.23388671875,650.6646728515625,0.3069751560688019,302.4020080566406
2026-07-25 06:15:00,11.42618179321289,466.1808166503906,652.046875,0.30764463543891907,303.01751708984375
2026-07-25 06:30:00,11.417057037353516,466.4275207519531,652.56689453125,0.3078855872154236,303.1778869628906
2026-07-25 06:45:00,11.40793228149414,465.8540954589844,651.93939208984375,0.3075673282146454,302.8051452636719
2026-07-25 07:00:00,11.420108795166016,460.2361145019531,643.84686279296875,0.3036414682865143,299.1534729003906
2026-07-25 07:15:00,11.420108795166016,460.3759460449219,644.04248046875,0.30373671650886536,299.2443542480469
2026-07-25 07:30:00,11.41098403930664,459.0997009277344,642.4293212890625,0.30293869972229004,298.414794921875
2026-07-25 07:45:00,11.420108795166016,460.425537109375,644.11187744140625,0.3037704825401306,299.2765808105469
2026-07-25 08:00:00,11.43832778930664,460.6268005371094,644.04876708984375,0.30376431345939636,299.40740966796875
2026-07-25 08:15:00,11.465702056884766,460.6087951660156,643.50634765625,0.30353695154190063,299.39569091796875
2026-07-25 08:30:00,11.49606704711914,460.8461608886719,643.264892578125,0.30346012115478516,299.54998779296875
2026-07-25 08:45:00,11.53555679321289,461.4075012207031,643.30377197265625,0.30353182554244995,299.91485595703125
2026-07-25 09:00:00,11.575016021728516,461.9449462890625,643.30987548828125,0.30358731746673584,300.2641906738281
2026-07-25 09:15:00,11.614505767822266,462.58013916015625,643.4512939453125,0.30370867252349854,300.6770935058594
2026-07-25 09:30:00,11.63272476196289,462.8537902832031,643.489501953125,0.3037513494491577,300.8549499511719
2026-07-25 09:45:00,11.678226470947266,463.2818603515625,643.2301025390625,0.30368494987487793,301.1332092285156
2026-07-25 10:00:00,11.73587417602539,463.8481140136719,642.9356689453125,0.303617000579834,301.5012512207031
2026-07-25 10:15:00,11.793521881103516,464.4961853027344,642.75543212890625,0.30360427498817444,301.9225158691406
2026-07-25 10:30:00,11.817752838134766,464.5943908691406,642.43896484375,0.3034813404083252,301.986328125
2026-07-25 10:45:00,11.82382583618164,465.38519287109375,643.41900634765625,0.3039671778678894,302.5003662109375
2026-07-25 11:00:00,11.872318267822266,466.0223388671875,643.39404296875,0.3040177524089813,302.9145202636719
2026-07-25 11:15:00,11.92081069946289,466.3323364257813,642.9180908203125,0.3038479685783386,303.1159973144531
2026-07-25 11:30:00,11.960208892822266,467.1399536132813,643.29779052734375,0.30408376455307007,303.6409606933594
2026-07-25 11:45:00,12.029850006103516,468.48480224609375,643.85308837890625,0.3044435977935791,304.5151062011719
2026-07-25 12:00:00,12.08133316040039,469.4802856445313,644.26397705078125,0.30470940470695496,305.16217041015625
2026-07-25 12:15:00,12.05105972290039,468.75933837890625,643.83624267578125,0.30446234345436096,304.6935729980469
2026-07-25 12:30:00,12.02377700805664,468.3870544433594,643.83160400390625,0.3044253885746002,304.4515686035156
2026-07-25 12:45:00,11.999576568603516,467.9372253417969,643.66290283203125,0.30431222915649414,304.1591796875
2026-07-25 13:00:00,11.98746109008789,467.5830078125,643.40087890625,0.30416882038116455,303.928955078125
2026-07-25 13:15:00,11.96927261352539,466.5136413574219,642.26690673828125,0.3035922944545746,303.2338562011719
2026-07-25 13:30:00,11.96323013305664,465.88287353515625,641.5106201171875,0.30321547389030457,302.8238525390625
2026-07-25 13:45:00,11.951114654541016,465.9679870605469,641.85272216796875,0.303367018699646,302.8791809082031
2026-07-25 14:00:00,11.957157135009766,466.418701171875,642.3612060546875,0.30362287163734436,303.1721496582031
2026-07-25 14:15:00,11.966251373291016,466.6201171875,642.46966552734375,0.30368733406066895,303.3030700683594
2026-07-25 14:30:00,11.990482330322266,466.8300476074219,642.3087158203125,0.3036397695541382,303.43951416015625
2026-07-25 14:45:00,12.02377700805664,485.7138977050781,667.6485595703125,0.31606143712997437,315.7140197753906
2026-07-25 15:00:00,12.014713287353516,482.8810119628906,663.92828369140625,0.31423062086105347,313.8726501464844
2026-07-25 15:15:00,11.98440933227539,464.3756408691406,639.0438232421875,0.3020389974117279,301.8441467285156
2026-07-25 15:30:00,11.957157135009766,465.3741149902344,640.922607421875,0.3029209077358246,302.4931640625
2026-07-25 15:45:00,11.932926177978516,464.9215698242187,640.7484130859375,0.30280500650405884,302.1990051269531
2026-07-25 16:00:00,11.93899917602539,465.4868469238281,641.41473388671875,0.30313780903816223,302.5664367675781
2026-07-25 16:15:00,11.942020416259766,465.885986328125,641.9085693359375,0.3033826947212219,302.82586669921875
2026-07-25 16:30:00,11.951114654541016,465.955810546875,641.8359375,0.3033588230609894,302.87127685546875
2026-07-25 16:45:00,11.94504165649414,466.4341125488281,642.607666015625,0.3037276268005371,303.1821594238281
2026-07-25 17:00:00,11.923831939697266,465.51947021484375,641.7413330078125,0.30327779054641724,302.587646484375
2026-07-25 17:15:00,11.91171646118164,464.9308166503906,641.15472412109375,0.3029760718345642,302.20501708984375
2026-07-25 17:30:00,11.90262222290039,464.6023254394531,640.87054443359375,0.30282580852508545,301.9914855957031
2026-07-25 17:45:00,11.90567398071289,465.226318359375,641.67449951171875,0.3032219111919403,302.3970947265625
2026-07-25 18:00:00,11.899600982666016,465.7572021484375,642.519775390625,0.3036264479160309,302.7421569824219
2026-07-25 18:15:00,11.890506744384766,464.8744201660156,641.470947265625,0.30310314893722534,302.1683654785156
2026-07-25 18:30:00,11.87839126586914,464.6521911621094,641.38946533203125,0.3030478358268738,302.02392578125
2026-07-25 18:45:00,11.86929702758789,464.2737731933594,641.0361328125,0.30286383628845215,301.7779541015625
2026-07-25 19:00:00,11.854129791259766,464.24993896484375,641.2852783203125,0.3029657006263733,301.762451171875
2026-07-25 19:15:00,11.85110855102539,464.5207824707031,641.715576171875,0.30317172408103943,301.9385070800781
2026-07-25 19:30:00,11.83292007446289,465.0255432128906,642.75201416015625,0.303653746843338,302.2666015625
2026-07-25 19:45:00,11.81473159790039,464.67767333984375,642.61053466796875,0.30356112122535706,302.04046630859375
2026-07-25 20:00:00,11.790470123291016,464.047119140625,642.19097900390625,0.30332502722740173,301.630615234375
2026-07-25 20:15:00,11.760135650634766,460.22808837890625,637.4677734375,0.3009830415248871,299.14825439453125
2026-07-25 20:30:00,11.732852935791016,463.5069885253906,642.51934814453125,0.3034100830554962,301.279541015625
2026-07-25 20:45:00,11.702518463134766,466.74505615234375,647.579833984375,0.3058378994464874,303.38427734375
2026-07-25 21:00:00,11.678226470947266,463.2291870117187,643.156982421875,0.30364930629730225,301.0989685058594
2026-07-25 21:15:00,11.656986236572266,462.8746643066406,643.06304931640625,0.3035755753517151,300.8685302734375
2026-07-25 21:30:00,11.638797760009766,462.6287231445313,643.06256103515625,0.3035513162612915,300.7086486816406
2026-07-25 21:45:00,11.62057876586914,468.6811828613281,651.822265625,0.3077978789806366,304.64276123046875
2026-07-25 22:00:00,11.60538101196289,462.4591064453125,643.4544677734375,0.3036981225013733,300.5984191894531
2026-07-25 22:15:00,11.593265533447266,459.0505676269531,638.9381103515625,0.3014814853668213,298.3828430175781
2026-07-25 22:30:00,11.587162017822266,461.4337158203125,642.3697509765625,0.30314528942108154,299.9319152832031
2026-07-25 22:45:00,11.58414077758789,459.7874145507813,640.13446044921875,0.30205222964286804,298.86181640625
2026-07-25 23:00:00,11.581119537353516,459.1553955078125,639.31097412109375,0.30164697766304016,298.45098876953125
2026-07-25 23:15:00,11.56894302368164,460.6568298339844,641.62994384765625,0.30276066064834595,299.42694091796875
2026-07-25 23:30:00,11.550724029541016,459.5594177246094,640.44268798828125,0.3021581470966339,298.713623046875
2026-07-25 23:45:00,11.53250503540039,458.9920959472656,639.99334716796875,0.3019150495529175,298.3448486328125
2026-07-26 00:00:00,11.52341079711914,458.9737243652344,640.13818359375,0.30197352170944214,298.3329162597656
2026-07-26 00:15:00,11.520389556884766,463.0936279296875,645.94146728515625,0.3047966957092285,301.0108337402344
2026-07-26 00:30:00,11.514286041259766,458.4261169433594,639.54534912109375,0.3016726076602936,297.9769592285156
2026-07-26 00:45:00,11.50821304321289,458.3182678222656,639.5086669921875,0.3016466498374939,297.9068603515625
2026-07-26 01:00:00,11.502140045166016,457.9384765625,639.09246826171875,0.3014358580112457,297.6600036621094
2026-07-26 01:15:00,11.493045806884766,458.01568603515625,639.37066650390625,0.3015592694282532,297.7101745605469
2026-07-26 01:30:00,11.486942291259766,445.96630859375,622.66156005859375,0.29341933131217957,289.8780822753906
2026-07-26 01:45:00,11.477848052978516,457.0513916015625,638.30889892578125,0.3010219633579254,297.0834045410156
2026-07-26 02:00:00,11.474796295166016,456.5488586425781,637.66412353515625,0.3007039725780487,296.7567443847656
2026-07-26 02:15:00,11.474796295166016,456.1766662597656,637.144287109375,0.3004508316516876,296.51483154296875
2026-07-26 02:30:00,11.477848052978516,455.99945068359375,636.83978271484375,0.30030667781829834,296.3996276855469
2026-07-26 02:45:00,11.48392105102539,456.0411682128906,636.78460693359375,0.30028781294822693,296.4267578125
2026-07-26 03:00:00,11.541629791259766,462.4508972167969,644.64385986328125,0.3041929304599762,300.59307861328125
2026-07-26 03:15:00,11.56290054321289,456.9524841308594,636.5828857421875,0.3002941608428955,297.01910400390625
2026-07-26 03:30:00,11.54770278930664,456.6653137207031,636.46575927734375,0.3002171814441681,296.8324279785156
2026-07-26 03:45:00,11.529483795166016,456.3551330566406,636.37274169921875,0.30014780163764954,296.6308288574219
2026-07-26 04:00:00,11.517337799072266,451.64105224609375,630.02325439453125,0.2970407009124756,293.5666809082031
2026-07-26 04:15:00,11.502140045166016,450.7735595703125,629.09320068359375,0.2965681552886963,293.0028076171875
2026-07-26 04:30:00,11.489994049072266,451.3466796875,630.1173095703125,0.2970505952835083,293.3753356933594
2026-07-26 04:45:00,11.48086929321289,450.1903076171875,628.671142578125,0.29633480310440063,292.6236877441406
2026-07-26 05:00:00,11.47177505493164,449.5624084472656,627.96173095703125,0.29597777128219604,292.2155456542969
2026-07-26 05:15:00,11.462650299072266,449.306396484375,627.77215576171875,0.2958735525608063,292.04913330078125
2026-07-26 05:30:00,11.45352554321289,448.5969848632813,626.9488525390625,0.2954609990119934,291.5880432128906
2026-07-26 05:45:00,11.447452545166016,447.73382568359375,625.85406494140625,0.2949204742908478,291.0269775390625
2026-07-26 06:00:00,11.43832778930664,447.8991394042969,626.2529296875,0.2951025068759918,291.1344299316406
2026-07-26 06:15:00,11.42618179321289,447.7542114257813,626.27362060546875,0.29509657621383667,291.04022216796875
2026-07-26 06:30:00,11.420108795166016,448.14202880859375,626.9278564453125,0.2954067587852478,291.29229736328125
2026-07-26 06:45:00,11.42313003540039,448.4949645996094,627.365966796875,0.2956238090991974,291.521728515625
2026-07-26 07:00:00,11.42313003540039,447.6876525878906,626.23663330078125,0.29507458209991455,290.9969787597656
2026-07-26 07:15:00,11.42618179321289,446.7384643554687,624.8529052734375,0.2944055497646332,290.3800048828125
2026-07-26 07:30:00,11.429203033447266,447.0578918457031,625.24420166015625,0.29459986090660095,290.5876159667969
2026-07-26 07:45:00,11.44137954711914,445.7477416992187,623.18896484375,0.293616384267807,289.73602294921875
2026-07-26 08:00:00,11.45352554321289,446.5849609375,624.13690185546875,0.2940932512283325,290.28021240234375
2026-07-26 08:15:00,11.46872329711914,446.4747619628906,623.70465087890625,0.2939029335975647,290.2085876464844
2026-07-26 08:30:00,11.48086929321289,446.566650390625,623.61083984375,0.2938731610774994,290.268310546875
2026-07-26 08:45:00,11.505191802978516,448.0592041015625,625.24920654296875,0.29470181465148926,291.23846435546875
2026-07-26 09:00:00,11.53555679321289,448.3659973144531,625.12103271484375,0.29467904567718506,291.4378967285156
2026-07-26 09:15:00,11.56290054321289,449.1390380859375,625.69793701171875,0.2949952781200409,291.94036865234375
2026-07-26 09:30:00,11.58414077758789,449.5247192382813,625.8463134765625,0.2950950264930725,292.1910705566406
2026-07-26 09:45:00,11.60843276977539,449.9875183105469,626.0460205078125,0.2952236831188202,292.49188232421875
2026-07-26 10:00:00,11.644840240478516,450.6945495605469,626.3634033203125,0.2954252064228058,292.9514465332031
2026-07-26 10:15:00,11.68429946899414,441.6600036621094,613.101318359375,0.289022833108902,287.0789794921875
2026-07-26 10:30:00,11.72372817993164,451.9413757324219,626.65338134765625,0.29566773772239685,293.7618713378906
2026-07-26 10:45:00,11.769229888916016,452.7747192382813,626.97821044921875,0.29588404297828674,294.3035583496094
2026-07-26 11:00:00,11.81473159790039,453.2318420410156,626.7818603515625,0.29584628343582153,294.6006774902344
2026-07-26 11:15:00,11.875370025634766,453.8063659667969,626.47320556640625,0.2957724928855896,294.97412109375
2026-07-26 11:30:00,11.948062896728516,454.79052734375,626.511474609375,0.29588258266448975,295.61383056640625
2026-07-26 11:45:00,11.97232437133789,454.87744140625,626.19171142578125,0.2957570552825928,295.6703186035156
2026-07-26 12:00:00,12.063175201416016,456.12939453125,626.27032470703125,0.2959081530570984,296.4841003417969
2026-07-26 12:15:00,12.169071197509766,457.4801025390625,626.21282958984375,0.29601046442985535,297.362060546875
2026-07-26 12:30:00,12.27194595336914,458.744873046875,626.0926513671875,0.29607710242271423,298.18414306640625
2026-07-26 12:45:00,12.32938003540039,459.1152648925781,625.568359375,0.29589056968688965,298.4248962402344
2026-07-26 13:00:00,12.41702651977539,459.4364318847656,624.44000244140625,0.29544493556022644,298.6336669921875
2026-07-26 13:15:00,12.51669692993164,460.8899230957031,624.63848876953125,0.29565998911857605,299.57843017578125
2026-07-26 13:30:00,12.637454986572266,462.6138000488281,624.827392578125,0.29589372873306274,300.6989440917969
2026-07-26 13:45:00,12.715885162353516,463.3230590820313,624.3963623046875,0.2957742214202881,301.15997314453125
2026-07-26 14:00:00,12.755130767822266,463.3660583496094,623.76153564453125,0.29550933837890625,301.18792724609375
2026-07-26 14:15:00,12.743045806884766,463.1424560546875,623.673583984375,0.29545244574546814,301.0425720214844
2026-07-26 14:30:00,12.616336822509766,461.3416442871094,623.48260498046875,0.29521241784095764,299.8720703125
2026-07-26 14:45:00,12.531803131103516,460.1969909667969,623.43133544921875,0.29508844017982483,299.1280212402344
2026-07-26 15:00:00,12.52273941040039,460.3704223632813,623.8271484375,0.29527097940444946,299.2407531738281
2026-07-26 15:15:00,12.543888092041016,460.3793640136719,623.46405029296875,0.29511862993240356,299.24658203125
2026-07-26 15:30:00,12.47745132446289,459.35003662109375,623.24761962890625,0.2949347198009491,298.5775146484375
2026-07-26 15:45:00,12.438175201416016,458.6580810546875,623.00604248046875,0.29477035999298096,298.12774658203125
2026-07-26 16:00:00,12.465335845947266,460.8841857910156,625.545166015625,0.2960418462753296,299.57470703125
2026-07-26 16:15:00,12.465335845947266,460.0232238769531,624.3765869140625,0.2954714596271515,299.01507568359375
2026-07-26 16:30:00,12.444217681884766,460.0458068847656,624.7833251953125,0.29564493894577026,299.0297546386719
2026-07-26 16:45:00,12.43515396118164,459.9405212402344,624.80181884765625,0.295643150806427,298.9613342285156
2026-07-26 17:00:00,12.462345123291016,459.8076171875,624.13714599609375,0.2953509986400604,298.87493896484375
2026-07-26 17:15:00,12.48349380493164,460.0299072265625,624.06268310546875,0.2953397333621979,299.0194396972656
2026-07-26 17:30:00,12.465335845947266,459.8817138671875,624.18450927734375,0.2953777611255646,298.923095703125
2026-07-26 17:45:00,12.44119644165039,459.6251220703125,624.26580810546875,0.29538875818252563,298.7563171386719
2026-07-26 18:00:00,12.407962799072266,460.088134765625,625.487548828125,0.2959454655647278,299.0572814941406
2026-07-26 18:15:00,12.392826080322266,461.0106201171875,627.0125732421875,0.2966717779636383,299.6568908691406
2026-07-26 18:30:00,12.35055923461914,459.7882385253906,626.10589599609375,0.29617851972579956,298.8623352050781
2026-07-26 18:45:00,12.29007339477539,459.34710693359375,626.58905029296875,0.29634132981300354,298.57562255859375
2026-07-26 19:00:00,12.241703033447266,458.2270812988281,625.928466796875,0.2959604561328888,297.84759521484375
2026-07-26 19:15:00,12.18722915649414,456.7794799804687,624.9276123046875,0.2954060137271881,296.9066467285156
2026-07-26 19:30:00,12.135807037353516,457.2217102050781,626.45819091796875,0.29608941078186035,297.194091796875
2026-07-26 19:45:00,12.093448638916016,455.6503601074219,625.0670166015625,0.2953591048717499,296.1727294921875
2026-07-26 20:00:00,12.048038482666016,454.43072509765625,624.21051025390625,0.2948855757713318,295.3799743652344
2026-07-26 20:15:00,12.01169204711914,454.3447265625,624.747314453125,0.2951022684574127,295.3240661621094
2026-07-26 20:30:00,11.98141860961914,453.58245849609375,624.244873046875,0.29481980204582214,294.8285827636719
2026-07-26 20:45:00,11.951114654541016,453.1877746582031,624.24847412109375,0.2947837710380554,294.5720520019531
2026-07-26 21:00:00,11.92081069946289,453.84228515625,625.698486328125,0.29545241594314575,294.9974670410156
2026-07-26 21:15:00,11.90567398071289,453.2825012207031,625.20074462890625,0.2951909303665161,294.63360595703125
2026-07-26 21:30:00,11.90262222290039,453.46728515625,625.5108642578125,0.2953381836414337,294.75372314453125
2026-07-26 21:45:00,11.893558502197266,453.3999938964844,625.58233642578125,0.29536160826683044,294.7099914550781
2026-07-26 22:00:00,11.88443374633789,453.3231506347656,625.64166259765625,0.29537904262542725,294.6600341796875
2026-07-26 22:15:00,11.872318267822266,450.7546997070313,622.3154296875,0.2937436103820801,292.99053955078125
2026-07-26 22:30:00,11.857181549072266,453.86529541015625,626.88507080078125,0.29595041275024414,295.0124206542969
2026-07-26 22:45:00,11.83896255493164,453.19000244140625,626.28326416015625,0.2956341803073883,294.573486328125
2026-07-26 23:00:00,11.82077407836914,451.5855712890625,624.3956298828125,0.294691801071167,293.5306091308594
2026-07-26 23:15:00,11.805606842041016,451.274658203125,624.24066162109375,0.29459717869758606,293.3285217285156
2026-07-26 23:30:00,11.78744888305664,450.8238525390625,623.94622802734375,0.2944307327270508,293.0354919433594
2026-07-26 23:45:00,11.772281646728516,449.95611572265625,623.0198974609375,0.2939605414867401,292.4714660644531
2026-07-27 00:00:00,11.760135650634766,449.947509765625,623.22802734375,0.2940464913845062,292.46588134765625
2026-07-27 00:15:00,11.74802017211914,449.87347412109375,623.34515380859375,0.29408809542655945,292.4177551269531
2026-07-27 00:30:00,11.73892593383789,449.6066284179687,623.14031982421875,0.2939768433570862,292.2442932128906
2026-07-27 00:45:00,11.72677993774414,449.3320617675781,622.98004150390625,0.293883353471756,292.0658264160156
2026-07-27 01:00:00,11.71768569946289,449.1442565917969,622.88458251953125,0.29382532835006714,291.9437561035156
2026-07-27 01:15:00,11.702518463134766,446.2648620605469,619.16485595703125,0.29199570417404175,290.0721435546875
2026-07-27 01:30:00,11.690372467041016,449.0066528320313,623.189453125,0.29393887519836426,291.85430908203125
2026-07-27 01:45:00,11.67520523071289,448.6079406738281,622.91143798828125,0.29378414154052734,291.59515380859375
2026-07-27 02:00:00,11.66305923461914,448.5133361816406,623.000732421875,0.2938121259212494,291.5336608886719
2026-07-27 02:15:00,11.65091323852539,448.4969482421875,623.19879150390625,0.2938929498195648,291.52301025390625
2026-07-27 02:30:00,11.64181900024414,448.27728271484375,623.05889892578125,0.29381316900253296,291.3802185058594
2026-07-27 02:45:00,11.635746002197266,448.1408996582031,622.979736328125,0.2937668561935425,291.29156494140625
2026-07-27 03:00:00,11.626651763916016,448.0785827636719,623.05853271484375,0.2937934994697571,291.2510681152344
2026-07-27 03:15:00,11.62057876586914,448.3933715820313,623.60687255859375,0.29405248165130615,291.4556884765625
2026-07-27 03:30:00,11.62057876586914,448.24310302734375,623.39788818359375,0.29395079612731934,291.3580017089844
2026-07-27 03:45:00,11.614505767822266,448.1575012207031,623.38934326171875,0.2939388155937195,291.3023681640625
2026-07-27 04:00:00,11.614505767822266,447.7410888671875,622.81011962890625,0.2936570346355438,291.0317077636719
2026-07-27 04:15:00,11.614505767822266,447.8796997070313,623.0029296875,0.2937508523464203,291.1217956542969
2026-07-27 04:30:00,11.61752700805664,447.85443115234375,622.912841796875,0.2937108874320984,291.1053771972656
2026-07-27 04:45:00,11.623600006103516,447.7017822265625,622.59002685546875,0.2935616374015808,291.0061340332031
2026-07-27 05:00:00,11.62967300415039,447.4127502441406,622.07781982421875,0.2933201491832733,290.8182678222656
2026-07-27 05:15:00,11.63272476196289,448.10198974609375,622.9805908203125,0.2937633991241455,291.26629638671875
2026-07-27 05:30:00,11.635746002197266,448.2224426269531,623.09307861328125,0.2938220500946045,291.3445739746094
2026-07-27 05:45:00,11.63272476196289,448.0694580078125,622.93536376953125,0.2937414050102234,291.2451477050781
2026-07-27 06:00:00,11.62967300415039,447.9539184570313,622.83026123046875,0.29368630051612854,291.1700439453125
2026-07-27 06:15:00,11.626651763916016,447.79437255859375,622.663330078125,0.29360121488571167,291.06634521484375
2026-07-27 06:30:00,11.626651763916016,447.7897644042969,622.65692138671875,0.29359808564186096,291.0633239746094
2026-07-27 06:45:00,11.623600006103516,447.6764526367187,622.5548095703125,0.2935444414615631,290.98968505859375
2026-07-27 07:00:00,11.62967300415039,441.1444396972656,613.3624267578125,0.2890808582305908,286.7438659667969
2026-07-27 07:15:00,11.644840240478516,447.5354919433594,621.9730224609375,0.2932886779308319,290.8980712890625
2026-07-27 07:30:00,11.66305923461914,446.86767578125,620.71484375,0.29269978404045105,290.4639892578125
2026-07-27 07:45:00,11.68429946899414,447.9050903320313,621.7706298828125,0.29324063658714294,291.1383056640625
2026-07-27 08:00:00,11.702518463134766,448.0529479980469,621.64569091796875,0.29320305585861206,291.2344055175781
2026-07-27 08:15:00,11.73892593383789,448.63336181640625,621.79144287109375,0.29332029819488525,291.6116638183594
2026-07-27 08:30:00,11.769229888916016,448.79974365234375,621.473876953125,0.293204128742218,291.7198181152344
2026-07-27 08:45:00,11.799564361572266,443.6658020019531,613.82318115234375,0.2895187735557556,288.38275146484375
2026-07-27 09:00:00,11.817752838134766,450.1351318359375,622.44476318359375,0.29373809695243835,292.58782958984375
2026-07-27 09:15:00,11.826847076416016,450.59326171875,622.91375732421875,0.29397791624069214,292.8856201171875
2026-07-27 09:30:00,11.83896255493164,450.2431335449219,622.21087646484375,0.29365089535713196,292.65802001953125
2026-07-27 09:45:00,11.85110855102539,450.4568176269531,622.28680419921875,0.2937031388282776,292.7969055175781
2026-07-27 10:00:00,11.875370025634766,443.99798583984375,612.932861328125,0.28917965292930603,288.59869384765625
2026-07-27 10:15:00,11.896549224853516,450.5545349121094,621.6024169921875,0.2934267520904541,292.8604431152344
2026-07-27 10:30:00,11.926883697509766,451.0328369140625,621.71588134765625,0.29351985454559326,293.17132568359375
2026-07-27 10:45:00,11.96927261352539,451.5213623046875,621.62646484375,0.29352906346321106,293.4888610839844
2026-07-27 11:00:00,12.005619049072266,445.6983947753906,612.9656982421875,0.28935572504997253,289.7039489746094
2026-07-27 11:15:00,12.099491119384766,449.27105712890625,616.20849609375,0.29104939103126526,292.02618408203125
2026-07-27 11:30:00,12.18722915649414,455.0878601074219,622.61328125,0.2942776083946228,295.8070983886719
2026-07-27 11:45:00,12.23563003540039,455.4143676757813,622.19476318359375,0.29413217306137085,296.0193176269531
2026-07-27 12:00:00,12.302188873291016,437.80902099609375,597.00201416015625,0.28193724155426025,284.57586669921875
2026-07-27 12:15:00,12.40188980102539,458.8668212890625,623.93536376953125,0.2951807677745819,298.263427734375
2026-07-27 12:30:00,12.52273941040039,460.0426025390625,623.3829345703125,0.2950543165206909,299.0276794433594
2026-07-27 12:45:00,12.649539947509766,462.0227966308594,623.8153076171875,0.2954137623310089,300.3148193359375
2026-07-27 13:00:00,12.77621841430664,462.2106018066406,621.83538818359375,0.2945927679538727,300.4368896484375
2026-07-27 13:15:00,12.890811920166016,463.3172912597656,621.312744140625,0.2944677472114563,301.1562194824219
2026-07-27 13:30:00,13.017337799072266,475.0930786132813,634.8421630859375,0.3012274503707886,308.81048583984375
2026-07-27 13:45:00,13.131778717041016,466.9136657714844,621.915283203125,0.2950315773487091,303.4938659667969
2026-07-27 14:00:00,13.23410415649414,471.4880676269531,626.21588134765625,0.2972482144832611,306.46722412109375
2026-07-27 14:15:00,13.32736587524414,464.5793762207031,615.43902587890625,0.29207712411880493,301.9765930175781
2026-07-27 14:30:00,13.387516021728516,472.0190734863281,624.25,0.2964530885219574,306.8123779296875
2026-07-27 14:45:00,13.444644927978516,464.9401245117187,613.91400146484375,0.29145607352256775,302.2110595703125
2026-07-27 15:00:00,13.531803131103516,460.3660278320313,606.40869140625,0.2878763973712921,299.2379150390625
2026-07-27 15:15:00,13.59189224243164,469.5761413574219,617.51416015625,0.29337289929389954,305.2244873046875
2026-07-27 15:30:00,13.60391616821289,467.2020568847656,614.188232421875,0.29175740480422974,303.68133544921875
2026-07-27 15:45:00,13.561832427978516,466.1077270507813,613.4622802734375,0.29135826230049133,302.9700012207031
2026-07-27 16:00:00,13.519779205322266,464.8453979492187,612.5128173828125,0.2908496856689453,302.1495056152344
2026-07-27 16:15:00,13.45065689086914,453.7084045410156,598.98358154296875,0.28416287899017334,294.91046142578125
2026-07-27 16:30:00,13.37546157836914,462.5403747558594,611.91925048828125,0.2904070317745209,300.6512451171875
2026-07-27 16:45:00,13.312320709228516,459.5890197753906,609.0831298828125,0.2889533042907715,298.73284912109375
2026-07-27 17:00:00,13.21304702758789,459.9339904785156,611.22906494140625,0.28989577293395996,298.95709228515625
2026-07-27 17:15:00,13.128787994384766,448.91058349609375,597.98565673828125,0.2833369970321655,291.7918701171875
2026-07-27 17:30:00,13.068546295166016,447.7497863769531,597.44622802734375,0.28300920128822327,291.037353515625
2026-07-27 17:45:00,13.008304595947266,459.9100646972656,614.70965576171875,0.2913728356361389,298.9415283203125
2026-07-27 18:00:00,12.93600845336914,458.0194396972656,613.42755126953125,0.29066625237464905,297.7126159667969
2026-07-27 18:15:00,12.84256362915039,445.73089599609375,598.54248046875,0.2832982540130615,289.7250671386719
2026-07-27 18:30:00,12.746097564697266,455.0876159667969,612.77392578125,0.2901337742805481,295.80694580078125
2026-07-27 18:45:00,12.676700592041016,453.5049133300781,611.84344482421875,0.28960081934928894,294.7781677246094
2026-07-27 19:00:00,12.59219741821289,453.4721374511719,613.2674560546875,0.29019874334335327,294.7568664550781
2026-07-27 19:15:00,12.501590728759766,452.2381591796875,613.17645263671875,0.2900495231151581,293.9548034667969
2026-07-27 19:30:00,12.42911148071289,450.5721740722656,612.18096923828125,0.289479523897171,292.87188720703125
2026-07-27 19:45:00,12.38376235961914,449.5597229003906,611.5968017578125,0.28914159536361694,292.21380615234375
2026-07-27 20:00:00,12.317264556884766,437.35113525390625,596.12030029296875,0.28152549266815186,284.2782287597656
2026-07-27 20:15:00,12.259830474853516,440.88092041015625,601.92095947265625,0.284282386302948,286.5726013183594
2026-07-27 20:30:00,12.19028091430664,447.1921997070313,611.7574462890625,0.2889905273914337,290.6749267578125
2026-07-27 20:45:00,12.12369155883789,444.8561096191406,609.72808837890625,0.2879222333431244,289.1564636230469
2026-07-27 21:00:00,12.07223892211914,445.6784057617187,611.7611083984375,0.28885018825531006,289.6909484863281
2026-07-27 21:15:00,12.029850006103516,444.98919677734375,611.56231689453125,0.28870195150375366,289.24298095703125
2026-07-27 21:30:00,11.99655532836914,443.9319763183594,610.69622802734375,0.2882397472858429,288.5557861328125
2026-07-27 21:45:00,11.96323013305664,440.64697265625,606.76129150390625,0.2862841486930847,286.4205322265625
2026-07-27 22:00:00,11.94504165649414,439.27099609375,605.1849365234375,0.2854951024055481,285.526123046875
2026-07-27 22:15:00,11.914737701416016,431.10113525390625,594.450439453125,0.2802391052246094,280.2157287597656
2026-07-27 22:30:00,11.881412506103516,439.7165832519531,606.91607666015625,0.28625959157943726,285.8157653808594
2026-07-27 22:45:00,11.845035552978516,441.07330322265625,609.4312744140625,0.2874382734298706,286.6976318359375
2026-07-27 23:00:00,11.81473159790039,439.0741271972656,607.20294189453125,0.28631702065467834,285.3981628417969
2026-07-27 23:15:00,11.781375885009766,434.14007568359375,600.961669921875,0.2832416892051697,282.1910400390625
2026-07-27 23:30:00,11.754093170166016,434.9566650390625,602.5699462890625,0.2839897572994232,282.7218322753906
2026-07-27 23:45:00,11.732852935791016,438.8604736328125,608.35400390625,0.28677526116371155,285.2593078613281
2026-07-28 00:00:00,11.70859146118164,424.62200927734375,589.03253173828125,0.27735862135887146,276.0043029785156
2026-07-28 00:15:00,11.687320709228516,438.6709899902344,608.8984375,0.28698301315307617,285.1361389160156
2026-07-28 00:30:00,11.666080474853516,438.46490478515625,608.98944091796875,0.2870005667209625,285.0021667480469
2026-07-28 00:45:00,11.647891998291016,434.5486755371094,603.8704833984375,0.2844899296760559,282.4566345214844
2026-07-28 01:00:00,11.63272476196289,437.4698486328125,608.1990966796875,0.28657451272010803,284.3553771972656
2026-07-28 01:15:00,11.614505767822266,437.6748352050781,608.80792236328125,0.28684744238853455,284.4886474609375
2026-07-28 01:30:00,11.602359771728516,434.6918640136719,604.87322998046875,0.2849200963973999,282.5497131347656
2026-07-28 01:45:00,11.590213775634766,436.0651550292969,606.99957275390625,0.28593799471855164,283.4423522949219
2026-07-28 02:00:00,11.578067779541016,430.119140625,598.9354248046875,0.2820056080818176,279.5774230957031
2026-07-28 02:15:00,11.565921783447266,435.6515502929687,606.85479736328125,0.28583696484565735,283.1734924316406
2026-07-28 02:30:00,11.55679702758789,434.5110168457031,605.4276123046875,0.2851320803165436,282.4321594238281
2026-07-28 02:45:00,11.54770278930664,435.7016296386719,607.2481689453125,0.28600504994392395,283.2060546875
2026-07-28 03:00:00,11.541629791259766,435.6849060058594,607.332763671875,0.28603845834732056,283.1951904296875
2026-07-28 03:15:00,11.53250503540039,435.829833984375,607.6971435546875,0.28620392084121704,283.28936767578125
2026-07-28 03:30:00,11.52341079711914,435.41314697265625,607.27783203125,0.2859886586666107,283.0185241699219
2026-07-28 03:45:00,11.511234283447266,428.8692321777344,598.36431884765625,0.28164467215538025,278.7649841308594
2026-07-28 04:00:00,11.505191802978516,425.0595397949219,593.154052734375,0.2791084051132202,276.2886962890625
2026-07-28 04:15:00,11.49606704711914,427.1360168457031,596.21112060546875,0.2805804908275604,277.6383972167969
2026-07-28 04:30:00,11.489994049072266,436.4947204589844,609.38275146484375,0.2869686484336853,283.7215576171875
2026-07-28 04:45:00,11.48086929321289,426.5094604492187,595.60186767578125,0.2802657186985016,277.23114013671875
2026-07-28 05:00:00,11.465702056884766,427.6567077636719,597.46966552734375,0.2811531722545624,277.9768371582031
2026-07-28 05:15:00,11.450504302978516,429.6668395996094,600.5457763671875,0.2826269268989563,279.283447265625
2026-07-28 05:30:00,11.447452545166016,435.5267333984375,608.7906494140625,0.28662651777267456,283.0923767089844
2026-07-28 05:45:00,11.435306549072266,435.5586853027344,609.052490234375,0.2867381274700165,283.1131286621094
2026-07-28 06:00:00,11.429203033447266,435.5174255371094,609.10394287109375,0.2867552638053894,283.0863037109375
2026-07-28 06:15:00,11.420108795166016,435.6638488769531,609.47149658203125,0.28692206740379333,283.1814880371094
2026-07-28 06:30:00,11.40793228149414,425.9495239257813,596.09490966796875,0.28041309118270874,276.8671875
2026-07-28 06:45:00,11.404911041259766,435.2363586425781,609.14544677734375,0.2867441475391388,282.90362548828125
2026-07-28 07:00:00,11.40793228149414,435.071533203125,608.8607177734375,0.2866096794605255,282.7964782714844
2026-07-28 07:15:00,11.40793228149414,434.9269104003906,608.6583251953125,0.2865114212036133,282.7024841308594
2026-07-28 07:30:00,11.40793228149414,434.4460754394531,607.98541259765625,0.2861846089363098,282.38995361328125
2026-07-28 07:45:00,11.41403579711914,434.47900390625,607.9224853515625,0.2861618399620056,282.4113464355469
2026-07-28 08:00:00,11.42313003540039,433.4407043457031,606.30767822265625,0.28538939356803894,281.7364501953125
2026-07-28 08:15:00,11.432254791259766,434.3720703125,607.44769287109375,0.28595468401908875,282.3418273925781
2026-07-28 08:30:00,11.444400787353516,434.4114990234375,607.28619384765625,0.2858918011188507,282.3674621582031
2026-07-28 08:45:00,11.462650299072266,434.2720642089844,606.76617431640625,0.28566256165504456,282.2768249511719
2026-07-28 09:00:00,11.48086929321289,430.9414978027344,601.791015625,0.2832697927951813,280.1119689941406
2026-07-28 09:15:00,11.502140045166016,435.1224060058594,607.25067138671875,0.2859482169151306,282.8295593261719
2026-07-28 09:30:00,11.529483795166016,431.9502258300781,602.34088134765625,0.28359824419021606,280.76763916015625
2026-07-28 09:45:00,11.550724029541016,435.7291870117187,607.23284912109375,0.2860012650489807,283.2239685058594
2026-07-28 10:00:00,11.58414077758789,435.85296630859375,606.81195068359375,0.2858390212059021,283.3044128417969
2026-07-28 10:15:00,11.61752700805664,430.0525817871094,598.15252685546875,0.28167441487312317,279.5341796875
2026-07-28 10:30:00,11.64181900024414,437.4558410644531,608.0181884765625,0.28649792075157166,284.3462829589844
2026-07-28 10:45:00,11.68429946899414,438.95806884765625,609.3505859375,0.287198930978775,285.3227233886719
2026-07-28 11:00:00,11.73892593383789,438.0666809082031,607.1463623046875,0.28619545698165894,284.74334716796875
2026-07-28 11:15:00,11.79654312133789,438.3480224609375,606.5191650390625,0.28596192598342896,284.92620849609375
2026-07-28 11:30:00,11.872318267822266,439.1996154785156,606.36236572265625,0.28597894310951233,285.479736328125
2026-07-28 11:45:00,11.95413589477539,442.24017333984375,609.11529541015625,0.28741833567619324,287.45611572265625
2026-07-28 12:00:00,12.029850006103516,443.2493591308594,609.17120361328125,0.28753766417503357,288.112060546875
2026-07-28 12:15:00,12.10556411743164,443.6692504882813,608.4188232421875,0.2872627079486847,288.385009765625
2026-07-28 12:30:00,12.14487075805664,444.4044799804687,608.73797607421875,0.28746527433395386,288.8629150390625
2026-07-28 12:45:00,12.193302154541016,444.4472351074219,607.9495849609375,0.2871391177177429,288.89068603515625
2026-07-28 13:00:00,12.287052154541016,446.5386047363281,609.1697998046875,0.2878446877002716,290.2500915527344
2026-07-28 13:15:00,12.37771987915039,446.7925720214844,607.93719482421875,0.287350594997406,290.4151611328125
2026-07-28 13:30:00,12.474430084228516,447.9325866699219,607.8087158203125,0.2874004542827606,291.1561584472656
2026-07-28 13:45:00,12.56802749633789,448.9483642578125,607.566650390625,0.28739017248153687,291.8164367675781
2026-07-28 14:00:00,12.66763687133789,449.9204406738281,607.16339111328125,0.2873070240020752,292.4482727050781
2026-07-28 14:15:00,12.758121490478516,451.1127014160156,607.21527099609375,0.287434458732605,293.2232360839844
2026-07-28 14:30:00,12.82748794555664,451.8319396972656,606.9931640625,0.28740376234054565,293.69073486328125
2026-07-28 14:45:00,12.84860610961914,452.0656127929687,606.94549560546875,0.28740403056144714,293.8426513671875
2026-07-28 15:00:00,13.02939224243164,465.5169372558594,621.835693359375,0.29487892985343933,302.58599853515625
2026-07-28 15:15:00,13.11069107055664,449.2532653808594,598.74530029296875,0.2836882770061493,292.0146179199219
2026-07-28 15:30:00,13.08963394165039,449.4996032714844,599.4268798828125,0.28399837017059326,292.17474365234375
2026-07-28 15:45:00,13.008304595947266,447.8684997558594,598.6151123046875,0.2835144102573395,291.114501953125
2026-07-28 16:00:00,12.82748794555664,444.352783203125,596.9456787109375,0.2825029194355011,288.82928466796875
2026-07-28 16:15:00,12.62839126586914,441.7883605957031,596.85302734375,0.28223657608032227,287.16241455078125
2026-07-28 16:30:00,12.53482437133789,439.3951110839844,595.19976806640625,0.28132587671279907,285.6068115234375
2026-07-28 16:45:00,12.47745132446289,439.3142395019531,596.06298828125,0.28168126940727234,285.55426025390625
2026-07-28 17:00:00,12.39584732055664,448.94384765625,610.548095703125,0.2886444628238678,291.8134765625
2026-07-28 17:15:00,12.317264556884766,434.8683776855469,592.73626708984375,0.27987855672836304,282.6644287109375
2026-07-28 17:30:00,12.26590347290039,434.5826721191406,593.21893310546875,0.28005415201187134,282.4787292480469
2026-07-28 17:45:00,12.247745513916016,435.04736328125,594.1624755859375,0.2804921567440033,282.78076171875
2026-07-28 18:00:00,12.217472076416016,433.76116943359375,592.92071533203125,0.27985289692878723,281.94476318359375
2026-07-28 18:15:00,12.172122955322266,430.8453369140625,589.70257568359375,0.2782351076602936,280.0494689941406
2026-07-28 18:30:00,12.14487075805664,433.7272338867187,594.11248779296875,0.2803478538990021,281.9226989746094
2026-07-28 18:45:00,12.10855484008789,432.4057922363281,592.9217529296875,0.27972614765167236,281.0637512207031
2026-07-28 19:00:00,12.06619644165039,427.4840698242187,586.88885498046875,0.27674391865730286,277.8646240234375
2026-07-28 19:15:00,12.02377700805664,436.7433471679687,600.33502197265625,0.2832309305667877,283.8831787109375
2026-07-28 19:30:00,11.98141860961914,431.3597106933594,593.66070556640625,0.2799350321292877,280.3837890625
2026-07-28 19:45:00,11.942020416259766,440.6621398925781,607.15460205078125,0.28644970059394836,286.4303894042969
2026-07-28 20:00:00,11.908695220947266,437.0751647949219,602.79364013671875,0.28428784012794495,284.0988464355469
2026-07-28 20:15:00,11.863224029541016,441.313232421875,609.441162109375,0.2874656617641449,286.85357666015625
2026-07-28 20:30:00,11.826847076416016,441.0326232910156,609.69683837890625,0.2875450849533081,286.67120361328125
2026-07-28 20:45:00,11.790470123291016,440.2022705078125,609.1922607421875,0.28725457191467285,286.1314697265625
2026-07-28 21:00:00,11.75711441040039,439.7720642089844,609.18743896484375,0.2872107923030853,285.8518371582031
2026-07-28 21:15:00,11.72677993774414,439.3755798339844,609.17578125,0.28716734051704407,285.5941162109375
2026-07-28 21:30:00,11.702518463134766,389.56109619140625,540.49188232421875,0.2538388967514038,253.21470642089844
2026-07-28 21:45:00,11.681278228759766,444.3447570800781,616.882568359375,0.29085829854011536,288.8240966796875
2026-07-28 22:00:00,11.67520523071289,437.9661560058594,608.13482666015625,0.2865966558456421,284.677978515625
2026-07-28 22:15:00,11.647891998291016,437.2726745605469,607.65594482421875,0.28632959723472595,284.22723388671875
2026-07-28 22:30:00,11.62057876586914,443.5888366699219,616.9249267578125,0.29080167412757874,288.3327331542969
2026-07-28 22:45:00,11.59628677368164,437.4430236816406,608.80950927734375,0.2868252396583557,284.33795166015625
2026-07-28 23:00:00,11.587162017822266,434.409423828125,604.748779296875,0.28484055399894714,282.3661193847656
2026-07-28 23:15:00,11.57199478149414,432.8847961425781,602.89361572265625,0.2839203476905823,281.3751220703125
2026-07-28 23:30:00,11.55984878540039,437.0994567871094,608.9798583984375,0.2868618667125702,284.1146240234375
2026-07-28 23:45:00,11.550724029541016,438.6116027832031,611.24981689453125,0.28795337677001953,285.0975341796875
2026-07-29 00:00:00,11.538578033447266,438.70751953125,611.60089111328125,0.28810855746269226,285.1598815917969
2026-07-29 00:15:00,11.529483795166016,438.9544982910156,612.108154296875,0.28834348917007446,285.3204040527344
2026-07-29 00:30:00,11.520389556884766,437.3987731933594,610.10125732421875,0.28735655546188354,284.3092041015625
2026-07-29 00:45:00,11.514286041259766,438.6588439941406,611.96826171875,0.2882560193538666,285.12823486328125
2026-07-29 01:00:00,11.505191802978516,438.56842041015625,612.00518798828125,0.28826233744621277,285.0694580078125
2026-07-29 01:15:00,11.489994049072266,438.2453002929687,611.82672119140625,0.288156121969223,284.85943603515625
2026-07-29 01:30:00,11.474796295166016,438.78717041015625,612.8563232421875,0.2886368930339813,285.2116394042969
2026-07-29 01:45:00,11.462650299072266,439.7837829589844,614.4671630859375,0.28940409421920776,285.85943603515625
2026-07-29 02:00:00,11.447452545166016,439.2964172363281,614.06005859375,0.28918665647506714,285.54266357421875
2026-07-29 02:15:00,11.435306549072266,438.6397705078125,613.36083984375,0.2888311743736267,285.1158447265625
2026-07-29 02:30:00,11.42618179321289,438.4573974609375,613.2701416015625,0.2887752950191498,284.9972839355469
2026-07-29 02:45:00,11.420108795166016,437.9495849609375,612.66912841796875,0.28847548365592957,284.6672058105469
2026-07-29 03:00:00,11.40793228149414,439.8924560546875,615.60736083984375,0.28988730907440186,285.9300842285156
2026-07-29 03:15:00,11.39883804321289,448.4440612792969,627.74267578125,0.29577499628067017,291.4886169433594
2026-07-29 03:30:00,11.389713287353516,438.5589904785156,614.070068359375,0.2891165614128113,285.0633239746094
2026-07-29 03:45:00,11.38058853149414,439.6596374511719,615.7763671875,0.28993380069732666,285.77874755859375
2026-07-29 04:00:00,11.371463775634766,438.75384521484375,614.6727294921875,0.28938567638397217,285.19000244140625
2026-07-29 04:15:00,11.36539077758789,439.5803833007813,615.940673828125,0.2899937629699707,285.72723388671875
2026-07-29 04:30:00,11.356266021728516,439.369140625,615.81005859375,0.2899184226989746,285.5899353027344
2026-07-29 04:45:00,11.34714126586914,440.2049560546875,617.14727783203125,0.2905561327934265,286.1332092285156
2026-07-29 05:00:00,11.34408950805664,439.0093994140625,615.52642822265625,0.2897646725177765,285.3561096191406
2026-07-29 05:15:00,11.341068267822266,429.8458557128906,602.7320556640625,0.28354835510253906,279.3998107910156
2026-07-29 05:30:00,11.33499526977539,438.6493835449219,615.1864013671875,0.2895875871181488,285.1221008300781
2026-07-29 05:45:00,11.338016510009766,439.68218994140625,616.58001708984375,0.29026859998703003,285.7934265136719
2026-07-29 06:00:00,11.32889175415039,440.2512817382813,617.54400634765625,0.2907249629497528,286.163330078125
2026-07-29 06:15:00,11.322818756103516,440.2361145019531,617.63323974609375,0.2907603085041046,286.1534729003906
2026-07-29 06:30:00,11.319766998291016,440.1418762207031,617.5565185546875,0.29071900248527527,286.09222412109375
2026-07-29 06:45:00,11.322818756103516,440.0628662109375,617.39013671875,0.2906422019004822,286.0408630371094
2026-07-29 07:00:00,11.325870513916016,440.3456115722656,617.7313232421875,0.2908118963241577,286.2246398925781
2026-07-29 07:15:00,11.33194351196289,440.7340087890625,618.16552734375,0.2910308837890625,286.4770812988281
2026-07-29 07:30:00,11.341068267822266,441.02447509765625,618.40679931640625,0.29116010665893555,286.6658935546875
2026-07-29 07:45:00,11.350162506103516,441.0960693359375,618.341552734375,0.2911403179168701,286.7124328613281
2026-07-29 08:00:00,11.36539077758789,441.1296081542969,618.1114501953125,0.29104849696159363,286.7342224121094
2026-07-29 08:15:00,11.386661529541016,441.8883056640625,618.78729248046875,0.2914048135280609,287.2273864746094
2026-07-29 08:30:00,11.40793228149414,442.6141357421875,619.41619873046875,0.29173827171325684,287.6991882324219
2026-07-29 08:45:00,11.43832778930664,442.462158203125,618.65093994140625,0.29140591621398926,287.60040283203125
2026-07-29 09:00:00,11.46872329711914,442.9986572265625,618.84869384765625,0.2915416359901428,287.9491271972656
2026-07-29 09:15:00,11.49606704711914,443.407470703125,618.92333984375,0.29161331057548523,288.21484375
2026-07-29 09:30:00,11.53250503540039,443.2173156738281,617.99786376953125,0.291210412979126,288.09124755859375
2026-07-29 09:45:00,11.581119537353516,444.322265625,618.6578369140625,0.29159390926361084,288.8094482421875
2026-07-29 10:00:00,11.635746002197266,445.14404296875,618.81365966796875,0.29173964262008667,289.3436279296875
2026-07-29 10:15:00,11.69644546508789,446.04931640625,618.975341796875,0.2918955385684967,289.9320373535156
2026-07-29 10:30:00,11.76620864868164,447.0734558105469,619.1378173828125,0.2920629382133484,290.5977478027344
2026-07-29 10:45:00,11.83896255493164,447.7166137695313,618.7193603515625,0.29195061326026917,291.0157775878906
2026-07-29 11:00:00,11.93899917602539,448.79840087890625,618.41900634765625,0.29192888736724854,291.7189636230469
2026-07-29 11:15:00,12.02377700805664,450.0277404785156,618.59539794921875,0.2921193838119507,292.51800537109375
2026-07-29 11:30:00,12.13882827758789,456.35894775390625,625.22174072265625,0.2954900860786438,296.63330078125
2026-07-29 11:45:00,12.048038482666016,448.8644104003906,616.56451416015625,0.29115986824035645,291.7618408203125
2026-07-29 12:00:00,11.97232437133789,448.1082458496094,616.8731689453125,0.2912173271179199,291.2703552246094
2026-07-29 12:15:00,11.92081069946289,447.0292053222656,616.30548095703125,0.2908772826194763,290.5689697265625
2026-07-29 12:30:00,12.09646987915039,449.1816711425781,616.1395263671875,0.29101189970970154,291.96807861328125
2026-07-29 12:45:00,12.41702651977539,453.41302490234375,616.2532958984375,0.2914508581161499,294.71844482421875
2026-07-29 13:00:00,12.66763687133789,456.6185607910156,616.202392578125,0.2917174696922302,296.80206298828125
2026-07-29 13:15:00,12.863651275634766,459.1025085449219,616.1319580078125,0.29190585017204285,298.4166259765625
2026-07-29 13:30:00,13.03238296508789,460.99658203125,615.74578857421875,0.2919054627418518,299.64776611328125
2026-07-29 13:45:00,13.16788101196289,462.8800659179687,615.920654296875,0.2921397387981415,300.8720397949219
2026-07-29 14:00:00,13.16489028930664,462.68408203125,615.7113037109375,0.29203417897224426,300.74462890625
2026-07-29 14:15:00,13.07455825805664,461.2018432617187,615.29205322265625,0.2917303144931793,299.78118896484375
2026-07-29 14:30:00,12.966129302978516,459.7231750488281,615.18817138671875,0.29155948758125305,298.8200378417969
2026-07-29 14:45:00,12.999271392822266,459.5934753417969,614.44232177734375,0.29123198986053467,298.7357482910156
2026-07-29 15:00:00,12.99625015258789,459.5621948242187,614.45263671875,0.2912336587905884,298.7154235839844
2026-07-29 15:15:00,13.04745864868164,460.0218200683594,614.18408203125,0.2911589741706848,299.01416015625
2026-07-29 15:30:00,13.08359146118164,460.2518005371094,613.8692626953125,0.2910449206829071,299.1636657714844
2026-07-29 15:45:00,13.05649185180664,452.9671936035156,604.6121826171875,0.2864936590194702,294.42864990234375
2026-07-29 16:00:00,12.98422622680664,460.9156799316406,616.47039794921875,0.29220613837242126,299.5951843261719
2026-07-29 16:15:00,12.712894439697266,457.6016540527344,616.73809814453125,0.29203084111213684,297.4410705566406
2026-07-29 16:30:00,12.546878814697266,455.29400634765625,616.52484130859375,0.29173532128334045,295.94110107421875
2026-07-29 16:45:00,12.480472564697266,455.2314758300781,617.6064453125,0.2921854853630066,295.90045166015625
2026-07-29 17:00:00,12.392826080322266,445.56640625,606.0072021484375,0.2864277958869934,289.6181640625
2026-07-29 17:15:00,12.29611587524414,452.3351440429687,616.91729736328125,0.29163140058517456,294.017822265625
2026-07-29 17:30:00,12.217472076416016,436.4642639160156,596.61566162109375,0.2816503942012787,283.7017517089844
2026-07-29 17:45:00,12.141849517822266,425.6670227050781,583.1224365234375,0.27500149607658386,276.6835632324219
2026-07-29 18:00:00,12.090396881103516,443.4093017578125,608.32806396484375,0.287200391292572,288.2160339355469
2026-07-29 18:15:00,12.05105972290039,448.9594421386719,616.64129638671875,0.29120102524757385,291.8236389160156
2026-07-29 18:30:00,12.03592300415039,448.7594299316406,616.63580322265625,0.2911798655986786,291.693603515625
2026-07-29 18:45:00,12.02682876586914,448.4749145507813,616.40667724609375,0.2910570800304413,291.5086975097656
2026-07-29 19:00:00,12.03592300415039,452.3346557617187,621.54852294921875,0.2935732305049896,294.01751708984375
2026-07-29 19:15:00,12.01169204711914,449.0420227050781,617.45587158203125,0.29154956340789795,291.8772888183594
2026-07-29 19:30:00,11.975345611572266,451.7653198242187,621.85321044921875,0.29364678263664246,293.6474609375
2026-07-29 19:45:00,11.93899917602539,450.57904052734375,620.87261962890625,0.2931239604949951,292.8763732910156
2026-07-29 20:00:00,11.899600982666016,450.4975891113281,621.46893310546875,0.2933652997016907,292.82342529296875
2026-07-29 20:15:00,11.872318267822266,450.3849792480469,621.80499267578125,0.2934948801994324,292.7502136230469
2026-07-29 20:30:00,11.829898834228516,441.11517333984375,609.7569580078125,0.28757792711257935,286.724853515625
2026-07-29 20:45:00,11.790470123291016,438.80322265625,607.25616455078125,0.28631287813186646,285.2220764160156
2026-07-29 21:00:00,11.751041412353516,447.11865234375,619.4736328125,0.2922072410583496,290.6271057128906
2026-07-29 21:15:00,11.711612701416016,445.6196594238281,618.10589599609375,0.2914917767047882,289.65277099609375
2026-07-29 21:30:00,11.68429946899414,456.8856506347656,634.2371826171875,0.29931044578552246,296.97564697265625
2026-07-29 21:45:00,11.66305923461914,455.6476135253906,632.91046142578125,0.29863661527633667,296.1709289550781
2026-07-29 22:00:00,11.64181900024414,445.607177734375,619.34771728515625,0.2920072078704834,289.6446533203125
2026-07-29 22:15:00,11.63272476196289,445.7292785644531,619.68194580078125,0.2921581566333771,289.7240295410156
2026-07-29 22:30:00,11.61752700805664,445.9080810546875,620.2056884765625,0.2923935353755951,289.8402404785156
2026-07-29 22:45:00,11.599308013916016,445.6858520507813,620.22662353515625,0.29238033294677734,289.69580078125
2026-07-29 23:00:00,11.593265533447266,446.1159057617187,620.93475341796875,0.2927170693874359,289.975341796875
2026-07-29 23:15:00,11.593265533447266,446.2311096191406,621.0950927734375,0.29279500246047974,290.0502014160156
2026-07-29 23:30:00,11.590213775634766,446.2455139160156,621.1705322265625,0.2928277850151062,290.0595703125
2026-07-29 23:45:00,11.587162017822266,446.1662902832031,621.11566162109375,0.29279717803001404,290.0080871582031
2026-07-30 00:00:00,11.581119537353516,445.9376831054687,620.9071044921875,0.29268786311149597,289.8594970703125
2026-07-30 00:15:00,11.581119537353516,446.3043823242187,621.41766357421875,0.2929363250732422,290.09783935546875
2026-07-30 00:30:00,11.57199478149414,445.9971618652344,621.1556396484375,0.2927970886230469,289.89813232421875
2026-07-30 00:45:00,11.56290054321289,445.8385314941406,621.0999755859375,0.29275819659233093,289.7950439453125
2026-07-30 01:00:00,11.55984878540039,445.6295471191406,620.86419677734375,0.2926396429538727,289.6592102050781
2026-07-30 01:15:00,11.56290054321289,445.70159912109375,620.9091796875,0.29266542196273804,289.7060241699219
2026-07-30 01:30:00,11.565921783447266,445.6637878417969,620.8016357421875,0.29261699318885803,289.68145751953125
2026-07-30 01:45:00,11.56894302368164,445.5755920410156,620.6239013671875,0.29253441095352173,289.6241149902344
2026-07-30 02:00:00,11.56290054321289,445.4387817382813,620.5430908203125,0.29248735308647156,289.5351867675781
2026-07-30 02:15:00,11.550724029541016,445.35943603515625,620.653564453125,0.29252538084983826,289.4836120605469
2026-07-30 02:30:00,11.544681549072266,445.3514099121094,620.752197265625,0.2925655245780945,289.4783935546875
2026-07-30 02:45:00,11.541629791259766,445.1020202636719,620.4599609375,0.2924194931983948,289.3163146972656
2026-07-30 03:00:00,11.52341079711914,444.7144470214844,620.25054931640625,0.29229405522346497,289.06439208984375
2026-07-30 03:15:00,11.511234283447266,444.5814514160156,620.2862548828125,0.2922956347465515,288.9779357910156
2026-07-30 03:30:00,11.502140045166016,444.85693359375,620.8360595703125,0.2925512492656708,289.156982421875
2026-07-30 03:45:00,11.493045806884766,444.84814453125,620.98931884765625,0.2926139533519745,289.1512756347656
2026-07-30 04:00:00,11.486942291259766,444.4719543457031,620.57513427734375,0.2924046516418457,288.9067687988281
2026-07-30 04:15:00,11.48392105102539,444.3932800292969,620.52032470703125,0.29237404465675354,288.8556213378906
2026-07-30 04:30:00,11.477848052978516,444.26812744140625,620.4560546875,0.2923349142074585,288.7742614746094
2026-07-30 04:45:00,11.47177505493164,444.0978393554687,620.32867431640625,0.2922650873661041,288.66357421875
2026-07-30 05:00:00,11.46872329711914,443.2159423828125,619.15228271484375,0.2916891276836395,288.0903625488281
2026-07-30 05:15:00,11.450504302978516,432.8702087402344,605.02313232421875,0.2848004996776581,281.3656311035156
2026-07-30 05:30:00,11.435306549072266,440.1421813964844,615.461669921875,0.2898518443107605,286.0924072265625
2026-07-30 05:45:00,11.420108795166016,434.6330871582031,608.029541015625,0.28622162342071533,282.5115051269531
2026-07-30 06:00:00,11.42313003540039,443.2470703125,620.0250244140625,0.29205405712127686,288.110595703125
2026-07-30 06:15:00,11.42313003540039,443.77044677734375,620.75714111328125,0.2924099564552307,288.4507751464844
2026-07-30 06:30:00,11.42618179321289,443.77154541015625,620.70306396484375,0.29238763451576233,288.4515075683594
2026-07-30 06:45:00,11.435306549072266,443.5661315917969,620.24951171875,0.29217901825904846,288.3179626464844
2026-07-30 07:00:00,11.44137954711914,444.0219421386719,620.77618408203125,0.2924429774284363,288.6142578125
2026-07-30 07:15:00,11.45352554321289,444.0219421386719,620.55487060546875,0.29235124588012695,288.6142578125
2026-07-30 07:30:00,11.45962905883789,444.3763732910156,620.93896484375,0.29254603385925293,288.8446350097656
2026-07-30 07:45:00,11.465702056884766,441.3183898925781,616.55615234375,0.29042309522628784,286.85693359375
2026-07-30 08:00:00,11.48392105102539,445.3440856933594,621.84796142578125,0.293019562959671,289.4736328125
2026-07-30 08:15:00,11.517337799072266,445.0870666503906,620.88067626953125,0.2925925552845001,289.30657958984375
2026-07-30 08:30:00,11.53250503540039,441.9973754882813,616.296875,0.2903832197189331,287.29827880859375
2026-07-30 08:45:00,11.553775787353516,441.55615234375,615.29840087890625,0.28992515802383423,287.011474609375
2026-07-30 09:00:00,11.581119537353516,436.8072814941406,608.19427490234375,0.28650686144828796,283.9247131347656
2026-07-30 09:15:00,11.62057876586914,437.6837158203125,608.7122802734375,0.28680849075317383,284.4944152832031
2026-07-30 09:30:00,11.67520523071289,437.3609619140625,607.29449462890625,0.28618794679641724,284.28460693359375
2026-07-30 09:45:00,11.751041412353516,437.8577270507813,606.642822265625,0.2859656512737274,284.6075134277344
2026-07-30 10:00:00,11.817752838134766,438.7281494140625,606.6712646484375,0.2860620319843292,285.17327880859375
2026-07-30 10:15:00,11.88443374633789,441.6402893066406,609.51788330078125,0.28752875328063965,287.0661926269531
2026-07-30 10:30:00,11.97232437133789,447.927490234375,616.62432861328125,0.2910959720611572,291.1528625488281
2026-07-30 10:45:00,12.06619644165039,435.1888427734375,597.4666748046875,0.28188610076904297,282.87274169921875
2026-07-30 11:00:00,12.193302154541016,442.7275390625,605.59722900390625,0.2859935760498047,287.77288818359375
2026-07-30 11:15:00,12.29611587524414,444.6277465820313,606.40557861328125,0.28650861978530884,289.0080261230469
2026-07-30 11:30:00,12.41702651977539,446.3788146972656,606.69281005859375,0.2867898941040039,290.1462097167969
2026-07-30 11:45:00,12.59518814086914,448.145751953125,606.0126953125,0.2866634726524353,291.29473876953125
2026-07-30 12:00:00,12.77927017211914,450.075927734375,605.457763671875,0.2866007089614868,292.5493469238281
2026-07-30 12:15:00,12.966129302978516,450.671875,603.07598876953125,0.28564518690109253,292.93670654296875
2026-07-30 12:30:00,13.12576675415039,456.6436767578125,608.33819580078125,0.2883884608745575,296.8183898925781
2026-07-30 12:45:00,13.30929946899414,459.081787109375,608.46209716796875,0.2886461615562439,298.40313720703125
2026-07-30 13:00:00,13.342411041259766,459.32275390625,608.22088623046875,0.28856346011161804,298.5597839355469
2026-07-30 13:15:00,13.420597076416016,462.071533203125,610.53338623046875,0.2897768020629883,300.34649658203125
2026-07-30 13:30:00,13.546817779541016,467.99700927734375,616.20458984375,0.2926842272281647,304.19805908203125
2026-07-30 13:45:00,13.660953521728516,468.4208679199219,614.82232666015625,0.29212668538093567,304.4735412597656
2026-07-30 14:00:00,13.46567153930664,462.1462097167969,609.8692626953125,0.2894994914531708,300.39501953125
2026-07-30 14:15:00,13.45364761352539,455.2695007324219,600.9947509765625,0.28514841198921204,295.9251708984375
2026-07-30 14:30:00,13.35745620727539,453.64788818359375,600.45526123046875,0.2847844958305359,294.8711242675781
2026-07-30 14:45:00,13.34842300415039,459.1975402832031,607.9534912109375,0.2884391248226166,298.4783935546875
2026-07-30 15:00:00,13.29428482055664,458.31536865234375,607.70025634765625,0.2882578670978546,297.90496826171875
2026-07-30 15:15:00,13.152835845947266,456.4265747070313,607.5888671875,0.2880517542362213,296.6772766113281
2026-07-30 15:30:00,13.07156753540039,455.28363037109375,607.4473876953125,0.28789451718330383,295.9343566894531
2026-07-30 15:45:00,13.008304595947266,454.4519348144531,607.4144287109375,0.28780925273895264,295.39373779296875
2026-07-30 16:00:00,12.957096099853516,453.7062072753906,607.29058837890625,0.2876925468444824,294.9090270996094
2026-07-30 16:15:00,12.96915054321289,453.809814453125,607.2235107421875,0.28767308592796326,294.97637939453125
2026-07-30 16:30:00,12.92996597290039,453.10198974609375,606.9447021484375,0.28749382495880127,294.51629638671875
2026-07-30 16:45:00,12.81241226196289,399.2270202636719,536.55169677734375,0.25311747193336487,259.49755859375
2026-07-30 17:00:00,12.697818756103516,445.9637756347656,601.3095703125,0.28448647260665894,289.8764343261719
2026-07-30 17:15:00,12.61935806274414,407.5212097167969,550.699462890625,0.25978243350982666,264.8887634277344
2026-07-30 17:30:00,12.589176177978516,453.0641784667969,612.768310546875,0.2899514436721802,294.49169921875
2026-07-30 17:45:00,12.55295181274414,452.4535827636719,612.57275390625,0.289814293384552,294.0948181152344
2026-07-30 18:00:00,12.50461196899414,451.4353637695313,612.03533935546875,0.28949615359306335,293.4329833984375
2026-07-30 18:15:00,12.44119644165039,451.0377197265625,612.602294921875,0.2896988093852997,293.17449951171875
2026-07-30 18:30:00,12.35959243774414,450.1929626464844,612.88140869140625,0.28973913192749023,292.62542724609375
2026-07-30 18:45:00,12.29007339477539,449.5396423339844,613.2108154296875,0.2898174524307251,292.20074462890625
2026-07-30 19:00:00,12.19632339477539,448.1334228515625,612.9385986328125,0.28957298398017883,291.2867126464844
2026-07-30 19:15:00,12.14792251586914,447.3988342285156,612.7857666015625,0.28944042325019836,290.8092346191406
2026-07-30 19:30:00,12.13278579711914,447.12255859375,612.67413330078125,0.28936779499053955,290.629638671875
2026-07-30 19:45:00,12.093448638916016,446.1844482421875,612.08154296875,0.2890317142009735,290.0198669433594
2026-07-30 20:00:00,12.03592300415039,445.3512573242187,611.95269775390625,0.2888992130756378,289.4783020019531
2026-07-30 20:15:00,11.97836685180664,444.6318664550781,611.9805908203125,0.2888426184654236,289.0107116699219
2026-07-30 20:30:00,11.93594741821289,444.0408020019531,611.91729736328125,0.28875982761383057,288.62652587890625
2026-07-30 20:45:00,11.893558502197266,443.8294067382813,612.377197265625,0.2889314889907837,288.4891052246094
2026-07-30 21:00:00,11.85110855102539,443.2342224121094,612.30908203125,0.28884589672088623,288.10223388671875
2026-07-30 21:15:00,11.817752838134766,442.6004028320313,612.0257568359375,0.28866663575172424,287.69024658203125
2026-07-30 21:30:00,11.78439712524414,442.2351989746094,612.1136474609375,0.2886678874492645,287.452880859375
2026-07-30 21:45:00,11.74802017211914,441.512451171875,611.7601318359375,0.2884504795074463,286.98309326171875
2026-07-30 22:00:00,11.72983169555664,441.55816650390625,612.1474609375,0.2886160612106323,287.0127868652344
2026-07-30 22:15:00,11.71768569946289,441.365478515625,612.09674072265625,0.2885761857032776,286.8875427246094
2026-07-30 22:30:00,11.699466705322266,441.2037963867187,612.1973876953125,0.2886022627353668,286.782470703125
2026-07-30 22:45:00,11.678226470947266,440.9141540527344,612.17431640625,0.2885643541812897,286.59417724609375
2026-07-30 23:00:00,11.656986236572266,440.6848754882813,612.23516845703125,0.28856709599494934,286.4451599121094
2026-07-30 23:15:00,11.638797760009766,440.350341796875,612.09521484375,0.2884760797023773,286.22772216796875
2026-07-30 23:30:00,11.61752700805664,440.1737060546875,612.2298583984375,0.2885145843029022,286.1128845214844
2026-07-30 23:45:00,11.60843276977539,440.0078125,612.1617431640625,0.28846991062164307,286.00506591796875
2026-07-31 00:00:00,11.614505767822266,440.0792541503906,612.1524658203125,0.2884731888771057,286.051513671875
2026-07-31 00:15:00,11.614505767822266,440.0227355957031,612.0738525390625,0.2884349524974823,286.0147705078125
2026-07-31 00:30:00,11.60843276977539,440.161865234375,612.37603759765625,0.2885741889476776,286.1051940917969
2026-07-31 00:45:00,11.60843276977539,451.492919921875,628.140380859375,0.2962431311607361,293.47039794921875
2026-07-31 01:00:00,11.60843276977539,438.89410400390625,610.61224365234375,0.2877167761325836,285.2811584472656
2026-07-31 01:15:00,11.599308013916016,437.3022766113281,608.55987548828125,0.28670766949653625,284.2464599609375
2026-07-31 01:30:00,11.599308013916016,437.5259704589844,608.87115478515625,0.2868589460849762,284.3918762207031
2026-07-31 01:45:00,11.593265533447266,437.4924011230469,608.9320068359375,0.28688091039657593,284.37005615234375
2026-07-31 02:00:00,11.59628677368164,437.3836059570313,608.726806640625,0.2867850065231323,284.2993469238281
2026-07-31 02:15:00,11.599308013916016,437.4985656738281,608.8330078125,0.2868404984474182,284.3740539550781
2026-07-31 02:30:00,11.599308013916016,436.7623596191406,607.8084716796875,0.2863425612449646,283.8955383300781
2026-07-31 02:45:00,11.590213775634766,436.2976379394531,607.32318115234375,0.2860952913761139,283.59344482421875
2026-07-31 03:00:00,11.578067779541016,436.3850402832031,607.66064453125,0.28624391555786133,283.6502685546875
2026-07-31 03:15:00,11.56290054321289,436.1880798339844,607.6558837890625,0.2862223982810974,283.5222473144531
2026-07-31 03:30:00,11.550724029541016,436.002197265625,607.61334228515625,0.2861863076686859,283.40142822265625
2026-07-31 03:45:00,11.54770278930664,435.9165954589844,607.54779052734375,0.28615063428878784,283.34576416015625
2026-07-31 04:00:00,11.541629791259766,435.7524719238281,607.42694091796875,0.28608420491218567,283.2391052246094
2026-07-31 04:15:00,11.526432037353516,435.4842529296875,607.32330322265625,0.28601452708244324,283.06475830078125
2026-07-31 04:30:00,11.514286041259766,426.0469970703125,594.37359619140625,0.2797115743160248,276.9305419921875
2026-07-31 04:45:00,11.53250503540039,434.4098205566406,605.7171630859375,0.2852420210838318,282.3663635253906
2026-07-31 05:00:00,11.52341079711914,433.7216796875,604.91876220703125,0.28484266996383667,281.9190673828125
2026-07-31 05:15:00,11.526432037353516,433.64703369140625,604.7611083984375,0.2847699522972107,281.8705749511719
2026-07-31 05:30:00,11.553775787353516,433.5855407714844,604.1915283203125,0.28452780842781067,281.8305969238281
2026-07-31 05:45:00,11.538578033447266,433.3792114257813,604.17266845703125,0.28449952602386475,281.69647216796875
2026-07-31 06:00:00,11.53555679321289,433.2086181640625,603.98834228515625,0.2844061255455017,281.5856018066406
2026-07-31 06:15:00,11.623600006103516,433.5121765136719,602.85748291015625,0.28396740555763245,281.78289794921875
2026-07-31 06:30:00,11.687320709228516,433.23492431640625,601.3529052734375,0.2833157181739807,281.6026916503906
2026-07-31 06:45:00,11.72677993774414,432.9459838867187,600.26141357421875,0.28283411264419556,281.4148864746094
2026-07-31 07:00:00,11.86929702758789,431.3673706054687,595.601318359375,0.2807435393333435,280.3887939453125
2026-07-31 07:15:00,12.19028091430664,433.9065246582031,593.58270263671875,0.2801430821418762,282.03924560546875
2026-07-31 07:30:00,12.226566314697266,431.57525634765625,589.77874755859375,0.2783350348472595,280.5238952636719
2026-07-31 07:45:00,12.21146011352539,429.71234130859375,587.48760986328125,0.27720344066619873,279.3130187988281
2026-07-31 08:00:00,12.25680923461914,428.2987060546875,584.7935791015625,0.2759456932544708,278.3941345214844
2026-07-31 08:15:00,12.274967193603516,427.5667114257813,583.49029541015625,0.27533280849456787,277.9183654785156
2026-07-31 08:30:00,12.199344635009766,425.4613342285156,581.878173828125,0.27446284890174866,276.54986572265625
2026-07-31 08:45:00,12.11764907836914,424.1746826171875,581.48291015625,0.27417677640914917,275.7135314941406
2026-07-31 09:00:00,12.099491119384766,424.17193603515625,581.783203125,0.27430176734924316,275.7117614746094
2026-07-31 09:15:00,12.044986724853516,422.4414367675781,580.32073974609375,0.2735282778739929,274.5869140625
2026-07-31 09:30:00,11.966251373291016,399.222900390625,549.6732177734375,0.2585770785808563,259.494873046875
2026-07-31 09:45:00,11.90262222290039,424.4169006347656,585.43890380859375,0.2758466601371765,275.8709716796875
2026-07-31 10:00:00,11.83597183227539,423.8512268066406,585.78955078125,0.27593758702278137,275.5032958984375
2026-07-31 10:15:00,11.77835464477539,423.2623291015625,585.95556640625,0.2759491503238678,275.1205139160156
2026-07-31 10:30:00,11.781375885009766,424.0489501953125,586.99298095703125,0.27645638585090637,275.6318054199219
2026-07-31 10:45:00,11.92081069946289,426.9689025878906,588.64892578125,0.27742740511894226,277.52978515625
2026-07-31 11:00:00,12.05710220336914,428.017822265625,587.7757568359375,0.2771640419960022,278.2115783691406
2026-07-31 11:15:00,12.13278579711914,427.8460388183594,586.26031494140625,0.2765158414840698,278.09991455078125
2026-07-31 11:30:00,12.16000747680664,423.7326354980469,580.16943359375,0.27358752489089966,275.42620849609375
2026-07-31 11:45:00,12.17514419555664,423.8275451660156,580.046875,0.2735452651977539,275.4878845214844
2026-07-31 12:00:00,12.208438873291016,422.5842590332031,577.79248046875,0.2724880278110504,274.67974853515625
2026-07-31 12:15:00,12.30521011352539,422.4436340332031,575.999755859375,0.2717265188694,274.5883483886719
2026-07-31 12:30:00,12.38980484008789,422.0049133300781,574.01116943359375,0.27085474133491516,274.3031921386719
2026-07-31 12:45:00,12.45328140258789,420.876708984375,571.4404296875,0.26967573165893555,273.5698547363281
2026-07-31 13:00:00,12.49856948852539,420.492431640625,570.18243408203125,0.2691141366958618,273.320068359375
2026-07-31 13:15:00,12.41098403930664,421.6126098632813,573.13079833984375,0.27045053243637085,274.0481872558594
2026-07-31 13:30:00,12.27194595336914,422.3006286621094,576.35369873046875,0.2718610167503357,274.4953918457031
2026-07-31 13:45:00,12.150943756103516,423.3120422363281,579.74462890625,0.2733706831932068,275.15283203125
2026-07-31 14:00:00,12.06619644165039,423.7244262695313,581.727294921875,0.2742359936237335,275.4208679199219
2026-07-31 14:15:00,12.014713287353516,424.8583068847656,584.15106201171875,0.27535322308540344,276.15789794921875
2026-07-31 14:30:00,12.00259780883789,432.5087585449219,594.87799072265625,0.2805516719818115,281.13067626953125
2026-07-31 14:45:00,11.98746109008789,425.5279235839844,585.532470703125,0.2759922742843628,276.5931396484375
2026-07-31 15:00:00,11.975345611572266,425.2698974609375,585.38232421875,0.27590513229370117,276.4254150390625
2026-07-31 15:15:00,11.957157135009766,425.32806396484375,585.7703857421875,0.2760721445083618,276.4632263183594
2026-07-31 15:30:00,11.948062896728516,425.587158203125,586.28143310546875,0.2763095796108246,276.63165283203125
2026-07-31 15:45:00,11.95413589477539,426.0651245117187,586.8367919921875,0.27658653259277344,276.94232177734375
2026-07-31 16:00:00,11.97836685180664,426.6195983886719,587.18896484375,0.276786208152771,277.302734375
2026-07-31 16:15:00,11.96927261352539,426.8161315917969,587.6138916015625,0.2769819498062134,277.43048095703125
2026-07-31 16:30:00,11.92081069946289,426.68603515625,588.25897216796875,0.2772378623485565,277.3459167480469
2026-07-31 16:45:00,11.893558502197266,426.8127746582031,588.89837646484375,0.2775160074234009,277.42828369140625
2026-07-31 17:00:00,11.881412506103516,426.9110107421875,589.24127197265625,0.2776680588722229,277.4921569824219
2026-07-31 17:15:00,11.86020278930664,427.0302734375,589.76849365234375,0.27789872884750366,277.5696716308594
2026-07-31 17:30:00,11.848087310791016,427.1582946777344,590.15264892578125,0.2780708074569702,277.65289306640625
2026-07-31 17:45:00,11.854129791259766,427.7643432617187,590.8863525390625,0.2784344553947449,278.04681396484375
2026-07-31 18:00:00,11.845035552978516,428.0963134765625,591.5009765625,0.27872204780578613,278.2626037597656
2026-07-31 18:15:00,11.81473159790039,427.9149169921875,591.77069091796875,0.2788165211677551,278.1446838378906
2026-07-31 18:30:00,11.75711441040039,427.82818603515625,592.642333984375,0.27917012572288513,278.08831787109375
2026-07-31 18:45:00,11.732852935791016,427.9602661132813,593.2440185546875,0.2794327437877655,278.1741638183594
2026-07-31 19:00:00,11.72372817993164,426.9378356933594,591.98394775390625,0.2788097560405731,277.50958251953125
2026-07-31 19:15:00,11.72372817993164,426.736083984375,591.7042236328125,0.2786738872528076,277.3784484863281
2026-07-31 19:30:00,11.72677993774414,427.3269348144531,592.47088623046875,0.2790498435497284,277.76251220703125
2026-07-31 19:45:00,11.70859146118164,427.5475463867187,593.0908203125,0.27932867407798767,277.9058837890625
2026-07-31 20:00:00,11.68429946899414,427.4815979003906,593.41925048828125,0.2794584333896637,277.863037109375
2026-07-31 20:15:00,11.653934478759766,427.1537780761719,593.489501953125,0.2794552445411682,277.6499328613281
2026-07-31 20:30:00,11.623600006103516,426.9249267578125,593.697021484375,0.27951860427856445,277.5011901855469
2026-07-31 20:45:00,11.60843276977539,427.0318603515625,594.10888671875,0.27969980239868164,277.5707092285156
2026-07-31 21:00:00,11.587162017822266,426.86474609375,594.24566650390625,0.27973994612693787,277.4620666503906
2026-07-31 21:15:00,11.565921783447266,426.5909118652344,594.23345947265625,0.2797076404094696,277.2840881347656
2026-07-31 21:30:00,11.544681549072266,426.2430725097656,594.11810302734375,0.27962526679039,277.0579833984375
2026-07-31 21:45:00,11.529483795166016,426.1209411621094,594.212158203125,0.2796519696712494,276.9786071777344
2026-07-31 22:00:00,11.505191802978516,425.6400146484375,593.96405029296875,0.2795012891292572,276.6659851074219
2026-07-31 22:15:00,11.48086929321289,425.4411010742187,594.10992431640625,0.2795417010784149,276.5367126464844
2026-07-31 22:30:00,11.45962905883789,425.40228271484375,594.42596435546875,0.279668390750885,276.511474609375
2026-07-31 22:45:00,11.44137954711914,425.33062744140625,594.644287109375,0.27975139021873474,276.46490478515625
2026-07-31 23:00:00,11.42313003540039,424.936279296875,594.41143798828125,0.27961546182632446,276.20855712890625
2026-07-31 23:15:00,11.404911041259766,424.9082336425781,594.69049072265625,0.2797278165817261,276.1903381347656
2026-07-31 23:30:00,11.39273452758789,426.2023620605469,596.71533203125,0.2806946933269501,277.0315246582031
2026-07-31 23:45:00,11.38364028930664,424.4817504882813,594.46527099609375,0.27959170937538147,275.9131164550781
2026-08-01 00:00:00,11.374515533447266,424.3654174804687,594.46185302734375,0.2795785069465637,275.8375244140625
2026-08-01 00:15:00,11.36233901977539,424.8735656738281,595.386962890625,0.28001177310943604,276.1678161621094
2026-08-01 00:30:00,11.356266021728516,424.90478515625,595.537109375,0.28007689118385315,276.1881103515625
2026-08-01 00:45:00,11.34714126586914,423.528564453125,593.76776123046875,0.2792071998119354,275.2935485839844
2026-08-01 01:00:00,11.341068267822266,426.6260681152344,598.21722412109375,0.28135761618614197,277.30694580078125
2026-08-01 01:15:00,11.33499526977539,426.4402160644531,598.0635986328125,0.28127536177635193,277.1861267089844
2026-08-01 01:30:00,11.32889175415039,425.38958740234375,596.6973876953125,0.28060483932495117,276.50323486328125
2026-08-01 01:45:00,11.322818756103516,425.7702026367187,597.338134765625,0.28090789914131165,276.7506103515625
2026-08-01 02:00:00,11.31369400024414,425.41754150390625,597.00384521484375,0.280734121799469,276.5213928222656
2026-08-01 02:15:00,11.31369400024414,425.3693237304687,596.93621826171875,0.28070130944252014,276.49005126953125
2026-08-01 02:30:00,11.316715240478516,425.3050537109375,596.79290771484375,0.28063565492630005,276.4482727050781
2026-08-01 02:45:00,11.319766998291016,424.2777404785156,595.29779052734375,0.2799144387245178,275.780517578125
2026-08-01 03:00:00,11.322818756103516,424.1491394042969,595.0638427734375,0.27980485558509827,275.6969299316406
2026-08-01 03:15:00,11.316715240478516,424.0822448730469,595.0770263671875,0.2798035144805908,275.6534423828125
2026-08-01 03:30:00,11.30759048461914,423.8753662109375,594.94671630859375,0.2797287106513977,275.51898193359375
2026-08-01 03:45:00,11.31369400024414,424.0950317382813,595.14794921875,0.2798340618610382,275.6617736816406
2026-08-01 04:00:00,11.325870513916016,423.8880615234375,594.64410400390625,0.2796052098274231,275.5272216796875
2026-08-01 04:15:00,11.33499526977539,423.9779968261719,594.6104736328125,0.27960047125816345,275.585693359375
2026-08-01 04:30:00,11.341068267822266,423.9153747558594,594.41632080078125,0.27951401472091675,275.54498291015625
2026-08-01 04:45:00,11.341068267822266,424.2966613769531,594.950927734375,0.2797732949256897,275.7928161621094
2026-08-01 05:00:00,11.34408950805664,424.1950073242187,594.75543212890625,0.27968233823776245,275.72674560546875
2026-08-01 05:15:00,11.34408950805664,424.0552062988281,594.5594482421875,0.2795872688293457,275.6358642578125
2026-08-01 05:30:00,11.34714126586914,423.8768005371094,594.25592041015625,0.2794439494609833,275.5198974609375
2026-08-01 05:45:00,11.34714126586914,423.9724731445313,594.39007568359375,0.279509037733078,275.58209228515625
2026-08-01 06:00:00,11.350162506103516,424.0682373046875,594.471435546875,0.27955231070518494,275.64434814453125
2026-08-01 06:15:00,11.353214263916016,424.0366516113281,594.373779296875,0.2795088291168213,275.6238098144531
2026-08-01 06:30:00,11.353214263916016,424.9183654785156,595.60968017578125,0.2801082730293274,276.1969299316406
2026-08-01 06:45:00,11.353214263916016,423.86810302734375,594.13751220703125,0.2793942391872406,275.5142517089844
2026-08-01 07:00:00,11.356266021728516,424.2408447265625,594.6065673828125,0.27962562441825867,275.75653076171875
2026-08-01 07:15:00,11.36539077758789,424.3168029785156,594.5533447265625,0.2796113193035126,275.805908203125
2026-08-01 07:30:00,11.371463775634766,424.57037353515625,594.8023681640625,0.27973976731300354,275.9707336425781
2026-08-01 07:45:00,11.38058853149414,424.6941833496094,594.81610107421875,0.279758095741272,276.05120849609375
2026-08-01 08:00:00,11.39578628540039,425.033447265625,595.02532958984375,0.27987876534461975,276.271728515625
2026-08-01 08:15:00,11.417057037353516,425.5101318359375,595.32037353515625,0.28004878759384155,276.5815734863281
2026-08-01 08:30:00,11.44137954711914,425.909423828125,595.4534912109375,0.28014400601387024,276.84112548828125
2026-08-01 08:45:00,11.477848052978516,426.4899597167969,595.62738037109375,0.2802741527557373,277.2184753417969
2026-08-01 09:00:00,11.511234283447266,426.9288024902344,595.65704345703125,0.28033044934272766,277.50372314453125
2026-08-01 09:15:00,11.544681549072266,427.260498046875,595.53619384765625,0.28031355142593384,277.71929931640625
2026-08-01 09:30:00,11.56290054321289,427.4380187988281,595.46612548828125,0.2803022265434265,277.834716796875
2026-08-01 09:45:00,11.587162017822266,427.6500244140625,595.3388671875,0.2802705764770508,277.9725036621094
2026-08-01 10:00:00,11.62057876586914,428.0924987792969,595.37322998046875,0.2803286910057068,278.2601013183594
2026-08-01 10:15:00,11.653934478759766,428.2489318847656,595.0111083984375,0.28019407391548157,278.3617858886719
2026-08-01 10:30:00,11.70553970336914,428.8664855957031,594.97332763671875,0.28023913502693176,278.7632141113281
2026-08-01 10:45:00,11.70553970336914,428.8419494628906,594.93927001953125,0.280222624540329,278.74725341796875
2026-08-01 11:00:00,11.732852935791016,428.9634704589844,594.6346435546875,0.28010809421539307,278.82623291015625
2026-08-01 11:15:00,11.817752838134766,430.1408996582031,594.79681396484375,0.2802902162075043,279.5915832519531
2026-08-01 11:30:00,11.951114654541016,431.74212646484375,594.70794677734375,0.2804076075553894,280.63238525390625
2026-08-01 11:45:00,12.090396881103516,433.9338684082031,595.328369140625,0.2808748185634613,282.0570068359375
2026-08-01 12:00:00,12.23563003540039,435.2544250488281,594.65191650390625,0.28071603178977966,282.9153747558594
2026-08-01 12:15:00,12.38980484008789,437.5988159179687,595.22198486328125,0.2811715304851532,284.439208984375
2026-08-01 12:30:00,12.571048736572266,439.4309692382813,594.6356201171875,0.28109171986579895,285.630126953125
2026-08-01 12:45:00,12.73099136352539,435.3580627441406,586.45867919921875,0.2772866189479828,282.98272705078125
2026-08-01 13:00:00,12.87875747680664,443.8528442382813,595.412841796875,0.28181153535842896,288.50433349609375
2026-08-01 13:15:00,13.026371002197266,445.2036437988281,594.751708984375,0.2816489636898041,289.3823547363281
2026-08-01 13:30:00,13.13479995727539,463.0685424804687,616.74151611328125,0.2925049364566803,300.9945373535156
2026-08-01 13:45:00,13.200992584228516,463.6359558105469,616.356201171875,0.29238879680633545,301.3633728027344
2026-08-01 14:00:00,13.33035659790039,460.9441833496094,610.5726318359375,0.28970035910606384,299.61370849609375
2026-08-01 14:15:00,13.41757583618164,449.3929138183594,593.8309326171875,0.28161150217056274,292.1053771972656
2026-08-01 14:30:00,13.444644927978516,449.6275939941406,593.695068359375,0.28157299757003784,292.2579345703125
2026-08-01 14:45:00,13.46567153930664,443.3244323730469,585.03118896484375,0.27736473083496094,288.1608581542969
2026-08-01 15:00:00,13.447635650634766,448.5216674804687,592.18572998046875,0.28083905577659607,291.5390625
2026-08-01 15:15:00,13.420597076416016,462.7997741699219,611.49560546875,0.29024747014045715,300.8198547363281
2026-08-01 15:30:00,13.38449478149414,447.9916687011719,592.52325439453125,0.28093886375427246,291.194580078125
2026-08-01 15:45:00,13.32736587524414,447.0855712890625,592.26458740234375,0.2807534337043762,290.6056213378906
2026-08-01 16:00:00,13.23410415649414,445.9088745117187,592.24237060546875,0.2806451916694641,289.84075927734375
2026-08-01 16:15:00,13.10165786743164,443.75238037109375,591.5634765625,0.28017425537109375,288.43902587890625
2026-08-01 16:30:00,12.97818374633789,442.0111083984375,591.28607177734375,0.27990707755088806,287.3072204589844
2026-08-01 16:45:00,12.83353042602539,448.636962890625,602.59832763671875,0.285266250371933,291.614013671875
2026-08-01 17:00:00,12.70383071899414,439.5762939453125,592.59625244140625,0.28024643659591675,285.7245788574219
2026-08-01 17:15:00,12.60123062133789,438.988525390625,593.52783203125,0.2805860638618469,285.342529296875
2026-08-01 17:30:00,12.49856948852539,437.1316223144531,592.7449951171875,0.2800893485546112,284.13555908203125
2026-08-01 17:45:00,12.404911041259766,435.6904602050781,592.37066650390625,0.2798008620738983,283.19879150390625
2026-08-01 18:00:00,12.326358795166016,434.4471130371094,592.0079345703125,0.27953454852104187,282.390625
2026-08-01 18:15:00,12.25680923461914,433.78228759765625,592.28076171875,0.2795870900154114,281.9584655761719
2026-08-01 18:30:00,12.19028091430664,433.3146362304687,592.77301025390625,0.2797493040561676,281.6545104980469
2026-08-01 18:45:00,12.129764556884766,432.2611999511719,592.3616943359375,0.27947860956192017,280.9697570800781
2026-08-01 19:00:00,12.069217681884766,431.52532958984375,592.385498046875,0.2794190049171448,280.491455078125
2026-08-01 19:15:00,12.00864028930664,428.7627868652344,589.62286376953125,0.2780047059059143,278.69580078125
2026-08-01 19:30:00,11.951114654541016,430.3056640625,592.729248046875,0.2794460654258728,279.69866943359375
2026-08-01 19:45:00,11.896549224853516,429.8640747070313,593.05706787109375,0.279540091753006,279.4116516113281
2026-08-01 20:00:00,11.845035552978516,428.9203796386719,592.63958740234375,0.2792752683162689,278.7982482910156
2026-08-01 20:15:00,11.799564361572266,428.0046081542969,592.155517578125,0.27898523211479187,278.2029724121094
2026-08-01 20:30:00,11.760135650634766,427.76849365234375,592.50762939453125,0.2791084349155426,278.04949951171875
2026-08-01 20:45:00,11.720706939697266,427.0875549316406,592.24365234375,0.27893224358558655,277.6069030761719
2026-08-01 21:00:00,11.681278228759766,426.7298278808594,592.42779541015625,0.27897343039512634,277.3743896484375
2026-08-01 21:15:00,11.647891998291016,426.0868835449219,592.111572265625,0.27877897024154663,276.9564514160156
2026-08-01 21:30:00,11.623600006103516,425.9772338867187,592.37908935546875,0.27887898683547974,276.88519287109375
2026-08-01 21:45:00,11.599308013916016,425.5784606933594,592.2447509765625,0.2787838280200958,276.6259765625
2026-08-01 22:00:00,11.575016021728516,425.56005859375,592.63983154296875,0.27894553542137146,276.614013671875
2026-08-01 22:15:00,11.553775787353516,425.1321716308594,592.41192626953125,0.2788086533546448,276.3359069824219
2026-08-01 22:30:00,11.53555679321289,424.8537902832031,592.33984375,0.27875104546546936,276.15496826171875
2026-08-01 22:45:00,11.52341079711914,424.7246398925781,592.37042236328125,0.27875080704689026,276.0710144042969
2026-08-01 23:00:00,11.50821304321289,424.4933166503906,592.3114013671875,0.2787032723426819,275.920654296875
2026-08-01 23:15:00,11.493045806884766,424.80023193359375,593.00323486328125,0.27901995182037354,276.1201477050781
2026-08-01 23:30:00,11.477848052978516,425.5771789550781,594.35260009765625,0.27965572476387024,276.6251525878906
2026-08-01 23:45:00,11.45962905883789,421.9376525878906,589.58477783203125,0.2773200571537018,274.25946044921875
2026-08-02 00:00:00,11.444400787353516,418.1920166015625,584.61212158203125,0.2748900353908539,271.8247985839844
2026-08-02 00:15:00,11.432254791259766,418.0367736816406,584.60357666015625,0.2748708128929138,271.7239074707031
2026-08-02 00:30:00,11.417057037353516,419.3596496582031,586.71539306640625,0.27587565779685974,272.5837707519531
2026-08-02 00:45:00,11.40793228149414,427.72216796875,598.57568359375,0.281616747379303,278.0194091796875
2026-08-02 01:00:00,11.39578628540039,427.82135009765625,598.92828369140625,0.2817724347114563,278.0838623046875
2026-08-02 01:15:00,11.38058853149414,428.3504943847656,599.93707275390625,0.28224262595176697,278.4278259277344
2026-08-02 01:30:00,11.371463775634766,428.8749084472656,600.83282470703125,0.28266558051109314,278.7686767578125
2026-08-02 01:45:00,11.35928726196289,429.5647277832031,602.014892578125,0.2832236588001251,279.2170715332031
2026-08-02 02:00:00,11.34714126586914,429.2674865722656,601.8134765625,0.2831103503704071,279.02386474609375
2026-08-02 02:15:00,11.338016510009766,429.0371398925781,601.65216064453125,0.28302034735679626,278.8741455078125
2026-08-02 02:30:00,11.33194351196289,429.5173034667969,602.4332275390625,0.2833915650844574,279.1862487792969
2026-08-02 02:45:00,11.319766998291016,428.37347412109375,601.04443359375,0.2827020585536957,278.4427490234375
2026-08-02 03:00:00,11.31369400024414,429.1936950683594,602.3031005859375,0.28330492973327637,278.97589111328125
2026-08-02 03:15:00,11.304569244384766,429.3824157714844,602.72998046875,0.2835003435611725,279.09857177734375
2026-08-02 03:30:00,11.29849624633789,429.056396484375,602.38018798828125,0.2833227217197418,278.88665771484375
2026-08-02 03:45:00,11.289371490478516,429.2579956054687,602.825439453125,0.28352704644203186,279.0177001953125
2026-08-02 04:00:00,11.283267974853516,428.8322448730469,602.3359375,0.2832816243171692,278.7409362792969
2026-08-02 04:15:00,11.27414321899414,428.938232421875,602.64703369140625,0.28342077136039734,278.8098449707031
2026-08-02 04:30:00,11.265018463134766,427.9515686035156,601.42266845703125,0.28281500935554504,278.16851806640625
2026-08-02 04:45:00,11.25894546508789,428.47320556640625,602.26373291015625,0.28321513533592224,278.507568359375
2026-08-02 05:00:00,11.249820709228516,428.39849853515625,602.3209228515625,0.28323107957839966,278.4590148925781
2026-08-02 05:15:00,11.240665435791016,428.1434326171875,602.12506103515625,0.283124178647995,278.293212890625
2026-08-02 05:30:00,11.23459243774414,428.1723937988281,602.2738037109375,0.28318846225738525,278.3120422363281
2026-08-02 05:45:00,11.222415924072266,422.6869201660156,594.77178955078125,0.27953484654426575,274.7464904785156
2026-08-02 06:00:00,11.19504165649414,433.3485107421875,610.267578125,0.287015438079834,281.676513671875
2026-08-02 06:15:00,11.19198989868164,424.9594421386719,598.50762939453125,0.28130674362182617,276.2236328125
2026-08-02 06:30:00,11.19504165649414,425.0631408691406,598.599609375,0.2813553214073181,276.2910461425781
2026-08-02 06:45:00,11.19198989868164,425.05718994140625,598.64532470703125,0.2813735008239746,276.28717041015625
2026-08-02 07:00:00,11.19198989868164,425.5978393554687,599.40673828125,0.28174272179603577,276.6385803222656
2026-08-02 07:15:00,11.19809341430664,425.5272521972656,599.19915771484375,0.28164997696876526,276.59271240234375
2026-08-02 07:30:00,11.201114654541016,425.6539306640625,599.323974609375,0.28171443939208984,276.675048828125
2026-08-02 07:45:00,11.20718765258789,425.9090270996094,599.57550048828125,0.28184428811073303,276.8408508300781
2026-08-02 08:00:00,11.219364166259766,426.01702880859375,599.51171875,0.2818290889263153,276.91107177734375
2026-08-02 08:15:00,11.23764419555664,426.0978393554687,599.30169677734375,0.28175088763237,276.9635925292969
2026-08-02 08:30:00,11.25894546508789,426.3326110839844,599.2548828125,0.28175562620162964,277.1161804199219
2026-08-02 08:45:00,11.283267974853516,426.6459655761719,599.26507568359375,0.28179189562797546,277.3198547363281
2026-08-02 09:00:00,11.31369400024414,426.8976440429687,599.0809326171875,0.28174158930778503,277.48345947265625
2026-08-02 09:15:00,11.338016510009766,427.04345703125,598.8563232421875,0.28166380524635315,277.5782470703125
2026-08-02 09:30:00,11.368412017822266,427.3719177246094,598.78094482421875,0.28166601061820984,277.791748046875
2026-08-02 09:45:00,11.41403579711914,427.42974853515625,598.0592041015625,0.2813737988471985,277.8293151855469
2026-08-02 10:00:00,11.462650299072266,428.55706787109375,598.7811279296875,0.2817856967449188,278.56207275390625
2026-08-02 10:15:00,11.52341079711914,429.3182678222656,598.7772216796875,0.28186026215553284,279.0568542480469
2026-08-02 10:30:00,11.578067779541016,429.7761535644531,598.45782470703125,0.2817735970020294,279.3544921875
2026-08-02 10:45:00,11.623600006103516,430.4934692382813,598.6595458984375,0.28192824125289917,279.82073974609375
2026-08-02 11:00:00,11.68429946899414,428.9519653320313,595.4603271484375,0.28044965863227844,278.8187561035156
2026-08-02 11:15:00,11.763187408447266,432.3088684082031,598.743408203125,0.2821412980556488,281.0007629394531
2026-08-02 11:30:00,11.86020278930664,433.40277099609375,598.56951904296875,0.2821750342845917,281.7117919921875
2026-08-02 11:45:00,11.98440933227539,434.8998107910156,598.4810791015625,0.2822819650173187,282.68487548828125
2026-08-02 12:00:00,12.12369155883789,436.5510559082031,598.34503173828125,0.2823815643787384,283.7581787109375
2026-08-02 12:15:00,12.27798843383789,438.3578186035156,598.16485595703125,0.28247490525245667,284.9325866699219
2026-08-02 12:30:00,12.44723892211914,439.9833679199219,597.48529052734375,0.2823391854763031,285.9891662597656
2026-08-02 12:45:00,12.60123062133789,441.74652099609375,597.2567138671875,0.2824026346206665,287.1352233886719
2026-08-02 13:00:00,12.734012603759766,443.2789916992187,597.07769775390625,0.28246378898620605,288.13134765625
2026-08-02 13:15:00,12.863651275634766,443.7576904296875,595.53863525390625,0.28185638785362244,288.4424743652344
2026-08-02 13:30:00,12.99325942993164,445.2576599121094,595.37689208984375,0.2819182872772217,289.41748046875
2026-08-02 13:45:00,13.11069107055664,446.5896301269531,595.1953125,0.281955748796463,290.28326416015625
2026-08-02 14:00:00,13.19498062133789,447.568115234375,595.09552001953125,0.2819964587688446,290.91925048828125
2026-08-02 14:15:00,13.249149322509766,447.9538269042969,594.7088623046875,0.28186482191085815,291.16998291015625
2026-08-02 14:30:00,13.26718521118164,448.0886535644531,594.5888671875,0.2818252146244049,291.2575988769531
2026-08-02 14:45:00,13.297306060791016,448.36907958984375,594.4620361328125,0.28179478645324707,291.43988037109375
2026-08-02 15:00:00,13.300296783447266,448.3468627929687,594.383056640625,0.2817594110965729,291.4254455566406
2026-08-02 15:15:00,13.279239654541016,448.0218200683594,594.300537109375,0.2816970944404602,291.21417236328125
2026-08-02 15:30:00,13.21304702758789,447.1695251464844,594.2657470703125,0.2816106081008911,290.6601867675781
2026-08-02 15:45:00,12.97818374633789,444.3773498535156,594.451416015625,0.28145068883895874,288.84527587890625
2026-08-02 16:00:00,12.89682388305664,443.3719482421875,594.4652099609375,0.2813692092895508,288.1917419433594
2026-08-02 16:15:00,12.815433502197266,442.55072021484375,594.72698974609375,0.2814079225063324,287.657958984375
2026-08-02 16:30:00,12.70383071899414,439.9032897949219,593.03704833984375,0.28046128153800964,285.9371337890625
2026-08-02 16:45:00,12.59518814086914,439.73345947265625,594.63702392578125,0.2811196446418762,285.8267517089844
2026-08-02 17:00:00,12.480472564697266,438.2886657714844,594.620361328125,0.28098204731941223,284.88763427734375
2026-08-02 17:15:00,12.38980484008789,437.1552734375,594.61865234375,0.28087788820266724,284.1509094238281
2026-08-02 17:30:00,12.293094635009766,435.892333984375,594.543212890625,0.28072986006736755,283.33001708984375
2026-08-02 17:45:00,12.21146011352539,434.9148254394531,594.60028076171875,0.2806628942489624,282.69464111328125
2026-08-02 18:00:00,12.150943756103516,434.0628967285156,594.4683837890625,0.28052791953086853,282.140869140625
2026-08-02 18:15:00,12.093448638916016,433.6419067382813,594.87554931640625,0.2806583642959595,281.8672180175781
2026-08-02 18:30:00,12.05105972290039,433.3748474121094,595.23602294921875,0.2807835638523102,281.6936340332031
2026-08-02 18:45:00,12.005619049072266,432.8255615234375,595.26177978515625,0.2807420790195465,281.33660888671875
2026-08-02 19:00:00,11.960208892822266,432.4075012207031,595.4677734375,0.28078803420066833,281.06488037109375
2026-08-02 19:15:00,11.908695220947266,432.0281066894531,595.83294677734375,0.280903697013855,280.8182678222656
2026-08-02 19:30:00,11.857181549072266,431.4499206542969,595.92462158203125,0.28088614344596863,280.44244384765625
2026-08-02 19:45:00,11.81167984008789,430.8826293945313,595.9276123046875,0.2808324098587036,280.0736999511719
2026-08-02 20:00:00,11.77835464477539,430.6086730957031,596.12567138671875,0.28088808059692383,279.8956298828125
2026-08-02 20:15:00,11.73587417602539,430.107421875,596.16802978515625,0.28085675835609436,279.56982421875
2026-08-02 20:30:00,11.690372467041016,429.6033325195313,596.259033203125,0.28084513545036316,279.2421569824219
2026-08-02 20:45:00,11.65091323852539,429.12310791015625,596.27825927734375,0.2808057963848114,278.9300231933594
2026-08-02 21:00:00,11.61752700805664,428.8139343261719,596.42974853515625,0.2808380424976349,278.7290344238281
2026-08-02 21:15:00,11.587162017822266,428.1391906738281,596.01983642578125,0.2806014120578766,278.29046630859375
2026-08-02 21:30:00,11.58414077758789,427.84033203125,595.65643310546875,0.2804211676120758,278.09619140625
2026-08-02 21:45:00,11.57199478149414,427.6495971679687,595.60235595703125,0.2803798019886017,277.97222900390625
2026-08-02 22:00:00,11.55679702758789,427.47760009765625,595.62762451171875,0.2803731858730316,277.8604431152344
2026-08-02 22:15:00,11.544681549072266,427.3820495605469,595.70562744140625,0.2803959846496582,277.7983093261719
2026-08-02 22:30:00,11.55679702758789,422.0633239746094,588.0836181640625,0.2767123878002167,274.3411560058594
2026-08-02 22:45:00,11.520389556884766,424.5939025878906,592.24053955078125,0.2786840796470642,275.98602294921875
2026-08-02 23:00:00,11.505191802978516,422.5861206054687,589.7025146484375,0.2774339020252228,274.68096923828125
2026-08-02 23:15:00,11.493045806884766,424.0334777832031,591.93292236328125,0.2785007655620575,275.62176513671875
2026-08-02 23:30:00,11.48392105102539,419.20697021484375,585.35186767578125,0.2752976715564728,272.4845275878906
2026-08-02 23:45:00,11.462650299072266,414.9388427734375,579.75372314453125,0.27255794405937195,269.7102355957031
2026-08-03 00:00:00,11.45962905883789,419.0392456054687,585.53472900390625,0.2753562927246094,272.37548828125
2026-08-03 00:15:00,11.447452545166016,418.4114379882813,584.866455078125,0.2750172019004822,271.9674377441406
2026-08-03 00:30:00,11.447452545166016,419.5730895996094,586.490234375,0.27580446004867554,272.7225036621094
2026-08-03 00:45:00,11.44137954711914,419.36322021484375,586.30145263671875,0.2757053077220917,272.5860900878906
2026-08-03 01:00:00,11.432254791259766,418.8880310058594,585.79400634765625,0.2754480242729187,272.2772216796875
2026-08-03 01:15:00,11.42618179321289,418.2321472167969,584.9810791015625,0.27504637837409973,271.85089111328125
2026-08-03 01:30:00,11.41098403930664,418.49163818359375,585.60546875,0.27533015608787537,272.0195617675781
2026-08-03 01:45:00,11.404911041259766,418.6142578125,585.881591796875,0.27545642852783203,272.0992431640625
2026-08-03 02:00:00,11.39273452758789,417.9552001953125,585.16864013671875,0.2750956118106842,271.6708679199219
2026-08-03 02:15:00,11.38058853149414,418.021240234375,585.47015380859375,0.2752266228199005,271.71380615234375
2026-08-03 02:30:00,11.36539077758789,418.0250549316406,585.7373046875,0.2753371596336365,271.7162780761719
2026-08-03 02:45:00,11.356266021728516,419.55523681640625,588.039306640625,0.27644145488739014,272.7109069824219
2026-08-03 03:00:00,11.34714126586914,425.1325378417969,596.01641845703125,0.2802979648113251,276.3361511230469
2026-08-03 03:15:00,11.34408950805664,425.306396484375,596.313720703125,0.28043827414512634,276.44915771484375
2026-08-03 03:30:00,11.338016510009766,426.6164855957031,598.257568359375,0.2813734710216522,277.30072021484375
2026-08-03 03:45:00,11.32889175415039,427.0655517578125,599.04827880859375,0.28174537420272827,277.59259033203125
2026-08-03 04:00:00,11.322818756103516,424.8416748046875,596.03546142578125,0.28027623891830444,276.1470642089844
2026-08-03 04:15:00,11.319766998291016,425.17083740234375,596.55084228515625,0.28052231669425964,276.36102294921875
2026-08-03 04:30:00,11.322818756103516,418.3565368652344,586.93707275390625,0.27586519718170166,271.9317321777344
2026-08-03 04:45:00,11.322818756103516,423.7630004882813,594.5220947265625,0.27954229712486267,275.4459533691406
2026-08-03 05:00:00,11.319766998291016,422.56640625,592.8966064453125,0.2787502110004425,274.66815185546875
2026-08-03 05:15:00,11.322818756103516,419.1368713378906,588.0318603515625,0.2763957679271698,272.43896484375
2026-08-03 05:30:00,11.319766998291016,418.0511474609375,586.56134033203125,0.27567926049232483,271.7332458496094
2026-08-03 05:45:00,11.31369400024414,421.5369873046875,591.55816650390625,0.2780936062335968,273.9990234375
2026-08-03 06:00:00,11.31369400024414,419.1953125,588.27197265625,0.2765006721019745,272.4769287109375
2026-08-03 06:15:00,11.325870513916016,428.7635192871094,601.48358154296875,0.2829230725765228,278.6962890625
2026-08-03 06:30:00,11.34408950805664,428.3697509765625,600.6087646484375,0.28252193331718445,278.4403381347656
2026-08-03 06:45:00,11.36233901977539,426.0848083496094,597.08428955078125,0.28083524107933044,276.9551086425781
2026-08-03 07:00:00,11.37753677368164,428.79388427734375,600.61199951171875,0.28256624937057495,278.71600341796875
2026-08-03 07:15:00,11.40793228149414,433.8706359863281,607.18011474609375,0.28579363226890564,282.0158996582031
2026-08-03 07:30:00,11.41403579711914,434.59869384765625,608.0899658203125,0.2862432301044464,282.4891357421875
2026-08-03 07:45:00,11.429203033447266,434.5255126953125,607.7166748046875,0.2860814034938812,282.4415588378906
2026-08-03 08:00:00,11.46872329711914,435.7684020996094,608.7484130859375,0.2866331934928894,283.24945068359375
2026-08-03 08:15:00,11.52341079711914,434.0427856445313,605.3665771484375,0.28506016731262207,282.1278076171875
2026-08-03 08:30:00,11.56894302368164,434.2181091308594,604.8045654296875,0.28484463691711426,282.24176025390625
2026-08-03 08:45:00,11.61752700805664,434.8807373046875,604.86798095703125,0.2849365174770355,282.6724548339844
2026-08-03 09:00:00,11.666080474853516,436.13616943359375,605.7550048828125,0.28542840480804443,283.4884948730469
2026-08-03 09:15:00,11.751041412353516,437.1041564941406,605.5987548828125,0.28545820713043213,284.1177062988281
2026-08-03 09:30:00,11.799564361572266,438.3987426757813,606.53607177734375,0.2859739661216736,284.95916748046875
2026-08-03 09:45:00,11.881412506103516,438.9208679199219,605.81781005859375,0.2857252359390259,285.2985534667969
2026-08-03 10:00:00,11.93899917602539,440.1888732910156,606.5555419921875,0.28615450859069824,286.1227722167969
2026-08-03 10:15:00,11.98141860961914,439.7700500488281,605.2354736328125,0.28556376695632935,285.85052490234375
2026-08-03 10:30:00,12.01169204711914,442.1546936035156,607.98541259765625,0.28693851828575134,287.4005432128906
2026-08-03 10:45:00,12.038944244384766,442.1241455078125,607.46539306640625,0.2867184281349182,287.38067626953125
2026-08-03 11:00:00,12.120670318603516,441.0705261230469,604.59210205078125,0.28541797399520874,286.6958312988281
2026-08-03 11:15:00,12.22354507446289,442.4919128417969,604.74957275390625,0.28561678528785706,287.6197204589844
2026-08-03 11:30:00,12.320316314697266,436.5101318359375,594.9219970703125,0.28094562888145447,283.7315673828125
2026-08-03 11:45:00,12.45328140258789,436.9529418945313,593.26776123046875,0.28029265999794006,284.0194091796875
2026-08-03 12:00:00,12.604251861572266,448.5976257324219,606.4676513671875,0.286895751953125,291.58843994140625
2026-08-03 12:15:00,12.77322769165039,450.4987182617187,606.1300048828125,0.28692197799682617,292.82415771484375
2026-08-03 12:30:00,12.893802642822266,451.0002746582031,604.74456787109375,0.2863801419734955,293.1501770019531
2026-08-03 12:45:00,13.10770034790039,454.4062194824219,605.66363525390625,0.2870626449584961,295.3640441894531
2026-08-03 13:00:00,13.282230377197266,457.567626953125,606.9124755859375,0.2878601849079132,297.4189453125
2026-08-03 13:15:00,13.42959976196289,460.3520812988281,608.10955810546875,0.28860124945640564,299.2288513183594
2026-08-03 13:30:00,13.519779205322266,460.3567810058594,606.59832763671875,0.28795650601387024,299.2319030761719
2026-08-03 13:45:00,13.703006744384766,461.7208557128906,605.32666015625,0.2875230014324188,300.1185302734375
2026-08-03 14:00:00,13.793094635009766,463.8291320800781,606.58612060546875,0.28823065757751465,301.4889221191406
2026-08-03 14:15:00,13.77505874633789,463.9373474121094,607.02838134765625,0.28842881321907043,301.55926513671875
2026-08-03 14:30:00,13.78708267211914,464.1565551757813,607.1146240234375,0.28848323225975037,301.7017517089844
2026-08-03 14:45:00,13.766056060791016,463.05328369140625,606.02154541015625,0.2879270315170288,300.984619140625
2026-08-03 15:00:00,13.84109878540039,465.1186218261719,607.47161865234375,0.2887125015258789,302.32708740234375
2026-08-03 15:15:00,13.817081451416016,465.4337158203125,608.28387451171875,0.28908586502075195,302.5318908691406
2026-08-03 15:30:00,13.68198013305664,461.61224365234375,605.5347900390625,0.2876034379005432,300.0479431152344
2026-08-03 15:45:00,13.59488296508789,459.4900207519531,604.2005615234375,0.2868616580963135,298.6684875488281
2026-08-03 16:00:00,13.510746002197266,459.8069152832031,606.02520751953125,0.2876669466495514,298.8744812011719
2026-08-03 16:15:00,13.378482818603516,457.71588134765625,605.48577880859375,0.287264883518219,297.51531982421875
2026-08-03 16:30:00,13.26718521118164,456.3777160644531,605.5880126953125,0.2871969938278198,296.6455078125
2026-08-03 16:45:00,13.08963394165039,455.4742736816406,607.39434814453125,0.28788843750953674,296.0582580566406
2026-08-03 17:00:00,13.017337799072266,454.8550109863281,607.799072265625,0.2880071997642517,295.6557312011719
2026-08-03 17:15:00,12.92093276977539,453.7368469238281,607.9495849609375,0.2879745364189148,294.9289245605469
2026-08-03 17:30:00,12.809391021728516,451.3167419433594,606.61077880859375,0.28719714283943176,293.3558654785156
2026-08-03 17:45:00,12.78226089477539,450.6264953613281,606.147216796875,0.2869406044483185,292.9071960449219
2026-08-03 18:00:00,12.73703384399414,449.5700073242187,605.49969482421875,0.28657403588294983,292.2204895019531
2026-08-03 18:15:00,12.68271255493164,449.4593200683594,606.2821044921875,0.2868945002555847,292.1485595703125
2026-08-03 18:30:00,12.610294342041016,448.5431213378906,606.2899169921875,0.28681614995002747,291.5530090332031
2026-08-03 18:45:00,12.45328140258789,446.6046752929687,606.372314453125,0.28667595982551575,290.29302978515625
2026-08-03 19:00:00,12.41098403930664,446.2484436035156,606.62017822265625,0.2867477834224701,290.0614929199219
2026-08-03 19:15:00,12.414005279541016,445.544921875,605.61163330078125,0.28625982999801636,289.60418701171875
2026-08-03 19:30:00,12.353580474853516,447.2738342285156,609.01214599609375,0.2878463566303253,290.7279968261719
2026-08-03 19:45:00,12.299137115478516,444.0506896972656,605.56610107421875,0.28610360622406006,288.6329345703125
2026-08-03 20:00:00,12.232608795166016,444.763916015625,607.6966552734375,0.2870628833770752,289.0965270996094
2026-08-03 20:15:00,12.13882827758789,440.8863525390625,604.02392578125,0.28516319394111633,286.57611083984375
2026-08-03 20:30:00,12.060123443603516,439.5289306640625,603.53082275390625,0.2848292291164398,285.69378662109375
2026-08-03 20:45:00,12.01773452758789,439.9691467285156,604.8746337890625,0.28543221950531006,285.9799499511719
2026-08-03 21:00:00,11.98141860961914,439.4840698242187,604.8419189453125,0.28537237644195557,285.6646423339844
2026-08-03 21:15:00,11.948062896728516,439.3164978027344,605.19476318359375,0.2855035364627838,285.55572509765625
2026-08-03 21:30:00,11.914737701416016,439.0743408203125,605.44482421875,0.28558462858200073,285.3983154296875
2026-08-03 21:45:00,11.881412506103516,437.7482299804687,604.19927978515625,0.28493815660476685,284.5363464355469
2026-08-03 22:00:00,11.83292007446289,437.8162841796875,605.143798828125,0.2853381037712097,284.58056640625
2026-08-03 22:15:00,11.848087310791016,435.9022521972656,602.23309326171875,0.283941388130188,283.3364562988281
2026-08-03 22:30:00,11.845035552978516,430.00347900390625,594.1361083984375,0.2800024151802063,279.50225830078125
2026-08-03 22:45:00,11.86624526977539,430.5350036621094,594.504638671875,0.280207097530365,279.8477478027344
2026-08-03 23:00:00,11.86929702758789,435.9836120605469,601.97509765625,0.2838418483734131,283.38934326171875
2026-08-03 23:15:00,11.826847076416016,439.9552612304687,608.20745849609375,0.28682059049606323,285.9709167480469
2026-08-03 23:30:00,11.793521881103516,440.2449951171875,609.1973876953125,0.2872607707977295,286.15924072265625
2026-08-03 23:45:00,11.81167984008789,439.5542297363281,607.9207763671875,0.28666236996650696,285.7102355957031
2026-08-04 00:00:00,11.82077407836914,440.1601257324219,608.59796142578125,0.2870030105113983,286.10406494140625
2026-08-04 00:15:00,11.857181549072266,440.0873107910156,607.854736328125,0.28668642044067383,286.0567321777344
2026-08-04 00:30:00,11.875370025634766,440.384765625,607.94482421875,0.2867526113986969,286.2500915527344
2026-08-04 00:45:00,11.896549224853516,441.2867736816406,608.81622314453125,0.28720253705978394,286.8363952636719
2026-08-04 01:00:00,11.917789459228516,441.7207946777344,609.04022216796875,0.2873375713825226,287.1184997558594
2026-08-04 01:15:00,11.91171646118164,440.0523681640625,606.84649658203125,0.2862628102302551,286.0340270996094
2026-08-04 01:30:00,11.926883697509766,437.5378112792969,603.11395263671875,0.2844657003879547,284.3995666503906
2026-08-04 01:45:00,11.948062896728516,430.88958740234375,593.58599853515625,0.2798588275909424,280.0782165527344
2026-08-04 02:00:00,11.92990493774414,433.02435302734375,596.84027099609375,0.28141891956329346,281.4658203125
2026-08-04 02:15:00,11.942020416259766,435.8711242675781,600.55340576171875,0.2832387685775757,283.31622314453125
2026-08-04 02:30:00,11.98746109008789,440.124267578125,605.61724853515625,0.28575682640075684,286.08074951171875
2026-08-04 02:45:00,12.10251235961914,440.12115478515625,603.60626220703125,0.28491663932800293,286.0787353515625
2026-08-04 03:00:00,12.014713287353516,439.0379333496094,603.6470947265625,0.284831166267395,285.3746337890625
2026-08-04 03:15:00,11.990482330322266,444.8052062988281,612.00482177734375,0.28886938095092773,289.1233825683594
2026-08-04 03:30:00,11.94504165649414,443.8484497070313,611.4913330078125,0.2885637581348419,288.5014953613281
2026-08-04 03:45:00,11.926883697509766,449.1037292480469,619.05670166015625,0.2922246754169464,291.91741943359375
2026-08-04 04:00:00,11.899600982666016,449.8200073242187,620.5341796875,0.2929101884365082,292.38299560546875
2026-08-04 04:15:00,11.84201431274414,448.0045166015625,619.0623779296875,0.2921215891838074,291.2029113769531
2026-08-04 04:30:00,11.83292007446289,449.17578125,620.8447265625,0.2929779291152954,291.9642333984375
2026-08-04 04:45:00,11.86624526977539,446.6640319824219,616.77642822265625,0.29103899002075195,290.33160400390625
2026-08-04 05:00:00,11.91171646118164,447.29974365234375,616.84088134765625,0.2911268472671509,290.74481201171875
2026-08-04 05:15:00,11.88443374633789,446.8611145019531,616.7232666015625,0.29103562235832214,290.459716796875
2026-08-04 05:30:00,11.914737701416016,447.5420837402344,617.12109375,0.29126691818237305,290.90234375
2026-08-04 05:45:00,11.932926177978516,448.2084655761719,617.714599609375,0.291578471660614,291.3354797363281
2026-08-04 06:00:00,11.98746109008789,448.63238525390625,617.32452392578125,0.2914557456970215,291.6110534667969
2026-08-04 06:15:00,12.005619049072266,447.4703674316406,615.40264892578125,0.2905420958995819,290.8557434082031
2026-08-04 06:30:00,11.99350357055664,446.9352111816406,614.88177490234375,0.29027363657951355,290.50787353515625
2026-08-04 06:45:00,11.893558502197266,446.3486022949219,615.85308837890625,0.2906233072280884,290.1265869140625
2026-08-04 07:00:00,11.77530288696289,444.9310607910156,616.0079345703125,0.29055118560791016,289.2051696777344
2026-08-04 07:15:00,11.71463394165039,444.0975036621094,615.94036865234375,0.29044198989868164,288.6633605957031
2026-08-04 07:30:00,11.653934478759766,443.6749267578125,616.44403076171875,0.290610134601593,288.3887023925781
2026-08-04 07:45:00,11.65091323852539,442.943603515625,615.48223876953125,0.29013845324516296,287.913330078125
2026-08-04 08:00:00,11.660037994384766,443.8258666992187,616.54400634765625,0.290666401386261,288.48681640625
2026-08-04 08:15:00,11.67520523071289,443.2761535644531,615.50799560546875,0.2901816964149475,288.1294860839844
2026-08-04 08:30:00,11.653934478759766,443.6233215332031,616.37237548828125,0.29057514667510986,288.35516357421875
2026-08-04 08:45:00,11.678226470947266,443.851318359375,616.25238037109375,0.29054760932922363,288.50335693359375
2026-08-04 09:00:00,11.71768569946289,444.8271789550781,616.89752197265625,0.29091140627861023,289.1376647949219
2026-08-04 09:15:00,11.772281646728516,445.7106018066406,617.14141845703125,0.2910988926887512,289.7118835449219
2026-08-04 09:30:00,11.83896255493164,445.3118896484375,615.39617919921875,0.2903330326080322,289.4527282714844
2026-08-04 09:45:00,11.848087310791016,445.5317077636719,615.53692626953125,0.29041290283203125,289.5956115722656
2026-08-04 10:00:00,11.90567398071289,446.7832946777344,616.23651123046875,0.2908249497413635,290.40911865234375
2026-08-04 10:15:00,11.917789459228516,446.5935974121094,615.7587890625,0.29060736298561096,290.28582763671875
2026-08-04 10:30:00,11.990482330322266,447.5046691894531,615.718994140625,0.2906775176525116,290.8780212402344
2026-08-04 10:45:00,12.00259780883789,448.77484130859375,617.25054931640625,0.29143834114074707,291.7036437988281
2026-08-04 11:00:00,12.00864028930664,447.6536560058594,615.60107421875,0.2906423509120941,290.974853515625
2026-08-04 11:15:00,12.02377700805664,447.54827880859375,615.18719482421875,0.2904593050479889,290.9063720703125
2026-08-04 11:30:00,11.98141860961914,446.9136657714844,615.06689453125,0.2903488576412201,290.4938659667969
2026-08-04 11:45:00,12.11764907836914,448.54449462890625,614.89044189453125,0.290429025888443,291.5539245605469
2026-08-04 12:00:00,12.749088287353516,354.6614074707031,477.510009765625,0.2245059609413147,230.5299072265625
2026-08-04 12:15:00,12.91189956665039,346.4532165527344,464.3211975097656,0.21829845011234283,225.194580078125
2026-08-04 12:30:00,12.749088287353516,344.4031677246094,463.698486328125,0.21785219013690948,223.8620452880859
2026-08-04 12:45:00,12.72494888305664,341.0956726074219,459.5589904785156,0.21583810448646543,221.7121734619141
2026-08-04 13:00:00,12.649539947509766,345.519775390625,466.5149230957031,0.2191172242164612,224.5878448486328
2026-08-04 13:15:00,12.718936920166016,345.41973876953125,465.4639587402344,0.21867476403713224,224.5228271484375
2026-08-04 13:30:00,13.08963394165039,348.5146179199219,464.7590942382813,0.218666672706604,226.5345001220703
2026-08-04 13:45:00,13.18295669555664,349.2904968261719,464.5796203613281,0.21866171061992645,227.038818359375
2026-08-04 14:00:00,13.276248931884766,350.3367004394531,464.7600402832031,0.2188294976949692,227.7188415527344
2026-08-04 14:15:00,12.963138580322266,347.8893127441406,465.574462890625,0.21894782781600952,226.1280517578125
2026-08-04 14:30:00,12.76718521118164,346.27532958984375,465.9806823730469,0.21896740794181824,225.07894897460935
2026-08-04 14:45:00,12.622379302978516,345.3668212890625,466.6677856445313,0.2191658318042755,224.48841857910156
2026-08-04 15:00:00,12.471378326416016,343.8613586425781,466.6329650878906,0.21900898218154907,223.50987243652344
2026-08-04 15:15:00,12.513675689697266,342.7772216796875,464.6017456054687,0.2180711030960083,222.80519104003903
2026-08-04 15:30:00,12.649539947509766,346.1241149902344,467.3309020996094,0.21951010823249817,224.9806671142578
2026-08-04 15:45:00,12.917911529541016,348.2558898925781,466.658203125,0.219429612159729,226.36631774902344
2026-08-04 16:00:00,12.95407485961914,348.4963073730469,466.5056457519531,0.219388410449028,226.52259826660156
2026-08-04 16:15:00,12.875736236572266,347.6453552246094,466.39361572265625,0.21926432847976685,225.9694671630859
2026-08-04 16:30:00,12.770206451416016,346.5386962890625,466.2952880859375,0.21912166476249695,225.25013732910156
2026-08-04 16:45:00,12.64047622680664,345.97540283203125,467.2501831054687,0.21946287155151367,224.88400268554687
2026-08-04 17:00:00,12.571048736572266,345.2750244140625,467.2243041992187,0.2193862944841385,224.4287567138672
2026-08-04 17:15:00,12.50461196899414,344.2446594238281,466.7111206054687,0.21907757222652435,223.7590179443359
2026-08-04 17:30:00,12.374698638916016,342.5491943359375,466.1366271972656,0.21867941319942472,222.6569671630859
2026-08-04 17:45:00,12.34146499633789,342.46820068359375,466.4693908691406,0.2188080847263336,222.6043243408203
2026-08-04 18:00:00,12.21445083618164,342.42120361328125,468.1060791015625,0.21947401762008667,222.5737762451172
2026-08-04 18:15:00,12.156986236572266,342.0145568847656,468.3227233886719,0.2195228934288025,222.3094482421875
2026-08-04 18:30:00,12.120670318603516,341.6278991699219,468.2823181152344,0.2194683402776718,222.05812072753903
2026-08-04 18:45:00,12.02078628540039,337.6286926269531,464.1349182128906,0.21737852692604065,219.45864868164065
2026-08-04 19:00:00,12.08737564086914,347.2986145019531,476.5120239257813,0.2233930677175522,225.7440948486328
2026-08-04 19:15:00,12.120670318603516,348.1363525390625,477.2037048339844,0.22375859320163727,226.2886199951172
2026-08-04 19:30:00,12.150943756103516,348.1763610839844,476.8429870605469,0.22361472249031067,226.3146209716797
2026-08-04 19:45:00,12.120670318603516,347.98919677734375,477.0019836425781,0.22366152703762057,226.1929626464844
2026-08-04 20:00:00,12.014713287353516,347.08892822265625,477.2234802246094,0.22366337478160855,225.6077880859375
2026-08-04 20:15:00,11.932926177978516,346.4842834472656,477.519775390625,0.22372420132160187,225.21478271484375
2026-08-04 20:30:00,11.88443374633789,345.7980651855469,477.2438354492187,0.22354285418987271,224.76873779296875
2026-08-04 20:45:00,11.829898834228516,345.5717468261719,477.6865234375,0.223700612783432,224.6216278076172
2026-08-04 21:00:00,11.75711441040039,345.4235534667969,478.49261474609375,0.22401407361030579,224.52529907226565
2026-08-04 21:15:00,11.690372467041016,344.97607421875,478.8023681640625,0.22409458458423617,224.23443603515625
2026-08-04 21:30:00,11.65091323852539,344.3196105957031,478.4414978027344,0.2238805890083313,223.8077392578125
2026-08-04 21:45:00,11.60538101196289,343.9513854980469,478.565673828125,0.2238931953907013,223.56838989257812
2026-08-04 22:00:00,11.602359771728516,344.1786193847656,478.9241333007813,0.2240622192621231,223.71609497070312
2026-08-04 22:15:00,11.581119537353516,344.2066650390625,479.2606201171875,0.22420182824134827,223.7343292236328
2026-08-04 22:30:00,11.55984878540039,344.4460754394531,479.8924255371094,0.22448314726352692,223.8899383544922
2026-08-04 22:45:00,11.526432037353516,344.4701232910156,480.3956298828125,0.22468996047973633,223.90557861328125
2026-08-04 23:00:00,11.511234283447266,343.9620666503906,479.9006652832031,0.22443634271621704,223.57533264160156
2026-08-04 23:15:00,11.48392105102539,344.2578430175781,480.6980590820313,0.2247905880212784,223.76759338378903
2026-08-04 23:30:00,11.462650299072266,343.1052551269531,479.38763427734375,0.224139004945755,223.01840209960935
2026-08-04 23:45:00,11.389713287353516,344.03460693359375,481.717041015625,0.22518032789230347,223.6224822998047
2026-08-05 00:00:00,11.420108795166016,346.7331237792969,485.0619812011719,0.2268189638853073,225.37652587890625
2026-08-05 00:15:00,11.42313003540039,344.242431640625,481.5348815917969,0.22512830793857577,223.757568359375
2026-08-05 00:30:00,11.39578628540039,343.43402099609375,480.7902526855469,0.22474181652069092,223.2321014404297
2026-08-05 00:45:00,11.371463775634766,344.052490234375,482.000732421875,0.22529709339141848,223.6341094970703
2026-08-05 01:00:00,11.350162506103516,344.2201843261719,482.5380859375,0.22553232312202456,223.7431182861328
2026-08-05 01:15:00,11.33499526977539,343.23529052734375,481.3723754882813,0.22495655715465543,223.10293579101565
2026-08-05 01:30:00,11.319766998291016,343.17144775390625,481.4987487792969,0.22500096261501312,223.06143188476565
2026-08-05 01:45:00,11.304569244384766,343.51708984375,482.19964599609375,0.22532111406326297,223.28610229492188
2026-08-05 02:00:00,11.283267974853516,343.6266784667969,482.6565551757813,0.22551754117012024,223.35733032226565
2026-08-05 02:15:00,11.277164459228516,342.7419738769531,481.5005798339844,0.2249561846256256,222.7822723388672
2026-08-05 02:30:00,11.271121978759766,342.74139404296875,481.5856323242187,0.22499047219753265,222.78189086914065
2026-08-05 02:45:00,11.25589370727539,342.5894470214844,481.5885009765625,0.2249755561351776,222.68313598632812
2026-08-05 03:00:00,11.246768951416016,343.43853759765625,482.91217041015625,0.22560091316699984,223.23504638671875
2026-08-05 03:15:00,11.246768951416016,341.80755615234375,480.6188354492187,0.22450044751167297,222.1748962402344
2026-08-05 03:30:00,11.240665435791016,341.65252685546875,480.4874877929687,0.2244308441877365,222.07412719726565
2026-08-05 03:45:00,11.246768951416016,342.1221923828125,481.0612487792969,0.22471272945404053,222.37940979003903
2026-08-05 04:00:00,11.243717193603516,342.35784912109375,481.4360046386719,0.22488927841186523,222.5325927734375
2026-08-05 04:15:00,11.249820709228516,342.245849609375,481.1918029785156,0.22477862238883972,222.4597930908203
2026-08-05 04:30:00,11.23459243774414,344.1603088378906,484.10113525390625,0.22615841031074524,223.7041931152344
2026-08-05 04:45:00,11.23459243774414,344.5270080566406,484.616943359375,0.22640599310398105,223.9425506591797
2026-08-05 05:00:00,11.225467681884766,342.9179382324219,482.483642578125,0.2253722846508026,222.8966522216797
2026-08-05 05:15:00,11.228519439697266,345.6202087402344,486.2418823242187,0.2271793633699417,224.6531219482422
2026-08-05 05:30:00,11.228519439697266,347.27703857421875,488.57281494140625,0.2282984554767609,225.7300720214844
2026-08-05 05:45:00,11.18893814086914,348.228759765625,490.4853515625,0.2291734665632248,226.3486785888672
2026-08-05 06:00:00,11.21329116821289,348.08123779296875,489.9246520996094,0.2289309203624725,226.25279235839844
2026-08-05 06:15:00,11.23764419555664,348.1164855957031,489.6217956542969,0.228812113404274,226.2757110595703
2026-08-05 06:30:00,11.225467681884766,348.0784606933594,489.7444763183594,0.22885774075984955,226.25099182128903
2026-08-05 06:45:00,11.21634292602539,348.3354797363281,490.2382507324219,0.22908490896224976,226.4180603027344
2026-08-05 07:00:00,11.225467681884766,348.2521057128906,489.98876953125,0.2289750576019287,226.3638610839844
2026-08-05 07:15:00,11.243717193603516,348.6455078125,490.2779235839844,0.22913385927677157,226.61956787109375
2026-08-05 07:30:00,11.268070220947266,348.7435302734375,490.0633544921875,0.22905738651752472,226.68328857421875
2026-08-05 07:45:00,11.29849624633789,349.7103576660156,490.9811401367187,0.22953136265277865,227.3117218017578
2026-08-05 08:00:00,11.33499526977539,349.4470520019531,490.0840759277344,0.2291400134563446,227.1405792236328
2026-08-05 08:15:00,11.368412017822266,349.713623046875,489.9756774902344,0.2291240692138672,227.3138427734375
2026-08-05 08:30:00,11.39883804321289,350.09808349609375,490.07562255859375,0.22920489311218264,227.56375122070312
2026-08-05 08:45:00,11.420108795166016,350.4340515136719,490.2393798828125,0.2293064445257187,227.78211975097656
2026-08-05 09:00:00,11.45962905883789,351.3409423828125,490.9380798339844,0.22968468070030212,228.37159729003903
2026-08-05 09:15:00,11.52341079711914,354.8578186035156,494.926025390625,0.23167051374912265,230.65757751464844
2026-08-05 09:30:00,11.550724029541016,351.3042297363281,489.578125,0.2291279733181,228.3477478027344
2026-08-05 09:45:00,11.54770278930664,353.6529846191406,492.8949279785156,0.2307196259498596,229.8744354248047
2026-08-05 10:00:00,11.56894302368164,354.6863098144531,494.0279846191406,0.23128721117973328,230.5460968017578
2026-08-05 10:15:00,11.60843276977539,357.02838134765625,496.7164306640625,0.23262275755405423,232.0684356689453
2026-08-05 10:30:00,11.660037994384766,355.75946044921875,494.2059020996094,0.2314694970846176,231.24363708496097
2026-08-05 10:45:00,11.699466705322266,355.35662841796875,493.07916259765625,0.2309689223766327,230.98179626464844
2026-08-05 11:00:00,11.77530288696289,359.72772216796875,498.0437316894531,0.23343835771083832,233.8230133056641
2026-08-05 11:15:00,11.890506744384766,358.4495544433594,494.6174011230469,0.23190848529338837,232.99220275878903
2026-08-05 11:30:00,11.98440933227539,356.05694580078125,489.9826354980469,0.22977294027805328,231.43701171875
2026-08-05 11:45:00,12.302188873291016,357.46246337890625,487.4404296875,0.2288661003112793,232.3505859375
2026-08-05 12:00:00,12.66159439086914,362.573486328125,489.373291015625,0.23014573752880096,235.67276000976565
2026-08-05 12:15:00,12.893802642822266,364.5158386230469,488.7779235839844,0.23007677495479584,236.9352874755859
2026-08-05 12:30:00,13.07455825805664,366.86279296875,489.4338073730469,0.23056022822856903,238.46080017089844
2026-08-05 12:45:00,13.20401382446289,367.7574462890625,488.8543395996094,0.23039774596691132,239.04232788085935
2026-08-05 13:00:00,13.35745620727539,369.1096801757813,488.5591735839844,0.23039239645004272,239.92127990722656
2026-08-05 13:15:00,13.498722076416016,370.0689697265625,487.9130554199219,0.23020443320274353,240.54481506347656
2026-08-05 13:30:00,13.531803131103516,370.5911254882813,488.15435791015625,0.230350062251091,240.88421630859375
2026-08-05 13:45:00,13.745059967041016,372.5,487.791259765625,0.23035837709903717,242.12498474121097
2026-08-05 14:00:00,13.84408950805664,373.3444213867187,487.5693054199219,0.230334997177124,242.67385864257812
2026-08-05 14:15:00,13.847110748291016,374.0984191894531,488.5134887695313,0.23079471290111545,243.16397094726565
2026-08-05 14:30:00,13.82010269165039,372.8001708984375,487.1789855957031,0.2301257848739624,242.32009887695312
2026-08-05 14:45:00,13.83810806274414,373.2430114746094,487.5168151855469,0.2303045690059662,242.6079559326172
2026-08-05 15:00:00,13.80508804321289,373.2803649902344,488.0075988769531,0.23051421344280243,242.63223266601565
2026-08-05 15:15:00,13.745059967041016,370.14697265625,484.7099609375,0.2288672477006912,240.59552001953125
2026-08-05 15:30:00,13.645938873291016,372.3679809570313,488.9512023925781,0.23083464801311493,242.0391845703125
2026-08-05 15:45:00,13.53781509399414,371.2011413574219,488.8766174316406,0.23070472478866577,241.28073120117187
2026-08-05 16:00:00,13.411563873291016,370.6089782714844,489.8070068359375,0.23104378581047055,240.8958282470703
2026-08-05 16:15:00,13.225101470947266,368.7095642089844,489.8316345214844,0.2308891713619232,239.6612091064453
2026-08-05 16:30:00,12.99325942993164,367.0265502929687,490.77008056640625,0.23113112151622772,238.56724548339844
2026-08-05 16:45:00,12.875736236572266,365.6033325195313,490.4856567382813,0.2308846414089203,237.64215087890625
2026-08-05 17:00:00,12.740055084228516,364.0853271484375,490.3234252929687,0.2306787669658661,236.65545654296875
2026-08-05 17:15:00,12.59518814086914,363.3883361816406,491.39801025390625,0.23105931282043457,236.2024078369141
2026-08-05 17:30:00,12.444217681884766,363.2104187011719,493.2721862792969,0.2318171858787537,236.08676147460935
2026-08-05 17:45:00,12.34146499633789,362.4920959472656,493.7435607910156,0.2319435030221939,235.6198577880859
2026-08-05 18:00:00,12.25076675415039,362.95709228515625,495.6628112792969,0.23277881741523743,235.9221038818359
2026-08-05 18:15:00,12.150943756103516,361.6876525878906,495.3472900390625,0.2325263470411301,235.0969696044922
2026-08-05 18:30:00,12.10251235961914,361.7725524902344,496.1546630859375,0.23286645114421844,235.1521453857422
2026-08-05 18:45:00,12.02377700805664,360.71588134765625,495.829833984375,0.2326297014951706,234.46531677246097
2026-08-05 19:00:00,11.98746109008789,360.3666687011719,495.8696594238281,0.23261164128780365,234.2383270263672
2026-08-05 19:15:00,11.932926177978516,359.4423828125,495.3784484863281,0.2323189079761505,233.63754272460935
2026-08-05 19:30:00,11.87839126586914,358.6368103027344,495.0495910644531,0.2321041077375412,233.11392211914065
2026-08-05 19:45:00,11.829898834228516,358.5474853515625,495.62298583984375,0.2323298752307892,233.0558624267578
2026-08-05 20:00:00,11.78439712524414,357.241943359375,494.471435546875,0.23172800242900848,232.2072601318359
2026-08-05 20:15:00,11.73892593383789,350.6416320800781,485.97802734375,0.2275940328836441,227.91705322265625
2026-08-05 20:30:00,11.690372467041016,355.04669189453125,492.7796630859375,0.23081520199775696,230.78033447265625
2026-08-05 20:45:00,11.65091323852539,353.4289245605469,491.0991516113281,0.22996529936790464,229.72879028320312
2026-08-05 21:00:00,11.623600006103516,354.0730285644531,492.3865661621094,0.2305557280778885,230.1474609375
2026-08-05 21:15:00,11.590213775634766,355.6781921386719,495.1014709472656,0.23182633519172668,231.19081115722656
2026-08-05 21:30:00,11.553775787353516,355.5100402832031,495.39508056640625,0.23192866146564484,231.08151245117187
2026-08-05 21:45:00,11.53250503540039,354.3162536621094,494.03912353515625,0.2312536984682083,230.30555725097656
2026-08-05 22:00:00,11.47177505493164,345.1393127441406,482.1005554199219,0.22545135021209717,224.34054565429687
2026-08-05 22:15:00,11.502140045166016,350.3108825683594,488.888916015625,0.2287450879812241,227.7020721435547
2026-08-05 22:30:00,11.514286041259766,351.7303771972656,490.6952819824219,0.2296263426542282,228.6247406005859
2026-08-05 22:45:00,11.465702056884766,352.3095703125,492.2038879394531,0.2302996814250946,229.0012054443359
2026-08-05 23:00:00,11.42618179321289,351.2099304199219,491.2371520996094,0.2297924906015396,228.2864532470703
2026-08-05 23:15:00,11.39883804321289,346.8534240722656,485.5336608886719,0.2270228415727615,225.4547119140625
2026-08-05 23:30:00,11.374515533447266,345.2978515625,483.7019958496094,0.22611719369888303,224.4435882568359
2026-08-05 23:45:00,11.35928726196289,343.2197265625,481.00640869140625,0.2248067855834961,223.0928192138672
2026-08-06 00:00:00,11.341068267822266,343.12890625,481.1371154785156,0.2248501181602478,223.0337829589844
2026-08-06 00:15:00,11.322818756103516,342.2340087890625,480.1402893066406,0.22435219585895536,222.4521026611328
2026-08-06 00:30:00,11.31369400024414,341.7442321777344,479.58209228515625,0.224074587225914,222.1337432861328
2026-08-06 00:45:00,11.286319732666016,342.26007080078125,480.6937561035156,0.22457881271839145,222.4690399169922
2026-08-06 01:00:00,11.283267974853516,341.8673095703125,480.1853637695313,0.2243315875530243,222.2137451171875
2026-08-06 01:15:00,11.277164459228516,340.2920837402344,478.058837890625,0.22330473363399503,221.18984985351565
2026-08-06 01:30:00,11.265018463134766,339.359130859375,476.9190979003906,0.22274507582187653,220.5834197998047
2026-08-06 01:45:00,11.249820709228516,344.67071533203125,484.6011047363281,0.22641487419605255,224.03594970703125
2026-08-06 02:00:00,11.243717193603516,348.5596923828125,490.1572570800781,0.22907590866088867,226.5637969970703
2026-08-06 02:15:00,11.225467681884766,348.7180480957031,490.6443481445313,0.2292898595333099,226.66671752929687
2026-08-06 02:30:00,11.21634292602539,347.44384765625,488.9833984375,0.22848235070705417,225.83848571777344
2026-08-06 02:45:00,11.201114654541016,347.7120666503906,489.5812377929687,0.2287527173757553,226.01283264160156
2026-08-06 03:00:00,11.19504165649414,347.90252685546875,489.9373779296875,0.22891706228256223,226.13662719726565
2026-08-06 03:15:00,11.179813385009766,347.62847900390625,489.77203369140625,0.2288209497928619,225.95849609375
2026-08-06 03:30:00,11.173709869384766,347.60504150390625,489.8274841308594,0.2288408726453781,225.94326782226565
2026-08-06 03:45:00,11.14328384399414,346.938720703125,489.3290710449219,0.22856807708740232,225.51016235351565
2026-08-06 04:00:00,11.14023208618164,351.645263671875,496.01214599609375,0.2317738980054855,228.5694122314453
2026-08-06 04:15:00,11.149356842041016,348.8499755859375,491.9363098144531,0.22982653975486755,226.75247192382812
2026-08-06 04:30:00,11.128055572509766,348.1150817871094,491.2098083496094,0.22945420444011688,226.27479553222656
2026-08-06 04:45:00,11.11282730102539,349.5150146484375,493.4078369140625,0.23049263656139377,227.18475341796875
2026-08-06 05:00:00,11.10672378540039,349.68975830078125,493.7438659667969,0.23064719140529633,227.29833984375
2026-08-06 05:15:00,11.09152603149414,345.72576904296875,488.3670043945313,0.22804923355579376,224.72174072265625
2026-08-06 05:30:00,11.07626724243164,355.5897216796875,502.5281372070313,0.23483262956142423,231.13331604003903
2026-08-06 05:45:00,11.07626724243164,349.7798156738281,494.31744384765625,0.23088864982128143,227.35687255859375
2026-08-06 06:00:00,11.070194244384766,347.7345886230469,491.5156555175781,0.2295367568731308,226.02748107910156
2026-08-06 06:15:00,11.05191421508789,346.66619873046875,490.2715148925781,0.22891929745674133,225.33302307128903
2026-08-06 06:30:00,11.039737701416016,357.51953125,505.8037414550781,0.23636527359485623,232.38768005371097
2026-08-06 06:45:00,11.021427154541016,351.9709167480469,498.2248229980469,0.2327033132314682,228.7810821533203
2026-08-06 07:00:00,11.04275894165039,351.6231689453125,497.4171752929687,0.2323395162820816,228.5550537109375
2026-08-06 07:15:00,11.057987213134766,353.0998229980469,499.28021240234375,0.23325154185295105,229.5148773193359
2026-08-06 07:30:00,11.07626724243164,352.5687255859375,498.2587890625,0.23278148472309113,229.1696624755859
2026-08-06 07:45:00,11.11282730102539,351.66571044921875,496.4439697265625,0.23195071518421173,228.58270263671875
2026-08-06 08:00:00,11.16153335571289,350.7380065917969,494.4204406738281,0.231033056974411,227.9796905517578
2026-08-06 08:15:00,11.201114654541016,352.249755859375,495.9703369140625,0.23182140290737152,228.9623260498047
2026-08-06 08:30:00,11.240665435791016,352.1103515625,495.1949768066406,0.2314925491809845,228.87171936035156
2026-08-06 08:45:00,11.29849624633789,353.4930725097656,496.29193115234375,0.2320832759141922,229.77049255371097
2026-08-06 09:00:00,11.36539077758789,353.7458801269531,495.6692504882813,0.231857106089592,229.934814453125
2026-08-06 09:15:00,11.42618179321289,354.22039794921875,495.4479064941406,0.23181672394275665,230.2432556152344
2026-08-06 09:30:00,11.489994049072266,355.011474609375,495.6253967285156,0.23197096586227417,230.7574462890625
2026-08-06 09:45:00,11.62967300415039,356.2890625,495.38043212890625,0.23200246691703796,231.58787536621097
2026-08-06 10:00:00,11.82382583618164,357.80841064453125,494.6885681152344,0.2318735271692276,232.5754547119141
2026-08-06 10:15:00,12.00259780883789,359.63958740234375,494.6528015136719,0.23204083740711212,233.7657165527344
2026-08-06 10:30:00,12.16305923461914,361.1874084472656,494.4898681640625,0.2321252077817917,234.7718048095703
2026-08-06 10:45:00,12.29007339477539,362.88275146484375,495.0033264160156,0.23249995708465576,235.873779296875
2026-08-06 11:00:00,12.432132720947266,364.29144287109375,494.910888671875,0.23259583115577695,236.7894287109375
2026-08-06 11:15:00,12.604251861572266,362.87945556640625,490.5836181640625,0.23067496716976169,235.87164306640625
2026-08-06 11:30:00,12.73703384399414,365.9315490722656,492.8518981933594,0.2318965494632721,237.85549926757812
2026-08-06 11:45:00,12.88174819946289,367.5993957519531,493.08001708984375,0.23214326798915863,238.93960571289065
2026-08-06 12:00:00,12.990238189697266,368.46728515625,492.7383728027344,0.23207928240299225,239.50372314453125
2026-08-06 12:15:00,13.086612701416016,369.59027099609375,492.9060363769531,0.2322491705417633,240.23367309570312
2026-08-06 12:30:00,13.140811920166016,368.8385314941406,491.157958984375,0.23145386576652527,239.7450408935547
2026-08-06 12:45:00,13.22208023071289,369.6392517089844,491.1080932617187,0.2315034866333008,240.2655029296875
2026-08-06 13:00:00,13.351444244384766,366.8971252441406,485.7117919921875,0.22901050746440887,238.48312377929687
2026-08-06 13:15:00,13.47769546508789,371.8736877441406,490.5780944824219,0.2314751297235489,241.7178955078125
2026-08-06 13:30:00,13.57986831665039,371.1607360839844,488.2555541992187,0.2304408103227615,241.2544708251953
2026-08-06 13:45:00,13.687992095947266,374.7995300292969,491.5740051269531,0.2321404665708542,243.61968994140625
2026-08-06 14:00:00,13.522769927978516,369.2548828125,486.5158081054687,0.22954969108104703,240.0156707763672
2026-08-06 14:15:00,13.600894927978516,379.3885192871094,498.7892761230469,0.2355584055185318,246.60252380371097
2026-08-06 14:30:00,13.585880279541016,376.13818359375,494.7210998535156,0.2335752248764038,244.48980712890625
2026-08-06 14:45:00,13.16489028930664,374.2960205078125,498.0899658203125,0.23482774198055267,243.2924041748047
2026-08-06 15:00:00,13.026371002197266,372.21038818359375,497.2393493652344,0.23428836464881897,241.93673706054687
2026-08-06 15:15:00,13.16788101196289,378.7135009765625,503.9263610839844,0.2376544326543808,246.1637725830078
2026-08-06 15:30:00,13.333377838134766,377.1703796386719,499.5627746582031,0.2356940358877182,245.1607360839844
2026-08-06 15:45:00,13.64896011352539,511.1685485839844,671.15234375,0.3197520077228546,332.2595520019531
2026-08-06 16:00:00,13.642948150634766,511.3695373535156,671.52752685546875,0.319929838180542,332.39019775390625
2026-08-06 16:15:00,13.300296783447266,506.7957458496094,671.8699951171875,0.31970757246017456,329.417236328125
2026-08-06 16:30:00,13.10770034790039,504.6751098632813,672.6654052734375,0.3198724687099457,328.038818359375
2026-08-06 16:45:00,12.96915054321289,503.11224365234375,673.1929931640625,0.31996607780456543,327.02294921875
2026-08-06 17:00:00,12.815433502197266,501.2846984863281,673.6573486328125,0.3200075924396515,325.8350524902344
2026-08-06 17:15:00,12.66763687133789,499.4295959472656,673.97552490234375,0.3199816048145294,324.62921142578125
2026-08-06 17:30:00,12.55295181274414,497.9089050292969,674.1142578125,0.31990644335746765,323.6407775878906
2026-08-06 17:45:00,12.462345123291016,496.5900268554687,674.06512451171875,0.3197680413722992,322.78350830078125
2026-08-06 18:00:00,12.398868560791016,495.6588439941406,674.020751953125,0.3196656107902527,322.17822265625
2026-08-06 18:15:00,12.31424331665039,495.0290832519531,674.7950439453125,0.3199364244937897,321.7688903808594
2026-08-06 18:30:00,12.241703033447266,492.5787963867187,672.85223388671875,0.3188914656639099,320.17620849609375
2026-08-06 18:45:00,12.169071197509766,490.2420043945313,671.058349609375,0.31791916489601135,318.65728759765625
2026-08-06 19:00:00,12.090396881103516,489.7543029785156,671.91033935546875,0.31823328137397766,318.34027099609375
2026-08-06 19:15:00,12.01773452758789,488.4370422363281,671.50885009765625,0.317941278219223,317.48406982421875
2026-08-06 19:30:00,11.957157135009766,487.49859619140625,671.39288330078125,0.31780433654785156,316.87408447265625
2026-08-06 19:45:00,11.88748550415039,486.26318359375,671.04364013671875,0.3175406754016876,316.071044921875
2026-08-06 20:00:00,11.829898834228516,485.69195556640625,671.37579345703125,0.3176257610321045,315.69976806640625
2026-08-06 20:15:00,11.76620864868164,485.546875,672.41839599609375,0.3180493414402008,315.60546875
2026-08-06 20:30:00,11.653934478759766,483.65179443359375,671.98809814453125,0.31768599152565,314.3736572265625
2026-08-06 20:45:00,11.62057876586914,482.9881591796875,671.7198486328125,0.31750917434692383,313.9422912597656
2026-08-06 21:00:00,11.590213775634766,482.2564697265625,671.29754638671875,0.31726112961769104,313.4667053222656
2026-08-06 21:15:00,11.57199478149414,481.4023132324219,670.46563720703125,0.3168298006057739,312.9114990234375
2026-08-06 21:30:00,11.55984878540039,480.8490905761719,669.93310546875,0.3165530562400818,312.5519104003906
2026-08-06 21:45:00,11.54770278930664,480.2903442382813,669.392578125,0.3162723481655121,312.188720703125
2026-08-06 22:00:00,11.578067779541016,492.2678527832031,685.47674560546875,0.3241722881793976,319.9740905761719
2026-08-06 22:15:00,11.626651763916016,493.324951171875,685.97412109375,0.32448363304138184,320.66119384765625
2026-08-06 22:30:00,11.575016021728516,494.2316284179687,688.27264404296875,0.3255349099636078,321.25054931640625
2026-08-06 22:45:00,11.56290054321289,493.0319213867187,686.8453369140625,0.32482001185417175,320.4707336425781
2026-08-06 23:00:00,11.54770278930664,493.0728759765625,687.2078857421875,0.3249758183956146,320.4973449707031
2026-08-06 23:15:00,11.52341079711914,492.87249755859375,687.4173583984375,0.32504382729530334,320.36712646484375
2026-08-06 23:30:00,11.49606704711914,491.4253234863281,685.9483642578125,0.3242870569229126,319.42645263671875
2026-08-06 23:45:00,11.474796295166016,490.5946960449219,685.21612548828125,0.3238990604877472,318.88653564453125
2026-08-07 00:00:00,11.45352554321289,490.4189453125,685.39825439453125,0.32395777106285095,318.7723083496094
2026-08-07 00:15:00,11.45657730102539,490.3003845214844,685.17120361328125,0.32385125756263733,318.69525146484375
2026-08-07 00:30:00,11.465702056884766,490.0567626953125,684.64739990234375,0.3236081898212433,318.5368957519531
2026-08-07 00:45:00,11.447452545166016,489.6795654296875,684.4869384765625,0.32350388169288635,318.2917175292969
2026-08-07 01:00:00,11.435306549072266,489.94683837890625,685.10479736328125,0.32378846406936646,318.4654235839844
2026-08-07 01:15:00,11.44137954711914,488.9714050292969,683.618896484375,0.3230712115764618,317.8313903808594
2026-08-07 01:30:00,11.432254791259766,488.4596557617187,683.08648681640625,0.32279810309410095,317.498779296875
2026-08-07 01:45:00,11.42313003540039,488.7305908203125,683.6485595703125,0.32305970788002014,317.67486572265625
2026-08-07 02:00:00,11.41403579711914,487.2461853027344,681.7542724609375,0.32212144136428833,316.71002197265625
2026-08-07 02:15:00,11.41098403930664,488.7441711425781,683.91156005859375,0.32317084074020386,317.6836853027344
2026-08-07 02:30:00,11.404911041259766,488.3155517578125,683.4337158203125,0.3229287266731262,317.40509033203125
2026-08-07 02:45:00,11.39578628540039,487.97998046875,683.14727783203125,0.32277584075927734,317.1869812011719
2026-08-07 03:00:00,11.38058853149414,488.0125732421875,683.498291015625,0.32292550802230835,317.2081604003906
2026-08-07 03:15:00,11.386661529541016,487.8902893066406,683.20501708984375,0.3227910101413727,317.128662109375
2026-08-07 03:30:00,11.39273452758789,487.9837646484375,683.21392822265625,0.3228040039539337,317.1894226074219
2026-08-07 03:45:00,11.39883804321289,487.75543212890625,682.77166748046875,0.3225966989994049,317.041015625
2026-08-07 04:00:00,11.39578628540039,487.1991882324219,682.05419921875,0.32224199175834656,316.6794738769531
2026-08-07 04:15:00,11.374515533447266,487.1276245117187,682.3807373046875,0.3223710358142853,316.6329345703125
2026-08-07 04:30:00,11.374515533447266,486.76324462890625,681.87030029296875,0.32212182879447937,316.3960876464844
2026-08-07 04:45:00,11.39273452758789,486.7342529296875,681.4644775390625,0.3219496011734009,316.37725830078125
2026-08-07 05:00:00,11.45962905883789,487.5104370117187,681.21136474609375,0.3219209611415863,316.88177490234375
2026-08-07 05:15:00,11.47177505493164,487.4728698730469,680.91619873046875,0.32179394364356995,316.85736083984375
2026-08-07 05:30:00,11.48086929321289,487.1689147949219,680.31011962890625,0.3215106725692749,316.6597900390625
2026-08-07 05:45:00,11.70553970336914,490.9364013671875,681.08392333984375,0.322202205657959,319.108642578125
2026-08-07 06:00:00,11.638797760009766,491.0799865722656,682.6103515625,0.32285603880882263,319.20196533203125
2026-08-07 06:15:00,11.638797760009766,491.1266174316406,682.6751708984375,0.322887659072876,319.2322998046875
2026-08-07 06:30:00,11.644840240478516,489.5854797363281,680.4129638671875,0.32179027795791626,318.2305603027344
2026-08-07 06:45:00,11.67520523071289,491.0145568847656,681.79486083984375,0.32250794768333435,319.1594543457031
2026-08-07 07:00:00,11.678226470947266,489.4090576171875,679.50567626953125,0.3213929533958435,318.1158752441406
2026-08-07 07:15:00,11.70553970336914,489.6346435546875,679.2779541015625,0.3213192820549011,318.26251220703125
2026-08-07 07:30:00,11.781375885009766,491.0353088378906,679.7193603515625,0.32163920998573303,319.1729431152344
2026-08-07 07:45:00,11.802616119384766,491.0616149902344,679.3363037109375,0.3214808702468872,319.1900329589844
2026-08-07 08:00:00,11.88443374633789,491.4034118652344,678.19708251953125,0.3210347890853882,319.4122009277344
2026-08-07 08:15:00,11.999576568603516,490.9391174316406,675.30279541015625,0.3197731673717499,319.11041259765625
2026-08-07 08:30:00,12.07828140258789,493.3634033203125,677.09808349609375,0.32075604796409607,320.6861877441406
2026-08-07 08:45:00,12.05710220336914,493.3331298828125,677.4700927734375,0.32091009616851807,320.6665344238281
2026-08-07 09:00:00,12.038944244384766,493.4153137207031,677.93792724609375,0.3211148977279663,320.7199401855469
2026-08-07 09:15:00,12.014713287353516,492.8460388183594,677.6295166015625,0.32093170285224915,320.34991455078125
2026-08-07 09:30:00,11.942020416259766,492.21038818359375,678.178955078125,0.3211033344268799,319.9367370605469
2026-08-07 09:45:00,11.90567398071289,491.24468994140625,677.56097412109375,0.32075217366218567,319.3090515136719
2026-08-07 10:00:00,11.896549224853516,490.92474365234375,677.2987060546875,0.3206115961074829,319.10107421875
2026-08-07 10:15:00,11.890506744384766,490.7190246582031,677.1334228515625,0.32052260637283325,318.96734619140625
2026-08-07 10:30:00,11.86624526977539,490.87493896484375,677.82513427734375,0.32082808017730713,319.0686950683594
2026-08-07 10:45:00,11.808658599853516,490.3312072753906,678.206787109375,0.32093673944473267,318.71527099609375
2026-08-07 11:00:00,11.83597183227539,490.0771484375,677.31805419921875,0.32053935527801514,318.5501403808594
2026-08-07 11:15:00,11.990482330322266,491.733642578125,676.57342529296875,0.3203827738761902,319.6268615722656
2026-08-07 11:30:00,12.226566314697266,494.5099182128906,675.78350830078125,0.32030707597732544,321.4314270019531
2026-08-07 11:45:00,12.232608795166016,495.3947143554687,676.875244140625,0.32084953784942627,322.0065612792969
2026-08-07 12:00:00,12.10251235961914,492.9536437988281,676.0635986328125,0.3202817738056183,320.41986083984375
2026-08-07 12:15:00,12.029850006103516,492.7686462402344,677.22711181640625,0.3207550048828125,320.29962158203125
2026-08-07 12:30:00,12.048038482666016,492.53521728515625,676.55120849609375,0.32044827938079834,320.14788818359375
2026-08-07 12:45:00,12.21445083618164,494.7414245605469,676.33502197265625,0.3205612003803253,321.5819091796875
2026-08-07 13:00:00,12.10556411743164,493.72064208984375,677.05596923828125,0.3207714855670929,320.91839599609375
2026-08-07 13:15:00,11.93899917602539,491.4185485839844,677.14715576171875,0.3205946087837219,319.42205810546875
2026-08-07 13:30:00,11.923831939697266,490.7431335449219,676.51336669921875,0.32026419043540955,318.9830322265625
2026-08-07 13:45:00,11.94504165649414,491.32220458984375,676.89605712890625,0.3204798400402069,319.35943603515625
2026-08-07 14:00:00,11.826847076416016,490.3728332519531,677.90618896484375,0.32081449031829834,318.7423400878906
2026-08-07 14:15:00,11.763187408447266,489.0301208496094,677.3017578125,0.32043221592903137,317.86956787109375
2026-08-07 14:30:00,11.793521881103516,489.2228088378906,676.97137451171875,0.32031208276748657,317.99481201171875
2026-08-07 14:45:00,11.85110855102539,490.0418395996094,676.97186279296875,0.3203904628753662,318.5271911621094
2026-08-07 15:00:00,12.00864028930664,491.771484375,676.27069091796875,0.32025882601737976,319.6514587402344
2026-08-07 15:15:00,12.247745513916016,494.7972412109375,675.76544189453125,0.32032570242881775,321.6181945800781
2026-08-07 15:30:00,12.49252700805664,498.04241943359375,675.4554443359375,0.3204876482486725,323.7275695800781
2026-08-07 15:45:00,12.83353042602539,502.455322265625,674.8858642578125,0.3206324279308319,326.595947265625
2026-08-07 16:00:00,12.990238189697266,504.9513549804687,675.25372314453125,0.32100293040275574,328.2183837890625
2026-08-07 16:15:00,12.923954010009766,505.0937805175781,676.70379638671875,0.3216346204280853,328.3109436035156
2026-08-07 16:30:00,12.785282135009766,503.3329162597656,676.9859619140625,0.3216036260128021,327.1663818359375
2026-08-07 16:45:00,12.718936920166016,500.9567260742187,675.054931640625,0.32057449221611023,325.6218566894531
2026-08-07 17:00:00,12.604251861572266,501.542236328125,678.04443359375,0.3218977153301239,326.00244140625
2026-08-07 17:15:00,12.501590728759766,499.3804626464844,677.0953369140625,0.3213028609752655,324.5972900390625
2026-08-07 17:30:00,12.398868560791016,497.7588195800781,676.87640380859375,0.32106468081474304,323.543212890625
2026-08-07 17:45:00,12.36563491821289,497.2913818359375,676.88311767578125,0.32102537155151367,323.2393798828125
2026-08-07 18:00:00,12.353580474853516,497.0640563964844,676.80694580078125,0.3209725618362427,323.09161376953125
2026-08-07 18:15:00,12.217472076416016,495.5635986328125,677.40020751953125,0.3210868537425995,322.1163330078125
2026-08-07 18:30:00,12.14487075805664,494.5248718261719,677.39208984375,0.3209877610206604,321.441162109375
2026-08-07 18:45:00,12.07223892211914,493.9730529785156,678.0528564453125,0.3212153911590576,321.08245849609375
2026-08-07 19:00:00,12.03287124633789,494.7931823730469,679.9501953125,0.3220917582511902,321.6155700683594
2026-08-07 19:15:00,12.03287124633789,494.0008544921875,678.86138916015625,0.3215588629245758,321.1005554199219
2026-08-07 19:30:00,11.966251373291016,491.9731750488281,677.377197265625,0.3207436501979828,319.7825622558594
2026-08-07 19:45:00,11.932926177978516,491.2547607421875,677.0404052734375,0.32053419947624207,319.3155822753906
2026-08-07 20:00:00,11.863224029541016,491.1906433105469,678.32049560546875,0.32106637954711914,319.2738952636719
2026-08-07 20:15:00,11.78439712524414,489.5887451171875,677.65740966796875,0.32063502073287964,318.232666015625
2026-08-07 20:30:00,11.71768569946289,488.7623901367187,677.8280029296875,0.32062721252441406,317.695556640625
2026-08-07 20:45:00,11.656986236572266,488.197509765625,678.24359130859375,0.3207467794418335,317.328369140625
2026-08-07 21:00:00,11.614505767822266,488.1656799316406,679.0408935546875,0.3210775852203369,317.30767822265625
2026-08-07 21:15:00,11.575016021728516,487.3909606933594,678.74627685546875,0.3208785951137543,316.8041076660156
2026-08-07 21:30:00,11.541629791259766,487.575927734375,679.66741943359375,0.3212820887565613,316.9243469238281
2026-08-07 21:45:00,11.55984878540039,489.2092895507813,681.580810546875,0.32224246859550476,317.98602294921875
2026-08-07 22:00:00,11.587162017822266,486.61865234375,677.43011474609375,0.320252388715744,316.3021240234375
2026-08-07 22:15:00,11.54770278930664,486.6266479492187,678.2236328125,0.32058507204055786,316.30731201171875
2026-08-07 22:30:00,11.520389556884766,487.1152648925781,679.44781494140625,0.3211449384689331,316.6249084472656
2026-08-07 22:45:00,11.50821304321289,487.0830078125,679.6451416015625,0.32122427225112915,316.60394287109375
2026-08-07 23:00:00,11.49606704711914,486.5200500488281,679.10137939453125,0.3209415376186371,316.2380065917969
2026-08-07 23:15:00,11.489994049072266,486.48052978515625,679.16705322265625,0.32096511125564575,316.21234130859375
2026-08-07 23:30:00,11.493045806884766,486.08782958984375,678.55816650390625,0.3206719756126404,315.95709228515625
2026-08-07 23:45:00,11.477848052978516,486.2764892578125,679.12408447265625,0.3209269940853119,316.0797119140625
2026-08-08 00:00:00,11.45657730102539,485.7609558105469,678.82757568359375,0.32075220346450806,315.7445983886719
2026-08-08 00:15:00,11.435306549072266,485.3520812988281,678.6798095703125,0.32064998149871826,315.4788513183594
2026-08-08 00:30:00,11.42313003540039,484.8619689941406,678.23699951171875,0.32041656970977783,315.1602783203125
2026-08-08 00:45:00,11.514286041259766,485.7014465332031,677.59686279296875,0.32023218274116516,315.7059326171875
2026-08-08 01:00:00,11.529483795166016,486.80615234375,678.83575439453125,0.3208586573600769,316.4239807128906
2026-08-08 01:15:00,11.50821304321289,485.5537109375,677.51129150390625,0.32018187642097473,315.6098937988281
2026-08-08 01:30:00,11.420108795166016,484.4462585449219,677.71563720703125,0.3201576769351959,314.8900451660156
2026-08-08 01:45:00,11.38058853149414,484.2231750488281,678.19097900390625,0.3203337490558624,314.74505615234375
2026-08-08 02:00:00,11.41403579711914,484.17388916015625,677.45550537109375,0.3200220763683319,314.7130126953125
2026-08-08 02:15:00,11.404911041259766,483.7724914550781,677.07537841796875,0.3198235332965851,314.4521179199219
2026-08-08 02:30:00,11.38364028930664,483.3251037597656,676.8724365234375,0.3196943402290344,314.16131591796875
2026-08-08 02:45:00,11.368412017822266,482.975830078125,676.686279296875,0.31958189606666565,313.93426513671875
2026-08-08 03:00:00,11.338016510009766,482.5607299804687,676.70989990234375,0.31955021619796753,313.6644592285156
2026-08-08 03:15:00,11.353214263916016,483.68505859375,677.983154296875,0.32019340991973877,314.395263671875
2026-08-08 03:30:00,11.325870513916016,483.4232177734375,678.1619873046875,0.32024168968200684,314.2250671386719
2026-08-08 03:45:00,11.29849624633789,483.79010009765625,679.22442626953125,0.3207210898399353,314.46356201171875
2026-08-08 04:00:00,11.286319732666016,483.50933837890625,679.073974609375,0.3206302523612976,314.28106689453125
2026-08-08 04:15:00,11.271121978759766,483.80462646484375,679.79345703125,0.32095956802368164,314.4729919433594
2026-08-08 04:30:00,11.23154067993164,484.90374755859375,682.134521484375,0.3220450282096863,315.18743896484375
2026-08-08 04:45:00,11.289371490478516,483.2781066894531,678.68817138671875,0.32044628262519836,314.1307678222656
2026-08-08 05:00:00,11.31064224243164,482.7348937988281,677.50030517578125,0.319896936416626,313.7776794433594
2026-08-08 05:15:00,11.31369400024414,484.15185546875,679.4278564453125,0.3208421766757965,314.6986999511719
2026-08-08 05:30:00,11.301517486572266,482.3375549316406,677.124755859375,0.3197006285190582,313.5194091796875
2026-08-08 05:45:00,11.289371490478516,484.9356994628906,681.0159912109375,0.32158249616622925,315.20819091796875
2026-08-08 06:00:00,11.219364166259766,481.4412536621094,677.50738525390625,0.31976938247680664,312.9367980957031
2026-08-08 06:15:00,11.222415924072266,481.5754699707031,677.6351318359375,0.3198361098766327,313.0240478515625
2026-08-08 06:30:00,11.249820709228516,478.3836669921875,672.5992431640625,0.3174186944961548,310.9493713378906
2026-08-08 06:45:00,11.271121978759766,481.360595703125,676.359375,0.3192835748195648,312.8843688964844
2026-08-08 07:00:00,11.280216217041016,481.6705322265625,676.61322021484375,0.3194204866886139,313.0858459472656
2026-08-08 07:15:00,11.283267974853516,481.2931518554687,676.02227783203125,0.31913644075393677,312.8405456542969
2026-08-08 07:30:00,11.29239273071289,481.4083251953125,676.0020751953125,0.31913962960243225,312.9154052734375
2026-08-08 07:45:00,11.301517486572266,481.4721984863281,675.90997314453125,0.31910768151283264,312.9569091796875
2026-08-08 08:00:00,11.31369400024414,481.8464965820313,676.19268798828125,0.3192630410194397,313.2002258300781
2026-08-08 08:15:00,11.33194351196289,481.83197021484375,675.808837890625,0.3191017210483551,313.1907653808594
2026-08-08 08:30:00,11.35928726196289,482.4749755859375,676.1661376953125,0.31931495666503906,313.6087341308594
2026-08-08 08:45:00,11.39273452758789,483.8877868652344,677.479248046875,0.3200034201145172,314.52703857421875
2026-08-08 09:00:00,11.42313003540039,485.2702026367187,678.80804443359375,0.32069528102874756,315.4256286621094
2026-08-08 09:15:00,11.45962905883789,481.3154296875,672.554931640625,0.3176935613155365,312.8550109863281
2026-08-08 09:30:00,11.489994049072266,481.9599914550781,672.85601806640625,0.3178830146789551,313.27398681640625
2026-08-08 09:45:00,11.55984878540039,482.4062194824219,672.1025390625,0.31761205196380615,313.56402587890625
2026-08-08 10:00:00,11.666080474853516,487.124267578125,676.572998046875,0.3199426531791687,316.6307678222656
2026-08-08 10:15:00,11.78439712524414,483.7557678222656,669.583740234375,0.3166884183883667,314.44122314453125
2026-08-08 10:30:00,11.90262222290039,481.9332580566406,664.7767333984375,0.31449735164642334,313.256591796875
2026-08-08 10:45:00,12.01169204711914,484.5325317382813,666.25714111328125,0.3153648376464844,314.9461364746094
2026-08-08 11:00:00,12.141849517822266,487.21783447265625,667.4410400390625,0.31611368060112,316.69158935546875
2026-08-08 11:15:00,12.274967193603516,487.8077697753906,665.6998291015625,0.315433144569397,317.0750427246094
2026-08-08 11:30:00,12.392826080322266,490.09710693359375,666.5726318359375,0.31601008772850037,318.5631103515625
2026-08-08 11:45:00,12.525760650634766,493.8944091796875,669.1964111328125,0.31746232509613037,321.0313415527344
2026-08-08 12:00:00,12.649539947509766,495.9987487792969,669.6890869140625,0.31785765290260315,322.399169921875
2026-08-08 12:15:00,12.77927017211914,497.6039733886719,669.3941650390625,0.31787240505218506,323.44256591796875
2026-08-08 12:30:00,12.893802642822266,499.0417175292969,669.16314697265625,0.3178979754447937,324.3771057128906
2026-08-08 12:45:00,12.990238189697266,501.2750854492187,670.33758544921875,0.3185899555683136,325.82879638671875
2026-08-08 13:00:00,13.07156753540039,500.9107971191406,668.323974609375,0.31769847869873047,325.5920104980469
2026-08-08 13:15:00,13.14682388305664,499.7247009277344,665.33856201171875,0.31632184982299805,324.821044921875
2026-08-08 13:30:00,13.21603775024414,499.95166015625,664.3551025390625,0.3159196674823761,324.96856689453125
2026-08-08 13:45:00,13.303287506103516,500.5304870605469,663.5087890625,0.3156048059463501,325.3448181152344
2026-08-08 14:00:00,13.34842300415039,500.97552490234375,663.265380859375,0.3155369758605957,325.63409423828125
2026-08-08 14:15:00,13.378482818603516,499.6414794921875,660.94671630859375,0.31443285942077637,324.7669372558594
2026-08-08 14:30:00,13.366458892822266,497.8504028320313,658.7974853515625,0.3133642077445984,323.6027526855469
2026-08-08 14:45:00,13.34842300415039,498.4072265625,659.8651123046875,0.3138676881790161,323.9646911621094
2026-08-08 15:00:00,13.32437515258789,496.7132873535156,658.0623779296875,0.3129556179046631,322.8636169433594
2026-08-08 15:15:00,13.26419448852539,496.51312255859375,658.900390625,0.31329822540283203,322.7335205078125
2026-08-08 15:30:00,13.19498062133789,494.5826110839844,657.60693359375,0.31258413195610046,321.47869873046875
2026-08-08 15:45:00,13.11069107055664,493.0614929199219,657.1309814453125,0.31225329637527466,320.4899597167969
2026-08-08 16:00:00,13.03842544555664,492.0797729492187,657.1517333984375,0.3121793270111084,319.8518371582031
2026-08-08 16:15:00,12.98721694946289,491.466796875,657.277099609375,0.312180757522583,319.4533996582031
2026-08-08 16:30:00,12.99325942993164,491.7477722167969,657.54119873046875,0.3123173713684082,319.63604736328125
2026-08-08 16:45:00,12.90585708618164,491.2653503417969,658.5123291015625,0.31269019842147827,319.3224792480469
2026-08-08 17:00:00,12.770206451416016,490.1544799804687,659.54168701171875,0.3130323886871338,318.60040283203125
2026-08-08 17:15:00,12.61331558227539,488.3598937988281,660.05316162109375,0.3130922317504883,317.4339294433594
2026-08-08 17:30:00,12.48953628540039,486.6295166015625,660.0333251953125,0.3129298686981201,316.3091735839844
2026-08-08 17:45:00,12.38980484008789,484.7263793945313,659.32489013671875,0.31245890259742737,315.0721435546875
2026-08-08 18:00:00,12.31424331665039,482.767822265625,658.08123779296875,0.31175556778907776,313.799072265625
2026-08-08 18:15:00,12.247745513916016,481.6181945800781,657.7662353515625,0.31151747703552246,313.05181884765625
2026-08-08 18:30:00,12.184207916259766,480.9856262207031,658.10162353515625,0.3116006851196289,312.6406555175781
2026-08-08 18:45:00,12.12674331665039,480.0252075195313,657.87371826171875,0.31141576170921326,312.0163879394531
2026-08-08 19:00:00,12.08133316040039,478.3871154785156,656.4866943359375,0.31067952513694763,310.95159912109375
2026-08-08 19:15:00,12.03287124633789,477.4550476074219,656.12396240234375,0.31043970584869385,310.34576416015625
2026-08-08 19:30:00,11.98440933227539,477.0953979492187,656.5479736328125,0.310584157705307,310.11199951171875
2026-08-08 19:45:00,11.93899917602539,476.6246032714844,656.761962890625,0.31062954664230347,309.80596923828125
2026-08-08 20:00:00,11.890506744384766,476.1966857910156,657.09429931640625,0.31072837114334106,309.52783203125
2026-08-08 20:15:00,11.84201431274414,475.5439453125,657.116943359375,0.31067565083503723,309.1035461425781
2026-08-08 20:30:00,11.799564361572266,475.23541259765625,657.5006103515625,0.31080684065818787,308.90301513671875
2026-08-08 20:45:00,11.760135650634766,474.8620910644531,657.737548828125,0.3108702301979065,308.66033935546875
2026-08-08 21:00:00,11.72983169555664,474.3830871582031,657.65374755859375,0.3107888698577881,308.3489990234375
2026-08-08 21:15:00,11.699466705322266,474.0640869140625,657.79302978515625,0.31081628799438477,308.1416320800781
2026-08-08 21:30:00,11.656986236572266,473.5541687011719,657.89990234375,0.31081143021583557,307.8102111816406
2026-08-08 21:45:00,11.669132232666016,473.8289794921875,658.0484619140625,0.3109002411365509,307.98883056640625
2026-08-08 22:00:00,11.69644546508789,474.0110778808594,657.77740478515625,0.3108046352863312,308.107177734375
2026-08-08 22:15:00,11.69644546508789,474.1779479980469,658.00897216796875,0.3109177052974701,308.2156677246094
2026-08-08 22:30:00,11.66305923461914,473.76959228515625,658.08251953125,0.3109087646007538,307.9502258300781
2026-08-08 22:45:00,11.63272476196289,473.3831787109375,658.128173828125,0.31089019775390625,307.6990661621094
2026-08-08 23:00:00,11.60538101196289,473.0930480957031,658.250244140625,0.3109128475189209,307.5104675292969
2026-08-08 23:15:00,11.590213775634766,472.97998046875,658.38470458984375,0.3109579086303711,307.4369812011719
2026-08-08 23:30:00,11.590213775634766,473.8812255859375,659.6392822265625,0.31157001852989197,308.0227966308594
2026-08-08 23:45:00,11.593265533447266,474.3356323242187,660.21295166015625,0.3118540346622467,308.3181457519531
2026-08-09 00:00:00,11.58414077758789,474.1790466308594,660.17108154296875,0.31182125210762024,308.21636962890625
2026-08-09 00:15:00,11.56894302368164,474.09326171875,660.34503173828125,0.3118854761123657,308.1606140136719
2026-08-09 00:30:00,11.553775787353516,474.0397338867187,660.5634765625,0.31197142601013184,308.1258239746094
2026-08-09 00:45:00,11.550724029541016,474.0235900878906,660.5999755859375,0.3119851052761078,308.1153259277344
2026-08-09 01:00:00,11.550724029541016,474.0962219238281,660.70123291015625,0.3120344877243042,308.16253662109375
2026-08-09 01:15:00,11.553775787353516,474.1925354003906,660.77642822265625,0.31207534670829773,308.2251281738281
2026-08-09 01:30:00,11.550724029541016,474.24951171875,660.91485595703125,0.31213870644569397,308.2621765136719
2026-08-09 01:45:00,11.55984878540039,473.7447204589844,660.03509521484375,0.3117218613624573,307.9340515136719
2026-08-09 02:00:00,11.56290054321289,474.0682373046875,660.4268798828125,0.3119172155857086,308.14434814453125
2026-08-09 02:15:00,11.53555679321289,474.4446105957031,661.48040771484375,0.3123939633369446,308.38897705078125
2026-08-09 02:30:00,11.538578033447266,474.8082580566406,661.9288330078125,0.31261682510375977,308.6253662109375
2026-08-09 02:45:00,11.565921783447266,475.4696350097656,662.32061767578125,0.3128454387187958,309.05523681640625
2026-08-09 03:00:00,11.575016021728516,474.94635009765625,661.415771484375,0.3124162554740906,308.7151184082031
2026-08-09 03:15:00,11.58414077758789,473.9126892089844,659.80023193359375,0.31164032220840454,308.0432434082031
2026-08-09 03:30:00,11.590213775634766,472.6228637695313,657.88763427734375,0.3107154369354248,307.2048645019531
2026-08-09 03:45:00,11.553775787353516,472.3055419921875,658.14697265625,0.3107925355434418,306.99859619140625
2026-08-09 04:00:00,11.54770278930664,472.0848083496094,657.956298828125,0.3106912672519684,306.8551025390625
2026-08-09 04:15:00,11.541629791259766,472.332275390625,658.418212890625,0.31090834736824036,307.0159606933594
2026-08-09 04:30:00,11.529483795166016,472.5879211425781,659.00885009765625,0.3111799359321594,307.18212890625
2026-08-09 04:45:00,11.520389556884766,472.6632690429687,659.28955078125,0.31130439043045044,307.2311096191406
2026-08-09 05:00:00,11.502140045166016,472.3833923339844,659.2515869140625,0.31126096844673157,307.0491943359375
2026-08-09 05:15:00,11.50821304321289,472.2218933105469,658.90887451171875,0.31110215187072754,306.9442138671875
2026-08-09 05:30:00,11.55679702758789,472.9405212402344,658.9735107421875,0.3111998438835144,307.41131591796875
2026-08-09 05:45:00,11.550724029541016,473.1051635742187,659.320068359375,0.3113607168197632,307.5183410644531
2026-08-09 06:00:00,11.541629791259766,473.2803649902344,659.73980712890625,0.31155315041542053,307.6322326660156
2026-08-09 06:15:00,11.505191802978516,472.6201477050781,659.52301025390625,0.311397522687912,307.2030944824219
2026-08-09 06:30:00,11.49911880493164,472.84912109375,659.9599609375,0.311602383852005,307.3519287109375
2026-08-09 06:45:00,11.505191802978516,473.075439453125,660.15838623046875,0.31170740723609924,307.4990234375
2026-08-09 07:00:00,11.50821304321289,472.9757080078125,659.96075439453125,0.3116151690483093,307.4342041015625
2026-08-09 07:15:00,11.511234283447266,473.1647338867187,660.166015625,0.31171944737434387,307.55706787109375
2026-08-09 07:30:00,11.511234283447266,472.9733276367187,659.89898681640625,0.31158921122550964,307.4326477050781
2026-08-09 07:45:00,11.511234283447266,472.8762512207031,659.7635498046875,0.3115231692790985,307.3695373535156
2026-08-09 08:00:00,11.517337799072266,472.9005126953125,659.679443359375,0.31149041652679443,307.38531494140625
2026-08-09 08:15:00,11.520389556884766,473.08392333984375,659.8763427734375,0.31159061193466187,307.5045471191406
2026-08-09 08:30:00,11.520389556884766,473.1404724121094,659.9552001953125,0.3116290867328644,307.5412902832031
2026-08-09 08:45:00,11.52341079711914,473.1053466796875,659.8477783203125,0.3115808367729187,307.5184631347656
2026-08-09 09:00:00,11.54770278930664,473.3883056640625,659.77301025390625,0.31157752871513367,307.702392578125
2026-08-09 09:15:00,11.58414077758789,473.6740417480469,659.46795654296875,0.31147828698158264,307.88812255859375
2026-08-09 09:30:00,11.63272476196289,474.1612243652344,659.2098388671875,0.3114181160926819,308.20477294921875
2026-08-09 09:45:00,11.69644546508789,475.2817077636719,659.5406494140625,0.3116653263568878,308.93310546875
2026-08-09 10:00:00,11.769229888916016,476.1397399902344,659.3328857421875,0.3116612136363983,309.4908142089844
2026-08-09 10:15:00,11.857181549072266,477.32281494140625,659.284912109375,0.311754435300827,310.25982666015625
2026-08-09 10:30:00,11.951114654541016,478.6993103027344,659.38958740234375,0.31192904710769653,311.154541015625
2026-08-09 10:45:00,12.054080963134766,479.4140930175781,658.41314697265625,0.31158584356307983,311.619140625
2026-08-09 11:00:00,12.16000747680664,480.91595458984375,658.464111328125,0.3117470443248749,312.5953674316406
2026-08-09 11:15:00,12.26590347290039,482.286865234375,658.33660888671875,0.31181949377059937,313.4864501953125
2026-08-09 11:30:00,12.356571197509766,483.1438598632813,657.79681396484375,0.3116697072982788,314.0434875488281
2026-08-09 11:45:00,12.432132720947266,483.984375,657.5206298828125,0.31162890791893005,314.58984375
2026-08-09 12:00:00,12.52273941040039,485.0594787597656,657.28216552734375,0.31162434816360474,315.28863525390625
2026-08-09 12:15:00,12.63144302368164,486.4500122070313,657.1336669921875,0.31168490648269653,316.1925048828125
2026-08-09 12:30:00,12.734012603759766,487.79156494140625,657.0341796875,0.31176042556762695,317.06451416015625
2026-08-09 12:45:00,12.83353042602539,489.0944213867187,656.9398193359375,0.31183356046676636,317.911376953125
2026-08-09 13:00:00,12.917911529541016,490.6456909179687,657.4586181640625,0.31218811869621277,318.919677734375
2026-08-09 13:15:00,13.002262115478516,491.94818115234375,657.6429443359375,0.3123779594898224,319.76629638671875
2026-08-09 13:30:00,13.077579498291016,493.1062316894531,657.8001708984375,0.312543123960495,320.51904296875
2026-08-09 13:45:00,13.128787994384766,493.6885681152344,657.63360595703125,0.31252092123031616,320.8975524902344
2026-08-09 14:00:00,13.200992584228516,494.4520568847656,657.322998046875,0.31245189905166626,321.3938293457031
2026-08-09 14:15:00,13.240116119384766,495.0163269042969,657.35516357421875,0.3125125765800476,321.7605895996094
2026-08-09 14:30:00,13.26419448852539,494.847900390625,656.6905517578125,0.31221404671669006,321.651123046875
2026-08-09 14:45:00,13.25217056274414,494.4879150390625,656.4327392578125,0.31207388639450073,321.4171447753906
2026-08-09 15:00:00,13.240116119384766,493.9376525878906,655.9227294921875,0.3118098974227905,321.0594482421875
2026-08-09 15:15:00,13.24612808227539,493.5401611328125,655.28497314453125,0.3115040063858032,320.80108642578125
2026-08-09 15:30:00,13.24313735961914,493.5381164550781,655.3369140625,0.31152603030204773,320.7997741699219
2026-08-09 15:45:00,13.23410415649414,493.5988464355469,655.582763671875,0.3116362690925598,320.8392333984375
2026-08-09 16:00:00,13.21603775024414,493.5906677246094,655.90240478515625,0.31177234649658203,320.83392333984375
2026-08-09 16:15:00,13.16489028930664,492.4690246582031,655.3472900390625,0.31144142150878906,320.1048583984375
2026-08-09 16:30:00,13.06552505493164,490.9251098632813,655.11187744140625,0.3112109899520874,319.101318359375
2026-08-09 16:45:00,12.98721694946289,489.7586364746094,654.99261474609375,0.31106117367744446,318.3431091308594
2026-08-09 17:00:00,12.92093276977539,487.4967956542969,653.18359375,0.3100968897342682,316.8728942871094
2026-08-09 17:15:00,12.860660552978516,486.6404113769531,653.14385986328125,0.31000620126724243,316.3162536621094
2026-08-09 17:30:00,12.79733657836914,485.7426452636719,653.10455322265625,0.30991169810295105,315.7326965332031
2026-08-09 17:45:00,12.72494888305664,484.7804870605469,653.1458740234375,0.3098454475402832,315.1072998046875
2026-08-09 18:00:00,12.64651870727539,484.2140502929687,653.83355712890625,0.31008750200271606,314.7391357421875
2026-08-09 18:15:00,12.59518814086914,483.4033508300781,653.69036865234375,0.3099551200866699,314.212158203125
2026-08-09 18:30:00,12.531803131103516,482.29046630859375,653.3614501953125,0.3097167909145355,313.4888000488281
2026-08-09 18:45:00,12.45328140258789,481.5448913574219,653.81195068359375,0.3098406493663788,313.0041809082031
2026-08-09 19:00:00,12.37771987915039,480.3848876953125,653.645263671875,0.3096654713153839,312.2501525878906
2026-08-09 19:15:00,12.320316314697266,479.6517028808594,653.71990966796875,0.3096303343772888,311.7735900878906
2026-08-09 19:30:00,12.26590347290039,479.02496337890625,653.884033203125,0.3096422553062439,311.3662109375
2026-08-09 19:45:00,12.220523834228516,478.382080078125,653.8570556640625,0.3095718026161194,310.9483337402344
2026-08-09 20:00:00,12.18722915649414,478.21185302734375,654.24957275390625,0.30972152948379517,310.83770751953125
2026-08-09 20:15:00,12.150943756103516,477.717041015625,654.25469970703125,0.30967792868614197,310.51605224609375
2026-08-09 20:30:00,12.10855484008789,477.26849365234375,654.438232421875,0.3097134828567505,310.2245178222656
2026-08-09 20:45:00,12.06619644165039,485.7626037597656,666.89892578125,0.3157501816749573,315.74566650390625
2026-08-09 21:00:00,12.029850006103516,486.500244140625,668.61224365234375,0.31654050946235657,316.22515869140625
2026-08-09 21:15:00,11.99655532836914,485.4612121582031,667.82598876953125,0.3161121904850006,315.5497741699219
2026-08-09 21:30:00,11.98440933227539,485.2871398925781,667.8209228515625,0.3160935938358307,315.4366149902344
2026-08-09 21:45:00,11.960208892822266,485.49029541015625,668.56805419921875,0.31642696261405945,315.5686950683594
2026-08-09 22:00:00,11.926883697509766,485.38177490234375,669.0633544921875,0.3166249692440033,315.4981384277344
2026-08-09 22:15:00,11.908695220947266,485.3420715332031,669.361083984375,0.3167462944984436,315.4723205566406
2026-08-09 22:30:00,11.893558502197266,485.41998291015625,669.76214599609375,0.3169221878051758,315.5229797363281
2026-08-09 22:45:00,11.88443374633789,485.8553161621094,670.5400390625,0.317290335893631,315.8059387207031
2026-08-09 23:00:00,11.86929702758789,485.5917663574219,670.47052001953125,0.3172360062599182,315.6346435546875
2026-08-09 23:15:00,11.848087310791016,485.1231689453125,670.23565673828125,0.3170928359031677,315.3300476074219
2026-08-09 23:30:00,11.83896255493164,485.4016418457031,670.7979736328125,0.3173554539680481,315.51104736328125
2026-08-09 23:45:00,11.81167984008789,484.9261169433594,670.671875,0.3172571063041687,315.20196533203125
2026-08-10 00:00:00,11.793521881103516,484.6763610839844,670.68011474609375,0.31723663210868835,315.03961181640625
2026-08-10 00:15:00,11.77835464477539,485.0274963378906,671.46197509765625,0.31759828329086304,315.2678527832031
2026-08-10 00:30:00,11.763187408447266,484.7786560058594,671.41351318359375,0.3175540566444397,315.1061096191406
2026-08-10 00:45:00,11.74802017211914,484.2117919921875,670.92437744140625,0.31729447841644287,314.7376403808594
2026-08-10 01:00:00,11.732852935791016,483.62982177734375,670.41387939453125,0.31702449917793274,314.359375
2026-08-10 01:15:00,11.720706939697266,482.6268310546875,669.2601318359375,0.3164442777633667,313.7074279785156
2026-08-10 01:30:00,11.70859146118164,482.8551635742187,669.8131103515625,0.31669801473617554,313.8558349609375
2026-08-10 01:45:00,11.702518463134766,482.9527893066406,670.06707763671875,0.31681373715400696,313.9193115234375
2026-08-10 02:00:00,11.69339370727539,483.5846557617187,671.1221923828125,0.3173167407512665,314.33001708984375
2026-08-10 02:15:00,11.68429946899414,482.8576049804687,670.29083251953125,0.31689828634262085,313.857421875
2026-08-10 02:30:00,11.67520523071289,482.56732177734375,670.06549072265625,0.3167757987976074,313.66876220703125
2026-08-10 02:45:00,11.66305923461914,482.0540161132813,669.58990478515625,0.3165268898010254,313.3351135253906
2026-08-10 03:00:00,11.656986236572266,482.0774230957031,669.7410888671875,0.31659236550331116,313.3503112792969
2026-08-10 03:15:00,11.65091323852539,481.9988403320313,669.75054931640625,0.31658878922462463,313.2992248535156
2026-08-10 03:30:00,11.64181900024414,481.642333984375,669.43280029296875,0.31642115116119385,313.0675048828125
2026-08-10 03:45:00,11.635746002197266,481.65179443359375,669.56463623046875,0.3164771497249603,313.07366943359375
2026-08-10 04:00:00,11.63272476196289,481.5569458007813,669.49188232421875,0.31643757224082947,313.0119934082031
2026-08-10 04:15:00,11.62967300415039,481.7351379394531,669.79925537109375,0.31658345460891724,313.1278381347656
2026-08-10 04:30:00,11.63272476196289,481.9305114746094,670.01123046875,0.31669116020202637,313.25482177734375
2026-08-10 04:45:00,11.623600006103516,481.719482421875,669.896240234375,0.3166225552558899,313.1176452636719
2026-08-10 05:00:00,11.61752700805664,482.0330810546875,670.4512939453125,0.31688523292541504,313.3215026855469
2026-08-10 05:15:00,11.653934478759766,482.3372192382813,670.16162109375,0.31679362058639526,313.5191955566406
2026-08-10 05:30:00,11.656986236572266,482.40130615234375,670.1910400390625,0.3168121576309204,313.56085205078125
2026-08-10 05:45:00,11.62967300415039,482.4225158691406,670.7550048828125,0.3170502483844757,313.5746154785156
2026-08-10 06:00:00,11.626651763916016,481.3239440917969,669.28662109375,0.31632888317108154,312.8605651855469
2026-08-10 06:15:00,11.626651763916016,480.62554931640625,668.31549072265625,0.3158546984195709,312.4065856933594
2026-08-10 06:30:00,11.626651763916016,481.2468872070313,669.179443359375,0.31627655029296875,312.8104553222656
2026-08-10 06:45:00,11.62967300415039,480.8819580078125,668.613037109375,0.31600409746170044,312.5732727050781
2026-08-10 07:00:00,11.63272476196289,481.6073303222656,669.56195068359375,0.316471666097641,313.04473876953125
2026-08-10 07:15:00,11.635746002197266,482.2846374511719,670.44439697265625,0.31690678000450134,313.4850158691406
2026-08-10 07:30:00,11.64181900024414,483.57373046875,672.11724853515625,0.3177322447299957,314.3229064941406
2026-08-10 07:45:00,11.660037994384766,484.40234375,672.9111328125,0.3181450664997101,314.86151123046875
2026-08-10 08:00:00,11.672183990478516,484.85943603515625,673.30755615234375,0.31835535168647766,315.15863037109375
2026-08-10 08:15:00,11.690372467041016,485.2708740234375,673.5216064453125,0.3184848725795746,315.4260559082031
2026-08-10 08:30:00,11.711612701416016,485.5706787109375,673.520751953125,0.31851354241371155,315.6209411621094
2026-08-10 08:45:00,11.73892593383789,486.2869567871094,673.97808837890625,0.3187742233276367,316.0865173339844
2026-08-10 09:00:00,11.772281646728516,486.6652526855469,673.84820556640625,0.318756103515625,316.3323974609375
2026-08-10 09:15:00,11.802616119384766,487.1510925292969,673.926513671875,0.3188354969024658,316.648193359375
2026-08-10 09:30:00,11.83896255493164,487.8274536132813,674.15032958984375,0.31899404525756836,317.08782958984375
2026-08-10 09:45:00,11.881412506103516,488.6622924804687,674.47308349609375,0.3192090690135956,317.6304931640625
2026-08-10 10:00:00,11.93594741821289,489.0263366699219,673.9102783203125,0.31900694966316223,317.8670959472656
2026-08-10 10:15:00,11.999576568603516,490.0270690917969,674.0482177734375,0.3191591501235962,318.517578125
2026-08-10 10:30:00,12.07529067993164,490.7825622558594,673.61419677734375,0.3190469443798065,319.0086669921875
2026-08-10 10:45:00,12.156986236572266,492.1780700683594,673.942626953125,0.3193148076534271,319.9157409667969
2026-08-10 11:00:00,12.22958755493164,493.1316528320313,673.84161376953125,0.3193598687648773,320.5355529785156
2026-08-10 11:15:00,12.317264556884766,494.4673156738281,673.9710693359375,0.3195364773273468,321.40374755859375
2026-08-10 11:30:00,12.420047760009766,495.6155700683594,673.5545654296875,0.31946396827697754,322.1501159667969
2026-08-10 11:45:00,12.525760650634766,496.9601135253906,673.35028076171875,0.31949758529663086,323.0240478515625
2026-08-10 12:00:00,12.62839126586914,497.5446472167969,672.179443359375,0.31905198097229004,323.4040222167969
2026-08-10 12:15:00,12.734012603759766,498.7339172363281,671.7730712890625,0.31898343563079834,324.1770324707031
2026-08-10 12:30:00,12.84256362915039,499.8594665527344,671.2281494140625,0.3188488185405731,324.90863037109375
2026-08-10 12:45:00,12.917911529541016,500.0472412109375,670.05657958984375,0.3183652460575104,325.03070068359375
2026-08-10 13:00:00,12.99625015258789,500.69342041015625,669.44671630859375,0.31815990805625916,325.4507141113281
2026-08-10 13:15:00,13.06253433227539,501.2480163574219,668.9432373046875,0.3179916441440582,325.8111877441406
2026-08-10 13:30:00,13.11069107055664,501.74359130859375,668.70208740234375,0.3179301917552948,326.1333312988281
2026-08-10 13:45:00,13.161869049072266,502.21002197265625,668.36639404296875,0.3178255259990692,326.4364929199219
2026-08-10 14:00:00,13.20401382446289,502.5898132324219,668.0849609375,0.3177366554737091,326.6833801269531
2026-08-10 14:15:00,13.24612808227539,502.7318115234375,667.48895263671875,0.3174929916858673,326.7756652832031
2026-08-10 14:30:00,13.261173248291016,502.6140441894531,667.05279541015625,0.31729626655578613,326.6991271972656
2026-08-10 14:45:00,13.282230377197266,502.7563781738281,666.850341796875,0.3172212243080139,326.7916259765625
2026-08-10 15:00:00,13.30630874633789,503.0615539550781,666.80792236328125,0.31722813844680786,326.989990234375
2026-08-10 15:15:00,13.291263580322266,502.89166259765625,666.8619384765625,0.31723734736442566,326.87957763671875
2026-08-10 15:30:00,13.261173248291016,502.5413818359375,666.95635986328125,0.3172489404678345,326.6518859863281
2026-08-10 15:45:00,13.21304702758789,501.7522888183594,666.803466796875,0.3171180188655853,326.13897705078125
2026-08-10 16:00:00,13.18594741821289,501.1108093261719,666.455078125,0.3169153928756714,325.7220153808594
2026-08-10 16:15:00,13.11673355102539,499.9767456054687,666.23468017578125,0.31672632694244385,324.98486328125
2026-08-10 16:30:00,13.035404205322266,498.86077880859375,666.263916015625,0.3166448473930359,324.2594909667969
2026-08-10 16:45:00,12.960086822509766,497.9646301269531,666.47491455078125,0.3166588842868805,323.677001953125
2026-08-10 17:00:00,12.884769439697266,496.7330322265625,666.2369384765625,0.31645193696022034,322.87646484375
2026-08-10 17:15:00,12.809391021728516,495.5519714355469,666.06695556640625,0.3162776827812195,322.1087646484375
2026-08-10 17:30:00,12.73703384399414,494.79010009765625,666.40399169921875,0.3163549602031708,321.6135559082031
2026-08-10 17:45:00,12.66763687133789,493.8578186035156,666.4564208984375,0.31629571318626404,321.007568359375
2026-08-10 18:00:00,12.598209381103516,492.9311218261719,666.51727294921875,0.3162398934364319,320.40521240234375
2026-08-10 18:15:00,12.537845611572266,492.0534362792969,666.47283935546875,0.3161432445049286,319.834716796875
2026-08-10 18:30:00,12.47745132446289,491.2451171875,666.52301025390625,0.3160924017429352,319.309326171875
2026-08-10 18:45:00,12.450260162353516,490.6046447753906,666.17010498046875,0.315885454416275,318.89300537109375
2026-08-10 19:00:00,12.41098403930664,490.0804138183594,666.20440673828125,0.3158528506755829,318.55224609375
2026-08-10 19:15:00,12.32938003540039,488.9584045410156,666.231201171875,0.31576260924339294,317.82293701171875
2026-08-10 19:30:00,12.317264556884766,488.7138366699219,666.12890625,0.3156971335411072,317.6639709472656
2026-08-10 19:45:00,12.30521011352539,488.5677795410156,666.15966796875,0.3156968355178833,317.56903076171875
2026-08-10 20:00:00,12.241703033447266,487.5900268554687,666.03765869140625,0.31555595993995667,316.9335021972656
2026-08-10 20:15:00,12.178165435791016,486.8699035644531,666.26837158203125,0.3155870735645294,316.4654235839844
2026-08-10 20:30:00,12.12369155883789,486.14312744140625,666.31683349609375,0.3155403435230255,315.9930114746094
2026-08-10 20:45:00,12.07223892211914,485.5485229492187,666.4888916015625,0.3155575096607208,315.6065368652344
2026-08-10 21:00:00,12.029850006103516,485.02093505859375,666.57916259765625,0.3155462145805359,315.26361083984375
2026-08-10 21:15:00,11.99655532836914,484.8407287597656,666.97247314453125,0.31569477915763855,315.1464538574219
2026-08-10 21:30:00,11.966251373291016,484.5177001953125,667.112060546875,0.31572309136390686,314.9364929199219
2026-08-10 21:45:00,11.951114654541016,484.5654602050781,667.47003173828125,0.3158780038356781,314.967529296875
2026-08-10 22:00:00,11.99350357055664,485.3926086425781,667.79046630859375,0.3160907030105591,315.50518798828125
2026-08-10 22:15:00,11.990482330322266,485.2427978515625,667.6427001953125,0.31601449847221375,315.4078063964844
2026-08-10 22:30:00,11.97836685180664,485.1471252441406,667.74481201171875,0.31604841351509094,315.3456115722656
2026-08-10 22:45:00,11.957157135009766,484.6829528808594,667.51513671875,0.31590813398361206,315.0439147949219
2026-08-10 23:00:00,11.914737701416016,482.9754028320313,665.98052978515625,0.31510183215141296,313.9339904785156
2026-08-10 23:15:00,11.890506744384766,482.9329833984375,666.38958740234375,0.3152695596218109,313.90643310546875
2026-08-10 23:30:00,11.872318267822266,482.1692199707031,665.6865234375,0.31490185856819153,313.40997314453125
2026-08-10 23:45:00,11.848087310791016,481.7421569824219,665.56451416015625,0.3148098886013031,313.13238525390625
2026-08-11 00:00:00,11.881412506103516,482.3468017578125,665.75616455078125,0.3149479925632477,313.5254211425781
2026-08-11 00:15:00,11.90262222290039,482.8120422363281,665.98895263671875,0.3150898814201355,313.82781982421875
2026-08-11 00:30:00,11.899600982666016,483.0019226074219,666.30914306640625,0.31524235010147095,313.95123291015625
2026-08-11 00:45:00,11.893558502197266,482.3659057617187,665.54827880859375,0.3148624300956726,313.537841796875
2026-08-11 01:00:00,11.88443374633789,481.45501708984375,664.46710205078125,0.31432202458381653,312.94573974609375
2026-08-11 01:15:00,11.872318267822266,480.6445007324219,663.58148193359375,0.3138732314109802,312.4189147949219
2026-08-11 01:30:00,11.83597183227539,480.0003051757813,663.39117431640625,0.31373199820518494,312.00018310546875
2026-08-11 01:45:00,11.829898834228516,480.13970947265625,663.70086669921875,0.31387513875961304,312.0907897949219
2026-08-11 02:00:00,11.82382583618164,480.24798583984375,663.96759033203125,0.313997358083725,312.16119384765625
2026-08-11 02:15:00,11.793521881103516,479.6491394042969,663.7236328125,0.3138377368450165,311.7719421386719
2026-08-11 02:30:00,11.78439712524414,479.0787963867187,663.11016845703125,0.3135260045528412,311.4012145996094
2026-08-11 02:45:00,11.781375885009766,479.0268859863281,663.0965576171875,0.3135152757167816,311.3674621582031
2026-08-11 03:00:00,11.77835464477539,479.263671875,663.48260498046875,0.3136998414993286,311.5213623046875
2026-08-11 03:15:00,11.772281646728516,479.1921081542969,663.500732421875,0.31370046734809875,311.474853515625
2026-08-11 03:30:00,11.763187408447266,478.7202453613281,663.022705078125,0.31345486640930176,311.16815185546875
2026-08-11 03:45:00,11.75711441040039,478.63433837890625,663.02081298828125,0.3134458363056183,311.1123046875
2026-08-11 04:00:00,11.751041412353516,478.7861633300781,663.34832763671875,0.31359755992889404,311.21099853515625
2026-08-11 04:15:00,11.751041412353516,479.1156005859375,663.80474853515625,0.313820481300354,311.4251403808594
2026-08-11 04:30:00,11.754093170166016,479.3983154296875,664.137451171875,0.3139870762825012,311.60888671875
2026-08-11 04:45:00,11.74802017211914,479.62109375,664.5634765625,0.31418704986572266,311.7536926269531
2026-08-11 05:00:00,11.741947174072266,479.7243347167969,664.82403564453125,0.3143061399459839,311.82080078125
2026-08-11 05:15:00,11.741947174072266,480.3673095703125,665.71514892578125,0.3147413730621338,312.2387390136719
2026-08-11 05:30:00,11.741947174072266,480.4904479980469,665.88580322265625,0.31482475996017456,312.31878662109375
2026-08-11 05:45:00,11.744998931884766,481.3943786621094,667.0792236328125,0.315411776304245,312.9063415527344
2026-08-11 06:00:00,11.744998931884766,481.76953125,667.59906005859375,0.31566569209098816,313.1501770019531
2026-08-11 06:15:00,11.741947174072266,482.13079833984375,668.1590576171875,0.3159351646900177,313.385009765625
2026-08-11 06:30:00,11.73587417602539,482.0926513671875,668.22430419921875,0.31595882773399353,313.3601989746094
2026-08-11 06:45:00,11.720706939697266,481.92626953125,668.2886962890625,0.31596970558166504,313.2520751953125
2026-08-11 07:00:00,11.71768569946289,481.7603759765625,668.117431640625,0.31588196754455566,313.14422607421875
2026-08-11 07:15:00,11.72372817993164,481.7413330078125,667.97344970703125,0.3158198595046997,313.1318664550781
2026-08-11 07:30:00,11.72983169555664,481.7507019042969,667.86773681640625,0.31577643752098083,313.137939453125
2026-08-11 07:45:00,11.73587417602539,481.8007507324219,667.8197021484375,0.31576114892959595,313.17047119140625
2026-08-11 08:00:00,11.74802017211914,481.99761962890625,667.85638427734375,0.31579554080963135,313.2984313964844
2026-08-11 08:15:00,11.769229888916016,482.25640869140625,667.80291748046875,0.3157978951931,313.4666442871094
2026-08-11 08:30:00,11.78744888305664,482.3941955566406,667.63995361328125,0.3157428503036499,313.55621337890625
2026-08-11 08:45:00,11.805606842041016,482.5864562988281,667.55377197265625,0.3157251477241516,313.6811828613281
2026-08-11 09:00:00,11.826847076416016,482.8121032714844,667.45404052734375,0.31570491194725037,313.8278503417969
2026-08-11 09:15:00,11.85110855102539,483.0281982421875,667.28277587890625,0.31565362215042114,313.96832275390625
2026-08-11 09:30:00,11.87839126586914,483.43212890625,667.3126220703125,0.3157046437263489,314.2308654785156
2026-08-11 09:45:00,11.92081069946289,483.8551940917969,667.07635498046875,0.3156455159187317,314.505859375
2026-08-11 10:00:00,11.98141860961914,484.6160888671875,666.95501708984375,0.3156663179397583,315.0004577636719
2026-08-11 10:15:00,12.03287124633789,485.22454833984375,666.8009033203125,0.3156585693359375,315.39593505859375
2026-08-11 10:30:00,12.07223892211914,485.4572143554687,666.363525390625,0.31549620628356934,315.54718017578125
2026-08-11 10:45:00,12.10251235961914,485.8439025878906,666.31292724609375,0.3155108094215393,315.79852294921875
2026-08-11 11:00:00,12.178165435791016,486.7861328125,666.1536865234375,0.31553101539611816,316.4109802246094
2026-08-11 11:15:00,12.462345123291016,414.50164794921875,562.63934326171875,0.26541078090667725,269.4260559082031
2026-08-11 11:30:00,12.507633209228516,403.86883544921875,547.499755859375,0.2581123411655426,262.5147399902344
2026-08-11 11:45:00,12.537845611572266,408.5725402832031,553.4002685546875,0.2610069513320923,265.5721435546875
2026-08-11 12:00:00,12.70383071899414,411.9668273925781,555.37567138671875,0.2621411681175232,267.7784423828125
2026-08-11 12:15:00,12.88174819946289,416.3439025878906,558.4635009765625,0.2638266980648041,270.62353515625
2026-08-11 12:30:00,13.02939224243164,420.242431640625,561.35821533203125,0.26538610458374023,273.1575622558594
2026-08-11 12:45:00,13.15585708618164,421.6101379394531,561.19427490234375,0.2654350996017456,274.04656982421875
2026-08-11 13:00:00,13.20401382446289,421.066162109375,559.716796875,0.264764666557312,273.6929931640625
2026-08-11 13:15:00,13.31833267211914,420.5017395019531,557.18841552734375,0.26364827156066895,273.32611083984375
2026-08-11 13:30:00,13.40256118774414,420.57928466796875,555.98809814453125,0.26314693689346313,273.37652587890625
2026-08-11 13:45:00,13.48971939086914,420.98980712890625,555.18743896484375,0.2628421187400818,273.64337158203125
2026-08-11 14:00:00,13.408573150634766,419.4959716796875,554.46343994140625,0.26241081953048706,272.67236328125
2026-08-11 14:15:00,13.24612808227539,416.91729736328125,553.55096435546875,0.2618072032928467,270.9962463378906
2026-08-11 14:30:00,13.237125396728516,427.99053955078125,568.39593505859375,0.26902300119400024,278.19384765625
2026-08-11 14:45:00,13.13779067993164,415.8853759765625,553.85394287109375,0.26184654235839844,270.3254699707031
2026-08-11 15:00:00,13.00528335571289,414.1900329589844,553.6478271484375,0.26161277294158936,269.2235107421875
2026-08-11 15:15:00,12.96915054321289,413.6062927246094,553.42889404296875,0.26146960258483887,268.8440856933594
2026-08-11 15:30:00,13.050479888916016,414.42156982421875,553.25543212890625,0.2614678144454956,269.3740234375
2026-08-11 15:45:00,13.104679107666016,414.62799072265625,552.69122314453125,0.26124808192253113,269.5081787109375
2026-08-11 16:00:00,13.026371002197266,412.8622741699219,551.54656982421875,0.2606129050254822,268.3604736328125
2026-08-11 16:15:00,12.963138580322266,411.50384521484375,550.708740234375,0.2601418197154999,267.47747802734375
2026-08-11 16:30:00,12.92697525024414,411.5240478515625,551.29608154296875,0.26039034128189087,267.4906311035156
2026-08-11 16:45:00,12.85159683227539,411.2566833496094,552.10870361328125,0.26070791482925415,267.31683349609375
2026-08-11 17:00:00,12.770206451416016,412.6029357910156,555.18994140625,0.2621203064918518,268.19189453125
2026-08-11 17:15:00,12.764163970947266,411.0628356933594,553.21209716796875,0.2611534595489502,267.1908264160156
2026-08-11 17:30:00,12.764163970947266,410.1443176269531,551.9759521484375,0.26055315136909485,266.59381103515625
2026-08-11 17:45:00,12.697818756103516,408.945556640625,551.39654541015625,0.2602028548717499,265.8146057128906
2026-08-11 18:00:00,12.649539947509766,408.0875244140625,550.99285888671875,0.25995638966560364,265.2568664550781
2026-08-11 18:15:00,12.56198501586914,406.8027648925781,550.6251220703125,0.25968584418296814,264.4217834472656
2026-08-11 18:30:00,12.47745132446289,405.6568908691406,550.3966064453125,0.2594854235649109,263.6769714355469
2026-08-11 18:45:00,12.420047760009766,404.84918212890625,550.20062255859375,0.2593291103839874,263.1519470214844
2026-08-11 19:00:00,12.38376235961914,404.758056640625,550.64703369140625,0.2595066726207733,263.09271240234375
2026-08-11 19:15:00,12.356571197509766,404.7338562011719,551.04217529296875,0.2596689760684967,263.0769958496094
2026-08-11 19:30:00,12.32938003540039,404.52947998046875,551.19244384765625,0.25971245765686035,262.94415283203125
2026-08-11 19:45:00,12.293094635009766,404.1520080566406,551.25042724609375,0.25970131158828735,262.69879150390625
2026-08-11 20:00:00,12.25076675415039,403.68743896484375,551.28515625,0.2596721351146698,262.3968200683594
2026-08-11 20:15:00,12.208438873291016,403.2027282714844,551.29241943359375,0.25962939858436584,262.0817565917969
2026-08-11 20:30:00,12.16305923461914,402.8343200683594,551.50732421875,0.2596837282180786,261.84228515625
2026-08-11 20:45:00,12.12369155883789,402.2859191894531,551.380615234375,0.2595789432525635,261.48583984375
2026-08-11 21:00:00,12.08737564086914,401.0531921386719,550.26617431640625,0.25899893045425415,260.6845703125
2026-08-11 21:15:00,12.06619644165039,400.3667907714844,549.6597900390625,0.2586817741394043,260.2384033203125
2026-08-11 21:30:00,12.044986724853516,399.8201904296875,549.2452392578125,0.2584574520587921,259.88311767578125
2026-08-11 21:45:00,12.01169204711914,399.4208984375,549.2242431640625,0.2584103047847748,259.6235656738281
2026-08-11 22:00:00,11.97836685180664,398.7389831542969,548.81475830078125,0.258174866437912,259.1803283691406
2026-08-11 22:15:00,11.94504165649414,398.626953125,549.18951416015625,0.2583191394805908,259.1075134277344
2026-08-11 22:30:00,11.917789459228516,398.38409423828125,549.28802490234375,0.25833627581596375,258.94964599609375
2026-08-11 22:45:00,11.896549224853516,398.2479248046875,549.43817138671875,0.25838503241539,258.86114501953125
2026-08-11 23:00:00,11.872318267822266,398.03863525390625,549.53521728515625,0.2584047019481659,258.72509765625
2026-08-11 23:15:00,11.854129791259766,397.6074523925781,549.22955322265625,0.25823622941970825,258.44482421875
2026-08-11 23:30:00,11.84201431274414,397.3149108886719,549.01837158203125,0.25812041759490967,258.2546691894531
2026-08-11 23:45:00,11.826847076416016,397.10150146484375,548.965087890625,0.2580774128437042,258.115966796875
2026-08-12 00:00:00,11.817752838134766,397.2417907714844,549.3040771484375,0.2582312226295471,258.2071533203125
2026-08-12 00:15:00,11.805606842041016,397.3741149902344,549.68096923828125,0.2583997845649719,258.29315185546875
2026-08-12 00:30:00,11.793521881103516,397.15869140625,549.575927734375,0.2583351731300354,258.15313720703125
2026-08-12 00:45:00,11.781375885009766,396.8799133300781,549.384033203125,0.2582285404205322,257.971923828125
2026-08-12 01:00:00,11.769229888916016,396.4213562011719,548.943115234375,0.2580013573169708,257.6738586425781
2026-08-12 01:15:00,11.760135650634766,396.4776306152344,549.16619873046875,0.2580990195274353,257.71044921875
2026-08-12 01:30:00,11.751041412353516,396.59344482421875,549.4720458984375,0.2582365572452545,257.7857360839844
2026-08-12 01:45:00,11.744998931884766,396.4714050292969,549.39947509765625,0.25819459557533264,257.7063903808594
2026-08-12 02:00:00,11.73892593383789,396.47723388671875,549.50469970703125,0.2582384943962097,257.710205078125
2026-08-12 02:15:00,11.73587417602539,396.3250732421875,549.34259033203125,0.2581566274166107,257.6112976074219
2026-08-12 02:30:00,11.72677993774414,395.9879455566406,549.02069091796875,0.25799041986465454,257.39215087890625
2026-08-12 02:45:00,11.720706939697266,395.92108154296875,549.0250244140625,0.2579856514930725,257.34869384765625
2026-08-12 03:00:00,11.71463394165039,395.71356201171875,548.83428955078125,0.2578864097595215,257.21380615234375
2026-08-12 03:15:00,11.70553970336914,395.3981628417969,548.54217529296875,0.2577346861362457,257.0087890625
2026-08-12 03:30:00,11.699466705322266,395.2160339355469,548.38653564453125,0.2576524615287781,256.8904113769531
2026-08-12 03:45:00,11.69339370727539,395.2503967285156,548.53125,0.25771549344062805,256.9127502441406
2026-08-12 04:00:00,11.687320709228516,395.3293151855469,548.7379150390625,0.2578084468841553,256.96405029296875
2026-08-12 04:15:00,11.67520523071289,395.115966796875,548.635498046875,0.25774502754211426,256.82537841796875
2026-08-12 04:30:00,11.669132232666016,394.96270751953125,548.51983642578125,0.2576821446418762,256.7257385253906
2026-08-12 04:45:00,11.656986236572266,394.5508728027344,548.14208984375,0.2574854791164398,256.45806884765625
2026-08-12 05:00:00,11.656986236572266,394.4597473144531,548.0155029296875,0.2574242651462555,256.3988342285156
2026-08-12 05:15:00,11.660037994384766,394.388671875,547.867919921875,0.2573564350605011,256.3526306152344
2026-08-12 05:30:00,11.65091323852539,394.54315185546875,548.228515625,0.25752025842666626,256.4530334472656
2026-08-12 05:45:00,11.63272476196289,394.12689208984375,547.94091796875,0.2573602497577667,256.1824645996094
2026-08-12 06:00:00,11.626651763916016,393.8729248046875,547.6849365234375,0.2572295069694519,256.01739501953125
2026-08-12 06:15:00,11.63272476196289,393.97711181640625,547.732666015625,0.2572596073150635,256.0851135253906
2026-08-12 06:30:00,11.638797760009766,393.8277587890625,547.427978515625,0.25711920857429504,255.988037109375
2026-08-12 06:45:00,11.64181900024414,393.76153564453125,547.28765869140625,0.2570548951625824,255.9449920654297
2026-08-12 07:00:00,11.64181900024414,393.5863342285156,547.04412841796875,0.2569371461868286,255.8311004638672
2026-08-12 07:15:00,11.644840240478516,393.5330810546875,546.921875,0.2568815052509308,255.79649353027344
2026-08-12 07:30:00,11.65091323852539,393.7030029296875,547.06109619140625,0.2569557726383209,255.9069366455078
2026-08-12 07:45:00,11.66305923461914,393.78656005859375,546.98333740234375,0.2569321393966675,255.9612579345703
2026-08-12 08:00:00,11.687320709228516,393.7889404296875,546.59979248046875,0.2567744553089142,255.96279907226562
2026-08-12 08:15:00,11.720706939697266,393.9262390136719,546.25872802734375,0.25664764642715454,256.0520324707031
2026-08-12 08:30:00,11.754093170166016,394.13165283203125,546.01275634765625,0.2565666437149048,256.1855773925781
2026-08-12 08:45:00,11.781375885009766,394.20263671875,545.677978515625,0.2564356029033661,256.231689453125
2026-08-12 09:00:00,11.805606842041016,394.32696533203125,545.46588134765625,0.25636038184165955,256.3125305175781
2026-08-12 09:15:00,11.83292007446289,394.5810241699219,545.38458251953125,0.2563517987728119,256.4776611328125
2026-08-12 09:30:00,11.86020278930664,394.6952819824219,545.11083984375,0.2562500834465027,256.5519104003906
2026-08-12 09:45:00,11.92081069946289,395.2149353027344,544.8707275390625,0.25620168447494507,256.88970947265625
2026-08-12 10:00:00,12.02682876586914,396.1279602050781,544.4583740234375,0.25611963868141174,257.483154296875
2026-08-12 10:15:00,12.16000747680664,397.4056701660156,544.12286376953125,0.25610309839248657,258.3136901855469
2026-08-12 10:30:00,12.287052154541016,398.470458984375,543.59503173828125,0.2559847831726074,259.00579833984375
2026-08-12 10:45:00,12.41702651977539,399.6648254394531,543.2017822265625,0.2559327781200409,259.7821350097656
2026-08-12 11:00:00,12.52878189086914,400.693603515625,542.868408203125,0.2558889091014862,260.4508361816406
2026-08-12 11:15:00,12.63144302368164,401.6026306152344,542.515380859375,0.2558246850967407,261.04168701171875
2026-08-12 11:30:00,12.73703384399414,402.5374755859375,542.154296875,0.2557583153247833,261.64935302734375
2026-08-12 11:45:00,12.84860610961914,403.450927734375,541.6751708984375,0.2556394934654236,262.24310302734375
2026-08-12 12:00:00,12.966129302978516,404.6174011230469,541.44720458984375,0.2556471824645996,263.0013122558594
2026-08-12 12:15:00,13.08359146118164,405.6200256347656,541.00311279296875,0.2555483877658844,263.65301513671875
2026-08-12 12:30:00,13.191959381103516,406.4045104980469,540.4091796875,0.25536641478538513,264.1629333496094
2026-08-12 12:45:00,13.300296783447266,407.295654296875,539.96063232421875,0.25525379180908203,264.7421569824219
2026-08-12 13:00:00,13.40256118774414,408.0779724121094,539.46185302734375,0.25510966777801514,265.25067138671875
2026-08-12 13:15:00,13.495731353759766,408.86175537109375,539.10357666015625,0.25502410531044006,265.7601318359375
2026-08-12 13:30:00,13.57986831665039,409.47576904296875,538.6583251953125,0.25488683581352234,266.15924072265625
2026-08-12 13:45:00,13.675968170166016,410.2150573730469,538.2020263671875,0.25475451350212097,266.6397705078125
2026-08-12 14:00:00,13.772037506103516,411.0515441894531,537.87579345703125,0.25468456745147705,267.1835021972656
2026-08-12 14:15:00,13.814090728759766,411.1679382324219,537.40704345703125,0.2544950842857361,267.2591552734375
2026-08-12 14:30:00,13.793094635009766,410.5889892578125,536.95977783203125,0.25425833463668823,266.8828430175781
2026-08-12 14:45:00,13.799076080322266,410.3664245605469,536.58056640625,0.25407934188842773,266.7381591796875
2026-08-12 15:00:00,13.80807876586914,410.206298828125,536.2386474609375,0.2539212703704834,266.63409423828125
2026-08-12 15:15:00,13.78104019165039,409.5482177734375,535.77606201171875,0.2536715865135193,266.2063293457031
2026-08-12 15:30:00,13.739017486572266,408.7554626464844,535.35699462890625,0.25342926383018494,265.6910400390625
2026-08-12 15:45:00,13.62192153930664,407.2884216308594,535.1591796875,0.25322505831718445,264.7374572753906
2026-08-12 16:00:00,13.56784439086914,406.44488525390625,534.848876953125,0.2530238926410675,264.1891784667969
2026-08-12 16:15:00,13.47470474243164,405.13006591796875,534.494384765625,0.25276437401771545,263.33453369140625
2026-08-12 16:30:00,13.345401763916016,403.6510925292969,534.45782470703125,0.2526240646839142,262.3731994628906
2026-08-12 16:45:00,13.29428482055664,403.4840393066406,534.99700927734375,0.25283706188201904,262.2646179199219
2026-08-12 17:00:00,13.26718521118164,403.8533935546875,535.89111328125,0.25324520468711853,262.50469970703125
2026-08-12 17:15:00,13.200992584228516,403.3703308105469,536.2392578125,0.25335028767585754,262.1907043457031
2026-08-12 17:30:00,13.152835845947266,403.45440673828125,537.072998046875,0.25370824337005615,262.245361328125
2026-08-12 17:45:00,13.07156753540039,402.61273193359375,537.1729736328125,0.253677099943161,261.6982727050781
2026-08-12 18:00:00,12.98422622680664,401.5556335449219,537.076904296875,0.2535441815853119,261.0111389160156
2026-08-12 18:15:00,12.866703033447266,400.93719482421875,538.0257568359375,0.2538871169090271,260.6091613769531
2026-08-12 18:30:00,12.755130767822266,399.7030029296875,538.061279296875,0.25379154086112976,259.80694580078125
2026-08-12 18:45:00,12.664615631103516,398.4534912109375,537.7552490234375,0.2535507380962372,258.9947509765625
2026-08-12 19:00:00,12.577091217041016,397.59820556640625,537.93536376953125,0.2535479664802551,258.4388122558594
2026-08-12 19:15:00,12.50461196899414,397.1136779785156,538.38848876953125,0.25369220972061157,258.1238708496094
2026-08-12 19:30:00,12.438175201416016,396.6654052734375,538.7999267578125,0.25382205843925476,257.8324890136719
2026-08-12 19:45:00,12.37167739868164,396.5085754394531,539.61041259765625,0.254144549369812,257.7305603027344
2026-08-12 20:00:00,12.30820083618164,396.06640625,539.98828125,0.25426018238067627,257.4431457519531
2026-08-12 20:15:00,12.24472427368164,395.4982604980469,540.1954345703125,0.25429266691207886,257.0738525390625
2026-08-12 20:30:00,12.18722915649414,394.9862365722656,540.38720703125,0.25432366132736206,256.7410583496094
2026-08-12 20:45:00,12.129764556884766,394.62237548828125,540.7822265625,0.2544527053833008,256.5045471191406
2026-08-12 21:00:00,12.084354400634766,393.7930603027344,540.3519287109375,0.2541950047016144,255.96548461914062
2026-08-12 21:15:00,12.04196548461914,393.4141845703125,540.4921875,0.25421661138534546,255.71920776367188
2026-08-12 21:30:00,11.999576568603516,392.5950622558594,540.02734375,0.25394517183303833,255.18678283691406
2026-08-12 21:45:00,11.97836685180664,392.21612548828125,539.83685302734375,0.2538296580314636,254.9404754638672
2026-08-12 22:00:00,11.960208892822266,429.0689392089844,590.8702392578125,0.2785533666610718,278.8948059082031
2026-08-12 22:15:00,11.957157135009766,428.8830261230469,590.66632080078125,0.27845069766044617,278.7739562988281
2026-08-12 22:30:00,11.948062896728516,428.61383056640625,590.450927734375,0.27833515405654907,278.5989685058594
2026-08-12 22:45:00,11.932926177978516,428.1428527832031,590.06048583984375,0.2781274616718292,278.2928466796875
2026-08-12 23:00:00,11.893558502197266,427.4899597167969,589.832763671875,0.2779698371887207,277.86846923828125
2026-08-12 23:15:00,11.86929702758789,426.15826416015625,588.408935546875,0.2772493064403534,277.00286865234375
2026-08-12 23:30:00,11.86020278930664,427.66424560546875,590.64404296875,0.2783240079879761,277.98175048828125
2026-08-12 23:45:00,11.848087310791016,427.3525390625,590.4210205078125,0.2782011330127716,277.7791442871094
2026-08-13 00:00:00,11.83896255493164,426.88885498046875,589.93658447265625,0.2779548764228821,277.4777526855469
2026-08-13 00:15:00,11.82382583618164,426.7343444824219,589.98223876953125,0.27795886993408203,277.3773193359375
2026-08-13 00:30:00,11.81473159790039,426.56744384765625,589.9072265625,0.2779114544391632,277.2688293457031
2026-08-13 00:45:00,11.799564361572266,426.4102783203125,589.94976806640625,0.2779138386249542,277.1666564941406
2026-08-13 01:00:00,11.790470123291016,426.1487121582031,589.74365234375,0.27780279517173767,276.99664306640625
2026-08-13 01:15:00,11.781375885009766,425.82562255859375,589.45233154296875,0.2776503562927246,276.7866516113281
2026-08-13 01:30:00,11.769229888916016,425.6114501953125,589.364013671875,0.2775927484035492,276.6474304199219
2026-08-13 01:45:00,11.75711441040039,425.3161315917969,589.16259765625,0.2774803936481476,276.4554748535156
2026-08-13 02:00:00,11.754093170166016,425.1830139160156,589.02996826171875,0.2774123549461365,276.36895751953125
2026-08-13 02:15:00,11.74802017211914,425.0483703613281,588.94744873046875,0.27736493945121765,276.28143310546875
2026-08-13 02:30:00,11.73892593383789,424.7708740234375,588.71875,0.2772429287433624,276.1010437011719
2026-08-13 02:45:00,11.732852935791016,424.790283203125,588.8497314453125,0.27729907631874084,276.1136779785156
2026-08-13 03:00:00,11.72677993774414,424.60211181640625,588.6929931640625,0.27721571922302246,275.9913635253906
2026-08-13 03:15:00,11.70553970336914,424.262939453125,588.58673095703125,0.277138352394104,275.7709045410156
2026-08-13 03:30:00,11.69339370727539,423.824951171875,588.187255859375,0.27692970633506775,275.4862060546875
2026-08-13 03:45:00,11.690372467041016,423.53662109375,587.8388671875,0.2767568826675415,275.2987976074219
2026-08-13 04:00:00,11.678226470947266,423.7713928222656,588.37298583984375,0.27700135111808777,275.4513854980469
2026-08-13 04:15:00,11.681278228759766,423.782470703125,588.33599853515625,0.2769871652126312,275.4585876464844
2026-08-13 04:30:00,11.68429946899414,423.91558837890625,588.468994140625,0.2770552933216095,275.5451354980469
2026-08-13 04:45:00,11.690372467041016,424.01593017578125,588.50408935546875,0.2770797610282898,275.6103515625
2026-08-13 05:00:00,11.678226470947266,423.9169921875,588.57513427734375,0.2770994305610657,275.5460205078125
2026-08-13 05:15:00,11.66305923461914,423.72467041015625,588.56842041015625,0.27707764506340027,275.4210205078125
2026-08-13 05:30:00,11.660037994384766,423.7357482910156,588.63568115234375,0.2771066129207611,275.42822265625
2026-08-13 05:45:00,11.656986236572266,423.7660217285156,588.73016357421875,0.2771487832069397,275.4479064941406
2026-08-13 06:00:00,11.653934478759766,423.9720458984375,589.06878662109375,0.2773094177246094,275.5818176269531
2026-08-13 06:15:00,11.653934478759766,424.0955505371094,589.2403564453125,0.2773926556110382,275.662109375
2026-08-13 06:30:00,11.65091323852539,424.1833801269531,589.41436767578125,0.2774733901023865,275.71917724609375
2026-08-13 06:45:00,11.635746002197266,424.1558532714844,589.6370849609375,0.2775629460811615,275.7012939453125
2026-08-13 07:00:00,11.638797760009766,424.42364501953125,589.956787109375,0.2777217924594879,275.8753662109375
2026-08-13 07:15:00,11.644840240478516,424.69134521484375,590.22479248046875,0.27785933017730713,276.04937744140625
2026-08-13 07:30:00,11.65091323852539,425.2722473144531,590.92742919921875,0.2782077491283417,276.42694091796875
2026-08-13 07:45:00,11.653934478759766,426.0475158691406,591.95245361328125,0.2787089943885803,276.9308776855469
2026-08-13 08:00:00,11.656986236572266,426.644287109375,592.7288818359375,0.27908965945243835,277.31878662109375
2026-08-13 08:15:00,11.666080474853516,427.50848388671875,593.77191162109375,0.27960720658302307,277.8804931640625
2026-08-13 08:30:00,11.67520523071289,428.1407470703125,594.4918212890625,0.2799679934978485,278.2914733886719
2026-08-13 08:45:00,11.687320709228516,429.3444519042969,595.95269775390625,0.28069227933883667,279.0738830566406
2026-08-13 09:00:00,11.70553970336914,430.5211486816406,597.26885986328125,0.2813539206981659,279.8387451171875
2026-08-13 09:15:00,11.71768569946289,431.43927001953125,598.33087158203125,0.2818847894668579,280.4355163574219
2026-08-13 09:30:00,11.72677993774414,431.98651123046875,598.93115234375,0.2821876108646393,280.7912292480469
2026-08-13 09:45:00,11.72677993774414,432.202880859375,599.23114013671875,0.2823333740234375,280.9318542480469
2026-08-13 10:00:00,11.72372817993164,432.6927490234375,599.963623046875,0.2826854884624481,281.2502746582031
2026-08-13 10:15:00,11.72372817993164,433.1629638671875,600.6156005859375,0.2830022871494293,281.555908203125
2026-08-13 10:30:00,11.741947174072266,434.0017395019531,601.4595947265625,0.2834348678588867,282.10113525390625
2026-08-13 10:45:00,11.790470123291016,434.71014404296875,601.59173583984375,0.28355884552001953,282.56158447265625
2026-08-13 11:00:00,11.87839126586914,436.1034240722656,601.98175048828125,0.2838559150695801,283.46722412109375
2026-08-13 11:15:00,11.98746109008789,436.4248352050781,600.52679443359375,0.28328025341033936,283.6761474609375
2026-08-13 11:30:00,12.114627838134766,437.1249084472656,599.28790283203125,0.2828294038772583,284.1311950683594
2026-08-13 11:45:00,12.205387115478516,437.9128723144531,598.803466796875,0.28270068764686584,284.64337158203125
2026-08-13 12:00:00,12.217472076416016,436.9975891113281,597.34466552734375,0.2820048928260803,284.0484313964844
2026-08-13 12:15:00,12.166080474853516,434.476806640625,594.7763671875,0.28069519996643066,282.409912109375
2026-08-13 12:30:00,12.141849517822266,433.5277099609375,593.89080810546875,0.2802360951900482,281.7929992675781
2026-08-13 12:45:00,12.13278579711914,433.123046875,593.4912109375,0.28003114461898804,281.52996826171875
2026-08-13 13:00:00,12.16305923461914,433.13836669921875,592.99560546875,0.2798255681991577,281.5399169921875
2026-08-13 13:15:00,12.199344635009766,433.212646484375,592.47918701171875,0.27961668372154236,281.58819580078125
2026-08-13 13:30:00,12.238651275634766,433.2919921875,591.91949462890625,0.2793900966644287,281.6397705078125
2026-08-13 13:45:00,12.281009674072266,433.5555725097656,591.56072998046875,0.27926453948020935,281.8111267089844
2026-08-13 14:00:00,12.33542251586914,433.8010559082031,590.97430419921875,0.27904176712036133,281.9706726074219
2026-08-13 14:15:00,12.374698638916016,433.82110595703125,590.33831787109375,0.278777152299881,281.98370361328125
2026-08-13 14:30:00,12.392826080322266,433.7288818359375,589.90716552734375,0.27858802676200867,281.92376708984375
2026-08-13 14:45:00,12.38980484008789,432.93817138671875,588.882568359375,0.27808600664138794,281.4097900390625
2026-08-13 15:00:00,12.368656158447266,432.2276916503906,588.27154541015625,0.2777647376060486,280.947998046875
2026-08-13 15:15:00,12.37167739868164,431.8980712890625,587.77215576171875,0.2775251865386963,280.7337341308594
2026-08-13 15:30:00,12.36563491821289,431.67816162109375,587.5743408203125,0.27742213010787964,280.5907897949219
2026-08-13 15:45:00,12.338443756103516,430.94549560546875,587.0333251953125,0.2771279811859131,280.11456298828125
2026-08-13 16:00:00,12.317264556884766,430.6438293457031,586.97808837890625,0.27707698941230774,279.9184875488281
2026-08-13 16:15:00,12.326358795166016,430.5824279785156,586.74163818359375,0.27697235345840454,279.8785705566406
2026-08-13 16:30:00,12.347537994384766,430.63604736328125,586.459228515625,0.2768591046333313,279.9134216308594
2026-08-13 16:45:00,12.36563491821289,430.5855712890625,586.08721923828125,0.27669867873191833,279.880615234375
2026-08-13 17:00:00,12.37771987915039,430.307373046875,585.50628662109375,0.2764298617839813,279.69976806640625
2026-08-13 17:15:00,12.380741119384766,430.0928649902344,585.16387939453125,0.2762667238712311,279.56036376953125
2026-08-13 17:30:00,12.380741119384766,430.0514831542969,585.10760498046875,0.2762393057346344,279.533447265625
2026-08-13 17:45:00,12.362613677978516,429.5923767089844,584.78582763671875,0.27606233954429626,279.23504638671875
2026-08-13 18:00:00,12.317264556884766,429.0303955078125,584.7789306640625,0.2760075032711029,278.8697509765625
2026-08-13 18:15:00,12.26285171508789,428.28558349609375,584.67431640625,0.2758946120738983,278.3856201171875
2026-08-13 18:30:00,12.21445083618164,427.5193786621094,584.4393310546875,0.2757248282432556,277.8875732421875
2026-08-13 18:45:00,12.172122955322266,426.9201965332031,584.3302001953125,0.2756231427192688,277.49810791015625
2026-08-13 19:00:00,12.12674331665039,426.28350830078125,584.2208251953125,0.2755175232887268,277.0842590332031
2026-08-13 19:15:00,12.07828140258789,425.5010681152344,583.96295166015625,0.27533596754074097,276.57568359375
2026-08-13 19:30:00,12.02682876586914,424.7306213378906,583.77130126953125,0.2751828730106354,276.07489013671875
2026-08-13 19:45:00,11.98141860961914,424.1046447753906,583.6759033203125,0.2750833332538605,275.6679992675781
2026-08-13 20:00:00,11.948062896728516,423.4761962890625,583.3734130859375,0.2748972475528717,275.259521484375
2026-08-13 20:15:00,11.917789459228516,422.9112854003906,583.1058349609375,0.2747315764427185,274.892333984375
2026-08-13 20:30:00,11.88443374633789,422.51788330078125,583.1265869140625,0.2747022211551666,274.6366271972656
2026-08-13 20:45:00,11.854129791259766,422.0782470703125,583.031982421875,0.2746203541755676,274.3508605957031
2026-08-13 21:00:00,11.82077407836914,421.8775939941406,583.31915283203125,0.27472010254859924,274.2204284667969
2026-08-13 21:15:00,11.81473159790039,421.6900634765625,583.1622314453125,0.27463671565055847,274.0985412597656
2026-08-13 21:30:00,11.802616119384766,421.3790283203125,582.93719482421875,0.27451300621032715,273.8963623046875
2026-08-13 21:45:00,11.78744888305664,421.00506591796875,582.6766357421875,0.27436840534210205,273.6532897949219
2026-08-13 22:00:00,11.763187408447266,420.77362060546875,582.7672119140625,0.27438339591026306,273.5028381347656
2026-08-13 22:15:00,11.72372817993164,420.00616455078125,582.37261962890625,0.27414461970329285,273.0039978027344
2026-08-13 22:30:00,11.69339370727539,419.693359375,582.453369140625,0.27414727210998535,272.8006591796875
2026-08-13 22:45:00,11.66305923461914,419.2180480957031,582.30853271484375,0.2740403711795807,272.4917297363281
2026-08-13 23:00:00,11.65091323852539,419.05474853515625,582.28802490234375,0.27401575446128845,272.3855895996094
2026-08-13 23:15:00,11.653934478759766,419.0693054199219,582.25689697265625,0.2740042209625244,272.3950500488281
2026-08-13 23:30:00,11.64181900024414,419.0244140625,582.40045166015625,0.2740592360496521,272.3658447265625
2026-08-13 23:45:00,11.635746002197266,418.888427734375,582.31463623046875,0.27401024103164673,272.2774658203125
2026-08-14 00:00:00,11.62967300415039,419.4896240234375,583.2537841796875,0.2744583785533905,272.6682434082031
2026-08-14 00:15:00,11.614505767822266,419.4017333984375,583.38995361328125,0.27450597286224365,272.6111145019531
2026-08-14 00:30:00,11.60843276977539,419.8428649902344,584.107177734375,0.27484646439552307,272.8978576660156
2026-08-14 00:45:00,11.599308013916016,419.763427734375,584.15240478515625,0.2748572528362274,272.8462219238281
2026-08-14 01:00:00,11.593265533447266,419.4439697265625,583.8109130859375,0.274684339761734,272.6385803222656
2026-08-14 01:15:00,11.575016021728516,419.19879150390625,583.78106689453125,0.27464759349823,272.4792175292969
2026-08-14 01:30:00,11.575016021728516,419.62091064453125,584.368896484375,0.2749326527118683,272.7535705566406
2026-08-14 01:45:00,11.57199478149414,419.4271545410156,584.15069580078125,0.2748231291770935,272.6276550292969
2026-08-14 02:00:00,11.550724029541016,419.05389404296875,583.994140625,0.2747211456298828,272.385009765625
2026-08-14 02:15:00,11.550724029541016,419.4457702636719,584.540283203125,0.2749859690666199,272.6397399902344
2026-08-14 02:30:00,11.54770278930664,419.3907470703125,584.5152587890625,0.2749701738357544,272.6039733886719
2026-08-14 02:45:00,11.53250503540039,420.0334777832031,585.67156982421875,0.2755122184753418,273.0217590332031
2026-08-14 03:00:00,11.517337799072266,419.7056884765625,585.47454833984375,0.27539801597595215,272.8086853027344
2026-08-14 03:15:00,11.50821304321289,419.29034423828125,585.051513671875,0.2751816511154175,272.5387268066406
2026-08-14 03:30:00,11.505191802978516,419.1781921386719,584.94683837890625,0.2751271724700928,272.4658203125
2026-08-14 03:45:00,11.50821304321289,419.11669921875,584.8092041015625,0.2750641703605652,272.42584228515625
2026-08-14 04:00:00,11.514286041259766,419.5144958496094,585.26019287109375,0.27529028058052063,272.6844177246094
2026-08-14 04:15:00,11.50821304321289,419.2920227050781,585.05389404296875,0.2751828134059906,272.539794921875
2026-08-14 04:30:00,11.49606704711914,419.0989685058594,584.99273681640625,0.27513808012008667,272.414306640625
2026-08-14 04:45:00,11.48392105102539,419.13519287109375,585.25164794921875,0.2752487063407898,272.4378662109375
2026-08-14 05:00:00,11.48392105102539,418.98956298828125,585.04827880859375,0.2751501202583313,272.34320068359375
2026-08-14 05:15:00,11.48392105102539,419.1976013183594,585.33880615234375,0.27529096603393555,272.4784240722656
2026-08-14 05:30:00,11.48086929321289,418.9597473144531,585.05902099609375,0.2751515507698059,272.3238220214844
2026-08-14 05:45:00,11.462650299072266,418.62103271484375,584.89849853515625,0.27505117654800415,272.1036682128906
2026-08-14 06:00:00,11.45657730102539,419.2020568847656,585.814697265625,0.27548786997795105,272.4813232421875
2026-08-14 06:15:00,11.450504302978516,418.5828552246094,585.0537109375,0.2751113772392273,272.078857421875
2026-08-14 06:30:00,11.444400787353516,418.643798828125,585.24371337890625,0.2751958966255188,272.11846923828125
2026-08-14 06:45:00,11.44137954711914,418.3279724121094,584.85406494140625,0.27500322461128235,271.9131774902344
2026-08-14 07:00:00,11.44137954711914,417.9936218261719,584.3865966796875,0.2747766673564911,271.6958312988281
2026-08-14 07:15:00,11.45657730102539,418.6787109375,585.0833740234375,0.2751332223415375,272.1411437988281
2026-08-14 07:30:00,11.477848052978516,418.7287292480469,584.7882080078125,0.2750164568424225,272.1736755371094
2026-08-14 07:45:00,11.502140045166016,419.205810546875,585.0377197265625,0.27516743540763855,272.4837646484375
2026-08-14 08:00:00,11.52341079711914,419.17633056640625,584.632080078125,0.27499690651893616,272.464599609375
2026-08-14 08:15:00,11.54770278930664,419.40673828125,584.53759765625,0.27498090267181396,272.6143798828125
2026-08-14 08:30:00,11.57199478149414,419.56622314453125,584.3443603515625,0.27491697669029236,272.7180480957031
2026-08-14 08:45:00,11.593265533447266,419.4842834472656,583.8670654296875,0.27471140027046204,272.6647644042969
2026-08-14 09:00:00,11.61752700805664,419.7770080566406,583.86041259765625,0.27473777532577515,272.85504150390625
2026-08-14 09:15:00,11.64181900024414,420.32073974609375,584.20220947265625,0.2749330997467041,273.2084655761719
2026-08-14 09:30:00,11.66305923461914,420.31884765625,583.83758544921875,0.2747820019721985,273.2072448730469
2026-08-14 09:45:00,11.699466705322266,420.5274658203125,583.5076904296875,0.2746659815311432,273.34283447265625
2026-08-14 10:00:00,11.744998931884766,421.22357177734375,583.69915771484375,0.274813711643219,273.7953186035156
2026-08-14 10:15:00,11.793521881103516,421.97393798828125,583.91448974609375,0.2749764323234558,274.2830505371094
2026-08-14 10:30:00,11.863224029541016,423.5813903808594,584.9539794921875,0.27556413412094116,275.327880859375
2026-08-14 10:45:00,11.97232437133789,423.7380065917969,583.32464599609375,0.27490201592445374,275.4296875
2026-08-14 11:00:00,12.11764907836914,425.237548828125,582.93994140625,0.27488449215888977,276.4043884277344
2026-08-14 11:15:00,12.22958755493164,426.1972351074219,582.37884521484375,0.27474063634872437,277.0281982421875
2026-08-14 11:30:00,12.380741119384766,427.6601257324219,581.85400390625,0.2746570110321045,277.97906494140625
2026-08-14 11:45:00,12.55295181274414,429.53753662109375,581.54693603515625,0.27469974756240845,279.19940185546875
2026-08-14 12:00:00,12.73703384399414,431.3505859375,580.96099853515625,0.2746162414550781,280.37786865234375
2026-08-14 12:15:00,12.92093276977539,433.5025329589844,580.83819580078125,0.274754136800766,281.7766418457031
2026-08-14 12:30:00,13.08963394165039,435.1672668457031,580.3140869140625,0.2746767997741699,282.85870361328125
2026-08-14 12:45:00,13.09262466430664,435.14483642578125,580.23553466796875,0.2746416926383972,282.8441467285156
2026-08-14 13:00:00,13.11673355102539,434.9715881347656,579.61328125,0.27436357736587524,282.7315368652344
2026-08-14 13:15:00,13.24313735961914,436.3724670410156,579.430419921875,0.2744053304195404,283.64208984375
2026-08-14 13:30:00,13.36044692993164,437.87255859375,579.526611328125,0.2745722234249115,284.6171569824219
2026-08-14 13:45:00,13.45065689086914,438.5451354980469,578.96514892578125,0.2743896543979645,285.0543212890625
2026-08-14 14:00:00,13.40555191040039,437.70916748046875,578.58502197265625,0.2741587460041046,284.5109558105469
2026-08-14 14:15:00,13.24612808227539,435.46966552734375,578.18341064453125,0.2738005220890045,283.0552673339844
2026-08-14 14:30:00,13.08359146118164,433.2892150878906,577.90740966796875,0.27349790930747986,281.6379699707031
2026-08-14 14:45:00,12.92697525024414,431.126708984375,577.55670166015625,0.2731623947620392,280.23236083984375
2026-08-14 15:00:00,12.82144546508789,429.829345703125,577.53326416015625,0.2730386257171631,279.3890686035156
2026-08-14 15:15:00,12.78226089477539,428.9315185546875,576.96484375,0.27271994948387146,278.80548095703125
2026-08-14 15:30:00,12.743045806884766,428.42095947265625,576.91717529296875,0.27265456318855286,278.4736022949219
2026-08-14 15:45:00,12.718936920166016,427.9206237792969,576.636474609375,0.27249202132225037,278.1484069824219
2026-08-14 16:00:00,12.652530670166016,427.2214050292969,576.77813720703125,0.2724889814853668,277.69390869140625
2026-08-14 16:15:00,12.53482437133789,425.72576904296875,576.68341064453125,0.27231407165527344,276.72174072265625
2026-08-14 16:30:00,12.444217681884766,425.14447021484375,577.3841552734375,0.2725546360015869,276.3439025878906
2026-08-14 16:45:00,12.374698638916016,424.0179443359375,576.998291015625,0.27228954434394836,275.6116638183594
2026-08-14 17:00:00,12.317264556884766,422.9764709472656,576.52728271484375,0.27199622988700867,274.9346923828125
2026-08-14 17:15:00,12.27194595336914,422.4009094238281,576.4906005859375,0.2719274163246155,274.5605773925781
2026-08-14 17:30:00,12.226566314697266,421.875,576.52264404296875,0.27189162373542786,274.21875
2026-08-14 17:45:00,12.184207916259766,421.4495544433594,576.6422119140625,0.27190154790878296,273.94219970703125
2026-08-14 18:00:00,12.16000747680664,421.3092346191406,576.851318359375,0.271975576877594,273.8509826660156
2026-08-14 18:15:00,12.141849517822266,421.26556396484375,577.09283447265625,0.27207207679748535,273.8226013183594
2026-08-14 18:30:00,12.135807037353516,421.1897888183594,577.08935546875,0.2720634341239929,273.7733459472656
2026-08-14 18:45:00,12.12369155883789,421.4009704589844,577.580078125,0.27228787541389465,273.9106140136719
2026-08-14 19:00:00,12.10251235961914,421.4999084472656,578.06805419921875,0.27250054478645325,273.9749450683594
2026-08-14 19:15:00,12.07828140258789,421.2074279785156,578.0703125,0.2724737524986267,273.7848205566406
2026-08-14 19:30:00,12.05710220336914,421.1273498535156,578.31341552734375,0.2725673019886017,273.7327575683594
2026-08-14 19:45:00,12.03287124633789,420.65509033203125,578.06884765625,0.2724204659461975,273.4258117675781
2026-08-14 20:00:00,12.00259780883789,420.15533447265625,577.886962890625,0.27229711413383484,273.1009521484375
2026-08-14 20:15:00,11.975345611572266,419.9070739746094,578.00042724609375,0.27232053875923157,272.9395751953125
2026-08-14 20:30:00,11.951114654541016,419.4544677734375,577.78216552734375,0.2721862494945526,272.6453857421875
2026-08-14 20:45:00,11.92990493774414,419.049072265625,577.57806396484375,0.27206242084503174,272.38189697265625
2026-08-14 21:00:00,11.899600982666016,418.75653076171875,577.68157958984375,0.27207720279693604,272.1917419433594
2026-08-14 21:15:00,11.875370025634766,418.40484619140625,577.60186767578125,0.27201002836227417,271.963134765625
2026-08-14 21:30:00,11.863224029541016,417.9293518066406,577.148681640625,0.27177590131759644,271.6540832519531
2026-08-14 21:45:00,11.84201431274414,417.7271423339844,577.22442626953125,0.2717876434326172,271.52264404296875
2026-08-14 22:00:00,11.83597183227539,417.58514404296875,577.12945556640625,0.27173444628715515,271.4303283691406
2026-08-14 22:15:00,11.83292007446289,417.3725891113281,576.88677978515625,0.27161306142807007,271.29217529296875
2026-08-14 22:30:00,11.82382583618164,417.3548889160156,577.0146484375,0.2716643512248993,271.2806701660156
2026-08-14 22:45:00,11.81473159790039,417.28424072265625,577.0693359375,0.27168014645576477,271.2347412109375
2026-08-14 23:00:00,11.808658599853516,417.02569580078125,576.81353759765625,0.2715488374233246,271.0666809082031
2026-08-14 23:15:00,11.805606842041016,416.96466064453125,576.78021240234375,0.2715291380882263,271.0270080566406
2026-08-14 23:30:00,11.802616119384766,417.03314208984375,576.925048828125,0.27159586548805237,271.071533203125
2026-08-14 23:45:00,11.805606842041016,409.14483642578125,565.96319580078125,0.2662845253944397,265.9441223144531
2026-08-15 00:00:00,11.805606842041016,418.8094177246094,579.33203125,0.2727670669555664,272.2261047363281
2026-08-15 00:15:00,11.82382583618164,418.8017578125,579.0150146484375,0.272634893655777,272.22113037109375
2026-08-15 00:30:00,11.829898834228516,418.98101806640625,579.16070556640625,0.27271273732185364,272.337646484375
2026-08-15 00:45:00,11.826847076416016,418.8087158203125,578.97381591796875,0.27261844277381897,272.22564697265625
2026-08-15 01:00:00,11.829898834228516,418.8017578125,578.91290283203125,0.27259254455566406,272.22113037109375
2026-08-15 01:15:00,11.82077407836914,418.7030029296875,578.92974853515625,0.27258992195129395,272.1569519042969
2026-08-15 01:30:00,11.82077407836914,418.50244140625,578.6524658203125,0.2724553644657135,272.0265808105469
2026-08-15 01:45:00,11.82382583618164,418.5314025878906,578.6412353515625,0.27245354652404785,272.04541015625
2026-08-15 02:00:00,11.808658599853516,418.4884338378906,578.83673095703125,0.2725304365158081,272.0174865722656
2026-08-15 02:15:00,11.790470123291016,418.27490234375,578.84716796875,0.27251389622688293,271.878662109375
2026-08-15 02:30:00,11.78744888305664,418.1241455078125,578.68939208984375,0.2724337875843048,271.7806701660156
2026-08-15 02:45:00,11.805606842041016,417.94024658203125,578.1297607421875,0.2721838355064392,271.6611633300781
2026-08-15 03:00:00,11.802616119384766,417.8091125488281,577.99853515625,0.27211666107177734,271.575927734375
2026-08-15 03:15:00,11.790470123291016,417.7810974121094,578.163818359375,0.2721824645996094,271.5577087402344
2026-08-15 03:30:00,11.781375885009766,417.7713317871094,578.3031005859375,0.27223923802375793,271.5513610839844
2026-08-15 03:45:00,11.772281646728516,417.76092529296875,578.441650390625,0.2722955346107483,271.5445861816406
2026-08-15 04:00:00,11.76620864868164,417.49749755859375,578.178955078125,0.27216100692749023,271.37335205078125
2026-08-15 04:15:00,11.754093170166016,417.3901062011719,578.2340087890625,0.2721731960773468,271.3035583496094
2026-08-15 04:30:00,11.73892593383789,416.8968811035156,577.8056640625,0.27194738388061523,270.98297119140625
2026-08-15 04:45:00,11.73587417602539,416.69635009765625,577.57904052734375,0.27183377742767334,270.8526306152344
2026-08-15 05:00:00,11.751041412353516,416.9960632324219,577.73944091796875,0.27192968130111694,271.04742431640625
2026-08-15 05:15:00,11.75711441040039,416.9432678222656,577.564208984375,0.27185189723968506,271.01312255859375
2026-08-15 05:30:00,11.74802017211914,416.96832275390625,577.75177001953125,0.27193209528923035,271.0293884277344
2026-08-15 05:45:00,11.732852935791016,410.2504577636719,568.6944580078125,0.26752305030822754,266.66278076171875
2026-08-15 06:00:00,11.754093170166016,384.9908752441406,533.34954833984375,0.2504448890686035,250.2440643310547
2026-08-15 06:15:00,11.751041412353516,384.4671936035156,532.67132568359375,0.2501138150691986,249.90367126464844
2026-08-15 06:30:00,11.74802017211914,384.1289978027344,532.24951171875,0.2499067187309265,249.683837890625
2026-08-15 06:45:00,11.732852935791016,383.6601867675781,531.83465576171875,0.2496894896030426,249.37911987304688
2026-08-15 07:00:00,11.720706939697266,383.1801452636719,531.35711669921875,0.24944530427455902,249.0670928955078
2026-08-15 07:15:00,11.71768569946289,382.8733825683594,530.97845458984375,0.24925905466079712,248.86769104003906
2026-08-15 07:30:00,11.71463394165039,382.67694091796875,530.753173828125,0.24914681911468506,248.74000549316406
2026-08-15 07:45:00,11.71768569946289,382.5173034667969,530.484619140625,0.2490205466747284,248.63624572753906
2026-08-15 08:00:00,11.72372817993164,382.40179443359375,530.23114013671875,0.24890482425689697,248.5611572265625
2026-08-15 08:15:00,11.72983169555664,382.36126708984375,530.08074951171875,0.24883899092674255,248.53482055664062
2026-08-15 08:30:00,11.73587417602539,382.20599365234375,529.77227783203125,0.2486967295408249,248.4338836669922
2026-08-15 08:45:00,11.754093170166016,382.3470153808594,529.68682861328125,0.24867570400238037,248.5255584716797
2026-08-15 09:00:00,11.805606842041016,382.7334899902344,529.4288330078125,0.24860793352127075,248.77676391601562
2026-08-15 09:15:00,11.848087310791016,383.10589599609375,529.29083251953125,0.2485879361629486,249.01882934570312
2026-08-15 09:30:00,11.854129791259766,383.2126159667969,529.345458984375,0.24862097203731537,249.08819580078125
2026-08-15 09:45:00,11.83896255493164,382.9776611328125,529.25372314453125,0.24856001138687134,248.9354705810547
2026-08-15 10:00:00,11.82077407836914,382.6809997558594,529.123046875,0.24847692251205444,248.74264526367187
2026-08-15 10:15:00,11.82382583618164,382.7741394042969,529.2049560546875,0.24851983785629272,248.8031768798828
2026-08-15 10:30:00,11.845035552978516,382.9640808105469,529.1417236328125,0.24851255118846893,248.92665100097656
2026-08-15 10:45:00,11.896549224853516,383.53753662109375,529.1431884765625,0.24856962263584137,249.2993927001953
2026-08-15 11:00:00,11.96323013305664,384.2038269042969,529.04034423828125,0.24859245121479034,249.73248291015625
2026-08-15 11:15:00,12.03287124633789,384.8877258300781,528.91693115234375,0.24860800802707672,250.17701721191406
2026-08-15 11:30:00,12.11160659790039,385.63421630859375,528.7413330078125,0.2486075609922409,250.6622314453125
2026-08-15 11:45:00,12.13278579711914,385.92132568359375,528.81256103515625,0.24866452813148499,250.84884643554687
2026-08-15 12:00:00,12.12369155883789,385.8937683105469,528.9132080078125,0.24870355427265167,250.8309326171875
2026-08-15 12:15:00,12.12674331665039,385.47479248046875,528.29254150390625,0.24840675294399261,250.55860900878906
2026-08-15 12:30:00,12.16305923461914,386.1834411621094,528.71112060546875,0.2486477494239807,251.01922607421875
2026-08-15 12:45:00,12.18118667602539,386.38800048828125,528.71563720703125,0.24866919219493866,251.15219116210937
2026-08-15 13:00:00,12.20236587524414,386.6716613769531,528.781982421875,0.24872370064258575,251.33656311035156
2026-08-15 13:15:00,12.281009674072266,387.4919738769531,528.70965576171875,0.24877168238162994,251.86976623535156
2026-08-15 13:30:00,12.39584732055664,388.62030029296875,528.51019287109375,0.2487950474023819,252.60317993164062
2026-08-15 13:45:00,12.465335845947266,389.4593200683594,528.6021728515625,0.24891147017478943,253.14854431152344
2026-08-15 14:00:00,12.501590728759766,389.8399963378906,528.5726318359375,0.2489345222711563,253.39598083496094
2026-08-15 14:15:00,12.558963775634766,390.4055480957031,528.47613525390625,0.24894657731056213,253.7635955810547
2026-08-15 14:30:00,12.59219741821289,390.8310546875,528.55279541015625,0.24901755154132843,254.04017639160156
2026-08-15 14:45:00,12.555973052978516,390.4356994628906,528.5618896484375,0.24898502230644226,253.78318786621094
2026-08-15 15:00:00,12.471378326416016,389.6323547363281,528.7459716796875,0.2489873170852661,253.26101684570312
2026-08-15 15:15:00,12.420047760009766,389.0498352050781,528.72894287109375,0.24892598390579224,252.88238525390625
2026-08-15 15:30:00,12.35055923461914,388.47894287109375,529.00213623046875,0.24898599088191986,252.5113067626953
2026-08-15 15:45:00,12.28403091430664,387.78997802734375,529.07049560546875,0.24894939363002777,252.0634765625
2026-08-15 16:00:00,12.220523834228516,387.326171875,529.4010009765625,0.2490423321723938,251.7620086669922
2026-08-15 16:15:00,12.166080474853516,386.9668273925781,529.7376708984375,0.249147430062294,251.52842712402344
2026-08-15 16:30:00,12.16000747680664,386.85595703125,529.6783447265625,0.24911224842071533,251.45635986328125
2026-08-15 16:45:00,12.19028091430664,387.347412109375,529.88995361328125,0.2492467761039734,251.7758026123047
2026-08-15 17:00:00,12.217472076416016,387.81536865234375,530.11602783203125,0.2493850141763687,252.07998657226563
2026-08-15 17:15:00,12.208438873291016,387.86419677734375,530.3203125,0.24947425723075867,252.11172485351562
2026-08-15 17:30:00,12.226566314697266,388.18585205078125,530.48394775390625,0.24957266449928284,252.32080078125
2026-08-15 17:45:00,12.27798843383789,388.78143310546875,530.5150146484375,0.2496419996023178,252.70791625976562
2026-08-15 18:00:00,12.302188873291016,389.0971984863281,530.57794189453125,0.24969790875911713,252.9131622314453
2026-08-15 18:15:00,12.29007339477539,389.13604736328125,530.8150634765625,0.2497999221086502,252.93841552734375
2026-08-15 18:30:00,12.25076675415039,388.7957458496094,530.94866943359375,0.24982310831546783,252.71722412109375
2026-08-15 18:45:00,12.18722915649414,388.2113342285156,531.11834716796875,0.24983783066272736,252.3373565673828
2026-08-15 19:00:00,12.14792251586914,387.763427734375,531.1053466796875,0.24978964030742645,252.0462188720703
2026-08-15 19:15:00,12.12369155883789,387.7807312011719,531.49951171875,0.24995435774326324,252.05746459960937
2026-08-15 19:30:00,12.090396881103516,387.458984375,531.56793212890625,0.24995172023773193,251.84832763671875
2026-08-15 19:45:00,12.05105972290039,387.1302490234375,531.71954345703125,0.24998271465301514,251.63465881347656
2026-08-15 20:00:00,12.02682876586914,386.98162841796875,531.88714599609375,0.2500375807285309,251.53805541992187
2026-08-15 20:15:00,12.01169204711914,386.9053039550781,532.0146484375,0.2500828206539154,251.48843383789063
2026-08-15 20:30:00,11.98440933227539,386.7668762207031,532.24365234375,0.25016388297080994,251.39845275878906
2026-08-15 20:45:00,11.990482330322266,386.932861328125,532.37860107421875,0.25023579597473145,251.50634765625
2026-08-15 21:00:00,11.98141860961914,386.9187927246094,532.49871826171875,0.25028395652770996,251.49720764160156
2026-08-15 21:15:00,11.94504165649414,386.6419677734375,532.67779541015625,0.2503308653831482,251.31727600097656
2026-08-15 21:30:00,11.90567398071289,386.24359130859375,532.7357177734375,0.2503158450126648,251.05831909179687
2026-08-15 21:45:00,11.86929702758789,385.9393310546875,532.87750244140625,0.2503444254398346,250.8605499267578
2026-08-15 22:00:00,11.84201431274414,385.8182067871094,533.13201904296875,0.25043731927871704,250.78182983398437
2026-08-15 22:15:00,11.817752838134766,385.60711669921875,533.2156982421875,0.250450998544693,250.64462280273437
2026-08-15 22:30:00,11.799564361572266,385.527587890625,533.387451171875,0.2505137622356415,250.59292602539062
2026-08-15 22:45:00,11.78439712524414,385.45166015625,533.51751708984375,0.25055980682373047,250.54356384277344
2026-08-15 23:00:00,11.77835464477539,385.38946533203125,533.525146484375,0.2505567669868469,250.50314331054688
2026-08-15 23:15:00,11.77530288696289,385.4586181640625,533.668212890625,0.2506224811077118,250.548095703125
2026-08-15 23:30:00,11.769229888916016,385.4377746582031,533.733642578125,0.2506473660469055,250.5345458984375
2026-08-15 23:45:00,11.763187408447266,385.4514465332031,533.84637451171875,0.2506951093673706,250.54342651367187
2026-08-16 00:00:00,11.76620864868164,385.51031494140625,533.8809814453125,0.2507152259349823,250.58169555664062
2026-08-16 00:15:00,11.77835464477539,385.67681884765625,533.9229736328125,0.25074899196624756,250.68992614746094
2026-08-16 00:30:00,11.78744888305664,385.970947265625,534.18890380859375,0.25088760256767273,250.881103515625
2026-08-16 00:45:00,11.86929702758789,386.8636779785156,534.15380859375,0.25096118450164795,251.4613800048828
2026-08-16 01:00:00,12.00259780883789,388.4251403808594,534.24481201171875,0.25115126371383667,252.47633361816406
2026-08-16 01:15:00,12.038944244384766,388.7134094238281,534.08062744140625,0.25111135840415955,252.66371154785156
2026-08-16 01:30:00,12.014713287353516,388.3528747558594,533.95855712890625,0.2510260343551636,252.42935180664062
2026-08-16 01:45:00,11.97836685180664,387.9189758300781,533.92236328125,0.25096890330314636,252.14732360839844
2026-08-16 02:00:00,11.942020416259766,387.47802734375,533.87628173828125,0.25090697407722473,251.86070251464844
2026-08-16 02:15:00,11.91171646118164,387.1228332519531,533.85498046875,0.2508634626865387,251.6298370361328
2026-08-16 02:30:00,11.88748550415039,387.2158508300781,534.35821533203125,0.25108012557029724,251.69029235839844
2026-08-16 02:45:00,11.87839126586914,386.85205078125,533.99688720703125,0.2508954405784607,251.45382690429687
2026-08-16 03:00:00,11.881412506103516,387.0047912597656,534.16094970703125,0.2509780526161194,251.5531005859375
2026-08-16 03:15:00,11.87839126586914,386.989990234375,534.18731689453125,0.2509874105453491,251.54348754882813
2026-08-16 03:30:00,11.875370025634766,387.0292053222656,534.28826904296875,0.25103291869163513,251.5689697265625
2026-08-16 03:45:00,11.87839126586914,386.99774169921875,534.197998046875,0.25099265575408936,251.54852294921875
2026-08-16 04:00:00,11.86624526977539,386.88031005859375,534.2239990234375,0.2509917914867401,251.47219848632812
2026-08-16 04:15:00,11.84201431274414,386.61285400390625,534.23004150390625,0.25096794962882996,251.29833984375
2026-08-16 04:30:00,11.82077407836914,386.51593017578125,534.425537109375,0.25103896856307983,251.2353515625
2026-08-16 04:45:00,11.805606842041016,386.1802673339844,534.19671630859375,0.25091150403022766,251.0171661376953
2026-08-16 05:00:00,11.78744888305664,386.04864501953125,534.29644775390625,0.2509394884109497,250.93161010742187
2026-08-16 05:15:00,11.77530288696289,385.9897155761719,534.40350341796875,0.2509777843952179,250.893310546875
2026-08-16 05:30:00,11.77530288696289,386.05157470703125,534.4891357421875,0.251019150018692,250.9335174560547
2026-08-16 05:45:00,11.769229888916016,385.9407043457031,534.4300537109375,0.2509838342666626,250.8614501953125
2026-08-16 06:00:00,11.763187408447266,385.83984375,534.38427734375,0.2509549558162689,250.79588317871094
2026-08-16 06:15:00,11.744998931884766,385.5008544921875,534.19732666015625,0.2508443593978882,250.57554626464844
2026-08-16 06:30:00,11.732852935791016,385.5246276855469,534.419189453125,0.25093793869018555,250.59100341796875
2026-08-16 06:45:00,11.71768569946289,385.2065734863281,534.21417236328125,0.25082194805145264,250.38426208496094
2026-08-16 07:00:00,11.699466705322266,384.3295593261719,533.2808837890625,0.2503507137298584,249.814208984375
2026-08-16 07:15:00,11.699466705322266,383.87451171875,532.64947509765625,0.25004565715789795,249.51841735839844
2026-08-16 07:30:00,11.69644546508789,383.69012451171875,532.44049072265625,0.2499414086341858,249.39857482910156
2026-08-16 07:45:00,11.70859146118164,383.95050048828125,532.61328125,0.25003841519355774,249.56781005859375
2026-08-16 08:00:00,11.73587417602539,384.2144775390625,532.55621337890625,0.25004130601882935,249.73939514160156
2026-08-16 08:15:00,11.754093170166016,384.3046875,532.39892578125,0.24998554587364197,249.79803466796875
2026-08-16 08:30:00,11.763187408447266,384.46435546875,532.479248046875,0.2500344514846802,249.90182495117187
2026-08-16 08:45:00,11.77835464477539,384.516357421875,532.31640625,0.2499726265668869,249.9356231689453
2026-08-16 09:00:00,11.802616119384766,384.8254699707031,532.368896484375,0.2500248849391937,250.1365509033203
2026-08-16 09:15:00,11.826847076416016,384.9089660644531,532.10980224609375,0.24992649257183075,250.19081115722656
2026-08-16 09:30:00,11.863224029541016,385.2740783691406,532.05267333984375,0.2499389499425888,250.4281463623047
2026-08-16 09:45:00,11.92990493774414,385.9355163574219,531.93743896484375,0.24995632469654083,250.8580780029297
2026-08-16 10:00:00,12.01773452758789,386.83056640625,531.81915283203125,0.24999460577964783,251.4398651123047
2026-08-16 10:15:00,12.120670318603516,387.78173828125,531.547119140625,0.24997399747371674,252.05812072753906
2026-08-16 10:30:00,12.247745513916016,389.1051025390625,531.417236328125,0.2500464618206024,252.91830444335938
2026-08-16 10:45:00,12.386783599853516,390.5010070800781,531.20538330078125,0.25009000301361084,253.8256378173828
2026-08-16 11:00:00,12.47745132446289,391.5484313964844,531.25421142578125,0.2502078413963318,254.5064697265625
2026-08-16 11:15:00,12.531803131103516,392.13299560546875,531.22467041015625,0.25024959444999695,254.88644409179687
2026-08-16 11:30:00,12.63144302368164,393.1702880859375,531.12432861328125,0.2503030002117157,255.56068420410156
2026-08-16 11:45:00,12.758121490478516,394.43450927734375,530.9241943359375,0.2503342032432556,256.3824157714844
2026-08-16 12:00:00,12.81845474243164,395.0692443847656,530.87322998046875,0.25036993622779846,256.7950134277344
2026-08-16 12:15:00,12.890811920166016,395.7772216796875,530.7408447265625,0.2503778636455536,257.25518798828125
2026-08-16 12:30:00,12.90585708618164,395.9438171386719,530.73944091796875,0.2503920793533325,257.36346435546875
2026-08-16 12:45:00,12.966129302978516,396.5769348144531,530.68768310546875,0.2504265308380127,257.7749938964844
2026-08-16 13:00:00,13.02035903930664,397.1250305175781,530.612548828125,0.25044330954551697,258.1312561035156
2026-08-16 13:15:00,13.11673355102539,398.19091796875,530.60186767578125,0.2505320906639099,258.8240966796875
2026-08-16 13:30:00,13.219058990478516,399.2847900390625,530.54034423828125,0.2506009638309479,259.53509521484375
2026-08-16 13:45:00,13.279239654541016,399.8669738769531,530.42315673828125,0.2506016790866852,259.91351318359375
2026-08-16 14:00:00,13.321353912353516,400.27325439453125,530.3399658203125,0.2506014108657837,260.1776123046875
2026-08-16 14:15:00,13.41458511352539,401.1717834472656,530.15521240234375,0.2505998909473419,260.76165771484375
2026-08-16 14:30:00,13.519779205322266,402.4303894042969,530.27044677734375,0.25075429677963257,261.5797424316406
2026-08-16 14:45:00,13.633914947509766,403.7668151855469,530.35638427734375,0.2509017288684845,262.44842529296875
2026-08-16 15:00:00,13.705997467041016,404.5824890136719,530.37322998046875,0.2509760558605194,262.9786071777344
2026-08-16 15:15:00,13.72403335571289,404.9494323730469,530.59088134765625,0.25109827518463135,263.2171325683594
2026-08-16 15:30:00,13.624942779541016,404.1848449707031,531.03692626953125,0.251224160194397,262.72015380859375
2026-08-16 15:45:00,13.600894927978516,403.95184326171875,531.0831298828125,0.2512243688106537,262.5686950683594
2026-08-16 16:00:00,13.585880279541016,404.1111145019531,531.51287841796875,0.2514193058013916,262.6722106933594
2026-08-16 16:15:00,13.492740631103516,403.15472412109375,531.62261962890625,0.2513858675956726,262.0505676269531
2026-08-16 16:30:00,13.342411041259766,401.88787841796875,532.16741943359375,0.2515086829662323,261.22711181640625
2026-08-16 16:45:00,13.240116119384766,400.7626953125,532.19140625,0.2514225244522095,260.4957275390625
2026-08-16 17:00:00,13.231082916259766,400.75616455078125,532.31683349609375,0.2514747679233551,260.4914855957031
2026-08-16 17:15:00,13.19498062133789,400.5977783203125,532.642822265625,0.2515982389450073,260.3885498046875
2026-08-16 17:30:00,13.11972427368164,399.7958679199219,532.6959228515625,0.25155109167099,259.8673095703125
2026-08-16 17:45:00,13.059513092041016,399.4613342285156,533.1484375,0.2517118453979492,259.6498718261719
2026-08-16 18:00:00,12.972171783447266,398.7386169433594,533.48980712890625,0.2517915666103363,259.1800842285156
2026-08-16 18:15:00,12.83957290649414,397.34002685546875,533.60662841796875,0.2517162561416626,258.27099609375
2026-08-16 18:30:00,12.718936920166016,396.10064697265625,533.758056640625,0.25166815519332886,257.4654235839844
2026-08-16 18:45:00,12.63144302368164,395.1944274902344,533.85870361328125,0.2516278922557831,256.8763732910156
2026-08-16 19:00:00,12.558963775634766,394.49505615234375,534.011962890625,0.25162774324417114,256.4217834472656
2026-08-16 19:15:00,12.486515045166016,393.89501953125,534.30010986328125,0.25169241428375244,256.03173828125
2026-08-16 19:30:00,12.420047760009766,393.2178649902344,534.39337158203125,0.2516682744026184,255.5915985107422
2026-08-16 19:45:00,12.35959243774414,392.7200622558594,534.6392822265625,0.2517240345478058,255.26803588867187
2026-08-16 20:00:00,12.299137115478516,392.12786865234375,534.75732421875,0.25171738862991333,254.8831024169922
2026-08-16 20:15:00,12.238651275634766,391.52099609375,534.856201171875,0.25170108675956726,254.48863220214844
2026-08-16 20:30:00,12.18118667602539,391.01800537109375,535.0511474609375,0.25173404812812805,254.1616973876953
2026-08-16 20:45:00,12.12369155883789,390.5212097167969,535.25567626953125,0.2517711818218231,253.83877563476562
2026-08-16 21:00:00,12.07529067993164,390.3032531738281,535.7032470703125,0.2519354522228241,253.6970977783203
2026-08-16 21:15:00,12.03592300415039,389.98553466796875,535.87518310546875,0.251975953578949,253.49058532714844
2026-08-16 21:30:00,11.99655532836914,389.6476745605469,536.01983642578125,0.252003014087677,253.27098083496094
2026-08-16 21:45:00,12.00864028930664,389.9159240722656,536.20172119140625,0.25210413336753845,253.44534301757812
2026-08-16 22:00:00,11.98141860961914,389.9908447265625,536.72662353515625,0.2523283064365387,253.49403381347656
2026-08-16 22:15:00,11.95413589477539,389.764892578125,536.8389892578125,0.2523527145385742,253.34716796875
2026-08-16 22:30:00,11.923831939697266,389.80816650390625,537.36962890625,0.25257596373558044,253.37530517578125
2026-08-16 22:45:00,11.896549224853516,390.1373596191406,538.24853515625,0.2529709041118622,253.5892791748047
2026-08-16 23:00:00,11.881412506103516,390.2308654785156,538.61370849609375,0.2531307637691498,253.65005493164062
2026-08-16 23:15:00,11.848087310791016,390.0574035644531,538.89483642578125,0.25322961807250977,253.5373077392578
2026-08-16 23:30:00,11.82382583618164,389.9029541015625,539.0609130859375,0.25328290462493896,253.43690490722656
2026-08-16 23:45:00,11.799564361572266,389.7196044921875,539.187255859375,0.25331684947013855,253.31773376464844
2026-08-17 00:00:00,11.77835464477539,389.49395751953125,539.20733642578125,0.2533028721809387,253.1710662841797
2026-08-17 00:15:00,11.751041412353516,389.3274841308594,539.40521240234375,0.2533678412437439,253.06285095214844
2026-08-17 00:30:00,11.732852935791016,389.1957702636719,539.5081787109375,0.253397136926651,252.97723388671875
2026-08-17 00:45:00,11.711612701416016,389.0190124511719,539.5968017578125,0.2534160614013672,252.8623504638672
2026-08-17 01:00:00,11.69644546508789,388.8172607421875,539.55535888671875,0.25337880849838257,252.73121643066406
2026-08-17 01:15:00,11.672183990478516,388.5379333496094,539.5491943359375,0.25334838032722473,252.54965209960937
2026-08-17 01:30:00,11.66305923461914,388.41094970703125,539.51641845703125,0.25332221388816833,252.46710205078125
2026-08-17 01:45:00,11.647891998291016,388.2719421386719,539.56207275390625,0.2533271014690399,252.3767547607422
2026-08-17 02:00:00,11.62967300415039,387.969482421875,539.42852783203125,0.2532418668270111,252.18016052246094
2026-08-17 02:15:00,11.623600006103516,384.2622985839844,534.36883544921875,0.25079086422920227,249.77047729492187
2026-08-17 02:30:00,11.614505767822266,386.8930969238281,538.17022705078125,0.25261667370796204,251.48049926757812
2026-08-17 02:45:00,11.60538101196289,385.6308288574219,536.55743408203125,0.25182726979255676,250.6600341796875
2026-08-17 03:00:00,11.593265533447266,384.1982727050781,534.7535400390625,0.25094231963157654,249.72886657714844
2026-08-17 03:15:00,11.581119537353516,384.1780700683594,534.915283203125,0.2510066330432892,249.71572875976562
2026-08-17 03:30:00,11.57199478149414,383.47564697265625,534.07977294921875,0.2505928575992584,249.2591552734375
2026-08-17 03:45:00,11.553775787353516,382.3328857421875,532.7720947265625,0.24994076788425446,248.51637268066406
2026-08-17 04:00:00,11.544681549072266,382.1846008300781,532.707275390625,0.24989917874336243,248.41998291015625
2026-08-17 04:15:00,11.544681549072266,382.1808166503906,532.70196533203125,0.24989666044712067,248.4175262451172
2026-08-17 04:30:00,11.53250503540039,382.1786804199219,532.88897705078125,0.24997307360172272,248.4161376953125
2026-08-17 04:45:00,11.517337799072266,382.109130859375,533.0286865234375,0.2500232458114624,248.3709259033203
2026-08-17 05:00:00,11.505191802978516,382.12353515625,533.238525390625,0.2501107156276703,248.3802947998047
2026-08-17 05:15:00,11.50821304321289,382.3457336425781,533.5013427734375,0.2502409815788269,248.52471923828125
2026-08-17 05:30:00,11.50821304321289,382.6761169433594,533.96234130859375,0.2504635155200958,248.73947143554688
2026-08-17 05:45:00,11.505191802978516,382.3781433105469,533.59381103515625,0.2502821683883667,248.54579162597656
2026-08-17 06:00:00,11.493045806884766,382.0997314453125,533.3951416015625,0.2501724064350128,248.3648223876953
2026-08-17 06:15:00,11.48392105102539,380.4715881347656,531.26446533203125,0.24913369119167328,247.3065185546875
2026-08-17 06:30:00,11.502140045166016,379.0074768066406,528.9375,0.24803155660629272,246.3548583984375
2026-08-17 06:45:00,11.49911880493164,375.1976013183594,523.66680908203125,0.24548573791980743,243.87843322753906
2026-08-17 07:00:00,11.493045806884766,378.6584167480469,528.59124755859375,0.24785415828227997,246.12796020507812
2026-08-17 07:15:00,11.489994049072266,378.6665344238281,528.64984130859375,0.2478790283203125,246.13323974609375
2026-08-17 07:30:00,11.489994049072266,378.25860595703125,528.080322265625,0.24760422110557556,245.8680877685547
2026-08-17 07:45:00,11.486942291259766,378.0669860839844,527.86004638671875,0.24749450385570526,245.7435302734375
2026-08-17 08:00:00,11.493045806884766,377.67730712890625,527.22161865234375,0.24719344079494476,245.490234375
2026-08-17 08:15:00,11.502140045166016,377.6253356933594,527.00860595703125,0.24710093438625336,245.4564666748047
2026-08-17 08:30:00,11.511234283447266,377.4231872558594,526.58612060546875,0.24690744280815125,245.32505798339844
2026-08-17 08:45:00,11.52341079711914,377.2657775878906,526.17877197265625,0.24672463536262512,245.22274780273438
2026-08-17 09:00:00,11.538578033447266,376.8863830566406,525.41619873046875,0.24637383222579956,244.97613525390625
2026-08-17 09:15:00,11.55679702758789,376.8114318847656,525.03167724609375,0.2462088018655777,244.92742919921875
2026-08-17 09:30:00,11.581119537353516,377.1460876464844,525.124267578125,0.24628067016601563,245.1449432373047
2026-08-17 09:45:00,11.647891998291016,377.6609802246094,524.8165283203125,0.24620655179023743,245.47962951660156
2026-08-17 10:00:00,11.76620864868164,378.7717590332031,524.5489501953125,0.24620799720287323,246.20162963867187
2026-08-17 10:15:00,11.917789459228516,380.662841796875,524.8541259765625,0.2465205043554306,247.4308319091797
2026-08-17 10:30:00,12.069217681884766,383.3414306640625,526.239990234375,0.24735289812088013,249.1719207763672
2026-08-17 10:45:00,12.232608795166016,384.9335021972656,525.9482421875,0.2473849654197693,250.20677185058594
2026-08-17 11:00:00,12.404911041259766,386.87042236328125,525.9942626953125,0.24758681654930115,251.46575927734375
2026-08-17 11:15:00,12.577091217041016,388.5816955566406,525.73638916015625,0.24763831496238708,252.57809448242187
2026-08-17 11:30:00,12.727970123291016,389.899169921875,525.26715087890625,0.2475631833076477,253.4344482421875
2026-08-17 11:45:00,12.863651275634766,390.8790588378906,524.5736083984375,0.2473619431257248,254.07138061523437
2026-08-17 12:00:00,13.008304595947266,392.0563049316406,524.01727294921875,0.2472338229417801,254.8365936279297
2026-08-17 12:15:00,13.140811920166016,393.31939697265625,523.75750732421875,0.24723568558692932,255.6575927734375
2026-08-17 12:30:00,13.276248931884766,394.3406982421875,523.13616943359375,0.24706311523914337,256.3214416503906
2026-08-17 12:45:00,13.399539947509766,395.3580322265625,522.69049072265625,0.2469625324010849,256.9826965332031
2026-08-17 13:00:00,13.519779205322266,396.4336853027344,522.3687744140625,0.24691776931285858,257.681884765625
2026-08-17 13:15:00,13.65195083618164,397.754150390625,522.1988525390625,0.24695612490177155,258.5401916503906
2026-08-17 13:30:00,13.772037506103516,398.6852111816406,521.6939697265625,0.24681925773620605,259.1453857421875
2026-08-17 13:45:00,13.892093658447266,399.841064453125,521.48602294921875,0.2468252182006836,259.89666748046875
2026-08-17 14:00:00,13.973087310791016,400.6731872558594,521.4146728515625,0.24686199426651,260.43756103515625
2026-08-17 14:15:00,14.05105972290039,401.4432678222656,521.30596923828125,0.24687731266021729,260.9381103515625
2026-08-17 14:30:00,14.105045318603516,401.73291015625,520.9151611328125,0.24673430621623993,261.1263732910156
2026-08-17 14:45:00,14.10202407836914,401.9979553222656,521.3017578125,0.24691955745220184,261.2986755371094
2026-08-17 15:00:00,14.114017486572266,402.13104248046875,521.30413818359375,0.24693112075328827,261.3851623535156
2026-08-17 15:15:00,14.02109146118164,401.43414306640625,521.720458984375,0.2470526546239853,260.93218994140625
2026-08-17 15:30:00,13.892093658447266,400.2113952636719,521.96905517578125,0.2470598965883255,260.13739013671875
2026-08-17 15:45:00,13.814090728759766,399.0528259277344,521.572265625,0.2467978298664093,259.38433837890625
2026-08-17 16:00:00,13.799076080322266,398.71417236328125,521.344482421875,0.24667379260063171,259.1642150878906
2026-08-17 16:15:00,13.77505874633789,398.34735107421875,521.2086181640625,0.24658629298210144,258.92578125
2026-08-17 16:30:00,13.660953521728516,397.1171569824219,521.233154296875,0.24649545550346375,258.1261291503906
2026-08-17 16:45:00,13.54080581665039,395.4189453125,520.72869873046875,0.24614116549491882,257.0223083496094
2026-08-17 17:00:00,13.444644927978516,394.57318115234375,521.00042724609375,0.24618446826934814,256.4725646972656
2026-08-17 17:15:00,13.312320709228516,394.040771484375,522.2135009765625,0.24664965271949768,256.1264953613281
2026-08-17 17:30:00,13.158878326416016,392.1473388671875,521.93304443359375,0.2463684231042862,254.89576721191406
2026-08-17 17:45:00,13.04446792602539,390.7686462402344,521.7666015625,0.2461780607700348,253.99960327148437
2026-08-17 18:00:00,12.893802642822266,389.0919494628906,521.73193359375,0.24601492285728455,252.90975952148437
2026-08-17 18:15:00,12.78830337524414,387.89739990234375,521.679931640625,0.24588604271411896,252.13330078125
2026-08-17 18:30:00,12.70987319946289,387.1097717285156,521.77642822265625,0.2458549290895462,251.621337890625
2026-08-17 18:45:00,12.63144302368164,386.09246826171875,521.5631103515625,0.24567323923110962,250.96009826660156
2026-08-17 19:00:00,12.543888092041016,385.1317443847656,521.56072998046875,0.24558381736278534,250.3356170654297
2026-08-17 19:15:00,12.45328140258789,384.2342529296875,521.6895751953125,0.24555401504039764,249.75225830078125
2026-08-17 19:30:00,12.37771987915039,382.7557373046875,520.80419921875,0.2450483739376068,248.7912139892578
2026-08-17 19:45:00,12.30820083618164,381.9685974121094,520.76763916015625,0.2449590116739273,248.2795867919922
2026-08-17 20:00:00,12.24472427368164,381.57720947265625,521.18121337890625,0.24509301781654358,248.02517700195312
2026-08-17 20:15:00,12.19028091430664,381.03265380859375,521.25140380859375,0.24507009983062744,247.6712188720703
2026-08-17 20:30:00,12.129764556884766,380.3829040527344,521.268798828125,0.24501484632492065,247.24888610839844
2026-08-17 20:45:00,12.06619644165039,379.8468933105469,521.48822021484375,0.24505369365215302,246.9004669189453
2026-08-17 21:00:00,12.014713287353516,379.3286437988281,521.5509033203125,0.2450292408466339,246.56361389160156
2026-08-17 21:15:00,11.97232437133789,377.6108093261719,519.8251953125,0.24415059387683868,245.447021484375
2026-08-17 21:30:00,11.93594741821289,378.8805236816406,522.1221923828125,0.2452208399772644,246.2723388671875
2026-08-17 21:45:00,11.908695220947266,378.7615661621094,522.3702392578125,0.24531129002571106,246.19500732421875
2026-08-17 22:00:00,11.88748550415039,378.53594970703125,522.37994384765625,0.24529311060905457,246.04835510253906
2026-08-17 22:15:00,11.872318267822266,378.6510314941406,522.7685546875,0.2454642951488495,246.1231689453125
2026-08-17 22:30:00,11.86020278930664,378.5793762207031,522.853271484375,0.245492085814476,246.0765838623047
2026-08-17 22:45:00,11.85110855102539,378.9593811035156,523.51617431640625,0.24580229818820953,246.32359313964844
2026-08-17 23:00:00,11.86020278930664,379.2433776855469,523.77032470703125,0.24593490362167358,246.50819396972656
2026-08-17 23:15:00,11.875370025634766,379.6612548828125,524.116943359375,0.24611873924732208,246.77980041503906
2026-08-17 23:30:00,11.890506744384766,379.8891906738281,524.2015380859375,0.24617601931095123,246.92796325683594
2026-08-17 23:45:00,11.896549224853516,379.89068603515625,524.11181640625,0.24613922834396362,246.92893981933594
2026-08-18 00:00:00,11.91171646118164,389.67706298828125,537.3773193359375,0.25256654620170593,253.2900848388672
2026-08-18 00:15:00,11.932926177978516,382.79962158203125,527.569091796875,0.24784871935844421,248.8197479248047
2026-08-18 00:30:00,11.917789459228516,393.042724609375,541.92340087890625,0.2547720670700073,255.47776794433594
2026-08-18 00:45:00,11.896549224853516,382.979736328125,528.37359619140625,0.24819786846637726,248.9368133544922
2026-08-18 01:00:00,11.87839126586914,384.3629150390625,530.56097412109375,0.2492348998785019,249.8358917236328
2026-08-18 01:15:00,11.86624526977539,384.9224853515625,531.52056884765625,0.2496851533651352,250.19960021972656
2026-08-18 01:30:00,12.01169204711914,388.3564758300781,534.0101318359375,0.2510474622249603,252.43170166015625
2026-08-18 01:45:00,12.353580474853516,393.9852294921875,536.453857421875,0.25259634852409363,256.09039306640625
2026-08-18 02:00:00,12.555973052978516,398.0421447753906,538.85931396484375,0.2539733052253723,258.7273864746094
2026-08-18 02:15:00,12.706851959228516,402.3317565917969,542.34014892578125,0.25581687688827515,261.515625
2026-08-18 02:30:00,12.785282135009766,406.0892028808594,546.19256591796875,0.25776681303977966,263.9579772949219
2026-08-18 02:45:00,12.72494888305664,407.6739807128906,549.26007080078125,0.2591935992240906,264.9880676269531
2026-08-18 03:00:00,12.546878814697266,407.757568359375,552.15460205078125,0.26041179895401,265.04241943359375
2026-08-18 03:15:00,12.37167739868164,408.10772705078125,555.395751953125,0.26179665327072144,265.27001953125
2026-08-18 03:30:00,12.238651275634766,408.3515930175781,557.84844970703125,0.26284104585647583,265.42852783203125
2026-08-18 03:45:00,12.120670318603516,408.5509948730469,560.016357421875,0.2637613117694855,265.5581359863281
2026-08-18 04:00:00,12.029850006103516,409.20745849609375,562.38641357421875,0.2648083567619324,265.9848327636719
2026-08-18 04:15:00,11.990482330322266,410.29754638671875,564.52593994140625,0.26580101251602173,266.6933898925781
2026-08-18 04:30:00,11.957157135009766,411.1238098144531,566.2080078125,0.26657846570014954,267.23046875
2026-08-18 04:45:00,11.926883697509766,411.674072265625,567.462646484375,0.2671520411968231,267.588134765625
2026-08-18 05:00:00,11.899600982666016,411.9376220703125,568.2747802734375,0.26751431822776794,267.7594299316406
2026-08-18 05:15:00,11.872318267822266,412.1387634277344,569.001953125,0.2678352892398834,267.89019775390625
2026-08-18 05:30:00,11.854129791259766,412.50811767578125,569.8123779296875,0.2682070732116699,268.1302795410156
2026-08-18 05:45:00,11.83597183227539,413.1045227050781,570.93695068359375,0.26873117685317993,268.5179443359375
2026-08-18 06:00:00,11.805606842041016,413.7550354003906,572.34039306640625,0.26937615871429443,268.9407653808594
2026-08-18 06:15:00,11.78744888305664,412.55267333984375,570.9783935546875,0.2686944603919983,268.15924072265625
2026-08-18 06:30:00,11.769229888916016,412.8416748046875,571.68109130859375,0.2690136730670929,268.3470764160156
2026-08-18 06:45:00,11.76620864868164,412.3165588378906,571.00408935546875,0.26868197321891785,268.0057678222656
2026-08-18 07:00:00,11.760135650634766,412.299560546875,571.08135986328125,0.2687123119831085,267.99468994140625
2026-08-18 07:15:00,11.760135650634766,412.6750793457031,571.60150146484375,0.2689644396305084,268.2388000488281
2026-08-18 07:30:00,11.769229888916016,412.5790710449219,571.31744384765625,0.26883742213249207,268.1763916015625
2026-08-18 07:45:00,11.781375885009766,412.5616149902344,571.091552734375,0.2687422037124634,268.1650390625
2026-08-18 08:00:00,11.793521881103516,412.4653625488281,570.75677490234375,0.2685942053794861,268.10247802734375
2026-08-18 08:15:00,11.808658599853516,412.22967529296875,570.17987060546875,0.26833224296569824,267.94927978515625
2026-08-18 08:30:00,11.82382583618164,412.2033386230469,569.89239501953125,0.26821061968803406,267.9321594238281
2026-08-18 08:45:00,11.84201431274414,412.2559509277344,569.66424560546875,0.26812127232551575,267.96636962890625
2026-08-18 09:00:00,11.875370025634766,412.5965270996094,569.58355712890625,0.2681209444999695,268.187744140625
2026-08-18 09:15:00,11.914737701416016,412.80615234375,569.2232666015625,0.267991840839386,268.323974609375
2026-08-18 09:30:00,11.932926177978516,412.7626953125,568.86376953125,0.26783859729766846,268.2957458496094
2026-08-18 09:45:00,11.966251373291016,412.15728759765625,567.4820556640625,0.2672068774700165,267.9022216796875
2026-08-18 10:00:00,12.044986724853516,412.1561584472656,566.1915283203125,0.26667094230651855,267.9014892578125
2026-08-18 10:15:00,12.16000747680664,413.1934509277344,565.73931884765625,0.26658153533935547,268.57574462890625
2026-08-18 10:30:00,12.26285171508789,414.0544128417969,565.24664306640625,0.2664574384689331,269.1353454589844
2026-08-18 10:45:00,12.38376235961914,414.9236755371094,564.4766845703125,0.2662171721458435,269.70037841796875
